종목명,연도,분기,매출액,영업이익,영업이익률
로보티즈,2023,Q1,7311801466.0,-1552517419.0,-0.2123303574665193
로보티즈,2023,Q2,6464398549.0,-1693455888.0,-0.2619665039467541
로보티즈,2023,Q3,6581051229.0,-1515250687.0,-0.2302444752781911
로보티즈,2023,Q4,8770698244.0,-537572753.0,-0.0612918992359304
로보티즈,2024,Q1,8337814165.0,-923787201.0,-0.1107948897299511
로보티즈,2024,Q2,8091981653.0,86653088.0,0.0107085126630106
로보티즈,2024,Q3,6836117951.0,-1402917153.0,-0.2052213205002963
로보티즈,2024,Q4,6772317284.0,-733452678.0,-0.1083015823450601
로보티즈,2025,Q1,10223377207.0,826026453.0,0.08079780646599
로보티즈,2025,Q2,7877483576.0,240743602.0,0.0305609779668044
로보티즈,2025,Q3,9240449140.0,224268003.0,0.0242702491623691
로보티즈,2025,Q4,11601237083.0,2055000597.0,0.1771363331597901
로보티즈,2026,Q1,11841337017.0,-11843301537.0,-1.0001659035628476
토모큐브,2025,Q1,652923895.0,-3011563031.0,-4.612425818785511
토모큐브,2025,Q2,3142522516.0,-1126348661.0,-0.3584218268175488
토모큐브,2025,Q3,2522235196.0,-1829261516.0,-0.7252541392258012
토모큐브,2025,Q4,4989044713.0,398294120.0,0.0798337443162538
토모큐브,2026,Q1,2746008772.0,-1865014595.0,-0.6791728467938047
SFA반도체,2023,Q1,117200207676.0,-1029326219.0,-0.0087826313571523
SFA반도체,2023,Q2,127678630186.0,820133731.0,0.0064234220699677
SFA반도체,2023,Q3,95797469890.0,-10770167045.0,-0.1124264248039839
SFA반도체,2023,Q4,96909769403.0,-5730760805.0,-0.0591350164209821
SFA반도체,2024,Q1,122062971879.0,2462901925.0,0.0201773059191238
SFA반도체,2024,Q2,111350986982.0,476179823.0,0.0042763861902452
SFA반도체,2024,Q3,95086984023.0,252987691.0,0.002660592231412
SFA반도체,2024,Q4,81372539264.0,-5606000383.0,-0.0688930250144
SFA반도체,2025,Q1,75259068618.0,-6014134522.0,-0.0799124229470144
SFA반도체,2025,Q2,76104471137.0,-6721677481.0,-0.0883217159330878
SFA반도체,2025,Q3,96471790664.0,-6300778484.0,-0.0653121336365039
SFA반도체,2025,Q4,119553817574.0,-590080688.0,-0.0049356908877858
SFA반도체,2026,Q1,107319289328.0,-6177693323.0,-0.0575636808786453
케이엠더블유,2026,Q1,21485161100.0,-5732425929.0,-0.2668086081514185
SK케미칼,2023,Q1,364455538506.0,8647616626.0,0.0237274940626471
SK케미칼,2023,Q2,371335160733.0,-13847134940.0,-0.0372901260216413
SK케미칼,2023,Q3,581438774246.0,83359268976.0,0.1433672342958188
SK케미칼,2023,Q4,431548266902.0,5142736417.0,0.0119169437382258
SK케미칼,2024,Q1,380960464831.0,-12657879796.0,-0.0332262293978857
SK케미칼,2024,Q2,413898116981.0,8866714251.0,0.0214224561244066
SK케미칼,2024,Q3,426348302593.0,-12452529432.0,-0.0292074094262019
SK케미칼,2024,Q4,515572017606.0,-28931873357.0,-0.0561160659791853
SK케미칼,2025,Q1,536624128730.0,24281615166.0,0.0452488322197997
SK케미칼,2025,Q2,596865084017.0,-962758092.0,-0.0016130246479162
SK케미칼,2025,Q3,609916412061.0,15571792003.0,0.0255310263752053
SK케미칼,2025,Q4,621758816911.0,-39098012773.0,-0.0628829245514287
SK케미칼,2026,Q1,655889278464.0,-18889168410.0,-0.0287993248711669
필옵틱스,2023,Q1,137081032021.0,8797475906.0,0.0641771934183591
필옵틱스,2023,Q2,67157113658.0,1754936825.0,0.0261318083730798
필옵틱스,2023,Q3,22043974669.0,-6607983350.0,-0.2997636973014977
필옵틱스,2023,Q4,73718945761.0,6320867503.0,0.0857427820996318
필옵틱스,2024,Q1,70154043139.0,-2049571894.0,-0.0292153068061818
필옵틱스,2024,Q2,120978509531.0,6533846293.0,0.0540083219600729
필옵틱스,2024,Q3,70525638541.0,-2801537753.0,-0.0397236779553768
필옵틱스,2024,Q4,149235577300.0,12113298402.0,0.081168972045113
필옵틱스,2025,Q1,32674424790.0,-3220865632.0,-0.098574516696182
필옵틱스,2025,Q2,33807602044.0,-8448169581.0,-0.2498896422764576
필옵틱스,2025,Q3,10517940549.0,-9563864266.0,-0.9092905803607428
필옵틱스,2025,Q4,26440899631.0,-13659161056.0,-0.5165921449959154
필옵틱스,2026,Q1,10973443550.0,-5351388648.0,-0.4876672143631704
제주항공,2023,Q1,424866929147.0,70603873479.0,0.1661787930182057
제주항공,2023,Q2,373916034988.0,24671472773.0,0.0659813179014689
제주항공,2023,Q3,443369247528.0,48204881825.0,0.1087240084732212
제주항공,2023,Q4,481856330576.0,26311889571.0,0.0546052586660994
제주항공,2024,Q1,555890890497.0,78945627763.0,0.1420164084581739
제주항공,2024,Q2,449047319508.0,-5303329402.0,-0.0118101793989341
제주항공,2024,Q3,480474063012.0,46540499687.0,0.0968637087197725
제주항공,2024,Q4,450379699240.0,-40270461154.0,-0.089414467885553
제주항공,2025,Q1,384683880277.0,-32569861773.0,-0.0846665624500495
제주항공,2025,Q2,332393347660.0,-41874267641.0,-0.1259780556253266
제주항공,2025,Q3,388258140426.0,-55027406744.0,-0.1417289195369438
제주항공,2025,Q4,474605504046.0,17811491519.0,0.0375290454222664
제주항공,2026,Q1,516161674119.0,68996178904.0,0.133671642749851
삼천당제약,2023,Q1,44155069503.0,1847536935.0,0.0418420117054616
삼천당제약,2023,Q2,47579406794.0,3243503766.0,0.0681703279749385
삼천당제약,2023,Q3,48442651202.0,2383956539.0,0.0492119336957671
삼천당제약,2023,Q4,52491388129.0,2084817093.0,0.0397173168268376
삼천당제약,2024,Q1,48457290537.0,1863390555.0,0.0384542869473313
삼천당제약,2024,Q2,54889641602.0,2137821265.0,0.0389476265941241
삼천당제약,2024,Q3,52382736767.0,-814399905.0,-0.0155471049292914
삼천당제약,2024,Q4,55194135616.0,-544840641.0,-0.0098713501881902
삼천당제약,2025,Q1,50617981535.0,687680603.0,0.0135856978517505
삼천당제약,2025,Q2,56900188945.0,-1079593760.0,-0.0189734652910123
삼천당제약,2025,Q3,58024413361.0,3433627849.0,0.0591755719723975
삼천당제약,2025,Q4,66262693897.0,5424798258.0,0.081868060879511
삼천당제약,2026,Q1,64867622979.0,5448897943.0,0.0840002715185664
인텍플러스,2023,Q1,10706170319.0,-4381063562.0,-0.4092092159439146
인텍플러스,2023,Q2,20137420812.0,-4515864353.0,-0.224252370507596
인텍플러스,2023,Q3,17284061208.0,-2668681891.0,-0.1544013214767365
인텍플러스,2023,Q4,26674593956.0,473874196.0,0.0177650012885541
인텍플러스,2024,Q1,18898066707.0,-2481245356.0,-0.1312962534459107
인텍플러스,2024,Q2,22900562059.0,-5139171121.0,-0.2244124448893291
인텍플러스,2024,Q3,17575916127.0,-1810152270.0,-0.1029904931794284
인텍플러스,2024,Q4,24498874709.0,-6156776095.0,-0.2513085261315379
인텍플러스,2025,Q1,14407118985.0,-4476331878.0,-0.3107027770549089
인텍플러스,2025,Q2,25149574762.0,1575596707.0,0.0626490396720609
인텍플러스,2025,Q3,9925509220.0,-4916419809.0,-0.4953317457096675
인텍플러스,2025,Q4,40282889603.0,4082526216.0,0.1013464092629531
인텍플러스,2026,Q1,12805345119.0,-1907565585.0,-0.1489663548520562
삼아알미늄,2023,Q1,71192718463.0,1709576127.0,0.024013356476737
삼아알미늄,2023,Q2,66739654009.0,2077787165.0,0.03113272305427
삼아알미늄,2023,Q3,67119567359.0,1160483921.0,0.017289800376587
삼아알미늄,2023,Q4,62971480606.0,-1177256481.0,-0.0186950738599566
삼아알미늄,2024,Q1,63318757663.0,-1632961170.0,-0.0257895326798904
삼아알미늄,2024,Q2,68545430596.0,400309081.0,0.0058400549463228
삼아알미늄,2024,Q3,55285734957.0,-4321428207.0,-0.0781653388593117
삼아알미늄,2024,Q4,64583414430.0,-4036480725.0,-0.0625002682286954
삼아알미늄,2025,Q1,66095962153.0,-2501740605.0,-0.0378501276554372
삼아알미늄,2025,Q2,67413723975.0,-3270000886.0,-0.0485064567448115
삼아알미늄,2025,Q3,66703155577.0,-4386351338.0,-0.0657592778041293
삼아알미늄,2025,Q4,71245810696.0,-7489300744.0,-0.1051191736164843
삼아알미늄,2026,Q1,67433640627.0,-4386064389.0,-0.0650426752614606
한올바이오파마,2023,Q1,28804436202.0,-1738344582.0,-0.0603498908921293
한올바이오파마,2023,Q2,41417986987.0,8122061194.0,0.1960998538279829
한올바이오파마,2023,Q3,32969261606.0,91213520.0,0.0027666230772787
한올바이오파마,2023,Q4,31718152827.0,-4263570529.0,-0.1344205178736211
한올바이오파마,2024,Q1,34093771031.0,118589170.0,0.003478323647219
한올바이오파마,2024,Q2,31592938521.0,-3057012579.0,-0.096762527390986
한올바이오파마,2024,Q3,36839656251.0,430155408.0,0.0116764229576198
한올바이오파마,2024,Q4,36417332954.0,2738742891.0,0.0752043784881062
한올바이오파마,2025,Q1,36150425038.0,-394461621.0,-0.0109116731154711
한올바이오파마,2025,Q2,40681535264.0,1145818081.0,0.0281655565249515
한올바이오파마,2025,Q3,40803569354.0,348875709.0,0.0085501272198335
한올바이오파마,2025,Q4,37548994451.0,-2016046551.0,-0.0536910929434039
한올바이오파마,2026,Q1,40030619639.0,838726386.0,0.0209521209904746
오이솔루션,2023,Q1,15498005544.0,-6669579277.0,-0.430350812436127
오이솔루션,2023,Q2,9992830761.0,-8026130528.0,-0.8031888781029262
오이솔루션,2023,Q3,11230374919.0,-8956341228.0,-0.7975104386628536
오이솔루션,2023,Q4,9281549398.0,-7428599243.0,-0.8003619788524451
오이솔루션,2024,Q1,8098404921.0,-7095028828.0,-0.8761020098663945
오이솔루션,2024,Q2,7492919160.0,-8441298531.0,-1.1265700791305482
오이솔루션,2024,Q3,7321896461.0,-9103399367.0,-1.2433116768980763
오이솔루션,2024,Q4,9113375622.0,-5718507071.0,-0.6274850624169741
오이솔루션,2025,Q1,14068922610.0,-5686999399.0,-0.4042242292922812
오이솔루션,2025,Q2,15875402539.0,-4008616293.0,-0.2525048598391323
오이솔루션,2025,Q3,13068761268.0,-2920261904.0,-0.2234536115638224
오이솔루션,2025,Q4,14364199764.0,-3383092743.0,-0.2355225350930311
오이솔루션,2026,Q1,18025953271.0,-611310207.0,-0.0339127810779067
LG에너지솔루션,2023,Q1,8747117000000.0,633166000000.0,0.0723856786184522
LG에너지솔루션,2023,Q2,8773487000000.0,460599000000.0,0.0524989664884669
LG에너지솔루션,2023,Q3,8223542000000.0,731249000000.0,0.0889214161002643
LG에너지솔루션,2023,Q4,8001324000000.0,338220000000.0,0.0422705042315496
LG에너지솔루션,2024,Q1,6128714000000.0,157337000000.0,0.0256721067421322
LG에너지솔루션,2024,Q2,6161866000000.0,195319000000.0,0.0316980278376712
LG에너지솔루션,2024,Q3,6877843000000.0,448259000000.0,0.0651743577165108
LG에너지솔루션,2024,Q4,6451162000000.0,-225528000000.0,-0.0349592833043101
LG에너지솔루션,2025,Q1,6264995000000.0,374673000000.0,0.0598041977687133
LG에너지솔루션,2025,Q2,5565408000000.0,492159000000.0,0.0884317915236403
LG에너지솔루션,2025,Q3,5699873000000.0,601309000000.0,0.1054951575236851
LG에너지솔루션,2025,Q4,6141483000000.0,-122021000000.0,-0.0198683282197475
LG에너지솔루션,2026,Q1,,-207755000000.0,
삼성SDI,2023,Q1,5354844754963.0,375384853209.0,0.070101911518739
삼성SDI,2023,Q2,5840582434068.0,450192670421.0,0.0770800986893079
삼성SDI,2023,Q3,5948108273682.0,496003670489.0,0.0833884737242625
삼성SDI,2023,Q4,5564765035920.0,311787770649.0,0.0560289192151764
삼성SDI,2024,Q1,5130893462037.0,267381306037.0,0.052112036239951
삼성SDI,2024,Q2,4450134429064.0,280220396631.0,0.0629689734316495
삼성SDI,2024,Q3,3935667456781.0,,
삼성SDI,2024,Q4,3754458206112.0,,
삼성SDI,2025,Q1,3176817731170.0,,
삼성SDI,2025,Q2,3179406065745.0,,
삼성SDI,2025,Q3,3051820635180.0,,
삼성SDI,2025,Q4,3858686247404.0,,
삼성SDI,2026,Q1,3576353183422.0,,
오스코텍,2023,Q1,1148722209.0,-7521721366.0,-6.547902797620586
오스코텍,2023,Q2,1800280043.0,-6912716258.0,-3.83980052707833
오스코텍,2023,Q3,1696153356.0,-8052886153.0,-4.747734704832904
오스코텍,2023,Q4,305774391.0,-10167965818.0,-33.2531634998825
오스코텍,2024,Q1,1062018078.0,-7974514260.0,-7.508830993741332
오스코텍,2024,Q2,1553791134.0,-7369059333.0,-4.742631858137504
오스코텍,2024,Q3,29055783063.0,19645621189.0,0.6761346320078009
오스코텍,2024,Q4,2336010405.0,-7035905481.0,-3.011932423734217
오스코텍,2025,Q1,1936460346.0,-8322577567.0,-4.297830102326299
오스코텍,2025,Q2,10016722927.0,-631853058.0,-0.0630798178810402
오스코텍,2025,Q3,8945473014.0,-373196525.0,-0.041719037597669
오스코텍,2025,Q4,78940012935.0,61408959855.0,0.7779193031747379
오스코텍,2026,Q1,3648211618.0,-9990017387.0,-2.7383327594567186
HEM파마,2025,Q1,3508709190.0,-2363539224.0,-0.6736207237511183
HEM파마,2025,Q2,2844579286.0,-2903624064.0,-1.0207569457777457
HEM파마,2025,Q3,2956028138.0,-3559967802.0,-1.2043078197518835
HEM파마,2025,Q4,3670035876.0,-6756330545.0,-1.840944005256912
HEM파마,2026,Q1,4941452227.0,-3844069455.0,-0.7779230231137475
비나텍,2023,Q1,12162505722.0,-518754184.0,-0.0426519169534003
비나텍,2023,Q2,14718563625.0,1118315596.0,0.0759799410113974
비나텍,2023,Q3,13505555478.0,1488895646.0,0.1102431994319189
비나텍,2023,Q4,14577469499.0,947749413.0,0.0650146730243554
비나텍,2024,Q1,13476838961.0,428643735.0,0.0318059551086447
비나텍,2024,Q2,18344878659.0,694586880.0,0.0378627132351859
비나텍,2024,Q3,14047871535.0,-2513984899.0,-0.1789584203369496
비나텍,2024,Q4,13722120796.0,-6677226079.0,-0.4866030680145602
비나텍,2025,Q1,15739378515.0,-2409395108.0,-0.1530807017382414
비나텍,2025,Q2,20689950380.0,957086327.0,0.0462585124382497
비나텍,2025,Q3,23010633345.0,2565680047.0,0.1114997578959511
비나텍,2025,Q4,22788943119.0,660346442.0,0.028976615481981
비나텍,2026,Q1,25365991577.0,-1535812146.0,-0.0605461111716429
율촌화학,2023,Q1,118028599850.0,-632729508.0,-0.0053608151651728
율촌화학,2023,Q2,118257801697.0,-3205473474.0,-0.0271058097478681
율촌화학,2023,Q3,115737169714.0,-4364984334.0,-0.0377146282804943
율촌화학,2023,Q4,62467039114.0,-7997198788.0,-0.1280226964720612
율촌화학,2024,Q1,114280654690.0,-5612745687.0,-0.0491136990965377
율촌화학,2024,Q2,119549066213.0,1290137813.0,0.0107917012977865
율촌화학,2024,Q3,106801745937.0,-5594675948.0,-0.0523837498995585
율촌화학,2024,Q4,116446628465.0,,
율촌화학,2025,Q1,132830824561.0,10209238835.0,0.0768589585191621
율촌화학,2025,Q2,119651088853.0,1127464387.0,0.0094229346160415
율촌화학,2025,Q3,116793181057.0,-2316666157.0,-0.0198356285532574
율촌화학,2025,Q4,116107809464.0,-505830857.0,-0.004356561882746
율촌화학,2026,Q1,127218321079.0,561378600.0,0.0044127181937214
스피어,2023,Q1,577337915.0,,
스피어,2023,Q2,338945663.0,,
스피어,2023,Q3,1483536378.0,,
스피어,2023,Q4,925524126.0,,
스피어,2024,Q1,2451080142.0,,
스피어,2024,Q2,2287911729.0,,
스피어,2024,Q3,1263837011.0,,
스피어,2024,Q4,-3445067271.0,,
스피어,2025,Q1,21852554171.0,4310963578.0,0.1972750436523789
스피어,2025,Q2,18861302763.0,2091670188.0,0.110897439815409
스피어,2025,Q3,21096473744.0,-989553534.0,-0.0469061107561369
스피어,2025,Q4,33828235731.0,3639194434.0,0.1075786057227058
스피어,2026,Q1,45069081671.0,710711909.0,0.0157693896269759
LS마린솔루션,2025,Q1,44480427390.0,3019344752.0,0.0678802999244293
LS마린솔루션,2025,Q2,66986959531.0,3416376038.0,0.0510006135809012
LS마린솔루션,2025,Q3,76972868236.0,2052839180.0,0.0266696464227624
LS마린솔루션,2025,Q4,55764819400.0,-1479258649.0,-0.0265267361199416
LS마린솔루션,2026,Q1,52794324941.0,4215203225.0,0.0798419760023577
E1,2023,Q1,2009651091039.0,70027383238.0,0.0348455428657496
E1,2023,Q2,1874768845108.0,99275559348.0,0.0529534932304046
E1,2023,Q3,1839483009732.0,-14436170829.0,-0.0078479500776162
E1,2023,Q4,2103834120650.0,-61691705898.0,-0.0293234648551758
E1,2024,Q1,2457155903962.0,116917948783.0,0.047582633480634
E1,2024,Q2,2969725643413.0,92196737091.0,0.031045540282651
E1,2024,Q3,2784739672366.0,7424857840.0,0.0026662664067595
E1,2024,Q4,2980790592272.0,1065989355.0,0.000357619672366
E1,2025,Q1,2765824636496.0,105229608624.0,0.0380463776464564
E1,2025,Q2,2265591351666.0,100663418104.0,0.0444314099407103
E1,2025,Q3,2417605057386.0,90884382805.0,0.0375927335721523
E1,2025,Q4,2943501559208.0,27285616805.0,0.0092697816719831
E1,2026,Q1,3585260140713.0,-156188703620.0,-0.0435641201725849
두산로보틱스,2023,Q3,12510811883.0,,
두산로보틱스,2023,Q4,16875979734.0,,
두산로보틱스,2024,Q1,10881801774.0,,
두산로보틱스,2024,Q2,14423531367.0,,
두산로보틱스,2024,Q3,10034333350.0,,
두산로보틱스,2024,Q4,11490277346.0,,
두산로보틱스,2025,Q1,5279512001.0,,
두산로보틱스,2025,Q2,4532272039.0,,
두산로보틱스,2025,Q3,10164933789.0,,
두산로보틱스,2025,Q4,13001620525.0,,
두산로보틱스,2026,Q1,15294798751.0,-12069485926.0,-0.7891235525548106
LG화학,2023,Q1,14486266000000.0,791025000000.0,0.0546051687853861
LG화학,2023,Q2,14541521000000.0,615559000000.0,0.042331128910105
LG화학,2023,Q3,13494826000000.0,860426000000.0,0.0637596957530241
LG화학,2023,Q4,13134802000000.0,247427000000.0,0.0188375127390576
LG화학,2024,Q1,11609432000000.0,264631000000.0,0.0227944829686758
LG화학,2024,Q2,12299672000000.0,405860000000.0,0.0329976279042237
LG화학,2024,Q3,12670398000000.0,498356000000.0,0.0393323082668752
LG화학,2024,Q4,12336602000000.0,-252049000000.0,-0.0204309906406966
LG화학,2025,Q1,12171015000000.0,446971000000.0,0.0367242173310935
LG화학,2025,Q2,11417711000000.0,476783000000.0,0.041758194790532
LG화학,2025,Q3,11196170000000.0,679715000000.0,0.0607095998006461
LG화학,2025,Q4,11197134000000.0,-413264000000.0,-0.0369080159262182
LG화학,2026,Q1,,-49691000000.0,
제이앤티씨,2023,Q1,57295122664.0,2227603313.0,0.0388794579612561
제이앤티씨,2023,Q2,55561095208.0,4064163872.0,0.0731476558693684
제이앤티씨,2023,Q3,97766832620.0,16993879895.0,0.1738205016935732
제이앤티씨,2023,Q4,112813882177.0,5252869007.0,0.0465622572828269
제이앤티씨,2024,Q1,127061594527.0,31758159685.0,0.2499430280504746
제이앤티씨,2024,Q2,65345742375.0,-20865693381.0,-0.3193122095278667
제이앤티씨,2024,Q3,32661740443.0,-25247220463.0,-0.7729906649359506
제이앤티씨,2024,Q4,48170026020.0,-31736277983.0,-0.6588387137225798
제이앤티씨,2025,Q1,48048658420.0,-14167684971.0,-0.2948611977291498
제이앤티씨,2025,Q2,56085163295.0,-23845215982.0,-0.4251608550478412
제이앤티씨,2025,Q3,39097163083.0,-17925640251.0,-0.4584895383060241
제이앤티씨,2025,Q4,42422176358.0,-22055804094.0,-0.519912130576976
제이앤티씨,2026,Q1,39979112644.0,-11431557304.0,-0.285938244947906
레인보우로보틱스,2023,Q1,3058153400.0,-23427232208.0,-7.660581123236002
레인보우로보틱스,2023,Q2,3849928148.0,164234859.0,0.0426592010776404
레인보우로보틱스,2023,Q3,3616641058.0,518320163.0,0.143315345561727
레인보우로보틱스,2023,Q4,4733412266.0,-21845101196.0,-4.615085263735192
레인보우로보틱스,2024,Q1,3048363807.0,-449692740.0,-0.1475193803860826
레인보우로보틱스,2024,Q2,3177346487.0,-2549333429.0,-0.8023466875364418
레인보우로보틱스,2024,Q3,3469910505.0,-1020829039.0,-0.2941946305326973
레인보우로보틱스,2024,Q4,9651159288.0,1040875444.0,0.107849783941935
레인보우로보틱스,2025,Q1,4184771298.0,-1403140484.0,-0.3352968141103896
레인보우로보틱스,2025,Q2,6223476913.0,-2057342968.0,-0.3305777456492992
레인보우로보틱스,2025,Q3,10694822851.0,-719767639.0,-0.0673005667347448
레인보우로보틱스,2025,Q4,13020038992.0,1699984973.0,0.1305668112088246
레인보우로보틱스,2026,Q1,9062504268.0,-1567079346.0,-0.1729190188117658
기가비스,2025,Q3,7225894009.0,866413774.0,0.1199040247367126
기가비스,2025,Q4,31706777464.0,11129062447.0,0.3509994814085405
기가비스,2026,Q1,5988316933.0,-970610832.0,-0.1620840785248398
두산테스나,2024,Q1,91777358192.0,11248634517.0,0.1225643746845233
두산테스나,2024,Q2,99808849916.0,16772867580.0,0.1680499033313798
두산테스나,2024,Q3,98702327992.0,11049022019.0,0.1119428714983859
두산테스나,2024,Q4,82829393900.0,-1147242116.0,-0.0138506641420685
파두,2023,Q3,320810077.0,-14821350661.0,-46.19976653975243
파두,2023,Q4,4426840029.0,-24159195132.0,-5.457435772183852
파두,2024,Q1,2331858573.0,-16228684139.0,-6.959549059667608
파두,2024,Q2,7092515833.0,-22184506699.0,-3.127875527013998
파두,2024,Q3,10094870626.0,,
파두,2024,Q4,23983499942.0,,
파두,2025,Q1,19218938606.0,,
파두,2025,Q2,23679326011.0,,
파두,2025,Q3,25644431133.0,,
파두,2025,Q4,23876637483.0,,
파두,2026,Q1,59538451703.0,7685802062.0,0.1290897200407502
예스티,2023,Q1,14809903259.0,-1227591145.0,-0.0828898827717859
예스티,2023,Q2,20403237105.0,-672183562.0,-0.0329449468503836
예스티,2023,Q3,17639232425.0,540573572.0,0.030646093830809
예스티,2023,Q4,26955878429.0,948156643.0,0.035174392312882
예스티,2024,Q1,23168479155.0,2491364871.0,0.1075325166720033
예스티,2024,Q2,27754586716.0,2821911415.0,0.1016736960948231
예스티,2024,Q3,23325095611.0,4341709347.0,0.1861389732075726
예스티,2024,Q4,25846953709.0,1607309919.0,0.0621856616874865
예스티,2025,Q1,25084833029.0,2217551474.0,0.0884020823035313
예스티,2025,Q2,23767355831.0,2847502470.0,0.1198072890500496
예스티,2025,Q3,18707398744.0,1114486610.0,0.0595746434472856
예스티,2025,Q4,19496259663.0,-2386560570.0,-0.1224112014946751
예스티,2026,Q1,27502256233.0,3062558714.0,0.1113566351812703
주성엔지니어링,2023,Q1,68704739435.0,11592542813.0,0.1687298854246793
주성엔지니어링,2023,Q2,31665170538.0,-8735134050.0,-0.2758593717193894
주성엔지니어링,2023,Q3,86070880475.0,6181322468.0,0.0718166519720385
주성엔지니어링,2023,Q4,98304456212.0,19898731581.0,0.2024194258100272
주성엔지니어링,2024,Q1,56571324569.0,7029890292.0,0.1242659659387265
주성엔지니어링,2024,Q2,97332738359.0,36063378159.0,0.3705164240420793
주성엔지니어링,2024,Q3,147204570853.0,52171424088.0,0.3544144301069219
주성엔지니어링,2024,Q4,108284737807.0,1931519049.0,0.017837408005204
주성엔지니어링,2025,Q1,120846474023.0,33907650658.0,0.2805845262108893
주성엔지니어링,2025,Q2,78792213478.0,6575447323.0,0.0834530092854412
주성엔지니어링,2025,Q3,58773454725.0,3355821494.0,0.0570975708285625
주성엔지니어링,2025,Q4,52280442586.0,-12581107733.0,-0.2406465421998751
주성엔지니어링,2026,Q1,54879092703.0,-7031233902.0,-0.1281222694415214
KG모빌리티,2023,Q1,1085018862202.0,9384259957.0,0.0086489371603688
KG모빌리티,2023,Q2,1005351233425.0,18781201156.0,0.0186812335147953
KG모빌리티,2023,Q3,904738804045.0,14261211679.0,0.0157627943172543
KG모빌리티,2023,Q4,741260068898.0,-29879075385.0,-0.0403084917678352
KG모빌리티,2024,Q1,1001787638674.0,15116610758.0,0.0150896359412149
KG모빌리티,2024,Q2,984859917169.0,10582554163.0,0.0107452379556879
KG모빌리티,2024,Q3,899152237472.0,-40024919477.0,-0.0445140631463383
KG모빌리티,2024,Q4,1019269594483.0,15758664143.0,0.0154607419158747
KG모빌리티,2025,Q1,916586470336.0,5681669413.0,0.0061987271216399
KG모빌리티,2025,Q2,986435230412.0,8013267735.0,0.0081234606063827
KG모빌리티,2025,Q3,1217222154112.0,1419779402.0,0.0011664094324965
KG모빌리티,2025,Q4,1183392953411.0,21040854581.0,0.0177801080531636
KG모빌리티,2026,Q1,1141372673339.0,9589390749.0,0.0084016298733935
성일하이텍,2023,Q1,81541718176.0,11740301547.0,0.1439790797841625
성일하이텍,2023,Q2,63516939396.0,7947225230.0,0.1251197760089252
성일하이텍,2023,Q3,59067870517.0,-7497052272.0,-0.1269226773604833
성일하이텍,2023,Q4,43241258765.0,-20528907733.0,-0.4747527782335594
성일하이텍,2024,Q1,33666070274.0,-13460492155.0,-0.3998236813934122
성일하이텍,2024,Q2,36485897437.0,-19026114527.0,-0.521464890917163
성일하이텍,2024,Q3,31862525904.0,-13289485658.0,-0.4170882653195943
성일하이텍,2024,Q4,34200518961.0,-25617066006.0,-0.7490256517806645
성일하이텍,2025,Q1,,-15479127943.0,
성일하이텍,2025,Q2,64012244558.0,-17428573072.0,-0.2722693633435768
성일하이텍,2025,Q3,43800218415.0,-12286282451.0,-0.2805073329678281
성일하이텍,2025,Q4,53446101701.0,-9339625063.0,-0.1747484805393253
성일하이텍,2026,Q1,60886463802.0,-4140963.0,-6.801122517915021e-05
세아제강지주,2023,Q1,1041280026532.0,211545844121.0,0.2031594179574891
세아제강지주,2023,Q2,1015463311697.0,192997919593.0,0.1900589783696566
세아제강지주,2023,Q3,942003467323.0,123760966133.0,0.1313805844947745
세아제강지주,2023,Q4,914595667189.0,62641699740.0,0.0684911398416401
세아제강지주,2024,Q1,882615602507.0,68386836827.0,0.0774820166703971
세아제강지주,2024,Q2,1009853726892.0,85778901251.0,0.0849419068987341
세아제강지주,2024,Q3,860019849085.0,19387730846.0,0.0225433527686915
세아제강지주,2024,Q4,922597685663.0,38057810869.0,0.0412507113993579
세아제강지주,2025,Q1,947007867708.0,65022890014.0,0.068661404230328
세아제강지주,2025,Q2,1020890959670.0,85038673561.0,0.0832984882033713
세아제강지주,2025,Q3,923121767071.0,39786648116.0,0.0431001082795829
세아제강지주,2025,Q4,868554388322.0,15977941611.0,0.01839601736613
세아제강지주,2026,Q1,991921004523.0,26676309176.0,0.0268935823058089
성호전자,2023,Q1,38067674198.0,3173282036.0,0.0833589680182436
성호전자,2023,Q2,55551858435.0,6028141620.0,0.1085137705528501
성호전자,2023,Q3,54002017875.0,2099591982.0,0.0388798801344791
성호전자,2023,Q4,60439928519.0,14556153975.0,0.2408367172443644
성호전자,2024,Q1,63022158071.0,8821693841.0,0.1399776540667107
성호전자,2024,Q2,75089897014.0,14399637828.0,0.1917653159827251
성호전자,2024,Q3,44789173007.0,-1867392900.0,-0.0416929533328992
성호전자,2024,Q4,24425339971.0,-15049865042.0,-0.6161578532732227
성호전자,2025,Q1,59265858353.0,1599388705.0,0.0269866791681933
성호전자,2025,Q2,56551289696.0,1322860055.0,0.0233922172617323
성호전자,2025,Q3,55603044857.0,539736800.0,0.0097069648143927
성호전자,2025,Q4,60156842864.0,4089437148.0,0.0679795839227338
성호전자,2026,Q1,66001284598.0,3203714715.0,0.0485401872783712
서진시스템,2023,Q1,197800134345.0,8718393451.0,0.0440767822522987
서진시스템,2023,Q2,177190987705.0,-17397062851.0,-0.0981825491032526
서진시스템,2023,Q3,160389374261.0,3146204674.0,0.0196160418263133
서진시스템,2023,Q4,243313764679.0,54530831927.0,0.2241173326093641
서진시스템,2024,Q1,325667313753.0,43270532021.0,0.1328672857043867
서진시스템,2024,Q2,308857669892.0,31143601036.0,0.1008347989120366
서진시스템,2024,Q3,314833226682.0,33282186746.0,0.1057137046707492
서진시스템,2024,Q4,264394591109.0,1004342714.0,0.0037986507582749
서진시스템,2025,Q1,281267404471.0,20864883661.0,0.0741816624654467
서진시스템,2025,Q2,258576171797.0,-5972202220.0,-0.0230964909817312
서진시스템,2025,Q3,215500668423.0,-37258836642.0,-0.1728942973339911
서진시스템,2025,Q4,310986494262.0,23511940024.0,0.0756043765816777
서진시스템,2026,Q1,280167855719.0,-32957147269.0,-0.1176335778578932
서울반도체,2023,Q1,224527485770.0,-14493032692.0,-0.0645490356884247
서울반도체,2023,Q2,255233268778.0,-2112681370.0,-0.0082774529359555
서울반도체,2023,Q3,281975025004.0,-13457081851.0,-0.047724375060554
서울반도체,2023,Q4,270644857878.0,-19289040821.0,-0.07127067172913
서울반도체,2024,Q1,241618800215.0,-3622637263.0,-0.0149931928300962
서울반도체,2024,Q2,282412682502.0,4034688169.0,0.014286497806172
서울반도체,2024,Q3,300801298845.0,3874904908.0,0.0128819420756447
서울반도체,2024,Q4,265653037699.0,-3490281506.0,-0.0131384964999146
서울반도체,2025,Q1,239227017561.0,-20658927620.0,-0.0863570002695545
서울반도체,2025,Q2,251578036373.0,-7881350254.0,-0.0313276562915642
서울반도체,2025,Q3,256878685361.0,-3778544986.0,-0.0147094531439612
서울반도체,2025,Q4,265839868106.0,802875988.0,0.0030201489103954
서울반도체,2026,Q1,238169411932.0,1780437713.0,0.0074755095482552
쎄트렉아이,2023,Q1,23940400027.0,-305247619.0,-0.0127503140572313
쎄트렉아이,2023,Q2,38881990208.0,-464150527.0,-0.0119374168996241
쎄트렉아이,2023,Q3,24919200154.0,-2590658404.0,-0.1039623418083164
쎄트렉아이,2023,Q4,37691904569.0,-993694353.0,-0.0263636015309577
쎄트렉아이,2024,Q1,31719392555.0,-3532999226.0,-0.1113829408893609
쎄트렉아이,2024,Q2,47463296828.0,-1527866989.0,-0.0321904943631868
쎄트렉아이,2024,Q3,43683623614.0,784048236.0,0.0179483332913967
쎄트렉아이,2024,Q4,48413138657.0,1204658568.0,0.024882885130312
쎄트렉아이,2025,Q1,40040708142.0,1742403005.0,0.0435157889521024
쎄트렉아이,2025,Q2,44484212137.0,2026061507.0,0.0455456309029425
쎄트렉아이,2025,Q3,50438282568.0,2455306362.0,0.0486794204122592
쎄트렉아이,2025,Q4,71953593455.0,3955889770.0,0.0549783489614598
쎄트렉아이,2026,Q1,37185131934.0,-2004163801.0,-0.053896912469134
가온전선,2023,Q1,376042455305.0,14126580315.0,0.0375664505847943
가온전선,2023,Q2,338231980034.0,14896591305.0,0.0440425275679211
가온전선,2023,Q3,411776807140.0,9183962034.0,0.0223032523317359
가온전선,2023,Q4,372555301934.0,5512905339.0,0.0147975490091847
가온전선,2024,Q1,402162649580.0,12778396257.0,0.0317741994945208
가온전선,2024,Q2,409978736952.0,10484305530.0,0.0255728031359526
가온전선,2024,Q3,402692425001.0,12855665858.0,0.0319242803188266
가온전선,2024,Q4,,8893410355.0,
자이에스앤디,2023,Q1,767124743438.0,47503546481.0,0.0619241484352398
자이에스앤디,2023,Q2,615091629758.0,37733537415.0,0.061346205328539
자이에스앤디,2023,Q3,512666032095.0,21382065745.0,0.0417075920899666
자이에스앤디,2023,Q4,479750290313.0,19972811590.0,0.0416316821339895
자이에스앤디,2024,Q1,400474917076.0,591490105.0,0.0014769716648389
자이에스앤디,2024,Q2,427369027552.0,1082651121.0,0.0025332933628847
자이에스앤디,2024,Q3,375839234640.0,2488539459.0,0.0066212870547793
자이에스앤디,2024,Q4,374490250721.0,-1786436323.0,-0.0047703146331863
자이에스앤디,2025,Q1,312683717305.0,-10602116073.0,-0.0339068377604658
자이에스앤디,2025,Q2,336953996611.0,-2718602944.0,-0.0080681724251471
자이에스앤디,2025,Q3,402990116802.0,28353621877.0,0.0703581072955466
자이에스앤디,2025,Q4,334968225498.0,-2527236917.0,-0.0075447064068322
자이에스앤디,2026,Q1,270257140286.0,11342905220.0,0.0419707882944234
한중엔시에스,2024,Q2,43646189256.0,2378546047.0,0.0544960760044595
한중엔시에스,2024,Q3,47596446993.0,1588356765.0,0.0333713305372058
한중엔시에스,2024,Q4,55388858363.0,5894070720.0,0.1064125691375012
한중엔시에스,2025,Q1,33103776635.0,-627234584.0,-0.0189475234477276
한중엔시에스,2025,Q2,36429493817.0,398098913.0,0.0109279287546461
한중엔시에스,2025,Q3,45864927961.0,1529266837.0,0.033342837435619
한중엔시에스,2025,Q4,59866778244.0,2726006024.0,0.0455345369161101
한중엔시에스,2026,Q1,54731816249.0,1442580839.0,0.0263572623359883
에이디테크놀로지,2023,Q1,18118871416.0,-5979710558.0,-0.3300266567772854
에이디테크놀로지,2023,Q2,20363493983.0,-5765660180.0,-0.2831370777929038
에이디테크놀로지,2023,Q3,22215388890.0,-3433134592.0,-0.1545385772447758
에이디테크놀로지,2023,Q4,39474423389.0,-2228728501.0,-0.0564600647623661
에이디테크놀로지,2024,Q1,30589183817.0,-3760775813.0,-0.122944627601013
에이디테크놀로지,2024,Q2,20201187493.0,-4426970645.0,-0.2191440798484746
에이디테크놀로지,2024,Q3,34416927561.0,-1697566244.0,-0.0493235847677356
에이디테크놀로지,2024,Q4,21338165048.0,-7068206510.0,-0.3312471571055963
에이디테크놀로지,2025,Q1,32640510178.0,-1551685227.0,-0.04753863277682
에이디테크놀로지,2025,Q2,34026867815.0,-1019789581.0,-0.0299701279161065
에이디테크놀로지,2025,Q3,36805859459.0,2668304819.0,0.0724967398729641
에이디테크놀로지,2025,Q4,61038392406.0,2756014745.0,0.0451521515617289
에이디테크놀로지,2026,Q1,36032593804.0,-357067847.0,-0.0099095793364828
위메이드,2023,Q1,93902570778.0,-46774693672.0,-0.4981194155225261
위메이드,2023,Q2,159278951553.0,,
위메이드,2023,Q3,235543509174.0,45372346971.0,0.192628305191304
위메이드,2023,Q4,116527396809.0,-68698976888.0,-0.5895521462699838
위메이드,2024,Q1,161299380951.0,-37625012307.0,-0.2332619758685238
위메이드,2024,Q2,171389602633.0,-24139535236.0,-0.1408459723644407
위메이드,2024,Q3,214360690172.0,51788361266.0,0.2415944883571971
위메이드,2024,Q4,164821490248.0,17038405174.0,0.1033749006174075
위메이드,2025,Q1,141833424712.0,-11336568831.0,-0.0799287534233871
위메이드,2025,Q2,116820341975.0,-28548447095.0,-0.2443790748456247
위메이드,2025,Q3,163648297290.0,26308155889.0,0.1607603398548015
위메이드,2025,Q4,191737440388.0,24254942460.0,0.1265008149212677
위메이드,2026,Q1,153324403049.0,8488266895.0,0.0553614866661981
에코프로비엠,2023,Q1,2010989897316.0,107327003425.0,0.0533702350112477
에코프로비엠,2023,Q2,1906226538828.0,114700920024.0,0.060171715002206
에코프로비엠,2023,Q3,1803254041355.0,45873974211.0,0.0254395515878225
에코프로비엠,2023,Q4,1180397366036.0,-111871962266.0,-0.0947748321751068
에코프로비엠,2024,Q1,970459189322.0,6684156866.0,0.0068876228279829
에코프로비엠,2024,Q2,809516920383.0,3891624609.0,0.0048073418986212
에코프로비엠,2024,Q3,521936343949.0,-41229364045.0,-0.0789930889522969
에코프로비엠,2024,Q4,464925296498.0,-3455781539.0,-0.0074329823845471
에코프로비엠,2025,Q1,629788701177.0,2269955889.0,0.0036043134542708
에코프로비엠,2025,Q2,779716508199.0,49000956082.0,0.0628445794936201
에코프로비엠,2025,Q3,625060142880.0,50480514861.0,0.0807610522539609
에코프로비엠,2025,Q4,497011031857.0,41558472893.0,0.0836168016989957
에코프로비엠,2026,Q1,605361464988.0,20942374090.0,0.0345948252428243
삼성전기,2023,Q1,2021762829146.0,140057618237.0,0.0692749991333854
삼성전기,2023,Q2,2220522779470.0,204960394399.0,0.0923027659495213
삼성전기,2023,Q3,2360940580778.0,183993259843.0,0.0779321857318275
삼성전기,2023,Q4,2306222294521.0,110412464641.0,0.0478758985650741
삼성전기,2024,Q1,2624288611066.0,180317078816.0,0.0687108415041111
삼성전기,2024,Q2,2580132472693.0,208100287526.0,0.0806548848667434
삼성전기,2024,Q3,2615317199767.0,224875425896.0,0.0859839968612733
삼성전기,2024,Q4,2492281015597.0,115034398118.0,0.0461562710617705
삼성전기,2025,Q1,2738649099826.0,200549840807.0,0.0732294768321147
삼성전기,2025,Q2,2784629132129.0,213008153549.0,0.076494263128729
삼성전기,2025,Q3,2889035756675.0,260277272715.0,0.0900913988737037
삼성전기,2025,Q4,2902145249470.0,239495911486.0,0.0825237508459432
삼성전기,2026,Q1,3209113412582.0,280572751176.0,0.0874299892537159
대한항공,2023,Q1,3592033185858.0,485549554865.0,0.1351740169819786
대한항공,2023,Q2,3877336004314.0,477189261212.0,0.1230714234415252
대한항공,2023,Q3,4249023718523.0,543049327458.0,0.1278056710040604
대한항공,2023,Q4,4393403197452.0,284301047270.0,0.0647108936950934
대한항공,2024,Q1,4291444812510.0,537527332004.0,0.1252555620515153
대한항공,2024,Q2,4402231429467.0,442930111031.0,0.1006149081727463
대한항공,2024,Q3,4675277388850.0,665662440656.0,0.1423792398379459
대한항공,2024,Q4,4501764864977.0,464080194303.0,0.1030885015593481
대한항공,2025,Q1,6491861987200.0,431046202741.0,0.0663979307617588
대한항공,2025,Q2,6210705839436.0,370083817468.0,0.0595880447465545
대한항공,2025,Q3,6026889432501.0,157543951103.0,0.0261401761003641
대한항공,2025,Q4,6496085120365.0,154915456739.0,0.0238475102879033
대한항공,2026,Q1,6658062171688.0,517384321919.0,0.077707943929852
한화시스템,2023,Q1,439516490290.0,8385689879.0,0.0190793521159285
한화시스템,2023,Q2,610676669255.0,25932185243.0,0.0424646732855148
한화시스템,2023,Q3,620823051196.0,37332548936.0,0.0601339606576782
한화시스템,2023,Q4,782063331181.0,21220297056.0,0.0271337322822118
한화시스템,2024,Q1,544363756675.0,39264371498.0,0.0721289230161623
한화시스템,2024,Q2,687318651559.0,79837290118.0,0.1161576074458481
한화시스템,2024,Q3,639172022980.0,56998701226.0,0.0891758387049796
한화시스템,2024,Q4,932831627060.0,43244934840.0,0.0463587785678909
한화시스템,2025,Q1,690100705524.0,58164352303.0,0.0842838615254497
한화시스템,2025,Q2,768190548880.0,33451471776.0,0.0435457997039553
한화시스템,2025,Q3,807736584417.0,22520994537.0,0.0278816076570989
한화시스템,2025,Q4,1398122729199.0,5761906739.0,0.0041211737844366
한화시스템,2026,Q1,807099186689.0,34284490078.0,0.0424786576958983
넥스틴,2023,Q1,18530774129.0,8366219872.0,0.4514770842145857
넥스틴,2023,Q2,36028867148.0,16620004507.0,0.4612968939247537
넥스틴,2023,Q3,14411402920.0,5263497396.0,0.3652314368849802
넥스틴,2023,Q4,18959526826.0,5915814635.0,0.312023326810424
넥스틴,2024,Q1,34186770343.0,18923682896.0,0.5535381876128223
넥스틴,2024,Q2,14748820061.0,420974123.0,0.0285429018225785
넥스틴,2024,Q3,34708651978.0,14386447049.0,0.4144916679022515
넥스틴,2024,Q4,30702933549.0,13592650460.0,0.4427150401868591
넥스틴,2025,Q1,17083998846.0,3412169837.0,0.1997289901362242
넥스틴,2025,Q2,23159312598.0,2578412351.0,0.1113337168402255
넥스틴,2025,Q3,10739628000.0,-3670830432.0,-0.3418023819819457
넥스틴,2025,Q4,15931387697.0,-3480555480.0,-0.2184715824005347
넥스틴,2026,Q1,7929283950.0,-5543994378.0,-0.6991797005831781
엠케이전자,2023,Q1,228352876434.0,7482947314.0,0.0327692273066801
엠케이전자,2023,Q2,270689445006.0,19689409842.0,0.0727380036615892
엠케이전자,2023,Q3,274114521251.0,5342381519.0,0.0194895968831513
엠케이전자,2023,Q4,343817814839.0,13936396349.0,0.0405342473470317
엠케이전자,2024,Q1,272003351165.0,8707022414.0,0.0320107174294269
엠케이전자,2024,Q2,295142382188.0,21258997830.0,0.0720296342138298
엠케이전자,2024,Q3,267906285732.0,4873477289.0,0.0181909777730082
엠케이전자,2024,Q4,335548306484.0,21236592063.0,0.0632892243907439
엠케이전자,2025,Q1,283651918475.0,-1147762500.0,-0.0040463766512517
엠케이전자,2025,Q2,336132279544.0,11765626668.0,0.0350029657489645
엠케이전자,2025,Q3,376944400861.0,-6429284514.0,-0.0170563205059274
엠케이전자,2025,Q4,407094225496.0,9997860108.0,0.024559081121376
엠케이전자,2026,Q1,450123029308.0,15148769861.0,0.033654731872504
현대제철,2023,Q1,6389050489305.0,333909838550.0,0.0522628267078106
현대제철,2023,Q2,7138316741671.0,465075677896.0,0.0651520091818076
현대제철,2023,Q3,6283196286286.0,228402032234.0,0.0363512489228644
현대제철,2023,Q4,6104196938905.0,-229062480607.0,-0.0375254079938138
현대제철,2024,Q1,5947782420213.0,55802911222.0,0.0093821372873962
현대제철,2024,Q2,6041380201899.0,97966232564.0,0.0162158694354654
현대제철,2024,Q3,5624298921124.0,51541503075.0,0.009164076056025
현대제철,2024,Q4,5612679547981.0,-45818638281.0,-0.0081634160456358
현대제철,2025,Q1,5563465036922.0,-19028045095.0,-0.0034201787858322
현대제철,2025,Q2,5945554952398.0,101768116766.0,0.0171166724688927
현대제철,2025,Q3,5734389046538.0,93239855179.0,0.0162597714285345
현대제철,2025,Q4,5489828223869.0,43255229380.0,0.0078791589856914
현대제철,2026,Q1,5739684986139.0,15689403201.0,0.0027334955209021
에코프로머티,2026,Q1,166529087801.0,15678037433.0,0.0941459395474203
한스바이오메드,2023,Q1,20360224077.0,842171826.0,0.0413635833679926
한스바이오메드,2023,Q2,20482942062.0,-346812388.0,-0.0169317662936423
한스바이오메드,2023,Q3,18466892403.0,121738664.0,0.0065922658422065
한스바이오메드,2023,Q4,19011093375.0,-4015600006.0,-0.2112240430779537
한스바이오메드,2024,Q1,19876134107.0,-748818315.0,-0.0376742434403418
한스바이오메드,2024,Q2,20452807800.0,189360020.0,0.0092583874963123
한스바이오메드,2024,Q3,20814468108.0,653951434.0,0.0314181189068509
한스바이오메드,2024,Q4,19509934071.0,-1059882946.0,-0.0543252961359533
한스바이오메드,2025,Q1,30265841841.0,2063363232.0,0.0681746519009704
한스바이오메드,2025,Q2,24155166069.0,1767590174.0,0.0731764860962173
한스바이오메드,2025,Q3,22033892083.0,40796559.0,0.0018515366620805
한스바이오메드,2025,Q4,23714661352.0,-26950125984.0,-1.1364330944463237
한스바이오메드,2026,Q2,34485876372.0,4438662638.0,0.1287095792526783
포스코퓨처엠,2023,Q1,1135237636646.0,20264913113.0,0.0178508115471502
포스코퓨처엠,2023,Q2,1193021877941.0,52138906932.0,0.0437032278251132
포스코퓨처엠,2023,Q3,1285771925310.0,37136749104.0,0.0288828433511225
포스코퓨처엠,2023,Q4,1145840046367.0,-73658383150.0,-0.0642833032267821
포스코퓨처엠,2024,Q1,1138422307321.0,37897306820.0,0.0332893220523604
포스코퓨처엠,2024,Q2,915486800782.0,2737318766.0,0.0029900144531431
포스코퓨처엠,2024,Q3,922788171172.0,1367594309.0,0.0014820241001388
포스코퓨처엠,2024,Q4,723246956546.0,-41280974029.0,-0.0570772868871027
포스코퓨처엠,2025,Q1,845393850220.0,17150145795.0,0.0202865750567465
포스코퓨처엠,2025,Q2,660936939289.0,773324990.0,0.0011700435306761
포스코퓨처엠,2025,Q3,874798315308.0,66669950510.0,0.0762117957286266
포스코퓨처엠,2025,Q4,557569079575.0,-51766137801.0,-0.0928425547565479
포스코퓨처엠,2026,Q1,757515005832.0,17699640745.0,0.0233653995085681
알테오젠,2023,Q1,10336706922.0,-10485352173.0,-1.0143803294532452
알테오젠,2023,Q2,42533195454.0,19411349190.0,0.4563811625908411
알테오젠,2023,Q3,21302522842.0,-10589761627.0,-0.49711302767019
알테오젠,2023,Q4,22350503669.0,-8073073877.0,-0.3612032192454481
알테오젠,2024,Q1,34900500859.0,17259076338.0,0.4945223109469874
알테오젠,2024,Q2,12234116831.0,-6727123999.0,-0.5498659275473123
알테오젠,2024,Q3,4889997796.0,-8158251134.0,-1.6683547670866885
알테오젠,2024,Q4,50830005314.0,23030289651.0,0.453084541477646
알테오젠,2025,Q1,83696077912.0,61017565621.0,0.7290373353594333
알테오젠,2025,Q2,18643000115.0,-426290507.0,-0.0228659821042971
알테오젠,2025,Q3,49012996870.0,26670839372.0,0.5441585105016248
알테오젠,2025,Q4,64506844060.0,19637962611.0,0.3044322334655539
알테오젠,2026,Q1,71598550624.0,39300649498.0,0.5489028640312494
지엔씨에너지,2023,Q1,28604283535.0,1363127235.0,0.0476546540077498
지엔씨에너지,2023,Q2,47202637425.0,1968593902.0,0.0417051675370446
지엔씨에너지,2023,Q3,25752444776.0,942035203.0,0.0365804183328617
지엔씨에너지,2023,Q4,64858042607.0,6749144318.0,0.1040602529264671
지엔씨에너지,2024,Q1,40262025649.0,2379467497.0,0.0590995474928147
지엔씨에너지,2024,Q2,36978826707.0,2969863999.0,0.0803125535196554
지엔씨에너지,2024,Q3,73973767308.0,13227177431.0,0.1788090280156588
지엔씨에너지,2024,Q4,75101595499.0,13127093437.0,0.1747911392531572
지엔씨에너지,2025,Q1,66275497974.0,14986663133.0,0.2261267525878009
지엔씨에너지,2025,Q2,60825133664.0,12206200776.0,0.2006769248289275
지엔씨에너지,2025,Q3,69496977824.0,12765282529.0,0.1836811172037995
지엔씨에너지,2025,Q4,66035988076.0,9414351133.0,0.1425639474367392
지엔씨에너지,2026,Q1,55427050840.0,4403629100.0,0.079449096303389
테크윙,2023,Q1,28622482858.0,391453935.0,0.0136764492773759
테크윙,2023,Q2,39490614105.0,2430951065.0,0.061557692127462
테크윙,2023,Q3,24330700278.0,-2689972636.0,-0.1105587839751695
테크윙,2023,Q4,41160463019.0,3028054690.0,0.0735670706280011
테크윙,2024,Q1,40339438510.0,5573116785.0,0.1381555368852852
테크윙,2024,Q2,50769762440.0,7175303768.0,0.1413302608315297
테크윙,2024,Q3,46721566923.0,6176778970.0,0.1322040200445269
테크윙,2024,Q4,47676403161.0,4485877741.0,0.0940901041937138
테크윙,2025,Q1,34587214904.0,1783376942.0,0.0515617388376001
테크윙,2025,Q2,48893652605.0,6361081674.0,0.1301003573079238
테크윙,2025,Q3,41765843683.0,7111094930.0,0.1702610148132704
테크윙,2025,Q4,33881687210.0,582019301.0,0.0171779904994878
테크윙,2026,Q1,52399688379.0,9702115572.0,0.1851559784444877
디케이티,2023,Q1,67353195042.0,2582096050.0,0.0383366527510663
디케이티,2023,Q2,77134265160.0,3924403558.0,0.050877564592851
디케이티,2023,Q3,67661849343.0,5012509331.0,0.074081766603658
디케이티,2023,Q4,68068750871.0,3167757807.0,0.0465376221315321
디케이티,2024,Q1,115763512542.0,7679480955.0,0.0663376636244846
디케이티,2024,Q2,107707221771.0,7596617901.0,0.0705302557812829
디케이티,2024,Q3,81696629379.0,5020347249.0,0.0614510939699854
디케이티,2024,Q4,98182508591.0,2789258221.0,0.0284089117402697
디케이티,2025,Q1,86424288834.0,2458455764.0,0.0284463522600931
디케이티,2025,Q2,118774781512.0,8239833880.0,0.0693735974514717
디케이티,2025,Q3,105770632748.0,4808705530.0,0.0454635223886464
디케이티,2025,Q4,114806593297.0,6066704359.0,0.0528428218691733
디케이티,2026,Q1,115647783972.0,8846162297.0,0.076492276749045
에스티아이,2023,Q1,85305888724.0,6572136689.0,0.077042004805361
에스티아이,2023,Q2,77366346935.0,4061797912.0,0.0525008362539406
에스티아이,2023,Q3,66830198642.0,1403307536.0,0.0209981051158821
에스티아이,2023,Q4,89960130473.0,11909109426.0,0.1323820826335319
에스티아이,2024,Q1,65500002190.0,1985589187.0,0.030314337719261
에스티아이,2024,Q2,75270623479.0,4582361957.0,0.0608784907737405
에스티아이,2024,Q3,61574240467.0,2369474408.0,0.0384815856440794
에스티아이,2024,Q4,131677471275.0,18349938584.0,0.1393551866262477
에스티아이,2025,Q1,84073673043.0,5240500681.0,0.0623322437491188
에스티아이,2025,Q2,87194838726.0,5384766891.0,0.0617555691331803
에스티아이,2025,Q3,70256038124.0,2284244489.0,0.0325131412188141
에스티아이,2025,Q4,86534157986.0,6809461800.0,0.0786910274333711
에스티아이,2026,Q1,73839621831.0,364643870.0,0.0049383225558031
나노신소재,2023,Q1,17667357198.0,2022831557.0,0.1144954242069091
나노신소재,2023,Q2,23485984639.0,4531558912.0,0.1929473676174961
나노신소재,2023,Q3,20507035183.0,1642911602.0,0.0801145356868528
나노신소재,2023,Q4,21509820723.0,3694778136.0,0.1717716843659813
나노신소재,2024,Q1,22366844206.0,1753721210.0,0.0784071813550503
나노신소재,2024,Q2,21142509535.0,2366526656.0,0.1119321550775405
나노신소재,2024,Q3,21615537529.0,174056286.0,0.0080523690778673
나노신소재,2024,Q4,22642392731.0,-1306641863.0,-0.0577077643040375
나노신소재,2025,Q1,22344734609.0,293781115.0,0.0131476663357492
나노신소재,2025,Q2,29360181181.0,1845545612.0,0.0628587950674608
나노신소재,2025,Q3,31249388627.0,903110465.0,0.0289001002797122
나노신소재,2025,Q4,28791065334.0,1638650198.0,0.0569152332152461
나노신소재,2026,Q1,32727365934.0,2755367131.0,0.0841915336711375
하이브,2023,Q1,410634676000.0,52511614000.0,0.1278791516379391
하이브,2023,Q2,620990222000.0,81339517000.0,0.1309835712678902
하이브,2023,Q3,537859338000.0,72654243000.0,0.1350803785803194
하이브,2023,Q4,608603970000.0,89137932000.0,0.1464629486396547
하이브,2024,Q1,360918434000.0,14383571000.0,0.0398526914809787
하이브,2024,Q2,640463967000.0,50904725000.0,0.079481013176187
하이브,2024,Q3,527847400000.0,54185386000.0,0.1026535055396692
하이브,2024,Q4,726418735000.0,64571604000.0,0.0888903340302752
하이브,2025,Q1,500613449000.0,21622540000.0,0.0431920877139679
하이브,2025,Q2,705649177000.0,65918974000.0,0.0934160715389029
하이브,2025,Q3,727180687000.0,-42197879000.0,-0.058029427560966
하이브,2025,Q4,716426933000.0,3974641000.0,0.0055478665261178
하이브,2026,Q1,698348369000.0,-196574552000.0,-0.2814849446580436
파인엠텍,2023,Q1,51152470602.0,1054662941.0,0.0206180254558176
파인엠텍,2023,Q2,109634052755.0,7653601301.0,0.0698104385332133
파인엠텍,2023,Q3,160163412938.0,13006599821.0,0.0812083083296615
파인엠텍,2023,Q4,59138918847.0,-1914483641.0,-0.0323726520255301
파인엠텍,2024,Q1,69547987843.0,1117618112.0,0.0160697404290538
파인엠텍,2024,Q2,154769044122.0,4525661713.0,0.0292413882806729
파인엠텍,2024,Q3,98838051298.0,1007562727.0,0.0101940772179144
파인엠텍,2024,Q4,59013438841.0,-14561073138.0,-0.2467416477326786
파인엠텍,2025,Q1,43576364038.0,-2944912491.0,-0.0675805004848945
파인엠텍,2025,Q2,76510005533.0,5287594385.0,0.0691098418849202
파인엠텍,2025,Q3,57543971069.0,1540892885.0,0.0267776598725232
파인엠텍,2025,Q4,61490767202.0,-1948766571.0,-0.0316920191383888
파인엠텍,2026,Q1,46069414144.0,-2202975398.0,-0.0478186110879144
태광,2023,Q1,83913270056.0,19925319312.0,0.2374513506469563
태광,2023,Q2,82223610179.0,18067084636.0,0.2197311039574659
태광,2023,Q3,74590255140.0,12238238993.0,0.1640728935707458
태광,2023,Q4,71340332723.0,7493452806.0,0.1050380972443113
태광,2024,Q1,73365320938.0,12853774939.0,0.1752023268577063
태광,2024,Q2,65538316297.0,9816917523.0,0.1497889796025987
태광,2024,Q3,61753235877.0,7578103023.0,0.1227158854977908
태광,2024,Q4,66153118433.0,9624169169.0,0.1454832273515174
태광,2025,Q1,62634581448.0,7403807457.0,0.1182063851284251
태광,2025,Q2,72315648639.0,7656783941.0,0.1058800423573975
태광,2025,Q3,81415375939.0,11568803489.0,0.1420960519505291
태광,2025,Q4,80600082201.0,12105451559.0,0.1501915535124579
태광,2026,Q1,82275268493.0,9349703582.0,0.1136392959057371
엘앤씨바이오,2023,Q1,14796564235.0,2120765207.0,0.1433282195324447
엘앤씨바이오,2023,Q2,16489774838.0,1613225328.0,0.0978318590671347
엘앤씨바이오,2023,Q3,20558526678.0,4753313862.0,0.2312088768056805
엘앤씨바이오,2023,Q4,17024680577.0,-739298717.0,-0.0434251152998886
엘앤씨바이오,2024,Q1,16562155347.0,1663979561.0,0.1004687811542237
엘앤씨바이오,2024,Q2,17898116934.0,1325604843.0,0.0740639279477399
엘앤씨바이오,2024,Q3,18546035487.0,174823232.0,0.0094264476158553
엘앤씨바이오,2024,Q4,19087015633.0,-622336387.0,-0.0326052222603112
엘앤씨바이오,2025,Q1,17756351704.0,-433110640.0,-0.0243918709890406
엘앤씨바이오,2025,Q2,20581453550.0,-245095355.0,-0.0119085541944145
엘앤씨바이오,2025,Q3,22555957084.0,2895731265.0,0.1283798889231829
엘앤씨바이오,2025,Q4,24668320984.0,1954550187.0,0.0792332071675138
엘앤씨바이오,2026,Q1,30294573520.0,5998943183.0,0.1980203873488957
현대힘스,2024,Q1,55102897366.0,5920413221.0,0.1074428660561333
현대힘스,2024,Q2,57615883336.0,6863515613.0,0.1191254080575986
현대힘스,2024,Q3,54087723408.0,4144449498.0,0.0766245875563511
현대힘스,2024,Q4,56357297290.0,4620292679.0,0.081982154950142
현대힘스,2025,Q1,58357516442.0,7239830530.0,0.1240599492816915
현대힘스,2025,Q2,62312448641.0,8258634852.0,0.1325358741650545
현대힘스,2025,Q3,60592240860.0,6788015045.0,0.1120277934708487
현대힘스,2025,Q4,66941625334.0,6477124188.0,0.0967577968966677
현대힘스,2026,Q1,64610109226.0,8529619995.0,0.1320168019707907
심텍,2023,Q1,203941104174.0,-32169873144.0,-0.1577409972074735
심텍,2023,Q2,253728047464.0,-21600588691.0,-0.0851328377248667
심텍,2023,Q3,287191374087.0,-5556549084.0,-0.0193478968568071
심텍,2023,Q4,297035199252.0,-28797108539.0,-0.0969484714657301
심텍,2024,Q1,293867190765.0,-14933610740.0,-0.0508175502720278
심텍,2024,Q2,311661006046.0,3609894197.0,0.0115827585965861
심텍,2024,Q3,324781039660.0,510177680.0,0.001570835786886
심텍,2024,Q4,301112144599.0,-36155681957.0,-0.1200738083983613
심텍,2025,Q1,303597471102.0,-16323578724.0,-0.0537671762045598
심텍,2025,Q2,340767377716.0,5543628386.0,0.0162680724403734
심텍,2025,Q3,372838724895.0,12388778971.0,0.0332282516374579
심텍,2025,Q4,393356345738.0,10259774286.0,0.0260826459193152
심텍,2026,Q1,422371419830.0,13711017335.0,0.0324619912505409
아이센스,2023,Q1,60647076457.0,4502943052.0,0.0742483119560211
아이센스,2023,Q2,62489714159.0,3837776459.0,0.0614145305455405
아이센스,2023,Q3,67039977580.0,-448681475.0,-0.0066927450037491
아이센스,2023,Q4,74943492179.0,3037400200.0,0.0405292055612416
아이센스,2024,Q1,68403944434.0,809734601.0,0.0118375425233157
아이센스,2024,Q2,69900129738.0,1970493073.0,0.0281901203958535
아이센스,2024,Q3,71519402052.0,3822566496.0,0.053447964976283
아이센스,2024,Q4,81314427573.0,-3945115931.0,-0.0485168013690839
아이센스,2025,Q1,76269150537.0,3235089247.0,0.0424167468002751
아이센스,2025,Q2,76789423184.0,1680552140.0,0.0218852033303222
아이센스,2025,Q3,78726989761.0,915954314.0,0.0116345654365886
아이센스,2025,Q4,83659178129.0,2054985692.0,0.0245637805433765
아이센스,2026,Q1,75129546642.0,937319630.0,0.0124760453362832
에코프로에이치엔,2023,Q1,59496410294.0,11957544837.0,0.2009792654365548
에코프로에이치엔,2023,Q2,56533540213.0,11196721832.0,0.1980544963187232
에코프로에이치엔,2023,Q3,65359239275.0,11451198159.0,0.175203969416151
에코프로에이치엔,2023,Q4,47556833422.0,7175346847.0,0.1508794074518984
에코프로에이치엔,2024,Q1,51504991551.0,7331097091.0,0.1423376039920477
에코프로에이치엔,2024,Q2,46832997292.0,3598582269.0,0.0768386069028024
에코프로에이치엔,2024,Q3,56117240036.0,5691334843.0,0.1014186520817654
에코프로에이치엔,2024,Q4,80045230730.0,7605086505.0,0.0950098642435383
에코프로에이치엔,2025,Q1,34433439357.0,3405137309.0,0.0988904208405126
에코프로에이치엔,2025,Q2,39001735246.0,3662961871.0,0.0939179205206176
에코프로에이치엔,2025,Q3,28396775217.0,2333531410.0,0.0821759299134434
에코프로에이치엔,2025,Q4,39225168207.0,2307956187.0,0.0588386562122665
에코프로에이치엔,2026,Q1,34667282768.0,5028935647.0,0.145062873276068
덕산하이메탈,2023,Q1,36763162731.0,371129679.0,0.0100951509998091
덕산하이메탈,2023,Q2,35295708172.0,-2218342215.0,-0.0628501970888292
덕산하이메탈,2023,Q3,38967750644.0,-863024332.0,-0.0221471426432688
덕산하이메탈,2023,Q4,33426354357.0,-8255693665.0,-0.2469815755803812
덕산하이메탈,2024,Q1,60809346195.0,3999744417.0,0.0657751590384452
덕산하이메탈,2024,Q2,60678727125.0,7056824278.0,0.1162981593773832
덕산하이메탈,2024,Q3,57545823808.0,2424129008.0,0.0421251942814831
덕산하이메탈,2024,Q4,56858033909.0,5157973627.0,0.0907167074270492
덕산하이메탈,2025,Q1,44151047735.0,-1392618637.0,-0.0315421424505861
덕산하이메탈,2025,Q2,57408052168.0,2580609710.0,0.0449520513681261
덕산하이메탈,2025,Q3,61470463827.0,1567424173.0,0.0254988180569337
덕산하이메탈,2025,Q4,73374972380.0,57607795.0,0.0007851150485162
덕산하이메탈,2026,Q1,68700820168.0,-668459049.0,-0.0097300010009394
삼성생명,2023,Q3,,596357000000.0,
삼성생명,2023,Q4,,601907000000.0,
삼성생명,2024,Q1,,746310000000.0,
삼성생명,2024,Q2,,905530000000.0,
삼성생명,2024,Q3,,796235000000.0,
삼성생명,2024,Q4,,51676000000.0,
삼성생명,2025,Q1,,753958000000.0,
삼성생명,2025,Q2,,915407000000.0,
삼성생명,2025,Q3,,815840000000.0,
삼성생명,2025,Q4,,95264000000.0,
삼성생명,2026,Q1,,1357813000000.0,
엘티씨,2023,Q1,27578959097.0,-3465640462.0,-0.1256624823950294
엘티씨,2023,Q2,35481724599.0,-62466180.0,-0.001760517018436
엘티씨,2023,Q3,24938869362.0,-5882627400.0,-0.2358818803936441
엘티씨,2023,Q4,25359248013.0,-6634637347.0,-0.2616259497757529
엘티씨,2024,Q1,49680986495.0,1678317618.0,0.0337818899423204
엘티씨,2024,Q2,57760955259.0,3609214120.0,0.0624853606353338
엘티씨,2024,Q3,76956120595.0,8082218765.0,0.1050237291395522
엘티씨,2024,Q4,92575177436.0,10814585647.0,0.1168194968297678
엘티씨,2025,Q1,75870938401.0,9425177453.0,0.1242264515457182
엘티씨,2025,Q2,61344515924.0,4911706283.0,0.0800675693502111
엘티씨,2025,Q3,67932756748.0,8225956822.0,0.1210896953956189
엘티씨,2025,Q4,105236514941.0,7066594465.0,0.067149643533538
엘티씨,2026,Q1,98838154623.0,18100170920.0,0.1831293895463728
한국피아이엠,2025,Q1,8635396915.0,529943213.0,0.061368715093972
한국피아이엠,2025,Q2,8917186352.0,116280820.0,0.0130400796181544
한국피아이엠,2025,Q3,11199014243.0,260937455.0,0.0233000377835129
한국피아이엠,2025,Q4,8179513009.0,548389775.0,0.067044306231508
한국피아이엠,2026,Q1,8312694009.0,-747379845.0,-0.0899082588858468
에프에스티,2023,Q1,47049668907.0,-2147854441.0,-0.0456507875803658
에프에스티,2023,Q2,54241349075.0,1229615079.0,0.0226693306853374
에프에스티,2023,Q3,55283564320.0,1677381266.0,0.0303414095424591
에프에스티,2023,Q4,41034036960.0,-11541544799.0,-0.2812675928096156
에프에스티,2024,Q1,49614048789.0,-2979541575.0,-0.0600543928126381
에프에스티,2024,Q2,51264615593.0,656801530.0,0.0128119858581302
에프에스티,2024,Q3,58450635787.0,297078332.0,0.0050825509081301
에프에스티,2024,Q4,78079150373.0,4312933513.0,0.0552379667606043
에프에스티,2025,Q1,68494438290.0,2754422354.0,0.0402138103876112
에프에스티,2025,Q2,75999145398.0,1730010718.0,0.022763554891836
에프에스티,2025,Q3,65499988910.0,-1872319549.0,-0.0285850361222603
에프에스티,2025,Q4,70269160957.0,-3158640492.0,-0.0449505935318179
에프에스티,2026,Q1,69555635448.0,1420764575.0,0.0204263042936638
유한양행,2023,Q1,443047818557.0,22630010546.0,0.05107803175672
유한양행,2023,Q2,495722476266.0,27296041160.0,0.0550631501835579
유한양행,2023,Q3,483063443680.0,883255315.0,0.0018284457798572
유한양행,2023,Q4,437150021163.0,5950488041.0,0.0136120044674119
유한양행,2024,Q1,444593457592.0,577136746.0,0.0012981224445494
유한양행,2024,Q2,528312352203.0,18542379417.0,0.0350973800625339
유한양행,2024,Q3,598784904117.0,47577974423.0,0.0794575382510035
유한양행,2024,Q4,496100737942.0,-11817170977.0,-0.0238201036064202
유한양행,2025,Q1,491563987277.0,6419671960.0,0.0130596872963813
유한양행,2025,Q2,578987017426.0,49861015710.0,0.0861176748516173
유한양행,2025,Q3,570013578017.0,22013818741.0,0.0386198146675436
유한양행,2025,Q4,546073003638.0,26079987412.0,0.0477591590103377
유한양행,2026,Q1,526779877219.0,8815193577.0,0.0167341122131269
한화엔진,2023,Q1,199346870618.0,4074102914.0,0.020437255430044
한화엔진,2023,Q2,189045667814.0,3473368334.0,0.0183731707484426
한화엔진,2026,Q1,345239424400.0,51378938345.0,0.1488211794880979
드림텍,2023,Q1,306112946815.0,11328316858.0,0.0370069837812063
드림텍,2023,Q2,199255189235.0,-2209367081.0,-0.0110881281912025
드림텍,2023,Q3,276974172655.0,17547457486.0,0.0633541290792379
드림텍,2023,Q4,248038464834.0,7379156775.0,0.0297500501784612
드림텍,2024,Q1,284110552587.0,11953596772.0,0.0420737514434265
드림텍,2024,Q2,266507014801.0,2284278660.0,0.0085711764911916
드림텍,2024,Q3,329619092618.0,7650845605.0,0.0232111724604092
드림텍,2024,Q4,292444180819.0,1665553152.0,0.0056952856689969
드림텍,2025,Q1,341185439061.0,9940398071.0,0.0291348836525897
드림텍,2025,Q2,291394805606.0,8824592378.0,0.0302839728376348
드림텍,2025,Q3,322527326934.0,10554892907.0,0.0327255771079511
드림텍,2025,Q4,275513802683.0,2053337248.0,0.0074527563701137
드림텍,2026,Q1,260705836952.0,413048561.0,0.0015843471931011
한국항공우주,2023,Q1,568745902535.0,19398657454.0,0.0341077753132581
한국항공우주,2023,Q2,733450213207.0,8388149913.0,0.0114365634666911
한국항공우주,2023,Q3,1007116555474.0,65380821139.0,0.0649188227356946
한국항공우주,2023,Q4,1510031711230.0,154342854649.0,0.1022116644976148
한국항공우주,2024,Q1,739922390124.0,48011991363.0,0.0648878747336648
한국항공우주,2024,Q2,891809660832.0,74295976832.0,0.0833092307642044
한국항공우주,2024,Q3,907208791321.0,76279139685.0,0.0840811292998261
한국항공우주,2024,Q4,1094801263563.0,42131202520.0,0.0384829684822295
한국항공우주,2025,Q1,699256592260.0,46812915045.0,0.0669466910475602
한국항공우주,2025,Q2,828336336027.0,85215939637.0,0.1028760129559526
한국항공우주,2025,Q3,702116311024.0,60191688727.0,0.0857289423161435
한국항공우주,2025,Q4,1466670112290.0,76969653251.0,0.052479185746018
한국항공우주,2026,Q1,1092687418220.0,67143247058.0,0.0614478083470358
SK오션플랜트,2023,Q1,219699534402.0,18572558515.0,0.0845361760349316
SK오션플랜트,2023,Q2,257941560619.0,30110786423.0,0.1167349160435452
SK오션플랜트,2023,Q3,236996967057.0,16380171432.0,0.0691155318796143
SK오션플랜트,2023,Q4,211197613768.0,10540779944.0,0.0499095598474849
SK오션플랜트,2024,Q1,127081523516.0,8945120042.0,0.070388832259111
SK오션플랜트,2024,Q2,173356964333.0,14981324850.0,0.0864189385620671
SK오션플랜트,2024,Q3,199182923937.0,15196143905.0,0.0762924030064265
SK오션플랜트,2024,Q4,162994315005.0,2674694365.0,0.0164097402103745
SK오션플랜트,2025,Q1,257135520621.0,11040832448.0,0.0429377956858532
SK오션플랜트,2025,Q2,240624810043.0,15550811204.0,0.0646267988792221
SK오션플랜트,2025,Q3,293156089561.0,19253603729.0,0.0656769701009185
SK오션플랜트,2025,Q4,174472010538.0,13664246597.0,0.0783177000990879
SK오션플랜트,2026,Q1,174656154986.0,16858004481.0,0.0965211016030399
OCI홀딩스,2023,Q1,719559346000.0,203389493000.0,0.2826583993810012
OCI홀딩스,2023,Q2,594272580000.0,131945674000.0,0.2220288777247639
OCI홀딩스,2023,Q3,690258453000.0,130754213000.0,0.1894279054920896
OCI홀딩스,2023,Q4,645601514000.0,65127917000.0,0.1008794365993385
OCI홀딩스,2024,Q1,864763127000.0,99266616000.0,0.1147905280656121
OCI홀딩스,2024,Q2,949857051000.0,89552846000.0,0.0942803402951208
OCI홀딩스,2024,Q3,908847145000.0,20511509000.0,0.0225687114855821
OCI홀딩스,2024,Q4,853916026000.0,-107803242000.0,-0.1262457182177302
OCI홀딩스,2025,Q1,948132888000.0,48710926000.0,0.0513756316403613
OCI홀딩스,2025,Q2,776231951000.0,-80341806000.0,-0.1035023176983344
OCI홀딩스,2025,Q3,845110460000.0,-53340928000.0,-0.0631171077920394
OCI홀딩스,2025,Q4,810585091000.0,27344744000.0,0.0337345755598162
OCI홀딩스,2026,Q1,892359113000.0,10862402000.0,0.0121726800810964
RF머트리얼즈,2023,Q1,12015938846.0,11107062.0,0.0009243607297233
RF머트리얼즈,2023,Q2,13058462232.0,437035493.0,0.0334676078419889
RF머트리얼즈,2023,Q3,9130695221.0,-1230227580.0,-0.1347353679236338
RF머트리얼즈,2023,Q4,13706889092.0,747458981.0,0.0545316282916634
RF머트리얼즈,2024,Q1,10526978629.0,-260209996.0,-0.0247183931088419
RF머트리얼즈,2024,Q2,11385585942.0,-602118808.0,-0.0528843057412494
RF머트리얼즈,2024,Q3,7710132142.0,-1006054380.0,-0.1304847130335992
RF머트리얼즈,2024,Q4,14874279472.0,415431045.0,0.0279294903515848
RF머트리얼즈,2025,Q1,11806070877.0,836858097.0,0.0708837093829688
RF머트리얼즈,2025,Q2,16563164568.0,1873048782.0,0.1130852002532611
RF머트리얼즈,2025,Q3,14588740549.0,1891082398.0,0.1296261587248274
RF머트리얼즈,2025,Q4,21126405237.0,2769301308.0,0.1310824665594291
RF머트리얼즈,2026,Q1,20023519174.0,3195696450.0,0.1595971428513687
롯데케미칼,2023,Q1,4932297675348.0,-26183542281.0,-0.0053085892223957
롯데케미칼,2023,Q2,5002378822228.0,-77046906772.0,-0.0154020536049055
롯데케미칼,2023,Q3,4815652870911.0,28082997465.0,0.005831607513622
롯데케미칼,2023,Q4,5196067261415.0,-272555047885.0,-0.0524541031077371
롯데케미칼,2024,Q1,5086124357788.0,,
롯데케미칼,2024,Q2,5248011923155.0,,
롯데케미칼,2024,Q3,5200177481313.0,,
롯데케미칼,2024,Q4,4896061803101.0,,
롯데케미칼,2025,Q1,4901760589377.0,,
롯데케미칼,2025,Q2,4197070355158.0,,
롯데케미칼,2025,Q3,4786058197528.0,,
롯데케미칼,2025,Q4,4709943189430.0,,
롯데케미칼,2026,Q1,4990520929713.0,,
인텔리안테크,2023,Q1,64393461578.0,776979479.0,0.0120661237951751
인텔리안테크,2023,Q2,87594794965.0,7771044233.0,0.0887158219401627
인텔리안테크,2023,Q3,66774944042.0,-1577843732.0,-0.0236292782365728
인텔리안테크,2023,Q4,86279646466.0,3755370547.0,0.0435255671623535
인텔리안테크,2024,Q1,46697934211.0,-9345658844.0,-0.2001300272036138
인텔리안테크,2024,Q2,71699403378.0,910464541.0,0.0126983558872871
인텔리안테크,2024,Q3,62360862093.0,-5735455232.0,-0.091972032449561
인텔리안테크,2024,Q4,77011249201.0,-5273043243.0,-0.0684710778971694
인텔리안테크,2025,Q1,43350439171.0,-12038860310.0,-0.2777102271677468
인텔리안테크,2025,Q2,74736003382.0,1763174467.0,0.0235920357954899
인텔리안테크,2025,Q3,77226483698.0,2373046193.0,0.0307283988518754
인텔리안테크,2025,Q4,124315424789.0,19856310876.0,0.1597252385188887
인텔리안테크,2026,Q1,64723573305.0,593389685.0,0.009168061259593
CJ ENM,2023,Q1,948985957109.0,-50343560773.0,-0.053049847993923
CJ ENM,2023,Q2,1048878278451.0,-30363248922.0,-0.0289483055811213
CJ ENM,2023,Q3,1110868086947.0,7405467192.0,0.0066663785547683
CJ ENM,2023,Q4,1259628334005.0,58700964915.0,0.0466018136701956
CJ ENM,2024,Q1,1154143153636.0,12333145568.0,0.0106859755907625
CJ ENM,2024,Q2,1164731113925.0,35326550939.0,0.0303302200109979
CJ ENM,2024,Q3,1124550173902.0,15833850699.0,0.0140801638436986
CJ ENM,2024,Q4,1787935632039.0,40984697291.0,0.0229229154319499
CJ ENM,2025,Q1,1138278309590.0,704502395.0,0.0006189192828015
CJ ENM,2025,Q2,,28610310690.0,
CJ ENM,2025,Q3,,17571069824.0,
CJ ENM,2025,Q4,,86001859036.0,
CJ ENM,2026,Q1,1329666314729.0,1459647025.0,0.0010977543830592
코리아써키트,2023,Q1,336695752023.0,-14642016183.0,-0.0434873802090612
코리아써키트,2023,Q2,332753335328.0,-7484670984.0,-0.0224931508999669
코리아써키트,2023,Q3,350313808200.0,-1073030802.0,-0.0030630559711976
코리아써키트,2023,Q4,312471548691.0,-8901506802.0,-0.0284874153800242
코리아써키트,2024,Q1,354863244347.0,,
코리아써키트,2024,Q2,375450919694.0,,
코리아써키트,2024,Q3,341347836036.0,-9632057518.0,-0.0282177195843836
코리아써키트,2024,Q4,335294573585.0,-9859300597.0,-0.0294048916198776
코리아써키트,2025,Q1,354587792750.0,-1666527708.0,-0.0046999015253042
코리아써키트,2025,Q2,331347811712.0,6155917919.0,0.0185784173047461
코리아써키트,2025,Q3,375651814658.0,13264646929.0,0.0353110151779151
코리아써키트,2025,Q4,448137713958.0,36062215944.0,0.08047128108343
코리아써키트,2026,Q1,419900611488.0,26443486523.0,0.0629755846967984
아세아시멘트,2023,Q1,265523034477.0,15874698523.0,0.0597865211742113
아세아시멘트,2023,Q2,332436190556.0,46997103545.0,0.14137180271016
아세아시멘트,2023,Q3,288432186346.0,43762602628.0,0.1517257944836395
아세아시멘트,2023,Q4,314063498115.0,40252226085.0,0.1281658846908115
아세아시멘트,2024,Q1,262809150550.0,32628220330.0,0.1241517666402274
아세아시멘트,2024,Q2,306503109264.0,56872777584.0,0.1855536725893825
아세아시멘트,2024,Q3,245985900272.0,28406530794.0,0.1154803212809732
아세아시멘트,2024,Q4,295040286914.0,22841643292.0,0.0774187265438025
아세아시멘트,2025,Q1,220455197000.0,10007123000.0,0.0453930011003551
아세아시멘트,2025,Q2,284358119000.0,40564681000.0,0.1426535002505063
아세아시멘트,2025,Q3,243810256000.0,18992398000.0,0.0778982734836224
아세아시멘트,2025,Q4,274166171000.0,7570269000.0,0.0276119733240174
아세아시멘트,2026,Q1,240591502000.0,11412292000.0,0.0474343104603919
선익시스템,2023,Q1,15192786994.0,-2552449058.0,-0.1680040047298776
선익시스템,2023,Q2,5050325377.0,-5030572233.0,-0.996088738343482
선익시스템,2023,Q3,20418914708.0,102334403.0,0.0050117454557908
선익시스템,2023,Q4,21750775349.0,3423300701.0,0.1573875250914854
선익시스템,2024,Q1,17328404380.0,-1153663944.0,-0.0665764670941964
선익시스템,2024,Q2,42593689227.0,7438877651.0,0.174647413408006
선익시스템,2024,Q3,12856464026.0,-1564210912.0,-0.1216672724970606
선익시스템,2024,Q4,40146490323.0,3185580318.0,0.0793489117571748
선익시스템,2025,Q1,15893871978.0,-1794502313.0,-0.112905295543082
선익시스템,2025,Q2,190054705124.0,39961738195.0,0.2102643981843396
선익시스템,2025,Q3,88763491261.0,19797084035.0,0.223031831598294
선익시스템,2025,Q4,221048965214.0,53561228179.0,0.2423048129953776
선익시스템,2026,Q1,16098564434.0,1474918893.0,0.0916180383068807
씨엠티엑스,2025,Q2,77349935666.0,26313067974.0,0.3401821571981758
씨엠티엑스,2025,Q3,41026985980.0,15464799583.0,0.3769421324427498
씨엠티엑스,2025,Q4,42178841118.0,10004076632.0,0.2371823494157291
씨엠티엑스,2026,Q1,44120897019.0,13509729007.0,0.3061979678514296
대덕전자,2023,Q1,217653391485.0,10273274501.0,0.0472001581547053
대덕전자,2023,Q2,219859008107.0,5611809450.0,0.0255245827692848
대덕전자,2023,Q3,237787428203.0,1416236954.0,0.0059558949970683
대덕전자,2023,Q4,234351659100.0,6430722980.0,0.0274404841198753
대덕전자,2024,Q1,214765964593.0,-2885885635.0,-0.013437350934395
대덕전자,2024,Q2,238238516857.0,10903641724.0,0.0457677535431635
대덕전자,2024,Q3,232654029818.0,9218191469.0,0.0396218860950364
대덕전자,2024,Q4,206477392484.0,-5976458497.0,-0.0289448565051165
대덕전자,2025,Q1,215375771235.0,-6201501633.0,-0.02879386849059
대덕전자,2025,Q2,245857719982.0,1866095223.0,0.0075901428807548
대덕전자,2025,Q3,286173331095.0,24447836803.0,0.0854301716706234
대덕전자,2025,Q4,317887737499.0,28949052994.0,0.091066906895366
대덕전자,2026,Q1,346314163690.0,51298108850.0,0.1481259336996653
한화비전,2024,Q3,139525266140.0,5424240528.0,0.0388764033788497
한화비전,2024,Q4,353797096794.0,-5544602603.0,-0.0156717018122632
한화비전,2025,Q1,451805860293.0,44297137678.0,0.0980446283925421
한화비전,2025,Q2,457161852438.0,56267894060.0,0.1230809039729119
한화비전,2025,Q3,422742391618.0,31157096955.0,0.0737023245663857
한화비전,2025,Q4,459211764776.0,30545075643.0,0.0665163177121554
한화비전,2026,Q1,441377807050.0,22093126501.0,0.0500549102109641
SK하이닉스,2023,Q1,5088111000000.0,-3402302000000.0,-0.6686768429383715
SK하이닉스,2023,Q2,7305933000000.0,-2882084000000.0,-0.394485413430427
SK하이닉스,2023,Q3,9066171000000.0,-1791961000000.0,-0.1976535628988246
SK하이닉스,2023,Q4,11305505000000.0,346034000000.0,0.0306075668446478
SK하이닉스,2024,Q1,12429598000000.0,2886029000000.0,0.2321900515205721
SK하이닉스,2024,Q2,16423258000000.0,5468536000000.0,0.3329751015297939
SK하이닉스,2024,Q3,17573069000000.0,7029958000000.0,0.4000415635993917
SK하이닉스,2024,Q4,19767035000000.0,8082796000000.0,0.4089028020641436
SK하이닉스,2025,Q1,17639141000000.0,7440504000000.0,0.4218178198133344
SK하이닉스,2025,Q2,22231952000000.0,9212851000000.0,0.4143968554807963
SK하이닉스,2025,Q3,24448929000000.0,11383390000000.0,0.4655987180460952
SK하이닉스,2025,Q4,32826653000000.0,19169574000000.0,0.5839637077834283
SK하이닉스,2026,Q1,52576287000000.0,37610283000000.0,0.7153468825213922
한미반도체,2023,Q1,26524032132.0,2074898916.0,0.0782271302369873
한미반도체,2023,Q2,49070266014.0,11176246626.0,0.2277600578487053
한미반도체,2023,Q3,31199154510.0,2902894216.0,0.0930440026850586
한미반도체,2023,Q4,52215075710.0,18417371234.0,0.3527213354298131
한미반도체,2024,Q1,77317697365.0,28705687176.0,0.3712692973833236
한미반도체,2024,Q2,123477831465.0,55438446471.0,0.448974895438734
한미반도체,2024,Q3,208525481067.0,99304856058.0,0.4762240832624814
한미반도체,2024,Q4,149596181650.0,71942615149.0,0.4809121085544766
한미반도체,2025,Q1,147391786483.0,69632218786.0,0.4724294375387824
한미반도체,2025,Q2,180047311088.0,86308097687.0,0.4793634360071949
한미반도체,2025,Q3,166231357101.0,67822011689.0,0.4079977019485694
한미반도체,2025,Q4,83014164855.0,27627813980.0,0.3328084312870848
한미반도체,2026,Q1,50902076570.0,8456257107.0,0.1661279396994942
브이엠,2023,Q1,11010781850.0,-640148614.0,-0.0581383431913147
브이엠,2023,Q2,4221516041.0,-1560653860.0,-0.3696903777796163
브이엠,2023,Q3,7103777416.0,-4516528555.0,-0.6357925214305448
브이엠,2023,Q4,3672476023.0,-4245541758.0,-1.1560434244937206
브이엠,2024,Q1,8229005768.0,-5255855543.0,-0.6386987311928203
브이엠,2024,Q2,19728035756.0,276238529.0,0.0140023331474339
브이엠,2024,Q3,9346192411.0,-2161341853.0,-0.2312537296424808
브이엠,2024,Q4,32974177625.0,-1458665907.0,-0.044236612163273
브이엠,2025,Q1,17908198957.0,1879761454.0,0.1049665272601427
브이엠,2025,Q2,39209331210.0,4423926410.0,0.1128284077661522
브이엠,2025,Q3,36449756504.0,9042315781.0,0.248076164240156
브이엠,2025,Q4,50844500866.0,9327084085.0,0.1834433208338775
브이엠,2026,Q1,88892694637.0,30143186813.0,0.339096333349911
HJ중공업,2023,Q1,405021000000.0,-11091000000.0,-0.0273837652862444
HJ중공업,2023,Q2,501378000000.0,-75172000000.0,-0.1499307907407185
HJ중공업,2023,Q3,490517000000.0,-40924000000.0,-0.0834303398251232
HJ중공업,2023,Q4,765157000000.0,18400000000.0,0.0240473523734344
HJ중공업,2024,Q1,467581000000.0,11899000000.0,0.025447997245397
HJ중공업,2024,Q2,484800000000.0,-39544000000.0,-0.0815676567656765
HJ중공업,2024,Q3,453768000000.0,32907000000.0,0.0725194372454646
HJ중공업,2024,Q4,479813000000.0,1990000000.0,0.0041474491103825
HJ중공업,2025,Q1,410066000000.0,5454000000.0,0.0133002980008096
HJ중공업,2025,Q2,507777000000.0,5339000000.0,0.010514458118426
HJ중공업,2025,Q3,452208000000.0,5794000000.0,0.0128126879665994
HJ중공업,2025,Q4,629654000000.0,50487000000.0,0.0801821317739584
HJ중공업,2026,Q1,541400000000.0,24581000000.0,0.0454026597709641
LG디스플레이,2023,Q1,4411056000000.0,-1098358000000.0,-0.2490011462107939
LG디스플레이,2023,Q2,4738571000000.0,-881470000000.0,-0.1860202157992356
LG디스플레이,2023,Q3,4785287000000.0,-662080000000.0,-0.138357427673617
LG디스플레이,2023,Q4,7395905000000.0,131744000000.0,0.0178131006279826
LG디스플레이,2024,Q1,5252975000000.0,-469432000000.0,-0.089364978892913
LG디스플레이,2024,Q2,6708199000000.0,-93673000000.0,-0.013963956644697
LG디스플레이,2024,Q3,6821301000000.0,-80599000000.0,-0.011815781183091
LG디스플레이,2024,Q4,7832872000000.0,,
LG디스플레이,2025,Q1,6065298000000.0,,
LG디스플레이,2025,Q2,5586956000000.0,,
LG디스플레이,2025,Q3,6956978000000.0,431037000000.0,0.0619575051121334
LG디스플레이,2025,Q4,7200850000000.0,168509000000.0,0.0234012651284223
LG디스플레이,2026,Q1,5534002000000.0,146719000000.0,0.0265122780945868
씨어스,2025,Q2,7954083649.0,1485484198.0,0.1867574271973814
씨어스,2025,Q3,15737059302.0,6726422650.0,0.4274256403891894
씨어스,2025,Q4,20411666730.0,8703289755.0,0.4263880000650981
씨어스,2026,Q1,32525756271.0,13854047603.0,0.4259408294020909
큐렉소,2025,Q1,19709338791.0,842859055.0,0.0427644511029908
큐렉소,2025,Q2,16794769259.0,-205403768.0,-0.0122302226861454
큐렉소,2025,Q3,17227825501.0,341181360.0,0.0198040872877541
큐렉소,2025,Q4,20799882849.0,1383167831.0,0.0664988279521246
큐렉소,2026,Q1,16095442337.0,-912710414.0,-0.0567061404644886
RFHIC,2023,Q1,30777386687.0,1463276677.0,0.047543889670726
RFHIC,2023,Q2,24294419414.0,-5231094947.0,-0.2153208462345681
RFHIC,2023,Q3,20040967074.0,-4415233077.0,-0.2203103802674308
RFHIC,2023,Q4,36320225604.0,8486075626.0,0.2336460053559088
RFHIC,2024,Q1,25563377511.0,402079703.0,0.0157287393978743
RFHIC,2024,Q2,26074181227.0,-211175270.0,-0.0080990182649082
RFHIC,2024,Q3,24585252655.0,-1123667525.0,-0.0457049411193045
RFHIC,2024,Q4,38653151627.0,2462551357.0,0.0637089410137479
RFHIC,2025,Q1,31874060282.0,3735378140.0,0.1171917887759487
RFHIC,2025,Q2,44638672150.0,8305469280.0,0.1860599538465438
RFHIC,2025,Q3,40496598375.0,7362813800.0,0.1818131422254301
RFHIC,2025,Q4,68794455517.0,11485832303.0,0.1669586918986763
RFHIC,2026,Q1,43070273507.0,7737724902.0,0.1796534888672677
해성디에스,2023,Q1,192397438167.0,31097770096.0,0.1616329738705111
해성디에스,2023,Q2,179219582100.0,35721344264.0,0.1993160783293669
해성디에스,2023,Q3,155486874870.0,19355817086.0,0.1244852152452294
해성디에스,2023,Q4,145141383038.0,16337007295.0,0.112559264305224
해성디에스,2024,Q1,154904425555.0,20883124339.0,0.1348129613739491
해성디에스,2024,Q2,153470183276.0,18009547844.0,0.1173488391006331
해성디에스,2024,Q3,149422700483.0,11709776726.0,0.0783667855563367
해성디에스,2024,Q4,145196294696.0,6267365028.0,0.043164772497274
해성디에스,2025,Q1,137478273534.0,354674816.0,0.0025798608527934
해성디에스,2025,Q2,157382615237.0,8228054891.0,0.0522805830784391
해성디에스,2025,Q3,178588544592.0,16112702890.0,0.0902224883841837
해성디에스,2025,Q4,179947449012.0,21795659839.0,0.1211223607707077
해성디에스,2026,Q1,188652143902.0,10978261787.0,0.0581931461786245
티엘비,2023,Q1,41477943795.0,1543331497.0,0.0372084861445335
티엘비,2023,Q2,42437066403.0,1510813945.0,0.0356012814517545
티엘비,2023,Q3,39311743072.0,-1156827358.0,-0.0294270176695359
티엘비,2023,Q4,48079940132.0,1147644650.0,0.0238695107949224
티엘비,2024,Q1,44248281865.0,-260675938.0,-0.0058912103931021
티엘비,2024,Q2,39483666290.0,-59464568.0,-0.0015060548724944
티엘비,2024,Q3,46445501708.0,2769640334.0,0.0596320468538063
티엘비,2024,Q4,49823864955.0,908468162.0,0.0182335947406029
티엘비,2025,Q1,52989764892.0,1873584037.0,0.0353574702740917
티엘비,2025,Q2,64053168694.0,6856979236.0,0.1070513664789593
티엘비,2025,Q3,68887950289.0,8652412088.0,0.1256012416061334
티엘비,2025,Q4,72566838514.0,8579643355.0,0.1182309100229682
티엘비,2026,Q1,75834744244.0,10718407573.0,0.1413390086543086
두산에너빌리티,2023,Q1,4041041770152.0,364574487315.0,0.0902179457801761
두산에너빌리티,2023,Q2,4539361761447.0,494650309980.0,0.1089691317799535
두산에너빌리티,2023,Q3,4154979828838.0,311389399906.0,0.0749436610365168
두산에너빌리티,2023,Q4,4854504349073.0,296704140923.0,0.0611193480503643
두산에너빌리티,2024,Q1,4097866699455.0,358070947327.0,0.087379842632417
두산에너빌리티,2024,Q2,4150487340491.0,309790232880.0,0.0746394838644061
두산에너빌리티,2024,Q3,3395568929747.0,114789581990.0,0.0338056992406727
두산에너빌리티,2024,Q4,4589132030307.0,234949237803.0,0.0511968791160019
두산에너빌리티,2025,Q1,3748574000000.0,142475000000.0,0.0380077864275855
두산에너빌리티,2025,Q2,4569021000000.0,271106000000.0,0.059335687010412
두산에너빌리티,2025,Q3,3880350000000.0,137059000000.0,0.0353212983364902
두산에너빌리티,2025,Q4,4859931000000.0,212072000000.0,0.0436368335270603
두산에너빌리티,2026,Q1,4261130000000.0,233514000000.0,0.0548009565537779
원익IPS,2023,Q1,150357335751.0,-10729505934.0,-0.0713600429297886
원익IPS,2023,Q2,134648817390.0,,
원익IPS,2023,Q3,179913417895.0,,
원익IPS,2023,Q4,225418015742.0,,
원익IPS,2024,Q1,113832940992.0,,
원익IPS,2024,Q2,154901639504.0,,
원익IPS,2024,Q3,184587020217.0,,
원익IPS,2024,Q4,294854886811.0,,
원익IPS,2025,Q1,124198201773.0,,
원익IPS,2025,Q2,242168631002.0,,
원익IPS,2025,Q3,268438240597.0,,
원익IPS,2025,Q4,274990617731.0,,
원익IPS,2026,Q1,164900948116.0,,
삼성중공업,2023,Q1,1605051963194.0,19557062137.0,0.0121846909542306
삼성중공업,2023,Q2,1945786579939.0,58914338193.0,0.0302779034455294
삼성중공업,2023,Q3,2025430336171.0,75874288927.0,0.0374608237923588
삼성중공업,2023,Q4,2433161032804.0,78999078785.0,0.0324676738283781
삼성중공업,2024,Q1,2347795521953.0,77866935302.0,0.0331659782863998
삼성중공업,2024,Q2,2531955020493.0,130728942748.0,0.0516316212926032
삼성중공업,2024,Q3,2322956355625.0,119869330359.0,0.0516020587596225
삼성중공업,2024,Q4,2700371021393.0,174233474679.0,0.0645220502289055
삼성중공업,2025,Q1,2494285868057.0,123076970162.0,0.0493435703333694
삼성중공업,2025,Q2,2682977392293.0,204816240484.0,0.0763391600213799
삼성중공업,2025,Q3,2634818809913.0,238082461600.0,0.09036008878647
삼성중공업,2025,Q4,2837928632555.0,296235207783.0,0.104384304941558
삼성중공업,2026,Q1,2902250597972.0,273118473369.0,0.0941057514329901
한화솔루션,2023,Q1,3100157644194.0,271439639603.0,0.0875567215465169
한화솔루션,2023,Q2,3393033444689.0,194065312502.0,0.0571952253538095
한화솔루션,2023,Q3,2925846376110.0,98337044680.0,0.0336097771513014
한화솔루션,2023,Q4,3869707297937.0,40686966119.0,0.0105142231663595
한화솔루션,2024,Q1,2392856652591.0,-216642938093.0,-0.0905373658127066
한화솔루션,2024,Q2,2679309499303.0,-107756959351.0,-0.0402181828486153
한화솔루션,2024,Q3,2773249323556.0,-80991092159.0,-0.0292044034667424
한화솔루션,2024,Q4,4562927146503.0,102913189287.0,0.0225542039096267
한화솔루션,2025,Q1,3094476000000.0,30314000000.0,0.0097961658128872
한화솔루션,2025,Q2,3117265000000.0,102067000000.0,0.0327424841968841
한화솔루션,2025,Q3,3364316000000.0,-7418000000.0,-0.0022049058411873
한화솔루션,2025,Q4,3756998000000.0,-489722000000.0,-0.1303492841891318
한화솔루션,2026,Q1,3881952000000.0,92610000000.0,0.0238565546405519
SFA,2023,Q1,376800450567.0,25792823979.0,0.0684522110846406
SFA,2023,Q2,418622583134.0,21361756662.0,0.0510286771967153
SFA,2023,Q3,380405743305.0,2239608909.0,0.0058874213873378
SFA,2023,Q4,705369848671.0,36081075438.0,0.0511519956601221
SFA,2024,Q1,572953637435.0,54689256113.0,0.0954514511118787
SFA,2024,Q2,556176217586.0,54458480781.0,0.0979158746078157
SFA,2024,Q3,450514389036.0,-149641970675.0,-0.3321580271724513
SFA,2024,Q4,475107957556.0,-10287776947.0,-0.0216535563831035
SFA,2025,Q1,398385487593.0,29047767809.0,0.0729137197855858
SFA,2025,Q2,444992026297.0,21121709711.0,0.0474653667095211
SFA,2025,Q3,394017361754.0,26703216163.0,0.0677716739286017
SFA,2025,Q4,393555614422.0,8988280505.0,0.0228386539935422
SFA,2026,Q1,361146689778.0,15449174949.0,0.0427781158910711
티엠씨,2025,Q3,79753766784.0,1412844399.0,0.0177150805030495
티엠씨,2025,Q4,75889843510.0,-2104138970.0,-0.0277262262337217
티엠씨,2026,Q1,93948704745.0,975372382.0,0.0103819673155409
한라캐스트,2025,Q3,38035166423.0,2080238744.0,0.0546925106325306
한라캐스트,2025,Q4,41015701250.0,1088688106.0,0.0265432035250159
한라캐스트,2026,Q1,40545889768.0,1497442496.0,0.0369320418066599
이오테크닉스,2023,Q1,83883758743.0,9593216741.0,0.1143632198265143
이오테크닉스,2023,Q2,86856560546.0,10943715847.0,0.1259975732196316
이오테크닉스,2023,Q3,73960526593.0,2952096403.0,0.0399144859966343
이오테크닉스,2023,Q4,71683173595.0,4845726260.0,0.0675992149479553
이오테크닉스,2024,Q1,72839993085.0,5549303150.0,0.0761848390557133
이오테크닉스,2024,Q2,74426708310.0,6574285882.0,0.088332347772482
이오테크닉스,2024,Q3,82969295459.0,10428535845.0,0.1256915077717317
이오테크닉스,2024,Q4,90709499444.0,8648960464.0,0.0953479020060019
이오테크닉스,2025,Q1,84824768259.0,14482418569.0,0.1707333702908572
이오테크닉스,2025,Q2,94250015346.0,25825067486.0,0.2740059764573399
이오테크닉스,2025,Q3,100513672313.0,26002275946.0,0.2586939204154118
이오테크닉스,2025,Q4,101302152660.0,14443512992.0,0.1425785396730581
이오테크닉스,2026,Q1,115101798344.0,29797833538.0,0.2588824324789821
GS건설,2023,Q1,3512681540297.0,158881043942.0,0.0452306997145452
GS건설,2023,Q2,3495056912503.0,-413766684172.0,-0.118386250790886
GS건설,2023,Q3,3107516808054.0,60151231029.0,0.0193566872665342
GS건설,2023,Q4,3321429643617.0,-193210991870.0,-0.0581710325375416
GS건설,2024,Q1,3070913777436.0,70520180021.0,0.022963907531093
GS건설,2024,Q2,3297187514259.0,93432450123.0,0.0283370144157535
GS건설,2024,Q3,3109249477665.0,81790371762.0,0.0263055030963367
GS건설,2024,Q4,3386460699026.0,40211333881.0,0.0118741475111656
GS건설,2025,Q1,3062935006761.0,70376932725.0,0.0229769592138431
GS건설,2025,Q2,3196053298560.0,162060901459.0,0.0507065703603933
GS건설,2025,Q3,3207971834289.0,148473179056.0,0.0462825694007088
GS건설,2025,Q4,2983386860390.0,56897986760.0,0.0190716086858953
GS건설,2026,Q1,2400539000000.0,73468000000.0,0.0306047933401623
이수페타시스,2023,Q1,171976760694.0,20167254892.0,0.1172673261818426
이수페타시스,2023,Q2,163829861781.0,18269182483.0,0.1115131410378736
이수페타시스,2023,Q3,166214488345.0,13164953582.0,0.0792046091353625
이수페타시스,2023,Q4,173311644889.0,10567667444.0,0.0609749417055514
이수페타시스,2024,Q1,199610497176.0,22988538920.0,0.1151669839273563
이수페타시스,2024,Q2,204739981040.0,27501553319.0,0.1343242935713031
이수페타시스,2024,Q3,206412069883.0,25914194363.0,0.1255459255734845
이수페타시스,2024,Q4,226104413186.0,25474549447.0,0.1126671925065164
이수페타시스,2025,Q1,252489862715.0,47684121420.0,0.1888555877343236
이수페타시스,2025,Q2,241419469661.0,42070313737.0,0.1742623069965107
이수페타시스,2025,Q3,296132768434.0,58429667779.0,0.197309024894428
이수페타시스,2025,Q4,297983018366.0,56540428466.0,0.1897437940458532
이수페타시스,2026,Q1,340281879464.0,67221356999.0,0.1975460965035361
삼성전자,2023,Q1,63745371000000.0,640178000000.0,0.0100427370639979
삼성전자,2023,Q2,60005533000000.0,668547000000.0,0.0111414225751481
삼성전자,2023,Q3,67404652000000.0,2433534000000.0,0.0361033538159947
삼성전자,2023,Q4,67779938000000.0,2824717000000.0,0.0416748241935541
삼성전자,2024,Q1,71915601000000.0,6606009000000.0,0.0918578014803769
삼성전자,2024,Q2,74068302000000.0,10443878000000.0,0.1410033404032942
삼성전자,2024,Q3,79098731000000.0,9183371000000.0,0.1161001053228022
삼성전자,2024,Q4,75788269000000.0,6492703000000.0,0.0856689707479662
삼성전자,2025,Q1,79140503000000.0,6685272000000.0,0.0844734585525694
삼성전자,2025,Q2,74566317000000.0,4676057000000.0,0.062710043731944
삼성전자,2025,Q3,86061747000000.0,12166062000000.0,0.1413643392574868
삼성전자,2025,Q4,93837371000000.0,20073660000000.0,0.2139196759892175
삼성전자,2026,Q1,133873444000000.0,57232797000000.0,0.4275141901929407
에이피알,2023,Q1,122178927520.0,23189316994.0,0.189798007436299
에이피알,2023,Q2,127672288171.0,24784940545.0,0.1941293674615111
에이피알,2023,Q3,121938746214.0,21859816810.0,0.179268833645677
에이피알,2023,Q4,152019402654.0,34359650516.0,0.2260214809171657
에이피알,2024,Q1,148928031349.0,27765383701.0,0.1864349071796579
에이피알,2024,Q2,155493932205.0,28011311863.0,0.1801440832177969
에이피알,2024,Q3,174117291161.0,27243326884.0,0.1564653728664379
에이피알,2024,Q4,244214607586.0,39685522001.0,0.1625026545024534
에이피알,2025,Q1,266032725955.0,54568141909.0,0.2051181549680106
에이피알,2025,Q2,327734894608.0,84552442450.0,0.2579903569655963
에이피알,2025,Q3,385942757341.0,96127667281.0,0.2490723441561214
에이피알,2025,Q4,547634595477.0,130272377294.0,0.2378819350894556
에이피알,2026,Q1,593355595556.0,152271694994.0,0.2566280593533711
효성중공업,2023,Q1,846469872679.0,14103598785.0,0.0166616665757558
효성중공업,2023,Q2,1122656960655.0,85739852836.0,0.0763722631586198
효성중공업,2023,Q3,1039433621794.0,94550427279.0,0.0909634105502683
효성중공업,2023,Q4,1292011048123.0,63443068701.0,0.0491041224401048
효성중공업,2024,Q1,984507965956.0,56165368549.0,0.0570491763309004
효성중공업,2024,Q2,1193776288521.0,62659608870.0,0.0524885688152095
효성중공업,2024,Q3,1145184538074.0,111424085469.0,0.0972979303898006
효성중공업,2024,Q4,1571510819669.0,132230424245.0,0.0841422296238794
효성중공업,2025,Q1,1076134826516.0,102387086448.0,0.095143363011008
효성중공업,2025,Q2,1525284991620.0,164261404691.0,0.1076922710139162
효성중공업,2025,Q3,1624136435057.0,219809120666.0,0.1353390736895116
효성중공업,2025,Q4,1742955363416.0,260510805484.0,0.1494649897249391
효성중공업,2026,Q1,1358209344987.0,152322174346.0,0.1121492610165025
금호건설,2023,Q1,516755413604.0,5088360147.0,0.0098467476354283
금호건설,2023,Q2,569561490443.0,5792347778.0,0.01016983745424
금호건설,2023,Q3,519061699778.0,5854251042.0,0.0112785263187475
금호건설,2023,Q4,612247411748.0,5069234743.0,0.008279716084919
금호건설,2024,Q1,494490544097.0,1506314161.0,0.0030461940657545
금호건설,2024,Q2,511156569182.0,-31424769001.0,-0.0614777758824244
금호건설,2024,Q3,387087220942.0,-157375743454.0,-0.4065640376115147
금호건설,2024,Q4,521456752974.0,5466048722.0,0.0104822666325169
금호건설,2025,Q1,468047854087.0,5738142313.0,0.0122597342619872
금호건설,2025,Q2,531191571548.0,16183002717.0,0.030465473444617
금호건설,2025,Q3,523352189285.0,15373250967.0,0.0293745804101876
금호건설,2025,Q4,495896855950.0,9789850193.0,0.0197417065172663
금호건설,2026,Q1,453403404607.0,12117588063.0,0.0267258426819782
두산,2023,Q1,4351122205209.0,338180920923.0,0.0777226896817888
두산,2023,Q2,4968339711745.0,512016633704.0,0.1030558825302562
두산,2023,Q3,4538767477741.0,319742777089.0,0.0704470494814023
두산,2023,Q4,5271900487208.0,266321872735.0,0.0505172420043239
두산,2024,Q1,4462336112179.0,347891672793.0,0.0779617814631899
두산,2024,Q2,4592221587686.0,336734534272.0,0.0733271528479702
두산,2024,Q3,3878513049187.0,110194029983.0,0.0284114114315274
두산,2024,Q4,5199803250947.0,208938762952.0,0.0401820516793491
두산,2025,Q1,4298676000000.0,198460000000.0,0.0461677037301718
두산,2025,Q2,5346439000000.0,357778000000.0,0.0669189342663406
두산,2025,Q3,4452365000000.0,231269000000.0,0.0519429561592546
두산,2025,Q4,5686658000000.0,275208000000.0,0.0483953844243842
두산,2026,Q1,5060267000000.0,340828000000.0,0.0673537582107821
CJ CGV,2023,Q1,,-14096812125.0,
CJ CGV,2023,Q2,,15777372213.0,
CJ CGV,2023,Q3,407590140242.0,30526617028.0,0.0748953765414328
CJ CGV,2023,Q4,342990099283.0,16858619585.0,0.0491519131900364
CJ CGV,2024,Q1,392945522607.0,4540791362.0,0.0115557783477823
CJ CGV,2024,Q2,429940035091.0,22344869877.0,0.0519720613416951
CJ CGV,2024,Q3,547000605219.0,32071228182.0,0.0586310652602656
CJ CGV,2024,Q4,587998051265.0,16976879477.0,0.0288723396964947
CJ CGV,2025,Q1,533590697727.0,3200890054.0,0.0059987740933925
CJ CGV,2025,Q2,491616609098.0,1716783656.0,0.00349211890776
CJ CGV,2025,Q3,583079484314.0,23344089982.0,0.0400358623652564
CJ CGV,2025,Q4,667082568632.0,67955735859.0,0.1018700518563365
CJ CGV,2026,Q1,573377789600.0,8718738801.0,0.0152059234925761
피에스케이홀딩스,2023,Q1,14913281644.0,3496296368.0,0.2344417849445397
피에스케이홀딩스,2023,Q2,25445595570.0,8542269052.0,0.3357071768471875
피에스케이홀딩스,2023,Q3,14855243202.0,934131432.0,0.0628822712154746
피에스케이홀딩스,2023,Q4,39502563528.0,13998058279.0,0.354358224601752
피에스케이홀딩스,2024,Q1,38094447594.0,15420952017.0,0.4048083904865141
피에스케이홀딩스,2024,Q2,40523650200.0,15574828253.0,0.3843392235430953
피에스케이홀딩스,2024,Q3,39056861825.0,14277868297.0,0.3655661932331912
피에스케이홀딩스,2024,Q4,97833135386.0,43209332324.0,0.4416635749587076
피에스케이홀딩스,2025,Q1,31151083814.0,9539175189.0,0.306222898887161
피에스케이홀딩스,2025,Q2,34657233583.0,8450383251.0,0.2438274027487602
피에스케이홀딩스,2025,Q3,90554940235.0,41238258349.0,0.4553949043749816
피에스케이홀딩스,2025,Q4,51400785167.0,14173097980.0,0.2757369937823308
피에스케이홀딩스,2026,Q1,27984804290.0,9171006727.0,0.327713806105735
케이씨텍,2025,Q2,97529632802.0,15557553762.0,0.1595161728290744
케이씨텍,2025,Q3,95963916387.0,14868440045.0,0.1549378204307446
케이씨텍,2025,Q4,111700296827.0,21704055882.0,0.1943061612057751
케이씨텍,2026,Q1,156114880339.0,34810833489.0,0.2229821616838128
이엔에프테크놀로지,2023,Q1,141887711716.0,5233820136.0,0.0368870571855857
이엔에프테크놀로지,2023,Q2,138410265207.0,4513543620.0,0.0326098906988564
이엔에프테크놀로지,2023,Q3,141992610608.0,10374398694.0,0.0730629477800128
이엔에프테크놀로지,2023,Q4,152471779801.0,4570230139.0,0.0299742689759697
이엔에프테크놀로지,2024,Q1,143194750045.0,7513917789.0,0.052473416704444
이엔에프테크놀로지,2024,Q2,150903207039.0,16592641694.0,0.1099555272520598
이엔에프테크놀로지,2024,Q3,166369627502.0,19883421048.0,0.1195135274782109
이엔에프테크놀로지,2024,Q4,121966129788.0,15348285698.0,0.1258405569208287
이엔에프테크놀로지,2025,Q1,157790502872.0,21460067380.0,0.1360035426048959
이엔에프테크놀로지,2025,Q2,164227404225.0,23502016591.0,0.1431065460841177
이엔에프테크놀로지,2025,Q3,172096927557.0,21995984379.0,0.1278116041421758
이엔에프테크놀로지,2025,Q4,176781455147.0,11118723127.0,0.062895302664832
이엔에프테크놀로지,2026,Q1,170869057158.0,24918178957.0,0.1458320152955402
ISC,2023,Q1,46378506853.0,9781778936.0,0.2109118986302006
ISC,2023,Q2,35979810799.0,6477532316.0,0.1800324174072653
ISC,2023,Q3,32917975565.0,-7987701693.0,-0.242654706308638
ISC,2023,Q4,24945646691.0,2465097217.0,0.0988187336866824
ISC,2024,Q1,35072613481.0,8557790669.0,0.2440020808154499
ISC,2024,Q2,49758426475.0,14912035450.0,0.299688645851617
ISC,2024,Q3,50392542092.0,13814068478.0,0.2741292243757044
ISC,2024,Q4,39256511932.0,7500373460.0,0.1910606187577776
ISC,2025,Q1,31683386670.0,6991603462.0,0.2206709634554354
ISC,2025,Q2,51659253551.0,13712859846.0,0.2654482769957591
ISC,2025,Q3,64521775618.0,17420765513.0,0.2699982346446776
ISC,2025,Q4,72330336133.0,21928658294.0,0.3031737368630209
ISC,2026,Q1,68272305646.0,23616393149.0,0.3459146856919378
티에프이,2023,Q1,14960529578.0,1591941530.0,0.1064094370256122
티에프이,2023,Q2,19723206374.0,1889831084.0,0.0958176397977186
티에프이,2023,Q3,20972311718.0,2174362038.0,0.1036777474623267
티에프이,2023,Q4,24669196182.0,3567383889.0,0.1446088418398877
티에프이,2024,Q1,17357664719.0,1339166942.0,0.0771513313386059
티에프이,2024,Q2,18297487628.0,1609642963.0,0.0879707091883379
티에프이,2024,Q3,17250333357.0,243051492.0,0.0140896692817459
티에프이,2024,Q4,20721203092.0,1198859838.0,0.057856671385208
티에프이,2025,Q1,22011566574.0,2975569854.0,0.1351821027366009
티에프이,2025,Q2,25061510253.0,3920022407.0,0.1564160486509687
티에프이,2025,Q3,27219872546.0,4826605353.0,0.1773191753504105
티에프이,2025,Q4,37449464085.0,7333413860.0,0.1958215968953564
티에프이,2026,Q1,32316595812.0,3332925334.0,0.1031335525990765
에스티팜,2023,Q1,50644367796.0,3708886967.0,0.0732339473945005
에스티팜,2023,Q2,57773269981.0,1607889874.0,0.0278310345689068
에스티팜,2023,Q3,55947215542.0,6668587191.0,0.1191942642077306
에스티팜,2023,Q4,120626799090.0,21526297557.0,0.1784536912144967
에스티팜,2024,Q1,51721266686.0,1879456054.0,0.0363381675358065
에스티팜,2024,Q2,44592016777.0,-3058878992.0,-0.0685970093547715
에스티팜,2024,Q3,61702751567.0,6095852391.0,0.0987938501313156
에스티팜,2024,Q4,115735307810.0,22776103739.0,0.1967947739542975
에스티팜,2025,Q1,52419752950.0,1025132554.0,0.0195562263518832
에스티팜,2025,Q2,68250893813.0,12918898204.0,0.1892854068606979
에스티팜,2025,Q3,81910210108.0,14724930873.0,0.1797691747290713
에스티팜,2025,Q4,129100425576.0,26263582119.0,0.2034352869235037
에스티팜,2026,Q1,66961457220.0,11529137999.0,0.1721757332896943
HD현대마린엔진,2023,Q1,21201848087.0,12857189.0,0.0006064183153865
HD현대마린엔진,2023,Q2,75591325977.0,5440311471.0,0.0719700494823349
HD현대마린엔진,2023,Q3,69355948400.0,6592218227.0,0.0950490675865373
HD현대마린엔진,2023,Q4,78871668360.0,5879612844.0,0.0745465763087859
HD현대마린엔진,2024,Q1,61359066233.0,6247218316.0,0.1018141034330169
HD현대마린엔진,2024,Q2,85092789926.0,9004374942.0,0.1058183066959087
HD현대마린엔진,2024,Q3,80788203458.0,8807292932.0,0.1090170662920944
HD현대마린엔진,2024,Q4,88553929096.0,9134769468.0,0.1031548747893177
HD현대마린엔진,2025,Q1,83018602478.0,10272074461.0,0.1237322016318223
HD현대마린엔진,2025,Q2,99233105518.0,17462405744.0,0.1759735891852389
HD현대마린엔진,2025,Q3,109168868171.0,20288215799.0,0.1858425038099775
HD현대마린엔진,2025,Q4,110975645737.0,27888898788.0,0.2513064790277824
HD현대마린엔진,2026,Q1,133460976479.0,32563708123.0,0.2439942294901751
한전기술,2023,Q1,108440624731.0,10044845230.0,0.0926299092698649
한전기술,2023,Q2,120068342841.0,11167090384.0,0.093006117347584
한전기술,2023,Q3,119368534287.0,5218906994.0,0.043720960680074
한전기술,2023,Q4,197214270757.0,2131555726.0,0.0108083239504833
한전기술,2024,Q1,127615356740.0,9125136716.0,0.0715050049547822
한전기술,2024,Q2,127244356813.0,13177763177.0,0.1035626530484665
한전기술,2024,Q3,105867506906.0,5667618160.0,0.0535350111251065
한전기술,2024,Q4,192635757567.0,26835541003.0,0.1393071636436263
한전기술,2025,Q1,96419001317.0,1189851137.0,0.0123404217088713
한전기술,2025,Q2,102267262792.0,-4427718119.0,-0.0432955571325447
한전기술,2025,Q3,114579361149.0,12255160674.0,0.106957837354873
한전기술,2025,Q4,205501995834.0,26435352332.0,0.1286379347544337
한전기술,2026,Q1,113333989070.0,14063114315.0,0.1240855848311666
달바글로벌,2024,Q3,73672161677.0,14044212551.0,0.1906311995102556
달바글로벌,2024,Q4,95331577136.0,13476519665.0,0.1413646985591605
달바글로벌,2025,Q1,113759841458.0,30051140401.0,0.2641629947426996
달바글로벌,2025,Q2,128372734047.0,29230269832.0,0.2276984287122698
달바글로벌,2025,Q3,114165748515.0,16652191024.0,0.1458597805436549
달바글로벌,2025,Q4,163437123886.0,25535813946.0,0.1562424334131799
달바글로벌,2026,Q1,171242032413.0,45090464054.0,0.263314230849884
넥슨게임즈,2023,Q1,52159483328.0,12716233453.0,0.2437952341865651
넥슨게임즈,2023,Q2,43426652000.0,182048033.0,0.004192080775649
넥슨게임즈,2023,Q3,56476395401.0,9551310148.0,0.169120392337059
넥슨게임즈,2023,Q4,41209638804.0,-10435630048.0,-0.2532327472617175
넥슨게임즈,2024,Q1,52630643818.0,2468925815.0,0.0469104239639875
넥슨게임즈,2024,Q2,43593373658.0,-8437600891.0,-0.1935523723672985
넥슨게임즈,2024,Q3,111499182094.0,46832427984.0,0.4200248567251162
넥슨게임즈,2024,Q4,48347897991.0,-2130207869.0,-0.0440599893173543
넥슨게임즈,2025,Q1,51305608201.0,-4892943326.0,-0.095368586350851
넥슨게임즈,2025,Q2,38572109458.0,-21795674502.0,-0.5650630678037625
넥슨게임즈,2025,Q3,50150094484.0,-10478084857.0,-0.2089344988241837
넥슨게임즈,2025,Q4,39289012935.0,-23072892149.0,-0.5872606722691645
넥슨게임즈,2026,Q1,41514124764.0,,
IPARK현대산업개발,2023,Q1,1074911849390.0,50089394557.0,0.0465986067466138
IPARK현대산업개발,2023,Q2,933632896807.0,5733419582.0,0.0061409785383614
IPARK현대산업개발,2023,Q3,1033152031472.0,62025756827.0,0.0600354593879352
IPARK현대산업개발,2023,Q4,1149091370672.0,77464594189.0,0.0674137811544942
IPARK현대산업개발,2024,Q1,955435194851.0,41596991832.0,0.043537219537414
IPARK현대산업개발,2024,Q2,1087158883893.0,53834120811.0,0.0495181721904582
IPARK현대산업개발,2024,Q3,1088599516719.0,47453282791.0,0.043591129760945
IPARK현대산업개발,2024,Q4,1125039606320.0,41752588425.0,0.0371121053787364
IPARK현대산업개발,2025,Q1,905748210984.0,53999321011.0,0.0596184683073626
IPARK현대산업개발,2025,Q2,1163210276482.0,80277863404.0,0.0690140596477461
IPARK현대산업개발,2025,Q3,1053003177434.0,72987400816.0,0.069313561801265
IPARK현대산업개발,2025,Q4,1025045323896.0,41349204206.0,0.0403389033070651
IPARK현대산업개발,2026,Q1,673944517171.0,80140713641.0,0.1189129247276981
켐트로닉스,2023,Q1,130689089110.0,-3055797015.0,-0.0233821892539778
켐트로닉스,2023,Q2,128371964869.0,4476545712.0,0.0348716771342418
켐트로닉스,2023,Q3,145029590545.0,6426708910.0,0.0443130873213484
켐트로닉스,2023,Q4,138166151774.0,11267657194.0,0.0815515019368176
켐트로닉스,2024,Q1,147486822546.0,12483090559.0,0.0846386839414526
켐트로닉스,2024,Q2,160025913725.0,14993676232.0,0.0936953014857719
켐트로닉스,2024,Q3,150908770105.0,7714555144.0,0.0511206548077512
켐트로닉스,2024,Q4,116800344207.0,2128270099.0,0.0182214368754612
켐트로닉스,2025,Q1,149284058846.0,7138859137.0,0.0478206393380848
켐트로닉스,2025,Q2,147729461755.0,6102310674.0,0.0413073370843271
켐트로닉스,2025,Q3,178908145821.0,8061488778.0,0.0450593724562191
켐트로닉스,2025,Q4,161564266763.0,1898394565.0,0.0117500893176135
켐트로닉스,2026,Q1,174530191241.0,7420996750.0,0.0425198454045851
산일전기,2025,Q2,128255019954.0,46190173936.0,0.3601432049409573
산일전기,2025,Q3,132734594216.0,42561373003.0,0.3206501911155094
산일전기,2025,Q4,142127158006.0,52361293747.0,0.3684116004401462
산일전기,2026,Q1,150322981077.0,55480882863.0,0.3690778513405146
세아베스틸지주,2023,Q1,1127251242593.0,71551039302.0,0.063473905903543
세아베스틸지주,2023,Q2,,82297215628.0,
세아베스틸지주,2023,Q3,960394575943.0,41661599372.0,0.0433796695812166
세아베스틸지주,2023,Q4,887930811505.0,1180306379.0,0.001329277420838
세아베스틸지주,2024,Q1,953055352570.0,21274741862.0,0.0223226718202995
세아베스틸지주,2024,Q2,970077373441.0,63658581844.0,0.0656221695164315
세아베스틸지주,2024,Q3,883476214897.0,24422859948.0,0.0276440491958771
세아베스틸지주,2024,Q4,829454316786.0,-57024017304.0,-0.0687488342033817
세아베스틸지주,2025,Q1,899902494839.0,18103104964.0,0.0201167405000236
세아베스틸지주,2025,Q2,964508023158.0,44495774299.0,0.0461331302909348
세아베스틸지주,2025,Q3,925909360482.0,26956604639.0,0.0291136538731687
세아베스틸지주,2025,Q4,861265398475.0,8856508499.0,0.010283135157504
세아베스틸지주,2026,Q1,967600159045.0,31091813341.0,0.0321329146655855
씨젠,2023,Q1,90049850255.0,-13773154459.0,-0.1529503316218479
씨젠,2023,Q2,84927578583.0,-9662867970.0,-0.1137777401784327
씨젠,2023,Q3,91886240361.0,-10094332723.0,-0.109856847808134
씨젠,2023,Q4,100511379781.0,3476876387.0,0.0345918680509174
씨젠,2024,Q1,89946485887.0,-14371081834.0,-0.1597736886803385
씨젠,2024,Q2,100139623963.0,-1136417925.0,-0.0113483342559773
씨젠,2024,Q3,108824263777.0,5256754422.0,0.0483049849321472
씨젠,2024,Q4,115341359594.0,-6228502790.0,-0.0540006014488145
씨젠,2025,Q1,115996860695.0,14846635750.0,0.1279917030602877
씨젠,2025,Q2,114059888071.0,3144788257.0,0.0275713777225735
씨젠,2025,Q3,113543623471.0,9609582784.0,0.0846333989548463
씨젠,2025,Q4,130631213814.0,6948803988.0,0.0531940551198896
씨젠,2026,Q1,129138693834.0,23551052857.0,0.1823702265974089
성광벤드,2023,Q1,68358798012.0,14798711677.0,0.2164858380687467
성광벤드,2023,Q2,65195869986.0,13519558619.0,0.2073683290353078
성광벤드,2023,Q3,57769992344.0,9381679452.0,0.1623971039520898
성광벤드,2023,Q4,63368246699.0,7133489351.0,0.1125719855385011
성광벤드,2024,Q1,57168377134.0,9890994975.0,0.1730151435262185
성광벤드,2024,Q2,66887367076.0,20366297119.0,0.3044864525144042
성광벤드,2024,Q3,45396783922.0,7809920905.0,0.172036876409987
성광벤드,2024,Q4,58230593841.0,3920876483.0,0.0673336166501417
성광벤드,2025,Q1,63698885259.0,10745231359.0,0.1686879027052017
성광벤드,2025,Q2,58108547980.0,10770220498.0,0.1853465776103531
성광벤드,2025,Q3,64561382389.0,11730562117.0,0.1816962661412693
성광벤드,2025,Q4,59301063464.0,8709644587.0,0.14687164239959
성광벤드,2026,Q1,59137475360.0,6569418113.0,0.1110872263824013
고영,2023,Q1,63678263783.0,9713947269.0,0.1525473009456219
고영,2023,Q2,52977878567.0,3086329781.0,0.058256952986458
고영,2023,Q3,50135571145.0,1770998446.0,0.0353241901020333
고영,2023,Q4,58838977903.0,5800950594.0,0.0985902678928797
고영,2024,Q1,53026199370.0,2179831146.0,0.041108568441608
고영,2024,Q2,52474194177.0,3160797440.0,0.0602352735391868
고영,2024,Q3,46298157414.0,694895247.0,0.0150091339658772
고영,2024,Q4,50739576253.0,-2713171115.0,-0.0534724827316543
고영,2025,Q1,51125158085.0,3187486031.0,0.0623467222477929
고영,2025,Q2,52090079755.0,2513135606.0,0.0482459542742161
고영,2025,Q3,60286386588.0,4696263718.0,0.0778992403391911
고영,2025,Q4,69145594228.0,6945453122.0,0.1004467920124908
고영,2026,Q1,72733688371.0,9852134091.0,0.1354548945840094
와이씨,2023,Q1,67843222851.0,2485897284.0,0.0366417923490991
와이씨,2023,Q2,77497082199.0,-62689806.0,-0.0008089311780671
와이씨,2023,Q3,54722272523.0,517874197.0,0.0094636822106087
와이씨,2023,Q4,55119728607.0,5630497238.0,0.1021503077082449
와이씨,2024,Q1,33954456634.0,52967989.0,0.0015599716282003
와이씨,2024,Q2,65027640902.0,9992417718.0,0.1536641584931412
와이씨,2024,Q3,48331894279.0,-549703933.0,-0.0113735234507215
와이씨,2024,Q4,63927219017.0,1103824533.0,0.0172668942896837
와이씨,2025,Q1,38961048044.0,-1505413084.0,-0.0386389268147994
와이씨,2025,Q2,80403850103.0,4364462440.0,0.0542817593238256
와이씨,2025,Q3,66565956328.0,4888638584.0,0.0734405220577243
와이씨,2025,Q4,86699123752.0,9242160347.0,0.1066003893353858
와이씨,2026,Q1,33312450414.0,3994377388.0,0.1199064415363845
솔브레인,2023,Q1,242991382767.0,49054265825.0,0.201876565606597
솔브레인,2023,Q2,218683520665.0,33053029898.0,0.1511454992012578
솔브레인,2023,Q3,187371536774.0,28561678003.0,0.1524333871341939
솔브레인,2023,Q4,194982682259.0,22819402530.0,0.1170329706496111
솔브레인,2024,Q1,210709760712.0,46046286933.0,0.2185294443760319
솔브레인,2024,Q2,216280346684.0,45762569761.0,0.2115891270872714
솔브레인,2024,Q3,219902841661.0,39719603358.0,0.1806234201340214
솔브레인,2024,Q4,216463207401.0,36420296542.0,0.1682516718627895
솔브레인,2025,Q1,209470158720.0,36048750035.0,0.1720949191774212
솔브레인,2025,Q2,228825971310.0,20169987141.0,0.0881455327187266
솔브레인,2025,Q3,241101103647.0,34385648052.0,0.142619206348987
솔브레인,2025,Q4,243984733198.0,43038020294.0,0.1763963659934145
솔브레인,2026,Q1,263804789927.0,44700376084.0,0.1694448993756689
테스,2023,Q1,36279542643.0,-2320183042.0,-0.0639529297497268
테스,2023,Q2,56950003009.0,9411942795.0,0.1652667655436752
테스,2023,Q3,27705445835.0,-5343685030.0,-0.1928748976581845
테스,2023,Q4,26003080776.0,-7609941721.0,-0.292655389050044
테스,2024,Q1,42169447997.0,2383573178.0,0.0565236988202826
테스,2024,Q2,60512548464.0,10010161340.0,0.165422901432671
테스,2024,Q3,50792904846.0,4063006613.0,0.0799916174378825
테스,2024,Q4,86602925113.0,22016993655.0,0.2542292148477906
테스,2025,Q1,84496221173.0,16270467965.0,0.1925585279333069
테스,2025,Q2,82064274419.0,20368092326.0,0.2481968246256042
테스,2025,Q3,67568400439.0,8416197598.0,0.124558189084231
테스,2025,Q4,116986836310.0,12783412667.0,0.1092722315622384
테스,2026,Q1,97242682031.0,22201343547.0,0.2283086303596854
클래시스,2023,Q1,38974115962.0,19891858257.0,0.5103863876321064
클래시스,2023,Q2,45897817208.0,23145916174.0,0.5042923080439141
클래시스,2023,Q3,48246060900.0,24663988290.0,0.5112124768304142
클래시스,2023,Q4,47004803946.0,21920619342.0,0.4663484899795097
클래시스,2024,Q1,50379744695.0,26508577711.0,0.5261753085785462
클래시스,2024,Q2,58742159578.0,31188835568.0,0.5309446535854085
클래시스,2024,Q3,59413228848.0,28950866056.0,0.4872797963912469
클래시스,2024,Q4,74403832253.0,35794314966.0,0.4810816040266092
클래시스,2025,Q1,77113296534.0,38781931592.0,0.5029214588809684
클래시스,2025,Q2,83283805952.0,43010649853.0,0.5164347301537693
클래시스,2025,Q3,82997291548.0,37618140937.0,0.4532454039809747
클래시스,2025,Q4,93425243822.0,51190151685.0,0.5479263375809956
클래시스,2026,Q1,87175298796.0,37199495214.0,0.4267205931929296
후성,2023,Q1,153237657343.0,-17447006755.0,-0.1138558697484355
후성,2023,Q2,140020352620.0,-3022746430.0,-0.0215879075680048
후성,2023,Q3,123871833130.0,-6566353370.0,-0.0530092532263472
후성,2023,Q4,106062056099.0,-19069650178.0,-0.1797971006728371
후성,2024,Q1,108571453024.0,-9422697558.0,-0.086787984277203
후성,2024,Q2,111927952635.0,4243234280.0,0.0379104073656854
후성,2024,Q3,106873860479.0,-1797364187.0,-0.0168176219979736
후성,2024,Q4,110421752844.0,-2598777341.0,-0.0235350125683248
후성,2025,Q1,107117451805.0,-104857430.0,-0.0009789014603417
후성,2025,Q2,124206380449.0,14768093614.0,0.1188996375275896
후성,2025,Q3,120986978116.0,5836834993.0,0.0482434976382644
후성,2025,Q4,119253483174.0,4849776342.0,0.0406677961340869
후성,2026,Q1,141446479946.0,9262065808.0,0.0654810626007517
코미코,2023,Q1,63126132407.0,6776904311.0,0.1073549741223892
코미코,2023,Q2,62808545411.0,6461755711.0,0.1028801999587196
코미코,2023,Q3,91305492026.0,11622711431.0,0.1272947680703624
코미코,2023,Q4,90026727077.0,8167075292.0,0.0907183406213877
코미코,2024,Q1,118018411243.0,27765246206.0,0.235261989324965
코미코,2024,Q2,133556719003.0,36890928137.0,0.2762191854695932
코미코,2024,Q3,127698420532.0,28981478048.0,0.2269525177152642
코미코,2024,Q4,127865093508.0,18824001445.0,0.1472176723807914
코미코,2025,Q1,134961429013.0,31258249606.0,0.2316087628487476
코미코,2025,Q2,146003399733.0,30164038414.0,0.2065981920226633
코미코,2025,Q3,159055801053.0,25847209984.0,0.1625040382864582
코미코,2025,Q4,164089487287.0,23722782570.0,0.1445722267905424
코미코,2026,Q1,157060177518.0,20450359244.0,0.1302071573276827
하나머티리얼즈,2023,Q1,68469788712.0,15704880720.0,0.2293694929607335
하나머티리얼즈,2023,Q2,65178165647.0,12909990212.0,0.1980723158414664
하나머티리얼즈,2023,Q3,53053544967.0,7628939398.0,0.143796977237719
하나머티리얼즈,2023,Q4,46875216973.0,5039000056.0,0.1074981702783893
하나머티리얼즈,2024,Q1,57747565777.0,6551244192.0,0.1134462397479837
하나머티리얼즈,2024,Q2,61312735403.0,9572883829.0,0.1561320623860406
하나머티리얼즈,2024,Q3,63408762063.0,11994377888.0,0.1891596286974179
하나머티리얼즈,2024,Q4,69177128093.0,15293230411.0,0.2210735084353337
하나머티리얼즈,2025,Q1,58634301315.0,8716675300.0,0.1486617066206956
하나머티리얼즈,2025,Q2,64090378835.0,8499384039.0,0.1326155999308659
하나머티리얼즈,2025,Q3,69836435716.0,11998187219.0,0.1718041176641999
하나머티리얼즈,2025,Q4,80920853813.0,20866809840.0,0.2578669015062682
하나머티리얼즈,2026,Q1,93400399352.0,21297587330.0,0.2280245853096981
비에이치,2023,Q1,313916998184.0,8916151238.0,0.0284028940439022
비에이치,2023,Q2,305287755194.0,9706587934.0,0.0317948812844845
비에이치,2023,Q3,456071903351.0,50811945324.0,0.1114121368816143
비에이치,2023,Q4,516715593980.0,15357371188.0,0.0297211297025311
비에이치,2024,Q1,298853176240.0,8422889544.0,0.028184038898204
비에이치,2024,Q2,468477449639.0,31338702976.0,0.0668947950432812
비에이치,2024,Q3,499231995962.0,52585079976.0,0.1053319506789036
비에이치,2024,Q4,487879122450.0,-5293249514.0,-0.0108495101971543
비에이치,2025,Q1,332425921279.0,-25361359171.0,-0.0762917617056541
비에이치,2025,Q2,389731259793.0,16034672646.0,0.0411428958880962
비에이치,2025,Q3,562466135406.0,34483306068.0,0.0613073461624657
비에이치,2025,Q4,508036970064.0,28821801232.0,0.0567317005066957
비에이치,2026,Q1,371555118864.0,10656473757.0,0.0286807346096625
다날,2023,Q1,70881275957.0,1932900113.0,0.0272695445574736
다날,2023,Q2,75040489396.0,738557438.0,0.0098421191538679
다날,2023,Q3,78346380840.0,2456827067.0,0.0313585265925348
다날,2023,Q4,71200087914.0,-1630538365.0,-0.0229007914564581
다날,2024,Q1,68676059021.0,2681701254.0,0.0390485606225596
다날,2024,Q2,67515684318.0,-667386150.0,-0.0098849053629761
다날,2024,Q3,68247633091.0,5528709302.0,0.081009539109263
다날,2024,Q4,56497257532.0,-6149695060.0,-0.1088494438250709
다날,2025,Q1,56667839932.0,2300378280.0,0.0405940703361976
다날,2025,Q2,56539413260.0,1076033845.0,0.0190315707743869
다날,2025,Q3,56298947930.0,2017967283.0,0.0358437831823973
다날,2025,Q4,55870953099.0,-3082220817.0,-0.0551667842776637
다날,2026,Q1,54851160284.0,1186957356.0,0.0216396034259686
원익QnC,2023,Q1,221921002577.0,33221015220.0,0.1496974816904645
원익QnC,2023,Q2,202656265045.0,27962568811.0,0.137980283041291
원익QnC,2023,Q3,179146547494.0,13263827733.0,0.0740389804801805
원익QnC,2023,Q4,202224327839.0,8536002996.0,0.042210564313488
원익QnC,2024,Q1,216353941231.0,32504406479.0,0.1502371821565072
원익QnC,2024,Q2,232978043485.0,36315629833.0,0.1558757610364177
원익QnC,2024,Q3,225114646021.0,29921262171.0,0.1329156618632835
원익QnC,2024,Q4,217092706141.0,-8129340625.0,-0.0374464014452888
원익QnC,2025,Q1,231372707003.0,19075923571.0,0.0824467320199208
원익QnC,2025,Q2,232914663342.0,14091408134.0,0.0605003048404423
원익QnC,2025,Q3,230268568274.0,8000339380.0,0.0347435146705749
원익QnC,2025,Q4,249085554249.0,18442529192.0,0.0740409424689631
원익QnC,2026,Q1,256232792850.0,21862148868.0,0.0853214322211997
티에스이,2023,Q1,44611608169.0,-6556332748.0,-0.146964725484967
티에스이,2023,Q2,57318322966.0,-3506040653.0,-0.0611678861413951
티에스이,2023,Q3,76939712971.0,6764183198.0,0.0879153682383705
티에스이,2023,Q4,70278045739.0,918067909.0,0.0130633670778145
티에스이,2024,Q1,58210845591.0,-3066843774.0,-0.0526850923202216
티에스이,2024,Q2,76048823648.0,8705670590.0,0.1144747567732949
티에스이,2024,Q3,110675924162.0,20588438941.0,0.1860245495747026
티에스이,2024,Q4,103117614564.0,13671586755.0,0.1325824575442901
티에스이,2025,Q1,83031456232.0,3117519357.0,0.0375462445014726
티에스이,2025,Q2,117613948450.0,14802459788.0,0.1258563289735385
티에스이,2025,Q3,104399326045.0,11481525703.0,0.1099770097945942
티에스이,2025,Q4,123856058356.0,19770552249.0,0.159625233609271
티에스이,2026,Q1,150671280313.0,41991772083.0,0.2786979177170828
파크시스템스,2023,Q1,27488218837.0,2183699011.0,0.0794412698745206
파크시스템스,2023,Q2,39444618132.0,10104769610.0,0.2561761296860512
파크시스템스,2023,Q3,32404475956.0,5470091973.0,0.1688066790658023
파크시스템스,2023,Q4,45469063396.0,9801676501.0,0.2155680317325883
파크시스템스,2024,Q1,25664386428.0,509570226.0,0.0198551493693243
파크시스템스,2024,Q2,44696800463.0,12694645397.0,0.2840168706820217
파크시스템스,2024,Q3,41374479728.0,8747594356.0,0.2114248786572681
파크시스템스,2024,Q4,63324182808.0,16578061412.0,0.2617966893037525
파크시스템스,2025,Q1,50909652662.0,13150053946.0,0.2583017808686695
파크시스템스,2025,Q2,52309189062.0,11966820237.0,0.2287708995606145
파크시스템스,2025,Q3,45620559224.0,8634106798.0,0.1892591179254502
파크시스템스,2025,Q4,56774078934.0,8440045214.0,0.1486601874036842
파크시스템스,2026,Q1,39361450726.0,2098076555.0,0.0533028258944258
PS일렉트로닉스,2023,Q1,12325827633.0,1204333082.0,0.0977080905119614
PS일렉트로닉스,2023,Q2,14830911252.0,1326011974.0,0.0894086648803311
PS일렉트로닉스,2023,Q3,14863674487.0,1294451490.0,0.0870882560790837
PS일렉트로닉스,2023,Q4,26128904087.0,2599455139.0,0.0994858081435308
PS일렉트로닉스,2024,Q1,31489821770.0,6157541920.0,0.1955407040717588
PS일렉트로닉스,2024,Q2,27167847182.0,3564980998.0,0.1312205922728382
PS일렉트로닉스,2024,Q3,38843067595.0,2776324655.0,0.0714754221769389
PS일렉트로닉스,2024,Q4,24628923463.0,-1727826588.0,-0.0701543691341487
PS일렉트로닉스,2025,Q1,36012381565.0,1947516776.0,0.0540790886735679
PS일렉트로닉스,2025,Q2,33953647571.0,1688950601.0,0.0497428324149344
PS일렉트로닉스,2025,Q3,26872462510.0,1455737032.0,0.0541720741617289
PS일렉트로닉스,2025,Q4,28638085441.0,-1183575749.0,-0.0413287316793015
PS일렉트로닉스,2026,Q1,35658729216.0,56460345.0,0.0015833526948757
애경산업,2026,Q1,158790581002.0,-1587611283.0,-0.0099981451858281
에스피지,2023,Q1,97880846953.0,6032744381.0,0.0616335531291099
에스피지,2023,Q2,101394147500.0,4838202319.0,0.0477167808822496
에스피지,2023,Q3,97569476584.0,2450910330.0,0.0251196420828387
에스피지,2023,Q4,96941259756.0,2648020817.0,0.0273157252511988
에스피지,2024,Q1,97823862890.0,3072985865.0,0.031413458579687
에스피지,2024,Q2,100368896955.0,3464223226.0,0.0345149078160455
에스피지,2024,Q3,92205717131.0,3310515327.0,0.0359035798430658
에스피지,2024,Q4,98078290509.0,2487502524.0,0.0253624172188414
에스피지,2025,Q1,93295288620.0,4089414047.0,0.0438330178028233
에스피지,2025,Q2,80467181959.0,3920254141.0,0.0487186707122099
에스피지,2025,Q3,84082160608.0,4932927705.0,0.0586679465576275
에스피지,2025,Q4,83825530736.0,4996455998.0,0.059605420378856
에스피지,2026,Q1,80831733473.0,4485708061.0,0.0554943939498507
시노펙스,2023,Q1,78097527776.0,7073442481.0,0.090571912868844
시노펙스,2023,Q2,51307007834.0,4282246404.0,0.0834631872872978
시노펙스,2023,Q3,68213060188.0,6496491629.0,0.0952382375324492
시노펙스,2023,Q4,64555282817.0,6325125550.0,0.0979799835736191
시노펙스,2024,Q1,71166384517.0,8097191913.0,0.1137783234030354
시노펙스,2024,Q2,55760449041.0,3721240548.0,0.0667362012322357
시노펙스,2024,Q3,59686190026.0,3908816583.0,0.0654894638323752
시노펙스,2024,Q4,51726283108.0,5502153714.0,0.1063705602529371
시노펙스,2025,Q1,67251811198.0,6776831746.0,0.1007680183667906
시노펙스,2025,Q2,67652475495.0,5664081563.0,0.083723197437448
시노펙스,2025,Q3,70798467408.0,829463698.0,0.0117158425650648
시노펙스,2025,Q4,55834769772.0,-6511681779.0,-0.1166241359208662
시노펙스,2026,Q1,57232352193.0,1323996895.0,0.0231337144860863
현대건설,2023,Q1,6031081000000.0,173512000000.0,0.0287696351615904
현대건설,2023,Q2,7163359000000.0,223551000000.0,0.0312075661711216
현대건설,2023,Q3,7858530000000.0,243869000000.0,0.0310323940991508
현대건설,2023,Q4,8598387000000.0,144498000000.0,0.0168052449837393
현대건설,2024,Q1,8545258000000.0,250913000000.0,0.0293628349196712
현대건설,2024,Q2,8621236000000.0,147303000000.0,0.0170860651535348
현대건설,2024,Q3,8256906000000.0,114291000000.0,0.013841867643885
현대건설,2024,Q4,7246868000000.0,-1775927000000.0,-0.24506131476384
현대건설,2025,Q1,7455579000000.0,213697000000.0,0.0286626967536659
현대건설,2025,Q2,7720720000000.0,217001000000.0,0.028106316509341
현대건설,2025,Q3,7826469000000.0,103538000000.0,0.0132292097496329
현대건설,2025,Q4,8060144000000.0,118770000000.0,0.0147354687459678
현대건설,2026,Q1,6281265000000.0,180890000000.0,0.0287983391880457
솔루엠,2023,Q1,579591526935.0,50214680045.0,0.0866380506122055
솔루엠,2023,Q2,523482410831.0,44156363931.0,0.0843511892995681
솔루엠,2023,Q3,529102519220.0,45270762705.0,0.0855614196880746
솔루엠,2023,Q4,318911407198.0,14873756154.0,0.046639147482001
솔루엠,2024,Q1,384844557824.0,20290326330.0,0.0527234331822858
솔루엠,2024,Q2,393932007688.0,20565530691.0,0.0522057875207952
솔루엠,2024,Q3,472208845137.0,26972558723.0,0.0571199777403037
솔루엠,2024,Q4,343456844130.0,1258979230.0,0.0036656111284929
솔루엠,2025,Q1,397394365231.0,11471344068.0,0.028866398398306
솔루엠,2025,Q2,402576796316.0,12218680953.0,0.030351180358167
솔루엠,2025,Q3,472601627051.0,14753349319.0,0.0312173053890225
솔루엠,2025,Q4,427673636731.0,8056812637.0,0.0188386936790953
솔루엠,2026,Q1,478221944441.0,21657132715.0,0.0452867815179734
카페24,2023,Q1,68656642296.0,-7078705226.0,-0.1031029917758214
카페24,2023,Q2,76373292827.0,3747630149.0,0.0490699040237677
카페24,2023,Q3,64760643060.0,-3596884232.0,-0.0555412062333526
카페24,2023,Q4,74506874545.0,3956946277.0,0.0531084722203736
카페24,2024,Q1,66851736479.0,2157269007.0,0.0322694535792298
카페24,2024,Q2,75807325204.0,6924888810.0,0.091348544370414
카페24,2024,Q3,76487933089.0,6716838005.0,0.0878156558000385
카페24,2024,Q4,83330214819.0,16144724131.0,0.1937439398910425
카페24,2025,Q1,71248953949.0,5958810483.0,0.0836336556921988
카페24,2025,Q2,79421955567.0,11235522115.0,0.1414661982922564
카페24,2025,Q3,76773795757.0,10043542279.0,0.1308199259912749
카페24,2025,Q4,87319520287.0,12989119490.0,0.1487539034491672
카페24,2026,Q1,75503671256.0,6236010688.0,0.0825921519346577
컴투스,2023,Q1,192672813050.0,-14795919466.0,-0.0767929799320485
컴투스,2023,Q2,228283632852.0,-5326589812.0,-0.0233332094178355
컴투스,2023,Q3,186727666973.0,-1607948387.0,-0.00861119518637
컴투스,2023,Q4,131954608619.0,-11459968009.0,-0.0868478041724864
컴투스,2024,Q1,157772096230.0,1159740611.0,0.0073507333597782
컴투스,2024,Q2,173009456522.0,1374279763.0,0.0079433794581352
컴투스,2024,Q3,172814273034.0,1435779876.0,0.0083082250718811
컴투스,2024,Q4,190347203505.0,2158663313.0,0.0113406620809288
컴투스,2025,Q1,168004789392.0,1673617444.0,0.0099617246035468
컴투스,2025,Q2,184819101683.0,1375090454.0,0.0074401966110545
컴투스,2025,Q3,161198914282.0,-19607053921.0,-0.1216326673683396
컴투스,2025,Q4,182401019992.0,19192264696.0,0.1052201610322231
컴투스,2026,Q1,144732383074.0,5136396025.0,0.035488920419239
하나투어,2023,Q1,82976096152.0,5612350564.0,0.0676381611605226
하나투어,2023,Q2,82403076878.0,4065789501.0,0.0493402631921076
하나투어,2023,Q3,126696887657.0,13213574906.0,0.1042928137411901
하나투어,2023,Q4,119535548776.0,11156271456.0,0.0933301563445862
하나투어,2024,Q1,183336055761.0,21629505521.0,0.1179773691062525
하나투어,2024,Q2,131667885778.0,3665614076.0,0.027839849135122
하나투어,2024,Q3,159392982671.0,12026292349.0,0.0754505759756264
하나투어,2024,Q4,142210069448.0,13597590027.0,0.095616225206697
하나투어,2025,Q1,168451223004.0,12282301697.0,0.072913104921229
하나투어,2025,Q2,119937210957.0,9650066328.0,0.0804593190970544
하나투어,2025,Q3,123286607356.0,8280688000.0,0.0671661600362547
하나투어,2025,Q4,175227930107.0,27413819738.0,0.1564466333720897
하나투어,2026,Q1,174828804322.0,16763342698.0,0.0958843296046642
네오위즈,2023,Q1,68538007826.0,1252407376.0,0.018273180323238
네오위즈,2023,Q2,70143605546.0,-4893372765.0,-0.0697622075014512
네오위즈,2023,Q3,117475092213.0,20246624577.0,0.1723482331070643
네오위즈,2023,Q4,109437021159.0,14987658635.0,0.1369523628866375
네오위즈,2024,Q1,97064024565.0,14843775145.0,0.1529276702828214
네오위즈,2024,Q2,87012071902.0,4743226856.0,0.0545122849314771
네오위즈,2024,Q3,93134334524.0,6464059294.0,0.0694057602605649
네오위즈,2024,Q4,89602161739.0,6868917881.0,0.0766601803760974
네오위즈,2025,Q1,89030194234.0,10228631452.0,0.1148894657594014
네오위즈,2025,Q2,110010328934.0,18585841719.0,0.168946333486108
네오위즈,2025,Q3,127417944281.0,26470459546.0,0.2077451468501454
네오위즈,2025,Q4,106267690090.0,4695202629.0,0.0441827861791627
네오위즈,2026,Q1,101415031092.0,6951449443.0,0.0685445674881655
삼성에스디에스,2023,Q1,3400922518733.0,194294612224.0,0.0571299731628063
삼성에스디에스,2023,Q2,3290765311027.0,206362081305.0,0.0627094495658815
삼성에스디에스,2023,Q3,3208060364091.0,193041540467.0,0.0601739115098284
삼성에스디에스,2023,Q4,3377096011021.0,214532712598.0,0.063525796097559
삼성에스디에스,2024,Q1,3247267716579.0,225867035498.0,0.069556025314707
삼성에스디에스,2024,Q2,3368954228185.0,220919767275.0,0.0655751762451278
삼성에스디에스,2024,Q3,3569686299284.0,252799592132.0,0.0708184335925277
삼성에스디에스,2024,Q4,3642323789752.0,211510512096.0,0.0580702113005723
삼성에스디에스,2025,Q1,3489763580131.0,268545008156.0,0.0769522066437289
삼성에스디에스,2025,Q2,3511984578644.0,230161317475.0,0.0655359704238413
삼성에스디에스,2025,Q3,3391317620506.0,232295633808.0,0.0684971624018337
삼성에스디에스,2025,Q4,3536802718430.0,226100785170.0,0.063928017243316
삼성에스디에스,2026,Q1,3352917582845.0,78340888866.0,0.0233649909162176
휴젤,2023,Q1,64380376483.0,18500145497.0,0.2873569013981312
휴젤,2023,Q2,81555538910.0,27985431121.0,0.3431456832365869
휴젤,2023,Q3,84817212854.0,34552273716.0,0.407373368604749
휴젤,2023,Q4,88946812904.0,36743935621.0,0.4131000810636982
휴젤,2024,Q1,74306211152.0,23955507823.0,0.3223890365503479
휴젤,2024,Q2,95423375602.0,42431041528.0,0.4446608732956066
휴젤,2024,Q3,105108731181.0,53380444489.0,0.507859279521484
휴젤,2024,Q4,98208568063.0,46462176778.0,0.4730969781393705
휴젤,2025,Q1,89820459818.0,38953576820.0,0.4336826698385896
휴젤,2025,Q2,110260417924.0,56670315005.0,0.51396789593217
휴젤,2025,Q3,105898058047.0,47401917345.0,0.4476183814811971
휴젤,2025,Q4,119131047772.0,57825523745.0,0.4853942345547894
휴젤,2026,Q1,116639119757.0,47624980432.0,0.408310526787406
DB하이텍,2023,Q1,298167417121.0,82980879329.0,0.2783029753225026
DB하이텍,2023,Q2,308817373901.0,89928381512.0,0.2912024682290998
DB하이텍,2023,Q3,267801570379.0,50292603714.0,0.1877980164299431
DB하이텍,2023,Q4,279437277539.0,42235591818.0,0.1511451592642479
DB하이텍,2024,Q1,261498168765.0,41041920896.0,0.1569491713453758
DB하이텍,2024,Q2,298387736089.0,67451961546.0,0.2260547381407161
DB하이텍,2024,Q3,287793117958.0,47051581514.0,0.1634909891099849
DB하이텍,2024,Q4,283488686992.0,35293219407.0,0.1244960417344483
DB하이텍,2025,Q1,297380601926.0,52501423092.0,0.1765462264585247
DB하이텍,2025,Q2,337406491433.0,73842437551.0,0.2188530435125406
DB하이텍,2025,Q3,374649575924.0,80579586407.0,0.2150798815353419
DB하이텍,2025,Q4,387796637756.0,70371114124.0,0.1814639614494987
DB하이텍,2026,Q1,374629360230.0,63718313002.0,0.170083607336277
녹십자,2023,Q1,349481781014.0,,
녹십자,2023,Q2,432867682298.0,,
녹십자,2023,Q3,439350043803.0,32754430038.0,0.074552012683278
녹십자,2023,Q4,404944308705.0,-8406356469.0,-0.0207592903228675
녹십자,2024,Q1,356809615063.0,,
녹십자,2024,Q2,417363117829.0,17649631704.0,0.0422884317038079
녹십자,2024,Q3,464865549366.0,39574371979.0,0.0851307911136304
녹십자,2024,Q4,440853659219.0,-10101312568.0,-0.0229130741160119
녹십자,2025,Q1,383778613077.0,,
녹십자,2025,Q2,500259622106.0,,
녹십자,2025,Q3,609486331400.0,29216618161.0,0.0479364616658243
녹십자,2025,Q4,497754527238.0,4601230243.0,0.0092439746726802
녹십자,2026,Q1,435531830460.0,11729720249.0,0.0269319471704543
카카오페이,2023,Q1,141464310493.0,-13012410465.0,-0.091983698359339
카카오페이,2023,Q2,148860078737.0,-12580569852.0,-0.0845127179747556
카카오페이,2023,Q3,158899104803.0,-9525783804.0,-0.0599486310247617
카카오페이,2023,Q4,166139340375.0,-21470932558.0,-0.129234487807265
카카오페이,2024,Q1,176347254894.0,,
카카오페이,2024,Q2,185496810686.0,,
카카오페이,2024,Q3,186209368828.0,,
카카오페이,2024,Q4,218181724987.0,,
카카오페이,2025,Q1,211904505910.0,4411277371.0,0.0208172891466194
카카오페이,2025,Q2,238288944366.0,9328415077.0,0.0391474942399006
카카오페이,2025,Q3,238350040629.0,15800792143.0,0.066292382838711
카카오페이,2025,Q4,269827582456.0,20826192239.0,0.0771833333324849
카카오페이,2026,Q1,300286201521.0,32244154198.0,0.1073780747656001
한일시멘트,2023,Q1,387117141465.0,27324406981.0,0.0705843375408124
한일시멘트,2023,Q2,494098174983.0,84892721515.0,0.171813469090269
한일시멘트,2023,Q3,424474695947.0,69582724566.0,0.163926672733133
한일시멘트,2023,Q4,493810971019.0,64715851279.0,0.1310538952697954
한일시멘트,2024,Q1,411647230774.0,55567212855.0,0.1349874569798992
한일시멘트,2024,Q2,498126903694.0,106995901926.0,0.2147964728115302
한일시멘트,2024,Q3,389403620276.0,73262044075.0,0.1881390933732809
한일시멘트,2024,Q4,442493503363.0,35564353829.0,0.0803726010861333
한일시멘트,2025,Q1,298176368806.0,16958987449.0,0.0568756924531262
한일시멘트,2025,Q2,407647906673.0,47495853427.0,0.116511952225231
한일시멘트,2025,Q3,357792680323.0,50690333477.0,0.141675155096071
한일시멘트,2025,Q4,360242663313.0,17594043310.0,0.0488394215948633
한일시멘트,2026,Q1,293028396374.0,17028128309.0,0.0581108470022357
유진테크,2023,Q1,77541283543.0,9742033338.0,0.1256367304340225
유진테크,2023,Q2,78059889446.0,8541422792.0,0.1094214051879839
유진테크,2023,Q3,50287317840.0,718566527.0,0.014289219585866
유진테크,2023,Q4,70644859947.0,5323706307.0,0.0753587212288907
유진테크,2024,Q1,68404513182.0,3971168756.0,0.0580541922056244
유진테크,2024,Q2,77715635784.0,9902870381.0,0.1274244272867261
유진테크,2024,Q3,77441971743.0,15752377287.0,0.2034087837958989
유진테크,2024,Q4,114505691603.0,31550596473.0,0.2755373643992155
유진테크,2025,Q1,83153710266.0,9202641861.0,0.1106702494881071
유진테크,2025,Q2,104924667101.0,19739955399.0,0.18813455352685
유진테크,2025,Q3,62342721909.0,5182170229.0,0.0831239007588452
유진테크,2025,Q4,99903187828.0,17546945627.0,0.1756394966816273
유진테크,2026,Q1,101873840018.0,18833542927.0,0.1848712380300214
원익머트리얼즈,2023,Q1,132866101756.0,8696291369.0,0.0654515429749732
원익머트리얼즈,2023,Q2,91175438973.0,5001975830.0,0.0548610007951949
원익머트리얼즈,2023,Q3,75490026208.0,4050653863.0,0.0536581329543999
원익머트리얼즈,2023,Q4,92143017803.0,6941051827.0,0.0753291132903833
원익머트리얼즈,2024,Q1,75298571925.0,11353622707.0,0.1507813815952393
원익머트리얼즈,2024,Q2,76483498976.0,15945258898.0,0.2084797258426097
원익머트리얼즈,2024,Q3,79336973001.0,12025485367.0,0.1515747943502763
원익머트리얼즈,2024,Q4,79596161090.0,12595123397.0,0.1582378248463339
원익머트리얼즈,2025,Q1,77995653073.0,14763368112.0,0.189284498947425
원익머트리얼즈,2025,Q2,74996289494.0,11310471924.0,0.1508137535911677
원익머트리얼즈,2025,Q3,82832572704.0,14153534413.0,0.1708691876995935
원익머트리얼즈,2025,Q4,86642897474.0,16270433752.0,0.1877872765841247
원익머트리얼즈,2026,Q1,88180260838.0,15700515063.0,0.1780502225077802
HD현대마린솔루션,2024,Q2,437855158584.0,70985869191.0,0.1621218062625195
HD현대마린솔루션,2024,Q3,461261436630.0,83383349567.0,0.1807724274029996
HD현대마린솔루션,2024,Q4,463372922193.0,65879168782.0,0.1421731085843652
HD현대마린솔루션,2025,Q1,485597828422.0,83006827217.0,0.1709373937827094
HD현대마린솔루션,2025,Q2,467721569416.0,83009935293.0,0.1774772444141216
HD현대마린솔루션,2025,Q3,513176029365.0,93596312581.0,0.1823863688582947
HD현대마린솔루션,2025,Q4,516205232223.0,90528263684.0,0.1753726193245788
HD현대마린솔루션,2026,Q1,574608683128.0,93393577021.0,0.1625342250531143
쏘카,2023,Q1,85716064145.0,-4986365556.0,-0.0581730578245509
쏘카,2023,Q2,103863066742.0,1597957829.0,0.0153852363417054
쏘카,2023,Q3,112718089496.0,-3554443401.0,-0.0315339216348777
쏘카,2023,Q4,96174525159.0,-2747234726.0,-0.0285650978932118
쏘카,2024,Q1,90575251019.0,-10758940787.0,-0.1187845539036164
쏘카,2024,Q2,101761676907.0,-6652661236.0,-0.0653749175348188
쏘카,2024,Q3,117004188215.0,4647967958.0,0.0397247998461317
쏘카,2024,Q4,122421968233.0,2962909492.0,0.0242024330662682
쏘카,2025,Q1,131504788784.0,1414418266.0,0.0107556407571074
쏘카,2025,Q2,98659697859.0,1834766895.0,0.0185969239194525
쏘카,2025,Q3,111813715925.0,6814979606.0,0.0609494063373334
쏘카,2025,Q4,128724471811.0,13184768363.0,0.1024262766629065
쏘카,2026,Q1,97122023753.0,1388347554.0,0.0142948787551095
네패스,2023,Q1,109376163593.0,-29046428346.0,-0.265564519652424
네패스,2023,Q2,125340205653.0,-14283352330.0,-0.1139566690160295
네패스,2023,Q3,126460966234.0,-14623742254.0,-0.1156383877926459
네패스,2023,Q4,118934303937.0,-12049211542.0,-0.101309808382807
네패스,2024,Q1,121578351806.0,-7219493646.0,-0.0593814074525372
네패스,2024,Q2,128579959726.0,-3417418562.0,-0.0265781585970505
네패스,2024,Q3,108895423135.0,-15680993840.0,-0.1440004858657827
네패스,2024,Q4,105277771539.0,29719702396.0,0.2822979814403687
네패스,2025,Q1,129369699780.0,3635514289.0,0.0281017448071873
네패스,2025,Q2,130909286542.0,7999469438.0,0.0611069668875898
네패스,2025,Q3,137481316365.0,10776221750.0,0.0783831726006328
네패스,2025,Q4,123678984321.0,1349920366.0,0.0109147109625057
네패스,2026,Q1,133961950906.0,10869559082.0,0.0811391518896815
한솔케미칼,2023,Q1,197252840633.0,34896137899.0,0.1769106989132097
한솔케미칼,2023,Q2,194652256870.0,32642893223.0,0.1676985088582908
한솔케미칼,2023,Q3,188272850266.0,35583686541.0,0.1890006259039783
한솔케미칼,2023,Q4,191476693790.0,21021633810.0,0.1097869061445945
한솔케미칼,2024,Q1,197873322636.0,34187406087.0,0.1727742053934668
한솔케미칼,2024,Q2,199075562515.0,35120557615.0,0.1764182261815974
한솔케미칼,2024,Q3,190606174684.0,37005571528.0,0.1941467614538216
한솔케미칼,2024,Q4,188801915958.0,22511840890.0,0.1192352353829284
한솔케미칼,2025,Q1,209572551800.0,41696010669.0,0.1989574031087405
한솔케미칼,2025,Q2,221915819187.0,48854536364.0,0.2201489580282338
한솔케미칼,2025,Q3,230042814744.0,48806980313.0,0.2121647675338792
한솔케미칼,2025,Q4,222437528373.0,16875619175.0,0.0758667806571816
한솔케미칼,2026,Q1,231868922275.0,44412388297.0,0.1915409269221782
일동제약,2023,Q1,146057622798.0,-14836478550.0,-0.1015796249848533
일동제약,2023,Q2,154085309956.0,-19182492874.0,-0.1244926779812928
일동제약,2023,Q3,149530646079.0,-17047206961.0,-0.1140047703130609
일동제약,2023,Q4,151084260759.0,-2877441346.0,-0.0190452753420153
일동제약,2024,Q1,151099706907.0,95886572.0,0.0006345913831521
일동제약,2024,Q2,152149525366.0,1016807399.0,0.0066829482152773
일동제약,2024,Q3,155948609704.0,3603911869.0,0.0231096120436113
일동제약,2024,Q4,155743040592.0,8402175400.0,0.053948962137006
일동제약,2025,Q1,135977247982.0,4194856883.0,0.0308496968813142
일동제약,2025,Q2,138479788275.0,596181948.0,0.0043051910710324
일동제약,2025,Q3,145455834994.0,6760047364.0,0.0464749136002612
일동제약,2025,Q4,147020867248.0,7925788747.0,0.0539092776104394
일동제약,2026,Q1,141997383598.0,9227432249.0,0.0649831145841617
진성티이씨,2023,Q1,140467467562.0,17754261208.0,0.126394114709611
진성티이씨,2023,Q2,131527532755.0,10648336410.0,0.0809589915279179
진성티이씨,2023,Q3,107245147364.0,5200483695.0,0.0484915525114537
진성티이씨,2023,Q4,105878437271.0,5985928764.0,0.056535862431354
진성티이씨,2024,Q1,106985469107.0,5671502825.0,0.0530118984600397
진성티이씨,2024,Q2,100307994185.0,6188311436.0,0.0616931031896298
진성티이씨,2024,Q3,93677369411.0,4095843812.0,0.0437228739209135
진성티이씨,2024,Q4,89544453729.0,8486323911.0,0.0947721892042947
진성티이씨,2025,Q1,106562878886.0,9066852683.0,0.0850845320414028
진성티이씨,2025,Q2,116719320693.0,14610645596.0,0.1251776099214073
진성티이씨,2025,Q3,118335383258.0,12653107753.0,0.1069258188433221
진성티이씨,2025,Q4,122202830311.0,11612381092.0,0.0950254675971667
진성티이씨,2026,Q1,136375622438.0,12949776663.0,0.0949566823710543
비에이치아이,2023,Q1,83638109188.0,1580585308.0,0.0188979081825868
비에이치아이,2023,Q2,120623468107.0,-494897340.0,-0.0041028279800494
비에이치아이,2023,Q3,82065496846.0,2749879456.0,0.0335083507891298
비에이치아이,2023,Q4,81072134499.0,11251130742.0,0.1387792588850461
비에이치아이,2024,Q1,73093659827.0,3521022100.0,0.0481713750321662
비에이치아이,2024,Q2,86309476210.0,5980356476.0,0.0692896856591872
비에이치아이,2024,Q3,98231828458.0,4769145826.0,0.0485499038434278
비에이치아이,2024,Q4,147106074114.0,7656733972.0,0.0520490674373269
비에이치아이,2025,Q1,135274517500.0,12442998715.0,0.0919833161851787
비에이치아이,2025,Q2,169299323933.0,20389794178.0,0.1204363591320024
비에이치아이,2025,Q3,204694842420.0,18353914794.0,0.0896647642755004
비에이치아이,2025,Q4,264848195062.0,24309910318.0,0.0917880913340154
비에이치아이,2026,Q1,280793040014.0,35324572220.0,0.1258028768029248
쏠리드,2023,Q1,64505781760.0,5218879595.0,0.0809056095842283
쏠리드,2023,Q2,86712414480.0,11117307789.0,0.1282089520360914
쏠리드,2023,Q3,72297901325.0,7885353441.0,0.1090675288837646
쏠리드,2023,Q4,97848504806.0,12046590992.0,0.1231147171424259
쏠리드,2024,Q1,74940536422.0,7657283086.0,0.1021781195010512
쏠리드,2024,Q2,80491310549.0,7679445944.0,0.0954071426048536
쏠리드,2024,Q3,85538631571.0,7776986175.0,0.0909178231188423
쏠리드,2024,Q4,90097408877.0,12026097493.0,0.1334788385470429
쏠리드,2025,Q1,55751069759.0,260712124.0,0.0046763609223464
쏠리드,2025,Q2,56222016651.0,4142342138.0,0.0736782916150753
쏠리드,2025,Q3,70006352623.0,2790865304.0,0.0398658864436123
쏠리드,2025,Q4,112850890195.0,26088754090.0,0.2311789835677866
쏠리드,2026,Q1,63733601620.0,-2126563200.0,-0.0333664369492131
대한유화,2023,Q1,529082897428.0,-36139391346.0,-0.0683057258544593
대한유화,2023,Q2,632730196770.0,-35062955499.0,-0.0554153344948471
대한유화,2023,Q3,666242760283.0,18770233953.0,0.0281732651699314
대한유화,2023,Q4,671916773460.0,-9889214824.0,-0.0147179162875723
대한유화,2024,Q1,663586818558.0,,
대한유화,2024,Q2,741621789315.0,,
대한유화,2024,Q3,682774665938.0,-28599167553.0,-0.0418866852854159
대한유화,2024,Q4,712119388348.0,-9328286372.0,-0.0130993293043742
대한유화,2025,Q1,741633716767.0,,
대한유화,2025,Q2,846772033313.0,,
대한유화,2025,Q3,909918544910.0,42849309628.0,0.0470913686370006
대한유화,2025,Q4,849497496912.0,24290145348.0,0.0285935455210837
대한유화,2026,Q1,847106246912.0,73562574453.0,0.0868398441413476
대주전자재료,2023,Q1,37499222268.0,174969257.0,0.0046659436227644
대주전자재료,2023,Q2,45729615912.0,1815692803.0,0.0397049650820168
대주전자재료,2023,Q3,53843156630.0,1497894533.0,0.0278195898374467
대주전자재료,2023,Q4,47916887012.0,2720384509.0,0.0567729808557622
대주전자재료,2024,Q1,46298413417.0,5015483526.0,0.1083294902748956
대주전자재료,2024,Q2,58264133560.0,8292746836.0,0.1423302180827968
대주전자재료,2024,Q3,55767864877.0,8141035876.0,0.145980770358622
대주전자재료,2024,Q4,58985837916.0,7904305058.0,0.1340034377278201
대주전자재료,2025,Q1,54032929237.0,4778643750.0,0.0884394723269553
대주전자재료,2025,Q2,63419925122.0,5348572754.0,0.0843358415152813
대주전자재료,2025,Q3,63582823964.0,5988217078.0,0.0941797910924886
대주전자재료,2025,Q4,73577501908.0,4570691559.0,0.0621207766025423
대주전자재료,2026,Q1,90914250683.0,9223750516.0,0.1014554973142922
LG,2023,Q1,,504918000000.0,
LG,2023,Q2,,454721000000.0,
LG,2023,Q3,,509818000000.0,
LG,2023,Q4,,119556000000.0,
LG,2024,Q1,,422628000000.0,
LG,2024,Q2,,309408000000.0,
LG,2024,Q3,,476714000000.0,
LG,2024,Q4,,-241908000000.0,
LG,2025,Q1,,638042000000.0,
LG,2025,Q2,,276889000000.0,
LG,2025,Q3,,418941000000.0,
LG,2025,Q4,,-421698000000.0,
LG,2026,Q1,,413830000000.0,
HD현대일렉트릭,2023,Q1,568591411601.0,46312030200.0,0.0814504567868829
HD현대일렉트릭,2023,Q2,642482076734.0,58843523694.0,0.0915878058312938
HD현대일렉트릭,2023,Q3,694418512934.0,85422526521.0,0.1230130316659902
HD현대일렉트릭,2023,Q4,797307336101.0,124640210307.0,0.1563264310554531
HD현대일렉트릭,2024,Q1,800977985167.0,128779051600.0,0.1607772672717717
HD현대일렉트릭,2024,Q2,916909063295.0,210055878805.0,0.2290912885626238
HD현대일렉트릭,2024,Q3,788748822280.0,163816858051.0,0.2076920477389267
HD현대일렉트릭,2024,Q4,815713136786.0,166318925092.0,0.2038938906235039
HD현대일렉트릭,2025,Q1,1014667829225.0,218178415835.0,0.2150244735773716
HD현대일렉트릭,2025,Q2,906219054679.0,209142369028.0,0.2307856670505369
HD현대일렉트릭,2025,Q3,995431807616.0,247075954483.0,0.2482098247138919
HD현대일렉트릭,2025,Q4,1163178967009.0,320916698444.0,0.2758962357006898
HD현대일렉트릭,2026,Q1,1036500341405.0,258269322064.0,0.2491743724019521
SK스퀘어,2023,Q3,40454000000.0,-560744000000.0,-13.861274534038662
SK스퀘어,2023,Q4,2352266000000.0,-405412000000.0,-0.1723495557050095
SK스퀘어,2024,Q1,498278000000.0,323785000000.0,0.6498079385403329
SK스퀘어,2024,Q2,468566000000.0,774813000000.0,1.6535834866379548
SK스퀘어,2024,Q3,457502000000.0,1161984000000.0,2.5398446345589747
SK스퀘어,2024,Q4,482265000000.0,1652001000000.0,3.425504649933128
SK스퀘어,2025,Q1,402808000000.0,1652323000000.0,4.102011380111616
SK스퀘어,2025,Q2,406594000000.0,1401104000000.0,3.4459534572571164
SK스퀘어,2025,Q3,407889000000.0,2645508000000.0,6.485852768767973
SK스퀘어,2025,Q4,194230000000.0,3098486000000.0,15.952664366987593
SK스퀘어,2026,Q1,300349000000.0,8278295000000.0,27.562252579499184
실리콘투,2023,Q1,58011999795.0,7416732111.0,0.1278482406607062
실리콘투,2023,Q2,78220222058.0,10382067735.0,0.1327286916585552
실리콘투,2023,Q3,100951476394.0,15129300746.0,0.1498670577828141
실리콘투,2023,Q4,105677299699.0,14881242878.0,0.140817781305788
실리콘투,2024,Q1,149927172667.0,29449231318.0,0.1964235754876072
실리콘투,2024,Q2,181360484748.0,38940941740.0,0.214715690653939
실리콘투,2024,Q3,186674420221.0,42596162082.0,0.2281842473734284
실리콘투,2024,Q4,173560291275.0,26588677141.0,0.1531956241008561
실리콘투,2025,Q1,245676632694.0,47729228743.0,0.1942766319271749
실리콘투,2025,Q2,265286436523.0,52181838032.0,0.1966999848010544
실리콘투,2025,Q3,299375144222.0,63073092892.0,0.2106824634887808
실리콘투,2025,Q4,305949150665.0,42377792190.0,0.1385125341838314
실리콘투,2026,Q1,346556192213.0,64540111638.0,0.1862327469201082
GST,2023,Q1,68588258603.0,9447120982.0,0.1377367085040236
GST,2023,Q2,64324444370.0,6307420671.0,0.0980563568449833
GST,2023,Q3,69667368464.0,12292179435.0,0.176440989605512
GST,2023,Q4,76635324013.0,14491417098.0,0.1890957895022634
GST,2024,Q1,75711134741.0,8549468722.0,0.112922210864318
GST,2024,Q2,91715874132.0,19633188005.0,0.2140653206525991
GST,2024,Q3,91827390604.0,19249831354.0,0.2096306039775617
GST,2024,Q4,86973252325.0,11649007277.0,0.1339378138174045
GST,2025,Q1,74757521252.0,9595567680.0,0.1283558833853562
GST,2025,Q2,99435779004.0,17341274299.0,0.1743967259340565
GST,2025,Q3,80772758423.0,16675761000.0,0.2064527858844497
GST,2025,Q4,92192574182.0,15559702209.0,0.1687739207529138
GST,2026,Q1,115885594226.0,20191447798.0,0.1742360466187251
피에스케이,2023,Q1,83680084784.0,11259128239.0,0.1345496753267247
피에스케이,2023,Q2,65537411482.0,1471184771.0,0.0224480146183995
피에스케이,2023,Q3,93981377983.0,25455503183.0,0.2708568838776184
피에스케이,2023,Q4,108664931401.0,15932775229.0,0.1466229723203357
피에스케이,2024,Q1,77739768949.0,21343121853.0,0.274545733046902
피에스케이,2024,Q2,97133170697.0,22782012785.0,0.2345441070390553
피에스케이,2024,Q3,118006251997.0,29124805762.0,0.2468073112155144
피에스케이,2024,Q4,105171785932.0,10674482863.0,0.1014956888713642
피에스케이,2025,Q1,101958871892.0,22633611790.0,0.2219876639472303
피에스케이,2025,Q2,108451042678.0,20563963939.0,0.1896151796350735
피에스케이,2025,Q3,104135755017.0,23398597601.0,0.2246932150938956
피에스케이,2025,Q4,142667482331.0,21897883745.0,0.1534889617957591
피에스케이,2026,Q1,156593558827.0,47177454732.0,0.3012732776839198
삼성에피스홀딩스,2026,Q1,453893789941.0,90548059441.0,0.1994917345151825
현대오토에버,2023,Q1,665983161499.0,30581776832.0,0.0459197448223259
현대오토에버,2023,Q2,753864132378.0,52721807387.0,0.0699354235367234
현대오토에버,2023,Q3,745798452842.0,45246637470.0,0.0606687199438125
현대오토에버,2023,Q4,899369387281.0,52863351311.0,0.0587782417976422
현대오토에버,2024,Q1,731292031000.0,30740242000.0,0.042035521647849
현대오토에버,2024,Q2,918097339000.0,68547494000.0,0.0746625560146624
현대오토에버,2024,Q3,904634163000.0,52495460000.0,0.0580294909777799
현대오토에버,2024,Q4,1159593743000.0,72650921000.0,0.0626520464072562
현대오토에버,2025,Q1,833010234000.0,26710457000.0,0.0320649806086295
현대오토에버,2025,Q2,1042052024000.0,81370112000.0,0.0780864199924052
현대오토에버,2025,Q3,1054258216000.0,70755406000.0,0.0671139242039352
현대오토에버,2025,Q4,1322746787000.0,76466212000.0,0.0578086544994949
현대오토에버,2026,Q1,935708502000.0,21175317000.0,0.0226302496501202
SK이터닉스,2024,Q1,4816025371.0,417463332.0,0.086682128901102
SK이터닉스,2024,Q2,13995173106.0,-2356583927.0,-0.1683854789898731
SK이터닉스,2024,Q3,160291505416.0,14429005152.0,0.0900172789228774
SK이터닉스,2024,Q4,153049033336.0,25147515160.0,0.1643101861662319
SK이터닉스,2025,Q1,25933149305.0,1062016290.0,0.0409520755658951
SK이터닉스,2025,Q2,65324077464.0,9593792372.0,0.1468645673149708
SK이터닉스,2025,Q3,46427564049.0,1170297105.0,0.025206946109963
SK이터닉스,2025,Q4,247955979082.0,41172108560.0,0.1660460405610313
SK이터닉스,2026,Q1,27523079701.0,4909470482.0,0.1783764947576569
동성화인텍,2023,Q1,124083169886.0,3653666988.0,0.0294453066548571
동성화인텍,2023,Q2,144000058293.0,8619807965.0,0.0598597533027458
동성화인텍,2023,Q3,124305405119.0,12126856582.0,0.0975569531380451
동성화인텍,2023,Q4,139020104741.0,12939519856.0,0.0930766084524741
동성화인텍,2024,Q1,137270574343.0,10126292530.0,0.0737688508878624
동성화인텍,2024,Q2,137845763050.0,12332246760.0,0.0894640973152493
동성화인텍,2024,Q3,136546408038.0,11419170556.0,0.0836284946640421
동성화인텍,2024,Q4,185746936731.0,,
동성화인텍,2025,Q1,172366177699.0,12532753420.0,0.0727100501229755
동성화인텍,2025,Q2,193322131283.0,16932461260.0,0.087586771093543
동성화인텍,2025,Q3,201106300033.0,23510159178.0,0.1169041406168885
동성화인텍,2025,Q4,175391399396.0,,
동성화인텍,2026,Q1,169129356014.0,,
현대로템,2023,Q1,684447237000.0,,
현대로템,2023,Q2,986805812000.0,,
현대로템,2023,Q3,926953039000.0,41115003000.0,0.0443550010304243
현대로템,2023,Q4,989176365000.0,,
현대로템,2024,Q1,747779451000.0,,
현대로템,2024,Q2,1094527012000.0,,
현대로템,2024,Q3,1093522970000.0,,
현대로템,2024,Q4,1440768425000.0,,
현대로템,2025,Q1,1176141098000.0,,
현대로템,2025,Q2,1417634367000.0,,
현대로템,2025,Q3,1619634717000.0,,
현대로템,2025,Q4,1625621371000.0,,
현대로템,2026,Q1,1457453208000.0,,
파마리서치,2023,Q1,55442360591.0,20739374899.0,0.3740709211859683
파마리서치,2023,Q2,66798134698.0,23647410571.0,0.3540130376081897
파마리서치,2023,Q3,68805501576.0,27494854820.0,0.3996025636064901
파마리서치,2023,Q4,69964913699.0,20376146338.0,0.2912337807727652
파마리서치,2024,Q1,74716536142.0,26668362059.0,0.3569271735016776
파마리서치,2024,Q2,83106581620.0,30760698843.0,0.3701355325099461
파마리서치,2024,Q3,89208791343.0,34923262674.0,0.3914778145544323
파마리서치,2024,Q4,103083159536.0,33698433545.0,0.3269053228159096
파마리서치,2025,Q1,116909970307.0,44733584603.0,0.3826327599393939
파마리서치,2025,Q2,140607447466.0,55877690378.0,0.3974020678492984
파마리서치,2025,Q3,135426410999.0,61870558180.0,0.4568574011789831
파마리서치,2025,Q4,143345290040.0,51913925410.0,0.3621599662989527
파마리서치,2026,Q1,146100260508.0,57292342573.0,0.3921440138011448
웹젠,2023,Q1,42787287190.0,9744385982.0,0.2277402149551889
웹젠,2023,Q2,42496973279.0,11845578838.0,0.2787393530412559
웹젠,2023,Q3,40355237573.0,10045824346.0,0.2489348334978268
웹젠,2023,Q4,70650916623.0,18267309115.0,0.2585572840119838
웹젠,2024,Q1,61470325099.0,17989083553.0,0.2926466311025358
웹젠,2024,Q2,48046502659.0,11802171311.0,0.2456405910491226
웹젠,2024,Q3,49159619514.0,9626379636.0,0.1958188393475774
웹젠,2024,Q4,56070584981.0,15135368326.0,0.2699341968900226
웹젠,2025,Q1,41554095291.0,8902619828.0,0.2142416954491649
웹젠,2025,Q2,39111056282.0,6173238130.0,0.1578386961857917
웹젠,2025,Q3,43833157820.0,7632547089.0,0.1741272467829697
웹젠,2025,Q4,49938379132.0,7019233180.0,0.1405578895832073
웹젠,2026,Q1,39372814945.0,5377732737.0,0.1365849189221591
신세계인터내셔날,2023,Q1,312202079410.0,10276665723.0,0.0329167113249881
신세계인터내셔날,2023,Q2,333805445031.0,18399006605.0,0.0551189529077074
신세계인터내셔날,2023,Q3,315816938752.0,6016326787.0,0.0190500446580682
신세계인터내셔날,2023,Q4,392502702994.0,14041429696.0,0.0357740968123081
신세계인터내셔날,2024,Q1,309449336535.0,11187718167.0,0.0361536343631314
신세계인터내셔날,2024,Q2,320891870954.0,13275127030.0,0.0413694712506537
신세계인터내셔날,2024,Q3,296035332394.0,2080727858.0,0.0070286470238988
신세계인터내셔날,2024,Q4,382257453575.0,296254809.0,0.0007750138191664
신세계인터내셔날,2025,Q1,304191517894.0,4667581972.0,0.0153442213126616
신세계인터내셔날,2025,Q2,308601399002.0,-2302511238.0,-0.0074611173035708
신세계인터내셔날,2025,Q3,310430817215.0,-2031030546.0,-0.0065426189455711
신세계인터내셔날,2025,Q4,186745528602.0,-11830821151.0,-0.0633526341410527
신세계인터내셔날,2026,Q1,295645263291.0,14828529249.0,0.0501564918846829
에이블씨엔씨,2023,Q1,63119610403.0,4028740762.0,0.0638270853745402
에이블씨엔씨,2023,Q2,74583323740.0,3844297748.0,0.0515436635862643
에이블씨엔씨,2023,Q3,65322111547.0,1346618728.0,0.0206150520261595
에이블씨엔씨,2023,Q4,70620201167.0,2202355486.0,0.0311859135149155
에이블씨엔씨,2024,Q1,66840904932.0,5106579309.0,0.0763990151568883
에이블씨엔씨,2024,Q2,65685608347.0,5150210381.0,0.078406983060776
에이블씨엔씨,2024,Q3,62897408686.0,3860005405.0,0.0613698638090185
에이블씨엔씨,2024,Q4,68574225542.0,5611268132.0,0.0818276559107946
에이블씨엔씨,2025,Q1,60283629780.0,5239745142.0,0.0869182091576437
에이블씨엔씨,2025,Q2,67693239943.0,7187853866.0,0.1061827425020935
에이블씨엔씨,2025,Q3,59463015002.0,-954527372.0,-0.0160524549918616
에이블씨엔씨,2025,Q4,54561857367.0,6479732630.0,0.1187593850849927
에이블씨엔씨,2026,Q1,61367665992.0,9423882559.0,0.1535642981799
호텔신라,2024,Q1,980826187102.0,12122802054.0,0.0123597862836622
호텔신라,2024,Q2,1002686135964.0,27628103403.0,0.027554089372581
호텔신라,2024,Q3,1016230122186.0,,
호텔신라,2024,Q4,947809758091.0,,
호텔신라,2025,Q1,971789251566.0,,
호텔신라,2025,Q2,1025447046840.0,,
호텔신라,2025,Q3,1025691115117.0,,
호텔신라,2025,Q4,1045379077886.0,,
호텔신라,2026,Q1,1053491831261.0,20415282258.0,0.0193786811175967
한화에어로스페이스,2023,Q1,1927025485831.0,228541842549.0,0.1185982459647879
한화에어로스페이스,2023,Q2,1797904528829.0,82944037520.0,0.0461337274532717
한화에어로스페이스,2023,Q3,1981455997869.0,114668319163.0,0.0578707371177167
한화에어로스페이스,2023,Q4,3431719328832.0,275754872428.0,0.080354727763198
한화에어로스페이스,2024,Q1,1848339988707.0,37409748125.0,0.0202396465766938
한화에어로스페이스,2024,Q2,2785970699662.0,358774341089.0,0.128778935518786
한화에어로스페이스,2024,Q3,2631222072997.0,477225941089.0,0.1813704536711463
한화에어로스페이스,2024,Q4,4825018000050.0,899669525703.0,0.186459309725617
한화에어로스페이스,2025,Q1,5484220608000.0,560746176000.0,0.1022471953775933
한화에어로스페이스,2025,Q2,6310959074000.0,864517384000.0,0.1369866883722402
한화에어로스페이스,2025,Q3,6486486380000.0,856429531000.0,0.1320328881967065
한화에어로스페이스,2025,Q4,8421235187000.0,807627090000.0,0.0959036378946816
한화에어로스페이스,2026,Q1,5751023496000.0,638892160000.0,0.1110919057180635
스튜디오드래곤,2023,Q1,211147926843.0,21613125301.0,0.1023601113406646
스튜디오드래곤,2023,Q2,163487100949.0,16254867343.0,0.0994259929293793
스튜디오드래곤,2023,Q3,217412308932.0,21852537244.0,0.1005119597475725
스튜디오드래곤,2023,Q4,161098413211.0,-3849474196.0,-0.0238951714003422
스튜디오드래곤,2024,Q1,192070613610.0,21525381622.0,0.1120701455440099
스튜디오드래곤,2024,Q2,137120041113.0,10453746889.0,0.0762379211977125
스튜디오드래곤,2024,Q3,90319846748.0,-936712567.0,-0.0103710601902758
스튜디오드래곤,2024,Q4,130570242879.0,5351402156.0,0.0409848525820631
스튜디오드래곤,2025,Q1,133800053446.0,4273548496.0,0.0319398115765682
스튜디오드래곤,2025,Q2,114491407434.0,-2915558439.0,-0.0254653035048128
스튜디오드래곤,2025,Q3,136509684554.0,10469039537.0,0.0766908191986825
스튜디오드래곤,2025,Q4,145884238711.0,18531980047.0,0.127032092094008
스튜디오드래곤,2026,Q1,155268525812.0,6414968835.0,0.0413153200331616
POSCO홀딩스,2023,Q1,19380878058211.0,704702698874.0,0.0363607209517239
POSCO홀딩스,2023,Q2,20121370886008.0,1326229119603.0,0.0659114693087454
POSCO홀딩스,2023,Q3,18960831547970.0,1196215841185.0,0.0630887858561809
POSCO홀딩스,2023,Q4,18664116616396.0,304274846777.0,0.0163026653246316
POSCO홀딩스,2024,Q1,18051950135080.0,583022283295.0,0.032296914124642
POSCO홀딩스,2024,Q2,18509680963034.0,751999831661.0,0.04062737943257
POSCO홀딩스,2024,Q3,18321368302443.0,743166593794.0,0.040562832509344
POSCO홀딩스,2024,Q4,17805143759554.0,95384564154.0,0.0053571352998943
POSCO홀딩스,2025,Q1,17436775980004.0,568441042504.0,0.0326001230477395
POSCO홀딩스,2025,Q2,17555587387894.0,607172109226.0,0.0345856903452113
POSCO홀딩스,2025,Q3,17261041337141.0,638766533961.0,0.0370062571246238
POSCO홀딩스,2025,Q4,16841481487748.0,12683525138.0,0.0007531121978329
POSCO홀딩스,2026,Q1,17876106277867.0,706831933233.0,0.0395405980612317
NHN,2023,Q1,548338063813.0,19109949646.0,0.034850671341534
NHN,2023,Q2,551432170013.0,20891528791.0,0.0378859448669951
NHN,2023,Q3,571532815853.0,23355176657.0,0.0408641044034241
NHN,2023,Q4,598311817264.0,-7758249581.0,-0.0129669001298978
NHN,2024,Q1,604394809831.0,27286832997.0,0.0451473648568059
NHN,2024,Q2,599404031868.0,28476733712.0,0.0475084120192756
NHN,2024,Q3,608367211208.0,-113388627469.0,-0.1863818847893703
NHN,2024,Q4,643941812470.0,25005413926.0,0.0388317910745467
NHN,2025,Q1,600129016163.0,27645536068.0,0.0460659880183017
NHN,2025,Q2,604887356986.0,21921852320.0,0.036241214280343
NHN,2025,Q3,625602175655.0,27637443705.0,0.0441773458924816
NHN,2025,Q4,685615276420.0,55229313479.0,0.080554379953995
NHN,2026,Q1,671397393908.0,26251000334.0,0.0390990500889509
에스원,2023,Q1,632627805120.0,62507797989.0,0.0988065928862282
에스원,2023,Q2,648676322618.0,54542314678.0,0.0840824811639063
에스원,2023,Q3,645437337393.0,53509765345.0,0.0829046636209991
에스원,2023,Q4,694069076384.0,42049442672.0,0.0605839448878367
에스원,2024,Q1,662819881667.0,48796048791.0,0.0736188671170776
에스원,2024,Q2,695649512286.0,52330578835.0,0.0752254948947416
에스원,2024,Q3,682770065509.0,60249602820.0,0.0882428885851701
에스원,2024,Q4,763500007074.0,47870843431.0,0.0626992049606625
에스원,2025,Q1,674118164316.0,55050914109.0,0.0816635970117463
에스원,2025,Q2,732658198965.0,61557254879.0,0.0840190623212293
에스원,2025,Q3,698739622181.0,62125428956.0,0.0889107000431516
에스원,2025,Q4,783896436793.0,55832893685.0,0.0712248341291332
에스원,2026,Q1,673714757951.0,20744829566.0,0.0307917101728515
엠씨넥스,2023,Q1,250972469483.0,2814172320.0,0.0112130717994573
엠씨넥스,2023,Q2,192201238745.0,-2287097870.0,-0.0118994959914611
엠씨넥스,2023,Q3,236354025052.0,10373522968.0,0.043889766487868
엠씨넥스,2023,Q4,252962377478.0,7323658120.0,0.0289515705577084
엠씨넥스,2024,Q1,287835057669.0,15204634567.0,0.0528241232674471
엠씨넥스,2024,Q2,225759412794.0,7650453061.0,0.033887637136888
엠씨넥스,2024,Q3,245070688152.0,3077406264.0,0.0125572188465529
엠씨넥스,2024,Q4,298393265314.0,18452177924.0,0.0618384530380829
엠씨넥스,2025,Q1,347916704658.0,20917576916.0,0.0601223701993896
엠씨넥스,2025,Q2,326423553542.0,16170796092.0,0.0495393053489301
엠씨넥스,2025,Q3,303536615079.0,6708131602.0,0.0220999091007656
엠씨넥스,2025,Q4,301360080024.0,8218758332.0,0.0272722197689404
엠씨넥스,2026,Q1,303489301031.0,11412506366.0,0.0376043120045087
덴티움,2023,Q1,68808240872.0,21529646093.0,0.3128934241038127
덴티움,2023,Q2,106390722641.0,32391139313.0,0.3044545474354863
덴티움,2023,Q3,93776949422.0,30057948694.0,0.320525980843523
덴티움,2023,Q4,124212668204.0,54300522698.0,0.437157686757198
덴티움,2024,Q1,82732911590.0,19223052988.0,0.2323507370714063
덴티움,2024,Q2,111672209619.0,27704816431.0,0.2480905188992184
덴티움,2024,Q3,94676846574.0,24365173050.0,0.2573509145232888
덴티움,2024,Q4,118725150148.0,27204320994.0,0.2291369685368915
덴티움,2025,Q1,76834424255.0,9583650363.0,0.1247312055231069
덴티움,2025,Q2,82252612759.0,15541190907.0,0.1889446472969273
덴티움,2025,Q3,78218785370.0,12471432212.0,0.1594429286137098
덴티움,2025,Q4,109145710337.0,26514579180.0,0.2429282754048067
덴티움,2026,Q1,71383434499.0,15850767820.0,0.222051067327421
현대백화점,2023,Q1,1097731719000.0,77866725000.0,0.0709342033688652
현대백화점,2023,Q2,970276299000.0,55629095000.0,0.0573332514226445
현대백화점,2023,Q3,1004236661000.0,73978187000.0,0.0736660887547502
현대백화점,2023,Q4,1135208216000.0,95995756000.0,0.0845622456277219
현대백화점,2024,Q1,951730723000.0,68864398000.0,0.0723570189926505
현대백화점,2024,Q2,1023813115000.0,42838068000.0,0.0418416870934496
현대백화점,2024,Q3,1036833981000.0,64590613000.0,0.0622960032016929
현대백화점,2024,Q4,1175236645000.0,107749410000.0,0.0916831605433814
현대백화점,2025,Q1,1098095716000.0,112462644000.0,0.1024160666154534
현대백화점,2025,Q2,1080285956000.0,86873102000.0,0.0804167651328793
현대백화점,2025,Q3,1010252835000.0,72695325000.0,0.0719575560508078
현대백화점,2025,Q4,1041686106000.0,105916500000.0,0.1016779425106395
현대백화점,2026,Q1,950062292000.0,98784919000.0,0.1039773074163857
브이티,2023,Q1,47886326320.0,617719011.0,0.0128996951420348
브이티,2023,Q2,74694470696.0,11716013172.0,0.1568524826915656
브이티,2023,Q3,84105922279.0,14377651343.0,0.1709469553797389
브이티,2023,Q4,88814664258.0,18835229927.0,0.2120734237342277
브이티,2024,Q1,101800273659.0,23964930578.0,0.235411258895779
브이티,2024,Q2,113352649646.0,27022616665.0,0.2383942214795291
브이티,2024,Q3,104139979284.0,30833354335.0,0.2960760559680389
브이티,2024,Q4,112403907372.0,29077758486.0,0.2586899260518351
브이티,2025,Q1,100449659941.0,29017313043.0,0.2888741789672914
브이티,2025,Q2,111520825859.0,29066880443.0,0.2606408284650829
브이티,2025,Q3,110219156432.0,12123907082.0,0.1099981842945774
브이티,2025,Q4,114994014199.0,12661114191.0,0.1101023760166301
브이티,2026,Q1,114290932582.0,17333482678.0,0.1516610485749934
세아홀딩스,2023,Q1,1794682571864.0,78150331008.0,0.0435454894549018
세아홀딩스,2023,Q2,1693885411943.0,88513770422.0,0.0522548749743755
세아홀딩스,2023,Q3,1520585808273.0,43760714407.0,0.0287788523139651
세아홀딩스,2023,Q4,1410049810941.0,-9652711067.0,-0.0068456525380179
세아홀딩스,2024,Q1,1518187954198.0,35912529225.0,0.0236548637641978
세아홀딩스,2024,Q2,1594806174351.0,83194297741.0,0.052165773546027
세아홀딩스,2024,Q3,1465945648274.0,26010536062.0,0.0177431790139182
세아홀딩스,2024,Q4,1437886306937.0,-45931297216.0,-0.0319436223812738
세아홀딩스,2025,Q1,1530405851587.0,38865123609.0,0.0253953051530073
세아홀딩스,2025,Q2,1696326813189.0,44594630012.0,0.0262889377596788
세아홀딩스,2025,Q3,1667589669999.0,50969313878.0,0.0305646615561192
세아홀딩스,2025,Q4,1716763230952.0,41038350441.0,0.023904490555895
세아홀딩스,2026,Q1,1711341904967.0,57678225461.0,0.0337035079276646
코오롱,2023,Q1,1329442075459.0,44948467682.0,0.0338100234013439
코오롱,2023,Q2,1520533363888.0,43357732827.0,0.0285148184556334
코오롱,2023,Q3,1433001148737.0,31757838635.0,0.0221617677438642
코오롱,2023,Q4,1611254694017.0,-17137262898.0,-0.0106359739162498
코오롱,2024,Q1,1396997566355.0,24343649010.0,0.0174256917809217
코오롱,2024,Q2,1552590580075.0,17453833022.0,0.0112417486270957
코오롱,2024,Q3,1535594472075.0,-16553551604.0,-0.0107798978864724
코오롱,2024,Q4,1543181156620.0,-114796793872.0,-0.0743897068594572
코오롱,2025,Q1,1448147822539.0,39652112041.0,0.0273812599955983
코오롱,2025,Q2,1503801236181.0,43509953366.0,0.0289333140039812
코오롱,2025,Q3,1439940168350.0,67570073088.0,0.0469256116144237
코오롱,2025,Q4,1532453783900.0,-88814844956.0,-0.0579559696279856
코오롱,2026,Q1,1518775225424.0,98778356533.0,0.0650381668593677
HD건설기계,2023,Q1,1018272707000.0,80001340000.0,0.0785657314097096
HD건설기계,2023,Q2,1032111582000.0,96552209000.0,0.0935482274241158
HD건설기계,2023,Q3,928722065000.0,53850493000.0,0.0579834323199804
HD건설기계,2023,Q4,845860522000.0,26824395000.0,0.0317125510676097
HD건설기계,2024,Q1,979110527000.0,53620608000.0,0.0547646118812488
HD건설기계,2024,Q2,852993368000.0,58556575000.0,0.0686483356105061
HD건설기계,2024,Q3,816811834000.0,42990472000.0,0.0526320386293521
HD건설기계,2024,Q4,789146573000.0,35253959000.0,0.0446735248003161
HD건설기계,2025,Q1,906839913000.0,41650646000.0,0.0459294362796755
HD건설기계,2025,Q2,967707502000.0,40043555000.0,0.0413798125128103
HD건설기계,2025,Q3,954714428000.0,55813783000.0,0.0584612333940762
HD건설기계,2025,Q4,947262169000.0,33375023000.0,0.0352331425155858
HD건설기계,2026,Q1,2304866321000.0,190698553000.0,0.0827373593264457
현대위아,2023,Q1,2095022000000.0,50944000000.0,0.0243166897531386
현대위아,2023,Q2,2285069000000.0,65187000000.0,0.0285273661320511
현대위아,2023,Q3,2099012000000.0,68320000000.0,0.0325486466966363
현대위아,2023,Q4,2111213000000.0,44765000000.0,0.0212034503387389
현대위아,2024,Q1,2141584000000.0,59753000000.0,0.0279013104319046
현대위아,2024,Q2,2233112000000.0,69238000000.0,0.031005162302652
현대위아,2024,Q3,2101160000000.0,52915000000.0,0.0251837080469835
현대위아,2024,Q4,1705030000000.0,36904000000.0,0.0216441939438015
현대위아,2025,Q1,2061791000000.0,48548000000.0,0.0235465185365538
현대위아,2025,Q2,2178558000000.0,56331000000.0,0.0258570118399418
현대위아,2025,Q3,2151875000000.0,51848000000.0,0.0240943363345919
현대위아,2025,Q4,2089337000000.0,47686000000.0,0.0228235081272193
현대위아,2026,Q1,2179328000000.0,51566000000.0,0.0236614222365793
삼성E&A,2023,Q1,2533450971053.0,225368524085.0,0.0889571286991704
삼성E&A,2023,Q2,2785888244084.0,344468445099.0,0.1236476178936823
삼성E&A,2023,Q3,2478112528383.0,153441830862.0,0.0619188310072919
삼성E&A,2023,Q4,2827466250075.0,269850066142.0,0.0954388283626169
삼성E&A,2024,Q1,2384735479283.0,209349578689.0,0.0877873376345889
삼성E&A,2024,Q2,2686275966447.0,262573016528.0,0.0977461064342141
삼성E&A,2024,Q3,2317032879805.0,203926524591.0,0.0880119252378336
삼성E&A,2024,Q4,2578507018942.0,295762566209.0,0.1147030293252239
삼성E&A,2025,Q1,2097955167196.0,157303530634.0,0.0749794528947167
삼성E&A,2025,Q2,2178022750175.0,180856635847.0,0.0830370738012119
삼성E&A,2025,Q3,1995609066761.0,176546857607.0,0.0884676565904497
삼성E&A,2025,Q4,2757182099518.0,277371822804.0,0.1005997474205599
삼성E&A,2026,Q1,2267382739826.0,188193584998.0,0.0830003605886327
SNT다이내믹스,2023,Q1,102839189287.0,9059688158.0,0.0880956785133393
SNT다이내믹스,2023,Q2,101886400869.0,9621407174.0,0.0944326926060592
SNT다이내믹스,2023,Q3,134423622142.0,15361521484.0,0.1142769495362405
SNT다이내믹스,2023,Q4,146805061036.0,7553353582.0,0.051451588444541
SNT다이내믹스,2024,Q1,114055256456.0,11034897332.0,0.0967504495179231
SNT다이내믹스,2024,Q2,145063224962.0,57442223410.0,0.3959806038025644
SNT다이내믹스,2024,Q3,163729742856.0,18439766858.0,0.1126231956170464
SNT다이내믹스,2024,Q4,191605068877.0,23591726995.0,0.1231268417546124
SNT다이내믹스,2025,Q1,150135859394.0,17703227938.0,0.1179147207699501
SNT다이내믹스,2025,Q2,186530952841.0,29586124273.0,0.1586124116259641
SNT다이내믹스,2025,Q3,151718193462.0,19901467037.0,0.1311738993384772
SNT다이내믹스,2025,Q4,223636613777.0,18266182171.0,0.0816779590001044
SNT다이내믹스,2026,Q1,179924652203.0,21287373544.0,0.1183127119233362
삼양식품,2023,Q1,245561864921.0,23861757534.0,0.0971720814291608
삼양식품,2023,Q2,285360760301.0,44049965345.0,0.1543658816248452
삼양식품,2023,Q3,335246630561.0,43430661441.0,0.1295483905932875
삼양식품,2023,Q4,326745352197.0,36171005153.0,0.1107009018178533
삼양식품,2024,Q1,385748770635.0,80119709608.0,0.2076991962310366
삼양식품,2024,Q2,424443489341.0,89467723637.0,0.2107883048834357
삼양식품,2024,Q3,438969526997.0,87314071546.0,0.198906908512118
삼양식품,2024,Q4,478853216773.0,87667645652.0,0.1830783266797156
삼양식품,2025,Q1,529013206877.0,133988454361.0,0.2532799798175047
삼양식품,2025,Q2,553077609232.0,120087954818.0,0.2171267699387674
삼양식품,2025,Q3,632015696590.0,130899734461.0,0.2071146890294989
삼양식품,2025,Q4,637678651087.0,139212262420.0,0.2183109975262555
삼양식품,2026,Q1,714406081624.0,177133059786.0,0.2479445015128344
케이아이엔엑스,2023,Q1,29336467784.0,6627220100.0,0.2259038187144827
케이아이엔엑스,2023,Q2,31395369067.0,7725792670.0,0.2460806449993499
케이아이엔엑스,2023,Q3,30641496104.0,6744694427.0,0.2201163547663567
케이아이엔엑스,2023,Q4,31312904487.0,5468044116.0,0.1746258996277441
케이아이엔엑스,2024,Q1,30678983229.0,5894471994.0,0.1921338771236759
케이아이엔엑스,2024,Q2,31502485365.0,6234735601.0,0.1979124989270509
케이아이엔엑스,2024,Q3,34740992218.0,5704716586.0,0.1642070712949952
케이아이엔엑스,2024,Q4,41980133683.0,5898336703.0,0.1405030471684408
케이아이엔엑스,2025,Q1,39404196773.0,4938125649.0,0.1253197896012851
케이아이엔엑스,2025,Q2,39155504978.0,5833916236.0,0.1489935128988339
케이아이엔엑스,2025,Q3,39470096548.0,6203621242.0,0.1571726898224257
케이아이엔엑스,2025,Q4,41214254453.0,6907526462.0,0.167600422564412
케이아이엔엑스,2026,Q1,42530445659.0,8865562046.0,0.2084521313762422
넥센타이어,2023,Q1,639554599287.0,16151226806.0,0.0252538670255925
넥센타이어,2023,Q2,691455965593.0,37077308958.0,0.0536220826820144
넥센타이어,2023,Q3,692574931848.0,69652021627.0,0.1005696545226482
넥센타이어,2023,Q4,678134654551.0,64110540668.0,0.0945395434929486
넥센타이어,2024,Q1,678084342315.0,41550541163.0,0.061276361316861
넥센타이어,2024,Q2,763752950501.0,62860795899.0,0.0823051431195979
넥센타이어,2024,Q3,708508422954.0,52263988273.0,0.0737662201037703
넥센타이어,2024,Q4,697579320642.0,15461644441.0,0.0221647115725423
넥센타이어,2025,Q1,771185820175.0,40717599119.0,0.0527986874937096
넥센타이어,2025,Q2,804669445680.0,42631661052.0,0.0529803402886428
넥센타이어,2025,Q3,780696091791.0,46485520103.0,0.0595436823519344
넥센타이어,2025,Q4,833059091135.0,40462591050.0,0.0485710935521654
넥센타이어,2026,Q1,838274592362.0,54210089139.0,0.0646686534853127
롯데관광개발,2023,Q1,47108205040.0,-33403977537.0,-0.7090904335802305
롯데관광개발,2023,Q2,76937822659.0,-18248707769.0,-0.2371877333971487
롯데관광개발,2023,Q3,96773231269.0,340670921.0,0.0035203011879704
롯데관광개발,2023,Q4,92729016414.0,-9293774087.0,-0.1002250907688572
롯데관광개발,2024,Q1,106226678882.0,8790964437.0,0.0827566533146092
롯데관광개발,2024,Q2,116078341581.0,5886539939.0,0.0507117853238137
롯데관광개발,2024,Q3,139149238475.0,22163532200.0,0.1592788609043086
롯데관광개발,2024,Q4,110013694246.0,2165578764.0,0.019684629071337
롯데관광개발,2025,Q1,121947998745.0,13024878207.0,0.1068068220966523
롯데관광개발,2025,Q2,157681880576.0,33114050931.0,0.2100054287153151
롯데관광개발,2025,Q3,186669838390.0,52957190931.0,0.2836944167721363
롯데관광개발,2025,Q4,187147941431.0,44231931692.0,0.2363474123935687
롯데관광개발,2026,Q1,156181531200.0,28784836987.0,0.1843037186652963
하나마이크론,2023,Q1,237890459525.0,16782689217.0,0.0705479709043829
하나마이크론,2023,Q2,249241716070.0,18467715749.0,0.0740956050222881
하나마이크론,2023,Q3,239389902439.0,15843164147.0,0.0661814219630131
하나마이크론,2023,Q4,241449406683.0,6811107101.0,0.0282092517623881
하나마이크론,2024,Q1,268960709331.0,10826211960.0,0.0402520204044992
하나마이크론,2024,Q2,285938044991.0,18618286796.0,0.065113010045886
하나마이크론,2024,Q3,312110685202.0,17466999022.0,0.0559641173793689
하나마이크론,2024,Q4,383683136121.0,59881381121.0,0.1560698802829727
하나마이크론,2025,Q1,311772740280.0,11740572299.0,0.0376574689899312
하나마이크론,2025,Q2,340178666798.0,30213756660.0,0.0888173175125678
하나마이크론,2025,Q3,432396038428.0,,
하나마이크론,2025,Q4,450071428566.0,,
하나마이크론,2026,Q1,507676214302.0,72040746486.0,0.1419029382439125
HDC,2023,Q1,1489784675013.0,75478597705.0,0.0506640986250857
HDC,2023,Q2,1369339729816.0,34897222612.0,0.0254847075945785
HDC,2023,Q3,1460005087674.0,100172563105.0,0.0686111055027824
HDC,2023,Q4,1589155139776.0,102094873916.0,0.0642447495279729
HDC,2024,Q1,1370737682190.0,75613081789.0,0.0551623281182395
HDC,2024,Q2,1540327355116.0,84198290965.0,0.0546625953797068
HDC,2024,Q3,1569233670855.0,92869812376.0,0.0591816337495484
HDC,2024,Q4,1719961547169.0,92017492973.0,0.0534997384822107
HDC,2025,Q1,1565685498947.0,154846534009.0,0.0989001521142923
HDC,2025,Q2,1818814468138.0,166411826097.0,0.0914946680995797
HDC,2025,Q3,1822061044983.0,196157870210.0,0.1076571340735898
HDC,2025,Q4,1378236957559.0,131451903908.0,0.0953768531507201
HDC,2026,Q1,1257391332747.0,180345780876.0,0.1434285223534998
파라다이스,2023,Q1,191518607982.0,19022330680.0,0.0993236682348266
파라다이스,2023,Q2,275285229594.0,54886847910.0,0.1993817394087906
파라다이스,2023,Q3,285582039890.0,57132695573.0,0.2000570329808074
파라다이스,2023,Q4,241813236177.0,14728198101.0,0.0609073280431158
파라다이스,2024,Q1,264770275676.0,48404054704.0,0.1828152898976928
파라다이스,2024,Q2,273264222236.0,32009063189.0,0.1171359460345157
파라다이스,2024,Q3,268244966333.0,36204836504.0,0.1349693043598634
파라다이스,2024,Q4,265829500866.0,19437190820.0,0.0731190133400504
파라다이스,2025,Q1,283304948532.0,57275580029.0,0.2021693596450913
파라다이스,2025,Q2,284461115698.0,42851813099.0,0.1506420763127917
파라다이스,2025,Q3,288247272465.0,39511532076.0,0.1370751290657837
파라다이스,2025,Q4,293853689766.0,16177305562.0,0.0550522458128132
파라다이스,2026,Q1,293966427266.0,37304808641.0,0.1269015954915293
서울보증보험,2025,Q1,,27271305031.0,
서울보증보험,2025,Q2,,84545726521.0,
서울보증보험,2025,Q3,,80946974589.0,
서울보증보험,2025,Q4,,182937737783.0,
서울보증보험,2026,Q1,,93471140831.0,
코나아이,2023,Q1,62684920164.0,10761759003.0,0.1716801899857964
코나아이,2023,Q2,82201857523.0,13776067307.0,0.1675882726025439
코나아이,2023,Q3,70015317166.0,8348186294.0,0.1192337138773106
코나아이,2023,Q4,65319996645.0,797767631.0,0.0122132221674121
코나아이,2024,Q1,54281664400.0,3695797943.0,0.0680855678220507
코나아이,2024,Q2,66407656369.0,13540389378.0,0.2038980159571003
코나아이,2024,Q3,55576452558.0,10113225972.0,0.1819696203431797
코나아이,2024,Q4,60042404056.0,6065000359.0,0.1010119507097572
코나아이,2025,Q1,58315077057.0,12682698116.0,0.2174857473583257
코나아이,2025,Q2,67214312354.0,17207317369.0,0.2560067456819853
코나아이,2025,Q3,93250286743.0,30177163796.0,0.3236147024316287
코나아이,2025,Q4,90383997109.0,28832195455.0,0.318996685001985
코나아이,2026,Q1,76960478043.0,24779966851.0,0.3219830162327569
코스맥스,2023,Q1,403260875312.0,13811866518.0,0.0342504501764865
코스맥스,2023,Q2,479265546131.0,46047093660.0,0.096078455945201
코스맥스,2023,Q3,458266795254.0,33304646349.0,0.0726752334969861
코스맥스,2023,Q4,436701231623.0,22522173329.0,0.0515734138081002
코스맥스,2024,Q1,526802196511.0,45453238793.0,0.0862814147208114
코스맥스,2024,Q2,551453223808.0,46712160025.0,0.0847073840686509
코스맥스,2024,Q3,529831883083.0,43413150653.0,0.0819375957528006
코스맥스,2024,Q4,558002333340.0,39816729634.0,0.0713558479149566
코스맥스,2025,Q1,588574135736.0,51346295225.0,0.0872384498526978
코스맥스,2025,Q2,623560619449.0,60812964839.0,0.0975253454792197
코스맥스,2025,Q3,585616672949.0,42726679740.0,0.0729601490422745
코스맥스,2025,Q4,601006544714.0,40905721820.0,0.0680620239160053
코스맥스,2026,Q1,682023325582.0,53030980630.0,0.077755376745724
이마트,2023,Q1,7135389362508.0,13653087686.0,0.0019134327494079
이마트,2023,Q2,7271088783543.0,-53004137899.0,-0.0072897112766614
이마트,2023,Q3,7709646661648.0,77916079476.0,0.0101063100418852
이마트,2023,Q4,7356123086760.0,-85500460606.0,-0.0116230328934937
이마트,2024,Q1,7206713073664.0,47103670579.0,0.0065360824133729
이마트,2024,Q2,7055986092073.0,-34636421554.0,-0.004908799578405
이마트,2024,Q3,7508472953696.0,111713916129.0,0.0148783803068784
이마트,2024,Q4,7249724741415.0,-77083021012.0,-0.0106325445118837
이마트,2025,Q1,7218926638835.0,159318975212.0,0.0220696210368624
이마트,2025,Q2,7038971418605.0,21629773276.0,0.0030728599378638
이마트,2025,Q3,7400784157345.0,151449690811.0,0.020464005920331
이마트,2025,Q4,7311706049073.0,-9857269049.0,-0.0013481489795736
이마트,2026,Q1,7123428675312.0,178323054716.0,0.0250333179209083
현대무벡스,2023,Q1,42038570031.0,-3335458754.0,-0.0793428214028301
현대무벡스,2023,Q2,55474540577.0,-3398815630.0,-0.0612680266415611
현대무벡스,2023,Q3,77072924249.0,5225390226.0,0.067798001398238
현대무벡스,2023,Q4,93252026961.0,5652218852.0,0.0606122894718833
현대무벡스,2024,Q1,60807835741.0,4168955390.0,0.068559509464486
현대무벡스,2024,Q2,72648997628.0,4849725826.0,0.0667555779755293
현대무벡스,2024,Q3,83964588620.0,7275078780.0,0.0866446069655024
현대무벡스,2024,Q4,123961621015.0,8277319654.0,0.0667732447044912
현대무벡스,2025,Q1,77712421020.0,5177544557.0,0.0666244145921989
현대무벡스,2025,Q2,98851089054.0,4451307546.0,0.0450304350574059
현대무벡스,2025,Q3,103477170516.0,6721716783.0,0.0649584516998429
현대무벡스,2025,Q4,113899959661.0,1861974423.0,0.0163474546307284
현대무벡스,2026,Q1,74964780477.0,-640415173.0,-0.0085428806557565
명신산업,2023,Q1,436684683460.0,47737279813.0,0.1093175044170577
명신산업,2023,Q2,466543848641.0,77441316736.0,0.165989364047087
명신산업,2023,Q3,394722605614.0,40736767074.0,0.1032035320364614
명신산업,2023,Q4,440953958914.0,42197020088.0,0.095694843497776
명신산업,2024,Q1,401634334924.0,44088546722.0,0.1097728527874558
명신산업,2024,Q2,397619520118.0,42302222811.0,0.1063886974121545
명신산업,2024,Q3,384752841800.0,38932257963.0,0.1011877073626334
명신산업,2024,Q4,389811507342.0,22796727086.0,0.0584814112888652
명신산업,2025,Q1,359636503847.0,30063949599.0,0.0835953783261948
명신산업,2025,Q2,398869136477.0,25693851902.0,0.064416746126161
명신산업,2025,Q3,443337023988.0,36347264302.0,0.0819856279429164
명신산업,2025,Q4,417311917464.0,10486759087.0,0.0251293065166408
명신산업,2026,Q1,412049586000.0,20606832879.0,0.0500105656676961
디어유,2024,Q2,19075713176.0,7050569960.0,0.3696097700226817
디어유,2024,Q3,17736381598.0,6341720485.0,0.3575543551518483
디어유,2024,Q4,17771676220.0,4868441686.0,0.2739438658307944
디어유,2025,Q1,17545842272.0,5481035242.0,0.3123837064662745
디어유,2025,Q2,20183639734.0,7441596410.0,0.3686944727548019
디어유,2025,Q3,22303836738.0,8714822328.0,0.3907319816931848
디어유,2025,Q4,23801559457.0,9754208663.0,0.4098138477280026
디어유,2026,Q1,23406558697.0,9696239545.0,0.4142531018984332
슈프리마,2023,Q1,20057899814.0,1707915119.0,0.0851492496641104
슈프리마,2023,Q2,23318931514.0,2648086473.0,0.1135595115672502
슈프리마,2023,Q3,21041484212.0,3577424438.0,0.1700176851573896
슈프리마,2023,Q4,30211954634.0,8727915766.0,0.2888894767562558
슈프리마,2024,Q1,20463177924.0,2218022293.0,0.108390901024157
슈프리마,2024,Q2,28139969660.0,6728126790.0,0.2390950264443178
슈프리마,2024,Q3,25106748996.0,5731266778.0,0.2282759420151571
슈프리마,2024,Q4,34521839280.0,8608021955.0,0.2493500385417471
슈프리마,2025,Q1,28799455145.0,5688196308.0,0.197510552868482
슈프리마,2025,Q2,32530412603.0,7569816710.0,0.232699683289658
슈프리마,2025,Q3,30349485666.0,6524325342.0,0.2149731766067155
슈프리마,2025,Q4,45622649684.0,12962365777.0,0.2841212833270826
슈프리마,2026,Q1,31122616814.0,5388440441.0,0.1731358411538228
KG스틸,2023,Q1,818617682975.0,81278673083.0,0.0992877075262032
KG스틸,2023,Q2,888013564421.0,85040890082.0,0.0957653052714888
KG스틸,2023,Q3,884924604540.0,80184983348.0,0.0906122204497654
KG스틸,2023,Q4,838292348257.0,33906288855.0,0.0404468547583654
KG스틸,2024,Q1,818567842210.0,52124788161.0,0.0636780306691154
KG스틸,2024,Q2,858433774276.0,74473778758.0,0.0867554154900428
KG스틸,2024,Q3,834915351299.0,42703232133.0,0.0511467804090083
KG스틸,2024,Q4,789065052861.0,36714583758.0,0.0465292229390718
KG스틸,2025,Q1,812571105957.0,65166819459.0,0.0801982977012826
KG스틸,2025,Q2,805067758861.0,36888601041.0,0.0458204922939524
KG스틸,2025,Q3,830582292738.0,53868770064.0,0.064856631949644
KG스틸,2025,Q4,745223266944.0,-5177146137.0,-0.0069471074866333
KG스틸,2026,Q1,805288623946.0,21512932639.0,0.02671456171029
덕산네오룩스,2023,Q1,28453785527.0,85743333.0,0.0030134244499255
덕산네오룩스,2023,Q2,42737050741.0,8954780372.0,0.2095320153528794
덕산네오룩스,2023,Q3,47038564852.0,12174859901.0,0.2588271972009865
덕산네오룩스,2023,Q4,45472742147.0,11704265926.0,0.2573908098210473
덕산네오룩스,2024,Q1,52483294209.0,10269675817.0,0.1956751376181513
덕산네오룩스,2024,Q2,52708870962.0,10044771310.0,0.1905707924808651
덕산네오룩스,2024,Q3,54880094446.0,12543126327.0,0.2285551155408811
덕산네오룩스,2024,Q4,52179964105.0,19613974820.0,0.3758909220506831
덕산네오룩스,2025,Q1,37944208508.0,9898148958.0,0.2608605989478767
덕산네오룩스,2025,Q2,80927423415.0,10279839180.0,0.1270254105000285
덕산네오룩스,2025,Q3,98331385115.0,17501012372.0,0.1779799232110105
덕산네오룩스,2025,Q4,127106780153.0,23063427798.0,0.1814492332371118
덕산네오룩스,2026,Q1,72874197217.0,17090471669.0,0.2345202049788502
LG생활건강,2023,Q1,1683723394359.0,145918281869.0,0.0866640461003701
LG생활건강,2023,Q2,1807719998272.0,157849151171.0,0.0873194694542783
LG생활건강,2023,Q3,1746181026542.0,128497960202.0,0.0735879947432869
LG생활건강,2023,Q4,1567214950956.0,54715831500.0,0.0349127804495633
LG생활건강,2024,Q1,1728701231113.0,151033726598.0,0.0873683224606481
LG생활건강,2024,Q2,1759670347652.0,158537063877.0,0.0900947521724978
LG생활건강,2024,Q3,1713627379529.0,106078947680.0,0.0619031587305499
LG생활건강,2024,Q4,1609919798447.0,43396174025.0,0.0269554881347889
LG생활건강,2025,Q1,1697877264205.0,142369362877.0,0.083851386598113
LG생활건강,2025,Q2,1604872243862.0,54814037403.0,0.0341547669059901
LG생활건강,2025,Q3,1579950874205.0,46195070525.0,0.0292382954933611
LG생활건강,2025,Q4,1472789595070.0,-72689873876.0,-0.0493552331706588
LG생활건강,2026,Q1,1576592750887.0,107831141908.0,0.0683950511933621
뉴파워프라즈마,2023,Q1,71086067742.0,807604856.0,0.0113609442982712
뉴파워프라즈마,2023,Q2,97541647610.0,7191712480.0,0.0737296596501482
뉴파워프라즈마,2023,Q3,79873863918.0,4739210268.0,0.0593336798237952
뉴파워프라즈마,2023,Q4,102165191680.0,3350018741.0,0.0327902163732327
뉴파워프라즈마,2024,Q1,105485974857.0,5233898564.0,0.0496170090013884
뉴파워프라즈마,2024,Q2,141004293508.0,14165607616.0,0.1004622431245067
뉴파워프라즈마,2024,Q3,128571363588.0,3321023568.0,0.0258301963619367
뉴파워프라즈마,2024,Q4,144774764547.0,3407842486.0,0.0235389261150804
뉴파워프라즈마,2025,Q1,108159766897.0,3445863506.0,0.0318590137983699
뉴파워프라즈마,2025,Q2,163345046451.0,12202634508.0,0.0747046498998702
뉴파워프라즈마,2025,Q3,151373161112.0,6047021981.0,0.0399477816052599
뉴파워프라즈마,2025,Q4,155112419264.0,6973650690.0,0.0449586868871596
뉴파워프라즈마,2026,Q1,148511901239.0,13545487301.0,0.091208093007989
메디톡스,2023,Q1,42674450577.0,1767323063.0,0.0414140788950783
메디톡스,2023,Q2,51788243695.0,9551052286.0,0.1844251050923769
메디톡스,2023,Q3,58654349743.0,3574398415.0,0.0609400399230677
메디톡스,2023,Q4,68003638582.0,2429555041.0,0.0357268389112797
메디톡스,2024,Q1,54588470728.0,-929985543.0,-0.0170362996178052
메디톡스,2024,Q2,65005462915.0,14332239899.0,0.2204774684512374
메디톡스,2024,Q3,53852353565.0,5999728476.0,0.1114107012752619
메디톡스,2024,Q4,55175681792.0,946740168.0,0.0171586491956546
메디톡스,2025,Q1,63956982000.0,5476435000.0,0.0856268514984024
메디톡스,2025,Q2,61647431545.0,6317418939.0,0.1024765960344763
메디톡스,2025,Q3,61016714571.0,8898799758.0,0.1458420011724036
메디톡스,2025,Q4,60669161380.0,-3688281392.0,-0.0607933471982335
메디톡스,2026,Q1,60687505686.0,7372200966.0,0.1214780683876532
인바디,2023,Q1,43026999024.0,10448214428.0,0.2428292622074827
인바디,2023,Q2,40660351599.0,8714530437.0,0.2143250142778973
인바디,2023,Q3,44751979634.0,12443024256.0,0.2780441079425791
인바디,2023,Q4,41911899476.0,6742543494.0,0.1608742046602058
인바디,2024,Q1,48429417068.0,9999644570.0,0.2064787308085795
인바디,2024,Q2,50243080882.0,9413243230.0,0.1873540209866463
인바디,2024,Q3,50719520847.0,9823076955.0,0.193674482545531
인바디,2024,Q4,55072817073.0,7502789881.0,0.1362339949135872
인바디,2025,Q1,55583707371.0,7002128143.0,0.1259744711928528
인바디,2025,Q2,56170250098.0,10393708125.0,0.1850393777287112
인바디,2025,Q3,59797528896.0,9834951474.0,0.1644708678698909
인바디,2025,Q4,62396822013.0,9521871691.0,0.1526018695153445
인바디,2026,Q1,68444581838.0,13024609993.0,0.1902942445295037
한샘,2023,Q1,469254590342.0,-15736685959.0,-0.0335354971115591
한샘,2023,Q2,514793312892.0,1226020361.0,0.0023815778688197
한샘,2023,Q3,480885964222.0,4918635481.0,0.0102282783174127
한샘,2023,Q4,502013166363.0,11538638969.0,0.0229847337522947
한샘,2024,Q1,485898654863.0,12995109741.0,0.0267444859353726
한샘,2024,Q2,477996437020.0,7089777696.0,0.014832281470967
한샘,2024,Q3,454094680318.0,7286248429.0,0.0160456590768636
한샘,2024,Q4,490400987996.0,3858179890.0,0.0078673982810806
한샘,2025,Q1,443445641487.0,6439601366.0,0.0145217378716502
한샘,2025,Q2,459435936286.0,2255878741.0,0.0049101051154947
한샘,2025,Q3,441391785291.0,6844048989.0,0.0155056102471138
한샘,2025,Q4,400264984364.0,2951805766.0,0.007374629011554
한샘,2026,Q1,399418155288.0,10074344595.0,0.0252225505065885
HD한국조선해양,2023,Q1,4842359485000.0,-19044257000.0,-0.0039328465924499
HD한국조선해양,2023,Q2,5453640001000.0,71256596000.0,0.0130658782000524
HD한국조선해양,2023,Q3,5011205861000.0,68957352000.0,0.013760630457564
HD한국조선해양,2023,Q4,5989000227000.0,161091028000.0,0.0268978163122717
HD한국조선해양,2024,Q1,5515625997000.0,160162573000.0,0.0290379683261907
HD한국조선해양,2024,Q2,6615483679000.0,376465002000.0,0.0569066481404888
HD한국조선해양,2024,Q3,6245755748000.0,398407579000.0,0.0637885301754839
HD한국조선해양,2024,Q4,7161711932000.0,499055338000.0,0.0696838050369099
HD한국조선해양,2025,Q1,6771705878000.0,859154446000.0,0.1268741527583516
HD한국조선해양,2025,Q2,7428417053000.0,953641034000.0,0.1283774224301081
HD한국조선해양,2025,Q3,7581435732000.0,,
HD한국조선해양,2025,Q4,8151656564000.0,,
HD한국조선해양,2026,Q1,8140889752000.0,1355970120000.0,0.1665628894761625
셀트리온,2023,Q1,597564003593.0,182434934168.0,0.3052977305712279
셀트리온,2023,Q2,523978430491.0,182993942866.0,0.3492394576137865
셀트리온,2023,Q3,672291586724.0,267629330730.0,0.3980851999563569
셀트리온,2023,Q4,382597510572.0,18423214393.0,0.0481529907642537
셀트리온,2024,Q1,736980406827.0,15437339044.0,0.0209467428183932
셀트리온,2024,Q2,874741298986.0,72487799838.0,0.0828677003384061
셀트리온,2024,Q3,881933317829.0,207686368229.0,0.2354898766499133
셀트리온,2024,Q4,1063648530729.0,196404027736.0,0.1846512471571687
셀트리온,2025,Q1,841911660218.0,149420804340.0,0.1774780079673796
셀트리온,2025,Q2,961457364491.0,242466845608.0,0.252186789100485
셀트리온,2025,Q3,1028969076475.0,301411957351.0,0.2929261571043172
셀트리온,2025,Q4,1330157007697.0,475171738296.0,0.3572298123803447
셀트리온,2026,Q1,1144985917949.0,321869634415.0,0.2811123083431116
풀무원,2023,Q1,730038370176.0,12259997809.0,0.0167936348414732
풀무원,2023,Q2,755386260940.0,16777199714.0,0.0222100938043571
풀무원,2023,Q3,746058076691.0,21897970923.0,0.0293515633797898
풀무원,2023,Q4,761985483495.0,11046106082.0,0.0144964783729669
풀무원,2024,Q1,769292384477.0,15657996779.0,0.0203537654797467
풀무원,2024,Q2,793048953509.0,16854354866.0,0.0212526033751442
풀무원,2024,Q3,833657134951.0,33289280121.0,0.0399316202373253
풀무원,2024,Q4,817698380973.0,26027776161.0,0.0318305340534353
풀무원,2025,Q1,793491352656.0,11263209002.0,0.0141944949548592
풀무원,2025,Q2,839112628072.0,19560575643.0,0.0233110252290489
풀무원,2025,Q3,888395319978.0,38092424653.0,0.0428777862696792
풀무원,2025,Q4,859189922076.0,24256881498.0,0.0282322695771265
풀무원,2026,Q1,850352645583.0,19020401065.0,0.0223676625971565
세아제강,2025,Q1,378861239888.0,25581035965.0,0.0675208579599283
세아제강,2025,Q2,414879401513.0,20927920129.0,0.0504433819868597
세아제강,2025,Q3,331742474498.0,-5186417819.0,-0.0156338672847008
세아제강,2025,Q4,359313620111.0,8278946215.0,0.0230410030447564
세아제강,2026,Q1,448577896123.0,24108279088.0,0.0537437963313946
HS효성첨단소재,2023,Q1,834470945507.0,67328134857.0,0.0806836178293702
HS효성첨단소재,2023,Q2,816392312122.0,48631528692.0,0.0595688224520328
HS효성첨단소재,2023,Q3,783313390366.0,35654622499.0,0.045517698200385
HS효성첨단소재,2023,Q4,768154531500.0,20760098029.0,0.0270259396744833
HS효성첨단소재,2024,Q1,836824094969.0,63675214408.0,0.0760915164737923
HS효성첨단소재,2024,Q2,840489038818.0,65820776070.0,0.0783124740836184
HS효성첨단소재,2024,Q3,829449765763.0,44231691701.0,0.0533265467382606
HS효성첨단소재,2024,Q4,804464913454.0,45994546805.0,0.0571740868194247
HS효성첨단소재,2025,Q1,853557769744.0,49109971721.0,0.0575356155866627
HS효성첨단소재,2025,Q2,843036715836.0,58740601299.0,0.0696773938733495
HS효성첨단소재,2025,Q3,800997099891.0,19316087277.0,0.0241150527007258
HS효성첨단소재,2025,Q4,785453363388.0,30266469741.0,0.0385337578929545
HS효성첨단소재,2026,Q1,829030788985.0,34408892821.0,0.0415049637217063
빙그레,2023,Q1,293508880359.0,12742691746.0,0.0434150126238565
빙그레,2023,Q2,388727859578.0,46249967646.0,0.1189777539901786
빙그레,2023,Q3,434235765396.0,65423729227.0,0.1506640733918751
빙그레,2023,Q4,277843877070.0,-12171170419.0,-0.0438057895943252
빙그레,2024,Q1,300866020665.0,21053537924.0,0.0699764562228252
빙그레,2024,Q2,407452512530.0,44914027655.0,0.11023131843295
빙그레,2024,Q3,463796755512.0,64677882221.0,0.1394530717438935
빙그레,2024,Q4,290925969398.0,630344388.0,0.0021666831232163
빙그레,2025,Q1,308501582515.0,13452024668.0,0.0436043943708001
빙그레,2025,Q2,409607281954.0,26831207999.0,0.0655047143473714
빙그레,2025,Q3,479232013736.0,58927702018.0,0.1229627828045356
빙그레,2025,Q4,292246295589.0,-10853924984.0,-0.0371396494936736
빙그레,2026,Q1,312376207040.0,13759106103.0,0.0440465880336338
롯데지주,2023,Q1,3448546651105.0,78480149625.0,0.0227574562750522
롯데지주,2023,Q2,3869843094382.0,159151066643.0,0.0411259740411815
롯데지주,2023,Q3,4003146346629.0,241573483915.0,0.0603459036960829
롯데지주,2023,Q4,3838239803523.0,14484583958.0,0.0037737569040644
롯데지주,2024,Q1,3737751206656.0,69341290834.0,0.0185516068352865
롯데지주,2024,Q2,4107852445373.0,165113152372.0,0.040194518807018
롯데지주,2024,Q3,4143043040649.0,179002894398.0,0.04320565648045
롯데지주,2024,Q4,3768328934501.0,-72988577083.0,-0.0193689506281555
롯데지주,2025,Q1,3585252425700.0,17954717273.0,0.0050079367199631
롯데지주,2025,Q2,4043186553890.0,142199157410.0,0.0351700708128811
롯데지주,2025,Q3,4154307233412.0,185067817225.0,0.0445484185032219
롯데지주,2025,Q4,3756880376469.0,-105782357940.0,-0.0281569673079189
롯데지주,2026,Q1,3622150064464.0,46075945676.0,0.0127206065060747
전진건설로봇,2024,Q3,43045267795.0,9209662788.0,0.2139529676493211
전진건설로봇,2024,Q4,36656356131.0,4576141538.0,0.1248389643980458
전진건설로봇,2025,Q1,48877405548.0,8662594660.0,0.1772310654151417
전진건설로봇,2025,Q2,51467220935.0,9449238673.0,0.1835972197708871
전진건설로봇,2025,Q3,44907008845.0,4956491820.0,0.1103723438162562
전진건설로봇,2025,Q4,45409104665.0,5650597454.0,0.1244375438733394
전진건설로봇,2026,Q1,46016592737.0,4259979540.0,0.0925748580375602
NC,2023,Q1,478769971661.0,81628353940.0,0.1704959767146761
NC,2023,Q2,440246281175.0,35274992081.0,0.0801255878569886
NC,2023,Q3,423107586679.0,16527031132.0,0.0390610607144196
NC,2023,Q4,437709138251.0,3853135647.0,0.0088029591120632
NC,2024,Q1,397910672309.0,25723105144.0,0.0646454265595182
NC,2024,Q2,368868769967.0,8843526162.0,0.0239747218578335
NC,2024,Q3,401936915171.0,-14291295586.0,-0.0355560662546258
NC,2024,Q4,409406775420.0,-129490709746.0,-0.3162886339952698
NC,2025,Q1,360277552006.0,5219932730.0,0.0144886427170823
NC,2025,Q2,382393317848.0,15078651780.0,0.0394323098135143
NC,2025,Q3,360036113547.0,-7467009881.0,-0.0207396136110808
NC,2025,Q4,404218082449.0,3246851400.0,0.0080324249235179
NC,2026,Q1,557383155711.0,113276557964.0,0.2032292450953312
한세실업,2023,Q1,410836161852.0,35885321542.0,0.0873470372720679
한세실업,2023,Q2,430183848607.0,44352454945.0,0.1031011626508524
한세실업,2023,Q3,512048913820.0,60647640706.0,0.1184411080057859
한세실업,2023,Q4,355687503417.0,27339688276.0,0.0768643486581747
한세실업,2024,Q1,411754369099.0,38092282851.0,0.0925121521706095
한세실업,2024,Q2,447979277579.0,42547053427.0,0.0949754945294248
한세실업,2024,Q3,533949661673.0,45225870988.0,0.0847006267337933
한세실업,2024,Q4,404112438182.0,16332500619.0,0.0404157335331617
한세실업,2025,Q1,467269123439.0,20281084926.0,0.0434034347845104
한세실업,2025,Q2,475031717630.0,12327881894.0,0.0259517026684145
한세실업,2025,Q3,543397658858.0,36982248246.0,0.06805743021367
한세실업,2025,Q4,456078425028.0,13825127730.0,0.0303130491848002
한세실업,2026,Q1,467216300289.0,10450391108.0,0.0223673512707836
디아이,2023,Q1,39216899579.0,865831578.0,0.0220780221612327
디아이,2023,Q2,64507426933.0,5564126854.0,0.0862556006113703
디아이,2023,Q3,57680706789.0,2636074123.0,0.0457011411570066
디아이,2023,Q4,53136901567.0,-2926403427.0,-0.0550729030240898
디아이,2024,Q1,34732575950.0,-1836830457.0,-0.0528849475387096
디아이,2024,Q2,46133634199.0,943509137.0,0.0204516542731084
디아이,2024,Q3,54268042747.0,-1758906352.0,-0.0324114573322664
디아이,2024,Q4,78823149683.0,5733623547.0,0.0727403506464622
디아이,2025,Q1,110044899084.0,9925192259.0,0.0901922064685965
디아이,2025,Q2,119269899032.0,12249705307.0,0.1027057573320609
디아이,2025,Q3,109063765753.0,10005315935.0,0.0917382218184116
디아이,2025,Q4,93914996678.0,4328085256.0,0.0460851345269106
디아이,2026,Q1,105701281780.0,18872013350.0,0.1785410075658214
서부T&D,2023,Q1,35618074100.0,7288582823.0,0.2046315812173572
서부T&D,2023,Q2,41334374636.0,4445030754.0,0.1075383574360072
서부T&D,2023,Q3,43430299873.0,10429642797.0,0.2401466908471419
서부T&D,2023,Q4,48779140983.0,15060450791.0,0.3087477656945355
서부T&D,2024,Q1,41376618075.0,10774097268.0,0.2603909591758002
서부T&D,2024,Q2,46937993063.0,8920454983.0,0.1900476437291854
서부T&D,2024,Q3,46598744409.0,12404722264.0,0.2662029293133524
서부T&D,2024,Q4,52565757420.0,15886899386.0,0.3022290587209425
서부T&D,2025,Q1,46131855592.0,12924924864.0,0.2801735308093999
서부T&D,2025,Q2,54612507277.0,11208127677.0,0.2052300514267048
서부T&D,2025,Q3,70051381552.0,21243045190.0,0.3032494822993751
서부T&D,2025,Q4,80683341921.0,24887129386.0,0.3084543698049579
서부T&D,2026,Q1,66086319401.0,17786628942.0,0.2691423747489084
한온시스템,2023,Q1,2340364639688.0,,
한온시스템,2023,Q2,2429090026451.0,,
한온시스템,2023,Q3,2327353818406.0,20287455378.0,0.0087169622502412
한온시스템,2023,Q4,2462519763855.0,53292755890.0,0.0216415545865799
한온시스템,2024,Q1,2404647729341.0,65320802027.0,0.0271643955286961
한온시스템,2024,Q2,2559894417508.0,71580646483.0,0.0279623432878462
한온시스템,2024,Q3,2499779189163.0,93716582175.0,0.0374899441443782
한온시스템,2024,Q4,2535619783714.0,-137594457355.0,-0.0542646252560236
한온시스템,2025,Q1,2617325677473.0,21074684447.0,0.0080519916296192
한온시스템,2025,Q2,2858195834535.0,64300533984.0,0.0224968958414499
한온시스템,2025,Q3,2705697664534.0,95301547871.0,0.0352225413504999
한온시스템,2025,Q4,2702509229477.0,89694866866.0,0.0331894766122068
한온시스템,2026,Q1,2748243841130.0,97180265146.0,0.0353608597940284
코스메카코리아,2023,Q1,115932322832.0,9254056180.0,0.0798229169738128
코스메카코리아,2023,Q2,115651142905.0,11164348373.0,0.0965346998963148
코스메카코리아,2023,Q3,116399125357.0,13700630563.0,0.1177038961502477
코스메카코리아,2023,Q4,122736520197.0,15035040393.0,0.1224985063033219
코스메카코리아,2024,Q1,125588030441.0,13730406370.0,0.1093289409968922
코스메카코리아,2024,Q2,143769968969.0,18093595214.0,0.1258510059072307
코스메카코리아,2024,Q3,126627253579.0,15207289524.0,0.1200949171223436
코스메카코리아,2024,Q4,128343391695.0,13331175358.0,0.1038711474111631
코스메카코리아,2025,Q1,118366010963.0,12290023963.0,0.1038306846958096
코스메카코리아,2025,Q2,161733978593.0,23016587256.0,0.1423113897044524
코스메카코리아,2025,Q3,182371114252.0,27193065325.0,0.1491084014951221
코스메카코리아,2025,Q4,178457968968.0,21037230681.0,0.1178833918297718
코스메카코리아,2026,Q1,185142797724.0,21880306993.0,0.1181807084152302
한화,2023,Q1,14402415000000.0,1373780000000.0,0.0953853919637783
한화,2023,Q2,12146829000000.0,298709000000.0,0.024591520964031
한화,2023,Q3,11939271000000.0,382281000000.0,0.0320187890868713
한화,2023,Q4,14476040000000.0,231704000000.0,0.0160060347995722
한화,2024,Q1,12435370000000.0,235771000000.0,0.0189597092808657
한화,2024,Q2,12992719000000.0,528567000000.0,0.0406817849289282
한화,2024,Q3,12218263000000.0,525432000000.0,0.0430038214106211
한화,2024,Q4,18000477000000.0,1126338000000.0,0.0625726751574416
한화,2025,Q1,16642591000000.0,1072563000000.0,0.0644468760903876
한화,2025,Q2,19242236000000.0,1334841000000.0,0.0693703683916983
한화,2025,Q3,17786617000000.0,1344206000000.0,0.0755740116290804
한화,2025,Q4,21113996000000.0,395273000000.0,0.0187208996345362
한화,2026,Q1,21451410000000.0,1266711000000.0,0.0590502442496786
NAVER,2023,Q1,2280442537690.0,330492062205.0,0.1449245296659725
NAVER,2023,Q2,2407904484962.0,372656459888.0,0.1547638048831829
NAVER,2023,Q3,2445292487206.0,380180743422.0,0.1554745476915916
NAVER,2023,Q4,2537004066727.0,405491004093.0,0.1598306480510004
NAVER,2024,Q1,2526055415876.0,439293106330.0,0.173904778006487
NAVER,2024,Q2,2610485920192.0,472685144828.0,0.1810717082102608
NAVER,2024,Q3,2715557161556.0,525269664443.0,0.1934297947689023
NAVER,2024,Q4,2885620767023.0,542015523226.0,0.1878332487138216
NAVER,2025,Q1,2786783351907.0,505301333937.0,0.1813206374981469
NAVER,2025,Q2,2915085056213.0,521553747074.0,0.1789154474111821
NAVER,2025,Q3,3138054569501.0,570646831171.0,0.1818473256383625
NAVER,2025,Q4,3195084241354.0,610636476538.0,0.191117488745532
NAVER,2026,Q1,3241061102900.0,541757341691.0,0.1671543128903841
삼성바이오로직스,2023,Q1,720922039328.0,191741706592.0,0.2659673253584119
삼성바이오로직스,2023,Q2,866184569567.0,253439139660.0,0.2925925357764022
삼성바이오로직스,2023,Q3,1033973428953.0,318531252670.0,0.3080652207789752
삼성바이오로직스,2023,Q4,1073508729220.0,349967910793.0,0.3260037867109687
삼성바이오로직스,2024,Q1,946903318921.0,221299256140.0,0.2337083963251616
삼성바이오로직스,2024,Q2,1156904189162.0,434510778135.0,0.3755806074569896
삼성바이오로직스,2024,Q3,1187075475928.0,338578425778.0,0.285220638993755
삼성바이오로직스,2024,Q4,1256439192410.0,325663920080.0,0.2591959261119018
삼성바이오로직스,2025,Q1,1298272949854.0,486688724699.0,0.3748739621770072
삼성바이오로직스,2025,Q2,1289905421405.0,475599675863.0,0.3687089518121134
삼성바이오로직스,2025,Q3,1660220823312.0,728848136440.0,0.4390067430825314
삼성바이오로직스,2025,Q4,308572500609.0,378084729628.0,1.2252703299283323
삼성바이오로직스,2026,Q1,1257119188891.0,580752580824.0,0.4619709777370639
폰드그룹,2024,Q1,75591600448.0,10276026995.0,0.1359413867955997
폰드그룹,2024,Q2,82842945911.0,11011407709.0,0.1329190746165617
폰드그룹,2024,Q3,72555640976.0,5349423381.0,0.0737285662291852
폰드그룹,2024,Q4,137662921220.0,14686097353.0,0.1066815757129696
폰드그룹,2025,Q1,106527096309.0,14428559777.0,0.1354449738792044
폰드그룹,2025,Q2,112049651902.0,15755012581.0,0.1406074210277737
폰드그룹,2025,Q3,90776652532.0,7049675456.0,0.0776595661920326
폰드그룹,2025,Q4,176215757831.0,20144116923.0,0.114315071313425
폰드그룹,2026,Q1,116903339031.0,16973330514.0,0.1451911524058271
한국콜마,2023,Q1,487660961331.0,12058574023.0,0.0247273720457095
한국콜마,2023,Q2,599737686970.0,55672431124.0,0.0928279685161503
한국콜마,2023,Q3,516384773087.0,31034500807.0,0.0600995661074059
한국콜마,2023,Q4,551892506034.0,37377834038.0,0.0677266562407305
한국콜마,2024,Q1,574789537510.0,32429767326.0,0.0564202463852881
한국콜마,2024,Q2,660271275247.0,71741069792.0,0.1086539313180972
한국콜마,2024,Q3,626505190045.0,54539639175.0,0.0870537707294692
한국콜마,2024,Q4,590497977661.0,35139948055.0,0.0595090066086112
한국콜마,2025,Q1,653085689014.0,59939938284.0,0.0917795923142867
한국콜마,2025,Q2,730849244128.0,73477279890.0,0.1005368487144953
한국콜마,2025,Q3,683014538376.0,58330238822.0,0.0854011672440992
한국콜마,2025,Q4,655469697807.0,47847283452.0,0.0729969419060595
한국콜마,2026,Q1,728036468369.0,78886019580.0,0.1083544891050941
HD현대중공업,2023,Q1,2632890261000.0,-41468730000.0,-0.0157502690538456
HD현대중공업,2023,Q2,3064397813000.0,68534227000.0,0.0223646638531261
HD현대중공업,2023,Q3,2853526385000.0,12907756000.0,0.0045234402134326
HD현대중공업,2023,Q4,3413111533000.0,138666712000.0,0.0406276532891724
HD현대중공업,2024,Q1,2987745013000.0,21263912000.0,0.007117043759584
HD현대중공업,2024,Q2,3883982539000.0,195630124000.0,0.0503684355003224
HD현대중공업,2024,Q3,3609175683000.0,206145004000.0,0.0571169214541114
HD현대중공업,2024,Q4,4005550308000.0,282184442000.0,0.0704483579787808
HD현대중공업,2025,Q1,3822515741000.0,433734171000.0,0.1134682498093603
HD현대중공업,2025,Q2,4147124837000.0,471455984000.0,0.1136826120578149
HD현대중공업,2025,Q3,4417898203000.0,557285392000.0,0.1261426511868408
HD현대중공업,2025,Q4,5193094476000.0,575034555000.0,0.1107306169101168
HD현대중공업,2026,Q1,5916331790000.0,905385908000.0,0.1530316317841261
LS에코에너지,2023,Q1,176423274291.0,5271758109.0,0.0298813074986044
LS에코에너지,2023,Q2,187311579488.0,5941442844.0,0.031719570462437
LS에코에너지,2023,Q3,167485711410.0,11060821010.0,0.0660403858746101
LS에코에너지,2023,Q4,199847301790.0,7215168988.0,0.0361034095700812
LS에코에너지,2024,Q1,179887040273.0,9699596094.0,0.0539204829835418
LS에코에너지,2024,Q2,232581527902.0,14729811153.0,0.0633318186782508
LS에코에너지,2024,Q3,223390490246.0,12549940397.0,0.056179385179646
LS에코에너지,2024,Q4,233107024722.0,7788982978.0,0.0334137634302914
LS에코에너지,2025,Q1,228341552408.0,15336531251.0,0.0671648724871447
LS에코에너지,2025,Q2,250235674686.0,23593793137.0,0.0942862889818004
LS에코에너지,2025,Q3,232779532453.0,14766721444.0,0.0634365113134743
LS에코에너지,2025,Q4,248699355607.0,13081061013.0,0.0525978886478136
LS에코에너지,2026,Q1,285479341348.0,20103036992.0,0.0704185350052855
일진전기,2023,Q1,300668161397.0,17099482951.0,0.0568716117847342
일진전기,2023,Q2,304008556609.0,13010088849.0,0.0427951403543318
일진전기,2023,Q3,285534426390.0,15839402341.0,0.0554728287627411
일진전기,2023,Q4,356520502792.0,14807546438.0,0.0415335059892445
일진전기,2024,Q1,341274240174.0,18260825992.0,0.053507777155081
일진전기,2024,Q2,433761182627.0,24522861592.0,0.0565353991417155
일진전기,2024,Q3,331367604448.0,14675942974.0,0.0442890094776993
일진전기,2024,Q4,470844343751.0,22282379442.0,0.0473243009876396
일진전기,2025,Q1,457428128000.0,34043295000.0,0.0744232654621536
일진전기,2025,Q2,522820363000.0,37606488000.0,0.0719300368949095
일진전기,2025,Q3,450153532000.0,35336328000.0,0.0784983910778245
일진전기,2025,Q4,614150029000.0,44240495000.0,0.0720353218447865
일진전기,2026,Q1,506129977000.0,50762956000.0,0.1002962841697084
글로벌텍스프리,2023,Q1,17548771489.0,1233999244.0,0.0703182695594105
글로벌텍스프리,2023,Q2,22920151627.0,3427740901.0,0.1495514059759583
글로벌텍스프리,2023,Q3,26088075737.0,3832831082.0,0.1469188881786325
글로벌텍스프리,2023,Q4,26816548162.0,6282321861.0,0.2342703402036759
글로벌텍스프리,2024,Q1,31341937714.0,2433986434.0,0.0776590923066244
글로벌텍스프리,2024,Q2,33900931461.0,6362498089.0,0.1876791526014406
글로벌텍스프리,2024,Q3,33221239457.0,5838977239.0,0.175760366995268
글로벌텍스프리,2024,Q4,37681124931.0,6431604225.0,0.1706850375825368
글로벌텍스프리,2025,Q1,34286266580.0,5085250689.0,0.1483174225789386
글로벌텍스프리,2025,Q2,44993151541.0,8264141445.0,0.1836755408757998
글로벌텍스프리,2025,Q3,45051331438.0,8249848929.0,0.1831210902246808
글로벌텍스프리,2025,Q4,29725770801.0,7385860331.0,0.2484665706549662
글로벌텍스프리,2026,Q1,35489470932.0,5821967072.0,0.1640477279347231
펌텍코리아,2023,Q1,64812101764.0,7471495808.0,0.115279332171728
펌텍코리아,2023,Q2,75848646642.0,10351065425.0,0.1364700081447235
펌텍코리아,2023,Q3,71101921059.0,9260116357.0,0.1302372174911561
펌텍코리아,2023,Q4,72718582988.0,8205973214.0,0.1128456149283622
펌텍코리아,2024,Q1,76884699840.0,10227203086.0,0.1330200040747144
펌텍코리아,2024,Q2,85509800530.0,12733913766.0,0.1489175940894923
펌텍코리아,2024,Q3,85218801983.0,12429949009.0,0.1458592319976477
펌텍코리아,2024,Q4,89869849311.0,13005930643.0,0.1447196222394031
펌텍코리아,2025,Q1,91735466206.0,13432689338.0,0.1464285286111232
펌텍코리아,2025,Q2,105420763329.0,19427710096.0,0.1842873214204442
펌텍코리아,2025,Q3,97671578789.0,15324530765.0,0.1568985671676875
펌텍코리아,2025,Q4,77132700466.0,,
펌텍코리아,2026,Q1,91753697729.0,,
비츠로셀,2023,Q1,36403019332.0,8768275090.0,0.2408666987216707
비츠로셀,2023,Q2,49811512987.0,15262793100.0,0.3064109517007312
비츠로셀,2023,Q3,44085482568.0,7236852182.0,0.1641549952603435
비츠로셀,2023,Q4,45920466077.0,6422403539.0,0.1398592847082787
비츠로셀,2024,Q1,37570946600.0,10107750896.0,0.2690310415548593
비츠로셀,2024,Q2,54168778689.0,14661338061.0,0.270660303145754
비츠로셀,2024,Q3,48793477490.0,12124849991.0,0.2484932539084744
비츠로셀,2024,Q4,70246159053.0,15016697747.0,0.2137725101193085
비츠로셀,2025,Q1,53941375434.0,15074283075.0,0.279456779767215
비츠로셀,2025,Q2,56513426791.0,16131205627.0,0.2854402315162556
비츠로셀,2025,Q3,55346055769.0,16733041947.0,0.3023348586363471
비츠로셀,2025,Q4,77281683141.0,21329270417.0,0.2759938649121405
비츠로셀,2026,Q1,68267682901.0,20279415978.0,0.2970573354219254
동국제약,2023,Q1,180801015350.0,19308982231.0,0.1067968683340693
동국제약,2023,Q2,185878686209.0,12908729187.0,0.0694470649124642
동국제약,2023,Q3,176437669297.0,14191833730.0,0.0804353956076731
동국제약,2023,Q4,187876226467.0,20463758922.0,0.1089214921271287
동국제약,2024,Q1,196820887473.0,21013569155.0,0.1067649344782202
동국제약,2024,Q2,203537923066.0,19221827630.0,0.0944385564147033
동국제약,2024,Q3,200878561756.0,22530525273.0,0.1121599292430569
동국제약,2024,Q4,210928700762.0,17653673164.0,0.0836949789204808
동국제약,2025,Q1,223735796361.0,25317287339.0,0.1131570707538917
동국제약,2025,Q2,233460830713.0,22141217108.0,0.0948391087292018
동국제약,2025,Q3,226809457795.0,24797346099.0,0.1093311819536771
동국제약,2025,Q4,242877616954.0,24297655627.0,0.1000407362840762
동국제약,2026,Q1,251016217137.0,27336147220.0,0.1089019169031634
원텍,2023,Q1,28549265940.0,13374728093.0,0.4684788786201625
원텍,2023,Q2,30503402489.0,12638498582.0,0.4143307811827759
원텍,2023,Q3,26380805958.0,9532282428.0,0.3613340109159678
원텍,2023,Q4,30195328707.0,10491603401.0,0.3474578304083106
원텍,2024,Q1,22565464196.0,6634110740.0,0.2939939848955545
원텍,2024,Q2,29011276514.0,7023988685.0,0.2421123621227224
원텍,2024,Q3,26884389170.0,7343801590.0,0.273162300380433
원텍,2024,Q4,36793469546.0,13787697791.0,0.3747322000650773
원텍,2025,Q1,37415206043.0,14551634197.0,0.3889230004580574
원텍,2025,Q2,39808884930.0,17272670323.0,0.4338898302068065
원텍,2025,Q3,33239972126.0,7612422401.0,0.2290141030246422
원텍,2025,Q4,46374039771.0,12248732919.0,0.2641290898848916
원텍,2026,Q1,40246368557.0,11201032505.0,0.2783116317472529
GS피앤엘,2025,Q1,,15215734704.0,
GS피앤엘,2025,Q2,,11563712655.0,
GS피앤엘,2025,Q3,,19929295893.0,
GS피앤엘,2025,Q4,,31313880400.0,
GS피앤엘,2026,Q1,,24162422637.0,
대웅,2023,Q1,435858469091.0,47592229156.0,0.1091919339212462
대웅,2023,Q2,469420623712.0,68194895218.0,0.1452746039974568
대웅,2023,Q3,461517517675.0,65565959551.0,0.142066025751966
대웅,2023,Q4,447044851646.0,14253198927.0,0.031883151935472
대웅,2024,Q1,443860722394.0,48479489107.0,0.1092223002871752
대웅,2024,Q2,473290460322.0,68681195289.0,0.145114260790875
대웅,2024,Q3,515874594446.0,101708215149.0,0.1971568599113218
대웅,2024,Q4,503891075437.0,63044180694.0,0.125114699916693
대웅,2025,Q1,481434644144.0,61138955570.0,0.1269932613152637
대웅,2025,Q2,528428497429.0,85334437965.0,0.1614871990821532
대웅,2025,Q3,542175246375.0,80540470641.0,0.1485506230310144
대웅,2025,Q4,516332067296.0,34780030802.0,0.0673598116501671
대웅,2026,Q1,492706725823.0,47780885256.0,0.0969763202972082
한컴,2023,Q1,41788818366.0,2430351927.0,0.058157948035625
한컴,2023,Q2,78463806561.0,18300571093.0,0.2332358305707818
한컴,2023,Q3,56969612325.0,3263284641.0,0.057281145295208
한컴,2023,Q4,93877535089.0,10155845018.0,0.1081818457245582
한컴,2024,Q1,54615263724.0,6365488001.0,0.116551446737824
한컴,2024,Q2,90519456008.0,19920287670.0,0.2200663652711243
한컴,2024,Q3,71160483292.0,8480197254.0,0.1191700345710462
한컴,2024,Q4,88478101421.0,5656722252.0,0.0639335853861054
한컴,2025,Q1,60916029320.0,8385626821.0,0.1376587889034787
한컴,2025,Q2,86412575354.0,16404841198.0,0.1898432158837472
한컴,2025,Q3,84065726106.0,12355521302.0,0.1469745385464309
한컴,2025,Q4,95350404554.0,-748763336.0,-0.0078527546841812
한컴,2026,Q1,63616446094.0,8564239878.0,0.1346230480298354
넷마블,2023,Q1,602610785532.0,-28192788197.0,-0.0467844069072057
넷마블,2023,Q2,603328334847.0,-37233666799.0,-0.0617137711731079
LG이노텍,2023,Q1,4375862101558.0,145343912758.0,0.0332149207138522
LG이노텍,2023,Q2,3907208706433.0,18359658802.0,0.0046989194029415
LG이노텍,2023,Q3,4763581195309.0,183430623977.0,0.0385068746508689
LG이노텍,2023,Q4,7558637996700.0,483689804463.0,0.0639916615498946
LG이노텍,2024,Q1,4333578000000.0,176038000000.0,0.0406218602734276
LG이노텍,2024,Q2,4555269000000.0,151684000000.0,0.0332985823669249
LG이노텍,2024,Q3,5685059000000.0,130430000000.0,0.0229425939115143
LG이노텍,2024,Q4,6626849000000.0,247890000000.0,0.0374069184313691
LG이노텍,2025,Q1,4982840000000.0,125117000000.0,0.0251095760650552
LG이노텍,2025,Q2,3934575000000.0,11392000000.0,0.002895357185973
LG이노텍,2025,Q3,5369431000000.0,203749000000.0,0.0379461063937687
LG이노텍,2025,Q4,7609756000000.0,324750000000.0,0.0426754813163523
LG이노텍,2026,Q1,5534835000000.0,295320000000.0,0.0533566041264102
아모레퍼시픽,2023,Q1,913697617945.0,64352596937.0,0.0704309562300661
아모레퍼시픽,2023,Q2,945384372586.0,5888759554.0,0.0062289580034964
아모레퍼시픽,2023,Q3,888832482657.0,17253435444.0,0.0194113466605361
아모레퍼시픽,2023,Q4,926049119969.0,20676465127.0,0.0223276116581074
아모레퍼시픽,2024,Q1,911452525506.0,72675928942.0,0.0797363844064762
아모레퍼시픽,2024,Q2,904751327724.0,4153760695.0,0.0045910523341803
아모레퍼시픽,2024,Q3,977207865626.0,65170990869.0,0.0666910215947263
아모레퍼시픽,2024,Q4,1091698980330.0,78480663407.0,0.0718885561139544
아모레퍼시픽,2025,Q1,1067512073116.0,117729877264.0,0.1102843520264402
아모레퍼시픽,2025,Q2,1005023630792.0,73662493730.0,0.0732942902764892
아모레퍼시픽,2025,Q3,1016903549806.0,91886526963.0,0.0903591367937791
아모레퍼시픽,2025,Q4,1163380967782.0,52547649106.0,0.0451680494706585
아모레퍼시픽,2026,Q1,1135756247274.0,126705584407.0,0.1115605436563646
카카오,2023,Q1,1740337358653.0,71127921690.0,0.0408701918259412
카카오,2023,Q2,2042475603587.0,113469781807.0,0.0555550243086008
카카오,2023,Q3,2160931354165.0,140296343036.0,0.0649240165660938
카카오,2023,Q4,1613257440867.0,135963799140.0,0.0842790466640774
카카오,2024,Q1,1988350132018.0,120294085011.0,0.0604994477954001
카카오,2024,Q2,2004898184520.0,133964231639.0,0.0668184712188129
카카오,2024,Q3,1921397995104.0,130525745048.0,0.0679326955584415
카카오,2024,Q4,1957045888245.0,75428099827.0,0.0385418146197077
카카오,2025,Q1,1863730780367.0,105400864741.0,0.0565536964090086
카카오,2025,Q2,2028312877031.0,185925958096.0,0.0916653245174651
카카오,2025,Q3,2086580139318.0,208047735089.0,0.0997075219727724
카카오,2025,Q4,2120524018370.0,232661977453.0,0.1097190955808376
카카오,2026,Q1,1942077123047.0,211397661586.0,0.108851321647994
씨에스윈드,2023,Q1,350470692544.0,24535028811.0,0.0700059358256318
씨에스윈드,2023,Q2,415520324894.0,41832473032.0,0.1006749141396911
씨에스윈드,2023,Q3,380503926739.0,41478026049.0,0.1090081419250401
씨에스윈드,2023,Q4,373667171317.0,-3179426278.0,-0.0085087118217905
씨에스윈드,2024,Q1,736699130184.0,-9451040015.0,-0.0128289007381337
씨에스윈드,2024,Q2,857831078807.0,128971420233.0,0.1503459403829979
씨에스윈드,2024,Q3,805473155726.0,109645799016.0,0.1361259506124354
씨에스윈드,2024,Q4,672525831978.0,26315771095.0,0.0391297550870296
씨에스윈드,2025,Q1,901886946148.0,125207661658.0,0.1388285551673273
씨에스윈드,2025,Q2,650003261036.0,59265110656.0,0.0911766358857046
씨에스윈드,2025,Q3,597021110917.0,65689835736.0,0.1100293348674104
씨에스윈드,2025,Q4,782737263348.0,70160570251.0,0.0896348922381724
씨에스윈드,2026,Q1,711127395292.0,74288927728.0,0.1044664123753744
하이록코리아,2023,Q1,45703706107.0,11217679411.0,0.2454435398463647
하이록코리아,2023,Q2,49622981401.0,15372285168.0,0.3097815716427352
하이록코리아,2023,Q3,46591973457.0,14145785371.0,0.3036099207958046
하이록코리아,2023,Q4,46920476954.0,11155775019.0,0.2377591990366364
하이록코리아,2024,Q1,49773995765.0,15391763579.0,0.3092330310724853
하이록코리아,2024,Q2,46087068689.0,14699213560.0,0.3189444236341373
하이록코리아,2024,Q3,45284678802.0,13655550102.0,0.3015490109073469
하이록코리아,2024,Q4,49366572811.0,6384179432.0,0.129321908904672
하이록코리아,2025,Q1,49035494789.0,12702887761.0,0.2590549522475626
하이록코리아,2025,Q2,54333025958.0,16429010197.0,0.3023761314103838
하이록코리아,2025,Q3,53845106823.0,14198193395.0,0.2636858617751915
하이록코리아,2025,Q4,57352221975.0,15580748202.0,0.2716677343171062
하이록코리아,2026,Q1,54145864395.0,15685603263.0,0.2896916216642477
STX엔진,2023,Q1,116981000000.0,,
STX엔진,2023,Q2,163437000000.0,4450000000.0,0.0272276167575273
STX엔진,2023,Q3,138535000000.0,1884000000.0,0.0135994514021727
STX엔진,2023,Q4,211424000000.0,12884000000.0,0.0609391554411987
STX엔진,2024,Q1,115506000000.0,6813000000.0,0.0589839488857721
STX엔진,2024,Q2,197361000000.0,21766000000.0,0.1102852133906901
STX엔진,2024,Q3,193968000000.0,5426000000.0,0.0279736863812587
STX엔진,2024,Q4,217774807886.0,8231835042.0,0.0377997580248546
STX엔진,2025,Q1,139139478662.0,15451790399.0,0.1110525247585248
STX엔진,2025,Q2,213655135457.0,33347615287.0,0.1560815059075025
STX엔진,2025,Q3,192065775355.0,15425964012.0,0.0803160478929044
STX엔진,2025,Q4,244481525213.0,5367569778.0,0.0219549095716889
STX엔진,2026,Q1,189010554706.0,17503518774.0,0.0926060388597143
에스엠,2023,Q1,203908649980.0,18261781441.0,0.0895586403165887
에스엠,2023,Q2,239789079302.0,35658774433.0,0.1487089175904041
에스엠,2023,Q3,266309545682.0,50514843389.0,0.1896846891448635
에스엠,2023,Q4,251062441581.0,9027615131.0,0.0359576489185357
에스엠,2024,Q1,220062503756.0,15546892895.0,0.0706476234235616
에스엠,2024,Q2,253880979618.0,24749411451.0,0.0974843073641791
에스엠,2024,Q3,242223884528.0,13332529381.0,0.0550421747507679
에스엠,2024,Q4,273557975212.0,33667821719.0,0.1230738080032518
에스엠,2025,Q1,231426868159.0,32585652915.0,0.1408032402383472
에스엠,2025,Q2,302914439760.0,47610585554.0,0.1571750280102923
에스엠,2025,Q3,321591609871.0,48213754151.0,0.1499223010523812
에스엠,2025,Q4,319001896369.0,54623883847.0,0.1712337276635332
에스엠,2026,Q1,279100907391.0,38599082659.0,0.1382979475768077
HL만도,2023,Q1,1996741264758.0,,
HL만도,2023,Q2,2086768038079.0,76986366389.0,0.0368926325227171
HL만도,2023,Q3,2119142820260.0,81512784071.0,0.0384649789960825
HL만도,2023,Q4,2190434677832.0,50591445060.0,0.0230965321960996
HL만도,2024,Q1,2107342166042.0,75617503929.0,0.035882878987338
HL만도,2024,Q2,2147360059307.0,89624503819.0,0.0417370638103065
HL만도,2024,Q3,2171723705077.0,82496724219.0,0.0379867494314038
HL만도,2024,Q4,2421755941325.0,111022034864.0,0.0458436099895587
HL만도,2025,Q1,2271045425967.0,79183259192.0,0.0348664356452862
HL만도,2025,Q2,2400873734426.0,104101108144.0,0.0433596763758542
HL만도,2025,Q3,2321277920316.0,94152368623.0,0.040560575620425
HL만도,2025,Q4,2461615500314.0,79684238923.0,0.0323707089563075
HL만도,2026,Q1,2311655292684.0,93583922060.0,0.0404835108228192
LS,2023,Q1,6098457000000.0,238199000000.0,0.0390588963732957
LS,2023,Q2,6509327000000.0,281581000000.0,0.0432580818262778
LS,2023,Q3,6013860000000.0,226243000000.0,0.0376202638571566
LS,2023,Q4,5859099000000.0,153651000000.0,0.026224339271277
LS,2024,Q1,5945027000000.0,243669000000.0,0.0409870300000319
LS,2024,Q2,7414274000000.0,374383000000.0,0.050494896735675
LS,2024,Q3,7085497000000.0,157098000000.0,0.0221717686141141
LS,2024,Q4,7099865000000.0,297792000000.0,0.0419433327253405
LS,2025,Q1,6913573000000.0,304505000000.0,0.0440445193823801
LS,2025,Q2,7854425000000.0,235640000000.0,0.0300009230465629
LS,2025,Q3,8072773000000.0,257128000000.0,0.0318512610226993
LS,2025,Q4,9029260000000.0,255281000000.0,0.0282726380677929
LS,2026,Q1,9504447000000.0,476090000000.0,0.050091288846158
NHN KCP,2023,Q1,226374566803.0,8967395676.0,0.0396130881778949
NHN KCP,2023,Q2,234169404108.0,10952961464.0,0.0467736658669056
NHN KCP,2023,Q3,243115505452.0,9644967226.0,0.0396723656439275
NHN KCP,2023,Q4,268356746102.0,12393600571.0,0.0461833017094688
NHN KCP,2024,Q1,268164002181.0,11163531877.0,0.0416294945861714
NHN KCP,2024,Q2,275927270569.0,11652038693.0,0.0422286592730464
NHN KCP,2024,Q3,272445512261.0,8785646793.0,0.0322473536821683
NHN KCP,2024,Q4,288788726826.0,12180614009.0,0.0421782877152923
NHN KCP,2025,Q1,281071276334.0,10907327097.0,0.0388062673613034
NHN KCP,2025,Q2,300661675649.0,12370181593.0,0.0411431938117755
NHN KCP,2025,Q3,317512161420.0,15762976617.0,0.0496452688505023
NHN KCP,2025,Q4,335637637302.0,15647454186.0,0.046620082037822
NHN KCP,2026,Q1,344859626447.0,13783712135.0,0.0399690513992897
코웨이,2023,Q1,948294285511.0,175588313190.0,0.185162260147315
코웨이,2023,Q2,1006168606391.0,194171555656.0,0.1929811310178608
코웨이,2023,Q3,1007673617375.0,195316364175.0,0.1938289946339977
코웨이,2023,Q4,1004383212646.0,166178845033.0,0.1654536266045404
코웨이,2024,Q1,1001835311067.0,193744575800.0,0.1933896456431079
코웨이,2024,Q2,1082259100116.0,211194775407.0,0.1951425267612566
코웨이,2024,Q3,1100336376251.0,207051057484.0,0.1881706921200332
코웨이,2024,Q4,1125710907162.0,183383452652.0,0.1629045712227513
코웨이,2025,Q1,1174919203981.0,211244773596.0,0.1797951492155677
코웨이,2025,Q2,1258874709586.0,242721142680.0,0.1928080219832381
코웨이,2025,Q3,1254400659845.0,243057379433.0,0.1937637528531222
코웨이,2025,Q4,1275371499699.0,181628473673.0,0.1424122098665887
코웨이,2026,Q1,1329735479100.0,250934549708.0,0.1887101259250743
OCI,2024,Q1,540314471000.0,38832811000.0,0.0718707587604108
OCI,2024,Q2,566487673000.0,33554528000.0,0.059232582806793
OCI,2024,Q3,588713975000.0,17718901000.0,0.0300976395201082
OCI,2024,Q4,519769497000.0,20386557000.0,0.0392223035743092
OCI,2025,Q1,538788090000.0,10245307000.0,0.0190154667301573
OCI,2025,Q2,526975389000.0,-2272091000.0,-0.0043115694725546
OCI,2025,Q3,476378142000.0,-10345900000.0,-0.0217178310418784
OCI,2025,Q4,467287523000.0,2813109000.0,0.0060200815590789
OCI,2026,Q1,506607615000.0,27825443000.0,0.0549250389771578
이녹스첨단소재,2023,Q1,81123241189.0,4423216287.0,0.0545246494367112
이녹스첨단소재,2023,Q2,120356006997.0,20146680987.0,0.1673924010083034
이녹스첨단소재,2023,Q3,101926398969.0,15534137519.0,0.1524054383960388
이녹스첨단소재,2023,Q4,83596965053.0,2057978596.0,0.0246178625587095
이녹스첨단소재,2024,Q1,102198611235.0,15760123452.0,0.1542107398676923
이녹스첨단소재,2024,Q2,115730993529.0,27613848609.0,0.2386037462132431
이녹스첨단소재,2024,Q3,100721377293.0,18433036929.0,0.1830101754404928
이녹스첨단소재,2024,Q4,104158307297.0,24997430414.0,0.2399945915280824
이녹스첨단소재,2025,Q1,113116240941.0,26371113778.0,0.2331328689728545
이녹스첨단소재,2025,Q2,111420095474.0,22242723453.0,0.1996293698939646
이녹스첨단소재,2025,Q3,112714692444.0,20627424672.0,0.1830056421637163
이녹스첨단소재,2025,Q4,102382911763.0,12680127452.0,0.1238500374100754
이녹스첨단소재,2026,Q1,95122997701.0,16889189692.0,0.1775510665158784
프로텍,2023,Q1,24773531679.0,901770521.0,0.0364005638228969
프로텍,2023,Q2,37751208387.0,6046690880.0,0.1601721147046047
프로텍,2023,Q3,35780402919.0,2706181031.0,0.0756330507827504
프로텍,2023,Q4,57766056171.0,7778319432.0,0.1346520768005088
프로텍,2024,Q1,25301817179.0,-4753976118.0,-0.1878906990896173
프로텍,2024,Q2,52577276735.0,11725060709.0,0.2230062383812051
프로텍,2024,Q3,43120433050.0,4025278909.0,0.093349686547269
프로텍,2024,Q4,49289972204.0,2446977256.0,0.0496445249730009
프로텍,2025,Q1,30403196116.0,2918324517.0,0.095987425330727
프로텍,2025,Q2,64454895135.0,9828238539.0,0.152482422295698
프로텍,2025,Q3,51043854828.0,15552015645.0,0.3046794897721748
프로텍,2025,Q4,84640759640.0,18008273289.0,0.2127612437033179
프로텍,2026,Q1,62411826814.0,15418809938.0,0.2470494892570795
세진중공업,2023,Q1,71702275908.0,-6419809547.0,-0.0895342507012908
세진중공업,2023,Q2,120491488016.0,21194278261.0,0.1758985519224862
세진중공업,2023,Q3,81986965282.0,-6647742084.0,-0.081082914352722
세진중공업,2023,Q4,110615716646.0,25428007871.0,0.2298769889307543
세진중공업,2024,Q1,86078307719.0,4259347058.0,0.0494822350818571
세진중공업,2024,Q2,80837887690.0,7951481826.0,0.098363305291853
세진중공업,2024,Q3,74151661392.0,638458616.0,0.0086101727731333
세진중공업,2024,Q4,111308716087.0,23130201745.0,0.2078022508760338
세진중공업,2025,Q1,98495969479.0,17800868936.0,0.1807268767459085
세진중공업,2025,Q2,98171231773.0,8764460228.0,0.089277276751156
세진중공업,2025,Q3,90367619375.0,12143566279.0,0.1343796191931054
세진중공업,2025,Q4,115651440099.0,34679736767.0,0.2998642882208249
세진중공업,2026,Q1,87243092705.0,13638834006.0,0.15633139063648
유니드,2023,Q1,334533022552.0,1597201488.0,0.0047744209998034
유니드,2023,Q2,301148617701.0,8263272145.0,0.0274391833775717
유니드,2023,Q3,250706482116.0,802015037.0,0.0031990199464763
유니드,2023,Q4,247326883767.0,21406354438.0,0.0865508597850864
유니드,2024,Q1,254702842005.0,27497465561.0,0.1079590056575034
유니드,2024,Q2,291637564123.0,35034101722.0,0.1201289066700068
유니드,2024,Q3,289782616054.0,20460723348.0,0.0706071455445319
유니드,2024,Q4,275508159825.0,12452293727.0,0.0451975496294177
유니드,2025,Q1,322506300009.0,28658805305.0,0.0888627766471546
유니드,2025,Q2,340940040543.0,32823667934.0,0.0962740189791824
유니드,2025,Q3,328977092126.0,18845561388.0,0.0572853303134616
유니드,2025,Q4,346334486087.0,7580773097.0,0.0218885886376781
유니드,2026,Q1,384412394377.0,25501918897.0,0.0663400017013754
롯데웰푸드,2023,Q1,959596745284.0,18607701087.0,0.0193911673611324
롯데웰푸드,2023,Q2,1040615131806.0,48566564387.0,0.0466710149627674
롯데웰푸드,2023,Q3,1086537054352.0,80631860076.0,0.0742099496312972
롯데웰푸드,2023,Q4,979642931669.0,29211895096.0,0.0298189209064492
롯데웰푸드,2024,Q1,951054013625.0,37334811843.0,0.039256247603326
롯데웰푸드,2024,Q2,1044195926481.0,63289794506.0,0.0606110337159523
롯데웰푸드,2024,Q3,1078471076038.0,76043580021.0,0.0705105419241865
롯데웰푸드,2024,Q4,970531349330.0,-19566840711.0,-0.0201609569072733
롯데웰푸드,2025,Q1,975125609765.0,16385805173.0,0.0168037891825535
롯데웰푸드,2025,Q2,1064280630826.0,34333734683.0,0.0322600390240619
롯데웰푸드,2025,Q3,1156782114191.0,69262715787.0,0.05987533428924
롯데웰푸드,2025,Q4,1019764271402.0,-10463097756.0,-0.010260310200528
롯데웰푸드,2026,Q1,1027305169908.0,35788651020.0,0.0348374096308743
금호석유화학,2023,Q1,1721256565798.0,130159828702.0,0.0756190746274109
금호석유화학,2023,Q2,1578132239215.0,107923263670.0,0.0683867048579424
금호석유화학,2023,Q3,1507018131314.0,84198712253.0,0.05587106784149
금호석유화학,2023,Q4,1516121251455.0,36680077335.0,0.0241933666583715
금호석유화학,2024,Q1,1667489494430.0,78606878736.0,0.0471408539595449
금호석유화학,2024,Q2,1852492782500.0,119148422774.0,0.0643178877130119
금호석유화학,2024,Q3,1827889500711.0,65077247210.0,0.0356023967448178
금호석유화학,2024,Q4,1807132008371.0,9971758868.0,0.0055180024601461
금호석유화학,2025,Q1,1908229062934.0,120608366574.0,0.0632043442355701
금호석유화학,2025,Q2,1773366505911.0,65229500384.0,0.0367828647753166
금호석유화학,2025,Q3,1643813977906.0,84433916233.0,0.0513646418438159
금호석유화학,2025,Q4,1589735553170.0,1556726355.0,0.0009792360445709
금호석유화학,2026,Q1,1779957662893.0,59403454696.0,0.0333735211428851
GKL,2023,Q1,109161512996.0,27218611772.0,0.2493425661203264
GKL,2023,Q2,100234047281.0,11005890429.0,0.1098019158913703
GKL,2023,Q3,96593703233.0,13735945778.0,0.142203325043524
GKL,2023,Q4,90704384363.0,-942566964.0,-0.0103916361995009
GKL,2024,Q1,97942175963.0,13850259542.0,0.1414126182701134
GKL,2024,Q2,98828946525.0,13209046092.0,0.133655639936004
GKL,2024,Q3,93768130352.0,5795383128.0,0.0618054674466097
GKL,2024,Q4,105850763327.0,5469857177.0,0.0516751793286763
GKL,2025,Q1,109863217961.0,20169551629.0,0.1835878468092927
GKL,2025,Q2,100941840898.0,15960923114.0,0.1581199923838147
GKL,2025,Q3,109383297619.0,17314568210.0,0.1582926149320299
GKL,2025,Q4,102758861446.0,-800589352.0,-0.0077909519503649
GKL,2026,Q1,110651328973.0,18148064113.0,0.1640112620556803
한화손해보험,2023,Q3,,52490636338.0,
한화손해보험,2023,Q4,,13148710295.0,
한화손해보험,2024,Q1,,155875880164.0,
한화손해보험,2024,Q2,,148026455248.0,
한화손해보험,2024,Q3,,120666325360.0,
한화손해보험,2024,Q4,,11167043914.0,
한화손해보험,2025,Q1,,172869560366.0,
한화손해보험,2025,Q2,,105975848000.0,
한화손해보험,2025,Q3,,63858409000.0,
한화손해보험,2025,Q4,,86888713000.0,
한화손해보험,2026,Q1,,135869246000.0,
LG씨엔에스,2023,Q3,1277316660000.0,89208570000.0,0.0698406063223194
LG씨엔에스,2023,Q4,1906441173000.0,197840688000.0,0.1037748716309328
LG씨엔에스,2024,Q1,1070397589000.0,32289116000.0,0.030165535060823
LG씨엔에스,2024,Q2,1449646907000.0,137688331000.0,0.0949805986100034
LG씨엔에스,2024,Q3,1438377188000.0,142787544000.0,0.0992698891439871
LG씨엔에스,2024,Q4,2024205379000.0,200099086000.0,0.0988531539713886
LG씨엔에스,2025,Q1,1211380726000.0,78895171000.0,0.0651283030237019
LG씨엔에스,2025,Q2,1460159054000.0,140789544000.0,0.0964206903448752
LG씨엔에스,2025,Q3,1522342589000.0,120174788000.0,0.0789406989388247
LG씨엔에스,2025,Q4,1935660349000.0,211968792000.0,0.1095072242966113
LG씨엔에스,2026,Q1,1314997598000.0,94196997000.0,0.0716328281840709
SK네트웍스,2023,Q1,2449687000000.0,53112000000.0,0.021681137222837
SK네트웍스,2023,Q2,2177854000000.0,64593000000.0,0.0296590129549547
SK네트웍스,2023,Q3,2282981000000.0,54772000000.0,0.0239914392629636
SK네트웍스,2023,Q4,2223345000000.0,64806000000.0,0.0291479729866484
SK네트웍스,2024,Q1,2476906000000.0,62410000000.0,0.0251967575677074
SK네트웍스,2024,Q2,1689973000000.0,29082000000.0,0.0172085589533087
SK네트웍스,2024,Q3,2042849000000.0,28642000000.0,0.0140206153269282
SK네트웍스,2024,Q4,1848883000000.0,36660000000.0,0.0198281881546858
SK네트웍스,2025,Q1,1636685000000.0,16476000000.0,0.0100666896806654
SK네트웍스,2025,Q2,1516333000000.0,43030000000.0,0.0283776716591935
SK네트웍스,2025,Q3,1972605000000.0,22350000000.0,0.0113301953508178
SK네트웍스,2025,Q4,1619504000000.0,4437000000.0,0.0027397277191041
SK네트웍스,2026,Q1,1743436000000.0,33352000000.0,0.0191300397605647
휴온스,2023,Q1,127919400986.0,11187490496.0,0.087457339619847
휴온스,2023,Q2,140696911591.0,17875993272.0,0.127053203015321
휴온스,2023,Q3,138166482115.0,14952204011.0,0.1082187501781716
휴온스,2023,Q4,145223707572.0,11986631436.0,0.0825390815067656
휴온스,2024,Q1,147760491278.0,10691775695.0,0.0723588261146496
휴온스,2024,Q2,148980710805.0,9309137888.0,0.062485524721282
휴온스,2024,Q3,146866900651.0,8683553304.0,0.0591253254852483
휴온스,2024,Q4,146622956985.0,11010621250.0,0.0750947974069737
휴온스,2025,Q1,145835893952.0,12845346825.0,0.0880808316588224
휴온스,2025,Q2,156030261805.0,13057468872.0,0.0836854897309515
휴온스,2025,Q3,153717058930.0,9873497458.0,0.0642316313278945
휴온스,2025,Q4,165185040029.0,9823640980.0,0.0594705245600652
휴온스,2026,Q1,141870889170.0,-648668951.0,-0.0045722484351438
CJ대한통운,2023,Q1,2807819702823.0,99035819179.0,0.035271431096316
CJ대한통운,2023,Q2,2962432372580.0,112393191910.0,0.0379394962566237
CJ대한통운,2023,Q3,2937071125081.0,124793052129.0,0.0424889445350283
CJ대한통운,2023,Q4,3060570462785.0,144012799939.0,0.047054234395229
CJ대한통운,2024,Q1,2921425893480.0,109365332567.0,0.0374356004754664
CJ대한통운,2024,Q2,3059182081054.0,125360555896.0,0.0409784552127112
CJ대한통운,2024,Q3,2975813507770.0,141611194932.0,0.0475873889819526
CJ대한통운,2024,Q4,3160339664857.0,154325983739.0,0.0488320877199074
CJ대한통운,2025,Q1,2992585545195.0,85366748157.0,0.0285260845071138
CJ대한통운,2025,Q2,3048408107265.0,115243326538.0,0.0378044285682585
CJ대한통운,2025,Q3,3066608005887.0,147907354731.0,0.0482315817499532
CJ대한통운,2025,Q4,3177050812933.0,159563391203.0,0.0502237454161753
CJ대한통운,2026,Q1,3214545850775.0,92105347826.0,0.0286526782014305
경동나비엔,2023,Q1,289263978605.0,38548592107.0,0.1332644053812156
경동나비엔,2023,Q2,257270496497.0,10485946960.0,0.0407584511351937
경동나비엔,2023,Q3,282446416941.0,22021938054.0,0.077968551672582
경동나비엔,2023,Q4,375331979709.0,34854060734.0,0.0928619531994657
경동나비엔,2024,Q1,323243983990.0,32540541095.0,0.1006686673432619
경동나비엔,2024,Q2,307576748234.0,29465269733.0,0.0957981053580267
경동나비엔,2024,Q3,322695948620.0,36841430329.0,0.1141676258612831
경동나비엔,2024,Q4,400362761340.0,33728809295.0,0.0842456206019532
경동나비엔,2025,Q1,365181408834.0,39449968348.0,0.1080284138066095
경동나비엔,2025,Q2,392276892421.0,51190374152.0,0.1304955125856901
경동나비엔,2025,Q3,306025954838.0,7992618786.0,0.026117453959848
경동나비엔,2025,Q4,438755473064.0,44743932247.0,0.1019792002468612
경동나비엔,2026,Q1,425320066937.0,63810296194.0,0.1500288868417107
HD현대에너지솔루션,2023,Q1,140812573710.0,8049074735.0,0.0571616193279505
HD현대에너지솔루션,2023,Q2,151051043725.0,7903177367.0,0.0523212363986596
HD현대에너지솔루션,2023,Q3,140930760178.0,6466813023.0,0.0458864552694685
HD현대에너지솔루션,2023,Q4,113325428379.0,-4876205393.0,-0.0430283429125214
HD현대에너지솔루션,2024,Q1,97590102991.0,-14238922863.0,-0.1459053984635424
HD현대에너지솔루션,2024,Q2,112760369046.0,7904470574.0,0.0700997224545745
HD현대에너지솔루션,2024,Q3,100643052895.0,3422607147.0,0.0340073859898782
HD현대에너지솔루션,2024,Q4,111377691425.0,6414570393.0,0.0575929552043146
HD현대에너지솔루션,2025,Q1,85252492691.0,-3034352326.0,-0.0355925349537648
HD현대에너지솔루션,2025,Q2,133712996227.0,15061308978.0,0.1126390807399972
HD현대에너지솔루션,2025,Q3,121048903311.0,14675004746.0,0.1212320338689631
HD현대에너지솔루션,2025,Q4,152645481443.0,14520929057.0,0.0951284566023811
HD현대에너지솔루션,2026,Q1,159891480289.0,29019440879.0,0.1814946038810076
SNT모티브,2023,Q1,285795138086.0,26877372997.0,0.0940441925534513
SNT모티브,2023,Q2,288976173298.0,28541389993.0,0.098767277825246
SNT모티브,2023,Q3,276744886402.0,28857965341.0,0.1042764175923412
SNT모티브,2023,Q4,284763974415.0,32351945502.0,0.1136096852435834
SNT모티브,2024,Q1,221991270936.0,22008668244.0,0.0991420435191124
SNT모티브,2024,Q2,240285770949.0,25092005279.0,0.1044256810542714
SNT모티브,2024,Q3,220829064753.0,22021882401.0,0.0997236592277005
SNT모티브,2024,Q4,285791942802.0,29005565510.0,0.1014918938078509
SNT모티브,2025,Q1,226184573925.0,23017985647.0,0.1017663815333068
SNT모티브,2025,Q2,257539576696.0,26645675111.0,0.103462448190837
SNT모티브,2025,Q3,231085379342.0,22001726629.0,0.0952103793483102
SNT모티브,2025,Q4,291564438607.0,30887567525.0,0.1059373621576442
SNT모티브,2026,Q1,215596175603.0,21542268898.0,0.0999195316788367
JYP Ent.,2023,Q1,118047788606.0,42030084635.0,0.3560429647291482
JYP Ent.,2023,Q2,151731942197.0,45689507332.0,0.3011199004668337
JYP Ent.,2023,Q3,139650665948.0,43830055903.0,0.313854972373139
JYP Ent.,2023,Q4,157070146120.0,37894262079.0,0.2412569352934145
JYP Ent.,2024,Q1,136502093754.0,33611691297.0,0.2462357197067906
JYP Ent.,2024,Q2,95708169944.0,9342431908.0,0.0976137346839498
JYP Ent.,2024,Q3,170473312342.0,48400171596.0,0.2839164144291429
JYP Ent.,2024,Q4,199104307292.0,36907974439.0,0.1853700451837636
JYP Ent.,2025,Q1,140759310563.0,19627728835.0,0.1394417801315897
JYP Ent.,2025,Q2,215832158598.0,52908292627.0,0.2451362807594617
JYP Ent.,2025,Q3,232626102344.0,40791993344.0,0.1753543258171351
JYP Ent.,2025,Q4,232637063109.0,41918079270.0,0.1801865906910957
JYP Ent.,2026,Q1,185959611998.0,33374435834.0,0.1794714211081433
현대모비스,2023,Q1,14666974000000.0,418093000000.0,0.0285057435841912
현대모비스,2023,Q2,15684944000000.0,663767000000.0,0.0423187357251642
현대모비스,2023,Q3,14230244000000.0,690208000000.0,0.0485028928527156
현대모비스,2023,Q4,14672199000000.0,523216000000.0,0.0356603669293198
현대모비스,2024,Q1,13869224000000.0,542660000000.0,0.0391269187086458
현대모비스,2024,Q2,14655307000000.0,636107000000.0,0.043404549628336
현대모비스,2024,Q3,14001808000000.0,908556000000.0,0.0648884772595082
현대모비스,2024,Q4,14710656000000.0,986133000000.0,0.0670352838105928
현대모비스,2025,Q1,14752034000000.0,776683000000.0,0.0526492143388498
현대모비스,2025,Q2,15936241000000.0,870000000000.0,0.0545925478913126
현대모비스,2025,Q3,15031932000000.0,780299000000.0,0.0519094285418534
현대모비스,2025,Q4,15397920000000.0,930474000000.0,0.060428551388759
현대모비스,2026,Q1,15560513000000.0,802648000000.0,0.0515823610699724
CJ제일제당,2023,Q1,7071159309000.0,252780577000.0,0.0357481094618059
CJ제일제당,2023,Q2,7219425483000.0,344555465000.0,0.0477261612868426
CJ제일제당,2023,Q3,7443449063000.0,395977845000.0,0.0531981668240778
CJ제일제당,2023,Q4,7289439054000.0,298268526000.0,0.040917898317063
CJ제일제당,2024,Q1,7215960546000.0,375944152000.0,0.0520989755422645
CJ제일제당,2024,Q2,7238674606000.0,383560174000.0,0.0529876247900512
CJ제일제당,2024,Q3,7414278491000.0,416193547000.0,0.0561340591003165
CJ제일제당,2024,Q4,7490168180000.0,377319765000.0,0.0503753395027239
CJ제일제당,2025,Q1,7208471055000.0,333167940000.0,0.0462189467722014
CJ제일제당,2025,Q2,7237175773000.0,353129964000.0,0.0487938907491282
CJ제일제당,2025,Q3,7439500106000.0,346503142000.0,0.0465761324098299
CJ제일제당,2025,Q4,5457442166000.0,204832544000.0,0.0375327008092017
CJ제일제당,2026,Q1,7111120321000.0,238132400000.0,0.0334873253792044
수산인더스트리,2023,Q1,78474869559.0,14908748343.0,0.1899811803037291
수산인더스트리,2023,Q2,91348873290.0,12429705159.0,0.13606851087851
수산인더스트리,2023,Q3,71417410387.0,9998002720.0,0.1399939127703224
수산인더스트리,2023,Q4,83499019542.0,12894686248.0,0.1544291935250087
수산인더스트리,2024,Q1,72155958595.0,9382944372.0,0.1300369997807802
수산인더스트리,2024,Q2,99996820581.0,20099829105.0,0.201004681831045
수산인더스트리,2024,Q3,66490286149.0,2258361367.0,0.0339652827172253
수산인더스트리,2024,Q4,78148429572.0,11758464768.0,0.1504632253315679
수산인더스트리,2025,Q1,79267059687.0,10544732078.0,0.1330279200419157
수산인더스트리,2025,Q2,86152556149.0,10259195257.0,0.1190817279902504
수산인더스트리,2025,Q3,81076018825.0,10100042396.0,0.124574967325426
수산인더스트리,2025,Q4,91159560593.0,12175207472.0,0.133559304068595
수산인더스트리,2026,Q1,85676185474.0,13621170362.0,0.1589843232006821
한섬,2023,Q1,405851945351.0,54298777513.0,0.1337896199217176
한섬,2023,Q2,345703791663.0,5800553404.0,0.016778969579988
한섬,2023,Q3,324101392054.0,8792085844.0,0.0271275781578102
한섬,2023,Q4,452983600174.0,31591437514.0,0.0697407974634514
한섬,2024,Q1,393599026528.0,32451605566.0,0.0824483887886126
한섬,2024,Q2,341716819836.0,4088040457.0,0.0119632403782815
한섬,2024,Q3,314244237900.0,6029697461.0,0.0191879332499289
한섬,2024,Q4,435703810408.0,20902317561.0,0.0479736854755223
한섬,2025,Q1,380324141532.0,21781292633.0,0.057270339309153
한섬,2025,Q2,338094912000.0,737068000.0,0.0021800623843756
한섬,2025,Q3,309626400000.0,2474682000.0,0.0079924773856492
한섬,2025,Q4,463718572000.0,27185633000.0,0.0586252840440473
한섬,2026,Q1,410365517000.0,36527785000.0,0.0890128031883341
두산밥캣,2023,Q1,2405114691000.0,369675374000.0,0.1537038443045292
두산밥캣,2023,Q2,2672118060000.0,466549461000.0,0.1745991196960811
두산밥캣,2023,Q3,2366036323000.0,297603933000.0,0.1257816416878398
두산밥캣,2023,Q4,-7435793333222.0,-1132764045025.0,0.1523393663947035
두산밥캣,2024,Q1,1802536337.0,245375785.0,0.1361280657500554
두산밥캣,2024,Q2,1629269502.0,173676282.0,0.1065976388723932
두산밥캣,2024,Q3,1305541887.0,91880741.0,0.0703774746064505
두산밥캣,2024,Q4,1531957274.0,127934192.0,0.0835102872457786
두산밥캣,2025,Q1,1444356000.0,137708000.0,0.0953421455652207
두산밥캣,2025,Q2,1566660000.0,145380000.0,0.0927961395580406
두산밥캣,2025,Q3,1529458000.0,97607000.0,0.0638180322702552
두산밥캣,2025,Q4,1641331000.0,101742000.0,0.0619874967328345
두산밥캣,2026,Q1,1533858000.0,141278000.0,0.0921063097105468
동진쎄미켐,2023,Q1,,51223273403.0,
동진쎄미켐,2023,Q2,,45564772487.0,
동진쎄미켐,2023,Q3,,42821114827.0,
동진쎄미켐,2023,Q4,,36565155341.0,
동진쎄미켐,2024,Q1,,47059843687.0,
동진쎄미켐,2024,Q2,,49971733169.0,
동진쎄미켐,2024,Q3,,61867999412.0,
동진쎄미켐,2024,Q4,,49326153392.0,
동진쎄미켐,2025,Q1,,58460605946.0,
동진쎄미켐,2025,Q2,,53838021830.0,
동진쎄미켐,2025,Q3,,40371882549.0,
동진쎄미켐,2025,Q4,,41614480527.0,
동진쎄미켐,2026,Q1,,66593161690.0,
현대해상,2023,Q3,,359061101478.0,
현대해상,2023,Q4,,-117783281389.0,
현대해상,2024,Q1,,558160643883.0,
현대해상,2024,Q2,,465247895317.0,
현대해상,2024,Q3,,295640007202.0,
현대해상,2024,Q4,,-74979016798.0,
현대해상,2025,Q1,,283697636986.0,
현대해상,2025,Q2,,397511020069.0,
현대해상,2025,Q3,,707682913166.0,
현대해상,2025,Q4,,-127897076622.0,
현대해상,2026,Q1,,324494379640.0,
신세계,2023,Q1,1563418486048.0,152411829986.0,0.0974862657350724
신세계,2023,Q2,1575900642733.0,149573609346.0,0.094913096225789
신세계,2024,Q1,1604739028855.0,163000384878.0,0.101574388076236
신세계,2024,Q2,1604387896295.0,117465484570.0,0.0732151400800654
신세계,2024,Q3,1540092934315.0,92950127071.0,0.0603535832156403
신세계,2024,Q4,1821192869344.0,103608310267.0,0.0568903557723241
신세계,2025,Q1,1665840480141.0,132333499738.0,0.0794394789390632
신세계,2025,Q2,1693824109664.0,75339516369.0,0.0444789491064364
신세계,2025,Q3,1636131871623.0,99753401154.0,0.0609690471068491
신세계,2025,Q4,1933702356905.0,172535344877.0,0.0892253889337718
신세계,2026,Q1,1847144650245.0,197824793751.0,0.1070976188707046
대한전선,2023,Q1,703910702000.0,17677094000.0,0.0251126939109955
대한전선,2023,Q2,754392026000.0,23989680000.0,0.0318000179922368
대한전선,2023,Q3,630042028000.0,17409984000.0,0.0276330518065058
대한전선,2023,Q4,755635256000.0,20747130000.0,0.0274565404873062
대한전선,2024,Q1,788528283000.0,28767198000.0,0.0364821384599593
대한전선,2024,Q2,864348923000.0,37389018000.0,0.0432568572773011
대한전선,2024,Q3,804432926000.0,27211318000.0,0.0338267083811534
대한전선,2024,Q4,833989243000.0,21802223000.0,0.0261420913794687
대한전선,2025,Q1,855455851533.0,27104884981.0,0.0316847268417503
대한전선,2025,Q2,916356132633.0,28563173202.0,0.0311703847279641
대한전선,2025,Q3,854974427732.0,29531525414.0,0.0345408288904483
대한전선,2025,Q4,1009231803814.0,43413462939.0,0.0430163444859106
대한전선,2026,Q1,1083362142421.0,60411051450.0,0.0557625645982042
코오롱인더,2023,Q1,1229190528819.0,28898438251.0,0.0235101374225242
코오롱인더,2023,Q2,1347219784491.0,65814042517.0,0.0488517488197855
코오롱인더,2023,Q3,1183345829541.0,22018681793.0,0.0186071402318126
코오롱인더,2026,Q1,1237420819717.0,61916101210.0,0.0500364146322997
한화오션,2023,Q1,1439835446284.0,-62794746267.0,-0.0436124464285581
한화오션,2023,Q2,1820700739696.0,-159009731637.0,-0.0873343587829538
한화오션,2023,Q3,1916837192291.0,74134584559.0,0.038675472730365
한화오션,2023,Q4,2230938887372.0,,
한화오션,2024,Q1,2283627126541.0,52936271106.0,0.0231807857293157
한화오션,2024,Q2,2536090807951.0,-9658691187.0,-0.0038084957986199
한화오션,2024,Q3,2703108868124.0,25581526981.0,0.0094637427602958
한화오션,2024,Q4,3253178131011.0,169017272417.0,0.0519545089787241
한화오션,2025,Q1,3143089504964.0,258608169144.0,0.0822783343380996
한화오션,2025,Q2,3294113466275.0,371703649349.0,0.112838751049254
한화오션,2025,Q3,3023357863134.0,289759206450.0,0.0958401947659735
한화오션,2025,Q4,3322951443950.0,247519112985.0,0.0744877309103179
한화오션,2026,Q1,3209940245892.0,441065118733.0,0.1374060215910448
대상,2023,Q1,989634209243.0,24902037389.0,0.0251628704388142
대상,2023,Q2,1003772408984.0,33626582340.0,0.0335002058624386
대상,2023,Q3,1123639114938.0,51676570328.0,0.0459903626004078
대상,2023,Q4,990448210640.0,13511457158.0,0.0136417603796459
대상,2024,Q1,1044523165760.0,47696134065.0,0.0456630696460389
대상,2024,Q2,1054219299628.0,44377424717.0,0.0420950600436354
대상,2024,Q3,1111807004281.0,51566906693.0,0.0463811673199055
대상,2024,Q4,1044585287898.0,33300680010.0,0.0318793308653718
대상,2025,Q1,1130423675875.0,57276260048.0,0.0506679586338861
대상,2025,Q2,1076032912852.0,40802324548.0,0.0379192160952162
대상,2025,Q3,1145422319482.0,50894741698.0,0.0444331674286008
대상,2025,Q4,1049426463067.0,20308991134.0,0.0193524671320427
대상,2026,Q1,1109854858877.0,57011218674.0,0.051368175052805
종근당,2023,Q1,365181132221.0,31492259341.0,0.086237367055266
종근당,2023,Q2,396005766344.0,44999544219.0,0.1136335580020571
종근당,2023,Q3,403606492702.0,55734020589.0,0.1380900000291888
종근당,2023,Q4,504611047502.0,114373454893.0,0.2266566605293093
종근당,2024,Q1,361502275698.0,30832319838.0,0.0852894211480909
종근당,2024,Q2,396802358706.0,35839760970.0,0.0903214413514978
종근당,2024,Q3,412762304471.0,26024503545.0,0.0630496129687841
종근당,2024,Q4,415363856755.0,6764961762.0,0.0162868329826547
종근당,2025,Q1,400955846488.0,12453255706.0,0.0310589203651198
종근당,2025,Q2,434849104888.0,23642938344.0,0.0543704427081423
종근당,2025,Q3,429818748658.0,20987243788.0,0.0488281254680661
종근당,2025,Q4,426780287100.0,23484239940.0,0.0550265339094665
종근당,2026,Q1,447765687540.0,14087924568.0,0.0314627157909269
한국타이어앤테크놀로지,2023,Q1,2104078343832.0,190938507425.0,0.0907468621521278
한국타이어앤테크놀로지,2023,Q2,2263456312718.0,248220819399.0,0.1096645064471917
한국타이어앤테크놀로지,2023,Q3,2340056955401.0,396377269196.0,0.1693878724964946
한국타이어앤테크놀로지,2023,Q4,2232029863556.0,492408724771.0,0.2206102762381995
한국타이어앤테크놀로지,2024,Q1,2127259809625.0,398743307317.0,0.1874445733016935
한국타이어앤테크놀로지,2024,Q2,2317897362730.0,420037687992.0,0.1812149643663614
한국타이어앤테크놀로지,2024,Q3,2435262048510.0,470229012441.0,0.1930917507332349
한국타이어앤테크놀로지,2024,Q4,2531528706131.0,473250280351.0,0.1869424902055645
한국타이어앤테크놀로지,2025,Q1,4963667180882.0,,
한국타이어앤테크놀로지,2025,Q2,5369659666942.0,,
한국타이어앤테크놀로지,2025,Q3,5412726880899.0,585951861726.0,0.1082544666707216
한국타이어앤테크놀로지,2025,Q4,5456245734092.0,546840023523.0,0.1002227630816195
한국타이어앤테크놀로지,2026,Q1,5313927681533.0,506963517737.0,0.0954027883177265
CJ,2023,Q1,9777443903000.0,329343493000.0,0.0336840074223231
CJ,2023,Q2,10290328664000.0,498890932000.0,0.0484815352638186
CJ,2023,Q3,10619027201000.0,637467872000.0,0.060030722205888
CJ,2023,Q4,10665888391000.0,573355593000.0,0.0537560090619178
CJ,2024,Q1,10435840597000.0,576155649000.0,0.055209318659546
CJ,2024,Q2,10682936102000.0,666350287000.0,0.0623752010344094
CJ,2024,Q3,10845151437000.0,674847742000.0,0.0622257555295767
CJ,2024,Q4,11682727954000.0,630129967000.0,0.053936886100669
CJ,2025,Q1,10600439111000.0,534964591000.0,0.0504662670478311
CJ,2025,Q2,11119028491000.0,618771596000.0,0.0556497895927551
CJ,2025,Q3,11428499980000.0,665665472000.0,0.0582460929400115
CJ,2025,Q4,,712330767000.0,
CJ,2026,Q1,11451166910000.0,460684834000.0,0.0402303832981157
기아,2023,Q1,23690660000000.0,2873972000000.0,0.1213124497164705
기아,2023,Q2,26244214000000.0,3403042000000.0,0.1296682765961289
기아,2023,Q3,25545392000000.0,2865097000000.0,0.1121570966693327
기아,2023,Q4,24328154000000.0,2465762000000.0,0.1013542581159261
기아,2024,Q1,26212851000000.0,3425710000000.0,0.1306881880189224
기아,2024,Q2,27567907000000.0,3643732000000.0,0.132172964744839
기아,2024,Q3,26519877000000.0,2881280000000.0,0.1086460544292871
기아,2024,Q4,27148117000000.0,2716417000000.0,0.1000591311728913
기아,2025,Q1,28017510000000.0,3008588000000.0,0.1073824190657913
기아,2025,Q2,29349635000000.0,2764766000000.0,0.0942010352087854
기아,2025,Q3,28686037000000.0,1462251000000.0,0.0509743119971573
기아,2025,Q4,28087737000000.0,1842543000000.0,0.0655995532854782
기아,2026,Q1,29501881000000.0,2205091000000.0,0.0747440815722902
한화생명,2023,Q3,,34530251566.0,
한화생명,2023,Q4,,-23372120535.0,
한화생명,2024,Q1,,400911898259.0,
한화생명,2024,Q2,,379595880855.0,
한화생명,2024,Q3,,128177373932.0,
한화생명,2024,Q4,,188280090460.0,
한화생명,2025,Q1,,371359000000.0,
한화생명,2025,Q2,,240704000000.0,
한화생명,2025,Q3,,354889000000.0,
한화생명,2025,Q4,,180298000000.0,
한화생명,2026,Q1,,480782000000.0,
BNK금융지주,2023,Q3,,267505046867.0,
BNK금융지주,2023,Q4,,-67681354260.0,
BNK금융지주,2024,Q1,,311477465132.0,
BNK금융지주,2024,Q2,,294309101262.0,
BNK금융지주,2024,Q3,,241534976306.0,
BNK금융지주,2024,Q4,,28598278732.0,
BNK금융지주,2025,Q1,,205841068949.0,
BNK금융지주,2025,Q2,,255856037132.0,
BNK금융지주,2025,Q3,,380399128498.0,
BNK금융지주,2025,Q4,,60585153846.0,
BNK금융지주,2026,Q1,,283116163478.0,
세방전지,2023,Q1,377913999247.0,14789149965.0,0.0391336388555799
세방전지,2023,Q2,396820707861.0,31519213343.0,0.0794293561767464
세방전지,2023,Q3,409122321170.0,35434222224.0,0.0866103372767975
세방전지,2023,Q4,500958317472.0,48173083716.0,0.0961618602503641
세방전지,2024,Q1,466620253177.0,46064565363.0,0.0987196013232769
세방전지,2024,Q2,519590837544.0,59017132287.0,0.1135838587261506
세방전지,2024,Q3,505184564702.0,35112375686.0,0.0695040548333304
세방전지,2024,Q4,568147145491.0,39473497600.0,0.0694775955723345
세방전지,2025,Q1,527132517503.0,50568145704.0,0.0959306133181438
세방전지,2025,Q2,551614819656.0,36193829321.0,0.0656143164238613
세방전지,2025,Q3,527885453619.0,26781933607.0,0.0507343656154802
세방전지,2025,Q4,535435537099.0,40219668733.0,0.0751158000287223
세방전지,2026,Q1,525448979145.0,33253606801.0,0.0632860812768341
동아쏘시오홀딩스,2025,Q1,328401233515.0,20350210741.0,0.0619675222385256
동아쏘시오홀딩스,2025,Q2,346899471790.0,28159773544.0,0.0811756022535741
동아쏘시오홀딩스,2025,Q3,382602789895.0,33306434579.0,0.087052252253938
동아쏘시오홀딩스,2025,Q4,371863315535.0,15956555799.0,0.0429097335832745
동아쏘시오홀딩스,2026,Q1,351000418644.0,19137430906.0,0.0545225301437888
네오팜,2023,Q1,23585268343.0,7039629514.0,0.2984757015109107
네오팜,2023,Q2,24498379477.0,6273246069.0,0.2560677972553066
네오팜,2023,Q3,21808048917.0,5060789516.0,0.2320606274894665
네오팜,2023,Q4,27213193762.0,6933639640.0,0.2547896325818988
네오팜,2024,Q1,28215374365.0,6791868434.0,0.2407151628094302
네오팜,2024,Q2,30620977220.0,6106596242.0,0.1994252566835618
네오팜,2024,Q3,26150576680.0,5083231435.0,0.1943831486854996
네오팜,2024,Q4,34026815430.0,6671718254.0,0.1960723673282051
네오팜,2025,Q1,31608960291.0,7780423580.0,0.2461461404731909
네오팜,2025,Q2,31982006218.0,7010729640.0,0.219208563471989
네오팜,2025,Q3,32196031702.0,6768324258.0,0.2102223131299611
네오팜,2025,Q4,36397098077.0,7215091888.0,0.1982326138401498
현대글로비스,2023,Q1,6300834939614.0,406570427616.0,0.0645264368155162
현대글로비스,2023,Q2,6534823929391.0,412564259573.0,0.0631331867592411
현대글로비스,2023,Q3,6330132579465.0,384236710800.0,0.0606996308491968
현대글로비스,2023,Q4,6517405715594.0,350661112098.0,0.0538037874884762
현대글로비스,2024,Q1,6586435843370.0,384769180897.0,0.0584184208344356
현대글로비스,2024,Q2,7064318730070.0,439290464321.0,0.0621844060420313
현대글로비스,2024,Q3,7468714044386.0,469066378836.0,0.0628041689705047
현대글로비스,2024,Q4,7287905683489.0,459741418172.0,0.0630827892316938
현대글로비스,2025,Q1,7223390117785.0,501884038866.0,0.0694804005712347
현대글로비스,2025,Q2,7515967179642.0,538878486559.0,0.0716978232713182
현대글로비스,2025,Q3,7355054260527.0,523988453875.0,0.0712419562541005
현대글로비스,2025,Q4,7471997778662.0,508256566610.0,0.0680215093293313
현대글로비스,2026,Q1,7812730333569.0,521454982150.0,0.0667442699141248
효성티앤씨,2023,Q1,1861089148325.0,69340902044.0,0.0372582377939324
효성티앤씨,2023,Q2,1929289064919.0,64513330990.0,0.0334389139310798
효성티앤씨,2023,Q3,1969572126644.0,50553972262.0,0.025667489693886
효성티앤씨,2023,Q4,1766968484328.0,28984767015.0,0.0164036694893419
효성티앤씨,2024,Q1,1879562085923.0,76055594212.0,0.0404645288291454
효성티앤씨,2024,Q2,1982564664492.0,84648133853.0,0.0426962789002848
효성티앤씨,2024,Q3,1936281513973.0,67606931714.0,0.0349158586838332
효성티앤씨,2024,Q4,1977656812456.0,42417376983.0,0.0214483001883036
효성티앤씨,2025,Q1,1952703689348.0,77386480419.0,0.039630426695634
효성티앤씨,2025,Q2,1889169023452.0,73319138703.0,0.0388102587925282
효성티앤씨,2025,Q3,2009801485987.0,56058528477.0,0.0278925699218846
효성티앤씨,2025,Q4,1843169522082.0,44738730928.0,0.0242727163139417
효성티앤씨,2026,Q1,,86242528333.0,
영원무역,2023,Q1,840564177764.0,167160534840.0,0.1988670695968352
영원무역,2023,Q2,1007780921299.0,210554031333.0,0.2089283760815813
영원무역,2023,Q3,998771859462.0,179945175706.0,0.1801664454212091
영원무역,2023,Q4,757260066879.0,79486626955.0,0.1049660881797176
영원무역,2024,Q1,709724405787.0,71042508971.0,0.1000987261981251
영원무역,2024,Q2,892687058546.0,166451779097.0,0.186461512467891
영원무역,2024,Q3,1068493831706.0,104512545567.0,0.097812961072626
영원무역,2024,Q4,846931987254.0,-26426250325.0,-0.0312023287851974
영원무역,2025,Q1,811347715731.0,82321576910.0,0.1014627579691041
영원무역,2025,Q2,1038208547635.0,145719620317.0,0.1403567911754761
영원무역,2025,Q3,1204734592039.0,181185099551.0,0.1503942036264985
영원무역,2025,Q4,1009293267234.0,105212481520.0,0.1042437168022909
영원무역,2026,Q1,895795359601.0,120402536595.0,0.1344085290290284
SNT홀딩스,2023,Q1,449830848417.0,40917608973.0,0.0909622119447636
SNT홀딩스,2023,Q2,454550798786.0,43441665076.0,0.0955705395129051
SNT홀딩스,2023,Q3,485677105841.0,48317305465.0,0.0994844205829583
SNT홀딩스,2023,Q4,505656306373.0,46320320389.0,0.0916043561707931
SNT홀딩스,2024,Q1,386192452483.0,36298827850.0,0.0939915516645107
SNT홀딩스,2024,Q2,439478875210.0,87487362005.0,0.1990706878986962
SNT홀딩스,2024,Q3,436376877538.0,44700558418.0,0.1024356713632413
SNT홀딩스,2024,Q4,558465417222.0,62672272893.0,0.112222298749945
SNT홀딩스,2025,Q1,466634311462.0,53077318303.0,0.1137449968835442
SNT홀딩스,2025,Q2,561174632318.0,84316155060.0,0.1502494058074611
SNT홀딩스,2025,Q3,516912633961.0,65890884508.0,0.1274700600817029
SNT홀딩스,2025,Q4,690972271146.0,97371499436.0,0.1409195469949991
SNT홀딩스,2026,Q1,480487950264.0,64612884518.0,0.1344734753129584
BGF리테일,2023,Q1,1849561501825.0,37010850560.0,0.0200106082027986
BGF리테일,2023,Q2,2098224064624.0,78076648531.0,0.0372108250245386
BGF리테일,2023,Q3,2206809870082.0,87022242743.0,0.0394335025970164
BGF리테일,2023,Q4,2040158542366.0,51078011789.0,0.0250362953311285
BGF리테일,2024,Q1,1953820037832.0,32625992551.0,0.0166985658449907
BGF리테일,2024,Q2,2202880660591.0,76214866056.0,0.0345978188557671
BGF리테일,2024,Q3,2325582280004.0,91155803123.0,0.0391969804322912
BGF리테일,2024,Q4,2216474490684.0,51644585509.0,0.0233003292959453
BGF리테일,2025,Q1,2016470142403.0,22625658073.0,0.0112204280129024
BGF리테일,2025,Q2,2290149968095.0,69423840540.0,0.0303141023545057
BGF리테일,2025,Q3,2462231428825.0,97630927160.0,0.0396514015770606
BGF리테일,2025,Q4,2292364568293.0,64266900904.0,0.0280352007673265
BGF리테일,2026,Q1,2120358804907.0,38109787404.0,0.0179732728799508
한국카본,2023,Q1,102992294091.0,3737910746.0,0.0362931108486361
한국카본,2023,Q2,133812829194.0,7894564887.0,0.0589970702701051
한국카본,2023,Q3,155652764948.0,4614303454.0,0.0296448537585665
한국카본,2023,Q4,201959496138.0,218945427.0,0.0010841056310142
한국카본,2024,Q1,182749950234.0,2608020708.0,0.0142709790326103
한국카본,2024,Q2,194212273280.0,17779466304.0,0.0915465639927244
한국카본,2024,Q3,170620835065.0,7684123209.0,0.0450362536678046
한국카본,2024,Q4,194157788612.0,17374691671.0,0.0894874822957586
한국카본,2025,Q1,224561929478.0,31107392776.0,0.1385247840019452
한국카본,2025,Q2,231273164942.0,31643545534.0,0.136823247703363
한국카본,2025,Q3,221132122841.0,29862508460.0,0.1350437379985356
한국카본,2025,Q4,231843003020.0,38337085184.0,0.1653579563955736
한국카본,2026,Q1,211821540857.0,41066114264.0,0.1938712847515522
에스엘,2023,Q1,1210800346378.0,104065395596.0,0.0859476097007258
에스엘,2023,Q2,1254379666150.0,133933650682.0,0.1067728171113259
에스엘,2023,Q3,1182845459436.0,82749915580.0,0.0699583490978242
에스엘,2023,Q4,1190821224016.0,65436791015.0,0.0549509781109853
에스엘,2024,Q1,1245804449150.0,138815092358.0,0.1114260688767905
에스엘,2024,Q2,1298411047247.0,147786004965.0,0.1138206620148128
에스엘,2024,Q3,1191738765169.0,67722933898.0,0.0568269958797524
에스엘,2024,Q4,1237319708545.0,40840256327.0,0.0330070361321773
에스엘,2025,Q1,1233719936813.0,119305554004.0,0.0967039199449069
에스엘,2025,Q2,1294709816672.0,105897947355.0,0.0817928048365358
에스엘,2025,Q3,1302607983892.0,68355360325.0,0.0524757725810679
에스엘,2025,Q4,1408901607627.0,113540583274.0,0.0805880145635119
에스엘,2026,Q1,1388037113967.0,143817491125.0,0.1036121366481121
영원무역홀딩스,2023,Q1,1011971069748.0,212890020322.0,0.2103716466667507
영원무역홀딩스,2023,Q2,1118452304902.0,238258786586.0,0.2130254330397007
영원무역홀딩스,2023,Q3,1050906442402.0,201060255002.0,0.1913207940208716
영원무역홀딩스,2023,Q4,1174148445286.0,220373071592.0,0.1876875726206164
영원무역홀딩스,2024,Q1,892362455302.0,117874159587.0,0.1320922444536375
영원무역홀딩스,2024,Q2,1039450776402.0,195869220185.0,0.1884353012491752
영원무역홀딩스,2024,Q3,1075764461847.0,116147087889.0,0.1079670243889493
영원무역홀딩스,2024,Q4,1298460477587.0,87154983249.0,0.067121783645633
영원무역홀딩스,2025,Q1,1005672845770.0,132497139872.0,0.1317497438946486
영원무역홀딩스,2025,Q2,1177889411355.0,162574850800.0,0.1380221684928638
영원무역홀딩스,2025,Q3,1262446338948.0,196582201847.0,0.1557152932225321
영원무역홀딩스,2025,Q4,1449001546889.0,243820385768.0,0.1682678574715681
영원무역홀딩스,2026,Q1,1078632482075.0,157802244564.0,0.1462984354600843
NICE평가정보,2023,Q1,119229322565.0,14672655846.0,0.1230624776719748
NICE평가정보,2023,Q2,125948219774.0,18736502164.0,0.1487635331219493
NICE평가정보,2023,Q3,118821708038.0,15905614861.0,0.1338611868457005
NICE평가정보,2023,Q4,121714385742.0,16014464481.0,0.1315741305628911
NICE평가정보,2024,Q1,122798901925.0,17433332989.0,0.1419665218150524
NICE평가정보,2024,Q2,131147870489.0,24088075156.0,0.1836711115947581
NICE평가정보,2024,Q3,134383034694.0,22614597978.0,0.1682846203726169
NICE평가정보,2024,Q4,146702082208.0,22652422706.0,0.1544110510570838
NICE평가정보,2025,Q1,142177516584.0,24972262489.0,0.1756414311417946
NICE평가정보,2025,Q2,151339188668.0,27572907291.0,0.1821927785769223
NICE평가정보,2025,Q3,151051453251.0,26996663921.0,0.1787249532524525
NICE평가정보,2025,Q4,157578877451.0,24847604455.0,0.1576835985693989
NICE평가정보,2026,Q1,155989684683.0,29402388646.0,0.1884893139296429
롯데렌탈,2023,Q1,721241666590.0,85295232740.0,0.1182616544372321
롯데렌탈,2023,Q2,688624783674.0,85272544963.0,0.1238302004003513
롯데렌탈,2023,Q3,687332823888.0,81429921598.0,0.1184723306787235
롯데렌탈,2023,Q4,655092830947.0,53194503681.0,0.08120147430724
롯데렌탈,2024,Q1,656867132236.0,56886940160.0,0.0866034200346647
롯데렌탈,2024,Q2,696187638569.0,75784817007.0,0.108856883990032
롯데렌탈,2024,Q3,718491166664.0,80487685306.0,0.1120232078561375
롯데렌탈,2024,Q4,720849526702.0,71652554258.0,0.0994001544064566
롯데렌탈,2025,Q1,685640430602.0,66991361519.0,0.0977062590375261
롯데렌탈,2025,Q2,748755427747.0,77211597817.0,0.1031199173398037
롯데렌탈,2025,Q3,757968770235.0,88996019344.0,0.1174138339715602
롯데렌탈,2025,Q4,726386913759.0,79303771758.0,0.1091756614221045
롯데렌탈,2026,Q1,730924604457.0,83626439520.0,0.1144118545333764
더블유게임즈,2023,Q1,145297852403.0,46069871007.0,0.3170719335838496
더블유게임즈,2023,Q2,143943127771.0,50267226339.0,0.3492158821154035
더블유게임즈,2023,Q3,139616986160.0,54114536515.0,0.3875927851141633
더블유게임즈,2023,Q4,153475608673.0,62840386517.0,0.409448687386474
더블유게임즈,2024,Q1,160481372919.0,61686704658.0,0.3843854494511037
더블유게임즈,2024,Q2,163135196751.0,67071923825.0,0.4111431816113517
더블유게임즈,2024,Q3,154059805929.0,59467827038.0,0.3860048159829978
더블유게임즈,2024,Q4,155797860087.0,60507598219.0,0.388372460220003
더블유게임즈,2025,Q1,161979965731.0,54753566142.0,0.338026779391528
더블유게임즈,2025,Q2,171945692649.0,54317738818.0,0.315900549651343
더블유게임즈,2025,Q3,186153548331.0,59152283808.0,0.3177607106517314
더블유게임즈,2025,Q4,199818245797.0,63910431580.0,0.3198428217857947
더블유게임즈,2026,Q1,204987089511.0,68470864691.0,0.3340252542457105
SOOP,2023,Q1,72704826071.0,18384338876.0,0.2528627034751001
SOOP,2023,Q2,86667180767.0,23631486817.0,0.2726693842797537
SOOP,2023,Q3,87880562121.0,21897189819.0,0.2491698879764838
SOOP,2023,Q4,96763439930.0,26396359139.0,0.2727926906907763
SOOP,2024,Q1,94932224769.0,28534927167.0,0.3005820967162043
SOOP,2024,Q2,106530362455.0,33302793893.0,0.3126131661015195
SOOP,2024,Q3,109996747761.0,23867769158.0,0.2169861349888242
SOOP,2024,Q4,101719111979.0,27800986232.0,0.2733113344298516
SOOP,2025,Q1,107652122421.0,27944065797.0,0.2595774720327193
SOOP,2025,Q2,116883434076.0,30013805163.0,0.2567840806549575
SOOP,2025,Q3,125861860386.0,36257141492.0,0.2880709166446819
SOOP,2025,Q4,116172849199.0,30625432786.0,0.2636195375869599
SOOP,2026,Q1,106017902692.0,21221271018.0,0.2001668631349121
현대지에프홀딩스,2023,Q1,496040724000.0,-5699845000.0,-0.0114906795434803
현대지에프홀딩스,2023,Q2,526952783000.0,11156580000.0,0.0211718779365474
현대지에프홀딩스,2023,Q3,509143780000.0,5064643000.0,0.0099473728226631
현대지에프홀딩스,2023,Q4,1097356167000.0,-21555204000.0,-0.0196428512895029
현대지에프홀딩스,2024,Q1,1168316036000.0,36780394000.0,0.031481545118499
현대지에프홀딩스,2024,Q2,2081580432000.0,74367688000.0,0.035726550296472
현대지에프홀딩스,2024,Q3,2011373805000.0,66613834000.0,0.0331185748936409
현대지에프홀딩스,2024,Q4,2148006854000.0,20338078000.0,0.0094683487448499
현대지에프홀딩스,2025,Q1,2072112335000.0,95568978000.0,0.0461215236190368
현대지에프홀딩스,2025,Q2,1998795057000.0,74480766000.0,0.0372628327947681
현대지에프홀딩스,2025,Q3,1925169178000.0,74759094000.0,0.0388324802070979
현대지에프홀딩스,2025,Q4,2095528447000.0,29264856000.0,0.0139653823558903
현대지에프홀딩스,2026,Q1,2083694771000.0,117588962000.0,0.0564329112097195
LX홀딩스,2023,Q1,8551000000.0,40507000000.0,4.737106771137879
LX홀딩스,2023,Q2,10878000000.0,21569000000.0,1.982809339952197
LX홀딩스,2023,Q3,8637000000.0,20177000000.0,2.336112075952298
LX홀딩스,2023,Q4,,-9077000000.0,
LX홀딩스,2024,Q1,,48624000000.0,
LX홀딩스,2024,Q2,,58660000000.0,
LX홀딩스,2024,Q3,,54832000000.0,
LX홀딩스,2024,Q4,,-6099000000.0,
LX홀딩스,2025,Q1,,71375000000.0,
LX홀딩스,2025,Q2,,42462000000.0,
LX홀딩스,2025,Q3,,37306000000.0,
LX홀딩스,2025,Q4,,-17745000000.0,
LX홀딩스,2026,Q1,,41600000000.0,
오리온,2023,Q1,663806635374.0,99149628633.0,0.1493652267834554
오리온,2023,Q2,713866930769.0,112239611506.0,0.1572276381889436
오리온,2023,Q3,766316986696.0,140654953219.0,0.1835466988999399
오리온,2023,Q4,768367498636.0,140346956146.0,0.1826560290422783
오리온,2024,Q1,748390551360.0,125135086468.0,0.1672055937111985
오리온,2024,Q2,719263617517.0,121709967091.0,0.1692146858632445
오리온,2024,Q3,774870127446.0,137067139651.0,0.1768904682166265
오리온,2024,Q4,861814279806.0,159675585031.0,0.1852784164436727
오리온,2025,Q1,801772748119.0,131375562707.0,0.1638563583200025
오리온,2025,Q2,777166026153.0,121451009117.0,0.1562742130123558
오리온,2025,Q3,828921933912.0,137871938192.0,0.1663268066044887
오리온,2025,Q4,924581828189.0,167559517176.0,0.1812273528068388
오리온,2026,Q1,930355385883.0,165471489634.0,0.1778583669690384
현대그린푸드,2023,Q1,174483191000.0,10506844000.0,0.0602169408971893
현대그린푸드,2023,Q2,520477369000.0,27937901000.0,0.0536774558587964
현대그린푸드,2023,Q3,574587938000.0,28316594000.0,0.04928156706276
현대그린푸드,2023,Q4,557449813000.0,-1919698000.0,-0.003443714492734
현대그린푸드,2024,Q1,559470546000.0,31183628000.0,0.0557377474523922
현대그린푸드,2024,Q2,542383858000.0,32523228000.0,0.0599634880726852
현대그린푸드,2024,Q3,601636207000.0,38318582000.0,0.0636906182742422
현대그린푸드,2024,Q4,566929441000.0,-5349066000.0,-0.0094351529717081
현대그린푸드,2025,Q1,570573396000.0,32231668000.0,0.0564899594442359
현대그린푸드,2025,Q2,552103613000.0,30907002000.0,0.0559804378603115
현대그린푸드,2025,Q3,617116763000.0,44488724000.0,0.0720912583604539
현대그린푸드,2025,Q4,589828849000.0,-832470000.0,-0.0014113755225967
현대그린푸드,2026,Q1,621491202000.0,46390147000.0,0.0746432883534206
iM금융지주,2023,Q3,,158364430237.0,
iM금융지주,2023,Q4,,-45337396567.0,
iM금융지주,2024,Q1,,158509630172.0,
iM금융지주,2024,Q2,,33466168962.0,
iM금융지주,2024,Q3,,113650103586.0,
iM금융지주,2024,Q4,,-42192522306.0,
iM금융지주,2025,Q1,,209091875659.0,
iM금융지주,2025,Q2,,198553005839.0,
iM금융지주,2025,Q3,,155710563325.0,
iM금융지주,2025,Q4,,19885555177.0,
iM금융지주,2026,Q1,,193923000000.0,
SNT에너지,2023,Q1,72428178614.0,4530820773.0,0.0625560501410181
SNT에너지,2023,Q2,74957181819.0,5115197916.0,0.0682415986282906
SNT에너지,2023,Q3,86281788894.0,3929689444.0,0.045544830425662
SNT에너지,2023,Q4,88288500876.0,7201412853.0,0.0815668267276877
SNT에너지,2024,Q1,61635020690.0,3009548059.0,0.04882853977022
SNT에너지,2024,Q2,67258298526.0,5020443119.0,0.0746442183199036
SNT에너지,2024,Q3,69655880448.0,5171725734.0,0.074246792959007
SNT에너지,2024,Q4,95715058612.0,9037762578.0,0.0944236226677388
SNT에너지,2025,Q1,115256137787.0,12879860936.0,0.1117498918782332
SNT에너지,2025,Q2,140680573296.0,27364301022.0,0.1945137155819228
SNT에너지,2025,Q3,148299040553.0,24317080233.0,0.1639732808946219
SNT에너지,2025,Q4,201884235798.0,46752685574.0,0.2315816556414018
SNT에너지,2026,Q1,123567021503.0,22804473617.0,0.1845514550696388
아모레퍼시픽홀딩스,2023,Q1,1009149916158.0,81630029524.0,0.0808898937779026
아모레퍼시픽홀딩스,2023,Q2,1030839083815.0,11729793163.0,0.0113788789610009
아모레퍼시픽홀딩스,2023,Q3,963348465711.0,28790125326.0,0.0298854737934849
아모레퍼시픽홀딩스,2023,Q4,1018005573258.0,29851529197.0,0.0293235420130991
아모레퍼시픽홀딩스,2024,Q1,1006777220211.0,83036657973.0,0.0824776885154366
아모레퍼시픽홀딩스,2024,Q2,1005691033800.0,12221736499.0,0.0121525757794819
아모레퍼시픽홀딩스,2024,Q3,1068056765688.0,74990261056.0,0.0702118683810726
아모레퍼시픽홀딩스,2024,Q4,1179361682296.0,79028870350.0,0.0670098677414593
아모레퍼시픽홀딩스,2025,Q1,1164751025012.0,128863381031.0,0.1106359885192394
아모레퍼시픽홀딩스,2025,Q2,1094967154413.0,80115843928.0,0.0731673489977416
아모레퍼시픽홀딩스,2025,Q3,1108242786602.0,104260959207.0,0.0940777241841348
아모레퍼시픽홀딩스,2025,Q4,1255214251420.0,54759733255.0,0.0436258058678439
아모레퍼시픽홀딩스,2026,Q1,1222742980327.0,137785701905.0,0.1126857435469813
크래프톤,2023,Q1,538697549664.0,282999224513.0,0.525339728553646
크래프톤,2023,Q2,387050504103.0,131460412637.0,0.3396466643071892
크래프톤,2023,Q3,450273957736.0,189259011177.0,0.4203196918795921
크래프톤,2023,Q4,534554168785.0,164326960643.0,0.3074093707219651
크래프톤,2024,Q1,665908746665.0,310500848630.0,0.4662813789202325
크래프톤,2024,Q2,707023004068.0,332109396449.0,0.4697292655799618
크래프톤,2024,Q3,719274864181.0,324420287197.0,0.4510379874964769
크래프톤,2024,Q4,617567491674.0,215457151912.0,0.3488803326223897
크래프톤,2025,Q1,874184373846.0,457276029726.0,0.5230887709811153
크래프톤,2025,Q2,662048249145.0,246063427020.0,0.3716699309117995
크래프톤,2025,Q3,870623522832.0,348608416956.0,0.4004123571369082
크래프톤,2025,Q4,919697549143.0,2433106486.0,0.0026455506902973
크래프톤,2026,Q1,1371415007891.0,561563204569.0,0.4094772197604775
아이에스동서,2023,Q1,542596360055.0,88714672883.0,0.1635003096482392
아이에스동서,2023,Q2,554300923651.0,91640808801.0,0.1653268195863571
아이에스동서,2023,Q3,441555366268.0,74327854563.0,0.1683319018206361
아이에스동서,2023,Q4,490987407250.0,85838139575.0,0.174827578686337
아이에스동서,2024,Q1,413136948510.0,79703675433.0,0.1929231353439954
아이에스동서,2024,Q2,409594646691.0,56273251372.0,0.1373876632095067
아이에스동서,2024,Q3,392570884668.0,24465047723.0,0.0623200769045576
아이에스동서,2024,Q4,299270058298.0,9230438502.0,0.0308431740699189
아이에스동서,2025,Q1,299144695963.0,32350174282.0,0.1081422292240851
아이에스동서,2025,Q2,335161525839.0,53797194062.0,0.160511245815972
아이에스동서,2025,Q3,271032081107.0,9023998951.0,0.0332949476465756
아이에스동서,2025,Q4,329018133878.0,-27048763521.0,-0.082210555394584
아이에스동서,2026,Q1,437014361973.0,118076091787.0,0.2701881266645765
피엔티,2023,Q1,104128546766.0,17313570539.0,0.1662711242663113
피엔티,2023,Q2,93680290803.0,16353390122.0,0.1745659624006665
피엔티,2023,Q3,118939544494.0,5878319536.0,0.0494227513734638
피엔티,2023,Q4,228665586421.0,37378939811.0,0.1634655235885867
피엔티,2024,Q1,204478659461.0,38083620755.0,0.1862474101472855
피엔티,2024,Q2,240513040213.0,26141121424.0,0.10868899832146
피엔티,2024,Q3,200887638205.0,30970386967.0,0.1541677090921623
피엔티,2024,Q4,389201924102.0,68033653377.0,0.1748029728629247
피엔티,2025,Q1,151819119343.0,14155189228.0,0.0932371975891892
피엔티,2025,Q2,113422824502.0,22557098425.0,0.198876183202458
피엔티,2025,Q3,107537959313.0,13466900144.0,0.1252292700180709
피엔티,2025,Q4,372103722507.0,45214425117.0,0.121510273566665
피엔티,2026,Q1,101441393583.0,8787309095.0,0.0866244910940637
DB손해보험,2023,Q3,,535502085921.0,
DB손해보험,2023,Q4,,391290274775.0,
DB손해보험,2024,Q1,,759199378971.0,
DB손해보험,2024,Q2,,786798560307.0,
DB손해보험,2025,Q1,,619784265768.0,
DB손해보험,2025,Q2,,798484000000.0,
DB손해보험,2025,Q3,,441307000000.0,
DB손해보험,2025,Q4,,524373000000.0,
DB손해보험,2026,Q1,,413033000000.0,
제일기획,2023,Q1,941600628598.0,53419167243.0,0.0567322977710185
제일기획,2023,Q2,971399798266.0,84681679861.0,0.0871748995749857
제일기획,2023,Q3,1078310236463.0,93436555256.0,0.0866509025848481
제일기획,2023,Q4,1146964132704.0,75985364055.0,0.0662491196441011
제일기획,2024,Q1,1018009727654.0,54543478133.0,0.0535785431625444
제일기획,2024,Q2,1089446812856.0,88210021231.0,0.0809677170010312
제일기획,2024,Q3,1072538076098.0,95571426395.0,0.0891077235623171
제일기획,2024,Q4,1164262064348.0,82395662231.0,0.070770717997363
제일기획,2025,Q1,1039416635719.0,58492131145.0,0.0562739994098122
제일기획,2025,Q2,1118834219151.0,92117590305.0,0.0823335474802524
제일기획,2025,Q3,1188923358462.0,95888789982.0,0.0806517840696161
제일기획,2025,Q4,1199720729895.0,90391452705.0,0.07534374496714
제일기획,2026,Q1,1017565907353.0,36509607966.0,0.0358793545481222
농심,2023,Q1,860386309724.0,63753403383.0,0.0740985795130227
농심,2023,Q2,837521658064.0,53698552577.0,0.0641160166545765
농심,2023,Q3,855913210848.0,55674910916.0,0.0650473788818375
농심,2023,Q4,856738188623.0,38937876579.0,0.0454489797420881
농심,2024,Q1,872535080710.0,61382480799.0,0.0703495849691817
농심,2024,Q2,860699099208.0,43678194387.0,0.0507473453001076
농심,2024,Q3,850390703996.0,37602265991.0,0.0442176352755343
농심,2024,Q4,855105974084.0,20410990753.0,0.0238695452629301
농심,2025,Q1,893036319476.0,56051767375.0,0.0627653838400313
농심,2025,Q2,867725185755.0,40152228653.0,0.0462729782564325
농심,2025,Q3,871156324854.0,54375550192.0,0.0624176725125803
농심,2025,Q4,882397670012.0,33353485977.0,0.0377987013231193
농심,2026,Q1,934029005207.0,67424701255.0,0.0721869458861797
LG유플러스,2023,Q1,3541343000000.0,260212000000.0,0.0734783385851074
LG유플러스,2023,Q2,3429331000000.0,288042000000.0,0.0839936419085821
LG유플러스,2023,Q3,3581077000000.0,254260000000.0,0.0710009865747092
LG유플러스,2023,Q4,3820875000000.0,195517000000.0,0.0511707396865901
LG유플러스,2024,Q1,3576966000000.0,220931000000.0,0.0617649147350016
LG유플러스,2024,Q2,3493696000000.0,254011000000.0,0.0727055244646357
LG유플러스,2024,Q3,3801331000000.0,246026000000.0,0.064721014823492
LG유플러스,2024,Q4,3753205000000.0,142162000000.0,0.037877494035098
LG유플러스,2025,Q1,3748090000000.0,255427000000.0,0.0681485770085563
LG유플러스,2025,Q2,3844385000000.0,304506000000.0,0.0792079877535678
LG유플러스,2025,Q3,4010838000000.0,161670000000.0,0.0403082847025983
LG유플러스,2025,Q4,3848432000000.0,170528000000.0,0.0443110336885256
LG유플러스,2026,Q1,3803749000000.0,272273000000.0,0.071580169984928
기업은행,2023,Q3,,968530000000.0,
기업은행,2023,Q4,,699543000000.0,
기업은행,2024,Q1,,1029741000000.0,
기업은행,2024,Q2,,827586000000.0,
기업은행,2024,Q3,,1126080000000.0,
기업은행,2024,Q4,,610680000000.0,
기업은행,2025,Q1,,1024027000000.0,
기업은행,2025,Q2,,927445000000.0,
기업은행,2025,Q3,,976740000000.0,
기업은행,2025,Q4,,727377000000.0,
기업은행,2026,Q1,,932546000000.0,
JW중외제약,2023,Q1,173383298754.0,20324016175.0,0.1172201493515021
JW중외제약,2023,Q2,185922571832.0,20574832515.0,0.1106634461446212
JW중외제약,2023,Q3,184202799875.0,26107178276.0,0.1417306267533193
JW중외제약,2023,Q4,205018037356.0,33297743145.0,0.1624137250284018
JW중외제약,2024,Q1,180593521299.0,26247106157.0,0.1453380274563888
JW중외제약,2024,Q2,172276013572.0,11639774923.0,0.0675646869326665
JW중외제약,2024,Q3,178655044127.0,26539463473.0,0.1485514366677157
JW중외제약,2024,Q4,187851177342.0,18061792263.0,0.09614947597649
JW중외제약,2025,Q1,185236172427.0,22007109101.0,0.118805678246633
JW중외제약,2025,Q2,191104766782.0,24969238147.0,0.1306573277446464
JW중외제약,2025,Q3,200016261055.0,32027857746.0,0.1601262696196138
JW중외제약,2025,Q4,198940857659.0,15456782938.0,0.0776953669542036
JW중외제약,2026,Q1,199884661554.0,33577278363.0,0.1679832664595372
BGF,2023,Q1,99191873451.0,11491661151.0,0.1158528491416868
BGF,2023,Q2,111409088909.0,19092415843.0,0.1713721567061271
BGF,2023,Q3,109178394352.0,23869617560.0,0.2186294980950389
BGF,2023,Q4,123394255377.0,16092381733.0,0.1304143510071339
BGF,2024,Q1,118545089458.0,11321066936.0,0.0955000918870705
BGF,2024,Q2,113493930088.0,16526438982.0,0.1456151793244437
BGF,2024,Q3,110919127367.0,21095723365.0,0.1901901310059916
BGF,2024,Q4,112682233085.0,8772695931.0,0.077853408570475
BGF,2025,Q1,105946989429.0,5151855801.0,0.0486267314320667
BGF,2025,Q2,123008851020.0,17312971297.0,0.1407457362087309
BGF,2025,Q3,128454752428.0,26878180126.0,0.2092423956137041
BGF,2025,Q4,112057861682.0,11830846695.0,0.1055780158341215
BGF,2026,Q1,104891745892.0,8481911218.0,0.0808634763953043
쿠쿠홀딩스,2023,Q1,191861213503.0,24006751264.0,0.1251256094219618
쿠쿠홀딩스,2023,Q2,174157467533.0,14921915245.0,0.0856805938692955
쿠쿠홀딩스,2023,Q3,190487250876.0,23437167129.0,0.1230379829685122
쿠쿠홀딩스,2023,Q4,215755937837.0,24267142347.0,0.1124749686626628
쿠쿠홀딩스,2024,Q1,207948801850.0,25704053225.0,0.1236076043541772
쿠쿠홀딩스,2024,Q2,183542807430.0,17965815397.0,0.0978835163772453
쿠쿠홀딩스,2024,Q3,203006959865.0,22576121807.0,0.1112086099019125
쿠쿠홀딩스,2024,Q4,239303767482.0,36987754278.0,0.1545640282524267
쿠쿠홀딩스,2025,Q1,224242405896.0,27573079639.0,0.1229610408826417
쿠쿠홀딩스,2025,Q2,206265461854.0,20351970819.0,0.0986688252898376
쿠쿠홀딩스,2025,Q3,243281901090.0,30323190531.0,0.1246421965429405
쿠쿠홀딩스,2025,Q4,247139612136.0,35760650082.0,0.1446981719074684
쿠쿠홀딩스,2026,Q1,232699045417.0,21981960465.0,0.0944651939831038
삼립,2023,Q1,832090505033.0,16633272796.0,0.0199897399326054
삼립,2023,Q2,861500390802.0,26490448040.0,0.0307492002590261
삼립,2023,Q3,862625360512.0,21052748080.0,0.0244054360603361
삼립,2023,Q4,877106040107.0,27557853617.0,0.0314190672015417
삼립,2024,Q1,830635712556.0,17306392995.0,0.0208351178903028
삼립,2024,Q2,849427048253.0,27003710659.0,0.0317905000959623
삼립,2024,Q3,845201476621.0,21885228120.0,0.0258935043600422
삼립,2024,Q4,902655981104.0,28773386189.0,0.0318763590906565
삼립,2025,Q1,814848695738.0,16061195875.0,0.0197106480736936
삼립,2025,Q2,823541890151.0,8784353577.0,0.0106665534346884
삼립,2025,Q3,863077970161.0,9148681340.0,0.0106000635589081
삼립,2025,Q4,869012323695.0,4744358384.0,0.0054594834326712
삼립,2026,Q1,812276173193.0,-4298014341.0,-0.0052913214530284
하림지주,2023,Q1,2888122482478.0,144339016523.0,0.0499767642815333
하림지주,2023,Q2,3256020328424.0,212640046577.0,0.0653067318777838
하림지주,2023,Q3,3054791768992.0,166677866486.0,0.05456275880336
하림지주,2023,Q4,2863428184135.0,43887839006.0,0.0153270262719223
하림지주,2024,Q1,2743083000000.0,175035000000.0,0.0638095894291204
하림지주,2024,Q2,3021256000000.0,199733000000.0,0.066109260519466
하림지주,2024,Q3,3100974000000.0,259204000000.0,0.0835879307598193
하림지주,2024,Q4,3407645000000.0,131507000000.0,0.0385917547162336
하림지주,2025,Q1,3203535000000.0,219888000000.0,0.0686391751611891
하림지주,2025,Q2,3310850000000.0,238893000000.0,0.0721545826600419
하림지주,2025,Q3,3306008000000.0,255172000000.0,0.0771843262327253
하림지주,2025,Q4,3394491000000.0,173474000000.0,0.0511045691386425
하림지주,2026,Q1,3554066000000.0,258252000000.0,0.0726638165976658
롯데쇼핑,2023,Q1,3561590512164.0,112513631806.0,0.0315908388181429
롯데쇼핑,2023,Q2,3622248430828.0,51488081990.0,0.0142143983145381
롯데쇼핑,2023,Q3,3739121259541.0,142036762784.0,0.0379866693067439
롯데쇼핑,2023,Q4,3632903677757.0,202366255060.0,0.0557037215985157
롯데쇼핑,2024,Q1,3513305938897.0,114871108389.0,0.032696016340969
롯데쇼핑,2024,Q2,3427810100753.0,56054697237.0,0.0163529179240956
롯데쇼핑,2024,Q3,3568352544649.0,154987063225.0,0.0434337866804708
롯데쇼핑,2024,Q4,3477109685761.0,147201095929.0,0.0423343262744337
롯데쇼핑,2025,Q1,3456770795359.0,148235715781.0,0.0428827146943091
롯데쇼핑,2025,Q2,3349696312762.0,40639191033.0,0.012132201620239
롯데쇼핑,2025,Q3,3410062599971.0,130510430154.0,0.0382721508265302
롯데쇼핑,2025,Q4,3521825017741.0,227651884127.0,0.0646403165916012
롯데쇼핑,2026,Q1,3581595079314.0,252882436712.0,0.0706060934058564
GS리테일,2023,Q1,2700244361762.0,46562220067.0,0.0172437060609642
GS리테일,2023,Q2,2957767404281.0,97209778272.0,0.0328659306108049
GS리테일,2023,Q3,3090217971652.0,126764817356.0,0.0410213190522067
GS리테일,2023,Q4,2864318183043.0,123418523928.0,0.0430882730342766
GS리테일,2024,Q1,2810377406345.0,73884927165.0,0.0262900374156829
GS리테일,2024,Q2,2937050430450.0,81011573755.0,0.0275826294690445
GS리테일,2024,Q3,3054711033750.0,80639523362.0,0.0263984129664159
GS리테일,2024,Q4,2934031202759.0,27709077604.0,0.0094440296265233
GS리테일,2025,Q1,2761296550528.0,38667957774.0,0.0140035512544301
GS리테일,2025,Q2,2980562190769.0,84498851402.0,0.0283499709094138
GS리테일,2025,Q3,3205418315567.0,111149163524.0,0.0346754003944533
GS리테일,2025,Q4,3025971692834.0,53320020685.0,0.0176207929542998
GS리테일,2026,Q1,2854875935476.0,58274149464.0,0.0204121477714175
메리츠금융지주,2023,Q3,12736756867512.0,808702744431.0,0.0634936155917194
메리츠금융지주,2023,Q4,15213950485342.0,558027839626.0,0.0366786943446172
메리츠금융지주,2024,Q1,12563849568546.0,770786222345.0,0.0613495265236769
메리츠금융지주,2024,Q2,11222749598651.0,1005597431616.0,0.0896034811056352
메리츠금융지주,2024,Q3,10906897828909.0,901536434806.0,0.0826574566799787
메리츠금융지주,2024,Q4,11881009354854.0,510969162518.0,0.0430072182637616
메리츠금융지주,2025,Q1,8230277845059.0,721743012746.0,0.0876936388215975
메리츠금융지주,2025,Q2,9351455876300.0,949733159526.0,0.1015599252232981
메리츠금융지주,2025,Q3,7370496338764.0,862313205452.0,0.1169952694931541
메리츠금융지주,2025,Q4,,338944580256.0,
메리츠금융지주,2026,Q1,,854828696134.0,
F&F,2023,Q1,497404354219.0,148825892758.0,0.2992050461473727
F&F,2023,Q2,405479877881.0,110083654525.0,0.2714898088168688
F&F,2023,Q3,492815453747.0,148523841185.0,0.3013782138034346
F&F,2023,Q4,582795850045.0,144057599158.0,0.2471836392570001
F&F,2024,Q1,507028728355.0,130211001500.0,0.2568118810988394
F&F,2024,Q2,391472978343.0,91801185581.0,0.2345019724466546
F&F,2024,Q3,450963437094.0,108304866337.0,0.2401632980157206
F&F,2024,Q4,546544446294.0,120420406319.0,0.2203304912080706
F&F,2025,Q1,505616173458.0,123616388060.0,0.244486617614633
F&F,2025,Q2,378870814153.0,84029901879.0,0.221790380097914
F&F,2025,Q3,474257191766.0,128019678069.0,0.2699372414201898
F&F,2025,Q4,575251747519.0,132908182321.0,0.2310435090275152
F&F,2026,Q1,560898180961.0,153481999734.0,0.2736361160434425
HL홀딩스,2023,Q1,,33225583625.0,
HL홀딩스,2023,Q2,,63071672513.0,
HL홀딩스,2023,Q3,,-13303553546.0,
HL홀딩스,2023,Q4,,9180263593.0,
HL홀딩스,2024,Q1,,67069666561.0,
HL홀딩스,2024,Q2,,16999485053.0,
HL홀딩스,2024,Q3,,-17362010591.0,
HL홀딩스,2024,Q4,,23735375227.0,
HL홀딩스,2025,Q1,,17363819408.0,
HL홀딩스,2025,Q2,,16337596586.0,
HL홀딩스,2025,Q3,,19751189764.0,
HL홀딩스,2025,Q4,,35237464141.0,
HL홀딩스,2026,Q1,,34720592403.0,
SGC에너지,2023,Q1,741859775751.0,30851961228.0,0.041587321804539
SGC에너지,2023,Q2,806258592242.0,3024874908.0,0.003751742849138
SGC에너지,2023,Q3,800499375543.0,59705877911.0,0.0745857894898417
SGC에너지,2023,Q4,675433891689.0,13240249729.0,0.019602584193534
SGC에너지,2024,Q1,558741370029.0,51174095019.0,0.0915881618294058
SGC에너지,2024,Q2,606810889359.0,68054529661.0,0.1121511344875318
SGC에너지,2024,Q3,541436012854.0,44184755223.0,0.0816066057189191
SGC에너지,2024,Q4,648004779885.0,26198258004.0,0.0404291122800812
SGC에너지,2025,Q1,618477763701.0,17550429496.0,0.0283768156691315
SGC에너지,2025,Q2,618460152234.0,34011337486.0,0.0549935793973861
SGC에너지,2025,Q3,598943208952.0,25430685370.0,0.0424592598929325
SGC에너지,2025,Q4,624806646269.0,18827872825.0,0.0301339189290473
SGC에너지,2026,Q1,611480718237.0,35738111628.0,0.0584451979631326
동원산업,2023,Q1,2264232208249.0,117253055597.0,0.0517849075593158
동원산업,2023,Q2,2197762773472.0,102299697507.0,0.0465471973325802
동원산업,2023,Q3,2384254814757.0,154420209492.0,0.0647666551981937
동원산업,2023,Q4,2102320961486.0,90760664030.0,0.0431716496637349
동원산업,2024,Q1,2241875243630.0,110016086140.0,0.0490732418998767
동원산업,2024,Q2,2142854682814.0,84766661191.0,0.0395578206356411
동원산업,2024,Q3,2339102663033.0,174404558860.0,0.0745604550053643
동원산업,2024,Q4,2220399350249.0,132132634203.0,0.059508499760722
동원산업,2025,Q1,2319311626983.0,124843272976.0,0.0538277269529314
동원산업,2025,Q2,2358613258350.0,133642247427.0,0.056661365297544
동원산업,2025,Q3,2586517748697.0,148103644729.0,0.0572598602130643
동원산업,2025,Q4,2319231262961.0,109544937300.0,0.0472332962432311
동원산업,2026,Q1,2530018775439.0,146157183082.0,0.0577692088694635
제이에스코퍼레이션,2023,Q1,167362015500.0,8882325550.0,0.053072529770054
제이에스코퍼레이션,2023,Q2,207600084646.0,19298536429.0,0.0929601568414959
제이에스코퍼레이션,2023,Q3,268464103461.0,32323716931.0,0.1204023797382494
제이에스코퍼레이션,2023,Q4,219339271830.0,23537377758.0,0.1073103670018689
제이에스코퍼레이션,2024,Q1,207443472574.0,19274733392.0,0.0929155935968255
제이에스코퍼레이션,2024,Q2,228665903050.0,26129745417.0,0.1142704052876938
제이에스코퍼레이션,2024,Q3,361625897838.0,42781141324.0,0.1183022056212493
제이에스코퍼레이션,2024,Q4,319763973700.0,33070365443.0,0.103421173624851
제이에스코퍼레이션,2025,Q1,293693988193.0,28343011078.0,0.0965052476980716
제이에스코퍼레이션,2025,Q2,317329311384.0,28118332425.0,0.0886093134679702
제이에스코퍼레이션,2025,Q3,356815411798.0,41105959062.0,0.1152023082603586
제이에스코퍼레이션,2025,Q4,320393897846.0,42945176496.0,0.1340386842094038
제이에스코퍼레이션,2026,Q1,308035703437.0,30797471829.0,0.0999802019225954
JB금융지주,2023,Q3,,230590000000.0,
JB금융지주,2023,Q4,,126297000000.0,
JB금융지주,2024,Q1,,227963000000.0,
JB금융지주,2024,Q2,,258802000000.0,
JB금융지주,2024,Q3,,261033000000.0,
JB금융지주,2024,Q4,,158281000000.0,
JB금융지주,2025,Q1,,217472000000.0,
JB금융지주,2025,Q2,,266896000000.0,
JB금융지주,2025,Q3,,281076000000.0,
JB금융지주,2025,Q4,,186870000000.0,
JB금융지주,2026,Q1,,221310000000.0,
미스토홀딩스,2024,Q1,1182622712424.0,163258879070.0,0.1380481512445937
미스토홀딩스,2024,Q2,1175289066339.0,140146971593.0,0.1192446825269589
미스토홀딩스,2024,Q3,1049457617484.0,93370553835.0,0.0889702950166289
미스토홀딩스,2024,Q4,861373616588.0,-35972869332.0,-0.0417622140256543
미스토홀딩스,2025,Q1,1237498940466.0,162674986283.0,0.1314546469201356
미스토홀딩스,2025,Q2,1227713625124.0,181885342574.0,0.1481496489506088
미스토홀딩스,2025,Q3,1088201481323.0,131869003508.0,0.121180687373884
미스토홀딩스,2025,Q4,915232222503.0,-1648357368.0,-0.0018010263706538
미스토홀딩스,2026,Q1,1289035358793.0,193656795514.0,0.1502338893910034
금호타이어,2023,Q1,998917965838.0,54546024641.0,0.0546051092346115
금호타이어,2023,Q2,1004080875492.0,88094699867.0,0.0877366574916921
금호타이어,2023,Q3,977540185245.0,96233994893.0,0.0984450525365164
금호타이어,2023,Q4,1060873131110.0,172135779089.0,0.1622585906279792
금호타이어,2024,Q1,1044506706341.0,145629881511.0,0.1394245538366665
금호타이어,2024,Q2,1131937454817.0,151508579635.0,0.1338488968540177
금호타이어,2024,Q3,1114995464166.0,140222965677.0,0.1257610189310363
금호타이어,2024,Q4,1240738298655.0,151230285037.0,0.1218873353074846
금호타이어,2025,Q1,1206213099996.0,146551092332.0,0.1214968502103699
금호타이어,2025,Q2,1221253035004.0,175174609519.0,0.1434384230770212
금호타이어,2025,Q3,1113745691721.0,108507089060.0,0.0974253726560602
금호타이어,2025,Q4,1160070248773.0,145626507373.0,0.1255324904048081
금호타이어,2026,Q1,1167810102386.0,147026893728.0,0.1258996590521039
아이티센글로벌,2023,Q1,604837473013.0,814909259.0,0.0013473193963008
아이티센글로벌,2023,Q2,644394686512.0,2047674846.0,0.0031776718350731
아이티센글로벌,2023,Q3,660953868421.0,2141387830.0,0.0032398446129314
아이티센글로벌,2023,Q4,904959173418.0,25514796053.0,0.0281944167233881
아이티센글로벌,2024,Q1,910711652320.0,3879656704.0,0.0042600275225607
아이티센글로벌,2024,Q2,1259803544070.0,16063524056.0,0.0127508166901199
아이티센글로벌,2024,Q3,1284886900500.0,10560872242.0,0.0082193010434539
아이티센글로벌,2024,Q4,1506445402261.0,28060668271.0,0.0186270728623049
아이티센글로벌,2025,Q1,1636570361301.0,33837417633.0,0.0206758098723606
아이티센글로벌,2025,Q2,1266741725652.0,21567081546.0,0.0170256344361746
아이티센글로벌,2025,Q3,1727252178995.0,64466896331.0,0.03732338399394
아이티센글로벌,2025,Q4,4240280524145.0,160054364121.0,0.0377461734452752
아이티센글로벌,2026,Q1,3288221636118.0,99167251600.0,0.0301583234264812
포스코인터내셔널,2023,Q1,8306594595000.0,279562235000.0,0.0336554567341323
포스코인터내셔널,2023,Q2,8870945828000.0,357158778000.0,0.0402616344327877
포스코인터내셔널,2023,Q3,8045854935000.0,311745693000.0,0.0387461240003079
포스코인터내셔널,2023,Q4,7909426016000.0,214645329000.0,0.0271379147571256
포스코인터내셔널,2024,Q1,7760519871000.0,265404849000.0,0.0341993646574866
포스코인터내셔널,2024,Q2,8282262877000.0,349695174000.0,0.0422221775851995
포스코인터내셔널,2024,Q3,8355839801000.0,357228310000.0,0.0427519337981142
포스코인터내셔널,2024,Q4,7942170575000.0,144592904000.0,0.0182057162628995
포스코인터내셔널,2025,Q1,8153705443000.0,270166466000.0,0.0331341949851695
포스코인터내셔널,2025,Q2,8144101621000.0,313699256000.0,0.0385185832150116
포스코인터내셔널,2025,Q3,8248268133000.0,315858181000.0,0.0382938788975957
포스코인터내셔널,2025,Q4,7827528711000.0,265592202000.0,0.0339305305423874
포스코인터내셔널,2026,Q1,8410420833000.0,357511917000.0,0.0425082078648465
국도화학,2023,Q1,343603184510.0,10459397726.0,0.0304403398964877
국도화학,2023,Q2,346833287549.0,12849168106.0,0.0370471017842677
국도화학,2023,Q3,315594986646.0,-2243712994.0,-0.0071094696967311
국도화학,2023,Q4,305744901547.0,-1912044752.0,-0.006253725711616
국도화학,2024,Q1,296145654343.0,1736594627.0,0.005863988215031
국도화학,2024,Q2,343033085932.0,9917999740.0,0.0289126622088169
국도화학,2024,Q3,340119045092.0,7146181731.0,0.0210108249864896
국도화학,2024,Q4,326477345119.0,6532781934.0,0.0200099089007809
국도화학,2025,Q1,319114053487.0,12901749082.0,0.0404298994075031
국도화학,2025,Q2,348703926209.0,16838847488.0,0.048289813283913
국도화학,2025,Q3,354481497761.0,10764670300.0,0.0303673685876203
국도화학,2025,Q4,373256716909.0,12665168673.0,0.0339315224596152
국도화학,2026,Q1,413929497914.0,10301788186.0,0.0248877846056295
SK텔레콤,2023,Q1,4372227000000.0,494778000000.0,0.1131638407612413
SK텔레콤,2023,Q2,4306383000000.0,463409000000.0,0.107609796899161
SK텔레콤,2023,Q3,4402610000000.0,497962000000.0,0.1131060893424582
SK텔레콤,2023,Q4,4527291000000.0,297055000000.0,0.0656142934041571
SK텔레콤,2024,Q1,4474611000000.0,498489000000.0,0.111403873990387
SK텔레콤,2024,Q2,4422359000000.0,537508000000.0,0.1215432758851101
SK텔레콤,2024,Q3,4532118000000.0,533263000000.0,0.1176630882073238
SK텔레콤,2024,Q4,4511521000000.0,254149000000.0,0.0563333297129726
SK텔레콤,2025,Q1,4453717000000.0,567384000000.0,0.1273956113511478
SK텔레콤,2025,Q2,4338760000000.0,338260000000.0,0.0779623671279351
SK텔레콤,2025,Q3,3978064000000.0,48438000000.0,0.0121762746904021
SK텔레콤,2025,Q4,4328672000000.0,119133000000.0,0.0275218357962904
SK텔레콤,2026,Q1,4392312000000.0,537591000000.0,0.122393627775076
이노션,2023,Q1,459670182624.0,19230021305.0,0.0418343891596939
이노션,2023,Q2,496782029942.0,41702926560.0,0.0839461253557599
이노션,2023,Q3,497482473395.0,40836680106.0,0.0820866709681564
이노션,2023,Q4,638958613065.0,48248597601.0,0.0755113032588415
이노션,2024,Q1,487514636179.0,30475697693.0,0.0625123748732136
이노션,2024,Q2,522073586393.0,36661234943.0,0.0702223515966245
이노션,2024,Q3,512024223344.0,45896006406.0,0.0896363967045463
이노션,2024,Q4,598966023932.0,42630178158.0,0.0711729488062577
이노션,2025,Q1,503391145632.0,29842242089.0,0.0592824135822522
이노션,2025,Q2,519043151754.0,36415108527.0,0.0701581523693022
이노션,2025,Q3,491527618685.0,51327081354.0,0.1044235957509712
이노션,2025,Q4,632079081371.0,45215563299.0,0.071534661771951
이노션,2026,Q1,523792271486.0,39790935932.0,0.0759670161209385
한전KPS,2023,Q1,351112333999.0,54913122091.0,0.1563975878191633
한전KPS,2023,Q2,410017881231.0,48849880833.0,0.119140854750865
한전KPS,2023,Q3,332288435853.0,36416616736.0,0.1095933917848114
한전KPS,2023,Q4,440432140411.0,59196761588.0,0.1344060892848535
한전KPS,2024,Q1,342849081306.0,52241561966.0,0.1523748051679138
한전KPS,2024,Q2,428591733915.0,74395341216.0,0.17358090539085
한전KPS,2024,Q3,354439693872.0,41986551988.0,0.1184589443956656
한전KPS,2024,Q4,431205299440.0,40875190598.0,0.0947928762728194
한전KPS,2025,Q1,288014489664.0,7799816484.0,0.0270813336269967
한전KPS,2025,Q2,453978398935.0,65619523206.0,0.1445432720145685
한전KPS,2025,Q3,393685554733.0,47431071664.0,0.1204795834994963
한전KPS,2025,Q4,440838367996.0,19251429730.0,0.0436700412840986
한전KPS,2026,Q1,352394334924.0,37018471524.0,0.105048429714353
하이트진로,2023,Q1,603474656497.0,38695022647.0,0.064120377269219
하이트진로,2023,Q2,641553422311.0,11918130720.0,0.0185769887674647
하이트진로,2023,Q3,654384982866.0,43457660274.0,0.0664099290354573
하이트진로,2023,Q4,620768489955.0,29849169739.0,0.0480842217702831
하이트진로,2024,Q1,621149368492.0,48351964327.0,0.0778427328106069
하이트진로,2024,Q2,665239760116.0,68246734750.0,0.1025896809566818
하이트진로,2024,Q3,685740216532.0,70200439628.0,0.1023717698562661
하이트진로,2024,Q4,627054062883.0,21342732720.0,0.0340365113366345
하이트진로,2025,Q1,612776901672.0,62725468488.0,0.102362651589591
하이트진로,2025,Q2,646554290798.0,64459394712.0,0.0996968013814307
하이트진로,2025,Q3,669532545814.0,54393842629.0,0.0812415213705099
하이트진로,2025,Q4,569703083000.0,-9240034831.0,-0.0162190360324941
하이트진로,2026,Q1,590828777385.0,55936223537.0,0.0946741690284162
DN오토모티브,2023,Q1,830111167008.0,130807206642.0,0.1575779387638805
DN오토모티브,2023,Q2,831556128161.0,127138837885.0,0.1528926714377893
DN오토모티브,2023,Q3,801303448393.0,120551710638.0,0.1504445174668402
DN오토모티브,2023,Q4,806272321554.0,111891941982.0,0.1387768611061096
DN오토모티브,2024,Q1,780919680398.0,123659154809.0,0.1583506702584015
DN오토모티브,2024,Q2,885166914294.0,148594954979.0,0.1678722426012926
DN오토모티브,2024,Q3,848561467718.0,129942423459.0,0.1531325995846224
DN오토모티브,2024,Q4,919894205590.0,120720273753.0,0.1312327798342557
DN오토모티브,2025,Q1,878712803000.0,137676198000.0,0.1566794037027363
DN오토모티브,2025,Q2,909635342000.0,121590097000.0,0.1336690554839941
DN오토모티브,2025,Q3,918734341000.0,118686244000.0,0.1291845081907088
DN오토모티브,2025,Q4,968621769000.0,149955071000.0,0.1548128235387615
DN오토모티브,2026,Q1,1017653926000.0,144619810000.0,0.1421109930449971
삼표시멘트,2023,Q1,199129227695.0,8009310080.0,0.0402216699814032
삼표시멘트,2023,Q2,220329955451.0,31894485611.0,0.1447578271675053
삼표시멘트,2023,Q3,180525007581.0,24534303529.0,0.1359052901188311
삼표시멘트,2023,Q4,223745253187.0,20263015721.0,0.0905628853903092
삼표시멘트,2024,Q1,188574515048.0,17671587133.0,0.0937114282303833
삼표시멘트,2024,Q2,214268975640.0,40243935460.0,0.1878197034348784
삼표시멘트,2024,Q3,172266300208.0,25186690326.0,0.1462078787063329
삼표시멘트,2024,Q4,215676732435.0,20827911655.0,0.0965700445284567
삼표시멘트,2025,Q1,151548788325.0,2109007606.0,0.013916360726535
삼표시멘트,2025,Q2,177819954335.0,28375598278.0,0.1595748822685131
삼표시멘트,2025,Q3,156320864030.0,12869012645.0,0.0823243443852144
삼표시멘트,2025,Q4,191237108734.0,33229849612.0,0.1737625601640989
삼표시멘트,2026,Q1,166701751729.0,10028818376.0,0.0601602459001356
대웅제약,2023,Q1,322414531612.0,24473801906.0,0.0759078748207672
대웅제약,2023,Q2,350191474410.0,40055459193.0,0.1143815944134138
대웅제약,2023,Q3,340899763085.0,29381130313.0,0.0861870071340416
대웅제약,2023,Q4,361822975770.0,28681557875.0,0.0792695870514093
대웅제약,2024,Q1,335785146505.0,29660932796.0,0.0883330698356496
대웅제약,2024,Q2,360544556084.0,42313143847.0,0.1173589869351455
대웅제약,2024,Q3,358473430484.0,37275380416.0,0.1039836630728026
대웅제약,2024,Q4,367880163307.0,38692741418.0,0.1051775694296147
대웅제약,2025,Q1,356487894236.0,38696583466.0,0.1085495022178293
대웅제약,2025,Q2,405449021657.0,57855685915.0,0.1426953397952566
대웅제약,2025,Q3,411832052696.0,56892822788.0,0.1381456892817332
대웅제약,2025,Q4,397122036740.0,43337323206.0,0.1091284773863441
대웅제약,2026,Q1,377796345378.0,22208034419.0,0.0587830843010934
신한지주,2023,Q3,,1704133000000.0,
신한지주,2023,Q4,,904484000000.0,
신한지주,2024,Q1,,2068236000000.0,
신한지주,2024,Q2,,1852543000000.0,
신한지주,2024,Q3,,1869897000000.0,
신한지주,2024,Q4,,667994000000.0,
신한지주,2025,Q1,,1944214000000.0,
신한지주,2025,Q2,,2014257000000.0,
신한지주,2025,Q3,,1954623000000.0,
신한지주,2025,Q4,,1110263000000.0,
신한지주,2026,Q1,,2154453000000.0,
LG전자,2023,Q1,20415872000000.0,1497388000000.0,0.0733443078013028
LG전자,2023,Q2,19998457000000.0,741917000000.0,0.0370987121656435
LG전자,2023,Q3,20709340000000.0,996660000000.0,0.0481261112135876
LG전자,2023,Q4,23104096000000.0,313109000000.0,0.0135520991602527
LG전자,2024,Q1,21095949000000.0,1335411000000.0,0.0633017741937089
LG전자,2024,Q2,21694366000000.0,1196146000000.0,0.055136250582294
LG전자,2024,Q3,22176370000000.0,751880000000.0,0.0339045569676191
LG전자,2024,Q4,22761475000000.0,135331000000.0,0.0059456164418167
LG전자,2025,Q1,22739812000000.0,1259059000000.0,0.0553680478976695
LG전자,2025,Q2,20735142000000.0,639404000000.0,0.0308367311880478
LG전자,2025,Q3,21873774000000.0,688918000000.0,0.0314951594544224
LG전자,2025,Q4,23852154000000.0,-108989000000.0,-0.0045693567130247
LG전자,2026,Q1,23727227000000.0,1673723000000.0,0.0705401857536913
동아에스티,2023,Q1,147113193143.0,4055938472.0,0.0275701885422163
동아에스티,2023,Q2,169207839866.0,3436869114.0,0.0203115240802184
동아에스티,2023,Q3,166597532816.0,7861576554.0,0.0471890334815629
동아에스티,2023,Q4,181061802284.0,-4175921766.0,-0.0230635159560046
동아에스티,2024,Q1,155364246606.0,-16096826789.0,-0.1036070211817855
동아에스티,2024,Q2,172382016579.0,-5984896781.0,-0.0347188001380481
동아에스티,2024,Q3,191500330401.0,4346877224.0,0.0226990586120539
동아에스티,2024,Q4,178622477865.0,-7267184507.0,-0.0406846024859895
동아에스티,2025,Q1,182087154062.0,-4807929968.0,-0.0264045533182583
동아에스티,2025,Q2,193994436742.0,-5825734993.0,-0.030030422989644
동아에스티,2025,Q3,215927925580.0,13993471699.0,0.0648062155990819
동아에스티,2025,Q4,216770540813.0,-2736617514.0,-0.0126244899502316
동아에스티,2026,Q1,203578570282.0,7755644718.0,0.0380965673708031
하나금융지주,2023,Q3,,1186190000000.0,
하나금융지주,2023,Q4,,649041000000.0,
하나금융지주,2024,Q1,,1563142000000.0,
하나금융지주,2024,Q2,,1359085000000.0,
하나금융지주,2024,Q3,,1331397000000.0,
하나금융지주,2024,Q4,,601558000000.0,
하나금융지주,2025,Q1,,1488926000000.0,
하나금융지주,2025,Q2,,1493322000000.0,
하나금융지주,2025,Q3,,1478246000000.0,
하나금융지주,2025,Q4,,890404000000.0,
하나금융지주,2026,Q1,,1653600000000.0,
삼성카드,2023,Q3,1021972875207.0,186814646784.0,0.1827980480853377
삼성카드,2023,Q4,933322684948.0,238796767394.0,0.255856598414625
삼성카드,2024,Q1,1106001610731.0,241189976607.0,0.2180738023044903
삼성카드,2024,Q2,1089697894423.0,248626564105.0,0.2281610025837931
삼성카드,2024,Q3,883266872078.0,223839369699.0,0.2534221273038224
삼성카드,2024,Q4,1304243311179.0,171765526486.0,0.1316974563057016
삼성카드,2025,Q1,1067407617453.0,244917902127.0,0.2294511469867641
삼성카드,2025,Q2,,200490000000.0,
삼성카드,2025,Q3,,213639000000.0,
삼성카드,2025,Q4,,194648000000.0,
삼성카드,2026,Q1,,210015000000.0,
오뚜기,2023,Q1,856784487208.0,65371208345.0,0.0762983099262509
오뚜기,2023,Q2,854207572820.0,64559655003.0,0.0755784156652567
오뚜기,2023,Q3,908706193314.0,82986868922.0,0.0913242030621048
오뚜기,2023,Q4,834850224059.0,41976111290.0,0.050279810773619
오뚜기,2024,Q1,883576134876.0,73204059892.0,0.0828497477495511
오뚜기,2024,Q2,859213257482.0,61608288512.0,0.0717031400243386
오뚜기,2024,Q3,904130264552.0,63564324241.0,0.0703043872472252
오뚜기,2024,Q4,892201225980.0,23637836418.0,0.0264938398756805
오뚜기,2025,Q1,920765241160.0,57494160512.0,0.0624417147193432
오뚜기,2025,Q2,902001635019.0,45104724632.0,0.0500051473089069
오뚜기,2025,Q3,955537738829.0,55337551539.0,0.0579124709473175
오뚜기,2025,Q4,896240806997.0,19314861045.0,0.0215509725669795
오뚜기,2026,Q1,955199820487.0,59381524921.0,0.0621665997494899
동양생명,2023,Q3,,18586970507.0,
동양생명,2023,Q4,,79597931612.0,
동양생명,2024,Q1,,99706359338.0,
동양생명,2024,Q2,,113448872413.0,
동양생명,2024,Q3,,116690837552.0,
동양생명,2025,Q2,,41388534480.0,
동양생명,2025,Q3,,47744000000.0,
동양생명,2025,Q4,,51015000000.0,
동양생명,2026,Q1,,31104000000.0,
LX세미콘,2023,Q1,521465160860.0,39142686869.0,0.075062899320917
LX세미콘,2023,Q2,454467665509.0,7815087290.0,0.0171961349136844
LX세미콘,2023,Q3,412765017097.0,14927886502.0,0.0361655806177293
LX세미콘,2023,Q4,512747131563.0,67149995678.0,0.1309612312667797
LX세미콘,2024,Q1,458321584541.0,46236010100.0,0.1008811534510303
LX세미콘,2024,Q2,484883424512.0,56057845000.0,0.115610974032404
LX세미콘,2024,Q3,419850482315.0,34277882320.0,0.081643070006723
LX세미콘,2024,Q4,502566047131.0,30505066396.0,0.0606986217436381
LX세미콘,2025,Q1,476232791196.0,59690551374.0,0.125339020070614
LX세미콘,2025,Q2,378615032141.0,10229040970.0,0.0270169964255159
LX세미콘,2025,Q3,394391131472.0,14030929280.0,0.0355761784694089
LX세미콘,2025,Q4,389831710982.0,24905533929.0,0.0638879116998
LX세미콘,2026,Q1,388770292280.0,20593734489.0,0.0529714715808788
LF,2023,Q1,441394534964.0,11846255598.0,0.0268382471001055
LF,2023,Q2,474067988936.0,-14381150178.0,-0.0303356280399296
LF,2023,Q3,416861974279.0,14455366711.0,0.0346766258448059
LF,2023,Q4,568401325086.0,45458666312.0,0.0799763552717299
LF,2024,Q1,446637371384.0,24619762976.0,0.0551224876228123
LF,2024,Q2,469151469354.0,21659057724.0,0.0461664497264039
LF,2024,Q3,481026065719.0,53812028197.0,0.111869256225369
LF,2024,Q4,559453538098.0,26048738537.0,0.0465610399490172
LF,2025,Q1,430250173802.0,30099129799.0,0.0699572751662653
LF,2025,Q2,455745798629.0,44256869160.0,0.0971086717488915
LF,2025,Q3,398644705159.0,16130716730.0,0.0404638930888753
LF,2025,Q4,597789574821.0,77624352558.0,0.1298523022607805
LF,2026,Q1,461914239756.0,44404244301.0,0.0961309275168826
보령,2023,Q1,203811004701.0,15996548929.0,0.0784871697800011
보령,2023,Q2,216259853773.0,19037413277.0,0.0880302698113486
보령,2023,Q3,208317490192.0,18458019707.0,0.0886052327626825
보령,2023,Q4,231237237101.0,14775038700.0,0.0638955856990565
보령,2024,Q1,233601264753.0,16346628413.0,0.0699766263264209
보령,2024,Q2,255561581071.0,20120846625.0,0.0787318913143288
보령,2024,Q3,271029551348.0,19455015959.0,0.0717818992882436
보령,2024,Q4,256914273270.0,14549736264.0,0.0566326505678771
보령,2025,Q1,240550282587.0,10913191430.0,0.0453676101006159
보령,2025,Q2,251518343105.0,25366419828.0,0.1008531605084978
보령,2025,Q3,280010259195.0,29435792690.0,0.1051239792949901
보령,2025,Q4,245348472661.0,-648670443.0,-0.0026438739804028
보령,2026,Q1,255354185384.0,20151376751.0,0.0789153963570109
대한조선,2025,Q2,296047844245.0,62466789590.0,0.2110023457502511
대한조선,2025,Q3,273973267182.0,66488649981.0,0.2426829838724071
대한조선,2025,Q4,350405465631.0,95328666883.0,0.2720524541800023
대한조선,2026,Q1,308271463489.0,82639293759.0,0.2680731223827625
메가스터디교육,2023,Q1,242640202767.0,24173039775.0,0.0996250394589911
메가스터디교육,2023,Q2,222411633830.0,42762938170.0,0.1922693405628492
메가스터디교육,2023,Q3,260950902854.0,58997552772.0,0.2260867930585726
메가스터디교육,2023,Q4,209222385992.0,1506996538.0,0.0072028455791419
메가스터디교육,2024,Q1,249389766991.0,20266045092.0,0.0812625366971507
메가스터디교육,2024,Q2,214423751061.0,32093024897.0,0.1496710356861076
메가스터디교육,2024,Q3,256017701444.0,54346663716.0,0.2122769769803886
메가스터디교육,2024,Q4,222418014718.0,16918757366.0,0.0760673877403815
메가스터디교육,2025,Q1,237670325108.0,26200644798.0,0.1102394452740119
메가스터디교육,2025,Q2,200992980641.0,32657775934.0,0.1624821714163794
메가스터디교육,2025,Q3,249706270448.0,53184575404.0,0.2129885457364812
메가스터디교육,2025,Q4,196574964423.0,8976659137.0,0.0456653224552215
메가스터디교육,2026,Q1,236530815386.0,25983557585.0,0.1098527375496374
현대엘리베이터,2023,Q1,551295147748.0,20555652838.0,0.0372861123881977
현대엘리베이터,2023,Q2,667371596594.0,,
현대엘리베이터,2023,Q3,680184516939.0,42448711020.0,0.0624076408134513
현대엘리베이터,2023,Q4,703247950719.0,,
현대엘리베이터,2024,Q1,661251951000.0,39842259000.0,0.0602527658931625
현대엘리베이터,2024,Q2,739497237000.0,49892920000.0,0.0674687037404035
현대엘리베이터,2024,Q3,697674085000.0,69858995000.0,0.1001312740461042
현대엘리베이터,2024,Q4,786873576309.0,66144289277.0,0.0840596142359539
현대엘리베이터,2025,Q1,594382454355.0,48394485993.0,0.081419775497101
현대엘리베이터,2025,Q2,637507149931.0,55453737223.0,0.0869852788772674
현대엘리베이터,2025,Q3,600828883575.0,51083467689.0,0.0850216577223244
현대엘리베이터,2025,Q4,634659530902.0,54290131453.0,0.0855421352860501
현대엘리베이터,2026,Q1,545847163885.0,40486466882.0,0.0741718003879374
미래에셋생명,2023,Q3,,9178579796.0,
미래에셋생명,2023,Q4,,-33386485540.0,
미래에셋생명,2024,Q1,,54373894715.0,
미래에셋생명,2024,Q2,,22121389265.0,
미래에셋생명,2024,Q3,,6889368991.0,
미래에셋생명,2024,Q4,,38745841197.0,
미래에셋생명,2025,Q1,,39353569502.0,
미래에셋생명,2025,Q2,,65038991669.0,
미래에셋생명,2025,Q3,,61774487859.0,
미래에셋생명,2025,Q4,,28344591603.0,
미래에셋생명,2026,Q1,,68388520759.0,
KB금융,2023,Q3,,1953108000000.0,
KB금융,2023,Q4,,304173000000.0,
KB금융,2024,Q1,,2355448000000.0,
KB금융,2024,Q2,,2302249000000.0,
KB금융,2024,Q3,,2357551000000.0,
KB금융,2024,Q4,,1030013000000.0,
KB금융,2025,Q1,,2293028000000.0,
KB금융,2025,Q2,,2132971000000.0,
KB금융,2025,Q3,,2334990000000.0,
KB금융,2025,Q4,,1756722000000.0,
KB금융,2026,Q1,,2727566000000.0,
롯데정밀화학,2023,Q1,524977420842.0,42049182711.0,0.08009712616508
롯데정밀화학,2023,Q2,431178007413.0,69088012184.0,0.1602308350523654
롯데정밀화학,2023,Q3,401200689134.0,35139385234.0,0.0875855555229705
롯데정밀화학,2023,Q4,411264998336.0,8501774952.0,0.0206722550822429
롯데정밀화학,2024,Q1,399444149822.0,10772377635.0,0.0269684200902688
롯데정밀화학,2024,Q2,422072382126.0,17108460831.0,0.0405344238465066
롯데정밀화학,2024,Q3,420414721173.0,10327366175.0,0.0245647111171216
롯데정밀화학,2024,Q4,428613936767.0,12164361146.0,0.0283806943790833
롯데정밀화학,2025,Q1,445589676645.0,18778918213.0,0.0421439705569326
롯데정밀화학,2025,Q2,424673817977.0,8711987833.0,0.0205145395459058
롯데정밀화학,2025,Q3,443363087559.0,27571797301.0,0.0621878502624125
롯데정밀화학,2025,Q4,439056065577.0,19298449471.0,0.0439544080677676
롯데정밀화학,2026,Q1,510654014171.0,32664949261.0,0.0639668902124044
삼천리,2023,Q1,2135648216931.0,111448653460.0,0.0521849303534434
삼천리,2023,Q2,1045407211465.0,20657138408.0,0.0197598966043593
삼천리,2024,Q1,1755608970624.0,88000687211.0,0.050125448595607
삼천리,2024,Q2,990842964204.0,17144933789.0,0.0173033814725358
삼천리,2024,Q3,956862731690.0,30926373010.0,0.0323205951969497
삼천리,2024,Q4,1417212765655.0,-21769417262.0,-0.0153607262011492
삼천리,2025,Q1,1814086613731.0,96885590765.0,0.053407367670134
삼천리,2025,Q2,1100196894821.0,29228432336.0,0.0265665468368327
삼천리,2025,Q3,914848261078.0,22777405890.0,0.0248974686394009
삼천리,2025,Q4,1446329243039.0,10739461895.0,0.0074253230698941
삼천리,2026,Q1,1809515862610.0,110153293000.0,0.0608744555801338
DL이앤씨,2023,Q1,1850068896513.0,90156879916.0,0.0487316337710056
DL이앤씨,2023,Q2,1970578742239.0,71875487628.0,0.0364743037602922
DL이앤씨,2023,Q3,1837421186864.0,80399188247.0,0.0437565370540983
DL이앤씨,2023,Q4,2332994791064.0,88227834441.0,0.0378174159577794
DL이앤씨,2024,Q1,1890537605313.0,60891558247.0,0.0322085940400633
DL이앤씨,2024,Q2,2070221320140.0,32569939240.0,0.0157325880683121
DL이앤씨,2024,Q3,1918868748408.0,83343429742.0,0.0434336271363772
DL이앤씨,2024,Q4,2438814761196.0,94139932313.0,0.0386006898969373
DL이앤씨,2025,Q1,1808165128969.0,80971204104.0,0.0447808680782208
DL이앤씨,2025,Q2,1991446059297.0,126205591469.0,0.0633738437854308
DL이앤씨,2025,Q3,1906994631344.0,116756387904.0,0.0612253364456055
DL이앤씨,2025,Q4,1695819307050.0,63020084342.0,0.0371620278646479
DL이앤씨,2026,Q1,1725244383034.0,157360896508.0,0.0912107861677349
팬오션,2023,Q1,996439000000.0,112646000000.0,0.1130485659433241
팬오션,2023,Q2,1224746000000.0,125039000000.0,0.1020938219026639
팬오션,2023,Q3,1111597000000.0,79465000000.0,0.0714872386305468
팬오션,2023,Q4,1028200000000.0,68704000000.0,0.0668196848862089
팬오션,2024,Q1,975515000000.0,98175000000.0,0.1006391495774027
팬오션,2024,Q2,1233427000000.0,135151000000.0,0.1095735702234506
팬오션,2024,Q3,1276787000000.0,128074000000.0,0.1003096052826352
팬오션,2024,Q4,1675489000000.0,109780000000.0,0.065521170237465
팬오션,2025,Q1,1393446000000.0,113293000000.0,0.0813041911921954
팬오션,2025,Q2,1293649000000.0,123034000000.0,0.0951061686748105
팬오션,2025,Q3,1269455000000.0,125195000000.0,0.0986210617942345
팬오션,2025,Q4,1476338000000.0,130426000000.0,0.088344268047019
팬오션,2026,Q1,1508925000000.0,140923000000.0,0.0933929784449194
엘앤에프,2023,Q1,1362916508945.0,40409972766.0,0.0296496318745748
엘앤에프,2023,Q2,1368186148883.0,2993240723.0,0.0021877437696936
엘앤에프,2023,Q3,1255357977419.0,14753811338.0,0.0117526726267623
엘앤에프,2023,Q4,657629732342.0,-280453676746.0,-0.4264613702109049
엘앤에프,2024,Q1,635670838838.0,-203849660380.0,-0.3206843037705413
엘앤에프,2024,Q2,554830104466.0,-84193884472.0,-0.1517471452869937
엘앤에프,2024,Q3,351628022466.0,-72416549746.0,-0.2059464693346565
엘앤에프,2024,Q4,365349547039.0,-198225260594.0,-0.5425633128616963
엘앤에프,2025,Q1,364781970017.0,-140252572527.0,-0.3844832915411466
엘앤에프,2025,Q2,520075586214.0,-121188291178.0,-0.2330205346884589
엘앤에프,2025,Q3,652296034667.0,22122023446.0,0.0339140854310012
엘앤에프,2025,Q4,617785374205.0,82468896836.0,0.1334911771618508
엘앤에프,2026,Q1,739626719236.0,117260705464.0,0.1585403858653522
LX인터내셔널,2023,Q1,3699915384072.0,161732038640.0,0.0437123614600081
LX인터내셔널,2023,Q2,3440394032766.0,129225751202.0,0.0375613229098951
LX인터내셔널,2023,Q3,3659371863706.0,63640711116.0,0.0173911571401624
LX인터내셔널,2023,Q4,3714668588578.0,78511093138.0,0.0211354233267023
LX인터내셔널,2024,Q1,3776092533510.0,110707662143.0,0.0293180479981759
LX인터내셔널,2024,Q2,4073558531214.0,129608508554.0,0.0318170237547499
LX인터내셔널,2024,Q3,4560282839728.0,154673581292.0,0.0339175412420747
LX인터내셔널,2024,Q4,4227638780715.0,94195621386.0,0.0222809057897016
LX인터내셔널,2025,Q1,4048339780466.0,116876130436.0,0.0288701385688892
LX인터내셔널,2025,Q2,3830161397654.0,55038466491.0,0.0143697512393893
LX인터내셔널,2025,Q3,4507745768995.0,64790829323.0,0.0143732217039926
LX인터내셔널,2025,Q4,4320062614398.0,55487923081.0,0.0128442404737534
LX인터내셔널,2026,Q1,4211316023149.0,108890380312.0,0.0258566157736548
강원랜드,2023,Q1,358123788965.0,69687118857.0,0.1945894715857891
강원랜드,2023,Q2,331125932973.0,82036690953.0,0.2477507279977653
강원랜드,2023,Q3,373960286040.0,91784246975.0,0.2454384874579502
강원랜드,2023,Q4,325362370296.0,38754958075.0,0.1191132153350815
강원랜드,2024,Q1,368373713341.0,75803828309.0,0.2057796893852443
강원랜드,2024,Q2,337951449451.0,73930494058.0,0.2187606952954326
강원랜드,2024,Q3,375916084229.0,93332408137.0,0.2482799008944344
강원랜드,2024,Q4,344621534781.0,42723724212.0,0.1239728801020808
강원랜드,2025,Q1,366310886143.0,74262706040.0,0.202731365212579
강원랜드,2025,Q2,360822450458.0,58514423002.0,0.162169573782691
강원랜드,2025,Q3,384146506525.0,72702168808.0,0.1892563581162454
강원랜드,2025,Q4,365447205575.0,29832061316.0,0.081631658036793
강원랜드,2026,Q1,378923908931.0,68914600215.0,0.1818692317658661
대한해운,2023,Q1,354726189922.0,59875388554.0,0.1687932559114563
대한해운,2023,Q2,343569758520.0,65268729249.0,0.1899722767514782
대한해운,2023,Q3,336285231084.0,74536538736.0,0.2216467803112699
대한해운,2023,Q4,362784212348.0,50276614023.0,0.13858545193464
대한해운,2024,Q1,515212826143.0,126747423672.0,0.2460098375672437
대한해운,2024,Q2,408452574689.0,72172687910.0,0.176697840538655
대한해운,2024,Q3,418877519528.0,67768574615.0,0.1617861342651261
대한해운,2024,Q4,404643675557.0,61946441463.0,0.1530888660936798
대한해운,2025,Q1,330519402029.0,63907397450.0,0.193354450775609
대한해운,2025,Q2,332213686140.0,33036046980.0,0.0994421613505654
대한해운,2025,Q3,317993029421.0,59308757574.0,0.1865096152641744
대한해운,2025,Q4,296242000919.0,50912208180.0,0.1718601954552713
대한해운,2026,Q1,277802397985.0,74446244191.0,0.2679827270426216
한국앤컴퍼니,2023,Q1,229423605644.0,32474591136.0,0.1415486041414208
한국앤컴퍼니,2023,Q2,244459288417.0,44549890634.0,0.1822384860991927
한국앤컴퍼니,2023,Q3,297311513253.0,98841466906.0,0.3324508554160495
한국앤컴퍼니,2023,Q4,318473649789.0,80697503952.0,0.2533883227245486
한국앤컴퍼니,2024,Q1,348673909783.0,125534496871.0,0.3600340987633041
한국앤컴퍼니,2024,Q2,363522852688.0,124767967904.0,0.3432190493154067
한국앤컴퍼니,2024,Q3,381396799734.0,137275967046.0,0.3599295199690748
한국앤컴퍼니,2024,Q4,297402162342.0,30689867767.0,0.1031931561133302
한국앤컴퍼니,2025,Q1,388686095278.0,126892891875.0,0.3264662498004781
한국앤컴퍼니,2025,Q2,343752270221.0,73867315730.0,0.2148853175064425
한국앤컴퍼니,2025,Q3,384716322238.0,137074794956.0,0.356300960038811
한국앤컴퍼니,2025,Q4,340397012524.0,73791233913.0,0.2167799105105168
한국앤컴퍼니,2026,Q1,378380332522.0,121684476110.0,0.3215930259877472
지역난방공사,2023,Q1,1659465915746.0,,
지역난방공사,2023,Q2,648424352356.0,-46522377139.0,-0.0717468074262857
지역난방공사,2023,Q3,607336687738.0,-44372289579.0,-0.0730604464951108
지역난방공사,2023,Q4,1038470649811.0,493335600079.0,0.4750597430642708
지역난방공사,2024,Q1,1374588219780.0,208551635773.0,0.1517193533103159
지역난방공사,2024,Q2,532347390574.0,-23353438855.0,-0.0438687955806814
지역난방공사,2024,Q3,585081209865.0,28865656942.0,0.0493361544607805
지역난방공사,2024,Q4,1078292984203.0,113878174738.0,0.1056096778948913
지역난방공사,2025,Q1,1576835358315.0,323778390619.0,0.2053343038711335
지역난방공사,2025,Q2,623079458188.0,-9557147575.0,-0.0153385695025053
지역난방공사,2025,Q3,758200000000.0,89373000000.0,0.1178752308098127
지역난방공사,2025,Q4,1040072000000.0,126029000000.0,0.1211733418455645
지역난방공사,2026,Q1,1434112000000.0,320164000000.0,0.2232489512674045
대우건설,2023,Q1,2608117445979.0,176677317099.0,0.0677413194606661
대우건설,2023,Q2,3271396700087.0,217675944667.0,0.0665391466162483
대우건설,2023,Q3,2990107869677.0,190245751653.0,0.0636250463009386
대우건설,2023,Q4,2778178848947.0,77918539197.0,0.028046624581615
대우건설,2024,Q1,2487337156576.0,114789901184.0,0.0461497151202519
대우건설,2024,Q2,2821467566663.0,104766484568.0,0.0371319117064702
대우건설,2024,Q3,2547811776367.0,62334562569.0,0.0244659213632667
대우건설,2024,Q4,2646992586428.0,121234665560.0,0.0458009086166731
대우건설,2025,Q1,2076668652788.0,151326026275.0,0.0728696058814387
대우건설,2025,Q2,2273320646524.0,82191159199.0,0.0361546706245217
대우건설,2025,Q3,1990611305711.0,56569569369.0,0.0284181895313784
대우건설,2025,Q4,1714026532834.0,-1105518034634.0,-0.6449830346593982
대우건설,2026,Q1,1951410038476.0,255631837181.0,0.1309985252410824
HD현대,2023,Q1,15273970667000.0,533398974000.0,0.0349220897191081
HD현대,2023,Q2,15621284613000.0,472552175000.0,0.0302505323158085
HD현대,2023,Q3,13723241092000.0,667737987000.0,0.0486574550810201
HD현대,2023,Q4,16712806413000.0,357874451000.0,0.0214131871186893
HD현대,2024,Q1,16514417915000.0,793639750000.0,0.0480573856181233
HD현대,2024,Q2,17554834298000.0,879816617000.0,0.0501181954819269
HD현대,2024,Q3,16599169952000.0,431556651000.0,0.0259986886240659
HD현대,2024,Q4,17097203923000.0,878149760000.0,0.0513621855336631
HD현대,2025,Q1,17086949449000.0,1286396862000.0,0.075285343696928
HD현대,2025,Q2,17211008448000.0,1138886949000.0,0.0661720056928066
HD현대,2025,Q3,18224352744000.0,1702387189000.0,0.0934127654854835
HD현대,2025,Q4,18737127628000.0,1971965252000.0,0.1052437327188386
HD현대,2026,Q1,19601949815000.0,2834761335000.0,0.1446162938765793
효성,2023,Q1,,11861511045.0,
효성,2023,Q2,,18672532009.0,
효성,2023,Q3,,44328653681.0,
효성,2023,Q4,,19503828689.0,
효성,2024,Q1,,25511349633.0,
효성,2024,Q2,,38199997496.0,
효성,2024,Q3,,47436249059.0,
효성,2024,Q4,,129454160714.0,
효성,2025,Q1,,81820624098.0,
효성,2025,Q2,601914227660.0,99137937022.0,0.164704425425211
효성,2025,Q3,,121853460369.0,
효성,2025,Q4,,90209416337.0,
효성,2026,Q1,,94601468347.0,
오리온홀딩스,2023,Q1,,85746972062.0,
오리온홀딩스,2023,Q2,,96508116458.0,
오리온홀딩스,2023,Q3,,105829434643.0,
오리온홀딩스,2023,Q4,,117378571839.0,
오리온홀딩스,2024,Q1,810951763542.0,130373414308.0,0.1607659298237013
오리온홀딩스,2024,Q2,735910954840.0,111503649739.0,0.1515178555308269
오리온홀딩스,2024,Q3,779052698837.0,122071988441.0,0.1566928509755935
오리온홀딩스,2024,Q4,869330441214.0,142290976786.0,0.1636788153734659
오리온홀딩스,2025,Q1,812997839153.0,116387279224.0,0.1431581655189329
오리온홀딩스,2025,Q2,795509604155.0,99279933172.0,0.1248004205775194
오리온홀딩스,2025,Q3,845588881155.0,122861578204.0,0.1452970597676046
오리온홀딩스,2025,Q4,939029874989.0,149199831383.0,0.1588872040783023
오리온홀딩스,2026,Q1,1008604818670.0,172859822498.0,0.1713850849195249
한미약품,2023,Q1,361188556781.0,59919008815.0,0.1658939844302176
한미약품,2023,Q2,342734988889.0,33154546517.0,0.0967352257336574
한미약품,2023,Q3,364613172738.0,57517655261.0,0.1577498005052342
한미약품,2023,Q4,422350745318.0,70099854427.0,0.1659754486149179
한미약품,2024,Q1,403684407858.0,76645456353.0,0.1898647925484424
한미약품,2024,Q2,378132765603.0,58109013554.0,0.1536735740457054
한미약품,2024,Q3,362077312412.0,50976071301.0,0.1407878084418485
한미약품,2024,Q4,351607089695.0,30455646798.0,0.0866184092716065
한미약품,2025,Q1,390948100805.0,59019660622.0,0.1509654619129055
한미약품,2025,Q2,361277145258.0,60438495646.0,0.1672912234811833
한미약품,2025,Q3,362345363924.0,55068868499.0,0.1519789515246851
한미약품,2025,Q4,432960488776.0,83272065418.0,0.1923317891048536
한미약품,2026,Q1,392925587040.0,53648603680.0,0.1365362945288125
동원시스템즈,2023,Q1,327387059005.0,17645758902.0,0.0538987672745198
동원시스템즈,2023,Q2,334825700067.0,25614620799.0,0.0765013581510451
동원시스템즈,2023,Q3,315157352872.0,23351464527.0,0.0740946207162874
동원시스템즈,2023,Q4,299280534470.0,14239412231.0,0.0475788118202099
동원시스템즈,2024,Q1,309080205147.0,16063370751.0,0.051971528695473
동원시스템즈,2024,Q2,344378115336.0,30312383080.0,0.088020642805438
동원시스템즈,2024,Q3,348528166860.0,28177977012.0,0.0808484928660551
동원시스템즈,2024,Q4,332270544320.0,17350826922.0,0.0522189740216331
동원시스템즈,2025,Q1,336786236984.0,12546516335.0,0.0372536492208143
동원시스템즈,2025,Q2,366345514313.0,25908993006.0,0.0707228340289264
동원시스템즈,2025,Q3,356390780777.0,20196812587.0,0.0566704125818493
동원시스템즈,2025,Q4,313351793114.0,7503353371.0,0.0239454617330695
동원시스템즈,2026,Q1,337811389596.0,13037548307.0,0.0385941644021891
시프트업,2026,Q1,47309371906.0,21505889993.0,0.4545799093619444
현대코퍼레이션,2023,Q1,1770607597338.0,25679718143.0,0.0145033366973054
현대코퍼레이션,2023,Q2,1547046296044.0,27017045966.0,0.0174636312016557
현대코퍼레이션,2023,Q3,1688023572189.0,26822707817.0,0.0158900078523292
현대코퍼레이션,2023,Q4,1574770416244.0,19811097210.0,0.0125803082186745
현대코퍼레이션,2024,Q1,1613272091397.0,28048063085.0,0.0173858230329342
현대코퍼레이션,2024,Q2,1728936165484.0,36523325225.0,0.0211247389892938
현대코퍼레이션,2024,Q3,1807009068063.0,37183845562.0,0.020577564451217
현대코퍼레이션,2024,Q4,1846445622814.0,31774057613.0,0.017208228187395
현대코퍼레이션,2025,Q1,1856856562185.0,36884482833.0,0.0198639375728609
현대코퍼레이션,2025,Q2,1918494566467.0,34649290935.0,0.0180606667022301
현대코퍼레이션,2025,Q3,1889891241827.0,35397741347.0,0.0187300414772969
현대코퍼레이션,2025,Q4,1889043706763.0,33199796436.0,0.017574922336175
현대코퍼레이션,2026,Q1,2072672856682.0,46062769122.0,0.0222238492550815
한국가스공사,2023,Q1,17929949415003.0,588378941453.0,0.0328154267384976
한국가스공사,2023,Q2,8127613293964.0,205031295927.0,0.0252265072797283
한국가스공사,2023,Q3,7889265848742.0,230369869556.0,0.0292004191483462
한국가스공사,2023,Q4,10609166457318.0,529638750662.0,0.0499227486714251
한국가스공사,2024,Q1,12810655397210.0,921576549515.0,0.0719382826983003
한국가스공사,2024,Q2,7533827391802.0,465718902284.0,0.0618170390777436
한국가스공사,2024,Q3,8109307589519.0,439728179741.0,0.0542251203184515
한국가스공사,2024,Q4,9978964454827.0,1176339368460.0,0.117881907865799
한국가스공사,2025,Q1,12732709000000.0,833935000000.0,0.0654954888233132
한국가스공사,2025,Q2,7630102000000.0,404628000000.0,0.0530304837340313
한국가스공사,2025,Q3,6372167000000.0,388997000000.0,0.061046265736601
한국가스공사,2025,Q4,8992358000000.0,473591000000.0,0.0526659414582915
한국가스공사,2026,Q1,11802205000000.0,910003000000.0,0.0771044902202596
유바이오로직스,2023,Q1,14394453252.0,-454000981.0,-0.0315399948196656
유바이오로직스,2023,Q2,16645360571.0,1991701874.0,0.1196550753889944
유바이오로직스,2023,Q3,11432583121.0,-3303263139.0,-0.2889341021218891
유바이오로직스,2023,Q4,26893263668.0,9464671755.0,0.3519346655668984
자화전자,2023,Q1,94906731785.0,-13884414189.0,-0.1462953567978033
자화전자,2023,Q2,83583678375.0,-22620791075.0,-0.2706364629409025
자화전자,2023,Q3,107237949575.0,-14943005623.0,-0.1393443802517799
자화전자,2023,Q4,217261860135.0,35549081270.0,0.1636232021943974
자화전자,2024,Q1,183575525287.0,17780338793.0,0.096855715189715
자화전자,2024,Q2,131258590377.0,6802317319.0,0.0518237876809619
자화전자,2024,Q3,177552259238.0,6499143181.0,0.0366041142415891
자화전자,2024,Q4,188758143450.0,13879433754.0,0.0735302514652911
자화전자,2025,Q1,161203310180.0,5039840852.0,0.0312638794226526
자화전자,2025,Q2,167831236097.0,-9199987751.0,-0.0548168980039136
자화전자,2025,Q3,255904592510.0,19423428405.0,0.075901054430045
자화전자,2025,Q4,263980641470.0,26733914402.0,0.1012722533483129
자화전자,2026,Q1,260684205023.0,24645813526.0,0.0945427956550935
DL,2023,Q1,1287368068133.0,69029632177.0,0.0536207428828881
DL,2023,Q2,1218831195279.0,-7089633750.0,-0.0058167478625923
DL,2023,Q3,1264448646530.0,12008510103.0,0.0094970326679179
DL,2023,Q4,1247167911300.0,76747883191.0,0.0615377308024233
DL,2024,Q1,1404108929857.0,172346878857.0,0.1227446640301279
DL,2024,Q2,2896190038873.0,315149570241.0,0.1088152248336696
DL,2024,Q3,4318544454192.0,436547981959.0,0.1010868329803214
DL,2024,Q4,1296824044789.0,-24029589001.0,-0.0185295677525085
DL,2025,Q1,1386570600197.0,105352621600.0,0.0759807121145016
DL,2025,Q2,1321718752729.0,72031012101.0,0.0544979875274335
DL,2025,Q3,1387989962698.0,109383312230.0,0.078806990806604
DL,2025,Q4,1230441976657.0,11779093629.0,0.0095730589921864
DL,2026,Q1,1282759303536.0,112857143270.0,0.0879799842097444
LX하우시스,2023,Q1,840377000000.0,16103000000.0,0.0191616381695358
LX하우시스,2023,Q2,938480000000.0,49419000000.0,0.052658554257949
LX하우시스,2023,Q3,864237000000.0,35433000000.0,0.0409991703664619
LX하우시스,2023,Q4,882713000000.0,8867000000.0,0.0100451675686208
LX하우시스,2024,Q1,849458000000.0,32385000000.0,0.0381243098540481
LX하우시스,2024,Q2,941911000000.0,37815000000.0,0.0401471051935904
LX하우시스,2024,Q3,890090000000.0,22355000000.0,0.0251154377647204
LX하우시스,2024,Q4,890577000000.0,4910000000.0,0.0055132795928931
LX하우시스,2025,Q1,781390000000.0,7062000000.0,0.0090377404369137
LX하우시스,2025,Q2,819479000000.0,12798000000.0,0.0156172397340261
LX하우시스,2025,Q3,812664000000.0,22108000000.0,0.0272043550594095
LX하우시스,2025,Q4,765156000000.0,-28908000000.0,-0.0377805310289666
LX하우시스,2026,Q1,814714000000.0,45884000000.0,0.0563191500330177
와이지엔터테인먼트,2023,Q1,157500387312.0,36451254884.0,0.231435969816328
와이지엔터테인먼트,2023,Q2,158263011421.0,28867496189.0,0.1824020403112938
와이지엔터테인먼트,2023,Q3,144046014718.0,21214913451.0,0.14727872543043
와이지엔터테인먼트,2023,Q4,109385665291.0,398416538.0,0.0036423103241186
와이지엔터테인먼트,2024,Q1,87343625130.0,-7015057421.0,-0.0803156201790224
와이지엔터테인먼트,2024,Q2,90010872226.0,-10976006803.0,-0.1219409003774717
와이지엔터테인먼트,2024,Q3,83527761118.0,-3561537251.0,-0.0426389646188241
와이지엔터테인먼트,2024,Q4,104066725689.0,994514192.0,0.0095565050732169
와이지엔터테인먼트,2025,Q1,100156018280.0,9524641977.0,0.0950980494289673
와이지엔터테인먼트,2025,Q2,100410739470.0,8359636043.0,0.0832544017415351
와이지엔터테인먼트,2025,Q3,173070883008.0,31120582900.0,0.1798140874947837
와이지엔터테인먼트,2025,Q4,171766621230.0,22336654521.0,0.1300407166482633
와이지엔터테인먼트,2026,Q1,147118996847.0,19417938822.0,0.1319879773391478
한국금융지주,2023,Q3,5449015834294.0,212589164251.0,0.0390142313246817
한국금융지주,2023,Q4,2510729209650.0,28655120432.0,0.0114130668978016
한국금융지주,2024,Q1,6681819185476.0,381498734815.0,0.0570950401717317
한국금융지주,2024,Q2,5755454842430.0,299472063879.0,0.0520327362611293
한국금융지주,2024,Q3,6303579292402.0,363513333272.0,0.057667765631212
한국금융지주,2024,Q4,4738466418485.0,155239992921.0,0.0327616530773333
한국금융지주,2025,Q1,5363814187996.0,529612370103.0,0.0987380158112581
한국금융지주,2025,Q2,7033792000000.0,585551000000.0,0.0832482677906881
한국금융지주,2025,Q3,5988214000000.0,849091000000.0,0.1417936967516525
한국금융지주,2025,Q4,,381074000000.0,
한국금융지주,2026,Q1,,1106314000000.0,
풍산,2023,Q1,1044890150269.0,84847321183.0,0.0812021447050262
풍산,2023,Q2,1035911143114.0,53878426495.0,0.0520106640932916
풍산,2023,Q3,930786713240.0,31902626615.0,0.0342749054764107
풍산,2023,Q4,1113675940634.0,58008106425.0,0.0520870607943427
풍산,2024,Q1,963530753243.0,54231421171.0,0.0562840583847176
풍산,2024,Q2,1233626661437.0,161314167539.0,0.1307641708643779
풍산,2024,Q3,1129237012587.0,74355248267.0,0.0658455642510844
풍산,2024,Q4,1228017027366.0,33868056101.0,0.0275794678300547
풍산,2025,Q1,1155945197466.0,69714361959.0,0.0603094005769685
풍산,2025,Q2,1293963022374.0,93593429513.0,0.072330837817364
풍산,2025,Q3,1174161019641.0,42582649584.0,0.0362664480183643
풍산,2025,Q4,1424511147158.0,91537022074.0,0.0642585509117445
풍산,2026,Q1,1270895673812.0,90173037096.0,0.0709523519153461
고려아연,2023,Q1,2527300329186.0,145757284544.0,0.0576731157990019
고려아연,2023,Q2,2469446434791.0,155714424546.0,0.0630564090608342
고려아연,2026,Q1,6072027416801.0,746054912558.0,0.1228675138214466
삼성증권,2023,Q3,,201343667180.0,
삼성증권,2023,Q4,,-2305141174.0,
삼성증권,2024,Q1,,331626074843.0,
삼성증권,2024,Q2,,339174753229.0,
삼성증권,2024,Q3,,324120379169.0,
삼성증권,2024,Q4,,210829262205.0,
삼성증권,2025,Q1,,334641949311.0,
삼성증권,2025,Q2,,308652383738.0,
삼성증권,2025,Q3,,401812408978.0,
삼성증권,2025,Q4,,330566434994.0,
삼성증권,2026,Q1,,609531743385.0,
NH투자증권,2023,Q3,,118424000000.0,
NH투자증권,2023,Q4,,135402000000.0,
NH투자증권,2024,Q1,,276869000000.0,
NH투자증권,2024,Q2,,268834000000.0,
NH투자증권,2024,Q3,,188193000000.0,
NH투자증권,2024,Q4,,167172000000.0,
NH투자증권,2025,Q1,,289044000000.0,
NH투자증권,2025,Q2,,321926000000.0,
NH투자증권,2025,Q3,,391345000000.0,
NH투자증권,2025,Q4,,418265000000.0,
NH투자증권,2026,Q1,,636689000000.0,
풍산홀딩스,2023,Q1,104829948715.0,23504841028.0,0.2242187592011739
풍산홀딩스,2023,Q2,99281195578.0,20487047329.0,0.2063537531929136
풍산홀딩스,2023,Q3,96274445431.0,10573315084.0,0.1098247311284478
풍산홀딩스,2023,Q4,106343140791.0,13272444866.0,0.1248077193063614
풍산홀딩스,2024,Q1,92232502446.0,15427392261.0,0.1672663307604863
풍산홀딩스,2024,Q2,126120100339.0,49050245660.0,0.3889169571555775
풍산홀딩스,2024,Q3,109493870641.0,23884207298.0,0.2181328247707096
풍산홀딩스,2024,Q4,121547443569.0,16387992750.0,0.1348279508708619
풍산홀딩스,2025,Q1,97860434437.0,17018840790.0,0.1739093116427588
풍산홀딩스,2025,Q2,123054891849.0,29680893769.0,0.2412004376503883
풍산홀딩스,2025,Q3,102844018634.0,17677143295.0,0.1718830470628456
풍산홀딩스,2025,Q4,108770524211.0,2424211396.0,0.0222873927802109
풍산홀딩스,2026,Q1,120981686461.0,35260798920.0,0.2914556735937614
대신증권,2023,Q3,994195394000.0,42146038000.0,0.0423921074814394
대신증권,2023,Q4,973745918000.0,-30039476000.0,-0.0308493986415869
대신증권,2024,Q1,1076033721000.0,73027106000.0,0.0678669307241905
대신증권,2024,Q2,940626773000.0,,
대신증권,2024,Q3,989138196000.0,3641725000.0,0.0036817150674464
대신증권,2024,Q4,1088064058000.0,-29307128000.0,-0.0269351126751399
대신증권,2025,Q1,1124733954000.0,,
대신증권,2025,Q2,1322101606000.0,135735197000.0,0.1026662371363914
대신증권,2025,Q3,825821482000.0,73644270000.0,0.0891769851053596
대신증권,2025,Q4,1791232931000.0,53235156000.0,0.0297198399374447
대신증권,2026,Q1,2401389120000.0,102459635000.0,0.0426668190284796
키움증권,2023,Q3,2100807284616.0,271891770963.0,0.1294225191211188
키움증권,2023,Q4,2145450779724.0,-276980373813.0,-0.1291012482927396
키움증권,2024,Q1,2643341634361.0,337678308444.0,0.1277467520862585
키움증권,2024,Q2,2280527726002.0,312328262025.0,0.1369543805426753
키움증권,2024,Q3,2714838810499.0,267993179493.0,0.0987142140655273
키움증권,2024,Q4,3641598406148.0,180240553775.0,0.0494949013242935
키움증권,2025,Q1,3659953408737.0,325455512151.0,0.0889234030613822
키움증권,2025,Q2,4505662862144.0,408296706768.0,0.0906185658493129
키움증권,2025,Q3,3369852573025.0,408881346062.0,0.1213350843105166
키움증권,2025,Q4,5586235096842.0,345606391031.0,0.0618674984206048
키움증권,2026,Q1,9395970804145.0,621220617372.0,0.0661156393864006
GS,2023,Q1,6836520000000.0,1062452000000.0,0.1554083071504215
GS,2023,Q2,6163720000000.0,697765000000.0,0.1132051747970381
GS,2023,Q3,6486293000000.0,1219267000000.0,0.1879759363322008
GS,2023,Q4,6491961000000.0,742318000000.0,0.1143441866024765
GS,2024,Q1,6288978000000.0,1016270000000.0,0.1615954134360145
GS,2024,Q2,6203678000000.0,798093000000.0,0.128648359892309
GS,2024,Q3,6397456000000.0,627741000000.0,0.0981235353553037
GS,2024,Q4,6407355000000.0,618059000000.0,0.0964608641163163
GS,2025,Q1,6238785000000.0,800160000000.0,0.1282557421036307
GS,2025,Q2,5937959000000.0,484647000000.0,0.0816184483591079
GS,2025,Q3,6535868000000.0,870568000000.0,0.1331985284892534
GS,2025,Q4,6487342000000.0,776202000000.0,0.1196486943342897
GS,2026,Q1,6842343000000.0,1258574000000.0,0.1839390395950627
SK가스,2023,Q1,2149849320301.0,207786607606.0,0.0966517074679949
SK가스,2023,Q2,1494066797502.0,66784627488.0,0.0446998940071891
SK가스,2023,Q3,1720146558455.0,57660757738.0,0.0335208401020141
SK가스,2023,Q4,1628194714599.0,-28636524102.0,-0.0175878989442934
SK가스,2024,Q1,1725906263098.0,74621266686.0,0.0432359904367314
SK가스,2024,Q2,1651434218567.0,46946379856.0,0.0284276414574579
SK가스,2024,Q3,1733818499737.0,43012089987.0,0.0248077235267269
SK가스,2024,Q4,1984743078915.0,122596838630.0,0.0617696264732763
SK가스,2025,Q1,1827031226222.0,112909682033.0,0.0617995359972465
SK가스,2025,Q2,1880348502825.0,120673482843.0,0.0641761262136792
SK가스,2025,Q3,1950225726095.0,173452991929.0,0.0889399568512053
SK가스,2025,Q4,2018713526855.0,35795255124.0,0.017731716089388
SK가스,2026,Q1,2635257118131.0,227687095512.0,0.0864003341250747
코리안리,2023,Q3,,44816919538.0,
코리안리,2023,Q4,,-849466948.0,
코리안리,2024,Q1,,75988490194.0,
코리안리,2024,Q2,,127410034468.0,
코리안리,2024,Q3,,117168136776.0,
코리안리,2024,Q4,,84865845803.0,
코리안리,2025,Q1,,123459081802.0,
코리안리,2025,Q2,,137949202208.0,
코리안리,2025,Q3,,153887005956.0,
코리안리,2025,Q4,,55643314802.0,
코리안리,2026,Q1,,291247018712.0,
S-Oil,2023,Q1,9077635000000.0,515688000000.0,0.0568086291198092
S-Oil,2023,Q2,7819591000000.0,36418000000.0,0.0046572768319979
S-Oil,2023,Q3,8999555000000.0,858880000000.0,0.0954358298826997
S-Oil,2023,Q4,9829913000000.0,-56404000000.0,-0.0057379958500141
S-Oil,2024,Q1,9308489000000.0,454106000000.0,0.0487840722592034
S-Oil,2024,Q2,9570838000000.0,160647000000.0,0.0167850505880467
S-Oil,2024,Q3,8840623000000.0,-414948000000.0,-0.0469365111485921
S-Oil,2024,Q4,8917081000000.0,222372000000.0,0.0249377570978664
S-Oil,2025,Q1,8990533000000.0,-21541000000.0,-0.0023959647331253
S-Oil,2025,Q2,8048504000000.0,-343971000000.0,-0.0427372589986909
S-Oil,2025,Q3,8415367000000.0,229216000000.0,0.0272377901046977
S-Oil,2025,Q4,8792553000000.0,371927000000.0,0.0423002283864538
S-Oil,2026,Q1,8942689000000.0,1231078000000.0,0.1376630675627878
HMM,2023,Q1,2081561000000.0,306916000000.0,0.147445114507814
HMM,2023,Q2,2129988000000.0,160218000000.0,0.0752201420853075
HMM,2023,Q3,2126599000000.0,75816000000.0,0.0356512910990741
HMM,2023,Q4,2062821000000.0,42363000000.0,0.0205364401467698
HMM,2024,Q1,2329865000000.0,407001000000.0,0.1746886622186264
HMM,2024,Q2,2663432000000.0,644381000000.0,0.2419363437850112
HMM,2024,Q3,3551980000000.0,1461355000000.0,0.4114198278143458
HMM,2024,Q4,3154947000000.0,1000110000000.0,0.3169974012241727
HMM,2025,Q1,2854682000000.0,613899000000.0,0.2150498724551456
HMM,2025,Q2,2622747000000.0,233175000000.0,0.088904877214615
HMM,2025,Q3,2706392000000.0,296835000000.0,0.1096792334591589
HMM,2025,Q4,2707622000000.0,317293000000.0,0.1171851166817229
HMM,2026,Q1,2718734000000.0,269094000000.0,0.0989776859376459
SK이노베이션,2023,Q1,19142878672000.0,374992462000.0,0.0195891364316327
SK이노베이션,2023,Q2,18727247535000.0,-106797130000.0,-0.0057027670403994
SK이노베이션,2023,Q3,19889059283000.0,1563071516000.0,0.0785895146552266
SK이노베이션,2023,Q4,19529300374000.0,72619472000.0,0.0037184881490522
SK이노베이션,2024,Q1,18855139067000.0,624735801000.0,0.0331334496542326
SK이노베이션,2024,Q2,18799113475000.0,-45842439000.0,-0.0024385425972859
SK이노베이션,2024,Q3,17657045387000.0,-423337809000.0,-0.0239755746061389
SK이노베이션,2024,Q4,19405672245000.0,159932785000.0,0.0082415482947882
SK이노베이션,2025,Q1,21146551799000.0,-44638745000.0,-0.0021109231152338
SK이노베이션,2025,Q2,19306626093000.0,-417568625000.0,-0.0216282546203864
SK이노베이션,2025,Q3,20533220238000.0,573474628000.0,0.0279291129863154
SK이노베이션,2025,Q4,19309656113000.0,337416601000.0,0.0174739829143222
SK이노베이션,2026,Q1,24212058919000.0,2162165204000.0,0.0893011705957512
펄어비스,2023,Q1,85757295049.0,1094327625.0,0.0127607525910737
펄어비스,2023,Q2,78355960238.0,-14103983607.0,-0.1799988611480259
펄어비스,2023,Q3,84926366017.0,,
펄어비스,2023,Q4,84444901705.0,,
펄어비스,2024,Q1,85440493044.0,587635018.0,0.006877710990003
펄어비스,2024,Q2,81761415546.0,,
펄어비스,2024,Q3,79453009124.0,,
펄어비스,2024,Q4,95729802142.0,,
펄어비스,2025,Q1,83685012713.0,,
펄어비스,2025,Q2,79561794975.0,,
펄어비스,2025,Q3,106818121269.0,,
펄어비스,2025,Q4,95500014781.0,,
펄어비스,2026,Q1,328498582055.0,,
덕산테코피아,2023,Q1,23562610339.0,-102057896.0,-0.0043313493085728
덕산테코피아,2023,Q2,27125235486.0,938298331.0,0.0345913432340257
덕산테코피아,2023,Q3,20781062104.0,-2850813851.0,-0.1371832602555606
덕산테코피아,2023,Q4,22607804345.0,-4210901005.0,-0.1862587335214307
덕산테코피아,2024,Q1,29767723776.0,-4909435476.0,-0.1649247860851959
덕산테코피아,2024,Q2,23528213895.0,-5882494535.0,-0.2500187460574767
덕산테코피아,2024,Q3,26139007303.0,-6091363653.0,-0.2330372987156588
덕산테코피아,2024,Q4,20259486538.0,-13336171400.0,-0.6582679859623203
덕산테코피아,2025,Q1,24249143082.0,-9730032827.0,-0.4012526460872156
덕산테코피아,2025,Q2,28966831580.0,-8714319572.0,-0.3008378582218414
덕산테코피아,2025,Q3,30053402558.0,-14859174755.0,-0.494425705253284
덕산테코피아,2025,Q4,28809577263.0,-9722883319.0,-0.3374878857208034
덕산테코피아,2026,Q1,39140413521.0,-10382543408.0,-0.265264019309082
그래피,2025,Q2,4379887082.0,-2523231579.0,-0.5760951211207503
그래피,2025,Q3,3439580460.0,-3720285344.0,-1.0816102101010308
그래피,2025,Q4,10439746692.0,-1174345170.0,-0.1124878988586862
그래피,2026,Q1,3353346585.0,-3188953777.0,-0.9509764935317594
벡트,2026,Q1,15690632385.0,-645444063.0,-0.0411356309397086
쎄크,2025,Q1,7576806565.0,-2269927046.0,-0.2995888870234078
쎄크,2025,Q2,13179099821.0,-1921393795.0,-0.1457909736701735
쎄크,2025,Q3,15720011599.0,95498264.0,0.0060749486982614
신성에스티,2024,Q1,30701008361.0,3152028118.0,0.1026685534539013
신성에스티,2024,Q2,34662488618.0,3195743180.0,0.092196010944825
신성에스티,2024,Q3,33701792502.0,2233318586.0,0.0662670564441777
신성에스티,2024,Q4,27962230662.0,224007533.0,0.0080110752145543
신성에스티,2025,Q1,29420542741.0,2954297034.0,0.1004161296413794
신성에스티,2025,Q2,23935161043.0,184760187.0,0.0077191954826656
신성에스티,2025,Q3,29597203264.0,1378539671.0,0.0465766869492281
신성에스티,2025,Q4,33960060679.0,-2247052150.0,-0.0661674951420071
신성에스티,2026,Q1,50244679331.0,-541543579.0,-0.0107781278776293
와이랩,2023,Q3,6462642450.0,-651749628.0,-0.1008487833022543
와이랩,2023,Q4,5833737211.0,-3012226622.0,-0.5163459568113892
와이랩,2024,Q1,6355197909.0,-1864084432.0,-0.2933165038590146
와이랩,2024,Q2,3354833243.0,-2413739192.0,-0.7194811238491117
와이랩,2024,Q3,7424536078.0,-2506996291.0,-0.3376636957059986
와이랩,2024,Q4,7831852452.0,-3253974849.0,-0.4154795904216812
와이랩,2025,Q1,14263330574.0,-2458888359.0,-0.1723922996976737
와이랩,2025,Q2,11569714399.0,-2047186485.0,-0.1769435626843946
와이랩,2025,Q3,10006764163.0,-2127553103.0,-0.2126114964182553
와이랩,2025,Q4,1229419756.0,-2104695358.0,-1.7119420342225249
와이랩,2026,Q1,12809124233.0,-4048070079.0,-0.3160301988929894
대교,2023,Q1,171077479958.0,-4688969559.0,-0.0274084558654426
대교,2023,Q2,164420188528.0,-14716200491.0,-0.0895036103701699
대교,2023,Q3,161540325403.0,-6845682138.0,-0.0423775433219033
대교,2023,Q4,162702749381.0,-1528320524.0,-0.0093933294293702
대교,2024,Q1,165946842402.0,-1632989665.0,-0.0098404383076126
대교,2024,Q2,160386355980.0,-5460259733.0,-0.0340444154344456
대교,2024,Q3,168865948961.0,7872650903.0,0.0466207127691457
대교,2024,Q4,168302596458.0,,
대교,2025,Q1,165652906776.0,,
대교,2025,Q2,162531876140.0,,
대교,2025,Q3,160643612482.0,,
대교,2025,Q4,161176183716.0,,
대교,2026,Q1,157687083639.0,,
아이티엠반도체,2023,Q1,103077332749.0,-12820073281.0,-0.1243733509501813
아이티엠반도체,2023,Q2,114237744390.0,-7928140665.0,-0.069400360689317
아이티엠반도체,2023,Q3,198821917353.0,7869443647.0,0.0395803629286409
아이티엠반도체,2023,Q4,164398288509.0,-2000927240.0,-0.0121712169764496
아이티엠반도체,2024,Q1,138578618075.0,-4724064238.0,-0.0340894165609538
아이티엠반도체,2024,Q2,143421663673.0,1056485149.0,0.0073662870862297
아이티엠반도체,2024,Q3,187310880594.0,6152850693.0,0.0328483357372945
아이티엠반도체,2024,Q4,178598381368.0,-81787861.0,-0.0004579429016855
아이티엠반도체,2025,Q1,138169241844.0,-5748802872.0,-0.0416069654524896
아이티엠반도체,2025,Q2,134518267178.0,496425315.0,0.0036903933228868
아이티엠반도체,2025,Q3,163557636312.0,88061193.0,0.0005384107705739
아이티엠반도체,2025,Q4,166865463222.0,-1832285146.0,-0.0109806134272512
아이티엠반도체,2026,Q1,132245041622.0,-4926196409.0,-0.0372505187988877
에스투더블유,2025,Q3,2271755019.0,,
에스투더블유,2025,Q4,3702657883.0,,
에스투더블유,2026,Q1,2176940127.0,,
엔비알모션,2025,Q3,15652736503.0,93028903.0,0.0059432996257344
엔비알모션,2025,Q4,15186639238.0,-4315497586.0,-0.2841640943969857
엔비알모션,2026,Q1,15079231798.0,-1227732162.0,-0.0814187472178017
엠로,2023,Q1,14287543898.0,1105368301.0,0.0773658726014295
엠로,2023,Q2,15027638140.0,1162217853.0,0.0773386903632216
엠로,2023,Q3,16455783649.0,1297753978.0,0.0788630918879918
엠로,2023,Q4,17402708371.0,1097485001.0,0.0630640344941283
엠로,2024,Q1,14625323107.0,31091568.0,0.0021258722130466
엠로,2024,Q2,19199416433.0,1751327513.0,0.0912177471180746
엠로,2024,Q3,23199386937.0,4391992574.0,0.1893150274154591
엠로,2024,Q4,22431843651.0,2432086004.0,0.1084211374615023
엠로,2025,Q1,20627279688.0,963412290.0,0.046705736508749
엠로,2025,Q2,22052046590.0,151709251.0,0.0068795996045462
엠로,2025,Q3,21289838853.0,314663867.0,0.0147800022899496
엠로,2025,Q4,20011078876.0,-520225364.0,-0.0259968673964862
오로스테크놀로지,2023,Q1,6931831074.0,-2091130467.0,-0.3016707194212275
오로스테크놀로지,2023,Q2,7057598033.0,-2843969551.0,-0.4029656460600524
오로스테크놀로지,2023,Q3,12729496390.0,2756933238.0,0.2165783432065532
오로스테크놀로지,2023,Q4,18810573058.0,4547841032.0,0.2417704669590508
오로스테크놀로지,2024,Q1,3813081348.0,-5986863881.0,-1.570085538337694
오로스테크놀로지,2024,Q2,12026111735.0,-522557997.0,-0.0434519492679568
오로스테크놀로지,2024,Q3,16645329970.0,2459965314.0,0.1477871161721403
오로스테크놀로지,2024,Q4,28927650512.0,10132691496.0,0.3502770296466585
오로스테크놀로지,2025,Q1,16878231010.0,-303616382.0,-0.0179886376611455
오로스테크놀로지,2025,Q2,13867760103.0,-662363809.0,-0.0477628545691896
오로스테크놀로지,2025,Q3,7566670313.0,-5810556361.0,-0.7679145675234602
오로스테크놀로지,2025,Q4,13823856261.0,-1594813795.0,-0.1153667807946835
오로스테크놀로지,2026,Q1,6812686227.0,-6822634971.0,-1.0014603261721595
동국S&C,2023,Q1,103414939451.0,-4492752996.0,-0.0434439455251893
동국S&C,2023,Q2,91539506678.0,-15421926729.0,-0.1684729062747549
동국S&C,2023,Q3,88448036895.0,-402053386.0,-0.0045456451054678
동국S&C,2023,Q4,114853553304.0,-11434686800.0,-0.0995588422914014
동국S&C,2024,Q1,84440705044.0,-938767194.0,-0.0111174722370073
동국S&C,2024,Q2,134256750499.0,9771530463.0,0.0727824144907542
동국S&C,2024,Q3,115555414923.0,5859329415.0,0.0507057970317041
동국S&C,2024,Q4,-168473380542.0,-20226134007.0,0.12005536982715
동국S&C,2025,Q1,45088370564.0,6324270121.0,0.1402638871596193
동국S&C,2025,Q2,32431336051.0,4026609559.0,0.1241579919084413
동국S&C,2025,Q3,32649364909.0,-188145154.0,-0.0057625976653572
동국S&C,2025,Q4,9515813259.0,-3218479669.0,-0.3382243410415795
동국S&C,2026,Q1,15800529071.0,-994526526.0,-0.0629426091703053
아스테라시스,2025,Q1,6689717080.0,591067033.0,0.088354563568479
아스테라시스,2025,Q2,10336793548.0,3837319824.0,0.3712292217292526
아스테라시스,2025,Q3,8751547472.0,2302735273.0,0.2631232111083725
아스테라시스,2025,Q4,12165656191.0,3660909930.0,0.3009216989633732
아스테라시스,2026,Q1,7470531135.0,-1782525447.0,-0.2386075922565578
아크릴,2026,Q1,6573651832.0,-786247311.0,-0.119605864608255
모두투어,2023,Q1,42262204451.0,6285307903.0,0.1487217239291756
모두투어,2023,Q2,39050362284.0,4121103624.0,0.1055330445855691
모두투어,2025,Q1,65578462477.0,7897053508.0,0.1204214495082084
모두투어,2025,Q2,39696207971.0,2688999190.0,0.0677394473538743
모두투어,2025,Q3,37592733214.0,-3453283457.0,-0.0918603985866596
모두투어,2025,Q4,67832499394.0,247824436.0,0.0036534764045849
모두투어,2026,Q1,61339555493.0,2832497491.0,0.0461773396992295
세경하이테크,2023,Q1,,4591951808.0,
세경하이테크,2023,Q2,,5671620575.0,
세경하이테크,2023,Q3,,13672005395.0,
세경하이테크,2023,Q4,,12247863348.0,
세경하이테크,2024,Q1,,9859957900.0,
세경하이테크,2024,Q2,,12854334513.0,
세경하이테크,2024,Q3,,6467977632.0,
세경하이테크,2024,Q4,,2313443137.0,
세경하이테크,2025,Q1,,-3148925733.0,
세경하이테크,2025,Q2,,1841535686.0,
세경하이테크,2025,Q3,,2555410175.0,
세경하이테크,2025,Q4,,514485796.0,
세경하이테크,2026,Q1,61029281806.0,-2167326218.0,-0.0355128907610202
금양그린파워,2023,Q1,52867795237.0,2877061061.0,0.0544199176096237
금양그린파워,2023,Q2,56734437885.0,-5038353218.0,-0.088805907061469
금양그린파워,2023,Q3,51454075769.0,4433553271.0,0.0861652493945119
금양그린파워,2023,Q4,77801370250.0,3779593810.0,0.048580041686348
금양그린파워,2024,Q1,72823952705.0,-7338911509.0,-0.1007760666154574
금양그린파워,2024,Q2,68791912055.0,904476869.0,0.0131480117644768
금양그린파워,2024,Q3,46781864904.0,-8856640274.0,-0.1893178113393835
금양그린파워,2024,Q4,54771868184.0,-1837312004.0,-0.0335448116874114
금양그린파워,2025,Q1,46797615206.0,-8456283041.0,-0.1806990164728694
금양그린파워,2025,Q2,56381811335.0,194941584.0,0.0034575260954588
금양그린파워,2025,Q3,73933782137.0,4311957038.0,0.0583218782181317
금양그린파워,2025,Q4,87665465923.0,4376671295.0,0.0499246909706063
금양그린파워,2026,Q1,72777933828.0,-8020052603.0,-0.1101989597829779
아모텍,2023,Q1,45124371392.0,-5050690285.0,-0.1119282137167993
아모텍,2023,Q2,47740659102.0,-2290661496.0,-0.0479813546584244
아모텍,2023,Q3,47778035087.0,-4394329743.0,-0.0919738481291303
아모텍,2023,Q4,46171393150.0,-14237047726.0,-0.3083521365653225
아모텍,2024,Q1,65599649875.0,255940124.0,0.0039015471041033
아모텍,2024,Q2,54341254498.0,-6182404018.0,-0.1137699906841042
아모텍,2024,Q3,52447039585.0,-3776150227.0,-0.0719993017123504
아모텍,2024,Q4,57056608493.0,-14198205403.0,-0.2488441878689987
아모텍,2025,Q1,84045971463.0,3906640045.0,0.0464821808469409
아모텍,2025,Q2,59404900694.0,1265973478.0,0.0213109265937694
아모텍,2025,Q3,56736455128.0,780275612.0,0.0137526324166651
아모텍,2025,Q4,53577762302.0,-447516293.0,-0.0083526499385603
아모텍,2026,Q1,60979163506.0,572166108.0,0.0093829773172224
바이오다인,2026,Q1,867102584.0,-403469713.0,-0.4653079352373375
SBS,2023,Q1,217518633326.0,-1768843317.0,-0.0081319162866796
SBS,2023,Q2,271155220724.0,25521676913.0,0.0941220192805274
SBS,2023,Q3,238361630172.0,15482804698.0,0.0649551049253511
SBS,2023,Q4,269728129042.0,19087655854.0,0.0707662783329054
SBS,2024,Q1,209552723444.0,-12029130589.0,-0.0574038379998178
SBS,2024,Q2,275030342364.0,9570453927.0,0.0347978111968954
SBS,2024,Q3,331317637851.0,-25328874820.0,-0.0764489176739539
SBS,2024,Q4,230750732949.0,8602261656.0,0.0372794553935447
SBS,2025,Q1,206258696387.0,,
SBS,2025,Q2,268242292699.0,6990683915.0,0.02606108024451
SBS,2025,Q3,239221703630.0,13062064217.0,0.0546023375755356
SBS,2025,Q4,294735262686.0,4982378414.0,0.0169045887777196
SBS,2026,Q1,190380655837.0,-17632011750.0,-0.092614513131503
한진,2023,Q1,675050627967.0,23504499380.0,0.03481886899474
한진,2023,Q2,691852753803.0,35667839384.0,0.051554090358013
한진,2023,Q3,691884452227.0,33709925753.0,0.0487219009539762
한진,2023,Q4,748740948566.0,29644714729.0,0.0395927520536655
한진,2024,Q1,712161042227.0,23386541313.0,0.0328388383052629
한진,2024,Q2,734209778927.0,36855948767.0,0.0501981175201215
한진,2024,Q3,756573959430.0,39947546354.0,0.0528005832821636
한진,2024,Q4,812534381346.0,-101729854.0,-0.0001252006762242
한진,2025,Q1,729112019663.0,27317916728.0,0.0374673794852902
한진,2025,Q2,740791671733.0,36997679146.0,0.0499434328944978
한진,2025,Q3,799314362984.0,30821748634.0,0.0385602336969603
한진,2025,Q4,795707136399.0,17058464682.0,0.0214381195061271
한진,2026,Q1,778956182832.0,19842809265.0,0.0254735885051438
유티아이,2023,Q1,4825779701.0,-4614635530.0,-0.9562466204256596
유티아이,2023,Q2,4059001541.0,-4563242090.0,-1.124227730368334
유티아이,2023,Q3,6051320562.0,-4395425636.0,-0.7263580884479344
유티아이,2023,Q4,4425061484.0,-6158507345.0,-1.3917337346086014
유티아이,2024,Q1,5561698365.0,-6402375266.0,-1.151154709556062
유티아이,2024,Q2,3929484758.0,-5533646218.0,-1.4082370994655478
유티아이,2024,Q3,4647825094.0,-7299447099.0,-1.570508130442139
유티아이,2024,Q4,4421202574.0,-13008705737.0,-2.9423455540130607
유티아이,2025,Q1,4706087991.0,-9674493225.0,-2.0557399784070465
유티아이,2025,Q2,5524812367.0,-9614525868.0,-1.740244777438611
유티아이,2025,Q3,4618336538.0,-13301806746.0,-2.8802159904441336
유티아이,2025,Q4,5122968518.0,-15720031454.0,-3.068539538895523
유티아이,2026,Q1,4772798688.0,-13178135588.0,-2.761091856049388
컨텍,2024,Q1,9149173643.0,-3179774326.0,-0.3475477075935523
유니테스트,2023,Q1,36298470759.0,-434327045.0,-0.0119654364472726
유니테스트,2023,Q2,76291487111.0,6462853536.0,0.0847126433201766
유니테스트,2023,Q3,37071191233.0,6438401459.0,0.1736766811331563
유니테스트,2023,Q4,18108160619.0,-5324118944.0,-0.2940176562391248
유니테스트,2024,Q1,9009899491.0,-7938509974.0,-0.8810875173390988
유니테스트,2024,Q2,20600607623.0,-8649068069.0,-0.4198452893857149
유니테스트,2024,Q3,25509835288.0,1474404552.0,0.0577974940000326
유니테스트,2024,Q4,37313851108.0,-8326004009.0,-0.2231344061726966
유니테스트,2025,Q1,22397114606.0,-3988571770.0,-0.1780841791527688
유니테스트,2025,Q2,29198075486.0,-4392442188.0,-0.150436017267854
유니테스트,2025,Q3,31266450387.0,-443238797.0,-0.014176178987823
유니테스트,2025,Q4,27333384826.0,-12264307330.0,-0.4486933253262499
유니테스트,2026,Q1,22398798739.0,-2532996755.0,-0.1130862768363392
시지메드텍,2023,Q1,8042790793.0,-293177105.0,-0.0364521610154481
시지메드텍,2023,Q2,7310622146.0,-1263244849.0,-0.1727958063994845
시지메드텍,2023,Q3,8993140246.0,715335992.0,0.0795424037024408
시지메드텍,2023,Q4,10621988165.0,-631170009.0,-0.0594210800459877
시지메드텍,2024,Q1,8350102434.0,-1143333123.0,-0.1369244427882188
시지메드텍,2024,Q2,7924401638.0,-143331009.0,-0.0180872973818846
시지메드텍,2024,Q3,8490687118.0,306402052.0,0.0360868381724297
시지메드텍,2024,Q4,9857564893.0,-136075672.0,-0.0138041872893608
시지메드텍,2025,Q1,11757782061.0,593622600.0,0.0504876342255924
시지메드텍,2025,Q2,12630323089.0,1904581440.0,0.1507943562947125
시지메드텍,2025,Q3,11345393435.0,990302778.0,0.0872867727041499
시지메드텍,2025,Q4,11501446439.0,325881423.0,0.0283339512754653
시지메드텍,2026,Q1,13035945942.0,238888840.0,0.0183253935742655
범한퓨얼셀,2024,Q1,6719842183.0,-635429664.0,-0.0945602064297765
범한퓨얼셀,2024,Q2,9194008712.0,1650180918.0,0.1794843761509805
범한퓨얼셀,2024,Q3,11000026331.0,1338363500.0,0.1216691178482234
범한퓨얼셀,2024,Q4,9280804875.0,58020368.0,0.0062516526078779
범한퓨얼셀,2025,Q1,10446451195.0,680278717.0,0.065120556665751
범한퓨얼셀,2025,Q2,7061167551.0,156426033.0,0.0221529983349349
범한퓨얼셀,2025,Q3,10398923369.0,841928367.0,0.0809630321452174
범한퓨얼셀,2025,Q4,15454551826.0,-820779985.0,-0.0531092712516683
범한퓨얼셀,2026,Q1,5053879538.0,-2145120056.0,-0.4244501753298418
우리넷,2023,Q1,11798121114.0,-1426444239.0,-0.1209043563137641
우리넷,2023,Q2,25342271588.0,-2794581353.0,-0.1102735144833378
우리넷,2023,Q3,21355966958.0,-1016235986.0,-0.0475855758720077
우리넷,2023,Q4,60573284383.0,13717726289.0,0.2264649577570191
우리넷,2024,Q1,41769308664.0,10029131338.0,0.2401076689747531
우리넷,2024,Q2,40890825094.0,12360393827.0,0.3022779266152217
우리넷,2024,Q3,21033235906.0,-2513779952.0,-0.1195146559109771
우리넷,2024,Q4,28058618958.0,191226490.0,0.0068152495419051
우리넷,2025,Q1,15183792594.0,-929476909.0,-0.0612150688469816
우리넷,2025,Q2,25070762693.0,2719799537.0,0.1084849140931557
우리넷,2025,Q3,17518722779.0,472697387.0,0.0269824115012899
우리넷,2025,Q4,17732159118.0,-314221200.0,-0.0177204139613789
우리넷,2026,Q1,11761596056.0,-3985347833.0,-0.3388441342505497
석경에이티,2023,Q1,2370669612.0,107603440.0,0.0453894711668493
석경에이티,2023,Q2,3214621144.0,1224080104.0,0.3807851840596243
석경에이티,2023,Q3,3627281278.0,1144782917.0,0.3156035689714163
석경에이티,2023,Q4,2984099008.0,1025156513.0,0.3435397117359988
석경에이티,2024,Q1,2569095682.0,-72400521.0,-0.0281813252450128
석경에이티,2024,Q2,3156461860.0,445129342.0,0.1410216127243178
석경에이티,2024,Q3,4126317627.0,1210384019.0,0.2933327311208464
석경에이티,2024,Q4,3964559626.0,435960095.0,0.1099643178881527
석경에이티,2025,Q1,4949978480.0,2049479972.0,0.4140381580002343
석경에이티,2025,Q2,5100972435.0,1416992545.0,0.2777887085367087
석경에이티,2025,Q3,3417763485.0,363030124.0,0.1062186209178251
석경에이티,2025,Q4,4077948583.0,68050108.0,0.0166873384043351
석경에이티,2026,Q1,4561577739.0,1276686780.0,0.2798783344378294
뷰노,2023,Q1,1776499882.0,-4291714146.0,-2.41582574222766
뷰노,2023,Q2,3005311925.0,-5778475006.0,-1.9227538272919875
뷰노,2023,Q3,3568168036.0,-2136875112.0,-0.5988717712956947
뷰노,2023,Q4,4925912238.0,-3468741845.0,-0.7041826320495643
뷰노,2024,Q1,5538269277.0,-3863076444.0,-0.6975241272653634
뷰노,2024,Q2,6390217850.0,-3146987836.0,-0.4924695698754621
뷰노,2024,Q3,6865356107.0,-2765433596.0,-0.4028099275404418
뷰노,2024,Q4,7075577174.0,-2674510647.0,-0.3779918699534207
뷰노,2025,Q1,7537708109.0,-3428094741.0,-0.4547927156938944
뷰노,2025,Q2,9254486654.0,-169471190.0,-0.0183123274511126
뷰노,2025,Q3,10823959924.0,1016834418.0,0.0939429215499375
뷰노,2025,Q4,7231680015.0,-2352590603.0,-0.3253172980718506
뷰노,2026,Q1,6049588319.0,-4108009903.0,-0.6790561086773349
핑거,2023,Q1,22129868244.0,559314370.0,0.0252741843662645
핑거,2023,Q2,20511001617.0,518287592.0,0.0252687607206091
핑거,2023,Q3,19921333885.0,1643848921.0,0.0825170106825906
핑거,2023,Q4,20564850427.0,948333667.0,0.0461142992683727
핑거,2024,Q1,16268437665.0,-22894705.0,-0.0014073081553034
핑거,2024,Q2,15152734367.0,-52984510.0,-0.0034966962870669
핑거,2024,Q3,19967031398.0,-118381120.0,-0.0059288292606109
핑거,2024,Q4,20218276149.0,-276145964.0,-0.013658234854689
핑거,2025,Q1,20613973461.0,200855863.0,0.0097436752492188
핑거,2025,Q2,21845117019.0,527701213.0,0.0241564836911162
핑거,2025,Q3,25267911815.0,1089650257.0,0.0431238744609335
핑거,2025,Q4,23879728697.0,-350367474.0,-0.0146721714658348
핑거,2026,Q1,20461838031.0,-325791051.0,-0.0159218859276679
알멕,2023,Q2,65622732231.0,8064974082.0,0.1228990901142352
알멕,2023,Q3,49418515303.0,3812102463.0,0.0771391540119495
알멕,2023,Q4,47221214208.0,-835955116.0,-0.017702956817624
알멕,2024,Q1,35028682133.0,-626718783.0,-0.0178915889732996
알멕,2024,Q2,42897347722.0,1987754116.0,0.0463374595763312
알멕,2024,Q3,41749300043.0,-1516284591.0,-0.0363188026970102
알멕,2024,Q4,37189435168.0,-2587644532.0,-0.069580097689318
알멕,2025,Q1,50583898862.0,1744800901.0,0.0344932071321758
알멕,2025,Q2,48488016357.0,2795898871.0,0.0576616467544226
알멕,2025,Q3,44548604104.0,2248590268.0,0.0504749882342127
알멕,2025,Q4,44204837280.0,-568547716.0,-0.0128616629080372
알멕,2026,Q1,50653707865.0,2810845615.0,0.0554914088913557
마크로젠,2023,Q1,33434512752.0,849826695.0,0.0254176485628361
마크로젠,2023,Q2,30153776819.0,-1532330893.0,-0.0508172127888959
마크로젠,2023,Q3,32292003553.0,-1242033742.0,-0.0384625791323689
마크로젠,2023,Q4,36922838387.0,1573289372.0,0.0426101957685336
마크로젠,2024,Q1,31639971909.0,-1244059352.0,-0.039319230610509
마크로젠,2024,Q2,30163232667.0,,
마크로젠,2024,Q3,33002945934.0,,
마크로젠,2024,Q4,40970507719.0,,
마크로젠,2025,Q1,40960497036.0,,
마크로젠,2025,Q2,48985110862.0,,
마크로젠,2025,Q3,49063938611.0,1113944427.0,0.0227039340610591
마크로젠,2025,Q4,56258344094.0,3641314220.0,0.0647248737701177
마크로젠,2026,Q1,45291744134.0,-508857668.0,-0.0112351086876781
엠엑스로보틱스,2023,Q1,39170567541.0,-1321081605.0,-0.0337263840667413
엠엑스로보틱스,2023,Q2,33384858675.0,-3306775764.0,-0.0990501651120139
엠엑스로보틱스,2023,Q3,63815745816.0,-4139150851.0,-0.0648609649244626
엠엑스로보틱스,2023,Q4,37402994994.0,-10042870015.0,-0.2685044343804828
엠엑스로보틱스,2024,Q1,25473797061.0,1204650155.0,0.0472897759260358
엠엑스로보틱스,2024,Q2,32346124135.0,2089592936.0,0.064601030011474
엠엑스로보틱스,2024,Q3,49496231160.0,2139958647.0,0.0432347796356945
엠엑스로보틱스,2024,Q4,55912247704.0,1622071459.0,0.0290110221929775
엠엑스로보틱스,2025,Q1,48107479926.0,1985421474.0,0.0412705358304783
엠엑스로보틱스,2025,Q2,37841986772.0,268251652.0,0.0070887306635412
엠엑스로보틱스,2025,Q3,33434359650.0,-3209820777.0,-0.0960036564361118
엠엑스로보틱스,2025,Q4,29709769655.0,-6994572330.0,-0.2354300424144436
엠엑스로보틱스,2026,Q1,25814282683.0,-1144067256.0,-0.0443191573459225
세코닉스,2023,Q1,120613849392.0,3606241673.0,0.029899067902887
세코닉스,2023,Q2,123441811312.0,4087847101.0,0.0331155793774601
세코닉스,2023,Q3,133222504688.0,4593723137.0,0.034481585132769
세코닉스,2023,Q4,125082971961.0,3878214833.0,0.031005138207055
세코닉스,2024,Q1,121993550722.0,4166451457.0,0.0341530468810974
세코닉스,2024,Q2,116470496387.0,4002772871.0,0.0343672689236239
세코닉스,2024,Q3,114183786596.0,3279674210.0,0.0287227662330379
세코닉스,2024,Q4,110061132232.0,2974122300.0,0.0270224577894654
세코닉스,2025,Q1,118833691323.0,2406802520.0,0.0202535366292553
세코닉스,2025,Q2,117242354699.0,4249666369.0,0.036246852768441
세코닉스,2025,Q3,100834948448.0,412469466.0,0.0040905407534641
세코닉스,2025,Q4,97958083653.0,-4062658458.0,-0.0414734374795579
세코닉스,2026,Q1,103992934592.0,1045854802.0,0.010056979410219
펨트론,2023,Q1,17709722764.0,2250303680.0,0.1270660026691313
펨트론,2023,Q2,18629923195.0,2135903098.0,0.1146490554815194
펨트론,2023,Q3,18230778646.0,1787334791.0,0.0980394104775199
펨트론,2023,Q4,19145375259.0,1888344243.0,0.0986318741447657
펨트론,2024,Q1,12842997844.0,-1514173857.0,-0.1178987862018051
펨트론,2024,Q2,12560714966.0,-2406868024.0,-0.1916187120331156
펨트론,2024,Q3,17376865545.0,313785909.0,0.0180576818176675
펨트론,2024,Q4,14224079885.0,-15641669.0,-0.0010996612172077
펨트론,2025,Q1,11092819064.0,-3018599305.0,-0.2721219274905861
펨트론,2025,Q2,16711700723.0,259209424.0,0.0155106549773988
펨트론,2025,Q3,17862601805.0,1075013812.0,0.0601823756547653
펨트론,2025,Q4,24194713476.0,4868309813.0,0.2012137824169371
펨트론,2026,Q1,16938936872.0,-1043463795.0,-0.0616014926370521
도우인시스,2025,Q2,53180198476.0,3641988011.0,0.068483911594343
도우인시스,2025,Q3,29781017033.0,-2084927189.0,-0.0700085959686909
도우인시스,2025,Q4,40192667247.0,3788603625.0,0.094261065127067
도우인시스,2026,Q1,26828518417.0,1819731091.0,0.0678282364577732
LIG아큐버,2023,Q1,28884433540.0,2727787749.0,0.0944379866484998
LIG아큐버,2023,Q2,20395032164.0,-2377858245.0,-0.1165900708505497
LIG아큐버,2023,Q3,25915697498.0,1783553620.0,0.0688213628106148
LIG아큐버,2023,Q4,62175891232.0,8148118407.0,0.1310494830962136
LIG아큐버,2024,Q1,40428873499.0,-5020167202.0,-0.124172819263049
LIG아큐버,2024,Q2,41299642757.0,-3632241989.0,-0.0879485086680165
LIG아큐버,2024,Q3,49604224980.0,4524984152.0,0.0912217488293474
LIG아큐버,2024,Q4,58387137613.0,6565251971.0,0.1124434633962641
LIG아큐버,2025,Q1,37890811543.0,,
LIG아큐버,2025,Q2,44926784876.0,-1623977381.0,-0.0361471978349274
LIG아큐버,2025,Q3,41590963583.0,-2524891992.0,-0.0607077060612279
LIG아큐버,2025,Q4,61692265067.0,7782084339.0,0.1261435988863171
LIG아큐버,2026,Q1,45465286478.0,-275805108.0,-0.0060662788990334
오킨스전자,2023,Q1,12280259598.0,342924440.0,0.027924852668086
오킨스전자,2023,Q2,12564834626.0,99818312.0,0.007944259910389
오킨스전자,2023,Q3,13355510941.0,285517196.0,0.0213782308487721
오킨스전자,2023,Q4,18649469769.0,-353981992.0,-0.0189808073036159
오킨스전자,2024,Q1,15582502706.0,211937537.0,0.0136009947181587
오킨스전자,2024,Q2,16067951781.0,1307021822.0,0.0813433995704122
오킨스전자,2024,Q3,17126474648.0,-461973384.0,-0.0269742251978254
오킨스전자,2024,Q4,17902748356.0,847490125.0,0.0473385487047841
오킨스전자,2025,Q1,18881754748.0,1653953596.0,0.0875953330648567
오킨스전자,2025,Q2,27081629679.0,3187052822.0,0.1176831992674114
오킨스전자,2025,Q3,23316786598.0,3694159253.0,0.158433463267913
오킨스전자,2025,Q4,25093821140.0,2551258579.0,0.101668795866774
오킨스전자,2026,Q1,25612884730.0,3606686335.0,0.140815311239641
마이크로디지탈,2026,Q1,2524525259.0,-3918340727.0,-1.5521099315726832
네오티스,2023,Q1,13925674161.0,755931320.0,0.0542832836141641
네오티스,2023,Q2,14644693493.0,-490076828.0,-0.0334644646700356
네오티스,2023,Q3,14399189896.0,-261015773.0,-0.0181271151283662
네오티스,2023,Q4,15502358517.0,-746607222.0,-0.0481608795965636
네오티스,2024,Q1,14215951853.0,936912303.0,0.0659057031627666
네오티스,2024,Q2,14837070050.0,1792446471.0,0.1208086546036088
네오티스,2024,Q3,13457953992.0,-15565901.0,-0.0011566320563477
네오티스,2024,Q4,11776094174.0,464815252.0,0.0394710882175389
네오티스,2025,Q1,17307065065.0,1680722423.0,0.0971119260653221
네오티스,2025,Q2,15736511387.0,1285255520.0,0.0816734718637674
네오티스,2025,Q3,17993693471.0,2636253773.0,0.1465098745429217
네오티스,2025,Q4,17639588649.0,2177820556.0,0.1234620942321952
네오티스,2026,Q1,17889157919.0,2292131814.0,0.128129665151289
콘텐트리중앙,2023,Q1,187127177211.0,-30193356008.0,-0.1613520625812396
콘텐트리중앙,2023,Q2,279385381193.0,7790894553.0,0.0278858346837339
콘텐트리중앙,2023,Q3,269038307852.0,6502179841.0,0.02416823051302
콘텐트리중앙,2023,Q4,257484933086.0,-52226601043.0,-0.2028336198823575
콘텐트리중앙,2024,Q1,220944196623.0,-10035328388.0,-0.0454201945169142
콘텐트리중앙,2024,Q2,226784796506.0,-6519355891.0,-0.0287468824693789
콘텐트리중앙,2024,Q3,228219632534.0,-12829197322.0,-0.0562142580791716
콘텐트리중앙,2024,Q4,203514357275.0,,
콘텐트리중앙,2025,Q1,225161178191.0,,
콘텐트리중앙,2025,Q2,315521295126.0,1663585634.0,0.0052724987495239
콘텐트리중앙,2025,Q3,278699236805.0,11386959238.0,0.0408575185513235
콘텐트리중앙,2025,Q4,263906708934.0,7913532407.0,0.0299860978865038
콘텐트리중앙,2026,Q1,191787388432.0,-1559730457.0,-0.0081326017823795
하이비젼시스템,2023,Q1,37062571422.0,4396553826.0,0.1186251697417369
하이비젼시스템,2023,Q2,63559472898.0,9909079286.0,0.1559024773836946
하이비젼시스템,2023,Q3,123873727079.0,35849584342.0,0.2894042601877722
하이비젼시스템,2023,Q4,123785679646.0,8640960180.0,0.0698058144101261
하이비젼시스템,2024,Q1,48226337916.0,5568467438.0,0.115465276415951
하이비젼시스템,2024,Q2,90722401870.0,14737916784.0,0.1624506900194131
하이비젼시스템,2024,Q3,102572061593.0,12976525271.0,0.1265113040477835
하이비젼시스템,2024,Q4,70491001372.0,-2296171241.0,-0.0325739625811596
하이비젼시스템,2025,Q1,22823246715.0,-2348249142.0,-0.1028884790723781
하이비젼시스템,2025,Q2,41174920288.0,-6456106933.0,-0.1567970718059062
하이비젼시스템,2025,Q3,58671338624.0,-8689073883.0,-0.1480974200824806
하이비젼시스템,2025,Q4,48427442981.0,-15060815345.0,-0.310997533999657
하이비젼시스템,2026,Q1,27975370635.0,-7481556996.0,-0.267433704225524
나무가,2023,Q1,126930847247.0,9250316870.0,0.0728768228577205
나무가,2023,Q2,70713671294.0,3128608072.0,0.0442433268524902
나무가,2023,Q3,72274698638.0,4043286209.0,0.0559433146757412
나무가,2023,Q4,95689959483.0,6302715310.0,0.0658660045845219
나무가,2024,Q1,116157189384.0,7545476243.0,0.0649591840420283
나무가,2024,Q2,111668264185.0,3616421053.0,0.0323853968662815
나무가,2024,Q3,118281315709.0,5562003336.0,0.0470235159514444
나무가,2024,Q4,104256289676.0,4225114890.0,0.040526234945925
나무가,2025,Q1,140498075107.0,9415992017.0,0.0670186549518846
나무가,2025,Q2,110603246673.0,7684394557.0,0.0694771156195714
나무가,2025,Q3,112727692118.0,7455527295.0,0.0661374960750174
나무가,2025,Q4,96050673368.0,3629350691.0,0.0377857912260003
나무가,2026,Q1,97889746038.0,3880413288.0,0.0396406512945048
에이직랜드,2024,Q1,21656811843.0,1834527671.0,0.0847090367824829
에이직랜드,2024,Q2,12094387161.0,-3954104668.0,-0.3269371664196884
에이직랜드,2024,Q3,14167088830.0,-5512523521.0,-0.3891077120464417
에이직랜드,2024,Q4,46139735143.0,-9336613710.0,-0.2023551648283895
에이직랜드,2025,Q1,15766501380.0,-7936194573.0,-0.5033579981838685
에이직랜드,2025,Q2,14694253124.0,-5227397694.0,-0.3557443614103894
에이직랜드,2025,Q3,16175273505.0,-4478330859.0,-0.2768627595456538
에이직랜드,2025,Q4,26213864083.0,-9935627628.0,-0.3790218640236016
에이직랜드,2026,Q1,53987600917.0,-2991345988.0,-0.0554080184559203
하나기술,2023,Q1,29855585949.0,,
하나기술,2023,Q2,36605015088.0,,
하나기술,2023,Q3,21154834985.0,,
하나기술,2023,Q4,32332594531.0,,
하나기술,2024,Q1,32323220256.0,,
하나기술,2024,Q2,13174055108.0,,
하나기술,2024,Q3,23106803068.0,,
하나기술,2024,Q4,25615027774.0,,
하나기술,2025,Q1,14343560970.0,,
하나기술,2025,Q2,17236371030.0,,
하나기술,2025,Q3,52459237910.0,,
하나기술,2025,Q4,9793386089.0,,
하나기술,2026,Q1,8260644529.0,,
대원제약,2023,Q1,124088946379.0,8979374649.0,0.0723624054440324
대원제약,2023,Q2,133030234816.0,10060599694.0,0.0756264146110488
대원제약,2023,Q3,128979911453.0,6742312175.0,0.0522741262499384
대원제약,2023,Q4,140852952417.0,6450511992.0,0.0457960722960427
대원제약,2024,Q1,158301209324.0,14978896833.0,0.0946227568125662
대원제약,2024,Q2,137959438045.0,-1354671556.0,-0.0098193467239126
대원제약,2024,Q3,156831296165.0,11380661317.0,0.0725662644847783
대원제약,2024,Q4,145070409079.0,3215566945.0,0.0221655606089104
대원제약,2025,Q1,157831742112.0,9406441440.0,0.0595979066956318
대원제약,2025,Q2,143855801445.0,-1408435107.0,-0.0097906034574384
대원제약,2025,Q3,143940264172.0,-10368130259.0,-0.0720307852611046
대원제약,2025,Q4,159806911886.0,5853450247.0,0.0366282670625387
대원제약,2026,Q1,158057594682.0,4381074409.0,0.0277182151089569
대원제약,2026,Q2,,-8919930.0,
엑시콘,2023,Q1,,2033447566.0,
엑시콘,2023,Q2,,5402578527.0,
엑시콘,2023,Q3,,-1421630016.0,
엑시콘,2023,Q4,,-4549732441.0,
엑시콘,2024,Q1,,-4772050020.0,
엑시콘,2024,Q2,,-3091021444.0,
엑시콘,2024,Q3,,-6781657462.0,
엑시콘,2024,Q4,,-1252604444.0,
엑시콘,2025,Q1,,-5706704076.0,
엑시콘,2025,Q2,,-2880133626.0,
엑시콘,2025,Q3,,-2033023458.0,
엑시콘,2025,Q4,,10699984906.0,
엑시콘,2026,Q1,,-1965878026.0,
아모센스,2025,Q1,31145035205.0,1532558969.0,0.049207167656499
아모센스,2025,Q2,29065743868.0,1288927366.0,0.0443452392566855
아모센스,2025,Q3,28297764118.0,36254506.0,0.001281179171924
아모센스,2025,Q4,33631770193.0,2463808481.0,0.0732583645422508
아모센스,2026,Q1,27824728435.0,531416906.0,0.0190987274949122
비씨엔씨,2023,Q1,17460941688.0,-774434319.0,-0.0443523798909556
비씨엔씨,2023,Q2,14398506990.0,102115686.0,0.0070921024013754
비씨엔씨,2023,Q3,15551619465.0,61821090.0,0.0039752187956458
비씨엔씨,2023,Q4,17900974710.0,568638936.0,0.0317658085781408
비씨엔씨,2024,Q1,17736362516.0,404467375.0,0.0228044152026735
비씨엔씨,2024,Q2,19521894563.0,-224407242.0,-0.0114951569518934
비씨엔씨,2024,Q3,19286732748.0,-189389445.0,-0.0098196748757064
비씨엔씨,2024,Q4,20828638395.0,-2053140288.0,-0.0985729479317699
비씨엔씨,2025,Q1,19844680477.0,-65224552.0,-0.0032867524410682
비씨엔씨,2025,Q2,21942532902.0,1607621477.0,0.0732650822117928
비씨엔씨,2025,Q3,21875816100.0,1380120275.0,0.0630888588883319
비씨엔씨,2025,Q4,23920774739.0,1004948983.0,0.0420115566475173
비씨엔씨,2026,Q1,23716544526.0,802268579.0,0.0338273806338224
메디아나,2023,Q1,18251402899.0,1715106490.0,0.0939712141302831
메디아나,2023,Q2,25339654988.0,4745376792.0,0.1872707735857986
메디아나,2023,Q3,17314858245.0,2018350159.0,0.116567524287
메디아나,2023,Q4,17515286882.0,923453377.0,0.0527227092094625
메디아나,2024,Q1,14741594450.0,1093149933.0,0.0741541179081887
메디아나,2024,Q2,15148276192.0,930346650.0,0.0614160078815653
메디아나,2024,Q3,13039086477.0,-695280093.0,-0.0533227610865549
메디아나,2024,Q4,14110014780.0,-18990555.0,-0.0013458919282577
메디아나,2025,Q1,15026979739.0,1256971448.0,0.0836476437602256
메디아나,2025,Q2,15684839421.0,1239689061.0,0.0790374085271293
메디아나,2025,Q3,15003243410.0,1579805028.0,0.1052975669878837
메디아나,2025,Q4,19229755285.0,1873913860.0,0.0974486587180716
메디아나,2026,Q1,16077741380.0,1609939050.0,0.1001346527443645
레이,2023,Q1,20023576936.0,-4316079904.0,-0.2155498948961613
레이,2023,Q2,39356480412.0,3331454769.0,0.0846481884082353
레이,2023,Q3,38537721131.0,4007960531.0,0.1040009739386476
레이,2023,Q4,47964086756.0,3095035032.0,0.0645281760027012
레이,2024,Q1,17367670809.0,-6718885520.0,-0.3868616346941724
레이,2024,Q2,24743676550.0,-18791646772.0,-0.7594524901757173
레이,2024,Q3,22470278678.0,340645851.0,0.0151598409562012
레이,2024,Q4,15260967558.0,-19083672614.0,-1.250489036260095
레이,2025,Q1,24463740257.0,213521925.0,0.0087280981058856
레이,2025,Q2,27506130245.0,-1847354308.0,-0.0671615487727797
레이,2025,Q3,30334396918.0,183688769.0,0.0060554613792569
레이,2025,Q4,29018682832.0,-8337503017.0,-0.2873150054834991
레이,2026,Q1,25671447575.0,-3421738269.0,-0.1332896502623498
옵트론텍,2023,Q1,47065027181.0,238837875.0,0.0050746358667018
옵트론텍,2023,Q2,52398997160.0,2679081957.0,0.0511284967691164
옵트론텍,2023,Q3,58879479796.0,8388057564.0,0.142461475425091
옵트론텍,2023,Q4,73752580920.0,3689315608.0,0.0500228678370161
옵트론텍,2024,Q1,76831888916.0,5521691593.0,0.0718671852391504
옵트론텍,2024,Q2,43213103616.0,-400036793.0,-0.0092573029827897
옵트론텍,2024,Q3,45883221388.0,289553028.0,0.006310651677036
옵트론텍,2024,Q4,52030253840.0,-9857839228.0,-0.1894636005104679
옵트론텍,2025,Q1,47303044258.0,657835671.0,0.0139068358351745
옵트론텍,2025,Q2,44589736610.0,734109970.0,0.0164636534281604
옵트론텍,2025,Q3,45169829628.0,916611780.0,0.020292566687739
옵트론텍,2025,Q4,58674797300.0,-5418426104.0,-0.0923467374978047
옵트론텍,2026,Q1,59343950500.0,4413851443.0,0.0743774454819956
한국자산신탁,2023,Q3,57010546588.0,29729269388.0,0.5214696432020814
한국자산신탁,2023,Q4,71815296578.0,27362664161.0,0.38101442819053
한국자산신탁,2024,Q1,63313363555.0,29479984088.0,0.4656202487550813
한국자산신탁,2024,Q2,54069713022.0,11318594481.0,0.2093333559287556
한국자산신탁,2024,Q3,52567784357.0,2724667799.0,0.0518315130136767
한국자산신탁,2024,Q4,56496766727.0,8241302436.0,0.1458721076167612
한국자산신탁,2025,Q1,51874300296.0,17700163503.0,0.3412125735094464
한국자산신탁,2025,Q2,52251157758.0,8308904149.0,0.1590185654350951
한국자산신탁,2025,Q3,46808618718.0,13789431435.0,0.2945917186335889
한국자산신탁,2025,Q4,53354335416.0,-5571193205.0,-0.104418753631955
한국자산신탁,2026,Q1,68798893447.0,10766660993.0,0.1564946825968097
큐알티,2023,Q1,12618268977.0,467030301.0,0.0370122321731515
큐알티,2023,Q2,13916486078.0,578542473.0,0.0415724536896274
큐알티,2023,Q3,15005694136.0,1729898818.0,0.1152828254608907
큐알티,2023,Q4,11716506553.0,-2023271677.0,-0.1726855755038982
큐알티,2024,Q1,13743080277.0,22090398.0,0.0016073833198056
큐알티,2024,Q2,15804775433.0,1255682038.0,0.0794495336756361
큐알티,2024,Q3,16448132279.0,1782296222.0,0.1083585778475
큐알티,2024,Q4,19254672848.0,1707367693.0,0.0886729006760219
큐알티,2025,Q1,15380749298.0,566835056.0,0.0368535397734951
큐알티,2025,Q2,17370160463.0,1176854151.0,0.0677514841331952
큐알티,2025,Q3,19029091569.0,2044701774.0,0.1074513602809601
큐알티,2025,Q4,17081372606.0,994593917.0,0.0582268146677298
큐알티,2026,Q1,20414682426.0,2978409248.0,0.1458954484742176
아모그린텍,2024,Q1,30485657705.0,863167236.0,0.0283138794101998
아모그린텍,2024,Q2,33057722989.0,1052580188.0,0.0318406742155304
아모그린텍,2024,Q3,30128510508.0,671688940.0,0.0222941303328502
아모그린텍,2024,Q4,34893629447.0,1883458358.0,0.0539771410383316
아모그린텍,2025,Q1,34529320072.0,1853980845.0,0.0536929438846206
아모그린텍,2025,Q2,35644187353.0,3844286978.0,0.1078517217948705
아모그린텍,2025,Q3,30845507039.0,2170782545.0,0.070375972171744
아모그린텍,2025,Q4,29581678179.0,1513981042.0,0.0511796874010607
아모그린텍,2026,Q1,30747965018.0,1643649404.0,0.0534555507344242
상아프론테크,2023,Q1,46893564853.0,2785286497.0,0.0593959215029013
상아프론테크,2023,Q2,49020424109.0,3089046133.0,0.0630154917903466
상아프론테크,2023,Q3,45955159158.0,2177664291.0,0.0473867206838061
상아프론테크,2023,Q4,41729999282.0,906372951.0,0.0217199368941987
상아프론테크,2024,Q1,43783161235.0,2023914994.0,0.0462258762709462
상아프론테크,2024,Q2,44952470122.0,2116549938.0,0.0470841742902165
상아프론테크,2024,Q3,42446678159.0,1328562466.0,0.0312995627366497
상아프론테크,2024,Q4,40569348242.0,380594533.0,0.0093813322001062
상아프론테크,2025,Q1,40699174333.0,1082077756.0,0.0265872164173763
상아프론테크,2025,Q2,44755526401.0,1572757221.0,0.035141073013161
상아프론테크,2025,Q3,49929162173.0,2126260806.0,0.0425855494757292
상아프론테크,2025,Q4,60604128970.0,1931317459.0,0.0318677537623885
상아프론테크,2026,Q1,48494081588.0,1165237860.0,0.024028455057665
이노메트리,2023,Q1,15041705423.0,226852896.0,0.0150815941158589
이노메트리,2023,Q2,19205045439.0,1285346379.0,0.0669275364686108
이노메트리,2023,Q3,20334577894.0,2703436099.0,0.1329477362693467
이노메트리,2023,Q4,29202581092.0,3993240734.0,0.1367427324803814
이노메트리,2024,Q1,14253577589.0,812600093.0,0.0570102549992159
이노메트리,2024,Q2,16347331161.0,1536337283.0,0.093980923728104
이노메트리,2024,Q3,13299675309.0,917251419.0,0.0689679558101157
이노메트리,2024,Q4,9095464497.0,-10494275108.0,-1.1537921028069953
이노메트리,2025,Q1,8668519632.0,-2188666017.0,-0.2524844044789953
이노메트리,2025,Q2,10615803742.0,988827146.0,0.0931467056128626
이노메트리,2025,Q3,9540523102.0,-272991809.0,-0.0286139246329975
이노메트리,2025,Q4,9742845225.0,-4230577851.0,-0.4342240642542897
이노메트리,2026,Q1,17522946947.0,245899294.0,0.0140329874160863
페스카로,2026,Q1,6554660566.0,570675560.0,0.0870640903909165
엘케이켐,2025,Q1,3374003362.0,479687123.0,0.1421715011912901
엘케이켐,2025,Q2,5760742756.0,1745301574.0,0.3029646779804933
엘케이켐,2025,Q3,5555035240.0,1556208893.0,0.2801438381154176
엘케이켐,2025,Q4,5490080904.0,789102198.0,0.1437323441672909
엘케이켐,2026,Q1,6059690054.0,1106624141.0,0.1826205847392339
현대리바트,2023,Q1,370218980506.0,-7604929671.0,-0.0205417065883707
현대리바트,2023,Q2,398671337695.0,3475904118.0,0.0087187208844675
현대리바트,2023,Q3,396614251864.0,1248807658.0,0.003148670659541
현대리바트,2023,Q4,420200368836.0,-16971907163.0,-0.0403900339497892
현대리바트,2024,Q1,504787431414.0,6798797181.0,0.0134686340385998
현대리바트,2024,Q2,496957045200.0,8170065201.0,0.0164401838748698
현대리바트,2024,Q3,454114681967.0,9763818211.0,0.0215007763429008
현대리바트,2024,Q4,414797845897.0,-696142022.0,-0.0016782681705942
현대리바트,2025,Q1,437760415531.0,9511744672.0,0.0217281972844948
현대리바트,2025,Q2,409870545262.0,5079834116.0,0.0123937525511935
현대리바트,2025,Q3,340655197459.0,3737139057.0,0.010970444851204
현대리바트,2025,Q4,357919879538.0,-2611366712.0,-0.0072959532601841
현대리바트,2026,Q1,355935355318.0,1052528021.0,0.0029570763490456
상신이디피,2023,Q1,68600342798.0,3134056692.0,0.0456857293152093
상신이디피,2023,Q2,76719178204.0,7410222835.0,0.0965889235061389
상신이디피,2023,Q3,84822668559.0,13961734977.0,0.1645991008557889
상신이디피,2023,Q4,71493529197.0,5697128536.0,0.0796873311471531
상신이디피,2024,Q1,74861253662.0,4530738060.0,0.0605218031808065
상신이디피,2024,Q2,71636227016.0,1565725385.0,0.0218566143168078
상신이디피,2024,Q3,55171447116.0,-5335938235.0,-0.0967155750651418
상신이디피,2024,Q4,50131613051.0,-8981808128.0,-0.1791645546865329
상신이디피,2025,Q1,58315554319.0,-3887990958.0,-0.066671593940988
상신이디피,2025,Q2,61276083634.0,887045801.0,0.014476215652069
상신이디피,2025,Q3,62751954600.0,5167219468.0,0.082343562060137
상신이디피,2025,Q4,70587784712.0,5761575979.0,0.0816228473879351
상신이디피,2026,Q1,72210876530.0,4883856124.0,0.0676332480463798
제닉,2023,Q1,6299885290.0,-665953716.0,-0.1057088637878992
제닉,2023,Q2,8167670434.0,-1045334482.0,-0.1279844100526546
제닉,2023,Q3,7403122645.0,-243203661.0,-0.0328514969509869
제닉,2023,Q4,6199088241.0,-2068694078.0,-0.3337094097673774
제닉,2024,Q1,6363574738.0,-579128515.0,-0.0910067908123624
제닉,2024,Q2,8974097039.0,888814264.0,0.099042194455593
제닉,2024,Q3,15131237285.0,2076825124.0,0.1372541507929964
제닉,2024,Q4,19439407576.0,3637114891.0,0.187100089176092
제닉,2025,Q1,17828052046.0,3760987890.0,0.2109589920590251
제닉,2025,Q2,24648863702.0,5460571392.0,0.2215344065356218
제닉,2025,Q3,23555447939.0,5647706160.0,0.2397622059502113
제닉,2025,Q4,12166097438.0,104488656.0,0.0085885105336766
제닉,2026,Q1,29356408951.0,3410999501.0,0.1161926687522796
핌스,2023,Q1,23218305918.0,377425336.0,0.0162555070698504
핌스,2023,Q2,30398308144.0,3691209499.0,0.121428122957184
핌스,2023,Q3,19327764240.0,148288596.0,0.0076723098522232
핌스,2023,Q4,12311738707.0,-1619856935.0,-0.1315701196679076
핌스,2024,Q1,14154317781.0,-1318538137.0,-0.0931544817207605
핌스,2024,Q2,16776855648.0,-727806773.0,-0.0433815959480323
핌스,2024,Q3,13019084716.0,-2367793323.0,-0.1818709513496033
핌스,2024,Q4,16766350480.0,-457446507.0,-0.0272836063844467
핌스,2025,Q1,15699628092.0,-1268269854.0,-0.0807834329939489
핌스,2025,Q2,22392053973.0,1487288133.0,0.0664203531660538
핌스,2025,Q3,11287721137.0,-3035631953.0,-0.2689322243308711
핌스,2025,Q4,14003608846.0,-3296942542.0,-0.2354352066140251
핌스,2026,Q1,15285443460.0,-138699081.0,-0.0090739324222393
인탑스,2023,Q1,181216003841.0,12571869688.0,0.0693750519906102
인탑스,2023,Q2,127613651187.0,-651774318.0,-0.0051074027891022
인탑스,2023,Q3,146090900231.0,5758635667.0,0.0394181681261078
인탑스,2023,Q4,122813236587.0,659388403.0,0.0053690336752333
인탑스,2024,Q1,178463354013.0,6126199749.0,0.034327494195552
인탑스,2024,Q2,151493277752.0,2220181352.0,0.0146553126643316
인탑스,2024,Q3,147892867398.0,260513629.0,0.0017615023197766
인탑스,2024,Q4,136817695403.0,-4822460044.0,-0.0352473415795765
인탑스,2025,Q1,161679738617.0,255893005.0,0.0015827153556091
인탑스,2025,Q2,144390996742.0,-9720474858.0,-0.0673205052761613
인탑스,2025,Q3,142595486149.0,-683742065.0,-0.0047949769201358
인탑스,2025,Q4,142115533359.0,-1155208341.0,-0.0081286564085982
인탑스,2026,Q1,163137990337.0,6385710098.0,0.0391429984199805
비아이매트릭스,2026,Q1,8523881644.0,-236226223.0,-0.027713456482151
에이치피오,2023,Q1,56243381926.0,7364564221.0,0.1309409919675462
에이치피오,2023,Q2,61217256667.0,8695783176.0,0.1420479069047793
에이치피오,2023,Q3,56000414416.0,4432472279.0,0.0791507049585973
에이치피오,2023,Q4,58564857008.0,1566750191.0,0.0267523950546994
에이치피오,2024,Q1,58514078459.0,3576896819.0,0.0611288242624598
에이치피오,2024,Q2,62587568076.0,2678432500.0,0.0427949604424249
에이치피오,2024,Q3,58876416743.0,1761056197.0,0.0299110627721646
에이치피오,2024,Q4,62852738606.0,-23852826.0,-0.000379503368175
에이치피오,2025,Q1,55492975190.0,1542536484.0,0.0277969685121148
에이치피오,2025,Q2,74873802727.0,5630546956.0,0.0752004940436875
에이치피오,2025,Q3,64340818293.0,2112171125.0,0.0328278561112082
에이치피오,2025,Q4,63481018796.0,4260801103.0,0.0671192930392679
에이치피오,2026,Q1,63312358750.0,3278103104.0,0.0517766699696684
더핑크퐁컴퍼니,2023,Q3,22867433160.0,-1211307228.0,-0.0529708437114329
더핑크퐁컴퍼니,2023,Q4,28234524746.0,2285434564.0,0.0809446797691814
더핑크퐁컴퍼니,2024,Q1,23495857948.0,1818761994.0,0.0774077711069416
더핑크퐁컴퍼니,2024,Q2,24957212788.0,2736861559.0,0.1096621478627591
더핑크퐁컴퍼니,2024,Q3,27305249376.0,3461954600.0,0.1267871445643302
더핑크퐁컴퍼니,2024,Q4,21609862199.0,10793425000.0,0.4994675533145911
더핑크퐁컴퍼니,2025,Q1,24136527190.0,6100432006.0,0.2527468826802668
더핑크퐁컴퍼니,2025,Q2,21044622965.0,2852928372.0,0.1355656680922627
더핑크퐁컴퍼니,2025,Q3,22960260672.0,3684789622.0,0.1604855308325656
더핑크퐁컴퍼니,2025,Q4,25720454614.0,6724098868.0,0.2614300162618424
더핑크퐁컴퍼니,2026,Q1,20652688439.0,2936888023.0,0.1422036666884519
신흥에스이씨,2023,Q1,121199579539.0,6787664581.0,0.0560040274629487
신흥에스이씨,2023,Q2,128480441730.0,9748039563.0,0.0758717780834329
신흥에스이씨,2023,Q3,154628042770.0,13996433177.0,0.0905167841891322
신흥에스이씨,2023,Q4,135543917539.0,13119605700.0,0.096792286501717
신흥에스이씨,2024,Q1,147906911054.0,10234038710.0,0.0691924308138894
신흥에스이씨,2024,Q2,114069891441.0,6149760949.0,0.0539122188275319
신흥에스이씨,2024,Q3,91914167254.0,1339321640.0,0.014571438549825
신흥에스이씨,2024,Q4,78940222355.0,-4550000156.0,-0.0576385525687819
신흥에스이씨,2025,Q1,103499910202.0,-4294130953.0,-0.0414892239483027
신흥에스이씨,2025,Q2,102695286684.0,2139393360.0,0.0208324396287343
신흥에스이씨,2025,Q3,100169153218.0,2703601886.0,0.0269903637910974
신흥에스이씨,2025,Q4,101869194679.0,5378470180.0,0.0527978079825613
신흥에스이씨,2026,Q1,123686176855.0,1592289929.0,0.0128736288038612
유니셈,2023,Q1,51753687853.0,4333422148.0,0.0837316590908179
유니셈,2023,Q2,56922554447.0,5342784698.0,0.0938605926930881
유니셈,2023,Q3,62076503685.0,6202786106.0,0.099921640842972
유니셈,2023,Q4,61358997028.0,1509088988.0,0.0245944207222187
유니셈,2024,Q1,55186952755.0,4559702713.0,0.0826228390112894
유니셈,2024,Q2,45062156347.0,-500134134.0,-0.0110987616781746
유니셈,2024,Q3,56386084657.0,3174284349.0,0.0562955269604081
유니셈,2024,Q4,61525541884.0,2740457504.0,0.0445417857378135
유니셈,2025,Q1,60512429317.0,4777095541.0,0.0789440383557358
유니셈,2025,Q2,80043467028.0,2106284841.0,0.0263142629774295
유니셈,2025,Q3,56820597316.0,1746794019.0,0.0307422677956981
유니셈,2025,Q4,75953941639.0,2271672906.0,0.0299085584892616
유니셈,2026,Q1,74838313391.0,5122490540.0,0.0684474343139863
모나용평,2023,Q1,46080186362.0,7673644930.0,0.1665280793292986
모나용평,2023,Q2,32960111936.0,-4111104937.0,-0.1247297019191773
모나용평,2023,Q3,51881392920.0,7226123030.0,0.1392815925575191
모나용평,2023,Q4,80725904897.0,10616272065.0,0.1315101029656532
모나용평,2024,Q1,55954158492.0,9980493565.0,0.1783691120370786
모나용평,2024,Q2,61288206109.0,473408662.0,0.007724302799107
모나용평,2024,Q3,76416858330.0,10153254670.0,0.1328666853347201
모나용평,2024,Q4,74123381889.0,6368074289.0,0.0859118152290489
모나용평,2025,Q1,70662016551.0,13320342227.0,0.1885078133509833
모나용평,2025,Q2,89292048835.0,5923850831.0,0.0663424225145343
모나용평,2025,Q3,48084035797.0,4522773077.0,0.0940597643694912
모나용평,2025,Q4,42111668637.0,-486887970.0,-0.0115618303847549
모나용평,2026,Q1,47715598127.0,9371180994.0,0.1963965948631228
엠엑스온,2025,Q3,7404121165.0,69725496.0,0.0094171197966882
엠엑스온,2025,Q4,36566650398.0,-8211583090.0,-0.2245648152243425
엠엑스온,2026,Q1,36034800404.0,501926167.0,0.0139289287403485
LB세미콘,2023,Q1,94750856390.0,-5210666045.0,-0.0549933398338121
LB세미콘,2023,Q2,103279443920.0,410386733.0,0.0039735567642858
LB세미콘,2023,Q3,104583203534.0,-4659638403.0,-0.0445543667199403
LB세미콘,2023,Q4,114257031196.0,-3245115890.0,-0.0284018922602078
LB세미콘,2024,Q1,102823544846.0,-7476349970.0,-0.0727104865057649
LB세미콘,2024,Q2,123226505579.0,1257478395.0,0.0102046097070717
LB세미콘,2024,Q3,119363531947.0,-2159722221.0,-0.0180936521043878
LB세미콘,2024,Q4,105451197296.0,-10444827945.0,-0.0990489270186427
LB세미콘,2025,Q1,116812443043.0,-4009667607.0,-0.0343256891350521
LB세미콘,2025,Q2,115688096141.0,-3306404461.0,-0.0285803342892787
LB세미콘,2025,Q3,125550108569.0,-6278960546.0,-0.0500115899346212
LB세미콘,2025,Q4,121731288858.0,-26205025580.0,-0.2152694334039973
LB세미콘,2026,Q1,134251848673.0,7643230270.0,0.0569320299537682
웅진씽크빅,2023,Q1,224031439703.0,,
웅진씽크빅,2023,Q2,222733728153.0,4721829613.0,0.0211994368888598
웅진씽크빅,2023,Q3,218090818834.0,3665566223.0,0.016807521942453
웅진씽크빅,2023,Q4,225197138465.0,2561272175.0,0.0113734667876255
웅진씽크빅,2024,Q1,216197537909.0,,
웅진씽크빅,2024,Q2,220998169183.0,6593829521.0,0.0298365798475909
웅진씽크빅,2024,Q3,208942741752.0,2670458427.0,0.0127808145169725
웅진씽크빅,2024,Q4,221041770571.0,2908907249.0,0.0131599889083662
웅진씽크빅,2025,Q1,196959999857.0,,
웅진씽크빅,2025,Q2,205913340191.0,,
웅진씽크빅,2025,Q3,199609774009.0,,
웅진씽크빅,2025,Q4,194874261411.0,,
웅진씽크빅,2026,Q1,179575267246.0,,
드림씨아이에스,2023,Q1,10004654784.0,511547282.0,0.0511309278575103
드림씨아이에스,2023,Q2,10400694599.0,-454713977.0,-0.043719577829323
드림씨아이에스,2023,Q3,14432011208.0,44055240.0,0.0030526057224497
드림씨아이에스,2023,Q4,13006657181.0,1486900555.0,0.1143184243505741
드림씨아이에스,2024,Q1,11931957513.0,318369749.0,0.0266821054846308
드림씨아이에스,2024,Q2,13750196061.0,566955835.0,0.0412325637019874
드림씨아이에스,2024,Q3,18194631816.0,1457156139.0,0.080087146238299
드림씨아이에스,2024,Q4,14776434198.0,2714937394.0,0.1837342729389658
드림씨아이에스,2025,Q1,14170286886.0,1327053313.0,0.0936504196193166
드림씨아이에스,2025,Q2,16601235101.0,1511454083.0,0.0910446767246224
드림씨아이에스,2025,Q3,16516220311.0,2787768038.0,0.1687897100853827
드림씨아이에스,2025,Q4,19343640286.0,-388455265.0,-0.0200818077288764
드림씨아이에스,2026,Q1,17410609115.0,538742801.0,0.0309433631782502
뉴로메카,2023,Q1,967960388.0,-2528818508.0,-2.6125227223657834
뉴로메카,2023,Q2,3071310772.0,-2613363503.0,-0.8508951705001867
뉴로메카,2023,Q3,3089037116.0,-3528372863.0,-1.142224172291234
뉴로메카,2023,Q4,6614662829.0,-6154771599.0,-0.93047397246255
뉴로메카,2024,Q1,3639055229.0,-5273171902.0,-1.4490497038840078
뉴로메카,2024,Q2,7344345495.0,-4298979685.0,-0.5853455134874479
뉴로메카,2024,Q3,6231659999.0,-5677467505.0,-0.911068239588018
뉴로메카,2024,Q4,8054344102.0,-3765386896.0,-0.4674976445400445
뉴로메카,2025,Q1,3172459792.0,-4016861472.0,-1.266166235464774
뉴로메카,2025,Q2,3439506785.0,-4163623006.0,-1.2105290863672478
뉴로메카,2025,Q3,4473538562.0,-3151962504.0,-0.7045792632199512
뉴로메카,2025,Q4,7868698066.0,-3512141566.0,-0.4463434149514106
뉴로메카,2026,Q1,2991632100.0,-4314234495.0,-1.442100616248903
SK디앤디,2023,Q1,67630205120.0,8405108690.0,0.1242803962384315
SK디앤디,2023,Q2,270911228798.0,202221772235.0,0.746450315596859
SK디앤디,2023,Q3,57919621961.0,-10279694088.0,-0.1774820646260744
SK디앤디,2023,Q4,83214889598.0,-9967390672.0,-0.11977893283463
SK디앤디,2024,Q1,50603050368.0,-983347547.0,-0.0194325745157418
SK디앤디,2024,Q2,71871694943.0,2562098959.0,0.0356482334392134
SK디앤디,2024,Q3,62701801098.0,2742344792.0,0.0437363001377558
SK디앤디,2024,Q4,685700059786.0,49348957356.0,0.0719687225510835
SK디앤디,2025,Q1,90681014051.0,7139754278.0,0.0787348305785875
SK디앤디,2025,Q2,137521249356.0,33542045724.0,0.243904457537104
SK디앤디,2025,Q3,102602716370.0,8936374763.0,0.0870968633108519
SK디앤디,2025,Q4,115019174368.0,-11823493639.0,-0.1027958486397331
SK디앤디,2026,Q1,70332899854.0,-9347303704.0,-0.1329008717599235
삼기에너지솔루션즈,2023,Q2,23754464591.0,945342785.0,0.0397964256941479
삼기에너지솔루션즈,2023,Q3,25908237101.0,1033879453.0,0.0399054342821378
삼기에너지솔루션즈,2023,Q4,14938690885.0,-2025966464.0,-0.1356187419363688
삼기에너지솔루션즈,2024,Q1,19404282325.0,-1537894014.0,-0.0792553926108679
삼기에너지솔루션즈,2024,Q2,19241627187.0,-3644623505.0,-0.1894134768114816
삼기에너지솔루션즈,2024,Q3,29582888144.0,-510680238.0,-0.0172626903605277
삼기에너지솔루션즈,2024,Q4,30477752346.0,-568735656.0,-0.0186606823739298
삼기에너지솔루션즈,2025,Q1,29547578896.0,2081614161.0,0.0704495677404485
삼기에너지솔루션즈,2025,Q2,35844034663.0,3566005617.0,0.0994867249328103
삼기에너지솔루션즈,2025,Q3,39241588300.0,2876717779.0,0.0733078833865651
삼기에너지솔루션즈,2025,Q4,39595555370.0,-3091534648.0,-0.0780778200762991
삼기에너지솔루션즈,2026,Q1,48944305312.0,1141288267.0,0.0233181012525308
씨피시스템,2024,Q2,5529819085.0,742047053.0,0.1341901139248572
씨피시스템,2024,Q3,4914918782.0,447356705.0,0.0910201622534156
씨피시스템,2024,Q4,5519451328.0,786653814.0,0.1425239153771191
씨피시스템,2025,Q1,4960495779.0,475212822.0,0.0957994610159308
씨피시스템,2025,Q2,5202827511.0,704065745.0,0.135323676118695
씨피시스템,2025,Q3,4617637995.0,554208785.0,0.1200199724621332
씨피시스템,2025,Q4,4272773725.0,405238730.0,0.0948420759163884
씨피시스템,2026,Q1,5208548934.0,533723188.0,0.1024706102914766
한솔아이원스,2023,Q1,36194993499.0,3192247452.0,0.088195828853739
한솔아이원스,2023,Q2,29249025026.0,1732816052.0,0.0592435491596614
한솔아이원스,2023,Q3,25698342208.0,1943674944.0,0.0756342540802077
한솔아이원스,2023,Q4,32790367153.0,1348058423.0,0.0411114159445044
한솔아이원스,2024,Q1,37336675287.0,4893742644.0,0.1310706592481178
한솔아이원스,2024,Q2,39538032476.0,7264435119.0,0.1837328431405783
한솔아이원스,2024,Q3,36546361394.0,4692464498.0,0.1283975837542718
한솔아이원스,2024,Q4,43716588094.0,6215038945.0,0.1421666057661302
한솔아이원스,2025,Q1,48851407837.0,11906237250.0,0.2437235235825124
한솔아이원스,2025,Q2,47021148050.0,9086242679.0,0.1932373635228585
한솔아이원스,2025,Q3,51223987501.0,9380140718.0,0.1831200805641474
한솔아이원스,2025,Q4,51733687022.0,2944319144.0,0.0569129964146555
한솔아이원스,2026,Q1,49162276505.0,7118342006.0,0.1447927661624057
엑셈,2023,Q1,8246174863.0,-2527603026.0,-0.3065182424570178
엑셈,2023,Q2,13042941833.0,2384952436.0,0.1828538735000582
엑셈,2023,Q3,11154720035.0,-223135086.0,-0.0200036473618228
엑셈,2023,Q4,21445299140.0,5278280809.0,0.2461276373223861
엑셈,2024,Q1,9143331180.0,-2857381246.0,-0.3125098708280629
엑셈,2024,Q2,13320429456.0,319055241.0,0.0239523239137223
엑셈,2024,Q3,12329958218.0,505414268.0,0.040990752690643
엑셈,2024,Q4,26443763205.0,10866437214.0,0.4109262789021408
엑셈,2025,Q1,11665622698.0,-2467394433.0,-0.2115098779444512
엑셈,2025,Q2,12559639198.0,-95977889.0,-0.0076417711915867
엑셈,2025,Q3,13536468562.0,519731677.0,0.0383949236552735
엑셈,2025,Q4,10001321584.0,5695147775.0,0.5694395212839704
엑셈,2026,Q1,11171342676.0,-2229572612.0,-0.1995796455863726
우신시스템,2023,Q1,57147747070.0,2582773589.0,0.0451946703312096
우신시스템,2023,Q2,65435673790.0,1078357658.0,0.0164796600316324
우신시스템,2023,Q3,64791672345.0,8629732183.0,0.1331919962962024
우신시스템,2023,Q4,54820667947.0,119327301.0,0.0021766845510777
우신시스템,2024,Q1,57465403059.0,2036509461.0,0.0354388789183137
우신시스템,2024,Q2,87580019800.0,7299002011.0,0.0833409495415528
우신시스템,2024,Q3,280599238991.0,20822631372.0,0.0742077257474952
우신시스템,2024,Q4,137952304004.0,5908386343.0,0.0428291965520828
우신시스템,2025,Q1,102472748863.0,9127513420.0,0.0890725926773267
우신시스템,2025,Q2,94248235755.0,1280093536.0,0.013582148522415
우신시스템,2025,Q3,101040158765.0,4367199814.0,0.0432224163875006
우신시스템,2025,Q4,90851811051.0,6082820063.0,0.0669532064648154
우신시스템,2026,Q1,82173323791.0,-335084913.0,-0.0040777821504732
대한제강,2023,Q1,393820551825.0,30482406959.0,0.0774017679314646
대한제강,2023,Q2,422644983844.0,48291155073.0,0.1142593829785626
대한제강,2023,Q3,307117296746.0,24212266463.0,0.0788371958191096
대한제강,2023,Q4,324249194019.0,6948771046.0,0.0214303417685375
대한제강,2024,Q1,278987919172.0,5995716761.0,0.0214909548011774
대한제강,2024,Q2,337116190004.0,18897726723.0,0.0560570132296991
대한제강,2024,Q3,298511937774.0,2128673135.0,0.0071309480983356
대한제강,2024,Q4,309194253804.0,-16704970122.0,-0.0540274274714994
대한제강,2025,Q1,289593743534.0,1867969950.0,0.0064503118306514
대한제강,2025,Q2,348879346394.0,7919721174.0,0.0227004586423869
대한제강,2025,Q3,320014570260.0,8002533109.0,0.0250067773554755
대한제강,2025,Q4,288570963864.0,-20662728998.0,-0.0716036316382063
대한제강,2026,Q1,305601150491.0,64456322.0,0.000210916489995
화승엔터프라이즈,2023,Q1,305441974802.0,-953936202.0,-0.0031231339524254
화승엔터프라이즈,2023,Q2,321909347318.0,7580838237.0,0.0235496058134379
화승엔터프라이즈,2023,Q3,261290195227.0,-1657619706.0,-0.0063439797446663
화승엔터프라이즈,2023,Q4,325190419901.0,7992499644.0,0.0245779062200947
화승엔터프라이즈,2024,Q1,345369189063.0,5327365659.0,0.0154251329525177
화승엔터프라이즈,2024,Q2,391677790942.0,18773696917.0,0.0479314818229763
화승엔터프라이즈,2024,Q3,386114213637.0,19114291697.0,0.0495042425839574
화승엔터프라이즈,2024,Q4,486455417749.0,39351088897.0,0.0808935155437086
화승엔터프라이즈,2025,Q1,423427674104.0,13419922391.0,0.0316935410974197
화승엔터프라이즈,2025,Q2,386980778665.0,9313066681.0,0.0240659670827271
화승엔터프라이즈,2025,Q3,355774686579.0,142715537.0,0.000401140222685
화승엔터프라이즈,2025,Q4,398196042533.0,12816054073.0,0.0321852874063606
화승엔터프라이즈,2026,Q1,350911525545.0,-4848944774.0,-0.013818140531204
아비코전자,2023,Q1,34312400790.0,-211133307.0,-0.0061532653541845
아비코전자,2023,Q2,32452643812.0,-1301357433.0,-0.040100197707738
아비코전자,2023,Q3,30912423347.0,-785559268.0,-0.025412412970083
아비코전자,2023,Q4,27352379839.0,-2413504739.0,-0.0882374679353764
아비코전자,2024,Q1,29597603246.0,-1545108855.0,-0.0522038504995777
아비코전자,2024,Q2,32060959087.0,-733502027.0,-0.0228783557288346
아비코전자,2024,Q3,30001530462.0,-1259235019.0,-0.0419723593966297
아비코전자,2024,Q4,29269882646.0,-1339016039.0,-0.0457472295053082
아비코전자,2025,Q1,31421888486.0,934652135.0,0.0297452565722277
아비코전자,2025,Q2,33577872168.0,2844599067.0,0.0847164779461793
아비코전자,2025,Q3,34701520483.0,2418356252.0,0.0696902100639865
아비코전자,2025,Q4,34151221829.0,2116089476.0,0.061962335830781
아비코전자,2026,Q1,35261802265.0,1945861469.0,0.0551832675589419
HL D&I,2023,Q1,336681972857.0,8913838174.0,0.0264755433691901
HL D&I,2023,Q2,390504342696.0,10063999745.0,0.0257717998102638
HL D&I,2023,Q3,411537217601.0,10733506716.0,0.0260814970236945
HL D&I,2023,Q4,433254049329.0,20952400791.0,0.0483605423271863
HL D&I,2024,Q1,398523227859.0,18329447936.0,0.0459934243594079
HL D&I,2024,Q2,393294503956.0,11170450367.0,0.0284022539207659
HL D&I,2024,Q3,353236359713.0,13242992523.0,0.0374904569103808
HL D&I,2024,Q4,433772444758.0,15149252748.0,0.0349244239256638
HL D&I,2025,Q1,324899889998.0,14171897383.0,0.0436192741803859
HL D&I,2025,Q2,406858479750.0,19770037387.0,0.0485919266058998
HL D&I,2025,Q3,476927827707.0,25520168343.0,0.0535094973713261
HL D&I,2025,Q4,533237457667.0,20330266769.0,0.0381261040024236
HL D&I,2026,Q1,384616052956.0,18984330431.0,0.0493591733498752
위츠,2025,Q1,32169152807.0,769669007.0,0.0239256846960707
위츠,2025,Q2,36244295701.0,2224669203.0,0.0613798436408469
위츠,2025,Q3,55709120454.0,1579387823.0,0.0283506149465082
위츠,2025,Q4,44599869183.0,-1982770972.0,-0.0444568786483294
위츠,2026,Q1,54906391384.0,1496961459.0,0.0272638835164137
바이오플러스,2023,Q1,12407831869.0,5524958635.0,0.4452799403902045
바이오플러스,2023,Q2,18955841282.0,8738257276.0,0.4609796603592389
바이오플러스,2023,Q3,17519197501.0,7480534300.0,0.42699069404138
바이오플러스,2023,Q4,16160030409.0,6281867034.0,0.3887286641800774
바이오플러스,2024,Q1,9612680770.0,2417978494.0,0.2515404965435048
바이오플러스,2024,Q2,11289346781.0,2711717266.0,0.2402014322532661
바이오플러스,2024,Q3,16416906259.0,4717142645.0,0.287334444783955
바이오플러스,2024,Q4,29090660772.0,13820624650.0,0.4750880276773384
바이오플러스,2025,Q1,22981906330.0,7100787991.0,0.3089729759158756
바이오플러스,2025,Q2,20673615024.0,2071669467.0,0.100208379840439
바이오플러스,2025,Q3,24056001925.0,4875095984.0,0.2026561188014204
바이오플러스,2025,Q4,23184489692.0,962623898.0,0.0415201676115459
바이오플러스,2026,Q1,26509629937.0,5654930657.0,0.2133160919423965
한솔홀딩스,2023,Q1,108040460000.0,1080241000.0,0.0099984857524671
한솔홀딩스,2023,Q2,100987861000.0,2379348000.0,0.0235607327102412
한솔홀딩스,2023,Q3,106300507000.0,1159167000.0,0.0109046234370265
한솔홀딩스,2023,Q4,127806398000.0,-620187000.0,-0.0048525504959462
한솔홀딩스,2024,Q1,104517744000.0,-1326703000.0,-0.0126935671324861
한솔홀딩스,2024,Q2,104060340000.0,541691000.0,0.0052055470893137
한솔홀딩스,2024,Q3,286927337000.0,6678600000.0,0.0232762763904925
한솔홀딩스,2024,Q4,296134517000.0,1585904000.0,0.0053553500485726
한솔홀딩스,2025,Q1,276620202000.0,8324183000.0,0.0300924622996262
한솔홀딩스,2025,Q2,278565743000.0,7397959000.0,0.0265573179254851
한솔홀딩스,2025,Q3,277015187000.0,7335475000.0,0.0264804073720333
한솔홀딩스,2025,Q4,266105754000.0,-448924000.0,-0.0016870135021582
한솔홀딩스,2026,Q1,269570790000.0,7939575000.0,0.0294526532344249
희림,2023,Q1,51208455344.0,1901796211.0,0.0371383240955896
희림,2023,Q2,57653650677.0,1682860890.0,0.0291891470919698
희림,2023,Q3,54016784973.0,300046302.0,0.0055546864210814
희림,2023,Q4,65773384397.0,3491651147.0,0.0530860800156614
희림,2024,Q1,56257343719.0,1785793064.0,0.0317432880037824
희림,2024,Q2,61716325193.0,3614327186.0,0.0585635514541287
희림,2024,Q3,57567134548.0,4363181484.0,0.0757929245264403
희림,2024,Q4,65420308552.0,5515727349.0,0.08431215735731
희림,2025,Q1,57308199194.0,2411953724.0,0.0420874108403763
희림,2025,Q2,60005458531.0,2750561454.0,0.0458385207168945
희림,2025,Q3,55779594894.0,73396599.0,0.0013158324139764
희림,2025,Q4,58779669330.0,3905468999.0,0.0664425139426009
희림,2026,Q1,59677212952.0,1157156811.0,0.0193902622753299
애니플러스,2023,Q1,20028836110.0,5195238933.0,0.2593879596631239
애니플러스,2023,Q2,23723640142.0,3123352122.0,0.1316556861976026
애니플러스,2023,Q3,38916960617.0,7487895050.0,0.1924069848026385
애니플러스,2023,Q4,28677467460.0,7056496530.0,0.2460641456517234
애니플러스,2024,Q1,25724269787.0,5151828438.0,0.2002711245317262
애니플러스,2024,Q2,34327564982.0,8114423029.0,0.2363821329376225
애니플러스,2024,Q3,38619901133.0,6050394042.0,0.1566651872350354
애니플러스,2024,Q4,32304227573.0,5822436089.0,0.1802375888989345
애니플러스,2025,Q1,29369361711.0,5244837588.0,0.1785819399008456
애니플러스,2025,Q2,28611388204.0,3056197659.0,0.106817524448979
애니플러스,2025,Q3,55713374661.0,16436644709.0,0.2950215241674426
애니플러스,2025,Q4,36605580575.0,-2054041398.0,-0.0561127938892142
애니플러스,2026,Q1,29612217513.0,2419624390.0,0.0817103409745577
오아,2025,Q2,25527730586.0,2546749921.0,0.0997640551094148
오아,2025,Q3,27336684902.0,1930394386.0,0.070615526093245
오아,2025,Q4,26586723499.0,1249783820.0,0.0470078165159015
오아,2026,Q1,25412437451.0,1055466584.0,0.0415334651009034
오로라,2023,Q1,53836519569.0,8501300345.0,0.1579095456589507
오로라,2023,Q2,57777955399.0,6137571061.0,0.1062268648763266
오로라,2023,Q3,64400974347.0,10248868616.0,0.1591415148593543
오로라,2023,Q4,56539616223.0,3543193849.0,0.0626674548872981
오로라,2024,Q1,60807794913.0,6936194618.0,0.1140675242034984
오로라,2024,Q2,60922281919.0,4699072755.0,0.0771322512385158
오로라,2024,Q3,81727043974.0,13240749497.0,0.1620118488711314
오로라,2024,Q4,72238969331.0,6095635519.0,0.0843815405376246
오로라,2025,Q1,79746830724.0,9726000376.0,0.1219609643129421
오로라,2025,Q2,77053211311.0,8774321895.0,0.1138735394114247
오로라,2025,Q3,87851606885.0,16654325418.0,0.189573372742071
오로라,2025,Q4,83428322378.0,9325326458.0,0.1117765069726379
오로라,2026,Q1,97455114645.0,14193070945.0,0.1456370042424262
에코프로,2023,Q1,2064412867936.0,182368755762.0,0.0883392845464736
에코프로,2023,Q2,2017183598478.0,170264591430.0,0.08440708696941
에코프로,2023,Q3,1903805322249.0,64966994062.0,0.0341248095604929
에코프로,2023,Q4,1274798557059.0,-119428007012.0,-0.0936838266333813
에코프로,2024,Q1,1020593863699.0,-29840618474.0,-0.0292384850971441
에코프로,2024,Q2,864089524284.0,-54647929668.0,-0.0632433655682636
에코프로,2024,Q3,594279264254.0,-108757298241.0,-0.1830070554077354
에코프로,2024,Q4,648890505892.0,-99792851705.0,-0.1537899704169956
에코프로,2025,Q1,806827475329.0,1373792359.0,0.0017027089446102
에코프로,2025,Q2,931704760248.0,16227581454.0,0.017417085482831
에코프로,2025,Q3,959384246723.0,149387016037.0,0.1557113498030284
에코프로,2025,Q4,715105107801.0,46775125034.0,0.065410139745522
에코프로,2026,Q1,818255816379.0,56386142915.0,0.0689101645064054
한진칼,2023,Q1,62372021221.0,11179824555.0,0.1792442241912768
한진칼,2023,Q2,66129390297.0,14244724028.0,0.2154068556208391
한진칼,2023,Q3,37491284050.0,11162190881.0,0.2977276229353366
한진칼,2023,Q4,170937773975.0,6256344765.0,0.0366001300912869
한진칼,2024,Q1,69758193417.0,12868524024.0,0.1844732983131405
한진칼,2024,Q2,70222677964.0,14515436181.0,0.2067058192859208
한진칼,2024,Q3,81577444000.0,13890748000.0,0.1702768230884998
한진칼,2024,Q4,70599027000.0,7918034000.0,0.1121550017962712
한진칼,2025,Q1,62668004000.0,6753069000.0,0.1077594397294032
한진칼,2025,Q2,70664384000.0,9891118000.0,0.1399731723409631
한진칼,2025,Q3,85401720000.0,-36555430000.0,-0.4280409106514482
한진칼,2025,Q4,79627998000.0,12387732000.0,0.1555700546433429
한진칼,2026,Q1,69594760000.0,13011940000.0,0.1869672371885469
HLB,2023,Q1,19817650251.0,-27797040467.0,-1.4026405812463745
HLB,2023,Q2,4332097301.0,-33517164145.0,-7.73693705754556
HLB,2023,Q3,9729743470.0,-29457476385.0,-3.027569686274576
HLB,2023,Q4,9021070174.0,-34253059613.0,-3.797006225682865
HLB,2024,Q1,11154024149.0,-35771193752.0,-3.2070213650386457
HLB,2024,Q2,14794148400.0,-37470348733.0,-2.532781726929277
HLB,2024,Q3,16953004007.0,-19559089568.0,-1.1537241163822016
HLB,2024,Q4,25224550791.0,-25715520876.0,-1.0194639773396943
HLB,2025,Q1,17664112433.0,,
HLB,2025,Q2,15732443379.0,,
HLB,2025,Q3,22111389951.0,,
HLB,2025,Q4,28664628461.0,,
HLB,2026,Q1,18689149780.0,,
에이비엘바이오,2023,Q1,40381313881.0,23111170245.0,0.5723233848484099
에이비엘바이오,2023,Q2,8590309347.0,-10343119307.0,-1.2040450336764803
에이비엘바이오,2023,Q3,8570734019.0,-5194289002.0,-0.6060494924337938
에이비엘바이오,2023,Q4,8004697380.0,-10190863067.0,-1.2731103479891954
에이비엘바이오,2024,Q1,7937205882.0,-14278464933.0,-1.798928381759721
에이비엘바이오,2024,Q2,8441925882.0,-11282493926.0,-1.3364834142949185
에이비엘바이오,2024,Q3,7937205882.0,-14690464275.0,-1.8508357340604007
에이비엘바이오,2024,Q4,9086692513.0,-19125993946.0,-2.104835606425236
에이비엘바이오,2025,Q1,2164692513.0,-29033843574.0,-13.412456226294529
에이비엘바이오,2025,Q2,75742027513.0,40728058802.0,0.53772073628488
에이비엘바이오,2025,Q3,1443128347.0,-22408717311.0,-15.527875505725897
에이비엘바이오,2025,Q4,0.0,-29675433816.0,
에이비엘바이오,2026,Q1,13136000000.0,-17225118856.0,-1.311291021315469
리가켐바이오,2023,Q1,7658035009.0,-18232858912.0,-2.380879545545572
리가켐바이오,2023,Q2,12081402267.0,-16956823126.0,-1.4035475974769147
리가켐바이오,2023,Q3,5218654325.0,-20440133256.0,-3.9167440460812655
리가켐바이오,2023,Q4,9187548468.0,-25192527355.0,-2.742029328361634
리가켐바이오,2024,Q1,31055835445.0,2861496109.0,0.0921403680821184
리가켐바이오,2024,Q2,30753645209.0,-10590225212.0,-0.3443567466565163
리가켐바이오,2024,Q3,30420046354.0,516980277.0,0.0169947235117221
리가켐바이오,2024,Q4,33668613989.0,-13701738898.0,-0.406958804495978
리가켐바이오,2025,Q1,51575560164.0,11377928009.0,0.2206069691307366
리가켐바이오,2025,Q2,32616872894.0,-21549573416.0,-0.6606879048777274
리가켐바이오,2025,Q3,41409774959.0,-23196332185.0,-0.5601656180929935
리가켐바이오,2025,Q4,15950861324.0,,
리가켐바이오,2026,Q1,35888235410.0,-37417536384.0,-1.0426128773546184
SKC,2023,Q1,669112748903.0,-21728891359.0,-0.0324741852469919
SKC,2023,Q2,630895905460.0,-36921973130.0,-0.058523082509276
SKC,2023,Q3,550580527428.0,-44663274491.0,-0.081120330752781
SKC,2023,Q4,-258840282281.0,-114632737037.0,0.4428705455998281
SKC,2024,Q1,415188930010.0,,
SKC,2024,Q2,472718727922.0,,
SKC,2024,Q3,462294976319.0,,
SKC,2024,Q4,371361711353.0,,
SKC,2025,Q1,438464468656.0,-74476802682.0,-0.1698582393923263
SKC,2025,Q2,467295042292.0,-70169650923.0,-0.1501613425617147
SKC,2025,Q3,506018201707.0,,
SKC,2025,Q4,428258729167.0,,
SKC,2026,Q1,496640108452.0,,
케어젠,2023,Q1,24670948398.0,12524750611.0,0.5076720363135835
케어젠,2023,Q2,18382181793.0,7636305136.0,0.415418867139478
케어젠,2023,Q3,18716152046.0,9875065480.0,0.5276226360915085
케어젠,2023,Q4,17440229438.0,10341851586.0,0.5929882759149054
케어젠,2024,Q1,20448592809.0,9251041439.0,0.4524047950589713
케어젠,2024,Q2,20462336553.0,6180271248.0,0.3020315510886222
케어젠,2024,Q3,20316660776.0,12686105394.0,0.6244188222597117
케어젠,2024,Q4,21358357648.0,6132369048.0,0.2871180054695936
케어젠,2025,Q1,21291683667.0,10165915643.0,0.4774594532773452
케어젠,2025,Q2,18118191913.0,7442036583.0,0.4107494069350407
케어젠,2025,Q3,17087883245.0,9865009029.0,0.577310184506706
케어젠,2025,Q4,16310233968.0,-7073177422.0,-0.433664988244637
케어젠,2026,Q1,22703788716.0,10211190041.0,0.4497570942335226
포스코DX,2023,Q1,406560597764.0,29931524353.0,0.0736213113558403
포스코DX,2023,Q2,369108801620.0,34321968153.0,0.0929860463970585
포스코DX,2023,Q3,354537701301.0,32181962462.0,0.0907716227185603
포스코DX,2023,Q4,355668520245.0,14128329613.0,0.0397233064182002
포스코DX,2024,Q1,440116679815.0,35183415575.0,0.0799411092299185
포스코DX,2024,Q2,353016292156.0,24344939998.0,0.0689626528263512
포스코DX,2024,Q3,318555516361.0,26295941282.0,0.0825474365736626
포스코DX,2024,Q4,361602182299.0,23167672368.0,0.0640695037311561
포스코DX,2025,Q1,296780188932.0,22864493398.0,0.0770418452804437
포스코DX,2025,Q2,272857095032.0,17081846937.0,0.0626036384906783
포스코DX,2025,Q3,244723536287.0,21659261676.0,0.0885050208272532
포스코DX,2025,Q4,260814542793.0,-1217015924.0,-0.0046662119027845
포스코DX,2026,Q1,241510184526.0,3658162591.0,0.0151470324043671
한미사이언스,2023,Q1,291262980224.0,31338502146.0,0.1075952121409273
한미사이언스,2023,Q2,315356702067.0,26440649770.0,0.0838436272217943
한미사이언스,2023,Q3,309356996416.0,35751118097.0,0.1155658947791327
한미사이언스,2023,Q4,331929700361.0,30938410985.0,0.0932077212474569
한미사이언스,2024,Q1,320152331872.0,37303322942.0,0.1165174175801856
한미사이언스,2024,Q2,309095853133.0,26488532301.0,0.0856968219809869
한미사이언스,2024,Q3,322474261036.0,22434807077.0,0.0695708457627737
한미사이언스,2024,Q4,331709849606.0,12641249905.0,0.0381093594899732
한미사이언스,2025,Q1,332150251048.0,27066600134.0,0.0814890250680211
한미사이언스,2025,Q2,338268934102.0,34612153908.0,0.1023214088514649
한미사이언스,2025,Q3,342511980369.0,39301846394.0,0.1147459027612954
한미사이언스,2025,Q4,344026367327.0,37746568098.0,0.1097199856838925
한미사이언스,2026,Q1,353702972178.0,33561995850.0,0.0948875143551522
SK바이오사이언스,2023,Q1,20596828186.0,-29188806662.0,-1.41715056310661
SK바이오사이언스,2023,Q2,26478227344.0,-35309010531.0,-1.3335111173520862
SK바이오사이언스,2023,Q3,231826283725.0,60937364856.0,0.2628578773590915
SK바이오사이언스,2023,Q4,90604216603.0,-8427312435.0,-0.0930123646664912
SK바이오사이언스,2024,Q1,22270678066.0,-28101977959.0,-1.2618375550002887
SK바이오사이언스,2024,Q2,26777434120.0,-19939724541.0,-0.7446465726194083
SK바이오사이언스,2024,Q3,61647711594.0,-39613612390.0,-0.6425804197062115
SK바이오사이언스,2024,Q4,156849225374.0,-50775983116.0,-0.3237247936349505
SK바이오사이언스,2025,Q1,154557715977.0,-15125961270.0,-0.0978661024743075
SK바이오사이언스,2025,Q2,161859526907.0,-37395041197.0,-0.2310339212747492
SK바이오사이언스,2025,Q3,150764791550.0,-19370985552.0,-0.1284848097015791
SK바이오사이언스,2025,Q4,184186308099.0,-51609694747.0,-0.2802037528178252
SK바이오사이언스,2026,Q1,168610527502.0,-44535066048.0,-0.2641298067670878
보로노이,2023,Q1,0.0,-8526108698.0,
보로노이,2023,Q2,0.0,-6829289766.0,
보로노이,2023,Q3,0.0,-6633855404.0,
보로노이,2023,Q4,0.0,-9346256606.0,
보로노이,2024,Q1,0.0,-7615525436.0,
보로노이,2024,Q2,0.0,-8637806222.0,
보로노이,2024,Q3,0.0,-9493772141.0,
보로노이,2024,Q4,0.0,-10591945891.0,
보로노이,2025,Q1,0.0,-14485101418.0,
보로노이,2025,Q2,3350250000.0,-10161278152.0,-3.0329910161928213
보로노이,2025,Q3,4140000000.0,-13563158292.0,-3.276125191304348
보로노이,2025,Q4,22056000.0,-16174998114.0,-733.3604513057671
보로노이,2026,Q1,0.0,-22001677521.0,
동서,2023,Q1,123840687014.0,12600933741.0,0.1017511614706682
동서,2023,Q2,129722880914.0,11246842053.0,0.0866989845874307
동서,2023,Q3,121187084236.0,10415611258.0,0.0859465455717757
동서,2023,Q4,114944889405.0,9489099788.0,0.0825534726869486
동서,2024,Q1,119961886600.0,11402942835.0,0.0950547141111733
동서,2024,Q2,128411035795.0,11639302181.0,0.0906409804183917
동서,2024,Q3,116044830130.0,10073266668.0,0.0868049585381387
동서,2024,Q4,124442640020.0,11361455472.0,0.091298733859825
동서,2025,Q1,128789889398.0,11767385914.0,0.0913688641942628
동서,2025,Q2,136891078661.0,11739033213.0,0.0857545526547481
동서,2025,Q3,137322183792.0,13458776085.0,0.0980087536722094
동서,2025,Q4,129875349074.0,8372198305.0,0.0644633363043337
동서,2026,Q1,135283553465.0,10388496303.0,0.0767905339335107
디앤디파마텍,2024,Q2,2316568342.0,-5946857642.0,-2.567097863759031
디앤디파마텍,2024,Q3,1939728271.0,-6988493250.0,-3.602820742720412
디앤디파마텍,2024,Q4,5055442778.0,-6861189343.0,-1.3571886072686157
디앤디파마텍,2025,Q1,1413461813.0,-9312613506.0,-6.588514398018618
디앤디파마텍,2025,Q2,924556754.0,-8059207490.0,-8.716833720734465
디앤디파마텍,2025,Q3,969494663.0,-6209234759.0,-6.404609531099606
디앤디파마텍,2025,Q4,990091717.0,-10411555849.0,-10.51574886470846
디앤디파마텍,2026,Q1,128776875.0,-11122079256.0,-86.36705352572037
제주반도체,2023,Q1,34641120613.0,3565637132.0,0.102930767507039
제주반도체,2023,Q2,37274600164.0,5872004055.0,0.1575336564085055
제주반도체,2023,Q3,39516816967.0,4320355428.0,0.1093295401704007
제주반도체,2023,Q4,34467255855.0,4080428693.0,0.1183856559444685
제주반도체,2024,Q1,42589798341.0,4767118693.0,0.111930999410505
제주반도체,2024,Q2,43871041093.0,2401191378.0,0.0547329472512365
제주반도체,2024,Q3,39050891100.0,1906301022.0,0.0488158136294103
제주반도체,2024,Q4,36838214921.0,506749181.0,0.013756073199712
제주반도체,2025,Q1,48440247633.0,3699508665.0,0.0763726208220228
제주반도체,2025,Q2,51066931074.0,4337849902.0,0.0849444016072576
제주반도체,2025,Q3,110951148841.0,13901794568.0,0.1252965355764107
제주반도체,2025,Q4,91772243638.0,13934819177.0,0.151841326141775
제주반도체,2026,Q1,180471968353.0,67113446927.0,0.3718774031196206
올릭스,2023,Q1,2256751092.0,-7816195198.0,-3.4634724342032133
올릭스,2023,Q2,2276460686.0,-7595496029.0,-3.3365373167705124
올릭스,2023,Q3,2025076107.0,-5043688478.0,-2.490616752904092
올릭스,2023,Q4,10505987561.0,2270037530.0,0.2160708373981673
올릭스,2024,Q1,768388922.0,-10092953918.0,-13.135215291404217
올릭스,2024,Q2,4599740699.0,-3773197709.0,-0.8203066120271316
올릭스,2024,Q3,263808276.0,-9444527380.0,-35.80072438667542
올릭스,2024,Q4,45214014.0,-7607915156.0,-168.26453753917977
올릭스,2025,Q1,976551945.0,-8242590698.0,-8.4405041024213
올릭스,2025,Q2,6251081388.0,-4961606943.0,-0.7937197798327562
올릭스,2025,Q3,2908651160.0,-8311370292.0,-2.8574654830729167
올릭스,2025,Q4,4530569786.0,-8456862201.0,-1.8666222131999184
올릭스,2026,Q1,3572219763.0,-10786085392.0,-3.019435003332968
신영증권,2026,Q1,1663107292940.0,121069203114.0,0.0727969888821645
두산퓨얼셀,2024,Q1,31690983555.0,1649259360.0,0.0520419114521231
두산퓨얼셀,2024,Q2,86488248797.0,2167251682.0,0.0250583369665264
두산퓨얼셀,2024,Q3,32023099405.0,-2988955597.0,-0.0933374861439337
두산퓨얼셀,2024,Q4,261581378651.0,-2556595152.0,-0.0097736129581723
두산퓨얼셀,2025,Q1,99748665541.0,-11549564305.0,-0.1157866548124671
두산퓨얼셀,2025,Q2,128467303931.0,-1914347507.0,-0.0149014375519875
두산퓨얼셀,2025,Q3,90806426924.0,-15603689615.0,-0.1718346392822991
두산퓨얼셀,2025,Q4,135772310217.0,-76605793109.0,-0.5642225059481106
두산퓨얼셀,2026,Q1,144847175429.0,-1291204536.0,-0.0089142541590872
우리기술,2023,Q1,10370797915.0,-1974344010.0,-0.1903753236908001
우리기술,2023,Q2,12657323016.0,330851283.0,0.0261391198266627
우리기술,2023,Q3,22202739033.0,6130759487.0,0.2761262688305183
우리기술,2023,Q4,17935267584.0,2191587044.0,0.1221942763739476
우리기술,2024,Q1,15471894642.0,-399562479.0,-0.0258250516982805
우리기술,2024,Q2,12862580603.0,-1227897688.0,-0.0954627788854136
우리기술,2024,Q3,17057630948.0,-1602498886.0,-0.0939461576396628
우리기술,2024,Q4,25858078755.0,3783881339.0,0.1463326558346233
우리기술,2025,Q1,18536464902.0,-2998302463.0,-0.1617515787854725
우리기술,2025,Q2,22584360190.0,-659253157.0,-0.0291906944209961
우리기술,2025,Q3,21183011773.0,-649879683.0,-0.0306792863056584
우리기술,2025,Q4,24831558524.0,-1179277520.0,-0.04749107950112
우리기술,2026,Q1,16957106438.0,-6738344094.0,-0.3973758210834673
이수스페셜티케미컬,2025,Q3,103986105087.0,-1460814951.0,-0.0140481745111792
이수스페셜티케미컬,2025,Q4,108878470268.0,1631514834.0,0.0149847332533612
이수스페셜티케미컬,2026,Q1,108571660000.0,3480707000.0,0.0320590750846031
대한광통신,2023,Q1,64568441587.0,3241885643.0,0.050208516162371
대한광통신,2023,Q2,39961980332.0,-3199061753.0,-0.0800526331884087
대한광통신,2023,Q3,40837247552.0,-8269172118.0,-0.2024909271240788
대한광통신,2023,Q4,34895094266.0,-14996903218.0,-0.4297711048917331
대한광통신,2024,Q1,32827933783.0,-8365141996.0,-0.2548178039865519
대한광통신,2024,Q2,40168672189.0,-3177964469.0,-0.0791154971229113
대한광통신,2024,Q3,43928808659.0,-4439111282.0,-0.101052394032783
대한광통신,2024,Q4,35792017198.0,-13722505045.0,-0.3833956876218419
대한광통신,2025,Q1,25393611150.0,-6920418344.0,-0.2725259634449431
대한광통신,2025,Q2,41638182684.0,-2773349398.0,-0.066605918395802
대한광통신,2025,Q3,43298471111.0,-6710740620.0,-0.1549879348579385
대한광통신,2025,Q4,29116470025.0,-5006204229.0,-0.1719371965317763
대한광통신,2026,Q1,34248640061.0,-3961404116.0,-0.1156660267077575
메지온,2023,Q1,7788474015.0,-4596081567.0,-0.5901132311860194
메지온,2023,Q2,8112805692.0,-3340274508.0,-0.4117286466374794
메지온,2023,Q3,8430090891.0,-3288920364.0,-0.3901405579756281
메지온,2023,Q4,7389561634.0,-3263289701.0,-0.4416080225903154
메지온,2024,Q1,2157695511.0,-4066222700.0,-1.8845210917250688
메지온,2024,Q2,2268674650.0,-4598984366.0,-2.0271678735423784
메지온,2024,Q3,2260875308.0,-1658391191.0,-0.7335173174442047
메지온,2024,Q4,1924375411.0,-3975952389.0,-2.066100183089484
메지온,2025,Q1,1953156711.0,-3518255958.0,-1.8013178042424882
메지온,2025,Q2,1744204057.0,-3547630702.0,-2.0339539331779
메지온,2025,Q3,2127744865.0,-4651587291.0,-2.1861583912223423
메지온,2025,Q4,2084394760.0,-5051059090.0,-2.42327374206218
메지온,2026,Q1,2015440537.0,-4562840209.0,-2.263941865430486
다우기술,2023,Q1,3150650252375.0,405473469786.0,0.1286951699828786
다우기술,2023,Q2,2297131402364.0,201890193689.0,0.0878879603845182
다우기술,2023,Q3,2175604866699.0,290894482976.0,0.1337074058936851
다우기술,2023,Q4,2231755275696.0,-258378129292.0,-0.1157735044275504
다우기술,2024,Q1,2722843573430.0,359288483241.0,0.1319534058977908
다우기술,2024,Q2,2366770550497.0,332306504691.0,0.1404050361456537
다우기술,2024,Q3,2799735434445.0,288035860165.0,0.102879670922227
다우기술,2024,Q4,3736448897360.0,195051094622.0,0.0522022647653
다우기술,2025,Q1,3747561687129.0,344439246096.0,0.0919102271962531
다우기술,2025,Q2,4595277807527.0,429534809113.0,0.0934730884843192
다우기술,2025,Q3,3465605560170.0,426800645478.0,0.1231532665988289
다우기술,2025,Q4,5686558781482.0,358509027582.0,0.0630449875501976
다우기술,2026,Q1,9482573083277.0,641342856940.0,0.0676338427669005
에임드바이오,2025,Q3,114242027.0,-5867003029.0,-51.35590800572893
에임드바이오,2025,Q4,37978804623.0,25521115697.0,0.6719831219106983
에임드바이오,2026,Q1,8498386110.0,-3956973063.0,-0.4656146486853372
롯데에너지머티리얼즈,2023,Q1,163641169901.0,6119452309.0,0.0373955546315279
롯데에너지머티리얼즈,2023,Q2,198156156712.0,1519022535.0,0.0076657852080152
롯데에너지머티리얼즈,2023,Q3,217671724682.0,3035130777.0,0.0139436152372756
롯데에너지머티리얼즈,2023,Q4,229537005706.0,1131776645.0,0.0049306936000098
롯데에너지머티리얼즈,2024,Q1,241707544353.0,4325792627.0,0.0178968043326046
롯데에너지머티리얼즈,2024,Q2,262700694495.0,3032433387.0,0.01154330175194
롯데에너지머티리얼즈,2024,Q3,211447693928.0,-31737988162.0,-0.1500985306219849
롯데에너지머티리얼즈,2024,Q4,186396087415.0,-40064887693.0,-0.2149448963689772
롯데에너지머티리얼즈,2025,Q1,157974854210.0,-46022018318.0,-0.2913249614829317
롯데에너지머티리얼즈,2025,Q2,204945979311.0,-31103338140.0,-0.1517635927504658
롯데에너지머티리얼즈,2025,Q3,143705956170.0,,
롯데에너지머티리얼즈,2025,Q4,170904016902.0,,
롯데에너지머티리얼즈,2026,Q1,159848681509.0,-4980462163.0,-0.0311573552936661
아시아나항공,2023,Q1,1747416979739.0,166815661734.0,0.095464141454615
아시아나항공,2023,Q2,1825577438251.0,151313242809.0,0.0828851406894939
아시아나항공,2023,Q3,2001891219916.0,199486654094.0,0.0996490978677505
아시아나항공,2023,Q4,2048462709458.0,102313114692.0,0.0499462910501655
아시아나항공,2024,Q1,2008865525391.0,62331003039.0,0.031027961927351
아시아나항공,2024,Q2,2015348083684.0,18001350702.0,0.0089321298130762
아시아나항공,2024,Q3,2177274236412.0,176803426958.0,0.0812040229022137
아시아나항공,2024,Q4,2117079383224.0,18554611294.0,0.0087642492015316
아시아나항공,2025,Q1,2074369008854.0,55422125504.0,0.0267175826805368
아시아나항공,2025,Q2,,-6938292714.0,
아시아나항공,2025,Q3,1681231694732.0,-197658640963.0,-0.1175677579612298
아시아나항공,2025,Q4,1624200106303.0,-196015453000.0,-0.1206843000682778
아시아나항공,2026,Q1,1680446843752.0,-52359584762.0,-0.0311581321103229
원익홀딩스,2025,Q1,171018857039.0,10233047783.0,0.0598357862996734
원익홀딩스,2025,Q2,157556525045.0,-1860225279.0,-0.011806716849516
원익홀딩스,2025,Q3,143396174625.0,-8067635742.0,-0.056261164309982
원익홀딩스,2025,Q4,151020047531.0,-723311158.0,-0.0047895042401673
원익홀딩스,2026,Q1,117143815227.0,-2315726487.0,-0.019768235160453
네이처셀,2023,Q1,5822193224.0,-2156628074.0,-0.3704150637100188
네이처셀,2023,Q2,5663028265.0,-1020458305.0,-0.1801965763277009
네이처셀,2023,Q3,3859132539.0,-1661570381.0,-0.4305554070010136
네이처셀,2023,Q4,4006533001.0,-5434328227.0,-1.35636677038318
네이처셀,2024,Q1,9088291874.0,73167051.0,0.0080506933551857
네이처셀,2024,Q2,9624073437.0,1251183493.0,0.1300056053385661
네이처셀,2024,Q3,5817649487.0,-986330703.0,-0.1695411016432039
네이처셀,2024,Q4,7740065358.0,195671052.0,0.0252802842029954
네이처셀,2025,Q1,4077555972.0,-1705656526.0,-0.4183036450541702
네이처셀,2025,Q2,6404076401.0,-286822536.0,-0.0447874944082822
네이처셀,2025,Q3,3900319283.0,-1392854479.0,-0.3571129381819893
네이처셀,2025,Q4,6352661915.0,-260910116.0,-0.0410709903172928
네이처셀,2026,Q1,4059763678.0,-1322679651.0,-0.3258021293622697
제이에스링크,2023,Q1,3965718069.0,-2169000935.0,-0.5469377543388851
제이에스링크,2023,Q2,4985592505.0,-748555818.0,-0.1501438028176753
제이에스링크,2023,Q3,4158726068.0,-1744100501.0,-0.4193833574229059
제이에스링크,2023,Q4,8838953840.0,319600829.0,0.0361582190364736
제이에스링크,2024,Q1,3062263970.0,-2534475540.0,-0.8276476374438746
제이에스링크,2024,Q2,3050374035.0,-2386340387.0,-0.7823107460328221
제이에스링크,2024,Q3,4090140822.0,-2479203922.0,-0.6061414581778916
제이에스링크,2024,Q4,5704938347.0,-1711548017.0,-0.3000116588288872
제이에스링크,2025,Q1,1427460386.0,-4818368237.0,-3.3754829796026296
제이에스링크,2025,Q2,3838068372.0,-2360132718.0,-0.6149272209994908
제이에스링크,2025,Q3,5168896408.0,-3864537206.0,-0.7476522841546567
제이에스링크,2025,Q4,8882042654.0,-1443661556.0,-0.1625371113647885
제이에스링크,2026,Q1,2418066284.0,-4918944250.0,-2.034247068638256
오름테라퓨틱,2025,Q1,2953532.0,-9570062962.0,-3240.209675060233
오름테라퓨틱,2025,Q2,4162791.0,-9995848525.0,-2401.2371807760705
오름테라퓨틱,2025,Q3,15889734.0,-13938750131.0,-877.2173361114793
오름테라퓨틱,2025,Q4,558176.0,-18254515387.0,-32703.870082196296
오름테라퓨틱,2026,Q1,0.0,-18076125528.0,
SK아이이테크놀로지,2023,Q1,143030016000.0,-3663899000.0,-0.0256162944147331
SK아이이테크놀로지,2023,Q2,151808453000.0,924059000.0,0.0060870062354169
SK아이이테크놀로지,2023,Q3,182235365000.0,7888601000.0,0.0432879809031578
SK아이이테크놀로지,2023,Q4,172494471000.0,26879159000.0,0.155826206162863
SK아이이테크놀로지,2024,Q1,46154338000.0,-67403984000.0,-1.4604040902937443
SK아이이테크놀로지,2024,Q2,61695093000.0,-58673100000.0,-0.9510172875499192
SK아이이테크놀로지,2024,Q3,50761475000.0,-73003077000.0,-1.4381590960467558
SK아이이테크놀로지,2024,Q4,59253713000.0,-91914018000.0,-1.5511942348659231
SK아이이테크놀로지,2025,Q1,58235097000.0,,
SK아이이테크놀로지,2025,Q2,82724538000.0,,
SK아이이테크놀로지,2025,Q3,79086711000.0,,
SK아이이테크놀로지,2025,Q4,41827932000.0,,
SK아이이테크놀로지,2026,Q1,35872991000.0,,
태성,2023,Q1,11822582581.0,233370725.0,0.0197394032480727
태성,2023,Q2,8130081434.0,113042679.0,0.0139042492892205
태성,2023,Q3,5088226747.0,-821574930.0,-0.1614658644063764
태성,2023,Q4,8298064565.0,-210545420.0,-0.025372834635205
태성,2024,Q1,17743759496.0,2082902250.0,0.1173878765923056
태성,2024,Q2,14551125283.0,2696804791.0,0.1853330748344708
태성,2024,Q3,12656545826.0,-1017459526.0,-0.0803899847547551
태성,2024,Q4,14260989435.0,2275409571.0,0.1595548178035656
태성,2025,Q1,7548931201.0,-1562524289.0,-0.2069861610068739
태성,2025,Q2,8638342867.0,-1178848560.0,-0.136466979622146
태성,2025,Q3,8793358790.0,-1176130529.0,-0.1337521369351517
태성,2025,Q4,12878612182.0,1411155274.0,0.1095735514089261
태성,2026,Q1,19867687519.0,-883023424.0,-0.0444452039602264
교보증권,2025,Q1,1108266590645.0,67178773455.0,0.0606160774150041
교보증권,2025,Q2,1257802256000.0,70518420000.0,0.0560647905214124
교보증권,2025,Q3,830434267000.0,40632797000.0,0.0489295765055417
교보증권,2025,Q4,1310292117000.0,12113436000.0,0.009244836203193
교보증권,2026,Q1,2395697867000.0,95907271000.0,0.0400331245108546
삼현,2024,Q3,24289438770.0,1859565540.0,0.076558604651531
삼현,2024,Q4,26404647604.0,-21900858.0,-0.0008294319366974
삼현,2025,Q1,24326626824.0,1901654758.0,0.078171740445489
삼현,2025,Q2,26859505067.0,1517001678.0,0.056479137430712
삼현,2025,Q3,22486764011.0,-1322598179.0,-0.0588167411884171
삼현,2025,Q4,21368826347.0,-1290724302.0,-0.0604022083871352
삼현,2026,Q1,18763549394.0,-2494899392.0,-0.132965215674908
대원전선,2023,Q1,124438894130.0,1689699723.0,0.013578549816063
대원전선,2023,Q2,137485524538.0,3327681653.0,0.0242038692013736
대원전선,2023,Q3,124224614904.0,3494984125.0,0.0281343929115892
대원전선,2023,Q4,129252874820.0,4617747977.0,0.0357264624359865
대원전선,2024,Q1,130511544809.0,3027041826.0,0.023193670954014
대원전선,2024,Q2,151795374467.0,4003889657.0,0.0263768884332535
대원전선,2024,Q3,133193833541.0,5289039176.0,0.0397093396547665
대원전선,2024,Q4,137276568561.0,2018573436.0,0.014704428127536
대원전선,2025,Q1,151266934457.0,8325862637.0,0.0550408631396358
대원전선,2025,Q2,151419534768.0,5395602351.0,0.0356334627448629
대원전선,2025,Q3,154792176129.0,1106630284.0,0.0071491357746515
대원전선,2025,Q4,167063842052.0,-5476850317.0,-0.0327829783496496
대원전선,2026,Q1,189242394685.0,14668767675.0,0.0775131159136758
태광산업,2023,Q1,588162090619.0,-26693139147.0,-0.0453839844028494
태광산업,2023,Q2,587530312468.0,-26450869742.0,-0.045020434147286
태광산업,2023,Q3,590100191447.0,-31293787083.0,-0.0530313115240035
태광산업,2023,Q4,499697323666.0,,
태광산업,2024,Q1,554392628712.0,,
태광산업,2024,Q2,554560913764.0,6939938496.0,0.0125142943250295
태광산업,2024,Q3,526448374276.0,,
태광산업,2024,Q4,486461418559.0,,
태광산업,2025,Q1,507500780502.0,2707633201.0,0.0053352296292465
태광산업,2025,Q2,464633416898.0,-18904639411.0,-0.0406872143144841
태광산업,2025,Q3,445197142480.0,,
태광산업,2025,Q4,410108221586.0,,
태광산업,2026,Q1,533314204401.0,-11400670426.0,-0.0213770237730773
에스에이엠티,2023,Q1,483795055937.0,12878926715.0,0.0266206249050157
에스에이엠티,2023,Q2,490069846669.0,12658185213.0,0.0258293492224375
에스에이엠티,2023,Q3,541150642631.0,15057241856.0,0.0278244922389702
에스에이엠티,2023,Q4,630052133761.0,12948288166.0,0.0205511377109496
에스에이엠티,2024,Q1,689913749968.0,21492992682.0,0.0311531589028293
에스에이엠티,2024,Q2,718130680818.0,14864036770.0,0.0206982338549703
에스에이엠티,2024,Q3,734084883617.0,14709472215.0,0.0200378356008683
에스에이엠티,2024,Q4,747344002689.0,16303663537.0,0.0218154738357947
에스에이엠티,2025,Q1,764364570949.0,19538257149.0,0.0255614374234302
에스에이엠티,2025,Q2,918010552994.0,22251510416.0,0.0242388394593383
에스에이엠티,2025,Q3,1028642523522.0,27157729967.0,0.0264015237033112
에스에이엠티,2025,Q4,1045576519138.0,44953513224.0,0.0429939965188399
에스에이엠티,2026,Q1,1795378702839.0,327302932540.0,0.1823030049439941
한화투자증권,2023,Q3,475942434511.0,,
한화투자증권,2023,Q4,409138126758.0,,
한화투자증권,2024,Q1,666281698670.0,25960730734.0,0.0389635957070734
한화투자증권,2024,Q2,484163102109.0,,
한화투자증권,2024,Q3,461014317475.0,,
한화투자증권,2024,Q4,884333861092.0,,
한화투자증권,2025,Q1,836959197971.0,47151118296.0,0.0563362209416016
한화투자증권,2025,Q2,889628000000.0,37718000000.0,0.0423974964816754
한화투자증권,2025,Q3,469392000000.0,37656000000.0,0.0802229266796196
한화투자증권,2025,Q4,898598000000.0,25175000000.0,0.0280158647136984
한화투자증권,2026,Q1,1659350000000.0,29649000000.0,0.0178678398167957
SK디스커버리,2023,Q1,2552458815859.0,177243843058.0,0.0694404320871875
SK디스커버리,2023,Q2,1906714314717.0,20271965017.0,0.0106318837911534
SK디스커버리,2023,Q3,2359793448603.0,109908668644.0,0.0465755461390343
SK디스커버리,2023,Q4,2120250271600.0,-50722442173.0,-0.0239228561139263
SK디스커버리,2024,Q1,2158526537561.0,39468629147.0,0.0182849867537867
SK디스커버리,2024,Q2,2119447645325.0,39556087929.0,0.018663394689768
SK디스커버리,2024,Q3,2189579342598.0,21044123008.0,0.0096110346853339
SK디스커버리,2024,Q4,2572049363639.0,72488995920.0,0.0281833610757146
SK디스커버리,2025,Q1,2406122030707.0,110687087184.0,0.0460022749351064
SK디스커버리,2025,Q2,2497784560362.0,87996032670.0,0.0352296327179021
SK디스커버리,2025,Q3,2601279835164.0,168141462657.0,0.0646379756549334
SK디스커버리,2025,Q4,2658827563378.0,-5471023229.0,-0.0020576826058058
SK디스커버리,2026,Q1,3289249768218.0,189763322166.0,0.0576919770579803
카카오게임즈,2023,Q1,249161528586.0,11342197946.0,0.0455214655744301
카카오게임즈,2023,Q2,271092387114.0,26477541309.0,0.0976698076654791
카카오게임즈,2023,Q3,264698128349.0,22562510024.0,0.085238645867007
카카오게임즈,2023,Q4,240133920236.0,14134633727.0,0.0588614624419103
카카오게임즈,2024,Q1,246277620948.0,12263543215.0,0.0497956053326882
카카오게임즈,2024,Q2,235613377051.0,2799914430.0,0.0118835121547192
카카오게임즈,2024,Q3,193899333467.0,5715351178.0,0.0294758681002516
카카오게임즈,2024,Q4,48536274617.0,6396269698.0,0.1317832847385383
카카오게임즈,2025,Q1,122854093781.0,-12440478072.0,-0.1012622183691853
카카오게임즈,2025,Q2,115808058731.0,-8614530274.0,-0.0743862764681161
카카오게임즈,2025,Q3,127467707653.0,-5446586386.0,-0.0427291467485005
카카오게임즈,2025,Q4,98888706363.0,-13089106380.0,-0.1323619942195683
카카오게임즈,2026,Q1,82925831048.0,,
에스앤에스텍,2023,Q1,35610094282.0,6997028551.0,0.1964900316070441
에스앤에스텍,2023,Q2,35763111332.0,6193080311.0,0.1731695056816428
에스앤에스텍,2023,Q3,38543093444.0,5720153748.0,0.1484093059710145
에스앤에스텍,2023,Q4,40404109166.0,6129140080.0,0.151695958814943
에스앤에스텍,2024,Q1,41770510442.0,7369242678.0,0.1764221360960499
에스앤에스텍,2024,Q2,42442295147.0,8513151237.0,0.2005817830424692
에스앤에스텍,2024,Q3,46561709374.0,9595584865.0,0.2060831742220822
에스앤에스텍,2024,Q4,45239376404.0,4000709237.0,0.08843422599977
에스앤에스텍,2025,Q1,57862195150.0,11875664093.0,0.2052404693982648
에스앤에스텍,2025,Q2,60671932959.0,13293171706.0,0.2190991955865831
에스앤에스텍,2025,Q3,61548431394.0,11911858494.0,0.1935363456746229
에스앤에스텍,2025,Q4,63608657821.0,13309058053.0,0.2092334362792685
에스앤에스텍,2026,Q1,61691716740.0,11376047234.0,0.1844015345195271
차바이오텍,2023,Q1,236433139346.0,12078457472.0,0.0510861442918295
차바이오텍,2023,Q2,239764610432.0,1390328742.0,0.005798723754498
차바이오텍,2023,Q3,237019405306.0,-5038036335.0,-0.0212557968766132
차바이오텍,2023,Q4,240734268048.0,-17998218603.0,-0.0747638412633939
차바이오텍,2024,Q1,232403704132.0,-12564683848.0,-0.0540640429761117
차바이오텍,2024,Q2,264645494449.0,-776913774.0,-0.0029356773128428
차바이오텍,2024,Q3,272015987207.0,-6823499236.0,-0.0250849198463008
차바이오텍,2024,Q4,275983835336.0,-39519039598.0,-0.1431933125716839
차바이오텍,2025,Q1,304140291421.0,-12509187910.0,-0.041129663720498
차바이오텍,2025,Q2,298895196431.0,-20766895969.0,-0.0694788548527043
차바이오텍,2025,Q3,318675034705.0,-8056237322.0,-0.0252804156103967
차바이오텍,2025,Q4,346543146027.0,-7442498147.0,-0.0214763968998542
차바이오텍,2026,Q1,329705878244.0,-30730953242.0,-0.0932071742416962
큐리언트,2023,Q1,2149811908.0,-7187988255.0,-3.343542859843532
큐리언트,2023,Q2,2227574883.0,-6442114938.0,-2.8919858035587303
큐리언트,2023,Q3,2260818893.0,-5139088624.0,-2.2731093763909023
큐리언트,2023,Q4,2393601386.0,-4444015727.0,-1.8566231424299484
큐리언트,2024,Q1,2112607145.0,-5727380879.0,-2.7110487118039166
큐리언트,2024,Q2,1985720281.0,-7947917716.0,-4.002536405579472
큐리언트,2024,Q3,2260298262.0,-6013149201.0,-2.660334391302558
큐리언트,2024,Q4,2821208756.0,-7789342844.0,-2.7609948492588616
큐리언트,2025,Q1,1920354430.0,-6723189387.0,-3.5010148553670897
큐리언트,2025,Q2,1845892502.0,-6764054716.0,-3.664381706232208
큐리언트,2025,Q3,1687931449.0,-7012008511.0,-4.154202183479787
큐리언트,2025,Q4,1528446449.0,-9264914485.0,-6.061654623923301
큐리언트,2026,Q1,1941904114.0,-7665756993.0,-3.9475466052800177
신성델타테크,2023,Q1,231464510380.0,13323161015.0,0.057560275625525
신성델타테크,2023,Q2,203673802685.0,10757374524.0,0.0528166822742405
신성델타테크,2023,Q3,212535251871.0,8932416601.0,0.0420279295898715
신성델타테크,2023,Q4,186030533843.0,-3145507040.0,-0.0169085524565265
신성델타테크,2024,Q1,222801032078.0,6272195806.0,0.0281515563348206
신성델타테크,2024,Q2,221271125928.0,9559652208.0,0.0432033423606776
신성델타테크,2024,Q3,221649287447.0,7213279575.0,0.0325436623689792
신성델타테크,2024,Q4,244001000956.0,4131112221.0,0.0169307183364585
신성델타테크,2025,Q1,259474668074.0,10373643652.0,0.0399794081210329
신성델타테크,2025,Q2,220782410107.0,6680401069.0,0.0302578500966739
신성델타테크,2025,Q3,218299087995.0,5075642505.0,0.0232508644521513
신성델타테크,2025,Q4,246807627042.0,5560241064.0,0.0225286435862607
신성델타테크,2026,Q1,276649630338.0,7106947946.0,0.0256893455354232
로보스타,2023,Q1,16981386653.0,-1749883599.0,-0.1030471559689066
로보스타,2023,Q2,30233921262.0,855289897.0,0.0282890826362965
로보스타,2023,Q3,28901153703.0,-137544291.0,-0.0047591280408201
로보스타,2023,Q4,26562694529.0,2168106679.0,0.0816222419240245
로보스타,2024,Q1,20898916431.0,-467002250.0,-0.0223457637883694
로보스타,2024,Q2,27622070785.0,1593024367.0,0.0576721556975041
로보스타,2024,Q3,17037306389.0,-2039040042.0,-0.1196808929442326
로보스타,2024,Q4,23582070856.0,1061564111.0,0.0450157290037107
로보스타,2025,Q1,14149812196.0,-2380752592.0,-0.1682532996920633
로보스타,2025,Q2,19651450559.0,-815687336.0,-0.0415077418102568
로보스타,2025,Q3,17344957139.0,-1104306956.0,-0.0636673211210752
로보스타,2025,Q4,24588919147.0,-1360034359.0,-0.055310863843559
로보스타,2026,Q1,25146294054.0,73726189.0,0.002931890832171
유일로보틱스,2026,Q1,4558779052.0,-4112301714.0,-0.90206208002028
휴림로봇,2023,Q1,17707116294.0,-688840650.0,-0.0389019103146349
휴림로봇,2023,Q2,17227460160.0,-1314238053.0,-0.0762873947055466
휴림로봇,2023,Q3,17697065894.0,-689857626.0,-0.0389814690261106
휴림로봇,2023,Q4,30033583411.0,830809508.0,0.0276626833578476
휴림로봇,2024,Q1,20691544306.0,-815713756.0,-0.0394225652728812
휴림로봇,2024,Q2,21906569783.0,-271855369.0,-0.0124097643626053
휴림로봇,2024,Q3,23246685138.0,-1962044933.0,-0.084401062833374
휴림로봇,2024,Q4,67253121297.0,-1888785498.0,-0.028084726204139
휴림로봇,2025,Q1,50627911794.0,774749788.0,0.015302819345036
휴림로봇,2025,Q2,52622002571.0,953681244.0,0.0181232411805926
휴림로봇,2025,Q3,40467328653.0,-3183371281.0,-0.0786652192512342
휴림로봇,2025,Q4,24587546051.0,-15867128259.0,-0.6453319182844873
휴림로봇,2026,Q1,30015744235.0,-4572482082.0,-0.1523361222097647
레이크머티리얼즈,2023,Q1,30232350071.0,8313368640.0,0.2749825475186758
레이크머티리얼즈,2023,Q2,29082048929.0,7962738274.0,0.2738025196725299
레이크머티리얼즈,2023,Q3,26856847064.0,4058127234.0,0.1511021462917617
레이크머티리얼즈,2023,Q4,31618565079.0,9192156475.0,0.290720228828636
레이크머티리얼즈,2024,Q1,30831559005.0,4924780036.0,0.1597317876530778
레이크머티리얼즈,2024,Q2,30724989677.0,5057783803.0,0.1646146624025113
레이크머티리얼즈,2024,Q3,32443773472.0,3955374033.0,0.1219147346227655
레이크머티리얼즈,2024,Q4,44725456229.0,8228144856.0,0.183970059776939
레이크머티리얼즈,2025,Q1,31981730965.0,2762729351.0,0.0863846098268871
레이크머티리얼즈,2025,Q2,31244737888.0,4344284611.0,0.1390405202492828
레이크머티리얼즈,2025,Q3,36167760870.0,1379907552.0,0.0381529715638158
레이크머티리얼즈,2025,Q4,41839630371.0,4784183977.0,0.1143457514939239
레이크머티리얼즈,2026,Q1,33180743713.0,4248176462.0,0.1280313816575362
클로봇,2025,Q1,4922609033.0,-3382560996.0,-0.6871480089773768
클로봇,2025,Q2,7849410881.0,-1877880143.0,-0.2392383545044799
클로봇,2025,Q3,10734313731.0,810608689.0,0.0755156509595033
클로봇,2025,Q4,17899747783.0,1308910863.0,0.0731245422487526
클로봇,2026,Q1,8119905649.0,-2500542443.0,-0.3079521549992335
루닛,2023,Q2,5445485591.0,-10044798284.0,-1.8446102034686287
루닛,2023,Q3,3266774853.0,-12023582245.0,-3.680566548367513
루닛,2023,Q4,5396909064.0,-17755957354.0,-3.290023445538641
루닛,2024,Q1,5140301216.0,-12801692520.0,-2.4904557110685865
루닛,2024,Q2,12230018629.0,-19944473878.0,-1.63078033509347
루닛,2024,Q3,16769899203.0,-16434306080.0,-0.97998836373805
루닛,2024,Q4,20039444287.0,-18492095402.0,-0.9227848405954152
루닛,2025,Q1,19202522016.0,-20665942918.0,-1.0762098281038628
루닛,2025,Q2,17874628422.0,-21109356694.0,-1.1809675812907368
루닛,2025,Q3,19575722788.0,-21555812087.0,-1.1011502523019892
루닛,2025,Q4,26476422178.0,-19637058723.0,-0.7416809790605688
루닛,2026,Q1,23952343774.0,-13593188215.0,-0.5675097327951368
LS머트리얼즈,2024,Q1,32625047609.0,1241149468.0,0.0380428400557372
LS머트리얼즈,2024,Q2,38924129877.0,1946586559.0,0.0500097642555196
LS머트리얼즈,2024,Q3,33306567983.0,1060574443.0,0.031842801802375
LS머트리얼즈,2024,Q4,37219860330.0,1948782796.0,0.0523586810568775
LS머트리얼즈,2025,Q1,35325515600.0,-1083093742.0,-0.03066038028331
LS머트리얼즈,2025,Q2,39193324516.0,38121396.0,0.0009726502273221
LS머트리얼즈,2025,Q3,38504493472.0,-211175874.0,-0.0054844475269766
LS머트리얼즈,2025,Q4,40559065414.0,1114538638.0,0.0274793964462329
LS머트리얼즈,2026,Q1,43051756667.0,-1147572217.0,-0.0266556420885755
에스디바이오센서,2023,Q1,182400344048.0,-123778706557.0,-0.6786100497947894
에스디바이오센서,2023,Q2,162637070569.0,-76405469952.0,-0.4697912332329203
에스디바이오센서,2023,Q3,151028228507.0,-44239721361.0,-0.292923526934897
에스디바이오센서,2023,Q4,159610870106.0,-29614950850.0,-0.1855446989940739
에스디바이오센서,2024,Q1,176389138888.0,-10561991491.0,-0.0598789220106485
에스디바이오센서,2024,Q2,167460522094.0,-14884107844.0,-0.0888812936797435
에스디바이오센서,2024,Q3,170605692160.0,-10539088917.0,-0.0617745444689856
에스디바이오센서,2024,Q4,180118442127.0,-18072157501.0,-0.100334853486338
에스디바이오센서,2025,Q1,185325748578.0,-14562868423.0,-0.0785798440569674
에스디바이오센서,2025,Q2,166500840996.0,-20580255887.0,-0.1236045161327108
에스디바이오센서,2025,Q3,164188285251.0,-13965919511.0,-0.0850603895987453
에스디바이오센서,2025,Q4,194565950329.0,-31836135986.0,-0.1636264512478514
에스디바이오센서,2026,Q1,193528864824.0,-11554256987.0,-0.0597030163821181
미래에셋벤처투자,2023,Q3,23443033691.0,-828917461.0,-0.0353587966440635
다우데이타,2023,Q1,3268897595331.0,411671719573.0,0.1259359486087893
다우데이타,2023,Q2,2408340215231.0,212412291795.0,0.0881986234551276
다우데이타,2023,Q3,2302701357631.0,298871543941.0,0.1297917087470155
다우데이타,2023,Q4,2354085942353.0,-255012756759.0,-0.1083277174256879
다우데이타,2024,Q1,2850320111819.0,368464866744.0,0.129271398400531
다우데이타,2024,Q2,2488697038085.0,340672580526.0,0.1368879278243286
다우데이타,2024,Q3,2925682485111.0,296478347786.0,0.1013364742397026
다우데이타,2024,Q4,3871423142317.0,200253790370.0,0.0517261438516252
다우데이타,2025,Q1,3876535890493.0,349834436253.0,0.0902440854761465
다우데이타,2025,Q2,4728978712870.0,438789327917.0,0.0927873341283662
다우데이타,2025,Q3,3599354705641.0,442010422278.0,0.1228026850438691
다우데이타,2025,Q4,5847092046769.0,369246399750.0,0.0631504338903026
다우데이타,2026,Q1,9637213171706.0,647315775951.0,0.0671683571191993
솔브레인홀딩스,2023,Q1,,30789009507.0,
솔브레인홀딩스,2023,Q2,,33438126401.0,
솔브레인홀딩스,2023,Q3,,31315474953.0,
솔브레인홀딩스,2023,Q4,,25418705365.0,
솔브레인홀딩스,2024,Q1,,26020751813.0,
솔브레인홀딩스,2024,Q2,,31802928113.0,
솔브레인홀딩스,2024,Q3,,20019165200.0,
솔브레인홀딩스,2024,Q4,,7470602306.0,
솔브레인홀딩스,2025,Q1,,23174876825.0,
솔브레인홀딩스,2025,Q2,,19410966777.0,
솔브레인홀딩스,2025,Q3,,11002498256.0,
솔브레인홀딩스,2025,Q4,,-18350552951.0,
솔브레인홀딩스,2026,Q1,,1491880292.0,
큐리옥스바이오시스템즈,2023,Q3,681568128.0,-3110799979.0,-4.564180528993281
큐리옥스바이오시스템즈,2023,Q4,2335024592.0,-2450024487.0,-1.0492499716679644
큐리옥스바이오시스템즈,2024,Q1,1587515714.0,-3260321653.0,-2.053725594177016
큐리옥스바이오시스템즈,2024,Q2,1092691985.0,-3229326208.0,-2.95538564602906
큐리옥스바이오시스템즈,2024,Q3,951467152.0,-3259448297.0,-3.4257076454490147
큐리옥스바이오시스템즈,2024,Q4,955961672.0,-3628711593.0,-3.7958756080756335
큐리옥스바이오시스템즈,2025,Q1,921852571.0,-3024053093.0,-3.2804085904100604
큐리옥스바이오시스템즈,2025,Q2,995664876.0,-3957528920.0,-3.9747599974592256
큐리옥스바이오시스템즈,2025,Q3,1384684123.0,-2680281363.0,-1.9356626673764497
큐리옥스바이오시스템즈,2025,Q4,1849346867.0,-2652565546.0,-1.4343255953400331
큐리옥스바이오시스템즈,2026,Q1,1324860860.0,-3251936967.0,-2.454549806083033
영풍,2023,Q1,890690766898.0,-28278643908.0,-0.0317491153596278
영풍,2023,Q2,945820891087.0,-74356927001.0,-0.0786162873982875
영풍,2023,Q3,1056655325738.0,49066453028.0,0.0464356274300993
영풍,2023,Q4,868565648540.0,-116243490887.0,-0.1338338570980759
영풍,2024,Q1,741422366216.0,-43197515058.0,-0.058263032013004
영풍,2024,Q2,752044603729.0,83383704.0,0.0001108760086656
영풍,2024,Q3,656711353208.0,-17926622416.0,-0.0272975673839494
영풍,2024,Q4,637236035222.0,-99661182036.0,-0.1563960236512363
영풍,2025,Q1,571862115598.0,-56269475855.0,-0.0983969287704233
영풍,2025,Q2,599848046104.0,-94138666433.0,-0.1569375228350389
영풍,2025,Q3,749580770600.0,-8761609647.0,-0.0116886798469853
영풍,2025,Q4,987683388846.0,-100518956551.0,-0.1017724482219402
영풍,2026,Q1,851084839631.0,43331419891.0,0.0509131615007817
와이지-원,2023,Q1,137277854988.0,18033594276.0,0.1313656472675537
와이지-원,2023,Q2,135610376119.0,14687167618.0,0.1083041581207016
와이지-원,2023,Q3,148978484669.0,15322204169.0,0.102848436155347
와이지-원,2023,Q4,131314980078.0,6642682308.0,0.0505858684519793
와이지-원,2024,Q1,132547640012.0,15107811524.0,0.1139802377668303
와이지-원,2024,Q2,140734611003.0,11219147979.0,0.0797184708085834
와이지-원,2024,Q3,157106459771.0,16403256673.0,0.104408543715577
와이지-원,2024,Q4,144601512900.0,13085679481.0,0.090494761905081
와이지-원,2025,Q1,141615905535.0,9079176654.0,0.0641112777530212
와이지-원,2025,Q2,150738655754.0,15564196036.0,0.1032528514875454
와이지-원,2025,Q3,168794740692.0,22566517327.0,0.1336920643053515
와이지-원,2025,Q4,178233329814.0,19318467739.0,0.1083886372944964
와이지-원,2026,Q1,207783601842.0,38838835003.0,0.1869196349408424
명인제약,2025,Q3,72697477352.0,21914824974.0,0.301452344321231
명인제약,2025,Q4,72091672164.0,23670102512.0,0.328333381672065
명인제약,2026,Q1,72135799962.0,25109405212.0,0.3480852118535767
안랩,2023,Q1,51310514129.0,2136863797.0,0.0416457295989609
안랩,2023,Q2,59106173235.0,4376016870.0,0.0740365452623943
안랩,2023,Q3,60118951321.0,8323814572.0,0.1384557512913973
안랩,2023,Q4,68665418391.0,11585836346.0,0.1687288393121996
안랩,2024,Q1,49535020181.0,53332589.0,0.0010766643236466
안랩,2024,Q2,59903000746.0,3539134365.0,0.0590810864385007
안랩,2024,Q3,68500431002.0,8528762859.0,0.1245067035965217
안랩,2024,Q4,82630961522.0,15561247068.0,0.1883222315385609
안랩,2025,Q1,57186583411.0,1045362154.0,0.0182798497767733
안랩,2025,Q2,62289211779.0,3458561771.0,0.0555242500622878
안랩,2025,Q3,64535678013.0,7880928575.0,0.1221173902196002
안랩,2025,Q4,83645443739.0,20891800534.0,0.2497661510313576
안랩,2026,Q1,59062128479.0,1926829626.0,0.0326237756007235
현대바이오,2023,Q1,3162349611.0,-2295763364.0,-0.7259676020685241
현대바이오,2023,Q2,3222213759.0,-1959147323.0,-0.6080128351286083
현대바이오,2023,Q3,1963120972.0,-2015649852.0,-1.0267578415946952
현대바이오,2023,Q4,1133700290.0,-3514588091.0,-3.100103371235796
현대바이오,2024,Q1,5049773734.0,1220236001.0,0.2416417180801947
현대바이오,2024,Q2,9175990779.0,5688344617.0,0.6199161217574716
현대바이오,2024,Q3,458723553.0,-3315208693.0,-7.227029594009096
현대바이오,2024,Q4,365537290.0,-2802399141.0,-7.666520537480594
현대바이오,2025,Q1,708793387.0,-4282780897.0,-6.042354479529025
현대바이오,2025,Q2,332908407.0,-4818579603.0,-14.474190202712425
현대바이오,2025,Q3,553056709.0,-4619778899.0,-8.353173958151912
현대바이오,2025,Q4,1922610720.0,-4439771181.0,-2.3092408332145364
현대바이오,2026,Q1,324675424.0,-4665311224.0,-14.369154174108354
금양,2023,Q1,37533125309.0,-858107040.0,-0.0228626588629494
금양,2023,Q2,37897555331.0,-4582823210.0,-0.1209266183523789
금양,2023,Q3,36611427079.0,2693744954.0,0.0735766171634732
금양,2023,Q4,39988844329.0,-9779435259.0,-0.2445540855980159
금양,2024,Q1,37574964825.0,-17288199197.0,-0.460098879067946
금양,2024,Q2,38560729690.0,-817790388.0,-0.0212078556234395
금양,2024,Q3,40370701119.0,-21155844924.0,-0.5240395717091781
금양,2024,Q4,37223673026.0,-16740387211.0,-0.4497242171482424
금양,2025,Q1,35144529873.0,-13503303757.0,-0.3842220626025217
금양,2025,Q2,23287136001.0,-11974572473.0,-0.51421404815456
금양,2025,Q3,22633735974.0,-13510820441.0,-0.5969328464607104
금양,2025,Q4,21715496687.0,-5672175014.0,-0.2612040192198621
금양,2026,Q1,17364980927.0,-7939945901.0,-0.4572389646944298
미원에스씨,2023,Q1,110899292807.0,3602537943.0,0.0324847693056939
미원에스씨,2023,Q2,112765153458.0,6640713737.0,0.0588897681008643
미원에스씨,2023,Q3,112522080441.0,6057077962.0,0.0538301277248066
미원에스씨,2023,Q4,101486391615.0,6226832804.0,0.0613563326561278
미원에스씨,2024,Q1,124459959778.0,12559577583.0,0.1009125955480187
미원에스씨,2024,Q2,129806922376.0,16741593858.0,0.1289730435908967
미원에스씨,2024,Q3,128576527739.0,16272483605.0,0.1265587420281859
미원에스씨,2024,Q4,126423810596.0,13193463287.0,0.1043590066206835
미원에스씨,2025,Q1,137865819693.0,17991484215.0,0.1304999618836887
미원에스씨,2025,Q2,134805610423.0,19206157974.0,0.1424729869456762
미원에스씨,2025,Q3,133317310495.0,18185933741.0,0.1364108957304689
미원에스씨,2025,Q4,126133773529.0,10098863065.0,0.0800647025967087
미원에스씨,2026,Q1,141274420073.0,19282566376.0,0.1364901470912867
코미팜,2023,Q1,9932779998.0,-899005179.0,-0.0905089188707509
코미팜,2023,Q2,13390537117.0,-1257032376.0,-0.0938746791870006
코미팜,2023,Q3,7837548804.0,-1334432403.0,-0.1702614473442199
코미팜,2023,Q4,11486168945.0,-2782617712.0,-0.242258121513291
코미팜,2024,Q1,12901257280.0,965285219.0,0.07482101922705
코미팜,2024,Q2,19153486318.0,3954722902.0,0.2064753557833199
코미팜,2024,Q3,10989727260.0,896797410.0,0.0816032453566095
코미팜,2024,Q4,15734078849.0,376128080.0,0.023905313022116
코미팜,2025,Q1,14410368068.0,509129603.0,0.0353307840991643
코미팜,2025,Q2,13677613272.0,1626720438.0,0.1189330627829729
코미팜,2025,Q3,12479842279.0,65724728.0,0.0052664710443172
코미팜,2025,Q4,11897470660.0,-241118957.0,-0.0202664048427247
코미팜,2026,Q1,11938571494.0,300830342.0,0.0251981857420034
에스티큐브,2023,Q1,2016298935.0,-5706532320.0,-2.8302015246563625
에스티큐브,2023,Q2,1678174245.0,-7706411633.0,-4.592140331053645
에스티큐브,2023,Q3,928979561.0,-5025385838.0,-5.409576323283607
에스티큐브,2023,Q4,1203638020.0,-7602647033.0,-6.316389900179457
에스티큐브,2024,Q1,2605646934.0,-5229123409.0,-2.006842654224312
에스티큐브,2024,Q2,2922160298.0,-5489047972.0,-1.878421240531138
에스티큐브,2024,Q3,3208495764.0,-6347117985.0,-1.9782223359045703
에스티큐브,2024,Q4,2561354667.0,-5550265624.0,-2.1669258441669763
에스티큐브,2025,Q1,1808116793.0,-5165561879.0,-2.8568740133370354
에스티큐브,2025,Q2,934844240.0,-5498646343.0,-5.881885032526916
에스티큐브,2025,Q3,1504038463.0,-5831078271.0,-3.876947574445109
에스티큐브,2025,Q4,2737005277.0,-6977306921.0,-2.549248618419817
에스티큐브,2026,Q1,1362832131.0,-7305470425.0,-5.360506447437142
SFA넥셀,2023,Q1,25851422214.0,-2365320065.0,-0.0914967093655313
SFA넥셀,2023,Q2,27050465700.0,4509822226.0,0.1667188386335249
SFA넥셀,2023,Q3,35900992280.0,6529076706.0,0.1818634051972225
SFA넥셀,2023,Q4,221360645046.0,30269163970.0,0.1367413975673494
SFA넥셀,2024,Q1,94619618151.0,18350251278.0,0.1939370675615653
SFA넥셀,2024,Q2,134317050538.0,24956319175.0,0.1858015722876489
SFA넥셀,2024,Q3,149060424837.0,-8046988129.0,-0.0539847389929252
SFA넥셀,2024,Q4,130543668989.0,24085998076.0,0.1845052943780028
SFA넥셀,2025,Q1,107822279418.0,17005961173.0,0.1577221448553517
SFA넥셀,2025,Q2,129612546705.0,1368147222.0,0.0105556696228947
SFA넥셀,2025,Q3,87653287405.0,7548648551.0,0.0861194003611255
SFA넥셀,2025,Q4,82093061056.0,7587644374.0,0.0924273534985383
SFA넥셀,2026,Q1,53414910431.0,2163067299.0,0.0404955710221436
삼지전자,2023,Q1,573724820922.0,11354876419.0,0.0197915028336271
삼지전자,2023,Q2,592708269687.0,16033315916.0,0.0270509401268636
삼지전자,2023,Q3,635408877959.0,32132896319.0,0.0505704239169811
삼지전자,2023,Q4,724365959350.0,18822356595.0,0.0259845957033789
삼지전자,2024,Q1,785669424155.0,20561371181.0,0.0261705121121572
삼지전자,2024,Q2,834518805555.0,25251621374.0,0.0302589003458182
삼지전자,2024,Q3,829695078577.0,20452269764.0,0.0246503447978472
삼지전자,2024,Q4,909797912650.0,49347935931.0,0.0542405464387828
삼지전자,2025,Q1,891841280931.0,24935209455.0,0.027959245650717
삼지전자,2025,Q2,1054955529482.0,29226329986.0,0.0277038502280286
삼지전자,2025,Q3,1160539470975.0,44103879680.0,0.0380029122516161
삼지전자,2025,Q4,1183760276211.0,64182496160.0,0.0542191670474333
삼지전자,2026,Q1,1904436094238.0,334208579274.0,0.1754895216936765
가비아,2023,Q1,58805414178.0,8360721514.0,0.1421760501285249
가비아,2023,Q2,65536702659.0,11249903579.0,0.1716580652147759
가비아,2023,Q3,63022741840.0,8899079785.0,0.1412042625437129
가비아,2023,Q4,74225837907.0,14092922282.0,0.1898654522385787
가비아,2024,Q1,62034715328.0,7203453132.0,0.1161197096482628
가비아,2024,Q2,64451200432.0,7648169846.0,0.1186660573385175
가비아,2024,Q3,65982296299.0,5916717869.0,0.089671293678357
가비아,2024,Q4,89949657307.0,14341501205.0,0.1594391978176433
가비아,2025,Q1,76962828284.0,5775706353.0,0.0750454015500457
가비아,2025,Q2,80646745460.0,8038085134.0,0.099670297767773
가비아,2025,Q3,80580967350.0,7542972771.0,0.0936073742852629
가비아,2025,Q4,97490635145.0,19128990610.0,0.1962136217653011
가비아,2026,Q1,84969270674.0,10726015555.0,0.1262340546166661
세미파이브,2026,Q1,47874896276.0,105054259.0,0.0021943495896964
미원상사,2023,Q1,107403785606.0,14748991359.0,0.1373228259672819
미원상사,2023,Q2,101822321898.0,17254871228.0,0.169460594753329
미원상사,2023,Q3,105772703245.0,19766893298.0,0.1868808557555174
미원상사,2023,Q4,106368539903.0,15468071435.0,0.1454196085525448
미원상사,2024,Q1,103935076137.0,15954252559.0,0.1535021010420987
미원상사,2024,Q2,111058284687.0,20024905883.0,0.1803098790822944
미원상사,2024,Q3,106168998729.0,14339354372.0,0.1350615956038324
미원상사,2024,Q4,114635439857.0,9627437743.0,0.0839830837218366
미원상사,2025,Q1,108230956514.0,13487007965.0,0.1246132197238358
미원상사,2025,Q2,111209697621.0,10347861535.0,0.0930481941445904
미원상사,2025,Q3,113106072106.0,10757326859.0,0.0951083054932587
미원상사,2025,Q4,108590783422.0,9015394413.0,0.0830217273409367
미원상사,2026,Q1,117304934500.0,9829258675.0,0.0837923717096487
코스모로보틱스,2026,Q1,1267097996.0,-2676757620.0,-2.112510341307493
한일홀딩스,2023,Q1,564055690008.0,36876593067.0,0.0653775748037875
한일홀딩스,2023,Q2,647857698479.0,101804362570.0,0.1571400059133509
한일홀딩스,2023,Q3,530374736900.0,71053299301.0,0.1339681066189184
한일홀딩스,2023,Q4,620769063972.0,52292771268.0,0.0842386876262872
한일홀딩스,2024,Q1,513440101431.0,54702924595.0,0.1065419791764188
한일홀딩스,2024,Q2,613999736116.0,119909290407.0,0.1952920878525363
한일홀딩스,2024,Q3,492032013664.0,70417467122.0,0.143115620867074
한일홀딩스,2024,Q4,629270663546.0,34284268969.0,0.0544825477415471
한일홀딩스,2025,Q1,410492171627.0,12654739218.0,0.0308282108470972
한일홀딩스,2025,Q2,543122350704.0,47312378769.0,0.0871118242651462
한일홀딩스,2025,Q3,505045295174.0,49097206866.0,0.097213472405648
한일홀딩스,2025,Q4,471829342874.0,14159893513.0,0.0300106250848017
한일홀딩스,2026,Q1,395615058113.0,12396113205.0,0.0313337749683412
엔켐,2023,Q1,145451499942.0,14911766494.0,0.1025205412109616
엔켐,2023,Q2,116954621530.0,7535121348.0,0.0644277348720859
엔켐,2023,Q3,110470079880.0,636249469.0,0.005759473241
엔켐,2023,Q4,51815197975.0,-17962418674.0,-0.3466631292746691
엔켐,2024,Q1,78131142588.0,-11813205926.0,-0.1511971479579305
엔켐,2024,Q2,108329336241.0,593991032.0,0.0054831964508538
엔켐,2024,Q3,101418663265.0,-5366449227.0,-0.0529138232967815
엔켐,2024,Q4,77829437456.0,-33817355576.0,-0.4345059746206988
엔켐,2025,Q1,68223627669.0,-19162442276.0,-0.2808769180227451
엔켐,2025,Q2,64072848151.0,-2733407943.0,-0.0426609401935465
엔켐,2025,Q3,90252308075.0,-27215718613.0,-0.3015514970584867
엔켐,2025,Q4,90245258333.0,-29275089103.0,-0.3243947620491765
엔켐,2026,Q1,84111624650.0,-24212990138.0,-0.287867345789046
젬백스,2023,Q1,15676862184.0,-2964503124.0,-0.1891005412438726
젬백스,2023,Q2,24637804192.0,8651738326.0,0.3511570373146019
젬백스,2023,Q3,13580972927.0,-4779954357.0,-0.35195964108706
젬백스,2023,Q4,18312933982.0,-8775491529.0,-0.4791963722266205
젬백스,2024,Q1,14731105811.0,-18194510717.0,-1.23510827703198
젬백스,2024,Q2,16951981600.0,-3115822457.0,-0.1838028456213048
젬백스,2024,Q3,12735420762.0,-8865624469.0,-0.6961391095497438
젬백스,2024,Q4,18273203857.0,-8160881920.0,-0.4466037802601197
젬백스,2025,Q1,12372752081.0,-2956098605.0,-0.2389200547822728
젬백스,2025,Q2,25016538373.0,-1502761438.0,-0.0600707186419488
젬백스,2025,Q3,17977932809.0,722784785.0,0.0402039985730819
젬백스,2025,Q4,26163597031.0,7516606982.0,0.287292568108809
젬백스,2026,Q1,18256690273.0,-764647858.0,-0.0418831588073137
한양이엔지,2023,Q1,254646949431.0,19205491288.0,0.0754200721073392
한양이엔지,2023,Q2,217271294469.0,15727962718.0,0.0723885902941681
한양이엔지,2023,Q3,221393948944.0,17936452339.0,0.0810160007739728
한양이엔지,2023,Q4,332854530896.0,32239711191.0,0.096858261488029
한양이엔지,2024,Q1,308078976684.0,24655499483.0,0.080029801930592
한양이엔지,2024,Q2,309856692245.0,20287837855.0,0.0654749061832708
한양이엔지,2024,Q3,248693947165.0,23514418207.0,0.094551630528422
한양이엔지,2024,Q4,319662927884.0,17734657590.0,0.0554792440505819
한양이엔지,2025,Q1,268998593036.0,11806327073.0,0.0438899212808148
한양이엔지,2025,Q2,290044095259.0,20122267910.0,0.0693765818332949
한양이엔지,2025,Q3,251726072627.0,12089559577.0,0.04802664837549
한양이엔지,2025,Q4,307412032977.0,9692422057.0,0.0315290913082936
한양이엔지,2026,Q1,341355810551.0,22270894521.0,0.0652424649958394
미코,2023,Q1,97213472056.0,7044970186.0,0.072469072825027
미코,2023,Q2,97476112787.0,8872147456.0,0.0910186834736319
미코,2023,Q3,95047155389.0,5524775271.0,0.058126676683681
미코,2023,Q4,97604202565.0,-330633286.0,-0.0033874902648767
미코,2024,Q1,123396997929.0,23189000434.0,0.1879219172523342
미코,2024,Q2,142217504088.0,34902456728.0,0.2454160403940389
미코,2024,Q3,137838727403.0,27035394275.0,0.1961378691197317
미코,2024,Q4,137051414484.0,9507093569.0,0.0693688102730957
미코,2025,Q1,214911197352.0,35298513409.0,0.1642469719769187
미코,2025,Q2,248593861112.0,30202679869.0,0.1214940696198152
미코,2025,Q3,245401380370.0,22388639568.0,0.0912327368910634
미코,2025,Q4,268130354827.0,13114412630.0,0.0489105854443877
미코,2026,Q1,321965294271.0,18871569805.0,0.0586136771285531
솔루스첨단소재,2023,Q1,,-19008775382.0,
솔루스첨단소재,2023,Q2,,-23834685684.0,
솔루스첨단소재,2023,Q3,,-20364069884.0,
솔루스첨단소재,2023,Q4,,-10000456908.0,
솔루스첨단소재,2024,Q1,,-13978529846.0,
솔루스첨단소재,2024,Q2,,-10450394054.0,
솔루스첨단소재,2024,Q3,,-18655017518.0,
솔루스첨단소재,2024,Q4,,-11334803904.0,
솔루스첨단소재,2025,Q1,157603685332.0,,
솔루스첨단소재,2025,Q2,143864742733.0,,
솔루스첨단소재,2025,Q3,145134306069.0,,
솔루스첨단소재,2025,Q4,169480485889.0,,
솔루스첨단소재,2026,Q1,192569024492.0,,
인카금융서비스,2023,Q1,,11260673007.0,
인카금융서비스,2023,Q2,,8563295627.0,
인카금융서비스,2023,Q3,,9934814417.0,
인카금융서비스,2023,Q4,,16817512824.0,
인카금융서비스,2024,Q1,,18434523994.0,
인카금융서비스,2024,Q2,,21011582066.0,
인카금융서비스,2024,Q3,,28419842033.0,
인카금융서비스,2024,Q4,,18400692908.0,
인카금융서비스,2025,Q1,230098638000.0,21099937000.0,0.0916995301814867
인카금융서비스,2025,Q2,238768322000.0,23748557000.0,0.0994627629036987
인카금융서비스,2025,Q3,270810321000.0,25967830000.0,0.0958893660482016
인카금융서비스,2025,Q4,282091218000.0,24027632000.0,0.0851768168124964
인카금융서비스,2026,Q1,301224262000.0,25950989000.0,0.0861517224001033
가온칩스,2023,Q1,12653945692.0,-640797808.0,-0.0506401579078311
가온칩스,2023,Q2,14356836661.0,1466782641.0,0.1021661439517856
가온칩스,2023,Q3,15699817195.0,1163099543.0,0.07408363604198
가온칩스,2023,Q4,20886750256.0,2362562084.0,0.113112957020268
가온칩스,2024,Q1,17934956248.0,-609184992.0,-0.0339663494895858
가온칩스,2024,Q2,23269672904.0,66811797.0,0.0028711962250451
가온칩스,2024,Q3,28908136250.0,2235505911.0,0.0773313745191719
가온칩스,2024,Q4,26379236286.0,1831780212.0,0.0694402291309761
가온칩스,2025,Q1,15201026995.0,-6426235850.0,-0.4227501110361655
가온칩스,2025,Q2,9138899064.0,-4729705401.0,-0.5175355770840364
가온칩스,2025,Q3,11063148053.0,-7277192133.0,-0.6577867437132092
가온칩스,2025,Q4,33107106896.0,1711637156.0,0.051699991828848
가온칩스,2026,Q1,20569510882.0,-3906114629.0,-0.1898982747527637
마키나락스,2026,Q1,3034769432.0,-2433478229.0,-0.8018659352965303
SK증권,2023,Q3,,3737039047.0,
SK증권,2023,Q4,,-23938001203.0,
SK증권,2024,Q1,,-13905822963.0,
SK증권,2024,Q2,,-61229869116.0,
SK증권,2024,Q3,,-1274665720.0,
SK증권,2024,Q4,,-31466030786.0,
SK증권,2025,Q1,,534918763.0,
SK증권,2025,Q2,,4676738231.0,
SK증권,2025,Q3,,8260174078.0,
SK증권,2025,Q4,,-5685892497.0,
SK증권,2026,Q1,,28703124621.0,
하이젠알앤엠,2024,Q2,18344755450.0,337831178.0,0.0184156817418898
하이젠알앤엠,2024,Q3,18759621669.0,-432959900.0,-0.0230793513664222
하이젠알앤엠,2024,Q4,19433910320.0,-853554537.0,-0.0439208848319929
하이젠알앤엠,2025,Q1,18169682248.0,-2376449860.0,-0.1307920428967096
하이젠알앤엠,2025,Q2,16711093054.0,-1391926870.0,-0.0832935862125922
하이젠알앤엠,2025,Q3,15884752499.0,-2088091383.0,-0.1314525601284283
하이젠알앤엠,2025,Q4,22778443441.0,-3052088438.0,-0.1339902107843945
하이젠알앤엠,2026,Q1,18634338294.0,-3394944946.0,-0.1821875771726826
로킷헬스케어,2023,Q3,3335507224.0,-1979277664.0,-0.5933963055928911
로킷헬스케어,2023,Q4,3701471816.0,-1883748069.0,-0.508918657939607
로킷헬스케어,2024,Q1,3292055021.0,-611871531.0,-0.1858630937505221
로킷헬스케어,2024,Q2,3612722561.0,-1058080358.0,-0.2928761730618816
로킷헬스케어,2024,Q3,2540993933.0,-1918114909.0,-0.7548679609539233
로킷헬스케어,2024,Q4,3665466205.0,,
로킷헬스케어,2025,Q1,3695333821.0,,
로킷헬스케어,2025,Q2,6012600153.0,,
로킷헬스케어,2025,Q3,6954615621.0,77538648.0,0.0111492355905143
로킷헬스케어,2025,Q4,9584462096.0,600322718.0,0.0626349931782337
로킷헬스케어,2026,Q1,8058778590.0,-2350759967.0,-0.2917017685430665
바이오노트,2023,Q1,21173463612.0,-722815092.0,-0.0341377823319537
바이오노트,2023,Q2,25413938573.0,-54696374043.0,-2.152219495057328
바이오노트,2023,Q3,21724770276.0,6531631344.0,0.3006536437909167
바이오노트,2023,Q4,21768793128.0,1846456265.0,0.0848212509597054
바이오노트,2024,Q1,25308838435.0,3472939503.0,0.1372223980930399
바이오노트,2024,Q2,26278296914.0,2664045066.0,0.101378147705634
바이오노트,2024,Q3,26449606742.0,3535015468.0,0.1336509651157368
바이오노트,2024,Q4,24743591828.0,2543167961.0,0.1027808726670852
바이오노트,2025,Q1,28445504017.0,4694472193.0,0.1650338904241044
바이오노트,2025,Q2,32405553022.0,6348802177.0,0.1959171063271108
바이오노트,2025,Q3,29499975730.0,4822291363.0,0.1634676383172739
바이오노트,2025,Q4,27972511434.0,840124287.0,0.0300339241609477
바이오노트,2026,Q1,32566581268.0,6345241795.0,0.1948390511973957
현대차증권,2023,Q3,325770318940.0,11908349115.0,0.0365544324410759
현대차증권,2023,Q4,447957961546.0,244617133.0,0.0005460716272477
현대차증권,2024,Q1,473911000000.0,13140000000.0,0.0277267250601906
현대차증권,2024,Q2,435526000000.0,19448000000.0,0.0446540505044475
현대차증권,2024,Q3,252057000000.0,14552000000.0,0.0577329730973549
현대차증권,2024,Q4,634139000000.0,7551000000.0,0.0119074840058725
현대차증권,2025,Q1,425447000000.0,27100000000.0,0.0636977108782057
현대차증권,2025,Q2,,27029000000.0,
현대차증권,2025,Q3,,14076000000.0,
현대차증권,2025,Q4,,4047000000.0,
현대차증권,2026,Q1,,32311000000.0,
쿠쿠홈시스,2023,Q1,226160207124.0,31934571008.0,0.1412033151813077
쿠쿠홈시스,2023,Q2,242197754328.0,37878537470.0,0.1563950812636454
쿠쿠홈시스,2023,Q3,240710465089.0,21151903788.0,0.0878728051153875
쿠쿠홈시스,2023,Q4,245483297649.0,53907996088.0,0.2195994456823674
쿠쿠홈시스,2024,Q1,244597126548.0,34424652522.0,0.1407402164033373
쿠쿠홈시스,2024,Q2,261489060291.0,32292097991.0,0.1234931126949001
쿠쿠홈시스,2024,Q3,253840041331.0,19507328245.0,0.0768489011533173
쿠쿠홈시스,2024,Q4,297282546329.0,78591674022.0,0.2643669296852136
쿠쿠홈시스,2025,Q1,271109479598.0,42548253342.0,0.1569412231733481
쿠쿠홈시스,2025,Q2,294039702349.0,41704289957.0,0.1418321730835537
쿠쿠홈시스,2025,Q3,291641674131.0,40799006184.0,0.139894294275906
쿠쿠홈시스,2025,Q4,264551770058.0,44311421094.0,0.1674962185446168
쿠쿠홈시스,2026,Q1,273041051425.0,41252475061.0,0.1510852483379459
녹십자홀딩스,2023,Q1,438301676838.0,-26979853761.0,-0.0615554427161636
녹십자홀딩스,2023,Q2,536343303896.0,7213251425.0,0.0134489446826368
녹십자홀딩스,2023,Q3,541723600330.0,20744351442.0,0.038293239263276
녹십자홀딩스,2023,Q4,541567123547.0,-17415666167.0,-0.0321579087979637
녹십자홀딩스,2024,Q1,469998872155.0,-31098233276.0,-0.0661666125567726
녹십자홀딩스,2024,Q2,559774272162.0,,
녹십자홀딩스,2024,Q3,609984373809.0,,
녹십자홀딩스,2024,Q4,565097705091.0,,
녹십자홀딩스,2025,Q1,494577268500.0,,
녹십자홀딩스,2025,Q2,600551774521.0,,
녹십자홀딩스,2025,Q3,736860683787.0,,
녹십자홀딩스,2025,Q4,619486554119.0,,
녹십자홀딩스,2026,Q1,534770573373.0,,
태영건설,2023,Q1,724247173542.0,19344504161.0,0.0267098096722888
태영건설,2023,Q2,918777194732.0,57741817666.0,0.0628463766809567
태영건설,2023,Q3,746058864226.0,20634237944.0,0.0276576540182349
태영건설,2023,Q4,963838543330.0,-502252374966.0,-0.5210959640924406
태영건설,2024,Q1,721062226126.0,37595632499.0,0.0521392345026689
태영건설,2024,Q2,715595554921.0,34446007304.0,0.0481361392858327
태영건설,2024,Q3,633046056977.0,8552338823.0,0.0135098208554369
태영건설,2024,Q4,687831795252.0,13856671719.0,0.0201454364492169
태영건설,2025,Q1,635415570429.0,15516196901.0,0.0244189749560657
태영건설,2025,Q2,563862096779.0,29880151040.0,0.0529919482275667
태영건설,2025,Q3,507795148573.0,-5769954774.0,-0.0113627607317924
태영건설,2025,Q4,467410752933.0,13162774612.0,0.0281610436418153
태영건설,2026,Q1,354851639753.0,17732174578.0,0.0499706710960748
NICE,2023,Q1,619029090301.0,504224831.0,0.0008145414147739
NICE,2023,Q2,671564078840.0,16157486057.0,0.0240594852614943
NICE,2023,Q3,781556631266.0,54727094139.0,0.0700231972318507
NICE,2023,Q4,746766982048.0,25596459963.0,0.0342763681018702
NICE,2024,Q1,683476617440.0,25614317789.0,0.0374765092695341
NICE,2024,Q2,743403770493.0,60094020978.0,0.0808363144810897
NICE,2024,Q3,787418251390.0,48449859679.0,0.0615300186317414
NICE,2024,Q4,824028426484.0,40105502662.0,0.0486700475044579
NICE,2025,Q1,744990668824.0,30597508718.0,0.0410709959177065
NICE,2025,Q2,788246128323.0,68531622054.0,0.0869419075990916
NICE,2025,Q3,845023752699.0,61370897458.0,0.0726262395133649
NICE,2025,Q4,864299645914.0,37596986392.0,0.0434999442262191
NICE,2026,Q1,788824701038.0,42396549148.0,0.0537464776295812
성우하이텍,2023,Q1,1063425632014.0,50327055100.0,0.0473254109971814
성우하이텍,2023,Q2,1058933724431.0,47048118162.0,0.0444297098831945
성우하이텍,2023,Q3,1016516309315.0,49143290087.0,0.0483448122146866
성우하이텍,2023,Q4,1183111642875.0,110210195799.0,0.0931528283596175
성우하이텍,2024,Q1,1030783799924.0,42960834876.0,0.0416778328095256
성우하이텍,2024,Q2,1114487357962.0,38129940199.0,0.0342129858419624
성우하이텍,2024,Q3,1055352701181.0,43998437702.0,0.0416907424908878
성우하이텍,2024,Q4,1044468848543.0,80793425391.0,0.0773535998739495
성우하이텍,2025,Q1,1048933788637.0,58249987510.0,0.0555325685386595
성우하이텍,2025,Q2,1153919361798.0,65383671135.0,0.0566622532731587
성우하이텍,2025,Q3,1185106352095.0,63430613435.0,0.053523140199923
성우하이텍,2025,Q4,994710908836.0,55618875345.0,0.0559146128296558
성우하이텍,2026,Q1,1069577960819.0,54495556673.0,0.0509505231682892
월덱스,2023,Q1,78700556659.0,17804790157.0,0.2262346152663951
월덱스,2023,Q2,80565854986.0,19671794947.0,0.2441703740426808
월덱스,2023,Q3,68132880442.0,17467720013.0,0.2563772425249198
월덱스,2023,Q4,60687900914.0,9884572998.0,0.1628755130616116
월덱스,2024,Q1,66423032310.0,14355725670.0,0.2161257198105775
월덱스,2024,Q2,81732274366.0,21836864130.0,0.2671755349938478
월덱스,2024,Q3,79498320747.0,18467252254.0,0.2322973879256046
월덱스,2024,Q4,79137738133.0,15645106198.0,0.1976946342806337
월덱스,2025,Q1,74098941591.0,14766888186.0,0.199286087883792
월덱스,2025,Q2,66658231561.0,8393254765.0,0.1259147530387031
월덱스,2025,Q3,66896248936.0,13020710689.0,0.1946403706649827
월덱스,2025,Q4,84111547888.0,22363509073.0,0.2658791763382891
월덱스,2026,Q1,69086743016.0,14284697397.0,0.2067646667565695
고려제강,2023,Q1,445961229097.0,13292596179.0,0.029806618404733
고려제강,2023,Q2,462674459343.0,10884420960.0,0.0235250093023417
고려제강,2023,Q3,435395604836.0,12088120603.0,0.0277635338270197
고려제강,2023,Q4,444846395163.0,20051718952.0,0.0450756017583388
고려제강,2024,Q1,434109628598.0,16247834302.0,0.037427951908079
고려제강,2024,Q2,449168337591.0,9001469008.0,0.0200403017191218
고려제강,2024,Q3,425078098710.0,-5305065027.0,-0.0124802125611728
고려제강,2024,Q4,431253098921.0,6162871561.0,0.0142906139722116
고려제강,2025,Q1,442691999788.0,8267953533.0,0.0186765370437221
고려제강,2025,Q2,475531979642.0,20391964632.0,0.042882425378314
고려제강,2025,Q3,441516287855.0,11192454254.0,0.0253500370470494
고려제강,2025,Q4,449443062036.0,870585166.0,0.0019370310491749
고려제강,2026,Q1,432709847439.0,7044996501.0,0.0162811097151958
삼양사,2023,Q1,652096000000.0,11423000000.0,0.0175173594072038
삼양사,2023,Q2,698771000000.0,43487000000.0,0.0622335500471542
삼양사,2023,Q3,662669000000.0,33714000000.0,0.0508760784041504
삼양사,2023,Q4,637903171359.0,24575757649.0,0.0385258433449129
삼양사,2024,Q1,659831705023.0,28743262554.0,0.0435615056615051
삼양사,2024,Q2,706962856152.0,53974687158.0,0.0763472743840946
삼양사,2024,Q3,660623897260.0,39003346625.0,0.0590401691291672
삼양사,2024,Q4,644403003190.0,11801826556.0,0.0183143568505689
삼양사,2025,Q1,619981449599.0,24081205598.0,0.03884181633753
삼양사,2025,Q2,673784138127.0,38515463299.0,0.0571629118578928
삼양사,2025,Q3,665883617207.0,38438949366.0,0.0577262277862148
삼양사,2025,Q4,602850501216.0,10689030811.0,0.0177308151680048
삼양사,2026,Q1,608270322504.0,21058347329.0,0.0346200472880402
피노,2023,Q1,1694887717.0,-51903857.0,-0.030623773173524
피노,2023,Q2,1210909664.0,-710467266.0,-0.5867219389868541
한국기업평가,2023,Q1,19063568597.0,1023010296.0,0.0536631056664275
한국기업평가,2023,Q2,38452388021.0,18706954951.0,0.4864965718327707
한국기업평가,2023,Q3,18956868491.0,2775948830.0,0.1464349890551762
한국기업평가,2023,Q4,19121234579.0,3333619855.0,0.174341245656866
한국기업평가,2024,Q1,20624529062.0,3537812571.0,0.1715342231749815
한국기업평가,2024,Q2,38944761558.0,18802331466.0,0.4827948795628879
한국기업평가,2024,Q3,22808427003.0,5787807287.0,0.2537574066917779
한국기업평가,2024,Q4,21679755520.0,4552502824.0,0.2099886606101358
한국기업평가,2025,Q1,22056403336.0,4780636641.0,0.2167459747708342
한국기업평가,2025,Q2,42660154133.0,20778807391.0,0.4870776445443369
한국기업평가,2025,Q3,22175345809.0,4589307636.0,0.2069554033352391
한국기업평가,2025,Q4,22889421236.0,4190803941.0,0.1830891177977358
한국기업평가,2026,Q1,22683550713.0,4713438899.0,0.2077910534658366
삼양홀딩스,2023,Q1,795237000000.0,7389000000.0,0.0092915696830001
삼양홀딩스,2023,Q2,831670000000.0,37819000000.0,0.0454735652362114
삼양홀딩스,2023,Q3,799421000000.0,35026000000.0,0.0438142105348746
삼양홀딩스,2023,Q4,784525491794.0,14568726814.0,0.0185701127195818
삼양홀딩스,2024,Q1,871146354566.0,34730419133.0,0.0398674906357181
삼양홀딩스,2024,Q2,917356667346.0,55197706504.0,0.0601703878859813
삼양홀딩스,2024,Q3,889189882923.0,39535701987.0,0.0444626088828584
삼양홀딩스,2024,Q4,875571191838.0,-1925252778.0,-0.0021988534980902
삼양홀딩스,2025,Q1,865935907513.0,31485530906.0,0.0363601169934477
삼양홀딩스,2025,Q2,907514246318.0,43105132495.0,0.0474980229455214
삼양홀딩스,2025,Q3,889632012986.0,46438613948.0,0.0521998008953515
삼양홀딩스,2025,Q4,685204666794.0,-12263550460.0,-0.017897645848473
삼양홀딩스,2026,Q1,838280699114.0,29152487632.0,0.0347765225452667
대덕,2023,Q1,313462025758.0,13106128709.0,0.041810897754863
대덕,2023,Q2,304591510572.0,5981956508.0,0.0196392752272259
대덕,2023,Q3,336481884684.0,1755276679.0,0.0052165562513073
대덕,2023,Q4,324721152229.0,10484351079.0,0.0322872440154629
대덕,2024,Q1,325640556665.0,2765727978.0,0.0084931926364602
대덕,2024,Q2,331184294242.0,11314958627.0,0.0341651425617787
대덕,2024,Q3,318718107300.0,4314184980.0,0.0135360523333529
대덕,2024,Q4,291651802760.0,-9978113763.0,-0.034212419290996
대덕,2025,Q1,300768507587.0,-17590554092.0,-0.0584853588333604
대덕,2025,Q2,323844377289.0,-19750907851.0,-0.060988886132101
대덕,2025,Q3,367282650823.0,20967166044.0,0.0570872759631231
대덕,2025,Q4,393094318645.0,27687231645.0,0.0704340671735937
대덕,2026,Q1,442599788714.0,53261806901.0,0.1203385276250477
광전자,2023,Q1,31679039939.0,-400934022.0,-0.0126561291873751
광전자,2023,Q2,34051619616.0,-380346185.0,-0.0111696944018863
광전자,2023,Q3,31912248799.0,-885310064.0,-0.0277420143461573
광전자,2023,Q4,28062371281.0,-2738504269.0,-0.0975863458429167
광전자,2024,Q1,30732638022.0,369673054.0,0.0120286795339654
광전자,2024,Q2,34133859715.0,1458218324.0,0.0427205811524206
광전자,2024,Q3,33474903958.0,612234123.0,0.018289346663045
광전자,2024,Q4,31847788634.0,-967083117.0,-0.0303657854588862
광전자,2025,Q1,35456352389.0,1863015251.0,0.0525439061119547
광전자,2025,Q2,34674239526.0,1116841654.0,0.03220955006562
광전자,2025,Q3,33017772332.0,38579881.0,0.0011684580235175
광전자,2025,Q4,29536913394.0,-1813733316.0,-0.0614056483088186
광전자,2026,Q1,34472331202.0,674692723.0,0.0195720074469711
신풍제약,2023,Q1,48368331459.0,-11615702556.0,-0.2401509873427449
신풍제약,2023,Q2,53117043266.0,-9696331775.0,-0.1825465270429798
신풍제약,2023,Q3,49134364105.0,-10875210463.0,-0.2213361394025514
신풍제약,2023,Q4,49608843675.0,-15205160302.0,-0.3065010021522135
신풍제약,2024,Q1,54005502172.0,-3460923705.0,-0.0640846500043169
신풍제약,2024,Q2,56027219808.0,-4710201800.0,-0.0840698827488034
신풍제약,2024,Q3,55798391778.0,-165276329.0,-0.0029620267490426
신풍제약,2024,Q4,55262955931.0,-12119030763.0,-0.2192975485808528
신풍제약,2025,Q1,55409794557.0,-1763204970.0,-0.0318211786218805
신풍제약,2025,Q2,58619573408.0,4935074357.0,0.0841881656601495
신풍제약,2025,Q3,62609895331.0,7216249444.0,0.1152573312229612
신풍제약,2025,Q4,58041389931.0,3867049141.0,0.0666257156418406
신풍제약,2026,Q1,54526285756.0,-363218498.0,-0.0066613467791547
애경케미칼,2023,Q1,443779429477.0,11003829993.0,0.0247957189137138
애경케미칼,2023,Q2,467823153181.0,14060082658.0,0.0300542685038082
애경케미칼,2023,Q3,460247079187.0,11693958989.0,0.0254080026095042
애경케미칼,2023,Q4,421886180984.0,8302350342.0,0.0196791236978555
애경케미칼,2024,Q1,406638173451.0,918318796.0,0.0022583192035478
애경케미칼,2024,Q2,450191271128.0,10764427411.0,0.0239107865952812
애경케미칼,2024,Q3,426396239945.0,6034892680.0,0.0141532502274842
애경케미칼,2024,Q4,359018881420.0,-2258286135.0,-0.0062901597990277
애경케미칼,2025,Q1,370014875000.0,3483245000.0,0.0094137972155849
애경케미칼,2025,Q2,376154138000.0,-828015000.0,-0.0022012651632719
애경케미칼,2025,Q3,357758257000.0,-7343077000.0,-0.0205252481426305
애경케미칼,2025,Q4,348407489000.0,-5505453000.0,-0.0158017642381963
애경케미칼,2026,Q1,370622327000.0,5816262000.0,0.015693231562922
천보,2023,Q1,46997618744.0,1637033427.0,0.0348322632241658
천보,2023,Q2,47291917056.0,1025106971.0,0.021676155986363
천보,2023,Q3,49361488193.0,846650521.0,0.0171520460989679
천보,2023,Q4,39046721926.0,-11553516584.0,-0.2958895398670297
천보,2024,Q1,39749641525.0,-27635503465.0,-0.6952390614043406
천보,2024,Q2,35928554490.0,1400378280.0,0.0389767498269313
천보,2024,Q3,37544487537.0,931558678.0,0.0248121292661659
천보,2024,Q4,31689949362.0,2551801751.0,0.0805240084750628
천보,2025,Q1,35555854405.0,2816015254.0,0.0791997633336017
천보,2025,Q2,33088121261.0,2891047285.0,0.0873741746228303
천보,2025,Q3,30625439478.0,552504471.0,0.0180407034288241
천보,2025,Q4,34580174483.0,-2548604066.0,-0.0737013072982879
천보,2026,Q1,40771271164.0,-3411110852.0,-0.083664569551413
노타,2025,Q3,,-4286460818.0,
노타,2025,Q4,,-2736448557.0,
노타,2026,Q1,,-4197671191.0,
부광약품,2023,Q1,37234319082.0,-4686086495.0,-0.1258539597482627
부광약품,2023,Q2,43420104716.0,-895208417.0,-0.0206173712121454
부광약품,2023,Q3,20252896788.0,-16203424643.0,-0.8000546693449134
부광약품,2023,Q4,25020920185.0,,
부광약품,2024,Q1,34393439245.0,,
부광약품,2024,Q2,36915360889.0,-1886037917.0,-0.0510908703472
부광약품,2024,Q3,42596974443.0,3179232113.0,0.0746351625807181
부광약품,2024,Q4,46181095530.0,1952767773.0,0.0422850032159035
부광약품,2025,Q1,47806438228.0,3014234984.0,0.0630508169134963
부광약품,2025,Q2,42578570332.0,2012555765.0,0.0472668703835614
부광약품,2025,Q3,47814964853.0,979054672.0,0.0204759048764326
부광약품,2025,Q4,62514210278.0,8157955865.0,0.1304976233199085
부광약품,2026,Q1,47776062641.0,1104335721.0,0.0231148332439662
삼영무역,2023,Q1,111052511782.0,4482313987.0,0.040362112617488
삼영무역,2023,Q2,120319069004.0,4769567855.0,0.0396409970130456
삼영무역,2023,Q3,121180909978.0,3778859945.0,0.0311836241012387
삼영무역,2023,Q4,124257725237.0,4151534132.0,0.033410672246588
삼영무역,2024,Q1,117828030944.0,5071934284.0,0.0430452265336635
삼영무역,2024,Q2,127643847509.0,6230650872.0,0.0488127786304834
삼영무역,2024,Q3,114080484217.0,3648684850.0,0.03198342709573
삼영무역,2024,Q4,120638746142.0,3408766937.0,0.0282559877817998
삼영무역,2025,Q1,115976016245.0,5265807912.0,0.0454042834242206
삼영무역,2025,Q2,119979898769.0,5232980263.0,0.0436154748978007
삼영무역,2025,Q3,110362135331.0,3300940936.0,0.029910085792557
삼영무역,2025,Q4,100549769921.0,-1037268165.0,-0.0103159675632769
삼영무역,2026,Q1,109421102618.0,4512499011.0,0.0412397508618934
서희건설,2023,Q1,311110440373.0,49024708650.0,0.1575797603938419
서희건설,2023,Q2,346278373368.0,39442503478.0,0.1139040336084844
서희건설,2023,Q3,365214232348.0,39673314896.0,0.1086302541961088
서희건설,2023,Q4,419304704347.0,100074832103.0,0.2386685173467122
서희건설,2024,Q1,364784616686.0,48747546339.0,0.1336337776024174
서희건설,2024,Q2,407558892756.0,63705896818.0,0.156310898744491
서희건설,2024,Q3,341371735955.0,59797459726.0,0.1751681625273234
서희건설,2024,Q4,359890976922.0,63492098881.0,0.1764203688128607
서희건설,2025,Q1,286978891120.0,50907953768.0,0.1773926771036023
서희건설,2025,Q2,302858929655.0,39119360966.0,0.1291669392431736
서희건설,2025,Q3,236864373073.0,28304314584.0,0.1194958710623686
서희건설,2025,Q4,273428150289.0,26057208787.0,0.0952981935453932
서희건설,2026,Q1,191678991555.0,10460293898.0,0.0545719372433078
농심홀딩스,2023,Q1,164426483657.0,16977097811.0,0.1032503854209695
농심홀딩스,2023,Q2,180593230162.0,19781026719.0,0.1095336004636251
농심홀딩스,2023,Q3,190871764616.0,23751710569.0,0.1244380519915253
농심홀딩스,2023,Q4,233604893359.0,14800010422.0,0.0633548818656619
농심홀딩스,2024,Q1,223781048232.0,35763243380.0,0.1598135483882587
농심홀딩스,2024,Q2,199537431276.0,28697172969.0,0.1438184945325175
농심홀딩스,2024,Q3,203457355595.0,19453833745.0,0.0956162714693126
농심홀딩스,2024,Q4,171496695292.0,2724648821.0,0.0158874712796118
농심홀딩스,2025,Q1,191082086546.0,25262947847.0,0.1322099224665852
농심홀딩스,2025,Q2,174379718806.0,18471790972.0,0.1059285512012445
농심홀딩스,2025,Q3,266026946949.0,22801565011.0,0.0857114862704915
농심홀딩스,2025,Q4,227327368989.0,14580476364.0,0.0641386755534285
농심홀딩스,2026,Q1,265400658120.0,30892802451.0,0.1164006248885484
인벤티지랩,2025,Q1,169061063.0,-5372914796.0,-31.78091217845945
인벤티지랩,2025,Q2,865373001.0,-8053823279.0,-9.30676514022651
인벤티지랩,2025,Q3,832157213.0,-7433898012.0,-8.933285556944394
인벤티지랩,2025,Q4,1072196651.0,-7520396012.0,-7.014008115942157
인벤티지랩,2026,Q1,392669497.0,-8384087663.0,-21.351512473096427
국일제지,2023,Q1,24536196217.0,-2492930208.0,-0.1016021467203935
국일제지,2023,Q2,20617820670.0,-1015278859.0,-0.0492427825059747
국일제지,2023,Q3,17253074805.0,-803465742.0,-0.0465694231944762
국일제지,2023,Q4,18305470008.0,-3128707921.0,-0.1709165577083062
국일제지,2024,Q1,17328694315.0,-2660854171.0,-0.1535519135274214
국일제지,2024,Q2,20507913045.0,-874831515.0,-0.0426582418737771
국일제지,2024,Q3,20148826388.0,-2115167046.0,-0.1049771835475105
국일제지,2024,Q4,-1620272857.0,4361930275.0,-2.692096122054583
국일제지,2025,Q1,18679813549.0,135916326.0,0.007276107207573
국일제지,2025,Q2,18365371134.0,-55468432.0,-0.0030202728600082
국일제지,2025,Q3,15769951466.0,25599854.0,0.0016233311849559
국일제지,2025,Q4,14969685137.0,-601132267.0,-0.0401566406706981
국일제지,2026,Q1,16724675118.0,-503754221.0,-0.0301204189286662
큐로셀,2024,Q3,0.0,-10037144330.0,
큐로셀,2024,Q4,0.0,-10045070991.0,
큐로셀,2025,Q1,0.0,-6242665948.0,
큐로셀,2025,Q2,0.0,-12149612729.0,
큐로셀,2025,Q3,0.0,-9189281243.0,
큐로셀,2025,Q4,0.0,-8707940614.0,
큐로셀,2026,Q1,0.0,-7799457220.0,
동화기업,2023,Q1,223992436975.0,-6833942095.0,-0.0305097001813625
동화기업,2023,Q2,246235565679.0,-8078169301.0,-0.0328066714437626
동화기업,2023,Q3,247410227435.0,-2837436110.0,-0.0114685481655985
동화기업,2023,Q4,245584995192.0,1177568856.0,0.0047949544111168
동화기업,2024,Q1,229431402432.0,798868683.0,0.0034819500492604
동화기업,2024,Q2,225376647128.0,5937641531.0,0.0263454160254136
동화기업,2024,Q3,224179927477.0,4069497386.0,0.0181528178360995
동화기업,2024,Q4,238988718690.0,5897986405.0,0.0246789322832031
동화기업,2025,Q1,202300635815.0,-1785061730.0,-0.008823806820026
동화기업,2025,Q2,205604997569.0,-5009378506.0,-0.0243640892255981
동화기업,2025,Q3,200936980608.0,-2930848853.0,-0.0145859106876781
동화기업,2025,Q4,220719862106.0,-4069476468.0,-0.018437291638238
동화기업,2026,Q1,218055773079.0,-4881591256.0,-0.0223868929818768
신대양제지,2023,Q1,158703734651.0,16181219525.0,0.1019586562382011
신대양제지,2023,Q2,162228063576.0,19634372523.0,0.1210294451539314
신대양제지,2023,Q3,159205585032.0,13671191927.0,0.0858713086243307
신대양제지,2023,Q4,165222508388.0,9027093533.0,0.0546359792081187
신대양제지,2024,Q1,156390037246.0,10212712995.0,0.0653028362601864
신대양제지,2024,Q2,165588869823.0,10818542561.0,0.0653337544519995
신대양제지,2024,Q3,165735536989.0,1999899536.0,0.0120668118155778
신대양제지,2024,Q4,170787920463.0,6252984776.0,0.036612570485362
신대양제지,2025,Q1,157279861715.0,5894159689.0,0.0374756159162992
신대양제지,2025,Q2,160601164604.0,10299220575.0,0.0641291773966593
신대양제지,2025,Q3,163456142437.0,5485685956.0,0.033560598422383
신대양제지,2025,Q4,158191850803.0,561439142.0,0.0035491028087102
신대양제지,2026,Q1,156500333076.0,3778186518.0,0.0241417155078208
흥아해운,2023,Q1,43292241337.0,8633611275.0,0.1994262946053852
흥아해운,2023,Q2,40818348879.0,5768167033.0,0.1413130905931272
흥아해운,2023,Q3,40617561144.0,6639738827.0,0.1634696579506674
흥아해운,2023,Q4,40083390687.0,3521710733.0,0.0878596015117597
흥아해운,2024,Q1,43518631909.0,5681165410.0,0.1305455884247383
흥아해운,2024,Q2,48144063141.0,8588090326.0,0.1783831643134891
흥아해운,2024,Q3,48868151819.0,9297596056.0,0.1902588027154545
흥아해운,2024,Q4,47470134884.0,3974149875.0,0.0837189505509389
흥아해운,2025,Q1,45770765927.0,4665185458.0,0.1019250030781771
흥아해운,2025,Q2,48688619276.0,5854068698.0,0.120234847178869
흥아해운,2025,Q3,41314490381.0,1218893702.0,0.0295028134380801
흥아해운,2025,Q4,45038878473.0,-462388624.0,-0.0102664329058991
흥아해운,2026,Q1,40022518012.0,1104468196.0,0.027596169628029
신도리코,2023,Q1,105536935608.0,9771907882.0,0.0925923026446038
신도리코,2023,Q2,99755099464.0,5757458612.0,0.0577159327486588
신도리코,2023,Q3,98659141282.0,6509292704.0,0.0659775933523921
신도리코,2023,Q4,91871938898.0,3295420957.0,0.0358697225347416
신도리코,2024,Q1,94128300263.0,7892216535.0,0.0838453102090304
신도리코,2024,Q2,91331526344.0,5867502823.0,0.0642440026776741
신도리코,2024,Q3,79798401329.0,2493720521.0,0.0312502566400881
신도리코,2024,Q4,75736654567.0,3903305081.0,0.0515378597498911
신도리코,2025,Q1,79041977004.0,3425858003.0,0.043342261072577
신도리코,2025,Q2,71240646209.0,-1787399566.0,-0.0250896034934365
신도리코,2025,Q3,,1452317509.0,
신도리코,2025,Q4,,3156919162.0,
신도리코,2026,Q1,,2923898177.0,
파이버프로,2023,Q1,3417756707.0,212034735.0,0.0620391540935976
파이버프로,2023,Q2,3241880736.0,34308257.0,0.010582825154244
파이버프로,2023,Q3,7866867413.0,1227214687.0,0.1559978861436037
파이버프로,2023,Q4,4859926720.0,1143044922.0,0.2351979747546481
파이버프로,2024,Q1,5870402003.0,986986687.0,0.1681293183151021
파이버프로,2024,Q2,10778410096.0,2765209050.0,0.2565507366458623
파이버프로,2024,Q3,6614801448.0,921025215.0,0.1392370159921389
파이버프로,2024,Q4,9680055785.0,2533468997.0,0.2617204955498095
파이버프로,2025,Q1,7115748499.0,1242333129.0,0.1745892409174648
파이버프로,2025,Q2,10369767108.0,2075369607.0,0.2001365686794361
파이버프로,2025,Q3,13758942678.0,3825440826.0,0.2780330520685086
파이버프로,2025,Q4,12227863024.0,2974056328.0,0.2432196306225158
파이버프로,2026,Q1,14276520230.0,4755307539.0,0.3330858964502725
아세아,2023,Q1,491882217518.0,39231846347.0,0.0797586189331277
아세아,2023,Q2,564221870170.0,75623108343.0,0.134030799480025
아세아,2023,Q3,516641639944.0,67978591608.0,0.1315778411034936
아세아,2023,Q4,543141595529.0,57561448637.0,0.1059787155151268
아세아,2024,Q1,,48974584942.0,
아세아,2024,Q2,535721089510.0,66919497005.0,0.1249148079389748
아세아,2024,Q3,473184126111.0,36852235752.0,0.0778813863746459
아세아,2024,Q4,516074961905.0,19673671301.0,0.0381217318282175
아세아,2025,Q1,433122054000.0,25597468000.0,0.059099895199518
아세아,2025,Q2,502249783000.0,51053513000.0,0.1016496467057707
아세아,2025,Q3,459917983000.0,26641643000.0,0.057926943465483
아세아,2025,Q4,489174857000.0,7737856000.0,0.0158181801236771
아세아,2026,Q1,459409374000.0,23712515000.0,0.0516152180212152
프레스티지바이오파마,2023,Q1,51354.0,,
프레스티지바이오파마,2023,Q2,90720.0,,
프레스티지바이오파마,2023,Q3,0.0,,
프레스티지바이오파마,2023,Q4,122410.0,,
프레스티지바이오파마,2024,Q1,1634310.0,,
프레스티지바이오파마,2024,Q2,2260204.0,,
프레스티지바이오파마,2024,Q3,483794.0,,
프레스티지바이오파마,2024,Q4,-108754.0,,
프레스티지바이오파마,2025,Q1,1665776.0,,
프레스티지바이오파마,2025,Q2,5437813.0,,
프레스티지바이오파마,2025,Q3,2382493.0,,
프레스티지바이오파마,2025,Q4,3938096.0,,
프레스티지바이오파마,2026,Q3,355507.0,,
코스모화학,2023,Q1,234192041903.0,2302575398.0,0.0098319967633814
코스모화학,2023,Q2,240663773343.0,5419586162.0,0.0225193268048526
코스모화학,2023,Q3,194843303465.0,4550606342.0,0.0233552103719973
코스모화학,2023,Q4,129284534182.0,-9267173897.0,-0.0716804523884825
코스모화학,2024,Q1,159733293724.0,-429746933.0,-0.0026904030022854
코스모화학,2024,Q2,233533193379.0,4235652081.0,0.0181372592894149
코스모화학,2024,Q3,166684299121.0,1157710299.0,0.0069455269938747
코스모화학,2024,Q4,189330608863.0,-6964515727.0,-0.0367849433793324
코스모화학,2025,Q1,161598488769.0,953133138.0,0.0058981562591372
코스모화학,2025,Q2,177062518053.0,-4723625708.0,-0.0266777280699582
코스모화학,2025,Q3,151999825801.0,-4915915169.0,-0.0323415842294186
코스모화학,2025,Q4,173494331755.0,-7299746135.0,-0.0420748393400444
코스모화학,2026,Q1,183502412957.0,5992358146.0,0.0326554732956246
한화갤러리아,2023,Q1,42046156971.0,1681789854.0,0.0399986580262248
한화갤러리아,2023,Q2,127061951294.0,3951371458.0,0.0310979913165129
한화갤러리아,2023,Q3,120014880552.0,2001293301.0,0.0166753763516256
한화갤러리아,2023,Q4,145372395802.0,2186138205.0,0.0150381934131261
한화갤러리아,2024,Q1,122125960202.0,7392108608.0,0.0605285608053621
한화갤러리아,2024,Q2,126318893055.0,-4480607905.0,-0.0354706077344195
한화갤러리아,2024,Q3,114703617258.0,,
한화갤러리아,2024,Q4,175165219997.0,,
한화갤러리아,2025,Q1,129253028913.0,,
한화갤러리아,2025,Q2,126944312081.0,,
한화갤러리아,2025,Q3,125551894392.0,,
한화갤러리아,2025,Q4,193416455736.0,,
한화갤러리아,2026,Q1,126143698432.0,12346236336.0,0.0978743804840592
네오셈,2023,Q1,21593326679.0,400890370.0,0.0185654751562608
네오셈,2023,Q2,34047822747.0,5069865240.0,0.1489042420619014
네오셈,2023,Q3,20422495332.0,506636777.0,0.0248077802816853
네오셈,2023,Q4,24867581823.0,2109285949.0,0.0848207101121961
네오셈,2024,Q1,28454272220.0,2596633850.0,0.0912563790043054
네오셈,2024,Q2,9948872690.0,-1557105444.0,-0.1565107417210301
네오셈,2024,Q3,33200710375.0,10462619045.0,0.3151323850250598
네오셈,2024,Q4,33633233332.0,4964569584.0,0.1476090489128355
네오셈,2025,Q1,14875063137.0,1523600595.0,0.1024264960066098
네오셈,2025,Q2,16326681894.0,494518119.0,0.0302889541310738
네오셈,2025,Q3,10174598533.0,-481380577.0,-0.0473119971700803
네오셈,2025,Q4,22560408497.0,2518650129.0,0.1116402714664905
네오셈,2026,Q1,14516808843.0,598197575.0,0.0412072364849283
DB증권,2023,Q3,241335704037.0,6402081101.0,0.0265276997721749
DB증권,2023,Q4,295998763190.0,-12256846095.0,-0.0414084368559756
DB증권,2024,Q1,365467265126.0,25770969326.0,0.0705151234738221
DB증권,2024,Q2,317226349793.0,24063929208.0,0.0758572836830939
DB증권,2024,Q3,274281374415.0,2595628289.0,0.0094633778707579
DB증권,2024,Q4,361562943647.0,9428053558.0,0.0260758291845437
DB증권,2025,Q1,437276991167.0,24205759946.0,0.0553556679975315
DB증권,2025,Q2,509306728815.0,32557025008.0,0.0639241996345702
DB증권,2025,Q3,391991196451.0,44189820453.0,0.1127316655401567
DB증권,2025,Q4,589761472893.0,15745833093.0,0.0266986465151085
DB증권,2026,Q1,1075176925000.0,30224965000.0,0.0281116198620055
INVENI,2023,Q1,562331172000.0,33629973000.0,0.0598045683300658
INVENI,2023,Q2,244593440000.0,29366894000.0,0.120064111286059
INVENI,2023,Q3,200224530000.0,6530106000.0,0.0326139159872169
INVENI,2023,Q4,423356702000.0,-12040466000.0,-0.0284404757102439
INVENI,2024,Q1,523984171000.0,25184014000.0,0.0480625472940097
INVENI,2024,Q2,171790477000.0,7229844000.0,0.0420852431767798
INVENI,2024,Q3,123837547000.0,-13345057000.0,-0.107762607733178
INVENI,2024,Q4,379139730000.0,3327134000.0,0.0087754823267928
INVENI,2025,Q1,532641146000.0,24200539000.0,0.0454349784685991
INVENI,2025,Q2,247067221000.0,50085460000.0,0.2027199715011972
INVENI,2025,Q3,150255467000.0,16128405000.0,0.1073398880055392
INVENI,2025,Q4,397635663000.0,21300668000.0,0.0535683038067941
INVENI,2026,Q1,572033744000.0,79145863000.0,0.1383587311590485
일진하이솔루스,2025,Q3,28156221485.0,-4448269246.0,-0.1579853052502012
일진하이솔루스,2025,Q4,24195192733.0,-969040863.0,-0.0400509668880759
일진하이솔루스,2026,Q1,27121473076.0,-2031345397.0,-0.0748980481741441
메디포스트,2023,Q1,17528831445.0,-4364204013.0,-0.248972900828758
메디포스트,2023,Q2,16651901177.0,-5036239957.0,-0.3024423399747395
메디포스트,2023,Q3,17419466282.0,-6034282327.0,-0.3464102877385736
메디포스트,2023,Q4,17042788470.0,-9695968164.0,-0.5689191167905167
메디포스트,2024,Q1,18030650570.0,-5962923813.0,-0.3307104083599353
메디포스트,2024,Q2,17515788655.0,-9255779515.0,-0.5284249369130105
메디포스트,2024,Q3,17274691836.0,-14573159981.0,-0.8436133112736588
메디포스트,2024,Q4,17835897318.0,-18752612812.0,-1.0513972175134048
메디포스트,2025,Q1,19224728163.0,-13666279360.0,-0.7108698361884869
메디포스트,2025,Q2,17835930287.0,-18994119593.0,-1.064935738554897
메디포스트,2025,Q3,18688527461.0,-14063695195.0,-0.7525309430798498
메디포스트,2025,Q4,17907705557.0,-21259692085.0,-1.187181239792595
메디포스트,2026,Q1,19463566819.0,-16851967767.0,-0.8658211479793826
우리기술투자,2023,Q3,3479372709.0,73590027.0,0.0211503719649368
우리기술투자,2023,Q4,112822162279.0,,
우리기술투자,2024,Q1,12228023955.0,,
우리기술투자,2024,Q2,90652003692.0,,
우리기술투자,2024,Q3,6274481676.0,,
우리기술투자,2024,Q4,83096638464.0,,
우리기술투자,2025,Q1,22702736897.0,,
우리기술투자,2025,Q2,171484833351.0,,
우리기술투자,2025,Q3,1816604040.0,,
우리기술투자,2025,Q4,-33137187037.0,,
우리기술투자,2026,Q1,18419237529.0,,
아난티,2023,Q1,46710100855.0,-4489627529.0,-0.0961168451110166
아난티,2023,Q2,492874927220.0,184395546801.0,0.3741223921473552
아난티,2023,Q3,266491289319.0,83171678458.0,0.3120990508565569
아난티,2023,Q4,91220324185.0,3970136205.0,0.0435224961155404
아난티,2024,Q1,57311379135.0,-10213406791.0,-0.1782090563017473
아난티,2024,Q2,70363669350.0,-5919800939.0,-0.0841314984520488
아난티,2024,Q3,87181051150.0,15719106619.0,0.1803041648575029
아난티,2024,Q4,70303095649.0,1214384880.0,0.0172735619788781
아난티,2025,Q1,57255944083.0,-3224625922.0,-0.0563194961439371
아난티,2025,Q2,61851976514.0,-2504768491.0,-0.0404961754202479
아난티,2025,Q3,73376166810.0,9185861253.0,0.1251886225780346
아난티,2025,Q4,65586688990.0,4860023770.0,0.0741007641160389
아난티,2026,Q1,46708823910.0,-9507704011.0,-0.203552631282683
이수화학,2023,Q1,544701532305.0,-16318379781.0,-0.0299583878751835
이수화학,2023,Q2,553646780778.0,-7453123400.0,-0.0134618743552101
이수화학,2023,Q3,515903628853.0,-11805891040.0,-0.0228839077295266
이수화학,2023,Q4,381236511489.0,-20440536532.0,-0.053616418984019
이수화학,2024,Q1,506588715241.0,-2753638119.0,-0.0054356483596165
이수화학,2024,Q2,475945347972.0,-7280117225.0,-0.0152961201449295
이수화학,2024,Q3,476685945468.0,-17315277529.0,-0.0363242879166496
이수화학,2024,Q4,457010878319.0,-24096045127.0,-0.0527253207092821
이수화학,2025,Q1,400627912000.0,15557000.0,3.883154302039744e-05
이수화학,2025,Q2,339854268000.0,3908943000.0,0.0115018211276369
이수화학,2025,Q3,441785403000.0,6368948000.0,0.0144163839654973
이수화학,2025,Q4,477209893000.0,-3409422000.0,-0.0071444914491745
이수화학,2026,Q1,635859860000.0,25427800000.0,0.0399896291613689
KISCO홀딩스,2023,Q1,,33863928463.0,
KISCO홀딩스,2023,Q2,,48926846167.0,
KISCO홀딩스,2023,Q3,,32435657487.0,
KISCO홀딩스,2023,Q4,,34048643127.0,
KISCO홀딩스,2024,Q1,,2544411313.0,
KISCO홀딩스,2024,Q2,,701146531.0,
KISCO홀딩스,2024,Q3,,1252317836.0,
KISCO홀딩스,2024,Q4,,-8125402529.0,
KISCO홀딩스,2025,Q1,190603268215.0,-19648155390.0,-0.1030840424406413
KISCO홀딩스,2025,Q2,211590458553.0,-2647293047.0,-0.0125114008689427
KISCO홀딩스,2025,Q3,203804820126.0,-19516391175.0,-0.0957602041155563
KISCO홀딩스,2025,Q4,219262096326.0,-28935355440.0,-0.1319669743418797
KISCO홀딩스,2026,Q1,,-17286565481.0,
HLB이노베이션,2025,Q1,7549598039.0,-9825474678.0,-1.3014566639499467
HLB이노베이션,2025,Q2,8990097225.0,-9522379541.0,-1.0592076262000605
HLB이노베이션,2025,Q3,7563507268.0,-9542647020.0,-1.2616695776010458
HLB이노베이션,2025,Q4,8160749191.0,-8658904850.0,-1.0610428831153622
HLB이노베이션,2026,Q1,9446184097.0,-10380519394.0,-1.0989114003501936
한전산업,2023,Q1,80948015278.0,3966367686.0,0.0489989491697639
한전산업,2023,Q2,100713036676.0,11784581675.0,0.1170114819684339
한전산업,2023,Q3,90746195074.0,9794617327.0,0.1079341929324184
한전산업,2023,Q4,90854048943.0,492537506.0,0.0054211948914792
한전산업,2024,Q1,87928676832.0,7600943073.0,0.0864444154837296
한전산업,2024,Q2,103764240750.0,13290108762.0,0.1280798535790375
한전산업,2024,Q3,82917901770.0,1320558580.0,0.0159260974025006
한전산업,2024,Q4,92916069940.0,-6067926578.0,-0.065305458807269
한전산업,2025,Q1,90423990493.0,7451491010.0,0.0824061288312291
한전산업,2025,Q2,109159827531.0,13781728345.0,0.1262527493558577
한전산업,2025,Q3,90571404080.0,-16378123204.0,-0.18083106219192
한전산업,2025,Q4,104392919736.0,1719894466.0,0.0164752022488637
한전산업,2026,Q1,107389765661.0,6327432878.0,0.0589202596639792
한솔테크닉스,2023,Q1,412007565445.0,16721635206.0,0.0405857479532914
한솔테크닉스,2023,Q2,378408345355.0,17743099952.0,0.0468887649276193
한솔테크닉스,2023,Q3,441784402701.0,21663497167.0,0.0490363558209678
한솔테크닉스,2023,Q4,70478789211.0,-7190814249.0,-0.1020280616267694
한솔테크닉스,2024,Q1,268094697229.0,12494984983.0,0.0466066099484507
한솔테크닉스,2024,Q2,282466132205.0,9975799476.0,0.0353167985065199
한솔테크닉스,2024,Q3,324468230109.0,9809740759.0,0.0302332858773402
한솔테크닉스,2024,Q4,324454081257.0,1074058900.0,0.0033103571877995
한솔테크닉스,2025,Q1,337753353011.0,19300919104.0,0.0571450110914854
한솔테크닉스,2025,Q2,293573552867.0,12790594545.0,0.0435686199253603
한솔테크닉스,2025,Q3,331628595982.0,17666856457.0,0.0532730188863415
한솔테크닉스,2025,Q4,289469259063.0,-29342679906.0,-0.1013671710805528
한솔테크닉스,2026,Q1,315954532354.0,14106771198.0,0.0446481051969673
KPX홀딩스,2023,Q1,294548093097.0,14703149654.0,0.0499176535125555
KPX홀딩스,2023,Q2,297648181570.0,14865814311.0,0.0499442470388615
KPX홀딩스,2023,Q3,310111954068.0,20809375459.0,0.0671027839656803
KPX홀딩스,2023,Q4,304701930766.0,14996749408.0,0.0492177695438266
KPX홀딩스,2024,Q1,291023296038.0,18065306970.0,0.0620751232493811
KPX홀딩스,2024,Q2,316105331070.0,16290162363.0,0.0515339690977645
KPX홀딩스,2024,Q3,290280815119.0,11910284511.0,0.0410302158829111
KPX홀딩스,2024,Q4,326532668081.0,4867293430.0,0.0149059922812764
KPX홀딩스,2025,Q1,295706279276.0,13254077020.0,0.0448217638544942
KPX홀딩스,2025,Q2,293826413878.0,12714223769.0,0.0432712076535062
KPX홀딩스,2025,Q3,288336380039.0,14208645320.0,0.0492780179805203
KPX홀딩스,2025,Q4,285856508807.0,2787041962.0,0.0097497936066997
KPX홀딩스,2026,Q1,311014812654.0,13268613681.0,0.0426623207035517
메카로,2023,Q1,10802453964.0,-428918258.0,-0.0397056316490126
메카로,2023,Q2,9103500958.0,-3351956963.0,-0.3682052628394966
메카로,2023,Q3,8137078686.0,-3155433245.0,-0.3877845313735239
메카로,2023,Q4,12717826482.0,-1531394529.0,-0.1204132271475348
메카로,2024,Q1,12886833769.0,-1204809224.0,-0.093491484843875
메카로,2024,Q2,14122219916.0,180633885.0,0.0127907571241931
메카로,2024,Q3,16052125227.0,705967500.0,0.0439796905404493
메카로,2024,Q4,19797032809.0,4436411935.0,0.2240947912650398
메카로,2025,Q1,21506647803.0,3310502140.0,0.1539292487757302
메카로,2025,Q2,22898120774.0,3397142180.0,0.1483589947633316
메카로,2025,Q3,25756215469.0,4705557498.0,0.1826959983179041
메카로,2025,Q4,24452763087.0,3947013058.0,0.1614137855896693
메카로,2026,Q1,25520566245.0,4107714860.0,0.1609570422758462
에이스침대,2023,Q1,71144219323.0,7106695803.0,0.0998914018682962
에이스침대,2023,Q2,73057531991.0,16371469775.0,0.2240901017162311
에이스침대,2023,Q3,78539486745.0,14641571978.0,0.1864230667248677
에이스침대,2023,Q4,83673262437.0,18910558682.0,0.2260047968876354
에이스침대,2024,Q1,83707582106.0,14757463666.0,0.1762978131098379
에이스침대,2024,Q2,78335431163.0,21070530175.0,0.268978288140861
에이스침대,2024,Q3,77443765071.0,12584253880.0,0.1624953780134892
에이스침대,2024,Q4,86505073707.0,17822988484.0,0.2060340245980018
에이스침대,2025,Q1,81386569761.0,12100807341.0,0.1486830981639263
에이스침대,2025,Q2,76480851459.0,16908921587.0,0.2210869945147586
에이스침대,2025,Q3,79894175942.0,12292158839.0,0.1538555056619348
에이스침대,2025,Q4,79505463716.0,12789148945.0,0.160858742874375
에이스침대,2026,Q1,85035704232.0,12807382624.0,0.1506118252288245
현대퓨처넷,2023,Q1,39615099297.0,2283486368.0,0.0576418186126552
현대퓨처넷,2023,Q2,47796241928.0,2954830376.0,0.0618213955074363
현대퓨처넷,2023,Q3,42005792177.0,1123488038.0,0.0267460266733205
현대퓨처넷,2023,Q4,39197856475.0,-3908627534.0,-0.099715338681667
현대퓨처넷,2024,Q1,43401755612.0,2212116566.0,0.0509683660213131
현대퓨처넷,2024,Q2,47396767452.0,3764919253.0,0.0794340934075902
현대퓨처넷,2024,Q3,68364644667.0,3022250294.0,0.0442077964234466
현대퓨처넷,2024,Q4,56652783582.0,-2054714270.0,-0.0362685492236401
현대퓨처넷,2025,Q1,66661281562.0,3766907757.0,0.0565081808920294
현대퓨처넷,2025,Q2,63026827000.0,4371213000.0,0.0693548002979747
현대퓨처넷,2025,Q3,69302884000.0,3732946000.0,0.0538642230242539
현대퓨처넷,2025,Q4,65524040000.0,-5561842000.0,-0.0848824645122614
현대퓨처넷,2026,Q1,70855165000.0,4307491000.0,0.0607929005598956
LS증권,2026,Q1,1636450892273.0,39220417034.0,0.0239667546512951
코세스,2024,Q1,16951594927.0,-529452767.0,-0.0312332125254304
코세스,2024,Q2,19262085647.0,276306885.0,0.0143445985062907
코세스,2024,Q3,12712959550.0,-2634079733.0,-0.207196422095121
코세스,2024,Q4,20257598196.0,-2721576750.0,-0.1343484416892716
코세스,2025,Q1,18819905072.0,3947425457.0,0.209747362800088
코세스,2025,Q2,17073864677.0,6858158688.0,0.4016758254643159
코세스,2025,Q3,22189206848.0,3563047264.0,0.1605756928766091
코세스,2025,Q4,24296186695.0,3022883686.0,0.1244180300368736
코세스,2026,Q1,12629139862.0,1457922363.0,0.1154411447597285
케이씨,2023,Q1,183834509233.0,16527965181.0,0.0899067604333837
케이씨,2023,Q2,156094046227.0,15964295219.0,0.1022735690750427
케이씨,2023,Q3,190296009009.0,28218815169.0,0.1482890540687345
케이씨,2023,Q4,196797654310.0,5669622852.0,0.0288094025910953
케이씨,2024,Q1,203182701615.0,10665523223.0,0.0524922797965819
케이씨,2024,Q2,172307671095.0,-5615296633.0,-0.0325887791142163
케이씨,2024,Q3,145022918727.0,-6650844506.0,-0.0458606444028337
케이씨,2024,Q4,217974832687.0,29578208091.0,0.1356955191862571
케이씨,2025,Q1,236738436172.0,25542758527.0,0.1078944295654726
케이씨,2025,Q2,209504617968.0,14635154337.0,0.0698559987791552
케이씨,2025,Q3,174998284238.0,2725798066.0,0.0155761416625826
케이씨,2025,Q4,176103149106.0,3558991448.0,0.0202096979302611
케이씨,2026,Q1,212509978465.0,13974524968.0,0.0657593825426017
툴젠,2023,Q1,148040869.0,-4360437964.0,-29.454285113660067
툴젠,2023,Q2,165433065.0,-3457211199.0,-20.897945637409304
툴젠,2023,Q3,512724025.0,-4484422768.0,-8.746270019236958
툴젠,2023,Q4,277211462.0,-4785475768.0,-17.26290728916541
툴젠,2024,Q1,121121040.0,-5027914994.0,-41.51149126526655
툴젠,2024,Q2,159140750.0,-6025757281.0,-37.86432627092684
툴젠,2024,Q3,441102353.0,-5069144441.0,-11.491991385953908
툴젠,2024,Q4,169596890.0,-5675642794.0,-33.465488630127595
툴젠,2025,Q1,129134025.0,-4610090775.0,-35.70004710222577
툴젠,2025,Q2,142609857.0,-6331605117.0,-44.398088955379855
툴젠,2025,Q3,630536038.0,-5413439105.0,-8.58545551523258
툴젠,2025,Q4,404165188.0,-6939160132.0,-17.169118810895707
툴젠,2026,Q1,390709250.0,-4593054586.0,-11.755684274175746
빛과전자,2023,Q1,5999401687.0,-2929912620.0,-0.4883674694342899
빛과전자,2023,Q2,4975770403.0,-3147599370.0,-0.6325853315302177
빛과전자,2023,Q3,5644448796.0,-1720401534.0,-0.3047953123818186
빛과전자,2023,Q4,5074525065.0,-1555733692.0,-0.3065772012301608
빛과전자,2024,Q1,3807637050.0,-2373393065.0,-0.623324396163232
빛과전자,2024,Q2,5225488474.0,,
빛과전자,2024,Q3,3145873019.0,,
빛과전자,2024,Q4,5954364459.0,,
빛과전자,2025,Q1,8459555971.0,-2260980732.0,-0.2672694334963695
빛과전자,2025,Q2,7977360322.0,,
빛과전자,2025,Q3,7622659205.0,-2271813372.0,-0.2980342306933817
빛과전자,2025,Q4,7710591873.0,,
빛과전자,2026,Q1,8459555971.0,-2260980732.0,-0.2672694334963695
콜마홀딩스,2023,Q1,152914011990.0,7689486588.0,0.0502863438603838
콜마홀딩스,2023,Q2,170574600001.0,16216049033.0,0.0950671965984673
콜마홀딩스,2023,Q3,154474807794.0,7349174346.0,0.0475752289383036
콜마홀딩스,2023,Q4,159310902805.0,-14383579780.0,-0.090286223521097
콜마홀딩스,2024,Q1,176367013974.0,8826755305.0,0.0500476540715331
콜마홀딩스,2024,Q2,180188561909.0,14207222733.0,0.0788464183435518
콜마홀딩스,2024,Q3,162979409312.0,6736721402.0,0.0413348006992928
콜마홀딩스,2024,Q4,157128196468.0,8348010583.0,0.0531286603591871
콜마홀딩스,2025,Q1,152411197209.0,3139460898.0,0.0205986236936049
콜마홀딩스,2025,Q2,175670231830.0,16377410182.0,0.093228146917053
콜마홀딩스,2025,Q3,165525046546.0,16331811164.0,0.0986667063673734
콜마홀딩스,2025,Q4,136505333892.0,11893862086.0,0.0871311160295769
콜마홀딩스,2026,Q1,151926183839.0,20401684194.0,0.1342868206024327
싸이맥스,2023,Q1,36343606595.0,1970995491.0,0.0542322481355265
싸이맥스,2023,Q2,38032490717.0,2532085277.0,0.0665768985744652
싸이맥스,2023,Q3,34005785846.0,2629069054.0,0.0773124040098973
싸이맥스,2023,Q4,48244699967.0,-19163149.0,-0.0003972073411816
싸이맥스,2024,Q1,43017529324.0,4088170949.0,0.0950350011551955
싸이맥스,2024,Q2,38621840017.0,5636344005.0,0.1459367032362797
싸이맥스,2024,Q3,38465255208.0,6054068392.0,0.1573905686901792
싸이맥스,2024,Q4,44953791753.0,7626780830.0,0.1696582319886514
싸이맥스,2025,Q1,45817748440.0,7393307692.0,0.161363400510215
싸이맥스,2025,Q2,48303379665.0,7411647717.0,0.1534395267660822
싸이맥스,2025,Q3,41194582882.0,6195320495.0,0.1503916306846998
싸이맥스,2025,Q4,29088822963.0,2345454174.0,0.0806307693158756
싸이맥스,2026,Q1,40517250906.0,4729905225.0,0.116738058956008
인화정공,2023,Q1,32693891585.0,1450057968.0,0.0443525655008071
인화정공,2023,Q2,32309270107.0,1766873557.0,0.0546862727368513
인화정공,2023,Q3,33618101856.0,1784796083.0,0.0530903288545262
인화정공,2023,Q4,5329810190.0,-115798315.0,-0.0217265363815892
인화정공,2024,Q1,21768497399.0,1151131951.0,0.0528806343359684
인화정공,2024,Q2,25498503135.0,4562097785.0,0.1789162979821325
인화정공,2024,Q3,20568311522.0,1188941766.0,0.0578045390224812
인화정공,2024,Q4,24948697322.0,3358926900.0,0.1346333580726904
인화정공,2025,Q1,28520545227.0,2659271392.0,0.0932405524100046
인화정공,2025,Q2,25162399258.0,4408809436.0,0.1752141912539714
인화정공,2025,Q3,28794867224.0,4865325954.0,0.1689650421428176
인화정공,2025,Q4,25480478324.0,3600888211.0,0.1413194903648387
인화정공,2026,Q1,25986507540.0,4162289320.0,0.1601711701194611
티로보틱스,2023,Q1,8692957689.0,-2572354785.0,-0.2959124934261485
티로보틱스,2023,Q2,7799641460.0,-2180972224.0,-0.2796246770040632
티로보틱스,2023,Q3,12601830774.0,-2913279000.0,-0.2311790288448131
티로보틱스,2023,Q4,37622138390.0,-543438970.0,-0.0144446592686088
티로보틱스,2024,Q1,15410919442.0,-2372826140.0,-0.15397044601591
티로보틱스,2024,Q2,12118092183.0,-3565675779.0,-0.294243988670275
티로보틱스,2024,Q3,23415611558.0,1538826828.0,0.0657179858056816
티로보틱스,2024,Q4,9760773519.0,-2602303593.0,-0.2666083367198759
티로보틱스,2025,Q1,12691515284.0,292627788.0,0.023056962187085
티로보틱스,2025,Q2,10951300018.0,-1025910435.0,-0.0936793287841418
티로보틱스,2025,Q3,13119415238.0,-127845448.0,-0.0097447520091977
티로보틱스,2025,Q4,7050431360.0,-11047322906.0,-1.5669002848075384
티로보틱스,2026,Q1,8162576440.0,-2951501591.0,-0.3615894580216635
넥센,2023,Q1,722096049157.0,24015554089.0,0.0332581158933587
넥센,2023,Q2,777984407247.0,45922230599.0,0.0590271863693282
넥센,2023,Q3,777023414529.0,79386825497.0,0.1021678678050146
넥센,2023,Q4,758957983531.0,71713435282.0,0.0944893351649825
넥센,2024,Q1,763658226552.0,52674322469.0,0.0689763046314976
넥센,2024,Q2,852201926288.0,72094240688.0,0.0845976035304523
넥센,2024,Q3,810020825237.0,62416039409.0,0.0770548576831194
넥센,2024,Q4,788423026984.0,22479670612.0,0.0285121943964432
넥센,2025,Q1,867367024433.0,48875157597.0,0.0563488767963594
넥센,2025,Q2,904714309216.0,50253353819.0,0.05554610257303
넥센,2025,Q3,886620230833.0,55348135906.0,0.0624259789944102
넥센,2025,Q4,927816458182.0,49733021307.0,0.0536022193489096
넥센,2026,Q1,937483353616.0,67617034236.0,0.0721261172000462
서연이화,2023,Q1,780269392431.0,53628736108.0,0.068731051901081
서연이화,2023,Q2,900887709601.0,36039913432.0,0.0400048896748318
서연이화,2023,Q3,919567717922.0,57601219771.0,0.0626394540047195
서연이화,2023,Q4,973540740081.0,45840018579.0,0.0470858760108858
서연이화,2024,Q1,938732404093.0,44373006141.0,0.0472690683175819
서연이화,2024,Q2,1029034223177.0,49819411541.0,0.0484137557516692
서연이화,2024,Q3,1005217569888.0,56009127591.0,0.0557184128777618
서연이화,2024,Q4,1068544911194.0,4202903196.0,0.0039332957856714
서연이화,2025,Q1,1055157316858.0,38628826532.0,0.0366095424017218
서연이화,2025,Q2,1210680770816.0,52954511699.0,0.0437394505434397
서연이화,2025,Q3,1096517930980.0,49016129174.0,0.0447016211857041
서연이화,2025,Q4,1142893704096.0,21200354663.0,0.0185497169045733
서연이화,2026,Q1,1188679662298.0,48581651112.0,0.0408702635814262
KG케미칼,2023,Q1,2389579983983.0,124158025907.0,0.0519580958742594
KG케미칼,2023,Q2,2321847332934.0,140201784113.0,0.0603837221010712
KG케미칼,2023,Q3,2220609806216.0,137647617476.0,0.0619864044059845
KG케미칼,2023,Q4,2001019900419.0,40576280566.0,0.0202777996148382
KG케미칼,2024,Q1,2266524465446.0,107473071215.0,0.0474175650223355
KG케미칼,2024,Q2,2277400514954.0,128268494474.0,0.0563223261045898
KG케미칼,2024,Q3,2146234962463.0,7240982094.0,0.0033738067921931
KG케미칼,2024,Q4,2172982497119.0,75819031020.0,0.034891689703218
KG케미칼,2025,Q1,2121689409396.0,106567204927.0,0.0502275236210645
KG케미칼,2025,Q2,2181204768618.0,78861051925.0,0.0361548136422633
KG케미칼,2025,Q3,2462627764021.0,90212045842.0,0.0366324327046085
KG케미칼,2025,Q4,2336124979629.0,30038383650.0,0.0128582091762789
KG케미칼,2026,Q1,2393426480612.0,64592510166.0,0.026987463658998
광동제약,2023,Q1,356949686042.0,15814888616.0,0.0443056521252666
광동제약,2023,Q2,375359595864.0,11928442366.0,0.0317787063323722
광동제약,2023,Q3,397835239726.0,11073063664.0,0.027833290162094
광동제약,2023,Q4,384309626491.0,3253424723.0,0.0084656342145418
광동제약,2024,Q1,412486305319.0,17029959426.0,0.0412861207909186
광동제약,2024,Q2,412812733804.0,5041702602.0,0.0122130501051688
광동제약,2024,Q3,424589028717.0,1371657839.0,0.0032305541269985
광동제약,2024,Q4,390830781386.0,6654035477.0,0.0170253618545674
광동제약,2025,Q1,377603695587.0,3308594490.0,0.008762081856367
광동제약,2025,Q2,425289593430.0,4541187957.0,0.0106778722713972
광동제약,2025,Q3,444517085258.0,10868629416.0,0.0244504199646044
광동제약,2025,Q4,412102083425.0,12327436142.0,0.0299135496708633
광동제약,2026,Q1,410853703841.0,7521328350.0,0.0183065852386978
넥스틸,2023,Q3,66707940232.0,-3107504663.0,-0.046583729795772
넥스틸,2023,Q4,139108108462.0,26727398261.0,0.1921340068275106
넥스틸,2024,Q1,125885190656.0,953639782.0,0.0075754723572367
넥스틸,2024,Q2,143263485312.0,42922841751.0,0.2996076889901317
넥스틸,2024,Q3,157002351196.0,13917273718.0,0.0886437280205175
넥스틸,2024,Q4,126214310485.0,5411123149.0,0.0428725009724082
넥스틸,2025,Q1,156770327126.0,22951649264.0,0.1464030195303045
넥스틸,2025,Q2,178033482763.0,14592301181.0,0.0819638022833346
넥스틸,2025,Q3,121920398208.0,5439763837.0,0.0446173398131426
넥스틸,2025,Q4,94268249460.0,-3041496933.0,-0.0322642772134065
넥스틸,2026,Q1,100643225075.0,2673087035.0,0.0265600295798152
트리니티항공,2023,Q1,358694685630.0,82465373376.0,0.2299040846706731
트리니티항공,2023,Q2,286027429498.0,20042071218.0,0.0700704518205661
트리니티항공,2023,Q3,345061251448.0,34626114983.0,0.1003477348954612
트리니티항공,2023,Q4,358976061560.0,2278256966.0,0.0063465428755872
트리니티항공,2024,Q1,422890994894.0,76123880129.0,0.1800082788428277
트리니티항공,2024,Q2,325860086247.0,-21524823917.0,-0.0660554171113927
트리니티항공,2024,Q3,394888071845.0,-5956751735.0,-0.0150846585645618
트리니티항공,2024,Q4,393140402375.0,-60913433073.0,-0.1549406591258897
트리니티항공,2025,Q1,446606926242.0,-35466599384.0,-0.0794134557706835
트리니티항공,2025,Q2,377868316603.0,-78327631859.0,-0.2072881700248327
트리니티항공,2025,Q3,449768741185.0,-95503823455.0,-0.2123398420338801
트리니티항공,2025,Q4,523936829685.0,-56169913727.0,-0.1072074161321515
트리니티항공,2026,Q1,612084383875.0,19190666563.0,0.0313529752899546
GRT,2023,Q1,1132434563.0,200121293.0,0.1767177544191575
GRT,2023,Q2,1126279950.0,213968682.0,0.1899782394243988
GRT,2023,Q3,1082738221.0,92272675.0,0.0852215920804739
GRT,2023,Q4,1141474480.0,99448909.0,0.0871231996356151
GRT,2024,Q1,1281014974.0,167470625.0,0.1307327614423342
GRT,2024,Q2,1317366851.0,203586313.0,0.1545403338830483
GRT,2024,Q3,1056164618.0,173319188.0,0.1641024372963798
GRT,2024,Q4,1259342173.0,210670119.0,0.1672858445597374
GRT,2025,Q1,1359371831.0,221899496.0,0.1632367913911848
GRT,2025,Q2,1498556074.0,234913897.0,0.1567601647184008
GRT,2025,Q3,1070464168.0,144732140.0,0.135205030048236
GRT,2025,Q4,1274496774.0,191840512.0,0.1505225559715697
GRT,2026,Q3,1366952305.0,205331064.0,0.1502108473345747
지노믹트리,2024,Q3,693365218.0,-3885379524.0,-5.60365507691215
지노믹트리,2024,Q4,824466084.0,-3654833019.0,-4.432969518003848
지노믹트리,2025,Q1,316490752.0,-3728083098.0,-11.779437706919158
지노믹트리,2025,Q2,1721124729.0,-1505159520.0,-0.8745208843025112
지노믹트리,2025,Q3,896830623.0,-3443540613.0,-3.839677777149231
지노믹트리,2025,Q4,825623583.0,-2621041615.0,-3.174620576457056
지노믹트리,2026,Q1,381611362.0,-3029729881.0,-7.93930732334956
아세아제지,2023,Q1,223982486911.0,21427926404.0,0.095667865374289
아세아제지,2023,Q2,229478931769.0,28382608839.0,0.1236828523655964
아세아제지,2023,Q3,225920186122.0,22255218641.0,0.09850920815452
아세아제지,2023,Q4,228952797665.0,15516748851.0,0.0677726981685712
아세아제지,2024,Q1,218130570301.0,14497140753.0,0.0664608391799246
아세아제지,2024,Q2,227720097520.0,9619932354.0,0.0422445469625495
아세아제지,2024,Q3,225707173352.0,6853506359.0,0.0303645925701779
아세아제지,2024,Q4,219507442918.0,-4404458049.0,-0.0200651877241599
아세아제지,2025,Q1,211064951119.0,13251675093.0,0.0627848206096928
아세아제지,2025,Q2,216238453858.0,10011156403.0,0.0462968367761922
아세아제지,2025,Q3,214439157216.0,4763278995.0,0.0222127295072422
아세아제지,2025,Q4,213383617922.0,-810060405.0,-0.0037962633349674
아세아제지,2026,Q1,217134500001.0,10039692312.0,0.0462372046448342
휴온스글로벌,2023,Q1,173963879123.0,24460497570.0,0.1406067609742443
휴온스글로벌,2023,Q2,193744438294.0,36548590411.0,0.1886433011075077
휴온스글로벌,2023,Q3,190616742502.0,31901371357.0,0.1673587059471719
휴온스글로벌,2023,Q4,200054600668.0,21039533498.0,0.1051689560137439
휴온스글로벌,2024,Q1,201881134895.0,25950107821.0,0.1285415194168432
휴온스글로벌,2024,Q2,209650901643.0,30390151615.0,0.1449559786141501
휴온스글로벌,2024,Q3,199421487780.0,14369265724.0,0.0720547513909436
휴온스글로벌,2024,Q4,202506990827.0,26281302178.0,0.1297797279524631
휴온스글로벌,2025,Q1,199104868521.0,25551150926.0,0.1283301162638575
휴온스글로벌,2025,Q2,212659079271.0,25266430500.0,0.1188119058288688
휴온스글로벌,2025,Q3,211168156454.0,20344210409.0,0.0963412796258023
휴온스글로벌,2025,Q4,224521069406.0,19390559445.0,0.0863640971259413
휴온스글로벌,2026,Q1,196953507844.0,9160671227.0,0.0465118460050777
일진홀딩스,2023,Q1,359506040227.0,18035837411.0,0.0501683849306447
일진홀딩스,2023,Q2,359378768298.0,13175681151.0,0.0366623805112343
일진홀딩스,2023,Q3,341132042079.0,14285978577.0,0.0418781492642418
일진홀딩스,2023,Q4,411879171988.0,12021198375.0,0.0291862254577666
일진홀딩스,2024,Q1,386074268137.0,18293627432.0,0.0473837003441742
일진홀딩스,2024,Q2,492877225895.0,25545363072.0,0.0518290595099276
일진홀딩스,2024,Q3,387491509527.0,11796984797.0,0.0304444988005033
일진홀딩스,2024,Q4,533580998972.0,16885231440.0,0.0316451138112698
일진홀딩스,2025,Q1,505598441135.0,32357182579.0,0.0639977894440546
일진홀딩스,2025,Q2,580010182540.0,36073631189.0,0.0621948239443403
일진홀딩스,2025,Q3,517273435733.0,32901526078.0,0.0636056750746866
일진홀딩스,2025,Q4,679842082688.0,44258433644.0,0.0651010503336427
일진홀딩스,2026,Q1,572897546593.0,52130520491.0,0.0909944907270387
SIMPAC,2023,Q1,122199765813.0,10019020383.0,0.0819888672972738
SIMPAC,2023,Q2,167760712390.0,6539108947.0,0.0389787862357085
SIMPAC,2023,Q3,147150320879.0,3390816413.0,0.0230432145356191
SIMPAC,2023,Q4,172338839098.0,-2446657136.0,-0.0141967832022398
SIMPAC,2024,Q1,136101679780.0,-3921794511.0,-0.0288151808070211
SIMPAC,2024,Q2,213235692308.0,19811176145.0,0.0929074111869813
SIMPAC,2024,Q3,188537769411.0,491284985.0,0.0026057642802012
SIMPAC,2024,Q4,247186616501.0,8072212381.0,0.0326563488560366
SIMPAC,2025,Q1,230243187000.0,7604658000.0,0.0330288079273329
SIMPAC,2025,Q2,301476277000.0,5152801000.0,0.017091895426319
SIMPAC,2025,Q3,301270448000.0,9563826000.0,0.0317449854889185
SIMPAC,2025,Q4,346455313617.0,23635029730.0,0.068219561949418
SIMPAC,2026,Q1,315345152180.0,21629622216.0,0.0685903114935274
신라젠,2023,Q1,796346506.0,,
신라젠,2023,Q2,2595103124.0,,
신라젠,2023,Q3,1718422918.0,,
신라젠,2023,Q4,-1170313852.0,,
신라젠,2024,Q1,302195402.0,,
신라젠,2024,Q2,806943259.0,,
신라젠,2024,Q3,1290884115.0,,
신라젠,2024,Q4,1526631504.0,,
신라젠,2025,Q1,1157000348.0,,
신라젠,2025,Q2,2392539486.0,,
신라젠,2025,Q3,2764524686.0,,
신라젠,2025,Q4,2911351983.0,,
신라젠,2026,Q1,2851386141.0,-5649459340.0,-1.9813027982308624
스틱인베스트먼트,2023,Q3,17948503876.0,6045853032.0,0.3368444007237988
스틱인베스트먼트,2023,Q4,46662088442.0,14929134176.0,0.319941405849346
스틱인베스트먼트,2024,Q1,22103989022.0,10250769967.0,0.4637520384577397
스틱인베스트먼트,2024,Q2,16773602616.0,62203656.0,0.0037084255197905
스틱인베스트먼트,2024,Q3,18653966374.0,6490190173.0,0.3479254783071799
스틱인베스트먼트,2024,Q4,21934154783.0,-3384831520.0,-0.1543178460025915
스틱인베스트먼트,2025,Q1,16559383951.0,-5665657486.0,-0.34214180326786
스틱인베스트먼트,2025,Q2,26845683407.0,4677625157.0,0.1742412396840049
스틱인베스트먼트,2025,Q3,17930781041.0,4053542614.0,0.2260661487489746
스틱인베스트먼트,2025,Q4,29881662309.0,14118560965.0,0.4724824482320603
스틱인베스트먼트,2026,Q1,16844963971.0,4581642800.0,0.2719888750066594
퍼시스,2023,Q1,95746688812.0,8796752123.0,0.0918752620288786
퍼시스,2023,Q2,89826984491.0,10585264590.0,0.1178405871017585
퍼시스,2023,Q3,84170836465.0,9939881577.0,0.1180917523747457
퍼시스,2023,Q4,93161115253.0,5913785128.0,0.0634791147780893
퍼시스,2024,Q1,107312369380.0,13909250669.0,0.1296146077974147
퍼시스,2024,Q2,85952831254.0,3381992152.0,0.0393470709767063
퍼시스,2024,Q3,92620726690.0,5163569445.0,0.0557496105842742
퍼시스,2024,Q4,99819448182.0,-978404377.0,-0.0098017409915559
퍼시스,2025,Q1,103741730555.0,5092744115.0,0.0490906030558263
퍼시스,2025,Q2,82344044430.0,243140237.0,0.0029527361533315
퍼시스,2025,Q3,80056466548.0,-2014936059.0,-0.0251689357010515
퍼시스,2025,Q4,92057303659.0,2416182019.0,0.0262464999838584
퍼시스,2026,Q1,97635259403.0,-2070962623.0,-0.0212112164771527
한양디지텍,2023,Q1,109450239099.0,3642779475.0,0.0332825172881078
한양디지텍,2023,Q2,109097229615.0,3942369983.0,0.0361362978410402
한양디지텍,2023,Q3,131931823302.0,4167702820.0,0.0315898220436162
한양디지텍,2023,Q4,128358381355.0,7343993997.0,0.0572147601073961
한양디지텍,2024,Q1,167529831939.0,11156279603.0,0.0665927940944999
한양디지텍,2024,Q2,155679635775.0,9897807245.0,0.063578047287476
한양디지텍,2024,Q3,129060633640.0,4333268901.0,0.033575450381618
한양디지텍,2024,Q4,142897351204.0,9655735398.0,0.0675711293221628
한양디지텍,2025,Q1,149447685672.0,4726393217.0,0.0316257370982193
한양디지텍,2025,Q2,155194997734.0,-92214679.0,-0.0005941858973963
한양디지텍,2025,Q3,178414668543.0,9770149131.0,0.0547609073333859
한양디지텍,2025,Q4,167993806878.0,9466673815.0,0.0563513262240367
한양디지텍,2026,Q1,191986555615.0,6764537999.0,0.035234435960012
HLB생명과학,2023,Q1,31166194280.0,-2822345922.0,-0.09055792621466
HLB생명과학,2023,Q2,21429514246.0,-6631312986.0,-0.3094476575565771
HLB생명과학,2023,Q3,21843954259.0,-6422062339.0,-0.2939972434869032
HLB생명과학,2023,Q4,23550777896.0,-8657074875.0,-0.3675918864858543
HLB생명과학,2024,Q1,23894368063.0,-5646641132.0,-0.2363168223203074
HLB생명과학,2024,Q2,23580957545.0,-6243775603.0,-0.2647804098321657
HLB생명과학,2024,Q3,26083155836.0,-6087563285.0,-0.2333905959568718
HLB생명과학,2024,Q4,28681574571.0,-6840741415.0,-0.2385064808093447
HLB생명과학,2025,Q1,27477172576.0,-5938848315.0,-0.2161375337500082
HLB생명과학,2025,Q2,11768945377.0,-6650785199.0,-0.5651130994283992
HLB생명과학,2025,Q3,13596219576.0,-3839935503.0,-0.2824267055658795
HLB생명과학,2025,Q4,10947830942.0,-5803626383.0,-0.5301165512827847
HLB생명과학,2026,Q1,15199216272.0,-6454499530.0,-0.424660022891475
한국정보통신,2023,Q1,163466770000.0,7624800000.0,0.0466443424556562
한국정보통신,2023,Q2,175413291000.0,12691314000.0,0.0723509257915923
한국정보통신,2023,Q3,182597363000.0,12311708000.0,0.0674254425021461
한국정보통신,2023,Q4,203648500000.0,3007632000.0,0.0147687412379663
한국정보통신,2024,Q1,194763228000.0,9121688000.0,0.0468347546591289
한국정보통신,2024,Q2,202587754000.0,14710296000.0,0.0726119704155464
한국정보통신,2024,Q3,199132326000.0,12970965000.0,0.065137415208016
한국정보통신,2024,Q4,194484321000.0,2322222000.0,0.0119404072681005
한국정보통신,2025,Q1,192398562000.0,10090782000.0,0.0524472838835458
한국정보통신,2025,Q2,204838008000.0,14019871000.0,0.0684436991791093
한국정보통신,2025,Q3,218203070000.0,15139840000.0,0.0693841750255851
한국정보통신,2025,Q4,220889977000.0,5977869000.0,0.0270626539111822
한국정보통신,2026,Q1,216160696000.0,10955267000.0,0.0506811238246568
제이브이엠,2023,Q1,37657365620.0,7508753174.0,0.1993966665053188
제이브이엠,2023,Q2,38714763494.0,6556971330.0,0.1693661729592174
제이브이엠,2023,Q3,36846641322.0,5822956165.0,0.1580322101575996
제이브이엠,2023,Q4,43866572533.0,9882047391.0,0.2252751199917869
제이브이엠,2024,Q1,40159787916.0,7318523223.0,0.1822351063782445
제이브이엠,2024,Q2,37746091382.0,6870050855.0,0.182006947036538
제이브이엠,2024,Q3,37370710773.0,7359693178.0,0.1969374685620727
제이브이엠,2024,Q4,44157560565.0,9126744243.0,0.2066858795237435
제이브이엠,2025,Q1,42819113913.0,8865199375.0,0.2070383659272431
제이브이엠,2025,Q2,47537480253.0,10903180253.0,0.2293596588412344
제이브이엠,2025,Q3,39705208601.0,7596140411.0,0.1913134492588634
제이브이엠,2025,Q4,43067416945.0,5911740880.0,0.1372671337022531
제이브이엠,2026,Q1,45484139897.0,9291852414.0,0.204287745905312
에이플러스에셋,2023,Q1,74979119459.0,594768793.0,0.0079324590271459
에이플러스에셋,2023,Q2,86263901710.0,1864936728.0,0.0216189702880528
에이플러스에셋,2023,Q3,97136957434.0,6974200156.0,0.0717975973330093
에이플러스에셋,2023,Q4,96227774062.0,-1785605848.0,-0.0185560340079105
에이플러스에셋,2024,Q1,122931115559.0,5894415469.0,0.0479489301158339
에이플러스에셋,2024,Q2,113456402318.0,10216808127.0,0.0900505208896359
에이플러스에셋,2024,Q3,139911213878.0,10938520853.0,0.0781818737026911
에이플러스에셋,2024,Q4,139486823259.0,4500905652.0,0.0322676045438549
에이플러스에셋,2025,Q1,158287275763.0,7403151911.0,0.0467703539359952
에이플러스에셋,2025,Q2,167423665795.0,8938964809.0,0.0533912859126213
에이플러스에셋,2025,Q3,176006025878.0,6171939155.0,0.0350666354984807
에이플러스에셋,2025,Q4,180749588417.0,6800392432.0,0.0376232803159202
에이플러스에셋,2026,Q1,186597644750.0,15908368086.0,0.085254924344376
한라IMS,2023,Q1,22138711335.0,994257361.0,0.0449103539024937
한라IMS,2023,Q2,20341426384.0,1279039562.0,0.0628785581627676
한라IMS,2023,Q3,17300468363.0,1521231392.0,0.0879300698733343
한라IMS,2023,Q4,19163889288.0,1570661983.0,0.0819594581974293
한라IMS,2024,Q1,23100997839.0,3912776548.0,0.1693769496568801
한라IMS,2024,Q2,25584692664.0,3964772075.0,0.154966570326592
한라IMS,2024,Q3,23280133482.0,3190102115.0,0.1370310920883061
한라IMS,2024,Q4,32269901513.0,4895213920.0,0.151695967154655
한라IMS,2025,Q1,26555572810.0,5128716667.0,0.1931314644837442
한라IMS,2025,Q2,35662182789.0,6160752967.0,0.1727531094619447
한라IMS,2025,Q3,31667701866.0,5440686298.0,0.171805529843054
한라IMS,2025,Q4,39591477694.0,5541795061.0,0.1399744435868794
한라IMS,2026,Q1,39356686207.0,5518375636.0,0.140214437947738
노바렉스,2023,Q1,69258668450.0,4969323990.0,0.0717502097746437
노바렉스,2023,Q2,76041853761.0,7240815683.0,0.0952214514096135
노바렉스,2023,Q3,80472926529.0,7648553542.0,0.0950450526891636
노바렉스,2023,Q4,76393855282.0,5641262790.0,0.073844457373906
노바렉스,2024,Q1,56550578171.0,3563025939.0,0.0630060037268933
노바렉스,2024,Q2,81758138876.0,7344008565.0,0.0898260242462029
노바렉스,2024,Q3,77265985564.0,5541699888.0,0.0717223736622083
노바렉스,2024,Q4,82150578125.0,6740627452.0,0.082052100007665
노바렉스,2025,Q1,90706472156.0,8418578655.0,0.0928112234430355
노바렉스,2025,Q2,99063137876.0,11018967455.0,0.111231762805583
노바렉스,2025,Q3,113837651543.0,12910456885.0,0.1134111316423575
노바렉스,2025,Q4,100652527052.0,10702060792.0,0.1063267968073072
AP시스템,2023,Q1,93974706248.0,11705540408.0,0.1245605426752703
AP시스템,2023,Q2,122524655224.0,11149284311.0,0.0909962512493248
AP시스템,2023,Q3,157744282295.0,16582860137.0,0.1051249522057993
AP시스템,2023,Q4,159335606663.0,20683541283.0,0.1298111684900812
AP시스템,2024,Q1,91787090576.0,7238047573.0,0.0788569234254884
AP시스템,2024,Q2,129289085329.0,12648638420.0,0.0978322213960536
AP시스템,2024,Q3,131857596580.0,14322075494.0,0.1086177502508213
AP시스템,2024,Q4,163764239001.0,12981446315.0,0.0792691151266591
AP시스템,2025,Q1,121923175108.0,7640830447.0,0.0626692213373849
AP시스템,2025,Q2,110261927172.0,2709440956.0,0.0245727698172142
AP시스템,2025,Q3,96314883880.0,13364153543.0,0.1387548113503472
AP시스템,2025,Q4,131644872020.0,9613711737.0,0.0730276203659451
AP시스템,2026,Q1,196133415343.0,17988139161.0,0.0917137915002508
우진,2023,Q1,31747281386.0,4716635193.0,0.148568160393096
우진,2023,Q2,32649844379.0,7147594120.0,0.2189166366929837
우진,2023,Q3,28518451086.0,3159129635.0,0.1107749374421968
우진,2023,Q4,36143745388.0,341779142.0,0.0094561075043836
우진,2024,Q1,35766702052.0,5487186151.0,0.1534160500183205
우진,2024,Q2,39452747336.0,8278710776.0,0.2098386382447391
우진,2024,Q3,24793103766.0,-284978081.0,-0.0114942479041613
우진,2024,Q4,40714120946.0,2624421302.0,0.0644597314401267
우진,2025,Q1,27179111547.0,-690208579.0,-0.0253948175534157
우진,2025,Q2,34903842100.0,3839581153.0,0.1100045416776624
우진,2025,Q3,47553727935.0,9829372180.0,0.2067003494118384
우진,2025,Q4,40742601120.0,1199470370.0,0.029440201092394
우진,2026,Q1,37219226761.0,4998138939.0,0.1342891664863193
한양증권,2025,Q1,200298078271.0,29377679903.0,0.1466698041069195
DB,2023,Q1,112806593568.0,15980804666.0,0.1416655193684821
DB,2023,Q2,94838358441.0,6574097424.0,0.0693189710584227
DB,2023,Q3,113342194240.0,13830955779.0,0.1220283043904479
DB,2023,Q4,137596716555.0,636910445.0,0.0046288200834023
DB,2024,Q1,118884457356.0,7757063425.0,0.0652487599936755
DB,2024,Q2,153621000764.0,9395962621.0,0.061163269177204
DB,2024,Q3,137977788694.0,7376901991.0,0.0534644167066636
DB,2024,Q4,176952444088.0,5097240691.0,0.0288057094507555
DB,2025,Q1,141903846269.0,17356581190.0,0.1223122674004057
DB,2025,Q2,150102613021.0,8876537179.0,0.0591364600545503
DB,2025,Q3,159312078497.0,13002957180.0,0.0816194057768498
DB,2025,Q4,192145739151.0,2363280309.0,0.0122994156385783
DB,2026,Q1,166769504270.0,18735711847.0,0.1123449513687278
동국홀딩스,2023,Q1,1917225899846.0,160024263280.0,0.0834665666121315
동국홀딩스,2023,Q2,464693704244.0,29372494661.0,0.0632082905207107
동국홀딩스,2023,Q3,448849025418.0,18056316833.0,0.0402280406338961
동국홀딩스,2023,Q4,456968308944.0,-8435566357.0,-0.0184598498230514
동국홀딩스,2024,Q1,439836828084.0,13103287530.0,0.0297912468746194
동국홀딩스,2024,Q2,506353718793.0,26083982226.0,0.0515133616243139
동국홀딩스,2024,Q3,531438600681.0,17256336555.0,0.0324709882437731
동국홀딩스,2024,Q4,521796940756.0,1559495394.0,0.0029887016810419
동국홀딩스,2025,Q1,465564240587.0,14957549526.0,0.0321277886530567
동국홀딩스,2025,Q2,480658285537.0,12647114620.0,0.0263120703430097
동국홀딩스,2025,Q3,497018162979.0,10242041553.0,0.0206069763962182
동국홀딩스,2025,Q4,542024405510.0,1609867170.0,0.002970100891463
동국홀딩스,2026,Q1,565301770556.0,6221482196.0,0.0110055947461139
롯데이노베이트,2023,Q1,270757752019.0,11877502657.0,0.0438676365438523
롯데이노베이트,2023,Q2,284658364705.0,10920699474.0,0.0383642317530962
롯데이노베이트,2023,Q3,294936876825.0,16110362441.0,0.0546230861817901
롯데이노베이트,2023,Q4,346369474356.0,18037634833.0,0.0520762831844149
롯데이노베이트,2024,Q1,276524968129.0,8950075786.0,0.032366248323098
롯데이노베이트,2024,Q2,286541204947.0,5843324375.0,0.0203926146540802
롯데이노베이트,2024,Q3,288048672561.0,8296245690.0,0.0288015411292794
롯데이노베이트,2024,Q4,,2634467548.0,
롯데이노베이트,2025,Q1,,6958384697.0,
롯데이노베이트,2025,Q2,,8020317562.0,
롯데이노베이트,2025,Q3,,6621295966.0,
롯데이노베이트,2025,Q4,,9793433767.0,
롯데이노베이트,2026,Q1,,9735799945.0,
한국알콜,2023,Q1,114099964387.0,6270165589.0,0.054953265083704
한국알콜,2023,Q2,111601233268.0,6335470137.0,0.0567688183318365
한국알콜,2023,Q3,106113734324.0,3377345570.0,0.0318276007485313
한국알콜,2023,Q4,106459181724.0,5898604702.0,0.0554071955699639
한국알콜,2024,Q1,101576442127.0,6811689912.0,0.0670597411108711
한국알콜,2024,Q2,109246178998.0,7781064999.0,0.0712250540052522
한국알콜,2024,Q3,105334219122.0,5603286600.0,0.0531953115208474
한국알콜,2024,Q4,104856948147.0,7238659023.0,0.0690336611061009
한국알콜,2025,Q1,108322145381.0,6554692912.0,0.060511106837344
한국알콜,2025,Q2,105962800893.0,9337041080.0,0.0881162162694098
한국알콜,2025,Q3,106322809672.0,10497276902.0,0.0987302436267769
한국알콜,2025,Q4,103275701434.0,5427913877.0,0.0525575116085635
한국알콜,2026,Q1,108977497268.0,10665696708.0,0.0978706336205415
사조대림,2023,Q1,507092671244.0,31269042381.0,0.061663368757215
사조대림,2023,Q2,503731552539.0,33279131679.0,0.0660652117407782
사조대림,2023,Q3,546506720259.0,35185432695.0,0.0643824337207142
사조대림,2023,Q4,505743711644.0,28903559623.0,0.0571506060432158
사조대림,2024,Q1,594649092963.0,44099200525.0,0.0741600400082404
사조대림,2024,Q2,584955789114.0,32180888699.0,0.0550142238061146
사조대림,2024,Q3,635998148401.0,46459551682.0,0.0730498222342418
사조대림,2024,Q4,827353244018.0,10277294706.0,0.0124218944934437
사조대림,2025,Q1,853730549586.0,15252257579.0,0.0178654232139124
사조대림,2025,Q2,860453610053.0,31625485459.0,0.0367544340444478
사조대림,2025,Q3,937038195098.0,31679136738.0,0.0338077326022839
사조대림,2025,Q4,848590392231.0,16126112900.0,0.0190034120673973
사조대림,2026,Q1,886309738876.0,23774967655.0,0.0268246715704048
JW홀딩스,2023,Q1,216394314528.0,33581832286.0,0.1551881451194723
JW홀딩스,2023,Q2,233652207420.0,27640261376.0,0.1182965985265246
JW홀딩스,2023,Q3,216501860776.0,36512117954.0,0.1686457466145136
JW홀딩스,2023,Q4,261523288200.0,47165105010.0,0.1803476292097187
JW홀딩스,2024,Q1,222982247685.0,40843868517.0,0.1831709427142328
JW홀딩스,2024,Q2,214732948789.0,27884148226.0,0.1298550054067362
JW홀딩스,2024,Q3,226489118752.0,47325335609.0,0.208951917291974
JW홀딩스,2024,Q4,223505717001.0,30469507812.0,0.136325406888199
JW홀딩스,2025,Q1,239529624452.0,41760329032.0,0.1743430656126147
JW홀딩스,2025,Q2,228383480454.0,41026589276.0,0.1796390404176513
JW홀딩스,2025,Q3,244087523297.0,47156210562.0,0.1931938590102429
JW홀딩스,2025,Q4,257564657390.0,37956200051.0,0.1473657156056445
JW홀딩스,2026,Q1,243220859466.0,51483739831.0,0.2116748536455071
디아이티,2023,Q1,24108279589.0,-1535140453.0,-0.0636768976953646
디아이티,2023,Q2,16663467523.0,-924530531.0,-0.055482481645786
디아이티,2023,Q3,30842871857.0,5170596181.0,0.1676431496059436
디아이티,2023,Q4,35446673832.0,5933306457.0,0.1673868325451631
디아이티,2024,Q1,20190213294.0,3347090533.0,0.1657778689239834
디아이티,2024,Q2,30738776677.0,6855268122.0,0.2230169467716452
디아이티,2024,Q3,16488419862.0,3187850753.0,0.193338766217791
디아이티,2024,Q4,49237983104.0,10699255093.0,0.2172967781885203
디아이티,2025,Q1,21644282904.0,5276376948.0,0.2437769350642193
디아이티,2025,Q2,29072553774.0,8496096764.0,0.2922377177473201
디아이티,2025,Q3,30408844040.0,8576118467.0,0.2820271121032722
디아이티,2025,Q4,26784596653.0,713085750.0,0.0266229788425853
디아이티,2026,Q1,48459569546.0,16438391714.0,0.3392186903021484
하림,2023,Q1,314749911046.0,344373587.0,0.0010941181392412
하림,2023,Q2,408654481352.0,39331810725.0,0.0962471048766525
하림,2023,Q3,397913832697.0,15209721103.0,0.0382236551062093
하림,2023,Q4,289519499486.0,-14438971239.0,-0.0498721891431641
하림,2024,Q1,305760319904.0,10357850740.0,0.033875719201406
하림,2024,Q2,326218434195.0,-2416131900.0,-0.0074064848786434
하림,2024,Q3,380986297488.0,27830244207.0,0.0730478875237673
하림,2024,Q4,272453790413.0,-7259306047.0,-0.026644173443122
하림,2025,Q1,322478518000.0,6947873000.0,0.0215452273940306
하림,2025,Q2,387407541000.0,19770940000.0,0.0510339575449823
하림,2025,Q3,414258824000.0,18481650000.0,0.044613775082797
하림,2025,Q4,315850213000.0,2480539000.0,0.0078535296096191
하림,2026,Q1,327958832000.0,11659695000.0,0.0355523128585846
SAMG엔터,2023,Q1,21027440246.0,255690911.0,0.0121598686292136
SAMG엔터,2023,Q2,23479785285.0,-2263376003.0,-0.0963967930509974
SAMG엔터,2023,Q3,16134798076.0,-4235010366.0,-0.2624768122942575
SAMG엔터,2023,Q4,34480544907.0,-3175640036.0,-0.0920994736181012
SAMG엔터,2024,Q1,25309968043.0,-5906176975.0,-0.2333537902918639
SAMG엔터,2024,Q2,24295179277.0,-3738699308.0,-0.1538864671617957
SAMG엔터,2024,Q3,24951812421.0,-5491622355.0,-0.2200891166678589
SAMG엔터,2024,Q4,41881454059.0,9027353805.0,0.2155453770130049
SAMG엔터,2025,Q1,35698249750.0,6286372187.0,0.176097490241801
SAMG엔터,2025,Q2,35450710599.0,5353152292.0,0.1510026795387002
SAMG엔터,2025,Q3,21692543056.0,-727218779.0,-0.0335239062161896
SAMG엔터,2025,Q4,48410125123.0,11720392073.0,0.2421062131779444
SAMG엔터,2026,Q1,37659593201.0,3884430866.0,0.1031458530438096
이지홀딩스,2023,Q1,757226225608.0,10723571063.0,0.0141616477353114
이지홀딩스,2023,Q2,777878449204.0,41806212750.0,0.053743888640674
이지홀딩스,2023,Q3,762093593787.0,29820588304.0,0.0391298241411732
이지홀딩스,2023,Q4,821962036625.0,21430708176.0,0.0260726252808403
이지홀딩스,2024,Q1,782568589858.0,22919031088.0,0.0292869294589995
이지홀딩스,2024,Q2,826798685986.0,56202431034.0,0.0679759559208487
이지홀딩스,2024,Q3,804348515677.0,34504405290.0,0.0428973319618281
이지홀딩스,2024,Q4,871259955295.0,9770359972.0,0.0112140583446095
이지홀딩스,2025,Q1,845696915525.0,17407667971.0,0.0205838139544277
이지홀딩스,2025,Q2,828164429260.0,54663922152.0,0.0660061217563335
이지홀딩스,2025,Q3,839978883933.0,64318734080.0,0.0765718464002844
이지홀딩스,2025,Q4,875064121557.0,14959797913.0,0.017095659100252
이지홀딩스,2026,Q1,860947822078.0,34165607904.0,0.0396837148870848
송원산업,2023,Q1,267167000000.0,18489000000.0,0.0692039061710465
송원산업,2023,Q2,269232000000.0,21990000000.0,0.0816767694776252
송원산업,2023,Q3,247867000000.0,14443000000.0,0.058269152408348
송원산업,2023,Q4,245709000000.0,3547000000.0,0.0144357756533134
송원산업,2024,Q1,255752000000.0,12130000000.0,0.0474287591103881
송원산업,2024,Q2,273521000000.0,16417000000.0,0.0600209855915999
송원산업,2024,Q3,285779000000.0,22163000000.0,0.07755293426039
송원산업,2024,Q4,255148000000.0,12104000000.0,0.0474391333657328
송원산업,2025,Q1,275753000000.0,10937000000.0,0.0396623064844262
송원산업,2025,Q2,265408000000.0,8592000000.0,0.0323727996141789
송원산업,2025,Q3,258616000000.0,5391000000.0,0.0208455779998143
송원산업,2025,Q4,239385000000.0,-3075000000.0,-0.0128454163794723
송원산업,2026,Q1,269204000000.0,26558000000.0,0.0986538090072955
셀바스AI,2023,Q1,12393870974.0,654595451.0,0.0528160614527307
셀바스AI,2023,Q2,13301548245.0,1406668308.0,0.1057522238833183
셀바스AI,2023,Q3,13713580764.0,2002333912.0,0.1460110197663615
셀바스AI,2023,Q4,13602546859.0,23098666.0,0.0016981133194712
셀바스AI,2024,Q1,27239075637.0,-490649854.0,-0.0180127204218901
셀바스AI,2024,Q2,27505496947.0,238251829.0,0.0086619714400755
셀바스AI,2024,Q3,27699265202.0,-654169939.0,-0.0236168697699882
셀바스AI,2024,Q4,30010525223.0,1706528106.0,0.0568643198784178
셀바스AI,2025,Q1,26431048025.0,-409203747.0,-0.0154819342242105
셀바스AI,2025,Q2,28001327101.0,72363717.0,0.0025842959777936
셀바스AI,2025,Q3,25829847603.0,1035126446.0,0.0400748181681016
셀바스AI,2025,Q4,34518599134.0,783834591.0,0.022707601428354
셀바스AI,2026,Q1,26631766992.0,-370126359.0,-0.013897927205175
남해화학,2023,Q1,488378855282.0,1855306753.0,0.0037989088449144
남해화학,2023,Q2,383429064562.0,7411328041.0,0.0193290721178534
남해화학,2023,Q3,331557053433.0,2130342756.0,0.0064252674884821
남해화학,2023,Q4,384713351520.0,-343752346.0,-0.0008935285054231
남해화학,2024,Q1,414490002062.0,20062446392.0,0.0484027269468348
남해화학,2024,Q2,405298602524.0,12342387503.0,0.0304525784844499
남해화학,2024,Q3,323803517480.0,1332032584.0,0.0041137063437931
남해화학,2024,Q4,375516989821.0,2527003424.0,0.006729398382759
남해화학,2025,Q1,437662974980.0,20701305920.0,0.0472996508807855
남해화학,2025,Q2,426192850901.0,14154118354.0,0.0332105954477585
남해화학,2025,Q3,360330179035.0,15692662541.0,0.0435507860680071
남해화학,2025,Q4,380234879287.0,-7419474229.0,-0.0195128712097971
남해화학,2026,Q1,492954552649.0,-120803093.0,-0.0002450592906604
한국토지신탁,2023,Q3,48095958005.0,-1292140679.0,-0.0268658892056099
한국토지신탁,2023,Q4,133697443979.0,16363568802.0,0.1223925328338381
한국토지신탁,2024,Q1,51324843393.0,7281794759.0,0.141876609408089
한국토지신탁,2024,Q2,44481123626.0,12403000743.0,0.2788373973482591
한국토지신탁,2024,Q3,42340056472.0,2141122725.0,0.0505696709784964
한국토지신탁,2024,Q4,98191781101.0,12117547879.0,0.123406946519647
한국토지신탁,2025,Q1,37241508835.0,-4619277141.0,-0.1240357140594354
한국토지신탁,2025,Q2,39944959710.0,4023070678.0,0.1007153520045445
한국토지신탁,2025,Q3,47510934769.0,-14978239433.0,-0.3152587821272046
한국토지신탁,2025,Q4,59662373027.0,-5305056688.0,-0.0889179631792254
한국토지신탁,2026,Q1,43690820385.0,478580636.0,0.0109538029220505
바텍,2023,Q1,90950715909.0,14053740746.0,0.154520397179296
바텍,2023,Q2,101954682977.0,19787704148.0,0.194083327712018
바텍,2023,Q3,87655793454.0,16951090399.0,0.1933824306535493
바텍,2023,Q4,104383927473.0,13249133030.0,0.1269269450838303
바텍,2024,Q1,94227433177.0,14379903175.0,0.1526084569022304
바텍,2024,Q2,101980427374.0,16843792867.0,0.1651669178167647
바텍,2024,Q3,87279350263.0,12454190794.0,0.142693440733365
바텍,2024,Q4,101707423252.0,10285091870.0,0.1011242989070392
바텍,2025,Q1,101316249260.0,13205606319.0,0.1303404578777041
바텍,2025,Q2,110618107428.0,16877105957.0,0.1525709158239315
바텍,2025,Q3,100113437487.0,12404181174.0,0.1239012612628621
바텍,2025,Q4,114368328702.0,12292285592.0,0.1074798043436394
바텍,2026,Q1,105198476481.0,10994904724.0,0.1045158170706569
한국공항,2023,Q1,112057221962.0,-5215826918.0,-0.0465461023098426
한국공항,2023,Q2,132401036275.0,12054246656.0,0.0910434464497925
한국공항,2023,Q3,147364445600.0,20769214714.0,0.1409377589651109
한국공항,2023,Q4,152902433599.0,6361378672.0,0.041604168895593
한국공항,2024,Q1,149939718475.0,14973930891.0,0.0998663399084389
한국공항,2024,Q2,150005236385.0,14253494316.0,0.0950199783654039
한국공항,2024,Q3,157267921740.0,16241672976.0,0.103273908603251
한국공항,2024,Q4,169324394517.0,-459452155.0,-0.0027134433659756
한국공항,2025,Q1,156867969955.0,14527087636.0,0.0926070990793552
한국공항,2025,Q2,160296842370.0,11469468996.0,0.0715514343665358
한국공항,2025,Q3,166971483576.0,14467902917.0,0.0866489451201089
한국공항,2025,Q4,179056490031.0,6550370905.0,0.0365827058481149
한국공항,2026,Q1,177975729252.0,19686235015.0,0.110611908139035
마녀공장,2023,Q2,24964379056.0,3225201576.0,0.1291921408806219
마녀공장,2023,Q3,26459727966.0,4747133394.0,0.1794097581086219
마녀공장,2023,Q4,31368641631.0,3894472935.0,0.1241517876614489
마녀공장,2024,Q1,31010484058.0,4062606194.0,0.1310075065710539
마녀공장,2024,Q2,36628304264.0,8314154728.0,0.2269871591126739
마녀공장,2024,Q3,28820364289.0,2563376063.0,0.0889432221361051
마녀공장,2024,Q4,31459882679.0,3616861715.0,0.1149674254002961
마녀공장,2025,Q1,26869441071.0,1419419348.0,0.0528265304905046
마녀공장,2025,Q2,31693253166.0,2983368599.0,0.0941326087093043
마녀공장,2025,Q3,28702264604.0,4019840932.0,0.1400530929339905
마녀공장,2025,Q4,25751302000.0,2032530584.0,0.078929235655735
마녀공장,2026,Q1,26914963450.0,6052559241.0,0.2248771116573818
씨앤씨인터내셔널,2023,Q1,46177573768.0,5957806195.0,0.1290194721994819
씨앤씨인터내셔널,2023,Q2,57113655767.0,10317963531.0,0.1806566817066133
씨앤씨인터내셔널,2023,Q3,53887670324.0,6752876805.0,0.1253139496363134
씨앤씨인터내셔널,2023,Q4,63148517230.0,9061349439.0,0.14349267150639
씨앤씨인터내셔널,2024,Q1,72150317762.0,9958954388.0,0.1380306379363607
씨앤씨인터내셔널,2024,Q2,80338481354.0,11822779824.0,0.1471621024537994
씨앤씨인터내셔널,2024,Q3,74123403090.0,7154679365.0,0.096523892141229
씨앤씨인터내셔널,2024,Q4,56271653501.0,26572021.0,0.0004722097067847
씨앤씨인터내셔널,2025,Q1,65981977424.0,5554804414.0,0.0841866920462968
씨앤씨인터내셔널,2025,Q2,73897481216.0,8681026791.0,0.1174739199246268
씨앤씨인터내셔널,2025,Q3,75360612333.0,6897766730.0,0.0915301311449071
씨앤씨인터내셔널,2025,Q4,73237729487.0,1037151721.0,0.0141614401247119
씨앤씨인터내셔널,2026,Q1,70837103638.0,2967005733.0,0.0418849103170894
파트론,2023,Q1,307918684558.0,15211432093.0,0.0494008089013343
파트론,2023,Q2,249764140348.0,8437255316.0,0.0337808914612171
파트론,2023,Q3,308795185786.0,13546754121.0,0.0438697063444121
파트론,2023,Q4,305927310097.0,4485577596.0,0.0146622333082252
파트론,2024,Q1,370777484460.0,16149546741.0,0.0435558992060162
파트론,2024,Q2,369933699956.0,14298578138.0,0.0386517317554488
파트론,2024,Q3,420168067425.0,19519011065.0,0.0464552463127963
파트론,2024,Q4,325542823027.0,11740271791.0,0.0360636787561011
파트론,2025,Q1,328096593287.0,6315027399.0,0.0192474640950507
파트론,2025,Q2,301465426644.0,6402638446.0,0.0212383838414773
파트론,2025,Q3,381372782848.0,16516043782.0,0.0433068234672179
파트론,2025,Q4,338593203540.0,15514031562.0,0.0458190873289848
파트론,2026,Q1,451037916544.0,12247186726.0,0.0271533418295338
골프존홀딩스,2023,Q1,92657912455.0,12776398304.0,0.1378878280924465
골프존홀딩스,2023,Q2,128844044225.0,19044675413.0,0.1478118412655717
골프존홀딩스,2023,Q3,115112228626.0,14726831162.0,0.1279345499412362
골프존홀딩스,2023,Q4,90481907560.0,6564614725.0,0.0725516835578085
골프존홀딩스,2024,Q1,83984311496.0,5837414978.0,0.0695060169455342
골프존홀딩스,2025,Q1,70086190946.0,2545235672.0,0.036315793990874
골프존홀딩스,2025,Q2,104929254595.0,15139254019.0,0.1442805829264072
골프존홀딩스,2025,Q3,100643471323.0,9725841465.0,0.0966365859320013
골프존홀딩스,2025,Q4,78660559825.0,615970771.0,0.0078307448150684
골프존홀딩스,2026,Q1,69523240944.0,2609996958.0,0.0375413591564627
매커스,2023,Q1,62085247145.0,11612023749.0,0.1870335431198354
매커스,2023,Q2,46504022878.0,6680738099.0,0.1436593586005761
매커스,2023,Q3,32912350400.0,3992131013.0,0.1212958346785223
매커스,2023,Q4,33912755853.0,4065041936.0,0.1198676378180688
매커스,2024,Q1,39021963002.0,5638883964.0,0.1445053895343755
매커스,2024,Q2,41666445236.0,5472406257.0,0.1313384481446431
매커스,2024,Q3,41919764800.0,5584535445.0,0.1332196273439015
매커스,2024,Q4,76971291439.0,10191911027.0,0.1324118490993115
매커스,2025,Q1,66234722569.0,9677702500.0,0.146112222179511
매커스,2025,Q2,65683642868.0,9329154632.0,0.1420316265154199
매커스,2025,Q3,49326349663.0,3852942117.0,0.0781112355429397
매커스,2025,Q4,45997446980.0,6235687882.0,0.1355659561869014
매커스,2026,Q1,55268787607.0,9085735902.0,0.1643918076619661
대상홀딩스,2023,Q1,1300776776158.0,28591467614.0,0.021980302952862
대상홀딩스,2023,Q2,1289749904921.0,40790472610.0,0.0316266529304365
대상홀딩스,2023,Q3,1408577435484.0,36043212108.0,0.0255883781750452
대상홀딩스,2023,Q4,1260296313586.0,9189739168.0,0.0072917289917732
대상홀딩스,2024,Q1,1315097361028.0,53975067333.0,0.0410426398322388
대상홀딩스,2024,Q2,1305451021836.0,45599489577.0,0.0349300654059532
대상홀딩스,2024,Q3,1391929445115.0,58715700469.0,0.0421829573870024
대상홀딩스,2024,Q4,1345412542180.0,25739564637.0,0.0191313547555411
대상홀딩스,2025,Q1,1409185911066.0,52747415623.0,0.0374311261621246
대상홀딩스,2025,Q2,1381158830297.0,49861846020.0,0.0361014569260494
대상홀딩스,2025,Q3,1487300371072.0,69256252827.0,0.0465650746641596
대상홀딩스,2025,Q4,1351153653964.0,27962969833.0,0.0206956253650075
대상홀딩스,2026,Q1,1425942276459.0,78107748251.0,0.0547762343122069
화신,2023,Q1,465467700981.0,27871071461.0,0.059877562722956
화신,2023,Q2,457554197314.0,27624687799.0,0.060374679024182
화신,2023,Q3,443283718191.0,21982578886.0,0.0495903142477438
화신,2023,Q4,436454216755.0,6250476762.0,0.0143210364845865
화신,2024,Q1,415632227380.0,21066986241.0,0.0506866042938944
화신,2024,Q2,429123217294.0,24370597529.0,0.0567916079737612
화신,2024,Q3,418627408271.0,6304720715.0,0.015060458513788
화신,2024,Q4,448932963977.0,13568463802.0,0.0302238082091364
화신,2025,Q1,473450573289.0,30472845147.0,0.0643633081597284
화신,2025,Q2,490801719994.0,26483320433.0,0.0539593064859751
화신,2025,Q3,485875574304.0,,
화신,2025,Q4,512355849250.0,,
화신,2026,Q1,505575797323.0,,
CJ프레시웨이,2023,Q1,697479366984.0,12658075856.0,0.0181483158573354
CJ프레시웨이,2023,Q2,779491921019.0,32060341976.0,0.0411297937945126
CJ프레시웨이,2023,Q3,809037090994.0,30188958757.0,0.0373146782676047
CJ프레시웨이,2023,Q4,788233907762.0,24348159047.0,0.0308895098361484
CJ프레시웨이,2024,Q1,731448613841.0,10542988389.0,0.0144138469736601
CJ프레시웨이,2024,Q2,811278309321.0,30110236420.0,0.0371145586835678
CJ프레시웨이,2024,Q3,831893151762.0,28200486489.0,0.0338991689368636
CJ프레시웨이,2024,Q4,850158938261.0,25171556532.0,0.0296080596217554
CJ프레시웨이,2025,Q1,798638945947.0,10630787116.0,0.0133111303548994
CJ프레시웨이,2025,Q2,883317024683.0,27436591402.0,0.03106086561826
CJ프레시웨이,2025,Q3,901158487398.0,33632067320.0,0.0373209238888811
CJ프레시웨이,2025,Q4,897967109907.0,29953064186.0,0.0333565270437378
CJ프레시웨이,2026,Q1,833919471097.0,11033935186.0,0.0132314157043067
KG에코솔루션,2023,Q1,1932004053857.0,97055003035.0,0.0502354034098645
KG에코솔루션,2023,Q2,1919035324686.0,105904797534.0,0.0551864763361396
KG에코솔루션,2023,Q3,1820831225782.0,99440381312.0,0.0546126296078281
KG에코솔루션,2023,Q4,1592449880194.0,7377679178.0,0.0046329113837486
KG에코솔루션,2024,Q1,1839976948764.0,71094736167.0,0.0386389276315432
KG에코솔루션,2024,Q2,1853817634535.0,87926197336.0,0.0474297987558279
KG에코솔루션,2024,Q3,1746944355301.0,5579796072.0,0.0031940319421557
KG에코솔루션,2024,Q4,1844122608190.0,61934094939.0,0.0335845863306171
KG에코솔루션,2025,Q1,1747752418580.0,75445126906.0,0.0431669417841784
KG에코솔루션,2025,Q2,1805738563054.0,48312239115.0,0.0267548360008941
KG에코솔루션,2025,Q3,2069142177514.0,58837559283.0,0.0284357256463116
KG에코솔루션,2025,Q4,1954563716138.0,8661098499.0,0.0044312182956682
KG에코솔루션,2026,Q1,1969605487707.0,32795371719.0,0.0166507312879088
서울바이오시스,2023,Q1,111244190406.0,-19841974471.0,-0.1783641410718542
서울바이오시스,2023,Q2,120317699588.0,-14205086545.0,-0.1180631494255792
서울바이오시스,2023,Q3,127291242398.0,,
서울바이오시스,2023,Q4,145107713892.0,,
서울바이오시스,2024,Q1,147734533757.0,-3981126077.0,-0.0269478366077109
서울바이오시스,2024,Q2,188345603274.0,6283586334.0,0.0333620016861174
서울바이오시스,2024,Q3,184311291190.0,5217171941.0,0.0283063067233455
서울바이오시스,2024,Q4,178841296783.0,-4032039975.0,-0.0225453519266992
서울바이오시스,2025,Q1,167806757438.0,-13149046642.0,-0.0783582666321301
서울바이오시스,2025,Q2,188143307953.0,-916558926.0,-0.004871599930777
서울바이오시스,2025,Q3,187519818310.0,-778704940.0,-0.0041526540875411
서울바이오시스,2025,Q4,220339263415.0,15070142294.0,0.0683951741529425
서울바이오시스,2026,Q1,187795508810.0,10371187521.0,0.0552259614019466
KG이니시스,2023,Q1,323605799067.0,22935998626.0,0.0708763523154641
KG이니시스,2023,Q2,320571699643.0,25930828510.0,0.0808893253486739
KG이니시스,2023,Q3,347125526795.0,29335315035.0,0.0845092416736162
KG이니시스,2023,Q4,353488827677.0,28073260275.0,0.079417673422629
KG이니시스,2024,Q1,367765211080.0,29935329355.0,0.0813979366539054
KG이니시스,2024,Q2,348030937642.0,26781786538.0,0.0769523155597992
KG이니시스,2024,Q3,337879358325.0,-4988439347.0,-0.0147639659662242
KG이니시스,2024,Q4,300661418299.0,9264144651.0,0.030812548891082
KG이니시스,2025,Q1,328562464230.0,24318967661.0,0.0740162687724921
KG이니시스,2025,Q2,323309779824.0,24861789000.0,0.0768977326127715
KG이니시스,2025,Q3,355928492929.0,28304749264.0,0.0795236959847611
KG이니시스,2025,Q4,351083877250.0,21072536490.0,0.0600213733967471
KG이니시스,2026,Q1,381671787831.0,25461848614.0,0.0667113719845445
한텍,2025,Q2,49313953657.0,18172050118.0,0.3684971244527363
한텍,2025,Q3,41085633513.0,8834629197.0,0.2150296451971372
한텍,2025,Q4,47762282944.0,9041013304.0,0.1892919003599628
한텍,2026,Q1,47025387681.0,7634939218.0,0.162357815522801
HLB제약,2025,Q2,46919447745.0,-1791629955.0,-0.0381852310951576
HLB제약,2025,Q3,60593397444.0,34119430.0,0.0005630882478826
HLB제약,2025,Q4,63422557346.0,834840120.0,0.0131631418683663
HLB제약,2026,Q1,65651838843.0,1032494327.0,0.0157268150473151
스맥,2023,Q1,44916519031.0,4803772590.0,0.1069489064075643
스맥,2023,Q2,48555945856.0,7236393256.0,0.1490320727653132
스맥,2023,Q3,40255182603.0,4671689043.0,0.1160518656460359
스맥,2023,Q4,42900984030.0,5323993645.0,0.1240995694009492
스맥,2024,Q1,42664551724.0,5097977774.0,0.1194897770631501
스맥,2024,Q2,54576860968.0,7350178037.0,0.1346757198313333
스맥,2024,Q3,55485605556.0,8431401328.0,0.1519565523979085
스맥,2024,Q4,48571926042.0,3075543089.0,0.0633193562540753
스맥,2025,Q1,42378527319.0,4287847766.0,0.1011797256125411
스맥,2025,Q2,34759039380.0,-1044655604.0,-0.0300542138860455
스맥,2025,Q3,36238676796.0,-350968298.0,-0.0096849093021724
스맥,2025,Q4,40213392562.0,-19701728421.0,-0.4899295275976621
스맥,2026,Q1,29210004386.0,-4841679902.0,-0.1657541655255813
위메이드맥스,2023,Q1,18032122416.0,2854030165.0,0.1582747775973173
위메이드맥스,2023,Q2,15632811234.0,936367624.0,0.0598975839971432
위메이드맥스,2023,Q3,18414571824.0,1246730050.0,0.0677034503932976
위메이드맥스,2023,Q4,17684139711.0,-1272862497.0,-0.0719776318102851
위메이드맥스,2024,Q1,17289087859.0,-1392178855.0,-0.0805235571913233
위메이드맥스,2024,Q2,18685741929.0,-1294727319.0,-0.0692895858200097
위메이드맥스,2024,Q3,18986113636.0,-2129950858.0,-0.1121846681651242
위메이드맥스,2024,Q4,20029837552.0,-3277434091.0,-0.1636275922104393
위메이드맥스,2025,Q1,47111974288.0,-2395456543.0,-0.0508460233136557
위메이드맥스,2025,Q2,33025065295.0,-16689643588.0,-0.5053629247639009
위메이드맥스,2025,Q3,38158832364.0,-11747912368.0,-0.3078687590840246
위메이드맥스,2025,Q4,30543896740.0,-17912036131.0,-0.5864358527490229
위메이드맥스,2026,Q1,32680390287.0,-15348288742.0,-0.4696482694120525
서흥,2023,Q1,155285162371.0,13205026692.0,0.0850372726561677
서흥,2023,Q2,153770718823.0,16340447090.0,0.1062650107580553
서흥,2023,Q3,152305795447.0,9439168346.0,0.0619751094716857
서흥,2023,Q4,133205474572.0,4010329962.0,0.030106344914768
서흥,2024,Q1,165340431205.0,12087438586.0,0.0731063690708124
서흥,2024,Q2,172765182746.0,10958282468.0,0.0634287666868092
서흥,2024,Q3,166592805384.0,7429371771.0,0.0445959941299694
서흥,2024,Q4,148566075085.0,3368352429.0,0.0226724198446572
서흥,2025,Q1,180841453003.0,11554277481.0,0.0638917531856389
서흥,2025,Q2,190020810619.0,20122519215.0,0.105896397081194
서흥,2025,Q3,185046455098.0,13708884807.0,0.0740834770368328
서흥,2025,Q4,166399875126.0,4820786940.0,0.0289710971017835
서흥,2026,Q1,201552164261.0,21235425836.0,0.105359453290222
포스코스틸리온,2023,Q1,282110611971.0,1956301073.0,0.0069345178450823
포스코스틸리온,2023,Q2,309227811517.0,12200565252.0,0.039454941624257
포스코스틸리온,2023,Q3,285179559509.0,10804453483.0,0.0378864933433597
포스코스틸리온,2023,Q4,282021596692.0,5670978962.0,0.0201083144997344
포스코스틸리온,2024,Q1,312291213263.0,12453866385.0,0.0398790163030037
포스코스틸리온,2024,Q2,328351413318.0,15485289468.0,0.0471607212270558
포스코스틸리온,2024,Q3,283360261581.0,10281246285.0,0.0362833031972659
포스코스틸리온,2024,Q4,285862008267.0,13703002522.0,0.0479357246703492
포스코스틸리온,2025,Q1,277226732511.0,11869517978.0,0.0428151999285604
포스코스틸리온,2025,Q2,284118751865.0,5510138453.0,0.0193937866361533
포스코스틸리온,2025,Q3,282566026327.0,4961913800.0,0.0175601924424481
포스코스틸리온,2025,Q4,281528989160.0,2117105241.0,0.0075200257256519
포스코스틸리온,2026,Q1,279325198318.0,6294254603.0,0.0225337872877271
제우스,2023,Q1,96988899761.0,312611396.0,0.0032231667414553
제우스,2023,Q2,95130383382.0,-69101114.0,-0.0007263832178886
제우스,2023,Q3,101355504342.0,3816670899.0,0.0376562765266457
제우스,2023,Q4,109396572455.0,3084464581.0,0.0281952579663205
제우스,2024,Q1,88224661012.0,7558733312.0,0.0856759688877907
제우스,2024,Q2,130796675827.0,9242357207.0,0.0706620191114377
제우스,2024,Q3,125009801871.0,16596621649.0,0.1327625626199005
제우스,2024,Q4,146754514561.0,15774637167.0,0.1074899618194921
제우스,2025,Q1,81563251710.0,-395014713.0,-0.0048430476313583
제우스,2025,Q2,116164319554.0,671559384.0,0.005781115807146
제우스,2025,Q3,86788489926.0,-2509151338.0,-0.0289111072233129
제우스,2025,Q4,98791530042.0,-2232360349.0,-0.0225966775496941
제우스,2026,Q1,54889938916.0,-17138401461.0,-0.312232110282132
DXVX,2023,Q1,9384529577.0,-1174795901.0,-0.1251843143932583
DXVX,2023,Q2,14105219011.0,-2238456332.0,-0.1586970276926811
DXVX,2023,Q3,10840132173.0,-2904524638.0,-0.2679418102700287
DXVX,2023,Q4,12415206680.0,-5766264892.0,-0.4644517840600298
DXVX,2024,Q1,10331529278.0,-4857485639.0,-0.470161338974623
DXVX,2024,Q2,10850705377.0,-545585643.0,-0.0502811221984209
DXVX,2024,Q3,7336247581.0,-6423765116.0,-0.8756200012437939
DXVX,2024,Q4,5428095242.0,-9769756547.0,-1.7998498757734214
DXVX,2025,Q1,7528984806.0,-6683691298.0,-0.8877280895391941
DXVX,2025,Q2,8663403311.0,-7899275071.0,-0.9117981453051158
DXVX,2025,Q3,5611269689.0,-6792292813.0,-1.210473420358891
DXVX,2025,Q4,7552933338.0,-2942149180.0,-0.3895372894657474
DXVX,2026,Q1,6655569849.0,-5253301111.0,-0.789308989340606
효성화학,2023,Q1,669520687494.0,-45267560210.0,-0.0676118916943931
효성화학,2023,Q2,723850932200.0,-103270082147.0,-0.1426676095216611
효성화학,2023,Q3,711724849691.0,-2834875473.0,-0.0039831059351528
효성화학,2023,Q4,686532897147.0,-37463678938.0,-0.0545693863960291
효성화학,2024,Q1,710348490020.0,,
효성화학,2024,Q2,754482479483.0,,
효성화학,2024,Q3,768310090283.0,,
효성화학,2024,Q4,605047156427.0,,
효성화학,2025,Q1,615032450501.0,,
효성화학,2025,Q2,616978906053.0,-8993614284.0,-0.014576858618287
효성화학,2025,Q3,580304465254.0,-26061915055.0,-0.044910760842746
효성화학,2025,Q4,570501183782.0,,
효성화학,2026,Q1,587029760929.0,276703922.0,0.0004713626811051
티앤엘,2023,Q1,27042083369.0,8852337028.0,0.3273541060874022
티앤엘,2023,Q2,36452826189.0,12567718766.0,0.3447666499392695
티앤엘,2023,Q3,30027905481.0,8434891553.0,0.2809017618074338
티앤엘,2023,Q4,21938503901.0,984237679.0,0.0448634821882788
티앤엘,2024,Q1,24813644591.0,7224143510.0,0.291135930616989
티앤엘,2024,Q2,54837421327.0,20746237629.0,0.3783226331028314
티앤엘,2024,Q3,48723833424.0,17834714828.0,0.3660367745041817
티앤엘,2024,Q4,46516776899.0,11152242559.0,0.2397466742636622
티앤엘,2025,Q1,51316578057.0,20223911380.0,0.3941009347415224
티앤엘,2025,Q2,38764776964.0,9966207584.0,0.2570944131383859
티앤엘,2025,Q3,40673004849.0,12140441673.0,0.2984889294034662
티앤엘,2025,Q4,33403421964.0,4020212549.0,0.1203533144997156
티앤엘,2026,Q1,45066566043.0,18265566897.0,0.4053019455614172
아이티켐,2025,Q2,19830389498.0,-724573747.0,-0.0365385534698184
아이티켐,2025,Q3,27156547376.0,-1205048276.0,-0.0443741341384575
아이티켐,2025,Q4,-1889240180.0,169005237.0,-0.0894567238136974
아이티켐,2026,Q1,12699292030.0,-1721939273.0,-0.1355933282683948
아이마켓코리아,2023,Q1,847776498776.0,13648795868.0,0.0160995213805829
아이마켓코리아,2023,Q2,842659286820.0,13694368664.0,0.0162513709611857
아이마켓코리아,2023,Q3,810021049062.0,12072181574.0,0.0149035405783337
아이마켓코리아,2023,Q4,925139162705.0,11691743720.0,0.01263782162871
아이마켓코리아,2024,Q1,902096456476.0,12271876144.0,0.0136037294636313
아이마켓코리아,2024,Q2,816333845725.0,10242751498.0,0.012547258148905
아이마켓코리아,2024,Q3,784157420275.0,9855872770.0,0.0125687425957706
아이마켓코리아,2024,Q4,815747436678.0,12414122851.0,0.0152180960586949
아이마켓코리아,2025,Q1,747504802852.0,9727240401.0,0.0130129470257409
아이마켓코리아,2025,Q2,735473513962.0,6539820651.0,0.0088919866274584
아이마켓코리아,2025,Q3,764029559849.0,8180118747.0,0.010706547464756
아이마켓코리아,2025,Q4,807415022847.0,-4127209110.0,-0.005111632795049
아이마켓코리아,2026,Q1,842455010637.0,16569669971.0,0.0196683143453218
엔케이젠바이오텍코리아,2023,Q1,2107665626.0,-11336343755.0,-5.378625345100162
엔케이젠바이오텍코리아,2023,Q2,2696512829.0,-15128718152.0,-5.610475125241839
엔케이젠바이오텍코리아,2023,Q3,2681419717.0,,
엔케이젠바이오텍코리아,2023,Q4,2462284030.0,,
엔케이젠바이오텍코리아,2024,Q1,1813321946.0,-4526916100.0,-2.4964767618821946
엔케이젠바이오텍코리아,2024,Q2,2426765968.0,-2713192388.0,-1.1180280355736387
엔케이젠바이오텍코리아,2024,Q3,2331026980.0,,
엔케이젠바이오텍코리아,2024,Q4,2228923611.0,,
엔케이젠바이오텍코리아,2025,Q1,1423402177.0,-526531794.0,-0.3699107690770379
엔케이젠바이오텍코리아,2025,Q2,2021139646.0,-904994824.0,-0.4477646192290861
엔케이젠바이오텍코리아,2025,Q3,2205602717.0,43793585.0,0.0198556089283236
엔케이젠바이오텍코리아,2025,Q4,2210599273.0,-1349469924.0,-0.6104543417173195
엔케이젠바이오텍코리아,2026,Q1,1574644130.0,-1205997265.0,-0.7658856004499252
TYM,2023,Q1,236077035530.0,32418924276.0,0.1373234978286581
TYM,2023,Q2,243744097584.0,30043285323.0,0.1232574885742469
TYM,2023,Q3,176503638087.0,9263829247.0,0.0524852028400331
TYM,2023,Q4,180150259081.0,4735566481.0,0.0262867592039974
TYM,2024,Q1,223155095743.0,10731507393.0,0.0480899051723161
TYM,2024,Q2,215184653184.0,12012251579.0,0.0558229938857608
TYM,2024,Q3,188438470587.0,-162331600.0,-0.0008614567900828
TYM,2024,Q4,162011927650.0,-6501055639.0,-0.0401270186294212
TYM,2025,Q1,225746383255.0,15139863060.0,0.0670658056253252
TYM,2025,Q2,262571662592.0,24235608689.0,0.0923009301527666
TYM,2025,Q3,224173720215.0,15927857602.0,0.0710514041820956
TYM,2025,Q4,216869036574.0,8779149322.0,0.0404813405393829
TYM,2026,Q1,289678142744.0,35042321451.0,0.1209698499136273
매일유업,2023,Q1,449393115480.0,12626821116.0,0.0280974956692721
매일유업,2023,Q2,448210212537.0,21491115728.0,0.0479487417440893
매일유업,2023,Q3,443547284583.0,17137755887.0,0.0386379456772281
매일유업,2023,Q4,441828602997.0,20973428501.0,0.0474696032776818
매일유업,2024,Q1,444285326778.0,19487387608.0,0.0438623254774683
매일유업,2024,Q2,445198161688.0,18368556091.0,0.0412592810836287
매일유업,2024,Q3,461135301117.0,16053222226.0,0.0348123906088181
매일유업,2024,Q4,460816927995.0,16427051813.0,0.0356476744126427
매일유업,2025,Q1,458805548589.0,12998222686.0,0.0283305699461883
매일유업,2025,Q2,458009548876.0,12409705043.0,0.0270948609553111
매일유업,2025,Q3,471575423167.0,19894301608.0,0.0421868923414076
매일유업,2025,Q4,455148760564.0,14726335671.0,0.0323549945577173
매일유업,2026,Q1,469877651424.0,18794003379.0,0.0399976532657881
케이프,2023,Q1,221452425882.0,25126637924.0,0.1134629156755709
케이프,2023,Q2,121002192604.0,10669024213.0,0.0881721560857675
케이프,2023,Q3,99174215131.0,-3414392367.0,-0.0344282267572261
케이프,2023,Q4,149030859624.0,8572636983.0,0.0575225628076526
케이프,2024,Q1,134616646417.0,10031788756.0,0.0745211608148718
케이프,2024,Q2,124885265797.0,10849346085.0,0.08687450849995
케이프,2024,Q3,125778614710.0,10099686407.0,0.0802973258235211
케이프,2024,Q4,131221972247.0,8011601073.0,0.061053807802246
케이프,2025,Q1,128218558258.0,4318424510.0,0.0336801830302171
케이프,2025,Q2,160466951045.0,34794089472.0,0.2168302522445424
케이프,2025,Q3,137832958436.0,15556945183.0,0.1128681075957863
케이프,2025,Q4,153255405209.0,-4705810524.0,-0.0307056740842681
케이프,2026,Q1,187682738153.0,28188269975.0,0.1501910631334714
사조산업,2023,Q1,130181864098.0,1004452546.0,0.007715764042554
사조산업,2023,Q2,176355497566.0,-4226594393.0,-0.0239663319337023
사조산업,2023,Q3,158476846007.0,-9700179147.0,-0.06120880993916
사조산업,2023,Q4,167226067956.0,-10989682476.0,-0.0657175200632689
사조산업,2024,Q1,144705005940.0,469464049.0,0.003244283402294
사조산업,2024,Q2,162613807182.0,8701953390.0,0.0535130044662236
사조산업,2024,Q3,173282578423.0,3984365233.0,0.0229934553678775
사조산업,2024,Q4,154599268897.0,-22534250748.0,-0.1457591029296082
사조산업,2025,Q1,155039491155.0,10897211830.0,0.0702866846944535
사조산업,2025,Q2,176444379554.0,16181036550.0,0.0917061602693208
사조산업,2025,Q3,185471729805.0,11862632318.0,0.0639592477542106
사조산업,2025,Q4,189254524702.0,-5789018650.0,-0.0305885349854402
사조산업,2026,Q1,143321354784.0,4666427917.0,0.0325591948529427
유진기업,2023,Q1,347827826476.0,16322904896.0,0.0469281168829264
유진기업,2023,Q2,404113167510.0,33828954571.0,0.083711586978078
유진기업,2023,Q3,338525828734.0,27824860055.0,0.0821942011309974
유진기업,2023,Q4,382959232525.0,6465981124.0,0.0168842544449633
유진기업,2024,Q1,334985602592.0,7954725073.0,0.0237464685390928
유진기업,2024,Q2,384012953789.0,25731504646.0,0.0670068662843557
유진기업,2024,Q3,325206160732.0,15785131710.0,0.0485388458646341
유진기업,2024,Q4,349096543240.0,5531624319.0,0.015845543091491
유진기업,2025,Q1,283416960624.0,-8965788536.0,-0.0316346224173034
유진기업,2025,Q2,347593510534.0,11002713860.0,0.0316539680015797
유진기업,2025,Q3,320239374477.0,7433780682.0,0.0232132001073899
유진기업,2025,Q4,381437924280.0,22902837113.0,0.060043419007775
유진기업,2026,Q1,335470686129.0,11760639440.0,0.0350571299558424
에이유브랜즈,2025,Q1,7829663094.0,796296559.0,0.1017025316977195
에이유브랜즈,2025,Q2,13837047331.0,2576876232.0,0.1862302101277679
에이유브랜즈,2025,Q3,11916865365.0,813097529.0,0.0682308227957394
에이유브랜즈,2025,Q4,26425577145.0,5894995729.0,0.2230791666972312
에이유브랜즈,2026,Q1,18485440519.0,2022635227.0,0.109417745545261
콜마비앤에이치,2023,Q1,137710141628.0,9572187253.0,0.0695096754664416
콜마비앤에이치,2023,Q2,156791052324.0,9929933940.0,0.0633322743410149
콜마비앤에이치,2023,Q3,139370230112.0,6783359301.0,0.0486715082234476
콜마비앤에이치,2023,Q4,145680113962.0,3970414949.0,0.0272543371982511
콜마비앤에이치,2024,Q1,160224580525.0,9536745322.0,0.0595211127453192
콜마비앤에이치,2024,Q2,165919886854.0,7793939093.0,0.046974110462468
콜마비앤에이치,2024,Q3,147445125351.0,4066608254.0,0.027580486261036
콜마비앤에이치,2024,Q4,142052412087.0,3225951832.0,0.0227095885568227
콜마비앤에이치,2025,Q1,136729459249.0,3580682439.0,0.0261880830851467
콜마비앤에이치,2025,Q2,164101635234.0,10702622108.0,0.0652194726319371
콜마비앤에이치,2025,Q3,151827996992.0,9713111137.0,0.0639744403498374
콜마비앤에이치,2025,Q4,122225800850.0,2649549905.0,0.0216775008760353
콜마비앤에이치,2026,Q1,136889998314.0,10332001735.0,0.0754766736960601
더블유씨피,2023,Q1,75065923379.0,16076893292.0,0.2141703261389252
더블유씨피,2023,Q2,76022414671.0,16793980317.0,0.2209082727729554
더블유씨피,2023,Q3,61676325136.0,10127025057.0,0.164196310896755
더블유씨피,2023,Q4,92221674007.0,3393419573.0,0.0367963345877068
더블유씨피,2024,Q1,122406360864.0,606529567.0,0.0049550494167038
더블유씨피,2024,Q2,116601830220.0,1826204672.0,0.0156618868550723
더블유씨피,2024,Q3,65495481670.0,-19418386928.0,-0.2964843746907587
더블유씨피,2024,Q4,17569679352.0,-53952459145.0,-3.070770846985233
더블유씨피,2025,Q1,16309196066.0,-30433185126.0,-1.866013812259236
더블유씨피,2025,Q2,38203734340.0,-26002434956.0,-0.680625478247423
더블유씨피,2025,Q3,29110972770.0,-31001650471.0,-1.064947252568228
더블유씨피,2025,Q4,27189059298.0,-40205696049.0,-1.478745388295118
더블유씨피,2026,Q1,42868454410.0,-20512696586.0,-0.478503292649967
TCC스틸,2023,Q1,142497829822.0,788907433.0,0.0055362768260082
TCC스틸,2023,Q2,185095729704.0,6849694727.0,0.03700622773931
TCC스틸,2023,Q3,139807672253.0,-85443151.0,-0.0006111477977072
TCC스틸,2023,Q4,157017395346.0,3697607382.0,0.0235490301813505
TCC스틸,2024,Q1,131897576991.0,1477307966.0,0.0112004177764448
TCC스틸,2024,Q2,167063443601.0,4783275215.0,0.0286314894024569
TCC스틸,2024,Q3,146555339359.0,3180292398.0,0.0217002834008633
TCC스틸,2024,Q4,136558455422.0,2831596785.0,0.0207354189548325
TCC스틸,2025,Q1,155650020713.0,1823646011.0,0.0117163235998701
TCC스틸,2025,Q2,155416669306.0,-3369562211.0,-0.0216808288714878
TCC스틸,2025,Q3,148606416039.0,-5449311413.0,-0.036669422211016
TCC스틸,2025,Q4,151840802586.0,-3914106636.0,-0.0257776998628752
TCC스틸,2026,Q1,174653330631.0,-3980487942.0,-0.0227907932108652
데브시스터즈,2023,Q1,50312245331.0,-5048466111.0,-0.1003426914816973
데브시스터즈,2023,Q2,38251093566.0,-13107725228.0,-0.3426758297872816
데브시스터즈,2023,Q3,34750712615.0,-18028666240.0,-0.5187999002995409
데브시스터즈,2023,Q4,37829277246.0,-11807916758.0,-0.3121369906491816
데브시스터즈,2024,Q1,59500472536.0,8139570864.0,0.1367984238961339
데브시스터즈,2024,Q2,54484986551.0,4944371654.0,0.0907474144161141
데브시스터즈,2024,Q3,72030224569.0,13394582438.0,0.1859578047708141
데브시스터즈,2024,Q4,50170871230.0,706571765.0,0.0140833066613661
데브시스터즈,2025,Q1,89082593293.0,9408349968.0,0.1056137862652377
데브시스터즈,2025,Q2,91975737546.0,10108303452.0,0.109901847179475
데브시스터즈,2025,Q3,54875777343.0,-728836330.0,-0.0132815673014419
데브시스터즈,2025,Q4,59644238892.0,-12437618895.0,-0.2085300965533528
데브시스터즈,2026,Q1,58471497546.0,-17373679304.0,-0.2971307394740828
비덴트,2023,Q1,3023596064.0,-794785166.0,-0.2628608945034001
비덴트,2023,Q2,2236449845.0,-2552790992.0,-1.1414479057991127
비덴트,2023,Q3,2239934117.0,-2478852465.0,-1.1066631139669365
비덴트,2023,Q4,2516959670.0,-4060800800.0,-1.613375394290684
비덴트,2024,Q1,2409567526.0,-636170747.0,-0.2640186424059568
비덴트,2024,Q2,2424123726.0,-1382201032.0,-0.5701858437237209
비덴트,2024,Q3,2349473899.0,-2283160260.0,-0.9717751114288928
비덴트,2024,Q4,2688046068.0,-6793075708.0,-2.52714259211126
비덴트,2025,Q1,2067488548.0,-1390715054.0,-0.6726591329104668
비덴트,2025,Q2,2642540601.0,-2887098891.0,-1.092546653742029
비덴트,2025,Q3,2479525874.0,-2366298010.0,-0.954334872974187
비덴트,2025,Q4,2960169165.0,-572581365.0,-0.1934285958282387
비덴트,2026,Q1,2840508046.0,-303181844.0,-0.1067350766448066
아스플로,2023,Q1,,2946079083.0,
아스플로,2023,Q2,,3525042046.0,
아스플로,2023,Q3,18785174604.0,1124563645.0,0.059864423339485
아스플로,2023,Q4,,-1242584833.0,
아스플로,2024,Q1,,2793750679.0,
아스플로,2024,Q2,,-20275916.0,
아스플로,2024,Q3,,-3297144063.0,
아스플로,2024,Q4,,-1340275524.0,
아스플로,2025,Q1,,-1451153735.0,
아스플로,2025,Q2,,-1991884462.0,
아스플로,2025,Q3,,-894386587.0,
아스플로,2025,Q4,,-2677276368.0,
아스플로,2026,Q1,,1383083233.0,
나이스정보통신,2023,Q1,208768153277.0,6511512800.0,0.03119016333569
나이스정보통신,2023,Q2,225132009324.0,10939162438.0,0.0485899915824801
나이스정보통신,2023,Q3,224678019942.0,12296964837.0,0.0547314990588506
나이스정보통신,2023,Q4,233050409397.0,6985928791.0,0.0299760417030613
나이스정보통신,2024,Q1,234398209145.0,8100059741.0,0.0345568328808743
나이스정보통신,2024,Q2,246163056699.0,12198389007.0,0.0495541011335254
나이스정보통신,2024,Q3,246461895583.0,9721113016.0,0.0394426610775062
나이스정보통신,2024,Q4,248114317702.0,9855077461.0,0.0397199063410622
나이스정보통신,2025,Q1,257406981809.0,9650346291.0,0.037490615923389
나이스정보통신,2025,Q2,266704938201.0,15617501303.0,0.0585572258554507
나이스정보통신,2025,Q3,286396959024.0,17760840213.0,0.0620147653575876
나이스정보통신,2025,Q4,284175109042.0,12264121905.0,0.0431569180930178
나이스정보통신,2026,Q1,285693396246.0,14899198501.0,0.0521510076773733
대명에너지,2023,Q1,25004212600.0,9781481137.0,0.3911933278394857
대명에너지,2023,Q2,12556507646.0,977466547.0,0.0778454148683118
대명에너지,2023,Q3,11950979673.0,1985487974.0,0.1661360012590158
대명에너지,2023,Q4,12128773489.0,3996880504.0,0.3295370721223302
대명에너지,2024,Q1,14841583085.0,3650850188.0,0.2459879223861111
대명에너지,2024,Q2,14892306221.0,989516104.0,0.0664447862752553
대명에너지,2024,Q3,17432754563.0,864563520.0,0.0495942002094715
대명에너지,2024,Q4,20594934490.0,4200176511.0,0.2039422127338847
대명에너지,2025,Q1,19161918695.0,5682030105.0,0.2965272004041346
대명에너지,2025,Q2,22062348524.0,2989291201.0,0.1354928827159162
대명에너지,2025,Q3,36954528129.0,239558730.0,0.0064825270982693
대명에너지,2025,Q4,52792677055.0,7887832460.0,0.1494114884869802
대명에너지,2026,Q1,30811295629.0,17926791004.0,0.5818252896553648
큐에이드,2023,Q1,76759501940.0,3087773343.0,0.0402265942972584
큐에이드,2023,Q2,81044516579.0,-514242090.0,-0.00634518054653
큐에이드,2023,Q3,74290342014.0,-85569604512.0,-1.1518267676823244
큐에이드,2023,Q4,42215024911.0,-23094833498.0,-0.5470761546792825
큐에이드,2024,Q1,25266671657.0,-9284628409.0,-0.3674654317371374
큐에이드,2024,Q2,29307084142.0,-4534140376.0,-0.154711412231629
큐에이드,2024,Q3,33615685567.0,-1286692050.0,-0.0382765375239922
큐에이드,2024,Q4,28114609524.0,14178755968.0,0.5043198610279941
큐에이드,2025,Q1,20629694444.0,,
큐에이드,2025,Q2,23359327931.0,,
큐에이드,2025,Q3,25960991808.0,-1027899353.0,-0.0395939939661029
세방,2023,Q1,259161390056.0,10468225103.0,0.0403926877407858
세방,2023,Q2,289441683674.0,11623832978.0,0.0401594989030398
세방,2023,Q3,302934119780.0,7914489514.0,0.0261261079463341
세방,2023,Q4,290412853916.0,-1350310139.0,-0.0046496224970488
세방,2024,Q1,334766533372.0,10771570627.0,0.0321763663724127
세방,2024,Q2,363822082575.0,11556786479.0,0.0317649396023608
세방,2024,Q3,335052915212.0,5354797500.0,0.0159819457073275
세방,2024,Q4,339747226951.0,-3187468337.0,-0.0093818818349316
세방,2025,Q1,325443384490.0,10665419485.0,0.0327719658573293
세방,2025,Q2,326618703882.0,11613875158.0,0.0355578998384484
세방,2025,Q3,315507178793.0,7332240105.0,0.0232395349387932
세방,2025,Q4,274217565373.0,-2310917886.0,-0.0084273153065764
세방,2026,Q1,299758732903.0,6884035805.0,0.0229652552181945
남양유업,2023,Q1,240060477934.0,-15706108385.0,-0.0654256315748821
남양유업,2023,Q2,261083939898.0,-6677408136.0,-0.0255757138436348
남양유업,2023,Q3,254210567500.0,-5640302148.0,-0.0221875203830777
남양유업,2023,Q4,241408373650.0,-44330624948.0,-0.1836333358190452
남양유업,2024,Q1,234212789789.0,-7406620839.0,-0.0316234687510983
남양유업,2024,Q2,244444596951.0,-16037044320.0,-0.0656060494690119
남양유업,2024,Q3,242684885152.0,508604061.0,0.0020957385157359
남양유업,2024,Q4,231451927473.0,13127825993.0,0.0567194498500403
남양유업,2025,Q1,215610389379.0,77699514.0,0.0003603699906288
남양유업,2025,Q2,232090757801.0,925361507.0,0.0039870674548506
남양유업,2025,Q3,237487712031.0,1704480641.0,0.0071771319299985
남양유업,2025,Q4,228960108946.0,2466291709.0,0.010771709187043
남양유업,2026,Q1,225174524705.0,522319129.0,0.0023196191029348
KH바텍,2023,Q1,43327513399.0,1251956067.0,0.0288951746542854
KH바텍,2023,Q2,75517551581.0,6041664703.0,0.0800034505424837
KH바텍,2023,Q3,207752565561.0,20449445767.0,0.0984317363868879
KH바텍,2023,Q4,49265761505.0,2702903498.0,0.0548637312289526
KH바텍,2024,Q1,54908530955.0,3190872290.0,0.0581125051882204
KH바텍,2024,Q2,101569181691.0,8517746904.0,0.0838615292767959
KH바텍,2024,Q3,92297657932.0,6920179311.0,0.0749767596063858
KH바텍,2024,Q4,62236335621.0,3229404257.0,0.0518893701689969
KH바텍,2025,Q1,61517325192.0,3716398521.0,0.0604122254893374
KH바텍,2025,Q2,136531264588.0,11585625201.0,0.0848569390751712
KH바텍,2025,Q3,168393693469.0,14099114275.0,0.0837270920576104
KH바텍,2025,Q4,58461917240.0,2351239842.0,0.0402183156660361
KH바텍,2026,Q1,55078094090.0,1682241347.0,0.0305428387600185
오픈엣지테크놀로지,2023,Q1,1059051206.0,-7741586573.0,-7.309926591972551
오픈엣지테크놀로지,2023,Q2,2841697934.0,-5580546629.0,-1.963807117649824
오픈엣지테크놀로지,2023,Q3,1885045783.0,-7426309952.0,-3.939591292144229
오픈엣지테크놀로지,2023,Q4,13808767755.0,4884584431.0,0.353730652702979
오픈엣지테크놀로지,2024,Q1,2483565708.0,-7105867171.0,-2.861155293017116
오픈엣지테크놀로지,2024,Q2,4050460912.0,-5733469246.0,-1.4155103260011412
오픈엣지테크놀로지,2024,Q3,6623947970.0,-2476981820.0,-0.373943429389588
오픈엣지테크놀로지,2024,Q4,2170498860.0,-9295939325.0,-4.282858423155311
오픈엣지테크놀로지,2025,Q1,4801111702.0,-6609859665.0,-1.3767352386836844
오픈엣지테크놀로지,2025,Q2,2597055028.0,-8758274146.0,-3.3723868195217928
오픈엣지테크놀로지,2025,Q3,5256269701.0,-5974708939.0,-1.1366823391621852
오픈엣지테크놀로지,2025,Q4,3404372892.0,-7564454600.0,-2.221981798109089
오픈엣지테크놀로지,2026,Q1,2673764184.0,-9017562312.0,-3.372609434280611
선진,2023,Q1,479778428226.0,20996210148.0,0.0437623054992996
선진,2023,Q2,483553373021.0,30878254443.0,0.0638569724994121
선진,2023,Q3,475159846606.0,26203950062.0,0.055147652414595
선진,2023,Q4,467513653272.0,19444525535.0,0.0415913533196583
선진,2024,Q1,430332800087.0,33395257885.0,0.0776033290473059
선진,2024,Q2,414701089897.0,35416233879.0,0.0854018345787236
선진,2024,Q3,399986336585.0,23614203567.0,0.0590375255530305
선진,2025,Q1,456192713497.0,56152644388.0,0.1230897441512275
선진,2025,Q2,463006680745.0,44313690796.0,0.0957085343232999
선진,2025,Q3,473244893350.0,38276773835.0,0.0808815359084951
선진,2025,Q4,503297687374.0,40448373581.0,0.0803666986670313
선진,2026,Q1,532971315164.0,61354366959.0,0.1151175780259782
강원에너지,2023,Q1,21992232992.0,635039381.0,0.028875620826271
강원에너지,2023,Q2,22926723095.0,850843579.0,0.0371114343499685
강원에너지,2023,Q3,31268105587.0,1552870720.0,0.0496630892997118
강원에너지,2023,Q4,63024180111.0,3889095782.0,0.0617079948545211
강원에너지,2024,Q1,82180178311.0,2005995605.0,0.0244097256324825
강원에너지,2024,Q2,54515446296.0,2307347836.0,0.0423246619585924
강원에너지,2024,Q3,41936793105.0,824043106.0,0.0196496452157604
강원에너지,2024,Q4,45790007324.0,1634582573.0,0.0356973643055799
강원에너지,2025,Q1,53558409481.0,1295811945.0,0.0241943694287578
강원에너지,2025,Q2,70743945298.0,-1696667889.0,-0.0239832240321486
강원에너지,2025,Q3,37254352981.0,-5806018804.0,-0.1558480644385667
강원에너지,2025,Q4,50695132607.0,111115599.0,0.0021918395965425
강원에너지,2026,Q1,52183074404.0,-866110206.0,-0.0165975312089624
헥토파이낸셜,2023,Q1,36324129398.0,2858430880.0,0.0786923438323998
헥토파이낸셜,2023,Q2,38459111410.0,3007115234.0,0.0781899301297455
헥토파이낸셜,2023,Q3,39670639809.0,3813361342.0,0.0961255316364943
헥토파이낸셜,2023,Q4,38622202184.0,2892229037.0,0.0748851405008221
헥토파이낸셜,2024,Q1,37076068872.0,4038450290.0,0.1089233678991748
헥토파이낸셜,2024,Q2,38053026424.0,3569834313.0,0.0938120998110286
헥토파이낸셜,2024,Q3,39444343461.0,4142859930.0,0.1050305206397006
헥토파이낸셜,2024,Q4,44734605567.0,1542224688.0,0.034474981246681
헥토파이낸셜,2025,Q1,45989988925.0,3657202920.0,0.0795217177800179
헥토파이낸셜,2025,Q2,44525827435.0,3835601531.0,0.0861432959690488
헥토파이낸셜,2025,Q3,45759016038.0,4518635528.0,0.0987485291258788
헥토파이낸셜,2025,Q4,51160766441.0,3566361628.0,0.0697089171272057
헥토파이낸셜,2026,Q1,57471142722.0,9136813436.0,0.1589808902912664
이노스페이스,2023,Q3,18092979.0,,
이노스페이스,2023,Q4,161025455.0,,
이노스페이스,2024,Q1,,-4588222897.0,
이노스페이스,2024,Q2,,-5708008947.0,
이노스페이스,2024,Q3,,-7334570220.0,
이노스페이스,2024,Q4,,-15273633515.0,
이노스페이스,2025,Q1,240025160.0,-13872122904.0,-57.79445331481083
이노스페이스,2025,Q2,451795830.0,-16739786399.0,-37.05166202839898
이노스페이스,2025,Q3,1094718952.0,-18640705956.0,-17.027846208329827
이노스페이스,2025,Q4,959948748.0,-22993844248.0,-23.95319989312596
이노스페이스,2026,Q1,1397259745.0,-12374054950.0,-8.855944640414728
바디텍메드,2023,Q1,29476825748.0,4782426853.0,0.1622436178808869
바디텍메드,2023,Q2,34952194605.0,8176508702.0,0.2339340574863453
바디텍메드,2023,Q3,34862803872.0,8778426147.0,0.25179920063889
바디텍메드,2023,Q4,34927415452.0,6739607470.0,0.1929603832056253
바디텍메드,2024,Q1,33096230494.0,5899825649.0,0.1782627677212236
바디텍메드,2024,Q2,36247594939.0,9263448477.0,0.2555603618002569
바디텍메드,2024,Q3,37591597168.0,8828085191.0,0.2348419821468757
바디텍메드,2024,Q4,31224750828.0,2159499099.0,0.0691598504947403
바디텍메드,2025,Q1,39101067843.0,8079932848.0,0.2066422554095666
바디텍메드,2025,Q2,41481315937.0,9200811969.0,0.2218061737234611
바디텍메드,2025,Q3,39945906201.0,6605293639.0,0.1653559592756126
바디텍메드,2025,Q4,41565013726.0,5054334903.0,0.1216007033299349
바디텍메드,2026,Q1,42847513877.0,6804391221.0,0.1588048081513665
경방,2023,Q1,91522947115.0,-3165745053.0,-0.0345896319206394
경방,2023,Q2,94787817684.0,-4780548875.0,-0.0504342118196793
경방,2023,Q3,98487963567.0,8881613402.0,0.0901796836925962
경방,2023,Q4,108720230630.0,15033506929.0,0.1382769963040502
경방,2024,Q1,97940107471.0,13032864041.0,0.1330697339173231
경방,2024,Q2,95023681989.0,375236808.0,0.0039488767446775
경방,2024,Q3,93840481680.0,4242504255.0,0.0452097450806691
경방,2024,Q4,110472485257.0,,
경방,2025,Q1,102272642013.0,10828769795.0,0.105881392930316
경방,2025,Q2,95102613530.0,5491798195.0,0.057746028118014
경방,2025,Q3,96907986774.0,10732199130.0,0.1107462809544135
경방,2025,Q4,118192635146.0,,
경방,2026,Q1,111018701473.0,,
일신방직,2023,Q1,136845030602.0,1618036585.0,0.0118238607414681
일신방직,2023,Q2,134986635234.0,-7508672674.0,-0.0556253043939029
일신방직,2023,Q3,129738099144.0,-828281166.0,-0.0063842554458938
일신방직,2023,Q4,137839282773.0,5697914018.0,0.04133737424754
일신방직,2024,Q1,135838205633.0,2848291454.0,0.0209682647140919
일신방직,2024,Q2,123812627312.0,4422456549.0,0.0357189459993905
일신방직,2024,Q3,119819527337.0,-3199518335.0,-0.0267028121885437
일신방직,2024,Q4,144181032579.0,,
일신방직,2025,Q1,136430229334.0,2810527924.0,0.0206004778978963
일신방직,2025,Q2,121879333202.0,1749991432.0,0.0143583935522489
일신방직,2025,Q3,124270637760.0,922903423.0,0.0074265606070387
일신방직,2025,Q4,134597707514.0,6924072500.0,0.0514427223753406
일신방직,2026,Q1,140508730222.0,2993856937.0,0.021307266333343
동아지질,2023,Q1,79321877506.0,1897371212.0,0.0239198979103398
동아지질,2023,Q2,92251387893.0,2950648595.0,0.0319848694138063
동아지질,2023,Q3,84483564630.0,1689326382.0,0.0199959174236845
동아지질,2023,Q4,88907301461.0,1155756759.0,0.0129995707889861
동아지질,2024,Q1,91220021705.0,2178807028.0,0.023885184275072
동아지질,2024,Q2,94219392591.0,1584342220.0,0.0168154577994099
동아지질,2024,Q3,98812345626.0,2286702402.0,0.0231418694446851
동아지질,2024,Q4,109241402752.0,3561873240.0,0.0326055245563458
동아지질,2025,Q1,103883310731.0,3517776551.0,0.03386276896882
동아지질,2025,Q2,105471850367.0,4190283212.0,0.0397289248023949
동아지질,2025,Q3,130920266195.0,5243887407.0,0.0400540539628101
동아지질,2025,Q4,127450073150.0,5117062941.0,0.0401495488745429
동아지질,2026,Q1,123785030183.0,5052378325.0,0.0408157457935803
GS글로벌,2023,Q1,1002939532556.0,23318900080.0,0.0232505543186353
GS글로벌,2023,Q2,1010335293080.0,17201085640.0,0.0170251259733415
GS글로벌,2023,Q3,917455024763.0,22831728276.0,0.0248859373590525
GS글로벌,2023,Q4,985762716387.0,13167344577.0,0.0133575193686171
GS글로벌,2024,Q1,962218086129.0,17113431475.0,0.0177853978445232
GS글로벌,2024,Q2,957374245000.0,21233232000.0,0.0221786120849741
GS글로벌,2024,Q3,1055419784000.0,24601113000.0,0.0233093157556349
GS글로벌,2024,Q4,1091481813000.0,14932021000.0,0.0136805037171975
GS글로벌,2025,Q1,1021740498000.0,15957433000.0,0.0156178922448858
GS글로벌,2025,Q2,1073997170000.0,19794027000.0,0.0184302413012876
GS글로벌,2025,Q3,945778987000.0,6452056000.0,0.0068219489845781
GS글로벌,2025,Q4,1067747906000.0,10096717000.0,0.0094560869127099
GS글로벌,2026,Q1,1099073200000.0,12851868000.0,0.0116933685581633
에스바이오메딕스,2023,Q1,3016544662.0,-1690511529.0,-0.5604132271919268
에스바이오메딕스,2023,Q2,4096599208.0,-726102055.0,-0.1772450801586934
에스바이오메딕스,2023,Q3,2256826517.0,-2083013906.0,-0.922983618948678
에스바이오메딕스,2023,Q4,3738407615.0,-1488415896.0,-0.3981416820434119
에스바이오메딕스,2024,Q1,2606554767.0,-1754108816.0,-0.6729606598747518
에스바이오메딕스,2024,Q2,3299397194.0,-1248959396.0,-0.3785416918797319
에스바이오메딕스,2024,Q3,3378274098.0,-1332005256.0,-0.394285726190356
에스바이오메딕스,2024,Q4,4449801350.0,-1110195197.0,-0.2494932042303416
에스바이오메딕스,2025,Q1,4461770903.0,-1691393030.0,-0.3790855843500936
에스바이오메딕스,2025,Q2,4806750916.0,-2046020335.0,-0.4256555770738007
에스바이오메딕스,2025,Q3,3245431621.0,-1927902535.0,-0.5940357894232768
에스바이오메딕스,2025,Q4,4033673269.0,-2678677707.0,-0.6640789990568767
에스바이오메딕스,2026,Q1,4397207443.0,-2991642071.0,-0.6803504519129415
세나테크놀로지,2025,Q3,45724014156.0,5449697610.0,0.119186771122213
세나테크놀로지,2025,Q4,33977416418.0,-3157891779.0,-0.0929409034563047
세나테크놀로지,2026,Q1,43821443742.0,3847364975.0,0.0877963993530535
BYC,2023,Q1,36482566057.0,5958142460.0,0.1633147857716767
BYC,2023,Q2,41600304233.0,2915771306.0,0.0700901438044538
BYC,2023,Q3,40623925781.0,7285399459.0,0.1793376518624749
BYC,2023,Q4,49694727815.0,11339081050.0,0.2281747289614368
BYC,2024,Q1,38666832190.0,5147595741.0,0.1331269061738982
BYC,2024,Q2,41210525658.0,2189379520.0,0.0531267069527172
BYC,2024,Q3,38129778552.0,5800647974.0,0.1521290758636137
BYC,2024,Q4,47200432541.0,10695283678.0,0.2265929166795175
BYC,2025,Q1,35340964470.0,4202198337.0,0.1189044611549052
BYC,2025,Q2,39494650463.0,2780619216.0,0.0704049582260509
BYC,2025,Q3,39103505562.0,8251947181.0,0.2110283224586154
BYC,2025,Q4,49227492676.0,11338793734.0,0.2303345776440088
BYC,2026,Q1,36310731694.0,5587914795.0,0.1538915503573658
유니슨,2023,Q1,18167922012.0,-927725489.0,-0.0510639295119845
유니슨,2023,Q2,28199088514.0,-6874498882.0,-0.2437844357482341
유니슨,2023,Q3,29671835645.0,-1008702224.0,-0.0339952753873512
유니슨,2023,Q4,31700393795.0,-10758797469.0,-0.3393900258329582
유니슨,2024,Q1,5487380806.0,-4792644864.0,-0.8733938892594508
유니슨,2024,Q2,5234051468.0,-3128091288.0,-0.5976424395374326
유니슨,2024,Q3,8451930963.0,-1554825255.0,-0.1839609506758343
유니슨,2024,Q4,6560102201.0,-3036601265.0,-0.4628893227512691
유니슨,2025,Q1,6104661614.0,-1812806493.0,-0.2969544599888448
유니슨,2025,Q2,13285012689.0,-1653596667.0,-0.1244708383582636
유니슨,2025,Q3,16322287506.0,-2793034493.0,-0.1711178345543351
유니슨,2025,Q4,4555959775.0,-3273549736.0,-0.718520333292451
유니슨,2026,Q1,3784015206.0,-2610388504.0,-0.6898461982554729
삼영,2023,Q1,34401719296.0,1235129944.0,0.0359031458100296
삼영,2023,Q2,33569135210.0,735463234.0,0.0219089121420354
삼영,2023,Q3,31904108632.0,806400564.0,0.025275759097409
삼영,2023,Q4,22711744675.0,3252555351.0,0.1432102816205158
삼영,2024,Q1,29761512320.0,1635172050.0,0.0549425053545128
삼영,2024,Q2,33076655802.0,3240998954.0,0.0979844810612332
삼영,2024,Q3,31152219414.0,2202086630.0,0.0706879532637847
삼영,2024,Q4,32049698706.0,2023559457.0,0.0631381741077388
삼영,2025,Q1,31347377484.0,2263500469.0,0.0722070122183366
삼영,2025,Q2,33372869740.0,2321417240.0,0.0695600126116094
삼영,2025,Q3,45849517901.0,5610281339.0,0.1223629297719973
삼영,2025,Q4,42638535454.0,4725983530.0,0.1108383174909598
삼영,2026,Q1,48437244989.0,6005864442.0,0.1239926928825931
씨메스로보틱스,2025,Q1,871842973.0,-5311482323.0,-6.092246525453156
씨메스로보틱스,2025,Q2,3859369448.0,-3785611666.0,-0.9808886443773288
씨메스로보틱스,2025,Q3,3887732648.0,-3799523778.0,-0.9773109732621718
씨메스로보틱스,2025,Q4,4437209025.0,-5514542252.0,-1.2427952392889583
씨메스로보틱스,2026,Q1,5771925310.0,-5134511040.0,-0.8895664382739561
대한제당,2023,Q1,312523929000.0,10319768000.0,0.0330207291103139
대한제당,2023,Q2,343363241000.0,15462987000.0,0.0450339033233904
대한제당,2023,Q3,334738722000.0,10862971000.0,0.032452089603186
대한제당,2023,Q4,341723992000.0,10571184000.0,0.0309348604355529
대한제당,2024,Q1,325172826000.0,5438618000.0,0.0167253151713236
대한제당,2024,Q2,340576537000.0,13471816000.0,0.0395559133893008
대한제당,2024,Q3,354667817000.0,16617905000.0,0.0468548433307666
대한제당,2024,Q4,353411925000.0,1468392000.0,0.0041549022433241
대한제당,2025,Q1,329373127000.0,8275925000.0,0.0251262908889346
대한제당,2025,Q2,351935252000.0,14690370000.0,0.0417416837799471
대한제당,2025,Q3,345965429000.0,18632051000.0,0.0538552393915636
대한제당,2025,Q4,329002220000.0,14957586000.0,0.0454634804591896
대한제당,2026,Q1,315140514000.0,5494268000.0,0.0174343435893488
대원산업,2023,Q1,195704852413.0,7077256999.0,0.0361629101769266
대원산업,2023,Q2,209102433635.0,15989967910.0,0.076469544768242
대원산업,2023,Q3,186113546942.0,12592169175.0,0.0676585309446829
대원산업,2023,Q4,187721761167.0,11647724025.0,0.0620478092288832
대원산업,2024,Q1,194588182927.0,4907054583.0,0.0252176391658936
대원산업,2024,Q2,227347916779.0,323988045.0,0.0014250759346739
대원산업,2024,Q3,238272889810.0,22899940456.0,0.0961080401310469
대원산업,2024,Q4,271565227314.0,46925076140.0,0.1727948625975681
대원산업,2025,Q1,259795833571.0,20662726884.0,0.0795344813655491
대원산업,2025,Q2,289567032277.0,27513011344.0,0.0950143085269494
대원산업,2025,Q3,274304055863.0,26870861973.0,0.0979601336497209
대원산업,2025,Q4,235258944909.0,-4292920200.0,-0.0182476385825012
대원산업,2026,Q1,235762138164.0,11116551211.0,0.0471515540941826
PKC,2023,Q1,63080021505.0,8910709670.0,0.1412604095148207
PKC,2023,Q2,57301032561.0,4040416243.0,0.0705121018316513
PKC,2023,Q3,58163000323.0,4656250955.0,0.0800552057002246
PKC,2023,Q4,54977833782.0,443184213.0,0.0080611436012071
PKC,2024,Q1,59733222383.0,3035604941.0,0.050819373539505
PKC,2024,Q2,59120203366.0,1226696707.0,0.020749196334894
PKC,2024,Q3,62906989986.0,2984052836.0,0.0474359500695249
PKC,2024,Q4,63467708559.0,2501996620.0,0.0394215684921746
PKC,2025,Q1,64563393456.0,3317207000.0,0.0513790682681615
PKC,2025,Q2,66208267786.0,2182673235.0,0.0329667775338102
PKC,2025,Q3,69834308315.0,3243884345.0,0.04645115593281
PKC,2025,Q4,71531499525.0,3406916319.0,0.0476281965514968
PKC,2026,Q1,70227852681.0,4996415221.0,0.0711457780675069
피에이치에이,2023,Q1,264650757459.0,11584424037.0,0.0437724952999413
피에이치에이,2023,Q2,281223800587.0,16451617414.0,0.0585000891804336
피에이치에이,2023,Q3,267513757830.0,10909549304.0,0.0407812644571828
피에이치에이,2023,Q4,321229836778.0,9347703162.0,0.0290997351172585
피에이치에이,2024,Q1,289738485504.0,16390522637.0,0.0565700569894561
피에이치에이,2024,Q2,298988417265.0,13819963941.0,0.0462224057621304
피에이치에이,2024,Q3,278563269268.0,11287124430.0,0.0405190693649595
피에이치에이,2024,Q4,285589454180.0,9980579509.0,0.0349472971180143
피에이치에이,2025,Q1,298946874603.0,16348538863.0,0.0546871041375186
피에이치에이,2025,Q2,316543171999.0,13508600790.0,0.0426753820172203
피에이치에이,2025,Q3,290645560781.0,9527326678.0,0.0327798802513925
피에이치에이,2025,Q4,294537614181.0,9054724414.0,0.0307421666301529
피에이치에이,2026,Q1,305202058945.0,13276639975.0,0.043501148127551
대원강업,2023,Q1,274971099966.0,10744647935.0,0.0390755535266381
대원강업,2023,Q2,292268971240.0,21317131541.0,0.0729366906468329
대원강업,2023,Q3,272443151725.0,16514375721.0,0.0606158591854397
대원강업,2023,Q4,267073639262.0,10595705029.0,0.039673346490799
대원강업,2024,Q1,284364611763.0,16836684426.0,0.0592080861314498
대원강업,2024,Q2,295258219775.0,-5792632798.0,-0.0196188705683257
대원강업,2024,Q3,367782156552.0,17305058665.0,0.0470524693944831
대원강업,2024,Q4,420180058910.0,-5784183293.0,-0.0137659633539128
대원강업,2025,Q1,381958890000.0,18385233000.0,0.048134062280891
대원강업,2025,Q2,421726561000.0,16589517000.0,0.0393371405411669
대원강업,2025,Q3,389954042000.0,-3386518000.0,-0.0086844028661203
대원강업,2025,Q4,405432683000.0,15418397000.0,0.038029487129433
대원강업,2026,Q1,432811233000.0,23274789000.0,0.0537758431976741
인피니트헬스케어,2023,Q1,19378048316.0,-1135708534.0,-0.0586079937194847
인피니트헬스케어,2023,Q2,21156026318.0,1326633114.0,0.0627071026505233
인피니트헬스케어,2023,Q3,21912316692.0,9726530.0,0.0004438841468346
인피니트헬스케어,2023,Q4,26956375296.0,2886589457.0,0.1070837390154727
인피니트헬스케어,2024,Q1,21267957579.0,-3192641319.0,-0.150115087785976
인피니트헬스케어,2024,Q2,24249246428.0,3698995287.0,0.1525406283441807
인피니트헬스케어,2024,Q3,25682399178.0,4068939668.0,0.1584330046347666
인피니트헬스케어,2024,Q4,24550579493.0,3148960463.0,0.128264201009913
인피니트헬스케어,2025,Q1,24516449854.0,2845740635.0,0.1160747437719128
인피니트헬스케어,2025,Q2,25775132138.0,1324233686.0,0.0513764072637942
인피니트헬스케어,2025,Q3,22080519574.0,-1541714415.0,-0.069822379397964
인피니트헬스케어,2025,Q4,30019869960.0,11588614015.0,0.3860314528491049
인피니트헬스케어,2026,Q1,32147649755.0,9467212128.0,0.2944915787048334
디지털대성,2023,Q1,49375056013.0,2127621990.0,0.0430910293942718
디지털대성,2023,Q2,49272472596.0,7985540605.0,0.162069004948785
디지털대성,2023,Q3,63555683057.0,17924011795.0,0.2820205988333856
디지털대성,2023,Q4,49345591336.0,-3013760659.0,-0.0610745677051257
디지털대성,2024,Q1,47177819703.0,1223812184.0,0.0259404141968472
디지털대성,2024,Q2,47702241241.0,7529355607.0,0.1578407096002133
디지털대성,2024,Q3,69276371781.0,18429705670.0,0.2660316237152391
디지털대성,2024,Q4,53565832078.0,-3479396067.0,-0.0649555123484961
디지털대성,2025,Q1,60390724019.0,5185664788.0,0.0858685646220849
디지털대성,2025,Q2,59311761045.0,10078294429.0,0.1699206742715592
디지털대성,2025,Q3,80217617016.0,21218573673.0,0.2645126402691294
디지털대성,2025,Q4,53901796900.0,-4923130632.0,-0.0913351857477686
디지털대성,2026,Q1,69787463914.0,10159789475.0,0.1455818696538398
골프존,2023,Q1,187001850926.0,41526347592.0,0.222063831915935
골프존,2023,Q2,161644937279.0,30764692679.0,0.1903226491152023
골프존,2023,Q3,170007804106.0,27546191583.0,0.1620289828920143
골프존,2023,Q4,166456441464.0,14711902691.0,0.0883828980218935
골프존,2024,Q1,182117045382.0,31619796782.0,0.1736234887606255
골프존,2024,Q2,160713478915.0,25626632772.0,0.1594554043942618
골프존,2024,Q3,146166464126.0,27489361043.0,0.1880688652309692
골프존,2024,Q4,130984392002.0,11091483332.0,0.084677900645068
골프존,2025,Q1,129837414240.0,26756708164.0,0.2060785661869478
골프존,2025,Q2,121058288753.0,19779335660.0,0.1633868763861065
골프존,2025,Q3,120849679245.0,15290479564.0,0.1265247840087471
골프존,2025,Q4,111515681541.0,6244371768.0,0.0559954589499073
골프존,2026,Q1,111832069166.0,14061117425.0,0.1257342149694836
지씨셀,2023,Q1,42004632732.0,814769372.0,0.0193971311973712
지씨셀,2023,Q2,47585569381.0,1280042149.0,0.0268997968428448
지씨셀,2023,Q3,45437789704.0,-1743272712.0,-0.038366142441267
지씨셀,2023,Q4,52516197625.0,3725229740.0,0.0709348716866475
지씨셀,2024,Q1,41083520387.0,-5260105120.0,-0.1280344301182244
지씨셀,2024,Q2,45406164315.0,-2719165032.0,-0.0598853717996549
지씨셀,2024,Q3,45349806069.0,-2720320016.0,-0.0599852623815197
지씨셀,2024,Q4,42611949495.0,-9299132757.0,-0.2182282873045069
지씨셀,2025,Q1,39548791513.0,-5694913340.0,-0.1439971519263246
지씨셀,2025,Q2,42954377336.0,-3374990390.0,-0.0785715123653166
지씨셀,2025,Q3,45017043844.0,-397452517.0,-0.0088289341782928
지씨셀,2025,Q4,38002931016.0,-4326174646.0,-0.1138379206640296
지씨셀,2026,Q1,37372780585.0,-5113804100.0,-0.1368323153897862
KSS해운,2023,Q1,108790236518.0,22884688349.0,0.2103560860005446
KSS해운,2023,Q2,122470886228.0,22340001136.0,0.1824107085696298
KSS해운,2023,Q3,113504631506.0,21386999130.0,0.1884240215243503
KSS해운,2023,Q4,127837105669.0,21749658745.0,0.1701357257048272
KSS해운,2024,Q1,112739116808.0,20916986363.0,0.185534417469516
KSS해운,2024,Q2,136843425122.0,29386450129.0,0.2147450643156666
KSS해운,2024,Q3,131608927752.0,28055287888.0,0.2131716166008628
KSS해운,2024,Q4,136737537114.0,25723965865.0,0.1881265847545108
KSS해운,2025,Q1,137666965156.0,29727966973.0,0.2159411805098861
KSS해운,2025,Q2,133616003114.0,22109629094.0,0.1654714149407407
KSS해운,2025,Q3,142702743323.0,28780598287.0,0.2016821654357173
KSS해운,2025,Q4,147409484833.0,29714413408.0,0.201577350613927
KSS해운,2026,Q1,139816137382.0,21607358069.0,0.154541231603082
LS네트웍스,2023,Q1,87068083816.0,1557042920.0,0.0178830502723648
LS네트웍스,2023,Q2,104345191443.0,6262395612.0,0.0600161399427871
LS네트웍스,2023,Q3,85310938326.0,-753298260.0,-0.0088300313509788
LS네트웍스,2023,Q4,102907540779.0,4552137021.0,0.044235213343364
LS네트웍스,2024,Q1,383895778571.0,17994060061.0,0.0468722530056997
LS네트웍스,2024,Q2,498726404888.0,20390526208.0,0.0408851947844613
LS네트웍스,2024,Q3,518922396130.0,-5752767365.0,-0.0110859878238109
LS네트웍스,2024,Q4,532269380060.0,-7012578187.0,-0.0131748668056191
LS네트웍스,2025,Q1,444191111927.0,18027899416.0,0.0405859075788143
LS네트웍스,2025,Q2,549156612718.0,30664463329.0,0.0558391952656803
LS네트웍스,2025,Q3,579733101746.0,-308349989.0,-0.000531882668199
LS네트웍스,2025,Q4,1042164303976.0,-26096565324.0,-0.0250407399528443
LS네트웍스,2026,Q1,1704848312308.0,43268274226.0,0.0253795448625127
뷰웍스,2023,Q1,54829439299.0,5855501192.0,0.1067948399046786
뷰웍스,2023,Q2,51316914836.0,147349104.0,0.002871355467703
뷰웍스,2023,Q3,51615107107.0,5835700409.0,0.1130618676602255
뷰웍스,2023,Q4,62489077316.0,6897911830.0,0.1103858806414769
뷰웍스,2024,Q1,60548906647.0,7120871916.0,0.117605293147813
뷰웍스,2024,Q2,54224333299.0,3756588360.0,0.0692786454244754
뷰웍스,2024,Q3,48377592880.0,4523872546.0,0.0935117329467261
뷰웍스,2024,Q4,59747236572.0,6929642786.0,0.1159826493004283
뷰웍스,2025,Q1,54397083215.0,2058977794.0,0.037850885972361
뷰웍스,2025,Q2,62704424423.0,6531884313.0,0.1041694325895782
뷰웍스,2025,Q3,53672954614.0,4302756453.0,0.080166193270785
뷰웍스,2025,Q4,68560117748.0,8526604800.0,0.1243668342481622
뷰웍스,2026,Q1,58168889380.0,8842585394.0,0.152015716446536
저스템,2023,Q2,9114924309.0,185730257.0,0.0203765001994159
저스템,2023,Q3,8676807427.0,1154684807.0,0.1330771504052189
저스템,2023,Q4,10046974348.0,-1042438903.0,-0.103756500901937
저스템,2024,Q1,4063529466.0,-4136274476.0,-1.017901927525976
저스템,2024,Q2,7672479054.0,-2045548683.0,-0.266608571832277
저스템,2024,Q3,15831836747.0,846632626.0,0.053476588947295
저스템,2024,Q4,11132747579.0,726160411.0,0.0652274208003939
저스템,2025,Q1,10616638622.0,1646242810.0,0.1550625267199567
저스템,2025,Q2,11305250623.0,2077555686.0,0.1837690959078174
저스템,2025,Q3,12109489863.0,544650512.0,0.0449771640392676
저스템,2025,Q4,14257365000.0,366349635.0,0.0256954658171408
저스템,2026,Q1,17692763849.0,4072632831.0,0.2301863556060624
코오롱글로벌,2023,Q1,586612936513.0,13447474638.0,0.0229239312687779
코오롱글로벌,2023,Q2,715494416948.0,12986577670.0,0.0181504947661161
코오롱글로벌,2023,Q3,623989478420.0,19194677236.0,0.0307612193792157
코오롱글로벌,2023,Q4,737383428110.0,-32839849580.0,-0.0445356490641136
코오롱글로벌,2024,Q1,702453698154.0,877636699.0,0.0012493872568489
코오롱글로벌,2024,Q2,796327813360.0,-365088339.0,-0.0004584648845298
코오롱글로벌,2024,Q3,709785744331.0,-21056018169.0,-0.0296653156775444
코오롱글로벌,2024,Q4,703393491343.0,-36125317439.0,-0.0513586177347552
코오롱글로벌,2025,Q1,644028331690.0,9592243167.0,0.0148941322842566
코오롱글로벌,2025,Q2,734427787980.0,19078560584.0,0.0259774492417756
코오롱글로벌,2025,Q3,607361815447.0,27715079562.0,0.0456319097729292
코오롱글로벌,2025,Q4,698613028037.0,-52735133533.0,-0.0754854710928852
코오롱글로벌,2026,Q1,631208591918.0,22012196302.0,0.0348730935919509
바이넥스,2023,Q1,48200344907.0,8257151542.0,0.1713089721231608
바이넥스,2023,Q2,39503834080.0,419415404.0,0.0106170809433492
바이넥스,2023,Q3,31599295852.0,-4374059777.0,-0.1384226976919536
바이넥스,2023,Q4,35521300676.0,-3260243991.0,-0.0917827874811686
바이넥스,2024,Q1,29710078212.0,-10638410031.0,-0.35807411731091
바이넥스,2024,Q2,31471717166.0,-8261424546.0,-0.2625031390065079
바이넥스,2024,Q3,32910507060.0,-4722055382.0,-0.1434816963892746
바이넥스,2024,Q4,35958243179.0,-7133105563.0,-0.1983719150986166
바이넥스,2025,Q1,39787279883.0,541414872.0,0.0136077377893664
바이넥스,2025,Q2,44527959992.0,1022512317.0,0.0229633766555599
바이넥스,2025,Q3,45362734825.0,241897913.0,0.0053325249002995
바이넥스,2025,Q4,38796931448.0,-6340608995.0,-0.1634306827460928
바이넥스,2026,Q1,35315423501.0,-8972802364.0,-0.254076023291804
미래반도체,2023,Q1,105907285461.0,2767889048.0,0.0261350202297392
미래반도체,2023,Q2,79182488485.0,1953525342.0,0.0246711789358586
미래반도체,2023,Q3,90667414886.0,2209312539.0,0.0243672166210745
미래반도체,2023,Q4,104753269672.0,2476235370.0,0.023638740611663
미래반도체,2024,Q1,118192509962.0,3227605049.0,0.0273080337327441
미래반도체,2024,Q2,132269840960.0,3005640300.0,0.0227235496632141
미래반도체,2024,Q3,123373838861.0,2758248828.0,0.0223568371825375
케이엔제이,2023,Q1,18908899288.0,3551570666.0,0.1878253520686899
케이엔제이,2023,Q2,19446502174.0,4976607354.0,0.2559127245337586
케이엔제이,2023,Q3,15931799432.0,3479052589.0,0.218371603524716
케이엔제이,2023,Q4,7632792208.0,14497459.0,0.0018993650822571
케이엔제이,2024,Q1,12533041250.0,2072307663.0,0.1653475498614512
케이엔제이,2024,Q2,16618746651.0,3775829706.0,0.2272030367448195
케이엔제이,2024,Q3,16434340807.0,4435407483.0,0.2698865464144929
케이엔제이,2024,Q4,17840491575.0,2337171970.0,0.1310037876576839
케이엔제이,2025,Q1,19289814977.0,5539275890.0,0.2871606542937138
케이엔제이,2025,Q2,19950233983.0,5181100846.0,0.2597012571589346
케이엔제이,2025,Q3,21856491267.0,5642826100.0,0.2581762109511061
케이엔제이,2025,Q4,23348204780.0,5879324125.0,0.2518105430545226
케이엔제이,2026,Q1,34871341771.0,7502823852.0,0.2151573031307777
서호전기,2023,Q1,12337215138.0,2609752170.0,0.2115349485931936
서호전기,2023,Q2,21649036703.0,3683179852.0,0.1701313505320819
서호전기,2023,Q3,16814047460.0,4587137071.0,0.2728157561058769
서호전기,2023,Q4,15368702762.0,2100147111.0,0.1366509030412595
서호전기,2024,Q1,8350072809.0,1177821551.0,0.1410552432226103
서호전기,2024,Q2,11031068347.0,1041170844.0,0.094385313484451
서호전기,2024,Q3,13232344409.0,1446913692.0,0.1093467376057623
서호전기,2024,Q4,13853746094.0,-2020323188.0,-0.1458322661821407
서호전기,2025,Q1,33980731906.0,9940970274.0,0.2925472677133454
서호전기,2025,Q2,31169701526.0,5140442462.0,0.1649179238277958
서호전기,2025,Q3,30761997075.0,6199111669.0,0.2015185052480862
서호전기,2025,Q4,20713087578.0,4045057145.0,0.1952899165692891
서호전기,2026,Q1,25936379389.0,8041553830.0,0.3100492057658032
필에너지,2023,Q3,14454765874.0,-2362230587.0,-0.163422265541428
필에너지,2023,Q4,62561442005.0,5871460456.0,0.0938511048951004
필에너지,2024,Q1,57329186392.0,981899126.0,0.0171273863767412
필에너지,2024,Q2,94237448525.0,7705135130.0,0.0817629854224663
필에너지,2024,Q3,57738156203.0,2228133138.0,0.0385903063853678
필에너지,2024,Q4,76094932220.0,3286397903.0,0.043188131024266
필에너지,2025,Q1,958352582.0,-6025350394.0,-6.2871958683782205
필에너지,2025,Q2,22919203699.0,-3854186037.0,-0.1681640465182551
필에너지,2025,Q3,1361650797.0,-5376580025.0,-3.9485748011499897
필에너지,2025,Q4,7954822950.0,-6917995527.0,-0.8696605280196714
필에너지,2026,Q1,1738415476.0,-3881697094.0,-2.232893774583493
미래나노텍,2023,Q1,159365686866.0,2575463092.0,0.016160712777309
미래나노텍,2023,Q2,162817476125.0,7630888200.0,0.0468677465196766
미래나노텍,2023,Q3,177484368289.0,2531214106.0,0.0142616171238156
미래나노텍,2023,Q4,194358284009.0,966253052.0,0.0049715043376039
미래나노텍,2024,Q1,152116549804.0,6363166825.0,0.0418308647757186
미래나노텍,2024,Q2,158583806392.0,11549943000.0,0.0728317932503772
미래나노텍,2024,Q3,167109817469.0,5324473325.0,0.0318621216014895
미래나노텍,2024,Q4,144504361676.0,1622583335.0,0.0112286114839776
미래나노텍,2025,Q1,168430636672.0,11284993205.0,0.0670008344561225
미래나노텍,2025,Q2,122681767015.0,6101191065.0,0.0497318486149129
미래나노텍,2025,Q3,126724387869.0,4403791940.0,0.0347509426879408
미래나노텍,2025,Q4,120695855346.0,-860603317.0,-0.0071303468916384
미래나노텍,2026,Q1,124268474134.0,8464985038.0,0.0681185240020901
다올투자증권,2026,Q1,769062907717.0,9184564102.0,0.0119425394331717
비츠로테크,2023,Q1,75923195139.0,7926069605.0,0.1043958910118175
비츠로테크,2023,Q2,98870290916.0,12024925767.0,0.1216232465343543
비츠로테크,2023,Q3,86362107139.0,4476389278.0,0.0518327936440369
비츠로테크,2023,Q4,91736915875.0,4408707656.0,0.0480581629974052
비츠로테크,2024,Q1,87015822787.0,8727272359.0,0.1002952345846672
비츠로테크,2024,Q2,99889538300.0,11641013416.0,0.1165388649714081
비츠로테크,2024,Q3,104920957603.0,11017102710.0,0.1050038329967071
비츠로테크,2024,Q4,136498905989.0,19758866788.0,0.144754763013209
비츠로테크,2025,Q1,97721389554.0,11422274105.0,0.1168861203993435
비츠로테크,2025,Q2,104502252937.0,10727786089.0,0.1026560269037197
비츠로테크,2025,Q3,102454536010.0,15299901259.0,0.1493335664270312
비츠로테크,2025,Q4,127609203645.0,18271134101.0,0.1431803786804362
비츠로테크,2026,Q1,105602675364.0,13306256314.0,0.1260030228224322
강스템바이오텍,2023,Q1,3462240943.0,,
강스템바이오텍,2023,Q2,2789673207.0,,
강스템바이오텍,2023,Q3,3011346899.0,,
강스템바이오텍,2023,Q4,3440840138.0,,
강스템바이오텍,2024,Q1,2916002689.0,,
강스템바이오텍,2024,Q2,2275530969.0,,
강스템바이오텍,2024,Q3,783325741.0,,
강스템바이오텍,2026,Q1,805005702.0,,
YG PLUS,2023,Q1,55524778016.0,9181053277.0,0.1653505624885954
YG PLUS,2023,Q2,58453947626.0,8402329538.0,0.1437427219075053
YG PLUS,2023,Q3,59725061600.0,5166145151.0,0.0864987831339465
YG PLUS,2023,Q4,49933330001.0,-1501628128.0,-0.0300726614461708
YG PLUS,2024,Q1,41460347232.0,-2031642470.0,-0.0490020611412519
YG PLUS,2024,Q2,48092592302.0,370847665.0,0.007711118225261
YG PLUS,2024,Q3,40997753864.0,-1115139472.0,-0.0272000138275672
YG PLUS,2024,Q4,54352200653.0,2043544170.0,0.0375981863742108
YG PLUS,2025,Q1,59009773564.0,8718240221.0,0.1477423093573557
YG PLUS,2025,Q2,48323423630.0,4190869645.0,0.0867254289987482
YG PLUS,2025,Q3,69888918674.0,14068191099.0,0.2012935865358242
YG PLUS,2025,Q4,58825289241.0,5357651850.0,0.0910773566798857
YG PLUS,2026,Q1,53457979837.0,5273687917.0,0.0986510888192955
채비,2026,Q1,20696260709.0,,
코스맥스비티아이,2023,Q1,149582026523.0,2137557479.0,0.0142902026980582
코스맥스비티아이,2023,Q2,155628192256.0,6915928911.0,0.0444387922955737
코스맥스비티아이,2023,Q3,167533899697.0,7916457665.0,0.0472528704896001
코스맥스비티아이,2023,Q4,155852900750.0,3279406441.0,0.0210416772817107
코스맥스비티아이,2024,Q1,140241237621.0,2150783212.0,0.0153363108347094
코스맥스비티아이,2024,Q2,158969116513.0,6860787334.0,0.0431579886992637
코스맥스비티아이,2024,Q3,151884870493.0,3348153559.0,0.0220440228716151
코스맥스비티아이,2024,Q4,146535038785.0,4434729733.0,0.0302639544082473
코스맥스비티아이,2025,Q1,154315882634.0,6538497509.0,0.0423708655090787
코스맥스비티아이,2025,Q2,163725947929.0,9904626333.0,0.0604951533845762
코스맥스비티아이,2025,Q3,153466659975.0,3180674422.0,0.0207255075631289
코스맥스비티아이,2025,Q4,173697101197.0,7360675445.0,0.0423765013594085
코스맥스비티아이,2026,Q1,205190786521.0,16405923442.0,0.0799544839228001
잇츠한불,2023,Q1,35782766203.0,2455381648.0,0.068619112174568
잇츠한불,2023,Q2,35200245653.0,2891674825.0,0.0821492796813351
잇츠한불,2023,Q3,33105776832.0,1713405504.0,0.0517554840260937
잇츠한불,2023,Q4,35072933577.0,994414209.0,0.0283527526095539
잇츠한불,2024,Q1,35930362608.0,6589340318.0,0.1833919793654647
잇츠한불,2024,Q2,36116401828.0,3832055157.0,0.1061029051357247
잇츠한불,2024,Q3,29450658649.0,2687641587.0,0.0912591334214951
잇츠한불,2024,Q4,40933294486.0,4775194646.0,0.1166579603709447
잇츠한불,2025,Q1,36322789216.0,5580756731.0,0.1536433972020437
잇츠한불,2025,Q2,37252431069.0,3943545436.0,0.1058600827606567
잇츠한불,2025,Q3,37778883607.0,4818388319.0,0.1275418397516438
잇츠한불,2025,Q4,42032993995.0,4872187647.0,0.115913409536793
잇츠한불,2026,Q1,42683498550.0,6830809817.0,0.1600339721215284
모토닉,2023,Q1,61374522530.0,3318203225.0,0.0540648315981286
모토닉,2023,Q2,63829040316.0,3691408910.0,0.0578327496657454
모토닉,2023,Q3,59197048949.0,2958102340.0,0.0499704359004194
모토닉,2023,Q4,59858165774.0,5182468055.0,0.0865791323203401
모토닉,2024,Q1,72072714460.0,5012561699.0,0.0695486736770813
모토닉,2024,Q2,74441192691.0,5304057887.0,0.0712516510719644
모토닉,2024,Q3,70655889515.0,4515748752.0,0.0639118519771989
모토닉,2024,Q4,73434805357.0,8947116657.0,0.1218375484690671
모토닉,2025,Q1,71388021712.0,4571623876.0,0.0640390890007186
모토닉,2025,Q2,71195119021.0,3866649598.0,0.0543105995350534
모토닉,2025,Q3,67782436907.0,4447931322.0,0.0656207053768622
모토닉,2025,Q4,69331885914.0,5649176205.0,0.0814802039570551
모토닉,2026,Q1,68316190894.0,4347573636.0,0.063638993613472
코텍,2023,Q1,85620095480.0,3387079903.0,0.0395594034789553
코텍,2023,Q2,91087625614.0,4904939782.0,0.0538485853477568
코텍,2023,Q3,70880103058.0,-1544495273.0,-0.0217902515143941
코텍,2023,Q4,79519666608.0,-1951992711.0,-0.0245472949556307
코텍,2024,Q1,71872662180.0,3454121410.0,0.0480589045296443
코텍,2024,Q2,71805247120.0,5877428449.0,0.0818523532016778
코텍,2024,Q3,85302667966.0,7627885718.0,0.0894214202191229
코텍,2024,Q4,79008029404.0,6588932953.0,0.0833957384167642
코텍,2025,Q1,84333614689.0,10672862355.0,0.126555257880961
코텍,2025,Q2,94373881317.0,6685362901.0,0.0708391220929443
코텍,2025,Q3,105636707540.0,8238609386.0,0.0779900242809101
코텍,2025,Q4,112495538329.0,12189327397.0,0.1083538741007805
코텍,2026,Q1,116827112168.0,15425128724.0,0.1320338099414656
JTC,2023,Q1,2729178106.0,2969327.0,0.0010879931190536
JTC,2023,Q2,3035111670.0,1150596292.0,0.3790952087110521
JTC,2023,Q3,4553953023.0,415847955.0,0.0913158201017305
JTC,2023,Q4,-6630295841.0,-3113667624.0,0.4696121709601404
JTC,2024,Q1,9265479090.0,1253587493.0,0.1352965648967861
JTC,2024,Q2,8704347813.0,1029128725.0,0.1182315719809575
JTC,2024,Q3,8165058542.0,870675750.0,0.1066343548575135
JTC,2024,Q4,-9866677194.0,-774062709.0,0.0784522178825018
JTC,2025,Q1,10048464180.0,1168794326.0,0.1163157180105507
JTC,2025,Q2,7875850752.0,199881502.0,0.0253790362836982
JTC,2025,Q3,9157085989.0,767280831.0,0.083790938724579
JTC,2025,Q4,6945210763.0,3106833405.0,0.4473346469989625
JTC,2026,Q1,4902490901.0,227642463.0,0.0464340408981821
세보엠이씨,2023,Q1,220707761801.0,9524065245.0,0.0431523801758604
세보엠이씨,2023,Q2,201623124503.0,7216789245.0,0.0357934600150124
세보엠이씨,2023,Q3,197410680745.0,9018384708.0,0.0456833676575446
세보엠이씨,2023,Q4,251983428094.0,11801919156.0,0.0468360925369957
세보엠이씨,2024,Q1,252283997286.0,11919808282.0,0.0472475797523026
세보엠이씨,2024,Q2,202369849164.0,8348106149.0,0.0412517288691296
세보엠이씨,2024,Q3,159515985650.0,7048643569.0,0.0441876940438163
세보엠이씨,2024,Q4,174616885242.0,1297687880.0,0.0074316288381936
세보엠이씨,2025,Q1,174497570099.0,10142202067.0,0.0581223111659714
세보엠이씨,2025,Q2,178273947391.0,9762781239.0,0.0547628039984313
세보엠이씨,2025,Q3,163827337132.0,7645056849.0,0.0466653306025488
세보엠이씨,2025,Q4,199194215660.0,12817924514.0,0.0643488791656411
세보엠이씨,2026,Q1,245930756459.0,15797839289.0,0.0642369401715466
아이씨티케이,2025,Q1,414310476.0,-2608032145.0,-6.294873762738261
아이씨티케이,2025,Q2,829882242.0,-2604483494.0,-3.138377184362019
아이씨티케이,2025,Q3,398652988.0,-2886115448.0,-7.239668420596411
아이씨티케이,2025,Q4,2377290920.0,-765531048.0,-0.3220182441953718
아이씨티케이,2026,Q1,604800404.0,-3042245243.0,-5.0301640390438624
무학,2023,Q1,38768193531.0,5577180923.0,0.1438597059865672
무학,2023,Q2,37065964419.0,3870282482.0,0.1044160739553317
무학,2023,Q3,35759224400.0,2516322992.0,0.0703685002742956
무학,2023,Q4,34980318472.0,4199155577.0,0.1200433775456108
무학,2024,Q1,38330934046.0,5210205491.0,0.1359269117926362
무학,2024,Q2,40200300112.0,5156159055.0,0.1282617055254485
무학,2024,Q3,36400551075.0,2331235503.0,0.0640439618124655
무학,2024,Q4,37127466018.0,4178263135.0,0.1125383330220896
무학,2025,Q1,37390896260.0,3000906807.0,0.0802576858851684
무학,2025,Q2,38745908204.0,4157490938.0,0.1073014191875568
무학,2025,Q3,32827165034.0,915338101.0,0.0278835561965816
무학,2025,Q4,34866425571.0,2161404511.0,0.0619909978038511
무학,2026,Q1,35689393411.0,658837880.0,0.0184603272017768
KPX케미칼,2023,Q1,229754797379.0,13226458611.0,0.0575677146326648
KPX케미칼,2023,Q2,220970773943.0,10022500937.0,0.0453566811490886
KPX케미칼,2023,Q3,231324723316.0,18485987885.0,0.0799135847652017
KPX케미칼,2023,Q4,229069340429.0,16652064565.0,0.0726944275205668
KPX케미칼,2024,Q1,220999296838.0,14977505806.0,0.0677717351154244
KPX케미칼,2024,Q2,231897964164.0,11794801694.0,0.0508620320860541
KPX케미칼,2024,Q3,223423514876.0,11630484981.0,0.0520557784056656
KPX케미칼,2024,Q4,237045937139.0,7027399313.0,0.0296457277345329
KPX케미칼,2025,Q1,221261582769.0,10302169290.0,0.0465610394767699
KPX케미칼,2025,Q2,212643186409.0,9783413095.0,0.0460085896012792
KPX케미칼,2025,Q3,214226088608.0,11942338434.0,0.0557464243108718
KPX케미칼,2025,Q4,160219947251.0,-4632244664.0,-0.0289117849773295
KPX케미칼,2026,Q1,197686004210.0,5436945130.0,0.0275029340176474
에스엔시스,2025,Q2,41234708690.0,5006408277.0,0.121412480797133
에스엔시스,2025,Q3,33222170369.0,2967904536.0,0.0893350585779123
에스엔시스,2025,Q4,38167758888.0,6100065992.0,0.1598224828945319
에스엔시스,2026,Q1,34251652138.0,3799148360.0,0.1109186892560166
페니트리움바이오,2023,Q1,3607096264.0,-905707637.0,-0.2510905090167009
페니트리움바이오,2023,Q2,4181403858.0,-295550375.0,-0.0706820926743402
페니트리움바이오,2023,Q3,3255178888.0,-972272859.0,-0.2986849240710608
페니트리움바이오,2023,Q4,2746516689.0,-1291083014.0,-0.4700801634196805
페니트리움바이오,2024,Q1,2932546806.0,-1772388898.0,-0.6043855444604282
페니트리움바이오,2024,Q2,2626563311.0,-10566487230.0,-4.022932622925075
페니트리움바이오,2024,Q3,2044560410.0,-2578089165.0,-1.2609503502026629
페니트리움바이오,2024,Q4,2141316149.0,-1015480868.0,-0.4742321064893813
칩스앤미디어,2023,Q1,6486814773.0,1554070223.0,0.2395737010201817
칩스앤미디어,2023,Q2,6792366801.0,1878830458.0,0.2766090985727377
칩스앤미디어,2023,Q3,6953058606.0,2019173555.0,0.2904007674058141
칩스앤미디어,2023,Q4,7395160648.0,2317367011.0,0.3133626328491897
칩스앤미디어,2024,Q1,4908998591.0,9378251.0,0.0019104203894443
칩스앤미디어,2024,Q2,6049940785.0,628509336.0,0.1038868574645065
칩스앤미디어,2024,Q3,7029789735.0,1725242447.0,0.2454187837810201
칩스앤미디어,2024,Q4,9086695083.0,2918197193.0,0.3211505576388889
칩스앤미디어,2025,Q1,5369889309.0,203111488.0,0.0378241480061018
칩스앤미디어,2025,Q2,6613279142.0,1376378642.0,0.2081234758803411
칩스앤미디어,2025,Q3,6617338462.0,1525038294.0,0.2304609780438944
칩스앤미디어,2025,Q4,9866628926.0,3859947960.0,0.3912124383059017
칩스앤미디어,2026,Q1,5779897129.0,180528224.0,0.0312338126390207
노루홀딩스,2023,Q1,274756779509.0,8497098410.0,0.0309258917111512
노루홀딩스,2023,Q2,337873450966.0,23530974139.0,0.069644341902933
노루홀딩스,2023,Q3,305444155039.0,24702769240.0,0.0808749122629172
노루홀딩스,2023,Q4,296542144323.0,10705012775.0,0.0360994650505389
노루홀딩스,2024,Q1,280125648494.0,16598464664.0,0.059253641190073
노루홀딩스,2024,Q2,345837462686.0,28364406894.0,0.0820165828007858
노루홀딩스,2024,Q3,307215644878.0,23859964344.0,0.0776651994838191
노루홀딩스,2024,Q4,315015337184.0,3293833403.0,0.0104561048755415
노루홀딩스,2025,Q1,288913668228.0,12261791802.0,0.0424410235666782
노루홀딩스,2025,Q2,348834561219.0,23624948361.0,0.0677253660831162
노루홀딩스,2025,Q3,314718388905.0,19707616366.0,0.0626198438374342
노루홀딩스,2025,Q4,286801225755.0,8913636230.0,0.0310794914022246
노루홀딩스,2026,Q1,298793656571.0,16244021583.0,0.0543653495506523
솔트룩스,2023,Q2,3015905813.0,-5377240228.0,-1.782960265145389
솔트룩스,2023,Q3,7326817618.0,-2182686003.0,-0.2979036898144883
솔트룩스,2023,Q4,16995784947.0,2186540803.0,0.1286519457511702
솔트룩스,2024,Q2,12296891930.0,-3927911356.0,-0.3194231012486421
솔트룩스,2024,Q3,14190745851.0,1851668568.0,0.1304842315860033
솔트룩스,2024,Q4,12768504719.0,1118645136.0,0.0876097209985297
솔트룩스,2025,Q1,5764884223.0,-5925059222.0,-1.027784599447974
솔트룩스,2025,Q2,7013700095.0,-3280491447.0,-0.467726221903704
솔트룩스,2025,Q3,9113231912.0,-2654869917.0,-0.2913203507423262
솔트룩스,2025,Q4,19743806041.0,3817933137.0,0.1933737157400998
솔트룩스,2026,Q1,8942818264.0,-4863738482.0,-0.5438708848170773
덕양에너젠,2026,Q1,36980490344.0,1392363028.0,0.0376512862606189
아스트,2023,Q1,37385379336.0,-8966232044.0,-0.2398325817003554
아스트,2023,Q2,48239179953.0,-16562883794.0,-0.3433491989320177
아스트,2023,Q3,42240698224.0,-25730845797.0,-0.6091482120051804
아스트,2023,Q4,40618760289.0,14876812960.0,0.3662547269821231
아스트,2024,Q1,36621444754.0,-13586709745.0,-0.3710041981212656
아스트,2024,Q2,36825938068.0,-6096507188.0,-0.1655492706456696
아스트,2024,Q3,45727222215.0,4380495524.0,0.0957962305998779
아스트,2024,Q4,52205515825.0,8905980313.0,0.1705946234274182
아스트,2025,Q1,64311189146.0,5960717633.0,0.0926855452706357
아스트,2025,Q2,56577165795.0,-3408085403.0,-0.0602378248381821
아스트,2025,Q3,68469525270.0,5611789920.0,0.0819604035207005
아스트,2025,Q4,65028500341.0,-805852609.0,-0.0123922988347297
슈어소프트테크,2023,Q2,12009234502.0,-83572844.0,-0.006959048387812
슈어소프트테크,2023,Q3,12343385596.0,2224763535.0,0.180239328804648
슈어소프트테크,2023,Q4,28682364690.0,8623661972.0,0.3006607741448391
슈어소프트테크,2024,Q1,16411033185.0,-1859018127.0,-0.1132785551064011
슈어소프트테크,2024,Q2,21962288411.0,-234998313.0,-0.0107000831881571
슈어소프트테크,2024,Q3,21317311433.0,2436695109.0,0.1143059300258617
슈어소프트테크,2024,Q4,29112585119.0,7547870787.0,0.2592648765524422
슈어소프트테크,2025,Q1,16917005374.0,-2089189942.0,-0.1234964401684773
슈어소프트테크,2025,Q2,21499476239.0,188329762.0,0.0087597372097079
슈어소프트테크,2025,Q3,23573375233.0,3598866845.0,0.1526665914163196
슈어소프트테크,2025,Q4,31947834240.0,10902103144.0,0.3412470173126828
슈어소프트테크,2026,Q1,20223611494.0,-415328265.0,-0.0205368000232411
에코아이,2024,Q1,5142612981.0,303673968.0,0.0590505194775418
에코아이,2024,Q2,5745085743.0,2077475481.0,0.3616091341249804
에코아이,2024,Q3,2489247496.0,-1414558535.0,-0.5682675335711175
에코아이,2024,Q4,12392323113.0,-767740027.0,-0.0619528735652972
에코아이,2025,Q1,3549195158.0,-2267803528.0,-0.6389627583279825
에코아이,2025,Q2,5925367593.0,162976160.0,0.027504818467724
에코아이,2025,Q3,12697710520.0,2127960762.0,0.1675861769449127
에코아이,2025,Q4,8744031952.0,930087942.0,0.1063683146522884
에코아이,2026,Q1,5384899997.0,-3712904660.0,-0.6895029920831416
한국캐피탈,2023,Q3,,23973192882.0,
한국캐피탈,2023,Q4,,17577997988.0,
한국캐피탈,2024,Q1,,28329514381.0,
한국캐피탈,2024,Q2,,18831121611.0,
한국캐피탈,2024,Q3,,24706171273.0,
한국캐피탈,2024,Q4,,25000453233.0,
한국캐피탈,2025,Q1,,29027780608.0,
한국캐피탈,2025,Q2,,32149140424.0,
한국캐피탈,2025,Q3,,30182069023.0,
한국캐피탈,2025,Q4,,36562719074.0,
한국캐피탈,2026,Q1,,29086683512.0,
DSC인베스트먼트,2023,Q3,6350651813.0,2865276267.0,0.4511782965544862
DSC인베스트먼트,2023,Q4,11496731537.0,8055519784.0,0.7006791241558413
DSC인베스트먼트,2024,Q1,9310897307.0,3350794035.0,0.3598787447135572
DSC인베스트먼트,2024,Q2,10836436371.0,1935493341.0,0.1786097638315565
DSC인베스트먼트,2024,Q3,7861123769.0,3963056211.0,0.5041335472452603
DSC인베스트먼트,2024,Q4,10839873950.0,5705050512.0,0.5263022926571946
DSC인베스트먼트,2025,Q1,6530122701.0,-364155349.0,-0.0557654680737062
DSC인베스트먼트,2025,Q2,11473627048.0,5566498765.0,0.48515597916095
DSC인베스트먼트,2025,Q3,8165554738.0,927313275.0,0.1135640265424426
DSC인베스트먼트,2025,Q4,20502293493.0,16209490948.0,0.7906184229356744
DSC인베스트먼트,2026,Q1,12401037355.0,4586555198.0,0.3698525427109319
DS단석,2024,Q1,218539394720.0,7522381789.0,0.0344211706023892
DS단석,2024,Q2,266308181947.0,5226251933.0,0.0196248267506858
DS단석,2024,Q3,259114345614.0,2555244914.0,0.0098614567554917
DS단석,2024,Q4,217825138438.0,-3178413768.0,-0.0145915838309207
DS단석,2025,Q1,248115586701.0,8991400862.0,0.0362387586429037
DS단석,2025,Q2,221725308957.0,-1317288354.0,-0.0059410825051797
DS단석,2025,Q3,254833608005.0,1368155490.0,0.005368818896027
DS단석,2025,Q4,230199238293.0,-1060083276.0,-0.004605068565217
DS단석,2026,Q1,278139614522.0,4395804601.0,0.015804309675752
오리엔탈정공,2023,Q1,32778492557.0,2492504191.0,0.0760408425331235
오리엔탈정공,2023,Q2,43012296791.0,4854852814.0,0.1128712758025942
오리엔탈정공,2023,Q3,37846159168.0,3009686155.0,0.079524216490237
오리엔탈정공,2023,Q4,43895768963.0,2406358385.0,0.0548198252781112
오리엔탈정공,2024,Q1,43114865352.0,4197664973.0,0.0973600390197039
오리엔탈정공,2024,Q2,55166378054.0,6890852905.0,0.1249103738196268
오리엔탈정공,2024,Q3,52216498074.0,9698323235.0,0.1857329310222176
오리엔탈정공,2024,Q4,56807555226.0,4080737172.0,0.0718344092747069
오리엔탈정공,2025,Q1,51042979991.0,8196893371.0,0.1605880646554196
오리엔탈정공,2025,Q2,51535902036.0,6238725595.0,0.1210559114817081
오리엔탈정공,2025,Q3,52821770494.0,6407633608.0,0.1213066799555278
오리엔탈정공,2025,Q4,51855121692.0,3435176748.0,0.0662456597518691
오리엔탈정공,2026,Q1,56445903892.0,7980637802.0,0.1413855966815527
우리로,2023,Q1,20379032659.0,-593487882.0,-0.0291224756312413
우리로,2023,Q2,11443576190.0,-1299676821.0,-0.1135726104690705
우리로,2023,Q3,10181313114.0,-858734769.0,-0.0843442058391447
우리로,2023,Q4,12605897861.0,-698146441.0,-0.0553825240136141
우리로,2024,Q1,10097750432.0,-1239061221.0,-0.1227066592053401
우리로,2024,Q2,12649427582.0,-600004967.0,-0.0474333690683205
우리로,2024,Q3,12391670796.0,-650346532.0,-0.0524825540241054
우리로,2024,Q4,12232739164.0,-512765942.0,-0.0419175080188932
우리로,2025,Q1,8886178872.0,-1084991055.0,-0.1220987187663714
우리로,2025,Q2,10077603301.0,-209072001.0,-0.0207462027185822
우리로,2025,Q3,12061552981.0,563453719.0,0.0467148566927975
우리로,2025,Q4,11449502634.0,53915157.0,0.0047089518840666
우리로,2026,Q1,14525189915.0,1466237450.0,0.1009444598370333
이지바이오,2023,Q1,39587059487.0,4774944197.0,0.1206188148065921
이지바이오,2023,Q2,40551573916.0,5126426751.0,0.126417454514073
이지바이오,2023,Q3,42665276706.0,5807383405.0,0.1361149828001305
이지바이오,2023,Q4,42581180784.0,4922461952.0,0.115601818957769
이지바이오,2024,Q1,59402599093.0,6297191649.0,0.1060086889319639
이지바이오,2024,Q2,100882877503.0,8435867606.0,0.0836204102698115
이지바이오,2024,Q3,106421589437.0,8917074210.0,0.0837900867406117
이지바이오,2024,Q4,117623845301.0,8741100826.0,0.0743140202875656
이지바이오,2025,Q1,116930705012.0,9104976255.0,0.0778664274201169
이지바이오,2025,Q2,113792522665.0,11046791016.0,0.0970783559172974
이지바이오,2025,Q3,116896020104.0,11245019069.0,0.0961967658008847
이지바이오,2025,Q4,129319671448.0,13593011139.0,0.1051117048690137
이지바이오,2026,Q1,130691635182.0,13217330970.0,0.1011337179429552
KBI메탈,2023,Q1,184437338368.0,4986737803.0,0.0270375719316127
KBI메탈,2023,Q2,169918955366.0,165653077.0,0.0009748946292848
KBI메탈,2023,Q3,163831088120.0,717609099.0,0.0043801766028336
KBI메탈,2023,Q4,166847886812.0,1949137813.0,0.0116821246600278
KBI메탈,2024,Q1,183931787193.0,4267491546.0,0.0232014901346123
KBI메탈,2024,Q2,182049933764.0,13265666292.0,0.0728682840895559
KBI메탈,2024,Q3,165527447633.0,-3577823255.0,-0.021614682677477
KBI메탈,2024,Q4,171182758743.0,3539768451.0,0.0206783000635848
KBI메탈,2025,Q1,184381405938.0,5138023159.0,0.027866276064343
KBI메탈,2025,Q2,201243521765.0,-1993077528.0,-0.009903809625869
KBI메탈,2025,Q3,196631594434.0,3147297898.0,0.016006064066456
KBI메탈,2025,Q4,176310017323.0,18052611745.0,0.1023912992528814
KBI메탈,2026,Q1,210596940422.0,15533334373.0,0.0737585946969308
옵티코어,2023,Q1,5602359390.0,-610411203.0,-0.1089560951926006
옵티코어,2023,Q2,4650045732.0,-1690039829.0,-0.363445851160072
옵티코어,2023,Q3,7079200699.0,41623374.0,0.0058796714162772
옵티코어,2023,Q4,9000835269.0,-1798456543.0,-0.1998099608815316
옵티코어,2024,Q1,4373739609.0,-2234054103.0,-0.510788090448482
옵티코어,2024,Q2,5066072772.0,-2549443772.0,-0.5032386794936471
옵티코어,2024,Q3,5506860606.0,-1679564969.0,-0.3049950033545483
옵티코어,2024,Q4,8355268382.0,-59901180.0,-0.0071692706040474
옵티코어,2025,Q1,3126068929.0,-1103097815.0,-0.3528705988427679
옵티코어,2025,Q2,2063696250.0,-2574322860.0,-1.2474330270261431
옵티코어,2025,Q3,3129810611.0,-1421823600.0,-0.4542842288932351
옵티코어,2025,Q4,13192382278.0,-827936462.0,-0.062758677284594
옵티코어,2026,Q1,11901179284.0,-660781291.0,-0.0555223373441955
백산,2023,Q1,106506893750.0,11883979735.0,0.1115794416359081
백산,2023,Q2,95162296494.0,9086256595.0,0.0954816868629572
백산,2023,Q3,115951718674.0,20134974499.0,0.1736496425344913
백산,2023,Q4,100100901049.0,12040943085.0,0.1202880589367111
백산,2024,Q1,119027698104.0,20211488434.0,0.1698049173087451
백산,2024,Q2,115572331000.0,18071940657.0,0.156369093715
백산,2024,Q3,128838724452.0,18157417117.0,0.1409313635650336
백산,2024,Q4,133518843616.0,20090604710.0,0.1504701820799208
백산,2025,Q1,134179836854.0,19003831491.0,0.1416295617625315
백산,2025,Q2,122109962054.0,14279878052.0,0.1169427769184392
백산,2025,Q3,134395935740.0,12889792276.0,0.0959090928235833
백산,2025,Q4,114236256140.0,7427596967.0,0.0650196112685735
백산,2026,Q1,130076010759.0,12663365556.0,0.0973535818181125
더본코리아,2025,Q1,110715140122.0,6196323191.0,0.0559663582069453
더본코리아,2025,Q2,74188477012.0,-22475420292.0,-0.3029502855054511
더본코리아,2025,Q3,87379403645.0,-4364094104.0,-0.0499441964805595
더본코리아,2025,Q4,88955508443.0,-3035488864.0,-0.0341236750498149
더본코리아,2026,Q1,79605598593.0,-4194190471.0,-0.052687129361889
우주일렉트로,2023,Q1,40470984575.0,776523736.0,0.0191871718505133
우주일렉트로,2023,Q2,37178635123.0,938113596.0,0.0252325991230283
우주일렉트로,2023,Q3,40977599591.0,2045737321.0,0.049923307890619
우주일렉트로,2023,Q4,41270403736.0,4253813030.0,0.10307175711706
우주일렉트로,2024,Q1,45517624353.0,4038401046.0,0.0887217007346701
우주일렉트로,2024,Q2,43446608156.0,5831482263.0,0.1342218071905958
우주일렉트로,2024,Q3,43326040247.0,4900422064.0,0.1131056989298558
우주일렉트로,2024,Q4,43891562574.0,5354931067.0,0.1220036552121317
우주일렉트로,2025,Q1,49526297825.0,6713190327.0,0.1355479941327514
우주일렉트로,2025,Q2,43183701265.0,4957827092.0,0.1148078313522948
우주일렉트로,2025,Q3,48348997434.0,6381614676.0,0.1319906309269676
우주일렉트로,2025,Q4,45361210437.0,3756913727.0,0.0828221665781559
우주일렉트로,2026,Q1,49316131805.0,4627455004.0,0.0938324810692236
코오롱생명과학,2023,Q1,31372808577.0,,
코오롱생명과학,2023,Q2,31595862914.0,-4477982453.0,-0.1417268604180398
코오롱생명과학,2023,Q3,28213826479.0,-5708786755.0,-0.2023400391736704
코오롱생명과학,2023,Q4,33456536587.0,-8201359466.0,-0.2451347420457965
코오롱생명과학,2024,Q1,38557273027.0,,
코오롱생명과학,2024,Q2,40045494396.0,,
코오롱생명과학,2024,Q3,35917679767.0,,
코오롱생명과학,2024,Q4,46866296255.0,,
코오롱생명과학,2025,Q1,44830813095.0,74058589.0,0.0016519573009542
코오롱생명과학,2025,Q2,52958598860.0,1257628266.0,0.0237473855629117
코오롱생명과학,2025,Q3,66477039455.0,18905087430.0,0.2843852190920345
코오롱생명과학,2025,Q4,44715146393.0,-2664570982.0,-0.0595898973153564
코오롱생명과학,2026,Q1,49655576280.0,2917200051.0,0.0587486898661767
휴스틸,2023,Q1,247642930705.0,68383504809.0,0.2761375203173498
휴스틸,2023,Q2,198361461667.0,33577196615.0,0.1692727827916888
휴스틸,2023,Q3,171334345030.0,48979565383.0,0.285871261680919
휴스틸,2023,Q4,147502962631.0,-27725533798.0,-0.1879659452492451
휴스틸,2024,Q1,169972554454.0,18301322164.0,0.1076722193344039
휴스틸,2024,Q2,214759738604.0,-1800584656.0,-0.0083841816334119
휴스틸,2024,Q3,186670136300.0,-714160269.0,-0.003825787472787
휴스틸,2024,Q4,151665841765.0,1293644511.0,0.0085295706399365
휴스틸,2025,Q1,154009738256.0,-467312213.0,-0.0030343030141588
휴스틸,2025,Q2,155500460739.0,-2742360456.0,-0.0176357063057383
휴스틸,2025,Q3,162093348574.0,11480729420.0,0.0708278872699007
휴스틸,2025,Q4,140886735216.0,-4781243005.0,-0.0339367861542795
휴스틸,2026,Q1,147929009344.0,-5252404218.0,-0.0355062488506622
삼목에스폼,2023,Q1,88522963008.0,14433412054.0,0.1630470960703792
삼목에스폼,2023,Q2,104277482042.0,29682941292.0,0.2846534142437823
삼목에스폼,2023,Q3,115339186279.0,33188741966.0,0.2877490559515308
삼목에스폼,2023,Q4,131247353807.0,46826633771.0,0.3567815457815541
삼목에스폼,2024,Q1,111923543081.0,31758228605.0,0.283749314315544
삼목에스폼,2024,Q2,99387074005.0,20697813099.0,0.2082545774308511
삼목에스폼,2024,Q3,97860874993.0,10087297107.0,0.1030779369970025
삼목에스폼,2024,Q4,92729443484.0,12773730933.0,0.1377526970190869
삼목에스폼,2025,Q1,78306441447.0,6974005903.0,0.0890604370998036
삼목에스폼,2025,Q2,92018058297.0,9515046279.0,0.103404119311983
삼목에스폼,2025,Q3,74425906486.0,834135061.0,0.011207590211305
삼목에스폼,2025,Q4,72235341567.0,-10878500205.0,-0.1505980309501261
삼목에스폼,2026,Q1,73254474267.0,-6101222548.0,-0.0832880531742278
동원개발,2023,Q1,181067438574.0,19926219869.0,0.1100486096557686
동원개발,2023,Q2,213776236583.0,28085697212.0,0.1313789486657725
동원개발,2023,Q3,177108729806.0,-1976476926.0,-0.0111596809946352
동원개발,2023,Q4,164605023468.0,-16035305878.0,-0.0974168682106918
동원개발,2024,Q1,172733688409.0,24698181463.0,0.142984160707085
동원개발,2024,Q2,160624899965.0,9612425363.0,0.0598439305804675
동원개발,2024,Q3,98482873436.0,-6431493579.0,-0.0653057060035881
동원개발,2024,Q4,88532871393.0,-6868373416.0,-0.0775799237947574
동원개발,2025,Q1,90869022269.0,4509013797.0,0.0496210224827988
동원개발,2025,Q2,105424577608.0,4271112072.0,0.0405134378425614
동원개발,2025,Q3,97161748729.0,4542779440.0,0.046754813488079
동원개발,2025,Q4,93889222852.0,3773102643.0,0.040186749111212
동원개발,2026,Q1,74509298566.0,5438960614.0,0.0729970717571873
에치에프알,2023,Q1,36847002103.0,-948874382.0,-0.0257517390247263
에치에프알,2023,Q2,34512468684.0,216414866.0,0.006270628391771
에치에프알,2023,Q3,33632118239.0,-4691363919.0,-0.1394905871126448
에치에프알,2023,Q4,59192627737.0,-2994628708.0,-0.0505912445939297
에치에프알,2024,Q1,31315275244.0,-11720484708.0,-0.3742737247773558
에치에프알,2024,Q2,35285301276.0,-5205035627.0,-0.1475128577275407
에치에프알,2024,Q3,31882732763.0,-2826357420.0,-0.0886485308837765
에치에프알,2024,Q4,58610842168.0,-485445599.0,-0.0082825221587592
에치에프알,2025,Q1,26803892308.0,-3004352966.0,-0.1120864436954668
에치에프알,2025,Q2,41456867106.0,4036262620.0,0.0973605316021537
에치에프알,2025,Q3,25402587889.0,-3120614050.0,-0.1228463046220306
에치에프알,2025,Q4,48319380400.0,506509733.0,0.010482537830721
에치에프알,2026,Q1,16258451570.0,-5716339548.0,-0.3515918796687721
클리오,2023,Q1,75071060007.0,5235220623.0,0.0697368682753626
클리오,2023,Q2,81000377501.0,6512953644.0,0.0804064603763062
클리오,2023,Q3,84817705882.0,10473895631.0,0.1234871365840934
클리오,2023,Q4,89695353823.0,11587801392.0,0.1291906536749578
클리오,2024,Q1,92975940721.0,8509323508.0,0.0915217790969663
클리오,2024,Q2,92581105814.0,9576226939.0,0.1034360829329378
클리오,2024,Q3,87558600126.0,6407227824.0,0.0731764534241041
클리오,2024,Q4,78250174688.0,109911961.0,0.0014046225639526
클리오,2025,Q1,82335790614.0,1149424335.0,0.0139602028040106
클리오,2025,Q2,82129745417.0,3520752737.0,0.0428681803300858
클리오,2025,Q3,83815552800.0,4720043216.0,0.0563146463671596
클리오,2025,Q4,80622381967.0,7045696780.0,0.0873913249410556
클리오,2026,Q1,78347769781.0,5794939968.0,0.0739643257772134
티이엠씨,2023,Q1,84743779239.0,12594651488.0,0.1486203660150644
티이엠씨,2023,Q2,35778051668.0,6345926709.0,0.1773692644833373
티이엠씨,2023,Q3,24184802404.0,3685606274.0,0.15239348299949
티이엠씨,2023,Q4,56076339081.0,-1506542613.0,-0.0268659230914461
티이엠씨,2024,Q1,108629741339.0,8673302758.0,0.0798428004254681
티이엠씨,2024,Q2,65451369853.0,2931239791.0,0.0447850029355137
티이엠씨,2024,Q3,50387034577.0,5871169007.0,0.1165214237410191
티이엠씨,2024,Q4,85766544400.0,2225739813.0,0.0259511424713527
티이엠씨,2025,Q1,63026952306.0,6746407993.0,0.1070400478869063
티이엠씨,2025,Q2,76331747358.0,6898539786.0,0.0903757613938205
티이엠씨,2025,Q3,57961729711.0,4989508457.0,0.0860828081197357
티이엠씨,2025,Q4,82387980736.0,6203181051.0,0.0752923059357064
티이엠씨,2026,Q1,49514288942.0,141706345.0,0.0028619283044939
해성산업,2023,Q1,597615803928.0,22675386467.0,0.0379430836968493
해성산업,2023,Q2,584013829726.0,32461588856.0,0.0555835961474232
해성산업,2023,Q3,551182740282.0,21360710866.0,0.0387543174067302
해성산업,2023,Q4,575593337928.0,29788408711.0,0.0517525251738167
해성산업,2024,Q1,559201481352.0,35114292446.0,0.0627936327369931
해성산업,2024,Q2,567617201196.0,29333327202.0,0.0516780096519152
해성산업,2024,Q3,548737204258.0,9963189808.0,0.0181565779223447
해성산업,2024,Q4,544872055972.0,-2993173917.0,-0.0054933518505742
해성산업,2025,Q1,545503215173.0,6514116718.0,0.0119414818039782
해성산업,2025,Q2,568066451582.0,5282815944.0,0.0092996443097246
해성산업,2025,Q3,576694975961.0,20920083517.0,0.0362758206487561
해성산업,2025,Q4,569813989489.0,9124462406.0,0.0160130543902277
해성산업,2026,Q1,599357499055.0,18207175235.0,0.0303778216902383
AJ네트웍스,2023,Q1,254011929182.0,20598389675.0,0.0810922138237106
AJ네트웍스,2023,Q2,239768728104.0,15411688599.0,0.0642773088920718
AJ네트웍스,2023,Q3,260961198451.0,20975198834.0,0.0803766956869584
AJ네트웍스,2023,Q4,247234137817.0,21400579778.0,0.0865599709124331
AJ네트웍스,2024,Q1,244782826887.0,19471017345.0,0.0795440496893537
AJ네트웍스,2024,Q2,279408236963.0,21005089595.0,0.0751770592854123
AJ네트웍스,2024,Q3,249792843134.0,19596543446.0,0.0784511805868174
AJ네트웍스,2024,Q4,240172407442.0,12717557257.0,0.0529517832312656
AJ네트웍스,2025,Q1,261122037529.0,15948417838.0,0.061076491241107
AJ네트웍스,2025,Q2,262299625000.0,17275246000.0,0.0658607346464944
AJ네트웍스,2025,Q3,283521342000.0,13157652000.0,0.0464079772872971
AJ네트웍스,2025,Q4,272437913000.0,25237076000.0,0.0926342289224627
AJ네트웍스,2026,Q1,287155871000.0,21871050000.0,0.0761643839070244
갤럭시아머니트리,2023,Q1,31917252671.0,2912204382.0,0.0912423262747181
갤럭시아머니트리,2023,Q2,31313783516.0,1166703102.0,0.0372584520616572
갤럭시아머니트리,2023,Q3,33929362613.0,2880013151.0,0.0848826187467643
갤럭시아머니트리,2023,Q4,35229426002.0,2281719357.0,0.0647674292754717
갤럭시아머니트리,2024,Q1,34296174327.0,2809659277.0,0.0819234020159522
갤럭시아머니트리,2024,Q2,32633919880.0,3773334823.0,0.1156261594339613
갤럭시아머니트리,2024,Q3,31235844508.0,3172623409.0,0.1015699578152093
갤럭시아머니트리,2024,Q4,30606453336.0,3465181265.0,0.1132173410280169
갤럭시아머니트리,2025,Q1,31237201650.0,4570079301.0,0.1463024553929593
갤럭시아머니트리,2025,Q2,32348227805.0,4967237245.0,0.1535551584137238
갤럭시아머니트리,2025,Q3,32864341637.0,4805815642.0,0.1462319158887217
갤럭시아머니트리,2025,Q4,33250422095.0,4050791380.0,0.1218267656400408
갤럭시아머니트리,2026,Q1,35134031854.0,4629242765.0,0.1317595083945073
종근당홀딩스,2023,Q1,,9409402496.0,
종근당홀딩스,2023,Q2,,1647045877.0,
종근당홀딩스,2023,Q3,,3600605114.0,
종근당홀딩스,2023,Q4,,2348213217.0,
종근당홀딩스,2024,Q1,,12525090991.0,
종근당홀딩스,2024,Q2,248442461564.0,8569046196.0,0.0344910694494651
종근당홀딩스,2024,Q3,232243172643.0,7472450290.0,0.0321751128567577
종근당홀딩스,2024,Q4,227074830593.0,6919847571.0,0.0304738642892697
종근당홀딩스,2025,Q1,246620552040.0,11901742355.0,0.0482593289835375
종근당홀딩스,2025,Q2,242183624575.0,16513978202.0,0.0681878398301282
종근당홀딩스,2025,Q3,234218739836.0,18113519384.0,0.0773359099988459
종근당홀딩스,2025,Q4,235988857988.0,11752043892.0,0.0497991472656628
종근당홀딩스,2026,Q1,240266781416.0,19278283562.0,0.080236990933097
드림시큐리티,2023,Q1,58119294114.0,7828256327.0,0.1346929009778578
드림시큐리티,2023,Q2,59752774320.0,6515449259.0,0.1090401129177226
드림시큐리티,2023,Q3,53279740128.0,6468309603.0,0.1214027994029333
드림시큐리티,2023,Q4,61586870986.0,12466991186.0,0.2024293649994657
드림시큐리티,2024,Q1,65061435032.0,6482834448.0,0.099641737763876
드림시큐리티,2024,Q2,51039943402.0,1920903040.0,0.0376352893824864
드림시큐리티,2024,Q3,69540497211.0,6594427673.0,0.0948285953865294
드림시큐리티,2024,Q4,83197246433.0,10647398520.0,0.1279777754252301
드림시큐리티,2025,Q1,74176576537.0,5934440074.0,0.080004232482202
드림시큐리티,2025,Q2,74881773359.0,2472084272.0,0.0330131641000043
드림시큐리티,2025,Q3,75117316645.0,3997488742.0,0.053216607308963
드림시큐리티,2025,Q4,94675020615.0,10081329181.0,0.1064835171464726
드림시큐리티,2026,Q1,108396221463.0,3760781819.0,0.034694768583642
마이크로컨텍솔,2023,Q1,14299337464.0,2073314311.0,0.144993732487241
마이크로컨텍솔,2023,Q2,16111594124.0,1287493316.0,0.0799109824944098
마이크로컨텍솔,2023,Q3,19856660374.0,5327210497.0,0.2682833062892774
마이크로컨텍솔,2023,Q4,14549589303.0,-1259219100.0,-0.0865467109604502
마이크로컨텍솔,2024,Q1,14307719141.0,1993204426.0,0.1393097254955404
마이크로컨텍솔,2024,Q2,15147509224.0,1518017657.0,0.1002156615026069
마이크로컨텍솔,2024,Q3,18455903450.0,2632132438.0,0.1426173714622461
마이크로컨텍솔,2024,Q4,21752951107.0,4060652922.0,0.1866713579240887
마이크로컨텍솔,2025,Q1,25319907339.0,4982792319.0,0.1967934658009215
마이크로컨텍솔,2025,Q2,22367139280.0,3692919283.0,0.1651046759610467
마이크로컨텍솔,2025,Q3,25391969862.0,3901587384.0,0.1536543799163398
마이크로컨텍솔,2025,Q4,27235273392.0,5167220827.0,0.1897253151318761
마이크로컨텍솔,2026,Q1,27572871879.0,5381128604.0,0.1951602512648806
이랜시스,2023,Q1,17624024760.0,1519137332.0,0.0861969585657799
이랜시스,2023,Q2,17131400410.0,1461083330.0,0.0852868589276059
이랜시스,2023,Q3,16653885855.0,1042909400.0,0.062622586048702
이랜시스,2023,Q4,17040020307.0,1424482625.0,0.0835962985569228
이랜시스,2024,Q1,17776982780.0,1703965459.0,0.0958523434537522
이랜시스,2024,Q2,17825953383.0,1597426223.0,0.0896123864277245
이랜시스,2024,Q3,16713875953.0,1572497211.0,0.0940833362304421
이랜시스,2024,Q4,19240699883.0,980809422.0,0.0509757663683839
이랜시스,2025,Q1,18702065484.0,1391728421.0,0.0744157602373199
이랜시스,2025,Q2,16333347114.0,677967459.0,0.0415081767544685
이랜시스,2025,Q3,16947566986.0,1146091971.0,0.0676257525311309
이랜시스,2025,Q4,17591720604.0,670653759.0,0.0381232611690926
이랜시스,2026,Q1,19149996946.0,1177576711.0,0.0614922662557379
쿠콘,2023,Q1,16339011688.0,4367651457.0,0.2673142990776958
쿠콘,2023,Q2,17170342834.0,4782106469.0,0.278509667234522
쿠콘,2023,Q3,17325004036.0,4482998220.0,0.2587588557373309
쿠콘,2023,Q4,17531368172.0,2953407683.0,0.1684641868235359
쿠콘,2024,Q1,17010506313.0,3425260549.0,0.201361469551456
쿠콘,2024,Q2,21541626989.0,4439208332.0,0.2060758147129199
쿠콘,2024,Q3,16936987096.0,4508198665.0,0.266174771194382
퓨쳐켐,2023,Q1,3013808371.0,-1825370526.0,-0.6056690742398897
퓨쳐켐,2023,Q2,2905658649.0,-2624533273.0,-0.9032490013592096
퓨쳐켐,2023,Q3,3369546421.0,-1867118279.0,-0.5541156125238614
퓨쳐켐,2023,Q4,4679003034.0,-2094478990.0,-0.4476336037357654
퓨쳐켐,2024,Q1,3436846899.0,-2069113680.0,-0.6020383627219584
퓨쳐켐,2024,Q2,3432929031.0,-2692990141.0,-0.7844584367115628
퓨쳐켐,2024,Q3,4184725438.0,-2343058001.0,-0.5599072234760076
퓨쳐켐,2024,Q4,6238764858.0,-2362327761.0,-0.3786531172064892
퓨쳐켐,2025,Q1,5077767840.0,-1899735180.0,-0.3741280105472486
퓨쳐켐,2025,Q2,3639662927.0,,
퓨쳐켐,2025,Q3,3791505225.0,,
퓨쳐켐,2025,Q4,6161575686.0,,
퓨쳐켐,2026,Q1,6361787979.0,-2213558051.0,-0.3479459011062399
HDC랩스,2023,Q1,123328353262.0,919041703.0,0.0074519903873813
HDC랩스,2023,Q2,151583533435.0,2479226386.0,0.0163555125666938
HDC랩스,2023,Q3,154817360068.0,1878371113.0,0.0121328196797501
HDC랩스,2023,Q4,176552642532.0,5236575035.0,0.0296601339968665
HDC랩스,2024,Q1,133578005122.0,119707277.0,0.0008961600893101
HDC랩스,2024,Q2,154566518154.0,2026578168.0,0.0131113658520847
HDC랩스,2024,Q3,157172594165.0,328617250.0,0.0020908050270839
HDC랩스,2024,Q4,183490659540.0,3926817653.0,0.0214006405712655
HDC랩스,2025,Q1,162554681236.0,2968088898.0,0.0182590182911488
HDC랩스,2025,Q2,169401960299.0,3677548224.0,0.0217090063037582
HDC랩스,2025,Q3,155302312513.0,2194532000.0,0.0141307103834419
HDC랩스,2025,Q4,158469131828.0,1796949153.0,0.0113394270055721
HDC랩스,2026,Q1,148120845338.0,7189946103.0,0.0485410820238914
대한제분,2023,Q1,354546667772.0,3137953805.0,0.0088506086510956
대한제분,2023,Q2,367039052760.0,13875751402.0,0.0378045641128904
대한제분,2023,Q3,360460181514.0,14234654754.0,0.039490228003026
대한제분,2023,Q4,359412645466.0,23611122286.0,0.0656936326082427
대한제분,2024,Q1,339617665765.0,19461516736.0,0.0573041943862439
대한제분,2024,Q2,341660153167.0,18653839143.0,0.0545976432138464
대한제분,2024,Q3,329423630333.0,17225672878.0,0.0522903377046367
대한제분,2024,Q4,364033909886.0,16965677768.0,0.0466046632120423
대한제분,2025,Q1,340745755864.0,15661555618.0,0.0459625845618776
대한제분,2025,Q2,336317642034.0,14996756959.0,0.044591050497089
대한제분,2025,Q3,347684734048.0,16599341203.0,0.0477425080179343
대한제분,2025,Q4,350451517108.0,14999182911.0,0.0427995947478739
대한제분,2026,Q1,334341715452.0,7016350487.0,0.0209855670493121
이랜텍,2023,Q1,212053030754.0,10809288275.0,0.0509744578352181
이랜텍,2023,Q2,184294508155.0,5548445845.0,0.0301064090327287
이랜텍,2023,Q3,203226931952.0,9171763528.0,0.0451306499581771
이랜텍,2023,Q4,151590708158.0,4913866380.0,0.0324153534191447
이랜텍,2024,Q1,163418961944.0,-185276988.0,-0.0011337545276018
이랜텍,2024,Q2,133868080374.0,-2576433343.0,-0.0192460617632072
이랜텍,2024,Q3,143235974325.0,7036529182.0,0.0491254324561945
이랜텍,2024,Q4,115490928877.0,11826173255.0,0.1023991526433655
이랜텍,2025,Q1,121119257018.0,-594991927.0,-0.0049124469687885
이랜텍,2025,Q2,154557307704.0,7481148248.0,0.0484037174245264
이랜텍,2025,Q3,225550801374.0,15387729707.0,0.0682228997337262
이랜텍,2025,Q4,251932966983.0,20892548131.0,0.082928996475518
이랜텍,2026,Q1,235189040667.0,17532135517.0,0.0745448659821842
성신양회,2023,Q1,235684787574.0,-4931682831.0,-0.0209249094172085
성신양회,2023,Q2,306766632189.0,33588690627.0,0.1094926471869531
성신양회,2023,Q3,258771326612.0,10445732136.0,0.0403666521819175
성신양회,2023,Q4,312059438163.0,34229194322.0,0.1096880598244262
성신양회,2024,Q1,282740582136.0,16367144486.0,0.0578874965961812
성신양회,2024,Q2,320508715994.0,35301794608.0,0.1101430096792152
성신양회,2024,Q3,261823003942.0,6393278259.0,0.0244183213955343
성신양회,2024,Q4,297560429735.0,-4822854959.0,-0.0162079849235838
성신양회,2025,Q1,228602403782.0,-6261200297.0,-0.027389039631319
성신양회,2025,Q2,335361302021.0,22445902846.0,0.0669305096048155
성신양회,2025,Q3,318146327265.0,12586227972.0,0.0395611292457772
성신양회,2025,Q4,334155927396.0,14885116327.0,0.044545420585522
성신양회,2026,Q1,285024563919.0,792490194.0,0.0027804277045581
진양홀딩스,2023,Q1,62052060666.0,747772965.0,0.0120507354143312
진양홀딩스,2023,Q2,69230739795.0,3210897640.0,0.0463796522976329
진양홀딩스,2023,Q3,65867499920.0,1270372737.0,0.0192867914911442
진양홀딩스,2023,Q4,73953955736.0,-1713776100.0,-0.0231735555311986
진양홀딩스,2024,Q1,65973920186.0,2105132862.0,0.0319085610808787
진양홀딩스,2024,Q2,71135839381.0,3339369757.0,0.0469435629924109
진양홀딩스,2024,Q3,64267156624.0,8315498.0,0.0001293895426033
진양홀딩스,2024,Q4,85469250501.0,-538470851.0,-0.0063001705039369
진양홀딩스,2025,Q1,70621324100.0,2221045886.0,0.031450074241811
진양홀딩스,2025,Q2,76410782606.0,3085409367.0,0.0403792404916125
진양홀딩스,2025,Q3,67727097740.0,1201537652.0,0.017740870229116
진양홀딩스,2025,Q4,65056703364.0,-723877506.0,-0.0111268703848982
진양홀딩스,2026,Q1,73744224563.0,2268974810.0,0.0307681696220373
한미글로벌,2023,Q1,100474614190.0,6762888722.0,0.0673094271276444
한미글로벌,2023,Q2,105167348968.0,6969820276.0,0.0662736138582399
한미글로벌,2023,Q3,102929627144.0,8306811802.0,0.0807037976575845
한미글로벌,2023,Q4,104343384862.0,7591438231.0,0.0727543796000111
한미글로벌,2024,Q1,101849092360.0,8386206190.0,0.0823395279788824
한미글로벌,2024,Q2,102595928491.0,8129495450.0,0.0792379928674571
한미글로벌,2024,Q3,102261626930.0,7924598269.0,0.077493371726078
한미글로벌,2024,Q4,118065201705.0,9476375107.0,0.0802639132458169
한미글로벌,2025,Q1,122521708331.0,9771612349.0,0.079754130774943
한미글로벌,2025,Q2,108454587904.0,7393074035.0,0.0681674623257439
한미글로벌,2025,Q3,105265106831.0,6830050689.0,0.064884280219897
한미글로벌,2025,Q4,112592258082.0,6618838065.0,0.0587859074660315
한미글로벌,2026,Q1,112028403481.0,2974161304.0,0.026548278932712
대동,2023,Q1,400851987137.0,33712335832.0,0.0841017056514629
대동,2023,Q2,434803733469.0,29535052110.0,0.0679273194697757
대동,2023,Q3,341182963728.0,19415303449.0,0.0569058408920979
대동,2023,Q4,256449723855.0,-17361615376.0,-0.0676998793955281
대동,2024,Q1,362441829023.0,11570006492.0,0.0319223819259166
대동,2024,Q2,412438021959.0,36044999380.0,0.0873949477518908
대동,2024,Q3,328394525250.0,-9521743776.0,-0.0289948310458321
대동,2024,Q4,312308045984.0,-19636687218.0,-0.0628760208726931
대동,2025,Q1,386794678493.0,21716047770.0,0.0561436053221011
대동,2025,Q2,414557236419.0,25099712218.0,0.0605458306187454
대동,2025,Q3,354097448870.0,449895686.0,0.0012705420144531
대동,2025,Q4,329272734354.0,-16041049245.0,-0.0487166035064243
대동,2026,Q1,377731586057.0,6022323821.0,0.0159433948425251
네오위즈홀딩스,2023,Q1,69125574814.0,,
네오위즈홀딩스,2023,Q2,70618160562.0,,
네오위즈홀딩스,2023,Q3,117818001086.0,18296372539.0,0.1552935236581102
네오위즈홀딩스,2023,Q4,109022903605.0,7519581552.0,0.0689724938829746
네오위즈홀딩스,2024,Q1,97464676860.0,12612519651.0,0.1294060582493578
네오위즈홀딩스,2024,Q2,87274679224.0,-308598992.0,-0.0035359510312028
네오위즈홀딩스,2024,Q3,93434539048.0,4226388535.0,0.0452336852952074
네오위즈홀딩스,2024,Q4,89884445020.0,3881816326.0,0.043186741878823
네오위즈홀딩스,2025,Q1,89303912108.0,8470781997.0,0.0948534257576065
네오위즈홀딩스,2025,Q2,110435696998.0,17193732713.0,0.1556899913739973
네오위즈홀딩스,2025,Q3,129187606422.0,26911147685.0,0.208310599060818
네오위즈홀딩스,2025,Q4,107873763224.0,2668338964.0,0.0247357548698768
네오위즈홀딩스,2026,Q1,101585075744.0,5596284515.0,0.0550896327439174
쓰리빌리언,2026,Q1,3362891050.0,-1661283043.0,-0.4940044200956198
환인제약,2023,Q1,55540276182.0,7389929741.0,0.1330553293754595
환인제약,2023,Q2,57626095421.0,8544528790.0,0.1482753382400123
환인제약,2023,Q3,58841217058.0,7784878159.0,0.1323031464717396
환인제약,2023,Q4,58385990325.0,6450951175.0,0.110487997875713
환인제약,2024,Q1,61610032578.0,8318469412.0,0.1350180979285896
환인제약,2024,Q2,63619256086.0,6975095537.0,0.1096381184899603
환인제약,2024,Q3,68113498715.0,5288652240.0,0.0776447009737194
환인제약,2024,Q4,66253244370.0,913068917.0,0.0137814974297839
환인제약,2025,Q1,60199180965.0,5279354137.0,0.0876981057278741
환인제약,2025,Q2,64135226819.0,2700979141.0,0.0421138159941743
환인제약,2025,Q3,65735523789.0,3555334995.0,0.054085444065404
환인제약,2025,Q4,65144450783.0,1482863526.0,0.0227626990200516
환인제약,2026,Q1,71175925746.0,9381046639.0,0.1318008377225385
심텍홀딩스,2023,Q1,217635798321.0,-48930226274.0,-0.2248261850829834
심텍홀딩스,2023,Q2,269610249504.0,-41506296173.0,-0.1539492517415744
심텍홀딩스,2023,Q3,308786672208.0,-19418664712.0,-0.0628869911163766
심텍홀딩스,2023,Q4,296925561209.0,-96455406618.0,-0.3248470971150475
심텍홀딩스,2024,Q1,301301751942.0,-46392705008.0,-0.1539742291871257
심텍홀딩스,2024,Q2,317862844748.0,-16224979897.0,-0.0510439649209805
심텍홀딩스,2024,Q3,342044840027.0,-16178944791.0,-0.0473006544689371
심텍홀딩스,2024,Q4,340902177282.0,-52715943462.0,-0.1546365701806371
심텍홀딩스,2025,Q1,324355123000.0,-36836188891.0,-0.1135674644207793
심텍홀딩스,2025,Q2,368115385559.0,-3708925269.0,-0.0100754421425983
심텍홀딩스,2025,Q3,398052866260.0,2533370326.0,0.0063644066925151
심텍홀딩스,2025,Q4,437560637896.0,3747330251.0,0.0085641392905425
심텍홀딩스,2026,Q1,443177688304.0,964665052.0,0.0021767004013484
대성산업,2023,Q1,498194404120.0,10809341106.0,0.0216970343637106
대성산업,2023,Q2,333175360322.0,-3752397430.0,-0.0112625298172513
대성산업,2023,Q3,365181223879.0,10181327239.0,0.0278802046032177
대성산업,2023,Q4,411537532332.0,12211627951.0,0.0296731816459173
대성산업,2024,Q1,396226088022.0,13255519497.0,0.0334544339651456
대성산업,2024,Q2,345258970062.0,704477505.0,0.0020404321569791
대성산업,2024,Q3,358334227094.0,6428896529.0,0.0179410618436779
대성산업,2024,Q4,376952748761.0,1392233630.0,0.0036933903110565
대성산업,2025,Q1,416471808948.0,14220195086.0,0.0341444361430367
대성산업,2025,Q2,372310167423.0,-510170518.0,-0.0013702836039402
대성산업,2025,Q3,350299712893.0,3606634584.0,0.0102958536683176
대성산업,2025,Q4,426841752189.0,-6483928027.0,-0.0151904728010979
대성산업,2026,Q1,412554373222.0,21827814515.0,0.052908939843559
금화피에스시,2023,Q1,83171597501.0,8107932391.0,0.0974843893181505
금화피에스시,2023,Q2,94742935333.0,11690170809.0,0.123388311412473
금화피에스시,2023,Q3,67763343172.0,7709502041.0,0.1137709811841985
금화피에스시,2023,Q4,91932418215.0,15950655997.0,0.173504149098924
금화피에스시,2024,Q1,66821053249.0,5405904700.0,0.0809012195580874
금화피에스시,2024,Q2,109359527373.0,25441819816.0,0.232643834763695
금화피에스시,2024,Q3,65636783483.0,2874647000.0,0.0437962807964917
금화피에스시,2024,Q4,98409490659.0,2475917675.0,0.0251593383770203
금화피에스시,2025,Q1,86966867486.0,6246185899.0,0.0718225926673226
금화피에스시,2025,Q2,110574314904.0,18278114711.0,0.1653016320007856
금화피에스시,2025,Q3,93792369435.0,3762465245.0,0.0401148330899931
금화피에스시,2025,Q4,132099948972.0,15514715309.0,0.117446792597085
금화피에스시,2026,Q1,84918508469.0,1284491167.0,0.0151261626017478
코메론,2023,Q1,16828366025.0,2964306404.0,0.1761493896434309
코메론,2023,Q2,18158832094.0,2375261971.0,0.1308047763592036
코메론,2023,Q3,19335392669.0,3525500338.0,0.1823340440172366
코메론,2023,Q4,16257959410.0,109456603.0,0.0067324933123326
코메론,2024,Q1,18631356287.0,3841959790.0,0.2062093457297427
코메론,2024,Q2,19615935917.0,7614305602.0,0.388169375869602
코메론,2024,Q3,18866295380.0,4168645246.0,0.2209572765631108
코메론,2024,Q4,16835585476.0,4307479142.0,0.2558556189293526
코메론,2025,Q1,17844175201.0,3888756325.0,0.2179286115046702
코메론,2025,Q2,18255669146.0,4308057415.0,0.2359846347206582
코메론,2025,Q3,20678073900.0,5426703528.0,0.2624375729695017
코메론,2025,Q4,15496423425.0,4363747698.0,0.2815970871678734
코메론,2026,Q1,17762461122.0,3900563787.0,0.2195959084841509
하이트진로홀딩스,2023,Q1,600749724375.0,45399824641.0,0.0755719441872944
하이트진로홀딩스,2023,Q2,638487983854.0,11586330004.0,0.0181465122241821
하이트진로홀딩스,2023,Q3,651002459621.0,47266275110.0,0.0726053710112208
하이트진로홀딩스,2023,Q4,616629114145.0,33820860895.0,0.0548479793106996
하이트진로홀딩스,2024,Q1,618367755264.0,51393785645.0,0.0831120077130451
하이트진로홀딩스,2024,Q2,661623893726.0,72913637437.0,0.1102040572119904
하이트진로홀딩스,2024,Q3,682044203809.0,73789155584.0,0.1081882305749554
하이트진로홀딩스,2024,Q4,623032857660.0,,
하이트진로홀딩스,2025,Q1,609642955128.0,64607746227.0,0.105976368107846
하이트진로홀딩스,2025,Q2,642895817131.0,,
하이트진로홀딩스,2025,Q3,,58045350352.0,
하이트진로홀딩스,2026,Q1,588294108035.0,55686535848.0,0.0946576467236809
티쓰리,2023,Q1,14332186798.0,2125697140.0,0.1483163155741615
티쓰리,2023,Q2,13999728927.0,3012597315.0,0.2151896890796134
티쓰리,2023,Q3,14195547553.0,4195308762.0,0.2955369453933736
티쓰리,2023,Q4,8436601327.0,-1773726926.0,-0.21024188026089
티쓰리,2024,Q1,12591264174.0,2543304943.0,0.2019896420132087
티쓰리,2024,Q2,17830455523.0,2907574416.0,0.163067870714208
티쓰리,2024,Q3,14958975503.0,3660206297.0,0.2446829528042178
티쓰리,2024,Q4,13937467923.0,1412221641.0,0.1013255527332559
티쓰리,2025,Q1,16029915389.0,3439440466.0,0.2145638565478768
티쓰리,2025,Q2,19688858726.0,5945939071.0,0.3019951107246316
티쓰리,2025,Q3,16679004526.0,2973433259.0,0.178274024349887
티쓰리,2025,Q4,17114222975.0,4654713540.0,0.271979250638459
티쓰리,2026,Q1,22088800162.0,5841747054.0,0.264466472201135
에프앤가이드,2023,Q1,6765980124.0,1101602114.0,0.1628148610860448
에프앤가이드,2023,Q2,7172464324.0,1387213463.0,0.1934082067662857
에프앤가이드,2023,Q3,7867132634.0,1926568055.0,0.2448882133591851
에프앤가이드,2023,Q4,7777304094.0,1653776238.0,0.212641323781572
에프앤가이드,2024,Q1,7633677701.0,1437991027.0,0.1883746057043547
에프앤가이드,2024,Q2,8048851414.0,1842614293.0,0.2289288493753278
에프앤가이드,2024,Q3,7993801067.0,1988591584.0,0.2487667090202308
에프앤가이드,2024,Q4,7931330425.0,2379042211.0,0.2999549991639643
에프앤가이드,2025,Q1,9886636958.0,2090251181.0,0.211421860626593
에프앤가이드,2025,Q2,7600081200.0,2062954881.0,0.2714385316041097
에프앤가이드,2025,Q3,8408192575.0,2685239545.0,0.3193599006026572
에프앤가이드,2025,Q4,9506634805.0,3824677580.0,0.4023166618316312
에프앤가이드,2026,Q1,11513538053.0,4681211763.0,0.4065832536837145
에프앤가이드,2026,Q2,14920954801.0,7862713713.0,0.526957813214007
교촌에프앤비,2023,Q1,120360854414.0,5861579109.0,0.0487000456879292
교촌에프앤비,2023,Q2,101971439500.0,3275112840.0,0.0321179425931316
교촌에프앤비,2023,Q3,111423298167.0,8557723174.0,0.0768037144365784
교촌에프앤비,2023,Q4,111195348436.0,7143710927.0,0.0642446921339669
교촌에프앤비,2024,Q1,113260903201.0,11948259975.0,0.1054932429224571
교촌에프앤비,2024,Q2,113883765499.0,-9877735554.0,-0.086735238431212
교촌에프앤비,2024,Q3,127570783507.0,7642269149.0,0.0599061081143289
교촌에프앤비,2024,Q4,126094926605.0,5724660769.0,0.0453996122059125
교촌에프앤비,2025,Q1,124588080709.0,10710703713.0,0.0859689277822407
교촌에프앤비,2025,Q2,126104497331.0,9305824409.0,0.0737945482195928
교촌에프앤비,2025,Q3,135193708222.0,11250990024.0,0.0832212546868296
교촌에프앤비,2025,Q4,131467205744.0,3770484764.0,0.0286800403390491
교촌에프앤비,2026,Q1,123355716532.0,5290695728.0,0.0428897490666963
듀켐바이오,2025,Q1,8459403366.0,669780397.0,0.0791758434988428
듀켐바이오,2025,Q2,9504526393.0,1887314772.0,0.198570101650724
듀켐바이오,2025,Q3,9925071939.0,1900718523.0,0.191506775435172
듀켐바이오,2025,Q4,10683362393.0,2985474054.0,0.2794507893840759
듀켐바이오,2026,Q1,9704628588.0,1256035567.0,0.1294264438469203
사조씨푸드,2024,Q1,42312744909.0,3027795284.0,0.0715575245830005
사조씨푸드,2024,Q2,49898427383.0,1991473560.0,0.0399105475752624
사조씨푸드,2024,Q3,52459885010.0,2214163403.0,0.04220679100951
사조씨푸드,2024,Q4,43610751276.0,2287451187.0,0.0524515427978613
사조씨푸드,2025,Q1,47395258910.0,4066738341.0,0.0858047499797907
사조씨푸드,2025,Q2,57087582350.0,3600639105.0,0.0630721946311324
사조씨푸드,2025,Q3,69028204013.0,3155286002.0,0.045710098460707
사조씨푸드,2025,Q4,64508734491.0,1352432315.0,0.0209651038060386
사조씨푸드,2026,Q1,67662833927.0,2589603214.0,0.0382721660283083
동성케미컬,2023,Q1,281433135247.0,16171153478.0,0.057460019637728
동성케미컬,2023,Q2,295742527217.0,21156270372.0,0.0715361113975896
동성케미컬,2023,Q3,265176523111.0,26890737158.0,0.1014069301555169
동성케미컬,2023,Q4,275646667939.0,17381704956.0,0.0630579178988898
동성케미컬,2024,Q1,253290619919.0,20060510514.0,0.0791995792043746
동성케미컬,2024,Q2,252361824376.0,22607040429.0,0.0895818552782263
동성케미컬,2024,Q3,254518259513.0,20721700037.0,0.0814153769425002
동성케미컬,2024,Q4,306147409336.0,27640664835.0,0.090285476839244
동성케미컬,2025,Q1,285417492150.0,21153893455.0,0.0741156167257003
동성케미컬,2025,Q2,312988312689.0,26578498702.0,0.0849185021435917
동성케미컬,2025,Q3,315316837378.0,34258523757.0,0.1086479366020377
동성케미컬,2025,Q4,297877153172.0,30051616546.0,0.100885939811059
동성케미컬,2026,Q1,287047468841.0,25361903639.0,0.0883543887058218
헥토이노베이션,2023,Q1,69621603906.0,10164844779.0,0.1460013014455128
헥토이노베이션,2023,Q2,71794207481.0,9515692625.0,0.1325412308161251
헥토이노베이션,2023,Q3,73829978471.0,10326105381.0,0.1398633129096202
헥토이노베이션,2023,Q4,73243559795.0,7257025029.0,0.0990807253130725
헥토이노베이션,2024,Q1,73823440960.0,9841117052.0,0.1333061277559826
헥토이노베이션,2024,Q2,77824679635.0,11227451064.0,0.14426594644086
헥토이노베이션,2024,Q3,80219275378.0,13919032249.0,0.1735123158793487
헥토이노베이션,2024,Q4,87604503612.0,13868435887.0,0.1583073394082939
헥토이노베이션,2025,Q1,89560243663.0,11729139936.0,0.1309636894260221
헥토이노베이션,2025,Q2,91790640659.0,13421792659.0,0.1462217995499305
헥토이노베이션,2025,Q3,95626133165.0,14677182941.0,0.1534850616167336
헥토이노베이션,2025,Q4,98845684859.0,10352445402.0,0.1047334076016308
헥토이노베이션,2026,Q1,112315393910.0,14560614637.0,0.1296404182018685
서연,2023,Q1,896721712217.0,69690538165.0,0.0777170187980632
서연,2023,Q2,1021513393203.0,56664612586.0,0.0554712380307864
서연,2023,Q3,1029632422830.0,76499013396.0,0.0742974013830473
서연,2023,Q4,1072857233714.0,54005378616.0,0.0503378985748598
서연,2024,Q1,1046721348230.0,61094251554.0,0.0583672547209532
서연,2024,Q2,1147917560289.0,70111884455.0,0.0610774561522942
서연,2024,Q3,1117781332029.0,80554673429.0,0.0720665761010491
서연,2024,Q4,1186359771106.0,30177389569.0,0.025436962971921
서연,2025,Q1,1166473876699.0,53623426434.0,0.0459705335071444
서연,2025,Q2,1336692170137.0,62618343193.0,0.04684574698046
서연,2025,Q3,1180576283547.0,68149449883.0,0.0577255793062752
서연,2025,Q4,1232330637145.0,15198735708.0,0.0123333261787693
서연,2026,Q1,1283882491880.0,52473761602.0,0.0408711559927593
현대사료,2023,Q1,43604749880.0,-1285211687.0,-0.0294741212949711
현대사료,2023,Q2,41384279304.0,-4125948938.0,-0.0996984605601481
현대사료,2023,Q3,36640604239.0,-3110537458.0,-0.0848931812835435
현대사료,2023,Q4,38971163321.0,-1090324222.0,-0.0279777181147802
현대사료,2024,Q1,35213625054.0,-9944594578.0,-0.2824075783947262
현대사료,2025,Q2,27057586750.0,-253832229.0,-0.0093811850755685
현대사료,2025,Q3,27017793807.0,460985704.0,0.0170623000269016
현대사료,2025,Q4,31122505825.0,1704797788.0,0.0547770092031141
현대사료,2026,Q1,30068622485.0,369786982.0,0.0122981018563278
대성에너지,2023,Q1,403172227810.0,18594227821.0,0.0461198131676936
대성에너지,2023,Q2,155777886172.0,-3953184231.0,-0.0253770565780764
대성에너지,2023,Q3,131064100764.0,-7920269159.0,-0.0604305001356671
대성에너지,2023,Q4,309519534503.0,13671179806.0,0.0441690371108628
대성에너지,2024,Q1,393582560298.0,23185042346.0,0.0589076973543886
대성에너지,2024,Q2,156640138296.0,-6675938909.0,-0.0426195927916291
대성에너지,2024,Q3,137275684613.0,-6628398177.0,-0.048285304099458
대성에너지,2024,Q4,307631515932.0,10595566682.0,0.0344423966117375
대성에너지,2025,Q1,424171794994.0,26528932680.0,0.0625428965176132
대성에너지,2025,Q2,170994576420.0,1251784298.0,0.0073206081982702
대성에너지,2025,Q3,128331760537.0,-4658116735.0,-0.0362974583650085
이연제약,2025,Q1,36757775406.0,,
이연제약,2025,Q3,37582351571.0,-7202805175.0,-0.1916539246191812
이연제약,2025,Q4,33896453062.0,-8169124660.0,-0.2410023445538049
이연제약,2026,Q1,36050817813.0,-6657836460.0,-0.1846792074048087
한솔제지,2023,Q1,560999125773.0,7782366844.0,0.0138723332826529
한솔제지,2023,Q2,528072518649.0,15195663496.0,0.0287757134851023
한솔제지,2023,Q3,523536377720.0,14403847379.0,0.0275126008277184
한솔제지,2023,Q4,581494529416.0,9861639046.0,0.0169591260917005
한솔제지,2024,Q1,534109495744.0,33970273228.0,0.063601702457434
한솔제지,2024,Q2,562969999425.0,5072197973.0,0.0090097127345694
한솔제지,2024,Q3,556191748356.0,-4338998501.0,-0.0078012637077505
한솔제지,2024,Q4,562521181267.0,-12712177780.0,-0.0225985762018198
한솔제지,2025,Q1,575596236435.0,20338100882.0,0.035333971271191
한솔제지,2025,Q2,565039432595.0,19334988586.0,0.034218830528698
한솔제지,2025,Q3,554829844890.0,2550335223.0,0.0045966078546218
한솔제지,2025,Q4,594574928485.0,7708680566.0,0.0129650279497018
한솔제지,2026,Q1,559803557933.0,11240807114.0,0.0200799136674035
SJG세종,2023,Q1,481456604508.0,17427201853.0,0.0361968278964806
SJG세종,2023,Q2,464823581894.0,13787198324.0,0.0296611421215373
SJG세종,2023,Q3,430356269226.0,9638245582.0,0.0223959688082027
SJG세종,2023,Q4,415687619655.0,11011356688.0,0.0264894987662583
SJG세종,2024,Q1,464829504051.0,15693357996.0,0.0337615359163564
SJG세종,2024,Q2,460942237359.0,24014336593.0,0.0520983642779012
SJG세종,2024,Q3,439865954804.0,13783943397.0,0.0313366907496671
SJG세종,2024,Q4,450957456050.0,7120196900.0,0.0157890656967218
SJG세종,2025,Q1,453586623251.0,22193943283.0,0.0489298893426991
SJG세종,2025,Q2,481456623408.0,37208317458.0,0.0772828031622458
SJG세종,2025,Q3,468771070190.0,24708495286.0,0.0527090873504315
SJG세종,2025,Q4,493068266157.0,1284564736.0,0.0026052472328263
SJG세종,2026,Q1,484788472240.0,36249408756.0,0.0747736607442561
사람인,2023,Q1,31027819233.0,5564283001.0,0.1793320684001549
사람인,2023,Q2,35839242269.0,9552725378.0,0.2665437317647436
사람인,2023,Q3,32789490595.0,7222616218.0,0.2202722911194406
사람인,2023,Q4,31887291391.0,2924868364.0,0.0917252057609862
사람인,2024,Q1,30782326725.0,5277452271.0,0.1714442289612206
사람인,2024,Q2,33298430748.0,6576897499.0,0.1975137371719845
사람인,2024,Q3,32833775523.0,6470310448.0,0.1970626388508857
사람인,2024,Q4,31466333166.0,2939229355.0,0.0934087025486622
사람인,2025,Q1,28052717143.0,1964018152.0,0.0700116905606087
사람인,2025,Q2,31515378011.0,4986685563.0,0.1582302316430876
사람인,2025,Q3,30799376368.0,5767798205.0,0.1872699672903974
사람인,2025,Q4,30868643080.0,4056915250.0,0.1314251241781503
사람인,2026,Q1,28292527271.0,4269308806.0,0.1508988138495519
한국정보인증,2023,Q1,20062526007.0,1276020352.0,0.0636021780883815
한국정보인증,2023,Q2,21323003069.0,3196238933.0,0.1498962844331615
한국정보인증,2023,Q3,20899372692.0,2912161470.0,0.139342051693003
한국정보인증,2023,Q4,29933867446.0,6582983336.0,0.2199175682151846
한국정보인증,2024,Q1,27192763402.0,4136185006.0,0.152106093259201
한국정보인증,2024,Q2,30278989173.0,3743012375.0,0.123617481205009
한국정보인증,2024,Q3,30291427933.0,5834350301.0,0.192607305073392
한국정보인증,2026,Q1,35557294212.0,9124510387.0,0.256614306268575
DMS,2023,Q1,40588262874.0,6815126892.0,0.167908809331321
DMS,2023,Q2,42101496110.0,8239931607.0,0.1957158858552497
DMS,2023,Q3,45699824719.0,10850497702.0,0.2374297443965651
DMS,2023,Q4,36135768141.0,3015906898.0,0.0834604341668365
DMS,2024,Q1,37214261999.0,5366427006.0,0.1442035047247263
DMS,2024,Q2,47680466332.0,10516573830.0,0.2205635690887101
DMS,2024,Q3,43746171426.0,7319707707.0,0.1673222471452581
DMS,2024,Q4,39146647805.0,7442622443.0,0.1901215777165316
DMS,2025,Q1,45721637174.0,12434616759.0,0.2719635062864952
DMS,2025,Q2,23678418842.0,-7077789594.0,-0.2989131006267044
DMS,2025,Q3,56885417106.0,6353508404.0,0.1116895810425527
DMS,2025,Q4,41104812632.0,-1502869070.0,-0.0365618761835693
DMS,2026,Q1,13751662992.0,-8566119232.0,-0.6229151512063175
BGF에코머티리얼즈,2023,Q1,66386811844.0,4626712895.0,0.069693253320737
BGF에코머티리얼즈,2023,Q2,68091365522.0,3430415011.0,0.0503795890228056
BGF에코머티리얼즈,2023,Q3,65005418174.0,4031083964.0,0.062011507305591
BGF에코머티리얼즈,2023,Q4,86175323906.0,5104896788.0,0.0592384984078321
BGF에코머티리얼즈,2024,Q1,87230107660.0,5637810668.0,0.0646314766682932
BGF에코머티리얼즈,2024,Q2,92516680447.0,3634046602.0,0.0392799069793888
BGF에코머티리얼즈,2024,Q3,86532873060.0,3262557349.0,0.0377030974891798
BGF에코머티리얼즈,2024,Q4,98034730494.0,1476104936.0,0.0150569591874416
BGF에코머티리얼즈,2025,Q1,99032129114.0,4814782197.0,0.0486183851652578
BGF에코머티리얼즈,2025,Q2,103745572573.0,6129687942.0,0.0590838509054145
BGF에코머티리얼즈,2025,Q3,100842107019.0,5786922404.0,0.0573859727356714
BGF에코머티리얼즈,2025,Q4,94266079570.0,615025042.0,0.0065243515462345
BGF에코머티리얼즈,2026,Q1,92840104589.0,3228419225.0,0.0347739722966933
그린광학,2025,Q3,11593483088.0,912887767.0,0.078741458461685
그린광학,2025,Q4,13522494939.0,1466764602.0,0.108468489625367
그린광학,2026,Q1,10857975616.0,555373569.0,0.0511489055272529
JW생명과학,2023,Q1,49991996043.0,8863267294.0,0.1772937269073307
JW생명과학,2023,Q2,52089690827.0,7781428616.0,0.149385194890936
JW생명과학,2023,Q3,51141243544.0,6232559474.0,0.1218695331222781
JW생명과학,2023,Q4,53637441383.0,7984660227.0,0.1488635554031233
JW생명과학,2024,Q1,55334236251.0,8601038711.0,0.1554379222292882
JW생명과학,2024,Q2,54397331635.0,8380360404.0,0.1540582994076121
JW생명과학,2024,Q3,57951732211.0,9285469197.0,0.1602276384628498
JW생명과학,2024,Q4,54794795568.0,9591120443.0,0.1750370695533936
JW생명과학,2025,Q1,68630853393.0,9204532871.0,0.1341165440314751
JW생명과학,2025,Q2,62260553099.0,9381699435.0,0.1506844858908053
JW생명과학,2025,Q3,62610442116.0,7076360368.0,0.1130220475825652
JW생명과학,2025,Q4,64327560038.0,7581606758.0,0.1178593864514889
JW생명과학,2026,Q1,63522486466.0,9324609396.0,0.1467922607373207
잉글우드랩,2023,Q1,36085481.0,4358018.0,0.1207692922258678
잉글우드랩,2023,Q2,37480710.0,4738431.0,0.1264231920900111
잉글우드랩,2023,Q3,41519807.0,6982208.0,0.1681657142577758
잉글우드랩,2023,Q4,43319483.0,6025593.0,0.1390966046386103
잉글우드랩,2024,Q1,39583825.0,4986246.0,0.1259667553603018
잉글우드랩,2024,Q2,33534987.0,3144801.0,0.0937767174324534
잉글우드랩,2024,Q3,30266225.0,2995705.0,0.0989784817895195
잉글우드랩,2024,Q4,30209619.0,2652949.0,0.0878180224649639
잉글우드랩,2025,Q1,29277868.0,3147956.0,0.1075199874526382
잉글우드랩,2025,Q2,40944401.0,7168657.0,0.175082717659003
잉글우드랩,2025,Q3,44633210.0,9552331.0,0.2140184629337661
잉글우드랩,2025,Q4,37575530.0,6405619.0,0.1704731510107774
잉글우드랩,2026,Q1,33947854.0,3824225.0,0.1126499778159762
방림,2023,Q1,27588008937.0,-510885083.0,-0.0185183745650749
방림,2023,Q2,34196983488.0,-2072230241.0,-0.0605968722863279
방림,2023,Q3,30417624781.0,-609509201.0,-0.0200380274721753
방림,2023,Q4,33647920913.0,-2109259168.0,-0.0626861663593925
방림,2024,Q1,28366892343.0,-124721541.0,-0.0043967290985534
방림,2024,Q2,25978555735.0,-1879116204.0,-0.0723333592201329
방림,2024,Q3,27446016490.0,144756348.0,0.00527422068892
방림,2024,Q4,29583305460.0,-1024902698.0,-0.0346446308843271
방림,2025,Q1,31198702389.0,169110976.0,0.0054204490267398
방림,2025,Q2,30400147259.0,-129019150.0,-0.0042440304285632
방림,2025,Q3,29565427952.0,1011550296.0,0.0342139575196499
방림,2025,Q4,34194626467.0,363497985.0,0.0106302662890848
방림,2026,Q2,31293423958.0,-894746527.0,-0.0285921581544055
대아티아이,2023,Q1,20873248866.0,854817036.0,0.0409527544795575
대아티아이,2023,Q2,29500356091.0,1685361401.0,0.057130205337222
대아티아이,2023,Q3,31345850435.0,1157703812.0,0.0369332398366622
대아티아이,2023,Q4,30615521568.0,-136196685.0,-0.0044486155395881
대아티아이,2024,Q1,26033726499.0,994594898.0,0.0382040926041918
대아티아이,2024,Q2,29510764887.0,2526729361.0,0.08562059881115
대아티아이,2024,Q3,34190016628.0,1675068104.0,0.0489929011215571
대아티아이,2024,Q4,59414647200.0,2712352289.0,0.0456512394977243
대아티아이,2025,Q1,39459749780.0,1585303959.0,0.040175215703053
대아티아이,2025,Q2,38734532249.0,3283756378.0,0.0847759399001075
대아티아이,2025,Q3,30256045195.0,1543204009.0,0.0510048157006
대아티아이,2025,Q4,44739021446.0,1147231975.0,0.02564275967423
대아티아이,2026,Q1,28579842889.0,617979668.0,0.0216229204058309
현대비앤지스틸,2023,Q1,280277959110.0,-13040887379.0,-0.0465284085142131
현대비앤지스틸,2023,Q2,276399577980.0,-9372519677.0,-0.0339093125448917
현대비앤지스틸,2023,Q3,269223130088.0,-5363121738.0,-0.0199207316854498
현대비앤지스틸,2023,Q4,219404896042.0,-7451275867.0,-0.0339613016911601
현대비앤지스틸,2024,Q1,191604135723.0,-347763742.0,-0.0018150116681341
현대비앤지스틸,2024,Q2,231312786394.0,19018658658.0,0.0822205246605136
현대비앤지스틸,2024,Q3,188354812683.0,6814141976.0,0.0361771588362234
현대비앤지스틸,2024,Q4,184104385296.0,5141971720.0,0.02792965366758
현대비앤지스틸,2025,Q1,187468792329.0,2474693060.0,0.0132005600999286
현대비앤지스틸,2025,Q2,188493227313.0,9806825241.0,0.0520274674098258
현대비앤지스틸,2025,Q3,193110878650.0,7792043073.0,0.0403500990077443
현대비앤지스틸,2025,Q4,172177235709.0,5819858902.0,0.0338015584814955
현대비앤지스틸,2026,Q1,199736409115.0,8386008851.0,0.0419853790711321
국보디자인,2023,Q1,83077742992.0,6087223874.0,0.0732714160829594
국보디자인,2023,Q2,104878444221.0,4729815006.0,0.0450980660623962
국보디자인,2023,Q3,101471173864.0,9531610474.0,0.0939341697847612
국보디자인,2023,Q4,111840793619.0,12060938151.0,0.1078402411206695
국보디자인,2024,Q1,101467048372.0,8386808101.0,0.0826554850620288
국보디자인,2024,Q2,106811077742.0,10466759671.0,0.0979932034417089
국보디자인,2024,Q3,106343792998.0,16128887856.0,0.1516674119034228
국보디자인,2024,Q4,107019379169.0,6717443758.0,0.0627684799721378
국보디자인,2025,Q1,101949333821.0,17103829186.0,0.1677679347667976
국보디자인,2025,Q2,119276792072.0,11203486325.0,0.0939284678132285
국보디자인,2025,Q3,115877588594.0,7793424355.0,0.0672556656516714
국보디자인,2025,Q4,101783263188.0,9661040078.0,0.0949177671790249
국보디자인,2026,Q1,102194858659.0,15465352454.0,0.1513320010119512
HLB테라퓨틱스,2023,Q1,12983061900.0,-1486920549.0,-0.1145277254666713
HLB테라퓨틱스,2023,Q2,8610866987.0,-2625030701.0,-0.3048509174468798
HLB테라퓨틱스,2023,Q3,19197790714.0,-2276506876.0,-0.1185817112976367
HLB테라퓨틱스,2023,Q4,15670899666.0,-2433786716.0,-0.1553061258684725
HLB테라퓨틱스,2024,Q1,12754816055.0,-2631441164.0,-0.2063096129848499
HLB테라퓨틱스,2024,Q2,11662324701.0,-3206773541.0,-0.2749686381759746
HLB테라퓨틱스,2024,Q3,14051570486.0,-1823211848.0,-0.1297514644228928
HLB테라퓨틱스,2024,Q4,16463229646.0,15858533.0,0.000963269865087
HLB테라퓨틱스,2025,Q1,15047004296.0,-1580946496.0,-0.1050671924391135
HLB테라퓨틱스,2025,Q2,15671715272.0,-665831174.0,-0.0424861709419652
HLB테라퓨틱스,2025,Q3,16064269186.0,-5381355941.0,-0.3349891537979112
HLB테라퓨틱스,2025,Q4,22778365081.0,4093834938.0,0.1797247047117867
HLB테라퓨틱스,2026,Q1,13046233599.0,-3235134099.0,-0.2479745648006774
슈피겐코리아,2023,Q1,108207839175.0,13224559238.0,0.1222144286294496
슈피겐코리아,2023,Q2,91578580193.0,6094516507.0,0.0665495850029114
슈피겐코리아,2023,Q3,115454329030.0,6110582556.0,0.0529264048159875
슈피겐코리아,2023,Q4,132158111047.0,9886369059.0,0.0748071304945034
슈피겐코리아,2024,Q1,108185563138.0,7768333429.0,0.07180563842045
슈피겐코리아,2024,Q2,96818423871.0,1112837945.0,0.0114940721043211
슈피겐코리아,2024,Q3,132137101065.0,7066327778.0,0.0534772423569666
슈피겐코리아,2024,Q4,128152947228.0,5801690104.0,0.0452716088821435
슈피겐코리아,2025,Q1,108950133671.0,9249814913.0,0.0848995278971565
슈피겐코리아,2025,Q2,95898378169.0,957900843.0,0.0099887074347796
슈피겐코리아,2025,Q3,129974067572.0,9190257337.0,0.0707083921329845
슈피겐코리아,2025,Q4,128875694155.0,13815247319.0,0.1071982378801721
슈피겐코리아,2026,Q1,113200468552.0,11237173299.0,0.099267904477251
경농,2023,Q1,159251457979.0,38079075502.0,0.2391128846495168
경농,2023,Q2,103495993779.0,2472447795.0,0.0238893091869772
경농,2023,Q3,42592699873.0,-3936049707.0,-0.0924113690547028
경농,2023,Q4,42067637314.0,-11405585214.0,-0.2711249298092681
경농,2024,Q1,136724595481.0,36670293299.0,0.2682055351489111
경농,2024,Q2,108190977741.0,9348156072.0,0.0864042110274545
경농,2024,Q3,42828284526.0,-1600008232.0,-0.03735868129457
경농,2024,Q4,37441895034.0,-17698104494.0,-0.4726818575269445
경농,2025,Q1,136707759793.0,33607355765.0,0.2458335636242415
경농,2025,Q2,114292314203.0,14481621693.0,0.1267068725835624
경농,2025,Q3,45469807296.0,-4390143603.0,-0.0965507413396538
경농,2025,Q4,42766875312.0,-15001289231.0,-0.350768886470197
경농,2026,Q1,153466162990.0,32339602029.0,0.2107278985733635
HB테크놀러지,2023,Q1,46346824404.0,18694800133.0,0.4033674447690213
HB테크놀러지,2023,Q2,55499850569.0,24830240934.0,0.4473929331238448
HB테크놀러지,2023,Q3,38084263638.0,-6535375515.0,-0.1716030425878862
HB테크놀러지,2023,Q4,-28283493866.0,-59052812344.0,2.0878895876081365
HB테크놀러지,2024,Q1,29132215243.0,-2874103591.0,-0.0986572276439087
HB테크놀러지,2024,Q2,60692489945.0,864623076.0,0.0142459648102018
HB테크놀러지,2024,Q3,43506946972.0,-5575605062.0,-0.1281543626949581
HB테크놀러지,2024,Q4,29036987006.0,-8927097839.0,-0.3074388481544371
HB테크놀러지,2025,Q1,30012474517.0,-3066184229.0,-0.1021636595564027
HB테크놀러지,2025,Q2,42288688973.0,112189539.0,0.0026529443623005
HB테크놀러지,2025,Q3,36163558884.0,-205256809.0,-0.0056757911924097
HB테크놀러지,2025,Q4,51846116965.0,9400077713.0,0.1813072658719216
HB테크놀러지,2026,Q1,36325050765.0,528099785.0,0.0145381705979289
바이오니아,2023,Q1,56029789574.0,-103468010.0,-0.001846660692226
바이오니아,2023,Q2,69349335666.0,5132482187.0,0.0740091038754724
바이오니아,2023,Q3,73741090843.0,4028922310.0,0.0546360552026259
바이오니아,2023,Q4,64116586553.0,-8266183658.0,-0.1289242628530608
바이오니아,2024,Q1,79215967687.0,2777428966.0,0.0350614787283069
바이오니아,2024,Q2,78444101566.0,-594678950.0,-0.0075809262663255
바이오니아,2024,Q3,65881728287.0,-8171519939.0,-0.1240331750770483
바이오니아,2024,Q4,70433687554.0,-7427797876.0,-0.1054580291611917
바이오니아,2025,Q1,73909108244.0,4343653804.0,0.0587702098861762
바이오니아,2025,Q2,88282755656.0,5296934685.0,0.0599996527706937
바이오니아,2025,Q3,88065489471.0,2884973299.0,0.032759407985236
바이오니아,2025,Q4,79853304397.0,2699880215.0,0.0338105008350967
바이오니아,2026,Q1,81810067218.0,-525721966.0,-0.0064261280289515
코스맥스엔비티,2023,Q1,80370794686.0,1511315405.0,0.0188042859462139
코스맥스엔비티,2023,Q2,82162760856.0,4062618978.0,0.0494459891035091
코스맥스엔비티,2023,Q3,90855046959.0,4805220455.0,0.0528888665609126
코스맥스엔비티,2023,Q4,80242306379.0,1597717877.0,0.0199111659310198
코스맥스엔비티,2024,Q1,70992495359.0,583721793.0,0.0082223027947981
코스맥스엔비티,2024,Q2,80937813405.0,3327245564.0,0.0411086663207837
코스맥스엔비티,2024,Q3,85805284569.0,2577756175.0,0.0300419279295916
코스맥스엔비티,2024,Q4,80249716334.0,3415806114.0,0.0425647126250688
코스맥스엔비티,2025,Q1,72176612794.0,870603343.0,0.0120621252411054
코스맥스엔비티,2025,Q2,75651920674.0,2520435730.0,0.0333162160001341
코스맥스엔비티,2025,Q3,65669325926.0,-1162265131.0,-0.0176987522653987
코스맥스엔비티,2025,Q4,73981210177.0,1773939040.0,0.02397823766002
코스맥스엔비티,2026,Q1,93262048268.0,10273689817.0,0.1101593843132984
지누스,2023,Q1,229106273307.0,8329124482.0,0.0363548512302806
지누스,2023,Q2,219539287755.0,5160292435.0,0.0235050978244893
지누스,2023,Q3,221480384955.0,3161874205.0,0.0142760913371286
지누스,2023,Q4,282156980107.0,1690748078.0,0.0059922248861567
지누스,2024,Q1,152246461659.0,-19098296756.0,-0.1254432881256456
지누스,2024,Q2,206264531460.0,-14238564275.0,-0.0690305995617148
지누스,2024,Q3,272869740574.0,11922485060.0,0.0436929541359926
지누스,2024,Q4,289018517994.0,15968429578.0,0.0552505413453524
지누스,2025,Q1,249928021652.0,27501637920.0,0.110038233160959
지누스,2025,Q2,229465627387.0,29114479506.0,0.1268794801100979
지누스,2025,Q3,241740815673.0,-7633463500.0,-0.0315770569349186
지누스,2025,Q4,192045553144.0,-23503230439.0,-0.1223836222928669
지누스,2026,Q1,139558174746.0,-30092483770.0,-0.2156268081376759
한세예스24홀딩스,2023,Q1,698270106563.0,40282211021.0,0.0576885801674593
한세예스24홀딩스,2023,Q2,685646310269.0,45635885492.0,0.0665589310530901
한세예스24홀딩스,2023,Q3,746155637739.0,57882897057.0,0.0775748304099084
한세예스24홀딩스,2023,Q4,650679573580.0,45944006529.0,0.0706092651352475
한세예스24홀딩스,2024,Q1,672903289299.0,41813808472.0,0.0621394027001409
한세예스24홀딩스,2024,Q2,689097374401.0,42968832540.0,0.062355240545432
한세예스24홀딩스,2024,Q3,756983968985.0,34047642831.0,0.0449780236121151
한세예스24홀딩스,2024,Q4,711870029203.0,33424348194.0,0.046952880192781
한세예스24홀딩스,2025,Q1,853105196168.0,20731663258.0,0.0243014148209658
한세예스24홀딩스,2025,Q2,803820418176.0,540275924.0,0.0006721351085183
한세예스24홀딩스,2025,Q3,879581301835.0,23864323759.0,0.027131458694283
한세예스24홀딩스,2025,Q4,873323423186.0,20330322051.0,0.0232792588762045
한세예스24홀딩스,2026,Q1,861345121073.0,21184219221.0,0.0245943451732915
대화제약,2023,Q1,32526405523.0,1995404163.0,0.0613472079350733
대화제약,2023,Q2,34988930999.0,942833420.0,0.0269466197760356
대화제약,2023,Q3,35359930905.0,-599963269.0,-0.0169673201741229
대화제약,2023,Q4,38483947945.0,-374436918.0,-0.0097296908969717
대화제약,2024,Q1,34693986056.0,-187312731.0,-0.005398997125832
대화제약,2024,Q2,38800198414.0,1792375802.0,0.0461950163985055
대화제약,2024,Q3,35811097861.0,1677584644.0,0.0468453843697143
대화제약,2024,Q4,40103929886.0,3430363931.0,0.0855368523920523
대화제약,2025,Q1,36667866054.0,1128704355.0,0.030781839154146
대화제약,2025,Q2,35961660611.0,285167326.0,0.0079297596705746
대화제약,2025,Q3,36731906606.0,1048927443.0,0.0285563026785182
대화제약,2025,Q4,33698568916.0,699478352.0,0.0207569156347137
대화제약,2026,Q1,37032014208.0,453583854.0,0.0122484251451278
대화제약,2026,Q2,,3328677030.0,
삼익THK,2023,Q1,72881968840.0,2663161491.0,0.0365407457206119
삼익THK,2023,Q2,84883247331.0,3635918648.0,0.0428343490891887
삼익THK,2023,Q3,78524394985.0,711494291.0,0.0090608057678879
삼익THK,2023,Q4,79350863576.0,-75091633.0,-0.0009463240803684
삼익THK,2024,Q1,82496895903.0,1366996410.0,0.0165702769181438
삼익THK,2024,Q2,72449951855.0,1388843786.0,0.0191696992260202
삼익THK,2024,Q3,79967713253.0,385346361.0,0.0048187742943311
삼익THK,2024,Q4,69511498345.0,-2576294044.0,-0.0370628472315949
삼익THK,2025,Q1,59373058656.0,-6216121919.0,-0.1046960028624333
삼익THK,2025,Q2,52865463646.0,-6851924859.0,-0.1296106075013766
삼익THK,2025,Q3,53575845788.0,-10988658420.0,-0.2051047119905899
삼익THK,2025,Q4,56360637782.0,-11403088387.0,-0.2023236222256133
삼익THK,2026,Q1,65424274278.0,-3812081965.0,-0.0582670882798294
DH오토넥스,2023,Q1,131684914514.0,3640882564.0,0.0276484408061253
DH오토넥스,2023,Q2,132654373930.0,-534719980.0,-0.0040309261139189
DH오토넥스,2023,Q3,93390512751.0,-11562525802.0,-0.1238083554892591
DH오토넥스,2023,Q4,-179541729898.0,-13561113265.0,0.0755318179940911
DH오토넥스,2024,Q1,9146110992.0,-1276546066.0,-0.1395725535275682
DH오토넥스,2024,Q2,8943849969.0,-1798792916.0,-0.2011206496346361
DH오토넥스,2024,Q3,7149132730.0,-1262280957.0,-0.1765642078098611
DH오토넥스,2024,Q4,7141284611.0,-4226481651.0,-0.5918377268551634
DH오토넥스,2025,Q1,9776989657.0,153515314.0,0.0157016954487712
DH오토넥스,2025,Q2,6855602097.0,-1705354536.0,-0.2487534299498304
DH오토넥스,2025,Q3,10302955359.0,4248147888.0,0.4123232354189607
DH오토넥스,2025,Q4,13235395240.0,531246278.0,0.04013830100022
DH오토넥스,2026,Q1,14362494682.0,281541667.0,0.0196025602260341
일진파워,2023,Q1,44499468826.0,4456232164.0,0.1001412439646094
일진파워,2023,Q2,53148068788.0,3777497126.0,0.0710749649449708
일진파워,2023,Q3,42666138262.0,4816775474.0,0.1128945733129542
일진파워,2023,Q4,50513088358.0,69872720.0,0.0013832597109246
일진파워,2024,Q1,43151550611.0,2971134531.0,0.0688534824109567
일진파워,2024,Q2,67560472985.0,4925590935.0,0.0729064009971273
일진파워,2024,Q3,37174364378.0,615050323.0,0.016545012491565
일진파워,2024,Q4,45201721934.0,1760978444.0,0.038958215940783
일진파워,2025,Q1,41052793836.0,2294345137.0,0.05588767347152
일진파워,2025,Q2,75795535314.0,6290857909.0,0.0829977370426729
일진파워,2025,Q3,64728741033.0,7428233856.0,0.1147594366498328
일진파워,2025,Q4,70407728921.0,8107962841.0,0.1151572840830787
일진파워,2026,Q1,63778347105.0,6999732306.0,0.109750920551079
지어소프트,2023,Q1,123177162118.0,825062637.0,0.0066981786462137
지어소프트,2023,Q2,127328218670.0,2996780030.0,0.0235358670788196
지어소프트,2023,Q3,127321404461.0,6410788437.0,0.0503512230652757
지어소프트,2023,Q4,131077811180.0,4974378168.0,0.0379498110566481
지어소프트,2024,Q1,136648947122.0,6764802914.0,0.0495049764851857
지어소프트,2024,Q2,140474990151.0,8726685623.0,0.0621226996607685
지어소프트,2024,Q3,134366356094.0,7155227175.0,0.0532516277362939
지어소프트,2024,Q4,135684892859.0,6445810744.0,0.0475057363290864
지어소프트,2025,Q1,139979138721.0,7789094232.0,0.055644678936944
지어소프트,2025,Q2,155977522605.0,5344416059.0,0.0342640142614284
지어소프트,2025,Q3,150876062315.0,4080644391.0,0.0270463341128323
지어소프트,2025,Q4,140297263288.0,7914625820.0,0.0564132587800588
지어소프트,2026,Q1,145767220677.0,10345286911.0,0.0709712846478957
이크레더블,2023,Q1,6829865696.0,-1139973430.0,-0.1669100800426632
이크레더블,2023,Q2,19065701716.0,11162409396.0,0.5854706824995835
이크레더블,2023,Q3,8108478536.0,1114281423.0,0.1374217639046359
이크레더블,2023,Q4,7095148592.0,1469101546.0,0.2070571922420987
이크레더블,2024,Q1,6719985531.0,246624034.0,0.0367000840793923
이크레더블,2024,Q2,20426196874.0,11607942069.0,0.5682869963803914
이크레더블,2024,Q3,8992868985.0,1602959107.0,0.1782477994145936
이크레더블,2024,Q4,8947205839.0,1503619643.0,0.168054660869192
이크레더블,2025,Q1,7747286785.0,628845507.0,0.0811697726509294
이크레더블,2025,Q2,22006367405.0,11986009463.0,0.5446609720910456
이크레더블,2025,Q3,9719133167.0,1509055992.0,0.15526652079671
이크레더블,2025,Q4,10546322833.0,1456904115.0,0.1381433261687448
이크레더블,2026,Q1,8785423042.0,693404125.0,0.0789266631424668
베뉴지,2023,Q1,12099305260.0,-4614423360.0,-0.3813791999492044
베뉴지,2023,Q2,17437748873.0,2734256032.0,0.1568009753961778
베뉴지,2023,Q3,17241965227.0,3518412932.0,0.2040610154166389
베뉴지,2023,Q4,18268201215.0,7578279708.0,0.4148344776155346
베뉴지,2024,Q1,14074955383.0,1507344769.0,0.1070941063742624
베뉴지,2024,Q2,19937009452.0,7065364539.0,0.3543843702341843
베뉴지,2024,Q3,15809219217.0,2161588891.0,0.1367296424529047
베뉴지,2024,Q4,20302970901.0,7084422368.0,0.3489352569407005
베뉴지,2025,Q1,9087998291.0,2140395146.0,0.2355188763756337
베뉴지,2025,Q2,14614228806.0,6803917772.0,0.4655680338880825
베뉴지,2025,Q3,10735462380.0,1365253082.0,0.1271722664264042
베뉴지,2025,Q4,13805746567.0,4735758725.0,0.3430280790696192
베뉴지,2026,Q1,10353691355.0,1920256337.0,0.1854658663427001
도화엔지니어링,2023,Q1,119609065334.0,1738240013.0,0.0145326778379722
도화엔지니어링,2023,Q2,141307496490.0,3991822350.0,0.0282491902351584
도화엔지니어링,2023,Q3,128769332516.0,3719379339.0,0.0288840461181846
도화엔지니어링,2023,Q4,185304805481.0,12442527651.0,0.0671462762053182
도화엔지니어링,2024,Q1,123980986184.0,904542337.0,0.007295814986159
도화엔지니어링,2024,Q2,151518836041.0,6414044674.0,0.0423316654324377
도화엔지니어링,2024,Q3,130763697251.0,-4134177286.0,-0.0316156347129316
도화엔지니어링,2024,Q4,176523152248.0,-16571284364.0,-0.0938759825720693
도화엔지니어링,2025,Q1,157508097667.0,3473699381.0,0.0220541002808885
도화엔지니어링,2025,Q2,166874483491.0,4742067454.0,0.0284169715752603
도화엔지니어링,2025,Q3,180718336504.0,7805608808.0,0.0431921240478396
도화엔지니어링,2025,Q4,193373948272.0,14095870177.0,0.0728943598812635
도화엔지니어링,2026,Q1,155456782696.0,-2385665312.0,-0.0153461641919171
HS효성,2024,Q3,,9451220866.0,
HS효성,2024,Q4,,7817317876.0,
HS효성,2025,Q1,,9566690475.0,
HS효성,2025,Q2,,10779067344.0,
HS효성,2025,Q3,,12650461694.0,
HS효성,2025,Q4,,12214891390.0,
HS효성,2026,Q1,,12543473560.0,
알루코,2023,Q1,147989158330.0,14022191709.0,0.0947514795491438
알루코,2023,Q2,142741554735.0,9477584066.0,0.0663968112410934
알루코,2023,Q3,148938009400.0,11419648453.0,0.0766738356380906
알루코,2023,Q4,151517837609.0,2712845374.0,0.0179044620541684
알루코,2024,Q1,149856109991.0,14365309012.0,0.0958606827099859
알루코,2024,Q2,174676310190.0,10740587333.0,0.0614885173685955
알루코,2024,Q3,156535705736.0,10425386644.0,0.0666006940396243
알루코,2024,Q4,141876167001.0,2521825479.0,0.0177748351418475
알루코,2025,Q1,168889295913.0,16123409711.0,0.0954673274220152
알루코,2025,Q2,165338421810.0,11548694768.0,0.0698488266766649
알루코,2025,Q3,123423104193.0,2453539903.0,0.019879097346015
알루코,2025,Q4,118007235220.0,4774041760.0,0.0404555004707956
알루코,2026,Q1,142126019716.0,9714578881.0,0.0683518675919576
비보존 제약,2023,Q1,14356585834.0,-2014833616.0,-0.1403421147128426
비보존 제약,2023,Q2,16603516363.0,806423985.0,0.0485694697056504
비보존 제약,2023,Q3,18355538030.0,991248315.0,0.0540026837339183
비보존 제약,2023,Q4,22924509428.0,1724615804.0,0.0752302163506083
비보존 제약,2024,Q1,19853552247.0,711594743.0,0.0358421875414021
비보존 제약,2024,Q2,20866698522.0,351033512.0,0.016822666586662
비보존 제약,2024,Q3,23630725946.0,1279023204.0,0.0541254300406501
비보존 제약,2024,Q4,23250371047.0,511721105.0,0.0220091586480735
비보존 제약,2025,Q1,18585469503.0,-2502761018.0,-0.1346622434045055
비보존 제약,2025,Q2,17802353518.0,-2731270729.0,-0.1534218903269394
비보존 제약,2025,Q3,6757500526.0,-10202816932.0,-1.509850704819612
비보존 제약,2025,Q4,16197893167.0,-3728742813.0,-0.2301992471833667
비보존 제약,2026,Q1,14106262163.0,-3019381933.0,-0.2140454996589871
앤로보틱스,2026,Q1,9045207626.0,383995483.0,0.042452920803744
유수홀딩스,2023,Q1,79435711299.0,4453786522.0,0.0560678119345557
유수홀딩스,2023,Q2,83832241621.0,5787003875.0,0.0690307662434062
유수홀딩스,2023,Q3,85799341642.0,8048684726.0,0.0938082340955872
유수홀딩스,2023,Q4,92705806857.0,2716068979.0,0.0292977222364244
유수홀딩스,2024,Q1,97074742738.0,5106919564.0,0.0526081184452203
유수홀딩스,2024,Q2,103757637683.0,5930503719.0,0.0571572739263672
유수홀딩스,2024,Q3,124210818126.0,8886359019.0,0.0715425528393641
유수홀딩스,2024,Q4,110823855503.0,-1954420473.0,-0.0176353770055138
유수홀딩스,2025,Q1,107678581430.0,6503801026.0,0.0604001365882407
유수홀딩스,2025,Q2,102451921634.0,6704764665.0,0.0654430347236643
유수홀딩스,2025,Q3,105132503496.0,11163919542.0,0.10618903926724
유수홀딩스,2025,Q4,103211155355.0,-3152961054.0,-0.0305486460562836
유수홀딩스,2026,Q1,106343396750.0,9954921518.0,0.0936110921997608
에스엠벡셀,2023,Q1,89886901683.0,13285565108.0,0.1478031265873819
에스엠벡셀,2023,Q2,37999081229.0,-2948848833.0,-0.0776031613824786
에스엠벡셀,2023,Q3,36564820706.0,642860758.0,0.017581400526176
에스엠벡셀,2023,Q4,38269897078.0,-1508122680.0,-0.0394075447061227
에스엠벡셀,2024,Q1,39856388541.0,866059991.0,0.0217295149586644
에스엠벡셀,2024,Q2,41049412923.0,57654100.0,0.0014045048612058
에스엠벡셀,2024,Q3,42279065148.0,-287186905.0,-0.0067926503103767
에스엠벡셀,2024,Q4,49363238643.0,4580018468.0,0.0927819688072568
모베이스전자,2023,Q1,230527933254.0,8423988672.0,0.0365421602193357
모베이스전자,2023,Q2,237150834585.0,2991241953.0,0.0126132465788471
모베이스전자,2023,Q3,235521928975.0,4587802709.0,0.0194793016895126
모베이스전자,2023,Q4,236152440986.0,11745908770.0,0.0497386718551697
모베이스전자,2024,Q1,222459040370.0,7896511895.0,0.0354964755842976
모베이스전자,2024,Q2,246877384172.0,13247641633.0,0.0536608149727086
모베이스전자,2024,Q3,224251593394.0,6712250814.0,0.0299317864921783
모베이스전자,2024,Q4,277961061281.0,6532448044.0,0.0235013063120957
모베이스전자,2025,Q1,264377290490.0,8084275352.0,0.0305785543721115
모베이스전자,2025,Q2,263113606958.0,9375569576.0,0.0356331612203415
모베이스전자,2025,Q3,236690085542.0,9530926791.0,0.0402675370587449
모베이스전자,2025,Q4,279907733556.0,9798325421.0,0.0350055544965487
모베이스전자,2026,Q1,265324535153.0,7423710925.0,0.0279797377981614
디오,2023,Q1,41259238930.0,10128588601.0,0.2454865592209313
디오,2023,Q2,43799420802.0,10225913628.0,0.2334714350271284
디오,2023,Q3,40047838728.0,6511949547.0,0.1626042691399244
디오,2023,Q4,30711394183.0,-5970093254.0,-0.1943934299571684
디오,2024,Q1,34963530906.0,5642725686.0,0.1613888969386575
디오,2024,Q2,15539529366.0,-47147141276.0,-3.034013461125564
디오,2024,Q3,31345869246.0,421184377.0,0.0134366788074874
디오,2024,Q4,37800943540.0,347850403.0,0.0092021619151361
디오,2025,Q1,35805324096.0,1518096793.0,0.0423986329220126
디오,2025,Q2,40099205051.0,3020388364.0,0.075322898799578
디오,2025,Q3,41448782601.0,4155227369.0,0.1002496842669572
디오,2025,Q4,46724518544.0,1411085314.0,0.0302001038848842
디오,2026,Q1,41322557369.0,4136197077.0,0.1000953798687918
안국약품,2023,Q1,55192016794.0,3731536186.0,0.0676100712160542
안국약품,2023,Q2,58919704125.0,681211105.0,0.0115616857741646
안국약품,2023,Q3,55351426791.0,-18025944.0,-0.0003256635834892
안국약품,2023,Q4,64212353057.0,666719593.0,0.0103830425340147
안국약품,2024,Q1,65739278063.0,3063707980.0,0.046603918848393
안국약품,2024,Q2,67176583673.0,1686227700.0,0.0251014208791587
안국약품,2024,Q3,67507526469.0,707596347.0,0.0104817400964162
안국약품,2024,Q4,70692528473.0,1243842766.0,0.0175951093116589
안국약품,2025,Q1,75751750608.0,5856358524.0,0.0773098770258851
안국약품,2025,Q2,76822927894.0,4965314865.0,0.0646332416782021
안국약품,2025,Q3,77690491818.0,4884070059.0,0.0628657374243628
안국약품,2025,Q4,76608734053.0,-5883206250.0,-0.0767955027938438
안국약품,2026,Q1,98927522231.0,16018604678.0,0.1619226310004598
SP삼화,2023,Q1,139665936940.0,3083382503.0,0.0220768397116371
SP삼화,2023,Q2,175379989015.0,10676239033.0,0.0608748985158556
SP삼화,2023,Q3,154830022880.0,10205019927.0,0.0659111181228031
SP삼화,2023,Q4,161382514174.0,1714979473.0,0.0106267985833393
SP삼화,2024,Q1,140394639657.0,3081105862.0,0.0219460363267963
SP삼화,2024,Q2,182670371102.0,12425967549.0,0.0680239902839062
SP삼화,2024,Q3,150484726920.0,4372449194.0,0.0290557672096814
SP삼화,2024,Q4,154798521455.0,-898004305.0,-0.0058011168101566
SP삼화,2025,Q1,133269135309.0,-3567511808.0,-0.0267692275464105
SP삼화,2025,Q2,177509100088.0,8136976147.0,0.0458397690201015
SP삼화,2025,Q3,155501778045.0,1346154457.0,0.0086568428600889
SP삼화,2025,Q4,150787532712.0,3633880789.0,0.0240993451092578
SP삼화,2026,Q1,144306868722.0,1820776219.0,0.0126173912241671
EDGC,2023,Q1,24198521932.0,-1475527771.0,-0.0609759461816041
EDGC,2023,Q2,27647156862.0,-3382617334.0,-0.1223495548162235
EDGC,2023,Q3,21636223305.0,-2506105910.0,-0.1158291756686045
EDGC,2023,Q4,14974842474.0,-1994435411.0,-0.1331857356404803
EDGC,2024,Q1,9707656485.0,-3863966171.0,-0.398032849325735
EDGC,2024,Q2,7682879722.0,-2644136967.0,-0.3441596201784193
EDGC,2024,Q3,7838623958.0,-1934082524.0,-0.2467375057615947
EDGC,2024,Q4,5712837011.0,,
EDGC,2025,Q1,4906455011.0,,
EDGC,2025,Q2,2169651218.0,-563949401.0,-0.2599262942916017
EDGC,2025,Q3,1794012652.0,-415336288.0,-0.2315124631573668
EDGC,2025,Q4,1696885759.0,,
EDGC,2026,Q1,1597442927.0,-1300738403.0,-0.8142628328154349
레드캡투어,2023,Q1,77346663943.0,7772966760.0,0.1004951779914932
레드캡투어,2023,Q2,87854146390.0,11561379210.0,0.1315974223763669
레드캡투어,2023,Q3,84070932804.0,9727930312.0,0.1157109834225267
레드캡투어,2023,Q4,88911399278.0,9708405056.0,0.109191904916991
레드캡투어,2024,Q1,94185669591.0,13029955036.0,0.1383432861132952
레드캡투어,2024,Q2,90268754214.0,12183694202.0,0.1349713343015251
레드캡투어,2024,Q3,83140886275.0,9956996461.0,0.1197605282684364
레드캡투어,2024,Q4,91281653627.0,8395018382.0,0.0919682986496298
레드캡투어,2025,Q1,105253280283.0,17858522574.0,0.16967188600662
레드캡투어,2025,Q2,94772792831.0,13526311937.0,0.1427235763867409
레드캡투어,2025,Q3,88927052109.0,10292441068.0,0.115740270524028
레드캡투어,2025,Q4,76599812473.0,5098007034.0,0.0665537795643684
레드캡투어,2026,Q1,92351191387.0,17921463455.0,0.1940577396549185
SM C&C,2023,Q1,21433753429.0,-3426587992.0,-0.159868779089518
SM C&C,2023,Q2,29361779314.0,-310675827.0,-0.0105809604955332
SM C&C,2023,Q3,33876238771.0,918397676.0,0.0271103791128725
SM C&C,2023,Q4,42639096367.0,4904598649.0,0.1150258581182281
SM C&C,2024,Q1,23948247941.0,-1860276085.0,-0.0776790055616202
SM C&C,2024,Q2,27850327215.0,2575383815.0,0.0924723000601916
SM C&C,2024,Q3,24762221481.0,-1241186018.0,-0.0501241788404307
SM C&C,2024,Q4,33379590047.0,2111515242.0,0.0632576744959087
SM C&C,2025,Q1,17696848615.0,-2935013666.0,-0.1658495096981423
SM C&C,2025,Q2,21114396498.0,-1255153492.0,-0.0594453879900801
SM C&C,2025,Q3,25381983665.0,-194792765.0,-0.0076744500182074
SM C&C,2025,Q4,36285058830.0,3092397721.0,0.0852250987241957
SM C&C,2026,Q1,21475101146.0,-2238081182.0,-0.1042174920054739
디바이스,2023,Q1,11305165091.0,-1040582648.0,-0.0920448874141965
디바이스,2023,Q2,12782694162.0,1480552118.0,0.1158247314092313
디바이스,2023,Q3,11520120888.0,518970496.0,0.0450490494887591
디바이스,2023,Q4,21544111789.0,3350264365.0,0.1555071936969144
디바이스,2024,Q1,7965158545.0,538520126.0,0.0676094672764608
디바이스,2024,Q2,7674566378.0,-3184916424.0,-0.4149962704251171
디바이스,2024,Q3,5318075668.0,-1128345944.0,-0.2121718483227869
디바이스,2024,Q4,26202361710.0,7971059722.0,0.304211498574874
디바이스,2025,Q1,8637715760.0,-778600158.0,-0.0901395900992231
디바이스,2026,Q1,31091824052.0,12283917092.0,0.3950851217817125
해태제과식품,2023,Q1,151640708348.0,8833787255.0,0.058254721645901
해태제과식품,2023,Q2,153999687567.0,9955559629.0,0.0646466222515463
해태제과식품,2023,Q3,154533287125.0,13048529660.0,0.0844383103651009
해태제과식품,2023,Q4,164692290047.0,13886076831.0,0.0843152817113489
해태제과식품,2024,Q1,156575102377.0,14300188089.0,0.0913311750840701
해태제과식품,2024,Q2,158388064230.0,11964128657.0,0.0755368071146228
해태제과식품,2024,Q3,154856505353.0,11937929350.0,0.0770902670364873
해태제과식품,2024,Q4,159376656550.0,10869657891.0,0.0682010661177971
해태제과식품,2025,Q1,158966349639.0,13465838291.0,0.0847087344056138
해태제과식품,2025,Q2,163725441643.0,10298071087.0,0.0628984169085629
해태제과식품,2025,Q3,160396461861.0,8300342322.0,0.0517489115763232
해태제과식품,2025,Q4,158298314589.0,10263836280.0,0.0648385695491998
해태제과식품,2026,Q1,157727230807.0,10683260076.0,0.0677325026334379
대양전기공업,2023,Q1,32157993163.0,-930714987.0,-0.0289419486558897
대양전기공업,2023,Q2,34889597275.0,266940808.0,0.0076510143093934
대양전기공업,2023,Q3,37204921931.0,1719997056.0,0.0462303632618795
대양전기공업,2023,Q4,50094663949.0,2678202969.0,0.053462839310123
대양전기공업,2024,Q1,41354840126.0,2378054855.0,0.0575036645711732
대양전기공업,2024,Q2,49900400420.0,3061885789.0,0.0613599442735694
대양전기공업,2024,Q3,44736905939.0,2915123468.0,0.0651614904252621
대양전기공업,2024,Q4,60286729028.0,7331231626.0,0.1216060606405603
대양전기공업,2025,Q1,55639792956.0,5710932102.0,0.1026411458165599
대양전기공업,2025,Q2,56326021556.0,5782069164.0,0.1026536049284325
대양전기공업,2025,Q3,61532716523.0,7743335847.0,0.1258409555850773
대양전기공업,2025,Q4,56596294145.0,7824138969.0,0.1382447223303086
대양전기공업,2026,Q1,50896453285.0,6274197018.0,0.1232737570703989
지놈앤컴퍼니,2023,Q1,2545998327.0,-12450735761.0,-4.890315766888562
지놈앤컴퍼니,2023,Q2,3713880774.0,-11889385662.0,-3.201337464905921
지놈앤컴퍼니,2023,Q3,4457727159.0,-10538987197.0,-2.364206426524365
지놈앤컴퍼니,2023,Q4,3578389212.0,-20213235683.0,-5.648696797770247
지놈앤컴퍼니,2024,Q1,4261172442.0,-9329077995.0,-2.1893218643414856
지놈앤컴퍼니,2024,Q2,11627540112.0,-1708301692.0,-0.1469185808472917
지놈앤컴퍼니,2024,Q3,4622598045.0,-7848267638.0,-1.6978044730687805
지놈앤컴퍼니,2024,Q4,7233372443.0,-5313056420.0,-0.7345199575810091
지놈앤컴퍼니,2025,Q1,6353684707.0,-6705063831.0,-1.055303204393016
지놈앤컴퍼니,2025,Q2,5808631236.0,-7409554580.0,-1.2756111171385782
지놈앤컴퍼니,2025,Q3,6557558334.0,-8089713959.0,-1.2336472734151662
지놈앤컴퍼니,2025,Q4,5866972811.0,-7030082354.0,-1.1982469632072068
지놈앤컴퍼니,2026,Q1,5782369608.0,-6095835016.0,-1.0542105450274772
SYTS,2023,Q1,43131275614.0,4959292585.0,0.1149813566698746
SYTS,2023,Q2,47930299590.0,4918275836.0,0.102613083541546
SYTS,2023,Q3,40586590217.0,3157950405.0,0.0778077288118002
SYTS,2023,Q4,47610200460.0,4648418210.0,0.0976349220353608
SYTS,2024,Q1,49012989213.0,5367810362.0,0.1095181185271651
SYTS,2024,Q2,49721391185.0,3970208104.0,0.079849095316499
SYTS,2024,Q3,46288412616.0,6111744689.0,0.1320361693908557
SYTS,2024,Q4,46287700280.0,4542091917.0,0.0981274051103063
SYTS,2025,Q1,48405744723.0,5011709828.0,0.1035354348265751
SYTS,2025,Q2,45899013683.0,4916983850.0,0.1071261331225761
SYTS,2025,Q3,40337989860.0,4038860636.0,0.1001254809676329
SYTS,2025,Q4,40042325435.0,4474720726.0,0.1117497717075332
SYTS,2026,Q1,41251065038.0,2149206239.0,0.0521006242389178
빅솔론,2023,Q1,30865735698.0,3719467282.0,0.1205047343887224
빅솔론,2023,Q2,26382546482.0,3463753298.0,0.1312895743541364
빅솔론,2023,Q3,24815587843.0,588038456.0,0.0236963339220623
빅솔론,2023,Q4,26064197013.0,1500618087.0,0.0575739235799798
빅솔론,2024,Q1,25341881682.0,863253597.0,0.0340643053989616
빅솔론,2024,Q2,30316608344.0,3694623274.0,0.1218679620120239
빅솔론,2024,Q3,28584139992.0,2299397320.0,0.0804431170797353
빅솔론,2024,Q4,29249788830.0,2567497235.0,0.0877783169622972
빅솔론,2025,Q1,27678630182.0,1136673111.0,0.0410668123214855
빅솔론,2025,Q2,28800587337.0,2341506338.0,0.0813006453862097
빅솔론,2025,Q3,30668471429.0,2423974441.0,0.079037993354566
빅솔론,2025,Q4,46320059298.0,10011038054.0,0.2161274878685713
빅솔론,2026,Q1,37451917132.0,5575697672.0,0.1488761617288735
엠아이텍,2026,Q1,16727980351.0,4914020913.0,0.2937605622370449
아이디스,2023,Q1,64456197612.0,5426742338.0,0.0841927159691729
아이디스,2023,Q2,66365194119.0,7988964999.0,0.1203788387128789
아이디스,2023,Q3,67329065159.0,7031915584.0,0.1044410102441475
아이디스,2023,Q4,80038822087.0,2198156276.0,0.0274636260090217
아이디스,2024,Q1,77712199193.0,4484439439.0,0.0577057332769954
아이디스,2024,Q2,74509559251.0,3852372586.0,0.0517030650124037
아이디스,2024,Q3,83441352943.0,6700879126.0,0.0803064534509341
아이디스,2024,Q4,77982847223.0,1049098117.0,0.013452934258735
아이디스,2025,Q1,80685641677.0,4417175469.0,0.0547454959419272
아이디스,2025,Q2,79935287103.0,4905679790.0,0.0613706407744407
아이디스,2025,Q3,77978017359.0,5451364318.0,0.0699089884897005
아이디스,2025,Q4,88996979576.0,6467976146.0,0.0726763557236973
아이디스,2026,Q1,78806567198.0,3405106248.0,0.0432084072314016
조선내화,2023,Q3,123207715269.0,6096429263.0,0.0494809050690505
조선내화,2023,Q4,156159193023.0,25755364463.0,0.1649301841564115
조선내화,2024,Q1,126000453574.0,7832779900.0,0.0621646960611916
조선내화,2024,Q2,127396126394.0,5169512494.0,0.0405782549307046
조선내화,2024,Q3,126960401799.0,11058164728.0,0.0870993205070898
조선내화,2024,Q4,120283300233.0,-4041345122.0,-0.033598555361979
조선내화,2025,Q1,130786677000.0,5807932000.0,0.0444076731148999
조선내화,2025,Q2,136342019000.0,5588917000.0,0.0409918896682907
조선내화,2025,Q3,135524576000.0,10186444000.0,0.0751630759575296
조선내화,2025,Q4,129379298000.0,2276871000.0,0.0175984182569919
조선내화,2026,Q1,131867684000.0,8959841000.0,0.0679456916828841
아바코,2023,Q1,14028697880.0,-7371948452.0,-0.5254905704762387
아바코,2023,Q2,64948497361.0,3129714748.0,0.048187639055054
아바코,2023,Q3,27543590131.0,-3879641574.0,-0.140854607389525
아바코,2023,Q4,80331363888.0,12530335724.0,0.1559831069402744
아바코,2024,Q1,46323155637.0,2988765280.0,0.064519898070432
아바코,2024,Q2,58113571725.0,3279313927.0,0.0564293990140217
아바코,2024,Q3,97505907909.0,7473818825.0,0.076649907531502
아바코,2024,Q4,103571995019.0,7362509222.0,0.0710859071571361
아바코,2025,Q1,26082579703.0,-3382318422.0,-0.1296772965141545
아바코,2025,Q2,159046515446.0,19404789364.0,0.1220070072556124
아바코,2025,Q3,50896600067.0,6967684767.0,0.1368988254191395
아바코,2025,Q4,156870611478.0,11628004836.0,0.0741248136055793
아바코,2026,Q1,14836696493.0,-4001146009.0,-0.2696790360905309
제일일렉트릭,2024,Q2,44364648254.0,4011545313.0,0.0904221146989103
제일일렉트릭,2024,Q3,51346955997.0,3523308130.0,0.068617663142599
제일일렉트릭,2024,Q4,47667631963.0,-946881039.0,-0.0198642349117526
제일일렉트릭,2025,Q1,51711121229.0,2684459265.0,0.051912609922187
제일일렉트릭,2025,Q2,54665450312.0,6604323559.0,0.1208134849581626
제일일렉트릭,2025,Q3,45124647236.0,2721237625.0,0.0603049063357336
제일일렉트릭,2025,Q4,44534219446.0,-248347168.0,-0.0055765470033921
제일일렉트릭,2026,Q1,52693543913.0,2516982005.0,0.0477664210468682
비엠티,2023,Q1,38478149683.0,6656101009.0,0.1729839159064534
비엠티,2023,Q2,43424930880.0,8270236330.0,0.1904490384303405
비엠티,2023,Q3,27761886236.0,1479802554.0,0.0533033865718057
비엠티,2023,Q4,39940911346.0,1026294006.0,0.0256953076786211
비엠티,2024,Q1,31285418121.0,2762441676.0,0.0882980583898842
비엠티,2024,Q2,32566322293.0,1384331573.0,0.0425080720059555
비엠티,2024,Q3,32655135560.0,-6669667.0,-0.0002042455768632
비엠티,2024,Q4,36302473793.0,2325682873.0,0.0640640328331687
비엠티,2025,Q1,36597570765.0,2776806768.0,0.075874073332091
비엠티,2025,Q2,39269116749.0,3416997023.0,0.0870148683210964
비엠티,2025,Q3,37463591230.0,5812584667.0,0.1551528958159626
비엠티,2025,Q4,33661058740.0,3307213008.0,0.0982504155185702
비엠티,2026,Q1,35569216432.0,1771664657.0,0.0498089312815481
에이치엠넥스,2025,Q2,4754359907.0,156731512.0,0.0329658492553832
에이치엠넥스,2025,Q3,11308015317.0,1277732761.0,0.112993547070909
에이치엠넥스,2025,Q4,11826571097.0,901702104.0,0.0762437477950588
에이치엠넥스,2026,Q1,11567890252.0,867558616.0,0.0749971340582182
일양약품,2023,Q1,80321570240.0,4483910610.0,0.0558244889461463
일양약품,2023,Q2,85359259555.0,2872078147.0,0.0336469430729939
일양약품,2023,Q3,100630595386.0,7947455270.0,0.0789765303436301
일양약품,2023,Q4,357577992.0,1075655986.0,3.0081716718181024
일양약품,2024,Q1,78491622967.0,2855505838.0,0.0363797527692927
일양약품,2024,Q2,82704430407.0,2688129397.0,0.0325028463864794
일양약품,2024,Q3,99140435589.0,5500217417.0,0.0554790523596435
일양약품,2024,Q4,8524740608.0,-43354879.0,-0.0050857710508298
일양약품,2025,Q1,61982600124.0,3383897646.0,0.0545943158117004
일양약품,2025,Q2,62700806684.0,1170482491.0,0.0186677421376571
일양약품,2025,Q3,68826927502.0,-157745085.0,-0.0022919094419174
일양약품,2025,Q4,78911877398.0,565934690.0,0.0071717301458391
일양약품,2026,Q1,65073523147.0,-7368840001.0,-0.1132386821035325
제테마,2023,Q2,15980281453.0,922443212.0,0.0577238401409274
제테마,2023,Q3,14151289566.0,515152620.0,0.0364032279600659
제테마,2023,Q4,15193343340.0,91916600.0,0.0060497941725576
제테마,2024,Q1,17226054426.0,1728822947.0,0.1003609360708053
제테마,2024,Q2,17306005305.0,2151333347.0,0.1243113768362502
제테마,2024,Q3,14961980874.0,244304810.0,0.0163283733656241
제테마,2024,Q4,19026142349.0,-13535383.0,-0.0007114097409615
제테마,2025,Q1,15833071688.0,-143686931.0,-0.0090751140291306
제테마,2025,Q2,20572927984.0,1772142200.0,0.0861395228417769
제테마,2025,Q3,20118949842.0,1018091510.0,0.0506036109237992
제테마,2025,Q4,20377934552.0,1172607534.0,0.0575430022609879
제테마,2026,Q1,16003577296.0,-665322358.0,-0.0415733523633052
웅진,2023,Q1,257285968097.0,-1927207364.0,-0.0074905265073508
웅진,2023,Q2,257164946606.0,11015584531.0,0.0428347046375526
웅진,2023,Q3,252110117792.0,10911880640.0,0.0432822003954744
웅진,2023,Q4,252014685110.0,2358248994.0,0.0093575856223246
웅진,2024,Q1,246434339102.0,326183150.0,0.0013236107889371
웅진,2024,Q2,257465251153.0,13564333960.0,0.0526841346521722
웅진,2024,Q3,249141661291.0,11713446881.0,0.0470152074137395
웅진,2024,Q4,255070114043.0,5454168842.0,0.0213830180084544
웅진,2025,Q1,233693012458.0,-9158565430.0,-0.039190583123002
웅진,2025,Q2,278827157448.0,25888373035.0,0.0928473871481764
웅진,2025,Q3,325174257873.0,38198539844.0,0.1174709833855262
웅진,2025,Q4,312997071360.0,23186087669.0,0.074077650529618
웅진,2026,Q1,302632321735.0,31743732048.0,0.1048920745345779
인터플렉스,2023,Q1,111767532849.0,,
인터플렉스,2023,Q2,112621273178.0,,
인터플렉스,2023,Q3,116905974605.0,,
인터플렉스,2023,Q4,96862915963.0,,
인터플렉스,2024,Q1,133095966734.0,,
인터플렉스,2024,Q2,145047802490.0,,
인터플렉스,2024,Q3,115652965609.0,,
인터플렉스,2024,Q4,103669678370.0,,
인터플렉스,2025,Q1,131747059713.0,,
인터플렉스,2025,Q2,85788373386.0,,
인터플렉스,2025,Q3,101991532306.0,,
인터플렉스,2025,Q4,148436767809.0,,
인터플렉스,2026,Q1,128995403822.0,,
코리아에프티,2023,Q1,157609947109.0,11532666492.0,0.0731721994933748
코리아에프티,2023,Q2,167179741863.0,4976463109.0,0.0297671419607651
코리아에프티,2023,Q3,155354777221.0,6057688220.0,0.038992609872451
코리아에프티,2023,Q4,199398038949.0,11360721884.0,0.0569750933553851
코리아에프티,2024,Q1,177261577671.0,7931678929.0,0.0447456184990145
코리아에프티,2024,Q2,190576121228.0,12757050981.0,0.0669393988018982
코리아에프티,2024,Q3,174899922542.0,6678704333.0,0.0381858621543768
코리아에프티,2024,Q4,193170763491.0,10168841419.0,0.0526417209065582
코리아에프티,2025,Q1,195652040166.0,11538517470.0,0.0589746851615255
코리아에프티,2025,Q2,202609481405.0,15756232252.0,0.0777665099517458
코리아에프티,2025,Q3,189267223384.0,12719675148.0,0.0672048488934258
코리아에프티,2025,Q4,198340406595.0,5399531010.0,0.0272235552134645
코리아에프티,2026,Q1,210561508338.0,11761953031.0,0.0558599390925683
대창단조,2023,Q1,103623664004.0,13117702897.0,0.1265898385574712
대창단조,2023,Q2,106358026660.0,16789894175.0,0.157862031689184
대창단조,2023,Q3,85087287462.0,10635881180.0,0.1249996503267305
대창단조,2023,Q4,77053612118.0,5899482709.0,0.0765633504626042
대창단조,2024,Q1,81758180318.0,9458574221.0,0.115689637222975
대창단조,2024,Q2,81927857148.0,7144160755.0,0.0872006299651449
대창단조,2024,Q3,82291860284.0,7009472044.0,0.0851781940499266
대창단조,2024,Q4,76259431870.0,6461706567.0,0.0847332114670788
대창단조,2025,Q1,87224128199.0,11263075403.0,0.1291279790988971
대창단조,2025,Q2,85029032687.0,8744956562.0,0.1028467134771604
대창단조,2025,Q3,86462136210.0,10565205983.0,0.1221945980763086
대창단조,2025,Q4,87551754061.0,7460365224.0,0.0852109167202079
대창단조,2026,Q1,98354445984.0,11523347964.0,0.117161434327784
인터로조,2023,Q1,31236512656.0,8341772366.0,0.2670519740108596
인터로조,2023,Q2,32944273052.0,8899766218.0,0.2701460798346469
인터로조,2023,Q3,30644426002.0,7472501684.0,0.2438453793689041
인터로조,2023,Q4,27017567735.0,-6398868198.0,-0.2368410162144449
인터로조,2024,Q1,33634629939.0,5529759612.0,0.164406732645158
인터로조,2024,Q2,25319175793.0,1341800968.0,0.0529954442028467
인터로조,2024,Q3,33096681919.0,3964883741.0,0.1197970162297102
인터로조,2024,Q4,23789917852.0,-5020098426.0,-0.2110178966245553
인터로조,2025,Q1,23126353528.0,2177686863.0,0.0941647311740429
인터로조,2025,Q2,31336030848.0,6342751283.0,0.2024108067089429
인터로조,2025,Q3,32353816573.0,4718826676.0,0.1458506963267501
인터로조,2025,Q4,31623822003.0,6243733793.0,0.19743767190467
인터로조,2026,Q1,30716020101.0,6226279777.0,0.2027046393551909
강남제비스코,2023,Q1,149366888763.0,-139328284.0,-0.0009327923019208
강남제비스코,2023,Q2,171018143478.0,9076590748.0,0.0530738468060122
강남제비스코,2023,Q3,158902992106.0,7415423612.0,0.0466663560812836
강남제비스코,2023,Q4,159501156651.0,6815284830.0,0.042728748637932
강남제비스코,2024,Q1,148959928588.0,4634960320.0,0.0311154843046385
강남제비스코,2024,Q2,177370313651.0,11718647060.0,0.0660688185005864
강남제비스코,2024,Q3,153620179770.0,2128100405.0,0.0138530003557227
강남제비스코,2024,Q4,163186670546.0,2048291587.0,0.0125518314709571
강남제비스코,2025,Q1,141022471131.0,698728439.0,0.0049547312098291
강남제비스코,2025,Q2,161608711288.0,6451094522.0,0.0399179875304099
강남제비스코,2025,Q3,147443122218.0,4379140525.0,0.0297005411925914
강남제비스코,2025,Q4,148478557639.0,-3234217203.0,-0.0217823856483266
강남제비스코,2026,Q1,146934818196.0,861821253.0,0.0058653303796952
동부건설,2023,Q1,403231707421.0,2977486724.0,0.0073840590142166
동부건설,2023,Q2,484535497051.0,7158611308.0,0.014774173103042
동부건설,2023,Q3,488592204116.0,414958600.0,0.0008492943532547
동부건설,2023,Q4,523620117682.0,19605106609.0,0.0374414693915683
동부건설,2024,Q1,419720749444.0,-18631333241.0,-0.044389831252519
동부건설,2024,Q2,444565459329.0,-40299760810.0,-0.0906497793841788
동부건설,2024,Q3,407780551929.0,-21884186600.0,-0.0536665775169442
동부건설,2024,Q4,416302396120.0,-16333414340.0,-0.0392344951463883
동부건설,2025,Q1,416202457048.0,15027892498.0,0.0361071691036818
동부건설,2025,Q2,413185085437.0,1618329238.0,0.0039167174591706
동부건설,2025,Q3,405526733221.0,673941350.0,0.0016618913003516
동부건설,2025,Q4,523711434330.0,25308154749.0,0.0483246175088338
동부건설,2026,Q1,434557723558.0,10124435464.0,0.0232982522577318
버킷스튜디오,2023,Q1,11835923152.0,-2775801319.0,-0.2345234320426415
버킷스튜디오,2023,Q2,10211276149.0,-896004891.0,-0.0877466124631
버킷스튜디오,2023,Q3,4513988664.0,-1872527591.0,-0.4148277123364969
버킷스튜디오,2023,Q4,4080924133.0,-1027415059.0,-0.2517603918906276
버킷스튜디오,2024,Q1,4639654688.0,-1079655080.0,-0.2327016022964854
버킷스튜디오,2024,Q2,4294985208.0,-2292522390.0,-0.5337672375983652
버킷스튜디오,2024,Q3,4611603412.0,-2858967730.0,-0.6199509096034991
버킷스튜디오,2024,Q4,4576939542.0,-2547861238.0,-0.5566735620210209
버킷스튜디오,2025,Q1,3874888928.0,-1754958721.0,-0.4529055551292437
버킷스튜디오,2025,Q2,3988335293.0,-1146568537.0,-0.2874804781364203
버킷스튜디오,2025,Q3,5101517354.0,-1346793002.0,-0.2639985142741906
버킷스튜디오,2025,Q4,4308666772.0,-1934670139.0,-0.4490182790585041
버킷스튜디오,2026,Q1,4462997153.0,-1190469787.0,-0.2667422241575425
KG파이낸셜,2023,Q1,67495007457.0,5598998261.0,0.0829542579807407
KG파이낸셜,2023,Q2,69970190671.0,7917256836.0,0.1131518545265506
KG파이낸셜,2023,Q3,76341661573.0,10114772459.0,0.1324934806315156
KG파이낸셜,2023,Q4,65772971719.0,9349575558.0,0.1421492037480673
KG파이낸셜,2024,Q1,82085548467.0,9629713713.0,0.1173131433344973
KG파이낸셜,2024,Q2,72399634503.0,9139617652.0,0.1262384501626356
KG파이낸셜,2024,Q3,66962564157.0,-17440655813.0,-0.260453822707696
KG파이낸셜,2024,Q4,44662992652.0,6099971955.0,0.136577770382049
KG파이낸셜,2025,Q1,61245154047.0,7706746679.0,0.1258343912905465
KG파이낸셜,2025,Q2,56176902707.0,7485287668.0,0.133244933545745
KG파이낸셜,2025,Q3,60808902123.0,10171383164.0,0.1672679954560935
KG파이낸셜,2025,Q4,55539820088.0,7761761202.0,0.1397512845684751
KG파이낸셜,2026,Q1,62548771452.0,7012227887.0,0.1121081633454814
코다코,2023,Q1,78166434727.0,3589997270.0,0.0459276066835878
코다코,2023,Q2,80455957405.0,2342553474.0,0.0291159728820083
코다코,2023,Q3,71665014047.0,-7847620510.0,-0.1095042066810075
코다코,2023,Q4,65822123969.0,-26242193575.0,-0.398683481975744
코다코,2024,Q1,66189679160.0,-1501283254.0,-0.0226815309131648
코다코,2024,Q2,65303234673.0,-2214772094.0,-0.0339151973878517
코다코,2024,Q3,59884798086.0,-3363216700.0,-0.0561614434296015
코다코,2024,Q4,60049817111.0,-30037895522.0,-0.500216269875993
코다코,2025,Q1,66702813373.0,659424981.0,0.0098860145120493
코다코,2025,Q2,65996935916.0,754167118.0,0.0114273050336744
코다코,2025,Q3,67525833013.0,-841793311.0,-0.0124662410434527
코다코,2025,Q4,70818708721.0,-170146169.0,-0.0024025596070992
코다코,2026,Q1,58647533692.0,641443366.0,0.010937260710206
아가방컴퍼니,2023,Q1,45939304059.0,1710167046.0,0.0372266642046563
아가방컴퍼니,2023,Q2,45000507091.0,6036275549.0,0.1341379450856731
아가방컴퍼니,2023,Q3,42397915229.0,3309007716.0,0.0780464722882565
아가방컴퍼니,2023,Q4,53075033982.0,5520712860.0,0.1040171328363597
아가방컴퍼니,2024,Q1,44984483344.0,2033851886.0,0.0452122984373738
아가방컴퍼니,2024,Q2,43606993815.0,6149329785.0,0.1410170536196132
아가방컴퍼니,2024,Q3,40870750424.0,3114391543.0,0.0762009875201894
아가방컴퍼니,2024,Q4,53280603539.0,3908396263.0,0.0733549547752242
아가방컴퍼니,2025,Q1,44370580498.0,1355120374.0,0.0305409656306182
아가방컴퍼니,2025,Q2,44511626864.0,4890458745.0,0.109869242927072
아가방컴퍼니,2025,Q3,43573726207.0,2023733096.0,0.0464438842431357
아가방컴퍼니,2025,Q4,56622115259.0,5717811103.0,0.1009819410109579
아가방컴퍼니,2026,Q1,48473525137.0,2136933493.0,0.044084548977208
오르비텍,2023,Q1,14789190856.0,-1092371927.0,-0.0738628595462897
오르비텍,2023,Q2,15180139926.0,-699117148.0,-0.0460547235669795
오르비텍,2023,Q3,13274743946.0,-2445978616.0,-0.184258063729887
오르비텍,2023,Q4,20766856984.0,-94151673.0,-0.0045337468771774
오르비텍,2024,Q1,17041716004.0,761249001.0,0.0446697387059684
오르비텍,2024,Q2,15942780403.0,-548488804.0,-0.0344035852050492
오르비텍,2024,Q3,17733867108.0,1567599508.0,0.0883958077757802
오르비텍,2024,Q4,15802370593.0,-1091408135.0,-0.0690661017330819
오르비텍,2025,Q1,13748869922.0,-3107438492.0,-0.2260141022228808
오르비텍,2025,Q2,14837552015.0,-3849440966.0,-0.2594390882073009
오르비텍,2025,Q3,13856213968.0,-2131826885.0,-0.153853490565555
오르비텍,2025,Q4,15465865483.0,-6039316342.0,-0.3904932671655773
오르비텍,2026,Q1,22403048972.0,-3090858518.0,-0.1379659760536633
바이오비쥬,2025,Q2,6237068317.0,1627875416.0,0.2610000938362337
바이오비쥬,2025,Q3,6640460473.0,2448757833.0,0.36876325715010394
바이오비쥬,2025,Q4,4027191344.0,-2740180164.0,-0.6804196597418988
바이오비쥬,2026,Q1,8014647553.0,2594342052.0,0.32370007974073667
미래산업,2023,Q1,4785829491.0,-448371497.0,-0.09368731122644168
미래산업,2023,Q2,5712206806.0,330133079.0,0.05779431491402484
미래산업,2023,Q3,8626163145.0,1135888592.0,0.1316794701081439
미래산업,2023,Q4,2615264040.0,-16992852181.0,-6.497566563489322
미래산업,2024,Q1,5162565692.0,2040268633.0,0.3952043915221525
미래산업,2024,Q2,5889135854.0,303352071.0,0.0515104556119143
미래산업,2024,Q3,6240665465.0,7405683878.0,1.1866817600677142
미래산업,2024,Q4,9749466113.0,3907028677.0,0.40074283368094826
미래산업,2025,Q1,4748774630.0,292221300.0,0.0615361483263315
미래산업,2025,Q2,6806499081.0,1036722598.0,0.15231363225978523
미래산업,2025,Q3,22627622309.0,6002294198.0,0.2652640262433859
미래산업,2025,Q4,16594970565.0,1811416899.0,0.10915457137480014
미래산업,2026,Q1,20738442765.0,4886166579.0,0.23560913586271384
녹십자웰빙,2024,Q2,32647534311.0,4028929461.0,0.12340685279998388
녹십자웰빙,2024,Q3,33036637224.0,3923803683.0,0.11877127978841288
녹십자웰빙,2024,Q4,35109930432.0,2263768585.0,0.06447658987489047
녹십자웰빙,2025,Q1,34756030922.0,4987301675.0,0.14349456893373633
녹십자웰빙,2025,Q2,38921496137.0,4221778994.0,0.10846908297511831
녹십자웰빙,2025,Q3,42272798095.0,5212708627.0,0.12331118028396033
녹십자웰빙,2025,Q4,48729717139.0,2872229478.0,0.05894205110624909
녹십자웰빙,2026,Q1,49125123709.0,4822931491.0,0.09817647523025803
GC메디아이,2023,Q1,36398883123.0,1793733505.0,0.049279905071223526
GC메디아이,2023,Q2,39123955201.0,229094083.0,0.00585559618967523
GC메디아이,2023,Q3,37829625957.0,457919141.0,0.01210477580509269
GC메디아이,2023,Q4,40688373119.0,971903676.0,0.023886520927182416
GC메디아이,2024,Q1,45499465811.0,94655768.0,0.002080370973874509
GC메디아이,2024,Q2,46559516344.0,76867554.0,0.0016509525879107572
GC메디아이,2024,Q3,46871140633.0,608719098.0,0.012987076691097773
GC메디아이,2024,Q4,51667361500.0,4382389005.0,0.08481929167217103
GC메디아이,2025,Q1,45306278523.0,429559627.0,0.009481238384696097
GC메디아이,2025,Q2,48673547294.0,1111605127.0,0.022837972344313354
GC메디아이,2025,Q3,50645525916.0,2995910623.0,0.059154497239676765
GC메디아이,2025,Q4,53070720276.0,2985251735.0,0.05625044694089088
GC메디아이,2026,Q1,49840502672.0,2240710872.0,0.04495762987677116
유비쿼스홀딩스,2023,Q1,36188748318.0,5553035854.0,0.15344647472203296
유비쿼스홀딩스,2023,Q2,51758205606.0,13536288437.0,0.26152932232702486
유비쿼스홀딩스,2023,Q3,44699007015.0,7479653885.0,0.1673337817658901
유비쿼스홀딩스,2023,Q4,38953744071.0,6029454825.0,0.1547849884214022
유비쿼스홀딩스,2024,Q1,29709772313.0,2260284119.0,0.07607880986724949
유비쿼스홀딩스,2024,Q2,25855346699.0,2479773080.0,0.09590948862023611
유비쿼스홀딩스,2024,Q3,29365949841.0,3627592566.0,0.12353057148300535
유비쿼스홀딩스,2024,Q4,40718390502.0,5980240703.0,0.14686829782002958
유비쿼스홀딩스,2025,Q1,28976003954.0,4485668189.0,0.1548063078718891
유비쿼스홀딩스,2025,Q2,43528950651.0,7862922063.0,0.18063660955308058
유비쿼스홀딩스,2025,Q3,39625682864.0,8196272199.0,0.20684242154590923
유비쿼스홀딩스,2025,Q4,43531667131.0,10060574968.0,0.23110934248680795
유비쿼스홀딩스,2026,Q1,32855056365.0,5749627815.0,0.17499978545539774
메가스터디,2023,Q1,23890355460.0,-1200447434.0,-0.05024820312991693
메가스터디,2023,Q2,29647064064.0,4143247962.0,0.1397523867137686
메가스터디,2023,Q3,31005513500.0,5462076004.0,0.17616466839034936
메가스터디,2023,Q4,23241949004.0,1954641726.0,0.08409973387617369
메가스터디,2024,Q1,28871912002.0,5224221511.0,0.1809447711893175
메가스터디,2024,Q2,38162435468.0,9077785346.0,0.2378722750441835
메가스터디,2024,Q3,36385199274.0,7551338985.0,0.2075387557488522
메가스터디,2024,Q4,30844517626.0,1926477221.0,0.06245768678762219
메가스터디,2025,Q1,28807828799.0,1666308188.0,0.057842199758485174
메가스터디,2025,Q2,35906901369.0,8812314558.0,0.24542119264036683
메가스터디,2025,Q3,34299330274.0,6981177388.0,0.20353684262144203
메가스터디,2025,Q4,28270844830.0,3082868679.0,0.10904763184609789
메가스터디,2026,Q1,27567865731.0,1530993342.0,0.055535432337745376
동국씨엠,2025,Q1,746010733562.0,4867277623.0,0.006524406960956262
동국씨엠,2025,Q2,690800536737.0,-20068538914.0,-0.029051133933383797
동국씨엠,2025,Q3,667941429218.0,1730819311.0,0.0025912740777681307
동국씨엠,2025,Q4,663950432829.0,-25357564731.0,-0.03819195451527151
동국씨엠,2026,Q1,686958183630.0,7984801682.0,0.011623417366988766
아이엘,2023,Q1,9043866815.0,114240185.0,0.012631785422859525
아이엘,2023,Q2,9731929755.0,-2032855454.0,-0.20888513431322028
아이엘,2023,Q3,8332912097.0,-3881588532.0,-0.46581416998235736
아이엘,2023,Q4,11969426521.0,-10942816331.0,-0.9142306284934502
아이엘,2024,Q1,20083720501.0,1972522264.0,0.09821498282162336
아이엘,2024,Q2,26307069101.0,2660787083.0,0.10114342547185755
아이엘,2024,Q3,15833885118.0,-364532407.0,-0.023022297072598983
아이엘,2024,Q4,21273294859.0,768904494.0,0.03614411867537778
아이엘,2025,Q1,25486449270.0,1933721865.0,0.07587254876167378
아이엘,2025,Q2,28904020998.0,-2410462243.0,-0.08339539481952324
아이엘,2025,Q3,29179455623.0,1167747984.0,0.040019526035281854
아이엘,2025,Q4,19319720406.0,-9307009286.0,-0.4817362306707908
아이엘,2026,Q1,25234462469.0,154430512.0,0.006119825702240125
케이엔알시스템,2024,Q1,1884129077.0,-1796642841.0,-0.9535667502465915
케이엔알시스템,2024,Q2,4427615522.0,-3049566513.0,-0.6887604621149397
케이엔알시스템,2024,Q3,2616417264.0,-2121921685.0,-0.8110027839198664
케이엔알시스템,2024,Q4,9604832212.0,-753457299.0,-0.078445649270026
케이엔알시스템,2025,Q1,2357432317.0,-2039457577.0,-0.8651181890962429
케이엔알시스템,2025,Q2,1751428270.0,-2303655657.0,-1.3153011724539538
케이엔알시스템,2025,Q3,2219293033.0,-2766309598.0,-1.2464823513011047
케이엔알시스템,2025,Q4,9585095415.0,-428957601.0,-0.0447525645210283
헬릭스미스,2023,Q1,1471040560.0,-12089173424.0,-8.218110195411606
헬릭스미스,2023,Q2,1099759123.0,-9050777049.0,-8.22978128547882
헬릭스미스,2023,Q3,1092160154.0,-7841478694.0,-7.179788298704038
헬릭스미스,2023,Q4,538662837.0,-6264023642.0,-11.628839436718
헬릭스미스,2024,Q1,817608986.0,-5729840669.0,-7.008045125619497
헬릭스미스,2024,Q2,720461631.0,-5914679562.0,-8.209569125548617
헬릭스미스,2024,Q3,1802995151.0,-5056965863.0,-2.804758437755776
헬릭스미스,2024,Q4,1632906122.0,-1253268450.0,-0.7675079621019388
헬릭스미스,2025,Q1,930471490.0,-2857519001.0,-3.0710441230176757
헬릭스미스,2025,Q2,612736154.0,-1990197992.0,-3.2480505336722794
헬릭스미스,2025,Q3,564704022.0,-2676753622.0,-4.740100154625781
헬릭스미스,2025,Q4,490238002.0,-2373601434.0,-4.841732840613201
헬릭스미스,2026,Q1,554937407.0,-2197164903.0,-3.959302211897927
압타바이오,2023,Q3,8386500.0,-4213642380.0,-502.4315721695582
압타바이오,2023,Q4,289209868.0,-5563692117.0,-19.237559753666496
압타바이오,2024,Q1,637231826.0,-3110788293.0,-4.881721480433402
압타바이오,2024,Q2,1120327609.0,-3235168098.0,-2.8876982696942535
압타바이오,2024,Q3,859407532.0,-5904037705.0,-6.869892903149469
압타바이오,2024,Q4,744013230.0,-6604403693.0,-8.876728835856857
압타바이오,2025,Q1,382701179.0,-2631487692.0,-6.876089848680607
압타바이오,2025,Q2,1122305404.0,-4135918140.0,-3.685198454234655
압타바이오,2025,Q3,1191690289.0,-3375532700.0,-2.8325587035139463
압타바이오,2025,Q4,1001217878.0,-5700132083.0,-5.693198461843687
압타바이오,2026,Q1,957409754.0,-6095051706.0,-6.366189273229401
아이디스홀딩스,2023,Q1,189800735095.0,15141776124.0,0.07977722592286676
아이디스홀딩스,2023,Q2,193729475971.0,18274869648.0,0.09433190048341238
아이디스홀딩스,2023,Q3,171222280194.0,8244344288.0,0.048149950337414676
아이디스홀딩스,2023,Q4,193803485891.0,3057278331.0,0.015775146236118223
아이디스홀딩스,2024,Q1,183885253081.0,10826449938.0,0.058876118430394385
아이디스홀딩스,2024,Q2,188604572819.0,17639644964.0,0.09352713298700563
아이디스홀딩스,2024,Q3,209920522181.0,20972262057.0,0.09990572545792861
아이디스홀딩스,2024,Q4,198940501694.0,13697191815.0,0.06885069504885592
아이디스홀딩스,2025,Q1,202867818046.0,18846472731.0,0.09290025846645912
아이디스홀딩스,2025,Q2,218948507991.0,20915370391.0,0.09552643488148245
아이디스홀딩스,2025,Q3,225760132943.0,19258534662.0,0.08530529465475821
아이디스홀딩스,2025,Q4,260517680678.0,30716142555.0,0.11790425308202084
아이디스홀딩스,2026,Q1,244610872112.0,27655489800.0,0.11305911941370038
SG,2023,Q1,10339412735.0,,
SG,2023,Q2,24687546031.0,,
SG,2023,Q3,19682926025.0,,
SG,2023,Q4,26211245522.0,,
SG,2024,Q1,15302393628.0,,
SG,2024,Q2,33355571099.0,,
SG,2024,Q3,29086080698.0,,
SG,2024,Q4,41196035626.0,,
SG,2025,Q1,14273735630.0,,
SG,2025,Q2,35137804034.0,,
SG,2025,Q3,21982774687.0,,
SG,2025,Q4,30851885212.0,,
SG,2026,Q1,8952511032.0,,
에이스테크,2023,Q1,44566985538.0,-8360347736.0,-0.1875906040104857
에이스테크,2023,Q2,40950986837.0,-23447451722.0,-0.5725735454271099
에이스테크,2023,Q3,26970256169.0,-14302526604.0,-0.5303074065881336
에이스테크,2023,Q4,27559214552.0,-16180318612.0,-0.5871110216682782
에이스테크,2024,Q1,30601904423.0,-4031700122.0,-0.13174670655365572
에이스테크,2024,Q2,35275988839.0,-9628553498.0,-0.27294921602183353
에이스테크,2024,Q3,36911735955.0,-10173250876.0,-0.27561019856672303
에이스테크,2024,Q4,42285875206.0,-7315468211.0,-0.17300027906155288
에이스테크,2025,Q1,53018060875.0,-1906486069.0,-0.03595918140980104
에이스테크,2025,Q2,46088165985.0,-4988720846.0,-0.10824298904893817
에이스테크,2025,Q3,37885513748.0,-4253549500.0,-0.11227377113830342
에이스테크,2025,Q4,41434276375.0,-11004553454.0,-0.26559057902697597
에이스테크,2026,Q1,33166651189.0,-4084561442.0,-0.1231526637622878
경동제약,2023,Q1,37527618526.0,-4112977976.0,-0.10959869390993819
경동제약,2023,Q2,41328143293.0,-3585369291.0,-0.08675369869827362
경동제약,2023,Q3,39039208897.0,-1580495711.0,-0.04048482937166933
경동제약,2023,Q4,44779128237.0,-15675713728.0,-0.3500674163425876
경동제약,2024,Q1,45085518528.0,-767824800.0,-0.017030408545110745
경동제약,2024,Q2,49690057493.0,636361681.0,0.012806619937794323
경동제약,2024,Q3,49633096155.0,528556480.0,0.010649274797392498
경동제약,2024,Q4,49527625176.0,2226511616.0,0.044954943995152805
경동제약,2025,Q1,45812565675.0,1529815642.0,0.03339292657941712
경동제약,2025,Q2,49416502805.0,478355679.0,0.00968007956547665
경동제약,2025,Q3,48881462457.0,3088495412.0,0.06318336761542036
경동제약,2025,Q4,52162511850.0,2569490242.0,0.04925932726148041
경동제약,2026,Q1,47814426265.0,2410534894.0,0.05041438499418958
와이솔,2023,Q1,95868634273.0,3704744731.0,0.03864397108704184
와이솔,2023,Q2,84792502465.0,2852684245.0,0.03364311893233142
와이솔,2023,Q3,98734456481.0,1577661243.0,0.015978831496414807
와이솔,2023,Q4,90340693129.0,5349606567.0,0.0592159123614554
와이솔,2024,Q1,110845792072.0,6210206514.0,0.05602564064828148
와이솔,2024,Q2,92945777385.0,2762003973.0,0.029716293205652874
와이솔,2024,Q3,86025677482.0,-4522883945.0,-0.052575975887506
와이솔,2024,Q4,85174410276.0,-3988156998.0,-0.046823417797396384
와이솔,2025,Q1,85392736352.0,-11508863119.0,-0.13477566840766134
와이솔,2025,Q2,77986657307.0,-21048741797.0,-0.2699018335167276
와이솔,2025,Q3,81828892012.0,-3776522013.0,-0.046151449935875735
와이솔,2025,Q4,76030894078.0,55394970.0,0.0007285850136547173
와이솔,2026,Q1,97187733361.0,2132362922.0,0.021940659054979935
바이오솔루션,2025,Q2,3132996258.0,-1379591655.0,-0.4403425798793278
바이오솔루션,2025,Q3,4511774796.0,-1099400041.0,-0.24367351889431496
바이오솔루션,2025,Q4,4415966654.0,-484514028.0,-0.1097186790487028
바이오솔루션,2026,Q1,3762806551.0,-1298983583.0,-0.3452166794635731
노루페인트,2023,Q1,169904334750.0,5655817477.0,0.03328824709105899
노루페인트,2023,Q2,227210732094.0,18270811855.0,0.08041350726092081
노루페인트,2023,Q3,195492972446.0,14365392626.0,0.07348291064512857
노루페인트,2023,Q4,187899211729.0,3590573881.0,0.019109041746159905
노루페인트,2024,Q1,172542442414.0,8837863563.0,0.051221389006389194
노루페인트,2024,Q2,229903945360.0,18380014726.0,0.0799464954688762
노루페인트,2024,Q3,193530876997.0,13763251177.0,0.0711165649149275
노루페인트,2024,Q4,198186423652.0,2245475145.0,0.01133011587586282
노루페인트,2025,Q1,172118212804.0,4664985743.0,0.0271033824195715
노루페인트,2025,Q2,224428116881.0,14087089048.0,0.06276882435131553
노루페인트,2025,Q3,195030662095.0,8866055341.0,0.045459802298580716
노루페인트,2025,Q4,179475161743.0,2562570729.0,0.014278135782763527
노루페인트,2026,Q1,176231831503.0,7932262859.0,0.04501038655360606
폴라리스오피스,2023,Q1,7160045694.0,661265164.0,0.09235488043800186
폴라리스오피스,2023,Q2,5990193563.0,415581331.0,0.06937694527384673
폴라리스오피스,2023,Q3,49761753311.0,4266554153.0,0.0857396267035644
폴라리스오피스,2023,Q4,44979942781.0,904669507.0,0.020112731387958587
폴라리스오피스,2024,Q1,46586618990.0,1750064921.0,0.03756582810561244
폴라리스오피스,2024,Q2,74269593518.0,4231718204.0,0.05697780213344509
폴라리스오피스,2024,Q3,75764916473.0,3226342060.0,0.04258358895109133
폴라리스오피스,2024,Q4,79652998343.0,-4405737533.0,-0.05531163452288525
폴라리스오피스,2025,Q1,74399265448.0,2015150999.0,0.027085630306504207
폴라리스오피스,2025,Q2,79848158751.0,3568771394.0,0.044694473232988675
폴라리스오피스,2025,Q3,84778104988.0,4771478011.0,0.05628196114639958
폴라리스오피스,2025,Q4,85191484937.0,-1235999755.0,-0.014508489386163826
폴라리스오피스,2026,Q1,75515428455.0,2388155322.0,0.03162473379096449
동양이엔피,2023,Q1,132785872714.0,10092061404.0,0.0760025234441673
동양이엔피,2023,Q2,130727587776.0,10359875573.0,0.07924781409377422
동양이엔피,2023,Q3,147518670770.0,12141711501.0,0.08230626969199338
동양이엔피,2023,Q4,125882042074.0,10364764149.0,0.08233711479598538
동양이엔피,2024,Q1,125626043587.0,10988097551.0,0.087466716592013
동양이엔피,2024,Q2,141470098096.0,13530374001.0,0.09564122866316557
동양이엔피,2024,Q3,159331870081.0,15622350622.0,0.09804912610426289
동양이엔피,2024,Q4,121964771697.0,11477303617.0,0.09410343214115417
동양이엔피,2025,Q1,163434975831.0,15900928474.0,0.09729207835195791
동양이엔피,2025,Q2,141213458072.0,13504295749.0,0.09563037357327948
동양이엔피,2025,Q3,165242160102.0,16260652951.0,0.09840498902315663
동양이엔피,2025,Q4,126584617232.0,7951700707.0,0.06281727496498561
동양이엔피,2026,Q1,122844264442.0,6519831659.0,0.05307396066568732
삼일제약,2023,Q1,45739832341.0,1563474308.0,0.034181898533076654
삼일제약,2023,Q2,48460250127.0,1802248125.0,0.03719023571436053
삼일제약,2023,Q3,51630184077.0,925555944.0,0.017926644278851465
삼일제약,2023,Q4,50515541301.0,2179749383.0,0.043150074746538446
삼일제약,2024,Q1,54298959877.0,2108121596.0,0.038824345821271616
삼일제약,2024,Q2,54287928880.0,1104040363.0,0.020336755993038722
삼일제약,2024,Q3,53321828413.0,-239672437.0,-0.004494827805671555
삼일제약,2024,Q4,57790869272.0,-2859448791.0,-0.049479248660227695
삼일제약,2025,Q1,52287894319.0,-5377748206.0,-0.10284881952199541
삼일제약,2025,Q2,53785726229.0,-3107268503.0,-0.05777124751965576
삼일제약,2025,Q3,51175989939.0,-5154904161.0,-0.10072895838740914
삼일제약,2025,Q4,53003862506.0,-8571964057.0,-0.16172338489538682
삼일제약,2026,Q1,52547340740.0,-8376063703.0,-0.15940033472757617
삼화전기,2023,Q1,54347147136.0,3435340858.0,0.06321106146387584
삼화전기,2023,Q2,55989902607.0,3315012903.0,0.05920733469155113
삼화전기,2023,Q3,46789976337.0,1061157550.0,0.022679164066190624
삼화전기,2023,Q4,45323912458.0,17179223.0,0.00037903221651306807
삼화전기,2024,Q1,58333460678.0,7696042843.0,0.13193187500878892
삼화전기,2024,Q2,61305804649.0,9081630027.0,0.1481365439862657
삼화전기,2024,Q3,58411132034.0,6589886245.0,0.11281901266977934
삼화전기,2024,Q4,55065767036.0,1421286882.0,0.025810716140044217
삼화전기,2025,Q1,61704426707.0,5737836094.0,0.09298905119475126
삼화전기,2025,Q2,59227403188.0,5339305885.0,0.09014924844926835
삼화전기,2025,Q3,54013930282.0,3089229387.0,0.057193197585724984
삼화전기,2025,Q4,55122037779.0,2441896476.0,0.044299822256032344
삼화전기,2026,Q1,57447366248.0,3382657630.0,0.05888272780682553
유비쿼스,2023,Q1,32834316694.0,5596754210.0,0.17045441396448266
유비쿼스,2023,Q2,43240921336.0,10300852538.0,0.23822000595126264
유비쿼스,2023,Q3,39093678139.0,6923399904.0,0.17709768519051652
유비쿼스,2023,Q4,35109286196.0,6217978384.0,0.1771035260952817
유비쿼스,2024,Q1,27132745957.0,2732761277.0,0.10071819790488153
유비쿼스,2024,Q2,22790829199.0,1974655584.0,0.0866425511225648
유비쿼스,2024,Q3,23923640439.0,2830015255.0,0.1182936711582802
유비쿼스,2024,Q4,29946103922.0,4833480617.0,0.161405992231566
유비쿼스,2025,Q1,21478129184.0,2883351930.0,0.13424595342074463
유비쿼스,2025,Q2,31783795598.0,5551813018.0,0.17467432424431237
유비쿼스,2025,Q3,28199051315.0,5570856965.0,0.19755476532774982
유비쿼스,2025,Q4,34977022438.0,9098415358.0,0.26012549736409896
유비쿼스,2026,Q1,22920528346.0,3661259765.0,0.1597371452233102
우양에이치씨,2026,Q1,31156578244.0,3011328765.0,0.09665145965057664
멀티캠퍼스,2023,Q1,82267583907.0,6894978847.0,0.0838116122967034
멀티캠퍼스,2023,Q2,91328760347.0,10521392722.0,0.11520349867910597
멀티캠퍼스,2023,Q3,92891121210.0,10087047812.0,0.10859001033259247
멀티캠퍼스,2023,Q4,92110785963.0,12782411282.0,0.13877214430820914
멀티캠퍼스,2024,Q1,82333681243.0,7152581711.0,0.08687309498393297
멀티캠퍼스,2024,Q2,88535063606.0,10526492388.0,0.11889631022173482
멀티캠퍼스,2024,Q3,91058955164.0,9885793896.0,0.10856476310534618
멀티캠퍼스,2024,Q4,90811809717.0,11363971422.0,0.1251375945200733
멀티캠퍼스,2025,Q1,75918093527.0,4700316971.0,0.06191300061201285
멀티캠퍼스,2025,Q2,84872940243.0,8794641180.0,0.10362126202792118
멀티캠퍼스,2025,Q3,84863092947.0,7992111069.0,0.09417652352114193
멀티캠퍼스,2025,Q4,85173268804.0,10404867878.0,0.12216119005533993
멀티캠퍼스,2026,Q1,80685700556.0,638362100.0,0.007911712925600046
제일약품,2023,Q1,191050295137.0,16170992539.0,0.08464259386463635
제일약품,2023,Q2,178469773997.0,-3214733776.0,-0.018012763192348964
제일약품,2023,Q3,177205641514.0,-2652483867.0,-0.014968394032706021
제일약품,2023,Q4,179668047384.0,-1572395354.0,-0.008751669408636467
제일약품,2024,Q1,170415791361.0,-2214515606.0,-0.012994779347113935
제일약품,2024,Q2,173178876109.0,-15042911194.0,-0.08686343006713987
제일약품,2024,Q3,174380563988.0,-4055827767.0,-0.023258485201820438
제일약품,2024,Q4,186566795844.0,2386012236.0,0.01278905083407817
제일약품,2025,Q1,163023874910.0,5655822752.0,0.034693217512602924
제일약품,2025,Q2,137628245268.0,4684007072.0,0.03403376293055943
제일약품,2025,Q3,134761201944.0,9821276331.0,0.07287910904120037
제일약품,2025,Q4,131831118161.0,534036499.0,0.00405091382406241
제일약품,2026,Q1,130298266423.0,417680273.0,0.003205570453593325
유성티엔에스,2023,Q1,55526155045.0,273293994.0,0.004921896604915551
유성티엔에스,2023,Q2,65707516854.0,1851562452.0,0.028178852902235107
유성티엔에스,2023,Q3,60836999408.0,-150422940.0,-0.00247255685625119
유성티엔에스,2023,Q4,55252124147.0,120914025.0,0.0021884050046348347
유성티엔에스,2024,Q1,52087655118.0,664223191.0,0.012752027126106192
유성티엔에스,2024,Q2,41163600169.0,1933175688.0,0.046963231594496446
유성티엔에스,2024,Q3,38203445676.0,104187262.0,0.0027271692423663256
유성티엔에스,2024,Q4,33627590311.0,2304668475.0,0.06853504677812476
유성티엔에스,2025,Q1,22796603611.0,286977441.0,0.012588605122805458
유성티엔에스,2025,Q2,16030006028.0,806710323.0,0.05032501682101052
유성티엔에스,2025,Q3,14950361375.0,258912504.0,0.017318143522132755
유성티엔에스,2025,Q4,13265909650.0,-180789898.0,-0.013628156890093097
유성티엔에스,2026,Q1,13231556369.0,928297192.0,0.0701578231699857
신라교역,2023,Q1,76999936961.0,-2471282243.0,-0.032094600859890174
신라교역,2023,Q2,111819495717.0,5682177030.0,0.05081562024193724
신라교역,2023,Q3,118842577570.0,6988870072.0,0.05880779611905888
신라교역,2023,Q4,126523745285.0,3725868708.0,0.029447979899799248
신라교역,2024,Q1,138116107507.0,12948759875.0,0.09375271363149103
신라교역,2024,Q2,134754393853.0,1279624221.0,0.009495974004349782
신라교역,2024,Q3,107437919403.0,905006137.0,0.00842352627479055
신라교역,2024,Q4,115812144693.0,1305410346.0,0.011271791481458529
신라교역,2025,Q1,117705587871.0,2369368163.0,0.02012961496438657
신라교역,2025,Q2,103711053217.0,-1556116495.0,-0.015004345696345952
신라교역,2025,Q3,105287175044.0,-3157301726.0,-0.029987524355939352
신라교역,2025,Q4,128037312959.0,777974333.0,0.006076153232371585
신라교역,2026,Q1,85918859854.0,4474069632.0,0.05207319603172908
신세계푸드,2023,Q1,349289647520.0,4565257015.0,0.013070118302714933
신세계푸드,2023,Q2,369998667898.0,8003077074.0,0.02163001591185799
신세계푸드,2023,Q3,393013383937.0,7782948841.0,0.019803266654775314
신세계푸드,2023,Q4,376618971696.0,6072319645.0,0.016123244184048875
신세계푸드,2024,Q1,381815700050.0,4644415010.0,0.012164023138367015
신세계푸드,2024,Q2,393946074582.0,9666486991.0,0.0245375893166513
신세계푸드,2024,Q3,385384922752.0,8466938990.0,0.02197008364919502
신세계푸드,2024,Q4,373653135043.0,-2013300190.0,-0.005388152811211686
신세계푸드,2025,Q1,358620031751.0,7880639509.0,0.02197490048317142
신세계푸드,2025,Q2,371487792054.0,13482188296.0,0.0362924127908898
신세계푸드,2025,Q3,319183832684.0,1686110620.0,0.005282569000508531
신세계푸드,2025,Q4,313787396825.0,-6242338302.0,-0.019893527799911503
신세계푸드,2026,Q1,309397523076.0,3449984666.0,0.011150653798713672
시너지이노베이션,2023,Q1,6974260857.0,264187957.0,0.03788042380646503
시너지이노베이션,2023,Q2,21246112013.0,3370962841.0,0.1586625750131312
시너지이노베이션,2023,Q3,19476030251.0,1825693730.0,0.09374054704532303
시너지이노베이션,2023,Q4,23139594176.0,5516568085.0,0.23840383902331755
시너지이노베이션,2024,Q1,22737455369.0,5240821998.0,0.23049289874122325
시너지이노베이션,2024,Q2,22695249317.0,3209125080.0,0.14140074141402745
시너지이노베이션,2024,Q3,24217474762.0,4074302036.0,0.1682381039328282
시너지이노베이션,2024,Q4,20955030000.0,3585296733.0,0.1710948031570463
시너지이노베이션,2025,Q1,27242106360.0,4788466775.0,0.17577446882121342
시너지이노베이션,2025,Q2,27685126559.0,4693830022.0,0.1695433832313152
시너지이노베이션,2025,Q3,30365866883.0,6373629282.0,0.20989452751530724
시너지이노베이션,2025,Q4,27756925379.0,3307887470.0,0.11917341077346562
시너지이노베이션,2026,Q1,27031055648.0,3820518808.0,0.14133812817934382
윤성에프앤씨,2023,Q1,85957513911.0,6617871112.0,0.07699002461672068
윤성에프앤씨,2023,Q2,34989874780.0,524056627.0,0.014977379321733028
윤성에프앤씨,2023,Q3,29364540964.0,-2657669663.0,-0.09050608576712366
윤성에프앤씨,2023,Q4,162569505104.0,21989693320.0,0.13526333432541737
윤성에프앤씨,2024,Q1,90326047483.0,9392983957.0,0.10398975952941843
윤성에프앤씨,2024,Q2,68327457663.0,8055086029.0,0.11788944451480608
윤성에프앤씨,2024,Q3,35980392537.0,864439010.0,0.02402528013309095
윤성에프앤씨,2024,Q4,76699366273.0,13601543771.0,0.177335803826427
윤성에프앤씨,2025,Q1,29795776694.0,-590808405.0,-0.019828595544514587
윤성에프앤씨,2025,Q2,28903898437.0,-5610748182.0,-0.19411735044078546
윤성에프앤씨,2025,Q3,16379566318.0,-10854501412.0,-0.6626855193395237
윤성에프앤씨,2025,Q4,25095892748.0,-14585781338.0,-0.5812019315058
윤성에프앤씨,2026,Q1,21913061979.0,-1481790511.0,-0.06762133527573864
엘오티베큠,2023,Q1,110545096848.0,10667916902.0,0.09650285002389959
엘오티베큠,2023,Q2,121635879194.0,18667799548.0,0.15347280483109985
엘오티베큠,2023,Q3,140839043119.0,23821008515.0,0.16913639845502762
엘오티베큠,2023,Q4,100008401939.0,13994625055.0,0.13993449333922967
엘오티베큠,2024,Q1,72577317683.0,1734280864.0,0.0238956318498145
엘오티베큠,2024,Q2,69566935713.0,1006639728.0,0.014470088666157663
엘오티베큠,2024,Q3,59915119647.0,-2715738223.0,-0.04532642576698884
엘오티베큠,2024,Q4,63909745455.0,-4196923037.0,-0.06566953141684986
엘오티베큠,2025,Q1,55586536158.0,-5992200788.0,-0.1077994997020084
엘오티베큠,2025,Q2,63218231127.0,3322811611.0,0.05256097096935149
엘오티베큠,2025,Q3,58555035770.0,-2209874947.0,-0.03774013486526131
엘오티베큠,2025,Q4,67533102404.0,-3174993745.0,-0.0470138884780739
엘오티베큠,2026,Q1,62627440636.0,-5424699511.0,-0.0866185725603759
디엔에프,2023,Q1,28761699045.0,516850484.0,0.01797009568841346
디엔에프,2023,Q2,26277674498.0,-1050583985.0,-0.03998009736668137
디엔에프,2023,Q3,21692838477.0,-2194803948.0,-0.1011764297386466
쎌바이오텍,2023,Q1,12844814099.0,1035866929.0,0.08064475834497634
쎌바이오텍,2023,Q2,12440579292.0,-3037003565.0,-0.24412075143100176
쎌바이오텍,2023,Q3,13659840066.0,1812397979.0,0.13268076128586204
쎌바이오텍,2023,Q4,14842155072.0,2384126923.0,0.1606321259570788
쎌바이오텍,2024,Q1,13037791214.0,1071188385.0,0.08216026529476529
쎌바이오텍,2024,Q2,12557619109.0,2508812642.0,0.19978410080951914
쎌바이오텍,2024,Q3,12162252595.0,2088786433.0,0.17174338525568175
쎌바이오텍,2024,Q4,12155005751.0,1127181676.0,0.09273394839054404
쎌바이오텍,2025,Q1,11228890889.0,1361886709.0,0.1212841697779899
쎌바이오텍,2025,Q2,11909770622.0,1281347367.0,0.10758791312345393
쎌바이오텍,2025,Q3,15355185982.0,2215970965.0,0.14431417291836485
쎌바이오텍,2025,Q4,14631825987.0,3054557741.0,0.20876121296917388
쎌바이오텍,2026,Q1,14597288694.0,3186765524.0,0.21831215308565302
크레오에스지,2023,Q1,3115208937.0,-1483585033.0,-0.4762393351467199
크레오에스지,2023,Q2,2408599041.0,-891170797.0,-0.36999549606646215
크레오에스지,2023,Q3,2248488758.0,-787323892.0,-0.35015691726220316
크레오에스지,2023,Q4,1983921109.0,-572645494.0,-0.2886432789097361
크레오에스지,2024,Q1,1892053576.0,-1493136485.0,-0.7891618418949041
크레오에스지,2024,Q2,2102522688.0,-1270971598.0,-0.6044983986398724
크레오에스지,2024,Q3,2116462421.0,-1787480361.0,-0.8445604057337525
크레오에스지,2024,Q4,2046017959.0,-1101942920.0,-0.5385792999288136
크레오에스지,2025,Q1,2016675592.0,-2007198086.0,-0.9953004310472162
크레오에스지,2025,Q2,2744700893.0,-1544720034.0,-0.5628008639992816
크레오에스지,2025,Q3,2885675932.0,-921739402.0,-0.3194188896190995
크레오에스지,2025,Q4,3214054855.0,-1935734366.0,-0.6022717263175025
크레오에스지,2026,Q1,2631488891.0,-812040098.0,-0.30858579748418175
나노엔텍,2023,Q1,6362004086.0,-497474645.0,-0.07819464405795101
나노엔텍,2023,Q2,5971021619.0,-1718107471.0,-0.2877409563437054
나노엔텍,2023,Q3,6409654053.0,-805647268.0,-0.12569278487392338
나노엔텍,2023,Q4,8093876770.0,792035254.0,0.09785610486876735
나노엔텍,2024,Q1,6585640381.0,-83136166.0,-0.012623854506215256
나노엔텍,2024,Q2,6715145387.0,16129772.0,0.002401998924881952
나노엔텍,2024,Q3,7912489657.0,230831084.0,0.029173002936665957
나노엔텍,2024,Q4,9250743896.0,457040534.0,0.049405814185129834
나노엔텍,2025,Q1,7963678289.0,81640286.0,0.01025158011628463
나노엔텍,2025,Q2,8971079249.0,175706875.0,0.019585923847410657
나노엔텍,2025,Q3,8551120275.0,-65059131.0,-0.007608258205677033
나노엔텍,2025,Q4,12644384754.0,909240314.0,0.07190862439648284
나노엔텍,2026,Q1,10491317268.0,149186605.0,0.014220007000935928
지앤비에스 에코,2024,Q3,10328559295.0,1103003121.0,0.10679157562022787
지앤비에스 에코,2024,Q4,19106210178.0,2216910688.0,0.11603089609851983
지앤비에스 에코,2025,Q1,18699786524.0,341049772.0,0.01823816392568354
지앤비에스 에코,2025,Q2,25486544725.0,2335845222.0,0.0916501333234374
지앤비에스 에코,2025,Q3,18101177934.0,556425001.0,0.03073971224573456
지앤비에스 에코,2025,Q4,29631927313.0,4523068261.0,0.15264171692995676
지앤비에스 에코,2026,Q1,41755386752.0,9035208667.0,0.21638426487732704
와이엠티,2023,Q1,26256373576.0,-1897008155.0,-0.07224943496134541
와이엠티,2023,Q2,31118903556.0,-1641538733.0,-0.05275053248730214
와이엠티,2023,Q3,33802779161.0,415301470.0,0.012286015538010987
와이엠티,2023,Q4,36231919615.0,-46712540.0,-0.0012892648387490082
와이엠티,2024,Q1,29512902267.0,25708118.0,0.0008710806469462565
와이엠티,2024,Q2,34813433883.0,922054764.0,0.026485602284991923
와이엠티,2024,Q3,36373570491.0,2162719387.0,0.059458539753064026
와이엠티,2024,Q4,36530836778.0,483810773.0,0.013243900651390658
와이엠티,2025,Q1,34960444543.0,1540700582.0,0.04406982239899718
와이엠티,2025,Q2,35101321408.0,4021618359.0,0.11457170834837649
와이엠티,2025,Q3,36139243973.0,3210608791.0,0.08883995452142493
와이엠티,2025,Q4,38402556828.0,4151727844.0,0.10811071415361855
와이엠티,2026,Q1,34976711987.0,2583144560.0,0.07385327016902253
더즌,2025,Q1,15394446649.0,2607896798.0,0.16940503659931194
더즌,2025,Q2,14608827666.0,3107726658.0,0.21272936672617465
더즌,2025,Q3,15094035440.0,3969020507.0,0.2629529076420401
더즌,2025,Q4,14873937583.0,3943371772.0,0.2651195589597628
더즌,2026,Q1,15684907159.0,3895717096.0,0.24837361525373375
삼양패키징,2023,Q1,91048000000.0,-74000000.0,-0.0008127581056146209
삼양패키징,2023,Q2,120857000000.0,17933000000.0,0.1483819720827093
삼양패키징,2023,Q3,120852000000.0,14506000000.0,0.12003111243504452
삼양패키징,2023,Q4,88911811107.0,102578424.0,0.0011537097571497341
삼양패키징,2024,Q1,104157931023.0,3206091686.0,0.03078106155249988
삼양패키징,2024,Q2,125579987987.0,18659500516.0,0.14858657669191389
삼양패키징,2024,Q3,121672582101.0,13374970214.0,0.10992591743386758
삼양패키징,2024,Q4,96701035377.0,-1483246702.0,-0.015338477982344178
삼양패키징,2025,Q1,92029404087.0,-1552915718.0,-0.016874125540701654
삼양패키징,2025,Q2,120109842856.0,13976450991.0,0.11636391038956236
삼양패키징,2025,Q3,125269621990.0,15821972703.0,0.12630334834300877
삼양패키징,2025,Q4,82809124652.0,-3598719214.0,-0.04345800331936106
삼양패키징,2026,Q1,93300384588.0,454280789.0,0.004869013037899397
매일홀딩스,2023,Q1,530802860841.0,17524075429.0,0.03301428217857565
매일홀딩스,2023,Q2,535076754127.0,25763532164.0,0.048149227125432265
매일홀딩스,2023,Q3,543175667713.0,22781272132.0,0.04194089221249328
매일홀딩스,2023,Q4,537343456932.0,16165014805.0,0.030083207669998033
매일홀딩스,2024,Q1,534175560545.0,22264657034.0,0.041680411232749355
매일홀딩스,2024,Q2,541352964374.0,20322755283.0,0.03754067423737203
매일홀딩스,2024,Q3,561202828982.0,19802014122.0,0.035284950644172766
매일홀딩스,2024,Q4,553439306248.0,15887307960.0,0.02870650454465695
매일홀딩스,2025,Q1,534864089508.0,11811396592.0,0.022082986731946856
매일홀딩스,2025,Q2,550688218315.0,14480588702.0,0.026295439452668545
매일홀딩스,2025,Q3,564500957843.0,23493071528.0,0.04161741658998909
매일홀딩스,2025,Q4,546158018663.0,14187661384.0,0.025977209707057913
매일홀딩스,2026,Q1,557574283915.0,18002333290.0,0.03228687873407086
슈프리마에이치큐,2023,Q1,7763807167.0,1014732563.0,0.13070038206424195
슈프리마에이치큐,2023,Q2,5844065775.0,-5137213210.0,-0.8790478081160885
슈프리마에이치큐,2023,Q3,4695828295.0,970436039.0,0.20665918301001251
슈프리마에이치큐,2023,Q4,4926712547.0,361889577.0,0.07345457514471058
슈프리마에이치큐,2024,Q1,4925828707.0,814216543.0,0.16529534245535835
슈프리마에이치큐,2024,Q2,4738061259.0,705506430.0,0.14890192241813732
슈프리마에이치큐,2024,Q3,5053050831.0,495669582.0,0.0980931319667542
슈프리마에이치큐,2024,Q4,5385028697.0,448274310.0,0.08324455359907992
슈프리마에이치큐,2025,Q1,5868949696.0,1285863056.0,0.21909594094431986
슈프리마에이치큐,2025,Q2,5299244753.0,830590439.0,0.15673751217657714
슈프리마에이치큐,2025,Q3,4640794506.0,692245932.0,0.14916539206918292
슈프리마에이치큐,2025,Q4,5414029651.0,1050390656.0,0.19401272688005824
슈프리마에이치큐,2026,Q1,7331364121.0,991149111.0,0.13519300018954822
재영솔루텍,2023,Q1,28350070269.0,1613234522.0,0.056904074899737596
재영솔루텍,2023,Q2,20160323099.0,210934837.0,0.0104628698639489
재영솔루텍,2023,Q3,23957643835.0,167690968.0,0.006999476624450786
재영솔루텍,2023,Q4,34726949138.0,2905450009.0,0.08366557043217794
재영솔루텍,2024,Q1,36713276305.0,3489744375.0,0.0950540165908519
재영솔루텍,2024,Q2,36270622463.0,3065666965.0,0.08452203896217429
재영솔루텍,2024,Q3,30316091824.0,205872326.0,0.006790859692442921
재영솔루텍,2024,Q4,8116100039.0,3270193552.0,0.4029267180401742
재영솔루텍,2025,Q1,38410886563.0,1379539444.0,0.03591532420730083
재영솔루텍,2025,Q2,33306234932.0,-1109082363.0,-0.033299541820454005
재영솔루텍,2025,Q3,44421894182.0,3856260392.0,0.08680990450791219
재영솔루텍,2025,Q4,48406561003.0,6616087263.0,0.13667749011523392
재영솔루텍,2026,Q1,58064447316.0,9126406321.0,0.15717718402333203
지투파워,2023,Q3,8704056244.0,-1296800148.0,-0.1489880248526574
지투파워,2023,Q4,21433038520.0,-115415869.0,-0.005384951316739387
지투파워,2024,Q1,9667050776.0,366077466.0,0.037868577964734175
지투파워,2024,Q2,9376249268.0,169933530.0,0.01812382810469454
지투파워,2024,Q3,11952995588.0,895434839.0,0.07491300673606506
지투파워,2024,Q4,24426974783.0,2238911306.0,0.09165733071285498
지투파워,2025,Q1,9971313991.0,-317066723.0,-0.031797887749416075
지투파워,2025,Q2,14226897336.0,588345226.0,0.041354429718926874
지투파워,2025,Q3,15646006290.0,2237038377.0,0.14297823582173697
지투파워,2025,Q4,37533560375.0,6298699753.0,0.16781514170436596
지투파워,2026,Q1,19179507352.0,2268064923.0,0.11825459754384623
동화약품,2023,Q1,99419813769.0,12182552140.0,0.12253646107511247
동화약품,2023,Q2,89990356416.0,5464701378.0,0.06072541098446404
동화약품,2023,Q3,87457408861.0,2694847894.0,0.030813260181113338
동화약품,2023,Q4,84240982962.0,-1566221291.0,-0.018592153556737365
동화약품,2024,Q1,118885750294.0,6538005157.0,0.05499401855000922
동화약품,2024,Q2,115162146532.0,4613224826.0,0.04005851718575016
동화약품,2024,Q3,110193352389.0,-582474956.0,-0.0052859355248923824
동화약품,2024,Q4,120633486030.0,2842437918.0,0.02356259452945861
동화약품,2025,Q1,125674434732.0,2269124391.0,0.01805557666393244
동화약품,2025,Q2,125024623356.0,614122813.0,0.004912014901667192
동화약품,2025,Q3,121998971337.0,1369908515.0,0.011228852997586976
동화약품,2025,Q4,123696280353.0,-3996403038.0,-0.03230819088977622
동화약품,2026,Q1,130614028759.0,11228385578.0,0.08596615298283038
아이패밀리에스씨,2023,Q3,37207605491.0,6653635385.0,0.1788246058083319
아이패밀리에스씨,2023,Q4,41961188281.0,7624583570.0,0.18170561612651961
아이패밀리에스씨,2024,Q1,57411304700.0,11761040185.0,0.2048558249365129
아이패밀리에스씨,2024,Q2,49008529025.0,6956237730.0,0.14193932910027796
아이패밀리에스씨,2024,Q3,50105152723.0,9087526114.0,0.18136909319964034
아이패밀리에스씨,2024,Q4,48355619713.0,5827651503.0,0.12051653019004294
아이패밀리에스씨,2025,Q1,54393895300.0,7145051931.0,0.13135760716515554
아이패밀리에스씨,2025,Q2,57659513095.0,7178936728.0,0.12450567725349954
아이패밀리에스씨,2025,Q3,53467225918.0,6184940598.0,0.11567723015002747
아이패밀리에스씨,2025,Q4,58575419870.0,6618814938.0,0.11299645743367337
아이패밀리에스씨,2026,Q1,54847089936.0,3691985400.0,0.0673141529351531
텔레칩스,2023,Q1,45889448898.0,2656492220.0,0.05788895451555048
텔레칩스,2023,Q2,48266176228.0,5449724768.0,0.11290980959951258
텔레칩스,2023,Q3,52461004343.0,6459700719.0,0.12313337878103231
텔레칩스,2023,Q4,44478088716.0,2211083749.0,0.04971175274904769
텔레칩스,2024,Q1,45379814410.0,1018532858.0,0.022444623699817375
텔레칩스,2024,Q2,45997549696.0,1067628354.0,0.02321054841086116
텔레칩스,2024,Q3,47606496475.0,1416978583.0,0.02976439536448791
텔레칩스,2024,Q4,47631652518.0,1371111861.0,0.028785729415578366
텔레칩스,2025,Q1,45203612354.0,-2599476350.0,-0.05750594288002685
텔레칩스,2025,Q2,44302951058.0,-3554239767.0,-0.08022580171571198
텔레칩스,2025,Q3,50245554721.0,-2719188633.0,-0.054117994081246
텔레칩스,2025,Q4,53049987290.0,2683436689.0,0.05058317308034175
텔레칩스,2026,Q1,66079817755.0,6121554130.0,0.09263878651567264
제이오,2025,Q3,15857783654.0,-661227748.0,-0.04169736215522215
제이오,2025,Q4,9371013958.0,-3793478591.0,-0.40480983253274544
제이오,2026,Q1,7172200517.0,-1962466374.0,-0.2736212365156884
켄코아에어로스페이스,2023,Q1,20440592609.0,,
켄코아에어로스페이스,2023,Q2,23346169154.0,,
켄코아에어로스페이스,2023,Q3,24182396437.0,,
켄코아에어로스페이스,2023,Q4,23173545133.0,,
켄코아에어로스페이스,2024,Q1,20451635686.0,,
켄코아에어로스페이스,2024,Q2,23143296816.0,,
켄코아에어로스페이스,2024,Q3,23372228950.0,,
켄코아에어로스페이스,2024,Q4,19186726605.0,,
켄코아에어로스페이스,2025,Q1,16883841495.0,,
켄코아에어로스페이스,2025,Q2,21589818643.0,,
켄코아에어로스페이스,2025,Q3,17762702927.0,,
켄코아에어로스페이스,2025,Q4,20157848803.0,,
켄코아에어로스페이스,2026,Q1,29224349014.0,,
티움바이오,2023,Q1,200180300.0,-9256805776.0,-46.24234140921959
티움바이오,2023,Q2,967287951.0,-7721550189.0,-7.982680008592395
티움바이오,2023,Q3,1370588286.0,-6261062074.0,-4.568156709023559
티움바이오,2023,Q4,2360718654.0,-4592662091.0,-1.9454508410895117
티움바이오,2024,Q1,1991732118.0,-4615565330.0,-2.317362504870748
티움바이오,2024,Q2,2186471118.0,-4486544110.0,-2.0519567228968993
티움바이오,2024,Q3,1131770887.0,-4387658846.0,-3.876808368547476
티움바이오,2024,Q4,1482260878.0,-5209417014.0,-3.5145075278712175
티움바이오,2025,Q1,2106376698.0,-5345698865.0,-2.537864604216202
티움바이오,2025,Q2,2613329965.0,-3494996086.0,-1.337372675019245
티움바이오,2025,Q3,3121038727.0,-4519345625.0,-1.4480261285780578
티움바이오,2025,Q4,4448051262.0,-2786518264.0,-0.626458217288414
티움바이오,2026,Q1,2950377447.0,-4538573473.0,-1.538302659415631
한진중공업홀딩스,2023,Q1,502093000000.0,12835000000.0,0.025562993310004323
한진중공업홀딩스,2023,Q2,204458000000.0,3664000000.0,0.01792055091999335
한진중공업홀딩스,2023,Q3,162326000000.0,3434000000.0,0.021154959772310043
한진중공업홀딩스,2023,Q4,373731000000.0,19442000000.0,0.052021373661804884
한진중공업홀딩스,2024,Q1,446506000000.0,19373000000.0,0.043387994786184284
한진중공업홀딩스,2024,Q2,181992000000.0,2834000000.0,0.015572113059914721
한진중공업홀딩스,2024,Q3,179023000000.0,9861000000.0,0.055082307859883925
한진중공업홀딩스,2024,Q4,357332000000.0,13807000000.0,0.038639136713196694
한진중공업홀딩스,2025,Q1,493247000000.0,38421000000.0,0.07789403686185623
한진중공업홀딩스,2025,Q2,201201000000.0,823000000.0,0.0040904369262578216
한진중공업홀딩스,2025,Q3,160932000000.0,10407000000.0,0.06466706435016031
한진중공업홀딩스,2025,Q4,346350000000.0,23603000000.0,0.06814782734228382
한진중공업홀딩스,2026,Q1,484033000000.0,49618000000.0,0.10250953963882628
삼보판지,2023,Q1,132430376553.0,16123045250.0,0.12174733372858297
삼보판지,2023,Q2,139932619786.0,17429738921.0,0.12455808336651904
삼보판지,2023,Q3,141678637487.0,19897020118.0,0.14043768680247007
삼보판지,2023,Q4,141587219636.0,13919004993.0,0.09830693072993256
삼보판지,2024,Q1,134914610870.0,13327192044.0,0.09878242214137738
삼보판지,2024,Q2,137641535043.0,12299892337.0,0.08936177828267786
삼보판지,2024,Q3,139581149144.0,6786304873.0,0.04861906435516486
삼보판지,2024,Q4,146154270475.0,6313173686.0,0.043195273497532743
삼보판지,2025,Q1,127823381495.0,7129394834.0,0.05577535776800645
삼보판지,2025,Q2,135440719339.0,9696256558.0,0.07159040948188448
삼보판지,2025,Q3,144120432080.0,6584137468.0,0.04568496897334586
삼보판지,2025,Q4,132480881497.0,6498896899.0,0.04905535670931632
삼보판지,2026,Q1,131148522043.0,5341103193.0,0.040725607195548866
아이비김영,2023,Q1,17144542534.0,-2652319244.0,-0.15470341298054957
아이비김영,2023,Q2,22008636033.0,1464417122.0,0.06653829523120998
아이비김영,2023,Q3,28239018606.0,6034700784.0,0.21370079704957576
아이비김영,2023,Q4,27306545294.0,4088726096.0,0.1497342872186181
아이비김영,2024,Q1,19486099725.0,-967247983.0,-0.049637844240274204
아이비김영,2024,Q2,24638212297.0,3287466239.0,0.13342957676358236
아이비김영,2024,Q3,32383159196.0,8817135293.0,0.27227532803807175
아이비김영,2024,Q4,30561098112.0,5352681238.0,0.1751468883213407
아이비김영,2025,Q1,22773697648.0,-336741329.0,-0.0147864143190455
아이비김영,2025,Q2,27582107896.0,3706318763.0,0.13437402162934386
아이비김영,2025,Q3,35958372725.0,9729426482.0,0.2705747158362267
아이비김영,2025,Q4,33174218870.0,5968496052.0,0.17991368765572988
아이비김영,2026,Q1,24198855082.0,347079643.0,0.014342812576210295
제이엘케이,2023,Q1,998359623.0,-1205064792.0,-1.207044800528757
제이엘케이,2023,Q2,237318275.0,-2142494830.0,-9.027938661698093
제이엘케이,2023,Q3,235130693.0,,
제이엘케이,2023,Q4,1018175165.0,,
제이엘케이,2024,Q1,136222555.0,-3666110036.0,-26.91265066934033
제이엘케이,2024,Q2,228170221.0,-3028482834.0,-13.272910113892557
제이엘케이,2024,Q3,250122033.0,-3227999459.0,-12.90569815174979
제이엘케이,2024,Q4,812995674.0,-2809085371.0,-3.4552279438082225
제이엘케이,2025,Q1,484713007.0,-3341900682.0,-6.8945966659400995
제이엘케이,2025,Q2,1063067682.0,-2892730404.0,-2.7211159298510217
제이엘케이,2025,Q3,895122842.0,-2675455587.0,-2.988925610502966
제이엘케이,2025,Q4,896582955.0,-4291950505.0,-4.78700881057905
제이엘케이,2026,Q1,411652605.0,-3352534843.0,-8.144087520106911
동국산업,2023,Q1,189624107998.0,-7214246179.0,-0.03804498412763049
동국산업,2023,Q2,185507112694.0,-15197242949.0,-0.08192269680822614
동국산업,2023,Q3,180666711834.0,2938705549.0,0.016265893806160253
동국산업,2023,Q4,201212139394.0,-7636318566.0,-0.037951579805267505
동국산업,2024,Q1,176331127728.0,3722181015.0,0.02110904105792177
동국산업,2024,Q2,231399050610.0,16255513335.0,0.07024883331261823
동국산업,2024,Q3,205900190524.0,6617224299.0,0.032138019310034044
동국산업,2024,Q4,176657816697.0,-14613264200.0,-0.08272073363764244
동국산업,2025,Q1,204574443197.0,9741726759.0,0.04761947096988534
동국산업,2025,Q2,195452146645.0,5591815223.0,0.028609638312934067
동국산업,2025,Q3,175907537704.0,-4988684466.0,-0.028359696981231527
동국산업,2025,Q4,151830190002.0,-3319368331.0,-0.02186237355664427
동국산업,2026,Q1,166995362103.0,-4566829706.0,-0.027347045142386974
인선이엔티,2023,Q1,58514833022.0,7257658799.0,0.12403109475286918
인선이엔티,2023,Q2,55364171717.0,8519538611.0,0.15388180382339234
인선이엔티,2023,Q3,53456871911.0,6436778809.0,0.12041068956890241
인선이엔티,2023,Q4,53623322978.0,3594092220.0,0.0670247948168849
인선이엔티,2024,Q1,49540137344.0,4834770677.0,0.09759300107361446
인선이엔티,2024,Q2,54129359006.0,4765079235.0,0.08803132574453379
인선이엔티,2024,Q3,50276841355.0,5330970601.0,0.10603232934540424
인선이엔티,2024,Q4,54903257258.0,8249048074.0,0.1502469705073468
인선이엔티,2025,Q1,43368718702.0,3206850271.0,0.07394385554794157
인선이엔티,2025,Q2,50362342952.0,3742838933.0,0.07431820510350906
인선이엔티,2025,Q3,46218373938.0,5379523421.0,0.11639361064966076
인선이엔티,2025,Q4,47205376248.0,5899397200.0,0.12497299394472988
인선이엔티,2026,Q1,42515587492.0,2787155357.0,0.06555608240211779
나우IB,2023,Q3,3158885599.0,761287307.0,0.24099869499579177
나우IB,2023,Q4,5842534195.0,-259289172.0,-0.04437957286101943
나우IB,2024,Q1,3972446436.0,-863404586.0,-0.21734832675790422
나우IB,2024,Q2,34030102747.0,27053482741.0,0.7949868074784159
나우IB,2024,Q3,-6882126206.0,-8778482428.0,1.2755480160109112
나우IB,2024,Q4,296735280.0,-8400498797.0,-28.309740577527553
나우IB,2025,Q1,14089461547.0,8823677119.0,0.626260775797978
나우IB,2025,Q2,-1743409855.0,-2680103033.0,1.5372765189514201
나우IB,2025,Q3,10138892598.0,6620137598.0,0.6529448392920041
나우IB,2025,Q4,6671252454.0,-5462372246.0,-0.8187926155792274
나우IB,2026,Q1,6738454813.0,311944961.0,0.04629324817882399
에스텍,2023,Q1,89909054013.0,3716001518.0,0.0413306708517109
에스텍,2023,Q2,95040559634.0,6032516866.0,0.06347307811771255
에스텍,2023,Q3,111297533493.0,11883524519.0,0.10677257748706001
에스텍,2023,Q4,118346900179.0,2922731436.0,0.02469630747893997
에스텍,2024,Q1,101219498398.0,8693111521.0,0.08588376408286734
에스텍,2024,Q2,123509870545.0,15849167858.0,0.1283230869570498
에스텍,2024,Q3,153372548662.0,15411538607.0,0.10048433530933691
에스텍,2024,Q4,131272563420.0,4028661841.0,0.030689290557315452
에스텍,2025,Q1,119358004396.0,12033466237.0,0.1008182593022917
에스텍,2025,Q2,118341331221.0,14927618471.0,0.12614036293983358
에스텍,2025,Q3,114294877880.0,9286685841.0,0.08125198620668057
에스텍,2025,Q4,116197919589.0,9568589949.0,0.08234734307502886
에스텍,2026,Q1,105188243521.0,5322294099.0,0.05059780371689015
태경산업,2023,Q1,166807056532.0,10087198164.0,0.060472250837091464
태경산업,2023,Q2,166202470673.0,14661713204.0,0.08821597624048938
태경산업,2023,Q3,166620108936.0,10890990180.0,0.06536420033300608
태경산업,2023,Q4,156397667027.0,8488186024.0,0.054273098731930744
태경산업,2024,Q1,156785334867.0,10297691069.0,0.06568019309800541
태경산업,2024,Q2,181571256125.0,16115415584.0,0.08875532354584574
태경산업,2024,Q3,177332377870.0,16539850004.0,0.09327033338562202
태경산업,2024,Q4,160003491731.0,12730673392.0,0.07956497232824755
태경산업,2025,Q1,169262069094.0,12003703632.0,0.07091785948412176
태경산업,2025,Q2,209717590368.0,13663376191.0,0.06515131213850167
태경산업,2025,Q3,198401711780.0,16747724963.0,0.0844132079947521
태경산업,2025,Q4,199714211993.0,13017282727.0,0.06517955130532352
태경산업,2026,Q1,206159009758.0,17216607095.0,0.08351130088958875
키다리스튜디오,2023,Q1,42388846163.0,-1936672607.0,-0.04568825958491094
키다리스튜디오,2023,Q2,40108442054.0,-968148201.0,-0.024138264949222752
키다리스튜디오,2023,Q3,42514268307.0,-3066840028.0,-0.07213672374305083
키다리스튜디오,2023,Q4,46030680623.0,226804584.0,0.004927248107790813
키다리스튜디오,2024,Q1,49363930800.0,509677675.0,0.010324900524331826
키다리스튜디오,2024,Q2,49772802653.0,733081159.0,0.014728548924817566
키다리스튜디오,2024,Q3,50266513685.0,539843060.0,0.010739616106718263
키다리스튜디오,2024,Q4,55810037361.0,406399175.0,0.0072818294739933525
키다리스튜디오,2025,Q1,48245274075.0,509558999.0,0.010561842766358043
키다리스튜디오,2025,Q2,51766722277.0,1881366039.0,0.036343155530167544
키다리스튜디오,2025,Q3,52751403369.0,3559594114.0,0.06747866192488518
키다리스튜디오,2025,Q4,64711760092.0,6432207184.0,0.09939780922131312
키다리스튜디오,2026,Q1,58345189197.0,3441828248.0,0.058990780480269185
아이텍,2023,Q1,15024439208.0,-4430945616.0,-0.29491587370799655
아이텍,2023,Q2,18614516110.0,-1840843176.0,-0.09889288365712989
아이텍,2023,Q3,19837027605.0,-1162468451.0,-0.05860093932152392
아이텍,2023,Q4,29788330933.0,258251000.0,0.008669535751461165
아이텍,2024,Q1,22944395469.0,1592471961.0,0.06940570577035149
아이텍,2024,Q2,22722467561.0,-775764461.0,-0.0341408545932526
아이텍,2024,Q3,24353468530.0,474564626.0,0.019486531268242308
아이텍,2024,Q4,-8063390746.0,-6158327507.0,0.7637391887593884
아이텍,2025,Q1,13888090606.0,-1596593557.0,-0.11496134366449423
아이텍,2025,Q2,15464842233.0,-1553405028.0,-0.1004475186100012
아이텍,2025,Q3,14334340864.0,-378821354.0,-0.026427539123992188
아이텍,2025,Q4,4830528777.0,,
아이텍,2026,Q1,12126585240.0,,
모다이노칩,2023,Q1,92841592626.0,5052607027.0,0.05442180475461849
모다이노칩,2023,Q2,101889000491.0,11529394809.0,0.113156422709421
모다이노칩,2023,Q3,88322916177.0,-4002072495.0,-0.045311824702207605
모다이노칩,2023,Q4,106980375294.0,3647378766.0,0.03409390512957532
모다이노칩,2024,Q1,98920141087.0,12910730321.0,0.1305166994216582
모다이노칩,2024,Q2,99714662641.0,13813733156.0,0.1385326168703314
모다이노칩,2024,Q3,92798172988.0,3514395880.0,0.03787139085652534
모다이노칩,2024,Q4,97506112237.0,8374289631.0,0.08588476597903227
모다이노칩,2025,Q1,95548819175.0,8026361571.0,0.08400272907925238
모다이노칩,2025,Q2,91659645185.0,12154433670.0,0.1326039790517219
모다이노칩,2025,Q3,76820301735.0,-3687274321.0,-0.04799869614831317
모다이노칩,2025,Q4,94048640455.0,11373985213.0,0.12093726350507084
모다이노칩,2026,Q1,87556514013.0,3057308433.0,0.03491811508788557
메쎄이상,2023,Q1,9900894405.0,2646099067.0,0.26725858884665077
메쎄이상,2023,Q2,12079531239.0,2779580685.0,0.23010666804899182
메쎄이상,2023,Q3,12025599175.0,2238141038.0,0.18611472122344375
메쎄이상,2023,Q4,16808020503.0,3505879785.0,0.20858374038598113
메쎄이상,2024,Q1,11944528420.0,3159909530.0,0.2645487053895762
메쎄이상,2024,Q2,13019351994.0,2962665508.0,0.22755859964192932
메쎄이상,2024,Q3,13806404210.0,3158693071.0,0.22878462943393715
메쎄이상,2024,Q4,28306631849.0,7818885003.0,0.27622095926881607
메쎄이상,2025,Q1,13173557940.0,3290701259.0,0.24979593774041578
메쎄이상,2025,Q2,17435955882.0,6468739145.0,0.37099997205647894
메쎄이상,2025,Q3,21946303892.0,6340335934.0,0.2889022208569352
메쎄이상,2025,Q4,20266505622.0,2897685232.0,0.14297902588862982
메쎄이상,2026,Q1,16566438921.0,4958940096.0,0.2993365152068942
지니언스,2023,Q1,9064082580.0,1332574266.0,0.1470170041191306
지니언스,2023,Q2,9316999734.0,1050758772.0,0.11277866287422178
지니언스,2023,Q3,7705767912.0,294561865.0,0.038226153235329886
지니언스,2023,Q4,16804770925.0,3789136159.0,0.22547978641964142
지니언스,2024,Q1,6986336147.0,-451795050.0,-0.06466838132230514
지니언스,2024,Q2,11888600628.0,1863742849.0,0.15676721822167344
지니언스,2024,Q3,10392424096.0,2241112983.0,0.2156487227905369
지니언스,2024,Q4,20338059876.0,6186862718.0,0.30420122448851816
지니언스,2025,Q1,9353940781.0,36512942.0,0.0039034822707201826
지니언스,2025,Q2,11426398906.0,1056979749.0,0.09250331252175872
지니언스,2025,Q3,10425264197.0,1070199471.0,0.10265442206327617
지니언스,2025,Q4,17175649192.0,4843372551.0,0.2819906541440032
지니언스,2026,Q1,11739609578.0,1741944333.0,0.14838179425186332
토니모리,2023,Q1,31206277430.0,536538841.0,0.017193298438223877
토니모리,2023,Q2,36274120232.0,2583530291.0,0.07122241075666069
토니모리,2023,Q3,36809050845.0,2425557160.0,0.06589567251309547
토니모리,2023,Q4,46802079413.0,4071309516.0,0.08698992794899474
토니모리,2024,Q1,41790684278.0,2302181792.0,0.05508839665523124
토니모리,2024,Q2,47096608612.0,5324742002.0,0.11305998794663275
토니모리,2024,Q3,44965293301.0,3847760256.0,0.08557178155700873
토니모리,2024,Q4,43143266678.0,627396281.0,0.014542159861991338
토니모리,2025,Q1,48937451762.0,3649946210.0,0.07458390411807646
토니모리,2025,Q2,62484448773.0,5580897883.0,0.08931658984901773
토니모리,2025,Q3,56290610394.0,4339785501.0,0.07709608175544987
토니모리,2025,Q4,52561077981.0,794190629.0,0.015109861888431728
토니모리,2026,Q1,52028096796.0,4169154671.0,0.08013275379545559
화승코퍼레이션,2023,Q1,412844217512.0,18692915182.0,0.045278374721226804
화승코퍼레이션,2023,Q2,422751412552.0,20533214980.0,0.048570423114729006
화승코퍼레이션,2023,Q3,427236508958.0,25669338055.0,0.06008226712086409
화승코퍼레이션,2023,Q4,371219375094.0,13312019938.0,0.0358602509220569
화승코퍼레이션,2024,Q1,396347907419.0,25166336738.0,0.06349557110540098
화승코퍼레이션,2024,Q2,436256930242.0,23468431240.0,0.053794976338786445
화승코퍼레이션,2024,Q3,425296023772.0,25892740989.0,0.060881690732385085
화승코퍼레이션,2024,Q4,440495506204.0,14187480520.0,0.03220800285174661
화승코퍼레이션,2025,Q1,455911699788.0,30865078440.0,0.06769968494853791
화승코퍼레이션,2025,Q2,438794551650.0,27866543061.0,0.06350703981217037
화승코퍼레이션,2025,Q3,445513799951.0,20771464243.0,0.04662361580109203
화승코퍼레이션,2025,Q4,299556659206.0,3561176372.0,0.01188815625544495
화승코퍼레이션,2026,Q1,421450614010.0,25615016707.0,0.06077821660592531
남선알미늄,2023,Q1,71155484266.0,2076200328.0,0.029178359889148617
남선알미늄,2023,Q2,79351614565.0,2487501080.0,0.03134783197085916
남선알미늄,2023,Q3,77663188842.0,390270502.0,0.005025167107083079
남선알미늄,2023,Q4,82328899833.0,1491996667.0,0.018122392866009866
남선알미늄,2024,Q1,73185366966.0,2125380315.0,0.029041055652387394
남선알미늄,2024,Q2,78141725644.0,2350191712.0,0.030076014992387823
남선알미늄,2024,Q3,60683212104.0,-656063941.0,-0.01081129225453039
남선알미늄,2024,Q4,77528722758.0,1005245636.0,0.012966105982911619
남선알미늄,2025,Q1,63682672691.0,542446140.0,0.00851795499589108
남선알미늄,2025,Q2,73700380373.0,1182332904.0,0.016042426077262764
남선알미늄,2025,Q3,53555322592.0,-4306381456.0,-0.08040996202762636
남선알미늄,2025,Q4,67983533464.0,-684294485.0,-0.010065591623924069
남선알미늄,2026,Q1,63120779530.0,-1720007607.0,-0.027249467129640183
고려신용정보,2023,Q1,36905330776.0,2801824593.0,0.0759192380636258
고려신용정보,2023,Q2,39919547180.0,3210334195.0,0.08042010548176765
고려신용정보,2023,Q3,40370709333.0,2812442458.0,0.06966542090705949
고려신용정보,2023,Q4,41018770031.0,4245756129.0,0.10350764115528728
고려신용정보,2024,Q1,41506050056.0,3158933613.0,0.076107786906679
고려신용정보,2024,Q2,43174114663.0,3921918847.0,0.0908395893607302
고려신용정보,2024,Q3,43387828102.0,3760137481.0,0.0866634179558454
고려신용정보,2024,Q4,43241357306.0,4469229265.0,0.10335543432120405
고려신용정보,2025,Q1,42646512366.0,3325381006.0,0.07797545031258325
고려신용정보,2025,Q2,44851512925.0,4183337007.0,0.09327081148846218
고려신용정보,2025,Q3,45497871577.0,4532588063.0,0.09962198023547338
고려신용정보,2025,Q4,45034012722.0,4699436430.0,0.10435304664077232
고려신용정보,2026,Q1,43815159618.0,3685952421.0,0.08412504834253187
KT나스미디어,2023,Q1,32105088028.0,2439450493.0,0.07598329868687691
KT나스미디어,2023,Q2,35404952791.0,4692088337.0,0.13252632660458558
KT나스미디어,2023,Q3,39783146520.0,7233831596.0,0.18183156006434456
KT나스미디어,2023,Q4,39475952844.0,6151441923.0,0.1558275729862456
KT나스미디어,2024,Q1,32075077053.0,2202932696.0,0.06868051142511468
KT나스미디어,2024,Q2,35915635614.0,6615285048.0,0.18418955797127384
KT나스미디어,2024,Q3,35460132962.0,6429859016.0,0.18132642150243497
KT나스미디어,2024,Q4,39101549016.0,4691506860.0,0.1199826343984551
KT나스미디어,2025,Q1,23511320533.0,2419839080.0,0.10292229552157925
KT나스미디어,2026,Q1,26449681468.0,3322954538.0,0.12563306450477515
케이알엠,2023,Q3,1882312080.0,-2006256991.0,-1.0658471633460482
케이알엠,2023,Q4,3214484073.0,-2358434115.0,-0.7336897808297214
케이알엠,2024,Q1,3090542977.0,-3700673030.0,-1.1974184010837652
케이알엠,2024,Q2,3151750445.0,-2272069101.0,-0.720891181154414
케이알엠,2024,Q3,2274974304.0,-2690918458.0,-1.182834660272277
케이알엠,2024,Q4,2680029734.0,-2437546264.0,-0.9095220971156583
케이알엠,2025,Q1,2207144565.0,-2560177230.0,-1.1599499509901836
케이알엠,2025,Q2,2100677621.0,-2928480699.0,-1.394064786393038
케이알엠,2025,Q3,2002114070.0,-2766127352.0,-1.381603272984341
케이알엠,2025,Q4,2724396670.0,-1958041439.0,-0.7187064426268001
케이알엠,2026,Q1,1556791474.0,-1781222065.0,-1.1441622688383248
플리토,2023,Q1,4725538957.0,-809198670.0,-0.1712394453549735
플리토,2023,Q2,2241617488.0,-2687377345.0,-1.1988563434155364
플리토,2023,Q3,5756727387.0,-708656487.0,-0.12310058117400305
플리토,2023,Q4,5037383850.0,-888792249.0,-0.1764392540782851
플리토,2024,Q1,4171250179.0,-444373725.0,-0.10653250366932739
플리토,2024,Q2,3660747483.0,-1414030890.0,-0.38626834999315357
플리토,2024,Q3,6888021939.0,1225410181.0,0.1779045118979259
플리토,2024,Q4,5580570853.0,236649584.0,0.04240598143696752
플리토,2025,Q1,4608610558.0,173566869.0,0.0376614311006836
플리토,2025,Q2,9378409776.0,2429769159.0,0.25908114670121873
플리토,2025,Q3,11781074574.0,2829707322.0,0.24019093540456524
플리토,2025,Q4,10211547068.0,720774961.0,0.07058430580599269
플리토,2026,Q1,5213994288.0,-64097966.0,-0.012293447683193933
플리토,2026,Q2,8106229093.0,1398160023.0,0.17247970751373878
링크솔루션,2024,Q3,576944022.0,-2192543994.0,-3.800271621498836
링크솔루션,2024,Q4,6169911029.0,144668730.0,0.023447458045995108
링크솔루션,2025,Q1,1428821067.0,-1696505587.0,-1.1873464257928665
링크솔루션,2025,Q2,1931557940.0,-2260174028.0,-1.1701300702374995
링크솔루션,2025,Q3,1930806499.0,-1394043619.0,-0.7220006871335893
링크솔루션,2026,Q1,1569093312.0,-3691695560.0,-2.352757182614261
이엘씨,2023,Q1,23509375709.0,-6488230216.0,-0.27598479416516947
이엘씨,2023,Q2,28206871954.0,-2757879076.0,-0.09777330433865804
이엘씨,2023,Q3,15397997178.0,-3070519851.0,-0.19941033989712814
이엘씨,2023,Q4,19926881789.0,-3050889894.0,-0.1531042300699624
이엘씨,2024,Q1,5782241810.0,-1979675468.0,-0.3423716152057639
이엘씨,2024,Q2,4060917557.0,-2566256929.0,-0.631940169427084
이엘씨,2024,Q3,9221224573.0,-490515842.0,-0.05319421928365609
이엘씨,2024,Q4,10170360913.0,354145302.0,0.03482131116382733
이엘씨,2025,Q1,7950021772.0,-836134673.0,-0.10517388467348213
이엘씨,2025,Q2,11146995887.0,730696149.0,0.0655509481125908
이엘씨,2025,Q3,6090487033.0,-1595282760.0,-0.26193024488128813
이엘씨,2025,Q4,12700595314.0,800070762.0,0.06299474490916765
이엘씨,2026,Q1,10313674668.0,-279491150.0,-0.02709908534027845
시스웍,2023,Q1,3699690273.0,-327017135.0,-0.08839040862056509
시스웍,2023,Q2,3283807623.0,,
시스웍,2023,Q3,2187454917.0,,
시스웍,2023,Q4,5326004969.0,,
시스웍,2024,Q1,5387352018.0,78949800.0,0.014654657749524472
시스웍,2024,Q2,2913543117.0,361976448.0,0.12423926245948877
시스웍,2024,Q3,1693610585.0,-2253815146.0,-1.3307753068867363
시스웍,2024,Q4,2868687832.0,-27842088.0,-0.009705513332410579
시스웍,2025,Q1,3178265446.0,-747760645.0,-0.23527318838050257
시스웍,2025,Q2,3015305612.0,-295968375.0,-0.09815534910363176
시스웍,2025,Q3,2852861138.0,-479757253.0,-0.1681670539829829
시스웍,2025,Q4,1987185315.0,-1046420810.0,-0.5265844116807998
시스웍,2026,Q1,2389407591.0,215453969.0,0.09017045472339424
선광,2023,Q1,44448960334.0,10419290847.0,0.2344102262169235
선광,2023,Q2,47072094322.0,9457022155.0,0.2009050646930763
선광,2023,Q3,44026369677.0,7254639239.0,0.16477941043569455
선광,2023,Q4,49753130505.0,11956480303.0,0.24031614054513453
선광,2024,Q1,44231658859.0,8461593242.0,0.19130173862512245
선광,2024,Q2,47312046319.0,8445768097.0,0.17851200178607096
선광,2024,Q3,47006659901.0,9942415459.0,0.21151078336430557
선광,2024,Q4,48201665029.0,9524551821.0,0.19759798370594997
선광,2025,Q1,45946892933.0,9891630106.0,0.21528398275861715
선광,2025,Q2,47284566368.0,7508449003.0,0.15879280661187092
선광,2025,Q3,47993566699.0,12531294903.0,0.2611036387770927
선광,2025,Q4,49196976484.0,11458751049.0,0.23291575759186445
선광,2026,Q1,44320492793.0,10577672029.0,0.23866323144021184
솔본,2023,Q1,23469570304.0,2759165997.0,0.11756354979067281
솔본,2023,Q2,27825655135.0,8127099102.0,0.29207215652498597
솔본,2023,Q3,28289500480.0,1526292000.0,0.05395259633796121
솔본,2023,Q4,43798050567.0,19346852061.0,0.44172861144594056
솔본,2024,Q1,25891588715.0,613709292.0,0.023703037258754788
솔본,2024,Q2,31211098487.0,9274007916.0,0.29713814526146193
솔본,2024,Q3,27320110407.0,5293019628.0,0.19374078468745187
솔본,2024,Q4,31658353710.0,5993484592.0,0.189317633093057
솔본,2025,Q1,24821477230.0,-5965712692.0,-0.24034478837503098
솔본,2025,Q2,40179488284.0,21780627399.0,0.5420832451883996
솔본,2025,Q3,26985341815.0,4447302833.0,0.16480439134285615
솔본,2025,Q4,28664718121.0,4358761867.0,0.15206016848310594
솔본,2026,Q1,35301389395.0,3630085039.0,0.10283122282756826
윈스테크넷,2023,Q1,18450651534.0,1548894489.0,0.08394795631719397
윈스테크넷,2023,Q2,30526426933.0,9365615388.0,0.30680352497709074
윈스테크넷,2023,Q3,20210753678.0,3705027619.0,0.18331961677574804
윈스테크넷,2023,Q4,37666705406.0,8470389608.0,0.22487736893099058
윈스테크넷,2024,Q1,23744499542.0,4956000954.0,0.2087220640398705
윈스테크넷,2024,Q2,22954513449.0,3981067814.0,0.17343289906122725
윈스테크넷,2024,Q3,21480193158.0,4251098791.0,0.1979078474635009
윈스테크넷,2024,Q4,33279867808.0,7169562546.0,0.2154324226094594
윈스테크넷,2025,Q1,18299680428.0,2446795099.0,0.13370698513708493
윈스테크넷,2025,Q2,21949128958.0,4675241741.0,0.21300352054726854
윈스테크넷,2025,Q3,18568147513.0,3428795200.0,0.18466005817755482
윈스테크넷,2025,Q4,40204636822.0,10531778644.0,0.261954328567321
윈스테크넷,2026,Q1,17454006678.0,1731747952.0,0.09921778901246735
한독,2023,Q1,128372599403.0,5195060308.0,0.04046860725855641
한독,2023,Q2,140551845116.0,4742140179.0,0.033739437394693934
한독,2023,Q3,127229971139.0,4855575500.0,0.03816377113451701
한독,2023,Q4,126586663873.0,-2213943969.0,-0.017489551436644015
한독,2024,Q1,128779806854.0,4640319015.0,0.03603297076117542
한독,2024,Q2,128250650701.0,1862973116.0,0.014526032467026493
한독,2024,Q3,129042925653.0,-3058828439.0,-0.023703960705488608
한독,2024,Q4,121284946094.0,-2905956708.0,-0.023959747698183282
한독,2025,Q1,119872579579.0,-1653171198.0,-0.01379107051676072
한독,2025,Q2,130534195531.0,218547495.0,0.0016742547354045485
한독,2025,Q3,144676645380.0,182222124.0,0.0012595130576976334
한독,2025,Q4,140054434877.0,4543878306.0,0.03244365885300648
한독,2026,Q1,135428158176.0,753230374.0,0.0055618446277702115
신흥,2023,Q1,28668467161.0,2066552568.0,0.07208451558970325
신흥,2023,Q2,27561741608.0,2198264912.0,0.07975783763105657
신흥,2023,Q3,27442084166.0,2868655128.0,0.10453488556653383
신흥,2023,Q4,28770487541.0,4222531193.0,0.1467660632091337
신흥,2024,Q1,26250914862.0,1419085820.0,0.05405852814883127
신흥,2024,Q2,24980633406.0,1898920777.0,0.0760157177016939
신흥,2024,Q3,23836807399.0,898492855.0,0.037693506515377284
신흥,2024,Q4,26687244319.0,2061366771.0,0.07724164946968348
신흥,2025,Q1,23615922908.0,727830213.0,0.030819469382390483
신흥,2025,Q2,24542121157.0,1698704385.0,0.06921587478658049
신흥,2025,Q3,24098752708.0,1490025880.0,0.06183000000267068
신흥,2025,Q4,30350120934.0,3174560983.0,0.10459796815648498
신흥,2026,Q1,25154905055.0,805650195.0,0.03202755857112099
상상인증권,2023,Q3,,-3672462662.0,
상상인증권,2023,Q4,,-2665584583.0,
LG헬로비전,2023,Q1,277589880466.0,11678546511.0,0.04207122569235885
LG헬로비전,2023,Q2,286670146061.0,13915974829.0,0.04854350904763849
LG헬로비전,2023,Q3,288651789348.0,9057667416.0,0.03137921797214301
LG헬로비전,2023,Q4,337345632969.0,12700004804.0,0.03764686292876082
LG헬로비전,2024,Q1,267196057433.0,4109835505.0,0.01538134785551823
LG헬로비전,2024,Q2,283611493628.0,7404701469.0,0.0261086085555912
LG헬로비전,2024,Q3,323302467708.0,3290597278.0,0.010178076589789592
LG헬로비전,2024,Q4,322325356412.0,-1332160900.0,-0.004132969601985692
LG헬로비전,2025,Q1,313517255057.0,7114911319.0,0.02269384285629335
LG헬로비전,2025,Q2,354114627527.0,10492980669.0,0.02963159342577552
LG헬로비전,2025,Q3,298483443037.0,8977479762.0,0.030076977371529288
LG헬로비전,2025,Q4,299536294063.0,-7855178490.0,-0.02622446309744307
LG헬로비전,2026,Q1,255385707689.0,5095768702.0,0.01995322584067803
에코앤드림,2023,Q1,9610855210.0,-1529839350.0,-0.1591782746251569
에코앤드림,2023,Q2,9500377961.0,-951254171.0,-0.10012803436926335
에코앤드림,2023,Q3,17474979376.0,271760781.0,0.015551422130616882
에코앤드림,2023,Q4,14869074761.0,-758082664.0,-0.05098384910864596
에코앤드림,2024,Q1,19095947104.0,-636442406.0,-0.03332866406331244
에코앤드림,2024,Q2,28453464809.0,283840489.0,0.009975603706098372
에코앤드림,2024,Q3,20787518147.0,-346941197.0,-0.016689880655621683
에코앤드림,2024,Q4,36564488771.0,1186703774.0,0.03245509000364303
에코앤드림,2025,Q1,30083534265.0,392075669.0,0.013032899178210967
에코앤드림,2025,Q2,39602397564.0,-280603773.0,-0.007085524873753576
에코앤드림,2025,Q3,34978452921.0,323011221.0,0.009234577118934665
에코앤드림,2025,Q4,37294027646.0,-1044744970.0,-0.028013733992929425
에코앤드림,2026,Q1,16203264338.0,-764082922.0,-0.047156110402276644
동방메디컬,2025,Q1,27571260334.0,4277072836.0,0.15512794062321664
동방메디컬,2025,Q2,26192538393.0,3135648750.0,0.11971534423093591
동방메디컬,2025,Q3,29987953799.0,4063772022.0,0.13551348148787376
동방메디컬,2025,Q4,29785147337.0,5528725224.0,0.18562020732837042
동방메디컬,2026,Q1,31403549385.0,6051931904.0,0.1927149007841363
알에스오토메이션,2023,Q1,25052125549.0,487565694.0,0.0194620489605307
알에스오토메이션,2023,Q2,20390630578.0,-1571971157.0,-0.07709281726167125
알에스오토메이션,2023,Q3,16090156527.0,-734983591.0,-0.04567908272157979
알에스오토메이션,2023,Q4,19742167360.0,-1158262124.0,-0.05866945117417949
알에스오토메이션,2024,Q1,16197830307.0,-1559455679.0,-0.09627559058487425
알에스오토메이션,2024,Q2,16890173351.0,-1704620500.0,-0.10092380134743117
알에스오토메이션,2024,Q3,19689882301.0,-260061980.0,-0.013207899164881859
알에스오토메이션,2024,Q4,23989926398.0,-188719249.0,-0.00786660391820682
알에스오토메이션,2025,Q1,13109249433.0,-1106122816.0,-0.08437728045783839
알에스오토메이션,2025,Q2,16754499485.0,-788526798.0,-0.04706358424529206
알에스오토메이션,2025,Q3,17360988933.0,-426192677.0,-0.024548870956877765
알에스오토메이션,2025,Q4,19813741623.0,-1239957325.0,-0.06258067499783304
알에스오토메이션,2026,Q1,16611037999.0,-1120007841.0,-0.06742551796386388
코칩,2024,Q2,7095601452.0,484107383.0,0.06822640565072144
코칩,2024,Q3,6818452213.0,411549956.0,0.06035826653083269
코칩,2024,Q4,9543799822.0,1112451765.0,0.11656277224461677
코칩,2025,Q1,8554879432.0,448242913.0,0.05239616952675248
코칩,2025,Q2,8626932766.0,477303216.0,0.055327105119112735
코칩,2025,Q3,9730375921.0,66050495.0,0.006788072273492587
코칩,2025,Q4,11372661358.0,147734328.0,0.0129903039710294
코칩,2026,Q1,12052696916.0,1068847321.0,0.08868117471543661
샘표,2023,Q1,91862220847.0,3430380407.0,0.03734266791473971
샘표,2023,Q2,92309246550.0,2466803421.0,0.026723253771374217
샘표,2023,Q3,104443072826.0,4094958471.0,0.039207564084428236
샘표,2023,Q4,95311956727.0,-1861240902.0,-0.019527884705285325
샘표,2024,Q1,98686873737.0,3473128056.0,0.03519341452902711
샘표,2024,Q2,101898184224.0,-3808919047.0,-0.03737965574172507
샘표,2024,Q3,104191468314.0,4460330618.0,0.04280898129353528
샘표,2024,Q4,100179321766.0,1750694652.0,0.01747560894941266
샘표,2025,Q1,100587153116.0,1203631409.0,0.011966055025058096
샘표,2025,Q2,99243286262.0,7411861321.0,0.07468375544752576
샘표,2025,Q3,108686629824.0,12813842897.0,0.11789714077757216
샘표,2025,Q4,100446903758.0,2713639614.0,0.027015662130689365
샘표,2026,Q1,103462129573.0,6558267610.0,0.06338809801293205
경인양행,2023,Q1,90681849739.0,-3540894981.0,-0.039047449861150656
경인양행,2023,Q2,90083063853.0,578497408.0,0.006421822074613357
경인양행,2023,Q3,84055344893.0,-1873528957.0,-0.022289230499083046
경인양행,2023,Q4,80587981595.0,2588765063.0,0.03212346322321364
경인양행,2024,Q1,89999651535.0,5139664195.0,0.057107601055557795
경인양행,2024,Q2,99786574290.0,7583782034.0,0.07600002393067422
경인양행,2024,Q3,92663340709.0,5287515783.0,0.05706157087088968
경인양행,2024,Q4,91781515667.0,6215086519.0,0.067716102461736
경인양행,2025,Q1,99436342422.0,5323902465.0,0.05354081149129337
경인양행,2025,Q2,100325622637.0,5413797851.0,0.053962265159203666
경인양행,2025,Q3,90715484817.0,1238220061.0,0.013649489538614676
경인양행,2025,Q4,89224381965.0,4290106737.0,0.048082224191621496
경인양행,2026,Q1,107855619071.0,6528900036.0,0.060533703225068944
넥써쓰,2023,Q1,1514416716.0,-3838993477.0,-2.5349650703406525
넥써쓰,2023,Q2,1822428494.0,-4224746928.0,-2.3181962649888197
넥써쓰,2023,Q3,998388946.0,-4350375247.0,-4.357395246040715
넥써쓰,2023,Q4,1125026759.0,-3745717663.0,-3.32944761805439
넥써쓰,2024,Q1,1329922154.0,-3742981444.0,-2.814436493701721
넥써쓰,2024,Q2,528893719.0,-4047743995.0,-7.653227575954632
넥써쓰,2024,Q3,4871764945.0,1043677472.0,0.21422984971209444
넥써쓰,2024,Q4,820459601.0,-2190151521.0,-2.669420308240137
넥써쓰,2025,Q1,6600075077.0,,
넥써쓰,2025,Q2,9328206547.0,281198504.0,0.03014496973058931
넥써쓰,2025,Q3,9195586722.0,310657669.0,0.033783343944412646
넥써쓰,2025,Q4,11598537765.0,548729813.0,0.04731025790646292
넥써쓰,2026,Q1,11615517219.0,131659866.0,0.011334825950293313
HDC현대EP,2023,Q1,258961573889.0,10797956147.0,0.04169713670194321
HDC현대EP,2023,Q2,256839421121.0,9086313341.0,0.0353774093608447
HDC현대EP,2023,Q3,248968724659.0,10029028791.0,0.040282283667301015
HDC현대EP,2023,Q4,243350364974.0,3212998268.0,0.013203178340592514
HDC현대EP,2024,Q1,243672932405.0,11792188908.0,0.048393511711020194
HDC현대EP,2024,Q2,257408193015.0,7503318697.0,0.029149494462916172
HDC현대EP,2024,Q3,242019968756.0,6988341280.0,0.02887506066512022
HDC현대EP,2024,Q4,247464903123.0,6391890938.0,0.025829484736358647
HDC현대EP,2025,Q1,253979423919.0,11650958352.0,0.04587363091159607
HDC현대EP,2025,Q2,258580210926.0,13446634018.0,0.05200179073969482
HDC현대EP,2025,Q3,247407042875.0,15259564528.0,0.06167797145415034
HDC현대EP,2025,Q4,232695167580.0,9332185201.0,0.04010476581036698
HDC현대EP,2026,Q1,254869521921.0,7762334748.0,0.030456112168665003
신화프리텍,2023,Q1,22307600880.0,-62312838.0,-0.0027933455657200195
신화프리텍,2023,Q2,24685403163.0,765779729.0,0.031021560553153037
신화프리텍,2023,Q3,28352052615.0,724226165.0,0.02554404701608233
신화프리텍,2023,Q4,26894387045.0,-545319260.0,-0.020276322307980675
신화프리텍,2024,Q1,27852372268.0,312345879.0,0.0112143366458899
코맥스,2023,Q1,28968365355.0,512908812.0,0.017705825154938227
코맥스,2023,Q2,30049619972.0,-1856025002.0,-0.06176534025153827
코맥스,2023,Q3,31634837506.0,-2873781398.0,-0.09084229996297424
코맥스,2023,Q4,46356305457.0,-2230011551.0,-0.04810589474324164
코맥스,2024,Q1,29550460113.0,1235026843.0,0.041793827855041765
코맥스,2024,Q2,37336433854.0,-7979761262.0,-0.21372585537236832
코맥스,2024,Q3,26987017164.0,-7235823884.0,-0.2681224027104561
코맥스,2024,Q4,23287972960.0,1644760650.0,0.07062704224301022
코맥스,2025,Q1,23258940453.0,-2215799212.0,-0.09526655852950518
코맥스,2025,Q2,17685568308.0,-1015925787.0,-0.05744377388994901
코맥스,2025,Q3,23667053270.0,-1665783968.0,-0.07038408833564094
코맥스,2025,Q4,20514792211.0,-9277837036.0,-0.45225108500125283
코맥스,2026,Q1,19704433412.0,3239221377.0,0.1643904855963691
나무에이엑스,2023,Q1,17435510319.0,-1492821535.0,-0.08561960663538637
나무에이엑스,2023,Q2,17872655288.0,-154050681.0,-0.00861935053956041
나무에이엑스,2023,Q3,20894812160.0,163734693.0,0.007836140939971963
나무에이엑스,2023,Q4,34355455823.0,733314084.0,0.02134490916895555
나무에이엑스,2024,Q1,16017980706.0,-88464773.0,-0.005522841775359546
나무에이엑스,2024,Q2,22312367464.0,-1016923871.0,-0.045576690713827694
나무에이엑스,2024,Q3,19130314790.0,-1567976315.0,-0.08196291238341928
나무에이엑스,2024,Q4,33958678437.0,445966845.0,0.013132632526538271
나무에이엑스,2025,Q1,17015681780.0,-663671401.0,-0.039003515085717595
나무에이엑스,2025,Q2,18046739069.0,-1223050654.0,-0.06777128263027361
나무에이엑스,2025,Q3,32226547843.0,2962126940.0,0.09191573836672705
나무에이엑스,2025,Q4,34984269541.0,1175798490.0,0.0336093480134555
나무에이엑스,2026,Q1,36956210236.0,415129484.0,0.011233010131423369
일진다이아,2023,Q1,42296488855.0,1117497489.0,0.026420573415230356
일진다이아,2023,Q2,35648872657.0,-1671770104.0,-0.046895455014388285
일진다이아,2023,Q3,39036249559.0,-1082314060.0,-0.02772587203502154
일진다이아,2023,Q4,37476259423.0,-2733144639.0,-0.07293002773170605
일진다이아,2024,Q1,28684793372.0,-152058665.0,-0.005301020057143886
일진다이아,2024,Q2,41294038394.0,842641225.0,0.020405880794706562
일진다이아,2024,Q3,41047553677.0,-1469693142.0,-0.03580464632715754
일진다이아,2024,Q4,46024170134.0,-3865098260.0,-0.08397974909154719
일진다이아,2025,Q1,30056278068.0,-2248234865.0,-0.07480084060686233
일진다이아,2025,Q2,37994173898.0,-1948778907.0,-0.05129151938483345
일진다이아,2025,Q3,48582632145.0,-3617354257.0,-0.07445776602230246
일진다이아,2025,Q4,45766935467.0,1029168057.0,0.022487152493355735
일진다이아,2026,Q1,47760992647.0,435306948.0,0.009114277653677344
HB솔루션,2023,Q1,34786025410.0,5093267556.0,0.1464170596085355
HB솔루션,2023,Q2,31093989241.0,3322358816.0,0.10684890865078177
HB솔루션,2023,Q3,19294352664.0,2553302701.0,0.13233419879196212
HB솔루션,2023,Q4,10995686407.0,-4204887077.0,-0.38241242259538366
HB솔루션,2024,Q1,11687767974.0,-684757637.0,-0.05858754541699289
HB솔루션,2024,Q2,47754279998.0,9830240783.0,0.20585046583074232
HB솔루션,2024,Q3,32361240252.0,4402364804.0,0.13603819784774546
HB솔루션,2024,Q4,39728018359.0,5793793435.0,0.14583645684626684
HB솔루션,2025,Q1,20127751267.0,2883818543.0,0.14327574425703976
HB솔루션,2025,Q2,30015591060.0,3806851441.0,0.12682913467838272
HB솔루션,2025,Q3,6359011056.0,-1968761734.0,-0.30960187309980985
HB솔루션,2025,Q4,6346290199.0,-325769359.0,-0.0513322506196348
HB솔루션,2026,Q1,14691908816.0,-1131949736.0,-0.0770457909980538
씨앤지하이테크,2023,Q1,21878398245.0,2398884032.0,0.10964623667311803
씨앤지하이테크,2023,Q2,32218811238.0,2669395750.0,0.0828520869463868
씨앤지하이테크,2023,Q3,81568008163.0,8447598324.0,0.10356509266621897
씨앤지하이테크,2023,Q4,31060303813.0,-775031939.0,-0.024952490602349407
씨앤지하이테크,2024,Q1,35272646286.0,96742645.0,0.002742710150397702
씨앤지하이테크,2024,Q2,49392089725.0,6379656994.0,0.12916353670233377
씨앤지하이테크,2024,Q3,23112509807.0,-1172907621.0,-0.05074773924572942
씨앤지하이테크,2024,Q4,43410609775.0,7636908200.0,0.17592261982917515
씨앤지하이테크,2025,Q1,80890321697.0,4455563288.0,0.05508153750073718
씨앤지하이테크,2025,Q2,39141384089.0,3135240069.0,0.08010038842446311
씨앤지하이테크,2025,Q3,20454192656.0,6796963628.0,0.3323017311077389
씨앤지하이테크,2025,Q4,55708432338.0,10354547138.0,0.18587037371965187
씨앤지하이테크,2026,Q1,17105788446.0,-2167377059.0,-0.1267043063137389
쇼박스,2023,Q1,12041540558.0,802149495.0,0.06661518857461128
쇼박스,2023,Q2,3060084909.0,-794587346.0,-0.2596618622127259
쇼박스,2023,Q3,17497406141.0,-22067716006.0,-1.2611992788057214
쇼박스,2023,Q4,7571177199.0,-6235011868.0,-0.8235194744647529
쇼박스,2024,Q1,63214093325.0,19954146800.0,0.3156597801286269
쇼박스,2024,Q2,16979429172.0,5562556338.0,0.32760561510353703
쇼박스,2024,Q3,4853717389.0,-582103747.0,-0.11992946855934054
쇼박스,2024,Q4,8070333014.0,-410179265.0,-0.050825568695671175
쇼박스,2025,Q1,11734306299.0,-1411904245.0,-0.12032277060300725
쇼박스,2025,Q2,18897756377.0,-5479952045.0,-0.289978976111128
쇼박스,2025,Q3,17284921805.0,-1192046994.0,-0.06896455809566794
쇼박스,2025,Q4,14831058023.0,-3567163960.0,-0.24051985734719958
쇼박스,2026,Q1,78854853504.0,21666595932.0,0.2747655340061083
상상인,2023,Q1,226989092486.0,-18787999476.0,-0.08277049469748766
상상인,2023,Q2,267383423696.0,-8334210035.0,-0.031169509013675923
상상인,2023,Q3,195111638063.0,-28466781115.0,-0.1458999647463792
상상인,2023,Q4,247478552581.0,-9128148915.0,-0.03688460603878935
상상인,2024,Q1,228512334881.0,-59175330077.0,-0.25895901902983104
상상인,2024,Q2,189051841757.0,-83798406812.0,-0.44325623084757493
상상인,2024,Q3,233893152772.0,-65858555113.0,-0.2815753874471015
상상인,2024,Q4,218793057049.0,-5997032593.0,-0.027409611044727663
상상인,2025,Q1,180348813510.0,3113715615.0,0.01726496312562295
상상인,2025,Q2,188699163466.0,-14663154273.0,-0.07770651445225947
상상인,2025,Q3,153463084917.0,-59136847762.0,-0.38534900946363726
상상인,2025,Q4,-103949867171.0,22473227754.0,-0.21619294344100515
상상인,2026,Q1,126893645590.0,14737954549.0,0.11614414953936386
디와이파워,2023,Q1,114166917485.0,11607316533.0,0.10166970247335481
디와이파워,2023,Q2,114292771576.0,11297312824.0,0.09884538338006574
디와이파워,2023,Q3,103521387334.0,8504458313.0,0.08215170345004488
디와이파워,2023,Q4,98053599512.0,4915033571.0,0.05012598818872007
디와이파워,2024,Q1,103998566000.0,9526183648.0,0.09159918270411536
디와이파워,2024,Q2,110535374358.0,9304525964.0,0.08417690732981703
디와이파워,2024,Q3,88186400852.0,4048736567.0,0.045911121532160565
디와이파워,2024,Q4,81864575000.0,2649214336.0,0.03236093677882039
디와이파워,2025,Q1,93631406934.0,9849147148.0,0.1051906349644258
디와이파워,2025,Q2,107271709948.0,7756112069.0,0.0723034253183787
디와이파워,2025,Q3,95530790962.0,8017150967.0,0.08392216673040048
디와이파워,2025,Q4,86316966085.0,4806995657.0,0.05569004420598317
디와이파워,2026,Q1,102890627430.0,11758645173.0,0.1142829572207615
어보브반도체,2023,Q1,60467662863.0,-4279185111.0,-0.07076815786142153
어보브반도체,2023,Q2,60497193507.0,-2106505766.0,-0.03481989236006892
어보브반도체,2023,Q3,51348709720.0,-5028550361.0,-0.09792943948193135
어보브반도체,2023,Q4,60122823002.0,-3228836087.0,-0.053704000008326154
어보브반도체,2024,Q1,61399074447.0,-1192533988.0,-0.019422670435030768
어보브반도체,2024,Q2,64505917980.0,372975262.0,0.005782031690730154
어보브반도체,2024,Q3,54511704660.0,-1922442302.0,-0.03526659666929594
어보브반도체,2024,Q4,52198933718.0,-2358373163.0,-0.04518048540494901
어보브반도체,2025,Q1,61745605469.0,4169042491.0,0.06751966329155375
어보브반도체,2025,Q2,60888329471.0,3101861348.0,0.05094344638700196
어보브반도체,2025,Q3,58314737145.0,1489493541.0,0.02554231766999762
어보브반도체,2025,Q4,63174971714.0,1387787710.0,0.021967365751783263
어보브반도체,2026,Q1,62537290611.0,3164916393.0,0.05060846675764535
태림포장,2023,Q1,181422955264.0,6908870187.0,0.0380815656814016
태림포장,2023,Q2,181083431673.0,9166814089.0,0.050622047551834616
태림포장,2023,Q3,177874680089.0,5335072855.0,0.02999343612216525
태림포장,2023,Q4,179216699566.0,773146762.0,0.004314033033039278
태림포장,2024,Q1,169339486299.0,563086746.0,0.003325194603494703
태림포장,2024,Q2,175858093842.0,1258946058.0,0.007158874695475217
태림포장,2024,Q3,179546522513.0,-5492939285.0,-0.030593403916259563
태림포장,2024,Q4,190630963346.0,-12919770519.0,-0.06777372517155196
태림포장,2025,Q1,185036107000.0,-2328436000.0,-0.012583684545416857
태림포장,2025,Q2,188103435000.0,4255908000.0,0.022625360350277495
태림포장,2025,Q3,197792975000.0,-1125216000.0,-0.005688857250870512
태림포장,2025,Q4,182963823000.0,-5784084000.0,-0.031613265973350374
태림포장,2026,Q1,187056684000.0,-3533408000.0,-0.01888950410347272
새로닉스,2023,Q1,44601743084.0,-3538011978.0,-0.07932452261645336
새로닉스,2023,Q2,44566369813.0,-775319587.0,-0.01739696525100053
새로닉스,2023,Q3,60041380838.0,2891651006.0,0.048160967746595916
새로닉스,2023,Q4,52492052449.0,1811281779.0,0.03450582887304316
새로닉스,2024,Q1,46892089029.0,-134030896.0,-0.0028582837483975125
새로닉스,2024,Q2,48699273694.0,1258237782.0,0.02583689009216212
새로닉스,2024,Q3,54495521254.0,4406557448.0,0.08086091015555809
새로닉스,2024,Q4,52414512882.0,1752188753.0,0.033429457924080606
새로닉스,2025,Q1,50934498793.0,-138274985.0,-0.0027147608846011325
새로닉스,2025,Q2,39503226243.0,-3376513004.0,-0.0854743605808227
새로닉스,2025,Q3,40036483238.0,944954353.0,0.023602331587983017
새로닉스,2025,Q4,34473614544.0,-63005722.0,-0.0018276505911378506
새로닉스,2026,Q1,45375589389.0,-584423923.0,-0.012879698773492442
성우,2025,Q1,24002128056.0,809237833.0,0.03371525354385019
성우,2025,Q2,20842728154.0,-1370482021.0,-0.06575348538223803
성우,2025,Q3,21312090878.0,272402921.0,0.012781614087484749
성우,2025,Q4,19393316870.0,1329603483.0,0.06855988028828613
성우,2026,Q1,23857199491.0,217907333.0,0.009133818622852376
킵스파마,2023,Q1,10506373224.0,-1797739588.0,-0.17110943516582616
킵스파마,2023,Q2,26326206546.0,1376174106.0,0.05227392346084498
킵스파마,2023,Q3,24281077670.0,792035620.0,0.032619459101627266
킵스파마,2023,Q4,31019679704.0,2689795157.0,0.08671253806186625
킵스파마,2024,Q1,31708324725.0,3432496729.0,0.108252225835624
킵스파마,2024,Q2,31508308460.0,3083355555.0,0.09785849211532062
킵스파마,2024,Q3,31526943189.0,1019792173.0,0.03234668730445816
킵스파마,2024,Q4,32839652468.0,-1318999836.0,-0.04016485367149592
킵스파마,2025,Q1,40646237440.0,89335689.0,0.002197883362066981
킵스파마,2025,Q2,43342809468.0,-976067528.0,-0.02251971065052049
킵스파마,2025,Q3,40925997957.0,1448114631.0,0.03538373413695374
킵스파마,2025,Q4,45231821524.0,1013253276.0,0.022401336976057173
킵스파마,2026,Q1,59435100682.0,-663572112.0,-0.011164650255248305
미원홀딩스,2023,Q1,113046273541.0,3658429743.0,0.032362232105538166
미원홀딩스,2023,Q2,106844440024.0,2647040072.0,0.024774710517509447
미원홀딩스,2023,Q3,111219136359.0,4207528836.0,0.03783097921583097
미원홀딩스,2023,Q4,112052407855.0,5051412461.0,0.04508080243609505
미원홀딩스,2024,Q1,122250122506.0,8451406916.0,0.0691320936352044
미원홀딩스,2024,Q2,120871135164.0,7433102228.0,0.06149609017830966
미원홀딩스,2024,Q3,117420967658.0,4724267451.0,0.040233593243413635
미원홀딩스,2024,Q4,116033733264.0,2424587816.0,0.020895542596079165
미원홀딩스,2025,Q1,128401781844.0,6788831068.0,0.0528717823888768
미원홀딩스,2025,Q2,118084898895.0,4410183327.0,0.03734756406847157
미원홀딩스,2025,Q3,128201881008.0,6915434310.0,0.0539417538621642
미원홀딩스,2025,Q4,118029354528.0,2231286826.0,0.018904507568671604
미원홀딩스,2026,Q1,147711050796.0,9280626489.0,0.0628296017054082
일승,2023,Q1,14527807027.0,557912477.0,0.03840307597444796
일승,2023,Q2,13672858071.0,969648649.0,0.0709177732969097
일승,2023,Q3,9753721983.0,-217681397.0,-0.022317777498620753
일승,2023,Q4,15017216793.0,3983473582.0,0.26526044319056663
일승,2024,Q1,9913210037.0,-30538086.0,-0.0030805446354934323
일승,2024,Q2,11442095096.0,1015938529.0,0.08878955475166067
일승,2024,Q3,12507897572.0,2508538199.0,0.2005563432671193
일승,2024,Q4,17930017126.0,3419792482.0,0.1907300175994266
일승,2025,Q1,10028740456.0,702366189.0,0.07003533415602435
일승,2025,Q2,11587631813.0,1285729997.0,0.11095709785648848
일승,2025,Q3,13797756627.0,3343351070.0,0.24231120756671395
일승,2025,Q4,15259623236.0,5531725166.0,0.3625073227856463
일승,2026,Q1,12078786461.0,2303572610.0,0.1907122555264784
와이투솔루션,2023,Q1,23327823294.0,-907539541.0,-0.0389037386627248
와이투솔루션,2023,Q2,30475881688.0,-670470.0,-2.200001978167543e-05
와이투솔루션,2023,Q3,39207496648.0,1057139316.0,0.026962683322805957
와이투솔루션,2023,Q4,43926516246.0,1758897816.0,0.040041823625386344
와이투솔루션,2024,Q1,40607153537.0,917075446.0,0.022584085958263212
와이투솔루션,2024,Q2,38975690681.0,1666557231.0,0.04275888898647327
와이투솔루션,2024,Q3,39534645551.0,638353484.0,0.016146685397154227
와이투솔루션,2025,Q3,46622090663.0,-938314777.0,-0.02012596954912322
와이투솔루션,2025,Q4,48304738960.0,-1165416159.0,-0.02412633178630886
와이투솔루션,2026,Q1,86657876532.0,954206886.0,0.011011196260361188
노바텍,2023,Q1,20596305929.0,6843185510.0,0.3322530522507272
노바텍,2023,Q2,24604456451.0,7529293006.0,0.30601338505464065
노바텍,2023,Q3,31938564059.0,9574910025.0,0.2997914999344461
노바텍,2023,Q4,15281700314.0,1660694639.0,0.10867211140625435
노바텍,2024,Q1,15616333023.0,4017998014.0,0.2572945907392103
노바텍,2024,Q2,15219971037.0,3048254896.0,0.20027994065098037
노바텍,2024,Q3,20615138637.0,4275594250.0,0.20740070320585544
노바텍,2024,Q4,14360961113.0,1269493775.0,0.08839894245314917
노바텍,2025,Q1,17117701649.0,3461356607.0,0.2022091912790295
노바텍,2025,Q2,12099632515.0,2170850791.0,0.17941460522117353
노바텍,2025,Q3,13948994414.0,2216288639.0,0.15888519080455057
노바텍,2025,Q4,12423522918.0,-1148442814.0,-0.09244099452145431
노바텍,2026,Q1,11160725104.0,-22180469.0,-0.0019873680960075368
모트렉스,2023,Q1,146139258248.0,15012032493.0,0.10272415963357641
모트렉스,2023,Q2,150891399492.0,17820794637.0,0.11810344855304246
모트렉스,2023,Q3,127909002323.0,17727267109.0,0.13859280259441414
모트렉스,2023,Q4,106091143777.0,2630943065.0,0.024798894340607294
모트렉스,2024,Q1,110290397750.0,10927585307.0,0.09908011513178172
모트렉스,2024,Q2,128946112559.0,14202060461.0,0.11013950075076338
모트렉스,2024,Q3,161767198113.0,15874295500.0,0.09813049669631574
모트렉스,2024,Q4,185882735220.0,2606986908.0,0.014024900725258437
모트렉스,2025,Q1,190093341935.0,19684538550.0,0.10355196215515469
모트렉스,2025,Q2,176660624333.0,12865126942.0,0.07282396397371278
모트렉스,2025,Q3,167521288548.0,8066442363.0,0.048151744968751936
모트렉스,2025,Q4,167998564258.0,1172814895.0,0.00698110070273503
모트렉스,2026,Q1,179831523197.0,11714109113.0,0.06513935323879533
신원,2023,Q1,195913878332.0,8536164238.0,0.04357100329326556
신원,2023,Q2,217297015415.0,4604619807.0,0.021190442023356678
신원,2023,Q3,232931353556.0,7051487688.0,0.03027281463122019
신원,2023,Q4,188335894158.0,3237723887.0,0.01719122051308917
신원,2024,Q1,215410132378.0,9334456362.0,0.04333341360943955
신원,2024,Q2,218343953208.0,5759016965.0,0.026375893998373357
신원,2024,Q3,267475649875.0,5203169378.0,0.019452871244285633
신원,2024,Q4,238307098342.0,5021085518.0,0.021069810983112742
신원,2025,Q1,259545016477.0,6202800251.0,0.023898745332101845
신원,2025,Q2,280172251598.0,1015739878.0,0.0036254121248859993
신원,2025,Q3,281142430756.0,1507059355.0,0.005360483477885122
신원,2025,Q4,271394455595.0,10053313744.0,0.03704318027411174
신원,2026,Q1,280827615381.0,6280018622.0,0.022362539430033874
엠디바이스,2025,Q2,25320184615.0,3300914098.0,0.13036690483072136
엠디바이스,2025,Q3,18099109168.0,2197882953.0,0.12143597414650392
엠디바이스,2025,Q4,32987490592.0,3920302786.0,0.11884210395048167
엠디바이스,2026,Q1,20460873687.0,3151212263.0,0.15401161803770633
JW신약,2023,Q1,24909279068.0,1009454986.0,0.04052525901067961
JW신약,2023,Q2,27075751980.0,1248489997.0,0.04611099990582791
JW신약,2023,Q3,27770606193.0,2130449682.0,0.07671599486139456
JW신약,2023,Q4,24479313171.0,1239303056.0,0.05062654525242848
JW신약,2024,Q1,23791750305.0,2831811835.0,0.11902494766872512
JW신약,2024,Q2,21631143851.0,1885344439.0,0.08715879529934527
JW신약,2024,Q3,31512115696.0,8123696408.0,0.2577959692192671
JW신약,2024,Q4,16078738580.0,-2888324231.0,-0.1796362455070154
JW신약,2025,Q1,19658221890.0,667321214.0,0.03394616347979375
JW신약,2025,Q2,19697115002.0,2668414007.0,0.13547232712653887
JW신약,2025,Q3,20589270838.0,2695973910.0,0.13094071816396008
JW신약,2025,Q4,21099109402.0,1423742046.0,0.06747877452424804
한신공영,2023,Q1,313921276709.0,4522878182.0,0.014407682809574694
한신공영,2023,Q2,347446237282.0,4613875800.0,0.013279394924790078
한신공영,2023,Q3,329759068117.0,4195471524.0,0.012722838974397598
한신공영,2023,Q4,317881940906.0,1423048480.0,0.004476657201551458
한신공영,2024,Q1,289285443060.0,8505311752.0,0.029401105226839686
한신공영,2024,Q2,350147078387.0,5810129062.0,0.016593395806028564
한신공영,2024,Q3,370181432998.0,25638441549.0,0.06925912340162808
한신공영,2024,Q4,480833614776.0,-2699032878.0,-0.0056132366686912375
한신공영,2025,Q1,304474865709.0,16457732652.0,0.054052844768242306
한신공영,2025,Q2,300192352678.0,17693193169.0,0.05893951998163832
한신공영,2025,Q3,285948057413.0,22316398735.0,0.0780435402740576
한신공영,2025,Q4,258575932643.0,8053714699.0,0.03114642038290266
한신공영,2026,Q1,252385060590.0,19337566955.0,0.0766193011178816
라온로보틱스,2025,Q1,12182829313.0,5673919.0,0.00046573081295208654
라온로보틱스,2025,Q2,13515731257.0,1529900655.0,0.11319407184924911
라온로보틱스,2025,Q3,12981198971.0,1026917079.0,0.07910803010524166
라온로보틱스,2025,Q4,15038791342.0,1183809269.0,0.07871704860309378
라온로보틱스,2026,Q1,14175962296.0,865139594.0,0.06102863254963048
금강공업,2023,Q1,210598267776.0,15751404855.0,0.07479361070411922
금강공업,2023,Q2,214308707193.0,18262484411.0,0.08521578357781494
금강공업,2023,Q3,211036440632.0,18935768093.0,0.08972748041187689
금강공업,2023,Q4,220949284909.0,13632431851.0,0.061699370770150454
금강공업,2024,Q1,209293477937.0,13642379238.0,0.0651830117807423
금강공업,2024,Q2,189474926171.0,8672816113.0,0.04577289612015911
금강공업,2024,Q3,193709012182.0,5765459339.0,0.029763505962144093
금강공업,2024,Q4,208874596164.0,4967547369.0,0.02378243912964734
금강공업,2025,Q1,197870760430.0,7062188138.0,0.0356909132135183
금강공업,2025,Q2,211821386999.0,4038541561.0,0.01906578754023108
금강공업,2025,Q3,205273932579.0,-39368617.0,-0.00019178575918230107
금강공업,2025,Q4,187189934794.0,-563966054.0,-0.003012801167010593
금강공업,2026,Q1,196667640593.0,13239252102.0,0.06731789765759373
제일파마홀딩스,2023,Q1,207003193704.0,18449930405.0,0.0891287234504319
제일파마홀딩스,2023,Q2,199342878153.0,857761158.0,0.00430294358116797
제일파마홀딩스,2023,Q3,194765757464.0,485559498.0,0.002493043460628594
제일파마홀딩스,2023,Q4,202931172415.0,1026935177.0,0.005060509752044838
제일파마홀딩스,2024,Q1,188831479528.0,251617271.0,0.0013324964228895431
제일파마홀딩스,2024,Q2,197027607152.0,-12434611761.0,-0.06311101241465683
제일파마홀딩스,2024,Q3,189996784413.0,-3276628604.0,-0.017245705574034997
제일파마홀딩스,2024,Q4,203966370317.0,3900699826.0,0.01912423023431568
제일파마홀딩스,2025,Q1,182043254689.0,7118868706.0,0.039105369315450715
제일파마홀딩스,2025,Q2,159780244481.0,6927077436.0,0.043353779176522174
제일파마홀딩스,2025,Q3,161363481652.0,18089835256.0,0.11210612878949236
제일파마홀딩스,2025,Q4,154427033249.0,6550395868.0,0.04241741701686429
제일파마홀딩스,2026,Q1,150396246941.0,3559732758.0,0.023669026524288685
경동도시가스,2023,Q1,681386207960.0,15488421696.0,0.02273075315447129
경동도시가스,2023,Q2,329172597256.0,4051722432.0,0.012308808405606574
경동도시가스,2023,Q3,281333462896.0,3566425309.0,0.012676861374000125
경동도시가스,2023,Q4,507561529745.0,5178312181.0,0.010202333860096913
경동도시가스,2024,Q1,624118532007.0,16607616500.0,0.026609715379856295
경동도시가스,2024,Q2,374758068800.0,3695171291.0,0.009860151384684476
경동도시가스,2024,Q3,302521141004.0,1524537978.0,0.005039442773950936
경동도시가스,2024,Q4,490510128215.0,5146816965.0,0.010492784285065877
경동도시가스,2025,Q1,687460569219.0,17887532858.0,0.026019721943211088
경동도시가스,2025,Q2,336736643548.0,2892006387.0,0.008588332877968358
경동도시가스,2025,Q3,288824241112.0,3564674008.0,0.012342018087802034
경동도시가스,2025,Q4,446443842456.0,8701655194.0,0.019491040902546674
경동도시가스,2026,Q1,541759098097.0,19578117425.0,0.03613805009232094
신영와코루,2023,Q1,46802932286.0,1441297651.0,0.030795028871110505
신영와코루,2023,Q2,62987385728.0,2850923887.0,0.04526182272925591
신영와코루,2023,Q3,54844823757.0,2322934706.0,0.04235467537086428
신영와코루,2023,Q4,38140026983.0,-4457861640.0,-0.11688144955919891
신영와코루,2024,Q1,48479423508.0,1420999001.0,0.029311384050709863
신영와코루,2024,Q2,59514018617.0,1626821367.0,0.027335095239818058
신영와코루,2024,Q3,52461035820.0,2666009135.0,0.05081884284838355
신영와코루,2024,Q4,36223640812.0,-2958034608.0,-0.08166033401645469
신영와코루,2025,Q1,46198003790.0,1975911780.0,0.04277050127494264
신영와코루,2025,Q2,57891947885.0,-126329482.0,-0.0021821598100473035
신영와코루,2025,Q3,47539620753.0,2778065526.0,0.058436846613352286
신영와코루,2025,Q4,33524980996.0,-3338441556.0,-0.0995807143454704
신영와코루,2026,Q1,44195712694.0,179870605.0,0.0040698654696526525
제넥신,2023,Q1,691917332.0,-11388654422.0,-16.45955939430059
제넥신,2023,Q2,1831590712.0,-11995304994.0,-6.54911870616649
제넥신,2023,Q3,368516901.0,-14384785181.0,-39.03426177189089
제넥신,2023,Q4,1534602045.0,-3472142027.0,-2.2625683566060935
제넥신,2024,Q1,2073219312.0,-12644403108.0,-6.098922113455598
토비스,2023,Q1,87744519253.0,2973155201.0,0.03388422691595461
토비스,2023,Q2,103273111664.0,7676616032.0,0.07433315321199907
토비스,2023,Q3,127926362260.0,9806645552.0,0.07665851962607038
토비스,2023,Q4,128448260781.0,5199334391.0,0.04047804430660756
토비스,2024,Q1,139196007804.0,10118135441.0,0.07268983931814488
토비스,2024,Q2,162677751829.0,16001977953.0,0.0983661119795939
토비스,2024,Q3,163053427021.0,17734894732.0,0.10876738413916247
토비스,2024,Q4,158853496887.0,14516871001.0,0.09138527816813838
토비스,2025,Q1,153758066714.0,12064285159.0,0.0784627786810064
토비스,2025,Q2,166352727089.0,18331807068.0,0.11019841627358679
토비스,2025,Q3,164681246050.0,16588465712.0,0.10073075173941459
토비스,2025,Q4,155536743148.0,10206103927.0,0.0656186038130453
토비스,2026,Q1,169750590768.0,15511195236.0,0.09137638441093451
유니퀘스트,2023,Q1,164278942420.0,8091062279.0,0.04925197447591409
유니퀘스트,2023,Q2,158321842858.0,6683154712.0,0.0422124615994659
유니퀘스트,2023,Q3,162638076284.0,8745856611.0,0.05377496346998049
유니퀘스트,2023,Q4,183452617561.0,7073131900.0,0.038555633569240876
유니퀘스트,2024,Q1,172174836605.0,8513652467.0,0.049447716256771294
유니퀘스트,2024,Q2,171097154800.0,9123680316.0,0.05332455894234426
유니퀘스트,2024,Q3,169350105903.0,7845422391.0,0.04632664591006329
유니퀘스트,2024,Q4,197859972295.0,8655599511.0,0.043746086743077596
유니퀘스트,2025,Q1,176863906109.0,9856330136.0,0.055728330063713576
유니퀘스트,2025,Q2,164904644037.0,7364169964.0,0.044657141143627746
유니퀘스트,2025,Q3,176257893918.0,9791204446.0,0.05555044502321772
유니퀘스트,2025,Q4,212016384488.0,9675138714.0,0.045633919932011706
유니퀘스트,2026,Q1,169048375768.0,11543919633.0,0.06828766961264827
팜스토리,2023,Q1,366047364409.0,9831857688.0,0.026859523231027707
팜스토리,2023,Q2,375288495507.0,11446966430.0,0.030501778144133084
팜스토리,2023,Q3,367472003561.0,4510047316.0,0.012273172574496104
팜스토리,2023,Q4,391440408861.0,456628390.0,0.0011665336017011676
팜스토리,2024,Q1,361518196189.0,15160441684.0,0.04193548718658187
팜스토리,2024,Q2,364439785275.0,19786309302.0,0.05429239644368024
팜스토리,2024,Q3,345857966764.0,7354620483.0,0.02126485780221598
팜스토리,2024,Q4,382084593693.0,-1522472253.0,-0.0039846470601829255
팜스토리,2025,Q1,356387157417.0,3684233091.0,0.010337726863398638
팜스토리,2025,Q2,371507768823.0,15889752256.0,0.04277098243824469
팜스토리,2025,Q3,361353846266.0,19329986518.0,0.053493235834470125
팜스토리,2025,Q4,366602308244.0,-3934914559.0,-0.010733469131299177
팜스토리,2026,Q1,347114021241.0,8691267559.0,0.025038653085597152
엠플러스,2023,Q1,12709548272.0,668968016.0,0.05263507417283918
엠플러스,2023,Q2,149486940043.0,13111806250.0,0.08771205194399177
엠플러스,2023,Q3,33562441075.0,2218866703.0,0.06611160070394254
엠플러스,2023,Q4,144292678617.0,7880419139.0,0.05461413021458429
엠플러스,2024,Q1,21571116726.0,2888953672.0,0.13392694076509723
엠플러스,2024,Q2,18842751337.0,-1506510364.0,-0.07995171920789436
엠플러스,2024,Q3,26621107665.0,4268659858.0,0.1603486944163561
엠플러스,2024,Q4,61709412778.0,4440293596.0,0.07195488331697442
엠플러스,2025,Q1,23214278317.0,2380255260.0,0.10253410541119085
엠플러스,2025,Q2,59597486351.0,12237550217.0,0.2053366839152716
엠플러스,2025,Q3,88008716471.0,7029635636.0,0.0798743115213634
엠플러스,2025,Q4,13390848707.0,2917819818.0,0.21789655621116263
엠플러스,2026,Q1,50977906066.0,10190548918.0,0.1999012847802441
노머스,2025,Q1,19144104283.0,4595560589.0,0.24005095882604788
노머스,2025,Q2,16033959799.0,4218752037.0,0.2631135471141142
노머스,2025,Q3,27644632373.0,5430748628.0,0.19644857470791008
노머스,2025,Q4,12903082830.0,-1905173140.0,-0.14765255443996866
노머스,2026,Q1,18580439645.0,3999255843.0,0.21524010838334498
리센스메디컬,2026,Q1,1020668629.0,,
HS화성,2023,Q1,221492119330.0,12085063993.0,0.054562049564366326
HS화성,2023,Q2,233195435384.0,11368509479.0,0.04875099489095753
HS화성,2023,Q3,228884525897.0,6589949978.0,0.028791592407454988
HS화성,2023,Q4,224496446354.0,-4789850183.0,-0.021335973289515083
HS화성,2024,Q1,188305377517.0,14733199610.0,0.07824099239369786
HS화성,2024,Q2,139979886394.0,4894670231.0,0.03496695387523762
HS화성,2024,Q3,133341378042.0,4110589841.0,0.030827563816726435
HS화성,2024,Q4,151153392514.0,-176722688.0,-0.001169161241178439
HS화성,2025,Q1,151094894171.0,10574679460.0,0.0699870072911413
HS화성,2025,Q2,116134021553.0,2351559280.0,0.02024866829335468
HS화성,2025,Q3,295547285085.0,33820754060.0,0.11443432495166748
HS화성,2025,Q4,96702752943.0,-3501549300.0,-0.0362094065932532
HS화성,2026,Q1,68952460878.0,190690457.0,0.0027655351900695074
톱텍,2023,Q1,86627429047.0,-8341796236.0,-0.09629509184064704
톱텍,2023,Q2,55840710102.0,18074250999.0,0.32367516397956136
톱텍,2023,Q3,53970359054.0,-3897003135.0,-0.07220635925547311
톱텍,2023,Q4,405217494494.0,63115227752.0,0.1557564236727063
톱텍,2024,Q1,234445581292.0,28883049954.0,0.12319724600834513
톱텍,2024,Q2,97743356008.0,-809936119.0,-0.008286354715851062
톱텍,2024,Q3,53953558157.0,-9971132066.0,-0.18480953632353408
톱텍,2024,Q4,87486406369.0,-5612697974.0,-0.06415508656655496
톱텍,2025,Q1,45323872669.0,-482535241.0,-0.010646381533280536
톱텍,2025,Q2,25845781788.0,-6352583059.0,-0.24578800173688134
톱텍,2025,Q3,56166153008.0,7413892622.0,0.13199929539315264
톱텍,2025,Q4,43665722416.0,-3723287471.0,-0.085267969129848
톱텍,2026,Q1,32619441966.0,6048861038.0,0.18543729363319175
티앤알바이오팹,2025,Q1,5955257318.0,-3580334249.0,-0.6012056335799796
티앤알바이오팹,2025,Q2,6536306056.0,-1915300110.0,-0.29302485128306544
티앤알바이오팹,2025,Q3,6954144054.0,-1262202570.0,-0.1815036559781912
티앤알바이오팹,2025,Q4,7521548770.0,-2292949348.0,-0.304850692073622
티앤알바이오팹,2026,Q1,8721488639.0,-931336716.0,-0.1067864391676587
텔코웨어,2023,Q1,5584916342.0,-1783748826.0,-0.3193868478540587
텔코웨어,2023,Q2,10356262022.0,2653793563.0,0.2562501371018324
텔코웨어,2023,Q3,9857426150.0,149715396.0,0.015188081931509069
텔코웨어,2023,Q4,14839005164.0,2023111821.0,0.1363374295406371
텔코웨어,2024,Q1,7021509420.0,-2203010963.0,-0.31375176350614364
텔코웨어,2024,Q2,8921509212.0,-539608634.0,-0.060484007938274825
텔코웨어,2024,Q3,7521282787.0,-879774506.0,-0.11697133732567899
텔코웨어,2024,Q4,21388623909.0,6997415671.0,0.3271559545285004
텔코웨어,2025,Q1,6373230111.0,-1816402622.0,-0.28500502733534516
텔코웨어,2025,Q2,6116345272.0,-1390395002.0,-0.22732447894416383
텔코웨어,2025,Q3,7136006441.0,-29978196.0,-0.004200976589337134
텔코웨어,2025,Q4,18725698107.0,6522608042.0,0.34832389183726786
텔코웨어,2026,Q1,6823209103.0,-1350297002.0,-0.1978976434133181
KX,2023,Q1,67284729806.0,2993352105.0,0.04448783719026056
KX,2023,Q2,122235894036.0,23908345715.0,0.19559185870525636
KX,2023,Q3,108776112817.0,23288430870.0,0.21409508270606617
KX,2023,Q4,107648557837.0,11676551076.0,0.10846918259397842
KX,2024,Q1,76693782087.0,2576146306.0,0.03359002823824319
KX,2024,Q2,118862169837.0,30389162041.0,0.2556672327509565
KX,2024,Q3,112639917484.0,23788435295.0,0.21119009873545977
KX,2024,Q4,95585600363.0,2952272031.0,0.030886158791578692
KX,2025,Q1,63106769126.0,-805495022.0,-0.01276400350003239
KX,2025,Q2,100215456292.0,18228112542.0,0.1818892336216915
KX,2025,Q3,90338984929.0,20115900881.0,0.22267131844363386
KX,2025,Q4,92460515606.0,853964458.0,0.009235990653988783
KX,2026,Q1,71858459173.0,3806293662.0,0.05296931921176194
유아이엘,2023,Q1,86268639868.0,3190234730.0,0.03698023679150838
유아이엘,2023,Q2,68444646210.0,1210688646.0,0.017688580671239035
유아이엘,2023,Q3,86843049670.0,3682699359.0,0.04240637993476859
유아이엘,2023,Q4,90589150435.0,592905066.0,0.00654498980455087
유아이엘,2024,Q1,123559422287.0,8126730765.0,0.06577184171453539
유아이엘,2024,Q2,101491309849.0,7269295245.0,0.07162480468342901
유아이엘,2024,Q3,,4161953894.0,
유아이엘,2024,Q4,,1506156450.0,
유아이엘,2025,Q1,115577091794.0,7518018504.0,0.06504765250020147
유아이엘,2025,Q2,102897713555.0,7024348743.0,0.0682653530415465
유아이엘,2025,Q3,95898673105.0,5438300435.0,0.05670881836963035
유아이엘,2025,Q4,97890513972.0,6373607768.0,0.06510955463798124
유아이엘,2026,Q1,105492875152.0,6133348239.0,0.058139928693409205
동양,2023,Q1,203386566649.0,7462299677.0,0.036690228858026155
동양,2023,Q2,221858035573.0,13877633629.0,0.06255186382209588
동양,2023,Q3,193919707706.0,7165023259.0,0.03694840170583812
동양,2023,Q4,247162698593.0,-1956330651.0,-0.007915153306452068
동양,2024,Q1,192349029272.0,3111737483.0,0.01617755750978969
동양,2024,Q2,211061834037.0,7072146898.0,0.03350746443698686
동양,2024,Q3,173574009680.0,-7828444404.0,-0.04510147814429403
동양,2024,Q4,173423473547.0,-3276056876.0,-0.01889050431867948
동양,2025,Q1,156315070581.0,-6016304002.0,-0.03848831708701079
동양,2025,Q2,163717961253.0,-3535537023.0,-0.021595291047732945
동양,2025,Q3,160511454610.0,-5809203727.0,-0.03619183279545261
동양,2025,Q4,150083412598.0,,
동양,2026,Q1,125430116450.0,-8718925354.0,-0.06951221605120339
SV인베스트먼트,2023,Q2,6176394798.0,314223125.0,0.05087484451313729
SV인베스트먼트,2023,Q3,5393834262.0,1109507857.0,0.2056992860934888
SV인베스트먼트,2024,Q1,4876693852.0,-2465785169.0,-0.5056264026065009
SV인베스트먼트,2024,Q2,7872662261.0,33917711.0,0.004308289861235799
SV인베스트먼트,2024,Q3,4722326353.0,10329737.0,0.002187425482238796
SV인베스트먼트,2024,Q4,12277386610.0,8752382846.0,0.7128864736466909
SV인베스트먼트,2025,Q1,6514773333.0,-1341568779.0,-0.2059271613034338
SV인베스트먼트,2025,Q2,4322520649.0,-266177870.0,-0.06157931716568649
SV인베스트먼트,2025,Q3,4594164982.0,-1435007786.0,-0.3123544303746992
SV인베스트먼트,2025,Q4,5641651600.0,-3012102116.0,-0.5339043119926087
넵튠,2023,Q1,19049690513.0,-1487939778.0,-0.07810834391165523
넵튠,2023,Q2,30377813961.0,151679667.0,0.004993106719092136
넵튠,2023,Q3,21678432793.0,182397370.0,0.008413771038785442
넵튠,2023,Q4,28640995547.0,3309577414.0,0.11555385386548345
넵튠,2024,Q1,24566944648.0,722998781.0,0.029429739487725003
넵튠,2024,Q2,26832079118.0,753901935.0,0.0280970375677766
넵튠,2024,Q3,38279066002.0,5206430417.0,0.13601247263263883
넵튠,2024,Q4,31922628767.0,2922245802.0,0.09154151505908781
넵튠,2025,Q1,31586525907.0,2373887935.0,0.07515508169494241
넵튠,2025,Q2,34161163389.0,1138958269.0,0.03334073421418511
넵튠,2025,Q3,29672064179.0,569459776.0,0.019191781622089756
넵튠,2025,Q4,27110961606.0,-1589987034.0,-0.05864738614244194
넵튠,2026,Q1,31409350309.0,1718409045.0,0.05471011110050274
플래스크,2023,Q1,6278419468.0,-4913002541.0,-0.7825221882737702
플래스크,2023,Q2,6941114460.0,-5101994567.0,-0.735039682229934
플래스크,2023,Q3,3724502496.0,-5896395400.0,-1.5831363803172491
플래스크,2023,Q4,5815572630.0,-7050846086.0,-1.2124078804600882
플래스크,2024,Q1,3860368861.0,-4966165362.0,-1.286448404496132
플래스크,2024,Q2,4133603868.0,-2333449405.0,-0.5645072627941522
플래스크,2024,Q3,3257587655.0,-2483217266.0,-0.7622871673732445
플래스크,2024,Q4,2912416360.0,-1363374637.0,-0.46812490676985485
플래스크,2025,Q1,2311585093.0,-2191720837.0,-0.9481462930510428
플래스크,2025,Q2,2148078412.0,-989419116.0,-0.46060661029537875
플래스크,2025,Q3,6450517828.0,-89640473.0,-0.013896632082915002
플래스크,2025,Q4,7095037002.0,1308990821.0,0.18449386812655272
플래스크,2026,Q1,2566527344.0,-778075352.0,-0.30316269718262545
현대코퍼레이션홀딩스,2023,Q1,49946027607.0,4613036129.0,0.09236042083862295
현대코퍼레이션홀딩스,2023,Q2,46075962117.0,5315572961.0,0.11536542519724809
현대코퍼레이션홀딩스,2023,Q3,46930322427.0,3921728402.0,0.08356491494598697
현대코퍼레이션홀딩스,2023,Q4,45393914690.0,4880366586.0,0.10751147195232127
현대코퍼레이션홀딩스,2024,Q1,51667474625.0,4448197775.0,0.08609280417293087
현대코퍼레이션홀딩스,2024,Q2,49472393569.0,4805954235.0,0.0971441623962878
현대코퍼레이션홀딩스,2024,Q3,56322754855.0,4813050040.0,0.08545480512078904
현대코퍼레이션홀딩스,2024,Q4,58141230809.0,5438110510.0,0.09353277242899724
현대코퍼레이션홀딩스,2025,Q1,62081190191.0,4950140855.0,0.07973656496871784
현대코퍼레이션홀딩스,2025,Q2,61183824223.0,5430249637.0,0.08875302755198948
현대코퍼레이션홀딩스,2025,Q3,65072530897.0,4784350709.0,0.07352335375694709
현대코퍼레이션홀딩스,2025,Q4,61888280689.0,6205414799.0,0.10026801084010317
현대코퍼레이션홀딩스,2026,Q1,80622768000.0,6223190000.0,0.07718898959162504
나인테크,2023,Q1,32785121753.0,531858484.0,0.016222556317068804
나인테크,2023,Q2,32198252498.0,95220244.0,0.002957310928781449
나인테크,2023,Q3,22450849758.0,-1939015862.0,-0.08636714792094062
나인테크,2023,Q4,35614155265.0,-1785783216.0,-0.050142512231786326
나인테크,2024,Q1,44715916287.0,1411990661.0,0.03157691440196429
나인테크,2024,Q2,22462634337.0,-932184432.0,-0.041499336988472656
나인테크,2024,Q3,34715719905.0,1570171161.0,0.04522939939879665
나인테크,2024,Q4,95325506548.0,2579424472.0,0.02705912158674092
나인테크,2025,Q1,15891560299.0,-1405424849.0,-0.0884384429569473
나인테크,2025,Q2,27750797280.0,844885239.0,0.030445440196736576
나인테크,2025,Q3,22111927708.0,-1355235004.0,-0.06128977183249753
나인테크,2025,Q4,16614443791.0,-7007852871.0,-0.42179280625669424
나인테크,2026,Q1,19785224281.0,1467540120.0,0.0741735397667085
국전,2023,Q1,31878911693.0,2692279469.0,0.0844533055245789
국전,2023,Q2,29860941849.0,2661239717.0,0.08912109103782744
국전,2023,Q3,30145348156.0,1234812782.0,0.04096196785022794
국전,2023,Q4,30112683710.0,-89500085.0,-0.0029721723198745742
국전,2024,Q1,39310131896.0,1605463845.0,0.04084096815669458
국전,2024,Q2,33703875438.0,426602194.0,0.012657363239570374
국전,2024,Q3,31314203914.0,-1881607.0,-6.0087971744948894e-05
국전,2024,Q4,32139436632.0,-1661932442.0,-0.05171006763526396
국전,2025,Q1,38284309832.0,113363504.0,0.0029610956681069625
국전,2025,Q2,33338734540.0,-792386909.0,-0.023767756033129864
국전,2025,Q3,29204546417.0,-2032280231.0,-0.06958780328178654
국전,2025,Q4,30211807911.0,135572930.0,0.004487415331097694
국전,2026,Q1,34671820944.0,2662839670.0,0.07680126389383675
인천도시가스,2023,Q1,275774336668.0,6087446848.0,0.022074015013690607
KBI동양철관,2023,Q1,56811318723.0,-1488635902.0,-0.02620315696698178
KBI동양철관,2023,Q2,69642201090.0,659589123.0,0.009471112524826719
KBI동양철관,2023,Q3,59657490792.0,1261958532.0,0.021153396082311045
KBI동양철관,2023,Q4,92189191332.0,1765029732.0,0.019145733968352282
KBI동양철관,2024,Q1,68260458991.0,1556830968.0,0.02280721505557507
KBI동양철관,2024,Q2,65491733520.0,2413010752.0,0.036844508799925256
KBI동양철관,2024,Q3,49690802273.0,1588322527.0,0.03196411517515448
KBI동양철관,2024,Q4,66854490406.0,1118825060.0,0.016735226806838224
KBI동양철관,2025,Q1,43658338586.0,-29329771.0,-0.0006718022707672442
KBI동양철관,2025,Q2,54854901549.0,-166322035.0,-0.0030320359767928894
KBI동양철관,2025,Q3,47205951055.0,-723236621.0,-0.015320878084997202
KBI동양철관,2025,Q4,89065103156.0,-702883318.0,-0.007891792555035616
KBI동양철관,2026,Q1,67030082489.0,4185427237.0,0.062441027693600874
현대이지웰,2023,Q1,36569146868.0,8776495184.0,0.23999726369553107
현대이지웰,2023,Q2,24006617942.0,4729102344.0,0.19699161103931898
현대이지웰,2023,Q3,28466516085.0,2896892298.0,0.101764904751603
현대이지웰,2023,Q4,28909391103.0,1938372600.0,0.06704992827741883
현대이지웰,2024,Q1,37471682594.0,7569407908.0,0.20200341655359827
현대이지웰,2024,Q2,28422664406.0,6575844308.0,0.23135917921234173
현대이지웰,2024,Q3,34250926616.0,3789232231.0,0.11063152461486679
현대이지웰,2024,Q4,30911007534.0,2309111078.0,0.07470190272705073
현대이지웰,2025,Q1,42942669261.0,8514571160.0,0.19827764101596795
현대이지웰,2025,Q2,29623866134.0,6617649212.0,0.22338911410367096
현대이지웰,2025,Q3,33640616742.0,4808189402.0,0.14292809905583628
현대이지웰,2025,Q4,36441714519.0,4257069115.0,0.11681857374686493
현대이지웰,2026,Q1,46339411000.0,7354774000.0,0.15871531038665987
셀레믹스,2024,Q1,1840586552.0,-522131907.0,-0.28367691072861867
셀레믹스,2024,Q2,1495608692.0,-756506522.0,-0.5058184845050365
셀레믹스,2024,Q3,1358699471.0,-483421097.0,-0.3557969273692313
셀레믹스,2024,Q4,2024100293.0,-141073415.0,-0.06969685024397158
셀레믹스,2025,Q1,1722608226.0,-446856440.0,-0.2594068884935187
셀레믹스,2025,Q2,1124558424.0,-1343582561.0,-1.1947645692083668
셀레믹스,2025,Q3,1261435650.0,-1077230326.0,-0.8539716837715821
셀레믹스,2025,Q4,1659033088.0,-456376348.0,-0.2750857419909397
셀레믹스,2026,Q1,923410000.0,-1426079081.0,-1.544361747219545
성도이엔지,2023,Q1,171328383866.0,-4090779038.0,-0.023876831997665347
성도이엔지,2023,Q2,167351045724.0,4668279492.0,0.02789513188760742
성도이엔지,2023,Q3,162343551665.0,10157274254.0,0.06256653959967434
성도이엔지,2023,Q4,177576032390.0,1579803259.0,0.008896489226262074
성도이엔지,2024,Q1,189998193051.0,6843692875.0,0.03601977874159567
성도이엔지,2024,Q2,261405338888.0,26133501331.0,0.09997309711488711
성도이엔지,2024,Q3,279450866955.0,11633062256.0,0.04162829188099557
성도이엔지,2024,Q4,268757017726.0,-17314125368.0,-0.06442297028928895
성도이엔지,2025,Q1,200331459919.0,8015419299.0,0.04001078663451499
성도이엔지,2025,Q2,201245071664.0,25490012686.0,0.12666154989652756
성도이엔지,2025,Q3,176137559748.0,14713034790.0,0.0835315012371577
성도이엔지,2025,Q4,165692301759.0,9479418008.0,0.057210974241807835
성도이엔지,2026,Q1,144597436290.0,7797967023.0,0.05392880553816076
고스트스튜디오,2023,Q1,18521782.0,4133717.0,0.22318138719049818
고스트스튜디오,2023,Q2,20006300.0,5686897.0,0.2842553095774831
고스트스튜디오,2023,Q3,18225946.0,6264035.0,0.34368778443653897
고스트스튜디오,2023,Q4,19185332.0,3150663.0,0.16422249039005424
고스트스튜디오,2024,Q1,17428955.0,3849146.0,0.22084777888289917
고스트스튜디오,2024,Q2,16312900.0,4168525.0,0.2555354964475967
고스트스튜디오,2024,Q3,14762193.0,2304277.0,0.15609313602660527
고스트스튜디오,2024,Q4,14361878.0,978309.0,0.06811845915972828
고스트스튜디오,2025,Q1,14254089.0,2815520.0,0.19752367197931767
고스트스튜디오,2025,Q2,14537947.0,2730396.0,0.18781166281593956
고스트스튜디오,2025,Q3,15089520.0,3077986.0,0.20398170385804187
고스트스튜디오,2025,Q4,35236783.0,2154651.0,0.061147778445041365
고스트스튜디오,2026,Q1,14286310.0,2966674.0,0.20765852063968931
도이치모터스,2023,Q1,487918492131.0,6077786283.0,0.01245656063670608
도이치모터스,2023,Q2,580761977248.0,15185473939.0,0.02614750023918219
도이치모터스,2023,Q3,548112174200.0,10648720022.0,0.01942799398233107
도이치모터스,2023,Q4,579161692107.0,10859910480.0,0.01875108562600448
도이치모터스,2024,Q1,476066811256.0,5193965202.0,0.010910160253130938
도이치모터스,2024,Q2,503540525072.0,6271335591.0,0.012454480381898314
도이치모터스,2024,Q3,573694223808.0,2923459247.0,0.0050958491922665815
도이치모터스,2024,Q4,615133793786.0,10651930475.0,0.017316444946781317
도이치모터스,2025,Q1,578211358606.0,7939811277.0,0.01373167641698004
도이치모터스,2025,Q2,654882862409.0,13728855695.0,0.020963834119124943
도이치모터스,2025,Q3,675501360932.0,6330704908.0,0.009371861071109355
도이치모터스,2025,Q4,640501314385.0,12786409102.0,0.0199631270300785
도이치모터스,2026,Q1,637401986572.0,10444424165.0,0.016385929735128323
유니트론텍,2023,Q1,127055067361.0,7758124791.0,0.06106112060022711
유니트론텍,2023,Q2,161539553747.0,8426098594.0,0.052161210047644346
유니트론텍,2023,Q3,159794623695.0,7976020423.0,0.04991419760294208
유니트론텍,2023,Q4,149704517409.0,6763592338.0,0.045179614183061274
유니트론텍,2024,Q1,176750690371.0,8364369899.0,0.04732298290571411
유니트론텍,2024,Q2,191939664690.0,9551977621.0,0.04976552207917687
유니트론텍,2024,Q3,164473052029.0,4677063271.0,0.028436653988614117
유니트론텍,2024,Q4,179125180171.0,13533738378.0,0.07555463930353151
유니트론텍,2025,Q1,172561703303.0,9983034075.0,0.057851967637749
유니트론텍,2025,Q2,205326559543.0,3592081086.0,0.017494478522383936
유니트론텍,2025,Q3,192436529301.0,6882502855.0,0.03576505396350564
유니트론텍,2025,Q4,198649661544.0,11810926752.0,0.059456062800207356
유니트론텍,2026,Q1,220306342970.0,18440076045.0,0.08370197515153278
그래디언트,2023,Q1,847394400670.0,2483759858.0,0.0029310553102972984
그래디언트,2023,Q2,842191920900.0,1560769948.0,0.0018532236052942646
그래디언트,2023,Q3,809452113086.0,-29236135.0,-3.611842445940198e-05
그래디언트,2023,Q4,924828145752.0,-1105653063.0,-0.001195522722874061
그래디언트,2024,Q1,901833101889.0,487082851.0,0.000540103096659177
그래디언트,2024,Q2,816122462012.0,-2328506359.0,-0.002853133527607481
그래디언트,2024,Q3,783887274463.0,-2590665957.0,-0.0033048960499769933
그래디언트,2024,Q4,816067556397.0,-1080627415.0,-0.0013241886735101342
그래디언트,2025,Q1,748939439911.0,-2297533227.0,-0.003067715631684488
그래디언트,2025,Q2,736447701405.0,-7269002629.0,-0.009870358227925957
그래디언트,2025,Q3,764958754912.0,-6236501756.0,-0.008152729432735808
그래디언트,2025,Q4,811247172520.0,-13778369244.0,-0.016984181530272535
그래디언트,2026,Q1,843283541776.0,5814551204.0,0.006895131845872677
그린리소스,2024,Q1,4068250285.0,634563698.0,0.15597951294680484
그린리소스,2024,Q2,4348314610.0,587494916.0,0.13510864983157234
그린리소스,2024,Q3,4361960592.0,312677354.0,0.07168275535855644
그린리소스,2024,Q4,5720413997.0,-463009556.0,-0.08093986838064861
그린리소스,2025,Q1,19993080008.0,837850638.0,0.041907031716211
그린리소스,2025,Q2,25752700379.0,848488392.0,0.03294755033502811
그린리소스,2025,Q3,28057744950.0,1937415301.0,0.06905099837683142
그린리소스,2025,Q4,28351853798.0,2409006899.0,0.08496823227728187
그린리소스,2026,Q1,20925590748.0,2480537834.0,0.11854087484899711
엔에프씨,2023,Q1,9898444795.0,927475674.0,0.09369913084411964
현대에버다임,2023,Q1,99050407634.0,3691013448.0,0.03726399048895004
현대에버다임,2023,Q2,94090312485.0,6248858289.0,0.06641340775647016
현대에버다임,2023,Q3,77601102499.0,1282116853.0,0.016521889660221282
현대에버다임,2023,Q4,87310517131.0,761020278.0,0.008716249805944584
현대에버다임,2024,Q1,70114566316.0,-1680493610.0,-0.023967824352306016
현대에버다임,2024,Q2,70852381136.0,435744316.0,0.006150030655477842
현대에버다임,2024,Q3,61111587038.0,-1144932418.0,-0.018735111842015584
현대에버다임,2024,Q4,153039842439.0,12339259635.0,0.08062775966277078
현대에버다임,2025,Q1,62104774870.0,-1089184450.0,-0.01753785360755145
현대에버다임,2025,Q2,85286708657.0,2806219926.0,0.0329033675960677
현대에버다임,2025,Q3,64731272063.0,499680077.0,0.007719299514362767
현대에버다임,2025,Q4,77463951618.0,3190522876.0,0.04118719493853746
현대에버다임,2026,Q1,82016474499.0,577442487.0,0.0070405670388458425
한컴위드,2023,Q1,71186189177.0,118631087.0,0.0016664902050737853
한컴위드,2023,Q2,83374577486.0,219954089.0,0.002638143372144033
한컴위드,2023,Q3,123762267924.0,-920577794.0,-0.0074382750853055546
한컴위드,2023,Q4,131821550276.0,-1880801620.0,-0.014267785624293533
한컴위드,2024,Q1,78683657795.0,13300513.0,0.00016903780750321433
한컴위드,2024,Q2,133958187912.0,-306107014.0,-0.002285093720445728
한컴위드,2024,Q3,118692631949.0,154896017.0,0.0013050179649445799
한컴위드,2024,Q4,116846671925.0,1416478387.0,0.012122539424222459
한컴위드,2025,Q1,159736350893.0,2000939967.0,0.012526516073603918
한컴위드,2025,Q2,186939091778.0,546297376.0,0.00292232818082136
한컴위드,2025,Q3,150526835314.0,1589399136.0,0.010558908866213142
한컴위드,2025,Q4,274015052249.0,1950224242.0,0.0071172157368486946
한컴위드,2026,Q1,165972797141.0,58145762.0,0.00035033308470786955
태경비케이,2023,Q1,73229960687.0,8377061455.0,0.11439390894671231
태경비케이,2023,Q2,73994242496.0,11667974881.0,0.15768760497319437
태경비케이,2023,Q3,79483958455.0,11352422103.0,0.14282658191246472
태경비케이,2023,Q4,67453952457.0,8679044918.0,0.12866621749900642
태경비케이,2024,Q1,70276070736.0,9924610167.0,0.1412231797119523
태경비케이,2024,Q2,89204789465.0,12076575931.0,0.13538035349254776
태경비케이,2024,Q3,80904275872.0,11171900379.0,0.13808788544965472
태경비케이,2024,Q4,68209705433.0,9049564189.0,0.13267267658689816
태경비케이,2025,Q1,69556421042.0,7184856843.0,0.10329537856270084
태경비케이,2025,Q2,111928440823.0,12008764386.0,0.10728966023023827
태경비케이,2025,Q3,102229271506.0,12175790023.0,0.11910277598217438
태경비케이,2025,Q4,102228480314.0,9413309730.0,0.09208108837269749
태경비케이,2026,Q1,103283165765.0,10837474203.0,0.10492972521445058
중앙첨단소재,2023,Q1,4631601593.0,-1079847837.0,-0.23314782485437321
중앙첨단소재,2023,Q2,5513539562.0,-348807805.0,-0.0632638618219096
중앙첨단소재,2023,Q3,3997796708.0,742167050.0,0.1856440194957507
중앙첨단소재,2023,Q4,12152436228.0,672965314.0,0.05537698790382823
중앙첨단소재,2024,Q1,3710243455.0,-2506471704.0,-0.675554511287454
중앙첨단소재,2024,Q2,6486037416.0,-83357063.0,-0.012851770295738916
중앙첨단소재,2024,Q3,3895063390.0,-2267788664.0,-0.5822212469820677
중앙첨단소재,2024,Q4,4600497174.0,-2941300010.0,-0.6393439445247228
중앙첨단소재,2025,Q1,3340954118.0,,
중앙첨단소재,2025,Q2,5014597161.0,,
중앙첨단소재,2025,Q3,4145845732.0,,
중앙첨단소재,2025,Q4,7307754642.0,,
중앙첨단소재,2026,Q1,2325941331.0,,
현대바이오랜드,2023,Q1,26199474230.0,3509848964.0,0.13396638929421753
현대바이오랜드,2023,Q2,25327513668.0,3491411560.0,0.13785054489620974
현대바이오랜드,2023,Q3,27021031592.0,2227572925.0,0.08243848564462312
현대바이오랜드,2023,Q4,23142804242.0,-2143976962.0,-0.09264119160240183
현대바이오랜드,2024,Q1,29993401032.0,4010903281.0,0.1337261911952153
현대바이오랜드,2024,Q2,34536912710.0,6155369271.0,0.17822581082117805
현대바이오랜드,2024,Q3,33494495582.0,3432104394.0,0.10246771400386213
현대바이오랜드,2024,Q4,21494249873.0,2766166240.0,0.12869331362313413
현대바이오랜드,2025,Q1,33698953043.0,4970720715.0,0.1475037135028302
현대바이오랜드,2025,Q2,34612596330.0,5506367678.0,0.15908565845513964
현대바이오랜드,2025,Q3,35477505665.0,4714283653.0,0.13288092171741467
현대바이오랜드,2025,Q4,26716065671.0,-2474180361.0,-0.09261020658763
현대바이오랜드,2026,Q1,38231955891.0,5190668091.0,0.1357677882292679
극동유화,2023,Q1,281904733921.0,7413531034.0,0.026298001210854238
극동유화,2023,Q2,278444661946.0,7543522307.0,0.02709163915831487
극동유화,2023,Q3,293850892276.0,7253976798.0,0.02468591040107065
극동유화,2023,Q4,303798519067.0,5630772881.0,0.01853456329640035
극동유화,2024,Q1,270330374614.0,6258209318.0,0.023150226188736606
극동유화,2024,Q2,280245199445.0,7661583806.0,0.027338858332535458
극동유화,2024,Q3,257856990937.0,5169960034.0,0.020049718315619112
극동유화,2024,Q4,254400947176.0,3788878214.0,0.014893333755470545
극동유화,2025,Q1,245855441286.0,5236544981.0,0.02129928446411078
극동유화,2025,Q2,240814522042.0,3879095486.0,0.01610822907649836
극동유화,2025,Q3,261604273382.0,3671907603.0,0.014036114760396914
극동유화,2025,Q4,273453629902.0,2659030501.0,0.009723880798192149
극동유화,2026,Q1,247645982644.0,5520985269.0,0.022293861624788053
피아이이,2025,Q1,16635151605.0,-3580623053.0,-0.21524438959268505
피아이이,2025,Q2,17001117324.0,-4305483267.0,-0.2532470769390004
피아이이,2025,Q3,14735777371.0,-6879795978.0,-0.4668770302908779
피아이이,2025,Q4,16716345969.0,-6451399187.0,-0.38593357657013927
피아이이,2026,Q1,9843815525.0,-3104858673.0,-0.3154121148567542
SKAI,2023,Q1,6384037529.0,145091869.0,0.022727289484265813
SKAI,2023,Q2,6304211566.0,-4799317009.0,-0.7612874280558369
SKAI,2023,Q3,7144353762.0,-3263790193.0,-0.45683490791843573
SKAI,2023,Q4,8007734815.0,-5374666094.0,-0.6711843259260079
SKAI,2024,Q1,7608388676.0,-1891802200.0,-0.24864689233970466
SKAI,2024,Q2,10490729052.0,-1999986887.0,-0.19064326960371866
SKAI,2024,Q3,5565522791.0,-396600452.0,-0.07126023320600575
SKAI,2024,Q4,-3815783897.0,-7776713557.0,2.038038255550613
SKAI,2025,Q1,2057102964.0,-3017260586.0,-1.466752339966975
SKAI,2025,Q2,6864837863.0,2640884886.0,0.38469734299681013
SKAI,2025,Q3,2515144498.0,-2667169282.0,-1.0604437574544474
SKAI,2025,Q4,4204533345.0,-1347910157.0,-0.32058496065988507
SKAI,2026,Q1,3233990009.0,-1653705605.0,-0.5113514885320724
코윈테크,2023,Q1,69353446924.0,7233752603.0,0.10430271203285695
코윈테크,2023,Q2,95726883322.0,12630431660.0,0.1319423679293366
코윈테크,2023,Q3,81180721989.0,4846523927.0,0.059700428972000334
코윈테크,2023,Q4,89697273297.0,-1893423107.0,-0.0211090375147817
코윈테크,2024,Q1,53449590857.0,-518852088.0,-0.00970731636446285
코윈테크,2024,Q2,69419540080.0,9238085177.0,0.13307615069696382
코윈테크,2024,Q3,87690086868.0,8003870822.0,0.09127452267265099
코윈테크,2024,Q4,33830735460.0,-13120182782.0,-0.3878184320737791
코윈테크,2025,Q1,26385336663.0,-2534758232.0,-0.09606692779306002
코윈테크,2025,Q2,48098641619.0,-196911041.0,-0.00409390025106688
코윈테크,2025,Q3,39290482392.0,-2464280499.0,-0.0627195277068361
코윈테크,2025,Q4,40926542470.0,-20251447183.0,-0.4948242866556521
코윈테크,2026,Q1,39795244892.0,-1040471298.0,-0.026145618674385012
파워로직스,2023,Q1,218486247823.0,8413750103.0,0.03850928919707635
파워로직스,2023,Q2,155396394481.0,4314587791.0,0.027765044391216784
파워로직스,2023,Q3,220698852635.0,3793806303.0,0.017189968401305367
파워로직스,2023,Q4,178599629098.0,-942290446.0,-0.00527599329718066
파워로직스,2024,Q1,194070048589.0,1256240956.0,0.006473131558082191
파워로직스,2024,Q2,175062794145.0,1528401333.0,0.008730589160676053
파워로직스,2024,Q3,196330256689.0,-8389601721.0,-0.042732087567580984
파워로직스,2024,Q4,167980925186.0,8026493185.0,0.04778217036316782
파워로직스,2025,Q1,178349509716.0,-4102943782.0,-0.02300507463425855
파워로직스,2025,Q2,165921234705.0,-5963275329.0,-0.03594039870546056
파워로직스,2025,Q3,182862888978.0,6131688812.0,0.033531619489713387
파워로직스,2025,Q4,159401019467.0,-2432514146.0,-0.015260342462888647
파워로직스,2026,Q1,241317634312.0,7818308081.0,0.032398411758386855
NH농우바이오,2023,Q1,36096460874.0,4263198475.0,0.11810571928038377
NH농우바이오,2023,Q2,35056410161.0,1823169283.0,0.05200673071278309
NH농우바이오,2023,Q3,38281618530.0,2935060872.0,0.07667023978361555
NH농우바이오,2023,Q4,30274723940.0,112226205.0,0.003706927442919567
NH농우바이오,2024,Q1,33459706237.0,4825566094.0,0.14422021699233725
NH농우바이오,2024,Q2,40491070270.0,1831737350.0,0.04523805712681153
NH농우바이오,2024,Q3,39300490239.0,6506931103.0,0.16556870063017232
NH농우바이오,2024,Q4,31428957834.0,-2061104267.0,-0.0655797840286733
NH농우바이오,2025,Q1,37381787677.0,7558071695.0,0.20218593504157845
NH농우바이오,2025,Q2,43347378604.0,3203714824.0,0.07390792539653986
NH농우바이오,2025,Q3,38875764904.0,3730353021.0,0.09595574595668412
NH농우바이오,2025,Q4,39184127424.0,-850687690.0,-0.021710007238261476
NH농우바이오,2026,Q1,36367907871.0,5368432784.0,0.1476145618010879
대성홀딩스,2023,Q1,477625314764.0,17039546437.0,0.035675551337599073
대성홀딩스,2023,Q2,199264878593.0,-8280293730.0,-0.041554205580365024
대성홀딩스,2023,Q3,169095442802.0,-12237012672.0,-0.07236748944398674
대성홀딩스,2023,Q4,370831033704.0,13441330929.0,0.0362465104248232
대성홀딩스,2024,Q1,463129193622.0,26702651410.0,0.05765702481669587
대성홀딩스,2024,Q2,200180741517.0,-6644618681.0,-0.03319309655187643
대성홀딩스,2024,Q3,181352420334.0,-6363480609.0,-0.035089030503592196
대성홀딩스,2024,Q4,367692362715.0,9603061704.0,0.026117109512669906
대성홀딩스,2025,Q1,494569649797.0,29504639627.0,0.059657198210829175
대성홀딩스,2025,Q2,214319320056.0,167443375.0,0.0007812798909414622
대성홀딩스,2025,Q3,164760633798.0,-8282923450.0,-0.05027246654170461
대성홀딩스,2025,Q4,348984572216.0,6673978711.0,0.01912399355828606
대성홀딩스,2026,Q1,459321386541.0,27853826536.0,0.0606412576295611
한국무브넥스,2023,Q1,366615936361.0,9409577262.0,0.025666034475747834
한국무브넥스,2023,Q2,392724141582.0,25621806925.0,0.06524123223438308
한국무브넥스,2023,Q3,377881012482.0,11571638916.0,0.030622440751905216
한국무브넥스,2023,Q4,373584776179.0,12734764675.0,0.03408801826790245
한국무브넥스,2024,Q1,378485129573.0,12182444427.0,0.032187379305348165
한국무브넥스,2024,Q2,401086476110.0,20726503288.0,0.051675896652061765
한국무브넥스,2024,Q3,387865006963.0,7284626040.0,0.018781343790302045
한국무브넥스,2024,Q4,399974540897.0,3480140885.0,0.008700906005655477
한국무브넥스,2025,Q1,429982623895.0,17736880508.0,0.04125022622386544
한국무브넥스,2025,Q2,435397099656.0,7442360412.0,0.01709327052908732
한국무브넥스,2025,Q3,411995034364.0,5284010795.0,0.012825423498506407
한국무브넥스,2025,Q4,421941087089.0,-5145979390.0,-0.012195966563726844
한국무브넥스,2026,Q1,442839851101.0,9845457241.0,0.022232545730746605
동구바이오제약,2023,Q1,48484893248.0,2849089634.0,0.05876241944943387
동구바이오제약,2023,Q2,52321863462.0,4436343574.0,0.08478947958766798
동구바이오제약,2023,Q3,52869144671.0,2366459388.0,0.04476068986412145
동구바이오제약,2023,Q4,62010403974.0,4964155356.0,0.080053588395931
동구바이오제약,2024,Q1,64207540086.0,4682221432.0,0.0729232334041859
동구바이오제약,2024,Q2,61307826678.0,1455834311.0,0.023746304344571045
동구바이오제약,2024,Q3,66184630139.0,7034352147.0,0.10628377211184162
동구바이오제약,2024,Q4,57574862303.0,-481822019.0,-0.008368617826028116
동구바이오제약,2025,Q1,58675647597.0,2333672343.0,0.03977241732427538
동구바이오제약,2025,Q2,60117319871.0,1929829358.0,0.03210105444056781
동구바이오제약,2025,Q3,62020248016.0,2188743624.0,0.035290791217657616
동구바이오제약,2025,Q4,61874590090.0,2795286702.0,0.045176650026030093
동구바이오제약,2026,Q1,58064248249.0,1808609332.0,0.031148415531775157
