code,name,sector,latest_date,latest_mult,min_mult,latest_mktcap,has_2027,is_override,fy1_rev_1w,fy2_rev_1w,fy1_rev_1m,fy2_rev_1m,n_3y,b_3y_p10,gap_3y_p10,b_3y_p15,gap_3y_p15,b_3y_p20,gap_3y_p20,n_5y,b_5y_p10,gap_5y_p10,b_5y_p15,gap_5y_p15,b_5y_p20,gap_5y_p20,n_all,b_all_p10,gap_all_p10,b_all_p15,gap_all_p15,b_all_p20,gap_all_p20
A000020,동화약품,제약,2026-09-28,7.56,6.3,142729811700,False,False,,,,,726,11.27,-33.0,11.67,-35.3,12.89,-41.4,1223,7.48,0.9,7.73,-2.3,8.48,-10.9,2881,8.79,-14.1,11.65,-35.1,14.46,-47.8
A000040,KR모터스,자동차,2026-09-28,-9.54,19.37,20225937008,False,False,,,,,61,87.43,-110.9,89.42,-110.7,90.22,-110.6,127,91.05,-110.5,93.95,-110.2,96.73,-109.9,619,23.85,-140.0,24.86,-138.4,25.84,-136.9
A000050,경방,"섬유,의류,신발,호화품",2026-09-28,3.73,3.67,219048007300,False,False,,,,,726,4.22,-11.6,4.42,-15.5,4.61,-19.0,1161,4.45,-16.1,4.86,-23.1,5.12,-27.0,2819,5.21,-28.3,5.54,-32.6,5.78,-35.4
A000070,삼양홀딩스,화학,2026-09-28,3.4,1.91,452594035300,False,False,,,,,726,3.81,-10.9,4.06,-16.3,4.18,-18.7,1223,2.3,47.5,2.42,40.5,2.61,30.4,2881,3.2,6.3,3.71,-8.4,4.16,-18.3
A000080,하이트진로,음료,2026-09-28,5.32,5.0,1061822870540,True,False,0.0,0.0,1.16,0.04,726,5.59,-4.8,5.7,-6.7,5.76,-7.6,1223,5.72,-7.0,5.81,-8.5,5.88,-9.5,2881,5.93,-10.3,6.34,-16.1,7.13,-25.4
A000100,유한양행,제약,2026-09-28,30.86,16.53,5499098840700,True,False,0.0,0.0,-0.82,-0.78,726,36.85,-16.3,39.98,-22.8,41.29,-25.3,1223,38.73,-20.3,40.55,-23.9,42.16,-26.8,2881,23.16,33.2,24.81,24.4,28.42,8.6
A000120,CJ대한통운,항공화물운송과물류,2026-09-28,3.15,3.01,1615113955200,True,False,0.0,0.0,0.0,0.0,726,3.31,-4.7,3.36,-6.3,3.43,-8.1,1223,3.39,-7.0,3.49,-9.7,3.58,-12.0,2881,3.65,-13.7,3.84,-17.9,3.98,-20.9
A000140,하이트진로홀딩스,음료,2026-09-28,1.07,0.81,182405172900,False,False,,,,,726,0.92,15.8,0.94,13.9,0.96,11.1,1223,0.94,12.7,1.01,5.0,1.03,3.0,2881,1.05,1.8,1.09,-2.3,1.16,-7.8
A000150,두산,복합기업,2026-09-28,10.15,0.34,23043827205000,True,False,-0.98,0.12,-0.98,0.12,726,0.92,1002.2,1.4,626.3,1.61,528.3,1223,1.06,854.6,1.12,804.1,1.16,773.9,2881,0.84,1101.3,1.04,871.7,1.16,777.9
A000180,성창기업지주,종이와목재,2026-09-28,-15.03,7.46,68007810000,False,False,,,,,0,,,,,,,187,8.64,-274.1,8.8,-270.8,8.93,-268.4,1109,9.94,-251.2,14.65,-202.6,16.61,-190.5
A0001A0,덕양에너젠,석유와가스,2026-09-28,25.71,20.67,215467418520,False,False,,,,,160,25.19,2.1,25.69,0.1,26.12,-1.6,160,25.19,2.1,25.69,0.1,26.12,-1.6,160,25.19,2.1,25.69,0.1,26.12,-1.6
A000210,DL,화학,2026-09-28,1.76,0.87,1095992733200,True,False,0.0,0.0,0.0,0.0,726,1.55,13.2,1.59,10.6,1.63,7.6,1223,1.61,9.4,1.69,4.2,1.8,-2.5,2881,1.83,-4.0,2.03,-13.6,2.23,-21.1
A000220,유유제약,제약,2026-09-28,4.49,4.11,59052982500,False,False,,,,,666,5.59,-19.7,5.92,-24.2,6.15,-27.1,1039,5.94,-24.4,6.32,-29.0,6.49,-30.9,2697,6.68,-32.9,7.22,-37.8,8.36,-46.3
A000230,일동홀딩스,제약,2026-09-28,2.78,2.64,68896188000,False,False,,,,,364,2.94,-5.2,3.06,-9.1,3.93,-29.1,364,2.94,-5.2,3.06,-9.1,3.93,-29.1,1001,5.39,-48.3,8.17,-65.9,9.49,-70.7
A000240,한국앤컴퍼니,자동차부품,2026-09-28,5.26,2.43,2392368048000,True,False,0.0,0.0,0.0,0.0,726,3.04,72.8,3.19,64.9,3.24,62.2,1223,3.21,64.0,3.4,54.9,3.74,40.7,2881,3.77,39.4,4.16,26.4,4.64,13.3
A000250,삼천당제약,제약,2026-09-28,214.79,6.3,3811839200000,False,False,,,,,661,167.35,28.4,173.91,23.5,185.99,15.5,908,95.43,125.1,107.32,100.1,129.74,65.6,2529,8.0,2583.8,8.93,2304.4,10.47,1951.8
A000270,기아,자동차,2026-09-28,4.25,2.59,45912568564800,True,False,-0.18,-0.51,-0.86,-2.28,726,2.91,46.2,2.95,44.3,3.01,41.1,1223,2.92,45.8,3.01,41.3,3.08,38.0,2881,3.13,36.0,3.43,24.1,3.78,12.4
A000300,DH오토넥스,자동차부품,2026-09-28,53.88,2.31,174035631000,False,False,,,,,180,51.86,3.9,51.86,3.9,51.86,3.9,492,6.44,736.3,10.57,409.9,12.54,329.7,1962,3.05,1666.8,3.35,1507.5,4.77,1030.6
A000320,노루홀딩스,건축자재,2026-09-28,2.76,1.94,208538159190,False,False,,,,,726,2.1,30.9,2.14,29.0,2.16,27.3,1223,2.15,28.3,2.19,25.6,2.22,23.9,2881,2.3,19.6,2.87,-3.9,3.4,-19.0
A000370,한화손해보험,손해보험,2026-09-28,1.76,0.85,921070039350,True,False,0.0,0.0,0.0,0.0,726,0.95,85.2,1.0,76.7,1.03,70.7,1223,0.98,80.4,1.02,72.6,1.05,68.1,2881,1.08,63.9,1.22,44.6,1.28,38.3
A000390,SP삼화,건축자재,2026-09-28,9.45,5.98,194232768660,False,False,,,,,726,6.77,39.6,6.99,35.2,7.26,30.2,1223,7.02,34.6,7.77,21.6,8.04,17.5,2881,7.48,26.3,7.91,19.5,8.16,15.8
A000400,롯데손해보험,손해보험,2026-09-28,-28.99,1.93,636189456000,False,False,,,,,666,2.42,-1300.4,2.57,-1229.9,2.79,-1139.2,850,2.5,-1261.9,2.77,-1146.2,2.93,-1089.5,2172,2.69,-1178.6,3.08,-1041.5,3.5,-927.8
A000430,대원강업,자동차부품,2026-09-28,4.0,2.7,295430000000,False,False,,,,,726,4.51,-11.2,4.68,-14.4,4.77,-16.1,976,4.65,-13.9,4.77,-16.1,4.92,-18.7,2571,4.74,-15.5,4.94,-19.0,5.16,-22.4
A000440,중앙에너비스,석유와가스,2026-09-28,-46.69,9.43,78150481500,False,False,,,,,0,,,,,,,369,156.79,-129.8,161.08,-129.0,296.05,-115.8,1845,17.54,-366.3,24.88,-287.7,26.08,-279.0
A000480,CR홀딩스,비철금속,2026-09-28,8.56,5.11,201629107000,False,False,,,,,726,5.84,46.6,6.1,40.4,6.44,32.9,1223,6.19,38.4,6.83,25.4,7.34,16.6,2820,7.51,14.1,8.36,2.5,9.14,-6.3
A000490,대동,기계,2026-09-28,7.0,2.33,221678591850,False,False,,,,,726,2.79,151.0,3.1,125.9,3.52,99.0,1223,2.71,158.3,2.84,146.8,3.28,113.5,2759,3.39,106.6,4.01,74.6,4.46,57.0
A0004V0,엔비알모션,기계,2026-09-28,-10.18,7.75,66943134720,False,False,,,,,121,9.16,-211.0,9.6,-206.0,9.87,-203.0,121,9.16,-211.0,9.6,-206.0,9.87,-203.0,121,9.16,-211.0,9.6,-206.0,9.87,-203.0
A000500,가온전선,전기장비,2026-09-28,37.7,2.04,8948170903500,True,False,0.0,0.0,-6.12,1.41,726,3.56,960.2,4.72,699.2,6.42,487.5,1223,3.14,1101.4,3.35,1023.8,3.52,971.0,2881,3.63,937.0,4.93,664.4,6.03,525.5
A000520,삼일제약,제약,2026-09-28,296.45,6.24,177872850200,True,False,,,,,585,22.81,1199.5,24.04,1133.0,24.91,1090.1,1082,9.8,2925.8,10.38,2757.2,11.17,2554.8,2124,10.39,2754.4,10.94,2609.8,17.18,1626.0
A000540,흥국화재,손해보험,2026-09-28,3.95,0.44,224849257500,False,False,,,,,726,0.53,650.1,0.78,408.9,0.81,387.0,1223,0.68,481.6,0.73,441.2,0.78,408.2,2632,0.79,401.5,0.85,365.5,0.91,332.2
A000590,CS홀딩스,철강,2026-09-28,3.9,2.4,81160084600,False,False,,,,,726,3.67,6.2,3.71,5.1,3.74,4.3,1223,3.69,5.7,3.74,4.4,3.77,3.4,2881,3.71,5.1,3.77,3.4,3.82,2.1
A000640,동아쏘시오홀딩스,제약,2026-09-28,5.44,4.54,632857538000,True,False,0.0,0.0,0.97,-0.52,726,5.37,1.3,5.47,-0.6,5.64,-3.5,1223,5.54,-1.8,5.82,-6.5,5.98,-9.0,2881,6.1,-10.9,6.69,-18.7,7.25,-24.9
A000650,천일고속,도로와철도운송,2026-09-28,-39.66,24.99,203806772000,False,False,,,,,0,,,,,,,0,,,,,,,679,32.79,-221.0,34.48,-215.0,37.2,-206.6
A000660,SK하이닉스,반도체와반도체장비,2026-09-28,3.63,2.17,1291510501320000,True,False,0.07,1.11,-0.57,2.55,726,3.64,-0.5,3.76,-3.5,3.89,-6.7,1074,3.75,-3.4,3.93,-7.6,4.16,-12.9,2732,3.47,4.4,3.75,-3.2,3.98,-9.0
A000670,영풍,핸드셋,2026-09-28,-12.27,3.72,790738834850,False,False,,,,,52,,,,,,,543,4.4,-379.2,4.69,-361.6,4.83,-353.9,2119,5.7,-315.2,6.4,-291.6,7.05,-274.2
A000680,LS네트웍스,증권,2026-09-28,3.01,2.69,234044957520,False,False,,,,,726,5.2,-42.1,5.64,-46.6,5.94,-49.3,1157,5.71,-47.2,6.11,-50.7,6.57,-54.1,1583,6.05,-50.2,6.65,-54.7,7.44,-59.5
A000700,유수홀딩스,항공화물운송과물류,2026-09-28,5.61,1.89,172657213560,False,False,,,,,726,5.69,-1.4,5.8,-3.3,5.91,-5.1,1157,4.81,16.6,5.56,0.9,5.73,-2.1,2321,2.97,89.1,3.33,68.4,3.64,54.3
A000720,현대건설,건설,2026-09-28,13.28,2.13,13874928319000,True,False,-0.17,0.48,-0.56,0.63,726,3.86,244.6,3.95,236.3,4.05,227.8,1223,3.99,233.0,4.13,221.8,4.24,213.6,2881,3.66,262.7,3.83,247.1,3.97,234.9
A000760,이화산업,화학,2026-09-28,130.0,23.45,33544000000,False,False,,,,,425,36.25,258.6,37.41,247.5,38.14,240.9,487,36.95,251.8,37.57,246.0,38.86,234.6,1467,29.45,341.5,33.56,287.3,37.18,249.6
A0007C0,아크릴,IT서비스,2026-09-28,-66.08,24.65,157795866600,False,False,,,,,107,28.26,-333.8,28.58,-331.2,30.56,-316.2,107,28.26,-333.8,28.58,-331.2,30.56,-316.2,107,28.26,-333.8,28.58,-331.2,30.56,-316.2
A000810,삼성화재,손해보험,2026-09-28,8.12,3.68,29511979653000,True,False,0.0,0.0,1.03,1.12,726,4.16,95.3,5.35,51.8,5.5,47.5,1223,4.09,98.8,4.98,63.0,5.5,47.6,2881,5.56,46.0,5.74,41.6,5.96,36.2
A000850,화천기공,기계,2026-09-28,8.01,6.38,82940000000,False,False,,,,,485,7.88,1.7,9.18,-12.7,9.37,-14.5,982,7.89,1.6,8.2,-2.3,8.57,-6.4,2516,8.0,0.1,8.48,-5.6,8.92,-10.1
A000860,강남제비스코,건축자재,2026-09-28,11.02,5.19,158470000000,False,False,,,,,726,5.74,92.1,6.03,82.9,6.26,76.2,911,5.85,88.4,6.21,77.5,6.45,70.9,2200,6.22,77.1,6.39,72.6,6.58,67.5
A000880,한화,복합기업,2026-09-28,1.03,0.47,7023415734900,True,False,3.35,1.37,-15.04,-20.33,726,0.67,52.2,0.76,34.8,0.82,24.9,1223,0.59,74.3,0.62,65.2,0.65,58.5,2881,0.67,53.2,0.78,31.0,0.86,20.0
A000890,보해양조,음료,2026-09-28,9.78,8.58,35994104575,False,False,,,,,545,10.72,-8.7,14.29,-31.6,14.7,-33.5,917,14.4,-32.1,14.98,-34.7,15.54,-37.1,1921,11.9,-17.8,13.86,-29.4,14.78,-33.8
A0008Z0,에스엔시스,조선,2026-09-28,8.46,7.58,219871941200,True,False,0.0,0.0,0.0,0.0,270,8.62,-1.9,8.88,-4.7,9.17,-7.8,270,8.62,-1.9,8.88,-4.7,9.17,-7.8,270,8.62,-1.9,8.88,-4.7,9.17,-7.8
A000910,유니온,건축자재,2026-09-28,13.89,2.37,46054276050,False,False,,,,,180,12.22,13.7,12.4,12.0,12.49,11.2,615,12.71,9.3,13.28,4.6,13.89,0.0,2031,10.83,28.3,12.38,12.2,13.17,5.5
A000950,전방,"섬유,의류,신발,호화품",2026-09-28,-11.75,6.68,50316000000,False,False,,,,,0,,,,,,,246,8.11,-245.0,8.26,-242.3,8.65,-235.8,246,8.11,-245.0,8.26,-242.3,8.65,-235.8
A000970,한국주철관,철강,2026-09-28,10.0,3.05,150483300000,False,False,,,,,726,7.15,39.9,7.23,38.4,7.29,37.2,1223,4.45,124.7,5.77,73.3,6.39,56.6,2881,6.18,61.9,7.13,40.4,7.37,35.8
A000990,DB하이텍,반도체와반도체장비,2026-09-28,10.9,2.37,5529433134800,True,False,0.0,0.0,3.87,4.64,726,5.74,89.9,5.91,84.4,6.56,66.1,1223,3.41,219.4,4.12,164.7,4.82,126.0,2881,3.63,200.2,3.86,182.3,4.03,170.9
A0009K0,에임드바이오,생물공학,2026-09-28,59.98,47.8,1452585973350,False,False,,,,,198,59.93,0.1,63.17,-5.0,65.64,-8.6,198,59.93,0.1,63.17,-5.0,65.64,-8.6,198,59.93,0.1,63.17,-5.0,65.64,-8.6
A001000,신라섬유,부동산,2026-09-28,18.82,18.33,8453439428,False,False,,,,,726,52.14,-63.9,54.57,-65.5,56.87,-66.9,1223,55.35,-66.0,64.76,-70.9,77.17,-75.6,2572,58.07,-67.6,67.4,-72.1,70.37,-73.3
A001020,페이퍼코리아,종이와목재,2026-09-28,21.17,0.57,70552584084,False,False,,,,,482,4.13,413.2,5.13,313.1,5.24,303.8,979,1.84,1051.1,1.89,1021.7,1.98,969.7,1488,1.77,1094.6,1.88,1025.4,2.01,951.2
A001040,CJ,복합기업,2026-09-28,1.48,0.77,3947647829400,True,False,-0.15,0.03,-2.42,-2.91,726,1.02,44.9,1.06,39.8,1.09,35.3,1223,0.93,59.7,0.96,53.8,1.0,48.4,2881,1.02,45.2,1.08,37.0,1.13,31.1
A001060,JW중외제약,제약,2026-09-28,5.46,4.22,624062924000,False,False,,,,,726,4.78,14.2,4.92,10.8,5.01,8.9,1223,4.97,9.8,5.24,4.1,5.58,-2.2,2511,5.61,-2.7,6.14,-11.1,6.43,-15.2
A001070,대한방직,"섬유,의류,신발,호화품",2026-09-28,11.66,10.94,30952000000,False,False,,,,,484,11.91,-2.1,12.12,-3.8,12.45,-6.3,671,12.08,-3.5,12.55,-7.0,13.38,-12.8,1224,12.26,-4.9,12.86,-9.3,13.77,-15.3
A001080,만호제강,철강,2026-09-28,567.96,9.32,129047478000,False,False,,,,,60,593.46,-4.3,609.57,-6.8,613.7,-7.5,247,27.63,1955.5,28.33,1904.5,28.68,1880.7,1411,11.0,5062.3,11.87,4684.2,14.01,3954.0
A0010F0,보원케미칼,화학,2026-09-28,4.45,2.97,32650750930,True,False,0.0,0.0,0.0,0.0,119,3.35,32.9,3.4,31.1,3.48,27.8,119,3.35,32.9,3.4,31.1,3.48,27.8,119,3.35,32.9,3.4,31.1,3.48,27.8
A0010V0,제이피아이헬스케어,건강관리장비와용품,2026-09-28,8.9,6.38,44519088000,False,False,,,,,268,7.51,18.5,7.86,13.2,8.05,10.5,268,7.51,18.5,7.86,13.2,8.05,10.5,268,7.51,18.5,7.86,13.2,8.05,10.5
A001120,LX인터내셔널,무역회사와판매업체,2026-09-28,3.42,1.45,1587222000000,True,False,0.0,0.0,-0.11,-0.29,726,2.3,48.6,2.34,46.1,2.39,43.1,1223,1.77,93.4,1.85,85.1,1.91,78.8,2881,1.96,74.4,2.12,61.2,2.35,45.6
A001130,대한제분,식품,2026-09-28,4.07,2.59,185731000000,False,False,,,,,726,2.97,37.0,3.02,34.5,3.1,31.2,1223,3.07,32.7,3.14,29.4,3.3,23.2,2881,3.51,15.9,3.89,4.6,4.21,-3.3
A0011A0,액스비스,전자장비와기기,2026-09-28,33.72,8.31,111724867800,False,False,,,,,138,10.08,234.4,10.5,221.2,10.73,214.2,138,10.08,234.4,10.5,221.2,10.73,214.2,138,10.08,234.4,10.5,221.2,10.73,214.2
A001200,유진투자증권,증권,2026-09-28,2.12,1.9,400542638430,False,False,,,,,666,2.92,-27.4,3.4,-37.6,4.03,-47.4,1163,2.77,-23.6,3.06,-30.7,3.2,-33.7,2821,3.16,-32.9,3.34,-36.6,3.44,-38.4
A001210,금호전기,디스플레이장비및부품,2026-09-28,-98.76,5.45,124877064110,False,False,,,,,0,,,,,,,0,,,,,,,429,6.56,-1605.9,6.76,-1561.2,6.92,-1527.7
A001230,동국홀딩스,철강,2026-09-28,7.55,0.33,332008971525,True,False,,,,,726,3.96,90.4,4.1,84.1,4.27,76.7,1223,1.8,319.9,1.93,290.4,2.08,263.6,2803,2.11,257.8,2.3,228.6,2.44,208.8
A001250,GS글로벌,무역회사와판매업체,2026-09-28,3.76,1.41,219127143420,True,False,,,,,726,2.68,40.6,2.73,37.6,2.78,35.6,1223,2.74,37.1,2.8,34.2,2.86,31.7,2881,2.69,40.0,2.83,33.1,2.93,28.5
A001260,남광토건,건설,2026-09-28,7.14,3.73,76792387320,False,False,,,,,726,4.5,58.6,5.96,19.8,6.84,4.4,1223,5.16,38.4,5.47,30.6,5.8,23.2,2143,5.65,26.5,6.3,13.3,7.01,1.9
A001270,부국증권,증권,2026-09-28,9.71,2.27,524716231600,False,False,,,,,726,3.45,181.3,3.92,147.9,4.08,137.8,1223,2.46,294.8,2.65,266.0,2.74,254.9,2881,2.71,258.1,2.99,224.5,3.24,199.4
A001290,상상인증권,증권,2026-09-28,9.86,6.8,92086552000,False,False,,,,,181,8.79,12.1,9.5,3.8,10.37,-4.9,493,8.01,23.0,8.24,19.7,8.52,15.7,860,8.33,18.4,8.94,10.3,10.55,-6.6
A001340,PKC,화학,2026-09-28,13.28,2.56,226941568560,False,False,,,,,726,13.98,-5.1,14.23,-6.7,14.72,-9.8,1223,7.81,69.9,8.35,58.9,10.51,26.3,2880,4.88,171.9,5.11,159.6,5.43,144.6
A001360,삼성제약,제약,2026-09-28,-7.56,11.85,123163999332,False,False,,,,,0,,,,,,,0,,,,,,,85,13.01,-158.1,13.17,-157.4,13.65,-155.4
A001380,SG글로벌,자동차부품,2026-09-28,4.76,4.44,24797724313,False,False,,,,,726,5.94,-19.9,8.58,-44.5,10.18,-53.2,915,7.27,-34.5,10.05,-52.6,11.16,-57.4,2086,11.27,-57.7,12.34,-61.4,13.14,-63.8
A001390,KG케미칼,자동차,2026-09-28,1.03,0.55,283543525720,False,False,,,,,726,0.8,27.7,0.82,25.2,0.83,23.2,1223,0.67,54.2,0.73,41.4,0.8,28.2,2881,0.82,25.2,0.88,16.6,0.94,9.0
A0013V0,삼진식품,식품,2026-09-28,7.51,6.09,49494093440,False,False,,,,,186,7.29,3.0,7.46,0.7,7.51,0.0,186,7.29,3.0,7.46,0.7,7.51,0.0,186,7.29,3.0,7.46,0.7,7.51,0.0
A001420,태원물산,자동차부품,2026-09-28,-16.25,18.15,22838000000,False,False,,,,,0,,,,,,,0,,,,,,,1165,25.52,-163.7,27.9,-158.2,31.58,-151.5
A001430,세아베스틸지주,철강,2026-09-28,7.77,2.22,1599450507400,True,False,0.0,0.0,0.42,1.1,726,3.87,100.9,3.98,95.5,4.16,86.9,1223,2.86,171.4,3.0,159.3,3.13,148.4,2881,3.25,139.0,3.71,109.4,3.92,98.0
A001440,대한전선,전기장비,2026-09-28,23.69,8.97,5860178620400,True,False,0.0,0.0,0.19,0.42,726,14.51,63.3,15.06,57.3,15.43,53.5,1223,15.19,55.9,15.78,50.1,16.68,42.0,2880,13.4,76.8,14.64,61.8,15.66,51.3
A001450,현대해상,손해보험,2026-09-28,2.96,1.4,4172901837500,True,False,0.0,0.0,0.41,0.44,726,1.57,88.1,1.63,81.9,1.71,73.3,1223,1.61,84.1,1.69,74.9,1.76,68.4,2881,1.8,64.3,1.91,55.2,2.05,44.2
A001460,BYC,"섬유,의류,신발,호화품",2026-09-28,7.86,3.62,221426017500,False,False,,,,,726,7.4,6.1,7.6,3.5,7.76,1.3,1223,7.66,2.6,8.01,-1.8,8.31,-5.4,2881,6.34,24.0,6.86,14.5,7.27,8.1
A001470,삼부토건,건설,2026-09-28,9.14,3.2,227794235460,False,False,,,,,121,3.2,185.8,3.2,185.8,3.2,185.8,183,3.2,185.8,3.2,185.8,3.2,185.8,493,9.14,0.0,12.34,-25.9,14.11,-35.2
A001500,현대차증권,증권,2026-09-28,7.01,1.52,487244386720,False,False,,,,,726,4.05,72.8,4.14,69.1,4.52,55.0,1223,2.29,205.3,2.4,191.7,2.5,180.1,2880,2.49,180.9,2.68,161.4,2.83,147.6
A001510,SK증권,증권,2026-09-28,9.9,5.87,533135170925,False,False,,,,,301,6.32,56.6,6.48,52.9,7.58,30.6,798,6.55,51.3,6.98,41.9,8.17,21.2,2330,8.44,17.4,9.76,1.5,11.08,-10.6
A001520,동양,건축자재,2026-09-28,-5.25,7.31,123511702896,False,False,,,,,304,7.83,-167.1,7.99,-165.8,8.2,-164.0,735,8.08,-165.0,8.27,-163.5,8.74,-160.1,1775,8.94,-158.7,9.94,-152.9,12.36,-142.5
A001530,DI동일,"섬유,의류,신발,호화품",2026-09-28,29.66,3.02,544820832300,True,False,0.0,0.0,0.0,0.0,726,20.06,47.9,21.76,36.3,28.59,3.7,1223,7.7,285.4,9.38,216.2,11.19,165.2,2820,4.24,599.0,4.7,531.7,5.26,463.6
A001540,안국약품,제약,2026-09-28,5.5,5.03,130032927400,False,False,,,,,726,5.96,-7.8,6.34,-13.4,6.92,-20.6,1036,6.28,-12.5,6.99,-21.4,8.0,-31.3,2512,8.51,-35.4,9.18,-40.1,9.92,-44.6
A001550,조비,화학,2026-09-28,10.53,5.3,55141578180,False,False,,,,,545,10.39,1.4,10.77,-2.2,11.26,-6.5,980,7.23,45.7,7.65,37.7,8.3,26.8,2638,10.38,1.5,11.59,-9.1,12.59,-16.4
A001560,제일연마,비철금속,2026-09-28,11.22,6.31,68248000000,False,False,,,,,726,10.45,7.3,10.58,6.0,10.72,4.6,1223,10.62,5.6,10.91,2.8,11.25,-0.2,2881,10.39,8.0,10.72,4.7,10.98,2.2
A001570,금양,화학,2026-09-28,-16.2,6.71,633275240400,False,False,,,,,0,,,,,,,435,17.77,-191.1,18.06,-189.7,18.41,-188.0,2093,7.44,-317.7,7.76,-308.6,8.03,-301.6
A0015G0,그린광학,우주항공과국방,2026-09-28,55.92,42.73,176123242050,False,False,,,,,211,52.68,6.1,54.36,2.9,55.54,0.7,211,52.68,6.1,54.36,2.9,55.54,0.7,211,52.68,6.1,54.36,2.9,55.54,0.7
A0015N0,아로마티카,화장품,2026-09-28,12.42,5.24,146143833640,True,False,,,,,203,6.03,106.1,8.09,53.5,9.97,24.6,203,6.03,106.1,8.09,53.5,9.97,24.6,203,6.03,106.1,8.09,53.5,9.97,24.6
A0015S0,페스카로,자동차부품,2026-09-28,8.57,5.01,79723178400,True,False,0.0,0.0,0.0,0.0,194,6.81,25.9,7.16,19.7,7.49,14.4,194,6.81,25.9,7.16,19.7,7.49,14.4,194,6.81,25.9,7.16,19.7,7.49,14.4
A001620,케이비아이동국실업,자동차부품,2026-09-28,2.65,2.01,48635054110,False,False,,,,,482,2.61,1.4,2.69,-1.4,2.92,-9.3,605,2.64,0.2,2.9,-8.7,3.02,-12.4,1222,3.03,-12.6,3.26,-18.7,4.19,-36.7
A001630,종근당홀딩스,제약,2026-09-28,3.37,2.08,188120280550,False,False,,,,,726,3.54,-4.7,3.73,-9.7,4.18,-19.3,996,3.64,-7.3,4.21,-19.9,4.46,-24.4,2654,3.97,-15.1,4.37,-22.8,4.74,-28.8
A001680,대상,식품,2026-09-28,3.19,2.88,636137739000,True,False,0.0,0.0,4.83,-0.78,726,3.32,-3.8,3.55,-10.1,3.61,-11.5,1223,3.58,-10.8,3.65,-12.5,3.71,-14.0,2881,3.75,-14.8,3.89,-18.0,4.1,-22.0
A001720,신영증권,증권,2026-09-28,9.71,2.06,2342700000000,False,False,,,,,726,2.76,252.2,3.05,218.8,6.52,48.9,1223,2.72,257.2,2.83,243.8,3.11,212.5,2881,2.77,251.3,3.64,167.0,3.94,146.2
A001740,SK네트웍스,복합기업,2026-09-28,9.59,3.86,1227634600680,True,False,0.0,0.0,-6.7,0.59,726,4.72,103.2,5.13,87.1,5.42,76.8,1223,5.12,87.4,5.31,80.6,5.43,76.7,2881,5.26,82.5,5.37,78.5,5.48,75.0
A001750,한양증권,증권,2026-09-28,3.65,1.31,290404320920,False,False,,,,,726,2.72,34.1,2.79,30.9,2.82,29.3,1223,1.59,130.0,1.68,116.8,1.9,91.8,2881,1.88,94.2,2.06,77.1,2.37,54.2
A001770,SHD,철강,2026-09-28,8.66,2.63,5193603450,False,False,,,,,425,6.2,39.8,6.41,35.1,6.59,31.5,922,3.14,175.4,3.3,162.7,3.46,150.1,2330,3.69,134.6,4.67,85.6,5.97,45.0
A001780,알루코,비철금속,2026-09-28,6.67,3.86,152507457900,False,False,,,,,726,4.62,44.4,5.08,31.2,5.23,27.6,1223,5.14,29.7,5.49,21.5,5.8,15.0,2881,5.93,12.4,6.39,4.3,7.0,-4.7
A001790,대한제당,식품,2026-09-28,4.68,3.2,245789457750,False,False,,,,,726,4.42,6.0,4.58,2.2,4.73,-1.0,1223,4.64,1.1,4.96,-5.6,5.3,-11.7,2881,4.64,1.0,4.92,-4.8,5.17,-9.3
A0017J0,세미티에스,반도체와반도체장비,2026-09-28,6.08,5.99,77035909755,True,False,0.0,0.0,-4.85,,75,6.14,-1.0,7.14,-14.8,7.56,-19.6,75,6.14,-1.0,7.14,-14.8,7.56,-19.6,75,6.14,-1.0,7.14,-14.8,7.56,-19.6
A001800,오리온홀딩스,식품,2026-09-28,2.34,1.6,1455790978400,True,False,0.0,0.0,,,726,1.72,35.9,1.74,34.5,1.76,33.1,1223,1.75,34.0,1.78,31.4,1.82,28.3,2841,1.86,25.7,2.06,13.4,2.32,1.1
A001810,무림SP,종이와목재,2026-09-28,16.31,4.17,25524537500,False,False,,,,,484,12.59,29.5,16.36,-0.3,16.66,-2.1,734,11.06,47.5,11.77,38.5,12.41,31.4,2267,6.64,145.7,7.14,128.5,7.58,115.2
A001820,삼화콘덴서,전기제품,2026-09-28,30.98,4.62,1507275000000,True,False,0.0,0.0,0.0,0.0,726,9.14,239.0,9.37,230.6,9.59,223.2,1223,9.28,233.8,9.55,224.3,9.78,216.7,2811,6.48,378.0,7.45,315.8,8.52,263.5
A001840,이화공영,건설,2026-09-28,-131.49,10.94,62588831935,False,False,,,,,120,10.94,-1301.4,10.95,-1300.8,10.95,-1300.8,243,10.95,-1300.8,10.95,-1300.8,10.95,-1300.8,1594,38.54,-441.1,41.14,-419.6,45.68,-387.8
A001940,KISCO홀딩스,철강,2026-09-28,14.59,0.86,379218165000,True,False,0.0,0.0,0.0,0.0,415,2.21,559.4,2.5,484.4,2.73,435.1,912,1.11,1212.7,1.26,1059.8,1.37,968.4,2570,1.49,876.4,1.75,735.5,2.0,628.1
A002020,코오롱,복합기업,2026-09-28,1.76,0.73,312365856000,False,False,,,,,482,1.12,57.7,1.17,50.1,1.21,46.0,979,0.89,97.7,0.92,90.8,0.94,86.9,2637,0.96,83.5,1.01,74.3,1.11,59.2
A002030,아세아,건축자재,2026-09-28,4.5,0.93,425152938000,False,False,,,,,726,1.62,178.3,1.94,131.9,2.11,112.8,1223,1.21,273.0,1.26,258.3,1.29,249.2,2881,1.22,267.3,1.29,248.4,1.33,237.5
A002070,비비안,"섬유,의류,신발,호화품",2026-09-28,-1.55,5.16,17382516000,False,False,,,,,487,5.52,-128.1,5.83,-126.6,6.26,-124.8,984,5.72,-127.1,6.1,-125.4,6.41,-124.2,1414,6.06,-125.6,6.48,-123.9,6.84,-122.6
A002100,경농,화학,2026-09-28,6.63,4.54,175703175000,False,False,,,,,726,5.8,14.4,6.04,9.8,6.24,6.3,1223,5.32,24.6,5.46,21.6,5.64,17.7,2881,5.85,13.4,6.24,6.3,6.59,0.7
A002140,고려산업,식품,2026-09-28,3.61,3.07,49504758625,False,False,,,,,726,3.71,-2.6,3.79,-4.5,3.88,-7.0,1223,3.83,-5.6,4.11,-12.1,4.5,-19.6,2881,4.5,-19.6,5.06,-28.5,5.82,-37.8
A002150,도화엔지니어링,건설,2026-09-28,7.09,3.72,170286000000,False,False,,,,,484,7.0,1.3,7.15,-0.7,7.3,-2.9,981,7.31,-3.0,8.4,-15.5,10.04,-29.3,2639,7.1,-0.1,7.41,-4.3,7.91,-10.3
A002170,SYTS,"섬유,의류,신발,호화품",2026-09-28,13.03,2.25,159900000000,False,False,,,,,726,7.26,79.5,7.42,75.6,7.55,72.6,1223,4.78,172.3,5.52,135.8,6.0,117.2,2881,3.63,258.3,3.89,234.7,4.08,219.2
A002200,한국수출포장,포장재,2026-09-28,-4.06,2.74,93799834800,False,False,,,,,304,4.86,-183.5,4.91,-182.8,5.0,-181.2,801,4.59,-188.5,4.7,-186.5,4.81,-184.4,2217,3.84,-205.8,4.08,-199.6,4.34,-193.6
A002210,동성제약,제약,2026-09-28,-14.47,11.44,122320295862,False,False,,,,,121,80.12,-118.1,80.96,-117.9,81.94,-117.7,183,79.86,-118.1,80.12,-118.1,80.54,-118.0,614,14.99,-196.6,16.82,-186.0,18.81,-176.9
A002220,한일철강,철강,2026-09-28,15.96,2.45,76087761000,False,False,,,,,665,13.14,21.4,14.49,10.1,16.26,-1.9,1162,3.96,302.6,5.02,217.6,5.83,173.7,1835,5.17,208.7,5.74,178.0,7.09,125.0
A002230,피에스텍,전기제품,2026-09-28,25.35,7.89,94868510500,False,False,,,,,666,17.96,41.2,18.36,38.1,19.1,32.7,978,18.29,38.6,19.28,31.5,22.11,14.6,2081,12.55,102.0,13.61,86.3,14.78,71.5
A002240,고려제강,철강,2026-09-28,18.42,2.21,450360000000,False,False,,,,,726,8.88,107.6,9.28,98.6,9.41,95.8,1223,3.24,468.1,3.85,378.7,4.68,294.0,2756,4.82,282.0,6.46,185.2,8.36,120.4
A002290,삼일기업공사,건설,2026-09-28,6.98,4.74,40858000000,False,False,,,,,726,5.27,32.4,5.78,20.8,5.96,17.0,1223,5.85,19.3,6.22,12.1,6.54,6.7,2820,6.84,2.1,8.36,-16.5,9.33,-25.2
A002310,아세아제지,포장재,2026-09-28,12.42,1.87,328219923200,False,False,,,,,726,3.36,269.0,3.58,247.0,3.8,227.1,1223,3.08,303.6,3.13,296.1,3.19,288.8,2641,2.95,321.5,3.1,300.4,3.19,289.8
A002320,한진,항공화물운송과물류,2026-09-28,2.16,1.76,229675516800,True,False,0.0,0.0,0.0,0.0,726,1.91,12.7,1.96,10.0,2.0,8.1,1223,1.97,9.5,2.03,6.3,2.09,3.4,2881,2.13,1.4,2.18,-1.1,2.23,-3.2
A002350,넥센타이어,자동차부품,2026-09-28,2.83,1.77,563543650290,True,False,0.0,0.0,-0.78,-1.18,726,2.4,17.8,2.47,14.5,2.56,10.7,1194,2.49,13.5,2.73,3.7,2.85,-0.6,2852,2.87,-1.2,3.04,-6.9,3.19,-11.1
A002360,SH에너지화학,화학,2026-09-28,-4.83,3.94,32617749755,False,False,,,,,0,,,,,,,245,55.75,-108.7,56.89,-108.5,58.22,-108.3,1383,6.87,-170.3,7.06,-168.4,7.25,-166.6
A002380,KCC,건축자재,2026-09-28,8.27,2.83,4124590080000,True,False,1.12,3.33,2.49,3.26,726,4.37,89.3,4.53,82.6,4.61,79.2,1223,3.86,114.4,3.97,108.2,4.08,102.7,2881,4.15,99.3,4.52,83.0,4.74,74.3
A002390,한독,제약,2026-09-28,14.11,6.29,116439489180,False,False,,,,,542,8.28,70.4,14.35,-1.7,15.1,-6.6,1039,7.4,90.6,7.65,84.5,8.0,76.4,2678,8.19,72.3,9.25,52.5,9.86,43.1
A002410,범양건영,건설,2026-09-28,-1.92,2.85,53173451700,False,False,,,,,0,,,,,,,312,24.65,-107.8,26.4,-107.3,27.35,-107.0,1721,5.52,-134.8,6.49,-129.6,7.22,-126.6
A002420,우양피앤엘,석유와가스,2026-09-28,841.41,95.04,191682486600,False,False,,,,,121,98.1,757.7,98.86,751.1,101.16,731.8,121,98.1,757.7,98.86,751.1,101.16,731.8,121,98.1,757.7,98.86,751.1,101.16,731.8
A002450,삼익악기,레저용장비와제품,2026-09-28,9.77,2.56,98678697350,False,False,,,,,726,9.93,-1.6,10.35,-5.6,12.19,-19.9,1223,3.92,149.0,4.56,114.1,4.83,102.1,2881,4.82,102.7,5.14,90.2,5.57,75.5
A002460,HS화성,건설,2026-09-28,4.49,1.88,112665000000,False,False,,,,,726,2.58,74.3,2.65,69.9,2.74,63.9,1223,2.62,71.7,2.7,66.2,2.79,61.0,2881,2.66,68.9,2.76,63.0,2.86,57.0
A002600,조흥,식품,2026-09-28,4.05,3.67,82020000000,False,False,,,,,726,4.03,0.4,4.11,-1.4,4.36,-7.1,1223,4.28,-5.3,4.49,-9.8,4.7,-13.8,2881,4.79,-15.4,5.36,-24.4,5.93,-31.7
A002620,제일파마홀딩스,제약,2026-09-28,6.56,2.86,119800162500,False,False,,,,,485,3.38,94.2,3.51,86.8,3.63,80.9,674,3.48,88.3,3.63,80.5,3.74,75.6,2332,6.72,-2.3,9.6,-31.7,12.03,-45.4
A002630,오리엔트바이오,생물공학,2026-09-28,-21.63,42.85,53154831543,False,False,,,,,121,52.16,-141.5,52.25,-141.4,52.51,-141.2,369,50.36,-142.9,51.26,-142.2,51.73,-141.8,738,51.65,-141.9,52.46,-141.2,53.3,-140.6
A002680,한탑,식품,2026-09-28,-28.16,5.85,22919068650,False,False,,,,,666,6.32,-545.9,6.55,-529.8,6.97,-504.2,728,6.36,-543.1,6.65,-523.2,7.05,-499.5,1464,7.05,-499.2,7.65,-468.0,7.95,-454.2
A002690,동일제강,철강,2026-09-28,-10.73,4.8,30247536400,False,False,,,,,0,,,,,,,374,6.49,-265.4,6.7,-260.2,6.86,-256.5,1360,6.27,-271.1,6.87,-256.3,7.36,-245.7
A002700,신일전자,가정용기기와용품,2026-09-28,6.94,4.31,64091932135,False,False,,,,,666,13.85,-49.9,16.68,-58.4,17.02,-59.2,1163,13.57,-48.9,15.8,-56.1,16.61,-58.2,2390,7.34,-5.4,9.04,-23.2,10.32,-32.8
A002710,TCC스틸,철강,2026-09-28,-25.11,1.2,305651707020,False,False,,,,,559,22.63,-210.9,25.29,-199.3,27.08,-192.7,1056,5.67,-543.1,6.75,-471.9,8.43,-397.9,2713,3.02,-932.2,3.22,-880.0,3.39,-840.2
A002720,국제약품,제약,2026-09-28,15.37,10.08,68769454000,False,False,,,,,543,10.9,41.0,11.74,30.9,12.02,27.8,918,11.86,29.6,12.69,21.1,15.07,2.0,2453,14.22,8.0,15.06,2.0,15.74,-2.4
A002760,보락,식품,2026-09-28,26.36,20.22,59959900000,False,False,,,,,484,25.54,3.2,26.38,-0.1,27.03,-2.5,981,27.05,-2.6,29.03,-9.2,30.62,-13.9,2639,29.08,-9.4,31.41,-16.1,34.41,-23.4
A002780,진흥기업,건설,2026-09-28,-7.68,2.54,98484367980,False,False,,,,,367,2.77,-377.5,2.82,-372.0,2.86,-368.0,864,2.92,-363.3,3.05,-351.9,3.17,-342.1,2396,3.57,-315.3,3.99,-292.6,4.74,-261.9
A002790,아모레퍼시픽홀딩스,화장품,2026-09-28,4.86,3.25,2037610497000,False,False,,,,,726,4.09,18.7,4.24,14.5,4.37,11.2,1223,4.28,13.4,4.44,9.4,4.54,6.9,2881,4.61,5.2,4.92,-1.3,5.36,-9.4
A002800,신신제약,제약,2026-09-28,4.61,4.19,66977757500,False,False,,,,,726,5.43,-15.1,6.98,-34.0,8.0,-42.4,1098,6.98,-34.0,8.22,-44.0,9.53,-51.7,1979,9.27,-50.3,11.82,-61.0,12.77,-63.9
A002810,삼영무역,화학,2026-09-28,25.06,8.86,396116034600,False,False,,,,,726,9.99,150.9,11.71,113.9,12.15,106.2,1223,10.56,137.2,11.13,125.2,11.69,114.3,2881,11.48,118.2,11.99,108.9,12.32,103.4
A002820,SUN&L,종이와목재,2026-09-28,-0.88,5.77,14729172084,False,False,,,,,0,,,,,,,0,,,,,,,739,6.25,-114.1,6.49,-113.5,7.13,-112.3
A002840,미원상사,화학,2026-09-28,12.5,1.37,623700000000,False,False,,,,,726,11.99,4.3,12.33,1.4,12.53,-0.3,1223,11.12,12.4,11.32,10.4,11.55,8.2,2881,8.37,49.3,8.71,43.5,8.98,39.1
A002870,신풍,포장재,2026-09-28,-18.06,2.22,38349693900,False,False,,,,,0,,,,,,,0,,,,,,,859,4.1,-540.1,4.29,-520.7,4.39,-511.1
A002880,디와이에이,자동차부품,2026-09-28,1.08,0.27,32414378535,False,False,,,,,726,1.12,-3.7,1.21,-10.3,1.26,-13.9,1223,1.05,3.0,1.12,-3.0,1.22,-11.4,2699,1.26,-14.0,1.37,-20.7,1.47,-26.5
A002900,TYM,기계,2026-09-28,3.32,1.78,276552000000,False,False,0.0,,0.0,,726,2.33,42.3,2.43,36.5,2.83,17.3,1223,2.41,37.9,2.51,32.2,2.64,25.9,2269,2.63,26.4,2.91,14.2,3.17,4.7
A002920,유성기업,자동차부품,2026-09-28,-1.21,4.3,47094712500,False,False,,,,,243,9.08,-113.3,9.16,-113.2,9.42,-112.8,740,8.82,-113.7,9.08,-113.3,9.42,-112.8,2214,8.75,-113.8,9.42,-112.8,9.77,-112.4
A002960,한국쉘석유,화학,2026-09-28,12.36,6.87,685100000000,False,False,,,,,726,7.41,66.9,7.63,62.0,8.4,47.2,1223,7.72,60.1,7.98,54.8,8.19,51.0,2881,8.25,49.8,8.62,43.5,8.78,40.7
A002990,금호건설,건설,2026-09-28,5.08,1.74,481398864080,True,False,0.0,0.0,-5.47,2.69,726,2.26,124.4,2.37,114.5,2.45,107.1,1223,2.27,124.0,2.41,110.9,2.51,102.4,2881,2.57,97.7,2.77,83.5,2.95,71.9
A003000,부광약품,제약,2026-09-28,33.96,16.38,395645330710,False,False,,,,,422,28.04,21.1,32.13,5.7,32.98,3.0,652,32.31,5.1,33.32,1.9,34.53,-1.7,2251,32.94,3.1,36.08,-5.9,41.06,-17.3
A003010,혜인,기계,2026-09-28,5.77,2.46,119245566860,False,False,,,,,726,3.85,49.8,4.03,43.2,4.29,34.5,1223,4.16,38.6,4.44,29.9,4.7,22.8,2881,4.7,22.8,4.99,15.7,5.76,0.2
A003030,세아제강지주,철강,2026-09-28,1.94,0.94,445228127500,True,False,-22.17,-1.75,-22.17,-1.75,726,1.55,25.3,1.66,16.6,1.75,11.0,1223,1.17,65.9,1.25,55.0,1.33,45.7,2881,1.38,40.5,1.54,26.2,1.72,12.6
A003070,코오롱글로벌,건설,2026-09-28,1.6,0.98,233900422800,True,False,0.0,0.0,4.91,0.69,704,1.86,-13.9,2.15,-25.3,2.44,-34.3,1201,1.62,-1.3,1.73,-7.1,1.8,-11.1,2859,1.68,-4.3,1.8,-10.8,1.9,-15.4
A003080,SB성보,화학,2026-09-28,-5.07,10.96,44744700000,False,False,,,,,61,288.29,-101.8,288.79,-101.8,288.79,-101.8,430,13.28,-138.2,13.97,-136.3,14.93,-134.0,1107,16.5,-130.8,18.92,-126.8,20.46,-124.8
A003090,대웅,제약,2026-09-28,3.87,3.1,927364581000,False,False,,,,,726,3.92,-1.3,3.99,-3.0,4.09,-5.4,1223,3.85,0.4,3.96,-2.2,4.07,-4.9,2881,4.15,-6.7,4.41,-12.3,4.76,-18.7
A003100,선광,운송인프라,2026-09-28,2.88,2.42,134970000000,False,False,,,,,726,2.68,7.3,2.78,3.4,2.86,0.7,1223,2.82,2.2,2.89,-0.5,2.97,-3.1,2881,3.02,-4.8,3.17,-9.4,3.46,-16.9
A003120,일성아이에스,제약,2026-09-28,-58.74,68.13,288610000000,False,False,,,,,0,,,,,,,62,170.2,-134.5,170.62,-134.4,171.43,-134.3,1165,88.65,-166.3,96.9,-160.6,103.44,-156.8
A003160,디아이,반도체와반도체장비,2026-09-28,7.65,2.97,1023045000000,True,False,0.0,0.0,9.67,2.37,726,6.33,20.8,6.61,15.7,6.97,9.8,1223,5.98,27.9,6.4,19.6,6.85,11.7,2592,5.54,38.1,5.91,29.4,6.35,20.4
A003200,일신방직,"섬유,의류,신발,호화품",2026-09-28,10.93,3.22,255085600000,False,False,,,,,605,14.56,-24.9,15.75,-30.6,16.66,-34.4,917,4.15,163.5,4.39,148.9,4.64,135.4,2575,5.19,110.5,7.64,43.2,8.03,36.2
A003220,대원제약,제약,2026-09-28,11.08,5.29,176953629870,True,False,-38.15,-32.61,-38.15,-32.61,726,6.29,76.2,6.39,73.4,6.47,71.4,1223,6.34,74.7,6.45,71.7,6.59,68.2,2881,6.68,65.8,7.21,53.7,7.58,46.2
A003230,삼양식품,식품,2026-09-28,10.88,5.17,9152613225000,True,False,0.0,0.0,0.0,0.14,726,9.37,16.1,9.86,10.3,10.26,6.0,1223,7.16,51.9,7.45,46.1,7.76,40.2,2881,6.9,57.7,7.07,53.8,7.25,50.1
A003240,태광산업,화학,2026-09-28,-22.7,2.88,1004286800000,False,False,,,,,60,50.4,-145.0,50.75,-144.7,51.37,-144.2,372,3.31,-785.3,3.41,-766.3,3.46,-755.9,2030,3.94,-676.3,4.45,-609.8,4.95,-558.8
A003280,흥아해운,해운사,2026-09-28,87.96,3.4,439977565170,False,False,,,,,726,14.42,510.0,14.87,491.4,15.61,463.4,1098,11.93,637.3,12.92,580.9,14.19,519.7,1845,5.24,1579.6,5.7,1443.8,6.34,1286.8
A003300,한일홀딩스,건축자재,2026-09-28,3.86,1.05,543558357720,False,False,,,,,726,1.38,178.8,1.41,173.4,1.44,168.0,1223,1.42,171.3,1.46,163.5,1.49,158.9,2881,1.5,156.9,1.69,127.7,2.0,92.5
A003310,대주산업,식품,2026-09-28,5.59,4.55,58715908650,False,False,,,,,726,5.05,10.8,5.18,7.9,5.38,3.9,1223,5.26,6.3,5.57,0.4,5.74,-2.6,2881,5.91,-5.4,7.46,-25.0,9.25,-39.6
A003350,한국화장품제조,화장품,2026-09-28,9.09,4.26,350776800000,False,False,,,,,726,6.12,48.6,6.57,38.4,6.88,32.0,1098,6.57,38.3,7.04,29.0,7.6,19.6,2449,7.95,14.4,8.91,2.0,11.6,-21.6
A003380,하림지주,식품,2026-09-28,1.16,0.7,1249982730360,True,False,0.0,0.0,0.0,0.0,726,0.87,33.1,0.95,22.7,0.98,18.7,1223,0.83,39.3,0.9,29.2,0.93,25.1,2265,0.92,25.9,0.98,18.9,1.03,13.3
A003460,유화증권,증권,2026-09-28,18.02,6.74,170107245000,False,False,,,,,545,7.03,156.1,7.78,131.6,7.86,129.1,918,7.81,130.6,10.13,77.8,13.78,30.7,2576,14.13,27.5,16.35,10.2,17.06,5.6
A003470,유안타증권,증권,2026-09-28,3.87,2.09,847792448800,False,False,,,,,726,4.14,-6.5,4.21,-8.0,4.31,-10.2,1223,2.94,31.8,3.7,4.6,4.07,-4.7,2572,3.48,11.4,4.14,-6.3,4.55,-14.9
A003480,한진중공업홀딩스,가스유틸리티,2026-09-28,1.61,1.47,139528361700,False,False,,,,,726,1.66,-2.8,1.83,-12.0,1.94,-16.9,1223,1.89,-14.6,1.99,-19.0,2.1,-23.4,2576,1.97,-18.1,2.07,-22.4,2.17,-25.9
A003490,대한항공,항공사,2026-09-28,6.36,1.75,11672593305300,True,False,-10.65,0.6,-14.54,1.69,726,3.71,71.3,3.86,64.9,3.91,62.4,1223,3.87,64.4,3.93,61.8,4.01,58.4,2857,2.52,152.2,2.79,128.0,2.98,113.1
A003520,영진약품,제약,2026-09-28,-43.56,32.59,188928191123,False,False,,,,,545,42.19,-203.2,43.55,-200.0,45.07,-196.6,545,42.19,-203.2,43.55,-200.0,45.07,-196.6,1837,45.2,-196.4,48.4,-190.0,50.96,-185.5
A003530,한화투자증권,증권,2026-09-28,6.69,1.93,990137981625,False,False,,,,,603,7.14,-6.4,8.64,-22.7,9.2,-27.3,1100,4.64,44.1,4.91,36.3,5.34,25.2,2389,4.1,62.9,4.36,53.2,4.65,43.8
A003540,대신증권,증권,2026-09-28,2.69,1.05,1244085888600,True,False,0.0,0.0,0.0,0.0,726,2.91,-7.6,3.05,-11.8,3.39,-20.6,1223,2.15,25.2,2.58,4.4,2.69,0.0,2881,2.78,-3.2,3.02,-10.9,3.15,-14.7
A003550,LG,복합기업,2026-09-28,9.57,3.88,17235888456000,True,False,-0.15,-0.2,-2.76,-2.18,726,5.74,66.6,5.89,62.5,5.97,60.1,1223,4.29,122.8,4.6,107.8,4.91,94.7,2881,4.96,92.8,5.19,84.2,5.42,76.5
A003570,SNT다이내믹스,자동차부품,2026-09-28,7.75,5.97,990930370600,True,False,0.0,0.0,0.0,0.0,726,8.71,-11.0,9.13,-15.1,9.65,-19.7,1223,8.86,-12.5,9.25,-16.2,9.61,-19.3,2515,8.86,-12.5,9.3,-16.6,9.65,-19.6
A003580,HLB글로벌,판매업체,2026-09-28,-13.1,15.72,104113502775,False,False,,,,,0,,,,,,,0,,,,,,,737,18.78,-169.8,19.32,-167.8,20.34,-164.4
A003610,방림,"섬유,의류,신발,호화품",2026-09-28,149.77,9.1,182710326820,False,False,,,,,239,143.09,4.7,144.69,3.5,147.15,1.8,613,18.18,723.6,19.72,659.4,24.73,505.7,2150,12.32,1115.4,13.51,1008.3,14.01,968.7
A003620,KG모빌리티,자동차,2026-09-28,7.45,6.47,513020401920,True,False,0.0,0.0,0.0,0.0,540,7.98,-6.7,8.44,-11.8,12.31,-39.5,540,7.98,-6.7,8.44,-11.8,12.31,-39.5,1393,13.02,-42.8,15.11,-50.7,16.73,-55.5
A003650,미창석유,화학,2026-09-28,5.89,2.29,217632967200,False,False,,,,,726,2.65,122.4,2.84,107.5,2.89,104.1,1223,2.57,129.4,2.65,122.4,2.81,109.6,2881,2.87,105.1,3.09,90.9,3.43,71.7
A003670,포스코퓨처엠,화학,2026-09-28,107.32,6.05,16472839944000,True,False,-0.95,-0.21,-2.71,-0.11,726,67.55,58.9,71.02,51.1,73.2,46.6,1223,47.75,124.8,52.34,105.0,55.52,93.3,2881,7.41,1347.7,8.12,1220.9,8.8,1119.7
A003680,한성기업,식품,2026-09-28,4.22,2.69,28843197175,False,False,,,,,726,2.84,48.6,3.05,38.2,3.16,33.2,977,2.99,40.8,3.17,33.1,3.21,31.2,2325,3.32,27.1,3.98,5.8,4.26,-1.0
A003690,코리안리,손해보험,2026-09-28,4.97,1.57,2627841730970,True,False,0.0,0.0,0.0,0.0,726,2.66,87.1,3.1,60.7,3.16,57.5,1223,2.57,93.7,3.09,60.8,3.19,55.8,2881,3.26,52.6,3.54,40.6,3.67,35.5
A003720,삼영,화학,2026-09-28,8.13,6.21,217940000000,False,False,0.0,,0.0,,726,7.25,12.2,7.46,9.0,7.64,6.5,1223,7.51,8.2,7.8,4.2,8.11,0.3,1530,7.66,6.2,8.03,1.2,8.46,-3.9
A003780,진양산업,화학,2026-09-28,8.1,2.92,57005000000,False,False,,,,,726,8.42,-3.8,8.6,-5.8,8.75,-7.4,1223,8.63,-6.2,8.92,-9.2,9.49,-14.7,2881,6.18,31.1,6.8,19.1,7.22,12.1
A003800,에이스침대,가구,2026-09-28,6.61,3.91,360425000000,False,False,,,,,726,4.19,57.6,4.22,56.7,4.31,53.5,1223,4.24,56.1,4.42,49.5,4.54,45.8,2881,4.94,33.9,5.27,25.4,5.57,18.7
A003830,대한화섬,화학,2026-09-28,-17.74,12.0,146080000000,False,False,,,,,181,24.59,-172.2,24.66,-171.9,24.83,-171.4,678,22.01,-180.6,24.15,-173.4,24.59,-172.2,1719,20.75,-185.5,23.11,-176.8,24.25,-173.1
A003850,보령,제약,2026-09-28,9.75,6.71,709460201890,False,False,,,,,726,7.45,30.9,7.7,26.6,7.92,23.1,1223,7.78,25.4,8.08,20.7,8.49,14.9,2881,8.7,12.1,9.13,6.8,9.44,3.4
A003920,남양유업,식품,2026-09-28,40.0,10.94,238852118700,False,False,,,,,304,19.48,105.4,20.59,94.3,22.51,77.7,304,19.48,105.4,20.59,94.3,22.51,77.7,1499,12.29,225.5,14.41,177.5,16.33,145.0
A003960,사조대림,식품,2026-09-28,2.68,1.68,246982385650,False,False,,,,,726,2.27,18.4,2.35,14.2,2.44,10.2,1223,2.16,24.3,2.24,20.0,2.29,17.0,2881,2.26,19.0,2.33,15.1,2.41,11.5
A004000,롯데정밀화학,화학,2026-09-28,6.94,3.41,1144230000000,True,False,0.0,0.0,0.0,0.0,726,6.93,0.2,7.26,-4.4,7.59,-8.6,1223,4.96,39.9,5.8,19.7,6.3,10.1,2881,5.28,31.3,5.68,22.3,6.3,10.1
A004020,현대제철,철강,2026-09-28,7.35,1.63,4170180781250,True,False,-2.32,-0.45,-2.4,-1.81,726,3.85,90.7,4.32,70.0,4.51,62.9,1223,2.13,244.5,2.32,216.3,2.4,206.1,2881,2.56,187.6,3.09,138.1,3.59,104.9
A004060,SG세계물산,"섬유,의류,신발,호화품",2026-09-28,-16.65,14.11,43420153920,False,False,,,,,181,26.28,-163.4,26.47,-162.9,26.78,-162.2,491,15.69,-206.1,15.9,-204.7,16.06,-203.7,1232,16.22,-202.6,18.44,-190.3,20.67,-180.6
A004080,신흥,건강관리장비와용품,2026-09-28,14.88,11.2,135594000000,False,False,,,,,726,12.84,15.9,12.99,14.5,13.05,14.0,1223,12.06,23.4,12.13,22.7,12.54,18.7,2756,12.69,17.2,13.01,14.4,13.26,12.2
A004090,한국석유,화학,2026-09-28,5.81,3.29,149282851200,True,False,0.0,0.0,0.0,0.0,726,6.15,-5.5,6.69,-13.2,7.19,-19.2,1223,5.3,9.6,5.42,7.1,5.58,4.1,2881,4.15,39.9,4.43,31.2,4.74,22.4
A004100,태양금속,자동차부품,2026-09-28,4.85,2.03,114687500000,False,False,,,,,726,3.67,32.3,3.8,27.6,4.12,17.7,976,3.56,36.3,3.74,29.7,3.92,23.9,2263,3.76,29.1,4.09,18.6,4.38,10.7
A004140,동방,항공화물운송과물류,2026-09-28,3.03,1.63,84670166990,False,False,,,,,726,2.64,14.9,2.72,11.4,2.78,9.0,1223,2.75,10.4,2.85,6.4,2.98,1.8,2881,2.47,22.9,2.63,15.3,2.74,10.6
A004150,한솔홀딩스,복합기업,2026-09-28,2.1,2.01,148721497500,True,False,0.0,0.0,75.0,,720,4.0,-47.4,4.33,-51.3,4.48,-53.0,1217,4.4,-52.2,4.64,-54.6,5.2,-59.5,2875,3.75,-43.8,4.12,-48.9,4.46,-52.8
A004170,신세계,백화점과일반상점,2026-09-28,3.85,2.03,3244419673500,True,False,0.0,0.0,0.17,-0.14,726,2.21,74.0,2.24,71.5,2.28,69.0,1223,2.26,70.3,2.31,66.8,2.39,61.2,2881,2.45,57.2,2.66,44.4,2.87,34.0
A004250,NPC,포장재,2026-09-28,4.3,4.03,104652000000,False,False,,,,,726,4.57,-5.9,5.54,-22.3,5.83,-26.1,1223,5.62,-23.4,6.04,-28.8,6.29,-31.5,2881,6.17,-30.3,6.57,-34.5,6.94,-38.0
A004270,남성,전자장비와기기,2026-09-28,9.67,5.29,25536716800,False,False,,,,,119,8.52,13.5,8.57,12.8,8.59,12.5,493,9.58,0.9,11.04,-12.4,11.69,-17.3,1780,9.57,1.0,10.27,-5.8,11.45,-15.6
A004310,현대약품,제약,2026-09-28,40.39,13.91,282560000000,False,False,,,,,603,17.76,127.4,18.69,116.2,21.24,90.2,1040,16.81,140.3,18.03,124.0,19.27,109.6,2144,19.36,108.7,21.27,89.9,28.4,42.2
A004360,세방,항공화물운송과물류,2026-09-28,12.53,3.86,255193300050,False,False,,,,,726,8.02,56.3,8.18,53.3,8.36,49.9,1223,5.76,117.6,7.15,75.2,7.48,67.5,2881,7.63,64.2,8.15,53.7,8.67,44.6
A004370,농심,식품,2026-09-28,9.92,8.83,2414808874000,True,False,0.0,0.0,0.14,0.06,726,9.59,3.5,9.84,0.8,9.98,-0.6,1223,9.89,0.3,10.14,-2.1,10.35,-4.1,2881,10.54,-5.9,11.3,-12.2,11.75,-15.6
A004380,삼익THK,기계,2026-09-28,-6.33,6.55,155250000000,False,False,,,,,362,20.74,-130.5,21.17,-129.9,32.04,-119.8,859,12.94,-148.9,13.64,-146.4,14.34,-144.2,2517,8.61,-173.6,9.82,-164.5,10.28,-161.6
A004410,서울식품,식품,2026-09-28,385.55,6.65,48174570873,False,False,,,,,303,54.61,606.0,55.48,594.9,114.03,238.1,488,55.49,594.8,57.2,574.0,60.18,540.7,1838,22.1,1644.4,26.47,1356.8,30.06,1182.7
A004430,송원산업,화학,2026-09-28,1.72,1.68,276240000000,True,True,,,,,726,3.34,-48.5,3.53,-51.3,3.8,-54.8,1223,2.33,-26.1,2.53,-32.2,2.98,-42.2,2881,3.05,-43.6,3.34,-48.5,3.62,-52.5
A004440,삼일씨엔에스,건축자재,2026-09-28,9.0,3.73,69643750090,False,False,,,,,424,8.43,6.8,8.82,2.1,10.11,-10.9,736,8.47,6.2,8.92,1.0,9.4,-4.2,1987,4.91,83.5,5.17,74.3,5.72,57.4
A004450,삼화왕관,포장재,2026-09-28,10.44,6.05,61507520450,False,False,,,,,726,6.53,59.9,6.65,57.0,7.65,36.5,1223,6.85,52.6,8.06,29.6,8.39,24.5,2881,7.08,47.4,7.36,42.0,7.98,30.9
A004490,세방전지,자동차부품,2026-09-28,4.22,2.98,823284000000,True,False,0.0,0.0,18.63,0.0,726,3.71,13.8,3.93,7.4,3.99,5.9,1223,3.95,6.8,4.11,2.7,4.31,-2.1,2881,4.22,0.0,4.4,-4.1,4.66,-9.4
A004540,깨끗한나라,종이와목재,2026-09-28,-2.82,2.56,44949516451,False,False,,,,,0,,,,,,,374,9.13,-130.9,9.59,-129.4,9.8,-128.8,1542,3.21,-188.0,5.03,-156.0,7.06,-139.9
A004560,현대비앤지스틸,비철금속,2026-09-28,5.92,1.65,186675680180,False,False,,,,,545,5.46,8.5,5.59,5.9,5.74,3.2,919,2.41,145.5,2.54,132.7,2.65,123.5,2577,2.78,112.7,3.05,93.9,3.5,69.2
A004590,한국가구,식품과기본식료품소매,2026-09-28,4.59,2.92,79650000000,False,False,,,,,726,3.49,31.6,3.6,27.6,3.67,25.1,1223,3.63,26.4,3.75,22.6,3.92,17.2,2881,4.05,13.3,4.4,4.3,4.54,1.2
A004650,창해에탄올,음료,2026-09-28,5.63,4.19,85567139350,False,False,,,,,726,4.57,23.4,4.65,21.1,4.7,19.9,1223,4.68,20.5,4.78,17.9,4.92,14.5,2881,5.08,10.9,5.59,0.8,5.72,-1.5
A004690,삼천리,가스유틸리티,2026-09-28,2.64,2.18,476558497800,True,False,0.0,0.0,2.63,-1.27,726,2.46,7.3,2.52,5.1,2.56,3.2,1223,2.54,4.3,2.71,-2.5,2.85,-7.3,2881,2.89,-8.6,3.26,-18.8,3.59,-26.3
A004700,조광피혁,"섬유,의류,신발,호화품",2026-09-28,86.58,8.65,440837849400,False,False,,,,,726,43.93,97.1,45.81,89.0,46.65,85.6,1161,32.19,169.0,41.18,110.3,45.61,89.8,2819,10.44,729.4,11.88,628.9,14.79,485.4
A004710,한솔테크닉스,전자장비와기기,2026-09-28,34.03,1.67,567035196730,False,False,,,,,726,2.32,1366.8,3.17,974.0,3.38,907.3,1157,2.48,1272.9,2.94,1056.4,3.15,980.1,2815,3.24,951.6,3.58,850.9,3.95,761.2
A004720,팜젠사이언스,제약,2026-09-28,16.04,5.75,67170192225,False,False,,,,,726,7.08,126.5,7.48,114.5,7.71,108.0,1036,7.43,115.8,7.75,106.9,8.17,96.3,2328,8.31,92.9,9.29,72.6,11.62,38.0
A004770,써니전자,전자장비와기기,2026-09-28,41.38,17.41,72080099140,False,False,,,,,726,22.22,86.2,22.99,80.0,24.34,70.0,1223,23.32,77.4,25.4,62.9,28.22,46.7,2757,26.44,56.5,29.58,39.9,33.02,25.3
A004780,대륙제관,포장재,2026-09-28,5.62,3.09,66952467790,False,False,,,,,726,3.63,54.7,3.74,50.3,3.84,46.6,1223,3.79,48.3,3.98,41.4,4.09,37.5,2881,4.16,35.2,4.86,15.8,5.17,8.7
A004800,효성,복합기업,2026-09-28,4.95,0.7,2644984306000,True,False,0.0,0.0,0.0,0.0,726,4.75,4.2,4.84,2.1,4.97,-0.4,1223,3.65,35.7,3.96,24.9,4.55,8.6,2881,3.95,25.3,4.1,20.5,4.26,16.2
A004830,덕성,"섬유,의류,신발,호화품",2026-09-28,17.72,4.68,51587200000,False,False,,,,,726,8.64,105.0,9.0,97.0,9.26,91.5,1223,9.11,94.6,10.86,63.1,12.11,46.4,2452,9.36,89.3,11.42,55.1,12.18,45.5
A004840,DRB동일,화학,2026-09-28,2.31,2.28,75451305060,False,False,,,,,726,2.59,-10.6,2.7,-14.3,2.94,-21.3,1098,2.71,-14.5,2.96,-21.7,3.08,-25.0,2756,2.88,-19.6,3.01,-23.2,3.12,-25.8
A004870,티웨이홀딩스,건축자재,2026-09-28,-12.2,2.59,21772655476,False,False,,,,,0,,,,,,,0,,,,,,,1166,4.08,-398.7,4.53,-369.1,4.93,-347.3
A004890,동일산업,철강,2026-09-28,10.82,5.95,83791178250,False,False,,,,,121,10.79,0.3,10.86,-0.3,10.92,-0.9,618,8.89,21.8,9.16,18.1,9.37,15.5,1967,7.37,46.9,8.04,34.6,8.62,25.5
A004910,조광페인트,건축자재,2026-09-28,-2.11,6.16,44032000000,False,False,,,,,362,15.45,-113.6,15.96,-113.2,16.87,-112.5,443,7.22,-129.2,9.88,-121.3,14.16,-114.9,1529,7.81,-127.0,8.4,-125.1,8.82,-123.9
A004920,씨아이테크,컴퓨터와주변기기,2026-09-28,-18.9,8.59,47327143904,False,False,,,,,244,29.11,-164.9,30.16,-162.7,31.06,-160.8,552,10.44,-281.0,26.75,-170.7,28.33,-166.7,735,26.18,-172.2,28.32,-166.7,29.73,-163.6
A004960,한신공영,건설,2026-09-28,1.82,0.88,128087671140,False,False,,,,,726,1.52,20.2,1.62,12.7,1.65,10.3,1223,1.43,27.7,1.5,21.9,1.56,16.9,2760,1.21,50.5,1.36,34.4,1.49,22.5
A004970,신라교역,식품,2026-09-28,534.75,4.57,144160000000,False,False,,,,,547,5.31,9967.6,5.64,9380.8,6.37,8299.7,1044,6.27,8423.0,7.94,6630.8,8.2,6423.0,2085,7.33,7194.7,7.77,6779.2,8.17,6447.3
A004980,성신양회,건축자재,2026-09-28,4.34,1.73,204709209550,False,False,,,,,726,2.04,112.9,2.17,99.8,2.63,64.8,1223,2.56,69.2,2.69,61.0,2.88,50.4,2881,2.95,47.0,3.68,17.9,4.03,7.7
A004990,롯데지주,복합기업,2026-09-28,5.69,3.03,2446745700800,True,False,-0.73,4.95,-5.76,3.79,726,3.85,47.7,4.05,40.7,4.2,35.6,1223,4.11,38.5,4.34,31.2,4.55,25.0,2780,4.6,23.7,5.03,13.2,5.48,3.8
A005010,휴스틸,철강,2026-09-28,346.93,0.92,222504777000,False,False,,,,,479,1.03,33445.8,2.19,15766.2,2.3,14965.0,976,1.02,33956.2,1.05,33022.3,1.09,31632.5,2200,1.12,30851.7,1.37,25172.1,2.06,16723.0
A005030,부산주공,자동차부품,2026-09-28,-25.38,3.83,45092532168,False,False,,,,,606,5.76,-540.2,5.76,-540.2,6.13,-514.1,606,5.76,-540.2,5.76,-540.2,6.13,-514.1,1101,5.76,-540.2,6.13,-514.1,6.17,-511.6
A005070,코스모신소재,화학,2026-09-28,30.95,7.76,1473066223850,True,False,0.0,0.0,0.0,0.0,726,31.87,-2.9,35.64,-13.2,39.06,-20.8,1223,30.51,1.4,32.25,-4.0,33.75,-8.3,2444,11.73,163.9,12.88,140.3,13.84,123.7
A005090,SGC에너지,에너지장비및서비스,2026-09-28,4.04,1.53,694529850600,True,False,0.0,0.0,0.0,0.0,726,1.79,125.4,1.86,117.4,1.96,106.6,1223,1.83,121.3,1.93,109.8,1.98,104.0,2252,1.97,105.6,2.06,96.1,2.14,89.0
A005110,한창,부동산,2026-09-28,-4.76,3.74,26467434378,False,False,,,,,0,,,,,,,313,6.91,-168.9,7.12,-166.9,8.78,-154.3,1479,7.35,-164.9,8.33,-157.2,9.79,-148.7
A005160,동국산업,철강,2026-09-28,-13.81,2.57,189584464590,False,False,,,,,448,11.5,-220.0,12.51,-210.4,13.28,-204.0,898,5.18,-366.5,5.47,-352.4,5.82,-337.3,2556,3.7,-473.4,4.12,-435.2,4.34,-417.8
A005180,빙그레,식품,2026-09-28,4.64,3.84,779846848200,True,False,0.0,0.0,1.99,3.96,726,4.5,3.1,4.64,-0.1,4.9,-5.3,1223,4.71,-1.4,5.12,-9.4,5.37,-13.6,2881,5.53,-16.2,5.93,-21.8,6.23,-25.6
A005250,녹십자홀딩스,제약,2026-09-28,15.54,6.05,450530251800,False,False,,,,,364,14.8,5.0,15.31,1.6,15.71,-1.0,738,8.18,90.1,8.49,83.0,9.16,69.7,2396,9.93,56.5,11.69,33.0,12.78,21.6
A005290,동진쎄미켐,반도체와반도체장비,2026-09-28,11.06,3.37,2298752682600,False,False,,,,,726,7.89,40.2,8.19,35.0,8.41,31.5,1223,8.05,37.4,8.44,31.0,8.8,25.6,2881,5.21,112.1,6.1,81.3,6.45,71.3
A005300,롯데칠성,음료,2026-09-28,4.14,3.76,896340194400,True,False,0.0,0.0,-0.89,-1.2,726,4.16,-0.6,4.21,-1.7,4.27,-3.1,1223,4.22,-1.9,4.32,-4.2,4.39,-5.9,2881,4.46,-7.2,4.68,-11.5,4.88,-15.3
A005320,온타이드,"섬유,의류,신발,호화품",2026-09-28,1755.6,2.33,45435646005,False,False,,,,,245,5.46,32051.6,5.54,31600.0,5.81,30111.5,620,3.42,51240.9,3.56,49188.0,4.07,43045.3,1849,4.02,43574.4,4.26,41124.4,4.48,39125.6
A005360,모나미,문구류,2026-09-28,-3.01,3.17,22487795330,False,False,,,,,60,40.68,-107.4,40.88,-107.4,40.96,-107.3,557,10.55,-128.5,10.73,-128.0,10.96,-127.5,2215,6.39,-147.1,6.77,-144.5,7.19,-141.9
A005380,현대차,자동차,2026-09-28,5.77,2.42,72128871414000,True,False,-0.32,-0.51,-1.58,-1.94,726,2.75,110.3,2.84,103.5,2.9,99.3,1223,2.79,106.8,2.89,99.9,2.99,93.0,2881,3.09,87.2,3.38,70.8,3.57,61.8
A005420,코스모화학,화학,2026-09-28,284.63,3.05,402134147160,False,False,,,,,241,94.16,202.3,96.16,196.0,98.36,189.4,738,11.81,2311.0,12.51,2174.4,13.09,2074.0,1582,4.63,6048.7,5.35,5215.7,6.12,4548.9
A005430,한국공항,운송인프라,2026-09-28,4.36,2.93,276739427000,False,False,0.0,,0.0,,726,3.39,28.5,3.51,24.3,3.56,22.6,1032,3.5,24.7,3.56,22.4,3.66,19.1,2383,3.74,16.6,4.02,8.3,4.35,0.3
A005440,현대지에프홀딩스,복합기업,2026-09-28,6.39,1.77,2345650175210,True,False,-0.4,-0.47,-0.22,0.26,688,2.14,198.9,2.23,186.0,2.33,173.9,1140,2.25,183.3,2.43,162.5,2.94,117.4,2798,3.52,81.3,3.86,65.3,5.66,12.9
A005490,POSCO홀딩스,철강,2026-09-28,6.99,2.56,25079943295500,True,False,0.0,0.0,-0.15,0.33,726,6.83,2.3,7.01,-0.3,7.12,-1.9,1223,3.01,132.0,3.18,119.4,3.45,102.2,2881,3.78,84.7,4.09,70.7,4.42,58.1
A005500,삼진제약,제약,2026-09-28,10.06,4.02,248950800000,False,False,,,,,726,7.38,36.4,7.58,32.8,7.86,28.0,1223,7.71,30.5,7.99,25.9,8.17,23.2,2881,7.38,36.4,7.89,27.5,8.18,23.0
A005610,삼립,식품,2026-09-28,34.59,3.66,335668450100,False,False,,,,,726,4.08,748.5,4.17,729.5,4.25,713.5,1223,4.21,721.8,4.39,688.3,4.47,674.1,2881,4.59,653.9,4.84,614.4,5.13,574.1
A005670,푸드웰,식품,2026-09-28,2.83,2.67,62500000000,False,False,,,,,726,2.93,-3.7,3.14,-9.9,3.22,-12.2,1223,3.17,-10.8,3.32,-14.8,3.42,-17.4,2881,3.48,-18.9,4.14,-31.6,5.09,-44.5
A005680,삼영전자,전기제품,2026-09-28,33.17,10.42,255400000000,True,False,0.0,0.0,,,726,17.33,91.4,18.0,84.2,18.53,79.0,1223,11.88,179.2,12.11,174.0,12.38,168.0,2881,12.66,162.0,13.87,139.1,15.8,109.9
A005690,파미셀,화학,2026-09-28,10.0,6.96,735649211640,True,False,0.0,0.0,-1.72,-7.58,666,10.84,-7.7,12.97,-22.9,13.42,-25.5,1163,13.17,-24.0,13.92,-28.1,14.8,-32.4,1919,14.24,-29.8,15.91,-37.1,19.78,-49.4
A005710,대원산업,자동차부품,2026-09-28,4.64,1.52,217207584000,False,False,,,,,726,1.8,157.2,1.91,142.3,1.96,136.5,1223,1.94,139.6,2.0,132.0,2.13,118.1,2881,2.36,96.4,2.86,62.4,3.03,52.9
A005720,넥센,자동차부품,2026-09-28,1.3,0.71,288466433730,False,False,,,,,726,0.92,41.2,0.94,38.7,0.96,36.1,974,0.93,39.6,0.96,36.1,1.01,29.0,2632,1.08,20.2,1.22,6.8,1.34,-2.7
A005740,크라운해태홀딩스,식품,2026-09-28,1.56,0.99,77503151340,False,False,,,,,726,1.14,36.5,1.17,33.4,1.18,31.6,1223,1.18,32.6,1.2,30.0,1.23,26.8,2881,1.27,23.0,1.62,-3.7,1.72,-9.4
A005750,대림바스,건축제품,2026-09-28,3.22,2.97,71678476800,False,False,,,,,726,3.63,-11.2,4.24,-24.1,4.46,-27.8,1162,4.3,-25.0,4.75,-32.2,5.16,-37.5,2820,5.48,-41.2,6.3,-48.9,7.4,-56.5
A005800,신영와코루,"섬유,의류,신발,호화품",2026-09-28,-285.5,11.81,121500000000,False,False,,,,,605,31.39,-1009.7,32.38,-981.7,33.34,-956.4,1102,14.89,-2017.6,15.87,-1899.1,17.47,-1734.5,2698,18.71,-1625.5,21.03,-1457.5,22.36,-1376.9
A005810,풍산홀딩스,비철금속,2026-09-28,4.27,2.99,534160668600,True,False,0.0,0.0,-2.46,-2.87,726,3.6,18.7,3.71,15.2,3.82,11.7,1223,3.33,28.2,3.41,25.3,3.46,23.3,2881,3.5,21.9,3.72,14.7,3.96,7.7
A005820,원림,포장재,2026-09-28,6.84,4.28,33159707100,False,False,,,,,726,7.21,-5.1,7.58,-9.7,7.97,-14.1,1223,7.36,-7.0,7.59,-9.9,8.06,-15.0,2881,6.32,8.4,7.05,-2.9,7.49,-8.7
A005830,DB손해보험,손해보험,2026-09-28,5.2,2.31,12504016624100,True,False,0.0,0.0,1.65,1.58,726,2.65,96.2,2.76,88.7,2.88,80.9,1223,2.58,101.4,2.7,92.5,2.89,80.2,2881,2.95,76.4,3.15,65.1,3.55,46.4
A005850,에스엘,자동차부품,2026-09-28,5.03,2.7,2350295112000,True,False,0.0,0.0,0.3,-1.62,726,3.15,59.6,3.21,56.8,3.25,54.8,1223,3.22,56.3,3.32,51.6,3.41,47.6,2881,3.47,44.9,3.84,31.0,4.21,19.4
A005860,한일사료,식품,2026-09-28,17.0,5.28,93583751875,False,False,,,,,666,17.61,-3.5,20.06,-15.3,21.58,-21.2,978,6.54,159.8,14.31,18.8,17.42,-2.4,2329,10.75,58.1,12.62,34.7,14.84,14.5
A005870,휴니드,우주항공과국방,2026-09-28,-6.15,2.75,62392786300,False,False,,,,,422,3.84,-260.3,4.34,-241.8,4.48,-237.4,857,4.43,-238.7,4.72,-230.3,5.01,-222.8,2454,4.45,-238.3,4.9,-225.5,5.32,-215.7
A005880,대한해운,해운사,2026-09-28,2.74,1.57,669700730500,True,False,0.0,0.0,0.0,0.0,726,1.91,43.5,1.93,41.8,1.95,40.2,1223,1.93,41.7,1.97,39.2,1.99,37.5,2881,2.01,36.3,2.13,28.6,2.26,21.3
A005930,삼성전자,반도체와반도체장비,2026-09-28,3.13,2.63,1578495224160000,True,False,-0.02,1.44,-0.3,3.85,726,4.03,-22.4,4.86,-35.6,5.94,-47.3,1223,5.27,-40.6,6.16,-49.2,6.68,-53.1,2881,4.89,-36.0,5.53,-43.4,5.97,-47.6
A005940,NH투자증권,증권,2026-09-28,4.55,2.87,9617819035250,True,False,-0.46,-0.7,-1.15,-1.55,726,4.22,7.9,4.37,4.2,4.47,1.8,1223,3.59,26.7,3.73,22.0,3.88,17.4,2881,3.64,25.0,3.86,18.0,4.05,12.6
A005950,이수화학,화학,2026-09-28,2.3,1.77,287132325480,False,False,,,,,180,2.5,-8.1,2.56,-10.1,2.72,-15.4,492,2.91,-21.1,3.82,-39.8,4.0,-42.6,1985,3.24,-29.1,3.4,-32.4,3.52,-34.6
A005960,동부건설,건설,2026-09-28,2.34,1.72,193440369090,True,False,0.0,0.0,,,626,2.03,15.4,2.52,-7.1,3.01,-22.3,1123,2.69,-13.0,3.14,-25.4,3.3,-29.1,2349,2.83,-17.2,3.06,-23.5,3.21,-27.0
A005990,매일홀딩스,식품,2026-09-28,1.84,1.01,144286598400,False,False,,,,,726,1.32,39.8,1.34,37.4,1.36,35.2,1223,1.33,38.2,1.35,36.4,1.36,34.9,2881,1.36,35.3,1.41,30.9,1.44,27.8
A006040,동원산업,식품,2026-09-28,2.7,1.1,1600104688750,True,False,0.0,0.0,0.0,0.0,726,2.25,20.3,2.29,18.2,2.34,15.6,1223,2.03,33.4,2.26,19.8,2.33,16.3,2881,2.38,13.5,2.69,0.6,2.87,-5.8
A006050,국영지앤엠,건축제품,2026-09-28,-7.28,18.2,11881829220,False,False,,,,,605,34.63,-121.0,35.49,-120.5,35.91,-120.3,790,25.83,-128.2,27.39,-126.6,31.4,-123.2,1777,26.51,-127.5,30.14,-124.1,31.86,-122.8
A006060,화승인더,"섬유,의류,신발,호화품",2026-09-28,1.95,1.77,123916800000,False,False,,,,,726,2.0,-2.6,2.04,-4.4,2.08,-6.2,1223,2.05,-5.0,2.11,-7.5,2.21,-11.9,2881,2.33,-16.4,2.7,-27.9,2.98,-34.7
A006090,사조오양,식품,2026-09-28,7.39,1.96,83391213600,False,False,,,,,726,3.79,94.8,4.0,84.8,4.51,64.0,1223,3.99,85.2,4.22,74.9,4.4,68.0,2758,3.49,111.6,3.74,97.7,3.99,85.2
A006110,삼아알미늄,비철금속,2026-09-28,38.87,4.36,877160390000,True,False,0.0,0.0,-25.42,-13.94,295,30.48,27.5,38.1,2.0,40.46,-3.9,792,14.09,175.9,14.73,163.9,15.3,154.0,2202,7.6,411.4,8.42,361.9,9.41,313.0
A006120,SK디스커버리,석유와가스,2026-09-28,3.48,1.36,1119704189300,False,False,,,,,726,1.86,87.4,2.19,58.5,2.48,40.2,1223,1.64,112.1,1.71,103.8,1.86,86.6,2881,1.96,77.4,2.5,39.2,2.84,22.3
A006140,피제이전자,건강관리장비와용품,2026-09-28,7.45,6.25,65406000000,False,False,,,,,726,6.72,10.8,6.96,7.0,7.17,3.8,1223,7.07,5.4,7.42,0.4,7.82,-4.8,2881,7.99,-6.8,8.95,-16.8,9.82,-24.2
A006200,한국전자홀딩스,반도체와반도체장비,2026-09-28,-1.15,1.11,17878797570,False,False,,,,,0,,,,,,,435,1.36,-184.7,1.42,-181.4,1.48,-177.8,1416,1.61,-171.5,1.86,-162.1,2.24,-151.5
A006220,제주은행,은행,2026-09-28,29.46,1.78,366646002900,False,False,,,,,726,22.0,33.9,23.2,27.0,29.01,1.6,1223,8.9,231.1,9.55,208.4,12.95,127.5,2881,3.43,758.2,3.7,695.9,4.1,617.9
A006260,LS,전기장비,2026-09-28,3.37,1.79,9765600000000,True,True,2.56,3.09,2.55,2.63,726,2.66,26.6,2.79,20.5,2.9,16.2,1223,2.56,31.7,2.62,28.7,2.68,25.8,2881,2.68,25.6,2.8,20.5,2.89,16.7
A006280,녹십자,제약,2026-09-28,16.07,12.16,1439781481600,True,False,0.0,0.0,-0.49,0.52,726,16.96,-5.2,17.39,-7.6,17.68,-9.1,1223,16.2,-0.8,16.69,-3.7,17.16,-6.3,2881,16.97,-5.3,17.77,-9.6,18.26,-12.0
A006340,대원전선,전기장비,2026-09-28,73.8,6.13,1035070291200,False,False,,,,,726,9.82,651.4,10.13,628.2,10.61,595.7,1223,10.29,617.4,10.86,579.8,11.38,548.8,2881,11.05,567.7,11.93,518.6,12.97,469.0
A006360,GS건설,건설,2026-09-28,5.71,1.47,3042421969500,True,False,-0.67,0.11,-0.67,0.11,726,2.99,91.1,3.04,88.1,3.08,85.2,1223,2.7,111.5,2.79,105.0,2.9,96.7,2881,2.73,109.5,2.9,96.7,3.02,89.5
A006370,대구백화점,백화점과일반상점,2026-09-28,-1.97,56.13,32086076615,False,False,,,,,0,,,,,,,0,,,,,,,432,62.36,-103.2,113.87,-101.7,115.55,-101.7
A006400,삼성SDI,전기제품,2026-09-28,38.96,10.71,42952087490000,True,False,3.92,-1.29,14.93,2.03,558,11.94,226.2,12.45,212.8,12.85,203.2,1055,12.74,205.7,13.33,192.4,13.86,181.1,2490,14.15,175.4,15.28,154.9,16.61,134.6
A006490,프리티,무선통신서비스,2026-09-28,29.93,7.04,25306270858,False,False,,,,,425,16.56,80.7,18.84,58.9,21.22,41.0,549,18.45,62.2,20.9,43.2,23.79,25.8,1101,23.05,29.9,28.69,4.3,30.65,-2.4
A006570,대림통상,건축제품,2026-09-28,-3.54,7.08,29262450000,False,False,,,,,0,,,,,,,431,7.8,-145.4,8.33,-142.5,8.48,-141.7,1231,8.8,-140.3,10.6,-133.4,12.58,-128.1
A006620,동구바이오제약,제약,2026-09-28,295.95,6.55,100339096800,False,False,,,,,726,10.79,2644.1,11.08,2572.0,11.26,2528.3,1223,10.17,2810.8,10.54,2708.2,10.82,2634.0,2113,10.57,2699.2,11.02,2584.4,11.58,2455.0
A006650,대한유화,화학,2026-09-28,3.14,2.57,599950000000,True,False,-11.83,-7.77,-11.83,-7.77,702,3.56,-11.8,4.18,-24.8,5.19,-39.5,1130,4.39,-28.5,4.91,-36.0,5.23,-40.0,2788,3.83,-18.1,3.98,-21.2,4.11,-23.7
A006660,삼성공조,자동차부품,2026-09-28,27.75,6.72,103285450940,False,False,,,,,726,12.39,124.1,13.09,112.1,13.82,100.8,1220,8.73,217.9,9.34,197.1,11.1,150.1,2264,10.34,168.3,13.95,98.9,16.91,64.1
A006730,서부T&D,"호텔,레스토랑,레저",2026-09-28,7.42,5.45,719901537600,True,False,0.0,0.0,0.47,0.72,726,6.76,9.8,6.98,6.3,7.16,3.6,1199,7.02,5.6,7.31,1.5,7.71,-3.8,2800,8.04,-7.8,10.05,-26.2,11.21,-33.8
A006740,블루산업개발,종이와목재,2026-09-28,-3.18,3.73,28564603200,False,False,,,,,60,181.89,-101.7,182.81,-101.7,183.41,-101.7,557,18.26,-117.4,22.76,-114.0,24.19,-113.1,1844,5.02,-163.2,5.53,-157.4,5.88,-154.0
A006800,미래에셋증권,증권,2026-09-28,5.22,3.13,17268069421800,True,False,-0.69,-1.44,-0.65,-1.14,726,4.31,21.2,4.44,17.7,4.52,15.5,1223,3.9,33.7,4.15,25.7,4.23,23.4,2881,4.28,22.1,4.43,17.9,4.54,14.9
A006840,AK홀딩스,화학,2026-09-28,14.69,0.56,89950939190,False,False,,,,,422,0.7,2000.8,0.71,1970.6,0.72,1948.6,545,0.71,1983.5,0.72,1950.3,0.73,1925.6,1835,0.76,1828.3,0.85,1633.6,1.45,912.6
A006880,신송홀딩스,식품과기본식료품소매,2026-09-28,4.47,4.31,50686656530,False,False,,,,,726,5.84,-23.4,7.66,-41.6,7.78,-42.5,1223,7.7,-41.9,7.93,-43.6,8.5,-47.4,2143,7.78,-42.5,8.32,-46.2,8.92,-49.9
A006890,태경케미컬,화학,2026-09-28,-25.77,4.97,57246000000,False,False,,,,,666,5.88,-537.8,6.12,-521.1,6.55,-493.6,1163,6.2,-515.3,6.78,-479.9,7.17,-459.1,2821,7.65,-436.9,9.92,-359.8,11.28,-328.5
A006910,보성파워텍,전기장비,2026-09-28,16.01,8.07,356682522240,False,False,,,,,726,10.32,55.1,10.88,47.2,12.66,26.5,729,10.33,55.1,10.88,47.2,12.66,26.5,1344,12.03,33.1,15.16,5.6,18.22,-12.1
A006920,모헨즈,건축자재,2026-09-28,-20.81,3.13,33142200000,False,False,,,,,487,3.43,-707.2,3.47,-700.3,3.55,-686.9,984,3.55,-686.3,4.16,-600.6,4.87,-527.4,2642,5.43,-483.6,7.58,-374.4,10.09,-306.3
A006980,우성,식품,2026-09-28,4.19,2.55,54291300000,False,False,,,,,726,3.23,29.5,3.3,26.9,3.62,15.6,1038,3.29,27.1,3.73,12.2,4.09,2.3,1714,3.78,10.6,4.24,-1.1,5.33,-21.4
A007070,GS리테일,백화점과일반상점,2026-09-28,5.04,3.68,1922970545000,True,False,0.0,0.0,-0.2,-0.17,726,4.32,16.7,4.7,7.3,4.81,4.8,1223,4.76,6.0,4.89,3.2,5.01,0.6,2881,5.1,-1.1,5.4,-6.6,5.85,-13.8
A007110,일신석재,건축자재,2026-09-28,222.21,14.72,46706335830,False,False,,,,,726,18.56,1097.5,19.34,1049.1,20.38,990.4,1223,19.6,1033.8,21.37,939.8,22.24,899.2,2261,22.07,907.0,23.85,831.5,30.55,627.3
A007120,미래아이앤지,IT서비스,2026-09-28,7.84,5.47,28088161192,False,False,,,,,726,7.25,8.1,7.47,5.0,7.99,-1.9,1223,7.32,7.2,7.85,-0.2,8.49,-7.7,1653,7.66,2.4,8.53,-8.1,9.57,-18.1
A007160,사조산업,식품,2026-09-28,9.02,2.89,244750000000,False,False,,,,,425,8.24,9.6,8.51,6.0,8.92,1.2,922,3.49,158.8,3.87,133.5,4.15,117.7,2519,3.91,130.8,4.42,104.3,4.77,89.1
A007210,벽산,건축자재,2026-09-28,3.37,2.39,93660880000,False,False,,,,,726,2.75,22.7,2.88,17.2,3.02,11.6,1223,2.96,14.0,3.08,9.4,3.25,3.6,2758,3.32,1.5,3.59,-6.2,4.24,-20.5
A007280,한국특강,철강,2026-09-28,-18.57,2.18,64454715000,False,False,,,,,666,2.51,-838.9,2.58,-820.3,2.65,-801.3,1163,2.61,-811.1,2.77,-771.3,3.08,-701.9,1958,2.88,-744.1,3.48,-634.2,3.89,-576.9
A007310,오뚜기,식품,2026-09-28,7.18,5.66,1286513430000,False,False,,,,,726,5.95,20.6,6.0,19.7,6.04,18.7,1223,6.02,19.2,6.1,17.7,6.23,15.3,2881,6.31,13.7,6.55,9.6,6.87,4.5
A007330,푸른저축은행,기타금융,2026-09-28,42.34,1.81,151280484000,False,False,,,,,726,8.89,376.1,9.16,362.4,9.84,330.3,1223,4.65,811.0,6.45,556.9,7.03,502.5,2881,2.89,1362.8,3.44,1130.4,3.76,1026.3
A007340,DN오토모티브,자동차부품,2026-09-28,4.07,1.32,2966500855500,True,False,0.0,0.0,0.0,0.0,726,1.61,153.3,1.65,146.8,1.69,141.7,1223,1.61,153.5,1.66,145.7,1.7,138.9,2881,1.75,132.6,1.95,108.5,2.26,80.6
A007370,진양제약,제약,2026-09-28,14.95,4.88,56679693870,False,False,,,,,726,6.0,149.3,6.15,143.3,6.23,140.2,1223,5.81,157.5,6.04,147.8,6.16,142.9,2025,6.06,146.9,6.29,137.9,6.93,115.9
A007390,네이처셀,생물공학,2026-09-28,-444.99,78.11,1636650422400,False,False,,,,,58,,,,,,,58,,,,,,,427,111.53,-499.0,139.56,-418.9,174.8,-354.6
A007460,에이프로젠,제약,2026-09-28,-0.54,2.05,50148425060,False,False,,,,,0,,,,,,,0,,,,,,,1474,3.24,-116.8,3.59,-115.2,6.39,-108.5
A007530,와이엠,자동차부품,2026-09-28,9.55,2.27,39879581952,False,False,,,,,726,7.54,26.6,8.02,19.0,8.2,16.5,1223,8.08,18.1,8.45,13.0,9.52,0.3,2392,3.82,149.7,4.97,92.1,5.55,72.2
A007540,샘표,식품,2026-09-28,3.61,2.1,95533183200,False,False,,,,,726,4.82,-25.1,5.24,-31.1,6.0,-39.9,1223,5.33,-32.4,5.75,-37.3,6.15,-41.4,2635,3.88,-7.0,4.15,-13.0,4.69,-23.1
A007570,일양약품,제약,2026-09-28,-11.05,11.08,151731028800,False,False,,,,,545,17.29,-163.9,17.97,-161.5,18.9,-158.5,1042,16.62,-166.5,17.04,-164.9,17.96,-161.5,2700,16.55,-166.8,17.47,-163.3,18.34,-160.3
A007590,동방아그로,화학,2026-09-28,6.69,5.29,75713728120,False,False,,,,,726,5.62,19.1,5.7,17.4,6.14,9.0,1223,5.85,14.5,6.13,9.1,6.25,7.0,2881,6.31,6.1,6.63,0.9,6.94,-3.6
A007610,선도전기,전기장비,2026-09-28,100.71,6.28,78660000000,False,False,,,,,180,28.07,258.8,43.04,134.0,43.24,132.9,180,28.07,258.8,43.04,134.0,43.24,132.9,1406,8.4,1098.5,9.21,993.0,14.18,610.5
A007660,이수페타시스,반도체와반도체장비,2026-09-28,17.58,2.44,8243855293700,True,False,-0.25,0.23,2.02,5.3,726,12.35,42.4,13.47,30.5,14.43,21.8,1223,3.37,422.0,4.25,313.2,5.0,251.2,2710,4.55,286.3,4.89,259.3,5.1,244.9
A007680,대원,건설,2026-09-28,-4.56,3.1,42511102670,False,False,,,,,118,38.86,-111.7,39.84,-111.4,40.41,-111.3,553,3.92,-216.3,4.06,-212.1,4.18,-208.9,1473,4.15,-209.9,4.32,-205.4,4.53,-200.5
A007690,국도화학,화학,2026-09-28,3.04,1.92,354689865600,True,False,0.0,0.0,26.59,25.07,726,3.97,-23.4,4.47,-32.0,4.74,-36.0,1223,2.38,27.7,2.53,20.0,2.88,5.4,2881,3.02,0.5,3.59,-15.4,3.91,-22.4
A007700,F&F홀딩스,"섬유,의류,신발,호화품",2026-09-28,1.13,1.03,526088236150,False,False,,,,,726,1.11,1.0,1.13,-0.3,1.14,-1.0,1223,1.13,-0.1,1.14,-1.3,1.16,-3.3,2881,1.18,-4.3,1.23,-8.6,1.43,-21.1
A007720,소노스퀘어,판매업체,2026-09-28,-15.08,4.67,23163943410,False,False,,,,,362,21.87,-168.9,23.55,-164.0,33.27,-145.3,372,21.95,-168.7,23.63,-163.8,33.4,-145.1,1598,8.0,-288.3,8.94,-268.7,9.85,-253.1
A007770,한일화학,화학,2026-09-28,-4.44,5.4,27132300000,False,False,,,,,0,,,,,,,435,11.36,-139.1,11.79,-137.6,13.45,-133.0,1968,7.49,-159.3,7.88,-156.3,8.3,-153.5
A007810,코리아써키트,전자장비와기기,2026-09-28,11.94,1.8,1654800780000,True,False,0.0,0.0,-31.74,-28.27,726,3.58,233.5,4.1,191.4,4.53,163.8,1223,2.46,384.3,2.85,319.3,3.25,267.6,2854,3.69,223.3,4.14,188.4,4.44,169.1
A007820,엠엑스로보틱스,기계,2026-09-28,-6.33,4.15,81165498120,False,False,,,,,322,11.11,-157.0,11.53,-154.9,11.73,-154.0,573,11.59,-154.6,12.04,-152.6,12.77,-149.6,1960,7.07,-189.5,8.2,-177.2,10.37,-161.0
A007860,서연,자동차부품,2026-09-28,0.87,0.51,176803225320,False,False,,,,,726,0.63,38.9,0.65,33.2,0.67,29.3,1223,0.66,31.3,0.69,26.2,0.73,19.8,2512,0.73,19.5,0.86,1.2,0.92,-5.0
A007980,TP,"섬유,의류,신발,호화품",2026-09-28,1.33,0.88,85493869050,False,False,,,,,726,1.31,2.1,1.36,-1.7,1.41,-5.2,1223,1.22,9.1,1.26,5.5,1.31,2.0,2881,1.34,-0.7,1.47,-9.3,1.56,-14.5
A008040,사조동아원,식품,2026-09-28,3.21,2.37,103035558000,False,False,,,,,726,2.71,18.5,2.76,16.6,2.83,13.7,1223,2.77,15.8,2.88,11.5,3.05,5.3,2657,3.19,0.7,3.51,-8.4,3.7,-13.2
A008060,대덕,전자장비와기기,2026-09-28,2.79,1.04,472435179800,False,False,,,,,542,2.96,-5.7,4.08,-31.7,4.18,-33.3,1039,1.18,135.6,1.34,108.6,1.5,85.9,2503,1.82,53.2,2.58,8.2,3.92,-28.8
A008250,이건산업,건축자재,2026-09-28,-9.35,2.77,33679352625,False,False,,,,,546,4.45,-310.2,4.7,-299.2,4.81,-294.7,1043,3.74,-349.9,3.89,-340.3,4.12,-326.8,2701,4.06,-330.3,4.27,-318.9,4.47,-309.3
A008260,NI스틸,건축자재,2026-09-28,3.28,1.78,94380386100,False,False,,,,,726,2.06,58.8,2.09,56.8,2.13,53.6,1223,2.08,57.8,2.11,55.1,2.17,50.7,2881,2.23,47.0,2.52,29.9,2.71,20.9
A008350,남선알미늄,비철금속,2026-09-28,-18.26,5.11,139534496290,False,False,,,,,487,32.34,-156.5,33.36,-154.7,34.08,-153.6,610,32.97,-155.4,33.96,-153.8,35.46,-151.5,2086,5.7,-420.6,5.97,-405.9,6.45,-383.2
A008370,원풍,화학,2026-09-28,9.27,4.77,65160000000,False,False,,,,,726,8.0,16.0,8.27,12.2,8.47,9.5,1223,7.75,19.7,7.94,16.7,8.28,12.0,2881,6.93,33.8,7.76,19.4,8.17,13.5
A008420,문배철강,철강,2026-09-28,19.94,3.52,42749807925,False,False,,,,,60,19.5,2.2,19.78,0.8,19.98,-0.2,495,4.11,385.4,4.27,367.2,4.44,349.5,2153,6.16,223.7,7.37,170.4,8.56,133.0
A008470,부스타,기계,2026-09-28,-31.11,6.93,28374604800,False,False,,,,,606,12.42,-350.4,12.53,-348.2,12.67,-345.4,734,12.46,-349.7,12.61,-346.7,13.08,-337.9,2392,8.75,-455.6,9.55,-425.8,10.13,-407.0
A008490,서흥,제약,2026-09-28,3.79,3.13,236009905200,False,False,,,,,726,3.8,-0.3,3.89,-2.7,4.0,-5.1,1223,3.93,-3.6,4.17,-9.0,4.45,-14.7,2881,4.57,-17.0,4.78,-20.8,4.97,-23.8
A008600,윌비스,"섬유,의류,신발,호화품",2026-09-28,-0.34,6.61,17615839860,False,False,,,,,62,161.91,-100.2,163.84,-100.2,165.39,-100.2,436,16.74,-102.0,17.49,-101.9,20.04,-101.7,1846,12.05,-102.8,12.84,-102.6,13.85,-102.4
A008700,아남전자,전자제품,2026-09-28,-62.32,5.07,97562897300,False,False,,,,,605,9.93,-727.8,10.07,-718.8,10.19,-711.4,1102,8.27,-853.3,8.98,-794.0,9.55,-752.5,1959,9.37,-764.9,9.94,-726.9,10.2,-710.9
A008730,율촌화학,포장재,2026-09-28,10.53,9.24,364560000000,True,False,,,,,178,11.08,-5.0,11.5,-8.4,11.64,-9.6,428,11.82,-11.0,36.92,-71.5,40.93,-74.3,2086,10.32,2.0,10.76,-2.1,11.21,-6.1
A008770,호텔신라,백화점과일반상점,2026-09-28,7.03,6.93,1585624088400,True,False,0.07,-2.58,0.07,-2.58,726,9.46,-25.7,9.86,-28.7,10.62,-33.8,1223,10.04,-30.0,11.05,-36.4,11.54,-39.1,2840,10.53,-33.2,11.22,-37.3,11.78,-40.3
A008830,대동기어,기계,2026-09-28,-252.57,4.59,120078794160,False,False,,,,,540,9.29,-2818.2,9.77,-2685.4,10.14,-2590.3,1037,6.85,-3785.0,7.64,-3404.4,8.08,-3226.9,2265,6.19,-4178.6,6.61,-3918.8,7.08,-3665.8
A008870,금비,포장재,2026-09-28,117.98,2.95,39900000000,False,False,,,,,726,4.76,2379.2,5.07,2227.4,5.44,2066.9,1038,4.99,2266.4,5.5,2045.5,5.82,1927.1,2696,4.54,2497.5,4.84,2336.0,5.08,2223.6
A0088M0,메쥬,건강관리장비와용품,2026-09-28,10.63,8.81,140617302500,True,False,0.0,0.0,0.0,0.0,121,9.52,11.6,10.26,3.6,10.75,-1.2,121,9.52,11.6,10.26,3.6,10.75,-1.2,121,9.52,11.6,10.26,3.6,10.75,-1.2
A008930,한미사이언스,제약,2026-09-28,53.47,18.48,3583717220000,False,False,,,,,726,26.29,103.4,29.39,81.9,33.37,60.2,1223,31.7,68.7,39.81,34.3,44.23,20.9,2767,43.88,21.9,48.5,10.2,51.62,3.6
A008970,KBI동양철관,철강,2026-09-28,45.47,12.5,121718581911,False,False,,,,,667,15.84,187.1,16.14,181.8,17.8,155.5,980,15.82,187.4,16.15,181.6,17.86,154.6,1533,15.36,196.1,15.9,186.0,16.67,172.9
A009070,KCTC,항공화물운송과물류,2026-09-28,2.72,2.35,121350000000,False,False,,,,,726,2.87,-5.2,2.98,-8.7,3.09,-11.9,1223,2.95,-7.7,3.1,-12.4,3.2,-15.1,2881,3.24,-16.1,3.34,-18.5,3.45,-21.3
A009140,케이아이이,전자제품,2026-09-28,16.94,10.11,34243374600,False,False,,,,,301,17.22,-1.6,17.53,-3.3,21.68,-21.8,798,21.08,-19.6,22.56,-24.9,23.34,-27.4,1722,15.42,9.9,17.22,-1.6,18.8,-9.9
A009150,삼성전기,전자장비와기기,2026-09-28,35.38,4.4,111965850304000,True,False,0.72,0.91,1.56,1.48,726,9.49,272.7,9.9,257.4,10.22,246.3,1223,6.89,413.6,7.33,382.8,7.94,345.8,2881,7.11,397.4,7.92,347.0,8.87,299.0
A009160,SIMPAC,비철금속,2026-09-28,4.27,1.76,310838952840,False,False,,,,,726,5.44,-21.5,6.6,-35.4,7.03,-39.4,1223,2.77,54.2,2.95,44.8,3.87,10.2,2881,4.14,3.1,4.93,-13.5,5.79,-26.3
A009180,한솔로지스틱스,항공화물운송과물류,2026-09-28,2.85,1.9,77569297875,True,False,0.0,0.0,0.0,0.0,726,2.48,15.1,2.53,12.8,2.58,10.4,1223,2.28,25.2,2.34,21.6,2.4,18.8,2831,2.44,16.9,2.6,9.4,2.71,5.1
A009190,대양금속,철강,2026-09-28,6.66,2.66,39995865750,False,False,,,,,545,9.44,-29.5,9.76,-31.8,10.36,-35.7,980,4.42,50.5,6.8,-2.1,7.5,-11.2,2268,3.97,67.8,4.35,53.1,4.88,36.3
A009200,무림페이퍼,종이와목재,2026-09-28,3.29,0.73,63079713960,False,False,,,,,726,0.93,255.1,0.95,246.6,0.98,237.5,1223,0.89,271.4,0.95,247.6,0.97,239.8,2881,0.97,238.9,1.06,211.6,1.13,191.3
A009240,한샘,가구,2026-09-28,23.24,12.47,959007566000,True,False,-0.7,-0.23,-1.76,-1.88,726,20.29,14.6,20.94,11.0,21.41,8.5,1168,17.99,29.2,19.02,22.2,19.63,18.4,2826,17.74,31.0,18.37,26.5,19.1,21.7
A009270,신원,"섬유,의류,신발,호화품",2026-09-28,4.94,4.06,125558809942,False,False,,,,,726,5.05,-2.0,5.25,-5.8,5.35,-7.6,1223,4.65,6.3,4.81,2.7,4.95,-0.1,2634,4.95,-0.2,5.22,-5.2,5.42,-8.8
A009290,광동제약,제약,2026-09-28,9.73,4.95,326188742400,False,False,,,,,726,7.99,21.7,8.23,18.1,8.58,13.3,1223,7.18,35.5,7.5,29.7,7.72,26.0,2881,7.47,30.1,7.86,23.7,8.09,20.3
A009300,삼아제약,제약,2026-09-28,16.31,3.67,89434800000,False,False,,,,,726,4.24,284.4,4.33,277.1,4.37,273.0,1223,4.28,280.9,4.37,273.1,4.45,266.6,2881,4.53,260.1,5.34,205.4,5.81,180.5
A009310,참엔지니어링,디스플레이장비및부품,2026-09-28,-5.15,2.38,23329484620,False,False,,,,,61,3.52,-246.4,3.52,-246.4,3.52,-246.4,433,3.52,-246.2,4.45,-215.7,4.72,-209.1,1530,3.45,-249.4,3.52,-246.4,3.66,-240.6
A009320,아진전자부품,자동차부품,2026-09-28,10.6,5.57,48313774600,False,False,,,,,666,6.47,63.9,6.69,58.4,7.01,51.2,850,6.51,62.9,6.96,52.3,7.76,36.7,2015,7.92,33.9,8.45,25.4,10.26,3.3
A009410,태영건설,건설,2026-09-28,8.37,0.71,521347519584,False,False,,,,,415,0.81,929.5,0.85,889.8,0.91,822.1,912,0.9,828.9,1.31,539.9,1.41,493.8,2570,1.43,483.6,1.57,432.6,1.8,365.1
A009420,한올바이오파마,제약,2026-09-28,240.34,24.31,2267243689200,True,False,-6.76,-16.16,68.29,25.0,724,101.36,137.1,110.17,118.2,116.92,105.6,1221,61.98,287.8,70.5,240.9,75.97,216.4,2564,61.18,292.9,68.89,248.9,76.23,215.3
A009440,KC그린홀딩스,상업서비스와공급품,2026-09-28,-10.75,1.57,17568790596,False,False,,,,,184,1.57,-783.6,1.57,-783.6,1.57,-783.6,615,2.08,-617.5,2.08,-617.5,2.08,-617.5,2091,3.4,-416.2,3.73,-388.0,3.91,-375.0
A009450,경동나비엔,가정용기기와용품,2026-09-28,3.33,3.21,888684112000,True,False,0.0,0.0,7.48,0.0,726,4.05,-17.9,5.24,-36.5,5.5,-39.6,1223,5.35,-37.8,5.85,-43.1,6.25,-46.8,2881,6.45,-48.4,6.9,-51.8,7.22,-53.9
A009460,한창제지,포장재,2026-09-28,8.6,3.16,33749041210,False,False,,,,,241,7.16,20.2,7.32,17.6,7.63,12.8,615,6.52,31.9,6.72,28.0,6.85,25.5,2273,3.92,119.5,4.2,104.8,4.96,73.4
A009470,삼화전기,전기제품,2026-09-28,16.6,4.66,170636556000,False,False,,,,,726,5.78,187.0,6.46,156.8,6.91,140.3,1223,5.85,183.6,6.16,169.5,6.54,153.7,2696,6.75,145.9,7.42,123.6,8.01,107.1
A009520,포스코엠텍,철강,2026-09-28,30.18,5.79,519700933440,False,False,,,,,542,31.16,-3.2,134.4,-77.5,147.66,-79.6,977,20.99,43.8,23.69,27.4,24.64,22.5,2491,7.4,307.8,7.85,284.5,8.37,260.5
A009540,HD한국조선해양,조선,2026-09-28,3.36,3.35,23496674512000,True,False,0.0,0.0,0.97,1.03,726,4.41,-23.7,5.02,-33.0,5.27,-36.1,1197,4.95,-32.1,5.26,-36.1,5.49,-38.8,2747,5.59,-39.8,5.88,-42.8,6.14,-45.2
A009580,무림P&P,종이와목재,2026-09-28,-4.46,1.45,111639299960,False,False,,,,,597,3.23,-238.0,3.36,-232.5,3.42,-230.4,1094,2.88,-255.0,3.19,-239.6,3.36,-232.5,2684,3.36,-232.8,3.51,-227.1,3.7,-220.5
A009620,삼보산업,비철금속,2026-09-28,1.49,0.82,18870888600,False,False,,,,,482,1.2,24.1,1.3,14.0,1.55,-4.0,979,1.55,-4.2,2.96,-49.9,3.21,-53.8,2149,3.14,-52.7,3.31,-55.1,3.51,-57.6
A009680,모토닉,자동차부품,2026-09-28,10.88,10.31,220373573160,False,False,,,,,726,11.04,-1.5,11.41,-4.7,11.8,-7.8,1223,11.66,-6.7,12.44,-12.6,13.02,-16.5,2881,13.41,-18.9,15.14,-28.2,16.46,-33.9
A009730,이렘,비철금속,2026-09-28,-1.08,4.17,15943030497,False,False,,,,,243,47.92,-102.3,49.76,-102.2,63.79,-101.7,674,21.27,-105.1,21.44,-105.1,24.81,-104.4,1371,8.33,-113.0,13.0,-108.3,15.91,-106.8
A009770,삼정펄프,가정용품,2026-09-28,-17.63,4.21,69249196700,False,False,,,,,546,6.88,-356.4,9.69,-282.0,9.87,-278.7,918,7.02,-351.1,7.97,-321.2,9.47,-286.2,2330,5.71,-408.6,7.09,-348.7,8.39,-310.2
A009780,엠에스씨,식품,2026-09-28,3.7,3.09,118624000000,False,False,,,,,726,3.64,1.6,3.71,-0.2,3.74,-1.0,1223,3.66,1.2,3.73,-0.7,3.79,-2.3,2881,3.82,-3.2,3.96,-6.4,4.09,-9.5
A009810,MDS스피어,판매업체,2026-09-28,29.65,20.43,39014124552,False,False,,,,,60,20.94,41.6,21.34,38.9,21.55,37.6,60,20.94,41.6,21.34,38.9,21.55,37.6,181,22.2,33.6,22.48,31.9,22.73,30.4
A009830,한화솔루션,에너지장비및서비스,2026-09-28,6.45,3.0,7500166075600,True,False,-0.02,0.19,10.23,10.9,726,4.78,35.1,4.96,30.1,5.15,25.4,1223,5.02,28.5,5.26,22.7,5.54,16.4,2881,5.09,26.9,5.35,20.5,5.57,16.0
A009900,명신산업,자동차부품,2026-09-28,3.37,2.45,438125610550,True,False,,,,,726,3.02,11.5,3.16,6.8,3.22,4.8,1223,3.18,6.0,3.28,2.6,3.41,-1.1,1422,3.22,4.8,3.34,0.8,3.5,-3.7
A009970,영원무역홀딩스,"섬유,의류,신발,호화품",2026-09-28,2.74,0.82,2178832019400,False,False,,,,,726,1.13,142.0,1.17,134.7,1.21,126.0,1223,0.95,187.4,1.06,158.9,1.09,152.1,2881,1.11,147.7,1.16,136.4,1.31,109.4
A010040,한국내화,비철금속,2026-09-28,7.51,4.28,65748366262,False,False,,,,,482,7.69,-2.4,10.19,-26.3,10.52,-28.7,979,10.52,-28.7,11.44,-34.4,11.92,-37.0,2637,6.59,14.0,7.27,3.2,7.6,-1.2
A010060,OCI홀딩스,화학,2026-09-28,8.77,1.38,4266148012000,True,False,0.0,0.0,-2.16,0.24,726,2.62,234.5,2.73,220.9,2.91,200.9,1223,2.4,265.4,2.48,253.3,2.58,239.2,2810,2.64,231.8,2.93,199.0,3.27,168.2
A010100,한국무브넥스,자동차부품,2026-09-28,5.53,1.55,103379175900,False,False,,,,,726,2.09,165.1,2.24,146.9,2.37,133.1,1223,2.14,158.6,2.23,148.3,2.3,140.5,2637,2.32,138.8,2.53,119.0,2.78,98.8
A010120,LS ELECTRIC,전기장비,2026-09-28,32.94,4.02,30675000000000,True,False,0.0,0.0,0.84,0.86,726,6.17,433.9,7.71,327.3,10.17,224.0,1223,6.57,401.2,6.88,379.1,7.09,364.9,2881,6.76,387.6,7.07,366.0,7.31,350.3
A010130,고려아연,비철금속,2026-09-28,11.03,6.65,23002011838000,True,False,0.0,0.0,0.0,0.0,726,11.18,-1.3,11.65,-5.3,11.95,-7.7,1223,8.54,29.1,9.18,20.2,9.73,13.4,2881,8.38,31.6,8.58,28.6,8.81,25.3
A010140,삼성중공업,조선,2026-09-28,9.88,6.71,17688000000000,True,True,0.0,0.0,-0.92,-0.39,726,12.2,-19.0,13.08,-24.4,13.65,-27.6,1036,12.97,-23.8,13.86,-28.7,14.29,-30.8,2073,12.95,-23.7,13.78,-28.3,14.27,-30.7
A010170,대한광통신,통신장비,2026-09-28,202.52,4.71,2686792204800,True,False,55.36,-5.56,452.38,-9.09,287,6.21,3159.8,11.48,1664.7,14.41,1305.2,505,10.08,1909.9,11.46,1667.1,17.24,1074.6,1454,8.2,2369.2,9.48,2036.6,10.22,1881.8
A010240,흥국,기계,2026-09-28,3.6,2.84,61222380000,False,False,,,,,726,3.83,-6.0,4.03,-10.7,4.14,-13.2,1223,4.08,-11.8,4.26,-15.6,4.49,-19.9,2881,4.48,-19.7,4.72,-23.8,5.05,-28.8
A010280,아이티센엔텍,IT서비스,2026-09-28,1.74,1.49,67077498550,True,False,0.0,0.0,0.0,0.0,726,2.09,-16.8,2.24,-22.4,2.32,-25.1,1157,2.25,-22.9,2.41,-27.7,2.55,-31.9,1588,2.35,-26.0,2.59,-33.0,2.94,-40.9
A010400,우진아이엔에스,건설,2026-09-28,31.45,1.77,32012400000,False,False,,,,,180,4.14,660.1,4.21,646.3,4.34,624.3,183,4.14,658.8,4.22,645.9,4.35,623.8,742,2.47,1175.0,4.08,670.0,4.54,593.0
A010470,오리콤,광고,2026-09-28,6.05,3.71,60234501500,False,False,,,,,726,5.79,4.4,5.87,3.1,5.99,1.0,1223,5.78,4.5,5.92,2.1,6.1,-0.8,2881,5.77,4.8,5.95,1.6,6.2,-2.5
A010580,에스엠벡셀,자동차부품,2026-09-28,425.05,13.52,295929681600,False,False,,,,,605,17.66,2307.3,18.98,2139.8,24.08,1664.8,790,16.68,2448.7,18.38,2213.2,19.16,2118.7,1218,16.36,2497.5,18.56,2190.7,19.91,2035.2
A010640,진양폴리,화학,2026-09-28,11.49,5.94,35821500000,False,False,,,,,726,12.64,-9.1,13.26,-13.4,13.53,-15.1,1223,10.04,14.3,10.95,4.9,11.94,-3.8,2330,9.84,16.7,10.62,8.2,11.45,0.3
A010660,화천기계,기계,2026-09-28,-117.93,8.68,66440000000,False,False,,,,,423,33.66,-450.4,35.81,-429.3,39.73,-396.9,855,36.43,-423.7,40.06,-394.4,42.07,-380.3,1467,10.74,-1198.2,11.51,-1124.3,14.3,-924.7
A010690,화신,자동차부품,2026-09-28,3.45,1.62,260157054500,True,False,0.0,0.0,-30.55,-11.3,726,2.6,32.7,2.68,28.8,2.74,25.9,1223,2.6,32.6,2.71,27.0,2.79,23.5,2396,2.71,27.2,2.83,21.8,2.99,15.3
A010770,평화홀딩스,자동차부품,2026-09-28,1.24,1.22,51408512990,False,False,,,,,726,1.38,-10.2,1.48,-16.6,1.55,-20.1,1160,1.49,-17.0,1.58,-21.8,1.66,-25.3,1963,1.61,-23.0,1.77,-30.2,1.96,-36.9
A010780,아이에스동서,건설,2026-09-28,2.69,2.33,444681033280,True,False,0.0,0.0,-4.91,-4.63,726,2.74,-2.0,2.82,-4.5,2.89,-7.0,1223,2.75,-2.4,2.84,-5.4,2.92,-8.0,2881,2.95,-8.8,3.14,-14.4,3.39,-20.6
A010820,퍼스텍,우주항공과국방,2026-09-28,22.58,17.07,302873734980,False,False,,,,,726,22.14,2.0,22.99,-1.8,26.6,-15.1,1223,23.4,-3.5,28.18,-19.9,30.25,-25.4,2204,24.72,-8.7,27.11,-16.7,28.9,-21.9
A010950,S-Oil,석유와가스,2026-09-28,4.95,2.44,18260928862400,True,False,0.0,0.0,4.08,5.33,726,4.14,19.6,4.22,17.2,4.31,15.0,1223,3.51,40.9,3.76,31.5,3.96,25.1,2838,4.04,22.7,4.26,16.2,4.47,10.8
A010960,삼호개발,건설,2026-09-28,9.65,3.12,74530800000,False,False,,,,,726,5.86,64.7,5.98,61.2,6.39,50.9,1223,6.12,57.5,6.99,38.1,7.61,26.8,2881,4.1,135.2,4.44,117.2,4.78,101.7
A011040,경동제약,제약,2026-09-28,13.12,6.23,154459205320,False,False,,,,,422,13.28,-1.2,17.48,-24.9,19.02,-31.0,796,17.23,-23.8,18.38,-28.6,18.96,-30.8,2454,8.1,62.0,8.33,57.6,8.55,53.4
A011070,LG이노텍,전자장비와기기,2026-09-28,9.81,3.39,13679587846000,True,False,-0.79,-0.61,-0.59,-0.34,726,4.6,113.1,4.72,108.0,4.79,104.6,1223,4.31,127.6,4.52,116.9,4.66,110.3,2881,4.67,109.9,4.84,102.6,5.03,94.8
A011080,형지I&C,"섬유,의류,신발,호화품",2026-09-28,-0.57,10.85,3157836590,False,False,,,,,121,32.2,-101.8,32.55,-101.7,32.9,-101.7,306,12.83,-104.4,13.27,-104.3,13.51,-104.2,1174,14.4,-104.0,16.57,-103.4,18.48,-103.1
A011090,에넥스,가구,2026-09-28,-2.2,5.99,18983143454,False,False,,,,,362,6.21,-135.5,6.32,-134.9,6.44,-134.2,362,6.21,-135.5,6.32,-134.9,6.44,-134.2,1465,7.08,-131.1,8.97,-124.6,12.28,-118.0
A011150,CJ씨푸드,식품,2026-09-28,-145.35,13.4,68376261019,False,False,,,,,487,21.59,-773.3,23.15,-727.7,23.48,-719.0,984,23.48,-719.0,24.74,-687.6,25.17,-677.4,2642,16.47,-982.5,17.76,-918.3,18.69,-877.5
A011170,롯데케미칼,화학,2026-09-28,52.88,3.36,2664908603700,True,False,0.0,0.0,0.0,0.0,414,8.35,533.4,8.89,494.7,9.73,443.4,911,6.1,767.1,7.16,638.5,7.92,568.1,2569,4.24,1147.4,4.37,1110.7,4.52,1070.0
A011200,HMM,해운사,2026-09-28,16.19,1.14,20043806862500,True,False,0.0,0.0,0.29,1.06,726,8.36,93.8,8.91,81.8,9.34,73.3,1223,1.61,904.7,1.8,799.5,2.05,689.8,1833,1.8,799.9,2.29,606.7,3.17,410.3
A011210,현대위아,자동차부품,2026-09-28,5.85,3.0,1468534482000,True,False,0.0,0.0,0.35,0.14,726,4.11,42.4,4.43,31.9,4.6,27.2,1223,4.52,29.4,4.79,22.0,5.02,16.4,2881,4.84,20.8,5.07,15.4,5.2,12.4
A011230,삼화전자,전자장비와기기,2026-09-28,-6.45,64.25,50980988100,False,False,,,,,0,,,,,,,0,,,,,,,181,77.38,-108.3,79.91,-108.1,84.52,-107.6
A011280,태림포장,포장재,2026-09-28,-16.33,5.73,97570585320,False,False,,,,,243,6.66,-345.2,6.74,-342.4,6.96,-334.9,740,6.37,-356.4,6.51,-350.7,6.62,-346.9,2398,6.83,-339.2,7.83,-308.7,8.89,-283.8
A011300,우성머티리얼스,"섬유,의류,신발,호화품",2026-09-28,-9.46,6.12,49303268300,False,False,,,,,0,,,,,,,187,9.28,-202.0,9.89,-195.7,10.15,-193.2,313,6.85,-238.1,7.01,-235.0,7.44,-227.3
A011320,유니크,자동차부품,2026-09-28,4.77,4.22,74481279225,False,False,,,,,726,4.79,-0.5,5.16,-7.6,5.56,-14.3,1223,5.31,-10.3,6.23,-23.5,7.18,-33.6,2512,6.07,-21.4,7.02,-32.1,7.47,-36.2
A011330,유니켐,자동차부품,2026-09-28,-6.35,3.72,40626169120,False,False,,,,,121,40.15,-115.8,40.78,-115.6,41.5,-115.3,618,6.8,-193.4,9.12,-169.6,9.6,-166.1,1906,6.06,-204.7,6.43,-198.8,6.76,-194.0
A011370,서한,건설,2026-09-28,1.84,1.35,74863989830,False,False,,,,,726,1.46,25.5,1.5,22.6,1.55,18.3,1223,1.53,20.3,1.6,14.6,1.67,9.9,2881,1.73,6.2,1.95,-5.6,2.12,-13.2
A011390,부산산업,건축자재,2026-09-28,-288.09,2.7,50582400000,False,False,,,,,487,8.75,-3391.6,8.98,-3308.8,9.11,-3263.5,984,9.12,-3258.7,9.95,-2994.7,10.3,-2896.3,2642,3.72,-7838.1,4.13,-7082.1,4.47,-6539.6
A011420,갤럭시아에스엠,레저용장비와제품,2026-09-28,9.83,8.31,39781685936,False,False,,,,,726,10.21,-3.7,11.11,-11.6,11.69,-15.9,1223,10.97,-10.4,11.69,-16.0,12.08,-18.7,1839,11.09,-11.4,11.98,-18.0,12.6,-22.0
A011500,한농화성,화학,2026-09-28,16.82,4.06,209379992380,False,False,,,,,545,17.48,-3.8,35.15,-52.2,38.0,-55.7,980,13.3,26.5,14.19,18.5,14.9,12.9,2638,6.79,147.8,7.36,128.5,7.62,120.6
A011560,세보엠이씨,건설,2026-09-28,4.11,1.86,235481761200,True,False,0.0,0.0,0.0,0.0,726,1.97,108.3,2.03,102.9,2.1,95.9,1223,2.06,99.9,2.21,86.0,2.41,70.3,2633,2.46,67.3,2.63,56.4,2.95,39.5
A011690,와이투솔루션,전자장비와기기,2026-09-28,-256.98,8.66,124408803180,False,False,,,,,362,11.93,-2254.0,13.35,-2025.3,14.39,-1885.6,609,13.63,-1984.9,15.49,-1759.4,18.66,-1477.4,1104,13.55,-1996.3,14.32,-1894.9,15.25,-1784.9
A011700,한신기계,기계,2026-09-28,-66.71,5.26,79817531460,False,False,,,,,181,54.83,-221.7,55.28,-220.7,57.95,-215.1,493,28.15,-337.0,34.27,-294.7,40.47,-264.9,2151,8.64,-871.9,10.34,-745.5,10.98,-707.3
A011760,현대코퍼레이션,무역회사와판매업체,2026-09-28,1.69,1.65,336677184700,True,False,-0.6,-1.01,4.44,2.88,726,1.85,-8.6,1.9,-11.3,1.95,-13.3,1223,1.92,-12.0,1.97,-14.4,2.01,-16.2,2881,2.06,-18.0,2.26,-25.5,2.54,-33.6
A011780,금호석유화학,화학,2026-09-28,6.23,2.45,2978627280000,True,False,0.0,0.0,0.77,0.34,726,6.72,-7.3,6.9,-9.6,7.07,-11.8,1223,3.03,106.0,3.2,94.7,3.38,84.2,2881,3.27,90.3,4.42,41.1,5.08,22.6
A011790,SKC,화학,2026-09-28,59.58,3.84,4543204096800,True,False,0.0,0.0,4.24,-3.07,335,32.54,83.1,34.18,74.3,35.15,69.5,832,10.42,472.0,10.86,448.5,11.25,429.4,2490,5.38,1008.3,5.64,956.1,5.84,920.4
A011810,STX,무역회사와판매업체,2026-09-28,-1.43,1.42,109493282310,False,False,,,,,0,,,,,,,184,4.96,-128.8,4.99,-128.6,5.06,-128.2,984,4.85,-129.4,5.14,-127.8,5.82,-124.5
A011930,신성이엔지,반도체와반도체장비,2026-09-28,14.39,3.44,358201050480,True,False,0.0,0.0,0.0,0.0,726,7.1,102.5,8.09,77.9,8.64,66.5,1160,7.71,86.6,8.37,72.0,8.85,62.6,2387,5.97,141.0,7.38,94.9,7.92,81.5
A012030,DB,IT서비스,2026-09-28,7.48,3.91,351450860951,False,False,,,,,726,6.51,14.9,6.71,11.4,6.92,8.1,1223,6.72,11.3,6.9,8.4,7.12,5.0,2633,6.22,20.2,6.57,13.7,6.89,8.5
A012160,영흥,철강,2026-09-28,-3.82,5.99,32334855210,False,False,,,,,362,6.37,-160.0,6.46,-159.1,6.64,-157.5,670,6.54,-158.4,6.82,-156.0,7.25,-152.7,1653,7.95,-148.0,9.16,-141.7,10.11,-137.8
A012170,아센디오,방송과엔터테인먼트,2026-09-28,-8.89,289.07,21488843345,False,False,,,,,0,,,,,,,3,,,,,,,62,311.32,-102.9,313.54,-102.8,314.61,-102.8
A012200,계양전기,자동차부품,2026-09-28,-3.76,9.16,86024139640,False,False,,,,,0,,,,,,,125,22.07,-117.0,22.3,-116.8,22.49,-116.7,1658,11.89,-131.6,12.59,-129.9,12.96,-129.0
A012210,삼미금속,기계,2026-09-28,35.79,13.86,286300611180,False,False,0.0,,0.0,,364,17.94,99.5,17.94,99.5,17.94,99.5,364,17.94,99.5,17.94,99.5,17.94,99.5,364,17.94,99.5,17.94,99.5,17.94,99.5
A012280,영화금속,자동차부품,2026-09-28,2.76,2.29,34865251520,False,False,,,,,726,2.82,-2.1,2.88,-4.2,3.01,-8.5,849,2.83,-2.7,2.95,-6.6,3.1,-11.1,2200,3.26,-15.4,3.93,-29.8,4.18,-34.1
A012320,경동인베스트,비철금속,2026-09-28,6.02,1.52,104179263150,False,False,,,,,726,5.49,9.7,5.81,3.6,5.98,0.6,1223,4.73,27.1,5.01,20.2,5.24,14.8,2755,2.79,115.4,3.13,92.4,3.57,68.5
A012330,현대모비스,자동차부품,2026-09-28,8.21,4.71,33503078205000,True,False,-0.07,-0.12,-0.33,-0.61,726,6.71,22.3,6.91,18.8,7.02,17.0,1223,6.95,18.1,7.11,15.5,7.25,13.3,2881,7.04,16.7,7.23,13.6,7.35,11.7
A012340,뉴인텍,전기제품,2026-09-28,-1.99,12.71,9457216197,False,False,,,,,0,,,,,,,125,137.06,-101.5,140.01,-101.4,141.61,-101.4,638,19.84,-110.0,91.41,-102.2,98.32,-102.0
A012450,한화에어로스페이스,우주항공과국방,2026-09-28,9.96,3.5,53316556634000,True,False,0.0,0.0,0.45,0.14,726,8.19,21.6,9.13,9.1,9.87,0.9,1223,6.66,49.6,6.9,44.4,7.16,39.2,2881,6.41,55.4,6.86,45.1,7.27,37.1
A012610,경인양행,화학,2026-09-28,5.28,4.2,134004695300,False,False,,,,,605,4.99,5.6,5.13,2.9,5.31,-0.7,1102,4.99,5.7,5.18,1.9,5.5,-4.1,2760,5.75,-8.2,6.31,-16.4,7.14,-26.1
A012620,원일특강,철강,2026-09-28,2.73,2.36,30976000000,False,False,,,,,726,2.56,6.6,2.62,4.2,2.64,3.3,1223,2.51,8.9,2.56,6.5,2.61,4.5,2881,2.64,3.6,2.72,0.4,2.79,-2.2
A012630,HDC,건설,2026-09-28,1.45,1.04,1547310573900,True,False,0.0,0.0,,,726,1.32,9.4,1.36,6.2,1.4,3.2,1223,1.24,16.9,1.26,14.9,1.29,12.1,2881,1.25,15.7,1.3,11.5,1.38,4.7
A012690,모나리자,가정용품,2026-09-28,30.22,10.49,51565469550,False,False,,,,,542,16.66,81.3,17.08,76.9,17.69,70.8,1039,17.65,71.2,18.47,63.6,20.01,51.0,2451,18.47,63.6,20.02,50.9,21.51,40.5
A0126Z0,삼성에피스홀딩스,제약,2026-09-28,28.59,20.75,8261172268000,True,False,0.0,0.0,0.0,0.0,199,25.48,12.2,27.15,5.3,28.04,2.0,199,25.48,12.2,27.15,5.3,28.04,2.0,199,25.48,12.2,27.15,5.3,28.04,2.0
A012700,리드코프,석유와가스,2026-09-28,8.21,1.94,75385070800,False,False,,,,,543,4.9,67.8,4.99,64.6,5.83,40.8,1040,3.65,125.2,3.74,119.8,3.79,116.6,2698,3.09,165.9,3.21,156.2,3.3,149.0
A012750,에스원,상업서비스와공급품,2026-09-28,13.31,8.12,3165331527400,True,False,0.0,0.0,0.0,0.0,726,9.65,37.9,9.85,35.2,9.96,33.6,1223,9.35,42.4,9.63,38.2,9.85,35.2,2881,9.95,33.8,10.22,30.2,10.75,23.8
A012790,신일제약,제약,2026-09-28,12.57,4.77,73356859800,False,False,,,,,726,5.2,141.7,5.3,137.2,5.57,125.7,1223,5.43,131.5,5.74,119.0,5.89,113.6,2881,5.99,109.8,6.22,102.1,6.5,93.4
A012800,대창,비철금속,2026-09-28,1.28,1.06,107181226824,False,False,,,,,605,1.62,-21.3,2.23,-42.7,2.36,-46.0,979,2.26,-43.5,2.41,-47.1,2.62,-51.3,2266,2.44,-47.8,2.61,-51.1,2.8,-54.4
A012860,모베이스전자,자동차부품,2026-09-28,5.77,2.01,170633954810,False,False,,,,,726,2.96,94.6,3.04,89.8,3.1,86.1,1223,2.92,97.4,3.04,89.7,3.16,82.7,2495,3.1,86.2,3.21,79.5,3.34,72.9
A013000,세우글로벌,화학,2026-09-28,11.98,8.99,33556181239,False,False,,,,,726,12.46,-3.9,12.85,-6.8,13.25,-9.6,1223,12.99,-7.8,13.4,-10.6,13.77,-13.0,2819,13.3,-9.9,14.15,-15.4,15.39,-22.2
A013030,하이록코리아,기계,2026-09-28,7.16,4.8,447189472000,False,False,,,,,726,5.32,34.7,5.43,31.9,5.54,29.2,1223,5.44,31.5,5.61,27.7,5.72,25.3,2881,5.83,22.8,6.07,18.0,6.34,12.9
A013120,동원개발,건설,2026-09-28,12.14,2.19,190697010000,False,False,,,,,687,4.32,181.3,4.92,146.9,5.09,138.7,1184,3.3,268.5,3.37,260.2,3.56,241.5,2842,2.88,321.5,2.99,306.0,3.1,291.2
A013310,아진산업,자동차부품,2026-09-28,2.67,1.32,88867072780,False,False,,,,,726,1.61,66.1,1.66,60.3,1.76,51.6,1223,1.72,55.3,1.82,46.6,1.9,40.3,2638,1.82,46.2,1.93,38.1,2.04,30.8
A013360,일성건설,건설,2026-09-28,8.33,4.01,74608359280,False,False,,,,,484,8.68,-4.0,8.92,-6.6,9.12,-8.6,981,9.13,-8.8,9.52,-12.5,9.84,-15.3,2391,5.59,49.1,5.96,39.9,6.37,30.8
A013520,화승코퍼레이션,자동차부품,2026-09-28,1.69,0.81,125878898780,False,False,,,,,726,0.95,78.6,0.98,72.2,1.02,64.7,1098,0.98,72.2,1.04,62.7,1.07,58.2,2756,1.1,53.8,1.18,43.3,1.3,29.6
A013570,디와이,자동차부품,2026-09-28,2.22,1.38,109752869610,False,False,,,,,726,2.32,-4.1,2.4,-7.3,2.52,-11.8,1223,2.4,-7.4,2.55,-12.7,2.73,-18.4,2881,2.59,-14.1,2.73,-18.5,2.81,-20.8
A013580,계룡건설,건설,2026-09-28,1.0,0.58,202285043550,True,False,,,,,726,0.98,2.4,1.02,-1.2,1.04,-3.4,1223,0.86,16.9,0.93,8.1,0.98,2.8,2714,0.98,2.1,1.05,-4.1,1.11,-9.3
A013700,까뮤이앤씨,건설,2026-09-28,2.77,2.06,96736593770,False,False,,,,,422,2.42,14.4,2.58,7.3,2.64,4.7,422,2.42,14.4,2.58,7.3,2.64,4.7,2021,3.13,-11.7,3.43,-19.3,4.37,-36.7
A013720,청보,자동차부품,2026-09-28,38.3,12.85,26764381600,False,False,,,,,665,25.63,49.4,27.44,39.6,32.65,17.3,850,26.4,45.1,29.9,28.1,33.42,14.6,1956,22.38,71.1,25.24,51.7,31.2,22.8
A013810,스페코,기계,2026-09-28,-17.87,3.75,22510801920,False,False,,,,,0,,,,,,,187,15.8,-213.1,15.96,-212.0,16.48,-208.4,1541,5.58,-420.2,6.51,-374.7,6.84,-361.3
A013870,지엠비코리아,자동차부품,2026-09-28,2.78,2.57,72951471000,False,False,,,,,726,2.78,-0.0,2.82,-1.4,2.92,-4.7,1223,2.85,-2.6,3.11,-10.7,3.32,-16.3,2633,3.35,-17.1,3.65,-23.9,3.89,-28.5
A013890,지누스,가구,2026-09-28,11.1,1.53,155454014170,True,False,0.0,0.0,0.0,0.0,607,5.32,108.8,5.59,98.6,6.06,83.2,1104,5.04,120.3,5.37,106.9,5.69,95.3,2699,4.35,155.3,4.77,132.6,5.2,113.7
A013990,아가방컴퍼니,"섬유,의류,신발,호화품",2026-09-28,9.41,5.64,160655613360,False,False,,,,,726,7.92,18.9,8.15,15.5,8.4,12.0,1220,7.21,30.5,7.79,20.8,8.07,16.6,1652,7.62,23.4,8.08,16.5,8.52,10.4
A014100,메디앙스,화장품,2026-09-28,-11.13,8.96,18561400000,False,False,,,,,121,40.41,-127.5,40.74,-127.3,41.35,-126.9,618,16.33,-168.1,16.9,-165.9,17.98,-161.9,1968,13.92,-179.9,16.33,-168.1,17.47,-163.7
A014130,한익스프레스,항공화물운송과물류,2026-09-28,-8.64,3.03,31021942875,False,False,,,,,422,4.91,-276.0,6.55,-231.9,6.97,-223.9,919,3.56,-342.4,3.68,-334.9,3.85,-324.2,2577,4.2,-305.4,4.74,-282.1,5.24,-264.9
A014160,대영포장,포장재,2026-09-28,-119.34,5.51,70998429595,False,False,,,,,421,11.08,-1177.5,11.25,-1160.6,11.75,-1115.6,918,11.11,-1174.5,11.73,-1117.4,12.05,-1090.2,2398,9.44,-1364.6,10.26,-1263.4,10.89,-1196.4
A014190,원익큐브,화학,2026-09-28,5.47,4.03,47960321205,False,False,,,,,726,9.22,-40.6,11.41,-52.0,11.8,-53.6,1223,8.0,-31.6,8.44,-35.1,9.08,-39.7,2573,9.2,-40.5,11.0,-50.3,12.16,-55.0
A014280,금강공업,건축제품,2026-09-28,4.77,2.19,146060197860,False,False,,,,,726,2.5,90.6,2.6,83.2,2.67,79.0,1223,2.63,81.6,2.74,73.8,2.85,67.5,2696,2.84,67.9,3.06,55.7,3.25,46.8
A014440,영보화학,화학,2026-09-28,4.86,3.55,94000000000,False,False,,,,,726,3.9,24.6,4.62,5.2,4.68,3.8,1223,4.65,4.5,4.72,3.0,4.77,1.7,2881,4.81,1.0,4.94,-1.6,6.0,-19.1
A014470,부방,가정용기기와용품,2026-09-28,53.57,4.46,60700816960,False,False,,,,,605,22.36,139.5,23.2,130.9,25.88,107.0,790,23.09,132.0,25.84,107.3,27.24,96.7,1830,17.0,215.1,18.8,185.0,21.69,146.9
A014530,극동유화,석유와가스,2026-09-28,4.72,3.88,117858639600,False,False,,,,,726,4.78,-1.2,4.93,-4.3,5.04,-6.4,1223,4.17,13.3,4.38,7.8,4.63,1.9,2881,4.77,-1.2,5.06,-6.8,5.23,-9.7
A014570,고려제약,제약,2026-09-28,4.6,2.77,35420000000,False,False,,,,,726,3.29,39.9,3.4,35.3,3.8,21.1,1223,3.44,33.6,4.03,14.2,4.18,9.9,2881,4.41,4.4,4.89,-5.9,5.44,-15.5
A014580,태경비케이,비철금속,2026-09-28,2.48,2.34,105091611000,False,False,,,,,726,2.64,-5.9,2.81,-11.7,2.89,-14.2,1223,2.86,-13.1,2.95,-15.8,3.02,-17.8,2881,3.08,-19.4,3.34,-25.6,3.75,-33.8
A014620,성광벤드,기계,2026-09-28,13.12,5.23,827261888600,True,False,0.0,0.0,1.95,6.13,726,5.96,120.4,6.1,115.0,6.27,109.4,1223,6.1,115.1,6.33,107.4,6.75,94.5,2777,6.88,90.8,7.77,68.8,8.42,55.9
A014680,한솔케미칼,화학,2026-09-28,12.07,5.54,2558186532000,True,False,-0.95,0.85,-0.91,1.3,726,7.86,53.5,8.46,42.7,8.86,36.3,1223,8.34,44.8,8.87,36.1,9.49,27.2,2881,7.55,59.9,7.85,53.7,8.14,48.4
A014710,사조씨푸드,식품,2026-09-28,9.17,4.2,161165562480,False,False,,,,,422,9.01,1.7,9.26,-1.0,9.46,-3.1,857,5.55,65.3,6.11,50.0,6.59,39.0,2515,6.17,48.5,6.45,42.0,6.64,38.1
A014790,HL D&I,건설,2026-09-28,0.68,0.64,98053776590,True,False,,,9.77,7.9,726,0.81,-16.1,1.02,-33.1,1.08,-37.2,1223,1.04,-34.3,1.16,-41.5,1.21,-43.9,2880,1.12,-39.2,1.21,-43.7,1.27,-46.5
A014820,동원시스템즈,포장재,2026-09-28,8.58,4.5,618963870700,False,False,,,,,726,8.87,-3.3,9.36,-8.3,9.66,-11.1,1223,9.48,-9.5,9.83,-12.7,10.07,-14.8,2881,7.77,10.4,8.38,2.4,9.06,-5.3
A014830,유니드,화학,2026-09-28,3.9,2.71,414853880000,True,False,0.0,0.0,-4.77,0.0,726,3.72,4.8,3.85,1.2,3.94,-0.8,1223,3.42,14.0,3.58,8.9,3.74,4.4,2881,3.69,5.8,3.79,2.9,3.88,0.7
A014910,성문전자,전기제품,2026-09-28,21.38,8.06,43146225318,False,False,,,,,726,18.96,12.8,19.44,10.0,19.8,8.0,1223,10.01,113.7,12.28,74.1,13.34,60.2,1521,11.51,85.7,13.19,62.1,14.01,52.6
A014940,오리엔탈정공,조선,2026-09-28,7.73,2.42,205992947720,False,False,,,,,726,6.34,21.9,6.55,18.0,6.71,15.2,1223,6.57,17.7,6.86,12.7,7.15,8.1,2205,5.77,34.0,6.34,21.9,6.77,14.1
A014950,삼익제약,제약,2026-09-28,28.93,10.85,105105618720,True,False,0.0,0.0,0.0,0.0,226,14.43,100.4,15.71,84.2,18.21,58.8,226,14.43,100.4,15.71,84.2,18.21,58.8,226,14.43,100.4,15.71,84.2,18.21,58.8
A014970,삼륭물산,포장재,2026-09-28,8.74,5.36,65230000000,False,False,,,,,726,8.02,9.0,8.88,-1.5,12.33,-29.1,976,8.74,0.0,12.43,-29.7,15.01,-41.8,2634,7.76,12.7,8.45,3.5,9.08,-3.7
A014990,인디에프,"섬유,의류,신발,호화품",2026-09-28,17.92,6.83,58062345135,False,False,,,,,361,12.73,40.8,13.52,32.5,16.57,8.1,361,12.73,40.8,13.52,32.5,16.57,8.1,664,15.53,15.3,20.5,-12.6,32.61,-45.1
A015020,이스타코,부동산,2026-09-28,-9.67,3.94,19883142400,False,False,,,,,0,,,,,,,3,,,,,,,616,4.79,-301.8,6.01,-260.9,6.34,-252.6
A015230,대창단조,기계,2026-09-28,3.9,2.59,176433530000,False,False,,,,,726,3.35,16.2,3.5,11.4,3.61,7.9,1223,3.21,21.3,3.34,16.8,3.45,12.9,2881,3.43,13.7,3.66,6.4,3.93,-0.8
A015260,에이엔피,전자장비와기기,2026-09-28,-2.61,1.9,12250392440,False,False,,,,,0,,,,,,,0,,,,,,,557,2.55,-202.2,2.66,-198.0,2.9,-190.0
A015360,INVENI,가스유틸리티,2026-09-28,3.02,2.24,386137500000,False,False,,,,,726,2.99,1.1,3.08,-1.9,3.72,-18.8,1223,3.13,-3.4,3.22,-6.0,3.28,-7.8,2881,3.36,-10.0,3.93,-23.1,8.28,-63.5
A015590,DKME,기계,2026-09-28,-31.3,4.18,112132246800,False,False,,,,,666,6.59,-575.0,7.48,-518.6,8.21,-481.2,916,6.59,-575.0,6.76,-563.4,7.79,-502.1,1655,6.72,-565.8,7.63,-510.2,8.21,-481.2
A015710,코콤,통신장비,2026-09-28,-33.61,4.05,51539670000,False,False,,,,,666,10.5,-419.9,10.9,-408.2,13.16,-355.3,915,10.83,-410.2,13.21,-354.5,14.06,-339.1,2573,7.86,-527.8,8.75,-484.2,10.0,-436.2
A015750,성우하이텍,자동차부품,2026-09-28,1.96,1.55,467200000000,False,False,,,,,726,1.9,3.2,1.94,1.0,1.96,-0.0,1223,1.95,0.5,1.99,-1.5,2.03,-3.5,2881,2.07,-5.4,2.38,-17.8,2.56,-23.7
A015760,한국전력,전기유틸리티,2026-09-28,1.97,0.97,19708297163900,True,False,-0.75,0.63,-1.69,-2.84,726,1.09,80.2,1.23,59.4,1.32,48.5,788,1.11,77.3,1.27,55.1,1.35,45.2,2419,1.48,32.9,1.62,21.4,1.86,5.7
A015860,일진홀딩스,전기장비,2026-09-28,1.69,1.18,349873654470,False,False,,,,,726,2.02,-16.5,2.22,-24.0,2.45,-31.1,1223,2.31,-26.9,2.53,-33.5,2.63,-35.9,2881,2.75,-38.6,2.95,-42.8,3.09,-45.4
A015890,태경산업,비철금속,2026-09-28,2.0,1.9,138398131250,False,False,,,,,726,2.27,-11.8,2.41,-16.8,2.48,-19.1,1223,2.44,-18.0,2.52,-20.4,2.58,-22.3,2635,2.6,-22.9,2.85,-29.6,3.36,-40.3
A016090,대현,"섬유,의류,신발,호화품",2026-09-28,6.0,2.74,62083798620,False,False,,,,,726,4.03,48.8,4.11,45.9,4.17,43.7,1223,3.3,81.7,3.37,78.1,3.43,74.8,2881,3.48,72.4,4.08,47.1,4.35,38.0
A016100,리더스코스메틱,포장재,2026-09-28,-2.7,8.83,22921072800,False,False,,,,,0,,,,,,,62,119.65,-102.3,123.16,-102.2,124.34,-102.2,1149,10.83,-124.9,11.5,-123.5,12.11,-122.3
A016250,SGC E&C,건설,2026-09-28,1.03,0.85,60443832000,False,False,,,,,649,0.98,5.8,1.01,2.6,1.03,0.3,1140,1.02,1.0,1.08,-4.1,1.27,-18.3,2613,1.26,-18.0,1.4,-26.1,1.53,-32.2
A016360,삼성증권,증권,2026-09-28,3.67,3.12,7929840000000,True,False,-0.38,-0.58,-1.38,-0.59,726,3.52,4.3,3.59,2.3,3.62,1.4,1223,3.47,5.7,3.52,4.3,3.57,2.7,2881,3.6,2.0,3.67,-0.0,3.79,-3.2
A016380,KG스틸,철강,2026-09-28,3.73,0.43,568050534960,True,False,0.0,0.0,0.0,0.0,726,2.38,57.2,2.44,53.1,2.49,49.9,1223,2.39,56.5,2.45,52.4,2.52,48.5,2329,2.34,59.3,2.44,53.0,2.52,48.2
A016450,한세예스24홀딩스,"섬유,의류,신발,호화품",2026-09-28,1.63,0.74,172400000000,False,False,,,,,726,0.95,71.6,0.96,68.9,0.98,66.5,1223,0.94,72.6,0.96,69.3,0.98,66.0,2881,0.99,64.3,1.03,57.6,1.13,44.5
A016580,환인제약,제약,2026-09-28,6.89,6.73,189162711900,True,False,0.0,0.0,0.0,0.0,726,7.72,-10.8,7.9,-12.8,8.14,-15.4,1223,8.01,-14.0,8.28,-16.8,8.49,-18.9,2881,8.62,-20.1,8.93,-22.9,9.31,-26.1
A016590,신대양제지,포장재,2026-09-28,15.98,1.64,392903745000,False,False,,,,,726,4.27,273.8,4.38,264.9,4.49,256.1,1223,4.27,274.1,4.37,265.5,4.55,251.0,2881,2.57,522.6,2.69,493.0,2.94,443.8
A016600,큐캐피탈,창업투자,2026-09-28,5.71,4.79,32111682300,False,False,,,,,665,5.08,12.3,5.19,9.9,5.29,8.0,914,5.15,10.9,5.3,7.7,5.51,3.6,1827,5.51,3.6,6.13,-6.8,7.4,-22.9
A016610,DB증권,증권,2026-09-28,3.17,1.12,437197806700,False,False,,,,,726,3.56,-10.8,3.75,-15.3,3.9,-18.5,1223,1.66,91.6,2.08,52.7,2.33,36.2,2633,1.65,92.2,1.89,67.8,2.1,51.1
A016670,디모아,소프트웨어,2026-09-28,6.29,3.67,25485585000,False,False,,,,,665,6.34,-0.8,6.85,-8.3,7.25,-13.3,1162,7.09,-11.3,7.5,-16.2,7.79,-19.3,2820,6.64,-5.3,7.36,-14.6,7.8,-19.5
A016710,대성홀딩스,가스유틸리티,2026-09-28,3.85,3.68,111660845460,False,False,,,,,666,4.11,-6.3,4.25,-9.3,4.3,-10.5,1101,4.27,-9.7,4.36,-11.6,4.51,-14.6,2759,4.71,-18.1,4.96,-22.3,5.15,-25.1
A016740,두올,자동차부품,2026-09-28,3.45,1.62,113835875280,False,False,,,,,726,1.99,73.6,2.06,67.3,2.12,62.8,1223,2.08,65.6,2.18,58.1,2.26,52.9,2491,2.17,59.4,2.28,51.4,2.4,43.8
A016790,현대사료,식품,2026-09-28,66.16,6.44,187340898626,False,False,,,,,545,26.88,146.2,33.78,95.9,33.78,95.9,854,33.78,95.9,36.94,79.1,36.94,79.1,1429,13.31,397.3,18.65,254.8,22.64,192.2
A016800,퍼시스,가구,2026-09-28,-39.84,9.16,282325000000,False,False,,,,,605,10.21,-490.1,10.53,-478.2,10.95,-463.8,1102,10.12,-493.7,10.39,-483.5,10.52,-478.8,2760,10.65,-474.1,11.24,-454.3,12.21,-426.3
A016880,웅진,출판,2026-09-28,0.99,0.95,145547212680,False,False,,,,,726,1.36,-27.2,1.88,-47.3,2.22,-55.3,1223,1.93,-48.7,2.16,-54.0,2.31,-57.1,2271,1.41,-29.8,2.05,-51.6,2.34,-57.7
A016920,카스,전자장비와기기,2026-09-28,8.56,3.13,26752380012,False,False,,,,,726,7.06,21.3,7.79,9.9,7.95,7.8,1223,7.88,8.7,8.12,5.5,8.5,0.7,2632,5.09,68.3,5.72,49.8,6.43,33.2
A017000,신원종합개발,건설,2026-09-28,2.16,1.72,27186502910,False,False,,,,,726,2.07,4.0,2.14,0.8,2.19,-1.4,1223,2.16,0.0,2.24,-3.5,2.33,-7.5,2635,2.27,-4.8,2.9,-25.5,3.34,-35.4
A017040,광명전기,전기장비,2026-09-28,-3.29,4.91,40390657180,False,False,,,,,60,28.46,-111.5,29.06,-111.3,29.35,-111.2,557,18.53,-117.7,19.57,-116.8,20.11,-116.3,2094,7.55,-143.5,8.26,-139.8,10.48,-131.3
A017180,명문제약,제약,2026-09-28,27.53,5.06,41932515690,False,False,,,,,543,6.82,303.7,6.98,294.2,7.16,284.3,728,6.93,297.2,7.17,284.1,7.57,263.8,1845,8.39,228.2,10.66,158.3,12.03,128.9
A017250,인터엠,전자장비와기기,2026-09-28,4.77,1.82,22202967685,False,False,,,,,726,2.5,90.6,3.12,53.0,4.46,6.9,973,2.21,116.0,2.27,109.9,2.57,85.5,2014,2.63,81.4,4.56,4.6,4.85,-1.8
A017370,우신시스템,자동차부품,2026-09-28,9.67,2.19,63549767380,False,False,,,,,726,2.86,238.2,3.12,210.2,3.25,197.4,973,2.92,230.9,3.14,207.6,3.3,192.9,2142,3.17,204.9,3.36,187.8,3.49,177.2
A017390,서울가스,가스유틸리티,2026-09-28,27.38,17.41,269775000000,False,False,,,,,364,18.75,46.0,19.24,42.3,19.84,38.0,679,19.54,40.1,21.28,28.7,27.43,-0.2,1864,27.89,-1.8,28.53,-4.0,29.75,-8.0
A017480,삼현철강,철강,2026-09-28,7.35,2.39,73739799750,False,False,,,,,726,7.21,1.9,7.48,-1.8,7.91,-7.1,1223,3.08,138.2,3.16,132.2,3.26,125.3,2881,3.34,120.0,4.86,51.3,5.6,31.3
A017510,세명전기,전기장비,2026-09-28,7.79,5.21,118613880000,False,False,,,,,726,8.44,-7.6,9.6,-18.8,10.26,-24.1,1223,9.85,-20.9,11.11,-29.8,13.19,-40.9,2881,10.64,-26.7,11.91,-34.5,13.8,-43.5
A017550,수산세보틱스,기계,2026-09-28,5.85,4.6,114315206160,False,False,,,,,726,5.93,-1.2,6.27,-6.7,6.81,-14.0,1223,5.55,5.4,5.81,0.8,6.17,-5.2,2881,6.48,-9.7,7.04,-16.8,7.66,-23.6
A017650,대림제지,포장재,2026-09-28,22.7,2.45,94878000000,False,False,,,,,726,3.32,584.4,3.51,546.1,3.62,526.9,1223,2.8,709.5,2.89,685.4,3.0,655.6,2572,3.01,653.0,3.31,586.4,3.61,528.5
A017670,SK텔레콤,무선통신서비스,2026-09-28,9.26,5.24,18944482674600,True,False,-0.02,0.12,-0.13,0.37,726,5.91,56.9,5.95,55.8,5.96,55.3,1223,5.82,59.3,5.89,57.3,5.93,56.1,2881,5.96,55.5,6.06,52.9,6.2,49.5
A017800,현대엘리베이터,기계,2026-09-28,13.29,5.32,2888927251500,True,False,0.0,0.0,0.0,0.0,726,9.8,35.6,10.72,24.0,11.33,17.3,1223,10.21,30.2,10.56,25.9,10.91,21.8,2881,7.64,74.1,8.03,65.5,8.41,58.1
A017810,풀무원,식품,2026-09-28,2.87,2.61,335841975020,True,False,0.0,0.0,-4.74,-9.07,726,3.07,-6.4,3.67,-21.8,3.89,-26.3,1223,3.73,-23.2,4.04,-29.0,4.17,-31.2,2881,4.24,-32.3,4.61,-37.8,5.24,-45.2
A017860,DS단석,화학,2026-09-28,20.3,3.3,223141933760,False,False,,,,,670,7.71,163.4,8.6,135.9,9.6,111.5,670,7.71,163.4,8.6,135.9,9.6,111.5,670,7.71,163.4,8.6,135.9,9.6,111.5
A017890,한국알콜,화학,2026-09-28,7.42,4.12,325194249380,False,False,,,,,726,6.56,13.1,6.69,10.9,6.77,9.5,1223,5.25,41.5,5.68,30.7,5.99,23.9,2881,5.14,44.3,5.37,38.1,5.59,32.7
A017900,광전자,전자장비와기기,2026-09-28,2477.99,11.67,556260124800,False,False,,,,,422,37.42,6522.7,41.44,5879.8,41.85,5820.9,854,14.8,16646.8,17.26,14256.5,18.88,13022.3,1463,17.56,14014.3,18.98,12952.6,20.41,12043.3
A017940,E1,가스유틸리티,2026-09-28,1.79,0.95,632492000000,True,False,0.0,0.0,0.0,0.0,726,1.27,40.7,1.32,35.7,1.39,28.4,1098,1.19,50.5,1.25,42.6,1.3,37.2,2693,1.34,33.6,1.52,17.6,1.71,4.2
A017960,한국카본,조선,2026-09-28,5.44,4.49,1054200314400,True,False,0.0,0.0,1.13,0.09,726,6.6,-17.6,7.51,-27.5,8.19,-33.5,1223,7.33,-25.8,7.75,-29.7,8.06,-32.4,2881,7.69,-29.2,8.05,-32.4,8.36,-34.9
A018000,유니슨,에너지장비및서비스,2026-09-28,-26.41,7.34,359635678864,False,False,,,,,60,443.67,-106.0,453.77,-105.8,462.35,-105.7,305,37.61,-170.2,51.43,-151.3,56.01,-147.1,1143,9.57,-375.8,10.35,-355.1,10.88,-342.7
A018120,진로발효,음료,2026-09-28,9.41,7.89,111234816000,False,False,,,,,726,8.39,12.1,8.5,10.8,8.57,9.8,1223,8.52,10.5,8.71,8.1,8.87,6.1,2881,9.0,4.6,9.28,1.4,9.75,-3.5
A018250,애경산업,화장품,2026-09-28,43.06,5.29,296583570050,False,False,,,,,726,6.1,605.7,6.29,584.5,6.42,570.7,1223,6.33,580.2,6.6,552.0,7.01,514.7,2089,6.79,534.6,7.47,476.6,8.65,398.0
A018260,삼성에스디에스,IT서비스,2026-09-28,17.17,8.65,16945738200000,True,False,0.0,-0.01,-0.5,0.06,726,9.98,72.1,10.33,66.2,11.08,55.0,1223,9.72,76.7,10.02,71.4,10.18,68.6,2881,10.29,66.9,10.69,60.5,11.42,50.4
A018290,브이티,화장품,2026-09-28,5.11,4.77,402180555380,True,False,0.0,0.0,0.0,0.0,726,5.91,-13.5,6.69,-23.5,6.93,-26.2,1223,6.56,-22.1,6.76,-24.4,6.97,-26.7,2083,6.61,-22.6,6.9,-25.9,7.2,-29.0
A018310,삼목에스폼,건축제품,2026-09-28,-11.08,1.85,212709000000,False,False,,,,,605,2.06,-637.6,2.12,-621.7,2.18,-608.4,915,2.13,-620.8,2.24,-594.0,2.67,-515.0,2330,2.81,-494.8,3.15,-451.5,3.47,-419.1
A018470,조일알미늄,비철금속,2026-09-28,5.27,4.44,133216569440,False,False,,,,,666,6.66,-20.9,7.22,-27.0,8.15,-35.3,1040,6.62,-20.4,7.11,-25.8,7.73,-31.8,1287,6.9,-23.5,7.51,-29.8,8.19,-35.6
A018500,동원모빌리티,자동차부품,2026-09-28,1.69,1.11,61435981962,False,False,,,,,726,1.49,13.5,1.54,9.5,1.6,5.8,1223,1.51,12.2,1.59,5.9,1.64,2.8,2451,1.61,5.2,1.7,-0.7,1.78,-4.9
A018620,우진비앤지,제약,2026-09-28,10.81,7.93,19169695230,False,False,,,,,542,11.12,-2.8,13.93,-22.4,15.41,-29.9,911,14.3,-24.4,16.03,-32.6,17.6,-38.6,1802,15.36,-29.6,16.63,-35.0,19.22,-43.8
A018670,SK가스,가스유틸리티,2026-09-28,4.51,2.42,2229253182000,True,False,-0.65,-0.13,-3.49,3.11,726,3.99,13.1,4.09,10.2,4.18,7.8,1223,3.67,22.8,3.86,16.9,4.02,12.1,2881,3.87,16.6,4.05,11.4,4.24,6.3
A018680,서울제약,제약,2026-09-28,-29.29,8.74,22840605921,False,False,,,,,422,24.4,-220.0,25.18,-216.3,25.65,-214.2,610,19.39,-251.0,21.36,-237.1,21.86,-233.9,1597,13.61,-315.1,16.46,-278.0,20.48,-243.0
A018700,졸스,화장품,2026-09-28,-10.1,205.82,21538270880,False,False,,,,,0,,,,,,,0,,,,,,,60,214.74,-104.7,216.26,-104.7,216.69,-104.7
A018880,한온시스템,자동차부품,2026-09-28,7.13,4.94,3381498171890,True,False,0.0,0.0,-0.05,-0.11,726,5.69,25.5,5.92,20.5,6.44,10.8,1223,6.02,18.5,7.09,0.5,7.72,-7.6,2881,8.0,-10.8,9.0,-20.7,9.6,-25.7
A019010,베뉴지,"호텔,레스토랑,레저",2026-09-28,15.89,4.64,233047000000,False,False,,,,,726,5.31,199.0,5.39,194.7,5.49,189.4,1223,5.43,192.7,5.6,183.9,6.27,153.4,2881,6.38,149.0,8.73,82.1,10.98,44.7
A019170,신풍제약,제약,2026-09-28,180.53,8.85,485919698940,False,False,,,,,180,31.3,476.8,35.01,415.6,36.52,394.4,183,31.37,475.5,35.08,414.7,36.54,394.0,1841,25.55,606.7,29.25,517.1,34.31,426.2
A019180,티에이치엔,자동차부품,2026-09-28,1.15,1.12,90360000000,False,False,,,,,726,1.28,-10.5,1.31,-12.9,1.35,-15.0,1223,1.33,-14.1,1.4,-18.0,1.44,-20.6,2880,1.47,-22.3,1.81,-36.6,2.12,-45.9
A019210,와이지-원,기계,2026-09-28,2.48,2.27,473104220160,False,False,0.0,,0.0,,726,2.72,-8.9,2.83,-12.6,3.03,-18.1,1223,2.64,-6.2,2.7,-8.2,2.78,-10.9,2633,2.81,-11.8,3.11,-20.3,3.42,-27.5
A019540,일지테크,자동차부품,2026-09-28,1.46,1.15,68108040000,False,False,,,,,726,1.49,-2.1,1.55,-6.2,1.62,-9.9,914,1.52,-4.1,1.6,-9.1,1.67,-13.0,1893,1.68,-13.3,1.77,-18.0,1.9,-23.5
A019550,SBI인베스트먼트,창업투자,2026-09-28,5.09,4.94,75729195560,False,False,,,,,726,5.76,-11.7,7.74,-34.3,10.04,-49.3,976,7.63,-33.3,9.97,-49.0,10.68,-52.3,2449,9.18,-44.5,10.59,-52.0,11.64,-56.3
A019570,GMI벤처,창업투자,2026-09-28,20.27,2.8,26010135900,False,False,,,,,357,7.76,161.2,9.15,121.6,9.48,113.8,357,7.76,161.2,9.15,121.6,9.48,113.8,725,5.44,272.9,8.72,132.4,9.58,111.5
A019660,글로본,판매업체,2026-09-28,-3.91,59.94,20595779841,False,False,,,,,58,,,,,,,58,,,,,,,179,60.93,-106.4,61.21,-106.4,62.72,-106.2
A019680,대교,교육서비스,2026-09-28,-5.66,7.88,65983514000,False,False,,,,,465,31.87,-117.8,32.65,-117.3,33.31,-117.0,782,32.71,-117.3,34.23,-116.5,35.93,-115.8,2440,13.44,-142.1,13.75,-141.2,14.03,-140.4
A019770,서연탑메탈,자동차부품,2026-09-28,3.07,2.82,37396500000,False,False,,,,,726,3.26,-5.8,3.55,-13.5,3.67,-16.3,1223,3.6,-14.7,3.81,-19.4,3.98,-22.9,2760,4.0,-23.3,4.42,-30.5,4.87,-36.9
A019990,에너토크,기계,2026-09-28,-15.57,7.42,50731657600,False,False,,,,,118,643.61,-102.4,660.92,-102.4,665.56,-102.3,492,36.51,-142.7,38.09,-140.9,40.22,-138.7,2150,10.9,-242.8,13.6,-214.5,14.6,-206.7
A020000,한섬,"섬유,의류,신발,호화품",2026-09-28,4.33,2.95,437056827900,True,False,-0.79,1.39,-0.79,1.39,726,3.6,20.2,3.71,16.6,3.8,13.9,1223,3.41,26.9,3.58,21.0,3.67,18.0,2881,3.72,16.3,3.89,11.5,4.01,8.0
A020120,키다리스튜디오,양방향미디어와서비스,2026-09-28,16.41,6.29,310964996740,False,False,,,,,617,8.1,102.7,9.44,73.8,9.79,67.6,1114,9.64,70.2,12.4,32.4,16.16,1.6,2649,16.73,-1.9,18.58,-11.7,19.83,-17.2
A020150,롯데에너지머티리얼즈,전자장비와기기,2026-09-28,72.01,10.52,2228150450650,True,False,0.0,0.0,3.46,-14.43,439,21.91,228.7,24.69,191.6,27.06,166.1,936,18.65,286.1,19.4,271.3,20.45,252.2,2542,17.68,307.2,19.11,276.7,20.03,259.5
A020180,대신정보통신,IT서비스,2026-09-28,1.99,1.88,30550987425,False,False,,,,,665,2.08,-4.4,2.18,-8.6,2.34,-14.8,1103,2.24,-11.2,2.42,-17.7,2.82,-29.3,2333,3.07,-35.1,3.56,-44.0,4.64,-57.1
A020400,대동금속,자동차부품,2026-09-28,-14.33,5.28,23591183200,False,False,,,,,241,8.2,-274.7,8.57,-267.3,8.93,-260.4,738,8.15,-275.8,8.93,-260.5,9.53,-250.4,2334,7.27,-297.2,7.71,-285.8,8.33,-271.9
A020560,아시아나항공,항공사,2026-09-28,-2.15,1.02,1724142251070,False,False,,,,,646,1.45,-248.3,1.49,-244.5,1.51,-242.3,1143,1.45,-248.0,1.5,-243.0,1.54,-239.1,2460,1.56,-237.5,1.98,-208.7,2.33,-192.1
A020710,시공테크,"호텔,레스토랑,레저",2026-09-28,12.2,4.07,74277728850,False,False,,,,,664,4.59,165.5,4.71,158.7,5.16,136.3,730,4.61,164.5,4.79,154.6,5.3,130.0,1852,6.78,79.9,9.97,22.3,10.8,13.0
A020760,일진디스플,디스플레이패널,2026-09-28,-12.02,4.6,55503470462,False,False,,,,,61,56.77,-121.2,57.04,-121.1,57.32,-121.0,123,50.74,-123.7,55.24,-121.8,56.3,-121.4,1196,7.3,-264.6,7.99,-250.4,8.55,-240.5
A021040,대호특수강,철강,2026-09-28,13.4,3.58,20489306656,False,False,,,,,726,6.72,99.3,7.32,83.2,7.47,79.5,1034,7.0,91.4,7.37,81.8,7.59,76.6,2199,5.81,130.5,6.18,116.7,6.63,102.3
A021050,서원,비철금속,2026-09-28,0.54,0.46,50797811300,False,False,,,,,726,0.84,-35.4,1.05,-48.5,1.11,-51.1,1038,1.02,-47.2,1.11,-51.4,1.18,-54.0,2450,1.34,-59.5,2.04,-73.4,4.18,-87.0
A021080,에이티넘인베스트,창업투자,2026-09-28,5.59,1.13,100800000000,False,False,,,,,726,3.59,55.7,3.91,43.1,4.15,34.8,1161,1.48,278.8,2.25,148.7,3.02,85.1,2819,3.45,62.0,4.04,38.4,5.01,11.6
A021240,코웨이,가정용기기와용품,2026-09-28,6.38,3.85,7189970481600,True,False,0.0,0.0,0.0,0.0,726,5.1,25.1,5.21,22.4,5.28,20.9,1223,4.87,31.1,5.04,26.6,5.2,22.8,2881,5.27,21.0,5.47,16.6,5.75,10.9
A021320,KCC건설,건설,2026-09-28,1.58,1.08,124548000000,False,False,,,,,726,1.24,26.9,1.28,23.3,1.31,20.6,1139,1.28,22.7,1.32,19.5,1.35,17.1,2444,1.37,15.4,1.68,-5.9,1.99,-21.0
A021650,한국큐빅,자동차부품,2026-09-28,8.06,2.7,32292361925,False,False,,,,,726,3.18,153.5,3.23,149.5,3.32,142.5,1223,3.26,147.0,3.39,138.0,3.46,133.2,2881,3.51,129.6,3.86,108.7,4.24,90.2
A021820,세원정공,자동차부품,2026-09-28,4.52,3.13,106800000000,False,False,,,,,726,3.95,14.4,4.05,11.6,4.16,8.6,914,4.01,12.8,4.15,8.9,4.25,6.3,1590,3.8,19.0,3.96,14.3,4.06,11.2
A021880,메이슨캐피탈,기타금융,2026-09-28,184.21,11.37,24868011680,False,False,,,,,305,12.39,1386.4,12.73,1346.7,31.32,488.1,308,12.39,1386.4,12.75,1344.9,31.57,483.6,616,13.1,1306.0,15.37,1098.5,17.09,977.7
A022100,포스코DX,IT서비스,2026-09-28,49.16,6.8,3071101525800,True,False,0.0,0.0,,,726,34.28,43.4,36.79,33.6,37.71,30.4,1139,15.86,209.9,19.73,149.1,21.6,127.6,2797,11.24,337.3,11.84,315.2,12.76,285.3
A022220,티케이지애강,건축제품,2026-09-28,-3.4,5.58,43248473465,False,False,,,,,243,12.65,-126.9,12.87,-126.4,13.02,-126.1,740,12.92,-126.3,13.1,-126.0,13.4,-125.4,2213,10.49,-132.4,11.52,-129.5,12.11,-128.1
A023000,삼원강재,자동차부품,2026-09-28,8.08,5.21,87825302760,False,False,,,,,726,6.49,24.3,6.6,22.4,6.64,21.6,1223,6.59,22.5,6.68,20.9,6.94,16.3,2881,6.88,17.3,7.28,10.9,7.73,4.5
A023150,MH에탄올,음료,2026-09-28,5.71,2.01,25084796485,False,False,,,,,726,2.37,141.2,2.42,136.4,2.44,133.9,1223,2.42,136.1,2.45,133.0,2.54,124.7,2819,2.57,122.0,2.68,113.4,2.78,105.7
A023160,태광,기계,2026-09-28,9.61,4.63,715229241300,True,False,0.0,0.0,-1.99,12.67,726,5.18,85.4,5.38,78.7,5.68,69.2,1223,5.47,75.7,6.0,60.1,6.73,42.7,2857,6.92,38.9,7.37,30.3,8.66,10.9
A023350,한국종합기술,건설,2026-09-28,4.3,3.54,42102750000,False,False,,,,,666,4.48,-3.9,4.66,-7.7,8.16,-47.2,1163,4.82,-10.6,8.63,-50.1,9.66,-55.4,2151,9.5,-54.7,10.31,-58.3,11.25,-61.7
A023410,유진기업,건축자재,2026-09-28,4.45,1.63,250873750435,False,False,,,,,726,3.22,38.4,3.47,28.5,3.59,23.9,1223,3.4,31.1,3.54,25.7,3.63,22.8,2881,2.9,53.6,3.09,44.0,3.26,36.7
A023440,제이스코홀딩스,철강,2026-09-28,-8.71,11.14,46964378481,False,False,,,,,0,,,,,,,250,14.47,-160.2,15.49,-156.2,16.31,-153.4,855,15.05,-157.9,16.48,-152.9,16.98,-151.3
A023450,동남합성,화학,2026-09-28,7.72,4.06,112350000000,False,False,,,,,726,9.94,-22.3,10.46,-26.2,11.4,-32.3,1223,10.91,-29.2,11.5,-32.9,11.69,-33.9,2881,10.21,-24.4,10.69,-27.8,11.0,-29.8
A023530,롯데쇼핑,백화점과일반상점,2026-09-28,3.44,2.44,2902426263000,True,False,0.0,0.0,-0.93,-0.49,726,2.87,19.9,2.94,17.1,3.0,15.0,1223,2.96,16.4,3.05,13.1,3.11,10.6,2881,3.17,8.5,3.37,2.3,3.54,-2.7
A023590,다우기술,증권,2026-09-28,0.76,0.65,1705520092800,False,False,,,,,726,0.73,3.8,0.75,0.7,0.77,-1.5,1223,0.75,1.6,0.77,-1.0,0.79,-3.6,2881,0.8,-5.2,0.84,-9.8,0.9,-15.9
A023600,삼보판지,포장재,2026-09-28,4.18,1.89,145835613000,False,False,,,,,726,2.34,78.3,2.5,67.3,2.55,63.8,1223,2.26,84.5,2.34,78.5,2.38,75.2,2881,2.4,73.9,2.53,65.3,2.6,60.3
A023760,한국캐피탈,기타금융,2026-09-28,1.67,1.56,225029627688,False,False,,,,,726,1.74,-4.0,1.79,-6.4,1.84,-9.0,1223,1.81,-7.7,1.94,-13.6,2.01,-16.7,2881,2.06,-18.7,2.18,-23.3,2.28,-26.6
A023770,플레이위드,게임엔터테인먼트,2026-09-28,-4.63,2.38,23484549375,False,False,,,,,0,,,,,,,125,95.6,-104.8,98.38,-104.7,101.53,-104.6,1598,3.86,-219.8,5.57,-183.1,11.01,-142.0
A023790,동일스틸럭스,철강,2026-09-28,-18.71,8.28,18363080240,False,False,,,,,0,,,,,,,374,12.6,-248.5,13.42,-239.4,13.86,-235.0,737,10.8,-273.2,11.4,-264.1,12.18,-253.6
A023800,인지컨트롤스,자동차부품,2026-09-28,2.15,1.93,79520260910,False,False,,,,,726,2.35,-8.3,2.69,-19.9,2.91,-25.9,1160,2.72,-20.8,3.04,-29.1,3.17,-32.0,2775,3.25,-33.7,3.46,-37.7,3.63,-40.6
A023810,인팩,자동차부품,2026-09-28,4.06,2.35,50200000000,False,False,,,,,726,2.71,49.8,2.8,45.0,2.84,42.9,1223,2.82,44.1,2.87,41.4,2.97,36.7,2455,2.97,36.7,3.19,27.2,3.59,13.2
A023900,풍국주정,화학,2026-09-28,5.34,5.08,90720000000,False,False,,,,,726,6.1,-12.6,6.85,-22.1,7.04,-24.2,1223,6.92,-22.8,7.16,-25.4,8.04,-33.6,2881,7.35,-27.4,8.0,-33.3,8.29,-35.7
A023910,대한약품,제약,2026-09-28,4.6,3.73,155700000000,True,False,0.0,0.0,0.0,0.0,726,3.94,16.7,4.04,13.8,4.21,9.1,1223,4.15,10.8,4.25,8.1,4.3,6.9,2881,4.33,6.2,4.41,4.3,4.53,1.4
A023960,에쓰씨엔지니어링,건설,2026-09-28,-3.85,5.17,38910800379,False,False,,,,,427,6.49,-159.4,6.78,-156.8,6.97,-155.3,612,6.37,-160.5,6.59,-158.4,6.83,-156.4,1283,6.82,-156.5,7.46,-151.7,8.49,-145.4
A024060,흥구석유,석유와가스,2026-09-28,-243.43,27.06,189300000000,False,False,,,,,307,338.25,-172.0,479.26,-150.8,838.17,-129.0,679,64.41,-477.9,67.24,-462.1,69.86,-448.4,2029,46.27,-626.1,48.7,-599.8,51.25,-575.0
A024070,WISCOM,화학,2026-09-28,500.08,13.03,30622223124,False,False,,,,,60,451.65,10.7,455.3,9.8,461.99,8.2,309,56.81,780.2,57.24,773.6,69.54,619.1,1418,24.6,1932.6,25.95,1827.1,26.49,1787.5
A024090,디씨엠,비철금속,2026-09-28,19.34,3.66,130188000000,False,False,,,,,726,7.09,172.7,7.34,163.5,7.57,155.6,1223,5.98,223.4,6.45,199.9,6.83,183.2,2820,6.81,184.0,7.13,171.2,7.37,162.3
A024110,기업은행,은행,2026-09-28,4.26,1.56,16666200662100,True,False,0.0,0.0,0.0,0.0,726,2.44,74.6,2.78,53.4,2.84,49.8,1223,2.03,109.6,2.08,105.1,2.12,101.1,2881,2.14,99.5,2.35,81.1,2.49,70.8
A024120,KB오토시스,자동차부품,2026-09-28,4.51,3.58,35190000000,False,False,,,,,666,4.49,0.5,4.58,-1.4,4.66,-3.1,917,4.56,-1.0,4.67,-3.3,4.78,-5.6,2575,4.05,11.3,4.22,7.1,4.46,1.1
A024720,콜마홀딩스,화장품,2026-09-28,11.71,3.28,320670021650,False,False,,,,,726,11.69,0.2,12.35,-5.1,12.88,-9.0,1223,4.63,152.8,4.81,143.3,5.31,120.7,2881,4.71,148.9,4.91,138.8,5.13,128.3
A024740,한일단조,자동차부품,2026-09-28,8.21,3.15,73031448780,False,False,,,,,726,4.93,66.7,5.15,59.7,5.26,56.3,1102,3.98,106.5,4.92,67.1,5.1,61.1,2452,5.19,58.4,5.59,46.9,5.93,38.5
A024800,유성티엔에스,도로와철도운송,2026-09-28,84.56,3.02,157809657600,False,False,,,,,726,18.12,366.6,23.0,267.6,23.86,254.4,1223,18.51,356.9,23.26,263.5,24.18,249.8,2881,6.57,1187.8,6.94,1118.0,7.5,1026.9
A024830,세원물산,자동차부품,2026-09-28,-75.88,2.85,70307000000,False,False,,,,,604,8.94,-948.6,10.26,-839.4,12.59,-702.7,1101,3.37,-2352.1,3.45,-2300.1,3.67,-2165.8,2452,3.46,-2291.3,3.76,-2120.3,4.16,-1924.3
A024840,KBI메탈,전기장비,2026-09-28,5.27,2.1,261232865670,False,False,,,,,726,3.17,66.3,3.66,44.0,3.81,38.2,1223,3.66,44.0,4.0,31.8,4.22,24.7,2386,3.66,43.8,3.99,31.9,4.25,24.0
A024850,HLB이노베이션,반도체와반도체장비,2026-09-28,-18.2,25.13,624909745920,True,False,,,,,0,,,,,,,245,38.23,-147.6,40.5,-144.9,43.76,-141.6,366,28.36,-164.2,29.58,-161.5,36.06,-150.5
A024880,케이피에프,기계,2026-09-28,2.84,1.37,77772333600,False,False,,,,,726,1.67,70.1,1.73,64.1,1.8,57.6,1220,1.76,61.0,1.89,50.3,2.04,39.4,2819,2.08,36.6,2.33,21.8,2.65,7.1
A024890,대원화성,"섬유,의류,신발,호화품",2026-09-28,69.14,3.62,14255706240,False,False,,,,,304,21.02,228.9,22.65,205.3,23.77,190.9,307,21.05,228.5,22.68,204.8,23.91,189.2,1902,5.6,1135.0,5.82,1087.2,6.04,1045.3
A024900,디와이덕양,자동차부품,2026-09-28,-15.27,2.5,70014707000,False,False,,,,,666,5.25,-390.9,5.52,-376.6,5.81,-362.9,1163,4.15,-467.7,5.18,-395.0,5.67,-369.5,2202,5.57,-374.3,6.11,-350.0,6.81,-324.4
A024910,경창산업,자동차부품,2026-09-28,3.65,2.81,53406136455,False,False,,,,,726,3.74,-2.4,3.84,-4.9,4.0,-8.9,1223,3.79,-3.8,3.91,-6.7,4.07,-10.5,2389,3.23,13.0,3.46,5.3,3.67,-0.5
A024940,PN풍년,가정용기기와용품,2026-09-28,12.31,10.56,20900000000,False,False,,,,,726,15.2,-19.0,19.97,-38.4,21.8,-43.5,1223,18.62,-33.9,21.66,-43.2,22.82,-46.0,2633,15.07,-18.3,16.76,-26.5,18.69,-34.1
A024950,삼천리자전거,레저용장비와제품,2026-09-28,5.01,2.79,52824000000,False,False,,,,,422,4.0,25.2,4.2,19.2,4.4,13.7,919,4.4,13.7,4.46,12.3,4.81,4.1,1968,4.78,4.8,5.46,-8.4,7.98,-37.3
A025000,KPX케미칼,화학,2026-09-28,6.05,3.42,239266609500,False,False,,,,,726,3.69,63.9,3.77,60.7,3.8,59.5,1223,3.78,60.2,3.91,54.9,4.0,51.6,2881,4.06,49.2,4.61,31.4,4.74,27.6
A025320,시노펙스,핸드셋,2026-09-28,-55.71,5.09,348594446340,False,False,,,,,724,17.95,-410.4,18.72,-397.7,19.56,-384.8,1155,13.96,-499.1,14.9,-473.9,15.91,-450.1,2136,10.19,-646.6,11.18,-598.2,11.95,-566.1
A025440,DH오토웨어,자동차부품,2026-09-28,-110.54,7.75,32098042760,False,False,,,,,301,9.59,-1252.6,9.81,-1226.9,11.64,-1049.7,489,9.87,-1219.9,12.84,-960.8,13.57,-914.4,1470,10.57,-1145.8,12.88,-958.2,13.68,-908.1
A025530,SJM홀딩스,자동차부품,2026-09-28,5.37,2.95,54509129200,False,False,,,,,726,3.48,54.3,3.54,51.7,3.59,49.5,1223,3.55,51.2,3.62,48.2,3.73,43.9,2881,3.6,49.1,3.77,42.2,3.92,37.0
A025540,한국단자,자동차부품,2026-09-28,4.52,3.22,578578000000,True,False,0.0,0.0,0.0,0.0,726,3.65,23.7,3.75,20.5,3.84,17.6,1223,3.78,19.6,3.91,15.4,4.13,9.4,2881,4.35,3.8,4.74,-4.8,5.28,-14.5
A025550,한국선재,철강,2026-09-28,2.88,2.41,58044359100,False,False,,,,,726,4.22,-31.7,5.98,-51.8,9.86,-70.8,1223,5.66,-49.1,6.11,-52.8,6.77,-57.4,2881,6.69,-56.9,7.6,-62.1,8.7,-66.9
A025560,미래산업,반도체와반도체장비,2026-09-28,8.65,2.99,199450908040,False,False,,,,,422,3.72,132.5,3.76,129.9,3.79,128.1,919,3.77,129.5,3.9,122.0,4.26,103.1,1226,3.83,125.9,4.26,102.9,4.61,87.8
A025620,차AI헬스케어,화장품,2026-09-28,-12.13,3.25,92658222570,False,False,,,,,0,,,,,,,0,,,,,,,609,4.69,-358.7,4.96,-344.8,5.3,-329.1
A025750,한솔홈데코,건축자재,2026-09-28,5.66,2.46,30614755100,False,False,,,,,666,3.43,65.0,3.71,52.5,5.42,4.3,1040,3.72,52.1,5.61,0.8,5.94,-4.8,2511,6.24,-9.4,8.09,-30.1,9.65,-41.4
A025770,한국정보통신,IT서비스,2026-09-28,6.69,5.78,294311970060,False,False,,,,,726,6.57,1.8,6.72,-0.5,6.95,-3.8,1223,6.82,-1.9,7.12,-6.0,7.32,-8.6,2881,7.44,-10.1,7.94,-15.8,8.64,-22.6
A025820,이구산업,비철금속,2026-09-28,2.65,2.12,143298970000,False,False,,,,,726,4.09,-35.1,4.76,-44.2,5.0,-46.9,1223,3.17,-16.2,3.72,-28.6,4.16,-36.1,2327,4.08,-35.0,4.72,-43.7,5.18,-48.8
A025860,남해화학,화학,2026-09-28,14.5,4.26,305524884450,False,False,,,,,666,7.61,90.6,8.45,71.6,8.73,66.1,1163,6.11,137.3,6.55,121.4,7.35,97.3,2759,8.0,81.3,9.16,58.3,9.72,49.1
A025870,신라에스지,식품,2026-09-28,-11.94,8.77,4236000000,False,False,,,,,422,12.85,-193.0,13.63,-187.6,14.56,-182.1,919,13.34,-189.6,14.35,-183.2,15.8,-175.6,2331,14.26,-183.8,16.0,-174.7,16.95,-170.5
A025880,케이씨피드,식품,2026-09-28,3.32,3.32,38279314820,False,False,,,,,726,3.66,-9.4,3.77,-12.1,4.04,-18.0,1223,3.85,-13.9,4.47,-25.9,4.8,-31.0,2325,4.75,-30.2,5.27,-37.0,5.95,-44.3
A025890,한국주강,철강,2026-09-28,-74.17,10.56,29198893920,False,False,,,,,546,11.41,-750.2,11.85,-725.8,12.25,-705.5,672,11.57,-740.9,12.1,-713.0,12.74,-682.1,1288,12.65,-686.4,14.86,-599.1,17.54,-523.0
A025900,동화기업,건축자재,2026-09-28,40.86,2.78,347328547950,True,False,0.0,0.0,0.0,0.0,521,8.72,368.5,8.9,359.2,9.13,347.4,1006,8.79,365.0,9.09,349.4,9.42,333.6,2664,3.97,928.1,4.23,866.0,4.45,817.3
A025950,동신건설,건설,2026-09-28,-35.58,6.16,83832000000,False,False,,,,,362,25.38,-240.2,25.71,-238.4,26.45,-234.5,859,26.71,-233.2,27.95,-227.3,30.54,-216.5,2394,10.1,-452.2,11.05,-422.2,11.99,-396.7
A025980,아난티,"호텔,레스토랑,레저",2026-09-28,-593.27,1.32,490396989600,False,False,,,,,666,2.2,-27060.7,4.41,-13539.1,5.35,-11179.4,1163,1.92,-30940.4,2.04,-29232.2,2.14,-27861.6,2549,2.19,-27250.2,3.1,-19251.5,5.87,-10207.2
A026040,제이에스티나,"섬유,의류,신발,호화품",2026-09-28,-51.33,9.62,34740477950,False,False,,,,,59,,,,,,,490,11.42,-549.2,13.22,-488.2,14.35,-457.7,1411,12.51,-510.4,13.73,-473.8,14.76,-447.6
A026150,특수건설,건설,2026-09-28,-2.53,4.27,70097592345,False,False,,,,,546,13.73,-118.4,15.53,-116.3,16.12,-115.7,859,15.7,-116.1,16.64,-115.2,17.6,-114.4,2141,9.38,-127.0,15.48,-116.4,19.21,-113.2
A026890,스틱인베스트먼트,창업투자,2026-09-28,11.97,4.01,309003570890,False,False,,,,,607,9.09,31.6,9.7,23.4,10.35,15.7,1104,5.97,100.4,6.42,86.5,7.04,70.0,2639,4.96,141.2,5.17,131.6,5.38,122.7
A026910,광진실업,철강,2026-09-28,-9.84,12.49,19781173370,False,False,,,,,0,,,,,,,373,23.05,-142.7,25.16,-139.1,26.46,-137.2,1226,16.38,-160.1,19.42,-150.7,22.3,-144.1
A026940,부국철강,철강,2026-09-28,117.52,6.47,42400000000,False,False,,,,,602,35.36,232.3,38.01,209.2,46.42,153.2,1099,9.52,1135.0,9.85,1093.0,10.29,1042.4,2757,10.88,979.8,16.52,611.4,19.09,515.5
A026960,동서,식품,2026-09-28,61.16,34.88,2572260000000,False,False,,,,,726,40.67,50.4,41.64,46.9,42.71,43.2,1223,41.8,46.3,43.11,41.9,44.37,37.8,2881,41.8,46.3,43.37,41.0,44.67,36.9
A027040,서울전자통신,전자장비와기기,2026-09-28,-8.54,26.12,25580859422,False,False,,,,,0,,,,,,,0,,,,,,,489,29.01,-129.4,29.78,-128.7,30.92,-127.6
A027050,코리아나,화장품,2026-09-28,-11.51,25.02,51520000000,False,False,,,,,362,101.34,-111.4,104.47,-111.0,107.55,-110.7,859,50.81,-122.7,58.04,-119.8,63.12,-118.2,2273,46.51,-124.7,51.64,-122.3,56.69,-120.3
A027360,아주IB투자,창업투자,2026-09-28,8.6,4.31,466409813100,False,False,,,,,726,14.17,-39.3,16.86,-49.0,18.04,-52.3,1223,7.88,9.2,8.67,-0.8,9.37,-8.1,1926,7.33,17.4,7.95,8.2,8.32,3.4
A027410,BGF,화학,2026-09-28,5.69,1.72,358459382295,True,False,0.0,0.0,0.0,0.0,726,4.25,34.0,4.38,29.8,4.53,25.5,1223,4.11,38.3,4.2,35.4,4.31,32.0,2881,4.37,30.1,4.91,15.8,5.6,1.6
A027580,상보,화학,2026-09-28,-1.71,7.19,21719527925,False,False,,,,,121,43.09,-104.0,43.45,-103.9,43.66,-103.9,618,15.31,-111.1,15.66,-110.9,16.29,-110.5,1293,11.6,-114.7,12.73,-113.4,14.77,-111.5
A027710,팜스토리,식품,2026-09-28,3.01,2.58,125789341400,False,False,,,,,726,3.0,0.4,3.12,-3.2,3.31,-8.9,1223,3.22,-6.4,3.41,-11.6,3.54,-14.8,2881,3.42,-11.8,3.63,-16.9,3.91,-23.0
A027740,마니커,식품,2026-09-28,152.34,9.39,36709489784,False,False,,,,,363,13.33,1042.6,13.68,1013.8,15.14,906.0,363,13.33,1042.6,13.68,1013.8,15.14,906.0,849,11.81,1189.6,12.56,1112.9,12.96,1075.1
A027830,대성창투,창업투자,2026-09-28,14.14,5.54,41148000000,False,False,,,,,605,7.0,102.1,7.8,81.3,9.3,52.0,979,7.94,78.1,9.44,49.7,9.94,42.2,2456,10.47,35.0,11.69,20.9,14.61,-3.3
A027970,한국제지,종이와목재,2026-09-28,16.78,1.94,103632142400,False,False,,,,,726,5.59,200.3,5.86,186.2,7.52,123.1,1223,4.05,314.1,4.38,283.3,5.28,218.1,2449,3.46,385.3,3.8,341.3,4.11,308.7
A028050,삼성E&A,건설,2026-09-28,8.74,2.88,9800000000000,True,False,-0.02,-0.11,0.0,-0.03,726,4.73,84.7,4.94,76.8,5.3,65.0,1223,5.1,71.3,5.57,57.0,5.82,50.1,2881,5.68,53.7,5.97,46.4,6.2,41.0
A028080,휴맥스홀딩스,전자제품,2026-09-28,-0.82,0.94,12547900200,False,False,,,,,362,1.46,-156.7,1.51,-154.7,1.57,-152.6,362,1.46,-156.7,1.51,-154.7,1.57,-152.6,1284,1.74,-147.5,2.89,-128.6,4.82,-117.1
A028100,동아지질,건설,2026-09-28,10.76,3.96,219953493200,False,False,,,,,666,11.07,-2.8,11.83,-9.1,12.28,-12.4,853,11.45,-6.1,12.26,-12.2,12.66,-15.1,2479,6.15,74.9,6.61,62.8,7.22,49.1
A028260,삼성물산,복합기업,2026-09-28,13.32,5.87,56028899235500,True,False,-0.39,0.18,-0.29,0.03,726,6.54,103.5,6.68,99.3,6.88,93.5,1223,6.61,101.6,6.83,95.0,7.16,85.9,2854,7.37,80.7,8.13,63.9,8.79,51.6
A028300,HLB,건강관리장비와용품,2026-09-28,-53.9,8.76,5287969453100,False,False,,,,,0,,,,,,,0,,,,,,,242,11.97,-550.4,14.12,-481.6,16.77,-421.4
A028670,팬오션,해운사,2026-09-28,4.48,2.49,3047046218400,True,False,0.0,0.0,0.13,0.23,726,3.73,20.1,3.8,17.9,3.84,16.4,1223,3.72,20.4,3.81,17.4,3.89,15.1,2881,3.77,18.7,3.94,13.6,4.14,8.1
A029460,케이씨,반도체와반도체장비,2026-09-28,5.36,1.67,482699433000,True,False,0.0,0.0,,,726,4.07,31.7,4.5,19.1,4.65,15.3,1223,2.65,102.0,2.77,93.5,2.84,88.5,2881,2.59,107.1,2.75,95.1,2.87,87.0
A029480,광무,IT서비스,2026-09-28,-22.14,26.95,83606784800,False,False,,,,,60,1652.78,-101.3,1669.49,-101.3,1689.46,-101.3,307,46.68,-147.4,47.26,-146.8,72.53,-130.5,920,31.28,-170.8,36.66,-160.4,41.18,-153.8
A029530,신도리코,사무용전자제품,2026-09-28,-305.52,10.68,384257081950,False,False,,,,,666,13.35,-2388.9,13.64,-2339.9,14.31,-2234.7,976,13.61,-2345.4,14.45,-2214.9,15.2,-2110.3,2387,15.74,-2040.8,18.55,-1747.0,19.69,-1651.8
A029780,삼성카드,카드,2026-09-28,6.12,4.15,5022482924850,True,False,0.0,0.0,-1.9,-2.08,726,5.04,21.5,5.17,18.3,5.27,16.0,1223,4.59,33.4,4.77,28.1,4.84,26.3,2881,4.89,25.1,5.16,18.7,5.31,15.1
A030000,제일기획,광고,2026-09-28,6.04,5.61,2048884217250,True,False,0.0,0.0,-2.08,-2.28,726,5.92,2.0,5.98,0.9,6.05,-0.3,1223,6.0,0.6,6.13,-1.5,6.22,-2.9,2881,6.27,-3.7,6.39,-5.6,6.52,-7.4
A030190,NICE평가정보,상업서비스와공급품,2026-09-28,7.47,6.36,946867041250,True,False,0.0,0.0,0.0,0.0,726,7.0,6.7,7.2,3.7,7.39,1.1,1223,7.3,2.4,7.51,-0.5,7.76,-3.7,2881,7.93,-5.8,8.46,-11.8,8.96,-16.6
A030200,KT,다각화된통신서비스,2026-09-28,6.02,3.66,13331947136500,True,False,0.0,0.0,0.43,0.54,726,4.85,23.9,4.98,20.8,5.06,18.8,1223,4.56,32.0,4.7,28.0,4.8,25.2,2881,4.67,28.8,4.81,25.0,4.91,22.6
A030210,다올투자증권,증권,2026-09-28,7.01,0.71,241512535290,False,False,,,,,180,5.89,19.1,6.05,15.9,6.1,14.9,615,0.97,625.1,1.17,501.9,1.22,473.4,2272,2.04,244.0,2.57,172.8,2.87,144.3
A030350,드래곤플라이,게임엔터테인먼트,2026-09-28,-7.53,7.34,15171092867,False,False,,,,,0,,,,,,,0,,,,,,,617,16.24,-146.3,20.26,-137.1,21.36,-135.2
A030520,한컴,소프트웨어,2026-09-28,7.66,3.03,422420127680,True,False,0.0,0.0,-0.12,-2.71,726,7.39,3.6,7.58,1.1,7.72,-0.7,1223,6.2,23.5,6.84,12.0,7.1,7.9,2881,5.23,46.5,5.56,37.7,5.84,31.3
A030530,원익홀딩스,반도체와반도체장비,2026-09-28,1258.91,2.23,2104734982250,False,False,,,,,606,5.01,25019.2,5.62,22313.4,5.98,20949.9,1103,2.72,46164.5,2.85,44105.9,3.22,38994.7,2761,3.34,37613.5,3.8,33039.7,4.1,30632.2
A030610,교보증권,증권,2026-09-28,4.31,1.45,1139629610000,False,False,,,,,726,4.21,2.2,4.43,-2.7,4.74,-9.2,1223,2.78,54.7,3.18,35.2,3.31,30.1,2881,2.86,50.5,3.08,39.8,3.2,34.8
A030720,동원수산,식품,2026-09-28,2.09,1.57,22710568400,False,False,,,,,422,2.5,-16.1,2.63,-20.4,2.74,-23.5,791,2.73,-23.3,3.03,-30.9,3.13,-33.1,2081,3.04,-31.1,3.18,-34.1,3.56,-41.2
A030960,양지사,상업서비스와공급품,2026-09-28,-12.14,16.19,77822600000,False,False,,,,,120,443.09,-102.7,446.0,-102.7,449.73,-102.7,120,443.09,-102.7,446.0,-102.7,449.73,-102.7,1592,20.95,-157.9,25.38,-147.8,29.87,-140.6
A031210,서울보증보험,손해보험,2026-09-28,5.97,5.34,3016293033600,True,False,,,,,376,5.74,4.0,5.86,1.8,5.97,0.0,376,5.74,4.0,5.86,1.8,5.97,0.0,376,5.74,4.0,5.86,1.8,5.97,0.0
A031310,아이즈비전,통신장비,2026-09-28,5.72,4.08,28586531611,False,False,,,,,605,5.45,5.1,5.82,-1.6,6.31,-9.3,1102,5.58,2.5,5.82,-1.7,6.06,-5.5,2447,5.66,1.1,5.93,-3.5,6.18,-7.4
A031330,에스에이엠티,전자장비와기기,2026-09-28,1.54,1.18,839958562800,False,False,,,,,726,1.94,-20.9,3.55,-56.7,3.89,-60.5,1223,3.12,-50.8,3.45,-55.5,3.67,-58.2,2759,3.72,-58.7,4.02,-61.8,4.14,-62.9
A031430,신세계인터내셔날,"섬유,의류,신발,호화품",2026-09-28,5.47,5.34,369452160000,True,False,0.0,0.0,0.06,0.0,726,6.38,-14.3,6.66,-17.9,7.11,-23.1,1223,6.4,-14.6,6.61,-17.3,6.79,-19.4,2881,6.93,-21.1,7.41,-26.3,7.86,-30.4
A031510,오스템,자동차부품,2026-09-28,4.07,2.71,31752000000,False,False,,,,,601,3.09,31.6,3.25,25.3,3.48,16.9,666,3.11,31.0,3.3,23.2,3.57,14.2,1893,3.99,2.1,5.14,-20.8,6.84,-40.5
A031820,아이티센씨티에스,IT서비스,2026-09-28,1.71,1.44,69604589500,False,False,,,,,726,2.07,-17.6,2.63,-34.9,3.05,-44.0,1223,2.95,-42.1,3.13,-45.4,3.3,-48.1,2323,3.27,-47.8,3.49,-51.0,4.08,-58.1
A031860,디에이치엑스컴퍼니,컴퓨터와주변기기,2026-09-28,-2.66,40.57,18714756060,False,False,,,,,0,,,,,,,0,,,,,,,61,41.75,-106.4,42.05,-106.3,42.94,-106.2
A031980,피에스케이홀딩스,반도체와반도체장비,2026-09-28,25.57,0.67,3598763725500,True,False,0.0,0.0,0.27,3.52,726,8.35,206.1,8.83,189.5,9.38,172.6,1223,8.0,219.7,8.28,208.9,8.83,189.7,2655,5.21,390.8,6.02,324.5,6.7,281.6
A032080,아즈텍WB,"섬유,의류,신발,호화품",2026-09-28,-14.46,7.87,21705939290,False,False,,,,,425,25.31,-157.1,26.46,-154.6,27.39,-152.8,735,19.03,-176.0,20.31,-171.2,21.19,-168.2,1846,13.78,-204.9,14.63,-198.8,16.55,-187.3
A032190,다우데이타,증권,2026-09-28,0.33,0.28,759489000000,False,False,,,,,726,0.33,-0.9,0.35,-5.6,0.38,-11.9,1223,0.35,-6.5,0.38,-12.3,0.39,-15.9,2881,0.39,-15.0,0.42,-20.3,0.45,-25.6
A032280,삼일,항공화물운송과물류,2026-09-28,10.44,8.08,21418152390,False,False,,,,,726,10.31,1.2,10.5,-0.6,10.62,-1.7,911,10.4,0.3,10.61,-1.6,10.71,-2.6,2387,10.59,-1.4,10.83,-3.6,11.17,-6.6
A032300,한국파마,제약,2026-09-28,47.14,16.36,78746381220,False,False,,,,,606,28.51,65.3,29.69,58.8,30.52,54.5,1103,28.97,62.7,30.09,56.7,31.58,49.3,1382,28.62,64.7,29.75,58.5,31.01,52.0
A032350,롯데관광개발,"호텔,레스토랑,레저",2026-09-28,4.36,4.0,940760404400,True,False,-0.47,0.22,-2.34,-4.06,726,6.21,-29.8,6.77,-35.6,6.93,-37.1,1223,6.75,-35.5,7.02,-37.9,7.31,-40.3,2338,7.28,-40.1,8.05,-45.8,8.77,-50.3
A032500,케이엠더블유,통신장비,2026-09-28,13.8,3.26,797001231890,True,False,0.0,0.0,0.0,0.0,354,4.85,184.3,5.34,158.3,5.89,134.2,519,5.3,160.5,6.04,128.4,10.58,30.5,1866,6.26,120.6,7.88,75.2,9.33,47.9
A032540,TJ미디어,전자제품,2026-09-28,33.19,8.22,79201195270,False,False,,,,,726,13.03,154.7,13.23,150.9,13.4,147.7,1157,12.72,161.0,13.11,153.3,13.38,148.0,2016,12.86,158.1,13.3,149.7,13.69,142.5
A032560,황금에스티,비철금속,2026-09-28,3.16,2.0,94520000000,False,False,,,,,726,3.64,-13.1,3.7,-14.7,3.94,-19.8,1223,2.59,21.9,2.8,13.0,3.13,1.0,2881,3.23,-2.1,3.65,-13.4,3.9,-18.9
A032580,피델릭스,반도체와반도체장비,2026-09-28,16.48,4.59,232255768640,False,False,,,,,242,10.9,51.2,11.45,44.0,12.06,36.6,736,5.72,188.4,6.1,170.2,6.94,137.5,1350,6.67,147.0,7.41,122.5,8.87,85.8
A032620,GC메디아이,건강관리기술,2026-09-28,13.69,9.02,166769859105,False,False,,,,,726,17.43,-21.5,21.62,-36.7,22.65,-39.6,1223,22.1,-38.0,25.77,-46.9,29.91,-54.2,2881,18.36,-25.4,19.96,-31.4,21.51,-36.4
A032640,LG유플러스,무선통신서비스,2026-09-28,5.19,3.82,6268797601640,True,False,0.0,0.25,0.0,0.25,726,4.09,27.0,4.23,22.9,4.3,20.6,1223,4.07,27.6,4.14,25.5,4.25,22.0,2881,4.3,20.8,4.41,17.7,4.75,9.4
A032680,소프트센,IT서비스,2026-09-28,52.7,2.84,22733098666,False,False,,,,,181,5.58,844.3,5.62,837.9,5.66,831.5,678,3.87,1260.2,4.1,1186.7,4.32,1120.3,1842,4.57,1052.9,4.93,968.1,5.59,843.0
A032750,삼진,전자제품,2026-09-28,7.02,3.04,26777276730,False,False,,,,,726,4.78,46.8,4.94,42.1,5.09,37.8,1099,4.94,42.1,5.14,36.4,5.28,32.9,2695,4.99,40.7,5.28,33.0,5.77,21.6
A032790,엠젠솔루션,IT서비스,2026-09-28,-2.48,22.51,32793495362,False,False,,,,,0,,,,,,,432,29.0,-108.6,33.61,-107.4,35.89,-106.9,616,32.47,-107.6,35.89,-106.9,35.89,-106.9
A032800,판타지오,방송과엔터테인먼트,2026-09-28,-2.99,14.13,22524572784,False,False,,,,,0,,,,,,,312,16.91,-117.7,17.35,-117.3,17.63,-117.0,861,18.7,-116.0,20.98,-114.3,22.36,-113.4
A032820,우리기술,우주항공과국방,2026-09-28,-226.37,4.9,2196092418520,False,False,,,,,281,24.58,-1020.8,24.98,-1006.2,25.39,-991.5,715,24.69,-1016.7,25.44,-989.6,27.48,-923.7,1691,11.13,-2133.5,14.33,-1679.6,20.0,-1232.0
A032830,삼성생명,생명보험,2026-09-28,10.23,4.5,59200000000000,True,False,0.0,0.0,0.0,0.0,726,5.55,84.3,5.88,74.1,6.07,68.6,1223,5.53,85.0,5.79,76.6,6.12,67.2,2880,6.23,64.1,6.88,48.7,10.31,-0.8
A032850,비트컴퓨터,건강관리기술,2026-09-28,10.95,8.08,70233412925,False,False,,,,,726,10.84,1.0,11.32,-3.2,11.71,-6.5,1223,11.48,-4.6,12.22,-10.4,13.07,-16.2,2779,12.42,-11.9,13.25,-17.4,13.68,-20.0
A032860,더라미,판매업체,2026-09-28,-10.8,16.08,22136931280,False,False,,,,,181,18.55,-158.2,19.45,-155.5,21.37,-150.5,365,21.59,-150.0,30.65,-135.2,32.2,-133.5,666,31.68,-134.1,34.69,-131.1,42.04,-125.7
A032940,원익,화장품,2026-09-28,18.53,4.65,161919310900,False,False,,,,,726,5.28,250.9,5.45,240.1,5.59,231.5,1223,5.54,234.7,5.69,225.6,6.07,205.6,2509,6.13,202.4,7.19,157.8,8.84,109.7
A032960,동일기연,전자장비와기기,2026-09-28,65.2,16.85,41783315625,False,False,,,,,542,60.13,8.4,65.71,-0.8,66.46,-1.9,1039,56.82,14.7,59.37,9.8,61.27,6.4,2392,34.66,88.1,41.45,57.3,43.07,51.4
A033050,제이엠아이,가정용품,2026-09-28,4.69,4.23,25598819712,False,False,,,,,726,5.82,-19.5,6.18,-24.1,6.41,-26.9,1223,6.28,-25.4,6.61,-29.1,6.85,-31.6,2017,6.68,-29.9,7.06,-33.6,7.3,-35.8
A033100,제룡전기,전기장비,2026-09-28,18.31,4.63,762964427500,False,False,,,,,726,5.9,210.2,6.24,193.4,6.46,183.6,1161,6.27,191.9,6.68,174.0,7.35,149.3,2207,7.24,152.8,8.05,127.4,8.75,109.3
A033130,디지틀조선,IT서비스,2026-09-28,6.05,6.04,63949605041,False,False,,,,,726,7.92,-23.6,11.07,-45.3,13.05,-53.6,1223,11.71,-48.3,13.66,-55.7,20.35,-70.3,2881,11.74,-48.5,14.21,-57.4,16.3,-62.9
A033160,엠케이전자,반도체와반도체장비,2026-09-28,5.98,0.83,401131067140,True,False,0.0,0.0,-11.78,-10.1,726,3.23,85.1,3.45,73.5,3.6,66.4,1223,2.81,113.1,2.95,102.6,3.09,93.9,2881,1.09,449.1,1.17,413.7,1.38,335.1
A033170,시그네틱스,반도체와반도체장비,2026-09-28,-4.72,7.03,48265041345,False,False,,,,,0,,,,,,,435,8.45,-155.8,8.82,-153.5,9.16,-151.6,922,9.19,-151.4,9.8,-148.1,10.25,-146.0
A033200,모아텍,전자장비와기기,2026-09-28,-16.62,18.39,23011322500,False,False,,,,,0,,,,,,,0,,,,,,,549,20.08,-182.8,27.76,-159.9,28.92,-157.5
A033230,인성정보,IT서비스,2026-09-28,30.4,6.24,56577225600,False,False,,,,,364,22.25,36.7,22.66,34.2,23.25,30.8,861,23.1,31.6,24.06,26.4,26.52,14.6,2426,13.69,122.0,15.42,97.1,17.62,72.6
A033240,자화전자,통신장비,2026-09-28,6.17,3.9,569304977700,True,False,0.0,0.0,0.0,0.0,726,5.27,17.1,5.62,9.9,5.93,4.1,1191,5.71,8.0,6.3,-2.1,6.66,-7.3,2743,6.67,-7.4,7.23,-14.7,7.72,-20.0
A033250,체시스,자동차부품,2026-09-28,4.76,3.11,26528000000,False,False,,,,,726,4.21,13.1,4.29,10.8,4.4,8.1,788,4.22,12.8,4.32,10.2,4.44,7.0,1096,4.29,10.8,4.46,6.7,4.8,-0.8
A033270,유나이티드제약,제약,2026-09-28,5.72,4.91,280506963250,True,False,0.0,0.0,1.59,1.12,726,5.37,6.6,5.47,4.7,5.55,3.2,1223,5.48,4.4,5.61,2.0,5.71,0.3,2881,5.76,-0.6,5.93,-3.5,6.57,-12.8
A033290,로젠,항공화물운송과물류,2026-09-28,6.83,3.07,85750671627,False,False,,,,,666,3.56,91.6,3.64,87.5,3.7,84.7,1101,3.66,86.7,3.79,80.2,4.05,68.7,2636,4.11,66.2,4.31,58.3,4.72,44.6
A033310,엠투엔,자동차부품,2026-09-28,31.82,7.49,59119262424,False,False,,,,,666,19.35,64.4,20.03,58.9,20.64,54.1,666,19.35,64.4,20.03,58.9,20.64,54.1,1956,14.02,127.0,15.33,107.6,16.4,94.1
A033320,제이씨현시스템,컴퓨터와주변기기,2026-09-28,7.78,3.46,58968022720,False,False,,,,,482,7.79,-0.2,8.53,-8.8,10.23,-24.0,794,7.01,11.0,7.26,7.2,7.61,2.2,2452,6.84,13.6,7.41,5.0,8.08,-3.7
A033340,좋은사람들,"섬유,의류,신발,호화품",2026-09-28,-7.29,9.44,44597256680,False,False,,,,,362,24.47,-129.8,25.59,-128.5,28.75,-125.3,547,25.68,-128.4,32.23,-122.6,35.47,-120.5,1100,15.43,-147.2,23.24,-131.4,25.96,-128.1
A033500,동성화인텍,화학,2026-09-28,3.78,2.95,478932219180,True,False,0.0,0.0,1.21,0.15,726,5.16,-26.7,5.52,-31.5,6.18,-38.8,1223,5.69,-33.5,6.31,-40.1,6.54,-42.2,2827,5.44,-30.4,5.81,-34.8,6.13,-38.3
A033530,SJG세종,자동차부품,2026-09-28,1.66,1.48,183685110210,True,False,0.0,0.0,0.0,0.0,726,1.67,-0.3,1.73,-3.9,1.78,-6.4,1039,1.72,-3.5,1.79,-6.9,1.85,-10.3,2326,1.9,-12.6,2.13,-21.8,2.41,-31.0
A033540,파라텍,기계,2026-09-28,-1.52,6.41,29466930120,False,False,,,,,58,,,,,,,245,8.0,-119.0,8.48,-117.9,9.48,-116.0,1287,8.52,-117.8,9.49,-116.0,10.63,-114.3
A033560,블루콤,부동산,2026-09-28,36.14,4.71,82678500000,False,False,,,,,422,11.0,228.4,11.76,207.3,12.28,194.2,734,12.03,200.5,12.58,187.2,12.98,178.5,1935,5.8,523.3,6.04,498.1,6.36,468.6
A033640,네패스,반도체와반도체장비,2026-09-28,7.63,1.74,623751414100,True,False,0.0,0.0,16.73,0.0,654,2.77,175.0,3.98,91.5,6.45,18.3,846,3.45,121.0,5.5,38.7,7.62,0.1,2504,5.49,38.9,5.89,29.5,6.17,23.5
A033780,KT&G,담배,2026-09-28,11.28,5.73,18208353982400,True,False,0.12,0.06,0.03,0.04,726,9.43,19.6,9.57,17.9,9.69,16.4,1223,8.21,37.3,8.33,35.4,8.47,33.1,2881,7.65,47.5,7.92,42.3,8.26,36.5
A033790,피노,전기제품,2026-09-28,38.19,3.26,697404194190,False,False,,,,,362,29.44,29.7,34.68,10.1,37.39,2.1,797,7.38,417.7,7.38,417.7,9.7,293.6,1042,4.91,677.7,5.15,641.7,7.38,417.7
A033830,티비씨,방송과엔터테인먼트,2026-09-28,55.35,8.69,31612721360,False,False,,,,,726,22.69,143.9,23.41,136.4,24.97,121.7,1223,22.32,148.0,23.01,140.6,24.71,124.0,2881,20.87,165.2,22.62,144.8,24.71,124.0
A033920,무학,음료,2026-09-28,35.29,8.18,216885000000,False,False,,,,,726,9.13,286.5,9.2,283.5,9.43,274.1,1101,8.96,293.9,9.12,287.0,9.22,282.8,2561,9.29,279.8,9.96,254.3,10.41,239.0
A034020,두산에너빌리티,기계,2026-09-28,35.96,0.47,52526013972000,True,False,0.0,0.0,0.0,0.13,726,7.24,396.5,7.54,376.8,8.12,343.1,1223,7.62,372.1,8.22,337.7,8.5,323.0,2821,1.09,3203.0,1.49,2306.6,1.64,2096.3
A034120,SBS,방송과엔터테인먼트,2026-09-28,8.91,2.54,217977046500,True,False,0.0,0.0,-12.8,5.31,726,5.8,53.4,6.34,40.5,6.53,36.4,1223,3.51,153.6,3.73,138.6,3.96,125.0,2881,4.45,100.1,5.16,72.7,5.57,59.8
A034220,LG디스플레이,디스플레이패널,2026-09-28,3.71,2.97,4225000000000,True,False,-3.84,-5.3,-13.99,-7.9,622,4.2,-11.7,4.52,-17.9,4.71,-21.2,941,4.17,-11.0,4.37,-15.2,4.53,-18.2,2297,4.08,-9.2,4.29,-13.6,4.49,-17.4
A034230,파라다이스,"호텔,레스토랑,레저",2026-09-28,4.62,4.55,893873536300,True,False,0.0,0.0,0.62,1.28,726,5.26,-12.2,5.42,-14.8,5.58,-17.2,1167,5.45,-15.2,5.73,-19.3,6.15,-24.9,2716,6.43,-28.2,7.0,-34.0,7.68,-39.9
A034310,NICE,IT서비스,2026-09-28,2.11,1.89,443291313420,False,False,,,,,726,2.24,-5.7,2.27,-7.1,2.32,-9.1,1223,2.29,-7.9,2.36,-10.7,2.42,-12.6,2881,2.45,-13.8,2.58,-18.1,2.73,-22.7
A034590,인천도시가스,가스유틸리티,2026-09-28,5.83,4.92,115274767900,False,False,,,,,726,5.12,13.8,5.28,10.3,5.48,6.2,1223,5.42,7.4,5.66,3.0,5.76,1.2,2881,5.8,0.4,6.05,-3.6,6.73,-13.4
A034730,SK,석유와가스,2026-09-28,3.62,1.32,41906562334000,True,False,2.99,3.59,-2.88,-12.35,726,1.53,136.6,1.57,129.9,1.6,125.9,1223,1.57,130.0,1.61,124.9,1.65,119.6,2881,1.67,116.6,1.73,109.6,1.87,93.8
A034810,해성산업,종이와목재,2026-09-28,2.48,1.23,187270301360,False,False,,,,,726,2.01,23.3,2.06,20.3,2.1,17.8,1223,1.61,54.1,1.72,44.1,1.78,38.8,2881,1.84,35.0,2.08,19.3,2.37,4.7
A034830,한국토지신탁,부동산,2026-09-28,7.87,2.98,287332743740,True,False,0.0,0.0,-33.03,-13.95,715,5.35,47.3,6.32,24.5,6.47,21.6,1212,4.07,93.2,4.19,88.0,4.88,61.2,2870,3.75,109.9,3.84,104.8,3.99,97.3
A034940,조아제약,제약,2026-09-28,-4.02,57.97,16605186200,False,False,,,,,0,,,,,,,123,85.24,-104.7,87.06,-104.6,88.33,-104.5,797,71.06,-105.7,79.12,-105.1,90.63,-104.4
A034950,한국기업평가,상업서비스와공급품,2026-09-28,13.68,7.99,469943199000,False,False,,,,,726,12.28,11.4,12.37,10.6,12.48,9.6,1223,9.5,44.0,9.91,38.0,10.19,34.2,2881,9.12,50.0,9.3,47.0,9.5,44.0
A035000,HS애드,광고,2026-09-28,3.53,2.57,99514934160,False,False,,,,,726,3.6,-1.8,3.7,-4.4,3.8,-7.1,1223,3.57,-1.0,3.71,-4.8,3.87,-8.6,2881,3.66,-3.4,3.82,-7.5,3.96,-10.7
A035080,그래디언트,인터넷과카탈로그소매,2026-09-28,-20.81,1.22,132413428650,False,False,,,,,181,17.97,-215.8,18.34,-213.5,18.96,-209.8,678,16.61,-225.3,17.38,-219.8,17.83,-216.8,2152,3.21,-747.9,3.69,-664.4,4.31,-583.3
A035150,백산,"섬유,의류,신발,호화품",2026-09-28,2.99,2.01,204630667650,True,False,0.0,0.0,0.0,0.0,726,3.21,-7.0,3.39,-11.8,3.49,-14.4,1223,3.41,-12.5,3.5,-14.6,3.55,-16.0,2881,3.47,-13.9,3.59,-16.9,3.72,-19.7
A035200,프럼파스트,건축제품,2026-09-28,-29.07,5.07,24847848795,False,False,,,,,546,17.69,-264.3,18.09,-260.7,18.32,-258.7,1043,17.94,-262.1,18.39,-258.1,19.08,-252.3,2701,7.78,-473.5,8.7,-434.3,9.42,-408.6
A035250,강원랜드,"호텔,레스토랑,레저",2026-09-28,14.76,7.07,3091440225000,True,False,0.0,0.0,-4.82,-6.39,726,10.52,40.4,10.9,35.5,11.14,32.6,1223,10.08,46.5,10.41,41.8,10.75,37.4,2846,10.76,37.2,11.22,31.6,11.5,28.3
A035290,골드앤에스,교육서비스,2026-09-28,-87.78,33.14,1830776832,False,False,,,,,0,,,,,,,121,52.23,-268.1,69.84,-225.7,74.74,-217.5,367,38.82,-326.1,40.5,-316.8,45.76,-291.8
A035420,NAVER,양방향미디어와서비스,2026-09-28,12.28,11.17,30069056751300,True,False,-0.05,0.04,-0.95,-0.29,726,12.49,-1.7,12.78,-4.0,13.06,-6.0,1223,12.89,-4.8,13.3,-7.7,13.79,-11.0,2881,14.25,-13.8,15.24,-19.5,16.8,-26.9
A035460,기산텔레콤,통신장비,2026-09-28,2.0,1.45,36107222800,False,False,,,,,603,2.27,-12.2,2.46,-19.0,3.13,-36.3,975,2.52,-20.9,3.56,-43.9,4.15,-51.9,1716,3.81,-47.7,4.79,-58.3,5.11,-61.0
A035510,신세계 I&C,IT서비스,2026-09-28,4.2,3.03,221177838000,False,False,,,,,726,3.84,9.3,4.11,2.2,4.24,-1.1,1223,4.14,1.5,4.31,-2.6,4.44,-5.4,2881,4.54,-7.5,4.81,-12.7,5.12,-18.0
A035600,KG이니시스,IT서비스,2026-09-28,2.37,2.02,274993251320,True,False,0.0,0.0,0.1,0.0,726,2.19,8.1,2.23,6.4,2.27,4.2,1223,2.24,5.6,2.33,1.9,2.4,-1.1,2881,2.43,-2.5,2.52,-5.8,2.62,-9.6
A035610,솔본,건강관리기술,2026-09-28,4.99,2.6,138370744820,False,False,,,,,666,3.1,60.9,3.29,51.4,3.57,39.5,791,3.2,55.9,3.33,49.6,3.7,34.9,2018,3.84,29.8,4.14,20.5,4.28,16.4
A035620,바른손이앤에이,방송과엔터테인먼트,2026-09-28,-4.77,9.26,13827169074,False,False,,,,,0,,,,,,,0,,,,,,,489,10.2,-146.7,10.63,-144.8,11.19,-142.6
A035720,카카오,양방향미디어와서비스,2026-09-28,13.34,12.97,15128446687450,True,False,-0.04,-0.07,0.1,-0.08,726,17.32,-23.0,22.2,-39.9,24.0,-44.4,1223,22.78,-41.4,25.13,-46.9,26.47,-49.6,2881,25.54,-47.8,27.31,-51.1,28.47,-53.1
A035760,CJ ENM,방송과엔터테인먼트,2026-09-28,4.61,3.48,854140548300,True,False,0.0,0.0,0.0,0.0,726,4.56,1.2,5.13,-10.0,5.33,-13.4,1223,5.18,-10.9,5.52,-16.4,5.74,-19.6,2881,5.19,-11.1,5.55,-16.9,5.87,-21.4
A035810,이지홀딩스,식품,2026-09-28,1.74,1.24,295806708225,False,False,,,,,726,1.37,27.0,1.42,22.1,1.45,20.0,1223,1.43,21.5,1.51,15.3,1.64,6.1,2881,1.68,3.5,1.79,-3.0,1.88,-7.7
A035890,서희건설,건설,2026-09-28,3.59,1.12,466036263320,True,False,0.0,0.0,,,726,1.26,184.2,1.3,176.8,1.34,167.8,1223,1.28,180.1,1.31,173.5,1.35,167.0,2881,1.36,163.9,1.46,146.6,1.56,130.2
A035900,JYP Ent.,방송과엔터테인먼트,2026-09-28,8.34,8.21,1353787945200,True,False,0.01,0.09,-0.71,-0.33,726,10.46,-20.3,11.07,-24.7,11.47,-27.3,1223,11.21,-25.6,11.91,-30.0,12.46,-33.0,2881,12.21,-31.7,13.05,-36.1,14.2,-41.3
A036000,예림당,출판,2026-09-28,-54.88,0.45,62307719285,False,False,,,,,65,392.4,-114.0,397.75,-113.8,403.83,-113.6,562,0.63,-8795.0,21.08,-360.3,23.31,-335.4,1910,1.6,-3519.8,2.44,-2353.8,3.07,-1886.8
A036010,아비코전자,전기제품,2026-09-28,9.19,4.37,97703064900,True,False,,,,,477,8.06,14.1,8.54,7.5,9.09,1.1,974,6.87,33.7,7.12,29.1,7.36,24.9,2619,6.46,42.2,6.76,36.0,7.0,31.2
A036030,케이티알파,인터넷과카탈로그소매,2026-09-28,5.44,4.64,240929078015,False,False,,,,,726,5.22,4.3,5.32,2.3,5.45,-0.0,1223,5.36,1.5,5.91,-7.8,6.67,-18.4,2881,7.02,-22.4,9.37,-41.9,12.52,-56.5
A036090,위지트,디스플레이장비및부품,2026-09-28,2.51,1.89,59145214460,False,False,,,,,726,2.55,-1.6,2.84,-11.7,3.13,-19.9,1157,2.89,-13.1,3.21,-21.9,3.54,-29.2,2323,3.55,-29.3,5.58,-55.0,6.99,-64.1
A036120,서울평가정보,상업서비스와공급품,2026-09-28,7.61,6.38,58375845000,False,False,,,,,666,7.79,-2.3,8.77,-13.2,9.44,-19.4,1163,9.06,-16.0,10.0,-23.9,10.76,-29.3,2761,10.87,-30.0,11.89,-36.0,12.67,-39.9
A036170,에이치엠넥스,디스플레이장비및부품,2026-09-28,37.61,21.98,166607674590,False,False,,,,,543,33.11,13.6,34.93,7.7,38.36,-2.0,793,34.5,9.0,39.26,-4.2,45.06,-16.5,2080,39.66,-5.2,45.38,-17.1,50.86,-26.0
A036190,금화피에스시,건설,2026-09-28,5.44,2.6,203400000000,False,False,,,,,726,3.06,77.9,3.34,62.9,3.85,41.2,1223,3.47,56.9,4.04,34.7,4.17,30.4,2881,4.13,31.8,4.36,24.9,4.58,18.8
A036200,유니셈,반도체와반도체장비,2026-09-28,6.06,2.73,287017127280,True,True,0.0,0.0,0.0,0.0,726,6.61,-8.3,6.8,-10.8,6.91,-12.2,1223,5.0,21.2,5.67,6.9,6.17,-1.7,2881,4.62,31.2,5.12,18.3,5.46,11.0
A036220,오상헬스케어,생명과학도구및서비스,2026-09-28,-4.67,0.89,95873087200,False,False,,,,,180,2.12,-320.7,2.14,-318.5,2.18,-314.6,555,2.03,-330.0,2.09,-323.1,2.13,-318.9,1237,1.99,-334.2,2.12,-320.5,2.21,-311.7
A036420,콘텐트리중앙,방송과엔터테인먼트,2026-09-28,-0.72,0.69,30087725096,False,False,,,,,722,2.99,-124.0,3.14,-122.8,4.31,-116.6,1179,3.33,-121.5,6.44,-111.1,7.31,-109.8,2837,6.05,-111.8,7.8,-109.2,8.68,-108.3
A036460,한국가스공사,가스유틸리티,2026-09-28,1.34,1.02,3277111500000,True,False,0.41,1.01,1.72,1.3,726,1.13,18.1,1.17,14.7,1.21,10.3,1223,1.14,17.3,1.18,13.4,1.22,10.1,2881,1.24,7.8,1.37,-1.9,1.49,-9.9
A036480,대성미생물,제약,2026-09-28,-34.47,6.22,22990000000,False,False,,,,,244,16.2,-312.8,16.35,-310.8,16.51,-308.8,552,16.76,-305.7,38.36,-189.9,43.27,-179.7,2151,9.13,-477.7,10.27,-435.5,10.99,-413.8
A036530,SNT홀딩스,자동차부품,2026-09-28,2.33,1.25,789923276700,True,False,0.0,0.0,0.0,0.0,726,1.54,51.2,1.7,37.4,1.74,34.1,1223,1.51,54.8,1.65,41.5,1.72,35.4,2881,1.67,39.9,1.77,32.2,1.82,28.0
A036540,SFA반도체,반도체와반도체장비,2026-09-28,20.45,2.34,1738345402710,True,True,14.05,1.92,227.06,9.94,671,20.27,0.9,23.29,-12.2,25.23,-19.0,1168,8.75,133.7,10.39,96.9,11.81,73.1,2640,6.58,210.8,7.8,162.1,8.66,136.2
A036560,KZ정밀,기계,2026-09-28,14.56,5.99,190260000000,False,False,,,,,726,7.69,89.4,7.85,85.4,7.95,83.1,1223,7.88,84.8,8.27,76.0,9.18,58.7,2881,8.3,75.4,9.23,57.8,10.38,40.3
A036570,NC,게임엔터테인먼트,2026-09-28,8.2,7.57,4653508752000,True,False,0.01,-1.1,-0.71,-2.07,726,10.48,-21.8,11.93,-31.3,12.96,-36.8,1223,11.7,-29.9,12.28,-33.3,12.72,-35.6,2881,11.41,-28.2,12.12,-32.3,12.54,-34.6
A036580,팜스코,식품,2026-09-28,1.11,1.02,92554416360,False,False,,,,,726,1.17,-5.2,1.34,-17.0,1.43,-22.1,1223,1.4,-20.4,1.47,-24.0,1.51,-26.4,2881,1.58,-29.4,1.99,-43.9,2.78,-60.0
A036620,감성코퍼레이션,"섬유,의류,신발,호화품",2026-09-28,5.25,3.86,329797004480,True,False,0.0,0.0,-1.72,-2.82,726,4.73,10.9,5.26,-0.3,5.49,-4.3,1223,5.35,-1.8,5.6,-6.2,5.91,-11.2,1774,5.56,-5.6,6.03,-12.9,6.38,-17.8
A036630,세종텔레콤,다각화된통신서비스,2026-09-28,-23.69,34.49,110320000000,False,False,,,,,0,,,,,,,125,36.95,-164.1,37.3,-163.5,37.52,-163.1,916,55.5,-142.7,80.47,-129.4,86.11,-127.5
A036640,HRS,화학,2026-09-28,5.97,4.13,82264644000,False,False,,,,,726,5.21,14.6,5.35,11.6,5.43,9.9,1223,5.17,15.5,5.34,11.8,5.46,9.4,2756,5.5,8.6,5.83,2.3,6.11,-2.2
A036670,삼양케이씨아이,화학,2026-09-28,5.99,4.28,54661816000,False,False,,,,,726,4.8,24.8,4.95,21.1,5.08,17.9,1223,4.69,27.7,4.79,25.0,4.87,23.0,2881,4.95,21.0,5.31,12.9,5.69,5.3
A036690,코맥스,통신장비,2026-09-28,-22.99,4.46,125692107675,False,False,,,,,0,,,,,,,0,,,,,,,1599,6.89,-433.9,7.1,-423.7,7.3,-414.8
A036710,심텍홀딩스,반도체와반도체장비,2026-09-28,3.82,0.38,247762166260,False,False,,,,,121,2.76,38.6,2.91,31.4,3.08,24.1,618,0.47,715.6,0.49,677.3,0.51,644.4,2052,0.8,379.8,0.99,286.4,1.17,226.4
A036800,나이스정보통신,상업서비스와공급품,2026-09-28,3.9,3.44,350350000000,True,False,0.0,0.0,-2.23,-2.45,726,3.8,2.5,3.9,0.0,4.0,-2.6,1223,3.93,-0.9,4.12,-5.3,4.23,-7.8,2881,4.2,-7.1,4.47,-12.8,4.68,-16.8
A036810,에프에스티,반도체와반도체장비,2026-09-28,17.43,3.41,657071096150,True,False,0.0,0.0,,,420,18.77,-7.1,19.72,-11.6,20.63,-15.5,917,16.9,3.1,18.0,-3.1,19.84,-12.2,2575,5.55,214.2,6.19,181.8,6.66,161.7
A036830,솔브레인홀딩스,전기제품,2026-09-28,60.05,2.12,826310434300,False,False,,,,,541,7.42,709.7,8.6,598.5,9.33,543.4,1038,6.86,774.7,7.08,748.2,7.26,727.2,2696,5.97,906.3,6.34,846.4,6.59,810.8
A036890,진성티이씨,기계,2026-09-28,5.12,2.76,260425603860,True,False,0.0,0.0,,,726,4.84,5.8,5.13,-0.0,5.27,-2.8,1223,4.13,24.2,4.7,8.9,4.88,5.1,2881,4.72,8.6,4.94,3.8,5.09,0.6
A036930,주성엔지니어링,반도체와반도체장비,2026-09-28,90.33,3.86,9714554289000,True,False,0.0,0.0,0.0,0.0,726,9.5,850.8,10.19,786.8,11.87,660.8,1223,5.47,1551.0,5.88,1435.7,7.03,1184.1,2864,6.25,1345.2,6.93,1203.7,7.3,1138.0
A037030,파워넷,전기제품,2026-09-28,4.47,0.87,94270505440,False,False,,,,,726,2.87,55.7,2.93,52.4,3.0,48.8,1223,2.95,51.3,3.1,43.9,3.36,32.9,2803,2.79,60.3,3.05,46.4,3.54,26.0
A037070,파세코,가정용기기와용품,2026-09-28,46.36,4.82,132400000000,False,False,,,,,240,42.56,8.9,44.16,5.0,45.14,2.7,737,13.39,246.1,14.13,228.0,14.75,214.3,2395,9.11,408.6,9.93,366.8,10.71,332.8
A037230,한국팩키지,포장재,2026-09-28,4.98,4.54,38770225427,False,False,,,,,726,5.43,-8.3,5.58,-10.7,5.98,-16.7,977,5.5,-9.5,5.98,-16.8,6.23,-20.1,2449,6.5,-23.4,7.06,-29.4,7.48,-33.4
A037270,YG PLUS,방송과엔터테인먼트,2026-09-28,15.26,10.45,199902165400,False,False,,,,,665,15.04,1.5,15.29,-0.2,15.55,-1.9,1162,15.4,-0.9,16.25,-6.1,17.61,-13.3,2106,16.51,-7.6,18.3,-16.6,21.05,-27.5
A037330,인지디스플레,디스플레이장비및부품,2026-09-28,7.62,1.88,30939082920,False,False,,,,,665,3.41,123.2,3.56,114.0,3.63,110.0,1162,3.58,112.9,3.76,102.7,4.05,88.1,2820,3.16,141.3,3.57,113.1,3.78,101.6
A037350,성도이엔지,건설,2026-09-28,2.7,1.22,114075000000,False,False,,,,,726,1.61,68.3,1.75,54.6,1.93,39.9,1038,1.73,56.1,2.0,35.3,2.33,15.9,2696,2.18,24.1,2.42,11.5,2.6,3.8
A037370,EG,비철금속,2026-09-28,-56.26,11.8,36914880160,False,False,,,,,0,,,,,,,247,13.05,-531.2,13.33,-522.0,13.84,-506.4,922,15.89,-454.0,22.4,-351.2,23.71,-337.3
A037400,우리엔터프라이즈,디스플레이장비및부품,2026-09-28,-3.9,0.61,17674534530,False,False,,,,,546,1.22,-420.9,1.28,-405.4,1.32,-394.7,1043,1.29,-401.3,1.34,-390.0,1.39,-380.4,2086,1.15,-438.3,1.24,-414.9,1.32,-394.7
A037440,희림,건설,2026-09-28,4.84,3.1,58265557875,True,False,0.0,0.0,0.0,0.0,726,4.26,13.6,4.41,9.8,4.58,5.8,1223,4.45,8.7,4.7,3.1,4.84,-0.0,2633,4.89,-1.0,5.52,-12.3,6.4,-24.4
A037460,삼지전자,통신장비,2026-09-28,0.85,0.79,511585664700,False,False,,,,,726,1.11,-23.3,1.26,-32.7,1.3,-34.7,1223,1.29,-33.8,1.37,-37.7,1.43,-40.5,2758,1.45,-41.3,1.53,-44.3,1.6,-46.9
A037560,LG헬로비전,방송과엔터테인먼트,2026-09-28,2.3,2.28,119500512695,True,False,0.0,0.0,0.0,0.0,726,3.9,-41.0,4.26,-46.0,4.64,-50.5,1223,4.39,-47.6,4.87,-52.8,5.1,-55.0,2881,5.18,-55.6,5.55,-58.6,5.77,-60.2
A037710,광주신세계,백화점과일반상점,2026-09-28,4.63,3.46,265425585600,False,False,,,,,726,4.32,7.1,4.37,5.8,4.4,5.2,1223,4.0,15.6,4.11,12.6,4.17,11.0,2881,4.18,10.8,4.34,6.5,4.42,4.7
A037760,쎄니트,철강,2026-09-28,1564.38,4.42,81199010400,False,False,,,,,482,9.14,17022.8,9.22,16875.7,9.29,16737.3,979,5.75,27092.0,5.99,26004.1,6.23,25030.2,2514,5.91,26387.7,6.15,25349.6,6.32,24669.7
A037950,엘컴텍,전자장비와기기,2026-09-28,10.7,8.47,45010525495,False,False,,,,,726,15.07,-29.0,19.47,-45.0,22.23,-51.9,1220,12.54,-14.7,14.73,-27.4,19.47,-45.0,2571,19.47,-45.0,21.52,-50.3,22.86,-53.2
A038010,제일테크노스,조선,2026-09-28,6.44,1.65,47340000000,False,False,,,,,726,1.86,247.3,1.92,236.5,1.97,227.2,1157,1.93,234.1,2.03,217.9,2.18,195.0,2572,2.26,185.6,2.79,131.0,3.28,96.4
A038060,루멘스바이오스,디스플레이장비및부품,2026-09-28,-7.05,9.48,33143014541,False,False,,,,,304,17.68,-139.9,19.25,-136.6,19.57,-136.0,735,13.2,-153.4,14.31,-149.3,17.52,-140.2,1473,12.29,-157.4,13.45,-152.4,13.97,-150.5
A038070,서린바이오,생물공학,2026-09-28,72.24,8.54,36412146540,False,False,,,,,661,31.98,125.8,34.11,111.8,48.45,49.1,1158,11.52,527.0,12.05,499.7,12.76,466.0,2816,13.11,450.9,16.42,339.8,18.42,292.2
A038110,에코플라스틱,자동차부품,2026-09-28,2.64,1.51,83573821100,False,False,,,,,726,1.85,43.1,2.02,30.5,2.2,20.1,1223,2.13,23.9,2.38,11.1,2.53,4.6,2414,2.5,5.9,2.7,-2.0,3.1,-14.7
A038290,마크로젠,생명과학도구및서비스,2026-09-28,7.1,6.17,133457634000,True,False,,,,,499,7.27,-2.3,9.74,-27.1,11.56,-38.6,996,11.24,-36.9,12.89,-44.9,13.58,-47.7,2529,14.26,-50.2,14.93,-52.4,17.03,-58.3
A038390,레드캡투어,도로와철도운송,2026-09-28,3.39,1.65,166372178900,False,False,,,,,726,3.03,12.0,3.07,10.6,3.15,7.7,1223,3.1,9.4,3.28,3.3,3.38,0.4,2881,3.36,0.9,3.47,-2.3,3.72,-8.8
A038460,바이오스마트,전기장비,2026-09-28,2.54,2.17,71021463020,False,False,,,,,726,2.6,-2.4,2.98,-14.9,3.49,-27.3,1223,3.11,-18.4,3.86,-34.1,4.01,-36.7,2758,4.11,-38.2,5.02,-49.4,6.0,-57.6
A038500,삼표시멘트,건축자재,2026-09-28,10.67,2.86,723039250200,False,False,,,,,726,3.13,241.0,3.21,232.2,3.25,227.8,1223,3.23,230.5,3.3,223.0,3.37,216.3,2850,3.54,201.5,3.98,168.1,4.63,130.5
A038530,케이바이오랩스,IT서비스,2026-09-28,9.24,7.99,20142513360,False,False,,,,,422,11.86,-22.1,15.32,-39.7,16.52,-44.1,545,12.42,-25.6,16.5,-44.0,17.01,-45.7,789,16.08,-42.6,16.79,-45.0,17.31,-46.6
A038540,상상인,기타금융,2026-09-28,-17.88,1.44,105400436265,False,False,,,,,124,1.54,-1262.8,1.55,-1253.4,1.56,-1245.2,559,1.8,-1093.4,3.04,-688.8,3.11,-675.7,2217,2.76,-748.3,3.1,-676.6,3.27,-646.7
A038620,위즈코프,운송인프라,2026-09-28,26.9,10.84,30367515465,False,False,,,,,726,16.34,64.6,18.52,45.3,18.85,42.7,1220,18.67,44.0,19.19,40.1,19.93,34.9,2819,21.02,27.9,24.23,11.0,30.9,-13.0
A038680,에스넷,IT서비스,2026-09-28,5.77,2.61,74274154660,False,False,,,,,726,4.69,23.2,4.94,16.8,5.26,9.7,914,4.8,20.3,5.21,10.8,5.53,4.3,2200,5.25,9.9,5.6,3.2,5.91,-2.2
A038870,에코심플렉스,에너지장비및서비스,2026-09-28,-9.42,3.57,30622663565,False,False,,,,,0,,,,,,,188,89.48,-110.5,91.36,-110.3,94.15,-110.0,1541,6.86,-237.4,8.46,-211.3,10.51,-189.6
A038880,아이에이,자동차부품,2026-09-28,-11.29,7.4,24684879555,False,False,,,,,0,,,,,,,312,45.11,-125.0,46.77,-124.1,50.01,-122.6,1745,14.28,-179.1,15.01,-175.2,16.21,-169.7
A038950,파인디지털,전자제품,2026-09-28,-6.73,9.29,30632295000,False,False,,,,,0,,,,,,,187,23.18,-129.0,23.97,-128.1,24.53,-127.4,862,10.18,-166.1,10.44,-164.4,10.92,-161.6
A039010,현대에이치티,통신장비,2026-09-28,88.67,3.44,72536250000,False,False,,,,,605,5.1,1637.4,5.54,1499.2,5.75,1440.7,1040,5.6,1482.0,5.96,1387.7,6.23,1322.8,2698,4.67,1797.1,4.87,1721.6,5.14,1625.7
A039020,이건홀딩스,건축자재,2026-09-28,8.27,1.81,58720243400,False,False,,,,,483,7.04,17.5,7.19,15.0,7.42,11.4,980,2.71,205.2,2.95,180.1,3.17,161.3,2207,2.9,185.1,3.19,159.1,3.38,144.8
A039030,이오테크닉스,반도체와반도체장비,2026-09-28,30.82,4.9,5771709175000,True,False,0.0,0.0,0.0,0.0,726,20.89,47.5,21.6,42.6,22.35,37.9,1223,10.13,204.3,10.77,186.0,11.34,171.8,2881,9.91,211.1,10.46,194.5,11.0,180.2
A039130,하나투어,"호텔,레스토랑,레저",2026-09-28,7.9,7.26,469344939600,True,False,-1.48,-1.65,-1.48,-1.65,726,8.53,-7.3,9.1,-13.2,9.96,-20.7,1061,9.09,-13.0,10.27,-23.0,10.69,-26.1,2447,10.86,-27.2,11.28,-30.0,11.89,-33.5
A039200,오스코텍,제약,2026-09-28,84.29,12.46,1348600704000,True,False,0.0,0.0,0.0,0.0,604,18.32,360.0,20.63,308.6,22.72,271.1,646,19.09,341.6,21.01,301.1,22.86,268.8,990,21.36,294.7,24.08,250.1,28.61,194.6
A039240,경남스틸,철강,2026-09-28,8.66,3.25,50883533144,False,False,,,,,726,7.5,15.5,7.64,13.3,7.75,11.8,1223,7.11,21.9,7.3,18.6,7.5,15.4,2881,4.46,94.1,5.88,47.2,6.65,30.3
A039290,인포뱅크,IT서비스,2026-09-28,-17.45,23.67,35123671120,False,False,,,,,0,,,,,,,312,34.81,-150.1,36.08,-148.4,38.24,-145.6,1847,29.43,-159.3,31.9,-154.7,34.89,-150.0
A039310,세중,소프트웨어,2026-09-28,-21.4,3.91,22452745413,False,False,,,,,362,10.95,-295.4,11.79,-281.5,13.52,-258.3,365,11.06,-293.4,11.83,-281.0,13.52,-258.3,2023,5.22,-509.8,5.44,-493.4,5.79,-469.8
A039340,한국경제TV,방송과엔터테인먼트,2026-09-28,92.99,4.36,107250000000,False,False,,,,,422,24.4,281.1,25.3,267.5,26.64,249.1,919,6.0,1450.2,6.51,1329.3,7.61,1122.0,2577,5.34,1641.7,5.72,1526.7,5.97,1458.3
A039420,케이엘넷,IT서비스,2026-09-28,6.38,5.47,61612678890,False,False,,,,,726,6.1,4.6,6.2,2.8,6.31,1.1,1223,6.23,2.4,6.38,0.0,6.54,-2.6,2881,6.61,-3.6,6.82,-6.4,7.09,-10.1
A039440,에스티아이,반도체와반도체장비,2026-09-28,26.17,2.57,323321929950,False,False,,,,,726,3.82,584.4,4.02,550.4,4.23,518.3,1223,3.85,579.1,4.01,552.7,4.23,518.3,2881,4.25,515.3,4.56,473.5,4.79,446.5
A039490,키움증권,증권,2026-09-28,3.35,2.12,6740677212000,True,False,-0.57,-1.08,-1.23,-2.72,726,2.67,25.5,2.74,22.4,2.8,19.5,1223,2.5,34.2,2.57,30.5,2.61,28.1,2881,2.64,26.9,2.76,21.3,2.93,14.3
A039560,다산네트웍스,통신장비,2026-09-28,2.49,1.97,109365593400,False,False,,,,,304,2.36,5.8,2.46,1.3,2.78,-10.2,567,2.55,-2.1,3.49,-28.6,3.97,-37.2,2185,4.32,-42.2,4.96,-49.7,5.46,-54.4
A039570,HDC랩스,건설,2026-09-28,11.44,5.04,193124551440,False,False,,,,,726,5.49,108.3,12.41,-7.9,12.77,-10.5,1223,12.56,-9.0,13.03,-12.2,13.35,-14.4,2698,10.81,5.8,11.28,1.4,11.74,-2.6
A039610,화성밸브,기계,2026-09-28,-42.24,5.32,62670608000,False,False,,,,,546,5.87,-820.2,6.01,-803.3,6.17,-784.5,1043,6.16,-785.9,6.51,-748.4,8.6,-591.3,2701,8.19,-616.0,10.55,-500.4,11.13,-479.6
A039740,한국정보공학,판매업체,2026-09-28,17.56,7.13,24295742910,False,False,,,,,726,17.62,-0.4,18.19,-3.5,23.62,-25.7,1223,13.16,33.4,15.49,13.4,16.92,3.7,2022,15.64,12.3,17.59,-0.2,18.96,-7.4
A039830,오로라,레저용장비와제품,2026-09-28,2.15,1.79,169730775300,True,False,0.0,,-3.72,,726,2.02,6.2,2.07,3.9,2.14,0.6,1223,2.09,2.9,2.21,-2.8,2.3,-6.4,2881,2.36,-8.8,2.69,-20.0,3.27,-34.2
A039840,디오,건강관리장비와용품,2026-09-28,5.11,4.7,125974624920,True,False,0.0,0.0,-9.57,-10.81,726,5.85,-12.6,6.99,-26.8,7.27,-29.7,1187,6.95,-26.4,7.28,-29.8,7.47,-31.5,2844,7.59,-32.7,8.67,-41.0,9.47,-46.0
A039860,나노엔텍,생명과학도구및서비스,2026-09-28,101.42,19.81,170466412175,False,False,,,,,483,36.57,177.3,43.4,133.7,84.4,20.2,918,25.6,296.2,29.49,243.9,32.88,208.5,1838,32.63,210.9,35.14,188.7,36.87,175.1
A039980,폴라리스AI,IT서비스,2026-09-28,-23.3,5.37,71762257860,False,False,,,,,181,33.3,-170.0,33.7,-169.1,34.4,-167.7,331,32.49,-171.7,33.22,-170.1,33.7,-169.1,1497,10.44,-323.3,11.44,-303.7,13.61,-271.2
A040160,누리플렉스,IT서비스,2026-09-28,-8.79,3.54,77360615010,False,False,,,,,121,4.01,-319.4,4.08,-315.4,4.14,-312.3,618,5.33,-264.9,5.83,-250.9,6.54,-234.5,2239,5.28,-266.5,5.68,-254.9,5.95,-247.9
A040300,YTN,방송과엔터테인먼트,2026-09-28,-12.15,11.85,107511589900,False,False,,,,,0,,,,,,,435,16.92,-171.8,21.67,-156.0,30.62,-139.7,1523,15.26,-179.6,17.43,-169.7,20.63,-158.9
A040420,정상제이엘에스,교육서비스,2026-09-28,8.86,5.7,91556903680,True,False,0.0,0.0,0.0,0.0,726,6.33,39.9,6.58,34.6,6.65,33.3,1223,6.11,44.9,6.16,43.8,6.19,43.2,2881,6.21,42.7,6.32,40.1,6.64,33.4
A040610,SG&G,자동차부품,2026-09-28,10.37,1.83,53857769680,False,False,,,,,726,8.24,25.9,8.45,22.7,9.12,13.6,1039,8.41,23.3,9.22,12.5,10.11,2.6,2511,3.17,226.6,3.55,192.2,3.74,176.9
A040910,아이씨디,디스플레이장비및부품,2026-09-28,128.22,2.24,75059755750,False,False,,,,,180,13.53,847.9,14.88,761.5,15.78,712.7,508,5.09,2421.2,5.21,2360.3,5.35,2297.7,1817,3.41,3659.3,3.8,3275.5,4.07,3051.7
A041020,폴라리스오피스,자동차부품,2026-09-28,16.47,6.25,156752366915,False,False,,,,,726,17.31,-4.9,22.52,-26.9,24.24,-32.0,1157,21.55,-23.6,23.3,-29.3,24.37,-32.4,1299,15.63,5.4,20.47,-19.5,23.14,-28.8
A041190,우리기술투자,창업투자,2026-09-28,9.09,0.6,462840000000,False,False,,,,,666,2.89,214.3,2.99,204.5,3.05,198.4,978,0.9,906.6,0.98,825.2,2.01,352.6,2574,2.6,249.4,3.05,198.6,3.33,173.5
A041440,현대에버다임,기계,2026-09-28,15.93,4.73,119004219040,False,False,,,,,665,8.93,78.4,9.3,71.4,9.7,64.3,1103,7.84,103.3,8.99,77.1,9.31,71.2,2761,6.08,162.1,6.42,148.2,7.1,124.3
A041460,한국전자인증,IT서비스,2026-09-28,8.36,7.9,63175000000,False,False,,,,,726,9.04,-7.5,9.49,-11.9,10.06,-16.9,1223,9.7,-13.8,10.89,-23.2,11.86,-29.5,2881,12.53,-33.3,15.49,-46.0,17.79,-53.0
A041510,에스엠,방송과엔터테인먼트,2026-09-28,9.12,7.24,1884232987000,True,False,-0.02,-0.12,-0.45,-0.32,726,9.04,0.8,10.02,-9.0,10.7,-14.8,1223,10.21,-10.7,11.28,-19.2,11.86,-23.1,2881,11.91,-23.4,12.64,-27.9,13.14,-30.6
A041520,이엘씨,반도체와반도체장비,2026-09-28,42.27,3.09,152359125000,False,False,,,,,60,27.78,52.1,28.4,48.8,29.56,43.0,63,27.58,53.2,27.85,51.7,28.47,48.5,1354,4.31,880.6,4.57,825.3,4.85,770.9
A041590,플래스크,건설,2026-09-28,-87.58,7.59,116064014460,False,False,,,,,0,,,,,,,0,,,,,,,545,10.8,-911.3,13.03,-772.4,16.29,-637.6
A041650,상신브레이크,자동차부품,2026-09-28,15.22,2.21,46163617500,False,False,,,,,547,2.53,501.8,2.64,476.4,2.79,445.9,1044,2.76,451.3,2.85,433.4,2.92,422.1,2702,3.01,406.3,3.29,362.1,3.53,331.0
A041830,인바디,건강관리장비와용품,2026-09-28,9.91,5.68,732011892600,True,True,0.34,0.46,0.64,0.52,726,6.7,47.9,6.84,44.9,6.97,42.0,1223,6.54,51.5,6.73,47.2,6.88,44.0,2881,6.96,42.2,7.34,35.0,7.68,29.0
A041910,폴라리스AI파마,제약,2026-09-28,29.07,14.27,74519593500,False,False,,,,,726,16.19,79.5,19.88,46.2,25.36,14.6,1223,16.93,71.7,20.51,41.7,22.5,29.2,2758,18.2,59.7,20.77,39.9,22.95,26.7
A041920,메디아나,건강관리장비와용품,2026-09-28,8.44,4.61,176683118500,True,False,0.0,0.0,-26.27,-36.93,726,7.73,9.2,9.36,-9.8,11.31,-25.4,1223,7.21,17.0,7.51,12.4,7.75,8.9,2881,7.31,15.5,7.66,10.1,8.05,4.8
A041930,SY동아,자동차부품,2026-09-28,6.12,3.64,76000000000,False,False,,,,,726,4.63,32.1,4.76,28.6,4.84,26.5,1223,4.79,27.7,4.92,24.3,5.01,22.2,2881,4.65,31.7,4.8,27.6,4.95,23.7
A041960,코미팜,제약,2026-09-28,418.86,43.33,738720189900,False,False,,,,,545,48.45,764.4,66.04,534.2,75.55,454.4,545,48.45,764.4,66.04,534.2,75.55,454.4,910,67.1,524.2,91.98,355.4,111.31,276.3
A042000,카페24,IT서비스,2026-09-28,12.11,7.67,454066013820,False,False,,,,,674,10.14,19.4,13.28,-8.8,14.56,-16.8,699,10.32,17.3,13.66,-11.4,14.78,-18.1,1740,15.09,-19.8,16.69,-27.4,19.94,-39.3
A042040,케이피엠테크,화학,2026-09-28,-4.4,5.58,44655603650,False,False,,,,,0,,,,,,,0,,,,,,,248,5.8,-175.9,9.88,-144.5,10.52,-141.8
A042110,에스씨디,전기제품,2026-09-28,19.51,5.19,48667870948,False,False,,,,,726,7.34,165.9,7.47,161.3,7.95,145.5,1223,6.99,179.2,7.5,160.1,8.01,143.7,2881,8.13,140.0,8.5,129.7,8.8,121.9
A042370,비츠로테크,전기제품,2026-09-28,4.98,2.1,292130278750,False,False,,,,,726,3.77,32.0,3.87,28.5,3.94,26.2,1223,3.9,27.7,4.04,23.2,4.17,19.4,2572,3.73,33.6,3.94,26.5,4.11,21.2
A042420,네오위즈홀딩스,게임엔터테인먼트,2026-09-28,4.42,2.5,191750764650,False,False,,,,,726,3.54,24.8,3.73,18.5,3.93,12.5,1100,3.73,18.3,4.04,9.5,4.22,4.6,2758,3.66,20.7,4.1,7.7,4.48,-1.4
A042500,링네트,IT서비스,2026-09-28,6.43,3.34,94514450560,False,False,,,,,726,4.3,49.4,4.51,42.5,4.88,31.8,1223,4.67,37.8,5.25,22.5,5.64,14.0,2881,5.8,10.9,6.18,4.1,6.68,-3.6
A042510,라온시큐어,소프트웨어,2026-09-28,23.52,8.26,131715120080,True,False,0.0,0.0,,,692,9.98,135.8,10.55,122.9,11.41,106.1,1064,10.62,121.4,11.66,101.7,12.23,92.3,2394,12.39,89.9,13.86,69.7,15.39,52.8
A042520,한스바이오메드,건강관리장비와용품,2026-09-28,10.96,4.57,256847219670,True,False,0.0,0.0,-15.99,-14.73,380,11.51,-4.7,13.73,-20.1,15.77,-30.5,627,14.09,-22.2,16.23,-32.5,17.81,-38.5,2093,11.09,-1.2,11.91,-8.0,13.59,-19.4
A042600,새로닉스,가정용기기와용품,2026-09-28,-35.77,3.0,149952538180,False,False,,,,,427,13.94,-356.6,15.34,-333.2,16.53,-316.4,617,15.06,-337.5,16.77,-313.3,17.48,-304.6,2154,4.84,-838.7,5.97,-698.8,9.28,-485.5
A042660,한화오션,조선,2026-09-28,10.15,2.96,24513071520000,True,False,0.23,0.02,0.04,-0.83,726,13.8,-26.5,16.57,-38.7,18.86,-46.2,1036,10.61,-4.4,11.33,-10.4,12.49,-18.7,2586,5.54,83.2,6.29,61.3,6.79,49.5
A042700,한미반도체,반도체와반도체장비,2026-09-28,44.54,4.98,22350710900000,True,False,0.0,0.0,0.0,0.0,726,17.24,158.3,17.77,150.7,18.64,139.0,1223,10.24,334.9,11.0,304.7,11.44,289.4,2881,7.54,490.7,7.87,465.5,8.25,439.9
A042940,상지건설,건설,2026-09-28,-6.74,1.17,37831064480,False,False,,,,,181,1.24,-644.7,1.26,-636.3,1.27,-629.4,366,1.27,-628.8,1.32,-609.9,1.36,-594.2,843,1.41,-579.8,1.76,-482.9,1.96,-444.6
A043100,알파AI,건강관리장비와용품,2026-09-28,-1.5,43.38,10457241600,False,False,,,,,0,,,,,,,3,,,,,,,247,43.38,-103.5,43.38,-103.5,43.38,-103.5
A043150,바텍,건강관리장비와용품,2026-09-28,3.98,3.94,262326160960,True,False,0.0,0.0,0.0,0.0,726,4.41,-9.7,4.57,-12.8,4.66,-14.6,1223,4.61,-13.7,4.77,-16.5,4.89,-18.5,2881,4.97,-19.9,5.2,-23.4,5.43,-26.7
A043200,파루,에너지장비및서비스,2026-09-28,-142.47,5.7,26085891936,False,False,,,,,181,29.03,-590.7,29.48,-583.3,29.92,-576.2,181,29.03,-590.7,29.48,-583.3,29.92,-576.2,800,7.53,-1992.3,7.98,-1885.8,8.34,-1808.8
A043220,티에스넥스젠,기계,2026-09-28,-9.24,25.6,28191099330,False,False,,,,,0,,,,,,,0,,,,,,,431,32.85,-128.1,33.96,-127.2,35.57,-126.0
A043260,성호전자,전기제품,2026-09-28,21.75,1.75,1882523607600,True,False,0.0,0.0,-2.06,0.74,542,2.35,823.8,2.47,780.9,2.63,728.2,977,2.56,750.7,2.96,633.9,3.16,588.1,2139,3.27,565.1,7.51,189.5,11.59,87.7
A043340,에쎈테크,기계,2026-09-28,10.33,10.33,30542500000,False,False,,,,,364,13.39,-22.9,14.29,-27.7,16.83,-38.6,613,15.42,-33.0,16.63,-37.9,16.94,-39.0,2088,17.74,-41.8,21.14,-51.1,23.1,-55.3
A043360,디지아이,컴퓨터와주변기기,2026-09-28,-18.96,50.19,21060000000,False,False,,,,,0,,,,,,,128,125.63,-115.1,126.51,-115.0,128.0,-114.8,491,53.53,-135.4,54.85,-134.6,56.36,-133.6
A043370,피에이치에이,자동차부품,2026-09-28,5.05,3.03,237300000000,True,False,0.0,0.0,0.0,0.0,726,3.39,49.0,3.41,47.7,3.5,44.3,1223,3.44,46.9,3.6,40.2,3.85,31.0,2881,3.82,32.1,4.04,24.8,4.18,20.6
A043590,웰킵스하이텍,전기제품,2026-09-28,-8.83,14.29,23459730749,False,False,,,,,121,25.1,-135.2,25.59,-134.5,25.82,-134.2,429,24.22,-136.5,25.75,-134.3,26.69,-133.1,812,21.47,-141.1,24.55,-136.0,25.79,-134.2
A043610,KT지니뮤직,방송과엔터테인먼트,2026-09-28,4.82,3.53,67355792642,False,False,,,,,726,4.88,-1.2,5.13,-5.9,5.64,-14.4,1223,5.46,-11.6,5.92,-18.5,6.67,-27.6,2881,6.91,-30.2,8.49,-43.2,9.89,-51.2
A043650,국순당,음료,2026-09-28,-26.62,8.3,63486270720,False,False,,,,,304,17.0,-256.6,17.61,-251.2,22.12,-220.4,801,10.47,-354.2,13.26,-300.7,13.78,-293.2,1167,13.19,-301.8,13.88,-291.8,14.61,-282.2
A043710,코스리거글로벌,건강관리업체및서비스,2026-09-28,-9.29,4.83,51591255960,False,False,,,,,0,,,,,,,184,5.83,-259.3,6.24,-249.0,6.71,-238.4,407,5.87,-258.4,6.54,-242.2,7.34,-226.6
A043910,자연과환경,상업서비스와공급품,2026-09-28,-9.19,13.36,36171872550,False,False,,,,,304,15.96,-157.6,16.32,-156.3,16.55,-155.6,489,16.37,-156.2,16.96,-154.2,18.6,-149.4,1164,18.76,-149.0,19.42,-147.3,27.57,-133.3
A044180,KD,건설,2026-09-28,1.24,1.24,5477148795,False,False,,,,,482,1.24,0.0,1.63,-24.0,1.68,-26.2,605,1.53,-18.9,1.67,-25.9,2.53,-51.1,1223,2.54,-51.3,3.23,-61.7,3.62,-65.8
A044340,위닉스,가정용기기와용품,2026-09-28,-0.43,4.18,49777488625,False,False,,,,,304,13.21,-103.3,13.97,-103.1,14.53,-103.0,678,11.62,-103.7,12.13,-103.6,12.41,-103.5,2062,5.87,-107.4,6.41,-106.8,7.48,-105.8
A044380,주연테크,컴퓨터와주변기기,2026-09-28,-30.11,100.83,6058793776,False,False,,,,,0,,,,,,,0,,,,,,,310,113.24,-126.6,115.46,-126.1,151.29,-119.9
A044450,KSS해운,해운사,2026-09-28,2.5,1.68,280638635750,False,False,,,,,726,1.89,32.5,1.92,30.1,1.96,27.8,1223,1.92,30.3,1.96,27.7,2.0,25.1,2881,2.02,23.7,2.07,20.7,2.19,14.5
A044480,빌리언스,방송과엔터테인먼트,2026-09-28,484.04,53.01,22145109390,False,False,,,,,121,68.11,610.6,70.53,586.3,75.73,539.2,121,68.11,610.6,70.53,586.3,75.73,539.2,121,68.11,610.6,70.53,586.3,75.73,539.2
A044490,태웅,에너지장비및서비스,2026-09-28,20.87,3.84,744274573200,True,False,0.0,0.0,-9.48,-9.52,726,5.75,263.0,6.21,236.1,6.61,215.8,1157,6.27,232.7,6.82,206.2,7.77,168.4,2081,7.2,189.8,9.02,131.4,10.89,91.6
A044780,에이치케이,기계,2026-09-28,-17.7,4.7,25352928190,False,False,,,,,181,14.17,-225.0,14.23,-224.4,14.33,-223.5,678,6.37,-378.1,6.9,-356.7,7.01,-352.7,2272,7.56,-334.2,8.85,-300.1,10.51,-268.5
A044820,코스맥스비티아이,건강관리업체및서비스,2026-09-28,5.63,4.02,243459397350,False,False,,,,,726,4.4,28.1,4.54,24.0,4.64,21.5,1223,4.56,23.6,4.7,19.8,4.78,18.0,2633,4.81,17.1,5.31,6.1,5.68,-0.8
A044960,이글벳,제약,2026-09-28,8.76,8.02,39253046715,False,False,,,,,726,8.99,-2.5,11.32,-22.6,12.23,-28.3,1223,11.61,-24.5,12.84,-31.8,13.5,-35.1,2881,14.19,-38.2,17.52,-50.0,19.48,-55.0
A044990,에이치엔에스하이텍,전자장비와기기,2026-09-28,7.52,5.2,84155403750,False,False,,,,,484,5.59,34.5,6.17,21.8,7.48,0.6,484,5.59,34.5,6.17,21.8,7.48,0.6,484,5.59,34.5,6.17,21.8,7.48,0.6
A045060,오공,화학,2026-09-28,3.53,3.53,35324015790,False,False,,,,,726,4.16,-15.3,4.32,-18.5,4.41,-20.0,1223,4.35,-19.0,4.54,-22.3,4.92,-28.4,2881,4.78,-26.3,5.33,-33.8,5.98,-41.1
A045100,한양이엔지,반도체와반도체장비,2026-09-28,3.77,2.16,553875000000,True,True,,,,,726,3.27,15.3,3.4,11.1,3.46,9.2,1223,3.31,13.9,3.42,10.5,3.46,9.1,2881,3.13,20.7,3.41,10.6,3.52,7.2
A045300,성우테크론,반도체와반도체장비,2026-09-28,5.58,4.09,28476932400,False,False,,,,,545,5.59,-0.1,11.02,-49.4,12.28,-54.6,1042,6.53,-14.6,6.94,-19.5,8.29,-32.6,2700,6.17,-9.5,6.82,-18.1,7.59,-26.5
A045340,토탈소프트,운송인프라,2026-09-28,6.63,4.86,58793734800,False,False,,,,,726,5.83,13.8,6.02,10.1,6.18,7.3,1223,6.07,9.2,6.35,4.5,6.62,0.1,2509,6.64,-0.1,8.6,-22.9,9.61,-31.0
A045390,대아티아이,도로와철도운송,2026-09-28,42.05,4.77,216000900505,False,False,,,,,726,29.27,43.6,30.12,39.6,31.18,34.8,1223,24.62,70.8,26.65,57.8,27.89,50.8,2881,11.35,270.6,15.59,169.6,17.51,140.2
A045510,정원엔시스,IT서비스,2026-09-28,7.2,4.3,34061313474,False,False,,,,,726,7.66,-6.0,10.1,-28.8,11.98,-39.9,1223,11.53,-37.6,12.89,-44.2,13.78,-47.8,2881,7.95,-9.5,12.73,-43.5,14.25,-49.5
A045520,크린앤사이언스,화학,2026-09-28,-11.27,5.7,22652500000,False,False,,,,,244,18.62,-160.5,18.79,-160.0,19.63,-157.4,247,18.63,-160.5,18.79,-160.0,19.66,-157.3,1905,7.74,-245.7,8.21,-237.4,8.65,-230.3
A045660,에이텍,컴퓨터와주변기기,2026-09-28,4.06,3.54,70457800000,False,False,,,,,543,4.5,-9.8,8.29,-51.1,8.74,-53.6,1040,8.68,-53.2,9.24,-56.1,9.7,-58.2,2698,8.25,-50.8,9.29,-56.3,11.66,-65.2
A045970,코아시아,핸드셋,2026-09-28,-7.15,3.38,91707342860,False,False,,,,,0,,,,,,,0,,,,,,,1286,5.11,-239.8,5.91,-221.0,6.5,-210.0
A046120,오르비텍,에너지장비및서비스,2026-09-28,-14.55,6.86,184173555520,False,False,,,,,119,32.36,-145.0,34.93,-141.7,36.32,-140.1,306,15.47,-194.0,16.52,-188.1,17.44,-183.4,1602,13.13,-210.8,15.07,-196.5,17.5,-183.1
A046210,HLB파나진,생명과학도구및서비스,2026-09-28,-19.1,19.2,65196038720,False,False,,,,,0,,,,,,,497,23.85,-180.1,25.6,-174.6,28.43,-167.2,1160,26.09,-173.2,27.58,-169.2,29.35,-165.1
A046310,백금T&A,통신장비,2026-09-28,21.42,1.23,37516594685,False,False,,,,,726,2.79,668.1,2.84,653.1,2.9,639.6,1223,2.84,654.5,2.9,638.2,2.98,618.2,2632,2.85,652.8,2.97,620.3,3.06,599.4
A046390,삼화네트웍스,방송과엔터테인먼트,2026-09-28,-22.43,6.58,35919879840,False,False,,,,,301,14.02,-259.9,14.28,-257.0,14.53,-254.3,670,8.97,-350.0,9.42,-338.2,10.39,-315.9,1617,8.45,-365.3,9.24,-342.7,10.32,-317.2
A046440,KG파이낸셜,IT서비스,2026-09-28,3.87,2.91,147720322950,True,False,0.0,0.0,0.0,0.0,726,3.32,16.7,3.45,12.3,3.55,9.0,1223,3.51,10.3,3.63,6.7,3.84,0.8,2881,3.95,-2.0,4.22,-8.2,4.56,-15.0
A046890,서울반도체,디스플레이장비및부품,2026-09-28,25.18,7.8,595881188000,True,False,0.0,0.0,0.0,0.0,684,17.44,44.4,18.07,39.3,18.57,35.6,1181,9.56,163.3,10.8,133.1,13.02,93.4,2839,9.95,153.2,10.51,139.7,11.19,124.9
A046940,우원개발,건설,2026-09-28,0.83,0.74,49704462500,False,False,,,,,726,0.93,-10.9,1.13,-26.6,1.22,-31.8,1098,1.14,-26.7,1.27,-34.5,1.46,-43.1,2695,3.14,-73.4,3.62,-77.0,3.95,-78.9
A046970,우리로,컴퓨터와주변기기,2026-09-28,73.03,8.4,338767242270,False,False,,,,,121,41.0,78.1,42.14,73.3,43.32,68.6,556,10.82,575.2,14.96,388.3,15.85,360.8,1130,15.26,378.6,16.03,355.7,16.91,331.8
A047040,대우건설,건설,2026-09-28,9.39,1.82,7675754677840,True,False,0.23,0.04,-0.26,-0.44,726,2.33,303.4,2.42,287.9,2.53,271.0,1223,2.39,293.1,2.45,282.6,2.5,275.2,2881,2.49,277.2,2.6,261.3,2.75,241.8
A047050,포스코인터내셔널,무역회사와판매업체,2026-09-28,6.54,1.85,10010006637200,True,False,0.14,0.04,0.41,0.26,726,6.22,5.1,6.54,0.0,6.77,-3.5,1223,3.56,83.8,3.88,68.3,4.07,60.8,2881,3.49,87.3,3.67,78.0,3.85,69.8
A047080,한빛소프트,게임엔터테인먼트,2026-09-28,9.83,8.18,26311703720,False,False,,,,,180,9.34,5.3,9.56,2.8,9.75,0.9,490,9.95,-1.2,11.89,-17.4,12.54,-21.6,921,10.44,-5.8,13.59,-27.7,23.72,-58.6
A047310,파워로직스,핸드셋,2026-09-28,7.1,3.31,114591663150,False,False,,,,,426,7.06,0.5,17.55,-59.5,21.63,-67.2,795,6.78,4.7,7.27,-2.4,9.41,-24.5,2360,5.69,24.8,6.4,10.8,6.64,6.8
A047400,유니온머티리얼,자동차부품,2026-09-28,7.76,6.91,39690000000,False,False,,,,,180,7.48,3.7,7.67,1.2,7.83,-1.0,429,7.96,-2.5,8.5,-8.7,10.83,-28.4,1781,14.4,-46.1,15.37,-49.5,15.97,-51.4
A047560,이스트소프트,소프트웨어,2026-09-28,-5.33,9.66,88853299920,False,False,,,,,213,42.15,-112.6,44.11,-112.1,45.26,-111.8,481,11.94,-144.7,12.22,-143.6,12.4,-143.0,1093,12.12,-144.0,12.43,-142.9,12.87,-141.4
A047770,코데즈컴바인,"섬유,의류,신발,호화품",2026-09-28,31.58,11.02,133962811080,False,False,,,,,726,21.32,48.2,22.43,40.8,22.75,38.8,1223,17.82,77.3,19.68,60.5,20.38,55.0,2386,19.6,61.2,20.57,53.5,21.3,48.3
A047810,한국항공우주,우주항공과국방,2026-09-28,25.14,6.1,12632773867200,True,False,-2.16,-0.52,-3.44,-1.61,726,15.36,63.7,16.24,54.8,17.04,47.5,1223,15.14,66.0,16.0,57.1,16.58,51.6,2881,13.06,92.5,14.17,77.3,14.86,69.2
A047820,초록뱀미디어,방송과엔터테인먼트,2026-09-28,310.55,7.18,78497115300,False,False,,,,,179,13.02,2285.9,14.66,2018.5,14.66,2018.5,610,13.94,2128.0,14.66,2018.5,14.66,2018.5,1492,12.32,2419.9,13.05,2279.2,13.94,2128.0
A047920,HLB제약,제약,2026-09-28,168.69,25.71,315529804720,False,False,,,,,298,142.25,18.6,153.1,10.2,228.96,-26.3,423,151.33,11.5,236.38,-28.6,253.25,-33.4,1228,51.25,229.1,56.41,199.1,67.6,149.5
A048410,현대바이오,화장품,2026-09-28,-34.08,66.0,657202945320,False,False,,,,,181,538.82,-106.3,550.08,-106.2,557.88,-106.1,181,538.82,-106.3,550.08,-106.2,557.88,-106.1,1350,86.75,-139.3,96.06,-135.5,106.28,-132.1
A048430,유라테크,자동차부품,2026-09-28,-50.84,7.4,70848000000,False,False,,,,,605,8.62,-690.0,8.86,-673.8,9.2,-652.8,915,8.86,-673.6,9.33,-644.8,10.83,-569.5,2267,9.71,-623.5,10.73,-573.7,11.6,-538.3
A048470,대동스틸,철강,2026-09-28,24.15,2.65,27502500000,False,False,,,,,60,21.17,14.1,21.3,13.4,21.31,13.3,310,3.09,681.5,3.25,643.8,3.37,617.7,1226,3.82,532.5,4.79,403.8,5.33,353.3
A048530,인트론바이오,생명과학도구및서비스,2026-09-28,-11.31,16.35,89431639410,False,False,,,,,0,,,,,,,312,54.91,-120.6,56.97,-119.9,58.43,-119.4,1424,45.92,-124.6,52.39,-121.6,56.89,-119.9
A048550,SM C&C,광고,2026-09-28,-114.62,14.55,102904355680,False,False,,,,,422,27.4,-518.2,30.95,-470.3,35.36,-424.1,853,35.49,-423.0,44.26,-358.9,55.79,-305.4,1765,20.11,-670.0,25.04,-557.6,29.42,-489.6
A048770,TPC로보틱스,기계,2026-09-28,-74.95,5.33,64440253055,False,False,,,,,0,,,,,,,435,33.36,-324.6,35.4,-311.7,36.95,-302.8,1806,12.4,-704.2,15.05,-597.8,17.88,-519.3
A048830,엔피케이,화학,2026-09-28,13.02,10.44,19547775612,False,False,,,,,484,13.02,0.0,16.24,-19.8,16.75,-22.2,981,15.61,-16.6,16.24,-19.8,16.8,-22.5,2140,16.07,-19.0,17.06,-23.7,17.57,-25.9
A048870,시너지이노베이션,건강관리장비와용품,2026-09-28,7.36,6.47,139032787614,False,False,,,,,726,8.53,-13.7,9.72,-24.2,10.2,-27.8,1161,7.83,-5.9,9.29,-20.8,9.98,-26.2,2141,9.78,-24.7,10.71,-31.3,11.52,-36.1
A048910,대원미디어,방송과엔터테인먼트,2026-09-28,3.86,3.42,87549464160,True,False,0.0,0.0,,,726,4.64,-16.8,5.41,-28.5,5.79,-33.2,1223,5.61,-31.2,5.97,-35.3,6.52,-40.7,2881,6.19,-37.6,6.89,-44.0,7.43,-48.0
A049070,인탑스,핸드셋,2026-09-28,10.34,1.67,286037591000,True,False,,,,,694,10.85,-4.8,11.55,-10.5,11.86,-12.8,1191,4.35,137.7,4.51,129.1,4.72,118.9,2742,3.96,160.9,4.18,147.2,4.35,137.8
A049080,기가레인,통신장비,2026-09-28,-5.53,4.5,82336839800,False,False,,,,,0,,,,,,,375,6.71,-182.4,7.62,-172.6,8.19,-167.5,1559,6.09,-190.8,6.45,-185.7,7.1,-177.9
A049120,파인디앤씨,디스플레이장비및부품,2026-09-28,-4.42,3.6,29631648085,False,False,,,,,0,,,,,,,0,,,,,,,923,4.21,-205.0,8.66,-151.1,10.77,-141.1
A049180,셀루메드,건설,2026-09-28,106.59,38.97,83975227728,False,False,,,,,60,106.59,0.0,106.59,0.0,106.59,0.0,372,48.11,121.5,48.95,117.7,49.57,115.0,555,48.91,117.9,50.1,112.8,53.44,99.5
A049430,코메론,기계,2026-09-28,8.6,3.95,202675200000,False,False,,,,,726,4.99,72.3,5.22,64.7,5.4,59.2,1223,5.07,69.8,5.22,64.8,5.38,60.0,2881,5.05,70.3,5.19,65.8,5.34,61.0
A049470,비트플래닛,소프트웨어,2026-09-28,-12.94,9.44,66514339675,False,False,,,,,183,25.06,-151.6,26.22,-149.3,28.13,-146.0,495,13.29,-197.4,13.69,-194.5,14.24,-190.9,1415,12.8,-201.0,13.34,-197.0,14.02,-192.3
A049480,오픈베이스,컴퓨터와주변기기,2026-09-28,5.35,4.49,60205285828,False,False,,,,,726,6.63,-19.3,8.49,-37.0,9.3,-42.5,1223,8.39,-36.3,9.01,-40.6,9.38,-43.0,2697,9.49,-43.7,11.14,-52.0,11.62,-54.0
A049520,유아이엘,핸드셋,2026-09-28,4.62,3.18,114580351875,False,False,,,,,726,4.38,5.6,4.5,2.7,4.61,0.3,1036,4.49,2.9,4.63,-0.1,4.72,-2.2,2387,4.5,2.7,4.66,-0.9,4.79,-3.6
A049550,잉크테크,컴퓨터와주변기기,2026-09-28,14.1,12.34,67053467340,False,False,,,,,667,13.73,2.7,14.18,-0.6,14.37,-1.9,1164,14.16,-0.5,14.54,-3.1,15.58,-9.5,1656,14.43,-2.3,15.73,-10.4,17.3,-18.5
A049630,재영솔루텍,핸드셋,2026-09-28,6.05,3.63,166827092460,False,False,,,,,726,4.26,42.1,4.5,34.4,5.25,15.2,1127,4.52,33.8,5.55,9.1,5.98,1.3,2052,5.38,12.5,5.79,4.6,6.16,-1.8
A049720,고려신용정보,상업서비스와공급품,2026-09-28,7.25,6.57,130559000000,True,False,,,,,726,7.75,-6.5,8.24,-12.0,8.53,-14.9,1223,8.31,-12.7,8.61,-15.8,8.79,-17.5,2881,7.84,-7.5,8.15,-11.0,8.33,-12.9
A049800,우진플라임,기계,2026-09-28,-27.78,2.84,36300000000,False,False,,,,,666,6.18,-549.4,6.74,-512.0,10.18,-373.0,1163,3.37,-923.9,3.75,-841.1,4.06,-784.6,1974,3.93,-807.5,4.38,-734.6,4.72,-688.3
A049830,승일,포장재,2026-09-28,17.82,5.64,39184195680,False,False,,,,,666,17.61,1.2,17.79,0.2,17.94,-0.7,1101,17.82,0.0,18.18,-2.0,18.45,-3.4,2386,10.17,75.2,10.86,64.1,12.98,37.3
A049950,미래컴퍼니,디스플레이장비및부품,2026-09-28,-17.22,5.82,93293212720,False,False,,,,,60,18.1,-195.1,18.31,-194.0,18.75,-191.8,554,7.7,-323.5,8.12,-312.0,10.11,-270.2,1731,8.75,-296.7,10.2,-268.9,11.73,-246.8
A049960,쎌바이오텍,생물공학,2026-09-28,13.96,6.84,141000000000,False,False,,,,,726,14.83,-5.9,15.6,-10.5,15.89,-12.1,1223,15.22,-8.3,15.81,-11.7,16.15,-13.5,2881,12.29,13.6,12.89,8.3,13.76,1.5
A050090,비케이홀딩스,광고,2026-09-28,-5.18,13.67,16191897680,False,False,,,,,60,14.06,-136.9,14.14,-136.7,14.32,-136.2,122,14.34,-136.2,14.5,-135.8,14.63,-135.4,925,24.66,-121.0,27.96,-118.5,29.84,-117.4
A050110,캠시스,핸드셋,2026-09-28,7.65,2.08,31533584017,False,False,,,,,388,6.05,26.5,6.36,20.4,6.79,12.7,698,5.46,40.3,5.72,33.8,6.01,27.3,2037,3.89,96.5,4.15,84.3,4.44,72.4
A050120,ES큐브,레저용장비와제품,2026-09-28,-6.05,2.22,43337254770,False,False,,,,,243,2.63,-330.5,2.68,-326.1,2.73,-321.6,740,2.63,-330.1,2.79,-317.0,3.31,-283.0,1593,3.34,-281.0,3.54,-270.8,3.72,-262.6
A050760,에스폴리텍,화학,2026-09-28,-28.01,2.18,19323924074,False,False,,,,,58,,,,,,,308,11.58,-342.0,11.69,-339.6,11.99,-333.6,1535,5.79,-583.8,6.21,-551.1,6.51,-530.1
A050860,아세아텍,기계,2026-09-28,5.83,3.87,38002500000,False,False,,,,,726,4.33,34.5,4.52,29.0,5.21,11.7,1223,4.33,34.5,4.46,30.7,4.54,28.2,2881,4.62,26.0,5.17,12.7,6.75,-13.8
A050890,쏠리드,통신장비,2026-09-28,13.72,1.15,580224899700,True,False,0.0,0.0,1.12,0.0,726,6.34,116.3,7.09,93.4,7.43,84.7,1223,7.11,93.0,7.4,85.3,7.62,80.1,2645,5.27,160.1,5.75,138.4,6.08,125.5
A050960,수산아이앤티,소프트웨어,2026-09-28,15.14,6.92,58463660000,False,False,,,,,726,9.94,52.4,10.66,42.1,10.87,39.3,1223,9.29,63.0,10.47,44.6,10.81,40.0,2444,9.41,60.9,10.25,47.7,10.9,38.9
A051160,지어소프트,판매업체,2026-09-28,5.43,1.63,175004771040,False,False,,,,,726,3.95,37.3,4.09,32.8,4.15,30.7,1047,4.08,33.1,4.17,30.1,4.33,25.4,2052,4.15,30.7,4.45,22.1,4.75,14.3
A051360,토비스,디스플레이장비및부품,2026-09-28,1.91,1.44,111204070560,False,False,,,,,726,3.07,-37.6,3.21,-40.4,3.31,-42.2,1131,3.22,-40.6,3.38,-43.5,3.53,-45.9,2607,3.3,-42.1,3.5,-45.3,3.65,-47.5
A051370,인터플렉스,전자장비와기기,2026-09-28,9.84,2.94,168657622560,True,False,0.0,0.0,-59.18,-23.58,726,5.75,71.1,5.93,65.9,6.12,60.8,1223,5.7,72.7,5.96,65.2,6.15,60.0,2587,5.7,72.8,6.14,60.2,6.52,51.0
A051380,피씨디렉트,컴퓨터와주변기기,2026-09-28,3.27,3.25,22841367208,False,False,,,,,726,5.05,-35.2,6.81,-51.9,7.06,-53.6,1162,6.6,-50.4,7.04,-53.5,7.23,-54.8,2819,7.42,-55.9,7.99,-59.1,8.39,-61.0
A051390,YW,판매업체,2026-09-28,8.63,6.04,45194364640,False,False,,,,,726,6.58,31.3,6.65,29.9,6.76,27.8,1223,6.67,29.4,6.86,25.8,6.99,23.5,2819,7.1,21.7,7.71,12.0,8.47,1.9
A051490,나라엠앤디,기계,2026-09-28,-8.32,4.9,35997000000,False,False,,,,,546,6.82,-221.9,7.25,-214.7,7.42,-212.0,1043,7.4,-212.4,7.81,-206.5,8.17,-201.8,2701,7.56,-210.0,8.27,-200.5,9.01,-192.3
A051500,CJ프레시웨이,식품과기본식료품소매,2026-09-28,2.37,1.75,259987733400,True,False,0.0,0.0,-1.34,-1.23,726,2.04,15.7,2.1,12.6,2.16,9.3,1223,2.12,11.7,2.23,6.1,2.35,0.5,2881,2.38,-0.6,2.51,-5.8,2.74,-13.7
A051600,한전KPS,전기유틸리티,2026-09-28,11.06,5.81,2088000000000,True,False,0.0,0.0,-1.25,0.65,726,8.33,32.7,8.4,31.6,8.49,30.3,1223,8.41,31.5,8.54,29.4,8.67,27.5,2881,7.83,41.2,8.25,34.0,8.48,30.4
A051630,진양화학,화학,2026-09-28,-71.42,7.03,38308400000,False,False,,,,,0,,,,,,,0,,,,,,,740,9.39,-860.6,11.21,-737.0,12.57,-668.1
A051780,큐로홀딩스,식품,2026-09-28,-34.46,18.77,18430058200,False,False,,,,,244,61.63,-155.9,62.56,-155.1,63.59,-154.2,616,26.31,-231.0,31.91,-208.0,33.47,-203.0,1231,26.02,-232.4,28.44,-221.2,32.66,-205.5
A051900,LG생활건강,화장품,2026-09-28,10.37,7.92,4365364954500,True,False,-1.31,-0.81,-1.45,-0.94,726,9.0,15.1,9.15,13.3,9.33,11.1,1223,9.12,13.7,9.37,10.7,9.62,7.7,2881,9.75,6.3,10.1,2.6,10.45,-0.8
A051910,LG화학,화학,2026-09-28,5.95,5.01,18530490037500,True,False,8.78,3.46,6.2,0.83,726,5.88,1.1,6.19,-3.9,6.42,-7.4,1223,6.28,-5.4,6.58,-9.6,6.82,-12.8,2881,7.0,-15.0,7.3,-18.6,7.62,-21.9
A051980,중앙첨단소재,통신장비,2026-09-28,-21.77,3071.63,114979918815,False,False,,,,,61,3872.33,-100.6,3893.04,-100.6,3955.16,-100.6,61,3872.33,-100.6,3893.04,-100.6,3955.16,-100.6,61,3872.33,-100.6,3893.04,-100.6,3955.16,-100.6
A052020,에스티큐브,판매업체,2026-09-28,-20.0,425.37,523471340700,False,False,,,,,0,,,,,,,0,,,,,,,62,437.16,-104.6,438.6,-104.6,441.34,-104.5
A052220,iMBC,방송과엔터테인먼트,2026-09-28,-52.09,12.57,38364000000,False,False,,,,,422,43.42,-220.0,49.53,-205.2,53.35,-197.6,919,29.85,-274.5,31.47,-265.5,34.62,-250.5,2517,19.96,-361.0,21.37,-343.8,23.79,-319.0
A052260,현대바이오랜드,화장품,2026-09-28,9.05,5.58,130950000000,False,False,,,,,726,6.7,35.1,7.0,29.2,7.5,20.6,1157,7.04,28.5,7.97,13.5,8.34,8.4,2633,8.49,6.6,9.37,-3.4,10.08,-10.3
A052300,오션인더블유,건축제품,2026-09-28,-32.74,18.46,25454548576,False,False,,,,,0,,,,,,,186,23.7,-238.2,23.91,-237.0,25.27,-229.6,736,28.24,-216.0,30.5,-207.4,32.87,-199.6
A052330,코텍,디스플레이패널,2026-09-28,3.59,2.34,186141452720,False,False,,,,,726,4.3,-16.5,4.6,-22.0,4.74,-24.4,1036,4.3,-16.6,4.55,-21.2,4.67,-23.2,2512,4.57,-21.5,4.75,-24.5,4.87,-26.3
A052400,코나아이,IT서비스,2026-09-28,4.51,3.6,559230374400,True,False,0.0,0.0,-2.75,0.0,726,4.42,2.0,4.65,-3.0,5.25,-14.0,1223,4.44,1.6,4.62,-2.4,4.92,-8.3,2635,5.02,-10.2,5.65,-20.1,6.49,-30.4
A052420,오성첨단소재,디스플레이장비및부품,2026-09-28,3.41,2.21,96251048920,False,False,,,,,726,3.38,0.8,4.44,-23.2,4.59,-25.6,1223,4.52,-24.6,4.89,-30.3,5.57,-38.8,2324,5.47,-37.7,6.6,-48.3,7.8,-56.3
A052460,아이크래프트,IT서비스,2026-09-28,5.42,4.19,86040743040,True,False,0.0,0.0,0.0,0.0,542,4.82,12.6,5.18,4.7,5.43,-0.1,916,5.3,2.3,5.74,-5.5,6.16,-11.9,2078,6.2,-12.6,7.31,-25.8,7.87,-31.1
A052600,한네트,IT서비스,2026-09-28,7.6,6.65,33014363500,False,False,,,,,726,8.25,-7.8,9.42,-19.3,9.74,-22.0,1223,9.59,-20.7,10.47,-27.4,11.17,-32.0,2881,9.89,-23.1,11.08,-31.4,11.5,-33.9
A052690,한전기술,전기유틸리티,2026-09-28,56.96,12.58,4823364000000,True,False,0.0,0.0,-1.72,0.33,726,41.56,37.1,42.88,32.8,44.0,29.4,1219,42.4,34.3,44.62,27.7,47.95,18.8,2860,16.38,247.7,17.1,233.1,18.25,212.2
A052710,아모텍,핸드셋,2026-09-28,13.35,4.05,356056048000,True,True,0.0,0.0,-10.77,-2.23,717,6.65,100.9,7.15,86.8,7.73,72.8,1190,6.82,95.8,7.28,83.5,7.62,75.3,2845,5.87,127.5,6.15,117.0,6.43,107.8
A052770,아이톡시,게임엔터테인먼트,2026-09-28,-2.45,3.28,4545457488,False,False,,,,,60,650.82,-100.4,672.31,-100.4,711.01,-100.3,245,15.84,-115.5,15.99,-115.3,16.44,-114.9,715,4.19,-158.3,5.36,-145.7,6.16,-139.7
A052790,액토즈소프트,게임엔터테인먼트,2026-09-28,1.4,1.08,53202543890,False,False,,,,,726,1.45,-3.5,1.9,-26.3,2.13,-34.0,1223,2.01,-30.3,2.18,-35.5,2.27,-38.3,2780,2.32,-39.5,2.43,-42.2,2.56,-45.1
A052860,아이앤씨,반도체와반도체장비,2026-09-28,97.46,3.35,136145427480,False,False,,,,,301,12.97,651.6,13.45,624.5,14.11,590.6,644,12.16,701.6,12.76,663.8,13.1,644.2,1608,7.29,1237.8,7.68,1168.8,8.06,1109.6
A052900,KX하이텍,반도체와반도체장비,2026-09-28,2.9,2.42,87401622600,False,False,0.0,,18.5,,726,3.79,-23.3,4.21,-31.0,5.17,-43.9,1223,4.66,-37.7,5.2,-44.2,5.44,-46.6,2820,5.63,-48.5,6.03,-51.9,7.25,-60.0
A053030,바이넥스,제약,2026-09-28,15.92,7.95,208525119440,True,False,0.0,0.0,61.36,31.0,689,18.04,-11.8,18.82,-15.4,19.67,-19.1,1186,13.47,18.2,14.2,12.1,14.97,6.4,2468,15.28,4.1,17.78,-10.5,19.32,-17.6
A053050,지에스이,가스유틸리티,2026-09-28,7.62,5.23,57156359882,False,False,,,,,726,8.31,-8.3,9.65,-21.1,10.6,-28.1,1223,9.92,-23.2,10.91,-30.2,11.41,-33.2,2881,7.26,4.9,7.43,2.5,7.56,0.7
A053060,세동,자동차부품,2026-09-28,3.09,1.63,21700967951,False,False,,,,,726,1.75,77.2,1.83,69.0,1.92,61.3,1223,1.85,67.7,1.96,58.0,2.07,49.3,1469,1.9,62.7,2.02,53.1,2.14,44.4
A053080,케이엔솔,기계,2026-09-28,-1.67,2.98,114788295810,False,False,,,,,546,3.62,-146.0,3.71,-144.9,4.1,-140.6,1043,4.03,-141.4,4.65,-135.9,4.85,-134.4,1290,4.0,-141.6,4.46,-137.3,4.81,-134.6
A053160,프리엠스,기계,2026-09-28,-423.69,9.12,55800000000,False,False,,,,,180,103.08,-511.0,104.41,-505.8,104.95,-503.7,614,47.33,-995.2,56.9,-844.6,61.56,-788.2,1964,16.13,-2726.8,21.11,-2106.9,24.29,-1844.5
A053210,스카이라이프,방송과엔터테인먼트,2026-09-28,4.25,3.15,190804664325,True,False,0.0,0.0,-13.98,-9.11,726,4.75,-10.6,4.97,-14.5,5.1,-16.7,1223,4.16,2.2,4.27,-0.4,4.33,-1.8,2881,4.37,-2.8,4.66,-8.8,4.9,-13.3
A053260,금강철강,철강,2026-09-28,80.89,9.44,130852800000,False,False,,,,,726,18.62,334.3,19.12,323.1,19.66,311.4,1223,15.3,428.8,17.84,353.5,18.44,338.8,2881,14.62,453.3,17.12,372.4,18.01,349.1
A053270,구영테크,자동차부품,2026-09-28,1.81,1.54,53121364890,False,False,,,,,726,1.95,-7.3,2.07,-12.6,2.12,-14.7,1223,2.09,-13.5,2.16,-16.4,2.27,-20.2,2756,2.35,-23.1,2.54,-28.7,2.65,-31.7
A053280,예스24,인터넷과카탈로그소매,2026-09-28,-44.28,4.26,71875000000,False,False,,,,,605,6.16,-818.3,6.71,-759.7,6.87,-744.6,1102,6.8,-750.8,7.53,-688.3,7.98,-655.2,2400,7.71,-674.5,8.4,-627.3,10.5,-521.7
A053290,NE능률,교육서비스,2026-09-28,-4.11,4.42,25698407385,False,False,,,,,304,29.84,-113.8,31.41,-113.1,67.25,-106.1,801,11.55,-135.6,13.28,-130.9,15.06,-127.3,2030,5.32,-177.2,6.46,-163.6,7.88,-152.1
A053300,한국정보인증,IT서비스,2026-09-28,6.38,5.07,202969198980,False,False,,,,,726,7.15,-10.7,8.17,-21.9,8.46,-24.5,1223,8.28,-22.9,8.95,-28.7,9.51,-32.9,2881,9.65,-33.8,10.6,-39.8,11.97,-46.7
A053350,이니텍,소프트웨어,2026-09-28,-46.92,3.96,105701112000,False,False,,,,,58,,,,,,,186,50.63,-192.7,51.46,-191.2,53.19,-188.2,1844,5.07,-1025.6,5.66,-929.7,6.17,-860.9
A053450,세코닉스,전자장비와기기,2026-09-28,4.93,1.67,46153545360,True,False,,,,,726,4.54,8.6,4.73,4.2,4.95,-0.4,1223,4.47,10.3,4.63,6.3,4.82,2.3,2850,3.94,25.1,4.37,12.9,4.6,7.1
A053580,웹케시,소프트웨어,2026-09-28,6.27,4.84,91717406880,True,False,0.0,0.0,0.0,0.0,726,5.87,6.8,6.09,2.8,6.29,-0.3,1223,6.17,1.7,6.75,-7.2,7.17,-12.6,2818,7.32,-14.4,7.72,-18.9,7.97,-21.4
A053610,프로텍,반도체와반도체장비,2026-09-28,8.18,2.39,662400000000,True,False,0.0,0.0,0.0,0.0,726,5.61,45.8,6.03,35.6,6.31,29.7,1223,4.45,83.8,4.91,66.5,5.25,55.7,2881,4.07,100.8,4.29,90.6,4.63,76.6
A053620,태양,가정용품,2026-09-28,7.31,5.0,58308000000,False,False,,,,,726,7.23,1.2,7.43,-1.6,9.34,-21.7,1223,7.04,3.9,7.21,1.5,8.94,-18.2,2760,6.14,19.0,6.86,6.6,7.24,1.0
A053690,한미글로벌,건설,2026-09-28,6.36,2.13,237778835000,True,False,0.0,0.0,-4.46,-2.12,726,4.58,38.8,4.72,34.7,4.8,32.5,1223,4.46,42.7,4.64,37.1,4.78,33.2,2881,4.41,44.3,4.76,33.6,4.97,28.1
A053700,삼보모터스,자동차부품,2026-09-28,2.77,1.13,104725767440,False,False,,,,,726,1.46,89.6,1.58,75.3,1.64,69.2,1223,1.62,70.6,1.73,59.5,1.88,47.4,2633,1.91,44.9,2.13,30.1,2.47,11.9
A053800,안랩,소프트웨어,2026-09-28,23.0,16.04,830037347600,False,False,,,,,726,18.7,23.0,19.45,18.3,19.92,15.5,1223,19.66,17.0,20.64,11.5,22.28,3.2,2881,23.01,-0.0,24.01,-4.2,24.82,-7.3
A053950,경남제약,제약,2026-09-28,-23.73,2.99,41103164655,False,False,,,,,0,,,,,,,3,,,,,,,1220,6.99,-439.7,7.56,-414.0,8.08,-393.8
A053980,오상자이엘,소프트웨어,2026-09-28,4.78,4.41,45558679200,False,False,,,,,726,5.09,-6.0,5.56,-14.0,5.69,-16.0,1220,5.61,-14.7,5.98,-20.0,6.62,-27.7,2018,6.11,-21.7,6.98,-31.5,8.22,-41.8
A054040,한국컴퓨터,디스플레이장비및부품,2026-09-28,2.8,2.71,71356527600,False,False,,,,,726,3.13,-10.4,3.3,-15.1,3.4,-17.4,1223,3.25,-13.6,3.38,-17.0,3.49,-19.6,2582,3.52,-20.2,3.77,-25.7,3.92,-28.5
A054050,NH농우바이오,생물공학,2026-09-28,10.5,7.5,112855149440,False,False,,,,,726,8.55,22.8,8.68,20.9,8.79,19.5,1223,8.74,20.2,8.91,17.9,9.2,14.1,2881,9.39,11.9,10.35,1.4,11.26,-6.8
A054090,삼진엘앤디,전자장비와기기,2026-09-28,33.67,4.2,25108987392,False,False,,,,,121,13.54,148.6,13.69,146.0,14.85,126.8,124,13.55,148.5,13.76,144.7,14.85,126.8,1481,5.66,495.1,6.64,406.8,7.17,369.7
A054180,메디콕스,조선,2026-09-28,-2.87,14.37,12686716395,False,False,,,,,0,,,,,,,0,,,,,,,617,22.81,-112.6,25.02,-111.5,27.33,-110.5
A054210,이랜텍,핸드셋,2026-09-28,2.81,1.5,171221491700,False,False,,,,,726,4.08,-31.1,4.85,-42.1,5.21,-46.0,1223,3.39,-17.1,3.67,-23.5,3.95,-28.8,2698,3.32,-15.4,3.55,-20.8,3.81,-26.2
A054220,비츠로시스,IT서비스,2026-09-28,21.3,12.43,21278141040,False,False,,,,,180,18.83,13.1,19.64,8.4,20.13,5.8,426,20.64,3.2,22.88,-6.9,22.88,-6.9,1041,20.56,3.6,22.88,-6.9,22.88,-6.9
A054300,팬스타엔터프라이즈,해운사,2026-09-28,-24.01,10.82,59392534845,False,False,,,,,487,20.28,-218.4,23.4,-202.6,25.25,-195.1,918,19.53,-223.0,20.3,-218.3,22.31,-207.6,1773,19.06,-226.0,20.11,-219.4,22.61,-206.2
A054410,케이피티유,비철금속,2026-09-28,9.52,9.03,19040426300,False,False,,,,,726,11.2,-15.0,13.83,-31.2,14.64,-35.0,1223,14.07,-32.3,16.54,-42.4,18.58,-48.8,2881,13.91,-31.6,15.28,-37.7,17.7,-46.2
A054450,텔레칩스,반도체와반도체장비,2026-09-28,7.44,4.86,153411080290,True,False,0.0,0.0,0.88,-13.04,726,9.88,-24.6,11.25,-33.9,12.0,-38.0,1223,10.27,-27.5,10.72,-30.6,11.55,-35.5,2847,9.82,-24.2,10.63,-30.0,11.29,-34.1
A054540,삼영엠텍,조선,2026-09-28,6.4,5.02,87620000000,False,False,,,,,726,5.9,8.5,6.12,4.5,6.26,2.2,913,5.89,8.6,6.11,4.7,6.27,1.9,2453,6.5,-1.5,6.98,-8.3,7.47,-14.4
A054620,APS,반도체와반도체장비,2026-09-28,-11.39,1.75,68426502120,False,False,,,,,0,,,,,,,0,,,,,,,638,7.1,-260.4,7.69,-248.1,7.95,-243.4
A054670,대한뉴팜,제약,2026-09-28,8.1,3.71,78664961600,False,False,,,,,726,5.33,52.1,5.42,49.5,5.64,43.6,1223,4.82,68.1,4.98,62.7,5.12,58.4,2881,5.22,55.3,5.6,44.6,5.93,36.6
A054780,키이스트,방송과엔터테인먼트,2026-09-28,-9.25,8.66,33614826030,False,False,,,,,181,96.86,-109.5,98.28,-109.4,101.24,-109.1,478,13.84,-166.8,14.63,-163.2,15.39,-160.1,1574,14.83,-162.4,16.71,-155.4,18.11,-151.1
A054800,아이디스홀딩스,컴퓨터와주변기기,2026-09-28,1.32,1.21,153043311240,False,False,,,,,726,1.33,-0.7,1.37,-3.6,1.48,-11.2,1223,1.39,-5.0,1.46,-9.9,1.5,-12.4,2881,1.52,-13.4,1.58,-16.8,1.67,-21.3
A054920,한컴위드,비철금속,2026-09-28,46.8,9.45,135018732585,False,False,,,,,666,22.76,105.6,24.28,92.7,26.31,77.9,732,22.85,104.8,24.94,87.7,26.89,74.0,1652,25.55,83.2,30.12,55.4,34.93,34.0
A054930,유신,건설,2026-09-28,4.54,3.34,54000000000,False,False,,,,,726,4.57,-0.9,4.72,-4.0,4.9,-7.4,1223,4.35,4.3,4.53,0.1,4.72,-3.9,2075,4.61,-1.6,4.93,-8.0,5.76,-21.2
A054940,엑사이엔씨,반도체와반도체장비,2026-09-28,6.02,1.93,23553216950,False,False,,,,,666,3.44,75.0,3.54,70.1,3.57,68.5,1038,2.83,112.8,3.06,96.6,3.52,71.2,2385,3.54,70.1,3.72,61.9,4.06,48.2
A054950,제이브이엠,건강관리장비와용품,2026-09-28,6.92,4.65,280485494400,True,False,0.0,0.0,0.0,0.0,726,6.76,2.4,6.93,-0.2,7.11,-2.7,1223,7.02,-1.5,7.22,-4.1,7.37,-6.2,2881,7.38,-6.3,7.82,-11.6,8.33,-16.9
A055490,테이팩스,전자장비와기기,2026-09-28,9.52,4.84,71656150500,False,False,,,,,726,15.8,-39.7,17.27,-44.9,17.85,-46.7,1223,8.04,18.5,8.43,12.9,9.4,1.3,2185,6.66,42.9,7.66,24.2,8.09,17.7
A055550,신한지주,은행,2026-09-28,6.27,2.2,52249811600700,True,False,0.0,0.0,0.0,0.0,726,3.03,107.1,3.33,88.4,3.41,83.6,1223,2.71,131.5,2.76,127.4,2.8,123.5,2881,2.81,122.7,2.99,109.6,3.13,100.0
A056080,유진로봇,기계,2026-09-28,-58.96,20.78,451561089660,False,False,,,,,0,,,,,,,330,48.35,-221.9,59.94,-198.4,248.56,-123.7,823,34.91,-268.9,35.89,-264.3,40.16,-246.8
A056090,시지메드텍,건강관리장비와용품,2026-09-28,20.37,10.53,122878252840,True,False,0.0,0.0,0.0,0.0,364,17.46,16.7,19.52,4.4,20.24,0.6,612,19.7,3.4,20.37,0.0,25.67,-20.7,1161,20.35,0.1,22.28,-8.6,27.77,-26.6
A056190,SFA,기계,2026-09-28,6.46,2.66,1009036156000,True,False,0.0,0.0,-8.77,-1.56,726,3.38,91.1,3.56,81.5,3.66,76.7,1223,3.59,79.8,3.74,72.7,4.22,53.2,2881,4.3,50.3,4.72,36.9,5.19,24.4
A056360,코위버,통신장비,2026-09-28,-98.87,4.93,62307648000,False,False,,,,,59,,,,,,,494,12.16,-913.0,12.47,-893.0,12.77,-874.4,1908,7.94,-1345.3,8.24,-1300.3,8.7,-1236.0
A056700,신화인터텍,디스플레이장비및부품,2026-09-28,10.52,2.49,41313559038,False,False,,,,,483,4.76,120.8,4.86,116.4,4.94,112.7,733,4.86,116.4,5.01,110.0,5.35,96.7,2084,5.14,104.6,5.67,85.4,6.02,74.7
A056730,CNT85,건설,2026-09-28,-2.07,16.85,18572262961,False,False,,,,,244,31.56,-106.6,32.3,-106.4,32.6,-106.4,429,17.91,-111.6,21.98,-109.4,24.98,-108.3,675,22.42,-109.2,24.81,-108.3,26.17,-107.9
A057030,YBM넷,교육서비스,2026-09-28,24.73,8.0,33930409760,False,False,,,,,726,14.15,74.8,14.6,69.4,15.0,64.8,1223,13.76,79.7,14.16,74.6,14.55,70.0,2513,13.89,78.0,14.65,68.8,15.99,54.6
A057540,옴니시스템,전자장비와기기,2026-09-28,31.66,7.27,35755349336,False,False,,,,,726,12.52,152.9,13.57,133.4,14.15,123.7,911,13.13,141.1,13.99,126.4,15.33,106.6,2150,13.65,131.9,14.98,111.3,16.08,96.9
A057680,티사이언티픽,IT서비스,2026-09-28,-57.99,19.42,27211182207,False,False,,,,,120,168.17,-134.5,173.32,-133.5,179.73,-132.3,370,153.75,-137.7,160.89,-136.0,168.18,-134.5,1110,35.92,-261.4,39.14,-248.2,41.37,-240.2
A058110,멕아이씨에스,건강관리장비와용품,2026-09-28,46.52,1.67,23722683340,False,False,,,,,60,47.76,-2.6,48.71,-4.5,49.04,-5.1,310,7.79,496.9,8.08,475.9,8.63,439.1,925,5.01,828.5,5.72,713.4,6.37,630.2
A058400,KNN,방송과엔터테인먼트,2026-09-28,23.43,10.96,77338956480,False,False,,,,,726,19.57,19.7,20.18,16.1,21.03,11.4,1223,15.15,54.7,16.28,43.9,17.29,35.5,2881,13.22,77.2,13.64,71.7,14.92,57.0
A058430,포스코스틸리온,비철금속,2026-09-28,9.0,1.21,277500000000,True,False,0.0,0.0,3.64,1.59,726,4.03,123.5,4.3,109.2,4.46,101.9,1161,1.92,368.6,2.07,335.5,2.5,260.0,2818,2.84,216.9,3.32,171.4,3.71,142.6
A058450,한주에이알티,방송과엔터테인먼트,2026-09-28,-0.74,3.86,3443906136,False,False,,,,,0,,,,,,,0,,,,,,,745,4.63,-116.1,4.77,-115.6,4.94,-115.1
A058470,리노공업,반도체와반도체장비,2026-09-28,21.41,11.43,5426283720000,True,False,0.0,0.0,1.09,1.52,726,19.33,10.8,19.79,8.2,20.31,5.4,1223,14.47,48.0,15.25,40.4,16.74,27.9,2881,13.66,56.7,13.96,53.4,14.27,50.1
A058610,에스피지,전기제품,2026-09-28,82.89,4.99,2151203920000,True,False,0.0,0.0,0.0,0.0,726,17.29,379.3,19.51,324.8,20.89,296.8,1223,9.2,801.0,9.91,736.3,10.8,667.5,2881,7.95,943.0,8.44,882.2,9.1,810.8
A058630,엠게임,게임엔터테인먼트,2026-09-28,5.33,4.33,74620981650,False,False,,,,,726,5.07,5.3,5.24,1.8,5.41,-1.4,1223,4.94,7.9,5.2,2.6,5.35,-0.4,2880,5.44,-2.0,5.76,-7.4,6.21,-14.1
A058650,세아홀딩스,철강,2026-09-28,1.39,1.16,517042590000,True,False,0.0,0.0,0.0,0.0,726,1.91,-27.2,2.14,-34.8,2.21,-37.1,1223,1.41,-1.5,1.51,-7.9,1.72,-18.9,2881,1.76,-20.7,1.89,-26.5,2.01,-30.8
A058730,다스코,건축자재,2026-09-28,-11.41,3.13,66120334515,False,False,,,,,363,3.46,-429.5,3.56,-420.6,3.66,-411.6,794,3.68,-410.1,3.85,-396.2,4.09,-378.9,2084,4.17,-373.9,4.77,-339.2,5.32,-314.5
A058820,CMG제약,제약,2026-09-28,-22.33,64.56,81023585132,False,False,,,,,301,82.36,-127.1,85.38,-126.2,97.87,-122.8,798,82.07,-127.2,88.46,-125.2,92.95,-124.0,2145,98.74,-122.6,105.6,-121.1,123.62,-118.1
A058850,KTcs,상업서비스와공급품,2026-09-28,2.96,2.71,90261701000,False,False,,,,,726,3.07,-3.8,3.37,-12.3,3.76,-21.2,1223,3.63,-18.5,3.84,-23.0,4.04,-26.7,2881,4.24,-30.2,4.57,-35.2,5.18,-42.9
A058860,KTis,상업서비스와공급품,2026-09-28,3.92,3.01,90137180000,False,False,,,,,726,3.77,4.0,3.81,2.8,3.84,2.0,1223,3.82,2.6,3.88,1.0,3.94,-0.4,2881,3.96,-0.9,4.1,-4.3,4.45,-11.9
A058970,엠로,소프트웨어,2026-09-28,-67.52,8.98,204233356880,False,False,,,,,605,27.44,-346.1,28.89,-333.7,30.33,-322.6,1102,15.18,-544.8,16.12,-518.8,17.35,-489.1,1161,15.16,-545.4,16.07,-520.2,17.12,-494.3
A059090,미코,반도체와반도체장비,2026-09-28,9.86,2.3,728485760400,False,False,,,,,726,3.23,205.3,3.42,188.0,4.02,145.3,1223,3.44,186.5,3.87,154.9,4.13,138.8,2880,3.5,181.8,3.83,157.7,4.03,144.7
A059100,아이컴포넌트,디스플레이장비및부품,2026-09-28,5.87,3.5,49001059800,False,False,,,,,422,5.0,17.4,5.15,14.1,5.34,10.0,857,5.35,9.8,5.57,5.5,5.75,2.1,1828,5.24,12.2,5.68,3.5,6.36,-7.6
A059120,아진엑스텍,반도체와반도체장비,2026-09-28,26.41,5.65,137508595660,False,False,,,,,180,20.77,27.2,22.63,16.7,24.17,9.3,615,19.46,35.7,20.61,28.2,22.01,20.0,2063,8.77,201.3,9.58,175.7,10.46,152.6
A059210,메타바이오메드,건강관리장비와용품,2026-09-28,3.56,3.49,100534346500,True,False,,,,,726,4.26,-16.3,4.58,-22.2,4.85,-26.6,1223,4.75,-25.0,5.21,-31.6,5.64,-36.9,2638,5.79,-38.5,7.22,-50.7,7.79,-54.3
A059270,해성에어로보틱스,기계,2026-09-28,-44.73,36.48,57947901810,False,False,,,,,0,,,,,,,83,38.94,-214.8,39.73,-212.6,41.96,-206.6,83,38.94,-214.8,39.73,-212.6,41.96,-206.6
A060150,인선이엔티,상업서비스와공급품,2026-09-28,7.9,4.62,129400658080,False,False,,,,,726,8.8,-10.3,9.07,-12.9,9.38,-15.8,1223,8.49,-7.0,8.71,-9.4,8.87,-10.9,2881,7.36,7.3,7.58,4.3,7.76,1.8
A060230,제이케이시냅스,전자장비와기기,2026-09-28,-5.33,31.09,23551987690,False,False,,,,,0,,,,,,,63,66.49,-108.0,67.32,-107.9,68.0,-107.8,923,43.67,-112.2,50.4,-110.6,56.18,-109.5
A060250,NHN KCP,IT서비스,2026-09-28,8.04,5.43,548192340150,True,False,0.0,0.0,-1.44,0.88,726,6.15,30.9,6.25,28.6,6.36,26.4,1223,6.29,27.9,6.5,23.8,6.91,16.4,2881,7.15,12.4,8.25,-2.5,9.1,-11.6
A060260,뉴보텍,건축제품,2026-09-28,8.26,5.42,11060813124,False,False,,,,,606,7.09,16.5,9.69,-14.7,10.34,-20.1,791,9.2,-10.3,10.27,-19.6,10.97,-24.8,1718,11.09,-25.5,11.7,-29.4,12.26,-32.6
A060280,큐렉소,건강관리장비와용품,2026-09-28,108.21,26.38,335442092700,False,False,0.0,,,,585,45.17,139.6,50.9,112.6,55.28,95.8,873,44.42,143.6,51.34,110.8,56.75,90.7,1116,46.68,131.8,49.43,118.9,53.45,102.4
A060310,3S,기계,2026-09-28,-11.03,20.26,59001652480,False,False,,,,,181,32.79,-133.6,33.22,-133.2,33.73,-132.7,675,37.84,-129.1,42.35,-126.0,49.95,-122.1,1168,36.12,-130.5,38.42,-128.7,40.98,-126.9
A060370,LS마린솔루션,건설,2026-09-28,46.14,6.89,1742165780900,True,False,0.0,0.0,-21.75,-26.93,726,18.24,153.0,19.44,137.3,29.37,57.1,794,18.32,151.8,19.54,136.2,21.38,115.9,1962,9.22,400.7,9.54,383.5,10.13,355.3
A060380,동양에스텍,철강,2026-09-28,7.34,2.14,25117500000,False,False,,,,,726,6.27,17.1,6.58,11.6,6.96,5.5,1223,3.1,136.7,3.22,127.9,3.56,106.3,2881,5.22,40.5,5.77,27.2,6.63,10.8
A060480,국일신동,비철금속,2026-09-28,23.29,8.19,15858700000,False,False,,,,,121,17.81,30.7,20.52,13.5,22.15,5.1,495,24.35,-4.4,26.35,-11.6,27.56,-15.5,1845,11.81,97.2,12.59,85.0,14.49,60.7
A060540,에스에이티,핸드셋,2026-09-28,4.31,2.76,35671454910,False,False,,,,,726,5.41,-20.3,6.05,-28.8,6.87,-37.3,1223,4.71,-8.5,5.07,-14.9,5.41,-20.3,2880,5.05,-14.6,5.44,-20.7,5.86,-26.5
A060560,HC홈센타,건축자재,2026-09-28,-2.7,3.58,49658929956,False,False,,,,,422,3.76,-171.7,3.85,-170.1,3.99,-167.6,919,4.01,-167.3,4.17,-164.7,4.32,-162.4,1838,4.32,-162.4,4.81,-156.1,5.42,-149.8
A060570,드림어스컴퍼니,방송과엔터테인먼트,2026-09-28,48.14,26.74,73953366860,False,False,,,,,180,35.12,37.1,38.8,24.1,41.6,15.7,427,30.84,56.1,35.12,37.1,39.44,22.1,736,37.08,29.8,47.27,1.8,58.26,-17.4
A060590,씨티씨바이오,제약,2026-09-28,6.5,5.75,73752111000,False,False,,,,,304,6.48,0.3,6.57,-1.0,7.11,-8.7,614,7.09,-8.3,7.6,-14.4,8.39,-22.6,1134,8.05,-19.2,10.4,-37.5,11.85,-45.1
A060720,KH바텍,핸드셋,2026-09-28,9.18,4.49,259978313160,True,False,0.0,0.0,-16.61,-14.27,726,5.55,65.3,5.9,55.4,6.28,46.0,1223,5.79,58.5,6.32,45.2,6.58,39.4,2866,6.22,47.6,6.55,40.0,6.82,34.6
A060850,영림원소프트랩,소프트웨어,2026-09-28,11.75,6.85,35817055000,False,False,,,,,726,11.61,1.2,12.1,-2.9,12.4,-5.2,1223,8.95,31.3,11.61,1.3,12.29,-4.3,1500,9.6,22.4,12.11,-2.9,12.72,-7.6
A060900,에이전트AI,에너지장비및서비스,2026-09-28,-1.6,27.92,15508772820,False,False,,,,,0,,,,,,,246,43.84,-103.6,46.81,-103.4,48.29,-103.3,368,27.92,-105.7,35.92,-104.5,41.67,-103.8
A060980,HL홀딩스,자동차부품,2026-09-28,2.65,1.93,351984437100,True,False,0.0,0.0,-2.92,0.29,726,2.29,15.8,2.32,14.0,2.37,11.6,1223,2.23,18.8,2.31,14.8,2.35,12.6,2881,2.39,10.6,2.53,4.7,2.65,-0.3
A061040,알에프텍,핸드셋,2026-09-28,-2.75,1.78,68314083650,False,False,,,,,362,8.62,-131.9,9.48,-129.0,10.09,-127.2,859,7.65,-135.9,8.06,-134.1,8.26,-133.3,2508,5.36,-151.3,6.13,-144.8,6.84,-140.2
A061090,세나테크놀로지,통신장비,2026-09-28,4.0,3.86,198745442500,True,False,0.0,0.0,0.0,0.0,212,4.31,-7.3,4.66,-14.2,4.86,-17.6,212,4.31,-7.3,4.66,-14.2,4.86,-17.6,212,4.31,-7.3,4.66,-14.2,4.86,-17.6
A061250,화일약품,제약,2026-09-28,-33.5,9.1,55135175200,False,False,,,,,362,52.35,-164.0,53.6,-162.5,54.54,-161.4,859,27.57,-221.5,30.06,-211.4,33.41,-200.3,2517,14.47,-331.4,15.82,-311.7,18.24,-283.6
A061970,LB세미콘,반도체와반도체장비,2026-09-28,-26.46,3.72,310467716580,False,False,,,,,203,6.78,-490.3,7.32,-461.3,7.8,-439.2,700,4.58,-677.8,4.79,-652.5,4.96,-633.4,2297,5.07,-622.0,5.59,-573.8,6.06,-536.8
A062040,산일전기,전기장비,2026-09-28,19.82,8.02,6159212850000,True,False,0.0,0.0,0.24,0.08,525,11.0,80.1,11.61,70.7,11.93,66.2,525,11.0,80.1,11.61,70.7,11.93,66.2,525,11.0,80.1,11.61,70.7,11.93,66.2
A062970,한국첨단소재,통신장비,2026-09-28,-28.72,11.13,90066044770,False,False,,,,,0,,,,,,,62,28.42,-201.1,28.7,-200.1,29.13,-198.6,256,12.42,-331.2,12.65,-327.0,12.8,-324.4
A063080,컴투스홀딩스,게임엔터테인먼트,2026-09-28,-16.24,3.92,82835611520,False,False,0.0,,,,168,14.16,-214.7,21.81,-174.5,22.37,-172.6,665,9.14,-277.6,10.71,-251.7,11.54,-240.8,2142,5.26,-408.8,7.16,-326.8,11.17,-245.5
A063160,종근당바이오,제약,2026-09-28,-8.92,6.26,71975821440,False,False,,,,,362,7.49,-219.2,9.47,-194.2,10.2,-187.5,362,7.49,-219.2,9.47,-194.2,10.2,-187.5,1820,7.93,-212.5,8.36,-206.7,8.86,-200.7
A063170,서울옥션,판매업체,2026-09-28,-57.46,7.37,101313321900,False,False,,,,,60,655.43,-108.8,669.23,-108.6,681.78,-108.4,434,12.25,-569.0,12.81,-548.8,13.26,-533.3,2011,9.82,-685.4,10.5,-647.1,11.33,-607.1
A063440,SM Life Design,방송과엔터테인먼트,2026-09-28,10.91,9.87,49352787396,False,False,,,,,726,11.44,-4.6,13.17,-17.1,14.35,-23.9,1098,13.2,-17.3,14.6,-25.3,15.39,-29.1,1526,14.5,-24.7,15.54,-29.8,17.0,-35.8
A063570,NICE인프라,상업서비스와공급품,2026-09-28,2.66,2.43,109101990960,True,False,0.0,0.0,0.0,0.0,726,2.88,-7.8,3.57,-25.4,3.73,-28.6,1223,3.64,-26.9,3.91,-32.0,4.25,-37.4,2881,4.71,-43.6,5.13,-48.2,5.69,-53.3
A063760,이엘피,디스플레이장비및부품,2026-09-28,3.51,2.54,21914055500,False,False,,,,,180,3.62,-3.3,3.67,-4.4,3.73,-6.0,183,3.63,-3.3,3.67,-4.5,3.74,-6.2,1493,3.85,-8.9,4.23,-17.1,4.51,-22.3
A064090,인크레더블버즈,판매업체,2026-09-28,-4.88,3.36,39694710510,False,False,,,,,60,127.31,-103.8,131.93,-103.7,136.95,-103.6,60,127.31,-103.8,131.93,-103.7,136.95,-103.6,705,5.82,-183.9,6.76,-172.1,7.48,-165.2
A064240,홈캐스트,전문소매,2026-09-28,-17.69,13.6,62935371314,False,False,,,,,118,47.94,-136.9,48.37,-136.6,49.19,-136.0,180,48.45,-136.5,49.68,-135.6,50.59,-135.0,917,20.07,-188.1,22.6,-178.3,24.25,-173.0
A064260,다날,IT서비스,2026-09-28,176.31,9.03,338513420075,False,False,,,,,726,35.8,392.5,38.47,358.3,44.92,292.5,1100,31.75,455.2,36.27,386.1,42.18,318.0,2758,15.9,1008.6,17.53,906.0,19.72,794.3
A064290,인텍플러스,반도체와반도체장비,2026-09-28,20.61,3.86,707483758800,True,False,-5.06,15.38,16.82,21.66,726,10.39,98.3,13.14,56.9,15.14,36.1,1186,7.16,187.7,8.5,142.4,9.12,125.9,2105,6.98,195.3,8.13,153.5,9.0,129.0
A064350,현대로템,우주항공과국방,2026-09-28,10.19,7.63,12627763300100,True,False,0.0,0.0,0.0,-2.11,726,9.69,5.2,10.16,0.2,10.63,-4.1,1223,10.31,-1.2,10.94,-6.9,11.32,-10.0,2881,10.98,-7.2,11.48,-11.3,11.98,-15.0
A064400,LG씨엔에스,IT서비스,2026-09-28,10.64,7.23,6801393549600,True,False,0.0,0.0,0.2,0.79,402,8.2,29.7,8.55,24.4,8.75,21.6,402,8.2,29.7,8.55,24.4,8.75,21.6,402,8.2,29.7,8.55,24.4,8.75,21.6
A064480,브리지텍,IT서비스,2026-09-28,8.25,6.02,30897212500,False,False,,,,,423,9.1,-9.3,20.5,-59.7,21.54,-61.7,920,12.09,-31.8,13.36,-38.2,14.57,-43.4,1960,9.21,-10.4,9.87,-16.4,11.52,-28.4
A064520,테크엘,반도체와반도체장비,2026-09-28,-5.09,4.94,33526593000,False,False,,,,,0,,,,,,,184,49.43,-110.3,59.51,-108.6,81.31,-106.3,865,5.83,-187.4,6.37,-180.0,6.99,-172.9
A064550,바이오니아,생물공학,2026-09-28,36.14,3.45,225323840430,False,False,,,,,523,16.32,121.5,17.55,105.9,18.98,90.4,1020,15.95,126.6,17.26,109.4,18.79,92.3,1679,7.5,382.1,11.53,213.4,14.76,144.8
A064760,티씨케이,반도체와반도체장비,2026-09-28,20.51,5.5,3130236480000,True,False,0.0,0.0,0.42,-0.52,726,9.41,117.9,9.85,108.2,10.24,100.3,1223,8.31,146.9,8.92,129.9,9.46,116.7,2881,8.49,141.7,8.92,129.9,9.28,121.1
A064800,포니링크,전문소매,2026-09-28,-2.47,2.7,51761954475,False,False,,,,,0,,,,,,,187,36.34,-106.8,37.26,-106.6,38.47,-106.4,1474,3.59,-168.9,4.07,-160.9,7.26,-134.1
A064820,케이프,증권,2026-09-28,5.63,1.92,235463440450,False,False,,,,,726,3.23,74.0,3.42,64.5,3.73,50.8,1223,3.16,78.1,3.26,72.5,3.37,67.1,2471,3.09,82.2,3.22,74.6,3.33,69.2
A064850,에프앤가이드,IT서비스,2026-09-28,6.39,5.12,233341289400,True,True,0.0,0.0,0.0,0.0,726,9.31,-31.3,9.66,-33.8,10.17,-37.1,1223,9.81,-34.8,10.52,-39.3,10.77,-40.6,2881,10.73,-40.4,11.34,-43.6,12.52,-48.9
A064960,SNT모티브,자동차부품,2026-09-28,6.31,3.37,727203452800,True,False,0.0,0.0,-0.85,-1.53,726,5.3,19.1,5.41,16.6,5.56,13.5,1223,5.34,18.2,5.43,16.1,5.54,13.8,2881,5.37,17.4,5.55,13.8,5.69,11.0
A065060,지엔코,"섬유,의류,신발,호화품",2026-09-28,5.36,3.87,18510292740,False,False,,,,,303,4.53,18.3,5.11,4.8,5.32,0.6,428,5.08,5.5,5.37,-0.1,5.55,-3.4,1106,5.75,-6.8,6.08,-11.9,6.52,-17.8
A065130,탑엔지니어링,핸드셋,2026-09-28,6.76,1.35,44091020000,False,False,,,,,304,4.73,43.1,4.93,37.3,6.04,12.0,304,4.73,43.1,4.93,37.3,6.04,12.0,1719,2.53,166.9,2.89,133.7,4.04,67.6
A065150,대산F&B,식품,2026-09-28,4.09,4.08,19173702720,False,False,,,,,608,4.26,-3.9,4.72,-13.3,4.72,-13.3,858,4.72,-13.3,4.72,-13.3,5.07,-19.4,1540,5.02,-18.6,5.31,-22.9,10.3,-60.3
A065170,비엘팜텍,건강관리업체및서비스,2026-09-28,-21.86,18.65,64201723900,False,False,,,,,0,,,,,,,0,,,,,,,981,23.44,-193.3,30.05,-172.8,36.19,-160.4
A065350,신성델타테크,가정용기기와용품,2026-09-28,29.65,3.19,862995967200,False,False,,,,,726,30.29,-2.1,34.66,-14.5,50.92,-41.8,1223,6.66,345.5,7.14,315.1,7.47,297.1,2881,4.4,574.4,4.64,538.8,4.85,510.8
A065370,위세아이텍,소프트웨어,2026-09-28,23.56,6.15,21671904990,False,False,,,,,422,13.91,69.4,14.54,62.0,15.56,51.4,870,10.46,125.3,13.04,80.6,13.71,71.8,1300,11.46,105.5,12.7,85.5,13.63,72.8
A065420,에스아이리소스,석유와가스,2026-09-28,-2.12,13.32,7283384140,False,False,,,,,0,,,,,,,250,21.73,-109.7,21.73,-109.7,21.73,-109.7,1297,23.53,-109.0,27.46,-107.7,29.24,-107.2
A065440,이루온,IT서비스,2026-09-28,-36.31,4.36,39521503980,False,False,,,,,607,6.04,-701.4,7.59,-578.4,8.3,-537.6,1104,7.99,-554.5,11.53,-414.9,13.6,-367.0,2329,11.16,-425.2,13.56,-367.9,16.79,-316.3
A065450,빅텍,우주항공과국방,2026-09-28,20.25,16.86,86127744760,False,False,,,,,422,20.6,-1.7,21.67,-6.6,22.11,-8.4,796,19.63,3.1,21.01,-3.6,22.1,-8.4,2087,22.76,-11.0,24.89,-18.7,26.67,-24.1
A065500,오리엔트정공,자동차부품,2026-09-28,-41.17,9.7,37279857216,False,False,,,,,666,18.64,-320.9,20.29,-302.9,21.73,-289.5,1035,20.38,-302.0,22.12,-286.1,23.7,-273.7,1831,17.97,-329.1,20.77,-298.2,22.95,-279.4
A065510,휴비츠,건강관리장비와용품,2026-09-28,14.13,3.75,73099454400,False,False,,,,,726,5.59,152.9,6.07,132.9,6.59,114.4,1223,4.86,190.6,5.22,170.6,5.65,150.1,2881,5.73,146.7,6.44,119.3,6.97,102.8
A065530,와이어블,무선통신서비스,2026-09-28,8.29,3.99,59941965027,False,False,,,,,726,10.16,-18.4,11.61,-28.6,14.73,-43.7,1223,11.85,-30.0,17.65,-53.0,18.06,-54.1,2881,6.66,24.6,7.62,8.8,8.18,1.4
A065570,삼영이엔씨,조선,2026-09-28,49.48,6.95,12295692232,False,False,,,,,121,15.21,225.3,15.21,225.3,15.21,225.3,180,15.21,225.3,15.21,225.3,15.21,225.3,1408,8.38,490.7,8.78,463.3,9.06,446.2
A065650,하이퍼코퍼레이션,컴퓨터와주변기기,2026-09-28,-3.13,13.44,15707491345,False,False,,,,,0,,,,,,,59,,,,,,,478,19.49,-116.1,21.74,-114.4,24.28,-112.9
A065660,안트로젠,제약,2026-09-28,-59.78,98.93,147089670000,False,False,,,,,0,,,,,,,0,,,,,,,459,147.46,-140.5,157.61,-137.9,162.54,-136.8
A065680,우주일렉트로,핸드셋,2026-09-28,16.16,3.28,245796528600,False,False,,,,,726,5.13,215.1,9.21,75.4,10.49,54.0,1223,6.78,138.4,7.25,122.9,7.95,103.3,2881,6.98,131.5,7.28,121.9,7.61,112.4
A065690,파커스,컴퓨터와주변기기,2026-09-28,-4.91,5.76,22467128090,False,False,,,,,0,,,,,,,59,,,,,,,1101,12.85,-138.2,14.79,-133.2,16.0,-130.7
A065710,서호전기,운송인프라,2026-09-28,10.36,4.38,233037500000,False,False,,,,,726,7.45,39.1,7.56,37.1,7.74,33.8,1223,5.96,73.9,6.48,60.0,7.02,47.7,2881,6.2,67.2,6.52,59.1,7.01,47.9
A065770,CS,통신장비,2026-09-28,-9.09,5.72,8927289336,False,False,,,,,61,63.08,-114.4,64.2,-114.2,65.33,-113.9,186,66.85,-113.6,68.8,-113.2,70.09,-113.0,1162,11.29,-180.5,14.32,-163.5,16.19,-156.1
A065950,웰크론,건설,2026-09-28,-3.98,3.99,32861235528,False,False,,,,,425,11.7,-134.0,13.0,-130.6,14.87,-126.8,922,7.53,-152.9,8.36,-147.6,8.86,-144.9,2384,5.9,-167.5,7.58,-152.5,8.56,-146.5
A066130,하츠,가정용기기와용품,2026-09-28,4.59,4.06,43904000000,False,False,,,,,726,4.67,-1.5,4.89,-6.1,5.03,-8.6,1223,4.93,-6.8,5.18,-11.3,5.33,-13.8,2881,5.51,-16.7,6.74,-31.9,7.84,-41.4
A066310,큐에스아이,반도체와반도체장비,2026-09-28,92.1,11.86,76769021880,False,False,,,,,422,71.39,29.0,74.87,23.0,77.19,19.3,857,42.35,117.5,46.18,99.4,54.03,70.5,2207,32.55,182.9,39.45,133.5,42.08,118.9
A066360,체리부로,식품,2026-09-28,1.24,1.04,35460514353,False,False,,,,,726,1.27,-1.9,1.36,-8.8,1.85,-32.9,1157,1.41,-11.5,2.17,-42.6,2.49,-50.0,1415,1.82,-31.8,2.41,-48.3,2.66,-53.3
A066410,버킷스튜디오,IT서비스,2026-09-28,-28.69,38.06,159637252154,False,False,,,,,0,,,,,,,0,,,,,,,1044,47.84,-160.0,52.33,-154.8,57.05,-150.3
A066430,아이로보틱스,화학,2026-09-28,-166.24,11.44,81830764840,False,False,,,,,604,45.24,-467.5,48.72,-441.2,50.93,-426.4,1039,49.66,-434.7,53.95,-408.1,61.08,-372.2,1955,21.87,-860.2,26.26,-733.0,32.19,-616.5
A066570,LG전자,전자제품,2026-09-28,7.22,2.5,34938754851000,True,False,0.0,0.0,0.0,0.0,726,3.43,110.7,3.52,105.2,3.57,102.2,1223,3.36,115.0,3.46,108.7,3.55,103.7,2881,3.46,108.7,3.58,101.8,3.67,96.6
A066590,스모트로닉,자동차부품,2026-09-28,16.56,6.08,89346034470,False,False,,,,,726,9.05,82.9,9.57,73.1,11.31,46.5,977,9.43,75.7,11.12,48.9,11.63,42.4,2326,8.86,87.0,10.35,60.1,11.64,42.3
A066620,국보디자인,건설,2026-09-28,4.7,2.35,187875000000,False,False,,,,,726,2.68,75.0,2.84,65.2,2.96,58.6,1223,2.89,62.7,3.05,54.2,3.14,49.4,2881,3.21,46.3,3.48,35.1,3.83,22.7
A066670,디티씨,핸드셋,2026-09-28,-68.7,3.24,61309491040,False,False,,,,,487,16.88,-506.9,22.46,-405.8,23.31,-394.8,984,22.78,-401.6,23.54,-391.8,24.97,-375.1,2642,4.97,-1482.4,8.57,-901.8,9.56,-818.9
A066700,테라젠이텍스,제약,2026-09-28,7.74,6.51,83407084120,False,False,,,,,726,7.77,-0.4,8.09,-4.4,8.21,-5.7,973,8.03,-3.6,8.21,-5.7,8.99,-13.9,2031,9.15,-15.4,10.09,-23.3,10.62,-27.1
A066790,씨씨에스,방송과엔터테인먼트,2026-09-28,-15.36,39.27,97355245995,False,False,,,,,121,186.29,-108.2,220.48,-107.0,231.55,-106.6,431,43.52,-135.3,45.11,-134.0,46.12,-133.3,800,41.41,-137.1,44.64,-134.4,46.8,-132.8
A066900,디에이피,전자장비와기기,2026-09-28,-2.84,4.26,40940105400,False,False,,,,,0,,,,,,,497,4.95,-157.4,5.1,-155.8,5.26,-154.0,2091,5.48,-151.9,5.86,-148.5,6.19,-146.0
A066910,손오공,레저용장비와제품,2026-09-28,-3.32,9.27,27142018848,False,False,,,,,0,,,,,,,187,53.7,-106.2,55.22,-106.0,56.17,-105.9,1095,11.95,-127.8,13.27,-125.0,14.43,-123.0
A066970,엘앤에프,전기제품,2026-09-28,20.52,10.93,4650430831200,True,False,-2.67,-0.69,-7.32,-3.17,549,16.16,27.0,18.44,11.3,20.11,2.1,1046,15.88,29.3,17.56,16.9,18.55,10.6,2582,17.02,20.6,18.08,13.5,19.03,7.8
A066980,한성크린텍,건설,2026-09-28,-287.03,4.69,80226634876,False,False,,,,,293,20.28,-1515.7,22.0,-1404.7,22.47,-1377.5,790,5.57,-5250.8,6.17,-4749.6,6.6,-4447.6,2013,6.49,-4522.9,7.88,-3743.3,9.66,-3071.1
A067000,조이시티,게임엔터테인먼트,2026-09-28,64.27,2.85,79060797426,False,False,,,,,726,6.67,864.1,7.1,804.8,7.39,770.1,1223,7.22,790.8,7.56,750.2,7.96,707.3,2807,7.83,721.1,8.46,659.9,8.83,628.1
A067010,이씨에스,IT서비스,2026-09-28,14.39,5.11,27439020000,False,False,,,,,364,12.22,17.8,12.44,15.6,13.19,9.1,861,9.58,50.2,10.42,38.0,10.81,33.1,2457,8.07,78.2,8.75,64.4,9.23,55.9
A067080,대화제약,제약,2026-09-28,39.01,17.38,215766973500,False,False,,,,,666,32.7,19.3,35.14,11.0,37.05,5.3,1163,27.45,42.1,29.53,32.1,31.29,24.7,2821,30.05,29.8,32.86,18.7,34.78,12.2
A067160,SOOP,양방향미디어와서비스,2026-09-28,4.33,4.23,428180070750,True,False,0.0,0.0,0.0,0.0,726,4.9,-11.7,5.37,-19.4,5.69,-23.9,1223,5.57,-22.3,6.05,-28.5,6.54,-33.8,2881,6.92,-37.5,7.83,-44.8,8.44,-48.8
A067170,오텍,기계,2026-09-28,-15.43,2.43,69766400980,False,False,,,,,0,,,,,,,312,16.93,-191.1,17.47,-188.3,18.26,-184.5,1970,3.15,-589.7,3.32,-564.5,3.52,-537.8
A067280,멀티캠퍼스,교육서비스,2026-09-28,5.57,3.96,154985270850,False,False,,,,,726,4.44,25.3,4.51,23.3,4.71,18.3,1223,4.44,25.3,4.55,22.3,4.67,19.1,2881,4.75,17.2,5.0,11.4,5.26,5.8
A067290,JW신약,제약,2026-09-28,16.77,4.73,177637616510,False,False,,,,,726,7.53,122.7,8.02,109.1,9.14,83.5,1157,8.06,108.1,9.41,78.3,10.28,63.1,2264,10.24,63.8,11.37,47.5,12.69,32.2
A067310,하나마이크론,반도체와반도체장비,2026-09-28,6.64,1.25,3055255430550,True,True,0.0,0.0,8.9,2.5,726,4.27,55.4,4.44,49.6,4.54,46.3,1223,3.14,111.7,3.96,67.8,4.28,55.2,2712,1.99,233.0,2.48,168.1,2.88,130.5
A067370,선바이오,생물공학,2026-09-28,14.73,11.97,65832602990,False,False,,,,,607,14.31,2.9,15.81,-6.8,16.44,-10.4,917,15.83,-7.0,16.67,-11.6,17.4,-15.4,917,15.83,-7.0,16.67,-11.6,17.4,-15.4
A067390,아스트,우주항공과국방,2026-09-28,16.51,1.52,258169590410,False,False,,,,,364,13.05,26.6,13.48,22.5,13.63,21.1,676,12.35,33.7,13.15,25.5,13.55,21.9,2134,4.8,244.4,7.1,132.7,10.65,55.1
A067570,엔브이에이치코리아,자동차부품,2026-09-28,-1.51,1.11,69116630000,False,False,,,,,546,1.25,-220.8,1.28,-218.3,1.33,-213.3,1043,1.33,-213.6,1.38,-209.7,1.43,-205.8,2578,1.49,-201.2,1.77,-185.3,1.9,-179.5
A067630,HLB생명과학,건강관리장비와용품,2026-09-28,-17.55,11.41,415127582490,False,False,,,,,0,,,,,,,0,,,,,,,300,16.32,-207.5,18.11,-196.9,152.94,-111.5
A067730,로지시스,IT서비스,2026-09-28,7.63,6.61,21379367620,False,False,,,,,726,7.75,-1.6,8.1,-5.8,8.47,-10.0,1161,8.13,-6.2,8.77,-13.1,9.34,-18.4,2383,9.36,-18.5,11.42,-33.3,12.87,-40.7
A067770,세진티에스,디스플레이장비및부품,2026-09-28,13.45,6.82,13182651010,False,False,,,,,362,20.43,-34.2,23.12,-41.8,24.83,-45.8,612,15.44,-12.9,15.99,-15.9,16.35,-17.8,1105,9.48,41.9,11.34,18.6,12.56,7.1
A067830,세이브존I&C,백화점과일반상점,2026-09-28,20.91,2.42,93778445075,False,False,,,,,726,8.75,138.9,8.9,134.9,9.08,130.2,1223,9.02,131.7,9.17,127.9,9.41,122.1,2881,4.38,377.0,4.77,337.9,5.0,317.8
A067900,와이엔텍,해운사,2026-09-28,4.67,3.14,107377988100,False,False,,,,,726,3.49,33.7,3.68,26.7,3.76,24.1,1223,3.67,27.4,3.77,24.0,3.91,19.5,2881,3.98,17.4,4.12,13.2,4.31,8.3
A067920,이글루,IT서비스,2026-09-28,4.87,2.89,63777490200,False,False,,,,,726,3.64,33.6,4.02,21.2,4.49,8.4,1223,4.19,16.1,5.46,-10.8,6.8,-28.4,2533,6.86,-29.1,7.91,-38.5,8.5,-42.7
A067990,도이치모터스,자동차,2026-09-28,2.66,1.89,112932598500,False,False,,,,,726,2.85,-6.8,3.05,-12.7,3.13,-15.1,1223,2.8,-4.9,2.93,-9.3,3.04,-12.4,2793,2.69,-1.2,2.82,-5.7,2.98,-10.6
A068050,팬엔터테인먼트,방송과엔터테인먼트,2026-09-28,-18.94,5.15,32734397832,False,False,,,,,362,7.45,-354.1,19.06,-199.3,19.74,-195.9,859,7.04,-368.9,8.93,-312.1,9.93,-290.8,2246,8.04,-335.5,9.83,-292.7,12.38,-252.9
A068100,케이웨더,IT서비스,2026-09-28,-213.18,13.72,28089347280,False,False,,,,,78,14.93,-1528.3,15.24,-1498.6,15.72,-1456.1,78,14.93,-1528.3,15.24,-1498.6,15.72,-1456.1,78,14.93,-1528.3,15.24,-1498.6,15.72,-1456.1
A068240,다원시스,기계,2026-09-28,-0.84,9.44,96553495610,False,False,,,,,302,15.64,-105.4,16.06,-105.2,16.56,-105.1,461,16.09,-105.2,16.66,-105.1,17.33,-104.9,2119,14.46,-105.8,15.84,-105.3,18.4,-104.6
A068270,셀트리온,제약,2026-09-28,19.33,18.57,41475642480800,True,False,0.0,0.0,0.11,4.29,726,21.98,-12.1,23.79,-18.8,24.81,-22.1,1223,23.58,-18.0,24.35,-20.6,24.85,-22.2,2881,24.68,-21.7,25.38,-23.8,26.11,-26.0
A068290,삼성출판사,출판,2026-09-28,-97.66,4.75,61200000000,False,False,,,,,0,,,,,,,247,24.9,-492.3,26.62,-466.9,27.6,-453.9,1723,6.87,-1521.1,8.24,-1285.0,8.9,-1197.6
A068330,일신바이오,생명과학도구및서비스,2026-09-28,8.92,7.69,44260356140,False,False,,,,,726,9.84,-9.4,10.26,-13.1,10.72,-16.8,1223,10.15,-12.1,10.66,-16.3,11.18,-20.2,2881,11.48,-22.3,12.62,-29.3,14.09,-36.7
A068760,셀트리온제약,제약,2026-09-28,21.66,15.29,1747231764200,True,False,0.0,0.0,,,726,33.0,-34.4,42.62,-49.2,45.35,-52.2,1223,44.07,-50.9,46.47,-53.4,47.83,-54.7,2392,38.24,-43.4,44.07,-50.8,47.36,-54.3
A068790,DMS,디스플레이장비및부품,2026-09-28,-19.13,1.67,178804039440,False,False,,,,,422,2.49,-868.1,2.54,-852.9,2.58,-842.8,919,2.57,-844.3,2.63,-828.7,2.72,-803.4,2329,2.72,-803.4,2.9,-759.5,3.02,-734.4
A068930,디지털대성,교육서비스,2026-09-28,5.57,4.18,267620557140,True,False,0.0,0.0,0.0,0.0,726,4.68,19.0,4.81,15.9,4.87,14.4,1223,4.82,15.6,5.1,9.3,5.34,4.4,2881,5.36,4.1,5.53,0.7,5.69,-2.0
A068940,셀피글로벌,상업서비스와공급품,2026-09-28,-9.05,1.7,35720093048,False,False,,,,,244,7.11,-227.3,7.11,-227.3,7.11,-227.3,395,2.84,-418.8,3.14,-388.1,6.51,-239.1,796,2.94,-408.1,6.68,-235.5,7.11,-227.3
A069080,웹젠,게임엔터테인먼트,2026-09-28,14.68,4.56,360760598750,True,False,0.0,0.0,0.6,-3.03,726,7.49,95.9,7.63,92.3,7.75,89.5,1223,7.29,101.3,7.48,96.1,7.66,91.7,2881,6.72,118.3,7.05,108.1,7.34,99.8
A069140,누리플랜,건설,2026-09-28,6.21,2.34,25874208056,False,False,,,,,422,2.57,141.7,3.04,104.7,3.21,93.4,734,3.15,97.5,3.97,56.7,4.17,49.0,1592,4.23,46.9,5.05,23.2,5.73,8.4
A069260,TKG휴켐스,화학,2026-09-28,7.15,4.09,669591271440,True,False,0.0,0.0,1.22,4.98,726,5.93,20.6,6.01,18.9,6.11,17.0,1223,5.5,30.0,5.73,24.7,5.86,22.0,2881,5.92,20.9,6.13,16.5,6.38,12.1
A069330,유아이디,디스플레이장비및부품,2026-09-28,4.88,2.65,20207468208,False,False,,,,,480,3.49,39.8,4.26,14.8,4.73,3.3,977,4.45,9.8,5.09,-4.1,5.73,-14.8,1285,4.99,-2.2,5.71,-14.5,6.06,-19.4
A069410,엔텔스,IT서비스,2026-09-28,18.57,9.51,26021852960,False,False,,,,,364,10.45,77.6,10.76,72.6,11.3,64.2,676,10.93,69.9,11.83,57.0,16.69,11.3,1788,12.14,53.0,13.31,39.5,14.75,25.8
A069460,대호에이엘,비철금속,2026-09-28,-30.72,6.48,46322277400,False,False,,,,,666,8.43,-464.3,9.27,-431.2,9.67,-417.5,1163,8.39,-466.0,9.43,-425.9,10.06,-405.4,2328,10.06,-405.4,11.21,-374.0,12.46,-346.5
A069510,에스텍,전자장비와기기,2026-09-28,3.95,2.44,144993900000,False,False,,,,,726,2.7,46.1,2.74,43.9,2.8,41.0,1063,2.74,44.1,2.83,39.7,3.05,29.7,2721,3.3,19.7,3.58,10.3,3.76,5.1
A069540,빛과전자,통신장비,2026-09-28,-31.31,2.72,450204128515,False,False,,,,,0,,,,,,,80,13.23,-336.6,13.5,-332.0,13.58,-330.6,756,3.02,-1136.5,3.68,-951.0,3.68,-951.0
A069620,대웅제약,제약,2026-09-28,5.26,5.16,1254826072500,True,False,0.0,0.0,0.0,0.0,726,6.66,-21.0,7.57,-30.5,7.87,-33.1,1223,7.68,-31.5,8.04,-34.6,8.32,-36.7,2881,8.49,-38.0,8.97,-41.3,9.34,-43.7
A069640,한세엠케이,"섬유,의류,신발,호화품",2026-09-28,-11.73,6.32,29929757337,False,False,,,,,0,,,,,,,85,17.64,-166.5,17.89,-165.6,18.3,-164.1,1293,8.05,-245.8,8.36,-240.4,8.61,-236.3
A069730,DSR제강,철강,2026-09-28,2.73,1.68,78048000000,False,False,,,,,726,1.97,38.5,2.32,17.8,2.4,14.1,1157,2.33,17.3,2.42,12.9,2.46,11.2,2756,2.47,10.6,2.55,7.3,2.63,3.8
A069920,엑시온그룹,건설,2026-09-28,-12.13,107.0,27346773690,False,False,,,,,0,,,,,,,0,,,,,,,184,117.2,-110.4,118.19,-110.3,119.16,-110.2
A069960,현대백화점,백화점과일반상점,2026-09-28,4.11,2.77,1966719974400,True,False,-0.21,-0.49,-0.36,-0.39,726,3.1,32.7,3.16,30.4,3.19,29.0,1223,3.0,37.1,3.07,34.1,3.12,31.9,2881,3.16,30.2,3.29,24.9,3.51,17.3
A070300,퀀텀레일,핸드셋,2026-09-28,19.12,11.11,43873040315,False,False,,,,,422,18.88,1.3,19.74,-3.1,22.05,-13.3,792,20.53,-6.9,24.12,-20.7,27.36,-30.1,1121,17.74,7.7,22.27,-14.2,26.47,-27.8
A070590,인티큐브,IT서비스,2026-09-28,-8.77,5.33,29216391705,False,False,,,,,183,17.52,-150.0,17.83,-149.2,18.0,-148.7,246,17.73,-149.4,18.0,-148.7,18.57,-147.2,982,6.09,-244.0,6.93,-226.5,7.27,-220.6
A070960,모나용평,"호텔,레스토랑,레저",2026-09-28,18.93,2.34,98673332650,False,False,,,,,726,2.85,565.0,2.93,546.6,3.0,530.7,1213,2.96,540.1,3.15,500.6,3.35,464.3,1986,3.23,486.4,3.81,397.0,5.42,249.3
A071050,한국금융지주,증권,2026-09-28,2.91,1.93,10136557944800,True,False,-1.31,-1.06,-0.93,-1.95,726,2.98,-2.2,3.03,-4.0,3.1,-6.0,1223,2.82,3.3,2.91,0.1,2.97,-1.9,2881,2.99,-2.7,3.14,-7.4,3.25,-10.6
A071090,하이스틸,철강,2026-09-28,-129.97,2.89,68852916110,False,False,,,,,546,14.53,-994.4,18.31,-810.0,18.81,-790.9,1043,4.36,-3084.2,4.86,-2773.9,5.71,-2375.1,2210,4.43,-3035.9,4.99,-2702.9,6.0,-2265.2
A071200,인피니트헬스케어,건강관리기술,2026-09-28,12.49,6.84,296173000120,False,False,,,,,726,8.94,39.7,9.83,27.2,10.62,17.6,1223,10.06,24.2,11.07,12.9,11.62,7.6,2819,12.27,1.8,15.36,-18.7,17.99,-30.6
A071280,로체시스템즈,반도체와반도체장비,2026-09-28,5.12,1.98,119313503400,False,False,0.0,,,,726,6.24,-17.9,6.74,-24.1,7.36,-30.5,1223,4.11,24.7,4.49,13.9,4.73,8.3,2589,3.87,32.3,4.13,24.0,4.41,16.1
A071320,지역난방공사,복합유틸리티,2026-09-28,2.02,1.16,915878650400,True,False,0.0,0.0,0.0,0.0,726,1.47,37.4,1.52,32.7,1.56,29.1,942,1.51,33.7,1.56,29.4,1.61,25.2,2587,1.69,19.6,2.06,-1.8,2.61,-22.6
A071670,에이테크솔루션,기계,2026-09-28,-18.45,11.58,50000000000,False,False,,,,,605,17.08,-208.0,17.92,-203.0,19.01,-197.1,1102,16.52,-211.7,17.05,-208.3,17.5,-205.5,2335,17.11,-207.9,17.88,-203.2,19.54,-194.5
A071840,롯데하이마트,전문소매,2026-09-28,6.87,2.47,141882349120,True,False,0.0,0.0,0.0,0.0,726,5.26,30.5,5.54,24.0,5.75,19.4,1170,4.29,60.1,4.49,52.9,4.69,46.4,2828,4.54,51.3,4.74,44.8,4.94,39.0
A071850,캐스텍코리아,자동차부품,2026-09-28,-5.67,4.0,30132084996,False,False,,,,,0,,,,,,,0,,,,,,,1290,4.51,-225.7,4.65,-221.9,4.8,-218.1
A071950,코아스,가구,2026-09-28,-11.55,7.24,27689358425,False,False,,,,,0,,,,,,,0,,,,,,,743,11.84,-197.5,12.47,-192.6,12.99,-188.9
A071970,HD현대마린엔진,조선,2026-09-28,8.64,8.44,1665545404500,True,False,0.0,0.0,0.0,0.0,726,9.9,-12.7,10.4,-17.0,11.03,-21.7,1036,10.37,-16.7,11.25,-23.2,12.56,-31.2,1280,10.65,-18.9,12.25,-29.5,13.33,-35.2
A072020,중앙백신,제약,2026-09-28,12.83,10.64,84699546150,False,False,0.0,,0.0,,726,12.38,3.7,12.61,1.8,12.83,0.0,1223,12.69,1.1,13.02,-1.4,13.42,-4.4,2881,13.28,-3.4,14.32,-10.4,15.32,-16.3
A072130,유엔젤,IT서비스,2026-09-28,18.02,11.25,59859065610,False,False,,,,,483,16.32,10.4,17.13,5.2,17.78,1.3,980,16.16,11.5,17.44,3.3,18.32,-1.7,1590,15.49,16.3,17.29,4.2,18.35,-1.8
A072470,우리산업홀딩스,자동차부품,2026-09-28,1.68,1.14,45235181695,False,False,,,,,726,1.72,-2.1,1.82,-7.5,1.93,-12.7,792,1.74,-3.3,1.86,-9.7,1.94,-13.3,2387,2.18,-22.6,2.7,-37.7,3.0,-44.0
A072710,농심홀딩스,식품,2026-09-28,4.06,2.92,417864879000,False,False,,,,,726,3.12,30.1,3.18,27.8,3.31,22.8,1223,3.22,26.3,3.42,18.9,3.83,6.0,2881,4.02,1.0,4.24,-4.3,4.97,-18.2
A072770,멤레이비티,IT서비스,2026-09-28,-9.32,16.76,31341633990,False,False,,,,,0,,,,,,,497,27.75,-133.6,29.03,-132.1,30.08,-131.0,1418,29.11,-132.0,30.45,-130.6,31.97,-129.2
A072870,메가스터디,교육서비스,2026-09-28,8.35,5.02,158310335520,False,False,,,,,726,5.6,49.1,5.75,45.2,6.17,35.3,1223,6.06,37.8,6.24,33.9,6.39,30.7,2456,6.08,37.3,6.25,33.5,6.47,29.0
A072950,빛샘전자,전자장비와기기,2026-09-28,8.3,3.58,111126018000,False,False,,,,,726,5.07,63.6,5.26,57.6,5.67,46.4,1223,5.4,53.8,5.9,40.7,6.36,30.5,2881,6.6,25.7,8.17,1.6,9.2,-9.8
A072990,에이치시티,전자장비와기기,2026-09-28,24.13,2.25,45089420660,False,False,,,,,726,4.69,414.3,4.8,402.7,5.01,381.3,1223,4.71,412.0,4.92,390.3,5.03,380.1,2386,5.02,381.0,5.34,352.0,5.74,320.6
A073010,케이에스피,조선,2026-09-28,9.91,6.52,135846425000,False,False,,,,,726,9.22,7.5,9.61,3.1,9.85,0.6,1223,9.71,2.0,10.04,-1.3,10.37,-4.5,1778,10.01,-1.1,10.54,-6.0,11.3,-12.3
A073110,엘엠에스,디스플레이장비및부품,2026-09-28,-12.02,2.8,46346883550,False,False,,,,,183,39.34,-130.6,40.03,-130.0,40.67,-129.6,308,40.06,-130.0,41.08,-129.3,42.11,-128.5,1598,3.48,-444.9,3.62,-431.9,3.82,-414.7
A073190,듀오백,가구,2026-09-28,-7.89,5.98,19412160880,False,False,,,,,0,,,,,,,0,,,,,,,389,8.25,-195.6,10.21,-177.3,35.7,-122.1
A073240,금호타이어,자동차부품,2026-09-28,3.01,1.75,1956242554470,True,False,0.0,0.0,0.45,0.24,726,2.12,42.2,2.18,38.4,2.22,35.6,1223,2.19,37.6,2.29,31.8,2.41,25.3,2806,2.47,21.8,2.92,3.1,3.55,-15.0
A073490,LIG아큐버,통신장비,2026-09-28,7.95,4.34,245224033500,True,False,0.0,0.0,-1.46,-6.05,726,5.4,47.3,5.54,43.5,5.66,40.5,1223,5.6,42.0,5.8,37.0,5.97,33.1,2516,5.88,35.3,6.26,27.1,6.86,15.8
A073540,에프알텍,통신장비,2026-09-28,-21.06,5.22,29355000000,False,False,,,,,301,7.82,-369.1,8.02,-362.6,8.36,-351.9,301,7.82,-369.1,8.02,-362.6,8.36,-351.9,550,8.2,-356.8,8.63,-344.0,8.8,-339.4
A073560,우리손에프앤지,식품,2026-09-28,3.02,2.34,106002831433,False,False,,,,,726,3.01,0.2,3.06,-1.3,3.18,-5.0,1223,3.09,-2.4,3.24,-6.9,3.46,-12.7,2493,3.3,-8.5,3.56,-15.1,3.73,-19.0
A073570,리튬포어스,핸드셋,2026-09-28,-6.37,2.35,28528467360,False,False,,,,,0,,,,,,,0,,,,,,,494,3.72,-271.1,5.6,-213.6,7.57,-184.0
A073640,테라사이언스,기계,2026-09-28,-9.04,292.7,76111715580,False,False,,,,,0,,,,,,,0,,,,,,,182,307.77,-102.9,316.61,-102.9,376.39,-102.4
A074430,아미노로직스,제약,2026-09-28,17.41,15.5,95417247456,False,False,,,,,482,18.5,-5.9,28.23,-38.3,31.17,-44.1,979,18.17,-4.2,23.08,-24.5,26.42,-34.1,2140,28.22,-38.3,34.06,-48.9,38.17,-54.4
A074600,원익QnC,반도체와반도체장비,2026-09-28,5.4,3.29,751836800000,True,False,0.0,0.0,0.0,0.0,726,4.01,34.6,4.18,29.4,4.35,24.3,1223,4.22,28.2,4.44,21.6,4.61,17.2,2881,4.66,15.9,4.9,10.2,5.16,4.8
A074610,이엔플러스,기계,2026-09-28,-47.97,6.34,44815400070,False,False,,,,,0,,,,,,,0,,,,,,,738,10.4,-561.2,11.32,-523.8,11.61,-513.2
A075130,플랜티넷,소프트웨어,2026-09-28,104.95,7.15,34501764800,False,False,,,,,726,9.88,962.3,10.41,908.1,10.84,867.8,1223,10.6,889.6,11.3,828.9,17.21,509.7,2881,10.91,862.0,12.4,746.4,14.86,606.3
A075180,새론오토모티브,자동차부품,2026-09-28,-18.69,4.89,56256000000,False,False,,,,,0,,,,,,,125,30.51,-161.2,30.74,-160.8,31.14,-160.0,1494,5.18,-461.0,5.23,-457.2,5.3,-452.6
A075580,세진중공업,조선,2026-09-28,6.29,2.49,567926065440,True,False,0.0,0.0,,,726,7.7,-18.2,7.89,-20.2,8.15,-22.8,1223,7.5,-16.1,7.72,-18.5,8.04,-21.8,2654,3.99,57.8,6.07,3.7,6.68,-5.8
A075970,동국알앤에스,비철금속,2026-09-28,10.72,5.0,30746400000,False,False,,,,,726,10.65,0.6,11.69,-8.4,11.93,-10.2,1223,11.83,-9.4,12.15,-11.8,14.52,-26.2,2881,9.14,17.2,10.03,6.9,10.68,0.3
A076080,웰크론한텍,건설,2026-09-28,-1.83,3.69,25147295628,False,False,,,,,423,6.95,-126.4,9.62,-119.1,10.52,-117.4,674,10.25,-117.9,10.63,-117.2,14.13,-113.0,1588,5.6,-132.7,7.96,-123.0,9.53,-119.2
A076610,해성옵틱스,핸드셋,2026-09-28,-261.74,3.01,70051135650,False,False,,,,,183,4.85,-5499.7,4.98,-5357.5,5.04,-5290.1,245,4.95,-5386.4,5.04,-5289.4,5.14,-5194.5,1140,4.47,-5957.0,4.82,-5526.4,5.03,-5300.3
A077360,덕산하이메탈,반도체와반도체장비,2026-09-28,11.89,5.44,585228585760,True,False,0.0,0.0,4.72,7.52,584,7.6,56.5,8.15,45.9,9.17,29.7,945,8.39,41.7,9.51,25.1,10.07,18.1,2603,10.71,11.0,12.98,-8.4,14.07,-15.5
A077500,유니퀘스트,반도체와반도체장비,2026-09-28,4.43,1.94,211032996540,False,False,,,,,726,2.99,48.3,3.09,43.5,3.21,38.0,1223,3.14,41.1,3.32,33.4,3.53,25.6,2881,3.7,19.8,3.94,12.4,4.35,2.0
A077970,STX엔진,조선,2026-09-28,7.81,2.66,881249982850,True,False,0.0,0.0,0.0,0.0,666,8.42,-7.2,8.75,-10.7,9.01,-13.3,978,8.75,-10.7,9.09,-14.0,9.38,-16.7,2510,4.99,56.7,7.33,6.5,8.98,-13.0
A078000,텔코웨어,소프트웨어,2026-09-28,14.82,9.66,122800623330,False,False,,,,,603,13.47,10.0,14.52,2.1,21.25,-30.3,1097,13.99,5.9,21.52,-31.1,24.19,-38.7,2724,14.4,2.9,14.92,-0.7,15.35,-3.5
A078020,LS증권,증권,2026-09-28,4.78,1.77,364511418300,False,False,,,,,726,5.9,-19.0,6.49,-26.5,6.96,-31.4,1223,2.16,121.1,2.25,112.3,2.48,92.7,2881,2.36,102.4,2.6,83.3,3.43,39.1
A078070,유비쿼스홀딩스,통신장비,2026-09-28,4.34,3.74,149947229970,False,False,,,,,726,5.42,-20.1,6.21,-30.2,6.58,-34.1,1223,6.28,-30.9,6.68,-35.1,6.98,-37.9,2881,6.71,-35.4,7.28,-40.5,7.72,-43.8
A078130,국일제지,종이와목재,2026-09-28,-308.01,28.29,394028351565,False,False,,,,,183,446.59,-169.0,446.59,-169.0,446.59,-169.0,183,446.59,-169.0,446.59,-169.0,446.59,-169.0,1347,90.29,-441.1,122.56,-351.3,146.07,-310.9
A078140,대봉엘에스,제약,2026-09-28,12.48,6.16,87694839890,False,False,,,,,726,13.52,-7.7,14.03,-11.0,14.26,-12.5,1223,8.97,39.0,9.38,33.0,10.35,20.6,2881,8.74,42.8,9.07,37.6,9.4,32.7
A078150,HB테크놀러지,디스플레이장비및부품,2026-09-28,19.28,4.09,197437339840,False,False,,,,,379,6.61,191.5,7.03,174.1,15.77,22.2,626,5.93,224.9,6.47,198.1,7.89,144.3,2162,5.78,233.8,6.27,207.6,7.16,169.2
A078160,메디포스트,생물공학,2026-09-28,-4.69,76.15,359114163480,False,False,,,,,0,,,,,,,0,,,,,,,695,136.43,-103.4,209.64,-102.2,239.84,-102.0
A078340,컴투스,게임엔터테인먼트,2026-09-28,6.65,5.24,452819671850,True,False,7.9,7.1,49.61,42.5,726,9.35,-28.9,10.51,-36.7,11.17,-40.5,1223,10.54,-36.9,11.6,-42.7,12.34,-46.1,2881,7.06,-5.8,7.43,-10.5,7.76,-14.4
A078350,한양디지텍,반도체와반도체장비,2026-09-28,9.95,2.8,411598314000,False,False,,,,,726,4.68,112.3,5.01,98.7,5.36,85.7,1223,3.78,163.2,3.98,149.6,4.32,130.0,2206,4.05,145.8,4.37,127.8,4.94,101.2
A078520,에이블씨엔씨,화장품,2026-09-28,6.34,6.04,268356829500,True,False,0.0,0.0,0.0,0.0,726,7.89,-19.7,8.59,-26.2,9.3,-31.9,911,8.23,-23.0,9.17,-30.9,9.84,-35.6,2067,10.03,-36.8,10.42,-39.2,11.03,-42.5
A078590,휴림에이텍,자동차부품,2026-09-28,-23.08,4.55,28466743350,False,False,,,,,605,6.08,-479.5,6.83,-438.1,7.66,-401.3,1099,7.47,-409.0,8.66,-366.4,9.24,-349.8,2575,9.06,-354.7,9.98,-331.3,12.05,-291.5
A078600,대주전자재료,전자장비와기기,2026-09-28,30.47,4.41,1457344006400,True,False,0.0,0.0,0.25,3.59,726,26.4,15.4,27.28,11.7,28.28,7.7,1223,27.68,10.1,29.13,4.6,30.91,-1.4,2646,13.93,118.7,19.74,54.3,24.32,25.3
A078860,아이오케이이엔엠,방송과엔터테인먼트,2026-09-28,-2.88,37.83,17821187380,False,False,,,,,0,,,,,,,0,,,,,,,306,48.76,-105.9,52.06,-105.5,80.26,-103.6
A078890,가온그룹,전자제품,2026-09-28,2.74,1.78,81622497490,False,False,,,,,180,3.31,-17.2,3.43,-20.1,3.55,-22.9,554,3.84,-28.7,4.93,-44.4,5.53,-50.5,2212,3.69,-25.7,4.03,-32.0,4.26,-35.7
A078930,GS,석유와가스,2026-09-28,2.53,0.97,10571507331000,True,False,0.0,0.0,0.41,0.0,726,1.12,126.8,1.13,123.6,1.14,121.5,1223,1.07,136.1,1.09,131.8,1.11,128.5,2881,1.12,126.2,1.15,120.2,1.2,110.6
A079000,와토스코리아,건축제품,2026-09-28,-6.05,9.48,26712000000,False,False,,,,,183,99.81,-106.1,101.24,-106.0,103.48,-105.9,494,56.99,-110.6,98.25,-106.2,100.2,-106.0,2027,13.68,-144.3,14.95,-140.5,15.67,-138.6
A079160,CJ CGV,방송과엔터테인먼트,2026-09-28,7.17,2.1,865998028310,True,False,0.0,0.0,6.63,-5.52,726,5.29,35.4,5.45,31.6,5.56,28.9,1191,5.4,32.9,5.56,28.9,5.72,25.3,2686,5.55,29.1,5.85,22.6,6.28,14.2
A079170,한창산업,비철금속,2026-09-28,9.34,3.0,29068000000,False,False,,,,,726,3.82,144.4,3.97,135.3,4.07,129.5,1223,4.01,132.8,4.17,123.8,4.24,120.2,2698,4.28,118.2,4.67,99.8,7.26,28.5
A079190,케스피온,핸드셋,2026-09-28,37.48,4.61,12216230572,False,False,,,,,121,23.2,61.6,23.43,60.0,23.64,58.6,121,23.2,61.6,23.43,60.0,23.64,58.6,880,6.11,513.4,6.74,456.3,7.94,371.8
A079370,제우스,반도체와반도체장비,2026-09-28,7.74,2.0,386781865300,True,True,,,,,550,4.84,59.9,5.18,49.4,5.47,41.3,1047,4.87,58.9,5.17,49.7,5.41,43.1,2705,3.56,117.2,4.18,85.2,4.55,70.2
A079430,현대리바트,가구,2026-09-28,4.96,3.43,112840673220,True,False,,,,,726,4.77,4.0,4.99,-0.6,5.08,-2.3,1166,5.01,-1.0,5.17,-4.0,5.3,-6.4,2824,5.38,-7.8,5.78,-14.1,6.31,-21.3
A079550,LIG디펜스앤에어로스페이스,우주항공과국방,2026-09-28,26.9,5.99,15246000000000,True,False,0.0,-0.21,0.33,-0.23,726,11.12,142.0,13.05,106.1,14.13,90.4,1223,7.73,247.9,8.17,229.1,8.55,214.5,2694,8.51,216.0,9.05,197.3,9.42,185.7
A079650,서산,건축자재,2026-09-28,-178.0,1.96,131000000000,False,False,,,,,0,,,,,,,312,16.84,-1157.2,17.35,-1125.9,17.61,-1110.8,1230,2.34,-7717.4,2.41,-7482.1,2.57,-7025.1
A079810,APS이노베이션,전기제품,2026-09-28,17.91,2.24,77178216990,False,False,,,,,669,17.33,3.4,18.15,-1.3,19.04,-5.9,1065,12.08,48.3,13.91,28.8,15.18,18.0,1690,4.18,329.0,6.02,197.7,9.61,86.4
A079900,전진건설로봇,기계,2026-09-28,18.65,6.19,594646208750,True,False,0.0,0.0,-4.5,-2.76,511,9.46,97.1,11.57,61.1,13.85,34.7,511,9.46,97.1,11.57,61.1,13.85,34.7,511,9.46,97.1,11.57,61.1,13.85,34.7
A079940,가비아,IT서비스,2026-09-28,10.86,3.2,541524599400,False,False,,,,,726,4.94,119.7,5.1,112.7,5.28,105.6,1223,3.9,178.4,4.02,169.9,4.2,158.2,2881,4.34,150.3,4.8,126.0,5.03,116.0
A079950,인베니아,디스플레이장비및부품,2026-09-28,-2.41,3.35,18959963400,False,False,,,,,0,,,,,,,250,4.15,-158.0,4.36,-155.1,4.55,-152.9,1843,5.28,-145.5,5.79,-141.6,6.11,-139.4
A079960,동양이엔피,전기제품,2026-09-28,3.82,1.9,127925086520,False,False,,,,,726,2.87,33.5,2.95,29.7,3.02,26.7,1223,2.98,28.5,3.11,22.9,3.23,18.5,2881,3.13,22.2,3.34,14.6,3.55,7.8
A079970,투비소프트,소프트웨어,2026-09-28,3.79,3.79,7646223464,False,False,,,,,303,3.79,0.0,3.79,0.0,5.02,-24.6,369,3.79,0.0,3.79,0.0,5.02,-24.6,1191,5.02,-24.6,7.59,-50.1,9.79,-61.3
A079980,휴비스,"섬유,의류,신발,호화품",2026-09-28,4.59,3.75,66343500000,False,False,,,,,180,4.41,4.0,4.46,2.9,4.49,2.1,305,4.46,2.9,4.57,0.4,4.64,-1.0,1963,4.46,2.9,4.75,-3.4,5.05,-9.2
A080010,이상네트웍스,다각화된소비자서비스,2026-09-28,2.93,2.27,73763032500,False,False,,,,,726,2.47,18.7,2.5,16.9,2.54,15.4,1223,2.51,16.4,2.56,14.1,2.67,9.5,2881,2.81,4.3,3.12,-6.1,3.51,-16.5
A080160,모두투어,"호텔,레스토랑,레저",2026-09-28,11.22,7.02,158949000000,True,False,0.0,0.0,0.0,0.0,726,8.36,34.2,8.68,29.3,9.09,23.5,1129,8.75,28.2,9.26,21.2,9.63,16.5,2566,9.73,15.3,10.21,9.9,10.85,3.4
A080220,제주반도체,반도체와반도체장비,2026-09-28,11.85,3.21,2569435341800,False,False,,,,,726,14.92,-20.6,18.59,-36.3,22.24,-46.7,1223,4.58,159.0,5.88,101.5,7.09,67.1,2542,5.84,102.9,6.98,69.8,8.95,32.4
A080420,모다이노칩,전문소매,2026-09-28,7.63,3.87,130823181702,False,False,,,,,726,4.52,68.8,4.8,59.2,5.22,46.1,1223,4.94,54.5,5.37,42.2,5.53,38.0,2881,5.58,36.8,6.06,25.9,6.43,18.6
A080470,성창오토텍,자동차부품,2026-09-28,2.49,1.78,19600500000,False,False,,,,,726,2.55,-2.4,2.6,-4.2,2.65,-6.0,1223,2.62,-4.8,2.7,-7.5,2.76,-9.7,2511,2.77,-10.0,4.05,-38.5,6.27,-60.3
A080520,오디텍,반도체와반도체장비,2026-09-28,-7.44,7.6,33174681810,False,False,,,,,0,,,,,,,250,18.85,-139.5,19.22,-138.7,19.92,-137.3,1908,10.29,-172.3,10.67,-169.7,11.08,-167.1
A080530,코디,화장품,2026-09-28,15.03,5.72,27236342640,False,False,,,,,545,6.74,123.0,8.31,80.8,11.74,28.0,611,6.93,116.8,9.34,60.9,12.56,19.7,1226,12.54,19.9,14.14,6.3,15.1,-0.4
A080580,오킨스전자,반도체와반도체장비,2026-09-28,10.59,4.36,529382970500,True,True,0.0,0.0,9.09,2.57,605,9.43,12.2,11.64,-9.1,13.75,-23.0,1102,13.17,-19.6,18.19,-41.8,20.6,-48.6,2170,7.87,34.5,9.38,12.8,10.79,-1.9
A080720,한국유니온제약,제약,2026-09-28,-12.51,5.67,192441519730,False,False,,,,,0,,,,,,,123,25.75,-148.6,25.9,-148.3,26.11,-147.9,536,7.75,-261.4,8.35,-249.9,9.84,-227.2
A081000,일진다이아,비철금속,2026-09-28,34.54,5.17,133792024500,False,False,,,,,60,30.98,11.5,31.87,8.4,32.28,7.0,495,34.01,1.6,35.95,-3.9,36.98,-6.6,2153,7.71,347.8,9.45,265.6,10.51,228.7
A081150,티플랙스,비철금속,2026-09-28,8.59,3.51,63097845200,False,False,,,,,605,9.27,-7.3,12.63,-32.0,13.18,-34.8,1102,4.46,92.4,4.91,74.8,6.55,31.1,2760,5.99,43.5,6.48,32.6,7.08,21.3
A081180,쎄크,전자장비와기기,2026-09-28,-8.6,6.42,56659934700,False,False,,,,,100,7.59,-213.3,7.66,-212.3,7.8,-210.2,100,7.59,-213.3,7.66,-212.3,7.8,-210.2,100,7.59,-213.3,7.66,-212.3,7.8,-210.2
A081580,성우전자,핸드셋,2026-09-28,12.81,5.05,36599217480,False,False,,,,,304,9.43,35.9,10.0,28.1,10.31,24.2,673,9.48,35.1,9.81,30.6,10.44,22.8,1901,6.54,95.9,7.22,77.4,7.58,69.0
A081660,미스토홀딩스,"섬유,의류,신발,호화품",2026-09-28,3.26,2.47,2030762880000,True,False,0.0,0.0,2.17,-0.16,726,3.86,-15.4,4.02,-18.8,4.17,-21.7,1223,3.55,-8.1,3.65,-10.6,3.71,-12.1,2881,3.77,-13.5,4.02,-18.8,4.19,-22.1
A082210,옵트론텍,전자장비와기기,2026-09-28,2.98,2.69,61080937510,True,False,0.0,0.0,0.0,0.0,474,3.4,-12.3,3.66,-18.6,3.91,-23.8,925,3.9,-23.5,4.51,-33.8,5.26,-43.2,2560,4.54,-34.2,5.1,-41.5,5.64,-47.1
A082270,젬백스,반도체와반도체장비,2026-09-28,54.09,47.25,458899122830,False,False,,,,,180,54.06,0.1,55.08,-1.8,56.76,-4.7,245,54.79,-1.3,56.9,-4.9,59.91,-9.7,605,56.74,-4.7,62.85,-13.9,68.49,-21.0
A082740,한화엔진,조선,2026-09-28,12.2,2.9,3976256316300,True,False,0.0,0.0,-0.64,1.08,726,10.85,12.4,11.78,3.5,12.33,-1.1,1215,8.17,49.3,8.76,39.2,9.56,27.6,2382,5.22,133.5,7.39,65.1,8.26,47.6
A082800,비보존 제약,제약,2026-09-28,-9.08,30.55,171533056450,False,False,,,,,302,33.75,-126.9,35.08,-125.9,38.91,-123.3,302,33.75,-126.9,35.08,-125.9,38.91,-123.3,550,36.96,-124.6,43.57,-120.8,48.46,-118.7
A082850,우리바이오,디스플레이장비및부품,2026-09-28,-10.4,0.92,43853200375,False,False,,,,,546,4.99,-308.5,5.17,-301.2,5.39,-292.9,1043,4.03,-358.2,4.23,-346.1,4.38,-337.8,2148,2.57,-505.5,3.3,-415.7,3.78,-375.2
A082920,비츠로셀,전기제품,2026-09-28,13.01,4.79,1297759963750,True,False,0.0,0.0,-4.63,-5.09,726,6.95,87.1,7.32,77.6,8.37,55.5,1223,7.66,69.8,8.57,51.7,8.86,46.9,2881,8.66,50.3,8.97,45.1,9.23,41.0
A083310,엘오티베큠,반도체와반도체장비,2026-09-28,-93.12,3.26,192882657390,False,False,,,,,304,4.83,-2028.6,5.04,-1948.1,5.22,-1885.0,801,4.89,-2005.6,5.07,-1938.0,5.22,-1885.2,2335,4.95,-1982.4,5.21,-1887.1,5.52,-1788.2
A083420,그린케미칼,화학,2026-09-28,6.31,5.26,111480000000,False,False,,,,,726,9.83,-35.8,11.66,-45.9,12.98,-51.4,1223,8.45,-25.3,9.95,-36.6,10.76,-41.3,2881,8.24,-23.4,9.51,-33.6,10.26,-38.5
A083450,GST,반도체와반도체장비,2026-09-28,10.31,2.1,910442000000,True,False,0.0,0.0,-0.61,0.0,726,4.79,115.2,4.97,107.3,5.13,100.7,1223,3.47,196.9,3.67,181.2,4.29,140.1,2818,3.57,188.6,3.85,167.4,4.09,152.0
A083470,이엠앤아이,디스플레이장비및부품,2026-09-28,-12.45,1.74,19120934784,False,False,,,,,58,,,,,,,368,79.12,-115.7,88.87,-114.0,98.81,-112.6,987,3.92,-417.4,4.18,-398.0,4.71,-364.4
A083500,에프엔에스테크,디스플레이장비및부품,2026-09-28,4.46,3.4,109478048860,True,False,0.0,0.0,0.0,0.0,726,6.21,-28.2,6.98,-36.1,7.36,-39.5,1223,6.7,-33.5,7.12,-37.4,7.48,-40.4,2104,4.68,-4.7,5.44,-18.1,6.51,-31.5
A083550,케이엠,"섬유,의류,신발,호화품",2026-09-28,42.44,2.5,44599782850,False,False,,,,,181,34.12,24.4,37.67,12.7,41.28,2.8,678,9.05,369.1,9.54,345.0,9.88,329.5,2336,4.63,817.4,6.19,586.2,8.59,394.2
A083640,인콘,전자장비와기기,2026-09-28,-398.37,7.74,24795007200,False,False,,,,,666,10.17,-4016.5,10.5,-3895.3,10.87,-3766.2,917,10.44,-3917.2,10.91,-3751.2,11.62,-3528.8,1834,11.62,-3528.2,13.25,-3105.6,14.59,-2830.3
A083650,비에이치아이,에너지장비및서비스,2026-09-28,11.25,2.15,1872134687500,True,False,0.0,0.0,0.0,0.0,726,10.34,8.8,11.27,-0.1,12.05,-6.6,1035,8.63,30.3,9.8,14.8,10.37,8.5,2063,4.39,156.6,4.94,127.7,5.43,107.2
A083660,CSA 코스믹,화장품,2026-09-28,-2.43,4.06,24933971529,False,False,,,,,0,,,,,,,184,18.68,-113.0,19.72,-112.3,21.36,-111.4,690,7.11,-134.2,7.81,-131.2,10.32,-123.6
A083790,CG인바이츠,생명과학도구및서비스,2026-09-28,-3.14,44.33,76663499454,False,False,,,,,0,,,,,,,0,,,,,,,423,76.76,-104.1,81.29,-103.9,109.55,-102.9
A083930,아바코,전기제품,2026-09-28,50.74,2.55,180970480170,False,False,,,,,726,5.06,903.1,5.32,853.9,5.46,829.5,1223,5.39,841.6,5.55,815.0,5.72,786.7,2881,4.8,956.6,5.2,875.9,5.48,825.2
A084010,대한제강,철강,2026-09-28,9.83,1.23,278409927600,True,False,0.0,0.0,12.16,-11.34,726,2.74,258.2,3.3,197.7,4.39,124.0,1223,1.64,498.0,1.84,434.1,1.99,394.9,2881,2.08,373.1,2.26,335.2,2.42,305.4
A084110,휴온스글로벌,제약,2026-09-28,4.03,2.09,275983901600,False,False,,,,,726,2.39,68.7,2.47,63.4,2.57,56.7,1223,2.46,64.3,2.61,54.8,2.77,45.6,2881,2.83,42.5,3.12,29.4,3.65,10.6
A084180,수성웹툰,출판,2026-09-28,0.7,0.45,3759450864,False,False,,,,,304,1.73,-59.5,1.86,-62.4,2.07,-66.2,304,1.73,-59.5,1.86,-62.4,2.07,-66.2,1104,4.69,-85.1,5.53,-87.4,5.8,-87.9
A084370,유진테크,반도체와반도체장비,2026-09-28,24.45,4.44,3554278114200,True,False,0.0,0.0,0.0,0.0,726,9.81,149.3,10.4,135.1,11.11,120.1,1223,7.24,237.9,7.87,210.5,8.23,197.3,2881,6.55,273.5,7.11,243.7,7.78,214.1
A084440,유비온,교육서비스,2026-09-28,-33.65,2.12,19094155160,False,False,,,,,366,14.05,-339.5,14.82,-327.0,18.12,-285.7,863,12.88,-361.2,14.44,-333.1,16.26,-307.0,2173,4.18,-904.9,4.74,-810.7,5.54,-707.0
A084650,랩지노믹스,생명과학도구및서비스,2026-09-28,-1.03,0.78,40015354610,False,False,,,,,293,10.68,-109.7,11.25,-109.2,11.57,-108.9,790,2.16,-148.0,2.27,-145.5,2.39,-143.3,1812,2.39,-143.2,2.86,-136.1,3.42,-130.3
A084670,동양고속,도로와철도운송,2026-09-28,20.0,4.29,69783212900,False,False,,,,,304,11.27,77.5,16.88,18.5,17.81,12.3,304,11.27,77.5,16.88,18.5,17.81,12.3,1655,4.9,307.9,5.3,277.3,5.87,240.6
A084680,이월드,"섬유,의류,신발,호화품",2026-09-28,47.18,12.62,75440894676,False,False,,,,,364,16.88,179.5,21.44,120.0,35.94,31.3,795,14.76,219.6,15.4,206.4,16.02,194.5,1897,16.39,187.9,20.15,134.1,21.86,115.8
A084690,대상홀딩스,식품,2026-09-28,1.2,0.77,282819921780,False,False,,,,,726,1.34,-10.1,1.56,-22.7,1.69,-28.8,1223,1.62,-25.8,1.74,-30.9,1.8,-33.1,2881,1.61,-25.1,1.7,-29.3,1.77,-32.2
A084730,팅크웨어,전자제품,2026-09-28,-43.87,2.06,73544386880,False,False,,,,,668,2.37,-1954.6,2.54,-1830.3,2.69,-1730.5,1165,2.62,-1776.4,2.88,-1625.2,3.11,-1511.1,2823,3.33,-1418.7,3.92,-1219.2,4.59,-1056.8
A084850,아이티엠반도체,전자장비와기기,2026-09-28,9.83,6.97,184185424080,True,False,,,,,624,10.18,-3.4,10.85,-9.4,11.38,-13.6,1060,11.07,-11.1,12.28,-20.0,13.29,-26.0,1527,10.98,-10.5,12.0,-18.1,12.76,-23.0
A084870,TBH글로벌,"섬유,의류,신발,호화품",2026-09-28,9.33,1.16,45315037040,False,False,,,,,726,4.58,103.5,4.96,87.9,5.21,78.9,1223,5.04,85.1,6.52,43.1,7.02,32.8,2572,4.21,121.6,4.46,109.3,4.77,95.5
A084990,헬릭스미스,생물공학,2026-09-28,-15.61,535.17,147266486415,False,False,,,,,0,,,,,,,0,,,,,,,492,597.28,-102.6,625.92,-102.5,678.89,-102.3
A085310,엔케이,조선,2026-09-28,17.85,9.77,65204870460,False,False,,,,,181,13.45,32.7,13.55,31.8,13.66,30.7,487,10.63,68.0,13.38,33.4,13.64,30.8,817,13.44,32.8,13.94,28.0,15.64,14.2
A085620,미래에셋생명,생명보험,2026-09-28,14.49,1.61,2638713600000,False,False,,,,,726,3.2,353.4,4.02,260.5,4.48,223.3,1053,2.22,553.3,2.87,404.1,3.1,366.6,1254,2.57,463.6,3.04,375.8,3.19,354.2
A085660,차바이오텍,건강관리업체및서비스,2026-09-28,-10.24,4.38,762377337200,False,False,,,,,0,,,,,,,62,119.74,-108.6,121.14,-108.5,121.81,-108.4,1506,14.84,-169.0,16.63,-161.6,18.56,-155.2
A085670,뉴프렉스,전자장비와기기,2026-09-28,12.13,3.84,85262648280,False,False,,,,,726,6.86,76.9,7.59,59.9,8.48,43.1,1157,7.32,65.8,8.0,51.7,8.88,36.7,2076,6.72,80.5,7.43,63.2,8.17,48.4
A085810,알티캐스트,건설,2026-09-28,17.02,5.53,19749323341,False,False,,,,,239,8.75,94.4,9.38,81.3,10.03,69.6,426,6.4,165.9,7.21,135.9,8.38,103.1,1649,7.66,122.1,8.44,101.7,9.18,85.4
A085910,네오티스,자동차부품,2026-09-28,7.15,4.07,224165792500,True,True,0.0,0.0,-1.09,-3.22,665,8.98,-20.3,9.99,-28.4,10.74,-33.4,1162,4.91,45.6,5.75,24.3,6.39,11.9,2820,7.14,0.2,8.37,-14.5,9.56,-25.2
A086040,바이오톡스텍,생명과학도구및서비스,2026-09-28,-10.34,11.29,35826264515,False,False,,,,,0,,,,,,,374,25.21,-141.0,25.87,-140.0,26.31,-139.3,1288,25.41,-140.7,26.73,-138.7,28.44,-136.4
A086060,진바이오텍,제약,2026-09-28,9.02,5.38,40943341185,False,False,,,,,726,7.81,15.5,8.08,11.7,8.29,8.8,1164,8.14,10.9,8.39,7.5,8.57,5.2,2822,8.42,7.2,8.86,1.8,9.13,-1.1
A086280,현대글로비스,항공화물운송과물류,2026-09-28,6.52,2.47,14932500000000,True,False,0.0,0.0,0.0,0.0,726,3.93,65.8,4.0,62.9,4.08,59.5,1223,3.7,76.1,3.79,71.8,3.87,68.2,2881,3.91,66.5,4.12,58.3,4.4,48.1
A086390,유니테스트,반도체와반도체장비,2026-09-28,7.22,1.99,273898272960,True,False,0.0,0.0,-13.56,-29.48,375,5.3,36.1,6.48,11.3,7.82,-7.7,808,8.77,-17.7,10.19,-29.2,11.7,-38.3,2454,3.92,84.4,4.58,57.6,5.42,33.1
A086450,동국제약,제약,2026-09-28,6.8,6.02,952100341000,True,True,0.0,0.0,0.0,0.0,726,6.9,-1.4,7.12,-4.6,7.26,-6.3,1223,7.14,-4.8,7.31,-6.9,7.48,-9.1,2881,7.6,-10.5,7.85,-13.4,8.11,-16.2
A086520,에코프로,화학,2026-09-28,38.86,2.46,11120066848800,False,False,,,,,420,28.51,36.3,32.95,17.9,35.22,10.3,917,5.17,651.0,5.64,588.9,6.09,537.7,2575,4.39,785.4,5.26,639.4,5.87,562.3
A086670,비엠티,기계,2026-09-28,7.47,3.43,194249569450,True,True,0.0,,,,726,4.35,71.7,4.66,60.2,4.99,49.7,1223,4.56,64.0,4.91,52.2,5.08,47.1,2694,4.91,52.1,5.17,44.5,5.56,34.5
A086710,선진뷰티사이언스,화장품,2026-09-28,23.8,6.05,82982304000,False,False,,,,,726,8.11,193.5,9.03,163.6,9.55,149.2,1223,8.87,168.3,9.41,153.0,9.87,141.0,1388,9.03,163.5,9.64,146.8,10.15,134.4
A086790,하나금융지주,은행,2026-09-28,5.95,1.73,36662228823000,True,False,0.0,0.0,0.02,-0.02,726,2.42,145.4,3.16,88.6,3.22,85.0,1223,2.27,162.1,2.32,156.1,2.36,151.7,2881,2.38,149.7,2.6,128.8,2.76,115.4
A086820,바이오솔루션,생물공학,2026-09-28,-52.3,20.41,176024537150,False,False,,,,,38,,,,,,,38,,,,,,,436,36.81,-242.1,58.13,-190.0,73.86,-170.8
A086890,이수앱지스,제약,2026-09-28,-15.16,10.06,155352711900,False,False,,,,,605,12.83,-218.2,13.26,-214.3,13.71,-210.6,716,12.99,-216.7,13.47,-212.6,13.94,-208.8,1230,13.69,-210.7,14.32,-205.9,15.02,-201.0
A086900,메디톡스,생물공학,2026-09-28,14.1,11.61,501406743900,True,False,0.0,0.0,-3.29,3.76,726,13.68,3.1,14.27,-1.2,15.01,-6.1,1223,13.88,1.6,14.61,-3.5,15.39,-8.4,2847,15.64,-9.8,18.04,-21.8,20.44,-31.0
A086960,MDS테크,소프트웨어,2026-09-28,8.13,4.69,90798710450,False,False,,,,,726,11.62,-30.1,12.65,-35.8,13.07,-37.8,1223,12.2,-33.4,13.19,-38.4,13.97,-41.8,2881,8.71,-6.6,9.09,-10.6,9.55,-14.9
A086980,쇼박스,방송과엔터테인먼트,2026-09-28,3.82,3.79,112201086000,False,False,,,,,300,4.24,-9.9,4.35,-12.2,6.77,-43.6,552,4.5,-15.3,7.87,-51.5,8.21,-53.5,2003,12.35,-69.1,13.73,-72.2,14.53,-73.7
A087260,모바일어플라이언스,자동차부품,2026-09-28,-1.18,11.21,8040556667,False,False,,,,,486,28.85,-104.1,32.78,-103.6,33.66,-103.5,798,33.1,-103.6,35.65,-103.3,49.04,-102.4,1737,20.13,-105.9,24.16,-104.9,28.0,-104.2
A087600,픽셀플러스,반도체와반도체장비,2026-09-28,-4.91,4.93,32176238520,False,False,,,,,58,,,,,,,493,12.31,-139.9,12.6,-139.0,13.18,-137.3,1032,8.45,-158.1,10.36,-147.4,11.74,-141.8
A088130,동아엘텍,디스플레이장비및부품,2026-09-28,1.22,0.56,98792024100,False,False,,,,,726,1.08,12.6,1.12,9.5,1.15,5.8,1223,1.12,8.7,1.24,-1.6,1.41,-13.7,2881,1.69,-27.9,2.92,-58.2,3.3,-63.0
A088290,이원컴포텍,자동차부품,2026-09-28,11.18,7.68,18025922720,False,False,,,,,726,10.61,5.3,11.05,1.1,11.42,-2.1,1157,11.12,0.5,11.68,-4.3,12.31,-9.2,1527,11.5,-2.8,12.29,-9.0,12.86,-13.1
A088340,유라클,소프트웨어,2026-09-28,-8.34,9.85,29197621920,False,False,0.0,,0.0,,306,14.25,-158.5,15.96,-152.3,16.66,-150.1,306,14.25,-158.5,15.96,-152.3,16.66,-150.1,306,14.25,-158.5,15.96,-152.3,16.66,-150.1
A088350,한화생명,생명보험,2026-09-28,5.25,0.95,5054844600000,True,False,0.0,0.0,0.0,0.0,726,2.34,124.0,2.4,118.7,2.46,113.3,1078,1.81,189.6,1.9,176.2,2.0,162.7,1170,1.84,185.9,1.93,171.4,2.04,157.5
A088390,이녹스,레저용장비와제품,2026-09-28,11.74,1.2,75368327320,False,False,,,,,665,7.47,57.2,7.93,48.0,10.0,17.4,1162,7.32,60.2,7.53,55.9,7.97,47.2,2231,5.28,122.2,6.07,93.4,6.82,72.1
A088790,진도,"섬유,의류,신발,호화품",2026-09-28,4.03,3.35,31306076160,False,False,,,,,726,4.35,-7.4,4.71,-14.4,5.75,-30.0,1223,5.33,-24.5,5.68,-29.1,5.99,-32.7,2385,5.33,-24.4,5.66,-28.8,5.86,-31.3
A088800,에이스테크,통신장비,2026-09-28,-5.85,2.91,160828704420,False,False,,,,,0,,,,,,,302,11.74,-149.9,12.39,-147.2,12.81,-145.7,1730,3.73,-257.0,4.14,-241.3,4.5,-230.0
A088910,동우팜투테이블,식품,2026-09-28,3.98,2.84,51212032124,False,False,,,,,608,3.23,23.2,3.46,15.0,3.62,10.1,1105,3.58,11.4,3.78,5.5,4.14,-3.8,2331,4.15,-4.1,4.34,-8.3,4.66,-14.6
A089010,켐트로닉스,전자장비와기기,2026-09-28,7.81,2.49,421766179050,True,False,0.0,0.0,-9.09,-8.81,726,5.31,47.1,6.23,25.5,6.64,17.6,1223,6.38,22.4,6.94,12.5,7.31,6.8,2418,5.21,50.0,5.59,39.7,5.96,31.1
A089030,테크윙,반도체와반도체장비,2026-09-28,12.35,2.29,1828597380750,True,False,,,,,726,7.06,74.9,7.72,59.9,8.21,50.5,1223,4.85,154.6,5.27,134.3,5.82,112.1,2881,4.91,151.4,5.26,134.5,5.57,121.8
A089140,넥스턴앤롤코리아,기계,2026-09-28,2.4,2.27,32546997250,False,False,,,,,608,4.55,-47.4,5.25,-54.4,9.01,-73.4,608,4.55,-47.4,5.25,-54.4,9.01,-73.4,1836,7.4,-67.6,8.95,-73.2,9.73,-75.4
A089150,케이씨티,컴퓨터와주변기기,2026-09-28,8.59,7.37,28383250000,False,False,,,,,726,9.84,-12.7,11.41,-24.8,13.96,-38.5,1157,11.55,-25.7,15.53,-44.7,18.39,-53.3,2693,15.25,-43.7,17.58,-51.2,18.58,-53.8
A089230,THE E&M,양방향미디어와서비스,2026-09-28,-7.24,5.73,81207989240,False,False,,,,,0,,,,,,,250,17.68,-141.0,19.44,-137.3,20.53,-135.3,1413,12.96,-155.9,13.89,-152.2,14.97,-148.4
A089470,HDC현대EP,자동차부품,2026-09-28,2.7,1.88,122177000000,False,False,,,,,726,2.75,-1.7,2.8,-3.4,2.94,-8.0,1223,2.83,-4.4,3.2,-15.5,3.35,-19.3,2881,3.02,-10.6,3.37,-19.8,3.52,-23.1
A089590,제주항공,항공사,2026-09-28,4.08,3.5,363690842350,True,False,0.0,0.0,179.53,118.29,645,4.41,-7.5,4.54,-10.2,4.63,-11.8,964,4.54,-10.2,4.67,-12.7,4.93,-17.2,2277,5.08,-19.6,5.52,-26.1,6.0,-32.0
A089600,KT나스미디어,광고,2026-09-28,5.12,4.37,141441344000,True,False,0.0,0.0,-0.86,-1.69,726,5.74,-10.9,5.93,-13.7,6.08,-15.9,1223,5.79,-11.6,5.95,-13.9,6.1,-16.1,2881,6.18,-17.2,6.54,-21.7,6.89,-25.7
A089790,제이티,반도체와반도체장비,2026-09-28,15.09,3.31,61996233130,False,False,,,,,483,6.29,139.7,6.76,123.3,7.26,107.9,980,4.23,256.5,4.42,241.3,4.59,228.6,2051,4.33,248.6,4.57,230.1,5.0,202.0
A089850,유비벨록스,전자제품,2026-09-28,12.74,1.05,63118902715,False,False,,,,,726,1.37,828.7,1.83,597.4,2.0,538.2,1223,1.87,579.9,2.23,470.5,2.42,427.5,2842,2.47,416.5,2.88,342.1,3.24,293.7
A089860,롯데렌탈,도로와철도운송,2026-09-28,4.85,2.66,1804576583600,True,False,0.0,0.0,0.0,0.04,726,2.89,67.6,2.95,64.4,2.98,62.9,1223,2.89,67.5,2.95,64.5,2.98,62.8,1248,2.9,67.4,2.95,64.4,2.98,62.7
A089890,코세스,반도체와반도체장비,2026-09-28,8.93,4.01,505841341000,True,True,,,,,547,8.67,3.0,11.01,-18.9,17.67,-49.5,1044,9.87,-9.5,11.02,-19.0,12.75,-30.0,2207,6.82,31.0,9.13,-2.2,10.45,-14.6
A089970,브이엠,반도체와반도체장비,2026-09-28,12.58,3.12,1579605900000,True,False,0.0,0.0,3.16,1.96,535,10.25,22.8,10.9,15.4,11.5,9.4,970,6.89,82.5,7.2,74.7,7.53,67.1,1732,6.16,104.4,6.7,87.8,7.18,75.3
A089980,상아프론테크,전자장비와기기,2026-09-28,16.45,5.06,255504811260,True,False,0.0,0.0,0.0,0.0,726,19.19,-14.3,22.2,-25.9,23.07,-28.7,1223,22.72,-27.6,24.27,-32.2,25.19,-34.7,2881,8.48,94.1,9.68,70.0,10.52,56.3
A090080,평화산업,자동차부품,2026-09-28,2.59,2.1,55945401921,False,False,,,,,726,2.92,-11.3,3.4,-23.8,3.55,-27.0,1160,3.44,-24.9,3.75,-30.9,3.95,-34.4,1590,3.65,-29.2,3.96,-34.6,4.23,-38.9
A090150,아이윈,자동차부품,2026-09-28,3.05,2.45,24915797550,False,False,,,,,726,3.36,-9.1,4.2,-27.4,4.35,-29.8,1223,4.26,-28.4,4.49,-32.0,4.59,-33.6,2455,4.59,-33.6,4.79,-36.3,5.62,-45.7
A090350,노루페인트,건축자재,2026-09-28,3.62,2.25,158200000000,False,False,,,,,726,3.56,1.7,3.63,-0.3,3.7,-2.3,1223,3.66,-1.1,3.84,-5.7,4.08,-11.2,2881,3.88,-6.7,4.1,-11.7,4.27,-15.3
A090360,로보스타,기계,2026-09-28,-392.89,5.6,742950000000,False,False,,,,,362,75.66,-619.3,87.28,-550.1,117.54,-434.3,731,113.67,-445.6,124.91,-414.5,131.17,-399.5,1860,7.58,-5281.7,8.61,-4661.7,9.28,-4331.7
A090370,메타랩스,상업서비스와공급품,2026-09-28,-59.7,1.92,32383361154,False,False,,,,,0,,,,,,,0,,,,,,,722,3.93,-1619.7,4.77,-1350.9,5.17,-1254.3
A090410,덕신이피씨,건축자재,2026-09-28,-12.81,2.42,31936277835,False,False,,,,,487,2.82,-554.5,2.94,-535.9,3.01,-526.1,918,3.0,-527.4,3.07,-516.8,3.15,-507.0,1897,3.16,-505.5,3.46,-470.2,3.93,-425.6
A090430,아모레퍼시픽,화장품,2026-09-28,15.44,11.54,8346916709300,True,False,0.0,0.0,0.95,1.93,726,15.11,2.2,15.43,0.1,15.6,-1.0,1223,15.48,-0.2,15.84,-2.5,16.18,-4.6,2881,16.07,-3.9,16.56,-6.7,17.15,-10.0
A090460,비에이치,전자장비와기기,2026-09-28,5.95,3.48,686029798300,True,False,0.0,0.0,-4.45,-3.35,726,4.08,45.9,4.36,36.5,4.54,30.9,1223,4.3,38.4,4.63,28.5,4.75,25.2,2881,4.24,40.2,4.46,33.4,4.69,26.9
A090470,제이스로보틱스,전자장비와기기,2026-09-28,-3.16,1.42,72615248070,False,False,,,,,264,5.79,-154.6,6.27,-150.5,6.62,-147.8,636,3.96,-179.9,4.33,-173.1,4.61,-168.5,1987,2.89,-209.4,3.44,-191.9,3.83,-182.6
A090710,휴림로봇,기계,2026-09-28,-25.42,7.8,735288028350,False,False,,,,,0,,,,,,,0,,,,,,,610,16.32,-255.8,17.9,-242.0,18.83,-235.0
A090850,현대이지웰,상업서비스와공급품,2026-09-28,5.64,4.7,112277125485,False,False,,,,,726,5.31,6.2,5.47,3.2,5.59,0.9,1223,5.52,2.2,5.7,-1.0,5.82,-3.0,2881,5.84,-3.4,6.05,-6.8,6.32,-10.8
A091120,이엠텍,핸드셋,2026-09-28,-3.52,3.51,93717159920,False,False,,,,,0,,,,,,,487,6.36,-155.4,7.09,-149.7,7.5,-147.0,2073,5.25,-167.1,5.51,-163.9,5.92,-159.5
A091340,S&K폴리텍,전자장비와기기,2026-09-28,1.5,1.08,30488193205,False,False,,,,,666,1.48,1.3,1.63,-8.0,1.68,-10.8,1040,1.64,-8.5,1.71,-12.1,1.74,-13.8,2697,1.82,-17.5,2.13,-29.3,2.47,-39.1
A091440,한울소재과학,통신장비,2026-09-28,-5.89,2.2,115660799160,False,False,,,,,0,,,,,,,0,,,,,,,772,2.97,-298.5,3.49,-268.6,5.1,-215.5
A091580,상신이디피,전기제품,2026-09-28,8.03,4.19,283891064700,True,True,0.0,0.0,0.0,0.0,484,5.98,34.4,6.22,29.1,6.4,25.6,981,5.52,45.5,5.98,34.4,6.24,28.8,2206,5.74,40.1,6.22,29.2,6.57,22.3
A091590,남화토건,건설,2026-09-28,18.14,6.55,72318400000,False,False,,,,,364,11.2,61.9,11.52,57.4,11.75,54.4,861,10.21,77.6,10.76,68.6,11.38,59.3,2336,11.81,53.6,12.58,44.2,13.82,31.2
A091700,파트론,핸드셋,2026-09-28,6.18,3.18,263000000000,True,False,0.0,0.0,2.91,-1.42,726,6.57,-6.0,6.68,-7.5,6.79,-9.1,1223,6.47,-4.6,6.61,-6.5,6.7,-7.8,2881,6.19,-0.2,6.51,-5.1,6.7,-7.8
A091810,트리니티항공,항공사,2026-09-28,10.23,1.49,271091671605,True,False,0.0,0.0,28.84,8.16,534,3.69,177.4,3.82,168.0,3.91,161.7,825,3.16,224.1,3.45,196.2,3.66,179.7,1321,3.22,218.1,3.6,184.0,3.8,169.4
A091970,LSK아이로봇,화학,2026-09-28,-41.75,4.17,27351251400,False,False,,,,,183,120.57,-134.6,126.95,-132.9,141.7,-129.5,183,120.57,-134.6,126.95,-132.9,141.7,-129.5,985,7.2,-679.5,8.11,-614.9,9.99,-518.0
A092040,아미코젠,생물공학,2026-09-28,-5.33,14.49,69524900808,False,False,,,,,121,151.92,-103.5,160.44,-103.3,161.77,-103.3,239,104.97,-105.1,107.58,-105.0,125.18,-104.3,1649,25.49,-120.9,29.07,-118.3,33.68,-115.8
A092070,디엔에프,반도체와반도체장비,2026-09-28,62.52,4.78,153558555660,False,False,,,,,121,56.73,10.2,57.67,8.4,58.42,7.0,618,6.54,855.9,6.87,810.5,7.26,761.2,2276,6.48,864.5,7.03,789.9,7.44,740.6
A092130,이크레더블,상업서비스와공급품,2026-09-28,10.33,9.26,171500864000,True,False,0.0,0.0,0.0,0.0,726,9.75,6.0,9.9,4.3,10.25,0.8,1223,9.95,3.9,10.29,0.4,10.45,-1.1,2881,10.51,-1.7,10.83,-4.6,11.03,-6.4
A092190,서울바이오시스,디스플레이장비및부품,2026-09-28,10.0,5.47,348599710800,False,False,,,,,322,8.25,21.2,9.71,3.0,10.83,-7.6,492,8.12,23.2,8.53,17.2,9.25,8.1,1020,9.29,7.6,10.2,-1.9,10.83,-7.6
A092200,디아이씨,자동차부품,2026-09-28,15.99,2.79,216220443640,False,False,,,,,726,5.35,198.7,5.85,173.1,6.13,160.8,1157,5.0,219.5,5.25,204.3,5.61,185.0,2406,3.85,315.4,4.1,290.1,4.34,268.6
A092220,KEC,반도체와반도체장비,2026-09-28,-5.87,6.82,127083067620,False,False,,,,,0,,,,,,,435,9.26,-163.3,9.53,-161.5,9.82,-159.7,1722,10.92,-153.7,12.15,-148.3,12.97,-145.2
A092230,KPX홀딩스,화학,2026-09-28,6.68,2.39,409368197400,False,False,,,,,726,3.46,93.3,3.5,91.1,3.56,87.8,1223,3.52,89.7,3.62,84.7,3.71,80.2,2881,3.38,97.8,3.56,87.6,3.69,81.0
A092300,현우산업,전자장비와기기,2026-09-28,3.44,2.69,51583669760,False,False,,,,,726,3.68,-6.5,3.98,-13.5,4.26,-19.2,1223,4.11,-16.2,4.56,-24.6,4.87,-29.3,2634,4.94,-30.3,5.77,-40.3,6.19,-44.4
A092440,기신정기,기계,2026-09-28,-16.87,6.63,54136800000,False,False,,,,,422,19.94,-184.6,25.86,-165.2,27.59,-161.1,919,11.41,-247.9,12.23,-237.9,12.78,-232.0,2577,9.23,-282.8,9.73,-273.3,10.02,-268.3
A092460,한라IMS,조선,2026-09-28,11.09,4.04,284876172000,False,False,,,,,726,8.86,25.1,9.12,21.6,9.33,18.8,1223,9.2,20.5,9.5,16.7,9.93,11.6,2541,9.42,17.7,10.26,8.1,11.13,-0.4
A092600,앤씨앤,전자제품,2026-09-28,2.04,1.03,17257458320,False,False,,,,,60,1.09,88.4,1.09,87.6,1.1,86.3,91,1.09,87.6,1.11,84.4,1.12,83.4,685,5.9,-65.4,6.43,-68.2,6.64,-69.2
A092730,네오팜,화장품,2026-09-28,11.33,3.18,368643747000,False,False,,,,,726,6.0,88.7,6.17,83.5,6.43,76.1,1223,6.25,81.1,6.55,72.8,6.7,69.0,2881,6.79,66.8,7.14,58.7,7.49,51.3
A092780,DYP,자동차부품,2026-09-28,2.85,1.85,46682190700,False,False,,,,,726,2.92,-2.7,3.54,-19.5,3.75,-24.2,1223,3.64,-21.9,4.1,-30.6,4.42,-35.6,2143,2.73,4.3,3.06,-6.9,3.26,-12.8
A092790,넥스틸,철강,2026-09-28,33.77,1.01,356747440000,False,False,,,,,726,1.21,2699.2,1.28,2541.7,2.42,1298.4,726,1.21,2699.2,1.28,2541.7,2.42,1298.4,726,1.21,2699.2,1.28,2541.7,2.42,1298.4
A092870,엑시콘,반도체와반도체장비,2026-09-28,18.8,3.19,613387459000,True,False,0.0,0.0,12.13,10.16,358,8.41,123.6,9.28,102.6,11.1,69.5,855,5.82,223.3,6.38,194.5,7.06,166.3,2114,6.33,197.0,8.13,131.4,8.66,117.1
A093050,LF,"섬유,의류,신발,호화품",2026-09-28,3.51,2.23,640356000000,False,False,,,,,726,3.03,16.1,3.12,12.6,3.37,4.4,1223,2.66,32.1,2.73,28.6,2.82,24.4,2881,2.88,22.0,3.05,15.0,3.31,6.1
A093190,빅솔론,컴퓨터와주변기기,2026-09-28,5.7,3.75,161222023900,False,False,,,,,726,7.12,-20.0,7.39,-22.9,8.73,-34.7,1223,5.08,12.2,5.35,6.4,5.59,1.8,2881,5.71,-0.2,7.11,-19.9,7.78,-26.8
A093240,형지엘리트,"섬유,의류,신발,호화품",2026-09-28,2.16,2.16,18171516664,False,False,,,,,726,3.27,-33.9,3.82,-43.5,4.1,-47.3,1220,3.95,-45.4,4.55,-52.5,5.07,-57.4,1729,4.41,-51.0,5.16,-58.1,7.05,-69.4
A093320,케이아이엔엑스,IT서비스,2026-09-28,21.73,7.22,669048000000,False,False,,,,,726,11.89,82.7,12.5,73.7,13.03,66.8,1223,9.76,122.6,10.25,111.9,10.76,101.9,2881,8.69,150.0,8.92,143.5,9.11,138.4
A093370,후성,화학,2026-09-28,15.65,5.8,1501574620000,True,False,0.0,0.0,0.0,0.0,601,16.62,-5.9,17.44,-10.3,18.82,-16.8,1090,8.67,80.6,10.14,54.4,10.86,44.0,2625,10.93,43.2,11.71,33.6,12.33,26.9
A093380,풍강,자동차부품,2026-09-28,7.61,4.99,31317422210,False,False,,,,,664,6.87,10.8,7.27,4.6,7.51,1.3,1161,7.44,2.3,7.74,-1.6,8.2,-7.2,2819,8.47,-10.2,9.45,-19.4,10.19,-25.3
A093520,매커스,반도체와반도체장비,2026-09-28,7.95,2.52,336226895250,True,False,0.0,0.0,0.0,0.0,726,5.45,45.8,5.69,39.7,6.02,32.1,1223,4.03,97.4,4.6,72.9,4.91,61.8,2881,4.83,64.7,5.3,50.0,5.58,42.4
A093640,케이알엠,반도체와반도체장비,2026-09-28,-17.34,18.68,153872809460,False,False,,,,,0,,,,,,,374,94.08,-118.4,95.29,-118.2,96.58,-118.0,1177,41.52,-141.8,53.79,-132.2,74.19,-123.4
A093920,서원인텍,핸드셋,2026-09-28,116.74,3.0,90210000000,False,False,,,,,726,8.53,1268.5,8.64,1251.6,9.03,1192.1,1223,4.64,2415.0,5.47,2034.7,6.22,1775.8,2881,5.68,1953.6,6.28,1758.1,6.8,1617.2
A094170,동운아나텍,반도체와반도체장비,2026-09-28,82.58,3.34,569795756000,True,False,0.0,0.0,0.0,0.0,726,11.57,613.6,11.91,593.3,12.26,573.3,1178,10.66,674.5,11.33,629.1,11.89,594.4,2579,6.18,1236.1,6.66,1139.5,7.08,1065.9
A094280,효성ITX,상업서비스와공급품,2026-09-28,7.87,6.32,139276310000,False,False,,,,,726,7.4,6.5,7.46,5.6,7.5,4.9,1223,7.16,10.0,7.3,7.9,7.35,7.1,2881,7.41,6.3,7.51,4.8,7.71,2.1
A094360,칩스앤미디어,반도체와반도체장비,2026-09-28,31.46,5.97,268435794180,True,False,0.0,0.0,0.0,0.0,726,29.13,8.0,32.01,-1.7,34.15,-7.9,1223,18.75,67.7,20.32,54.8,23.42,34.3,2617,15.76,99.6,17.14,83.5,17.86,76.1
A094480,갤럭시아머니트리,IT서비스,2026-09-28,11.8,7.71,225179270120,False,False,,,,,726,12.88,-8.4,17.74,-33.5,19.01,-37.9,1223,15.67,-24.7,18.01,-34.5,19.68,-40.1,2880,13.31,-11.3,14.41,-18.2,16.05,-26.5
A094820,일진파워,건설,2026-09-28,6.37,3.57,179285850010,False,False,,,,,726,7.09,-10.2,8.69,-26.7,9.36,-31.9,1223,8.47,-24.8,9.09,-29.9,9.94,-35.9,2881,4.9,29.9,5.1,24.9,5.37,18.6
A094840,슈프리마에이치큐,전자장비와기기,2026-09-28,44.32,7.24,127185233730,False,False,,,,,545,19.86,123.1,20.6,115.2,21.32,107.9,980,11.83,274.5,12.2,263.3,12.48,255.0,2512,11.08,299.9,11.9,272.3,12.61,251.5
A094850,참좋은여행,"호텔,레스토랑,레저",2026-09-28,7.26,5.26,61670000000,False,False,,,,,726,7.01,3.6,7.34,-1.0,8.2,-11.4,726,7.01,3.6,7.34,-1.0,8.2,-11.4,2077,7.07,2.7,7.75,-6.3,8.56,-15.1
A094860,네오리진,게임엔터테인먼트,2026-09-28,-14.07,35.82,84232482204,False,False,,,,,0,,,,,,,61,43.3,-132.5,43.56,-132.3,43.73,-132.2,612,44.91,-131.3,46.43,-130.3,48.01,-129.3
A094940,푸른로보틱스,컴퓨터와주변기기,2026-09-28,-71.64,15.94,51004454600,False,False,,,,,487,18.94,-478.2,22.94,-412.2,23.95,-399.2,981,23.95,-399.2,26.84,-366.9,33.9,-311.3,1898,33.42,-314.4,40.26,-277.9,52.25,-237.1
A094970,제이엠티,디스플레이장비및부품,2026-09-28,2.46,2.14,45220248000,False,False,,,,,726,2.79,-12.0,3.27,-24.8,3.4,-27.7,1223,2.73,-10.0,2.82,-12.8,2.92,-15.8,2697,2.89,-14.9,3.23,-23.9,3.49,-29.5
A095190,신화프리텍,기계,2026-09-28,448.89,11.49,120144510542,False,False,,,,,546,34.97,1183.6,37.98,1082.0,42.29,961.6,672,35.57,1161.9,40.22,1016.0,47.77,839.6,1298,14.07,3090.9,14.83,2927.1,18.17,2370.3
A095270,웨이브일렉트로,우주항공과국방,2026-09-28,-7330.1,11.89,61657621740,False,False,,,,,546,15.54,-47280.6,18.03,-40765.4,19.67,-37364.2,605,16.25,-45213.6,18.63,-39455.9,19.74,-37229.3,605,16.25,-45213.6,18.63,-39455.9,19.74,-37229.3
A095340,ISC,반도체와반도체장비,2026-09-28,33.23,5.3,4313601303000,True,False,0.0,0.0,1.31,1.89,726,16.58,100.5,17.41,90.9,18.23,82.3,1223,7.87,322.5,8.25,303.0,8.97,270.4,2818,7.58,338.4,8.1,310.5,8.51,290.5
A095500,미래나노텍,디스플레이장비및부품,2026-09-28,13.84,2.37,202185193480,False,False,,,,,726,9.87,40.2,10.28,34.7,10.68,29.6,1223,8.55,61.9,9.27,49.3,10.13,36.7,2665,4.5,207.6,5.9,134.6,8.45,63.7
A095570,AJ네트웍스,도로와철도운송,2026-09-28,2.16,1.7,195265655085,True,False,0.0,0.0,0.0,0.0,726,1.93,11.8,2.09,3.5,2.15,0.4,1223,2.11,2.5,2.18,-0.9,2.23,-3.1,2618,2.24,-3.7,2.34,-7.9,2.43,-11.1
A095610,테스,반도체와반도체장비,2026-09-28,24.26,3.84,3134384000000,True,False,0.0,0.0,0.49,0.32,682,7.39,228.5,7.68,215.7,8.21,195.4,1179,6.72,261.0,7.13,240.2,7.41,227.4,2837,6.02,303.0,6.59,268.3,7.02,245.8
A095660,네오위즈,게임엔터테인먼트,2026-09-28,8.91,5.2,387292616100,True,False,-0.87,-0.83,-3.75,-5.11,726,9.31,-4.3,9.62,-7.4,9.95,-10.4,1223,9.1,-2.1,9.49,-6.2,9.8,-9.1,2881,7.57,17.6,7.9,12.7,8.25,8.0
A095700,제넥신,생물공학,2026-09-28,-3.18,65.61,126147168380,False,False,,,,,0,,,,,,,0,,,,,,,148,150.2,-102.1,157.24,-102.0,162.45,-102.0
A095720,웅진씽크빅,교육서비스,2026-09-28,-24.27,2.24,69726833295,False,False,,,,,596,7.57,-420.6,7.84,-409.7,8.07,-400.8,1093,6.02,-502.9,6.29,-485.8,6.77,-458.4,2751,5.92,-510.2,6.19,-491.9,6.46,-475.6
A095910,에스에너지,에너지장비및서비스,2026-09-28,-0.89,4.68,20696008112,False,False,,,,,181,11.46,-107.8,11.55,-107.7,11.75,-107.6,243,11.54,-107.7,11.78,-107.6,12.46,-107.1,1473,7.19,-112.4,7.72,-111.5,9.49,-109.4
A096240,크레버스,교육서비스,2026-09-28,8.61,3.54,86103093800,False,False,0.0,,0.0,,726,7.36,16.9,7.95,8.3,9.03,-4.6,1223,6.77,27.2,7.11,21.0,7.3,18.0,2881,4.65,85.0,4.95,74.1,5.21,65.3
A096250,와이즈넛,소프트웨어,2026-09-28,38.79,24.21,66990375270,False,False,,,,,666,42.22,-8.1,47.06,-17.6,56.24,-31.0,851,36.69,5.7,40.93,-5.2,45.91,-15.5,851,36.69,5.7,40.93,-5.2,45.91,-15.5
A096350,대창솔루션,조선,2026-09-28,25.83,12.29,69471226370,False,False,,,,,483,13.88,86.1,14.55,77.5,15.65,65.1,545,14.02,84.3,14.96,72.7,15.88,62.7,607,14.23,81.5,15.51,66.5,16.38,57.6
A096530,씨젠,생명과학도구및서비스,2026-09-28,15.38,3.28,1602989988600,True,False,0.0,0.0,0.0,0.0,635,16.43,-6.4,17.39,-11.5,18.19,-15.4,1132,6.23,146.7,7.11,116.2,8.54,80.1,2790,6.85,124.5,8.17,88.3,10.33,48.8
A096630,에스코넥,핸드셋,2026-09-28,6.25,2.77,27354904529,False,False,,,,,726,4.05,54.3,4.4,42.1,4.68,33.5,973,4.29,45.6,4.68,33.5,5.07,23.2,2219,5.16,21.1,5.83,7.3,6.25,0.0
A096690,에이루트,컴퓨터와주변기기,2026-09-28,-2.22,9.98,26148473000,False,False,,,,,0,,,,,,,62,208.88,-101.1,210.09,-101.1,212.41,-101.0,557,14.42,-115.4,15.03,-114.8,15.53,-114.3
A096760,JW홀딩스,제약,2026-09-28,1.69,1.21,321943122410,False,False,,,,,726,1.42,18.8,1.46,15.6,1.49,13.3,1223,1.48,14.5,1.51,11.9,1.53,10.6,2881,1.54,9.6,1.62,4.2,1.72,-1.6
A096770,SK이노베이션,석유와가스,2026-09-28,4.26,2.81,26744151061600,True,False,2.92,3.06,7.12,11.44,726,3.55,20.3,3.74,14.1,3.9,9.3,1223,3.59,18.9,3.78,12.7,3.91,8.9,2840,3.99,7.0,4.3,-0.9,4.61,-7.5
A096870,엘디티,디스플레이장비및부품,2026-09-28,25.12,10.35,18991697725,False,False,,,,,241,25.72,-2.4,25.94,-3.2,26.27,-4.4,676,14.21,76.8,15.21,65.1,15.63,60.7,1163,14.32,75.4,15.03,67.1,15.57,61.3
A097230,HJ중공업,건설,2026-09-28,5.19,1.38,1349915392800,True,True,0.0,0.0,0.0,0.0,483,5.99,-13.4,7.81,-33.6,8.54,-39.2,548,6.34,-18.1,8.04,-35.4,8.93,-41.9,2026,2.46,111.3,3.74,39.0,4.1,26.6
A097520,엠씨넥스,핸드셋,2026-09-28,11.39,2.92,325060020000,False,False,,,,,726,6.9,65.2,7.02,62.3,7.09,60.7,1223,7.05,61.6,7.19,58.5,7.37,54.6,2868,4.74,140.6,5.12,122.6,5.4,110.9
A097780,에코볼트,자동차부품,2026-09-28,12.14,1.86,29810547741,False,False,,,,,180,9.9,22.6,10.17,19.4,11.21,8.4,180,9.9,22.6,10.17,19.4,11.21,8.4,1400,6.73,80.5,8.07,50.6,9.42,29.0
A097800,윈팩,반도체와반도체장비,2026-09-28,-8.9,4.61,64131605750,False,False,,,,,0,,,,,,,124,39.02,-122.8,40.35,-122.0,40.67,-121.9,1113,5.72,-255.6,7.38,-220.6,8.53,-204.3
A097870,효성오앤비,화학,2026-09-28,15.48,7.41,37398450000,False,False,,,,,726,12.85,20.4,13.18,17.4,13.36,15.9,1223,13.24,16.9,13.68,13.1,14.11,9.7,2881,10.1,53.3,10.67,45.1,11.51,34.5
A097950,CJ제일제당,식품,2026-09-28,2.02,1.96,2696204712600,True,False,0.0,0.0,-0.12,-0.13,726,2.13,-5.2,2.15,-6.1,2.18,-7.2,1223,2.16,-6.4,2.21,-8.6,2.24,-10.0,2881,2.28,-11.5,2.45,-17.7,2.77,-27.2
A098070,한텍,에너지장비및서비스,2026-09-28,6.69,5.56,264127098750,True,False,0.0,0.0,0.0,0.0,372,6.95,-3.8,7.27,-8.0,8.58,-22.1,372,6.95,-3.8,7.27,-8.0,8.58,-22.1,372,6.95,-3.8,7.27,-8.0,8.58,-22.1
A098120,마이크로컨텍솔,반도체와반도체장비,2026-09-28,17.21,4.16,487959364200,False,False,,,,,726,6.59,161.3,6.91,148.9,7.29,136.0,1223,6.13,180.7,6.38,169.8,6.6,160.8,2148,6.33,171.8,6.68,157.6,7.34,134.4
A098460,고영,전자장비와기기,2026-09-28,29.07,11.44,1988152808950,True,False,0.0,0.0,2.01,-1.84,726,23.28,24.9,24.4,19.1,25.69,13.2,1223,18.21,59.6,18.83,54.4,20.15,44.3,2881,14.71,97.6,15.73,84.9,16.78,73.3
A098660,에스티오,"섬유,의류,신발,호화품",2026-09-28,-12.34,4.01,19626532320,False,False,,,,,422,7.55,-263.3,7.82,-257.8,8.57,-244.0,791,8.14,-251.5,8.43,-246.3,8.91,-238.5,2267,6.51,-289.5,6.76,-282.6,7.09,-273.9
A099190,아이센스,건강관리장비와용품,2026-09-28,22.85,6.54,471107655090,True,False,0.0,0.0,0.0,0.0,726,21.08,8.4,22.0,3.9,23.06,-0.9,1223,10.55,116.6,10.91,109.4,11.24,103.3,2881,10.05,127.3,10.4,119.8,10.68,113.9
A099220,SDN,에너지장비및서비스,2026-09-28,58.51,7.78,33045783750,False,False,,,,,239,37.68,55.3,44.58,31.3,47.23,23.9,608,22.21,163.5,23.17,152.6,24.48,139.0,2144,10.45,459.9,11.98,388.3,14.56,301.9
A099320,쎄트렉아이,우주항공과국방,2026-09-28,29.47,7.34,876102240000,True,False,0.0,0.0,-10.57,-16.92,608,30.91,-4.7,33.09,-10.9,35.08,-16.0,954,25.76,14.4,27.38,7.6,28.48,3.5,2612,13.51,118.2,14.94,97.3,15.99,84.2
A099390,브레인즈컴퍼니,소프트웨어,2026-09-28,9.81,7.67,30945226910,False,False,,,,,726,9.67,1.4,9.91,-1.0,10.37,-5.4,1223,9.89,-0.8,11.37,-13.7,12.31,-20.3,1248,9.91,-1.1,11.42,-14.1,12.36,-20.7
A099410,동방선기,조선,2026-09-28,3.2,2.62,43610000000,False,False,,,,,726,4.67,-31.4,5.16,-38.0,5.51,-42.0,1157,5.25,-39.1,6.31,-49.3,7.96,-59.8,1590,5.58,-42.7,8.1,-60.5,9.7,-67.0
A099430,바이오플러스,건강관리장비와용품,2026-09-28,11.5,2.72,204030789820,False,False,,,,,726,8.12,41.7,9.08,26.7,9.32,23.5,1223,9.02,27.4,9.43,22.0,9.94,15.7,1224,9.03,27.4,9.43,22.0,9.94,15.7
A099440,스맥,기계,2026-09-28,-12.02,3.54,279797915400,False,False,,,,,546,4.77,-351.7,5.0,-340.5,5.21,-330.8,731,4.7,-355.7,4.99,-340.9,5.22,-330.4,1838,5.42,-321.6,6.04,-298.8,6.46,-285.9
A099520,DGI,통신장비,2026-09-28,1245.25,30.08,58141862016,False,False,,,,,118,115.57,977.5,115.57,977.5,115.57,977.5,180,115.57,977.5,115.57,977.5,115.57,977.5,363,38.29,3152.1,40.96,2940.1,57.72,2057.4
A099750,이지케어텍,건강관리기술,2026-09-28,19.16,11.79,99302187710,False,False,,,,,605,18.37,4.3,21.04,-9.0,24.11,-20.6,789,19.48,-1.7,24.08,-20.4,28.7,-33.2,1042,16.89,13.4,17.95,6.7,19.27,-0.6
A100030,인지소프트,소프트웨어,2026-09-28,19.39,4.39,66166837100,False,False,,,,,726,15.84,22.4,16.59,16.9,18.28,6.1,1223,12.61,53.8,12.9,50.4,13.34,45.4,2639,10.48,85.0,12.23,58.6,12.69,52.8
A100090,SK오션플랜트,에너지장비및서비스,2026-09-28,12.18,2.0,731618890590,True,False,0.0,0.0,-0.69,-1.79,726,8.78,38.7,8.97,35.8,9.26,31.5,1223,9.03,34.8,9.62,26.6,10.1,20.6,2358,4.13,194.9,4.9,148.3,5.5,121.6
A100120,뷰웍스,건강관리장비와용품,2026-09-28,5.64,5.04,231910974350,True,False,0.0,0.0,0.0,0.0,726,6.3,-10.4,6.68,-15.6,6.86,-17.8,1223,6.14,-8.2,6.38,-11.5,6.67,-15.4,2881,6.83,-17.4,7.2,-21.6,7.51,-24.9
A100130,동국S&C,에너지장비및서비스,2026-09-28,13.15,4.71,87657362000,True,False,,,,,551,5.67,131.8,6.0,119.3,6.27,109.6,996,6.15,113.9,9.72,35.3,10.31,27.6,2531,7.26,81.1,9.24,42.3,10.0,31.5
A100220,비상교육,교육서비스,2026-09-28,1.41,1.28,65113672410,False,False,,,,,605,1.73,-18.7,2.07,-31.9,2.56,-45.0,979,2.17,-35.1,2.92,-51.7,3.16,-55.4,2516,3.0,-53.0,3.76,-62.5,4.25,-66.8
A100250,진양홀딩스,자동차부품,2026-09-28,40.04,7.17,198090000000,False,False,,,,,726,30.57,31.0,31.35,27.7,32.87,21.8,1223,28.46,40.7,29.33,36.5,30.13,32.9,2881,8.56,367.8,8.84,353.2,9.64,315.5
A100590,머큐리,통신장비,2026-09-28,43.79,7.46,83726677325,False,False,,,,,425,17.56,149.4,18.71,134.1,19.81,121.1,922,13.55,223.3,15.02,191.5,17.04,157.0,1608,11.35,285.9,12.2,258.9,12.84,241.1
A100660,서암기계공업,기계,2026-09-28,37.84,15.03,39249000000,False,False,,,,,301,37.05,2.1,37.6,0.6,91.48,-58.6,795,39.83,-5.0,44.1,-14.2,47.79,-20.8,2146,22.07,71.5,24.67,53.4,27.84,36.0
A100700,세운메디칼,건강관리장비와용품,2026-09-28,7.09,4.78,101616000000,False,False,,,,,726,7.14,-0.6,7.21,-1.7,7.33,-3.3,1223,7.26,-2.4,7.42,-4.5,7.73,-8.2,2881,7.6,-6.7,8.05,-12.0,8.43,-15.9
A100790,미래에셋벤처투자,창업투자,2026-09-28,13.12,1.97,911549118480,False,False,,,,,601,4.47,193.5,6.77,93.7,7.09,85.1,1098,2.5,424.2,3.35,291.0,3.76,248.9,1726,3.38,287.6,3.91,235.5,4.4,198.3
A100840,SNT에너지,에너지장비및서비스,2026-09-28,5.77,3.24,768291088450,True,False,-12.79,,-22.67,,726,5.09,13.5,6.4,-9.8,6.89,-16.2,1161,6.47,-10.8,7.16,-19.4,7.58,-23.9,2601,5.09,13.4,5.24,10.2,5.5,4.9
A101000,KS인더스트리,조선,2026-09-28,-5.14,2.28,15361254850,False,False,,,,,0,,,,,,,3,,,,,,,1025,4.17,-223.3,4.52,-213.8,4.91,-204.7
A101140,인바이오젠,전자장비와기기,2026-09-28,-12.07,82.71,47207815200,False,False,,,,,0,,,,,,,0,,,,,,,246,100.05,-112.1,105.79,-111.4,111.76,-110.8
A101160,월덱스,반도체와반도체장비,2026-09-28,7.54,3.36,499457538250,False,False,,,,,726,4.21,79.1,4.37,72.6,4.84,56.0,1223,4.48,68.6,5.02,50.2,5.29,42.7,2880,4.44,70.1,4.76,58.4,5.16,46.2
A101170,우림피티에스,기계,2026-09-28,40.39,9.88,115695000000,False,False,,,,,484,21.12,91.3,21.83,85.0,22.87,76.6,915,16.48,145.1,17.29,133.6,18.34,120.2,1901,14.55,177.6,15.37,162.8,16.94,138.5
A101240,씨큐브,화학,2026-09-28,3.03,2.66,37364701080,False,False,,,,,726,3.6,-15.8,3.95,-23.2,4.01,-24.5,1223,3.98,-23.8,4.05,-25.3,4.15,-26.9,2881,4.2,-27.8,4.61,-34.2,8.12,-62.7
A101330,모베이스,자동차부품,2026-09-28,1.91,0.94,82866363820,False,False,,,,,726,1.16,65.0,1.24,54.4,1.3,47.0,1220,1.13,68.3,1.17,62.8,1.22,56.1,2819,1.27,50.4,1.43,33.4,1.71,11.4
A101360,에코앤드림,화학,2026-09-28,-20.69,0.79,139976717180,False,False,,,,,324,22.67,-191.3,25.6,-180.8,28.37,-172.9,759,20.67,-200.1,21.57,-195.9,23.16,-189.3,2070,1.73,-1296.3,1.94,-1164.1,2.25,-1019.8
A101400,엔시트론,반도체와반도체장비,2026-09-28,-4.39,33.13,25239142260,False,False,,,,,243,36.43,-112.0,36.83,-111.9,37.13,-111.8,490,37.13,-111.8,53.88,-108.1,58.91,-107.4,552,37.45,-111.7,54.45,-108.1,60.4,-107.3
A101490,에스앤에스텍,반도체와반도체장비,2026-09-28,18.28,4.32,917399797000,False,False,,,,,726,13.38,36.6,15.73,16.2,17.36,5.3,1223,15.29,19.5,17.28,5.8,18.3,-0.1,2881,10.76,69.9,12.39,47.5,14.38,27.1
A101530,해태제과식품,식품,2026-09-28,4.18,2.91,161016025660,False,False,,,,,726,3.25,28.6,3.35,24.7,3.44,21.5,1223,3.39,23.1,3.48,20.0,3.64,14.8,2547,3.67,14.0,4.12,1.5,4.29,-2.6
A101670,하이드로리튬,전기제품,2026-09-28,-1.92,27.21,27764044443,False,False,,,,,0,,,,,,,62,102.57,-101.9,104.52,-101.8,106.68,-101.8,682,36.37,-105.3,38.61,-105.0,39.97,-104.8
A101680,한국정밀기계,기계,2026-09-28,-4.78,7.98,25338060000,False,False,,,,,118,11.35,-142.1,11.45,-141.7,11.6,-141.2,241,7.98,-159.9,7.98,-159.9,7.98,-159.9,241,7.98,-159.9,7.98,-159.9,7.98,-159.9
A101730,위메이드맥스,게임엔터테인먼트,2026-09-28,-6.36,12.38,384657082740,False,False,,,,,121,47.79,-113.3,49.22,-112.9,54.15,-111.8,552,18.18,-135.0,21.03,-130.3,21.93,-129.0,552,18.18,-135.0,21.03,-130.3,21.93,-129.0
A101930,인화정공,조선,2026-09-28,16.28,3.86,289247267430,False,False,,,,,726,18.04,-9.7,19.47,-16.4,20.88,-22.0,1220,14.05,15.9,15.63,4.2,16.63,-2.1,2206,6.25,160.5,11.29,44.2,11.96,36.1
A101970,우양에이치씨,에너지장비및서비스,2026-09-28,196.37,4.72,138730284420,False,False,,,,,669,5.75,3312.5,5.92,3218.9,6.11,3111.5,996,5.92,3218.9,6.21,3061.6,6.64,2858.5,1311,5.94,3203.2,6.46,2942.1,7.29,2594.8
A102120,어보브반도체,반도체와반도체장비,2026-09-28,14.28,5.14,136556183040,False,False,,,,,364,13.51,5.7,14.62,-2.3,19.15,-25.4,861,6.52,119.1,6.9,107.0,7.64,86.9,2519,8.41,69.8,9.51,50.1,10.15,40.7
A102260,동성케미컬,화학,2026-09-28,1.36,1.24,184944007150,False,False,,,,,726,1.65,-17.7,1.82,-25.1,1.87,-27.0,1223,1.84,-25.8,1.92,-29.0,2.05,-33.7,2881,2.1,-35.2,2.38,-42.9,2.77,-50.8
A102370,케이옥션,판매업체,2026-09-28,-30.84,3.62,77276545650,False,False,,,,,0,,,,,,,354,6.43,-579.4,6.95,-543.8,8.89,-447.1,354,6.43,-579.4,6.95,-543.8,8.89,-447.1
A102460,이연제약,제약,2026-09-28,-6.19,14.77,187355054880,False,False,,,,,244,63.43,-109.8,65.94,-109.4,72.73,-108.5,741,63.95,-109.7,72.4,-108.6,76.88,-108.1,2399,19.77,-131.3,20.86,-129.7,22.47,-127.6
A102710,이엔에프테크놀로지,반도체와반도체장비,2026-09-28,5.79,2.7,658669239600,True,False,0.0,0.0,-0.55,1.47,726,5.18,11.7,5.31,9.1,5.51,5.1,1223,5.17,11.9,5.3,9.1,5.49,5.4,2881,4.88,18.7,5.1,13.4,5.26,10.0
A102940,코오롱생명과학,제약,2026-09-28,10.18,9.48,187064716870,False,False,,,,,239,10.85,-6.1,11.73,-13.2,22.29,-54.3,547,23.09,-55.9,27.95,-63.6,32.02,-68.2,1388,29.12,-65.0,34.39,-70.4,42.19,-75.9
A103140,풍산,비철금속,2026-09-28,5.37,2.6,2183091256200,True,False,0.0,0.0,0.5,2.16,726,3.95,36.2,4.07,32.1,4.23,27.1,1223,3.35,60.4,3.53,52.0,3.65,47.1,2881,3.72,44.6,3.9,37.8,4.06,32.3
A103230,에스앤더블류,조선,2026-09-28,15.0,5.9,14868000000,False,False,,,,,726,7.28,106.0,7.74,93.9,8.53,75.8,1098,6.96,115.6,7.22,107.9,7.49,100.4,1468,7.22,107.9,7.5,100.1,8.15,84.1
A103590,일진전기,전기장비,2026-09-28,14.58,2.85,3914970519000,True,False,0.0,0.0,0.03,-0.03,726,8.33,75.1,8.65,68.6,9.09,60.4,1223,5.85,149.2,6.82,113.6,7.35,98.4,2819,5.98,143.9,6.34,130.0,6.93,110.3
A103840,우양,식품,2026-09-28,6.89,3.16,25891689096,False,False,,,,,670,7.27,-5.2,7.84,-12.1,8.6,-19.9,1167,8.15,-15.5,10.54,-34.6,11.36,-39.4,1622,6.31,9.3,6.84,0.7,7.96,-13.4
A104040,디에스엠,자동차부품,2026-09-28,-9.36,4.19,70519675950,False,False,,,,,0,,,,,,,187,46.33,-120.2,47.17,-119.8,48.33,-119.4,1594,6.65,-240.6,7.24,-229.3,7.81,-219.9
A104200,NHN벅스,방송과엔터테인먼트,2026-09-28,94.96,5.94,32546472250,False,False,,,,,425,45.83,107.2,80.79,17.5,85.96,10.5,922,19.93,376.5,25.43,273.4,32.94,188.3,2567,12.27,673.7,13.09,625.5,13.84,586.3
A104460,디와이피엔에프,기계,2026-09-28,11.78,2.27,70892000740,False,False,,,,,726,3.59,228.4,3.92,200.7,4.51,161.2,935,3.83,207.4,4.48,162.9,4.83,143.8,2593,3.76,213.2,4.11,186.3,4.82,144.3
A104480,티케이케미칼,화학,2026-09-28,5.47,3.1,167429389428,False,False,,,,,240,4.78,14.5,5.08,7.7,5.21,4.9,614,5.05,8.3,5.18,5.5,5.36,2.0,1963,5.18,5.6,5.56,-1.6,6.04,-9.5
A104540,코렌텍,건강관리장비와용품,2026-09-28,5.94,5.57,53696677050,False,False,,,,,726,6.26,-5.2,7.95,-25.3,8.26,-28.2,1223,8.07,-26.4,8.94,-33.6,12.29,-51.7,2268,9.98,-40.5,13.58,-56.3,17.63,-66.3
A104620,노랑풍선,"호텔,레스토랑,레저",2026-09-28,10.33,6.33,52448922240,False,False,,,,,423,9.34,10.6,9.63,7.3,10.11,2.2,456,9.43,9.6,9.67,6.9,10.17,1.6,729,8.22,25.7,8.9,16.1,9.41,9.8
A104700,한국철강,철강,2026-09-28,21.82,2.21,349191000000,True,False,0.0,0.0,0.0,0.0,677,3.28,565.6,3.73,484.7,6.44,238.9,1174,2.7,709.1,2.83,672.4,2.99,630.7,2832,3.09,606.5,3.38,545.5,3.76,480.7
A104830,원익머트리얼즈,화학,2026-09-28,5.36,2.78,447584000000,True,False,0.0,0.0,1.01,1.63,726,3.73,43.8,4.03,33.2,4.2,27.6,1223,3.76,42.5,3.98,34.7,4.15,29.3,2881,4.23,26.9,4.64,15.5,5.43,-1.1
A105330,케이엔더블유,반도체와반도체장비,2026-09-28,-30.02,5.55,129437721600,False,False,,,,,304,14.01,-314.3,15.18,-297.7,20.49,-246.5,798,7.79,-485.5,8.69,-445.4,9.25,-424.5,1412,8.23,-464.9,9.02,-432.7,9.53,-414.9
A105550,엣지파운드리,자동차부품,2026-09-28,-1.29,6.7,25402807020,False,False,,,,,0,,,,,,,184,14.75,-108.7,14.93,-108.6,15.05,-108.6,676,10.4,-112.4,10.92,-111.8,12.53,-110.3
A105560,KB금융,은행,2026-09-28,6.48,2.42,61786603262800,True,False,0.0,0.0,0.28,0.13,726,3.18,103.4,3.85,68.2,4.03,60.5,1223,2.91,122.2,2.95,119.4,3.0,115.7,2881,3.04,113.2,3.32,95.1,3.55,82.2
A105630,한세실업,"섬유,의류,신발,호화품",2026-09-28,3.29,2.5,342000000000,True,False,0.0,0.0,3.69,1.0,726,3.04,8.0,3.13,5.1,3.22,2.2,1223,3.16,4.1,3.29,-0.1,3.39,-3.0,2881,3.48,-5.6,3.9,-15.7,4.21,-22.0
A105740,디케이락,기계,2026-09-28,7.31,3.01,97922780190,False,False,,,,,668,5.47,33.8,5.73,27.5,5.96,22.8,1165,5.1,43.3,5.44,34.5,5.62,30.0,2823,5.65,29.4,6.1,19.9,6.47,13.1
A105760,포스뱅크,상업서비스와공급품,2026-09-28,5.39,3.59,51362070480,False,False,,,,,586,5.43,-0.9,6.83,-21.1,8.49,-36.6,586,5.43,-0.9,6.83,-21.1,8.49,-36.6,586,5.43,-0.9,6.83,-21.1,8.49,-36.6
A105840,우진,기계,2026-09-28,16.27,5.37,274082381900,False,False,,,,,726,6.76,140.7,7.52,116.5,7.98,103.9,1223,7.72,110.7,8.32,95.6,9.12,78.4,1995,8.46,92.4,9.64,68.8,10.81,50.6
A106080,케이이엠텍,핸드셋,2026-09-28,-0.82,18.41,9506998050,False,False,,,,,0,,,,,,,125,114.67,-100.7,114.67,-100.7,114.67,-100.7,308,22.5,-103.6,23.11,-103.5,32.61,-102.5
A106190,하이텍팜,제약,2026-09-28,8.66,6.3,106331730000,False,False,,,,,726,8.32,4.1,8.86,-2.2,9.07,-4.4,977,8.74,-0.9,9.08,-4.5,9.5,-8.8,2202,9.62,-9.9,10.12,-14.4,10.81,-19.8
A106240,파인테크닉스,디스플레이장비및부품,2026-09-28,-4.6,0.42,34264087146,False,False,,,,,183,18.08,-125.5,18.34,-125.1,18.62,-124.7,557,7.01,-165.6,7.87,-158.5,9.25,-149.8,1776,4.36,-205.5,4.56,-201.0,4.99,-192.2
A107590,미원홀딩스,화학,2026-09-28,3.94,3.39,141520000000,False,False,,,,,726,5.75,-31.5,6.55,-39.9,7.04,-44.1,1223,6.87,-42.7,7.24,-45.5,7.47,-47.2,2881,6.64,-40.6,7.0,-43.7,7.38,-46.6
A107600,새빗켐,전기제품,2026-09-28,-14.19,26.42,74637213340,False,False,,,,,60,5399.48,-100.3,5452.66,-100.3,5569.1,-100.3,346,30.68,-146.3,31.99,-144.4,33.24,-142.7,346,30.68,-146.3,31.99,-144.4,33.24,-142.7
A107640,한중엔시에스,전기장비,2026-09-28,19.29,2.6,368490054900,True,False,0.0,0.0,-116.78,-33.45,543,10.11,90.9,12.37,56.0,13.91,38.7,1040,13.66,41.3,16.18,19.2,17.96,7.4,1739,6.19,211.6,7.99,141.5,8.99,114.6
A108230,톱텍,기계,2026-09-28,37.99,1.97,122815081350,False,False,,,,,483,2.45,1451.2,2.6,1362.7,2.81,1250.6,668,2.58,1373.6,2.83,1244.7,2.94,1192.2,1957,3.87,881.2,4.82,688.5,5.45,596.6
A108320,LX세미콘,디스플레이장비및부품,2026-09-28,7.64,2.85,591207305000,True,False,4.76,-0.65,4.76,-0.65,726,4.57,67.4,4.78,60.0,4.84,57.8,1223,4.05,88.9,4.24,80.3,4.43,72.4,2881,4.62,65.5,4.91,55.7,5.26,45.2
A108380,대양전기공업,조선,2026-09-28,5.65,4.61,176230273860,True,False,0.0,0.0,0.0,0.0,726,5.82,-2.8,7.56,-25.2,8.17,-30.8,952,7.15,-20.9,8.15,-30.6,8.45,-33.1,2610,6.48,-12.8,6.73,-16.0,7.0,-19.3
A108490,로보티즈,기계,2026-09-28,173.57,20.9,4128768382000,True,False,0.0,0.0,0.0,0.05,543,157.29,10.3,179.76,-3.4,194.63,-10.8,645,110.84,56.6,117.82,47.3,135.34,28.2,1123,31.42,452.3,36.06,381.4,51.98,233.9
A108670,LX하우시스,건축자재,2026-09-28,2.32,2.25,299071794500,True,False,-0.85,-1.33,3.74,0.81,726,2.44,-4.7,2.49,-6.9,2.57,-9.7,1223,2.52,-8.0,2.65,-12.5,2.76,-15.8,2881,2.84,-18.4,3.06,-24.2,3.43,-32.4
A108860,셀바스AI,건강관리장비와용품,2026-09-28,74.44,8.62,240349074700,False,False,,,,,703,13.43,454.3,15.13,391.9,18.09,311.5,1200,14.52,412.7,15.93,367.4,17.1,335.2,1685,14.05,429.9,14.94,398.3,16.65,347.0
A109070,주성코퍼레이션,해운사,2026-09-28,85.19,9.42,75518628900,False,False,,,,,545,11.83,620.1,12.26,594.9,12.76,567.7,545,11.83,620.1,12.26,594.9,12.76,567.7,545,11.83,620.1,12.26,594.9,12.76,567.7
A109080,옵티시스,통신장비,2026-09-28,13.76,8.18,52302080000,False,False,,,,,604,9.47,45.3,9.87,39.5,10.2,34.9,1101,9.58,43.7,10.03,37.2,10.43,32.0,2759,10.56,30.3,10.96,25.6,11.54,19.3
A109610,에스와이,건축자재,2026-09-28,-13.61,2.67,91897004600,False,False,,,,,546,9.82,-238.6,10.65,-227.8,12.73,-207.0,1043,10.01,-236.0,10.76,-226.5,11.41,-219.3,2021,7.71,-276.5,9.26,-246.9,10.65,-227.8
A109670,씨싸이트,"섬유,의류,신발,호화품",2026-09-28,5903.04,29.19,75117067740,False,False,,,,,481,35.09,16724.1,36.52,16063.6,39.57,14817.6,481,35.09,16724.1,36.52,16063.6,39.57,14817.6,481,35.09,16724.1,36.52,16063.6,39.57,14817.6
A109740,디에스케이,전자장비와기기,2026-09-28,-4.66,4.1,105412599000,False,False,,,,,0,,,,,,,0,,,,,,,1351,6.51,-171.5,6.9,-167.5,7.12,-165.4
A109820,진매트릭스,생물공학,2026-09-28,-138.22,59.48,32344313040,False,False,,,,,0,,,,,,,0,,,,,,,248,72.22,-291.4,94.66,-246.0,96.48,-243.3
A109860,동일금속,기계,2026-09-28,16.96,5.32,67067000000,False,False,,,,,666,6.8,149.4,6.9,145.7,8.58,97.6,1100,6.82,148.7,6.95,143.9,8.67,95.5,2758,6.53,159.9,6.85,147.4,8.12,108.8
A109960,앱토크롬,제약,2026-09-28,-20.4,12.03,28085424448,False,False,,,,,362,51.87,-139.3,54.24,-137.6,55.38,-136.8,362,51.87,-139.3,54.24,-137.6,55.38,-136.8,672,26.37,-177.4,38.74,-152.7,48.61,-142.0
A110020,전진바이오팜,가정용품,2026-09-28,-45.05,16.06,18615755910,False,False,,,,,365,19.69,-328.8,20.2,-323.1,20.69,-317.7,365,19.69,-328.8,20.2,-323.1,20.69,-317.7,365,19.69,-328.8,20.2,-323.1,20.69,-317.7
A110790,크리스에프앤씨,"섬유,의류,신발,호화품",2026-09-28,-39.06,2.02,70410034800,False,False,,,,,546,3.06,-1376.4,3.18,-1326.9,3.26,-1299.3,1043,2.46,-1687.0,2.61,-1594.7,2.88,-1457.8,1781,2.69,-1553.5,3.08,-1367.3,3.29,-1285.7
A110990,디아이티,반도체와반도체장비,2026-09-28,8.09,4.85,322245000000,False,False,,,,,726,6.72,20.5,7.36,9.9,7.66,5.6,973,7.16,13.0,7.67,5.5,8.0,1.1,1564,6.65,21.6,7.5,7.9,7.94,1.9
A111110,호전실업,"섬유,의류,신발,호화품",2026-09-28,2.45,1.47,57115800000,False,False,,,,,726,1.95,25.9,1.98,23.5,2.02,21.3,1223,1.76,39.6,1.88,30.4,1.94,26.2,2365,1.94,26.6,2.01,21.9,2.1,16.8
A111380,동인기연,"섬유,의류,신발,호화품",2026-09-28,2.85,2.13,79235040000,True,False,,,,,693,2.44,16.9,2.62,9.1,2.77,3.0,693,2.44,16.9,2.62,9.1,2.77,3.0,693,2.44,16.9,2.62,9.1,2.77,3.0
A111710,남화산업,"호텔,레스토랑,레저",2026-09-28,22.78,8.2,67013940000,False,False,,,,,726,10.39,119.3,10.53,116.4,10.66,113.7,1223,9.6,137.1,9.76,133.3,9.98,128.1,1899,9.77,133.0,10.09,125.7,10.42,118.6
A111770,영원무역,"섬유,의류,신발,호화품",2026-09-28,4.57,2.65,3163838815200,True,False,0.0,0.0,0.0,0.0,726,3.07,48.8,3.21,42.6,3.29,38.9,1223,2.93,56.2,2.99,53.1,3.06,49.4,2881,3.12,46.5,3.33,37.3,3.69,23.9
A112040,위메이드,게임엔터테인먼트,2026-09-28,13.83,6.34,526880456160,False,False,,,,,726,8.87,56.0,9.32,48.4,9.79,41.3,1188,9.44,46.5,10.12,36.7,11.21,23.4,2804,9.91,39.6,11.32,22.2,12.06,14.7
A112290,와이씨켐,반도체와반도체장비,2026-09-28,12.17,6.36,212119234100,True,False,0.0,0.0,0.0,0.0,473,12.2,-0.3,12.65,-3.9,13.08,-6.9,732,8.51,43.0,10.03,21.3,11.21,8.5,732,8.51,43.0,10.03,21.3,11.21,8.5
A112610,씨에스윈드,에너지장비및서비스,2026-09-28,6.83,4.01,2230867218700,True,False,0.0,0.0,0.16,-0.73,726,5.28,29.3,5.47,24.8,5.62,21.5,1223,5.54,23.2,5.71,19.5,5.86,16.6,2869,5.84,16.9,6.24,9.4,7.09,-3.7
A113810,디젠스,자동차부품,2026-09-28,9.13,3.96,19381061700,False,False,,,,,726,5.16,76.8,6.1,49.6,6.36,43.6,1162,6.22,46.7,6.5,40.5,6.72,35.7,1958,6.39,42.7,6.71,36.1,7.02,30.0
A114090,GKL,"호텔,레스토랑,레저",2026-09-28,7.3,5.67,548041236200,True,False,0.0,0.0,0.66,0.82,726,8.21,-11.2,8.5,-14.1,8.69,-16.0,1117,8.28,-11.8,8.61,-15.3,8.83,-17.4,2666,8.89,-17.9,9.41,-22.5,9.81,-25.6
A114190,강원에너지,전자장비와기기,2026-09-28,-32.81,5.59,218388597680,False,False,,,,,487,29.09,-212.8,30.32,-208.2,30.83,-206.4,918,28.69,-214.4,29.0,-213.2,30.73,-206.8,1370,21.23,-254.5,26.45,-224.0,28.71,-214.3
A114450,그린생명과학,제약,2026-09-28,12.14,9.24,45100000000,False,False,,,,,238,11.73,3.4,12.09,0.4,12.31,-1.4,238,11.73,3.4,12.09,0.4,12.31,-1.4,1222,11.87,2.3,12.33,-1.5,13.16,-7.8
A114630,폴라리스우노,"섬유,의류,신발,호화품",2026-09-28,3.45,2.94,27903866512,False,False,,,,,726,3.82,-9.6,4.99,-30.8,5.62,-38.6,1223,4.99,-30.8,5.72,-39.7,7.12,-51.5,2819,7.35,-53.0,7.8,-55.7,8.48,-59.3
A114810,한솔아이원스,반도체와반도체장비,2026-09-28,7.61,3.58,419333292600,True,False,0.0,0.0,0.0,0.0,726,6.03,26.2,6.34,20.0,6.47,17.6,1223,5.21,46.1,5.72,33.2,6.08,25.1,2511,5.08,49.7,5.8,31.3,6.28,21.2
A114840,아이패밀리에스씨,화장품,2026-09-28,5.7,3.91,138789123200,True,False,0.0,0.0,0.0,0.0,726,5.2,9.8,5.67,0.7,6.21,-8.2,1203,5.11,11.6,5.44,4.9,5.91,-3.5,1203,5.11,11.6,5.44,4.9,5.91,-3.5
A115160,휴맥스,전자제품,2026-09-28,-1.5,1.85,23476054850,False,False,,,,,362,3.04,-149.4,3.16,-147.5,3.22,-146.6,362,3.04,-149.4,3.16,-147.5,3.22,-146.6,1961,4.12,-136.4,4.53,-133.2,5.36,-128.1
A115310,인포바인,IT서비스,2026-09-28,16.23,5.19,139119929620,False,False,,,,,726,7.74,109.7,7.95,104.2,8.34,94.7,1223,8.07,101.1,8.54,90.2,8.77,85.2,2881,6.52,148.9,6.61,145.7,6.72,141.5
A115440,우리넷,통신장비,2026-09-28,9.68,1.75,130718876120,True,False,,,,,572,2.19,342.8,2.31,319.0,2.58,275.7,697,2.23,334.2,2.48,290.9,3.61,168.2,2109,3.94,145.6,4.61,110.1,5.09,90.4
A115450,HLB테라퓨틱스,제약,2026-09-28,-26.4,81.24,244282898520,False,False,,,,,0,,,,,,,0,,,,,,,306,91.55,-128.8,94.83,-127.8,101.88,-125.9
A115480,씨유메디칼,건강관리장비와용품,2026-09-28,1.87,1.38,27887295300,False,False,,,,,726,1.93,-3.3,2.72,-31.5,3.11,-40.1,1220,2.8,-33.4,3.49,-46.6,3.91,-52.3,2204,3.75,-50.2,4.65,-59.9,4.93,-62.2
A115500,케이씨에스,IT서비스,2026-09-28,81.2,7.8,134400000000,False,False,,,,,726,28.29,187.1,28.94,180.6,30.13,169.5,1223,18.97,328.1,20.21,301.8,23.13,251.0,2881,16.92,379.8,17.96,352.2,19.33,320.0
A115530,씨엔플러스,에너지장비및서비스,2026-09-28,19.4,10.68,24716318400,False,False,,,,,483,17.77,9.2,19.86,-2.3,20.74,-6.4,855,19.23,0.9,20.45,-5.1,21.76,-10.8,855,19.23,0.9,20.45,-5.1,21.76,-10.8
A115570,스타플렉스,화학,2026-09-28,2.39,1.82,21917474460,False,False,,,,,364,2.25,6.3,2.42,-1.1,3.02,-20.8,674,2.91,-18.0,3.44,-30.5,3.62,-33.9,1963,4.03,-40.7,4.47,-46.6,4.81,-50.3
A115610,이미지스,핸드셋,2026-09-28,-11.33,16.99,19418237467,False,False,,,,,0,,,,,,,432,19.86,-157.1,22.85,-149.6,27.43,-141.3,989,27.9,-140.6,29.71,-138.1,31.75,-135.7
A117580,대성에너지,가스유틸리티,2026-09-28,6.37,4.23,196350000000,False,False,,,,,666,6.53,-2.4,6.65,-4.3,6.88,-7.5,1101,6.68,-4.7,7.08,-10.0,7.35,-13.4,2759,6.16,3.3,6.45,-1.3,6.85,-7.0
A117670,알파칩스,반도체와반도체장비,2026-09-28,-185.34,7.27,71147404560,False,False,,,,,123,28.66,-746.6,28.66,-746.6,28.66,-746.6,123,28.66,-746.6,28.66,-746.6,28.66,-746.6,636,11.22,-1751.3,12.48,-1585.1,13.89,-1434.6
A117730,티로보틱스,기계,2026-09-28,-20.57,3.22,319647469310,False,False,,,,,83,59.0,-134.9,59.81,-134.4,61.18,-133.6,183,13.22,-255.6,37.71,-154.6,40.46,-150.8,799,6.13,-435.5,6.97,-394.9,7.26,-383.5
A118000,메타케어,제약,2026-09-28,20.85,13.84,28121125875,False,False,,,,,726,22.04,-5.4,23.3,-10.5,23.73,-12.1,849,22.89,-8.9,23.44,-11.1,24.19,-13.8,974,23.2,-10.1,23.74,-12.2,24.95,-16.4
A118990,모트렉스,자동차부품,2026-09-28,4.18,2.22,164155011990,False,False,,,,,726,3.77,10.8,4.06,2.9,4.16,0.5,1223,4.06,3.0,4.24,-1.4,4.41,-5.2,1943,4.27,-2.0,4.47,-6.5,4.88,-14.3
A119500,포메탈,기계,2026-09-28,14.69,8.5,28314884480,False,False,,,,,726,15.81,-7.1,16.42,-10.5,16.98,-13.5,1223,16.49,-10.9,17.62,-16.6,18.93,-22.4,2881,14.13,3.9,15.36,-4.4,16.12,-8.9
A119610,인터로조,건강관리장비와용품,2026-09-28,5.13,4.31,169151730540,True,False,0.0,0.0,-2.36,-7.61,603,5.08,1.0,5.58,-8.1,6.33,-18.9,1100,5.82,-11.8,6.97,-26.4,7.17,-28.5,2758,7.29,-29.6,8.01,-35.9,8.54,-39.9
A119650,KC코트렐,상업서비스와공급품,2026-09-28,-10.51,4.1,100782913662,False,False,,,,,181,9.11,-215.4,9.77,-207.6,10.05,-204.7,612,9.12,-215.3,10.08,-204.3,10.49,-200.2,1657,8.21,-228.1,8.83,-219.1,9.37,-212.2
A119830,아이텍,반도체와반도체장비,2026-09-28,65.72,10.18,165069693920,False,False,,,,,170,56.69,15.9,61.12,7.5,64.24,2.3,544,42.94,53.1,51.18,28.4,53.01,24.0,1954,12.97,406.8,15.72,318.2,17.3,279.9
A119850,지엔씨에너지,전기장비,2026-09-28,14.63,2.56,909624667700,True,False,0.0,0.0,3.34,-2.44,726,4.93,196.5,5.71,156.1,6.26,133.7,1223,5.89,148.2,6.59,121.9,6.96,110.0,2881,5.08,188.1,5.41,170.5,5.63,159.9
A120030,조선선재,철강,2026-09-28,11.19,4.09,104636563200,False,False,,,,,726,11.47,-2.5,11.65,-4.0,11.89,-5.9,1223,10.36,7.9,11.28,-0.9,11.51,-2.8,2881,5.02,122.9,5.43,105.9,5.7,96.4
A120110,코오롱인더,화학,2026-09-28,5.77,2.56,1682966998400,True,False,0.0,0.0,0.0,0.0,726,3.34,72.8,3.52,63.9,3.67,57.3,1223,3.4,69.6,3.58,61.2,3.77,53.0,2881,3.89,48.5,4.25,35.8,4.48,28.8
A120240,대정화금,화학,2026-09-28,6.73,5.41,107064921990,False,False,,,,,726,7.24,-7.1,7.63,-11.8,8.36,-19.5,1223,8.08,-16.7,8.78,-23.4,9.36,-28.2,2881,8.45,-20.4,8.87,-24.2,9.23,-27.1
A121440,골프존홀딩스,레저용장비와제품,2026-09-28,12.02,2.01,328558394060,False,False,,,,,726,2.95,307.7,3.2,275.9,3.34,259.9,1223,2.42,397.0,2.57,368.1,2.67,349.7,2582,2.71,344.4,3.13,283.7,3.4,254.1
A121600,나노신소재,화학,2026-09-28,26.08,7.78,684230257800,True,False,0.0,0.0,,,726,36.48,-28.5,39.14,-33.4,41.04,-36.4,1223,30.95,-15.7,37.33,-30.1,40.08,-34.9,2881,13.0,100.6,13.69,90.6,15.08,72.9
A121800,비덴트,디스플레이패널,2026-09-28,-47.8,32.9,256309348520,False,False,,,,,0,,,,,,,184,310.14,-115.4,326.43,-114.6,376.44,-112.7,491,37.62,-227.0,38.94,-222.7,44.45,-207.5
A121890,에스디시스템,운송인프라,2026-09-28,-47.74,4.25,36285647580,False,False,,,,,363,16.12,-396.1,17.0,-380.8,17.99,-365.3,673,6.12,-880.3,7.26,-757.9,8.51,-661.1,1102,4.27,-1217.1,7.26,-757.9,8.28,-676.3
A122310,제노레이,건강관리장비와용품,2026-09-28,-30.59,2.04,49337531160,False,False,,,,,487,6.83,-547.8,6.94,-540.9,7.03,-535.0,984,6.91,-542.6,7.11,-530.6,7.17,-526.9,1806,6.24,-590.5,6.73,-554.5,6.92,-542.3
A122350,삼기,자동차부품,2026-09-28,-16.79,2.79,62569946496,False,False,,,,,666,3.9,-530.7,4.23,-497.1,5.83,-387.8,1048,4.23,-496.5,5.74,-392.4,6.02,-378.7,2583,3.79,-542.4,4.09,-510.5,4.29,-491.2
A122450,KX,복합기업,2026-09-28,1.96,1.93,113618279190,True,False,0.0,0.0,0.0,0.0,726,2.21,-11.4,2.26,-13.6,2.32,-15.7,1223,2.28,-14.3,2.37,-17.5,2.62,-25.3,2881,2.67,-26.7,2.94,-33.5,3.06,-36.1
A122640,예스티,반도체와반도체장비,2026-09-28,13.11,1.93,684181870000,True,False,-5.4,3.14,-4.39,-1.85,605,13.22,-0.9,14.97,-12.4,16.07,-18.4,689,13.8,-5.0,15.49,-15.4,16.32,-19.7,1810,4.78,174.2,5.24,150.1,5.88,122.9
A122690,서진오토모티브,자동차부품,2026-09-28,1.54,0.62,37572882248,False,False,,,,,726,0.74,107.4,0.81,89.0,0.86,79.8,1223,0.83,84.8,0.89,72.4,0.94,64.2,2265,0.92,67.4,1.1,40.3,1.23,25.3
A122870,와이지엔터테인먼트,방송과엔터테인먼트,2026-09-28,10.88,9.09,797173239850,True,False,0.57,0.02,1.03,-0.09,726,10.27,5.9,10.5,3.6,10.88,-0.1,1223,10.65,2.1,11.17,-2.6,11.61,-6.3,2881,11.85,-8.2,12.74,-14.6,13.53,-19.6
A122900,아이마켓코리아,상업서비스와공급품,2026-09-28,3.44,3.25,278462237200,True,False,0.0,0.0,0.0,0.0,726,3.52,-2.3,4.11,-16.4,4.22,-18.5,1223,4.14,-17.0,4.32,-20.3,4.79,-28.2,2881,4.96,-30.6,5.6,-38.6,5.71,-39.8
A122990,와이솔,핸드셋,2026-09-28,-49.47,4.38,169790282980,False,False,,,,,438,7.58,-752.4,7.8,-734.3,8.35,-692.5,935,8.03,-716.0,8.67,-670.5,9.16,-640.0,2593,5.73,-963.2,5.93,-934.2,6.22,-895.1
A123010,MSDI,핸드셋,2026-09-28,18.39,6.75,68733607800,False,False,,,,,180,11.36,61.9,12.87,42.9,14.47,27.1,180,11.36,61.9,12.87,42.9,14.47,27.1,346,8.36,120.0,8.94,105.7,9.56,92.3
A123040,엠에스오토텍,자동차부품,2026-09-28,2.12,0.96,103775091443,False,False,,,,,726,1.22,73.2,1.26,68.1,1.3,63.0,1223,1.22,73.6,1.28,66.0,1.34,57.8,2881,1.31,62.1,1.41,50.2,1.54,37.2
A123330,제닉,화장품,2026-09-28,4.5,3.74,191248320000,True,False,0.0,0.0,0.0,0.0,483,4.95,-9.1,5.17,-13.0,5.4,-16.7,483,4.95,-9.1,5.17,-13.0,5.4,-16.7,1514,5.84,-23.0,6.53,-31.2,7.54,-40.3
A123410,코리아에프티,자동차부품,2026-09-28,3.73,2.53,168438437200,False,False,,,,,726,2.86,30.7,2.95,26.4,3.02,23.7,1223,2.98,25.4,3.08,21.2,3.17,17.8,2760,3.21,16.2,3.41,9.3,3.68,1.4
A123420,위메이드플레이,게임엔터테인먼트,2026-09-28,5.39,3.71,67502756090,False,False,,,,,484,5.26,2.5,5.47,-1.4,6.1,-11.6,858,5.83,-7.5,6.73,-19.9,8.01,-32.7,2516,6.1,-11.5,6.53,-17.4,7.42,-27.3
A123570,이엠넷,광고,2026-09-28,35.23,5.89,36198626750,False,False,,,,,726,11.83,197.9,12.08,191.7,13.02,170.6,1223,10.06,250.1,10.81,225.9,11.46,207.3,2881,9.28,279.8,9.99,252.7,10.73,228.3
A123690,한국화장품,화장품,2026-09-28,173.65,4.32,102513840000,False,False,,,,,726,27.95,521.4,29.37,491.2,30.85,462.9,849,28.44,510.7,30.01,478.6,31.8,446.0,1303,10.35,1578.3,12.08,1337.6,14.35,1109.9
A123700,SJM,자동차부품,2026-09-28,4.86,3.05,52354432790,False,False,,,,,726,3.46,40.7,3.64,33.7,3.79,28.3,1223,3.73,30.5,3.87,25.8,3.94,23.5,2881,4.03,20.6,4.25,14.6,4.4,10.5
A123750,알톤,레저용장비와제품,2026-09-28,102.37,5.8,25054316567,False,False,,,,,301,53.44,91.6,56.27,81.9,59.95,70.8,736,11.67,776.9,12.43,723.7,12.82,698.8,1228,8.57,1095.2,9.3,1000.4,10.2,903.6
A123840,뉴온,건강관리업체및서비스,2026-09-28,-3.27,5.62,25693638600,False,False,,,,,0,,,,,,,0,,,,,,,428,11.23,-129.1,12.02,-127.2,12.81,-125.5
A123860,아나패스,디스플레이장비및부품,2026-09-28,18.01,4.34,159786609700,False,False,,,,,726,5.16,249.3,5.48,228.7,5.85,208.1,910,5.28,241.3,5.71,215.3,6.2,190.4,1906,5.57,223.3,6.37,182.9,7.66,135.2
A123890,한국자산신탁,부동산,2026-09-28,3.32,1.19,303487336480,True,False,0.0,0.0,2.14,-8.56,726,2.65,24.9,2.95,12.5,3.04,9.2,1223,2.37,39.7,2.46,34.7,2.49,33.1,2503,2.43,36.5,2.51,32.2,2.62,26.7
A124500,아이티센글로벌,IT서비스,2026-09-28,2.16,1.29,678732414750,True,False,0.0,0.0,1.51,,726,1.97,9.8,2.15,0.9,2.23,-2.9,1160,2.14,1.2,2.26,-4.2,2.38,-8.9,2222,2.29,-5.4,2.45,-11.6,2.53,-14.5
A124560,태웅로직스,해운사,2026-09-28,-13.4,1.29,76783368213,False,False,,,,,605,2.52,-632.0,2.57,-621.5,2.64,-608.1,1102,1.58,-947.1,1.76,-861.2,1.89,-808.3,1546,1.69,-890.8,1.97,-778.7,2.27,-690.4
A125020,티씨머티리얼즈,전기장비,2026-09-28,7.81,6.42,212333613000,True,True,0.0,0.0,,,335,13.56,-42.4,14.93,-47.7,15.51,-49.7,335,13.56,-42.4,14.93,-47.7,15.51,-49.7,335,13.56,-42.4,14.93,-47.7,15.51,-49.7
A125210,아모그린텍,화학,2026-09-28,14.32,4.07,102280098000,False,False,,,,,726,7.87,82.0,8.42,70.0,8.97,59.6,1223,8.68,65.0,9.26,54.7,9.78,46.4,1824,9.19,55.8,9.97,43.7,10.69,33.9
A125490,한라캐스트,자동차부품,2026-09-28,22.49,12.16,429267659520,True,False,0.0,0.0,-6.75,0.0,269,18.69,20.3,19.94,12.8,20.74,8.4,269,18.69,20.3,19.94,12.8,20.74,8.4,269,18.69,20.3,19.94,12.8,20.74,8.4
A126340,비나텍,전기장비,2026-09-28,29.16,12.41,601718693200,True,True,0.0,0.0,-24.19,32.41,722,28.15,3.6,29.37,-0.7,30.08,-3.1,1219,15.93,83.0,16.7,74.7,18.21,60.1,1526,16.21,79.9,17.83,63.6,20.31,43.6
A126560,현대퓨처넷,화장품,2026-09-28,40.41,5.89,366915494400,False,False,,,,,726,35.6,13.5,38.35,5.4,39.72,1.7,1157,31.02,30.3,32.5,24.3,34.94,15.7,2633,7.63,429.7,7.94,409.0,8.24,390.5
A126600,BGF에코머티리얼즈,화학,2026-09-28,17.38,2.97,188300697000,False,False,,,,,726,11.47,51.6,11.83,46.9,12.05,44.3,1223,8.51,104.2,8.88,95.8,9.37,85.5,2881,6.72,158.5,7.22,140.8,7.48,132.5
A126640,화신정공,자동차부품,2026-09-28,4.88,2.33,131459662500,False,False,,,,,726,4.4,11.0,4.81,1.4,5.28,-7.6,1223,5.09,-4.2,5.44,-10.3,5.66,-13.8,2881,5.92,-17.6,6.41,-23.8,6.89,-29.2
A126700,하이비젼시스템,핸드셋,2026-09-28,4.71,3.05,163914968640,True,False,0.0,0.0,-6.32,13.89,698,4.01,17.6,4.28,10.2,4.37,7.9,1195,4.31,9.4,4.46,5.7,4.7,0.4,2853,4.59,2.8,5.06,-6.8,5.31,-11.2
A126720,수산인더스트리,에너지장비및서비스,2026-09-28,7.37,4.29,307863300000,False,False,,,,,726,4.98,48.1,5.13,43.6,5.25,40.4,1015,5.08,45.1,5.21,41.5,5.3,39.2,1015,5.08,45.1,5.21,41.5,5.3,39.2
A126730,코칩,전기제품,2026-09-28,34.28,12.26,195135303500,False,False,,,,,582,20.39,68.1,24.69,38.8,30.73,11.6,582,20.39,68.1,24.69,38.8,30.73,11.6,582,20.39,68.1,24.69,38.8,30.73,11.6
A126880,제이엔케이글로벌,석유와가스,2026-09-28,19.96,3.06,60005438570,False,False,,,,,603,14.53,37.4,14.98,33.2,16.06,24.3,1037,15.11,32.1,16.63,20.0,18.04,10.7,2626,5.49,263.4,6.05,230.2,8.28,141.0
A127120,제이에스링크,생명과학도구및서비스,2026-09-28,-83.22,11.71,1197572418000,False,False,,,,,0,,,,,,,0,,,,,,,416,15.51,-636.6,46.92,-277.4,59.14,-240.7
A127710,아시아경제,출판,2026-09-28,6.9,4.42,59686679550,False,False,,,,,180,5.16,33.6,5.21,32.4,5.24,31.7,492,5.34,29.3,6.91,-0.2,9.08,-24.0,2005,7.05,-2.1,8.64,-20.1,9.42,-26.8
A127980,화인써키트,전자장비와기기,2026-09-28,1892.35,8.9,30904185240,False,False,,,,,634,12.02,15642.5,15.49,12119.7,15.85,11842.0,787,13.52,13892.5,15.79,11886.1,16.25,11547.8,787,13.52,13892.5,15.79,11886.1,16.25,11547.8
A128540,에코캡,자동차부품,2026-09-28,3.43,1.56,28452030360,False,False,,,,,423,1.7,101.5,1.77,93.5,1.83,87.3,546,1.75,95.9,1.83,87.8,1.87,83.3,854,1.84,87.0,1.9,81.0,2.27,51.0
A128660,피제이메탈,비철금속,2026-09-28,2.52,2.28,70689601650,False,False,,,,,726,4.59,-45.1,5.67,-55.6,5.9,-57.3,1223,3.84,-34.4,4.58,-45.0,5.05,-50.1,2881,5.09,-50.5,5.34,-52.8,5.6,-55.0
A128820,대성산업,석유와가스,2026-09-28,8.2,3.5,184334572850,False,False,,,,,726,4.64,76.6,4.69,74.7,4.81,70.4,1223,4.36,87.9,4.49,82.5,4.58,78.8,1652,4.46,83.7,4.59,78.6,4.71,74.1
A128940,한미약품,제약,2026-09-28,19.43,11.4,6456739464000,True,False,0.0,0.0,3.87,4.8,726,13.14,47.8,13.54,43.5,13.83,40.5,1223,13.7,41.9,14.22,36.7,14.62,32.9,2881,15.07,29.0,16.52,17.6,17.71,9.7
A129260,인터지스,해운사,2026-09-28,3.69,1.9,56193733986,False,False,,,,,726,2.88,28.2,2.93,25.9,2.97,24.5,1223,2.28,61.6,2.42,52.9,2.49,48.5,2820,2.58,42.9,2.91,27.1,3.0,22.9
A129890,앱코,컴퓨터와주변기기,2026-09-28,62.22,3.7,42402955462,False,False,,,,,666,9.67,543.5,9.84,532.4,10.05,519.3,845,7.4,740.7,7.9,687.5,8.84,603.8,1047,6.1,919.6,6.39,873.0,6.76,820.3
A129920,대성하이텍,기계,2026-09-28,-37.28,5.58,101716836960,False,False,,,,,373,6.5,-673.4,6.95,-636.4,7.34,-607.8,648,6.67,-658.9,6.89,-641.1,7.15,-621.5,648,6.67,-658.9,6.89,-641.1,7.15,-621.5
A130500,GH신소재,자동차부품,2026-09-28,3.56,2.95,27344697760,False,False,,,,,666,3.57,-0.4,3.96,-10.3,4.15,-14.3,1163,4.08,-12.8,4.38,-18.7,4.95,-28.1,2696,5.03,-29.2,5.36,-33.7,6.24,-43.0
A130580,나이스디앤비,상업서비스와공급품,2026-09-28,6.07,4.35,105644000000,True,False,0.0,0.0,0.0,0.0,726,4.62,31.3,4.8,26.5,4.93,23.1,1223,4.88,24.4,5.0,21.4,5.08,19.4,2881,5.15,17.9,5.47,10.9,5.96,1.9
A130660,한전산업,전기유틸리티,2026-09-28,53.28,3.54,404566000000,False,False,,,,,667,9.4,466.7,9.65,452.2,9.8,443.8,1164,9.74,446.9,11.13,378.9,13.14,305.5,2822,5.4,885.8,5.74,827.9,6.22,756.5
A130740,티피씨글로벌,자동차부품,2026-09-28,-9.36,8.68,21200156520,False,False,,,,,0,,,,,,,187,32.05,-129.2,32.68,-128.6,35.07,-126.7,1781,10.5,-189.1,11.06,-184.7,11.46,-181.7
A131030,옵투스제약,제약,2026-09-28,10.29,5.29,103938415100,False,False,,,,,726,10.2,0.8,10.51,-2.1,10.93,-5.9,1223,10.45,-1.5,10.72,-4.0,11.0,-6.5,2881,8.47,21.4,9.45,8.8,10.22,0.6
A131090,시큐브,소프트웨어,2026-09-28,7.63,5.0,33160096930,False,False,,,,,726,6.99,9.2,7.25,5.2,7.47,2.2,1223,7.25,5.4,7.58,0.8,8.08,-5.5,2759,8.12,-5.9,8.81,-13.3,9.12,-16.3
A131100,티엔엔터테인먼트,방송과엔터테인먼트,2026-09-28,-52.18,2.82,18445123840,False,False,,,,,666,3.36,-1654.5,3.42,-1627.4,3.73,-1497.6,913,3.4,-1634.8,3.76,-1486.5,3.89,-1443.0,972,3.41,-1631.0,3.8,-1473.4,3.92,-1430.5
A131180,딜리,컴퓨터와주변기기,2026-09-28,12.71,9.57,24565950000,False,False,,,,,545,11.18,13.7,11.47,10.8,12.75,-0.3,1042,12.64,0.6,15.26,-16.7,16.0,-20.5,2574,13.82,-8.0,15.15,-16.1,16.0,-20.5
A131220,대한과학,생명과학도구및서비스,2026-09-28,4.47,4.07,26612529300,False,False,,,,,726,5.07,-11.8,5.67,-21.1,5.93,-24.5,1223,5.78,-22.6,6.17,-27.6,6.4,-30.1,2760,6.62,-32.4,7.17,-37.6,7.36,-39.2
A131290,티에스이,반도체와반도체장비,2026-09-28,14.48,2.83,3240998697000,True,False,0.0,0.0,0.0,0.0,726,8.41,72.2,8.66,67.2,9.09,59.3,1223,5.74,152.4,6.31,129.5,7.92,82.8,2573,5.0,189.8,5.42,167.3,5.78,150.6
A131370,알서포트,소프트웨어,2026-09-28,-218.53,12.84,79261419504,False,False,,,,,666,23.74,-1020.5,24.41,-995.2,25.37,-961.4,1163,17.33,-1361.3,19.82,-1202.6,22.67,-1064.0,2328,17.51,-1348.1,18.43,-1285.6,19.5,-1220.6
A131400,이브이첨단소재,전자장비와기기,2026-09-28,-24.25,6.68,45647381612,False,False,,,,,179,31.91,-176.0,32.63,-174.3,33.45,-172.5,366,31.05,-178.1,32.04,-175.7,33.16,-173.1,1095,8.76,-377.0,10.52,-330.6,12.2,-298.7
A131760,파인텍,디스플레이장비및부품,2026-09-28,-1.67,1.9,11396446592,False,False,,,,,241,10.78,-115.5,10.92,-115.3,11.22,-114.9,675,9.18,-118.1,9.97,-116.7,10.51,-115.8,1868,2.85,-158.6,3.0,-155.6,3.29,-150.6
A131970,두산테스나,반도체와반도체장비,2026-09-28,19.59,3.91,1752980486600,True,True,0.0,0.0,0.0,0.0,726,6.5,201.6,7.6,157.9,8.3,136.1,1223,6.09,221.9,6.47,203.0,6.84,186.6,2874,5.69,244.1,6.02,225.6,6.32,210.2
A133750,메가엠디,교육서비스,2026-09-28,14.26,4.78,31974067182,False,False,,,,,545,14.84,-3.9,15.79,-9.7,17.78,-19.8,919,11.96,19.3,12.48,14.3,13.3,7.2,2009,11.51,23.9,12.22,16.7,13.14,8.5
A133820,화인베스틸,철강,2026-09-28,7.42,3.07,36149524948,False,False,,,,,121,7.22,2.8,7.29,1.8,7.35,1.0,429,4.65,59.5,4.75,56.2,4.86,52.8,1657,4.75,56.2,5.14,44.4,6.17,20.3
A134060,이퓨쳐,교육서비스,2026-09-28,67.75,14.35,26469337500,False,False,,,,,726,21.82,210.4,22.21,205.0,22.63,199.3,1223,18.53,265.6,19.21,252.7,19.93,240.0,2517,19.95,239.7,21.56,214.3,22.5,201.1
A134380,미원화학,화학,2026-09-28,4.67,4.56,220806507200,False,False,,,,,726,5.59,-16.4,5.85,-20.2,5.93,-21.2,1223,5.89,-20.7,5.99,-22.0,6.07,-23.0,2881,6.07,-23.0,6.29,-25.8,6.42,-27.2
A134580,탑코미디어,양방향미디어와서비스,2026-09-28,24.73,3.54,162424220955,False,False,,,,,402,10.25,141.3,11.75,110.6,12.8,93.2,587,11.67,111.9,13.15,88.1,15.1,63.8,1078,4.67,429.7,5.34,362.9,5.87,321.2
A134790,시디즈,가구,2026-09-28,-37.23,4.72,37220000000,False,False,,,,,0,,,,,,,369,5.49,-777.9,5.54,-771.8,5.58,-767.1,1168,5.78,-744.6,6.04,-716.3,6.24,-696.4
A136150,원일티엔아이,에너지장비및서비스,2026-09-28,-45.45,22.21,69897790200,False,False,,,,,100,26.75,-269.9,27.15,-267.4,27.53,-265.1,100,26.75,-269.9,27.15,-267.4,27.53,-265.1,100,26.75,-269.9,27.15,-267.4,27.53,-265.1
A136410,아셈스,화학,2026-09-28,4.26,4.22,40550310080,False,False,,,,,726,4.83,-11.9,5.52,-22.8,5.85,-27.3,1135,5.61,-24.1,5.99,-28.9,6.24,-31.8,1135,5.61,-24.1,5.99,-28.9,6.24,-31.8
A136480,하림,식품,2026-09-28,5.67,4.5,283048855830,False,False,,,,,726,5.62,0.9,5.74,-1.3,6.2,-8.5,1223,5.69,-0.4,5.89,-3.7,6.28,-9.8,2326,6.2,-8.6,6.45,-12.0,6.74,-15.9
A136490,선진,식품,2026-09-28,1.34,0.84,245881105360,False,False,,,,,726,1.11,21.0,1.2,11.8,1.27,5.8,1223,1.23,8.9,1.3,3.3,1.35,-0.9,2881,1.39,-3.8,1.51,-11.5,1.72,-22.2
A136540,윈스테크넷,소프트웨어,2026-09-28,7.12,6.0,134340421240,False,False,,,,,726,6.47,10.1,6.54,8.9,6.6,7.9,1223,6.54,8.9,6.63,7.4,6.73,5.9,2881,6.82,4.4,7.24,-1.6,7.76,-8.2
A137080,나래나노텍,디스플레이장비및부품,2026-09-28,33.52,2.31,65973285840,False,False,,,,,69,6.28,433.7,26.99,24.2,27.51,21.8,477,3.11,976.4,3.24,933.7,3.5,857.9,477,3.11,976.4,3.24,933.7,3.5,857.9
A137310,에스디바이오센서,건강관리장비와용품,2026-09-28,-11.41,3.31,737777013220,False,False,,,,,0,,,,,,,413,4.03,-383.1,4.31,-364.7,4.62,-346.9,461,4.06,-381.2,4.39,-359.8,4.56,-350.4
A137400,피엔티,전기제품,2026-09-28,6.7,2.1,694138330400,True,False,0.0,0.0,,,726,5.17,29.5,5.31,26.2,5.45,23.0,1223,5.37,24.7,5.6,19.6,5.89,13.6,2881,4.51,48.5,4.96,35.0,5.2,28.7
A137940,넥스트아이,화장품,2026-09-28,-0.55,7.65,17838337806,False,False,,,,,0,,,,,,,0,,,,,,,1212,10.82,-105.1,14.54,-103.8,17.99,-103.1
A137950,제이씨케미칼,에너지장비및서비스,2026-09-28,5.74,3.01,83281624360,False,False,,,,,726,4.64,23.8,4.74,21.2,4.85,18.5,1223,3.76,52.7,3.9,47.2,4.05,41.6,2759,4.07,41.1,4.39,30.7,4.67,23.0
A138040,메리츠금융지주,증권,2026-09-28,6.62,0.87,22324126218200,True,False,0.0,0.0,0.0,0.0,726,3.99,65.7,4.69,41.0,5.02,31.9,1223,1.99,233.0,2.51,163.3,2.64,150.3,2881,1.44,359.1,1.68,293.9,1.96,237.6
A138070,신진에스엠,기계,2026-09-28,21.99,5.07,25782219492,False,False,,,,,547,12.86,70.9,14.02,56.8,14.56,51.0,1044,7.34,199.6,7.72,184.6,7.98,175.4,2579,7.74,183.9,8.08,172.2,9.06,142.7
A138080,오이솔루션,통신장비,2026-09-28,31.49,3.74,342863896600,True,False,8.33,-5.64,-58.73,-25.0,313,20.05,57.0,22.06,42.7,23.33,35.0,757,17.46,80.3,19.05,65.3,19.69,59.9,2390,7.13,341.7,7.46,322.3,7.9,298.7
A138360,앤로보틱스,기계,2026-09-28,78.7,4.87,143837382090,False,False,,,,,239,62.4,26.1,72.27,8.9,76.03,3.5,609,49.86,57.8,52.62,49.6,62.96,25.0,1345,14.69,435.9,18.57,323.8,21.83,260.4
A138610,나이벡,건강관리장비와용품,2026-09-28,-92.24,28.06,175746079780,False,False,,,,,244,38.37,-340.4,43.0,-314.5,47.1,-295.8,493,47.43,-294.5,67.03,-237.6,74.38,-224.0,553,48.73,-289.3,70.15,-231.5,76.74,-220.2
A138930,BNK금융지주,은행,2026-09-28,4.71,1.46,5075129481540,True,False,0.0,0.0,0.0,0.0,726,2.1,124.8,2.33,102.5,2.44,92.9,1223,1.74,170.8,1.82,158.2,1.88,150.5,2881,1.9,148.3,2.05,129.5,2.24,110.1
A139130,iM금융지주,은행,2026-09-28,4.46,1.31,2989901143040,True,False,0.0,0.0,0.0,0.0,726,2.0,122.7,2.16,107.0,2.23,100.2,1223,1.65,170.6,1.75,154.8,1.79,150.0,2881,1.8,147.9,1.94,130.0,2.05,118.2
A139480,이마트,백화점과일반상점,2026-09-28,3.87,3.52,1989658549900,True,False,0.0,0.0,-0.9,-0.38,726,3.89,-0.6,3.98,-2.7,4.05,-4.4,1223,4.0,-3.2,4.16,-7.0,4.43,-12.6,2881,4.71,-17.7,5.99,-35.3,6.66,-41.8
A139670,키네마스터,소프트웨어,2026-09-28,20.37,12.14,27559917120,False,False,,,,,666,22.2,-8.2,27.84,-26.8,30.05,-32.2,669,22.22,-8.3,27.92,-27.0,30.11,-32.3,1285,22.24,-8.4,28.35,-28.1,30.34,-32.8
A139990,아주스틸,철강,2026-09-28,-6.24,5.24,86037019080,False,False,,,,,165,6.5,-195.9,6.73,-192.7,6.85,-191.0,539,5.82,-207.3,5.93,-205.3,6.1,-202.2,563,5.82,-207.2,5.96,-204.7,6.17,-201.1
A140070,서플러스글로벌,반도체와반도체장비,2026-09-28,4.02,2.53,81003720000,True,True,,,,,492,6.57,-38.8,6.68,-39.8,6.76,-40.5,989,4.36,-7.9,4.82,-16.7,5.11,-21.4,2135,4.28,-6.1,4.64,-13.4,4.99,-19.6
A140410,메지온,식품,2026-09-28,-128.31,15.97,2412987911200,False,False,,,,,0,,,,,,,0,,,,,,,179,18.59,-790.2,19.36,-762.8,20.16,-736.5
A140430,카티스,통신장비,2026-09-28,-53.51,15.56,26723767500,False,False,,,,,342,22.96,-333.1,23.83,-324.6,24.69,-316.8,342,22.96,-333.1,23.83,-324.6,24.69,-316.8,342,22.96,-333.1,23.83,-324.6,24.69,-316.8
A140520,대창스틸,철강,2026-09-28,6.3,5.16,42429578430,False,False,,,,,726,6.4,-1.6,6.65,-5.3,9.29,-32.1,1223,6.6,-4.5,7.31,-13.8,7.71,-18.3,2533,7.35,-14.3,7.87,-19.9,8.56,-26.4
A140670,알에스오토메이션,기계,2026-09-28,-31.65,10.99,134047929600,False,False,,,,,0,,,,,,,494,27.88,-213.5,30.9,-202.4,43.45,-172.8,1299,16.19,-295.5,19.02,-266.4,21.62,-246.4
A140860,파크시스템스,전자장비와기기,2026-09-28,29.45,7.09,1841649347000,True,False,0.0,0.0,0.99,2.65,726,23.12,27.4,23.87,23.4,24.49,20.3,1223,19.11,54.1,20.21,45.7,21.62,36.2,2578,14.66,100.8,15.42,91.0,16.46,79.0
A141000,비아트론,디스플레이장비및부품,2026-09-28,20.6,3.23,114120568200,False,False,0.0,,0.0,,471,5.39,281.8,5.59,268.8,5.73,259.2,968,5.76,257.4,7.02,193.5,7.44,176.8,2626,4.99,313.1,5.33,286.5,5.57,269.8
A141080,리가켐바이오,제약,2026-09-28,-32.15,9.04,2954149556400,True,False,0.0,0.0,23.2,-18.62,331,44.33,-172.5,59.7,-153.8,67.0,-148.0,383,45.43,-170.8,63.03,-151.0,69.88,-146.0,948,37.3,-186.2,40.82,-178.8,55.11,-158.3
A142210,유니트론텍,반도체와반도체장비,2026-09-28,1.96,1.42,130526324870,False,False,0.0,,0.0,,726,2.1,-6.8,2.57,-23.7,2.72,-27.8,1223,2.21,-11.5,2.36,-17.0,2.5,-21.7,2611,2.53,-22.5,2.68,-26.8,2.92,-33.0
A142280,녹십자엠에스,건강관리장비와용품,2026-09-28,32.69,21.06,77400590130,False,False,,,,,666,25.48,28.3,25.98,25.8,26.56,23.0,732,25.51,28.1,26.16,25.0,26.97,21.2,1639,26.6,22.9,28.16,16.1,29.52,10.7
A143160,아이디스,전자장비와기기,2026-09-28,7.15,4.9,170819256600,False,False,,,,,726,6.86,4.3,7.23,-1.0,7.94,-9.9,1223,7.27,-1.6,8.03,-11.0,8.45,-15.4,2634,7.98,-10.4,8.53,-16.1,8.82,-18.9
A143210,핸즈코퍼레이션,자동차부품,2026-09-28,-1.11,2.48,33571739817,False,False,,,,,0,,,,,,,0,,,,,,,1001,2.93,-137.8,3.1,-135.9,3.34,-133.3
A143240,사람인,상업서비스와공급품,2026-09-28,9.1,4.65,186964174020,False,False,,,,,726,8.21,10.9,8.3,9.7,8.35,9.0,1223,6.44,41.4,7.14,27.5,7.54,20.8,2881,7.81,16.5,8.32,9.4,8.54,6.7
A143540,영우디에스피,디스플레이장비및부품,2026-09-28,4.51,2.03,44599895000,False,False,,,,,180,4.46,1.1,4.5,0.3,4.53,-0.5,305,4.51,-0.0,4.61,-2.2,4.75,-5.1,1446,3.33,35.3,3.63,24.2,3.83,17.6
A144510,지씨셀,건강관리업체및서비스,2026-09-28,-17.64,11.67,227524953600,False,False,,,,,115,139.23,-112.7,142.25,-112.4,164.63,-110.7,612,15.65,-212.7,16.23,-208.7,18.2,-196.9,1547,28.12,-162.7,31.86,-155.4,42.21,-141.8
A144960,뉴파워프라즈마,반도체와반도체장비,2026-09-28,7.09,3.75,550963988640,True,False,0.0,0.0,0.0,0.0,726,5.08,39.5,5.63,25.9,6.04,17.4,1223,5.78,22.7,7.23,-1.9,7.9,-10.3,2408,5.9,20.1,6.77,4.8,7.37,-3.7
A145020,휴젤,생물공학,2026-09-28,9.25,8.82,2329073695300,True,False,-5.49,-3.62,-5.54,-3.76,726,12.01,-23.0,12.44,-25.6,12.9,-28.3,1223,12.21,-24.2,12.64,-26.8,12.98,-28.7,2636,12.82,-27.8,13.5,-31.4,13.94,-33.6
A145170,노브랜드,"섬유,의류,신발,호화품",2026-09-28,2.37,2.09,48611664375,False,False,,,,,571,2.54,-6.8,3.69,-36.0,4.03,-41.3,571,2.54,-6.8,3.69,-36.0,4.03,-41.3,571,2.54,-6.8,3.69,-36.0,4.03,-41.3
A145210,다이나믹디자인,자동차부품,2026-09-28,58.53,2.95,9461011840,False,False,,,,,121,12.79,357.7,12.79,357.7,12.79,357.7,121,12.79,357.7,12.79,357.7,12.79,357.7,686,3.59,1532.2,3.92,1394.4,4.27,1271.4
A145720,덴티움,건강관리장비와용품,2026-09-28,3.85,3.27,320808745200,True,False,0.0,0.0,0.0,0.0,726,4.14,-7.0,4.84,-20.5,5.11,-24.6,1223,4.97,-22.6,5.47,-29.6,5.86,-34.3,2337,5.76,-33.2,6.45,-40.4,6.82,-43.6
A145990,삼양사,식품,2026-09-28,4.19,2.94,474418654000,False,False,,,,,726,3.5,19.7,3.55,18.0,3.61,16.0,1223,3.57,17.4,3.68,13.7,3.95,6.0,2881,3.85,8.7,4.15,1.0,4.35,-3.8
A146060,율촌,자동차부품,2026-09-28,4.7,4.01,25312437130,False,False,,,,,726,4.48,4.7,4.66,0.7,4.79,-2.0,740,4.49,4.7,4.68,0.4,4.79,-2.0,740,4.49,4.7,4.68,0.4,4.79,-2.0
A146320,비씨엔씨,반도체와반도체장비,2026-09-28,9.67,7.1,134378191500,True,False,0.0,0.0,0.0,0.0,698,9.5,1.7,9.87,-2.0,11.13,-13.2,1090,9.72,-0.6,10.45,-7.5,11.16,-13.3,1090,9.72,-0.6,10.45,-7.5,11.16,-13.3
A147760,피엠티,반도체와반도체장비,2026-09-28,13.58,5.53,80600000000,True,False,,,,,2,,,,,,,252,6.92,96.4,7.0,94.0,7.15,89.9,950,6.78,100.3,7.22,88.3,7.56,79.6
A147830,제룡산업,전기장비,2026-09-28,9.18,4.89,142800000000,False,False,,,,,726,8.84,3.9,9.2,-0.2,11.99,-23.4,1223,7.37,24.6,7.7,19.3,8.08,13.7,2881,7.33,25.2,7.88,16.5,8.49,8.1
A148150,세경하이테크,핸드셋,2026-09-28,6.19,1.76,147858122880,True,False,,,,,726,5.12,20.9,5.34,15.9,5.49,12.7,1223,5.37,15.3,5.56,11.2,5.86,5.6,1751,5.3,16.8,5.59,10.6,5.96,3.8
A148250,알엔투테크놀로지,통신장비,2026-09-28,-6.05,6.06,27493622080,False,False,,,,,60,18.03,-133.5,18.51,-132.7,18.68,-132.4,494,10.56,-157.3,11.12,-154.4,12.0,-150.4,1849,10.03,-160.3,10.48,-157.7,11.16,-154.2
A148780,비큐AI,소프트웨어,2026-09-28,-57.65,51.09,24150316800,False,False,,,,,243,56.05,-202.9,57.4,-200.4,61.85,-193.2,243,56.05,-202.9,57.4,-200.4,61.85,-193.2,243,56.05,-202.9,57.4,-200.4,61.85,-193.2
A148930,에이치와이티씨,전기제품,2026-09-28,-18.1,8.79,32051920950,False,False,,,,,362,19.91,-190.9,20.25,-189.4,20.54,-188.1,645,12.44,-245.5,17.78,-201.8,19.6,-192.4,645,12.44,-245.5,17.78,-201.8,19.6,-192.4
A149950,아바텍,디스플레이장비및부품,2026-09-28,9.01,4.65,159228739950,True,False,0.0,0.0,0.0,0.0,683,7.79,15.6,8.27,9.0,8.83,2.1,809,7.85,14.8,8.54,5.5,9.15,-1.5,2467,6.24,44.4,7.18,25.6,7.62,18.2
A149980,하이로닉,건강관리장비와용품,2026-09-28,16.64,6.05,78943621140,False,False,,,,,484,7.32,127.3,7.59,119.2,8.1,105.6,981,8.12,104.9,10.14,64.1,13.95,19.3,2517,12.22,36.2,15.64,6.4,17.59,-5.4
A150900,파수AI,소프트웨어,2026-09-28,9.07,3.87,46991246830,False,False,,,,,726,7.97,13.9,8.54,6.2,9.64,-5.9,1223,7.1,27.9,7.36,23.3,7.87,15.3,2313,7.35,23.4,8.03,13.1,8.66,4.7
A151860,KG에코솔루션,자동차,2026-09-28,1.7,0.83,258960330880,False,False,,,,,726,1.1,55.1,1.12,52.8,1.13,51.1,1223,1.09,56.3,1.11,52.9,1.13,50.2,2881,1.16,47.5,1.27,33.8,1.38,23.9
A153460,네이블,소프트웨어,2026-09-28,43.37,8.66,36045677280,False,False,,,,,563,9.32,365.6,9.42,360.3,9.73,345.9,1060,9.6,351.8,15.24,184.5,15.73,175.6,1548,15.19,185.5,15.9,172.8,16.91,156.5
A153490,우리이앤엘하루틴,디스플레이장비및부품,2026-09-28,-2.39,3.32,32741280000,False,False,,,,,545,4.17,-157.3,4.41,-154.2,4.77,-150.0,919,4.3,-155.6,4.5,-153.0,4.77,-150.1,1964,4.89,-148.9,5.31,-145.0,5.5,-143.4
A154030,아시아종묘,생물공학,2026-09-28,19.58,18.2,19262801599,False,False,,,,,304,19.61,-0.2,19.9,-1.6,20.31,-3.6,491,20.03,-2.3,20.46,-4.3,20.72,-5.5,1658,22.75,-14.0,24.56,-20.3,25.61,-23.6
A154040,다산솔루에타,전자제품,2026-09-28,-70.7,2.59,21140066580,False,False,,,,,605,7.36,-1060.6,8.1,-972.4,8.73,-909.7,1039,6.37,-1210.2,7.51,-1041.4,8.03,-980.0,2695,5.17,-1466.5,5.64,-1353.9,6.09,-1260.5
A155650,와이엠씨,디스플레이장비및부품,2026-09-28,10.86,3.6,64702560780,False,False,,,,,726,6.11,77.8,6.7,62.1,7.78,39.6,1223,4.72,129.9,5.01,116.5,5.5,97.4,2821,5.02,116.3,5.55,95.7,6.16,76.3
A155660,DSR,비철금속,2026-09-28,3.23,2.22,68960000000,False,False,,,,,726,2.8,15.3,2.84,13.7,2.88,12.0,1223,2.53,27.7,2.65,22.0,2.76,16.9,2881,2.81,14.9,3.02,7.0,3.32,-2.8
A156100,엘앤케이바이오,건강관리장비와용품,2026-09-28,257.72,6.96,133883406470,False,False,,,,,726,16.71,1442.3,42.68,503.8,44.81,475.1,726,16.71,1442.3,42.68,503.8,44.81,475.1,1521,9.57,2593.0,10.33,2396.1,11.2,2201.5
A158430,아톤,소프트웨어,2026-09-28,13.48,4.86,137589357040,False,False,,,,,726,5.84,131.0,6.56,105.5,6.83,97.5,1223,6.65,102.7,7.4,82.2,8.24,63.7,1705,6.94,94.1,8.06,67.3,8.67,55.4
A159010,아스플로,기계,2026-09-28,9.34,2.4,381373535400,True,True,,,,,401,3.97,135.3,4.74,97.2,5.67,64.9,892,4.92,89.8,5.91,58.0,6.17,51.4,892,4.92,89.8,5.91,58.0,6.17,51.4
A159580,제로투세븐,화장품,2026-09-28,14.75,3.15,42068535600,False,False,,,,,726,20.59,-28.4,24.24,-39.2,28.55,-48.3,1223,8.26,78.6,9.39,57.1,10.33,42.8,2269,8.18,80.2,8.9,65.7,9.42,56.6
A159910,에코글로우,화장품,2026-09-28,-6.39,15.71,31139613575,False,False,,,,,0,,,,,,,184,49.66,-112.9,52.0,-112.3,56.22,-111.4,371,20.65,-130.9,24.05,-126.6,46.34,-113.8
A160190,하이젠알앤엠,기계,2026-09-28,-91.28,33.01,912740400000,False,False,,,,,312,40.86,-323.4,44.27,-306.2,50.12,-282.1,312,40.86,-323.4,44.27,-306.2,50.12,-282.1,312,40.86,-323.4,44.27,-306.2,50.12,-282.1
A160550,NEW,방송과엔터테인먼트,2026-09-28,-13.42,5.93,28966538028,False,False,,,,,197,7.79,-272.3,7.83,-271.3,8.07,-266.2,632,7.75,-273.1,7.97,-268.3,8.39,-259.9,2288,9.63,-239.3,12.34,-208.8,14.4,-193.2
A160980,싸이맥스,반도체와반도체장비,2026-09-28,6.75,2.49,286215166600,True,False,0.0,0.0,0.0,0.0,726,4.78,41.2,5.0,34.8,5.18,30.3,1223,5.03,34.2,5.25,28.6,5.49,22.8,2684,4.57,47.5,4.91,37.4,5.19,29.9
A161000,애경케미칼,화학,2026-09-28,13.81,3.02,494757370530,False,False,,,,,547,10.42,32.6,10.72,28.9,10.92,26.5,1044,4.41,213.1,4.59,201.3,4.86,184.5,2702,4.04,242.3,4.25,225.3,4.38,215.2
A161390,한국타이어앤테크놀로지,자동차부품,2026-09-28,3.14,2.64,7420116633100,True,False,0.0,0.0,0.0,0.0,726,2.81,12.0,2.85,10.4,2.88,9.0,1223,2.86,9.8,2.94,6.9,3.12,0.8,2881,3.24,-2.9,3.55,-11.5,4.03,-22.1
A161580,필옵틱스,전자장비와기기,2026-09-28,-18.38,4.64,804069072100,False,False,,,,,445,5.71,-421.7,19.94,-192.2,22.91,-180.2,840,7.37,-349.3,7.83,-334.6,9.09,-302.1,1715,6.48,-383.7,7.35,-349.9,7.67,-339.7
A161890,한국콜마,화장품,2026-09-28,8.99,4.61,3502993426800,True,False,0.0,0.0,0.2,0.35,726,5.27,70.6,5.43,65.6,5.54,62.2,1223,5.41,66.0,5.6,60.6,5.78,55.4,2881,5.89,52.5,6.19,45.1,6.4,40.4
A162300,신스틸,철강,2026-09-28,39.72,8.17,90407612760,False,False,,,,,726,9.2,331.9,9.5,318.2,9.9,301.1,911,9.34,325.1,9.69,310.0,10.25,287.6,911,9.34,325.1,9.69,310.0,10.25,287.6
A163280,에어레인,화학,2026-09-28,18.02,13.39,50807496330,False,False,,,,,422,16.41,9.9,17.13,5.2,18.54,-2.8,422,16.41,9.9,17.13,5.2,18.54,-2.8,422,16.41,9.9,17.13,5.2,18.54,-2.8
A163560,동일고무벨트,화학,2026-09-28,3.04,2.93,76172000000,False,False,,,,,726,3.69,-17.6,4.32,-29.6,4.45,-31.7,1036,4.27,-28.8,4.49,-32.3,5.13,-40.7,2694,4.55,-33.1,5.17,-41.2,5.53,-45.1
A163730,핑거,IT서비스,2026-09-28,13.32,6.87,182677410270,True,False,0.0,0.0,3.42,5.66,614,10.63,25.3,11.54,15.4,12.12,9.9,1111,11.83,12.6,12.8,4.0,13.75,-3.2,1274,12.1,10.0,13.12,1.5,14.4,-7.5
A166090,하나머티리얼즈,반도체와반도체장비,2026-09-28,9.43,3.49,1127327418000,True,False,0.34,-0.66,0.43,1.23,726,8.35,13.0,9.03,4.4,9.38,0.5,1223,7.2,30.9,7.82,20.5,8.31,13.4,2305,5.34,76.7,5.85,61.1,6.44,46.4
A166480,코아스템켐온,생물공학,2026-09-28,-5.57,33.65,116050475320,False,False,,,,,0,,,,,,,0,,,,,,,694,47.78,-111.7,72.17,-107.7,82.1,-106.8
A168330,내츄럴엔도텍,화장품,2026-09-28,-41.93,3.85,74624015000,False,False,,,,,0,,,,,,,3,,,,,,,248,7.02,-697.1,8.57,-589.0,9.39,-546.7
A168360,펨트론,전자장비와기기,2026-09-28,10.56,3.92,307897658750,True,False,0.0,0.0,0.0,0.0,456,7.3,44.6,7.82,35.1,8.33,26.8,667,7.76,36.0,8.32,26.8,8.83,19.6,667,7.76,36.0,8.32,26.8,8.83,19.6
A169330,엠브레인,IT서비스,2026-09-28,11.4,6.18,30772422240,False,False,,,,,544,10.58,7.7,12.82,-11.1,14.05,-18.9,1041,8.19,39.1,8.67,31.4,9.02,26.3,1348,8.52,33.7,8.95,27.3,9.83,15.9
A170030,현대공업,자동차부품,2026-09-28,4.16,2.71,73248500000,True,False,0.0,0.0,,,726,4.64,-10.3,5.18,-19.6,5.4,-22.9,1223,5.1,-18.5,5.41,-23.1,5.95,-30.1,2814,4.18,-0.5,4.32,-3.7,4.52,-7.9
A170790,파이오링크,통신장비,2026-09-28,4.09,3.69,53865560700,True,False,,,,,726,4.33,-5.5,4.47,-8.4,4.78,-14.3,1223,4.56,-10.2,4.96,-17.5,5.21,-21.5,2252,5.13,-20.3,5.52,-25.9,5.81,-29.6
A170900,동아에스티,제약,2026-09-28,7.81,7.71,339503046900,True,False,0.0,0.0,0.0,0.0,726,8.98,-13.0,10.43,-25.1,10.73,-27.2,1223,10.56,-26.0,11.06,-29.4,11.28,-30.7,2881,11.4,-31.5,11.86,-34.1,12.8,-39.0
A170920,엘티씨,반도체와반도체장비,2026-09-28,4.1,2.58,421508627400,True,False,0.0,0.0,0.0,0.0,483,3.22,27.4,3.48,18.1,3.59,14.2,793,3.52,16.7,3.71,10.7,3.98,3.2,2379,5.1,-19.5,6.64,-38.2,7.79,-47.3
A171010,램테크놀러지,반도체와반도체장비,2026-09-28,-103.1,7.67,36533311360,False,False,,,,,0,,,,,,,497,11.32,-1010.6,11.62,-987.0,12.04,-956.1,1441,12.4,-931.2,13.81,-846.7,15.96,-746.0
A171090,선익시스템,디스플레이장비및부품,2026-09-28,5.55,2.72,725138021600,True,False,0.0,0.0,1.26,7.65,723,4.88,13.7,5.12,8.5,5.27,5.3,974,5.06,9.7,5.28,5.1,5.51,0.7,1959,5.11,8.6,5.42,2.3,5.69,-2.5
A171120,라이온켐텍,건축자재,2026-09-28,4.08,3.85,72162537600,False,False,,,,,726,4.21,-3.1,4.92,-17.1,6.61,-38.3,1223,6.33,-35.6,7.83,-47.9,8.57,-52.4,2881,8.54,-52.2,9.27,-56.0,9.91,-58.8
A172670,에이엘티,반도체와반도체장비,2026-09-28,10.22,7.43,117917008440,True,False,0.0,0.0,,,331,8.98,13.8,9.81,4.3,11.89,-14.0,375,9.17,11.5,9.58,6.8,10.09,1.4,375,9.17,11.5,9.58,6.8,10.09,1.4
A173130,오파스넷,IT서비스,2026-09-28,8.91,3.36,100196912640,False,False,,,,,726,5.61,58.9,5.84,52.7,6.06,47.2,1223,5.9,51.1,6.52,36.7,6.91,29.1,2157,5.96,49.6,6.74,32.3,7.13,25.0
A173940,에프엔씨엔터,방송과엔터테인먼트,2026-09-28,-81.08,8.38,30862580040,False,False,,,,,114,12.19,-765.2,12.37,-755.5,12.53,-747.0,229,12.54,-746.8,12.84,-731.3,13.29,-710.1,1109,12.7,-738.5,13.56,-698.0,14.61,-654.9
A174900,앱클론,생물공학,2026-09-28,-21.58,38.2,385275610990,False,False,,,,,0,,,,,,,0,,,,,,,433,41.75,-151.7,42.7,-150.5,43.55,-149.5
A175140,아고스,전자제품,2026-09-28,-6.41,3.82,57621224430,False,False,,,,,0,,,,,,,0,,,,,,,550,6.75,-195.0,7.71,-183.1,8.27,-177.5
A175250,아이큐어,화장품,2026-09-28,-22.52,8.63,103717012560,False,False,,,,,0,,,,,,,0,,,,,,,515,11.5,-295.8,12.68,-277.6,16.7,-234.9
A175330,JB금융지주,은행,2026-09-28,5.43,1.32,5819480908800,True,False,0.0,0.0,0.41,0.54,726,2.5,117.2,2.87,89.2,2.98,82.2,1223,1.93,180.8,1.98,174.0,2.04,165.7,2881,1.98,174.6,2.07,161.8,2.18,149.4
A176750,듀켐바이오,제약,2026-09-28,22.76,11.75,183752244000,False,False,,,,,483,13.62,67.1,14.43,57.7,15.07,51.0,483,13.62,67.1,14.43,57.7,15.07,51.0,483,13.62,67.1,14.43,57.7,15.07,51.0
A177350,베셀,화학,2026-09-28,-10.33,1.56,14953103308,False,False,,,,,0,,,,,,,66,47.63,-121.7,49.69,-120.8,50.85,-120.3,1288,4.12,-350.8,4.32,-339.1,4.51,-329.0
A177830,파버나인,디스플레이장비및부품,2026-09-28,57.01,2.74,24294254985,False,False,,,,,726,5.46,943.2,5.59,919.6,7.05,708.3,1223,5.52,932.5,6.24,813.0,6.91,724.7,2441,5.48,939.5,5.73,895.5,6.43,786.6
A177900,쓰리에이로직스,통신장비,2026-09-28,8.65,5.47,35477706000,False,False,,,,,334,7.52,15.1,7.94,9.0,8.48,2.0,334,7.52,15.1,7.94,9.0,8.48,2.0,334,7.52,15.1,7.94,9.0,8.48,2.0
A178320,서진시스템,전기장비,2026-09-28,10.65,2.8,2287673255100,True,False,0.0,0.0,-29.36,-13.87,726,5.63,89.0,5.8,83.6,5.97,78.4,1223,4.74,124.7,5.17,106.0,5.42,96.5,2329,5.08,109.9,5.4,97.2,5.57,91.2
A178780,일월지엠엘,전문소매,2026-09-28,24.76,2.25,45852419700,False,False,,,,,605,12.27,101.8,13.1,89.0,13.52,83.1,605,12.27,101.8,13.1,89.0,13.52,83.1,803,4.63,434.4,4.95,400.1,5.55,345.9
A178920,PI첨단소재,화학,2026-09-28,7.64,5.58,557666454780,True,False,0.0,0.0,0.0,0.0,726,8.94,-14.6,9.32,-18.1,9.57,-20.2,1223,9.39,-18.7,9.76,-21.8,10.07,-24.1,2881,8.34,-8.4,9.13,-16.4,9.66,-20.9
A179290,엠아이텍,건강관리장비와용품,2026-09-28,7.2,6.56,149043947190,False,False,,,,,726,8.07,-10.8,9.09,-20.8,9.91,-27.4,1223,9.5,-24.2,10.11,-28.8,10.32,-30.3,1920,10.15,-29.1,10.41,-30.9,10.77,-33.2
A179900,유티아이,핸드셋,2026-09-28,-0.87,0.88,50364359865,False,False,,,,,289,4.7,-118.5,5.35,-116.2,5.52,-115.7,417,5.33,-116.3,5.59,-115.5,5.88,-114.7,1278,4.66,-118.6,5.03,-117.2,5.35,-116.2
A180400,DXVX,건강관리업체및서비스,2026-09-28,-10.91,36.82,229340576560,False,False,,,,,0,,,,,,,123,107.82,-110.1,107.82,-110.1,107.82,-110.1,380,41.68,-126.2,44.39,-124.6,49.36,-122.1
A180640,한진칼,항공사,2026-09-28,1678.29,5.36,9433509457500,False,False,,,,,547,73.04,2197.8,83.49,1910.1,88.31,1800.5,898,72.21,2224.1,77.87,2055.3,83.69,1905.2,2268,7.81,21384.6,8.41,19850.8,8.97,18600.3
A181710,NHN,IT서비스,2026-09-28,7.77,4.26,1823353626000,True,False,-0.27,0.12,2.35,4.66,726,5.15,50.7,5.26,47.6,5.51,41.0,1223,5.34,45.3,5.72,35.7,6.09,27.5,2597,6.17,25.9,7.12,9.1,7.64,1.7
A182360,큐브엔터,방송과엔터테인먼트,2026-09-28,-7.02,6.46,105703184800,False,False,,,,,537,10.28,-168.3,10.93,-164.3,11.15,-163.0,1034,11.1,-163.3,12.07,-158.2,13.0,-154.0,2408,11.68,-160.1,12.68,-155.4,14.04,-150.0
A182400,엔케이젠바이오텍코리아,생명과학도구및서비스,2026-09-28,-114.16,47.92,265496721770,False,False,,,,,0,,,,,,,0,,,,,,,504,63.37,-280.1,66.16,-272.5,75.85,-250.5
A183190,아세아시멘트,건축자재,2026-09-28,3.69,2.01,377052290560,True,False,0.0,0.0,-0.89,-0.29,726,2.52,46.6,2.58,43.0,2.63,40.2,1223,2.59,42.6,2.64,39.7,2.68,37.9,2881,2.67,38.2,2.77,33.2,2.93,26.1
A183300,코미코,반도체와반도체장비,2026-09-28,10.54,2.14,1566579887500,True,False,0.0,1.88,0.0,1.88,726,2.85,270.4,3.44,205.9,4.52,133.2,1223,3.55,197.1,4.95,112.9,5.68,85.6,2331,4.87,116.6,5.13,105.3,5.34,97.5
A183490,엔지켐생명과학,제약,2026-09-28,-5.44,31.29,83793832650,False,False,,,,,0,,,,,,,0,,,,,,,496,46.59,-111.7,52.19,-110.4,54.12,-110.0
A184230,SGA솔루션즈,소프트웨어,2026-09-28,2.03,1.56,40116317760,False,False,,,,,360,1.81,11.8,1.95,4.0,2.29,-11.7,857,2.69,-24.8,3.6,-43.7,4.13,-51.0,1813,8.12,-75.1,9.69,-79.1,10.45,-80.6
A185750,종근당,제약,2026-09-28,10.89,7.57,902701812000,True,False,0.0,0.0,0.0,0.0,726,10.24,6.3,10.5,3.7,10.71,1.6,1223,8.54,27.5,8.8,23.7,9.15,19.0,2881,9.14,19.1,9.84,10.7,10.45,4.2
A186230,그린플러스,건축자재,2026-09-28,21.12,3.28,34780798780,False,False,,,,,454,8.76,141.0,9.41,124.5,10.26,105.8,889,10.23,106.5,10.97,92.6,11.59,82.3,2426,5.04,319.1,5.53,281.8,5.87,259.7
A187220,디티앤씨,전자장비와기기,2026-09-28,-2.6,6.56,23165115330,False,False,,,,,0,,,,,,,369,9.97,-126.1,10.26,-125.4,10.46,-124.9,1722,9.68,-126.9,10.31,-125.3,10.66,-124.4
A187270,신화콘텍,핸드셋,2026-09-28,11.24,3.27,28859239025,False,False,,,,,726,4.72,138.4,4.78,135.4,4.85,131.6,1223,4.79,134.5,5.1,120.6,5.35,110.2,2203,4.74,137.3,4.98,125.7,5.23,114.9
A187420,HLB제넥스,생물공학,2026-09-28,79.91,39.9,75736277040,False,False,,,,,304,53.16,50.3,55.4,44.3,58.0,37.8,304,53.16,50.3,55.4,44.3,58.0,37.8,1124,56.61,41.2,62.27,28.3,65.32,22.3
A187660,페니트리움바이오,제약,2026-09-28,-65.29,28.82,437529170520,False,False,,,,,0,,,,,,,312,45.04,-245.0,47.25,-238.2,53.17,-222.8,391,35.27,-285.2,39.31,-266.1,40.5,-261.2
A187790,나노,화학,2026-09-28,7.43,3.39,91751469250,True,False,0.0,0.0,0.0,0.0,632,6.47,14.8,6.47,14.8,6.8,9.3,879,6.47,14.8,7.0,6.1,7.0,6.1,1637,7.0,6.1,7.87,-5.6,8.79,-15.5
A187870,디바이스,디스플레이장비및부품,2026-09-28,4.36,1.78,156787951320,False,False,,,,,665,4.39,-0.7,4.67,-6.5,5.54,-21.3,1162,4.31,1.2,4.49,-2.8,4.68,-6.8,2088,3.89,12.2,4.2,4.0,4.45,-2.0
A188040,바이오포트,식품,2026-09-28,9.73,5.58,23302953840,False,False,,,,,334,6.41,51.8,7.28,33.6,7.81,24.6,334,6.41,51.8,7.28,33.6,7.81,24.6,334,6.41,51.8,7.28,33.6,7.81,24.6
A189300,인텔리안테크,통신장비,2026-09-28,14.44,6.95,722633548100,True,False,0.0,0.0,0.34,0.53,726,14.08,2.5,14.9,-3.1,15.52,-7.0,1223,15.21,-5.1,16.25,-11.2,16.73,-13.7,2439,8.96,61.2,9.89,45.9,10.75,34.3
A189330,씨이랩,IT서비스,2026-09-28,-18.45,19.91,102548364120,False,False,,,,,0,,,,,,,80,415.74,-104.4,424.58,-104.3,431.64,-104.3,974,28.03,-165.8,33.3,-155.4,36.62,-150.4
A189690,포시에스,소프트웨어,2026-09-28,7.1,4.26,40982953500,False,False,,,,,726,9.98,-28.9,11.33,-37.4,11.94,-40.6,1223,9.62,-26.3,9.98,-28.9,10.2,-30.4,2838,9.59,-26.0,9.84,-27.9,10.18,-30.3
A189860,서전기전,전기장비,2026-09-28,-9.23,3.58,47911973200,False,False,,,,,117,10.24,-190.1,10.29,-189.7,10.34,-189.2,183,10.29,-189.7,10.37,-189.0,10.53,-187.6,1532,6.73,-237.1,8.67,-206.5,9.11,-201.4
A189980,흥국에프엔비,음료,2026-09-28,7.79,5.01,46479603666,False,False,,,,,726,5.96,30.7,6.3,23.7,6.41,21.6,1223,6.34,23.0,6.51,19.6,6.61,17.9,2731,6.65,17.2,7.07,10.2,7.7,1.2
A190510,나무가,핸드셋,2026-09-28,9.34,1.75,220153504710,True,False,,,,,726,7.84,19.1,8.04,16.2,8.23,13.5,1223,5.88,58.8,6.31,48.1,6.66,40.3,2276,5.01,86.5,5.31,76.0,5.74,62.8
A190650,코리아에셋투자증권,증권,2026-09-28,2.88,2.51,41777520000,False,False,,,,,726,3.62,-20.6,3.72,-22.7,3.78,-23.8,1100,3.03,-5.1,3.46,-16.8,3.65,-21.1,1530,3.25,-11.5,3.45,-16.5,3.62,-20.5
A191410,육일씨엔에쓰,디스플레이패널,2026-09-28,-20.86,1.91,27670146848,False,False,,,,,242,13.71,-252.2,14.68,-242.2,15.19,-237.4,242,13.71,-252.2,14.68,-242.2,15.19,-237.4,864,3.39,-716.2,3.7,-664.5,3.84,-642.8
A191420,테고사이언스,생물공학,2026-09-28,-9.68,40.58,58951223180,False,False,,,,,0,,,,,,,249,103.08,-109.4,116.7,-108.3,119.67,-108.1,1847,63.71,-115.2,71.34,-113.6,75.59,-112.8
A192080,더블유게임즈,게임엔터테인먼트,2026-09-28,4.16,3.24,1247117265200,True,False,0.0,0.0,0.07,-0.5,726,3.74,11.3,3.8,9.6,3.85,8.1,1223,3.79,9.8,3.85,8.1,3.9,6.6,2672,3.92,6.2,4.01,3.7,4.13,0.9
A192250,케이사인,소프트웨어,2026-09-28,10.21,8.17,57950425000,False,False,,,,,667,10.99,-7.1,12.45,-18.0,14.54,-29.8,1164,11.57,-11.7,12.59,-18.9,14.07,-27.4,2578,13.05,-21.8,14.05,-27.3,15.13,-32.5
A192390,윈하이텍,건축자재,2026-09-28,-2.69,1.94,22151372346,False,False,,,,,422,2.05,-230.9,2.1,-227.9,2.13,-226.4,853,2.13,-226.3,2.23,-220.6,2.29,-217.1,2081,2.37,-213.2,2.68,-200.4,3.57,-175.3
A192400,쿠쿠홀딩스,가정용기기와용품,2026-09-28,8.13,4.82,976181978250,True,False,0.0,0.0,0.0,0.0,726,7.0,16.2,7.17,13.5,7.37,10.4,1223,6.17,31.9,6.39,27.4,6.5,25.2,2881,6.5,25.1,6.73,20.9,6.92,17.5
A192410,오늘이엔엠,통신장비,2026-09-28,-37.85,1.07,91550779215,False,False,,,,,0,,,,,,,121,23.43,-261.5,23.79,-259.1,24.01,-257.6,813,5.79,-754.0,5.79,-754.0,8.33,-554.4
A192440,슈피겐코리아,핸드셋,2026-09-28,4.04,2.71,188977435200,False,False,,,,,726,3.86,4.6,3.98,1.4,4.11,-1.9,1223,3.26,23.7,3.74,7.8,3.89,3.8,2880,3.94,2.5,4.23,-4.6,4.59,-12.0
A192650,드림텍,핸드셋,2026-09-28,10.05,2.46,522482553970,True,False,,,,,726,5.92,69.7,6.19,62.4,6.33,58.8,1223,5.83,72.4,6.05,66.1,6.21,61.7,1852,5.69,76.7,6.05,66.1,6.28,59.9
A192820,코스맥스,화장품,2026-09-28,10.38,4.57,3075716939000,True,False,0.04,0.03,0.1,0.19,726,7.34,41.5,7.54,37.8,7.74,34.2,1223,6.49,60.0,6.76,53.5,7.0,48.4,2881,7.23,43.6,7.78,33.5,8.08,28.5
A193250,링크드,핸드셋,2026-09-28,-3.03,4.73,26189739747,False,False,,,,,0,,,,,,,0,,,,,,,927,6.51,-146.6,7.13,-142.6,7.86,-138.6
A194370,제이에스코퍼레이션,"섬유,의류,신발,호화품",2026-09-28,2.01,0.65,371994837560,True,False,0.0,0.0,0.0,0.0,726,1.39,44.5,1.49,35.2,1.53,31.3,1223,1.51,33.3,1.81,11.3,1.97,2.2,2609,1.99,1.0,2.15,-6.4,2.32,-13.2
A194480,데브시스터즈,게임엔터테인먼트,2026-09-28,13.03,4.39,177182824000,True,False,0.0,0.0,-24.04,61.9,702,6.29,107.1,6.93,88.1,7.39,76.3,1199,6.44,102.3,7.02,85.5,7.39,76.4,1787,6.51,100.1,7.04,85.1,7.55,72.5
A194700,노바렉스,건강관리업체및서비스,2026-09-28,3.54,3.08,188572579840,True,True,0.0,0.0,0.0,0.0,726,4.85,-27.1,5.16,-31.4,5.32,-33.6,1223,4.84,-27.0,5.13,-31.0,5.32,-33.5,1931,5.17,-31.7,5.44,-35.0,5.74,-38.4
A195500,마니커에프앤지,식품,2026-09-28,8.98,4.35,27370314000,False,False,,,,,726,9.68,-7.2,10.12,-11.3,10.47,-14.2,1000,9.76,-8.1,10.34,-13.1,11.49,-21.9,1520,9.68,-7.3,10.43,-13.9,11.96,-24.9
A195870,해성디에스,반도체와반도체장비,2026-09-28,7.63,3.07,1020000000000,True,False,-0.11,1.03,0.93,1.86,726,4.97,53.5,5.42,40.7,5.88,29.8,1223,4.37,74.4,4.71,61.9,5.0,52.6,2516,5.02,51.8,5.64,35.2,5.97,27.9
A195940,HK이노엔,제약,2026-09-28,7.82,7.1,1111948221750,True,False,0.0,0.0,0.23,0.09,726,8.71,-10.2,9.34,-16.3,9.7,-19.4,1223,9.37,-16.6,9.86,-20.7,10.27,-23.9,1255,9.39,-16.8,9.89,-20.9,10.29,-24.0
A195990,루트K,기계,2026-09-28,-1.89,3.45,18649615730,False,False,,,,,0,,,,,,,0,,,,,,,551,7.69,-124.6,8.05,-123.5,8.43,-122.4
A196170,알테오젠,생물공학,2026-09-28,45.57,15.77,17587921082500,True,False,-1.16,-3.07,18.37,-5.32,585,48.71,-6.4,50.68,-10.1,52.59,-13.3,976,48.83,-6.7,52.36,-13.0,55.11,-17.3,1762,43.13,5.7,49.83,-8.5,54.64,-16.6
A196300,HLB펩,생물공학,2026-09-28,-6.82,397.63,53071163730,False,False,,,,,0,,,,,,,0,,,,,,,61,412.22,-101.7,414.96,-101.6,418.6,-101.6
A196450,코아시아씨엠,핸드셋,2026-09-28,4.87,4.87,34579160000,False,False,0.0,,0.0,,180,5.04,-3.4,5.04,-3.4,5.37,-9.4,180,5.04,-3.4,5.04,-3.4,5.37,-9.4,367,5.38,-9.5,5.88,-17.2,6.84,-28.8
A196490,디에이테크놀로지,전기제품,2026-09-28,-0.2,4.63,1589230300,False,False,,,,,0,,,,,,,0,,,,,,,1175,6.25,-103.2,6.69,-103.0,7.27,-102.7
A196700,웹스,화학,2026-09-28,3.25,2.37,18472289184,False,False,,,,,666,3.46,-6.1,3.92,-17.2,4.33,-24.9,978,3.91,-17.0,4.46,-27.2,5.02,-35.3,2168,5.11,-36.4,5.46,-40.5,5.91,-45.1
A197140,디지캡,소프트웨어,2026-09-28,-15.65,3.16,31231569600,False,False,,,,,120,33.31,-147.0,34.24,-145.7,34.71,-145.1,430,27.11,-157.7,30.83,-150.8,33.97,-146.1,1616,5.02,-411.5,5.48,-385.6,6.37,-345.7
A198080,캐프,핸드셋,2026-09-28,1.83,1.73,45439240350,False,False,,,,,726,2.02,-9.7,2.15,-14.9,2.23,-18.0,1172,2.17,-15.7,2.34,-21.8,2.41,-24.1,1552,2.26,-19.1,2.39,-23.7,2.52,-27.4
A198440,강동씨앤엘,건축자재,2026-09-28,14.41,1.19,101573470632,False,False,,,,,483,8.27,74.1,8.44,70.8,8.56,68.4,670,8.39,71.7,8.58,67.9,8.73,65.1,1592,8.2,75.7,8.45,70.6,8.71,65.4
A198940,한주라이트메탈,자동차부품,2026-09-28,36.14,0.95,27535198080,False,False,,,,,180,19.75,83.0,20.53,76.0,21.06,71.6,311,7.08,410.4,7.92,356.4,8.25,337.9,611,2.39,1410.1,2.52,1334.8,2.58,1299.0
A199550,레이저옵텍,건강관리장비와용품,2026-09-28,-4.5,19.86,46838470605,False,False,,,,,222,21.89,-120.6,23.09,-119.5,24.57,-118.3,222,21.89,-120.6,23.09,-119.5,24.57,-118.3,222,21.89,-120.6,23.09,-119.5,24.57,-118.3
A199730,바이오인프라,생명과학도구및서비스,2026-09-28,-0.63,8.3,3336955762,False,False,,,,,181,40.68,-101.6,41.09,-101.5,41.37,-101.5,326,10.36,-106.1,11.89,-105.3,12.65,-105.0,326,10.36,-106.1,11.89,-105.3,12.65,-105.0
A199820,제일일렉트릭,전기장비,2026-09-28,21.25,8.98,169983000000,False,False,,,,,726,11.31,87.9,12.68,67.5,13.37,58.9,1223,11.18,90.1,12.07,76.0,12.77,66.4,1429,10.86,95.7,11.55,83.9,12.19,74.3
A200130,콜마비앤에이치,건강관리업체및서비스,2026-09-28,6.86,3.01,225312619140,False,False,,,,,726,8.46,-18.9,8.78,-21.9,9.05,-24.2,1223,7.18,-4.4,7.49,-8.4,7.67,-10.6,2880,7.72,-11.1,8.31,-17.5,8.91,-23.0
A200230,텔콘RF제약,제약,2026-09-28,54.06,2.92,20860991800,False,False,,,,,422,43.12,25.4,52.49,3.0,53.7,0.7,422,43.12,25.4,52.49,3.0,53.7,0.7,921,4.71,1048.9,4.92,999.4,8.67,523.8
A200350,아티스트스튜디오,방송과엔터테인먼트,2026-09-28,-14.92,0.66,28938492375,False,False,,,,,81,49.0,-130.5,56.07,-126.6,58.77,-125.4,395,15.23,-198.0,16.67,-189.5,18.72,-179.7,1902,1.7,-980.2,2.07,-821.2,2.52,-693.3
A200470,에이팩트,반도체와반도체장비,2026-09-28,57.96,4.04,341385501240,False,False,,,,,247,40.43,43.3,43.37,33.6,45.19,28.3,741,13.9,316.9,16.92,242.6,18.39,215.1,1905,6.92,737.9,8.2,607.2,9.92,484.3
A200670,휴메딕스,제약,2026-09-28,5.69,5.26,276817774500,True,False,0.0,0.0,1.15,-0.4,726,6.19,-8.2,6.38,-10.9,6.54,-13.1,1223,6.3,-9.7,6.52,-12.8,6.72,-15.4,2881,6.85,-17.0,7.45,-23.7,7.95,-28.4
A200710,에이디테크놀로지,반도체와반도체장비,2026-09-28,15.32,4.99,362127988300,True,False,0.0,0.0,0.0,0.0,304,12.93,18.5,13.91,10.2,15.38,-0.4,678,15.69,-2.4,17.24,-11.1,17.92,-14.5,1944,7.29,110.2,7.95,92.8,9.01,70.1
A200780,비씨월드제약,제약,2026-09-28,11.42,7.15,32210296220,False,False,,,,,726,8.6,32.9,9.16,24.6,9.6,19.0,1036,9.12,25.2,9.66,18.3,10.62,7.6,2264,10.81,5.7,12.4,-7.9,14.05,-18.7
A200880,서연이화,자동차부품,2026-09-28,1.74,1.38,295691100780,False,False,,,,,726,1.65,5.7,1.69,3.1,1.74,0.0,1223,1.68,3.6,1.74,0.2,1.79,-2.7,2450,1.79,-2.7,1.92,-9.2,2.02,-13.6
A201490,미투온,게임엔터테인먼트,2026-09-28,7.64,2.64,122223116610,False,False,0.0,,,,726,3.59,113.0,3.69,106.8,3.76,103.2,1223,3.67,108.3,3.78,102.4,3.91,95.6,2445,3.88,96.7,4.07,87.8,4.26,79.4
A203450,유니온바이오메트릭스,전자장비와기기,2026-09-28,-56.73,5.25,39210034495,False,False,,,,,545,9.82,-677.7,10.34,-648.7,10.6,-635.4,979,10.49,-640.6,11.21,-606.1,13.21,-529.4,2142,9.1,-723.4,9.78,-680.4,10.53,-638.6
A203650,드림시큐리티,상업서비스와공급품,2026-09-28,11.17,3.15,290366301820,False,False,,,,,726,5.13,117.9,5.25,112.9,5.36,108.5,1223,5.23,113.4,5.35,108.7,5.51,102.8,2386,5.46,104.5,5.81,92.3,6.17,80.9
A204020,그리티,"섬유,의류,신발,호화품",2026-09-28,4.05,4.0,34466874304,False,False,,,,,726,4.49,-9.9,4.58,-11.6,4.72,-14.2,911,4.55,-11.0,4.68,-13.6,4.84,-16.4,1573,4.67,-13.3,4.86,-16.7,5.02,-19.4
A204270,제이앤티씨,핸드셋,2026-09-28,12.29,2.81,1327622294700,True,False,0.0,0.0,-180.0,-34.03,671,7.49,64.0,7.78,58.0,8.09,52.0,1105,7.87,56.2,8.2,50.0,8.49,44.7,1493,6.73,82.7,7.44,65.3,7.93,55.1
A204320,HL만도,자동차부품,2026-09-28,4.83,3.22,2181158224000,True,False,0.0,0.0,0.0,-0.03,726,3.8,27.2,3.88,24.4,4.0,20.9,1223,3.92,23.1,4.11,17.6,4.23,14.1,2881,4.18,15.6,4.41,9.5,4.72,2.3
A204610,티쓰리,게임엔터테인먼트,2026-09-28,8.73,5.76,162720562400,False,False,,,,,726,7.35,18.8,7.76,12.4,8.0,9.2,942,7.06,23.7,7.6,14.8,7.93,10.1,942,7.06,23.7,7.6,14.8,7.93,10.1
A204620,글로벌텍스프리,기타금융,2026-09-28,10.96,5.87,425214146500,True,False,0.0,0.0,0.0,0.0,726,8.21,33.4,8.52,28.7,8.81,24.4,886,8.33,31.6,8.74,25.4,8.98,22.0,1496,8.75,25.3,9.15,19.8,9.62,13.9
A204840,지엘팜텍,제약,2026-09-28,299.19,139.76,67079889325,False,False,,,,,304,154.33,93.9,159.06,88.1,168.7,77.3,304,154.33,93.9,159.06,88.1,168.7,77.3,304,154.33,93.9,159.06,88.1,168.7,77.3
A205100,엑셈,소프트웨어,2026-09-28,13.9,6.48,96040989828,False,False,,,,,726,11.62,19.6,12.19,14.0,12.69,9.5,1223,8.32,67.0,9.68,43.5,10.71,29.8,2758,10.97,26.7,11.85,17.3,12.63,10.0
A205470,휴마시스,생명과학도구및서비스,2026-09-28,-5.78,0.72,64278377605,False,False,,,,,0,,,,,,,374,1.13,-611.3,1.2,-581.0,1.26,-557.3,891,1.33,-534.4,1.55,-472.6,1.8,-421.6
A205500,넥써쓰,게임엔터테인먼트,2026-09-28,-35.69,9.09,148489313269,False,False,,,,,120,72.24,-149.4,76.76,-146.5,78.51,-145.5,120,72.24,-149.4,76.76,-146.5,78.51,-145.5,291,10.92,-426.7,11.48,-410.7,13.47,-364.9
A206400,베노티앤알,건설,2026-09-28,-4.39,21.37,28845311502,False,False,,,,,0,,,,,,,246,95.6,-104.6,107.97,-104.1,114.59,-103.8,679,31.28,-114.0,41.99,-110.5,65.7,-106.7
A206560,덱스터,방송과엔터테인먼트,2026-09-28,-3.35,8.38,25437147736,False,False,,,,,186,38.06,-108.8,39.74,-108.4,41.37,-108.1,464,33.47,-110.0,37.07,-109.0,38.77,-108.6,1656,16.71,-120.0,18.08,-118.5,19.76,-116.9
A206640,바디텍메드,생명과학도구및서비스,2026-09-28,7.83,3.59,209001566340,False,False,,,,,726,8.33,-6.0,8.58,-8.7,8.8,-11.0,1223,6.95,12.6,7.64,2.4,8.01,-2.2,2695,6.69,17.0,7.61,2.8,8.46,-7.5
A206650,유바이오로직스,생물공학,2026-09-28,6.88,6.04,309454424940,False,False,,,,,666,7.18,-4.2,7.42,-7.4,7.73,-11.1,666,7.18,-4.2,7.42,-7.4,7.73,-11.1,1581,7.86,-12.5,8.27,-16.9,9.02,-23.7
A207760,미스터블루,양방향미디어와서비스,2026-09-28,90.21,4.12,33813470460,False,False,,,,,346,13.99,544.9,14.71,513.4,15.73,473.6,843,13.11,588.2,13.65,561.1,14.4,526.5,2271,11.26,700.8,12.42,626.1,12.99,594.6
A207940,삼성바이오로직스,제약,2026-09-28,24.13,21.71,64807331400000,True,False,0.0,0.0,0.0,0.0,726,26.15,-7.7,28.59,-15.6,32.88,-26.6,1223,29.53,-18.3,34.23,-29.5,35.44,-31.9,2386,35.44,-31.9,40.41,-40.3,43.34,-44.3
A208140,정다운,식품,2026-09-28,10.26,2.08,74193238420,False,False,,,,,726,2.39,328.7,2.6,294.8,2.95,248.2,1223,2.64,287.9,2.96,247.1,3.09,232.2,2326,3.0,241.6,3.29,212.2,3.5,193.3
A208350,지란지교시큐리티,소프트웨어,2026-09-28,8.65,3.97,23413537300,False,False,,,,,726,8.95,-3.3,9.21,-6.0,9.86,-12.2,1161,7.99,8.3,8.65,0.0,8.95,-3.3,2266,7.42,16.6,8.22,5.2,8.84,-2.1
A208370,셀바스헬스케어,건강관리장비와용품,2026-09-28,45.3,2.01,70657848180,False,False,,,,,667,33.13,36.7,33.82,33.9,35.05,29.3,1164,8.64,424.3,12.38,265.9,20.3,123.1,1785,8.6,426.8,11.25,302.5,16.12,181.0
A208640,썸에이지,게임엔터테인먼트,2026-09-28,-2.49,83.61,12225293950,False,False,,,,,0,,,,,,,0,,,,,,,62,88.06,-102.8,88.34,-102.8,88.73,-102.8
A208710,포톤,핸드셋,2026-09-28,12.17,4.1,37167972240,False,False,,,,,121,8.31,46.5,8.61,41.4,10.77,13.0,306,11.31,7.6,12.03,1.2,22.14,-45.0,1472,6.07,100.7,6.81,78.7,7.24,68.1
A208860,다산디엠씨,자동차부품,2026-09-28,11.66,6.57,38397416070,False,False,,,,,422,8.07,44.4,8.51,36.9,8.76,33.1,488,6.69,74.2,6.96,67.5,7.83,48.8,1165,6.69,74.2,6.69,74.2,8.03,45.2
A209640,와이제이링크,전자장비와기기,2026-09-28,31.64,14.85,110501622210,False,False,,,,,128,17.59,79.9,18.05,75.3,18.44,71.6,128,17.59,79.9,18.05,75.3,18.44,71.6,128,17.59,79.9,18.05,75.3,18.44,71.6
A210120,캔버스엔,방송과엔터테인먼트,2026-09-28,-16.96,32.24,18158718143,False,False,,,,,120,35.36,-148.0,36.14,-146.9,36.99,-145.9,120,35.36,-148.0,36.14,-146.9,36.99,-145.9,120,35.36,-148.0,36.14,-146.9,36.99,-145.9
A210540,디와이파워,기계,2026-09-28,3.54,1.97,124440049160,False,False,,,,,726,3.56,-0.4,3.63,-2.4,3.83,-7.5,1223,3.39,4.5,3.55,-0.3,3.72,-4.7,2820,3.24,9.5,3.39,4.6,3.54,0.2
A210980,SK디앤디,부동산,2026-09-28,-1.18,0.45,64974663180,False,False,,,,,626,1.14,-204.0,1.28,-192.2,1.87,-163.0,1123,1.7,-169.5,2.16,-154.7,2.64,-144.7,2664,2.72,-143.5,3.2,-136.9,3.59,-132.8
A211050,인카금융서비스,손해보험,2026-09-28,4.5,1.04,487710204300,False,False,,,,,726,2.62,71.9,2.8,60.8,2.93,53.6,1223,2.47,82.5,2.59,74.0,2.67,68.9,1282,2.48,81.9,2.6,73.2,2.68,67.9
A211270,AP위성,통신장비,2026-09-28,-21.25,7.06,138455550720,False,False,,,,,677,12.19,-274.3,12.64,-268.2,13.14,-261.8,1174,12.93,-264.4,13.66,-255.6,14.92,-242.5,2529,13.2,-261.0,14.08,-250.9,15.24,-239.5
A212560,네오오토,자동차부품,2026-09-28,10.37,3.21,142550698360,False,False,,,,,726,4.93,110.4,5.0,107.3,5.08,104.2,1223,5.02,106.5,5.14,101.5,5.35,93.7,2539,5.02,106.5,5.25,97.4,5.61,84.7
A212710,아이에스티이,반도체와반도체장비,2026-09-28,7.61,6.95,68490594900,False,False,0.0,,0.0,,154,7.8,-2.5,8.89,-14.4,11.85,-35.8,154,7.8,-2.5,8.89,-14.4,11.85,-35.8,154,7.8,-2.5,8.89,-14.4,11.85,-35.8
A213420,덕산네오룩스,디스플레이장비및부품,2026-09-28,6.94,6.62,722587308900,True,False,0.0,0.0,0.0,0.0,726,8.87,-21.8,9.78,-29.0,10.26,-32.4,1223,9.94,-30.2,10.74,-35.4,11.31,-38.7,2831,11.69,-40.7,12.92,-46.3,14.26,-51.4
A213500,한솔제지,종이와목재,2026-09-28,1.49,1.42,180884377600,True,False,0.0,0.0,0.0,0.0,726,1.88,-20.8,1.93,-22.8,1.97,-24.2,1223,1.88,-20.9,1.93,-22.8,1.98,-24.6,2820,2.02,-26.3,2.11,-29.4,2.18,-31.5
A214150,클래시스,건강관리장비와용품,2026-09-28,8.66,7.9,2005996514250,True,False,-0.64,-1.26,-1.17,-1.19,726,12.21,-29.0,13.88,-37.6,14.7,-41.1,1223,12.33,-29.7,13.09,-33.8,13.88,-37.6,2143,12.97,-33.2,14.11,-38.6,14.72,-41.2
A214180,헥토이노베이션,IT서비스,2026-09-28,2.58,2.26,182296939010,True,False,0.0,0.0,0.0,0.0,726,2.66,-2.7,2.77,-6.7,3.01,-14.0,1223,2.81,-8.0,3.11,-17.0,3.24,-20.1,2759,3.3,-21.8,3.6,-28.2,3.83,-32.5
A214260,라파스,화장품,2026-09-28,-17.37,11.91,67989168060,False,False,,,,,0,,,,,,,120,101.17,-117.2,113.23,-115.3,118.22,-114.7,459,20.41,-185.1,32.81,-152.9,35.29,-149.2
A214270,FSN,양방향미디어와서비스,2026-09-28,2.29,1.95,62085244592,False,False,,,,,545,2.28,0.1,2.44,-6.2,2.55,-10.2,857,2.46,-6.9,2.6,-12.0,2.72,-15.8,2083,2.93,-21.9,3.92,-41.6,5.98,-61.7
A214320,이노션,광고,2026-09-28,3.78,2.6,729200000000,True,False,0.0,0.0,0.0,0.0,726,4.04,-6.3,4.12,-8.2,4.19,-9.8,1223,4.16,-9.0,4.26,-11.1,4.35,-13.0,2746,4.38,-13.5,4.62,-18.2,4.91,-23.0
A214330,금호에이치티,자동차부품,2026-09-28,9.98,2.5,70165993590,False,False,,,,,726,8.73,14.3,9.07,10.1,9.35,6.8,1223,9.17,8.9,9.67,3.2,10.2,-2.1,2419,3.91,155.3,4.54,119.9,4.93,102.3
A214370,케어젠,건강관리업체및서비스,2026-09-28,116.92,12.91,2132485500000,False,False,,,,,726,26.18,346.5,28.2,314.7,29.67,294.1,1223,24.38,379.6,25.99,349.8,28.64,308.2,2663,18.27,539.8,19.85,489.1,20.98,457.3
A214390,경보제약,제약,2026-09-28,49.12,9.48,129336112600,False,False,,,,,726,14.42,240.7,15.62,214.5,16.98,189.3,914,15.24,222.4,16.73,193.6,17.25,184.7,2451,12.52,292.2,13.07,275.8,13.76,257.1
A214420,토니모리,화장품,2026-09-28,4.65,4.48,120514542990,True,False,,,,,726,5.27,-11.7,5.72,-18.7,6.41,-27.4,788,5.37,-13.4,5.98,-22.2,6.47,-28.0,2086,6.77,-31.3,7.94,-41.4,9.06,-48.6
A214430,아이쓰리시스템,우주항공과국방,2026-09-28,21.09,7.81,488852683500,True,False,0.0,0.0,0.0,-11.66,726,13.67,54.2,14.27,47.8,14.88,41.7,1220,13.25,59.1,13.81,52.6,14.43,46.1,2610,11.43,84.4,12.22,72.6,13.01,62.1
A214450,파마리서치,건강관리장비와용품,2026-09-28,10.45,7.13,3324687360000,True,False,0.36,0.83,0.47,1.06,726,9.73,7.3,10.45,-0.0,10.89,-4.1,1223,8.52,22.6,9.2,13.5,9.69,7.8,2741,10.01,4.4,11.3,-7.6,11.9,-12.2
A214610,롤링스톤,건강관리장비와용품,2026-09-28,-2.0,23.63,19197807380,False,False,,,,,0,,,,,,,0,,,,,,,123,29.07,-106.9,30.25,-106.6,31.04,-106.4
A214680,디알텍,건강관리장비와용품,2026-09-28,-6.45,9.76,64694717625,False,False,,,,,230,12.64,-151.0,13.0,-149.6,13.28,-148.6,724,14.55,-144.3,17.13,-137.7,18.8,-134.3,1454,12.17,-153.0,13.18,-148.9,14.23,-145.4
A215000,골프존,"호텔,레스토랑,레저",2026-09-28,4.83,3.24,228111335250,True,False,0.0,0.0,0.0,0.0,726,3.54,36.6,3.6,34.2,3.65,32.5,1223,3.57,35.2,3.64,32.7,3.71,30.4,2716,3.73,29.7,3.82,26.5,3.92,23.2
A215090,솔디펜스,우주항공과국방,2026-09-28,-25.17,4.7,33089439569,False,False,,,,,485,28.74,-187.6,29.33,-185.8,31.31,-180.4,485,28.74,-187.6,29.33,-185.8,31.31,-180.4,1298,7.06,-456.5,12.5,-301.3,16.09,-256.4
A215100,로보로보,교육서비스,2026-09-28,-23.39,12.2,82919950050,False,False,,,,,121,205.86,-111.4,210.42,-111.1,212.47,-111.0,244,212.54,-111.0,216.3,-110.8,219.9,-110.6,799,25.88,-190.4,27.67,-184.5,30.33,-177.1
A215200,메가스터디교육,교육서비스,2026-09-28,3.15,2.9,383512992000,True,False,0.0,0.0,0.0,0.0,726,3.33,-5.5,3.42,-8.0,3.48,-9.5,1223,3.44,-8.4,3.55,-11.5,3.7,-14.9,2755,3.77,-16.6,3.99,-21.2,4.16,-24.3
A215360,우리산업,자동차부품,2026-09-28,2.88,2.69,55980159190,False,False,,,,,719,3.32,-13.5,4.06,-29.1,4.17,-31.0,813,3.72,-22.6,4.13,-30.3,4.2,-31.6,2384,4.48,-35.8,5.51,-47.8,5.88,-51.1
A215380,콜마바이오텍,생명과학도구및서비스,2026-09-28,-18.61,3.21,38539729040,False,False,,,,,179,15.15,-222.9,15.59,-219.4,15.77,-218.0,179,15.15,-222.9,15.59,-219.4,15.77,-218.0,451,11.96,-255.6,12.36,-250.6,14.15,-231.6
A215480,토박스코리아,"섬유,의류,신발,호화품",2026-09-28,20.75,1.72,20857080000,False,False,,,,,726,11.82,75.6,12.19,70.2,12.54,65.5,1157,8.58,141.9,8.8,135.8,9.75,112.8,1648,8.55,142.7,8.79,136.0,9.65,115.1
A215790,이노인스트루먼트,통신장비,2026-09-28,131.25,0.54,27392541320,False,False,,,,,60,125.44,4.6,126.11,4.1,127.39,3.0,495,9.94,1220.3,10.11,1198.2,10.26,1179.5,1249,8.3,1480.7,9.07,1347.7,9.72,1250.2
A216050,인크로스,광고,2026-09-28,5.19,4.8,60322185790,False,False,,,,,726,5.71,-9.1,6.04,-14.1,6.25,-16.9,1223,6.0,-13.5,6.22,-16.6,6.62,-21.6,2430,6.54,-20.7,7.2,-28.0,7.68,-32.4
A216080,제테마,건강관리장비와용품,2026-09-28,68.42,9.24,262128305970,False,False,,,,,726,16.26,320.8,16.65,311.0,17.19,298.1,1223,16.21,322.0,16.74,308.7,17.38,293.8,1503,16.47,315.4,17.19,298.1,18.36,272.7
A217190,제너셈,반도체와반도체장비,2026-09-28,73.13,2.87,101283959700,False,False,,,,,665,9.07,706.2,9.52,667.8,10.05,627.8,1162,6.8,976.1,7.6,862.3,8.36,775.2,1863,5.08,1338.9,5.94,1131.6,7.15,923.0
A217270,넵튠,게임엔터테인먼트,2026-09-28,-440.69,23.03,109342185015,False,False,,,,,606,25.26,-1844.6,26.55,-1760.0,27.6,-1696.7,606,25.26,-1844.6,26.55,-1760.0,27.6,-1696.7,690,25.45,-1831.4,27.09,-1726.7,28.28,-1658.4
A217480,에스디생명공학,화장품,2026-09-28,-9.53,4.74,54756837359,False,False,,,,,0,,,,,,,0,,,,,,,775,5.6,-270.1,6.26,-252.1,7.31,-230.2
A217500,러셀,반도체와반도체장비,2026-09-28,-14.14,3.85,48226992000,False,False,,,,,422,27.0,-152.4,28.99,-148.8,36.44,-138.8,919,9.39,-250.7,11.26,-225.6,13.39,-205.6,1718,7.82,-280.9,8.3,-270.4,9.04,-256.4
A217590,티엠씨,조선,2026-09-28,21.79,15.34,334186900750,True,False,,,,,180,18.21,19.7,19.72,10.5,20.32,7.2,180,18.21,19.7,19.72,10.5,20.32,7.2,180,18.21,19.7,19.72,10.5,20.32,7.2
A217820,원익피앤이,전기제품,2026-09-28,-8.58,6.18,110806395265,False,False,,,,,179,8.12,-205.7,8.53,-200.5,8.73,-198.2,553,7.86,-209.2,8.49,-201.0,8.99,-195.4,1979,8.41,-202.0,9.24,-192.9,10.11,-184.8
A218150,미래생명자원,식품,2026-09-28,-40.93,17.53,39504576870,False,False,,,,,363,39.02,-204.9,41.51,-198.6,74.22,-155.1,860,40.61,-200.8,44.01,-193.0,47.63,-185.9,1780,30.16,-235.7,33.57,-221.9,36.37,-212.5
A218410,RFHIC,통신장비,2026-09-28,21.29,8.37,1522772826600,True,False,0.0,0.0,-0.15,0.0,726,14.51,46.7,15.67,35.8,16.22,31.3,1223,15.62,36.3,16.65,27.9,17.85,19.3,2200,15.5,37.4,16.17,31.7,17.0,25.2
A219130,타이거일렉,반도체와반도체장비,2026-09-28,12.88,4.96,523454641000,True,False,0.0,0.0,13.89,37.06,392,13.3,-3.2,13.99,-7.9,14.84,-13.2,859,15.05,-14.4,15.96,-19.3,17.29,-25.5,2333,8.68,48.5,9.24,39.4,10.58,21.8
A219420,링크제니시스,소프트웨어,2026-09-28,10.42,5.23,36530379795,False,False,,,,,603,14.86,-29.9,20.47,-49.1,23.27,-55.2,1100,16.64,-37.4,18.98,-45.1,21.01,-50.4,2141,15.81,-34.1,19.56,-46.7,21.05,-50.5
A219550,디와이디,화장품,2026-09-28,25.62,1.14,49655052000,False,False,,,,,121,21.99,16.5,23.54,8.8,24.53,4.4,183,23.58,8.6,24.69,3.8,25.63,-0.0,916,1.22,1994.1,1.25,1949.1,8.22,211.8
A219750,한국비티비,건강관리장비와용품,2026-09-28,-4.19,2.57,22925580504,False,False,,,,,243,16.2,-125.8,16.2,-125.8,16.2,-125.8,243,16.2,-125.8,16.2,-125.8,16.2,-125.8,1160,9.27,-145.2,11.55,-136.2,16.2,-125.8
A220100,퓨쳐켐,제약,2026-09-28,-16.61,104.82,155646294800,False,False,,,,,0,,,,,,,0,,,,,,,236,124.55,-113.3,129.25,-112.9,129.48,-112.8
A220180,폴라리스AI핸디,소프트웨어,2026-09-28,-53.25,7.47,33503178800,False,False,,,,,59,,,,,,,556,52.75,-200.9,61.47,-186.6,63.59,-183.7,1026,34.46,-254.5,47.47,-212.2,50.9,-204.6
A220260,켐트로스,화학,2026-09-28,19.13,2.64,142720644750,False,False,,,,,667,17.62,8.5,23.59,-18.9,26.17,-26.9,1164,24.54,-22.0,30.06,-36.4,33.83,-43.5,2141,15.68,22.0,16.78,14.0,17.81,7.4
A221800,지구홀딩스,건강관리업체및서비스,2026-09-28,-26.47,17.86,62419605075,False,False,,,,,146,20.61,-228.4,20.84,-227.0,21.02,-226.0,146,20.61,-228.4,20.84,-227.0,21.02,-226.0,146,20.61,-228.4,20.84,-227.0,21.02,-226.0
A221840,하이즈항공,우주항공과국방,2026-09-28,6.92,5.76,39177675295,False,False,,,,,304,6.59,5.1,6.76,2.4,8.17,-15.2,362,6.66,3.9,6.85,1.1,8.64,-19.9,1501,11.67,-40.7,16.95,-59.2,18.87,-63.3
A221980,케이디켐,화학,2026-09-28,5.72,5.43,38653384000,False,False,,,,,726,5.63,1.6,5.7,0.3,5.81,-1.5,1223,5.75,-0.5,5.88,-2.7,5.96,-4.1,2632,5.99,-4.6,6.24,-8.3,6.8,-15.8
A222040,코스맥스엔비티,건강관리업체및서비스,2026-09-28,3.35,2.37,153884880000,True,True,-0.04,0.0,-0.04,0.0,726,2.8,19.5,3.05,9.7,3.14,6.4,1223,3.1,7.9,3.27,2.2,3.38,-1.0,2633,3.42,-2.2,3.7,-9.5,4.14,-19.3
A222080,SFA넥셀,전기제품,2026-09-28,19.06,1.35,588795690080,False,False,,,,,726,9.0,111.8,9.37,103.5,9.57,99.1,1223,9.47,101.3,9.84,93.8,10.54,80.8,2032,8.31,129.3,9.03,111.1,9.56,99.3
A222110,팬젠,생물공학,2026-09-28,274.75,29.76,64666925565,False,False,,,,,422,32.16,754.4,35.42,675.6,44.03,524.0,422,32.16,754.4,35.42,675.6,44.03,524.0,701,36.48,653.2,44.82,513.1,46.59,489.8
A222420,쎄노텍,화학,2026-09-28,10.56,8.73,44060855930,False,False,,,,,422,10.89,-3.0,11.86,-11.0,13.79,-23.4,854,13.82,-23.5,14.86,-28.9,16.45,-35.8,1342,14.62,-27.8,16.42,-35.7,17.5,-39.6
A222800,심텍,전자장비와기기,2026-09-28,15.26,1.53,5664922227200,True,False,0.0,0.0,3.01,3.23,712,8.59,77.5,9.97,53.0,10.9,39.9,1170,2.95,416.5,3.5,335.5,5.34,185.7,2650,3.22,373.5,3.56,329.0,3.88,293.1
A222980,한국맥널티,식품,2026-09-28,-19.03,7.44,23166114300,False,False,,,,,183,47.92,-139.7,48.7,-139.1,49.68,-138.3,495,39.45,-148.2,40.89,-146.5,42.63,-144.6,1909,11.84,-260.7,13.27,-243.5,15.12,-225.9
A223250,드림씨아이에스,제약,2026-09-28,16.52,5.05,85978551780,False,False,,,,,726,10.57,56.3,11.31,46.0,11.78,40.3,1223,10.53,56.9,11.09,49.0,11.68,41.4,1558,10.81,52.8,11.6,42.4,12.09,36.6
A223310,사토시홀딩스,식품과기본식료품소매,2026-09-28,-2.97,5.22,24345210910,False,False,,,,,60,161.56,-101.8,162.22,-101.8,162.64,-101.8,245,63.47,-104.7,66.37,-104.5,69.34,-104.3,613,7.79,-138.2,8.2,-136.3,8.84,-133.6
A224060,더코디,전기제품,2026-09-28,-4.58,7.74,27816291580,False,False,,,,,242,10.34,-144.3,10.74,-142.7,11.1,-141.3,242,10.34,-144.3,10.74,-142.7,11.1,-141.3,365,10.71,-142.7,11.2,-140.9,16.9,-127.1
A224110,에이텍모빌리티,컴퓨터와주변기기,2026-09-28,8.76,2.92,42929261700,False,False,,,,,726,7.75,13.1,8.01,9.4,8.21,6.7,1223,7.56,16.0,7.92,10.7,8.16,7.5,2511,6.58,33.3,7.63,14.9,8.08,8.5
A225190,LK삼양,전자장비와기기,2026-09-28,-3.58,4.81,59404894920,False,False,,,,,243,29.42,-112.2,29.55,-112.1,29.87,-112.0,740,7.98,-144.9,8.56,-141.8,8.7,-141.1,1801,7.12,-150.3,7.34,-148.7,7.6,-147.1
A225220,제놀루션,건강관리장비와용품,2026-09-28,-3.75,1.13,27863910492,False,False,,,,,0,,,,,,,374,2.45,-252.8,2.6,-244.3,2.72,-237.6,945,2.31,-262.1,2.41,-255.7,2.5,-250.0
A225430,케이엠제약,가정용품,2026-09-28,-1.56,12.62,4527001150,False,False,,,,,0,,,,,,,312,65.22,-102.4,69.89,-102.2,74.89,-102.1,917,17.05,-109.1,19.36,-108.1,28.06,-105.6
A225530,HC보광산업,건축자재,2026-09-28,-32.95,4.07,76311326700,False,False,,,,,487,10.28,-420.4,10.44,-415.6,10.56,-412.1,984,10.56,-412.0,11.42,-388.5,11.82,-378.7,2402,10.36,-418.1,11.53,-385.7,12.27,-368.4
A225570,넥슨게임즈,게임엔터테인먼트,2026-09-28,-16.55,1.25,728413524440,False,False,,,,,426,11.65,-242.1,12.38,-233.7,13.85,-219.5,739,12.89,-228.4,14.78,-212.0,16.58,-199.8,1253,5.94,-378.7,7.91,-309.3,9.36,-276.8
A225590,패션플랫폼,"섬유,의류,신발,호화품",2026-09-28,1.25,1.05,16439616960,False,False,,,,,667,1.95,-36.0,2.45,-49.0,2.7,-53.7,1164,2.46,-49.2,2.76,-54.7,2.86,-56.3,2084,2.74,-54.4,2.99,-58.2,3.31,-62.3
A226320,잇츠한불,화장품,2026-09-28,9.71,5.95,231573566400,False,False,,,,,726,10.47,-7.3,11.64,-16.6,12.85,-24.4,1098,11.65,-16.7,13.02,-25.4,13.46,-27.9,2510,9.91,-2.0,11.12,-12.7,11.98,-19.0
A226340,본느,화장품,2026-09-28,-4.69,3.79,42036324840,False,False,,,,,362,6.39,-173.4,6.66,-170.4,7.12,-165.9,547,6.68,-170.2,7.27,-164.5,7.74,-160.6,1043,6.84,-168.5,7.71,-160.8,8.3,-156.5
A226400,오스테오닉,건강관리장비와용품,2026-09-28,5.78,5.35,83162944025,True,False,0.0,0.0,0.0,0.0,726,6.79,-14.9,9.06,-36.3,9.43,-38.8,1223,9.19,-37.2,9.92,-41.8,10.84,-46.7,2201,10.43,-44.6,11.39,-49.3,12.1,-52.3
A226590,엠디바이스,반도체와반도체장비,2026-09-28,10.55,6.55,151320990080,False,False,,,,,381,7.75,36.1,8.05,31.1,8.45,24.9,381,7.75,36.1,8.05,31.1,8.45,24.9,381,7.75,36.1,8.05,31.1,8.45,24.9
A226950,올릭스,생명과학도구및서비스,2026-09-28,-57.16,44.08,2375156271600,False,False,,,,,62,206.86,-127.6,234.88,-124.3,239.12,-123.9,62,206.86,-127.6,234.88,-124.3,239.12,-123.9,74,45.88,-224.6,47.3,-220.8,192.86,-129.6
A227610,아우딘퓨쳐스,화장품,2026-09-28,-108.97,3.71,19413320142,False,False,,,,,61,345.09,-131.6,347.23,-131.4,349.17,-131.2,61,345.09,-131.6,347.23,-131.4,349.17,-131.2,697,6.85,-1690.9,7.21,-1611.8,7.47,-1558.1
A227840,현대코퍼레이션홀딩스,식품과기본식료품소매,2026-09-28,4.73,4.25,117036750960,False,False,,,,,726,4.79,-1.4,4.85,-2.4,4.92,-3.9,1223,4.87,-2.9,5.01,-5.7,5.1,-7.3,2449,5.1,-7.3,5.27,-10.3,5.42,-12.7
A227950,엔투텍,반도체와반도체장비,2026-09-28,3.25,2.67,41996490353,False,False,,,,,304,3.37,-3.5,3.54,-8.3,4.61,-29.5,616,4.64,-29.9,6.11,-46.8,8.59,-62.2,800,6.0,-45.8,8.45,-61.5,9.62,-66.2
A228340,동양파일,건축자재,2026-09-28,25.94,3.22,75400000000,False,False,,,,,303,9.65,169.0,9.84,163.6,10.06,157.8,800,8.93,190.5,9.34,177.9,9.59,170.5,1592,3.89,566.8,4.24,511.2,4.57,467.4
A228670,레이,건강관리장비와용품,2026-09-28,-11.67,5.66,69128892820,False,False,,,,,595,8.24,-241.7,8.91,-231.0,9.43,-223.7,1092,8.44,-238.2,9.05,-229.0,9.5,-222.9,1619,8.68,-234.5,9.12,-228.1,9.57,-222.0
A228760,지노믹트리,건강관리장비와용품,2026-09-28,-23.99,31.26,281654758660,False,False,,,,,77,278.81,-108.6,281.91,-108.5,283.65,-108.5,319,32.93,-172.9,33.24,-172.2,34.18,-170.2,319,32.93,-172.9,33.24,-172.2,34.18,-170.2
A228850,레이언스,건강관리장비와용품,2026-09-28,9.58,4.63,132230381580,True,False,0.0,0.0,0.0,0.0,726,6.09,57.3,6.31,52.0,6.66,43.9,1223,5.96,60.8,6.03,58.9,6.2,54.6,2566,6.19,54.9,6.52,47.0,6.93,38.2
A229640,LS에코에너지,전기장비,2026-09-28,20.99,5.24,1920179913300,True,False,0.0,0.0,0.0,0.0,726,14.75,42.3,15.4,36.3,15.8,32.9,1223,6.56,219.7,6.83,207.4,6.97,200.9,2456,6.7,213.1,6.91,203.9,7.05,197.5
A230240,에치에프알,통신장비,2026-09-28,8.06,2.84,181401670000,True,False,0.0,0.0,0.0,0.0,277,4.19,92.3,4.52,78.2,6.92,16.6,774,3.7,118.2,4.05,99.0,4.39,83.5,1378,4.25,89.7,5.12,57.5,6.0,34.4
A232140,와이씨,반도체와반도체장비,2026-09-28,17.16,2.78,1141250818500,True,False,0.0,0.0,-0.71,-2.33,726,12.35,39.0,13.39,28.2,14.69,16.8,1223,6.85,150.6,7.16,139.7,7.8,119.9,2284,5.32,222.5,6.39,168.7,6.89,149.1
A232680,라온로보틱스,반도체와반도체장비,2026-09-28,38.69,1.68,136419675000,False,False,,,,,726,20.29,90.6,21.46,80.3,22.42,72.6,1223,11.8,228.0,13.68,182.7,16.02,141.6,2534,6.48,497.5,7.25,433.7,8.13,375.7
A232830,아이티센피엔에스,IT서비스,2026-09-28,-19.61,6.18,48113142660,False,False,,,,,203,32.51,-160.3,34.71,-156.5,36.45,-153.8,700,23.52,-183.4,27.03,-172.6,31.99,-161.3,1630,18.66,-205.1,19.83,-198.9,21.43,-191.5
A234030,싸이닉솔루션,반도체와반도체장비,2026-09-28,55.67,32.96,80020950000,False,False,,,,,300,36.53,52.4,37.87,47.0,39.78,39.9,300,36.53,52.4,37.87,47.0,39.78,39.9,300,36.53,52.4,37.87,47.0,39.78,39.9
A234080,JW생명과학,제약,2026-09-28,5.25,4.18,174971821700,False,False,,,,,726,4.71,11.4,4.77,10.0,4.83,8.7,1223,4.8,9.4,4.88,7.5,5.01,4.8,2432,5.0,4.9,5.35,-1.9,5.67,-7.4
A234100,폴라리스세원,자동차부품,2026-09-28,12.4,2.89,38767343580,False,False,,,,,726,11.67,6.3,12.28,1.0,12.71,-2.4,1101,11.06,12.2,11.7,6.0,12.35,0.5,2243,6.66,86.2,7.78,59.5,8.9,39.4
A234300,에스트래픽,IT서비스,2026-09-28,-19.58,4.37,85024312500,False,False,,,,,666,5.08,-485.6,5.69,-444.3,5.88,-432.9,1163,5.82,-436.5,6.17,-417.3,6.3,-410.8,1381,5.9,-432.0,6.25,-413.2,6.46,-402.9
A234340,헥토파이낸셜,IT서비스,2026-09-28,10.88,6.07,314339760000,True,False,0.0,0.0,-0.76,0.0,726,7.38,47.4,7.72,40.9,8.02,35.6,1223,7.83,39.0,8.34,30.4,8.71,24.9,1769,8.26,31.6,8.74,24.4,9.34,16.5
A234690,녹십자웰빙,제약,2026-09-28,9.72,4.69,170471622100,False,False,,,,,726,6.61,47.1,6.94,40.0,7.47,30.1,1223,7.03,38.3,8.04,20.9,8.55,13.7,1708,7.96,22.1,8.68,12.0,9.37,3.7
A234920,자이글,건강관리장비와용품,2026-09-28,-55.55,3.95,71849132100,False,False,,,,,0,,,,,,,3,,,,,,,689,4.96,-1219.1,5.5,-1109.3,8.27,-771.5
A235980,메드팩토,제약,2026-09-28,-6.34,25.22,98026846060,False,False,,,,,0,,,,,,,0,,,,,,,114,31.1,-120.4,39.67,-116.0,41.49,-115.3
A236200,슈프리마,전자장비와기기,2026-09-28,8.94,4.32,387074260500,True,False,0.0,0.0,7.34,3.35,726,6.71,33.2,6.91,29.3,7.07,26.5,1223,6.53,36.8,6.89,29.7,7.13,25.3,2590,6.95,28.6,7.27,22.9,7.55,18.4
A236810,엔비티,광고,2026-09-28,-8.26,14.08,29078904738,False,False,,,,,228,17.29,-147.8,19.51,-142.3,20.94,-139.4,725,16.74,-149.3,18.36,-145.0,20.68,-139.9,886,17.42,-147.4,20.31,-140.7,21.7,-138.1
A237690,에스티팜,제약,2026-09-28,17.15,7.65,1943614997800,True,True,0.0,0.0,0.0,0.0,726,27.08,-36.7,28.78,-40.4,29.62,-42.1,1223,29.06,-41.0,30.51,-43.8,31.26,-45.1,2037,10.03,71.0,11.57,48.2,20.12,-14.8
A237750,피앤씨테크,전기장비,2026-09-28,1090.52,5.28,21828576000,False,False,,,,,602,8.87,12193.3,9.59,11266.5,11.33,9524.8,1099,10.97,9843.7,12.28,8778.4,12.85,8383.8,2386,7.4,14634.9,8.05,13448.7,9.37,11539.6
A237820,플레이디,광고,2026-09-28,6.6,5.9,29502422000,False,False,,,,,726,8.12,-18.8,8.94,-26.2,9.51,-30.7,1223,9.12,-27.7,10.52,-37.3,11.77,-43.9,1605,9.57,-31.1,11.27,-41.5,12.62,-47.7
A237880,클리오,화장품,2026-09-28,6.71,5.97,218844084830,True,False,0.0,0.0,13.65,40.0,726,7.47,-10.2,7.65,-12.4,7.88,-14.9,1223,7.72,-13.1,8.27,-18.9,9.22,-27.2,2423,9.06,-26.0,9.7,-30.8,10.5,-36.1
A238090,앤디포스,핸드셋,2026-09-28,18.29,5.14,57139084560,False,False,,,,,482,7.12,156.9,8.08,126.4,8.27,121.1,854,8.19,123.2,8.72,109.7,10.09,81.3,2074,7.84,133.4,8.72,109.7,11.23,62.9
A238120,얼라인드,생명과학도구및서비스,2026-09-28,16.72,5.93,42228273780,False,False,,,,,726,15.01,11.4,15.33,9.0,15.54,7.6,1223,14.36,16.4,15.16,10.3,15.62,7.0,1314,14.5,15.2,15.29,9.3,15.73,6.3
A238200,비피도,건강관리업체및서비스,2026-09-28,-21.49,13.39,21963300000,False,False,,,,,179,16.91,-227.1,17.16,-225.2,17.42,-223.3,489,18.31,-217.4,28.28,-176.0,31.51,-168.2,925,18.34,-217.2,24.02,-189.5,27.42,-178.4
A238490,힘스,디스플레이장비및부품,2026-09-28,-2.5,2.17,25395969820,False,False,,,,,362,5.42,-146.2,5.57,-144.9,10.03,-124.9,362,5.42,-146.2,5.57,-144.9,10.03,-124.9,1210,4.23,-159.2,4.7,-153.2,5.05,-149.5
A239340,이스트에이드,증권,2026-09-28,-2.72,13.95,14245244640,False,False,,,,,0,,,,,,,312,16.93,-116.1,18.3,-114.9,19.0,-114.3,787,19.9,-113.7,23.09,-111.8,25.49,-110.7
A239610,에이치엘사이언스,건강관리업체및서비스,2026-09-28,-2.83,6.24,28470367200,False,False,,,,,0,,,,,,,312,9.55,-129.6,10.27,-127.6,10.41,-127.2,1520,8.17,-134.7,8.75,-132.4,9.14,-131.0
A239890,피엔에이치테크,디스플레이장비및부품,2026-09-28,9.72,6.51,35321609025,True,False,0.0,0.0,-36.11,-18.87,726,8.22,18.2,8.75,11.2,9.05,7.4,1223,8.83,10.0,9.54,2.0,11.73,-17.1,1847,9.59,1.4,12.79,-24.0,14.44,-32.7
A240550,동방메디컬,건강관리장비와용품,2026-09-28,4.98,4.25,131465143200,True,False,0.0,,0.0,,396,5.16,-3.5,5.42,-8.1,5.62,-11.4,396,5.16,-3.5,5.42,-8.1,5.62,-11.4,396,5.16,-3.5,5.42,-8.1,5.62,-11.4
A240600,유진테크놀로지,전기제품,2026-09-28,-1.35,6.27,8473697610,False,False,,,,,241,6.88,-119.7,7.15,-118.9,7.81,-117.3,241,6.88,-119.7,7.15,-118.9,7.81,-117.3,241,6.88,-119.7,7.15,-118.9,7.81,-117.3
A240810,원익IPS,반도체와반도체장비,2026-09-28,24.94,4.78,6047136603200,True,False,0.0,0.0,-2.42,-0.58,726,14.12,76.6,14.68,69.9,15.66,59.2,1223,8.09,208.3,8.44,195.4,9.0,177.3,2552,7.75,222.0,8.32,199.9,8.67,187.7
A241520,DSC인베스트먼트,창업투자,2026-09-28,6.45,2.64,218652000000,False,False,,,,,726,4.86,32.7,5.22,23.7,5.38,20.0,1223,3.89,66.0,4.26,51.3,4.59,40.7,2395,4.18,54.3,4.59,40.7,5.08,27.0
A241560,두산밥캣,기계,2026-09-28,6.12,2.91,5569237376500,True,False,0.0,0.0,1.48,-1.48,726,3.72,64.6,3.87,58.3,4.14,47.8,1223,3.61,69.3,3.84,59.3,3.96,54.7,2416,3.94,55.5,4.22,45.1,4.57,33.8
A241590,화승엔터프라이즈,"섬유,의류,신발,호화품",2026-09-28,3.55,2.25,166923455380,False,False,,,,,726,3.31,7.3,3.67,-3.2,3.8,-6.5,1223,3.72,-4.6,3.9,-9.0,4.05,-12.4,2449,4.04,-12.0,4.5,-21.1,5.17,-31.3
A241690,유니테크노,자동차부품,2026-09-28,14.56,3.78,61666179120,False,False,,,,,726,7.94,83.3,8.32,74.9,8.58,69.8,1223,8.4,73.3,8.73,66.8,8.98,62.1,2458,7.24,101.0,8.38,73.8,8.92,63.2
A241710,코스메카코리아,화장품,2026-09-28,10.38,4.19,1343544000000,True,False,0.0,0.0,0.1,0.12,726,6.12,69.6,6.37,63.1,6.51,59.5,1223,5.13,102.3,5.46,90.1,5.73,81.1,2431,5.73,81.3,6.22,66.9,6.55,58.6
A241770,메카로,반도체와반도체장비,2026-09-28,19.08,2.25,415859712000,True,True,,,,,422,12.21,56.2,13.49,41.4,14.2,34.3,857,14.22,34.2,15.19,25.5,15.94,19.7,1669,5.4,253.2,6.13,211.2,7.63,149.9
A241790,티이엠씨씨엔에스,반도체와반도체장비,2026-09-28,-40.46,3.02,62516462500,False,False,,,,,666,7.03,-675.6,7.38,-648.6,7.68,-626.7,1163,5.15,-885.7,5.51,-833.9,5.81,-795.8,2347,4.88,-929.4,5.22,-875.6,5.48,-838.4
A241820,피씨엘,생명과학도구및서비스,2026-09-28,-0.79,3.83,16803871920,False,False,,,,,0,,,,,,,3,,,,,,,382,4.87,-116.2,5.37,-114.7,5.82,-113.6
A241840,에이스토리,방송과엔터테인먼트,2026-09-28,-2.38,7.06,21751186320,False,False,,,,,442,8.58,-127.8,9.35,-125.5,9.66,-124.7,939,9.14,-126.1,9.71,-124.6,10.59,-122.5,1412,9.54,-125.0,10.72,-122.2,12.08,-119.7
A242040,나무AX,IT서비스,2026-09-28,23.5,9.25,115065827800,False,False,,,,,359,23.5,0.0,27.24,-13.7,30.69,-23.4,669,27.1,-13.3,29.45,-20.2,31.26,-24.8,978,17.06,37.7,20.42,15.1,22.68,3.6
A243070,휴온스,제약,2026-09-28,10.43,5.12,229290788100,False,False,,,,,726,6.13,70.2,6.21,67.9,6.28,66.2,1223,6.17,69.1,6.23,67.4,6.3,65.5,2529,6.31,65.3,6.55,59.3,6.84,52.5
A243840,신흥에스이씨,전기제품,2026-09-28,7.58,3.42,214383786600,True,False,0.0,0.0,0.0,0.0,726,5.68,33.6,6.13,23.8,6.28,20.8,1223,6.18,22.8,6.37,19.1,6.57,15.5,2203,6.43,17.9,6.77,12.0,7.2,5.3
A244920,에이플러스에셋,손해보험,2026-09-28,7.47,2.66,291413162770,False,False,,,,,726,3.0,149.2,3.14,138.1,3.22,131.8,1223,3.16,136.3,3.31,125.6,3.56,110.1,1576,3.27,128.7,3.52,112.5,3.87,93.2
A245620,EDGC,생명과학도구및서비스,2026-09-28,-59.86,115.25,167118555474,False,False,,,,,0,,,,,,,0,,,,,,,82,129.0,-146.4,144.16,-141.5,151.41,-139.5
A246250,에스엘에스바이오,제약,2026-09-28,-5.97,6.92,30220617614,False,False,,,,,362,9.17,-165.1,13.4,-144.6,14.22,-142.0,424,9.47,-163.0,13.61,-143.9,30.38,-119.7,424,9.47,-163.0,13.61,-143.9,30.38,-119.7
A246690,TS인베스트먼트,창업투자,2026-09-28,4.69,2.82,51479746710,False,False,,,,,543,3.89,20.6,4.03,16.2,4.7,-0.2,1040,4.0,17.3,4.26,10.1,4.85,-3.3,2214,4.93,-4.9,5.37,-12.8,5.89,-20.3
A246720,아스타,건강관리장비와용품,2026-09-28,-33.77,6.17,99434491000,False,False,,,,,0,,,,,,,0,,,,,,,73,6.47,-622.2,6.6,-611.3,6.64,-608.6
A247540,에코프로비엠,전기제품,2026-09-28,81.83,7.68,10888527304200,True,False,0.0,0.0,0.0,0.0,726,62.04,31.9,66.71,22.7,72.21,13.3,1223,21.57,279.4,32.14,154.6,34.67,136.1,1859,15.11,441.6,16.51,395.6,20.68,295.6
A247660,나노씨엠에스,화학,2026-09-28,89.89,41.93,21420617400,False,False,,,,,60,44.82,100.5,46.67,92.6,48.43,85.6,122,48.52,85.2,52.08,72.6,54.25,65.7,185,52.15,72.4,54.7,64.3,59.52,51.0
A248070,솔루엠,전자장비와기기,2026-09-28,6.86,5.13,624001879800,True,False,0.0,0.0,-14.97,-28.42,726,6.33,8.4,6.55,4.7,6.67,2.8,1223,6.61,3.7,6.82,0.5,7.02,-2.3,1384,6.65,3.1,6.9,-0.6,7.1,-3.4
A248170,샘표식품,식품,2026-09-28,3.72,2.73,101415949200,False,False,,,,,726,3.92,-4.9,4.18,-10.9,5.23,-28.8,1223,5.05,-26.3,5.49,-32.1,7.07,-47.3,2264,4.45,-16.2,4.95,-24.8,5.15,-27.7
A249420,일동제약,제약,2026-09-28,12.01,5.19,444833823120,True,False,0.0,0.0,-3.63,-10.72,654,6.75,78.1,7.11,68.8,7.62,57.7,799,6.92,73.6,7.55,59.2,7.99,50.4,1811,8.08,48.6,10.59,13.4,11.51,4.4
A250000,보라티알,식품과기본식료품소매,2026-09-28,4.98,4.13,37264046160,False,False,,,,,726,4.99,-0.3,5.09,-2.1,5.16,-3.5,1223,5.12,-2.7,5.2,-4.3,5.29,-5.8,2281,5.26,-5.3,5.65,-11.8,5.76,-13.6
A250060,모비스,소프트웨어,2026-09-28,-32.79,16.45,99087647120,False,False,,,,,0,,,,,,,0,,,,,,,122,16.67,-296.7,16.8,-295.2,16.9,-294.0
A250930,예선테크,디스플레이장비및부품,2026-09-28,3.99,3.99,4936865824,False,False,,,,,121,8.44,-52.7,8.66,-53.9,8.9,-55.2,187,8.67,-53.9,9.07,-56.0,9.65,-58.6,679,6.43,-37.9,6.55,-39.0,6.72,-40.6
A251120,바이오에프디엔씨,생물공학,2026-09-28,9.02,7.82,82696107000,True,False,0.0,0.0,-4.89,-2.54,726,11.61,-22.4,15.56,-42.0,16.33,-44.8,1125,15.68,-42.5,16.99,-46.9,17.71,-49.1,1125,15.68,-42.5,16.99,-46.9,17.71,-49.1
A251270,넷마블,게임엔터테인먼트,2026-09-28,8.27,7.05,2952124087500,True,False,0.0,0.0,-2.23,-3.86,726,8.53,-3.0,9.27,-10.7,10.21,-19.0,1189,9.46,-12.6,10.68,-22.6,13.46,-38.6,2265,12.39,-33.2,14.57,-43.2,15.81,-47.7
A251370,와이엠티,화학,2026-09-28,12.4,3.29,142844779090,False,False,,,,,545,14.36,-13.7,15.99,-22.5,17.62,-29.6,980,11.3,9.7,11.98,3.4,12.97,-4.4,2063,7.13,73.8,7.56,64.0,7.95,55.9
A251630,브이원텍,기계,2026-09-28,-4.5,5.49,57474104030,False,False,,,,,304,12.29,-136.6,13.49,-133.3,14.7,-130.6,773,13.29,-133.8,14.44,-131.2,15.02,-129.9,1806,9.29,-148.4,10.19,-144.2,10.82,-141.6
A251970,펌텍코리아,포장재,2026-09-28,9.27,1.01,762600000000,True,False,0.0,0.0,-0.04,-0.09,726,7.16,29.5,7.41,25.0,7.62,21.7,1223,6.53,42.0,6.82,36.0,7.14,29.8,1775,6.3,47.1,6.53,42.0,6.77,37.0
A252500,세화피앤씨,화장품,2026-09-28,29.92,8.58,18751848280,False,False,,,,,667,12.48,139.8,13.11,128.3,13.37,123.7,1164,12.13,146.7,12.76,134.4,13.08,128.8,2141,12.22,144.7,13.02,129.8,13.47,122.1
A252990,샘씨엔에스,반도체와반도체장비,2026-09-28,26.21,12.07,1117041840950,True,False,0.0,0.0,-0.1,-0.99,605,18.74,39.9,19.7,33.0,20.39,28.6,1102,14.25,84.0,14.68,78.5,15.31,71.3,1191,14.34,82.9,14.78,77.4,15.54,68.7
A253450,스튜디오드래곤,방송과엔터테인먼트,2026-09-28,11.29,10.61,622210908600,True,False,0.0,0.0,-0.37,-0.3,726,13.56,-16.7,16.85,-33.0,17.36,-35.0,1223,17.04,-33.7,17.65,-36.1,18.04,-37.4,2143,17.86,-36.8,18.55,-39.2,19.49,-42.1
A253590,네오셈,반도체와반도체장비,2026-09-28,16.58,1.63,584775956120,True,False,0.0,0.0,1.6,-3.85,726,16.37,1.2,18.12,-8.5,19.68,-15.8,1223,6.59,151.6,7.22,129.7,8.82,88.0,1712,6.37,160.2,6.83,142.7,8.68,91.0
A253840,수젠텍,건강관리장비와용품,2026-09-28,-4.08,1.56,76935004000,False,False,,,,,0,,,,,,,374,2.24,-282.4,2.35,-273.7,2.49,-264.0,681,2.29,-278.3,2.49,-263.9,2.63,-255.1
A254120,자비스,전자장비와기기,2026-09-28,-5.56,15.79,27986385700,False,False,,,,,422,22.58,-124.6,23.63,-123.5,24.9,-122.3,483,22.96,-124.2,24.3,-122.9,26.53,-120.9,586,18.27,-130.4,19.89,-127.9,22.96,-124.2
A254490,미래반도체,반도체와반도체장비,2026-09-28,3.41,2.32,239670800000,False,False,,,,,726,6.94,-50.8,9.35,-63.5,10.12,-66.3,894,8.32,-59.0,9.68,-64.7,10.37,-67.1,894,8.32,-59.0,9.68,-64.7,10.37,-67.1
A255220,SG,건축자재,2026-09-28,-28.92,2.62,124902164280,False,False,,,,,269,4.89,-691.0,5.5,-625.7,5.8,-599.1,334,5.08,-669.4,5.76,-601.8,7.56,-482.7,1236,4.98,-681.3,5.43,-632.8,5.66,-611.1
A255440,야스,디스플레이장비및부품,2026-09-28,2.87,1.4,102113560000,False,False,,,,,177,2.56,12.1,2.59,10.9,2.66,8.0,384,2.69,6.8,2.85,0.5,3.0,-4.4,1362,3.29,-12.7,3.5,-18.2,3.96,-27.6
A256150,한독크린텍,가정용기기와용품,2026-09-28,9.92,5.13,41639200000,False,False,,,,,726,11.75,-15.5,11.91,-16.7,12.09,-17.9,1223,8.89,11.6,9.39,5.6,9.86,0.6,1731,7.76,27.9,8.21,20.8,8.62,15.1
A256630,포인트엔지니어링,디스플레이장비및부품,2026-09-28,-266.12,6.01,50457450900,False,False,,,,,183,69.79,-481.3,70.12,-479.5,70.36,-478.2,557,17.64,-1608.3,32.7,-913.9,35.92,-840.9,1049,10.63,-2603.7,11.55,-2404.5,12.45,-2237.3
A256840,한국비엔씨,건강관리장비와용품,2026-09-28,-41.8,10.14,234252484550,False,False,,,,,605,26.19,-259.6,27.57,-251.6,28.1,-248.7,605,26.19,-259.6,27.57,-251.6,28.1,-248.7,913,21.86,-291.2,26.6,-257.1,28.04,-249.1
A256940,킵스파마,비철금속,2026-09-28,-206.18,2.78,123480604050,False,False,,,,,523,9.45,-2282.6,9.88,-2186.7,10.52,-2059.8,575,8.7,-2469.8,9.44,-2283.1,9.84,-2194.4,1270,4.58,-4603.3,4.98,-4239.4,5.29,-3995.8
A257370,피엔티엠에스,전기제품,2026-09-28,-9.96,8.17,22496244939,False,False,,,,,241,28.25,-135.3,28.84,-134.5,29.48,-133.8,241,28.25,-135.3,28.84,-134.5,29.48,-133.8,631,10.37,-196.1,10.92,-191.2,11.64,-185.6
A257720,실리콘투,인터넷과카탈로그소매,2026-09-28,7.25,3.92,2537800952400,True,False,0.0,0.0,0.36,0.6,726,7.45,-2.7,7.64,-5.2,7.79,-7.0,1222,7.66,-5.3,7.99,-9.3,8.32,-12.9,1222,7.66,-5.3,7.99,-9.3,8.32,-12.9
A258610,케일럼,핸드셋,2026-09-28,-138.18,6.6,44037471041,False,False,,,,,303,10.45,-1422.6,10.64,-1399.2,10.95,-1361.4,303,10.45,-1422.6,10.64,-1399.2,10.95,-1361.4,953,8.34,-1755.9,9.44,-1564.0,10.13,-1463.7
A258790,소프트캠프,소프트웨어,2026-09-28,12.61,6.29,35287687360,False,False,,,,,364,8.06,56.4,8.95,40.9,9.97,26.5,861,10.65,18.3,12.09,4.2,18.43,-31.6,1291,10.61,18.9,11.47,9.9,12.84,-1.8
A258830,세종메디칼,건강관리장비와용품,2026-09-28,6.91,6.36,31223976612,False,False,,,,,548,6.91,0.0,8.96,-22.9,8.96,-22.9,548,6.91,0.0,8.96,-22.9,8.96,-22.9,1187,8.96,-22.9,10.43,-33.7,10.44,-33.8
A259630,엠플러스,전기제품,2026-09-28,4.46,3.73,112446043200,False,False,,,,,726,4.53,-1.5,4.62,-3.5,4.72,-5.5,1010,4.6,-3.1,4.73,-5.7,4.87,-8.4,1995,4.86,-8.1,5.6,-20.3,6.2,-28.0
A259960,크래프톤,게임엔터테인먼트,2026-09-28,6.08,5.96,9275069976000,True,False,0.0,0.0,-0.74,-1.63,726,7.51,-19.0,8.35,-27.3,8.62,-29.5,1223,8.43,-27.9,8.98,-32.3,10.06,-39.6,1254,8.45,-28.1,9.08,-33.1,10.15,-40.1
A260660,알리코제약,제약,2026-09-28,-4.46,5.76,35788594035,False,False,,,,,304,10.8,-141.3,11.01,-140.6,19.05,-123.4,801,8.06,-155.4,9.54,-146.8,10.1,-144.2,1692,8.91,-150.1,9.42,-147.4,9.86,-145.3
A260930,씨티케이,화장품,2026-09-28,-5.89,7.77,44388951345,False,False,,,,,413,9.41,-162.6,10.03,-158.7,10.25,-157.4,413,9.41,-162.6,10.03,-158.7,10.25,-157.4,1221,9.89,-159.6,10.48,-156.2,11.76,-150.1
A260970,에스앤디,식품,2026-09-28,5.98,3.71,167779732000,False,False,,,,,726,4.64,28.9,4.9,21.9,5.05,18.3,1223,4.94,21.0,5.14,16.4,5.27,13.4,1282,4.96,20.5,5.14,16.2,5.3,12.7
A261200,덴티스,건강관리장비와용품,2026-09-28,-7.56,1.09,41026171500,False,False,,,,,244,50.02,-115.1,55.75,-113.6,58.0,-113.0,710,5.06,-249.6,5.42,-239.6,6.32,-219.7,990,2.58,-393.0,4.84,-256.3,5.12,-247.8
A262260,에이프로,전자장비와기기,2026-09-28,-6.44,6.38,70865002000,False,False,,,,,487,7.46,-186.3,7.74,-183.2,11.99,-153.7,802,8.07,-179.8,10.02,-164.3,11.14,-157.8,976,9.06,-171.1,10.77,-159.8,11.82,-154.5
A262840,아이퀘스트,IT서비스,2026-09-28,7.64,5.33,28372266120,False,False,,,,,726,6.78,12.6,7.85,-2.7,8.12,-6.0,1223,7.95,-3.9,8.32,-8.2,8.58,-11.0,1381,8.1,-5.6,8.44,-9.4,8.71,-12.3
A263020,디케이앤디,"섬유,의류,신발,호화품",2026-09-28,3.0,2.72,43237956250,False,False,,,,,726,3.08,-2.8,3.41,-12.1,3.46,-13.5,1223,3.43,-12.6,3.61,-17.0,3.99,-24.9,1927,3.65,-18.0,4.14,-27.7,4.39,-31.8
A263600,덕우전자,핸드셋,2026-09-28,11.47,2.81,54003750900,False,False,,,,,443,8.99,27.6,10.58,8.4,11.36,1.1,877,8.33,37.8,8.85,29.6,10.17,12.8,1754,5.27,117.6,5.71,100.9,5.9,94.4
A263690,디알젬,건강관리장비와용품,2026-09-28,5.39,4.97,57194330500,False,False,,,,,726,5.79,-6.9,6.37,-15.4,6.6,-18.2,1223,6.0,-10.2,6.29,-14.2,6.55,-17.7,1925,6.28,-14.1,6.58,-18.0,6.79,-20.6
A263700,케어랩스,건강관리업체및서비스,2026-09-28,-6.93,10.11,43973163000,False,False,,,,,0,,,,,,,187,14.06,-149.3,14.67,-147.3,17.76,-139.0,1049,11.81,-158.7,12.99,-153.4,14.16,-149.0
A263720,디앤씨미디어,출판,2026-09-28,9.19,4.49,84861737730,True,False,0.0,0.0,0.0,0.0,726,9.7,-5.2,10.25,-10.3,12.93,-28.9,1223,11.46,-19.8,13.39,-31.4,14.37,-36.0,2243,13.16,-30.2,14.7,-37.5,15.56,-40.9
A263750,펄어비스,게임엔터테인먼트,2026-09-28,9.3,5.97,2089560007500,True,False,0.0,0.0,-3.3,7.85,647,8.07,15.3,12.55,-25.9,13.21,-29.6,1144,12.89,-27.8,13.56,-31.4,14.12,-34.1,2133,9.19,1.2,9.94,-6.4,10.39,-10.5
A263770,유에스티,철강,2026-09-28,9.6,1.11,39105283800,False,False,,,,,726,4.78,100.9,4.97,93.3,5.3,81.0,1223,4.88,96.5,5.14,86.9,5.4,77.7,2143,5.0,91.9,5.47,75.6,5.78,66.0
A263800,데이타솔루션,IT서비스,2026-09-28,17.98,13.84,74636748000,False,False,,,,,420,21.1,-14.8,22.32,-19.4,23.49,-23.4,917,19.12,-5.9,22.56,-20.3,26.08,-31.0,1587,20.37,-11.7,23.41,-23.2,28.43,-36.7
A263810,상신전자,전자장비와기기,2026-09-28,163.97,7.93,40449055500,False,False,,,,,726,16.31,905.2,16.93,868.6,17.74,824.6,1223,17.18,854.7,18.31,795.4,19.26,751.3,2196,13.44,1120.2,14.44,1035.5,15.47,959.9
A263860,지니언스,소프트웨어,2026-09-28,13.94,5.39,175236280000,True,False,0.0,0.0,-0.86,0.0,726,9.09,53.4,9.39,48.5,9.63,44.8,1223,9.23,51.0,9.52,46.4,9.77,42.8,2242,9.62,44.9,10.3,35.3,10.83,28.8
A263920,휴엠앤씨,포장재,2026-09-28,9.42,7.06,30702251380,False,False,,,,,726,9.86,-4.6,10.0,-5.8,10.14,-7.2,973,9.96,-5.4,10.14,-7.2,10.43,-9.7,1461,9.93,-5.2,10.17,-7.4,10.6,-11.2
A264450,유비쿼스,통신장비,2026-09-28,6.12,4.57,167186620200,False,False,,,,,726,5.44,12.5,5.56,10.1,5.76,6.2,1223,5.27,16.1,5.47,11.7,5.61,9.0,2143,5.52,10.8,5.81,5.3,6.1,0.2
A264660,씨앤지하이테크,반도체와반도체장비,2026-09-28,5.47,1.97,132985632960,False,False,,,,,726,4.74,15.5,5.22,4.9,6.61,-17.2,1223,4.37,25.2,4.73,15.7,4.84,12.9,2126,4.03,35.8,4.2,30.4,4.35,25.7
A264850,이랜시스,전자장비와기기,2026-09-28,38.89,9.47,169649827200,False,False,,,,,726,24.31,59.9,25.16,54.6,26.23,48.2,1223,12.57,209.4,13.09,197.0,13.75,182.8,1653,12.14,220.3,12.43,212.9,12.78,204.3
A264900,크라운제과,식품,2026-09-28,8.01,2.38,96057929500,False,False,,,,,726,3.63,120.8,3.67,118.3,3.71,115.7,1223,3.68,117.4,3.78,112.0,3.94,103.4,2143,3.75,113.6,3.93,103.9,4.07,96.6
A265520,AP시스템,디스플레이장비및부품,2026-09-28,5.69,2.86,287621189310,False,False,,,,,726,3.34,70.3,3.51,62.1,3.61,57.4,1223,3.36,69.1,3.53,61.2,3.62,57.0,2320,3.61,57.7,3.75,51.8,3.92,45.1
A265560,영화테크,자동차부품,2026-09-28,4.0,3.76,66813625000,False,False,,,,,726,4.38,-8.7,4.56,-12.3,4.7,-15.0,1223,4.6,-13.1,4.81,-17.0,4.97,-19.7,1940,4.86,-17.7,5.07,-21.1,5.34,-25.2
A265740,엔에프씨,화장품,2026-09-28,6.01,4.14,133977000000,True,False,1.12,9.91,1.12,9.91,485,5.34,12.5,5.88,2.2,6.32,-4.9,982,6.32,-4.9,7.01,-14.3,11.75,-48.8,1184,6.63,-9.3,10.73,-44.0,12.16,-50.5
A267250,HD현대,조선,2026-09-28,1.31,1.14,16509554765000,True,False,0.0,0.0,7.24,6.01,726,1.36,-3.5,1.42,-7.9,1.45,-9.7,1223,1.36,-3.6,1.42,-8.0,1.45,-9.8,2297,1.45,-9.5,1.49,-12.1,1.55,-15.7
A267260,HD현대일렉트릭,전기장비,2026-09-28,17.29,2.6,24980664555000,True,False,0.0,0.0,0.02,-0.01,726,8.97,92.8,10.98,57.4,12.3,40.5,1223,6.72,157.3,7.08,144.1,7.38,134.1,2261,6.27,175.7,6.55,163.9,6.77,155.2
A267270,HD건설기계,기계,2026-09-28,6.88,1.33,6127162794000,True,False,0.0,0.0,3.43,1.64,726,3.71,85.7,3.99,72.7,4.14,66.3,1223,3.53,95.1,3.66,88.0,3.89,77.0,2301,3.15,118.3,3.41,101.8,3.62,90.3
A267290,경동도시가스,가스유틸리티,2026-09-28,3.29,2.58,127930310200,False,False,,,,,726,3.41,-3.6,3.67,-10.5,3.79,-13.4,1223,3.58,-8.1,3.71,-11.4,3.82,-14.0,2082,3.54,-7.3,3.67,-10.5,3.78,-13.1
A267320,나인테크,전기제품,2026-09-28,-17.23,0.54,126887801950,False,False,,,,,486,5.94,-390.2,6.08,-383.3,6.21,-377.2,733,6.08,-383.2,6.37,-370.5,6.76,-354.9,1471,3.91,-540.8,4.62,-472.7,5.09,-438.6
A267790,배럴,"섬유,의류,신발,호화품",2026-09-28,3.97,3.61,23606178630,False,False,,,,,726,3.9,1.7,3.96,0.2,4.0,-0.9,788,3.91,1.4,3.97,-0.1,4.01,-1.1,1461,4.0,-0.9,4.07,-2.6,4.15,-4.5
A267850,아시아나IDT,IT서비스,2026-09-28,10.28,5.07,101898000000,False,False,,,,,726,9.27,10.9,9.51,8.1,9.78,5.1,1223,9.6,7.1,10.03,2.5,10.36,-0.8,1924,9.5,8.3,10.09,1.9,10.54,-2.5
A267980,매일유업,식품,2026-09-28,3.29,3.15,255965509200,True,False,,,,,726,3.46,-4.9,3.6,-8.8,3.66,-10.3,1223,3.62,-9.2,3.75,-12.3,3.83,-14.1,2283,3.81,-13.8,3.9,-15.6,3.99,-17.6
A268280,미원에스씨,화학,2026-09-28,7.8,5.98,660500000000,False,False,,,,,726,7.88,-1.0,9.09,-14.2,9.86,-20.9,1223,8.74,-10.7,9.03,-13.6,9.45,-17.4,2082,8.41,-7.2,8.62,-9.5,8.75,-10.9
A270520,앱튼,에너지장비및서비스,2026-09-28,-7.29,2.85,56638083310,False,False,,,,,0,,,,,,,66,84.57,-108.6,85.62,-108.5,86.5,-108.4,496,9.08,-180.3,13.08,-155.7,16.09,-145.3
A270660,에브리봇,가정용기기와용품,2026-09-28,-40.57,3.6,170688341350,False,False,,,,,304,48.69,-183.3,52.0,-178.0,56.42,-171.9,801,13.2,-407.3,15.6,-360.0,17.29,-334.7,983,8.96,-552.6,12.08,-435.9,13.57,-398.9
A270870,뉴트리,건강관리업체및서비스,2026-09-28,-9.81,2.67,32201548680,False,False,,,,,362,3.56,-375.9,3.68,-366.9,3.79,-359.1,798,3.9,-351.5,5.01,-295.9,5.52,-277.6,1485,5.2,-288.9,5.97,-264.4,6.31,-255.5
A271560,오리온,식품,2026-09-28,6.49,5.72,4407459862000,True,False,0.0,0.0,-0.88,-1.03,726,6.34,2.4,6.44,0.8,6.55,-1.0,1223,6.47,0.3,6.65,-2.5,6.78,-4.4,2260,6.74,-3.7,7.03,-7.7,7.36,-11.9
A271830,팸텍,핸드셋,2026-09-28,-6.78,3.48,30964712100,False,False,,,,,304,5.07,-233.8,5.48,-223.9,5.78,-217.3,393,4.22,-260.9,4.6,-247.6,5.04,-234.7,393,4.22,-260.9,4.6,-247.6,5.04,-234.7
A271940,일진하이솔루스,자동차부품,2026-09-28,-49.61,48.86,401623881400,False,False,,,,,205,84.24,-158.9,94.89,-152.3,208.47,-123.8,702,64.04,-177.5,68.46,-172.5,71.6,-169.3,718,64.17,-177.3,68.54,-172.4,71.64,-169.3
A271980,제일약품,제약,2026-09-28,39.28,8.83,146460525120,False,False,,,,,425,9.73,303.9,10.08,289.7,10.25,283.1,551,9.92,295.9,10.25,283.4,10.51,273.8,1410,11.96,228.4,23.98,63.8,28.44,38.1
A272110,케이엔제이,반도체와반도체장비,2026-09-28,7.32,3.94,234341534000,False,False,0.0,,0.0,,726,5.7,28.5,5.94,23.3,6.08,20.4,1223,5.77,27.0,6.04,21.3,6.2,18.1,1653,5.98,22.4,6.2,18.1,6.46,13.3
A272210,한화시스템,우주항공과국방,2026-09-28,35.5,5.11,13677763763600,True,False,0.0,0.0,0.64,-0.49,726,17.17,106.8,18.62,90.7,20.14,76.3,1223,19.27,84.3,20.76,71.0,22.32,59.1,1686,10.76,230.1,13.27,167.5,16.53,114.8
A272290,이녹스첨단소재,디스플레이장비및부품,2026-09-28,6.41,3.97,421678315350,True,False,0.0,0.0,0.0,0.0,726,4.8,33.5,5.14,24.6,5.45,17.5,1223,4.93,29.9,5.16,24.1,5.37,19.3,2259,5.24,22.1,5.64,13.6,5.94,7.8
A272450,진에어,항공사,2026-09-28,3.45,2.84,312678000000,True,False,0.0,0.0,-5.0,30.25,688,3.08,12.1,3.17,8.8,3.22,7.1,998,3.17,8.9,3.23,6.8,3.37,2.3,1603,3.26,6.0,3.47,-0.5,3.63,-4.9
A272550,삼양패키징,포장재,2026-09-28,4.97,3.32,147821062860,False,False,,,,,726,4.94,0.6,5.01,-0.8,5.16,-3.6,1223,4.59,8.4,4.8,3.7,4.92,1.1,2164,4.69,6.1,4.85,2.6,4.96,0.2
A273060,와이즈버즈,광고,2026-09-28,3.49,3.39,37693662760,False,False,,,,,666,5.02,-30.3,5.62,-37.8,6.23,-43.9,1163,5.85,-40.2,7.63,-54.2,8.95,-61.0,1406,6.94,-49.6,8.39,-58.3,10.04,-65.2
A273640,와이엠텍,전기제품,2026-09-28,32.9,8.02,57352180000,False,False,,,,,726,19.77,66.5,20.46,60.8,20.92,57.3,1223,13.44,144.8,14.81,122.2,16.17,103.5,1232,13.46,144.4,14.81,122.2,16.2,103.1
A274090,켄코아에어로스페이스,우주항공과국방,2026-09-28,-28.77,8.5,176447591670,False,False,,,,,192,10.34,-378.1,10.58,-372.0,10.84,-365.5,608,11.81,-343.5,12.28,-334.3,12.68,-326.8,782,12.17,-336.3,12.61,-328.2,13.31,-316.2
A274400,이노시뮬레이션,소프트웨어,2026-09-28,-9.86,12.68,18945337905,False,False,,,,,83,14.52,-167.9,15.25,-164.7,15.75,-162.6,83,14.52,-167.9,15.25,-164.7,15.75,-162.6,83,14.52,-167.9,15.25,-164.7,15.75,-162.6
A275630,에스에스알,소프트웨어,2026-09-28,-46.63,8.71,20227160800,False,False,,,,,363,15.38,-403.2,15.75,-396.1,16.34,-385.4,860,13.56,-444.0,14.15,-429.6,14.32,-425.6,1513,14.03,-432.4,14.43,-423.2,14.98,-411.4
A276040,스코넥,소프트웨어,2026-09-28,-0.7,26.83,7073119545,False,False,,,,,5,,,,,,,183,30.52,-102.3,31.54,-102.2,32.45,-102.2,183,30.52,-102.3,31.54,-102.2,32.45,-102.2
A277070,린드먼아시아,창업투자,2026-09-28,44.74,4.31,45252060000,False,False,,,,,726,12.82,248.8,13.27,237.1,13.68,227.0,1223,9.94,350.1,10.73,317.0,11.32,295.0,2095,9.9,351.9,10.32,333.7,10.74,316.7
A277410,인산가,식품,2026-09-28,10.75,4.43,21433617000,False,False,,,,,726,11.76,-8.6,12.64,-15.0,13.16,-18.4,1223,8.31,29.3,8.81,22.0,9.57,12.3,1961,8.09,32.8,8.62,24.7,9.05,18.7
A277810,레인보우로보틱스,기계,2026-09-28,168.02,73.19,8177040147000,True,False,0.0,0.0,0.0,0.0,534,193.72,-13.3,223.98,-25.0,237.22,-29.2,844,106.72,57.4,141.65,18.6,167.86,0.1,844,106.72,57.4,141.65,18.6,167.86,0.1
A277880,티에스아이,전자장비와기기,2026-09-28,4.7,3.49,69848106240,False,False,,,,,726,4.79,-1.9,5.56,-15.4,6.2,-24.2,1098,5.57,-15.7,6.35,-25.9,6.79,-30.7,1221,5.81,-19.2,6.52,-27.9,6.97,-32.5
A278280,천보,전기제품,2026-09-28,20.91,9.33,435595038750,True,False,0.0,0.0,0.0,0.0,610,22.01,-5.0,23.25,-10.1,24.88,-16.0,1107,22.63,-7.6,23.43,-10.8,24.34,-14.1,1758,16.56,26.3,18.37,13.8,20.4,2.5
A278470,에이피알,화장품,2026-09-28,14.15,9.82,13795960117500,True,False,0.14,-0.06,0.56,0.76,628,12.19,16.1,12.66,11.8,13.0,8.9,628,12.19,16.1,12.66,11.8,13.0,8.9,628,12.19,16.1,12.66,11.8,13.0,8.9
A278650,HLB바이오스텝,생명과학도구및서비스,2026-09-28,-9.04,4.26,56655287000,False,False,,,,,60,197.7,-104.6,198.42,-104.6,199.57,-104.5,557,19.74,-145.8,20.81,-143.5,22.32,-140.5,1010,16.35,-155.3,17.1,-152.9,17.99,-150.3
A279570,케이뱅크,은행,2026-09-28,13.06,12.48,2235380282010,True,False,0.0,0.0,0.0,0.0,140,13.19,-1.0,13.28,-1.7,13.48,-3.1,140,13.19,-1.0,13.28,-1.7,13.48,-3.1,140,13.19,-1.0,13.28,-1.7,13.48,-3.1
A279600,미디어젠,IT서비스,2026-09-28,-4.09,36.17,17942711230,False,False,,,,,0,,,,,,,0,,,,,,,61,38.84,-110.5,39.65,-110.3,40.19,-110.2
A280360,롯데웰푸드,식품,2026-09-28,5.0,4.17,1162537696200,True,False,0.0,0.0,0.07,0.31,726,4.74,5.5,4.88,2.4,4.96,0.7,1223,4.83,3.5,4.97,0.5,5.07,-1.3,2186,4.93,1.4,5.08,-1.5,5.18,-3.5
A281740,레이크머티리얼즈,화학,2026-09-28,44.0,1.65,725665249920,False,False,,,,,726,20.56,114.0,21.68,102.9,22.91,92.1,1223,8.71,405.1,9.41,367.4,10.06,337.4,1653,8.59,412.4,9.52,362.1,10.48,319.8
A281820,케이씨텍,반도체와반도체장비,2026-09-28,9.18,2.6,1678926452800,True,False,0.0,0.0,0.0,0.0,726,10.35,-11.2,10.82,-15.1,11.22,-18.2,1223,5.61,63.7,5.9,55.8,6.21,47.8,2071,4.44,106.9,5.14,78.8,5.6,63.9
A282330,BGF리테일,백화점과일반상점,2026-09-28,7.0,6.21,2303944669800,True,False,0.0,0.0,-0.3,-0.27,726,6.55,6.8,6.67,5.0,6.77,3.4,1223,6.7,4.5,6.87,1.8,7.07,-1.0,2157,6.97,0.5,7.26,-3.6,7.53,-7.1
A282720,금양그린파워,에너지장비및서비스,2026-09-28,37.19,7.54,91744615000,False,False,,,,,416,12.81,190.4,14.07,164.2,15.24,144.0,554,10.92,240.4,11.7,217.9,12.72,192.5,554,10.92,240.4,11.7,217.9,12.72,192.5
A282880,코윈로보틱스,기계,2026-09-28,8.38,3.24,125711381500,True,False,0.0,0.0,1050.0,0.0,726,4.83,73.6,5.04,66.4,5.31,57.8,1223,5.12,63.7,5.45,53.9,5.84,43.6,1753,5.37,56.0,5.86,43.1,6.37,31.5
A284740,쿠쿠홈시스,가정용기기와용품,2026-09-28,3.09,2.46,545227119000,False,False,,,,,726,2.67,15.7,2.73,13.3,2.79,11.1,1223,2.74,12.8,2.91,6.3,3.07,0.7,2136,3.0,3.1,3.17,-2.5,3.3,-6.1
A285130,SK케미칼,화학,2026-09-28,7.17,2.12,901265708600,True,False,0.0,0.0,0.0,0.0,669,8.02,-10.6,8.43,-15.0,8.81,-18.6,1166,3.89,84.4,4.19,71.2,5.24,36.9,2083,4.34,65.3,5.32,34.8,6.11,17.3
A285490,노바텍,핸드셋,2026-09-28,144.13,3.98,128919379890,False,False,,,,,726,7.52,1817.9,8.41,1613.2,8.76,1544.6,1223,6.76,2030.7,7.27,1883.4,7.58,1802.6,1899,6.92,1983.8,7.35,1862.3,7.67,1779.8
A286750,나노실리칸첨단소재,화학,2026-09-28,-6.41,7.28,43959604860,False,False,,,,,83,8.09,-179.2,8.26,-177.7,8.47,-175.7,86,8.11,-179.1,8.31,-177.2,8.5,-175.4,421,9.24,-169.4,10.05,-163.8,46.89,-113.7
A286940,롯데이노베이트,IT서비스,2026-09-28,5.06,4.65,262494517450,True,False,0.0,0.0,0.31,-1.24,726,5.5,-7.9,5.61,-9.7,5.71,-11.3,1223,5.65,-10.3,5.85,-13.4,6.05,-16.2,2003,5.9,-14.1,6.2,-18.3,6.48,-21.9
A288180,케이피항공산업,우주항공과국방,2026-09-28,214.14,20.61,55966993340,False,False,,,,,89,27.9,667.6,31.58,578.1,33.83,533.0,89,27.9,667.6,31.58,578.1,33.83,533.0,89,27.9,667.6,31.58,578.1,33.83,533.0
A288330,파라택시스코리아,제약,2026-09-28,-4.48,5.85,44129674368,False,False,,,,,0,,,,,,,0,,,,,,,193,8.03,-155.8,8.25,-154.3,8.46,-152.9
A288620,에스프리즘,전기제품,2026-09-28,-1.82,7.61,28440712700,False,False,,,,,397,27.43,-106.6,30.28,-106.0,37.89,-104.8,894,28.96,-106.3,31.66,-105.7,32.67,-105.6,1624,18.01,-110.1,23.61,-107.7,25.8,-107.0
A288980,모아데이타,소프트웨어,2026-09-28,-1.04,7.22,7931140622,False,False,,,,,0,,,,,,,265,11.99,-108.7,13.1,-108.0,14.67,-107.1,265,11.99,-108.7,13.1,-108.0,14.67,-107.1
A289010,아이스크림에듀,교육서비스,2026-09-28,2.13,1.66,14419394704,False,False,,,,,180,1.84,16.0,1.86,14.8,1.92,11.2,367,1.93,10.6,2.29,-6.8,3.06,-30.2,607,2.36,-9.4,3.74,-43.0,7.02,-69.6
A289080,SV인베스트먼트,창업투자,2026-09-28,-77.53,6.79,165079449585,False,False,,,,,362,17.37,-546.4,18.34,-522.8,25.57,-403.2,859,9.81,-890.2,10.85,-814.4,12.14,-738.7,1285,8.64,-997.5,9.64,-904.6,10.85,-814.4
A289220,자이언트스텝,양방향미디어와서비스,2026-09-28,-1.35,53.41,19857876690,False,False,,,,,0,,,,,,,246,73.54,-101.8,81.2,-101.7,89.85,-101.5,306,73.92,-101.8,78.9,-101.7,83.53,-101.6
A289930,웨이비스,우주항공과국방,2026-09-28,73.8,52.92,106901451300,False,False,,,,,119,60.55,21.9,62.24,18.6,63.21,16.7,119,60.55,21.9,62.24,18.6,63.21,16.7,119,60.55,21.9,62.24,18.6,63.21,16.7
A290090,트윔,소프트웨어,2026-09-28,-6.27,13.09,33482556000,False,False,,,,,362,15.77,-139.8,17.29,-136.3,18.7,-133.6,515,17.09,-136.7,18.95,-133.1,20.66,-130.4,515,17.09,-136.7,18.95,-133.1,20.66,-130.4
A290120,DH오토리드,자동차부품,2026-09-28,1.71,1.59,34894515285,False,False,,,,,726,1.78,-4.3,1.82,-6.4,1.86,-8.3,1223,1.83,-7.0,1.94,-11.9,2.08,-17.8,1899,1.95,-12.4,2.13,-19.9,2.32,-26.5
A290270,휴네시온,소프트웨어,2026-09-28,7.38,5.15,26421098000,False,False,,,,,726,7.06,4.6,7.25,1.9,7.42,-0.5,1223,7.31,0.9,7.55,-2.3,7.78,-5.1,1999,7.62,-3.1,7.97,-7.4,8.74,-15.6
A290520,신도기연,디스플레이장비및부품,2026-09-28,-4.56,8.31,24107803248,False,False,,,,,120,14.89,-130.6,15.22,-130.0,15.45,-129.5,120,14.89,-130.6,15.22,-130.0,15.45,-129.5,242,8.8,-151.9,9.11,-150.1,9.32,-149.0
A290550,디케이티,핸드셋,2026-09-28,8.89,2.48,443027244500,True,False,0.0,0.0,3.12,1.47,726,4.32,105.5,4.47,98.8,4.75,87.1,1223,4.55,95.4,4.94,79.8,5.36,65.9,1904,4.45,99.9,4.75,87.1,4.99,78.0
A290560,파라택시스이더리움,소프트웨어,2026-09-28,6.97,4.41,28199402530,False,False,,,,,705,7.38,-5.5,8.1,-13.9,8.62,-19.1,705,7.38,-5.5,8.1,-13.9,8.62,-19.1,705,7.38,-5.5,8.1,-13.9,8.62,-19.1
A290650,엘앤씨바이오,건강관리장비와용품,2026-09-28,21.79,12.22,1235212443200,True,False,-1.17,-0.25,0.63,5.94,684,25.44,-14.3,27.79,-21.6,35.31,-38.3,1181,24.81,-12.2,27.04,-19.4,34.86,-37.5,1898,15.43,41.2,18.98,14.8,22.43,-2.9
A290670,대보마그네틱,전자장비와기기,2026-09-28,-4.08,9.93,42195634200,False,False,,,,,181,19.09,-121.4,19.55,-120.9,19.88,-120.5,678,14.12,-128.9,14.97,-127.2,15.81,-125.8,1269,14.32,-128.5,15.31,-126.6,15.97,-125.5
A290690,아리바이오홀딩스,디스플레이장비및부품,2026-09-28,-26.76,12.24,211760491950,False,False,,,,,61,64.02,-141.8,71.98,-137.2,89.21,-130.0,311,16.5,-262.2,17.14,-256.1,17.68,-251.4,531,16.06,-266.6,16.76,-259.7,17.3,-254.7
A290720,푸드나무,식품,2026-09-28,-7.79,9.57,111777369890,False,False,,,,,0,,,,,,,287,12.79,-160.9,13.57,-157.4,14.4,-154.1,1023,11.6,-167.1,11.89,-165.5,12.22,-163.7
A290740,액트로,핸드셋,2026-09-28,30.95,2.29,119069080130,False,False,,,,,726,12.09,155.9,12.48,148.0,13.0,138.0,726,12.09,155.9,12.48,148.0,13.0,138.0,1363,4.94,526.6,7.48,313.8,8.03,285.3
A291230,컴투스엔,광고,2026-09-28,-12.77,22.54,62069032135,False,False,,,,,81,24.3,-152.6,25.18,-150.7,26.01,-149.1,334,28.5,-144.8,30.03,-142.5,31.44,-140.6,334,28.5,-144.8,30.03,-142.5,31.44,-140.6
A293480,하나제약,제약,2026-09-28,5.12,4.87,146271345580,False,False,,,,,726,5.6,-8.6,5.79,-11.5,6.18,-17.1,1223,5.91,-13.4,6.32,-18.9,6.44,-20.4,1960,6.34,-19.2,6.56,-22.0,6.82,-24.9
A293490,카카오게임즈,게임엔터테인먼트,2026-09-28,17.69,7.94,1025821996650,True,False,0.0,0.0,-1.32,-4.04,598,13.88,27.5,14.35,23.3,14.64,20.8,1095,11.24,57.3,11.6,52.5,12.0,47.4,1352,11.39,55.4,11.91,48.5,12.57,40.7
A293580,나우IB,창업투자,2026-09-28,18.91,3.41,123408935000,False,False,,,,,600,4.26,344.2,5.28,257.8,6.42,194.4,1097,5.07,273.2,5.32,255.1,5.49,244.1,1833,5.37,252.1,5.72,230.3,6.83,176.8
A293780,압타바이오,건강관리업체및서비스,2026-09-28,-9.94,11.71,186259275150,False,False,,,,,0,,,,,,,0,,,,,,,157,15.19,-165.4,17.51,-156.7,21.52,-146.2
A294090,이오플로우,건강관리장비와용품,2026-09-28,0.78,0.78,62295566450,False,False,,,,,121,0.78,0.0,0.78,0.0,0.78,0.0,191,0.78,0.0,0.78,0.0,0.78,0.0,191,0.78,0.0,0.78,0.0,0.78,0.0
A294140,레몬,화학,2026-09-28,-9.44,17.41,68266601320,False,False,,,,,0,,,,,,,0,,,,,,,315,18.88,-150.0,19.28,-148.9,19.55,-148.3
A294570,쿠콘,IT서비스,2026-09-28,13.04,5.62,270458417600,True,False,0.0,0.0,0.0,0.0,726,7.41,76.1,7.79,67.4,7.99,63.2,1223,7.87,65.8,8.2,59.0,8.67,50.5,1326,7.91,64.8,8.31,57.0,8.76,48.9
A294630,서남,전기장비,2026-09-28,-18.06,18.69,80690000055,False,False,,,,,0,,,,,,,0,,,,,,,68,24.17,-174.7,30.5,-159.2,32.15,-156.2
A294870,IPARK현대산업개발,건설,2026-09-28,2.44,1.22,1568594454000,True,False,0.21,0.16,0.21,0.16,726,2.41,0.9,2.78,-12.2,2.9,-16.1,1223,2.55,-4.4,2.75,-11.5,2.89,-15.7,2035,2.59,-6.1,2.78,-12.2,2.9,-16.1
A295310,에이치브이엠,비철금속,2026-09-28,28.01,15.65,718272623600,True,False,1.58,1.52,-5.18,-2.74,546,21.84,28.3,23.15,21.0,25.21,11.1,546,21.84,28.3,23.15,21.0,25.21,11.1,546,21.84,28.3,23.15,21.0,25.21,11.1
A296640,이노에이엑스,소프트웨어,2026-09-28,28.72,9.7,32364075000,False,False,,,,,483,10.7,168.4,12.49,129.9,13.11,119.0,617,12.31,133.2,12.98,121.3,13.55,111.9,617,12.31,133.2,12.98,121.3,13.55,111.9
A297090,씨에스베어링,기계,2026-09-28,8.16,2.61,128578050000,True,False,0.0,0.0,0.0,0.0,726,7.96,2.4,8.92,-8.6,10.19,-20.0,1043,8.69,-6.2,10.31,-20.9,11.44,-28.7,1500,6.87,18.7,8.24,-1.0,10.26,-20.5
A297570,아틀라스링크,전자제품,2026-09-28,3.07,2.35,29324169105,False,False,,,,,726,4.72,-34.8,4.95,-37.9,5.2,-40.9,1223,5.01,-38.7,5.35,-42.5,5.79,-46.9,1778,4.97,-38.2,5.47,-43.8,6.05,-49.2
A297890,HB솔루션,디스플레이장비및부품,2026-09-28,-29.37,4.56,115416362292,False,False,,,,,666,9.57,-406.9,10.12,-390.1,10.64,-375.9,1141,7.85,-474.0,8.7,-437.4,9.24,-418.0,1349,7.98,-468.1,9.04,-425.0,9.76,-400.9
A298000,효성화학,화학,2026-09-28,2.78,1.0,199449258600,False,False,,,,,262,1.1,152.4,1.15,142.1,1.47,89.6,732,1.52,83.2,1.62,71.7,1.71,62.6,1510,1.7,63.9,1.85,50.5,2.05,36.0
A298020,효성티앤씨,무역회사와판매업체,2026-09-28,2.31,0.96,1361055989000,True,False,0.0,0.0,-1.24,-1.11,726,2.62,-11.6,2.83,-18.4,2.91,-20.6,1223,2.06,12.3,2.18,5.9,2.36,-2.1,2013,1.93,19.8,2.06,12.1,2.17,6.7
A298040,효성중공업,전기장비,2026-09-28,18.22,0.64,25922243440000,True,False,0.0,0.1,0.34,0.83,726,4.19,334.8,4.89,272.9,6.61,175.7,1223,3.2,468.9,3.33,447.9,3.46,427.4,1975,1.84,887.8,2.28,698.5,2.65,588.8
A298050,HS효성첨단소재,화학,2026-09-28,2.83,1.09,746807331600,True,False,0.0,0.0,0.24,-0.38,726,3.07,-7.9,3.19,-11.3,3.34,-15.3,1223,3.24,-12.6,3.46,-18.3,3.59,-21.3,2013,2.64,7.0,2.82,0.3,2.97,-4.9
A298380,에이비엘바이오,생물공학,2026-09-28,-104.22,26.77,2810570642600,True,False,,,,,212,72.22,-244.3,75.13,-238.7,83.69,-224.5,261,68.25,-252.7,72.21,-244.3,75.71,-237.7,261,68.25,-252.7,72.21,-244.3,75.71,-237.7
A298540,더네이쳐홀딩스,"섬유,의류,신발,호화품",2026-09-28,-19.98,1.93,96334466900,False,False,,,,,605,2.2,-1009.6,2.3,-968.7,2.37,-943.0,1102,2.34,-952.9,2.51,-895.4,2.63,-859.6,1391,2.43,-922.3,2.6,-869.4,2.75,-826.4
A298690,에어부산,항공사,2026-09-28,4.41,1.56,246816031080,True,False,0.0,0.0,0.0,0.0,624,1.77,148.4,1.84,139.7,1.88,134.1,747,1.8,144.3,1.86,136.8,1.93,128.4,961,1.84,139.0,1.92,129.2,1.96,124.3
A298830,슈어소프트테크,소프트웨어,2026-09-28,13.16,10.24,221585478355,False,False,,,,,726,19.38,-32.1,25.13,-47.6,26.24,-49.8,788,21.5,-38.8,25.53,-48.5,26.65,-50.6,788,21.5,-38.8,25.53,-48.5,26.65,-50.6
A299030,하나기술,전자장비와기기,2026-09-28,4.35,4.17,109850063400,True,False,0.0,0.0,0.0,0.0,563,7.79,-44.1,10.13,-57.0,11.83,-63.2,1044,10.91,-60.1,11.91,-63.5,12.6,-65.5,1251,10.83,-59.8,11.53,-62.3,12.25,-64.5
A299170,더블유에스아이,제약,2026-09-28,24.04,8.94,62682044880,False,False,,,,,726,13.24,81.6,13.56,77.3,13.85,73.5,1223,11.87,102.5,12.67,89.8,13.03,84.4,1405,12.14,98.0,12.75,88.5,13.07,83.9
A300080,플리토,양방향미디어와서비스,2026-09-28,29.61,14.87,144650196250,False,False,,,,,538,22.56,31.3,24.3,21.9,28.03,5.6,655,23.14,28.0,26.87,10.2,29.6,0.0,726,23.89,24.0,28.17,5.1,30.44,-2.7
A300120,라온피플,소프트웨어,2026-09-28,-4.36,10.15,30543977255,False,False,,,,,0,,,,,,,62,43.06,-110.1,46.23,-109.4,48.35,-109.0,524,16.75,-126.0,17.95,-124.3,18.53,-123.6
A300720,한일시멘트,건축자재,2026-09-28,8.26,3.02,1204670523420,True,False,0.0,0.0,15.48,0.66,726,3.28,151.6,3.35,146.5,3.43,141.0,1223,3.38,144.0,3.51,135.4,4.08,102.3,1990,3.54,133.4,4.13,99.9,4.34,90.3
A301300,바이브컴퍼니,소프트웨어,2026-09-28,-17.18,29.49,20021471664,False,False,,,,,0,,,,,,,0,,,,,,,113,30.38,-156.5,30.85,-155.7,33.57,-151.2
A302430,이노메트리,전기제품,2026-09-28,18.42,5.46,72445707120,True,False,,,,,380,6.78,171.6,6.94,165.4,7.1,159.4,789,7.11,159.0,8.0,130.4,8.8,109.3,1428,7.95,131.6,9.23,99.5,10.05,83.2
A302440,SK바이오사이언스,제약,2026-09-28,-46.25,12.75,2859741356850,True,False,0.0,0.0,0.0,0.0,0,,,,,,,398,15.29,-402.4,15.87,-391.5,16.29,-384.0,530,15.72,-394.2,16.29,-384.0,17.16,-369.5
A302550,리메드,건강관리장비와용품,2026-09-28,40.46,6.88,79017783930,False,False,,,,,483,44.82,-9.7,60.07,-32.6,63.85,-36.6,980,15.84,155.4,18.4,119.9,26.8,50.9,1397,12.7,218.6,14.27,183.5,16.04,152.2
A303030,지니틱스,반도체와반도체장비,2026-09-28,-1.64,5.42,13040245824,False,False,,,,,118,81.57,-102.0,83.28,-102.0,83.71,-102.0,305,39.67,-104.1,40.77,-104.0,47.47,-103.5,797,13.09,-112.5,15.3,-110.7,16.16,-110.1
A303360,프로티아,건강관리장비와용품,2026-09-28,11.38,8.15,68262489500,False,False,,,,,726,12.55,-9.3,15.59,-27.0,17.08,-33.4,788,13.16,-13.5,15.86,-28.3,17.22,-33.9,788,13.16,-13.5,15.86,-28.3,17.22,-33.9
A303530,이노뎁,IT서비스,2026-09-28,-5.75,13.5,22238075970,False,False,,,,,245,100.0,-105.7,101.56,-105.7,103.92,-105.5,373,99.79,-105.8,101.56,-105.7,103.45,-105.6,441,20.16,-128.5,25.37,-122.6,97.72,-105.9
A303810,동국생명과학,건강관리장비와용품,2026-09-28,10.75,4.46,109545679500,False,False,,,,,394,6.98,54.1,7.19,49.6,7.44,44.5,394,6.98,54.1,7.19,49.6,7.44,44.5,394,6.98,54.1,7.19,49.6,7.44,44.5
A304100,솔트룩스,IT서비스,2026-09-28,-26.32,31.87,190041271950,False,False,,,,,60,54.86,-148.0,55.8,-147.2,57.0,-146.2,209,67.22,-139.2,73.37,-135.9,75.17,-135.0,500,34.96,-175.3,35.91,-173.3,38.18,-168.9
A304840,피플바이오,건강관리장비와용품,2026-09-28,-2.04,155.53,13643890260,False,False,,,,,0,,,,,,,0,,,,,,,115,231.41,-100.9,237.93,-100.9,309.71,-100.7
A305090,마이크로디지탈,건강관리장비와용품,2026-09-28,1.04,1.04,10166241142,False,False,,,,,701,4.81,-78.3,12.13,-91.4,14.36,-92.7,701,4.81,-78.3,12.13,-91.4,14.36,-92.7,701,4.81,-78.3,12.13,-91.4,14.36,-92.7
A306040,에스제이그룹,"섬유,의류,신발,호화품",2026-09-28,-1.1,2.64,13995575308,False,False,,,,,304,4.86,-122.6,5.05,-121.7,5.11,-121.5,801,3.8,-128.9,3.92,-128.0,4.14,-126.5,1261,3.9,-128.2,4.19,-126.2,4.48,-124.5
A306200,세아제강,철강,2026-09-28,3.31,1.41,418354250000,True,False,3.07,14.1,2.18,5.45,726,1.79,85.0,1.88,75.7,2.07,59.9,1223,1.65,100.9,1.69,95.5,1.74,90.3,1957,1.7,94.7,1.8,84.0,1.94,70.3
A306620,지아이에스,반도체와반도체장비,2026-09-28,18.99,7.08,95261119608,False,False,,,,,482,8.84,114.9,9.28,104.6,9.95,90.8,545,8.93,112.8,9.63,97.2,10.2,86.2,876,9.06,109.7,10.18,86.6,14.32,32.6
A307180,아이엘,디스플레이장비및부품,2026-09-28,-40.79,7.68,213003450520,False,False,,,,,322,8.7,-568.8,8.82,-562.4,8.91,-557.6,689,8.91,-557.8,9.77,-517.4,10.73,-480.1,834,9.21,-543.1,10.3,-495.9,12.61,-423.4
A307280,원바이오젠,건강관리장비와용품,2026-09-28,4.51,3.9,42425869460,False,False,,,,,726,4.82,-6.3,5.4,-16.4,5.77,-21.8,1223,5.44,-17.1,5.69,-20.7,5.94,-24.0,1405,5.49,-17.8,5.83,-22.5,6.02,-25.0
A307750,국전,제약,2026-09-28,56.09,35.46,126867776800,False,False,,,,,422,42.29,32.6,43.68,28.4,44.62,25.7,919,45.63,22.9,48.85,14.8,51.05,9.9,1101,44.77,25.3,47.25,18.7,49.88,12.4
A307870,비투엔,IT서비스,2026-09-28,-19.2,41.44,93468500530,False,False,,,,,0,,,,,,,184,43.1,-144.6,44.69,-143.0,45.71,-142.0,184,43.1,-144.6,44.69,-143.0,45.71,-142.0
A307930,컴퍼니케이,창업투자,2026-09-28,14.52,3.45,100528400000,False,False,,,,,482,8.06,80.0,9.28,56.5,10.15,43.0,979,5.17,180.7,5.66,156.5,6.1,138.0,1560,5.69,154.9,6.14,136.6,6.57,121.0
A307950,현대오토에버,IT서비스,2026-09-28,31.18,4.85,10311417232000,True,False,-0.21,0.76,0.24,0.24,726,14.58,113.9,14.95,108.6,15.3,103.7,1223,15.14,105.9,15.81,97.2,16.63,87.5,1842,11.15,179.5,12.97,140.4,14.31,117.9
A308100,형지글로벌,"섬유,의류,신발,호화품",2026-09-28,-0.93,2.8,6816479472,False,False,,,,,0,,,,,,,187,7.3,-112.7,7.67,-112.1,7.89,-111.7,757,4.49,-120.6,4.77,-119.4,5.16,-118.0
A308170,씨티알모빌리티,자동차부품,2026-09-28,6.8,4.84,29101800000,False,False,,,,,726,7.25,-6.2,7.42,-8.4,7.56,-10.0,974,7.37,-7.7,7.56,-10.1,8.13,-16.4,1404,7.54,-9.8,8.28,-17.8,9.64,-29.4
A309710,아이티켐,제약,2026-09-28,-48.54,107.35,268443021000,False,False,,,,,97,115.71,-141.9,119.11,-140.8,122.46,-139.6,97,115.71,-141.9,119.11,-140.8,122.46,-139.6,97,115.71,-141.9,119.11,-140.8,122.46,-139.6
A309930,조이웍스앤코,가구,2026-09-28,-4.55,11.4,16521552762,False,False,,,,,243,23.57,-119.3,24.36,-118.7,26.0,-117.5,740,23.05,-119.7,24.29,-118.7,25.04,-118.2,922,20.36,-122.4,22.16,-120.5,23.52,-119.4
A309960,LB인베스트먼트,창업투자,2026-09-28,8.67,5.38,100182386285,False,False,,,,,726,7.3,18.8,7.96,8.9,8.51,1.9,852,6.96,24.6,7.33,18.4,8.07,7.5,852,6.96,24.6,7.33,18.4,8.07,7.5
A310200,애니플러스,방송과엔터테인먼트,2026-09-28,5.0,3.34,100413459300,False,False,,,,,726,4.46,12.0,4.67,7.1,4.89,2.3,1223,4.53,10.5,4.77,4.8,4.93,1.5,1407,4.51,10.9,4.78,4.6,4.97,0.5
A310870,디와이씨,자동차부품,2026-09-28,3.95,2.67,33541581060,False,False,,,,,726,3.1,27.3,3.25,21.4,3.38,16.9,973,3.03,30.2,3.14,25.6,3.28,20.5,973,3.03,30.2,3.14,25.6,3.28,20.5
A311320,지오엘리먼트,반도체와반도체장비,2026-09-28,9.0,6.43,104448556800,False,False,0.0,,7.41,,726,8.15,10.5,8.69,3.6,9.1,-1.0,1193,8.68,3.7,9.54,-5.6,11.87,-24.1,1193,8.68,3.7,9.54,-5.6,11.87,-24.1
A311390,네오크레마,식품,2026-09-28,8.4,6.01,30052748875,False,False,,,,,545,8.1,3.7,8.55,-1.8,8.98,-6.5,1042,8.87,-5.4,11.2,-25.0,12.31,-31.8,1560,10.36,-19.0,12.11,-30.7,13.95,-39.8
A312610,에이에프더블류,자동차부품,2026-09-28,-0.16,8.58,1539523488,False,False,,,,,0,,,,,,,0,,,,,,,433,11.34,-101.4,11.71,-101.4,12.12,-101.3
A313760,캐리,전기제품,2026-09-28,-1.47,6.48,5244963048,False,False,,,,,123,17.22,-108.6,18.58,-107.9,19.23,-107.7,185,18.58,-107.9,19.51,-107.6,20.09,-107.3,628,9.93,-114.8,10.61,-113.9,11.29,-113.1
A314140,알피바이오,제약,2026-09-28,6.96,5.49,51998166000,False,False,,,,,607,7.76,-10.3,8.75,-20.5,9.28,-25.0,856,6.69,4.0,7.08,-1.6,7.74,-10.0,856,6.69,4.0,7.08,-1.6,7.74,-10.0
A314930,바이오다인,건강관리장비와용품,2026-09-28,19.35,19.35,196443079800,False,False,,,,,457,24.88,-22.2,31.22,-38.0,38.35,-49.5,642,24.09,-19.7,26.31,-26.4,29.25,-33.8,642,24.09,-19.7,26.31,-26.4,29.25,-33.8
A315640,딥노이드,IT서비스,2026-09-28,-4.6,12.2,64618910400,False,False,,,,,220,15.9,-129.0,19.35,-123.8,21.85,-121.1,220,15.9,-129.0,19.35,-123.8,21.85,-121.1,220,15.9,-129.0,19.35,-123.8,21.85,-121.1
A316140,우리금융지주,은행,2026-09-28,5.76,1.67,26819030674800,True,False,0.0,0.0,-0.01,-0.03,726,2.3,149.9,2.52,128.2,2.59,122.4,1223,1.89,204.2,1.92,199.1,1.98,190.8,1871,1.92,199.3,2.01,186.0,2.23,158.4
A317120,라닉스,통신장비,2026-09-28,-3.73,63.74,21653940000,False,False,,,,,0,,,,,,,0,,,,,,,69,65.84,-105.7,67.79,-105.5,69.15,-105.4
A317240,TS트릴리온,가정용품,2026-09-28,17.64,11.78,29322594555,False,False,,,,,666,32.53,-45.8,34.32,-48.6,34.32,-48.6,669,32.62,-45.9,34.32,-48.6,34.32,-48.6,851,33.56,-47.4,34.32,-48.6,34.79,-49.3
A317330,덕산테코피아,반도체와반도체장비,2026-09-28,-5.2,8.6,269676611280,False,False,,,,,186,9.79,-153.1,10.17,-151.2,10.4,-150.0,683,11.6,-144.9,12.92,-140.3,13.99,-137.2,1214,11.33,-145.9,12.19,-142.7,12.93,-140.2
A317400,자이에스앤디,건설,2026-09-28,4.55,1.1,377353919600,True,False,0.0,0.0,-1.34,-3.5,684,1.22,271.9,1.25,264.2,1.34,239.2,1181,1.24,266.6,1.28,254.8,1.32,243.6,1649,1.27,257.7,1.33,241.7,1.37,231.9
A317450,명인제약,제약,2026-09-28,6.3,5.96,619040000000,False,False,,,,,239,6.32,-0.4,6.45,-2.3,6.61,-4.8,239,6.32,-0.4,6.45,-2.3,6.61,-4.8,239,6.32,-0.4,6.45,-2.3,6.61,-4.8
A317530,에피소드컴퍼니,양방향미디어와서비스,2026-09-28,-9.51,42.47,57208264140,False,False,,,,,0,,,,,,,0,,,,,,,64,44.85,-121.2,46.0,-120.7,46.39,-120.5
A317770,엑스페릭스,전자장비와기기,2026-09-28,-71.67,6.76,95637250170,False,False,,,,,0,,,,,,,497,14.97,-578.8,15.98,-548.6,16.37,-537.7,783,7.85,-1013.5,12.77,-661.2,14.89,-581.2
A317830,에스피시스템스,기계,2026-09-28,-123.58,11.77,50205991880,False,False,,,,,60,61.73,-300.2,62.32,-298.3,63.58,-294.4,370,24.89,-596.5,25.43,-586.0,26.23,-571.2,834,16.69,-840.3,24.18,-611.0,25.67,-581.3
A317850,대모,기계,2026-09-28,37.4,11.75,51777892400,False,False,,,,,482,24.77,51.0,25.45,47.0,25.97,44.0,976,24.02,55.7,25.14,48.7,26.1,43.3,1392,22.06,69.5,23.82,57.0,25.21,48.4
A317870,엔바이오니아,가정용기기와용품,2026-09-28,-9.35,6.62,44386312900,False,False,,,,,231,13.6,-168.7,14.47,-164.6,15.49,-160.4,293,13.88,-167.4,15.4,-160.7,17.94,-152.1,527,8.99,-204.0,10.4,-189.9,11.91,-178.5
A318000,KBG,화학,2026-09-28,21.42,6.65,24035613250,False,False,,,,,726,10.96,95.5,11.99,78.6,12.83,67.0,1223,9.52,125.1,10.36,106.7,10.8,98.3,1715,10.04,113.3,10.89,96.7,11.86,80.6
A318010,팜스빌,건강관리업체및서비스,2026-09-28,-40.2,4.6,27633742930,False,False,,,,,243,21.81,-284.3,21.97,-283.0,22.19,-281.1,740,16.85,-338.6,17.44,-330.5,17.8,-325.8,1219,8.24,-587.9,12.36,-425.1,13.62,-395.1
A318020,포인트모바일,전자장비와기기,2026-09-28,3.15,2.27,31983307200,False,False,,,,,568,3.54,-11.0,6.33,-50.3,6.61,-52.4,923,6.44,-51.1,6.91,-54.5,8.81,-64.3,1075,6.58,-52.1,7.29,-56.8,8.81,-64.3
A318060,그래피,건강관리장비와용품,2026-09-28,25.19,25.19,176309909520,True,False,0.0,0.0,0.0,0.0,151,28.67,-12.2,30.2,-16.6,41.57,-39.4,151,28.67,-12.2,30.2,-16.6,41.57,-39.4,151,28.67,-12.2,30.2,-16.6,41.57,-39.4
A318160,셀바이오휴먼텍,화장품,2026-09-28,6.6,3.12,64522214830,False,False,,,,,726,4.92,34.2,5.87,12.4,6.8,-2.9,836,5.52,19.5,6.14,7.5,7.61,-13.3,836,5.52,19.5,6.14,7.5,7.61,-13.3
A318410,비비씨,가정용품,2026-09-28,5.04,3.01,35886869780,False,False,,,,,726,3.93,28.2,4.71,7.0,5.08,-0.8,1223,4.99,0.9,5.57,-9.6,6.19,-18.6,1473,5.09,-1.0,5.83,-13.6,6.63,-24.0
A319400,현대무벡스,기계,2026-09-28,206.96,2.55,2305484007300,False,False,,,,,726,14.49,1328.7,15.32,1250.6,15.96,1196.7,1223,15.52,1233.4,16.83,1129.9,17.43,1087.2,1405,15.05,1275.4,16.3,1169.7,17.33,1094.0
A319660,피에스케이,반도체와반도체장비,2026-09-28,18.74,1.93,4084306674000,True,False,0.03,0.01,0.25,0.7,726,5.79,223.5,6.0,212.5,6.18,203.1,1223,4.96,278.1,5.27,255.7,5.56,237.2,1721,5.09,268.2,5.39,248.0,5.72,227.5
A320000,한울반도체,전자장비와기기,2026-09-28,-14.53,17.11,73354038700,False,False,,,,,121,19.99,-172.7,20.45,-171.1,20.95,-169.4,618,22.13,-165.7,23.23,-162.5,25.24,-157.6,808,20.06,-172.4,21.34,-168.1,22.93,-163.4
A321260,프로이천,디스플레이장비및부품,2026-09-28,25.95,2.02,47193548616,False,False,,,,,726,20.24,28.2,21.11,22.9,21.83,18.9,1220,14.68,76.8,15.98,62.4,17.29,50.1,1220,14.68,76.8,15.98,62.4,17.29,50.1
A321820,아티스트컴퍼니,방송과엔터테인먼트,2026-09-28,-12.42,4.96,49580575680,False,False,,,,,0,,,,,,,270,7.71,-261.0,8.78,-241.5,9.63,-228.9,430,9.09,-236.6,9.95,-224.8,16.61,-174.8
A322000,HD현대에너지솔루션,에너지장비및서비스,2026-09-28,8.83,3.25,1401120000000,True,False,0.0,0.0,0.0,0.0,693,7.57,16.6,7.88,12.0,8.34,5.8,1190,4.43,99.4,4.88,81.0,6.16,43.2,1649,4.75,85.9,5.85,50.9,6.69,32.0
A322180,LS티라유텍,IT서비스,2026-09-28,-13.16,8.72,88993878840,False,False,,,,,0,,,,,,,21,,,,,,,328,17.95,-173.3,18.59,-170.8,19.08,-169.0
A322310,오로스테크놀로지,반도체와반도체장비,2026-09-28,88.05,6.57,132068242200,False,False,0.0,,0.0,,718,11.49,666.6,12.69,594.0,13.17,568.5,941,12.28,617.1,13.14,569.9,13.95,531.3,1088,12.42,608.7,12.96,579.4,13.43,555.7
A322510,제이엘케이,건강관리기술,2026-09-28,-9.64,47.4,131716567040,False,False,,,,,80,51.07,-118.9,53.95,-117.9,55.74,-117.3,80,51.07,-118.9,53.95,-117.9,55.74,-117.3,80,51.07,-118.9,53.95,-117.9,55.74,-117.3
A322780,코퍼스코리아,방송과엔터테인먼트,2026-09-28,-4.17,3.41,27016315200,False,False,,,,,121,3.5,-219.2,3.54,-217.6,3.57,-216.7,618,3.66,-214.0,3.77,-210.5,4.25,-198.1,800,3.73,-211.9,4.16,-200.1,5.43,-176.8
A323280,태성,전자장비와기기,2026-09-28,589.11,5.36,1455134747000,False,False,,,,,361,79.32,642.7,94.96,520.4,115.41,410.5,671,7.82,7435.6,8.3,6998.6,17.65,3238.1,671,7.82,7435.6,8.3,6998.6,17.65,3238.1
A323350,다원넥스뷰,반도체와반도체장비,2026-09-28,11.13,7.14,78265242440,True,False,,,,,484,10.72,3.8,20.13,-44.7,21.9,-49.2,484,10.72,3.8,20.13,-44.7,21.9,-49.2,484,10.72,3.8,20.13,-44.7,21.9,-49.2
A323410,카카오뱅크,은행,2026-09-28,11.74,11.41,9780968958500,True,False,0.0,0.0,0.0,0.0,726,14.11,-16.8,14.75,-20.4,15.03,-21.9,1223,14.9,-21.2,15.27,-23.1,15.52,-24.4,1256,14.93,-21.4,15.3,-23.3,15.55,-24.5
A326030,SK바이오팜,제약,2026-09-28,13.93,13.88,5967469650000,True,False,0.0,0.0,-1.16,-1.75,726,18.07,-22.9,21.4,-34.9,24.98,-44.2,788,18.52,-24.8,21.87,-36.3,26.79,-48.0,823,19.3,-27.8,22.08,-36.9,27.62,-49.6
A327260,RF머트리얼즈,우주항공과국방,2026-09-28,31.45,7.24,829285477900,True,False,0.0,0.0,0.18,16.86,364,18.29,71.9,19.83,58.6,21.0,49.8,861,15.11,108.1,16.16,94.6,17.26,82.2,1167,11.7,168.8,13.96,125.3,15.22,106.7
A328380,솔트웨어,IT서비스,2026-09-28,-46.69,41.21,26108234550,False,False,,,,,180,47.89,-197.5,48.71,-195.9,49.59,-194.1,180,47.89,-197.5,48.71,-195.9,49.59,-194.1,180,47.89,-197.5,48.71,-195.9,49.59,-194.1
A329180,HD현대중공업,조선,2026-09-28,10.28,9.82,46392861450000,True,False,0.0,0.0,0.13,0.27,726,13.81,-25.6,14.96,-31.3,15.73,-34.6,1186,15.19,-32.3,16.11,-36.2,16.66,-38.3,1190,15.21,-32.4,16.12,-36.2,16.66,-38.3
A330350,위더스제약,제약,2026-09-28,23.59,8.9,96093670400,False,False,,,,,726,10.75,119.4,11.13,111.9,11.84,99.2,1182,11.23,110.1,12.45,89.4,13.89,69.8,1487,11.75,100.7,13.31,77.2,14.59,61.7
A330730,스톤브릿지벤처스,창업투자,2026-09-28,3.02,2.62,84895087800,False,False,,,,,726,3.45,-12.6,4.15,-27.3,7.52,-59.9,1121,3.32,-9.2,3.8,-20.5,4.52,-33.2,1121,3.32,-9.2,3.8,-20.5,4.52,-33.2
A330860,네패스아크,반도체와반도체장비,2026-09-28,8.98,6.44,344199271250,True,False,0.0,0.0,1.07,0.0,543,11.45,-21.6,12.25,-26.7,12.96,-30.7,1040,8.26,8.6,8.84,1.6,9.69,-7.4,1253,8.55,4.9,9.19,-2.3,10.27,-12.6
A331380,포커스에이아이,전자장비와기기,2026-09-28,-9.81,2.99,76322868755,False,False,,,,,199,5.7,-272.1,5.86,-267.4,5.96,-264.7,693,5.32,-284.4,5.78,-269.7,6.02,-262.8,693,5.32,-284.4,5.78,-269.7,6.02,-262.8
A331520,밸로프,게임엔터테인먼트,2026-09-28,3.84,1.84,21464597340,False,False,,,,,482,4.25,-9.7,5.21,-26.2,6.25,-38.6,729,4.43,-13.3,6.24,-38.5,9.54,-59.7,729,4.43,-13.3,6.24,-38.5,9.54,-59.7
A331920,셀레믹스,생물공학,2026-09-28,-30.54,111.53,118636298550,False,False,,,,,0,,,,,,,0,,,,,,,62,117.09,-126.1,119.84,-125.5,124.41,-124.6
A332290,누보,화학,2026-09-28,6.34,3.24,34416644415,False,False,,,,,605,5.95,6.6,6.36,-0.3,6.56,-3.4,664,6.06,4.6,6.46,-1.8,6.84,-7.3,664,6.06,4.6,6.46,-1.8,6.84,-7.3
A332370,아이디피,컴퓨터와주변기기,2026-09-28,8.54,2.84,71147171360,False,False,,,,,726,3.67,132.7,4.62,84.8,4.85,75.9,1223,3.74,128.2,4.25,100.7,4.59,86.2,1493,3.93,117.2,4.47,90.9,4.78,78.6
A332570,PS일렉트로닉스,핸드셋,2026-09-28,9.66,6.0,403817900370,True,False,0.0,0.0,0.0,17.08,726,8.32,16.1,9.27,4.2,9.86,-2.0,1219,9.56,1.0,10.89,-11.3,12.07,-20.0,1504,10.0,-3.4,11.51,-16.1,14.06,-31.3
A333050,이노테나,IT서비스,2026-09-28,17.31,3.43,28364659200,False,False,,,,,726,8.96,93.2,12.11,42.9,12.68,36.5,973,8.24,110.2,8.95,93.3,9.42,83.7,973,8.24,110.2,8.95,93.3,9.42,83.7
A333430,일승,조선,2026-09-28,6.81,5.32,116608004865,False,False,,,,,726,9.62,-29.2,12.25,-44.3,14.98,-54.5,1223,13.35,-48.9,15.93,-57.2,16.57,-58.9,1291,13.78,-50.5,16.03,-57.5,16.8,-59.4
A333620,엔시스,전자장비와기기,2026-09-28,-39.0,4.04,55319487300,False,False,,,,,487,5.96,-753.9,6.59,-692.0,7.73,-604.7,984,7.73,-604.4,8.07,-583.4,8.36,-566.4,1106,7.78,-601.5,8.14,-579.1,9.19,-524.2
A335870,윙스풋,"섬유,의류,신발,호화품",2026-09-28,-1.93,5.02,14070394800,False,False,,,,,546,5.91,-132.7,6.05,-131.9,6.2,-131.2,731,5.99,-132.3,6.2,-131.1,6.38,-130.3,731,5.99,-132.3,6.2,-131.1,6.38,-130.3
A336060,웨이버스,IT서비스,2026-09-28,25.94,3.44,28989430400,False,False,,,,,661,15.07,72.1,16.02,61.9,16.49,57.3,1092,14.16,83.2,15.07,72.1,16.09,61.2,1092,14.16,83.2,15.07,72.1,16.09,61.2
A336260,두산퓨얼셀,에너지장비및서비스,2026-09-28,68.62,8.79,3042183572700,True,False,0.0,0.0,3.89,-12.25,575,36.74,86.8,38.28,79.3,39.66,73.0,1072,38.79,76.9,41.13,66.9,43.31,58.5,1553,29.63,131.6,37.48,83.1,40.86,67.9
A336370,솔루스첨단소재,전자장비와기기,2026-09-28,19.12,4.35,549762293340,True,False,0.0,0.0,0.0,0.0,339,18.12,5.6,19.26,-0.7,22.3,-14.3,792,18.94,0.9,21.09,-9.3,22.49,-15.0,1273,16.16,18.3,17.88,7.0,19.01,0.6
A336570,원텍,건강관리장비와용품,2026-09-28,8.2,6.36,436135955710,True,False,0.0,0.0,0.0,0.0,726,8.43,-2.7,8.81,-6.9,9.26,-11.5,1036,8.74,-6.1,9.38,-12.6,9.75,-15.9,1036,8.74,-6.1,9.38,-12.6,9.75,-15.9
A336680,탑런토탈솔루션,자동차부품,2026-09-28,33.84,3.09,115479396100,False,False,,,,,463,4.05,734.9,4.81,602.9,5.19,551.8,463,4.05,734.9,4.81,602.9,5.19,551.8,463,4.05,734.9,4.81,602.9,5.19,551.8
A337930,젝시믹스,"섬유,의류,신발,호화품",2026-09-28,4.51,2.75,69717429600,False,False,,,,,726,3.78,19.2,4.24,6.5,4.71,-4.2,1223,4.2,7.4,4.51,-0.0,5.03,-10.3,1499,4.32,4.5,4.95,-8.8,5.2,-13.2
A338220,뷰노,건강관리기술,2026-09-28,-9.89,34.93,95492432860,False,False,,,,,385,41.58,-123.8,45.57,-121.7,47.7,-120.7,385,41.58,-123.8,45.57,-121.7,47.7,-120.7,385,41.58,-123.8,45.57,-121.7,47.7,-120.7
A339770,교촌에프앤비,식품,2026-09-28,4.92,2.28,191116431000,True,False,0.0,0.0,0.0,0.0,726,4.28,14.8,4.36,12.9,4.44,10.7,1223,4.39,11.9,4.5,9.4,4.66,5.6,1439,4.44,10.8,4.57,7.6,4.75,3.5
A339950,아이비김영,교육서비스,2026-09-28,5.62,3.09,107422505450,False,False,,,,,726,4.66,20.7,4.74,18.7,4.79,17.4,1223,4.76,18.2,4.94,13.9,5.09,10.5,1466,4.79,17.5,5.03,11.9,5.16,9.0
A340360,다보링크,통신장비,2026-09-28,-24.14,17.92,48978904128,False,False,,,,,0,,,,,,,145,20.23,-219.3,20.76,-216.3,21.22,-213.8,145,20.23,-219.3,20.76,-216.3,21.22,-213.8
A340440,세림B&G,포장재,2026-09-28,14.48,7.69,21454043184,False,False,,,,,726,9.76,48.3,10.35,39.8,10.69,35.4,1157,10.46,38.4,10.87,33.2,11.5,25.9,1157,10.46,38.4,10.87,33.2,11.5,25.9
A340450,지씨지놈,생명과학도구및서비스,2026-09-28,38.13,19.89,205052375310,True,False,0.0,0.0,0.0,0.0,304,23.84,59.9,24.84,53.5,25.95,46.9,304,23.84,59.9,24.84,53.5,25.95,46.9,304,23.84,59.9,24.84,53.5,25.95,46.9
A340570,티앤엘,건강관리장비와용품,2026-09-28,5.64,3.0,449963360000,True,False,-0.92,-2.84,-0.92,-2.84,726,5.96,-5.4,6.14,-8.1,6.28,-10.3,1223,6.18,-8.8,6.41,-12.0,6.63,-14.9,1433,6.28,-10.2,6.53,-13.6,6.77,-16.7
A340930,성원에너텍,전자장비와기기,2026-09-28,-5.42,13.19,55513882710,False,False,,,,,0,,,,,,,163,21.91,-124.8,22.15,-124.5,22.5,-124.1,250,14.6,-137.2,16.12,-133.6,17.15,-131.6
A342870,오아,가정용기기와용품,2026-09-28,4.69,1.65,19266446395,False,False,,,,,255,2.34,100.5,2.42,94.0,2.54,84.4,255,2.34,100.5,2.42,94.0,2.54,84.4,255,2.34,100.5,2.42,94.0,2.54,84.4
A344820,KCC글라스,건축자재,2026-09-28,11.25,3.64,384090813600,True,False,0.0,0.0,,,516,4.47,151.5,5.04,123.1,5.36,110.0,1013,4.33,160.1,4.47,151.7,4.68,140.2,1337,4.4,155.5,4.68,140.6,4.94,127.7
A344860,이노진,화장품,2026-09-28,-33.58,14.85,21026970000,False,False,,,,,481,17.92,-287.3,19.01,-276.7,20.86,-261.0,791,17.95,-287.1,18.96,-277.1,21.01,-259.8,791,17.95,-287.1,18.96,-277.1,21.01,-259.8
A347000,센코,전자장비와기기,2026-09-28,24.95,8.52,71764985708,False,False,,,,,726,22.02,13.3,23.43,6.5,24.6,1.5,1223,22.34,11.7,24.48,2.0,25.62,-2.6,1405,22.9,9.0,24.98,-0.1,26.47,-5.7
A347700,스피어,우주항공과국방,2026-09-28,28.39,5.21,1144440236400,True,False,1.06,-6.9,1.06,-6.9,545,6.95,308.4,8.18,247.1,10.22,177.8,545,6.95,308.4,8.18,247.1,10.22,177.8,545,6.95,308.4,8.18,247.1,10.22,177.8
A347740,피엔케이피부임상연구센타,생명과학도구및서비스,2026-09-28,14.04,6.97,51558169568,False,False,,,,,726,10.71,31.1,14.87,-5.6,16.45,-14.7,1223,12.18,15.3,14.88,-5.6,17.16,-18.2,1481,12.25,14.6,13.41,4.7,15.33,-8.4
A347770,핌스,디스플레이장비및부품,2026-09-28,-2.54,2.99,19510003422,False,False,,,,,262,3.61,-170.4,3.73,-168.3,4.17,-161.0,714,4.49,-156.7,6.63,-138.4,8.0,-131.8,965,6.1,-141.7,8.06,-131.6,8.46,-130.1
A347860,알체라,소프트웨어,2026-09-28,-6.33,32.4,62893241324,False,False,,,,,0,,,,,,,37,,,,,,,142,45.79,-113.8,319.79,-102.0,332.7,-101.9
A347890,엠엑스온,전자장비와기기,2026-09-28,-9.93,5.18,73071711180,False,False,,,,,605,15.71,-163.2,16.47,-160.3,17.06,-158.2,1102,8.14,-222.0,8.64,-214.9,9.17,-208.3,1389,8.1,-222.7,8.54,-216.2,8.98,-210.5
A348030,모비릭스,게임엔터테인먼트,2026-09-28,-23.75,6.83,26314412000,False,False,,,,,60,53.2,-144.7,54.0,-144.0,54.63,-143.5,557,8.4,-382.6,16.1,-247.5,16.66,-242.6,721,8.86,-368.0,13.06,-281.9,14.48,-264.1
A348210,넥스틴,반도체와반도체장비,2026-09-28,16.73,5.79,350979667500,True,False,0.0,0.0,0.0,0.0,726,8.63,94.0,9.05,84.8,9.39,78.2,1223,7.66,118.5,8.09,106.9,8.63,93.8,1463,7.83,113.6,8.43,98.4,8.87,88.6
A348340,뉴로메카,기계,2026-09-28,-29.16,58.07,474020586000,False,False,,,,,217,68.19,-142.8,76.4,-138.2,82.32,-135.4,300,73.76,-139.5,85.15,-134.2,107.98,-127.0,300,73.76,-139.5,85.15,-134.2,107.98,-127.0
A348350,위드텍,반도체와반도체장비,2026-09-28,14.12,7.47,91187688000,False,False,,,,,666,16.76,-15.8,17.43,-19.0,17.93,-21.3,1163,9.16,54.1,10.33,36.7,12.0,17.7,1388,9.87,43.0,11.65,21.2,12.93,9.2
A348370,엔켐,전기제품,2026-09-28,-4.4,5.38,452462026100,False,False,,,,,200,6.31,-169.7,6.63,-166.4,29.45,-114.9,658,8.48,-151.9,13.31,-133.1,14.3,-130.8,658,8.48,-151.9,13.31,-133.1,14.3,-130.8
A351320,넥사다이내믹스,디스플레이장비및부품,2026-09-28,-12.09,45.32,120464300670,False,False,,,,,0,,,,,,,184,50.18,-124.1,50.74,-123.8,51.87,-123.3,184,50.18,-124.1,50.74,-123.8,51.87,-123.3
A351330,이삭엔지니어링,IT서비스,2026-09-28,-3.83,6.22,27973755000,False,False,,,,,130,10.16,-137.7,20.33,-118.9,20.64,-118.6,488,9.06,-142.3,9.93,-138.6,10.36,-137.0,596,9.56,-140.1,10.28,-137.3,10.84,-135.3
A351870,차이커뮤니케이션,광고,2026-09-28,4.37,3.18,24162789930,False,False,,,,,485,4.83,-9.3,9.57,-54.3,10.33,-57.6,485,4.83,-9.3,9.57,-54.3,10.33,-57.6,485,4.83,-9.3,9.57,-54.3,10.33,-57.6
A352090,스톰테크,가정용기기와용품,2026-09-28,7.57,4.26,97414617750,False,False,,,,,694,7.2,5.2,7.3,3.7,7.4,2.3,694,7.2,5.2,7.3,3.7,7.4,2.3,694,7.2,5.2,7.3,3.7,7.4,2.3
A352480,씨앤씨인터내셔널,화장품,2026-09-28,23.82,7.83,297813336850,False,False,,,,,726,9.41,153.2,10.27,132.0,10.87,119.1,1223,10.27,131.9,10.85,119.5,11.37,109.5,1314,10.29,131.4,10.89,118.6,11.42,108.5
A352700,씨앤투스,"섬유,의류,신발,호화품",2026-09-28,-4.51,1.28,38285441843,False,False,,,,,243,45.83,-109.8,46.58,-109.7,47.17,-109.6,740,2.74,-264.5,2.88,-256.6,2.98,-251.4,904,2.83,-259.4,2.93,-253.9,3.09,-246.0
A352770,셀레스트라,생물공학,2026-09-28,-4.97,3.47,13610136750,False,False,,,,,0,,,,,,,304,4.71,-205.4,4.98,-199.6,5.05,-198.4,304,4.71,-205.4,4.98,-199.6,5.05,-198.4
A352820,하이브,방송과엔터테인먼트,2026-09-28,16.76,16.18,6978996748400,True,False,-0.29,-0.09,-0.19,-1.44,726,21.43,-21.8,22.56,-25.7,23.09,-27.4,1223,22.07,-24.1,22.96,-27.0,23.66,-29.2,1459,22.44,-25.3,23.27,-28.0,24.06,-30.3
A352910,오비고,소프트웨어,2026-09-28,-13.3,24.83,60661449600,False,False,,,,,70,37.51,-135.5,37.92,-135.1,38.76,-134.3,365,29.99,-144.3,31.8,-141.8,37.61,-135.4,365,29.99,-144.3,31.8,-141.8,37.61,-135.4
A352940,인바이오,화학,2026-09-28,18.77,7.1,23093926250,False,False,,,,,363,17.06,10.0,17.61,6.6,17.75,5.7,647,9.66,94.4,16.47,13.9,17.56,6.9,842,11.76,59.6,15.98,17.5,16.9,11.1
A353190,휴럼,건강관리업체및서비스,2026-09-28,1383.89,3.15,20082994200,False,False,,,,,726,4.89,28173.0,11.42,12018.7,11.99,11446.5,971,11.08,12385.6,12.0,11435.1,12.88,10640.7,971,11.08,12385.6,12.0,11435.1,12.88,10640.7
A353200,대덕전자,전자장비와기기,2026-09-28,16.78,3.26,6093106852500,True,False,0.0,0.0,-0.23,-0.67,726,11.38,47.4,11.91,40.8,12.29,36.5,1223,5.23,220.8,5.93,183.0,7.87,113.2,1495,5.56,201.5,6.63,153.0,7.54,122.6
A353590,오토앤,자동차부품,2026-09-28,-11.7,42.8,19326230570,False,False,,,,,120,48.45,-124.1,49.18,-123.8,52.56,-122.3,166,48.96,-123.9,52.56,-122.3,56.41,-120.7,166,48.96,-123.9,52.56,-122.3,56.41,-120.7
A353810,이지바이오,식품,2026-09-28,3.85,2.72,204446265600,False,False,,,,,726,3.77,2.0,3.86,-0.3,3.91,-1.7,1223,3.88,-0.9,3.97,-3.2,4.08,-5.6,1478,3.9,-1.2,4.01,-3.9,4.14,-7.0
A354320,알멕,자동차부품,2026-09-28,9.74,5.69,249263859000,True,False,,,,,547,7.24,34.5,7.91,23.1,8.35,16.6,610,7.44,30.8,8.04,21.2,8.69,12.1,610,7.44,30.8,8.04,21.2,8.69,12.1
A355150,코스텍시스,반도체와반도체장비,2026-09-28,13.67,3.21,159455807500,True,True,0.0,0.0,0.0,0.0,459,9.42,45.1,9.76,40.1,10.08,35.6,644,7.01,95.1,9.2,48.6,9.71,40.7,644,7.01,95.1,9.2,48.6,9.71,40.7
A356680,엑스게이트,소프트웨어,2026-09-28,94.03,16.25,528340036920,False,False,,,,,726,28.31,232.1,30.57,207.6,33.07,184.3,861,27.24,245.2,28.64,228.3,30.85,204.8,861,27.24,245.2,28.64,228.3,30.85,204.8
A356860,티엘비,반도체와반도체장비,2026-09-28,13.79,2.32,1035745062000,True,False,0.0,0.0,1.55,0.61,726,9.39,46.8,9.75,41.4,10.11,36.3,1223,4.83,185.4,5.25,162.5,8.07,70.9,1417,4.97,177.6,6.57,109.9,8.79,56.8
A356890,싸이버원,IT서비스,2026-09-28,22.66,3.04,31139714125,False,False,,,,,726,3.89,483.0,4.02,463.5,4.65,387.1,1223,4.3,427.4,5.39,320.4,7.86,188.4,1360,4.47,406.7,5.68,298.6,8.53,165.7
A357230,에이치피오,건강관리업체및서비스,2026-09-28,3.85,2.9,89606842920,True,False,0.0,0.0,0.0,0.0,726,4.05,-5.0,4.3,-10.4,4.54,-15.1,1223,4.42,-12.8,4.8,-19.8,5.2,-26.0,1315,4.47,-13.8,4.93,-21.9,5.25,-26.6
A357550,석경에이티,화학,2026-09-28,56.23,18.45,167741250000,False,False,,,,,726,35.4,58.8,53.87,4.4,56.32,-0.2,1223,23.1,143.4,25.65,119.2,27.98,100.9,1405,23.91,135.2,26.61,111.3,29.3,91.9
A357580,아모센스,핸드셋,2026-09-28,53.8,7.0,86772648320,False,False,,,,,726,8.0,572.2,8.39,541.6,8.66,521.7,1113,8.4,540.7,9.39,472.9,10.08,433.6,1113,8.4,540.7,9.39,472.9,10.08,433.6
A357780,솔브레인,반도체와반도체장비,2026-09-28,11.39,5.93,2858623005000,True,False,0.0,0.0,1.42,0.98,726,7.45,52.9,7.84,45.3,8.13,40.2,1223,7.12,60.0,7.38,54.4,7.6,49.8,1503,7.22,57.8,7.47,52.5,7.69,48.2
A357880,SKAI,IT서비스,2026-09-28,-12.73,19.49,102991063700,False,False,,,,,0,,,,,,,388,22.74,-156.0,24.92,-151.1,33.42,-138.1,388,22.74,-156.0,24.92,-151.1,33.42,-138.1
A358570,지아이이노베이션,생물공학,2026-09-28,-12.39,3.1,553547331480,False,False,,,,,111,3.47,-457.4,3.55,-449.3,3.71,-433.9,159,3.45,-459.1,3.54,-450.4,3.67,-437.7,159,3.45,-459.1,3.54,-450.4,3.67,-437.7
A359090,씨엔알리서치,제약,2026-09-28,-58.15,8.21,26723882475,False,False,,,,,666,10.67,-645.2,11.18,-620.2,11.68,-598.0,1097,11.29,-615.0,12.78,-555.0,13.3,-537.3,1097,11.29,-615.0,12.78,-555.0,13.3,-537.3
A360070,탑머티리얼,전자장비와기기,2026-09-28,-2.16,11.16,76185999900,False,False,,,,,304,14.09,-115.4,16.2,-113.4,16.67,-113.0,542,16.21,-113.4,16.82,-112.9,17.97,-112.0,542,16.21,-113.4,16.82,-112.9,17.97,-112.0
A360350,코셈,전자장비와기기,2026-09-28,-22.32,72.57,49376767600,False,False,,,,,85,88.45,-125.2,91.19,-124.5,96.14,-123.2,85,88.45,-125.2,91.19,-124.5,96.14,-123.2,85,88.45,-125.2,91.19,-124.5,96.14,-123.2
A361390,제노코,우주항공과국방,2026-09-28,-73.11,12.84,127546591100,False,False,,,,,712,23.06,-417.1,23.53,-410.8,24.14,-402.9,1209,21.96,-432.8,22.78,-420.9,23.32,-413.6,1337,21.56,-439.0,22.42,-426.1,22.99,-418.0
A361570,알비더블유,방송과엔터테인먼트,2026-09-28,12.15,9.33,47943809388,False,False,,,,,179,10.1,20.3,10.46,16.1,11.45,6.1,639,11.77,3.2,12.35,-1.6,14.81,-18.0,639,11.77,3.2,12.35,-1.6,14.81,-18.0
A361610,SK아이이테크놀로지,전기제품,2026-09-28,-10.32,22.01,1492614575000,True,False,0.0,0.0,0.0,0.0,247,38.06,-127.1,40.62,-125.4,46.8,-122.0,744,37.38,-127.6,38.81,-126.6,39.81,-125.9,839,37.68,-127.4,39.02,-126.4,40.34,-125.6
A361670,삼영에스앤씨,전자장비와기기,2026-09-28,-15.86,59.74,20488583670,False,False,,,,,0,,,,,,,66,1013.4,-101.6,1030.43,-101.5,1038.95,-101.5,154,64.21,-124.7,65.29,-124.3,65.99,-124.0
A362320,청담글로벌,인터넷과카탈로그소매,2026-09-28,42.25,4.67,88876078515,False,False,,,,,726,6.78,523.3,7.9,434.6,14.12,199.2,1055,6.09,593.1,6.67,533.8,7.14,491.5,1055,6.09,593.1,6.67,533.8,7.14,491.5
A362990,드림인사이트,광고,2026-09-28,-25.41,5.74,20631104872,False,False,,,,,412,6.49,-491.7,7.09,-458.3,7.42,-442.4,412,6.49,-491.7,7.09,-458.3,7.42,-442.4,412,6.49,-491.7,7.09,-458.3,7.42,-442.4
A363250,진시스템,건강관리장비와용품,2026-09-28,-4.51,25.05,35394869120,False,False,,,,,0,,,,,,,321,30.51,-114.8,31.42,-114.3,33.09,-113.6,380,29.44,-115.3,30.33,-114.9,31.54,-114.3
A363260,모비데이즈,광고,2026-09-28,6.42,1.89,26245632240,False,False,,,,,422,6.93,-7.3,7.44,-13.8,9.91,-35.2,794,6.66,-3.7,8.89,-27.8,10.37,-38.1,794,6.66,-3.7,8.89,-27.8,10.37,-38.1
A363280,티와이홀딩스,"호텔,레스토랑,레저",2026-09-28,-3.22,6.17,91449639330,False,False,,,,,0,,,,,,,497,9.49,-133.9,9.68,-133.3,18.27,-117.6,669,9.02,-135.7,9.56,-133.7,16.92,-119.0
A364950,에이아이코리아,전자장비와기기,2026-09-28,-6.37,5.53,27461232950,False,False,,,,,284,5.87,-208.4,6.04,-205.4,6.33,-200.5,284,5.87,-208.4,6.04,-205.4,6.33,-200.5,284,5.87,-208.4,6.04,-205.4,6.33,-200.5
A365330,에스와이스틸텍,건축자재,2026-09-28,-30.82,4.74,78969154000,False,False,,,,,519,5.75,-636.1,6.26,-592.5,7.49,-511.5,519,5.75,-636.1,6.26,-592.5,7.49,-511.5,519,5.75,-636.1,6.26,-592.5,7.49,-511.5
A365340,성일하이텍,전기제품,2026-09-28,18.72,17.97,455469303750,True,False,0.0,0.0,0.0,0.0,452,20.42,-8.3,21.71,-13.8,22.39,-16.4,743,21.73,-13.8,22.55,-17.0,24.01,-22.0,743,21.73,-13.8,22.55,-17.0,24.01,-22.0
A365590,하이딥,반도체와반도체장비,2026-09-28,-1.8,8.4,23358831975,False,False,,,,,99,20.45,-108.8,20.88,-108.6,26.96,-106.7,287,11.08,-116.3,11.7,-115.4,12.4,-114.5,287,11.08,-116.3,11.7,-115.4,12.4,-114.5
A365900,브이씨,레저용장비와제품,2026-09-28,219.47,3.51,18641265000,False,False,,,,,60,204.28,7.4,206.36,6.3,208.28,5.4,333,4.2,5122.8,5.23,4100.3,5.46,3920.9,333,4.2,5122.8,5.23,4100.3,5.46,3920.9
A366030,나인앤컴퍼니,"섬유,의류,신발,호화품",2026-09-28,17.89,4.28,106133287250,False,False,,,,,726,11.03,62.2,11.64,53.8,12.08,48.1,1105,10.85,64.8,11.56,54.8,12.12,47.7,1105,10.85,64.8,11.56,54.8,12.12,47.7
A367000,플래티어,IT서비스,2026-09-28,-15.65,8.78,27471377925,False,False,,,,,80,21.37,-173.2,21.55,-172.6,21.82,-171.7,515,13.94,-212.3,14.84,-205.4,17.55,-189.2,544,14.02,-211.6,15.01,-204.3,18.01,-186.9
A368600,아이씨에이치,전자장비와기기,2026-09-28,-3.06,2.95,24660416740,False,False,,,,,216,4.0,-176.5,4.53,-167.6,4.96,-161.7,278,4.18,-173.2,4.95,-161.8,5.17,-159.2,278,4.18,-173.2,4.95,-161.8,5.17,-159.2
A368770,파이버프로,전자장비와기기,2026-09-28,26.66,5.02,423819502500,False,False,0.0,,0.0,,726,22.44,18.8,23.33,14.2,24.45,9.0,1157,20.79,28.2,22.36,19.2,23.16,15.1,1157,20.79,28.2,22.36,19.2,23.16,15.1
A368970,오에스피,식품,2026-09-28,69.25,9.07,30291040010,False,False,,,,,364,10.99,529.9,11.74,489.8,13.66,406.8,604,10.99,529.9,12.16,469.3,13.43,415.8,604,10.99,529.9,12.16,469.3,13.43,415.8
A369370,블리츠웨이엔터테인먼트,방송과엔터테인먼트,2026-09-28,-3.61,48.96,31020328020,False,False,,,,,0,,,,,,,184,57.05,-106.3,59.36,-106.1,63.61,-105.7,184,57.05,-106.3,59.36,-106.1,63.61,-105.7
A370090,퓨런티어,전자장비와기기,2026-09-28,-9.15,11.55,51512116600,False,False,,,,,441,18.61,-149.2,20.62,-144.4,21.95,-141.7,838,17.58,-152.1,18.66,-149.0,20.03,-145.7,838,17.58,-152.1,18.66,-149.0,20.03,-145.7
A371950,풍원정밀,디스플레이장비및부품,2026-09-28,-3.78,4.06,75290206950,False,False,,,,,9,,,,,,,356,5.82,-165.0,6.06,-162.4,7.28,-152.0,356,5.82,-165.0,6.06,-162.4,7.28,-152.0
A372170,윤성에프앤씨,전자장비와기기,2026-09-28,-16.49,5.22,162373626800,False,False,,,,,502,10.28,-260.3,10.77,-253.1,11.23,-246.8,721,7.13,-331.3,9.52,-273.2,10.45,-257.7,721,7.13,-331.3,9.52,-273.2,10.45,-257.7
A372320,큐로셀,생물공학,2026-09-28,-9.28,18.65,328906483200,False,False,,,,,119,20.17,-146.0,20.8,-144.6,21.48,-143.2,119,20.17,-146.0,20.8,-144.6,21.48,-143.2,119,20.17,-146.0,20.8,-144.6,21.48,-143.2
A372800,아이티아이즈,IT서비스,2026-09-28,-2.01,5.79,20830079440,False,False,,,,,213,23.41,-108.6,31.58,-106.4,32.4,-106.2,461,8.48,-123.6,9.82,-120.4,10.64,-118.9,461,8.48,-123.6,9.82,-120.4,10.64,-118.9
A372910,한컴라이프케어,건강관리장비와용품,2026-09-28,9.53,5.01,60330205080,True,False,0.0,0.0,0.0,0.0,666,5.81,64.0,6.08,56.6,6.23,52.9,853,5.97,59.6,6.19,53.9,6.42,48.5,880,5.98,59.3,6.23,53.0,6.43,48.2
A373160,데이원컴퍼니,교육서비스,2026-09-28,16.32,3.2,45637099200,False,False,,,,,406,3.87,321.4,4.87,235.5,8.25,97.9,406,3.87,321.4,4.87,235.5,8.25,97.9,406,3.87,321.4,4.87,235.5,8.25,97.9
A373170,엠아이큐브솔루션,IT서비스,2026-09-28,46.89,16.49,27355959900,False,False,,,,,484,35.24,33.1,37.48,25.1,39.08,20.0,522,35.44,32.3,38.02,23.3,39.3,19.3,522,35.44,32.3,38.02,23.3,39.3,19.3
A373200,엑스플러스,핸드셋,2026-09-28,-6.19,2.86,39242752379,False,False,,,,,0,,,,,,,246,13.63,-145.4,14.59,-142.4,15.12,-140.9,246,13.63,-145.4,14.59,-142.4,15.12,-140.9
A373220,LG에너지솔루션,전기제품,2026-09-28,28.91,22.02,85176000000000,True,False,1.02,0.26,2.91,3.74,726,24.56,17.7,25.65,12.7,26.6,8.7,1139,25.77,12.2,27.07,6.8,28.14,2.7,1139,25.77,12.2,27.07,6.8,28.14,2.7
A375500,DL이앤씨,건설,2026-09-28,5.51,1.26,3172877086000,True,False,0.26,0.05,0.26,0.05,726,2.8,96.8,2.86,92.4,2.98,85.0,1223,2.21,149.6,2.36,133.7,2.43,126.3,1390,2.25,145.0,2.39,130.4,2.45,124.4
A376180,피코그램,가정용기기와용품,2026-09-28,-144.9,5.51,25836964896,False,False,,,,,546,16.53,-976.5,17.25,-940.0,18.15,-898.3,977,14.78,-1080.7,16.17,-996.0,17.43,-931.2,977,14.78,-1080.7,16.17,-996.0,17.43,-931.2
A376270,HEM파마,건강관리업체및서비스,2026-09-28,14.57,9.45,238592808350,True,False,0.0,0.0,0.0,0.0,94,10.38,40.5,10.66,36.8,10.79,35.1,94,10.38,40.5,10.66,36.8,10.79,35.1,94,10.38,40.5,10.66,36.8,10.79,35.1
A376290,씨유테크,핸드셋,2026-09-28,6.46,4.37,51030175000,False,False,,,,,726,4.94,30.6,5.06,27.6,5.58,15.7,1216,5.07,27.3,5.38,20.1,5.68,13.7,1216,5.07,27.3,5.38,20.1,5.68,13.7
A376300,디어유,양방향미디어와서비스,2026-09-28,9.6,9.42,404265054180,True,False,0.0,0.0,-1.08,0.2,726,11.45,-16.1,13.15,-27.0,13.85,-30.7,1194,13.33,-28.0,14.43,-33.5,15.32,-37.3,1194,13.33,-28.0,14.43,-33.5,15.32,-37.3
A376980,원티드랩,상업서비스와공급품,2026-09-28,15.79,7.59,30617645190,False,False,,,,,484,16.59,-4.8,18.14,-13.0,25.57,-38.3,981,10.44,51.3,11.46,37.8,12.22,29.2,1011,10.45,51.1,11.53,36.9,12.34,27.9
A377220,프롬바이오,건강관리업체및서비스,2026-09-28,-0.76,3.17,12399780000,False,False,,,,,0,,,,,,,391,4.13,-118.4,4.77,-116.0,5.5,-113.8,391,4.13,-118.4,4.77,-116.0,5.5,-113.8
A377300,카카오페이,IT서비스,2026-09-28,29.06,28.18,5567620595300,True,False,0.0,0.0,0.0,0.0,543,33.63,-13.6,39.33,-26.1,61.44,-52.7,770,38.91,-25.3,63.83,-54.5,82.33,-64.7,770,38.91,-25.3,63.83,-54.5,82.33,-64.7
A377330,이지트로닉스,전기제품,2026-09-28,-1.94,8.86,21937176030,False,False,,,,,0,,,,,,,266,10.19,-119.0,12.07,-116.0,12.44,-115.6,266,10.19,-119.0,12.07,-116.0,12.44,-115.6
A377450,리파인,상업서비스와공급품,2026-09-28,14.06,5.98,259950000000,False,False,,,,,726,6.65,111.5,6.84,105.5,6.95,102.3,1202,6.77,107.8,6.92,103.3,7.07,98.8,1202,6.77,107.8,6.92,103.3,7.07,98.8
A377460,큐에이드,상업서비스와공급품,2026-09-28,-66.48,0.62,253187202960,False,False,,,,,201,2.05,-3342.0,2.05,-3342.0,2.05,-3342.0,517,2.01,-3407.5,2.05,-3342.0,2.37,-2911.1,517,2.01,-3407.5,2.05,-3342.0,2.37,-2911.1
A377480,마음AI,IT서비스,2026-09-28,-9.18,24.06,73235832500,False,False,,,,,0,,,,,,,161,27.53,-133.4,27.88,-132.9,28.24,-132.5,161,27.53,-133.4,27.88,-132.9,28.24,-132.5
A377740,바이오노트,건강관리장비와용품,2026-09-28,23.2,2.0,474788983680,False,False,,,,,569,24.44,-5.1,27.38,-15.3,28.48,-18.5,698,4.28,442.6,7.39,213.9,22.75,2.0,698,4.28,442.6,7.39,213.9,22.75,2.0
A378340,필에너지,전기제품,2026-09-28,-11.09,8.65,258644389900,False,False,,,,,422,17.98,-161.7,20.34,-154.5,21.55,-151.5,475,18.32,-160.5,20.96,-152.9,21.82,-150.8,475,18.32,-160.5,20.96,-152.9,21.82,-150.8
A378850,화승알앤에이,자동차부품,2026-09-28,1.61,1.48,53846921205,False,False,,,,,726,1.71,-6.3,1.81,-11.1,1.85,-13.4,1094,1.81,-11.1,1.89,-15.0,1.95,-17.8,1094,1.81,-11.1,1.89,-15.0,1.95,-17.8
A381620,제닉스로보틱스,기계,2026-09-28,-5.87,8.84,79232236800,False,False,,,,,180,14.33,-141.0,14.8,-139.6,15.21,-138.6,180,14.33,-141.0,14.8,-139.6,15.21,-138.6,180,14.33,-141.0,14.8,-139.6,15.21,-138.6
A381970,KG모빌리티플랫폼,자동차,2026-09-28,3.84,3.65,315382678080,True,False,,,,,726,5.25,-26.9,5.84,-34.2,6.5,-40.9,1214,5.98,-35.8,6.79,-43.4,7.32,-47.6,1214,5.98,-35.8,6.79,-43.4,7.32,-47.6
A382480,지아이텍,전기제품,2026-09-28,63.07,9.53,63679852520,False,False,,,,,726,25.68,145.6,26.38,139.1,27.1,132.8,1208,16.69,277.9,20.53,207.3,22.36,182.1,1208,16.69,277.9,20.53,207.3,22.36,182.1
A382800,지앤비에스 에코,반도체와반도체장비,2026-09-28,5.14,1.37,168386206890,True,False,0.0,0.0,0.0,0.0,726,4.68,9.8,4.82,6.6,5.07,1.4,1202,4.91,4.7,5.29,-2.9,5.87,-12.5,1202,4.91,4.7,5.29,-2.9,5.87,-12.5
A382840,원준,전기제품,2026-09-28,-4.39,5.05,78190494720,False,False,,,,,605,6.97,-162.9,8.0,-154.8,9.34,-147.0,1079,7.31,-160.0,8.4,-152.2,10.22,-142.9,1079,7.31,-160.0,8.4,-152.2,10.22,-142.9
A382900,범한퓨얼셀,전기제품,2026-09-28,26.34,15.58,210702050000,True,False,,,,,637,28.12,-6.3,30.08,-12.4,31.12,-15.4,947,25.89,1.7,29.14,-9.6,30.85,-14.6,947,25.89,1.7,29.14,-9.6,30.85,-14.6
A383220,F&F,"섬유,의류,신발,호화품",2026-09-28,4.75,3.46,2666172420000,True,False,0.0,0.0,0.0,0.0,726,4.22,12.5,4.3,10.4,4.43,7.2,1223,4.34,9.4,4.51,5.3,4.65,2.3,1311,4.4,8.0,4.54,4.6,4.68,1.6
A383310,에코프로에이치엔,상업서비스와공급품,2026-09-28,9.0,8.57,477179703000,True,False,0.0,0.0,1.97,14.1,726,12.62,-28.7,14.48,-37.8,15.58,-42.2,1223,14.82,-39.2,16.78,-46.3,18.05,-50.1,1306,14.76,-39.0,16.27,-44.7,17.62,-48.9
A383800,LX홀딩스,무역회사와판매업체,2026-09-28,3.29,2.45,627027271800,True,False,0.0,0.0,-7.54,-6.97,726,2.75,20.0,2.88,14.5,2.95,11.8,1036,2.86,15.3,2.97,11.0,3.08,7.0,1036,2.86,15.3,2.97,11.0,3.08,7.0
A383930,디티앤씨알오,생명과학도구및서비스,2026-09-28,-2.4,5.86,25056890880,False,False,,,,,0,,,,,,,220,8.22,-129.2,8.64,-127.8,8.89,-127.0,220,8.22,-129.2,8.64,-127.8,8.89,-127.0
A388050,지투파워,전기장비,2026-09-28,13.98,7.92,185971803780,False,False,0.0,,0.0,,543,13.52,3.5,15.66,-10.7,17.98,-22.3,800,15.53,-10.0,18.06,-22.6,20.03,-30.2,800,15.53,-10.0,18.06,-22.6,20.03,-30.2
A388210,씨엠티엑스,반도체와반도체장비,2026-09-28,9.35,6.75,823523561400,True,False,0.0,0.0,0.0,0.0,208,8.18,14.2,8.45,10.7,9.01,3.8,208,8.18,14.2,8.45,10.7,9.01,3.8,208,8.18,14.2,8.45,10.7,9.01,3.8
A388610,지에프씨생명과학,생물공학,2026-09-28,36.47,29.28,30674206080,False,False,,,,,422,34.48,5.8,35.27,3.4,35.72,2.1,422,34.48,5.8,35.27,3.4,35.72,2.1,422,34.48,5.8,35.27,3.4,35.72,2.1
A388720,유일로보틱스,기계,2026-09-28,-63.29,28.45,798775191000,False,False,,,,,118,436.13,-114.5,444.19,-114.2,448.15,-114.1,337,37.45,-269.0,39.73,-259.3,41.42,-252.8,337,37.45,-269.0,39.73,-259.3,41.42,-252.8
A388790,라이콤,통신장비,2026-09-28,19.63,1.95,157050640800,True,True,,,,,180,89.87,-78.2,92.41,-78.8,94.76,-79.3,365,14.94,31.4,18.2,7.9,21.73,-9.7,365,14.94,31.4,18.2,7.9,21.73,-9.7
A389020,자람테크놀로지,통신장비,2026-09-28,-18.57,15.54,111171820200,False,False,,,,,394,26.4,-170.3,28.73,-164.6,31.21,-159.5,530,22.86,-181.2,24.62,-175.4,26.86,-169.1,530,22.86,-181.2,24.62,-175.4,26.86,-169.1
A389140,포바이포,방송과엔터테인먼트,2026-09-28,-10.42,24.68,81337489500,False,False,,,,,0,,,,,,,106,27.64,-137.7,29.63,-135.1,30.67,-134.0,106,27.64,-137.7,29.63,-135.1,30.67,-134.0
A389260,대명에너지,에너지장비및서비스,2026-09-28,6.72,5.69,238107959250,True,False,0.0,0.0,0.0,0.0,726,6.9,-2.6,7.36,-8.7,7.94,-15.3,1036,6.9,-2.6,7.41,-9.3,7.87,-14.6,1036,6.9,-2.6,7.41,-9.3,7.87,-14.6
A389500,에스비비테크,기계,2026-09-28,-72.47,89.21,280198997600,True,False,0.0,0.0,0.0,0.0,0,,,,,,,83,97.01,-174.7,101.26,-171.6,113.28,-164.0,83,97.01,-174.7,101.26,-171.6,113.28,-164.0
A389650,넥스트바이오메디컬,건강관리장비와용품,2026-09-28,-62.53,18.25,259492916100,True,False,0.0,0.0,26.1,71.43,282,32.13,-294.6,42.81,-246.1,49.37,-226.6,282,32.13,-294.6,42.81,-246.1,49.37,-226.6,282,32.13,-294.6,42.81,-246.1,49.37,-226.6
A391710,코닉오토메이션,IT서비스,2026-09-28,-73.11,10.75,53616551260,False,False,,,,,362,30.33,-341.1,34.05,-314.7,37.67,-294.1,609,15.95,-558.3,27.48,-366.0,28.84,-353.5,609,15.95,-558.3,27.48,-366.0,28.84,-353.5
A393210,토마토시스템,IT서비스,2026-09-28,-120.68,2.55,66439884720,False,False,,,,,251,6.48,-1961.1,6.77,-1883.7,7.4,-1731.1,436,6.51,-1953.5,6.79,-1877.0,6.96,-1833.1,436,6.51,-1953.5,6.79,-1877.0,6.96,-1833.1
A393890,더블유씨피,전기제품,2026-09-28,-3.19,7.33,342154185840,False,False,,,,,420,14.28,-122.4,16.47,-119.4,18.24,-117.5,667,16.58,-119.2,18.95,-116.8,19.83,-116.1,667,16.58,-119.2,18.95,-116.8,19.83,-116.1
A393970,대진첨단소재,전기제품,2026-09-28,-2.25,9.84,50428566500,False,False,,,,,78,10.3,-121.8,10.46,-121.5,10.95,-120.6,78,10.3,-121.8,10.46,-121.5,10.95,-120.6,78,10.3,-121.8,10.46,-121.5,10.95,-120.6
A394280,오픈엣지테크놀로지,반도체와반도체장비,2026-09-28,-9.0,9.81,259249855200,False,False,,,,,371,15.78,-157.0,17.27,-152.1,25.33,-135.5,512,16.48,-154.6,27.52,-132.7,32.47,-127.7,512,16.48,-154.6,27.52,-132.7,32.47,-127.7
A394420,리센스메디컬,건강관리장비와용품,2026-09-28,20.56,13.15,106917093720,True,False,0.0,0.0,26.83,-27.78,60,17.29,18.9,17.53,17.3,17.65,16.5,60,17.29,18.9,17.53,17.3,17.65,16.5,60,17.29,18.9,17.53,17.3,17.65,16.5
A394800,쓰리빌리언,건강관리기술,2026-09-28,52.65,29.36,231668185840,False,False,,,,,108,34.36,53.2,35.43,48.6,37.62,39.9,108,34.36,53.2,35.43,48.6,37.62,39.9,108,34.36,53.2,35.43,48.6,37.62,39.9
A396270,넥스트칩,반도체와반도체장비,2026-09-28,-8.9,7.56,75641091300,False,False,,,,,49,,,,,,,195,8.52,-204.5,8.84,-200.7,8.99,-199.0,195,8.52,-204.5,8.84,-200.7,8.99,-199.0
A396300,HT로보틱스,전자장비와기기,2026-09-28,20.67,9.16,157082735000,False,False,,,,,523,11.52,79.4,12.29,68.1,12.73,62.4,901,12.49,65.5,13.17,56.9,13.82,49.6,901,12.49,65.5,13.17,56.9,13.82,49.6
A396470,워트,반도체와반도체장비,2026-09-28,18.38,12.58,110260800000,False,False,,,,,711,19.06,-3.6,31.17,-41.0,35.88,-48.8,711,19.06,-3.6,31.17,-41.0,35.88,-48.8,711,19.06,-3.6,31.17,-41.0,35.88,-48.8
A397030,에이프릴바이오,제약,2026-09-28,30.31,8.84,515349223400,True,False,0.0,0.0,0.0,0.0,605,28.04,8.1,29.09,4.2,30.2,0.4,713,18.75,61.7,21.37,41.9,24.93,21.6,713,18.75,61.7,21.37,41.9,24.93,21.6
A397810,애드포러스,광고,2026-09-28,25.3,11.02,35764136100,False,False,,,,,267,11.83,113.9,12.23,106.8,12.45,103.3,267,11.83,113.9,12.23,106.8,12.45,103.3,267,11.83,113.9,12.23,106.8,12.45,103.3
A398120,에스지헬스케어,건강관리장비와용품,2026-09-28,15.79,9.02,25459248650,False,False,,,,,180,9.97,58.4,11.13,41.8,11.95,32.1,180,9.97,58.4,11.13,41.8,11.95,32.1,180,9.97,58.4,11.13,41.8,11.95,32.1
A399720,가온칩스,반도체와반도체장비,2026-09-28,-59.01,22.69,539577402000,False,False,,,,,544,35.07,-268.3,36.96,-259.6,42.65,-238.4,882,29.45,-300.4,32.73,-280.3,34.59,-270.6,882,29.45,-300.4,32.73,-280.3,34.59,-270.6
A402030,코난테크놀로지,소프트웨어,2026-09-28,-19.8,13.14,162977693760,False,False,,,,,0,,,,,,,84,13.6,-245.5,13.8,-243.5,13.93,-242.1,84,13.6,-245.5,13.8,-243.5,13.93,-242.1
A402340,SK스퀘어,반도체와반도체장비,2026-09-28,2.55,2.05,145116397800000,True,False,0.0,0.0,6.99,3.6,726,2.45,4.1,2.55,0.1,2.64,-3.2,1054,2.53,1.0,2.62,-2.5,2.75,-6.9,1054,2.53,1.0,2.62,-2.5,2.75,-6.9
A402490,그린리소스,반도체와반도체장비,2026-09-28,16.89,12.42,120917449380,False,False,,,,,666,22.46,-24.8,26.74,-36.8,32.46,-48.0,666,22.46,-24.8,26.74,-36.8,32.46,-48.0,666,22.46,-24.8,26.74,-36.8,32.46,-48.0
A403490,우듬지팜,식품,2026-09-28,-5.06,17.05,18510781380,False,False,,,,,546,18.86,-126.8,20.15,-125.1,22.1,-122.9,546,18.86,-126.8,20.15,-125.1,22.1,-122.9,546,18.86,-126.8,20.15,-125.1,22.1,-122.9
A403550,쏘카,도로와철도운송,2026-09-28,12.14,9.54,404819181140,True,False,0.0,0.0,-1.01,-3.95,726,11.85,2.5,12.4,-2.0,14.19,-14.4,1001,12.16,-0.1,12.94,-6.2,15.18,-20.0,1001,12.16,-0.1,12.94,-6.2,15.18,-20.0
A403850,더핑크퐁컴퍼니,방송과엔터테인먼트,2026-09-28,11.05,7.54,176804443200,False,False,,,,,210,8.79,25.7,9.16,20.6,9.42,17.2,210,8.79,25.7,9.16,20.6,9.42,17.2,210,8.79,25.7,9.16,20.6,9.42,17.2
A403870,HPSP,반도체와반도체장비,2026-09-28,25.04,3.3,4608800000000,True,False,0.0,0.0,-0.38,1.72,726,17.91,39.8,18.79,33.3,19.4,29.0,1026,11.64,115.1,12.59,98.8,16.41,52.6,1026,11.64,115.1,12.59,98.8,16.41,52.6
A405000,플라즈맵,건강관리장비와용품,2026-09-28,-2.61,513.79,18511817740,False,False,,,,,0,,,,,,,74,545.33,-100.5,569.02,-100.5,580.23,-100.5,74,545.33,-100.5,569.02,-100.5,580.23,-100.5
A405100,큐알티,반도체와반도체장비,2026-09-28,9.49,2.34,174630967210,True,False,0.0,0.0,0.0,0.0,726,10.11,-6.2,12.62,-24.8,13.83,-31.4,953,7.91,20.0,10.99,-13.7,13.29,-28.6,953,7.91,20.0,10.99,-13.7,13.29,-28.6
A405920,나라셀라,음료,2026-09-28,11.12,3.27,24069124044,False,False,,,,,301,10.52,5.7,10.84,2.6,14.59,-23.7,383,7.04,58.0,8.07,37.8,10.02,11.1,383,7.04,58.0,8.07,37.8,10.02,11.1
A406820,뷰티스킨,화장품,2026-09-28,-19.63,9.35,33926776800,False,False,,,,,60,9.9,-298.2,10.58,-285.7,10.82,-281.5,107,10.67,-284.0,11.3,-273.7,11.77,-266.8,107,10.67,-284.0,11.3,-273.7,11.77,-266.8
A407400,꿈비,가정용기기와용품,2026-09-28,-6.45,21.06,27966594474,False,False,,,,,163,247.03,-102.6,254.89,-102.5,258.62,-102.5,262,26.91,-124.0,29.68,-121.7,31.29,-120.6,262,26.91,-124.0,29.68,-121.7,31.29,-120.6
A408470,한패스,IT서비스,2026-09-28,-388.01,11.74,50904180000,False,False,,,,,66,16.33,-2476.7,17.82,-2276.9,18.53,-2193.5,66,16.33,-2476.7,17.82,-2276.9,18.53,-2193.5,66,16.33,-2476.7,17.82,-2276.9,18.53,-2193.5
A408900,스튜디오미르,방송과엔터테인먼트,2026-09-28,-18.39,13.7,32261635065,False,False,,,,,295,18.26,-200.7,19.15,-196.0,23.71,-177.6,456,19.2,-195.8,54.18,-133.9,60.77,-130.3,456,19.2,-195.8,54.18,-133.9,60.77,-130.3
A408920,메쎄이상,양방향미디어와서비스,2026-09-28,6.0,0.83,124941794950,False,False,,,,,726,5.42,10.6,5.65,6.1,5.82,3.0,1036,1.11,439.1,1.64,265.9,5.33,12.5,1036,1.11,439.1,1.64,265.9,5.33,12.5
A411080,샌즈랩,소프트웨어,2026-09-28,-124.83,29.85,99239647000,False,False,,,,,215,65.66,-290.1,69.85,-278.7,74.67,-267.2,370,47.33,-363.7,51.24,-343.6,62.32,-300.3,370,47.33,-363.7,51.24,-343.6,62.32,-300.3
A412350,레이저쎌,반도체와반도체장비,2026-09-28,-9.03,5.91,87618258000,False,False,,,,,0,,,,,,,81,6.09,-248.4,6.21,-245.4,6.41,-240.8,81,6.09,-248.4,6.21,-245.4,6.41,-240.8
A412540,제일엠앤에스,전기제품,2026-09-28,-8.86,14.73,81063616775,False,False,,,,,123,16.1,-155.0,17.69,-150.1,18.39,-148.2,123,16.1,-155.0,17.69,-150.1,18.39,-148.2,123,16.1,-155.0,17.69,-150.1,18.39,-148.2
A413390,엠오티,전기제품,2026-09-28,11.39,5.5,70534500000,False,False,,,,,452,8.19,39.0,11.0,3.5,11.82,-3.7,452,8.19,39.0,11.0,3.5,11.82,-3.7,452,8.19,39.0,11.0,3.5,11.82,-3.7
A413630,씨피시스템,기계,2026-09-28,29.39,7.92,152851557975,True,False,,,,,545,12.47,135.8,15.76,86.6,18.34,60.3,545,12.47,135.8,15.76,86.6,18.34,60.3,545,12.47,135.8,15.76,86.6,18.34,60.3
A413640,비아이매트릭스,IT서비스,2026-09-28,49.58,6.88,43169570600,False,False,,,,,538,10.75,361.0,11.2,342.7,11.8,320.1,538,10.75,361.0,11.2,342.7,11.8,320.1,538,10.75,361.0,11.2,342.7,11.8,320.1
A415380,스튜디오삼익,가구,2026-09-28,11.55,3.54,24487966500,False,False,,,,,641,8.25,39.9,8.39,37.6,8.52,35.5,641,8.25,39.9,8.39,37.6,8.52,35.5,641,8.25,39.9,8.39,37.6,8.52,35.5
A416180,신성에스티,전기제품,2026-09-28,877.6,9.04,229610361200,False,False,,,,,690,14.98,5759.1,17.48,4922.0,19.51,4397.1,690,14.98,5759.1,17.48,4922.0,19.51,4397.1,690,14.98,5759.1,17.48,4922.0,19.51,4397.1
A417010,나노팀,전자장비와기기,2026-09-28,1027.41,17.96,129105459200,False,False,,,,,347,37.4,2646.8,43.53,2260.1,45.76,2145.0,491,24.88,4029.2,26.7,3747.8,32.07,3103.4,491,24.88,4029.2,26.7,3747.8,32.07,3103.4
A417180,핑거스토리,양방향미디어와서비스,2026-09-28,27.36,15.56,23173874895,False,False,,,,,726,23.11,18.4,24.94,9.7,26.23,4.3,911,24.47,11.8,25.74,6.3,28.05,-2.5,911,24.47,11.8,25.74,6.3,28.05,-2.5
A417200,LS머트리얼즈,전기제품,2026-09-28,3066.41,45.89,884896779720,False,False,,,,,558,58.27,5162.0,61.74,4866.5,65.77,4562.6,558,58.27,5162.0,61.74,4866.5,65.77,4562.6,558,58.27,5162.0,61.74,4866.5,65.77,4562.6
A417500,제이아이테크,반도체와반도체장비,2026-09-28,4.77,3.55,130483281120,True,True,,,,,726,6.66,-28.3,7.7,-38.0,8.24,-42.1,951,6.09,-21.6,6.63,-28.0,7.75,-38.4,951,6.09,-21.6,6.63,-28.0,7.75,-38.4
A417790,트루엔,전자장비와기기,2026-09-28,5.31,4.26,68358593230,False,False,,,,,726,5.28,0.4,5.36,-1.0,5.44,-2.5,819,5.31,0.0,5.39,-1.6,5.49,-3.3,819,5.31,0.0,5.39,-1.6,5.49,-3.3
A417840,저스템,반도체와반도체장비,2026-09-28,8.45,4.89,391011444240,True,False,0.0,0.0,-2.36,2.28,569,7.62,10.9,8.09,4.4,8.62,-1.9,799,6.71,26.0,7.31,15.5,7.94,6.4,799,6.71,26.0,7.31,15.5,7.94,6.4
A417860,오브젠,소프트웨어,2026-09-28,122.65,19.48,32854203880,False,False,,,,,304,92.77,32.2,95.7,28.2,107.19,14.4,385,23.09,431.1,24.85,393.5,31.06,294.8,385,23.09,431.1,24.85,393.5,31.06,294.8
A417970,모델솔루션,기계,2026-09-28,8.16,7.31,66397746000,False,False,,,,,726,11.16,-26.9,12.87,-36.6,13.52,-39.7,970,11.79,-30.8,12.95,-37.0,13.61,-40.1,970,11.79,-30.8,12.95,-37.0,13.61,-40.1
A418420,라온텍,반도체와반도체장비,2026-09-28,-13.8,452.5,135254182410,False,False,,,,,0,,,,,,,140,604.77,-102.3,669.29,-102.1,697.13,-102.0,140,604.77,-102.3,669.29,-102.1,697.13,-102.0
A418470,KT밀리의서재,출판,2026-09-28,4.95,4.09,81888942840,True,False,0.0,0.0,0.0,0.0,726,5.35,-7.4,6.18,-19.8,6.61,-25.1,727,5.37,-7.8,6.18,-19.9,6.62,-25.1,727,5.37,-7.8,6.18,-19.9,6.62,-25.1
A418550,제이오,건설,2026-09-28,-19.87,30.97,158327392985,False,False,,,,,345,38.18,-152.0,39.46,-150.3,40.51,-149.0,499,39.36,-150.5,40.91,-148.6,42.79,-146.4,499,39.36,-150.5,40.91,-148.6,42.79,-146.4
A418620,E8,소프트웨어,2026-09-28,-1.17,48.25,12763856711,False,False,,,,,79,53.04,-102.2,55.12,-102.1,56.57,-102.1,79,53.04,-102.2,55.12,-102.1,56.57,-102.1,79,53.04,-102.2,55.12,-102.1,56.57,-102.1
A419050,삼기에너지솔루션즈,자동차부품,2026-09-28,22.9,9.65,108386874800,False,False,,,,,425,14.73,55.4,15.92,43.8,16.29,40.5,588,13.55,69.0,14.2,61.3,14.61,56.7,588,13.55,69.0,14.2,61.3,14.61,56.7
A419080,엔젯,디스플레이장비및부품,2026-09-28,-10.73,6.48,53108826045,False,False,,,,,83,13.74,-178.1,13.94,-176.9,14.25,-175.2,298,8.72,-223.0,9.71,-210.5,11.29,-195.0,298,8.72,-223.0,9.71,-210.5,11.29,-195.0
A419120,산돌,소프트웨어,2026-09-28,6.96,6.48,30935218575,False,False,,,,,726,9.66,-27.9,12.05,-42.2,12.77,-45.5,957,8.68,-19.8,9.88,-29.5,10.52,-33.8,957,8.68,-19.8,9.88,-29.5,10.52,-33.8
A419530,SAMG엔터,방송과엔터테인먼트,2026-09-28,6.4,5.97,178424250760,True,False,0.0,0.0,0.0,0.0,636,7.53,-15.0,9.55,-33.0,10.97,-41.7,636,7.53,-15.0,9.55,-33.0,10.97,-41.7,636,7.53,-15.0,9.55,-33.0,10.97,-41.7
A419540,비스토스,건강관리장비와용품,2026-09-28,-10.44,39.7,18500375565,False,False,,,,,301,53.86,-119.4,55.35,-118.9,86.91,-112.0,539,51.24,-120.4,53.32,-119.6,54.86,-119.0,539,51.24,-120.4,53.32,-119.6,54.86,-119.0
A420570,제이투케이바이오,화장품,2026-09-28,8.49,6.96,55200239520,False,False,,,,,610,9.42,-9.9,9.96,-14.8,10.4,-18.4,610,9.42,-9.9,9.96,-14.8,10.4,-18.4,610,9.42,-9.9,9.96,-14.8,10.4,-18.4
A420770,기가비스,반도체와반도체장비,2026-09-28,21.66,12.34,1595877932200,True,False,0.0,0.0,10.56,4.25,549,17.43,24.2,18.22,18.9,18.99,14.0,637,17.8,21.7,18.58,16.6,19.35,11.9,637,17.8,21.7,18.58,16.6,19.35,11.9
A424760,벨로크,IT서비스,2026-09-28,3270.37,20.0,20954113600,False,False,,,,,180,24.31,13354.2,24.74,13117.1,25.34,12806.1,180,24.31,13354.2,24.74,13117.1,25.34,12806.1,180,24.31,13354.2,24.74,13117.1,25.34,12806.1
A424960,스마트레이더시스템,자동차부품,2026-09-28,-13.06,41.27,63220396850,False,False,,,,,140,49.21,-126.5,49.74,-126.3,51.04,-125.6,140,49.21,-126.5,49.74,-126.3,51.04,-125.6,140,49.21,-126.5,49.74,-126.3,51.04,-125.6
A425040,티이엠씨,반도체와반도체장비,2026-09-28,16.83,3.32,289382253600,False,False,,,,,726,4.03,317.7,4.16,304.6,4.36,285.8,898,4.09,311.3,4.26,295.3,4.64,262.6,898,4.09,311.3,4.26,295.3,4.64,262.6
A425420,티에프이,반도체와반도체장비,2026-09-28,16.46,3.93,785280711600,True,False,-1.91,-1.92,3.45,12.74,726,13.44,22.5,14.27,15.4,15.44,6.6,942,10.94,50.4,13.34,23.4,14.35,14.7,942,10.94,50.4,13.34,23.4,14.35,14.7
A430690,한싹,소프트웨어,2026-09-28,-25.72,16.32,32304576360,False,False,,,,,243,21.03,-222.3,22.12,-216.3,23.24,-210.7,243,21.03,-222.3,22.12,-216.3,23.24,-210.7,243,21.03,-222.3,22.12,-216.3,23.24,-210.7
A432430,와이랩,출판,2026-09-28,-3.18,54.96,33594431200,False,False,,,,,159,84.41,-103.8,87.41,-103.6,88.81,-103.6,159,84.41,-103.8,87.41,-103.6,88.81,-103.6,159,84.41,-103.8,87.41,-103.6,88.81,-103.6
A432470,케이엔에스,전기제품,2026-09-28,11.08,7.11,89031293400,True,False,0.0,0.0,0.0,0.0,563,11.28,-1.7,37.05,-70.1,41.64,-73.4,563,11.28,-1.7,37.05,-70.1,41.64,-73.4,563,11.28,-1.7,37.05,-70.1,41.64,-73.4
A432980,엠에프씨,제약,2026-09-28,-39.0,22.28,21865983390,False,False,,,,,301,25.25,-254.5,29.73,-231.2,36.67,-206.4,301,25.25,-254.5,29.73,-231.2,36.67,-206.4,301,25.25,-254.5,29.73,-231.2,36.67,-206.4
A434480,모니터랩,소프트웨어,2026-09-28,27.88,19.28,34715046000,False,False,,,,,360,25.85,7.8,28.54,-2.3,44.73,-37.7,422,26.44,5.4,40.92,-31.9,46.84,-40.5,422,26.44,5.4,40.92,-31.9,46.84,-40.5
A435570,에르코스,식품,2026-09-28,-42.35,14.12,54156749130,False,False,,,,,264,42.83,-198.9,55.79,-175.9,57.69,-173.4,264,42.83,-198.9,55.79,-175.9,57.69,-173.4,264,42.83,-198.9,55.79,-175.9,57.69,-173.4
A437730,삼현,자동차부품,2026-09-28,-151.34,10.75,1588549106700,False,False,,,,,491,25.94,-683.4,26.88,-662.9,27.92,-642.0,491,25.94,-683.4,26.88,-662.9,27.92,-642.0,491,25.94,-683.4,26.88,-662.9,27.92,-642.0
A439090,마녀공장,화장품,2026-09-28,17.13,7.17,250652945400,False,False,,,,,726,10.87,57.6,11.96,43.3,12.59,36.1,805,11.24,52.4,12.09,41.7,12.97,32.1,805,11.24,52.4,12.09,41.7,12.97,32.1
A439260,대한조선,조선,2026-09-28,4.67,4.41,1734941651500,True,False,0.0,0.0,0.0,0.0,281,4.88,-4.3,5.07,-7.9,5.31,-12.1,281,4.88,-4.3,5.07,-7.9,5.31,-12.1,281,4.88,-4.3,5.07,-7.9,5.31,-12.1
A439580,블루엠텍,건강관리업체및서비스,2026-09-28,-142.65,15.86,100016546385,False,False,,,,,72,16.31,-974.8,17.8,-901.5,18.24,-882.2,72,16.31,-974.8,17.8,-901.5,18.24,-882.2,72,16.31,-974.8,17.8,-901.5,18.24,-882.2
A440110,파두,반도체와반도체장비,2026-09-28,22.27,16.21,4053982084300,True,False,5.57,4.42,5.57,4.42,94,18.11,23.0,19.0,17.2,19.22,15.9,94,18.11,23.0,19.0,17.2,19.22,15.9,94,18.11,23.0,19.0,17.2,19.22,15.9
A440290,HB인베스트먼트,창업투자,2026-09-28,7.06,4.86,47256046740,False,False,,,,,649,6.36,11.0,6.58,7.4,6.69,5.7,649,6.36,11.0,6.58,7.4,6.69,5.7,649,6.36,11.0,6.58,7.4,6.69,5.7
A440320,오픈놀,디스플레이패널,2026-09-28,-431.7,30.48,20908100000,False,False,,,,,421,35.18,-1327.2,40.19,-1174.1,42.48,-1116.1,421,35.18,-1327.2,40.19,-1174.1,42.48,-1116.1,421,35.18,-1327.2,40.19,-1174.1,42.48,-1116.1
A441270,파인엠텍,핸드셋,2026-09-28,7.91,4.3,370059593750,True,False,0.0,0.0,-5.26,3.72,726,6.22,27.2,6.59,20.1,6.81,16.2,939,5.57,42.1,5.78,36.9,6.06,30.4,939,5.57,42.1,5.78,36.9,6.06,30.4
A443060,HD현대마린솔루션,조선,2026-09-28,22.57,14.8,11006614430000,True,False,0.0,0.0,-1.02,-2.13,581,16.78,34.5,17.05,32.4,17.46,29.3,581,16.78,34.5,17.05,32.4,17.46,29.3,581,16.78,34.5,17.05,32.4,17.46,29.3
A443250,레뷰코퍼레이션,양방향미디어와서비스,2026-09-28,6.39,6.39,53995035915,False,False,,,,,724,8.04,-20.6,8.94,-28.5,9.77,-34.6,724,8.04,-20.6,8.94,-28.5,9.77,-34.6,724,8.04,-20.6,8.94,-28.5,9.77,-34.6
A443670,에스피소프트,IT서비스,2026-09-28,31.67,16.71,118972344620,False,False,,,,,636,25.05,26.4,30.31,4.5,32.25,-1.8,636,25.05,26.4,30.31,4.5,32.25,-1.8,636,25.05,26.4,30.31,4.5,32.25,-1.8
A444530,심플랫폼,IT서비스,2026-09-28,10.89,10.53,29393262020,True,False,,,,,208,11.47,-5.1,12.33,-11.7,12.77,-14.7,208,11.47,-5.1,12.33,-11.7,12.77,-14.7,208,11.47,-5.1,12.33,-11.7,12.77,-14.7
A445090,에이직랜드,반도체와반도체장비,2026-09-28,30.33,16.27,236540495700,True,False,0.0,0.0,0.0,0.0,542,28.5,6.4,30.08,0.8,33.05,-8.2,542,28.5,6.4,30.08,0.8,33.05,-8.2,542,28.5,6.4,30.08,0.8,33.05,-8.2
A445180,퓨릿,반도체와반도체장비,2026-09-28,7.07,4.79,156249718920,False,False,,,,,717,6.09,16.0,6.48,9.1,6.75,4.7,717,6.09,16.0,6.48,9.1,6.75,4.7,717,6.09,16.0,6.48,9.1,6.75,4.7
A446070,유니드비티플러스,건축자재,2026-09-28,-5.26,12.02,41065402050,False,False,,,,,241,12.72,-141.4,13.08,-140.2,13.54,-138.9,241,12.72,-141.4,13.08,-140.2,13.54,-138.9,241,12.72,-141.4,13.08,-140.2,13.54,-138.9
A446540,메가터치,전자장비와기기,2026-09-28,39.77,15.15,292535856660,False,False,,,,,417,19.23,106.8,20.04,98.4,20.87,90.5,417,19.23,106.8,20.04,98.4,20.87,90.5,417,19.23,106.8,20.04,98.4,20.87,90.5
A446840,지슨,소프트웨어,2026-09-28,8.81,3.96,35253171200,False,False,,,,,260,5.01,75.9,5.81,51.8,6.09,44.7,260,5.01,75.9,5.81,51.8,6.09,44.7,260,5.01,75.9,5.81,51.8,6.09,44.7
A448280,에코아이,상업서비스와공급품,2026-09-28,34.93,14.76,279421546470,False,False,0.0,,0.0,,467,18.97,84.2,20.61,69.5,32.2,8.5,467,18.97,84.2,20.61,69.5,32.2,8.5,467,18.97,84.2,20.61,69.5,32.2,8.5
A448710,코츠테크놀로지,우주항공과국방,2026-09-28,6.55,4.65,57503976960,False,False,,,,,726,6.35,3.1,6.86,-4.6,7.44,-11.9,760,6.42,2.0,6.91,-5.3,7.51,-12.8,760,6.42,2.0,6.91,-5.3,7.51,-12.8
A448900,한국피아이엠,자동차부품,2026-09-28,1326.92,8.65,320731329600,False,False,,,,,545,12.12,10851.9,23.76,5485.4,26.53,4901.1,545,12.12,10851.9,23.76,5485.4,26.53,4901.1,545,12.12,10851.9,23.76,5485.4,26.53,4901.1
A450080,에코프로머티,전기제품,2026-09-28,17.61,14.07,2535136546000,False,False,,,,,476,18.83,-6.5,26.34,-33.1,35.62,-50.6,476,18.83,-6.5,26.34,-33.1,35.62,-50.6,476,18.83,-6.5,26.34,-33.1,35.62,-50.6
A450330,하스,건강관리장비와용품,2026-09-28,-49.47,41.23,39501517475,False,False,,,,,423,46.74,-205.9,48.04,-203.0,49.14,-200.7,423,46.74,-205.9,48.04,-203.0,49.14,-200.7,423,46.74,-205.9,48.04,-203.0,49.14,-200.7
A450520,인스웨이브,소프트웨어,2026-09-28,-8.37,6.59,27865175310,False,False,,,,,304,8.3,-200.8,9.39,-189.1,11.06,-175.7,307,8.35,-200.2,9.4,-189.0,11.42,-173.3,307,8.35,-200.2,9.4,-189.0,11.42,-173.3
A450950,아스테라시스,건강관리장비와용품,2026-09-28,15.02,12.76,215606102160,True,False,0.0,0.0,0.0,0.0,406,15.5,-3.0,16.22,-7.4,16.92,-11.2,406,15.5,-3.0,16.22,-7.4,16.92,-11.2,406,15.5,-3.0,16.22,-7.4,16.92,-11.2
A451220,아이엠티,반도체와반도체장비,2026-09-28,16.56,13.56,66225478510,False,False,0.0,,0.0,,343,17.64,-6.2,19.97,-17.1,25.0,-33.8,343,17.64,-6.2,19.97,-17.1,25.0,-33.8,343,17.64,-6.2,19.97,-17.1,25.0,-33.8
A451250,삐아,화장품,2026-09-28,9.57,8.78,74035349480,False,False,,,,,588,10.48,-8.7,13.33,-28.2,14.87,-35.6,588,10.48,-8.7,13.33,-28.2,14.87,-35.6,588,10.48,-8.7,13.33,-28.2,14.87,-35.6
A451760,컨텍,우주항공과국방,2026-09-28,-8.01,10.08,139160534820,False,False,,,,,424,12.48,-164.1,13.99,-157.2,15.04,-153.2,424,12.48,-164.1,13.99,-157.2,15.04,-153.2,424,12.48,-164.1,13.99,-157.2,15.04,-153.2
A452160,제이엔비,반도체와반도체장비,2026-09-28,-23.75,10.25,29237282080,False,False,,,,,545,14.06,-268.9,15.78,-250.5,16.94,-240.2,545,14.06,-268.9,15.78,-250.5,16.94,-240.2,545,14.06,-268.9,15.78,-250.5,16.94,-240.2
A452190,한빛레이저,전기제품,2026-09-28,43.82,22.72,128931802230,False,False,,,,,360,29.9,46.5,31.94,37.2,36.98,18.5,360,29.9,46.5,31.94,37.2,36.98,18.5,360,29.9,46.5,31.94,37.2,36.98,18.5
A452260,한화갤러리아,백화점과일반상점,2026-09-28,13.39,8.13,533113927500,False,False,,,,,541,13.05,2.6,16.48,-18.7,17.43,-23.1,541,13.05,2.6,16.48,-18.7,17.43,-23.1,541,13.05,2.6,16.48,-18.7,17.43,-23.1
A452280,한선엔지니어링,기계,2026-09-28,9.62,9.62,251759523600,True,True,0.0,,,,690,15.24,-36.9,17.09,-43.7,18.28,-47.4,690,15.24,-36.9,17.09,-43.7,18.28,-47.4,690,15.24,-36.9,17.09,-43.7,18.28,-47.4
A452300,캡스톤파트너스,창업투자,2026-09-28,11.37,8.28,34715287250,False,False,,,,,483,10.68,6.5,11.02,3.2,11.54,-1.4,483,10.68,6.5,11.02,3.2,11.54,-1.4,483,10.68,6.5,11.02,3.2,11.54,-1.4
A452400,이닉스,전기제품,2026-09-28,-30.16,12.46,50527853960,False,False,,,,,222,13.65,-321.0,15.87,-290.1,16.64,-281.2,222,13.65,-321.0,15.87,-290.1,16.64,-281.2,222,13.65,-321.0,15.87,-290.1,16.64,-281.2
A452430,사피엔반도체,반도체와반도체장비,2026-09-28,34.4,12.15,320723105850,True,False,-8.64,-14.86,-47.52,-17.49,444,16.0,115.0,18.19,89.1,20.92,64.4,444,16.0,115.0,18.19,89.1,20.92,64.4,444,16.0,115.0,18.19,89.1,20.92,64.4
A452450,피아이이,IT서비스,2026-09-28,-9.78,7.98,186987915000,False,False,,,,,99,14.85,-165.8,15.04,-165.0,16.11,-160.7,99,14.85,-165.8,15.04,-165.0,16.11,-160.7,99,14.85,-165.8,15.04,-165.0,16.11,-160.7
A453340,현대그린푸드,식품,2026-09-28,4.25,3.2,618908448220,True,False,0.0,0.0,-1.14,0.0,726,3.45,23.3,3.49,21.7,3.56,19.4,844,3.46,22.9,3.5,21.3,3.58,18.8,844,3.46,22.9,3.5,21.3,3.58,18.8
A453450,그리드위즈,전기유틸리티,2026-09-28,-91.36,13.45,100952352500,False,False,,,,,307,16.66,-648.2,17.21,-630.9,18.28,-599.7,307,16.66,-648.2,17.21,-630.9,18.28,-599.7,307,16.66,-648.2,17.21,-630.9,18.28,-599.7
A453860,에이에스텍,화장품,2026-09-28,-6.02,6.47,50202055170,False,False,,,,,508,9.72,-161.9,10.13,-159.4,11.03,-154.6,508,9.72,-161.9,10.13,-159.4,11.03,-154.6,508,9.72,-161.9,10.13,-159.4,11.03,-154.6
A454910,두산로보틱스,기계,2026-09-28,-77.29,90.37,4498506612000,False,False,,,,,104,93.68,-182.5,100.77,-176.7,106.47,-172.6,104,93.68,-182.5,100.77,-176.7,106.47,-172.6,104,93.68,-182.5,100.77,-176.7,106.47,-172.6
A455180,케이지에이,전자장비와기기,2026-09-28,-5.06,24.59,18650929580,False,False,,,,,75,25.71,-119.7,26.09,-119.4,26.18,-119.3,75,25.71,-119.7,26.09,-119.4,26.18,-119.3,75,25.71,-119.7,26.09,-119.4,26.18,-119.3
A455900,엔젤로보틱스,건강관리장비와용품,2026-09-28,-27.06,175.63,318634706700,False,False,,,,,71,188.29,-114.4,190.19,-114.2,192.09,-114.1,71,188.29,-114.4,190.19,-114.2,192.09,-114.1,71,188.29,-114.4,190.19,-114.2,192.09,-114.1
A456010,아이씨티케이,통신장비,2026-09-28,1917.94,16.76,383587157500,True,False,265.0,-97.62,265.0,-97.62,281,25.05,7556.1,26.41,7160.8,27.51,6870.6,281,25.05,7556.1,26.41,7160.8,27.51,6870.6,281,25.05,7556.1,26.41,7160.8,27.51,6870.6
A456040,OCI,화학,2026-09-28,3.96,3.15,713513851500,True,False,0.0,0.0,0.0,0.0,726,4.47,-11.5,4.72,-16.1,4.95,-20.1,733,4.47,-11.6,4.72,-16.2,4.97,-20.5,733,4.47,-11.6,4.72,-16.2,4.97,-20.5
A457190,이수스페셜티케미컬,화학,2026-09-28,66.03,24.86,1961204792800,True,False,,,,,437,30.76,114.7,36.2,82.4,41.9,57.6,437,30.76,114.7,36.2,82.4,41.9,57.6,437,30.76,114.7,36.2,82.4,41.9,57.6
A457370,한켐,디스플레이장비및부품,2026-09-28,37.15,8.02,89141830700,False,False,,,,,471,10.37,258.4,10.71,246.9,10.91,240.4,471,10.37,258.4,10.71,246.9,10.91,240.4,471,10.37,258.4,10.71,246.9,10.91,240.4
A457550,우진엔텍,에너지장비및서비스,2026-09-28,20.79,17.75,129906274520,False,False,,,,,650,24.74,-16.0,29.54,-29.6,31.34,-33.7,650,24.74,-16.0,29.54,-29.6,31.34,-33.7,650,24.74,-16.0,29.54,-29.6,31.34,-33.7
A457600,벡트,교육서비스,2026-09-28,36.14,10.26,56611975000,True,False,,,,,153,12.88,180.5,13.41,169.5,14.21,154.3,153,12.88,180.5,13.41,169.5,14.21,154.3,153,12.88,180.5,13.41,169.5,14.21,154.3
A458350,에스팀,광고,2026-09-28,33.4,16.8,25962768000,False,False,,,,,139,23.02,45.1,27.65,20.8,32.68,2.2,139,23.02,45.1,27.65,20.8,32.68,2.2,139,23.02,45.1,27.65,20.8,32.68,2.2
A458650,성우,전기제품,2026-09-28,44.26,14.24,114347092000,False,False,,,,,363,16.42,169.5,17.52,152.7,18.22,142.9,363,16.42,169.5,17.52,152.7,18.22,142.9,363,16.42,169.5,17.52,152.7,18.22,142.9
A458870,씨어스,건강관리기술,2026-09-28,15.07,9.89,1067918331700,True,False,-0.23,1.0,-0.23,1.0,434,12.98,16.1,15.07,0.0,17.32,-13.0,434,12.98,16.1,15.07,0.0,17.32,-13.0,434,12.98,16.1,15.07,0.0,17.32,-13.0
A459100,위츠,핸드셋,2026-09-28,5.07,4.61,53595078000,True,False,,,,,422,5.38,-5.8,6.01,-15.6,6.99,-27.4,422,5.38,-5.8,6.01,-15.6,6.99,-27.4,422,5.38,-5.8,6.01,-15.6,6.99,-27.4
A459550,알트,핸드셋,2026-09-28,83.92,2.22,54224636150,False,False,,,,,211,3.47,2321.2,4.48,1772.9,4.75,1665.4,211,3.47,2321.2,4.48,1772.9,4.75,1665.4,211,3.47,2321.2,4.48,1772.9,4.75,1665.4
A460850,동국씨엠,철강,2026-09-28,3.71,1.57,159658823040,True,False,0.0,0.0,0.0,0.0,532,1.78,108.6,1.86,99.3,2.34,58.7,532,1.78,108.6,1.86,99.3,2.34,58.7,532,1.78,108.6,1.86,99.3,2.34,58.7
A460860,동국제강,철강,2026-09-28,3.36,1.06,471276161500,True,False,0.0,0.0,0.0,0.0,726,1.58,113.5,1.65,104.0,1.73,94.9,744,1.54,117.7,1.61,109.0,1.7,97.7,744,1.54,117.7,1.61,109.0,1.7,97.7
A460870,에스엠씨지,포장재,2026-09-28,7.22,5.13,60420645040,True,True,0.0,0.0,0.0,0.0,381,6.78,6.6,7.01,3.1,7.24,-0.3,381,6.78,6.6,7.01,3.1,7.24,-0.3,381,6.78,6.6,7.01,3.1,7.24,-0.3
A460930,현대힘스,조선,2026-09-28,13.61,11.29,462348936420,False,False,,,,,648,16.01,-15.0,18.61,-26.9,20.45,-33.5,648,16.01,-15.0,18.61,-26.9,20.45,-33.5,648,16.01,-15.0,18.61,-26.9,20.45,-33.5
A460940,피앤에스로보틱스,건강관리장비와용품,2026-09-28,45.57,25.11,68352822400,False,False,,,,,523,30.9,47.5,31.97,42.5,32.95,38.3,523,30.9,47.5,31.97,42.5,32.95,38.3,523,30.9,47.5,31.97,42.5,32.95,38.3
A461300,아이스크림미디어,교육서비스,2026-09-28,3.55,2.88,252811369680,False,False,,,,,483,3.28,8.5,3.37,5.4,3.42,3.8,483,3.28,8.5,3.37,5.4,3.42,3.8,483,3.28,8.5,3.37,5.4,3.42,3.8
A462310,뉴키즈온,"섬유,의류,신발,호화품",2026-09-28,32.55,18.0,30330643200,False,False,,,,,237,20.95,55.4,23.16,40.6,24.86,31.0,237,20.95,55.4,23.16,40.6,24.86,31.0,237,20.95,55.4,23.16,40.6,24.86,31.0
A462520,조선내화,비철금속,2026-09-28,6.71,3.54,150560633600,False,False,,,,,545,4.13,62.4,4.52,48.5,4.9,37.0,545,4.13,62.4,4.52,48.5,4.9,37.0,545,4.13,62.4,4.52,48.5,4.9,37.0
A462860,더즌,IT서비스,2026-09-28,13.94,4.78,215304309000,False,False,,,,,370,9.2,51.5,10.29,35.4,12.0,16.2,370,9.2,51.5,10.29,35.4,12.0,16.2,370,9.2,51.5,10.29,35.4,12.0,16.2
A462870,시프트업,게임엔터테인먼트,2026-09-28,17.62,11.58,1853306629500,True,False,0.0,0.0,1.29,1.35,537,13.79,27.7,14.02,25.7,14.2,24.0,537,13.79,27.7,14.02,25.7,14.2,24.0,537,13.79,27.7,14.02,25.7,14.2,24.0
A462980,아이지넷,IT서비스,2026-09-28,5.67,4.33,29302740259,False,False,,,,,403,5.47,3.6,5.91,-4.1,7.11,-20.3,403,5.47,3.6,5.91,-4.1,7.11,-20.3,403,5.47,3.6,5.91,-4.1,7.11,-20.3
A463480,모티브링크,자동차부품,2026-09-28,-11.03,24.38,48694106940,False,False,,,,,87,25.95,-142.5,27.59,-140.0,28.14,-139.2,87,25.95,-142.5,27.59,-140.0,28.14,-139.2,87,25.95,-142.5,27.59,-140.0,28.14,-139.2
A464080,에스오에스랩,전자장비와기기,2026-09-28,-10.0,297.05,181937046900,False,False,,,,,67,326.46,-103.1,332.99,-103.0,341.24,-102.9,67,326.46,-103.1,332.99,-103.0,341.24,-102.9,67,326.46,-103.1,332.99,-103.0,341.24,-102.9
A464280,티디에스팜,제약,2026-09-28,5.42,4.44,30580900000,False,False,,,,,509,5.97,-9.1,7.87,-31.1,9.49,-42.8,509,5.97,-9.1,7.87,-31.1,9.49,-42.8,509,5.97,-9.1,7.87,-31.1,9.49,-42.8
A464580,닷밀,방송과엔터테인먼트,2026-09-28,-20.95,6.94,27498696966,False,False,,,,,297,8.32,-351.8,8.62,-343.1,8.79,-338.2,297,8.32,-351.8,8.62,-343.1,8.79,-338.2,297,8.32,-351.8,8.62,-343.1,8.79,-338.2
A465480,인스피언,IT서비스,2026-09-28,10.0,6.8,40246954840,False,False,,,,,473,9.05,10.5,14.18,-29.5,16.17,-38.2,473,9.05,10.5,14.18,-29.5,16.17,-38.2,473,9.05,10.5,14.18,-29.5,16.17,-38.2
A465770,STX그린로지스,해운사,2026-09-28,-2.13,6.3,17973766200,False,False,,,,,241,7.94,-126.8,8.27,-125.8,8.49,-125.1,241,7.94,-126.8,8.27,-125.8,8.49,-125.1,241,7.94,-126.8,8.27,-125.8,8.49,-125.1
A466100,클로봇,기계,2026-09-28,-213.6,41.71,696459127500,False,False,,,,,83,47.4,-550.7,47.58,-549.0,48.14,-543.7,83,47.4,-550.7,47.58,-549.0,48.14,-543.7,83,47.4,-550.7,47.58,-549.0,48.14,-543.7
A466410,사이냅소프트,소프트웨어,2026-09-28,9.82,4.39,44426542860,False,False,,,,,422,4.95,98.2,5.55,77.1,6.4,53.4,422,4.95,98.2,5.55,77.1,6.4,53.4,422,4.95,98.2,5.55,77.1,6.4,53.4
A469610,이노테크,디스플레이장비및부품,2026-09-28,27.34,12.73,136915799000,False,False,,,,,217,13.99,95.5,14.44,89.3,15.1,81.0,217,13.99,95.5,14.44,89.3,15.1,81.0,217,13.99,95.5,14.44,89.3,15.1,81.0
A469750,아이비젼웍스,전기제품,2026-09-28,225.38,7.57,34146372671,False,False,,,,,256,9.48,2277.9,10.82,1983.5,13.11,1618.8,256,9.48,2277.9,10.82,1983.5,13.11,1618.8,256,9.48,2277.9,10.82,1983.5,13.11,1618.8
A471820,셀로맥스사이언스,제약,2026-09-28,21.16,9.49,45550602370,False,False,,,,,422,11.49,84.1,12.14,74.3,12.79,65.4,422,11.49,84.1,12.14,74.3,12.79,65.4,422,11.49,84.1,12.14,74.3,12.79,65.4
A472850,폰드그룹,"섬유,의류,신발,호화품",2026-09-28,3.05,2.81,285843252180,True,False,0.0,0.0,5.33,0.0,483,3.41,-10.4,3.55,-14.0,3.82,-20.1,483,3.41,-10.4,3.55,-14.0,3.82,-20.1,483,3.41,-10.4,3.55,-14.0,3.82,-20.1
A473980,노머스,방송과엔터테인먼트,2026-09-28,4.85,4.52,110459932800,True,False,0.0,0.0,,,422,5.56,-12.8,6.51,-25.5,7.21,-32.7,422,5.56,-12.8,6.51,-25.5,7.21,-32.7,422,5.56,-12.8,6.51,-25.5,7.21,-32.7
A474170,루미르,우주항공과국방,2026-09-28,-90.03,13.66,125971110720,False,False,,,,,392,15.98,-663.2,16.42,-648.3,17.19,-623.7,392,15.98,-663.2,16.42,-648.3,17.19,-623.7,392,15.98,-663.2,16.42,-648.3,17.19,-623.7
A474610,RF시스템즈,우주항공과국방,2026-09-28,13.91,9.48,114745151200,True,False,0.0,0.0,0.0,0.0,422,13.28,4.7,14.18,-1.9,15.24,-8.7,422,13.28,4.7,14.18,-1.9,15.24,-8.7,422,13.28,4.7,14.18,-1.9,15.24,-8.7
A474650,링크솔루션,기계,2026-09-28,16.67,10.51,153324965300,False,False,,,,,191,14.69,13.4,15.51,7.5,16.01,4.1,191,14.69,13.4,15.51,7.5,16.01,4.1,191,14.69,13.4,15.51,7.5,16.01,4.1
A475150,SK이터닉스,에너지장비및서비스,2026-09-28,22.38,7.48,1744230604800,True,False,0.0,0.0,-0.64,-0.76,581,8.83,153.5,9.11,145.7,9.39,138.5,581,8.83,153.5,9.11,145.7,9.39,138.5,581,8.83,153.5,9.11,145.7,9.39,138.5
A475230,엔알비,건설,2026-09-28,7.98,3.03,110076698300,False,False,6.43,,6.43,,285,3.92,103.3,4.29,85.9,4.78,66.7,285,3.92,103.3,4.29,85.9,4.78,66.7,285,3.92,103.3,4.29,85.9,4.78,66.7
A475430,키스트론,전기장비,2026-09-28,7.99,6.47,78531684000,True,False,,,,,323,7.88,1.3,8.34,-4.2,9.5,-16.0,323,7.88,1.3,8.34,-4.2,9.5,-16.0,323,7.88,1.3,8.34,-4.2,9.5,-16.0
A475460,미트박스,인터넷과카탈로그소매,2026-09-28,2.7,2.6,14680965000,False,False,,,,,407,6.48,-58.3,8.23,-67.2,9.01,-70.0,407,6.48,-58.3,8.23,-67.2,9.01,-70.0,407,6.48,-58.3,8.23,-67.2,9.01,-70.0
A475560,더본코리아,"호텔,레스토랑,레저",2026-09-28,-12.63,10.28,216636641700,False,False,,,,,183,10.92,-215.6,11.11,-213.6,11.3,-211.8,183,10.92,-215.6,11.11,-213.6,11.3,-211.8,183,10.92,-215.6,11.11,-213.6,11.3,-211.8
A475580,에이럭스,교육서비스,2026-09-28,-11.74,8.64,102186750000,False,False,,,,,258,12.45,-194.3,14.81,-179.2,16.08,-173.0,258,12.45,-194.3,14.81,-179.2,16.08,-173.0,258,12.45,-194.3,14.81,-179.2,16.08,-173.0
A475660,에스켐,디스플레이장비및부품,2026-09-28,-10.97,4.91,23829154175,False,False,,,,,239,5.68,-293.0,6.32,-273.7,6.81,-261.0,239,5.68,-293.0,6.32,-273.7,6.81,-261.0,239,5.68,-293.0,6.32,-273.7,6.81,-261.0
A475960,토모큐브,생명과학도구및서비스,2026-09-28,234.71,67.62,422478054900,True,False,0.0,0.0,0.0,0.0,274,84.84,176.6,103.1,127.7,111.83,109.9,274,84.84,176.6,103.1,127.7,111.83,109.9,274,84.84,176.6,103.1,127.7,111.83,109.9
A476060,온코닉테라퓨틱스,제약,2026-09-28,17.78,6.02,725617283200,True,False,0.0,0.0,0.0,0.0,304,14.4,23.5,16.38,8.6,16.93,5.1,304,14.4,23.5,16.38,8.6,16.93,5.1,304,14.4,23.5,16.38,8.6,16.93,5.1
A476080,M83,방송과엔터테인먼트,2026-09-28,-6.33,14.72,32954160000,False,False,,,,,144,17.27,-136.7,17.76,-135.7,19.05,-133.2,144,17.27,-136.7,17.76,-135.7,19.05,-133.2,144,17.27,-136.7,17.76,-135.7,19.05,-133.2
A478560,블랙야크아이앤씨,"섬유,의류,신발,호화품",2026-09-28,5.98,4.32,82140347640,False,False,,,,,409,5.76,3.9,6.31,-5.2,7.05,-15.1,409,5.76,3.9,6.31,-5.2,7.05,-15.1,409,5.76,3.9,6.31,-5.2,7.05,-15.1
A479960,위너스일렉,전기장비,2026-09-28,8.95,7.09,43326080000,False,False,,,,,389,8.98,-0.3,9.47,-5.5,10.41,-14.0,389,8.98,-0.3,9.47,-5.5,10.41,-14.0,389,8.98,-0.3,9.47,-5.5,10.41,-14.0
A480370,씨케이솔루션,기계,2026-09-28,-1.66,4.74,57784424832,False,False,,,,,71,4.92,-133.8,4.97,-133.4,5.01,-133.2,71,4.92,-133.8,4.97,-133.4,5.01,-133.2,71,4.92,-133.8,4.97,-133.4,5.01,-133.2
A481070,에이유브랜즈,"섬유,의류,신발,호화품",2026-09-28,14.61,7.25,219252825000,False,False,,,,,362,10.06,45.2,12.16,20.2,13.48,8.4,362,10.06,45.2,12.16,20.2,13.48,8.4,362,10.06,45.2,12.16,20.2,13.48,8.4
A482630,삼양엔씨켐,반도체와반도체장비,2026-09-28,9.75,6.7,299869436000,True,False,0.0,0.0,-0.47,-2.79,404,8.81,10.7,9.23,5.6,9.78,-0.3,404,8.81,10.7,9.23,5.6,9.78,-0.3,404,8.81,10.7,9.23,5.6,9.78,-0.3
A483650,달바글로벌,화장품,2026-09-28,11.36,9.89,2302492927000,True,False,0.19,-0.1,0.21,-0.2,330,11.12,2.1,11.36,-0.0,11.51,-1.3,330,11.12,2.1,11.36,-0.0,11.51,-1.3,330,11.12,2.1,11.36,-0.0,11.51,-1.3
A484120,도우인시스,디스플레이장비및부품,2026-09-28,11.11,5.9,260238772500,True,False,0.0,0.0,0.0,0.0,288,8.78,26.6,9.64,15.3,14.98,-25.8,288,8.78,26.6,9.64,15.3,14.98,-25.8,288,8.78,26.6,9.64,15.3,14.98,-25.8
A484590,삼양컴텍,우주항공과국방,2026-09-28,9.46,6.06,299599971500,True,False,0.0,0.0,,,271,7.67,23.4,8.58,10.3,9.31,1.6,271,7.67,23.4,8.58,10.3,9.31,1.6,271,7.67,23.4,8.58,10.3,9.31,1.6
A484810,티엑스알로보틱스,기계,2026-09-28,-95.3,51.94,184638434250,False,False,,,,,133,66.05,-244.3,67.3,-241.6,68.67,-238.8,133,66.05,-244.3,67.3,-241.6,68.67,-238.8,133,66.05,-244.3,67.3,-241.6,68.67,-238.8
A484870,엠앤씨솔루션,우주항공과국방,2026-09-28,7.29,1.99,494859834000,True,False,0.0,0.0,-10.22,-13.46,422,6.44,13.2,7.39,-1.4,9.6,-24.1,422,6.44,13.2,7.39,-1.4,9.6,-24.1,422,6.44,13.2,7.39,-1.4,9.6,-24.1
A486990,노타,IT서비스,2026-09-28,215.53,167.35,431057464500,True,False,,,,,60,179.68,20.0,183.36,17.5,184.68,16.7,60,179.68,20.0,183.36,17.5,184.68,16.7,60,179.68,20.0,183.36,17.5,184.68,16.7
A487570,HS효성,복합기업,2026-09-28,2.55,1.98,188159313500,False,False,,,,,304,2.36,8.1,2.43,5.0,3.62,-29.5,304,2.36,8.1,2.43,5.0,3.62,-29.5,304,2.36,8.1,2.43,5.0,3.62,-29.5
A487580,폴레드,가정용기기와용품,2026-09-28,8.0,7.67,75926325915,False,False,,,,,92,8.08,-1.0,8.18,-2.3,8.28,-3.4,92,8.08,-1.0,8.18,-2.3,8.28,-3.4,92,8.08,-1.0,8.18,-2.3,8.28,-3.4
A488280,에스투더블유,IT서비스,2026-09-28,125.83,16.97,163573093460,False,False,,,,,199,21.68,480.4,30.4,313.9,35.05,259.0,199,21.68,480.4,30.4,313.9,35.05,259.0,199,21.68,480.4,30.4,313.9,35.05,259.0
A489460,바이오비쥬,화장품,2026-09-28,16.78,8.49,174531385210,False,False,0.0,,-3.7,,332,12.15,38.1,12.64,32.7,12.98,29.3,332,12.15,38.1,12.64,32.7,12.98,29.3,332,12.15,38.1,12.64,32.7,12.98,29.3
A489500,엘케이켐,반도체와반도체장비,2026-09-28,10.51,6.93,149235407300,True,False,,,,,388,9.05,16.2,9.61,9.4,10.27,2.3,388,9.05,16.2,9.61,9.4,10.27,2.3,388,9.05,16.2,9.61,9.4,10.27,2.3
A489790,한화비전,통신장비,2026-09-28,8.79,7.21,2335088037500,True,False,0.0,0.0,0.0,0.0,370,9.15,-4.0,9.35,-6.0,9.52,-7.6,370,9.15,-4.0,9.35,-6.0,9.52,-7.6,370,9.15,-4.0,9.35,-6.0,9.52,-7.6
A490470,세미파이브,반도체와반도체장비,2026-09-28,15.55,13.45,556656198400,True,False,0.0,0.0,,,60,14.07,10.5,14.58,6.6,14.75,5.4,60,14.07,10.5,14.58,6.6,14.75,5.4,60,14.07,10.5,14.58,6.6,14.75,5.4
A493280,아이엠바이오로직스,제약,2026-09-28,54.53,42.56,262328130870,False,False,,,,,129,47.21,15.5,49.05,11.2,50.14,8.7,129,47.21,15.5,49.05,11.2,50.14,8.7,129,47.21,15.5,49.05,11.2,50.14,8.7
A493330,지에프아이,전자장비와기기,2026-09-28,9.09,6.21,95830994960,False,False,,,,,172,7.5,21.1,8.14,11.7,8.54,6.4,172,7.5,21.1,8.14,11.7,8.54,6.4,172,7.5,21.1,8.14,11.7,8.54,6.4
A499790,GS피앤엘,"호텔,레스토랑,레저",2026-09-28,5.2,4.8,781335135400,True,False,0.0,0.0,1.3,1.26,272,5.53,-6.0,5.74,-9.4,5.99,-13.2,272,5.53,-6.0,5.74,-9.4,5.99,-13.2,272,5.53,-6.0,5.74,-9.4,5.99,-13.2
A900070,글로벌에스엠,자동차부품,2026-09-28,3.17,2.6,26549520192,False,False,,,,,726,3.24,-2.0,3.36,-5.5,3.44,-7.7,1223,3.38,-6.2,3.57,-11.2,3.77,-15.8,2881,3.83,-17.3,4.36,-27.2,4.85,-34.5
A900100,파이온엑스,"섬유,의류,신발,호화품",2026-09-28,-1.07,14.32,5782550800,False,False,,,,,0,,,,,,,374,22.75,-104.7,24.93,-104.3,38.72,-102.8,619,28.53,-103.7,38.72,-102.8,39.96,-102.7
A900110,딥커머스,"섬유,의류,신발,호화품",2026-09-28,1.74,1.09,19838351880,False,False,,,,,726,2.18,-20.2,2.58,-32.6,2.72,-36.0,1223,2.63,-33.9,3.14,-44.6,3.36,-48.2,2881,3.65,-52.4,4.13,-57.9,4.49,-61.3
A900120,씨엑스아이,제약,2026-09-28,2.73,0.9,17336446400,False,False,,,,,726,1.03,164.6,1.13,141.7,1.24,120.4,1223,1.15,136.6,1.31,108.5,1.5,82.3,1963,1.34,104.1,1.74,56.4,1.86,46.7
A900140,엘브이엠씨홀딩스,자동차,2026-09-28,4.02,3.66,233434441856,True,False,,,,,726,6.13,-34.5,7.39,-45.7,8.73,-54.0,849,6.55,-38.7,8.37,-52.0,9.32,-56.9,1587,7.39,-45.6,8.14,-50.7,8.76,-54.1
A900250,크리스탈신소재,비철금속,2026-09-28,5.42,1.81,44446416241,False,False,,,,,726,5.96,-9.1,6.36,-14.8,6.79,-20.2,1223,4.74,14.2,5.11,6.0,5.57,-2.7,2614,3.49,55.1,3.69,46.7,3.85,40.7
A900260,로스웰,통신장비,2026-09-28,4.09,0.78,89343659346,False,False,,,,,726,1.05,288.8,1.07,283.2,1.1,272.6,788,1.05,287.5,1.07,280.5,1.16,253.7,1831,1.23,233.7,1.77,130.9,3.02,35.4
A900270,헝셩그룹,레저용장비와제품,2026-09-28,31.38,0.79,34020279930,False,False,,,,,607,5.53,467.4,5.83,438.3,6.36,393.2,976,3.98,688.0,5.26,496.9,5.59,461.7,2172,1.99,1474.2,2.19,1331.7,2.62,1097.6
A900290,GRT,화학,2026-09-28,1.81,0.76,310718144750,False,False,,,,,726,1.52,19.2,1.56,15.8,1.64,10.6,1223,1.51,20.2,1.57,15.2,1.66,9.3,2434,1.2,51.2,1.38,31.2,1.52,19.4
A900300,오가닉티코스메틱,화장품,2026-09-28,-2.32,0.77,59785181785,False,False,,,,,0,,,,,,,125,2.66,-187.3,2.74,-184.8,2.82,-182.4,1328,1.63,-242.5,1.69,-237.4,1.77,-231.0
A900310,컬러레이,화장품,2026-09-28,21.99,1.52,27217711875,False,False,,,,,665,8.59,156.1,9.22,138.6,14.92,47.4,1162,2.47,791.1,2.73,705.2,3.02,627.5,2175,2.68,720.9,3.02,627.5,3.21,586.0
A900340,윙입푸드,식품,2026-09-28,3.17,0.87,44798659588,False,False,,,,,726,1.53,107.0,1.63,95.0,1.76,80.2,1223,1.65,92.7,1.81,74.7,1.95,62.4,1899,1.82,73.8,2.01,57.8,2.15,47.5
A950130,엑세스바이오,생명과학도구및서비스,2026-09-28,-1.11,0.67,78437649820,False,False,,,,,121,9.03,-112.2,9.22,-112.0,9.25,-112.0,618,0.8,-237.5,0.84,-231.4,0.87,-227.2,1521,0.91,-222.0,1.24,-189.4,2.38,-146.5
A950140,잉글우드랩,화장품,2026-09-28,4.39,4.1,162320465220,False,False,,,,,726,4.86,-9.6,5.34,-17.7,5.59,-21.4,1223,5.44,-19.2,5.89,-25.5,6.19,-29.0,2081,5.97,-26.4,6.37,-31.1,6.94,-36.7
A950170,JTC,백화점과일반상점,2026-09-28,23.65,2.06,206066410875,False,False,,,,,685,3.47,581.0,3.67,543.6,4.08,479.0,685,3.47,581.0,3.67,543.6,4.08,479.0,1212,3.65,547.1,4.07,480.9,4.34,444.7
A950190,고스트스튜디오,게임엔터테인먼트,2026-09-28,7.57,4.39,125744789940,False,False,,,,,726,4.9,54.4,5.21,45.3,5.92,27.8,1223,5.17,46.4,5.33,41.9,5.48,38.2,1497,5.19,45.9,5.32,42.2,5.41,39.8
A950200,소마젠,생명과학도구및서비스,2026-09-28,43.56,36.81,59631764300,False,False,,,,,60,37.63,15.7,37.99,14.7,38.27,13.8,121,38.29,13.8,39.97,9.0,40.89,6.5,121,38.29,13.8,39.97,9.0,40.89,6.5
A950210,프레스티지바이오파마,제약,2026-09-28,-3.89,4.72,364182699300,False,False,,,,,0,,,,,,,142,5.08,-176.5,5.41,-171.9,12.28,-131.7,201,5.37,-172.5,6.59,-159.0,6.93,-156.1
