code,name,market,sector,sector_src,ex_1주,rank_1주,ex_2주,rank_2주,ex_1달,rank_1달,ex_2달,rank_2달,ex_3달,rank_3달,ex_6달,rank_6달
000020,동화약품,KOSPI,제약,N,3.695,944.0,-3.862,1302.0,-7.495,1474.0,-5.969,1232.0,13.998,1293.0,-38.263,1047.0
000040,KR모터스,KOSPI,자동차,N,-0.758,2036.0,-12.527,2349.0,-36.161,2507.0,-29.291,2397.0,9.382,1700.0,-64.396,2098.0
000050,경방,KOSPI,"섬유,의류,신발,호화품",N,0.715,1723.0,-7.062,1942.0,-9.647,1723.0,-16.493,2065.0,9.496,1693.0,-38.023,1034.0
000070,삼양홀딩스,KOSPI,지주,U,-0.282,1949.0,-9.055,2159.0,-12.303,1994.0,-11.173,1719.0,13.712,1311.0,-38.864,1071.0
000080,하이트진로,KOSPI,음식료,U,-0.64,2014.0,-6.245,1826.0,-11.491,1921.0,-12.519,1829.0,11.151,1575.0,-39.388,1098.0
000100,유한양행,KOSPI,제약바이오,U,1.09,1529.0,-8.394,2102.0,-15.576,2222.0,-11.076,1710.0,19.477,947.0,-46.389,1405.0
000120,CJ대한통운,KOSPI,유통,U,2.379,1218.0,-4.676,1556.0,-8.526,1604.0,-17.114,2107.0,5.551,1921.0,-58.148,1907.0
000140,하이트진로홀딩스,KOSPI,음식료,U,1.735,1365.0,-5.143,1637.0,-9.826,1747.0,-14.081,1927.0,6.761,1867.0,-40.602,1155.0
000150,두산,KOSPI,소재,U,-10.22,2490.0,-7.57,2006.0,12.905,360.0,-4.881,1156.0,8.118,1785.0,0.374,199.0
000180,성창기업지주,KOSPI,종이와목재,N,-1.761,2185.0,-9.423,2189.0,-14.099,2134.0,-18.232,2160.0,8.221,1780.0,-60.561,1983.0
0001A0,덕양에너젠,KOSDAQ,석유와가스,N,2.159,1270.0,-4.954,1598.0,-14.919,2180.0,-6.486,1277.0,10.715,1610.0,-74.898,2322.0
000210,DL,KOSPI,지주,U,-2.177,2232.0,-14.785,2418.0,-11.31,1906.0,-16.017,2038.0,19.904,925.0,-51.49,1649.0
000220,유유제약,KOSPI,제약,N,3.39,1006.0,-5.301,1672.0,-9.297,1685.0,-6.008,1237.0,12.485,1470.0,-34.928,917.0
000230,일동홀딩스,KOSPI,제약,N,5.299,725.0,-0.22,843.0,-12.216,1989.0,-12.66,1840.0,10.338,1637.0,-64.169,2092.0
000240,한국앤컴퍼니,KOSPI,자동차,U,4.335,849.0,0.911,756.0,-1.555,867.0,-8.543,1421.0,10.335,1638.0,-15.839,368.0
000250,삼천당제약,KOSDAQ,제약바이오,U,26.015,48.0,28.353,65.0,23.469,188.0,13.59,465.0,14.234,1280.0,-87.577,2439.0
000270,기아,KOSPI,자동차,U,-1.076,2089.0,-10.716,2276.0,-15.964,2235.0,-23.026,2301.0,-16.733,2412.0,-52.594,1700.0
000300,DH오토넥스,KOSPI,자동차부품,N,1.09,1530.0,-4.254,1376.0,-6.72,1291.0,-10.14,1550.0,13.011,1366.0,-27.462,604.0
000320,노루홀딩스,KOSPI,지주,U,-1.563,2161.0,-9.13,2169.0,-15.157,2199.0,-10.721,1668.0,7.378,1836.0,-51.175,1638.0
000370,한화손해보험,KOSPI,보험,U,-2.589,2267.0,-13.536,2389.0,-21.289,2405.0,17.117,384.0,36.829,381.0,-10.369,286.0
000390,SP삼화,KOSPI,건축자재,N,0.948,1675.0,-2.222,1062.0,1.268,695.0,6.832,637.0,27.32,612.0,-46.19,1393.0
000400,롯데손해보험,KOSPI,보험,U,10.519,326.0,4.1,558.0,-1.218,848.0,3.696,737.0,18.767,987.0,-17.212,390.0
000430,대원강업,KOSPI,자동차,U,-6.436,2436.0,-9.833,2231.0,-0.314,787.0,13.927,459.0,22.135,834.0,-16.171,373.0
000440,중앙에너비스,KOSDAQ,석유와가스,N,1.974,1305.0,-7.265,1968.0,-2.488,919.0,-9.094,1462.0,10.451,1627.0,-75.668,2334.0
000480,CR홀딩스,KOSPI,지주,U,1.557,1409.0,-6.192,1821.0,-12.422,2003.0,-16.965,2097.0,-0.295,2118.0,-38.25,1045.0
000490,대동,KOSPI,자동차,U,2.549,1178.0,-7.049,1939.0,-10.494,1823.0,5.419,677.0,19.409,953.0,-44.759,1323.0
0004V0,엔비알모션,KOSDAQ,기계,N,-0.03,1893.0,4.549,537.0,10.325,409.0,-7.14,1327.0,-1.274,2148.0,-94.36,2468.0
000500,가온전선,KOSPI,전력기기,U,4.387,839.0,27.61,76.0,56.962,38.0,114.433,14.0,29.266,548.0,351.038,3.0
000520,삼일제약,KOSPI,제약바이오,U,7.263,516.0,18.079,188.0,33.574,107.0,17.836,376.0,44.51,274.0,-36.456,966.0
000540,흥국화재,KOSPI,보험,U,0.07,1874.0,-9.554,2204.0,-12.676,2031.0,-4.377,1121.0,17.312,1076.0,-44.758,1322.0
000590,CS홀딩스,KOSPI,철강,N,3.868,918.0,-1.023,922.0,-0.847,819.0,-2.975,1038.0,12.025,1505.0,-35.686,944.0
000640,동아쏘시오홀딩스,KOSPI,제약바이오,U,3.25,1028.0,-3.722,1279.0,-4.67,1082.0,-2.64,1022.0,26.441,649.0,-24.074,516.0
000650,천일고속,KOSPI,도로와철도운송,N,0.174,1851.0,-3.104,1186.0,-12.227,1990.0,-11.954,1779.0,-2.888,2208.0,-58.66,1933.0
000660,SK하이닉스,KOSPI,IDM,U,-0.038,1894.0,0.408,790.0,7.415,478.0,6.601,640.0,-8.414,2309.0,73.521,41.0
000670,영풍,KOSPI,핸드셋,N,-5.261,2408.0,-18.069,2462.0,-5.091,1118.0,5.717,665.0,16.986,1093.0,-57.184,1879.0
000680,LS네트웍스,KOSPI,증권,U,2.808,1119.0,-1.297,959.0,-7.889,1529.0,-6.28,1256.0,11.35,1558.0,-31.978,794.0
000700,유수홀딩스,KOSPI,항공화물운송과물류,N,1.843,1335.0,-3.803,1294.0,-5.356,1151.0,-5.281,1186.0,26.401,652.0,-15.401,362.0
000720,현대건설,KOSPI,건설,U,-4.443,2375.0,-12.218,2339.0,-5.122,1126.0,2.569,793.0,12.49,1468.0,-54.081,1767.0
000760,이화산업,KOSPI,화학,N,-0.524,1992.0,-10.987,2291.0,-18.323,2333.0,-16.658,2075.0,14.764,1249.0,-45.978,1383.0
0007C0,아크릴,KOSDAQ,IT서비스,N,-1.851,2193.0,-11.015,2293.0,5.689,518.0,2.269,803.0,21.717,849.0,-78.378,2371.0
0007J0,인벤테라,KOSDAQ,제약,N,-30.178,2536.0,-11.301,2306.0,15.28,323.0,15.796,416.0,29.479,543.0,-91.044,2454.0
000810,삼성화재,KOSPI,보험,U,-2.305,2244.0,-9.549,2203.0,-11.438,1919.0,-9.172,1470.0,5.89,1904.0,12.74,145.0
000850,화천기공,KOSPI,기계,N,0.956,1672.0,-6.995,1932.0,-2.378,912.0,3.774,734.0,12.877,1439.0,-22.087,471.0
000860,강남제비스코,KOSPI,건축자재,N,1.423,1447.0,-8.77,2134.0,-11.085,1887.0,-12.093,1789.0,9.721,1684.0,-38.989,1076.0
000880,한화,KOSPI,지주,U,0.244,1839.0,-10.645,2275.0,-4.823,1096.0,-0.995,940.0,-4.216,2227.0,-48.273,1507.0
000890,보해양조,KOSPI,음료,N,4.038,885.0,-3.341,1222.0,-7.69,1500.0,-11.11,1715.0,-15.064,2398.0,-49.348,1557.0
0008Z0,에스엔시스,KOSDAQ,조선,U,2.154,1272.0,-1.883,1021.0,-5.871,1199.0,-3.638,1071.0,11.152,1574.0,-51.34,1642.0
000910,유니온,KOSPI,건축자재,N,1.26,1491.0,-4.254,1479.0,-6.037,1213.0,-3.834,1084.0,19.318,957.0,-58.456,1926.0
000950,전방,KOSPI,"섬유,의류,신발,호화품",N,1.09,1523.0,-8.785,2136.0,-14.963,2182.0,-10.309,1632.0,16.52,1124.0,-38.068,1037.0
000970,한국주철관,KOSPI,철강,N,1.09,1639.0,-5.607,1716.0,-8.369,1581.0,-9.834,1522.0,12.105,1501.0,-30.277,745.0
000990,DB하이텍,KOSPI,로직,U,7.757,481.0,8.386,391.0,51.127,55.0,55.507,100.0,37.724,373.0,32.903,93.0
0009K0,에임드바이오,KOSDAQ,생물공학,N,16.978,124.0,5.481,490.0,0.176,751.0,-7.661,1364.0,13.416,1339.0,-72.716,2278.0
001000,신라섬유,KOSDAQ,부동산,N,-0.444,1983.0,-16.872,2454.0,-30.51,2482.0,-55.467,2510.0,-54.206,2524.0,-108.813,2516.0
001020,페이퍼코리아,KOSPI,종이와목재,N,-0.418,1978.0,-14.551,2411.0,-33.449,2497.0,-6.106,1245.0,7.697,1817.0,-47.401,1463.0
001040,CJ,KOSPI,화장품,U,2.244,1255.0,-3.872,1304.0,-5.799,1190.0,-10.519,1646.0,-0.475,2123.0,-55.682,1830.0
001060,JW중외제약,KOSPI,제약바이오,U,0.718,1722.0,-6.804,1909.0,-10.324,1805.0,0.397,879.0,18.743,989.0,-33.93,876.0
001070,대한방직,KOSPI,"섬유,의류,신발,호화품",N,-0.774,2041.0,-6.118,1798.0,-10.7,1843.0,-15.066,1991.0,15.128,1220.0,-41.044,1171.0
001080,만호제강,KOSPI,철강,N,9.052,398.0,-0.223,844.0,-6.218,1230.0,-8.359,1409.0,-1.519,2160.0,-48.722,1533.0
0010F0,보원케미칼,KOSDAQ,화학,N,20.933,80.0,26.088,95.0,42.06,73.0,21.895,315.0,41.975,306.0,-97.323,2485.0
0010S0,와이즈플래닛컴퍼니,KOSDAQ,가정용품,N,-60.184,2551.0,,,,,,,,,,
0010V0,제이피아이헬스케어,KOSDAQ,건강관리장비와용품,N,4.23,864.0,-2.766,1126.0,-5.116,1124.0,-11.475,1741.0,36.206,392.0,-50.331,1610.0
001120,LX인터내셔널,KOSPI,지주,U,10.791,311.0,1.629,711.0,4.925,540.0,8.888,574.0,29.217,552.0,-40.308,1141.0
001130,대한제분,KOSPI,음식료,U,1.363,1460.0,-6.904,1922.0,-13.172,2069.0,-13.727,1911.0,12.201,1495.0,-42.23,1215.0
0011A0,액스비스,KOSDAQ,전자장비와기기,N,-0.474,1986.0,-9.107,2166.0,43.72,67.0,29.743,231.0,24.267,727.0,-75.799,2336.0
0011T0,채비,KOSDAQ,전기제품,N,0.721,1720.0,-2.94,1165.0,10.163,411.0,7.635,618.0,-2.876,2206.0,,
001200,유진투자증권,KOSPI,증권,U,0.002,1887.0,-7.792,2033.0,-11.604,1930.0,-12.293,1809.0,2.902,2021.0,-37.473,1013.0
001210,금호전기,KOSPI,디스플레이장비및부품,N,-3.89,2350.0,-19.715,2486.0,-36.419,2512.0,144.976,5.0,123.949,16.0,126.772,26.0
001230,동국홀딩스,KOSPI,지주,U,-2.938,2301.0,-8.735,2132.0,-4.808,1094.0,8.143,595.0,32.129,468.0,-20.723,440.0
001250,GS글로벌,KOSPI,건설,U,19.039,101.0,10.746,330.0,8.059,463.0,3.333,749.0,23.14,786.0,-40.543,1151.0
001260,남광토건,KOSPI,건설,N,6.957,543.0,4.157,553.0,-5.599,1173.0,-0.706,922.0,-18.638,2431.0,-33.371,850.0
001270,부국증권,KOSPI,증권,U,-2.481,2254.0,-7.075,1944.0,-13.703,2111.0,-15.358,2003.0,-5.371,2257.0,-57.602,1891.0
001290,상상인증권,KOSPI,증권,N,7.872,474.0,0.209,803.0,-10.498,1824.0,30.3,227.0,32.844,459.0,-32.648,823.0
001340,PKC,KOSPI,정유화학,U,3.238,1032.0,3.028,614.0,-1.91,882.0,-2.082,993.0,2.413,2035.0,-48.339,1512.0
001360,삼성제약,KOSPI,제약,N,10.73,317.0,-1.012,920.0,0.943,706.0,-1.579,965.0,20.675,899.0,-47.939,1493.0
001380,SG글로벌,KOSPI,자동차부품,N,6.024,631.0,-5.824,1754.0,-16.081,2245.0,-22.631,2293.0,3.513,1998.0,-70.326,2237.0
001390,KG케미칼,KOSPI,자동차,N,1.209,1508.0,-7.354,1982.0,-11.245,1901.0,-8.941,1448.0,11.037,1585.0,-46.619,1423.0
0013V0,삼진식품,KOSDAQ,식품,N,13.795,195.0,1.719,706.0,1.761,664.0,3.496,745.0,16.785,1110.0,-51.6,1656.0
001420,태원물산,KOSPI,자동차부품,N,-0.605,2010.0,-7.264,1967.0,-6.374,1248.0,-2.931,1035.0,15.124,1221.0,-24.075,517.0
001430,세아베스틸지주,KOSPI,철강,U,6.395,595.0,3.607,587.0,9.325,438.0,13.11,478.0,56.771,170.0,-56.887,1867.0
001440,대한전선,KOSPI,전력기기,U,2.867,1109.0,8.649,381.0,7.617,473.0,13.39,474.0,10.686,1615.0,-15.561,365.0
001450,현대해상,KOSPI,보험,U,1.511,1424.0,-5.8,1745.0,-15.594,2223.0,19.616,357.0,43.12,293.0,33.856,90.0
001460,BYC,KOSPI,의류,U,3.808,929.0,-8.265,2087.0,-12.122,1977.0,-7.568,1358.0,14.424,1270.0,-50.091,1603.0
001470,삼부토건,KOSPI,건설,N,1.09,1531.0,-4.254,1377.0,-6.72,1292.0,-10.14,1551.0,13.011,1367.0,-27.462,605.0
001500,현대차증권,KOSPI,증권,U,0.58,1756.0,-5.143,1638.0,-7.23,1441.0,-8.709,1431.0,3.92,1984.0,-50.004,1596.0
001510,SK증권,KOSPI,증권,U,3.03,1076.0,-2.969,1172.0,-9.395,1695.0,2.212,809.0,4.501,1957.0,-78.648,2375.0
001520,동양,KOSPI,건설,U,-0.298,1954.0,4.968,520.0,1.876,659.0,-4.274,1112.0,27.283,614.0,-42.645,1238.0
001530,DI동일,KOSPI,의류,U,0.692,1729.0,-10.621,2274.0,-17.594,2307.0,-7.47,1348.0,24.37,722.0,-10.366,285.0
001540,안국약품,KOSDAQ,제약,N,-0.81,2046.0,-7.983,2051.0,-17.376,2299.0,-21.201,2259.0,7.886,1802.0,-1.044,206.0
001550,조비,KOSPI,화학,N,-1.584,2164.0,-7.114,1947.0,-16.623,2272.0,-5.412,1195.0,8.245,1776.0,-62.35,2041.0
001560,제일연마,KOSPI,비철금속,N,0.756,1715.0,-5.14,1635.0,-8.152,1555.0,-4.597,1137.0,13.573,1325.0,-43.424,1266.0
001570,금양,KOSPI,이차전지,U,1.09,1532.0,-4.254,1378.0,-6.72,1293.0,-10.14,1552.0,13.011,1368.0,-27.462,606.0
0015G0,그린광학,KOSDAQ,우주항공과국방,N,14.474,177.0,13.662,256.0,11.28,394.0,1.406,837.0,16.326,1140.0,-68.984,2218.0
0015N0,아로마티카,KOSDAQ,화장품,U,-11.194,2502.0,-26.254,2509.0,-5.623,1176.0,73.889,50.0,81.73,67.0,-19.128,414.0
0015S0,페스카로,KOSDAQ,자동차부품,N,4.243,863.0,-10.014,2242.0,11.147,396.0,19.701,354.0,20.785,895.0,-70.814,2242.0
001620,케이비아이동국실업,KOSPI,자동차부품,N,-0.704,2028.0,-1.917,1030.0,-7.175,1432.0,-5.355,1192.0,8.229,1779.0,-48.276,1510.0
001630,종근당홀딩스,KOSPI,지주,U,0.823,1701.0,-7.241,1962.0,-11.196,1895.0,-14.738,1966.0,6.27,1892.0,-47.824,1485.0
001680,대상,KOSPI,음식료,U,1.202,1511.0,-6.017,1784.0,-10.705,1845.0,-9.633,1507.0,14.607,1261.0,-37.046,991.0
001720,신영증권,KOSPI,증권,U,2.394,1215.0,-6.492,1866.0,-14.137,2136.0,-12.035,1785.0,-8.272,2304.0,-51.771,1663.0
001740,SK네트웍스,KOSPI,통신,U,8.998,400.0,-0.12,830.0,-1.752,878.0,-23.27,2304.0,-14.693,2391.0,1.73,190.0
001750,한양증권,KOSPI,증권,U,0.986,1663.0,-3.572,1248.0,-8.31,1577.0,-12.232,1801.0,4.392,1962.0,-49.295,1554.0
001770,SHD,KOSPI,철강,N,-7.097,2449.0,-49.282,2539.0,-80.11,2547.0,-52.673,2504.0,-33.368,2488.0,-103.083,2503.0
001780,알루코,KOSPI,이차전지,U,5.877,642.0,-0.007,820.0,-4.961,1105.0,-13.018,1864.0,9.325,1706.0,-65.034,2120.0
001790,대한제당,KOSPI,음식료,U,0.733,1718.0,-7.541,2001.0,-9.84,1751.0,-6.621,1284.0,28.986,560.0,-33.512,857.0
0017J0,세미티에스,KOSDAQ,반도체 장비,U,29.718,29.0,21.377,151.0,15.355,321.0,-0.849,934.0,-10.33,2339.0,,
001800,오리온홀딩스,KOSPI,지주,U,-2.489,2255.0,-10.401,2262.0,-17.092,2293.0,-19.982,2217.0,2.29,2040.0,-26.581,585.0
001810,무림SP,KOSDAQ,종이와목재,N,-1.578,2162.0,-6.247,1827.0,-10.301,1803.0,-16.203,2051.0,10.764,1606.0,-56.597,1860.0
001820,삼화콘덴서,KOSPI,MLCC/기판,U,7.625,492.0,4.502,538.0,33.639,106.0,91.276,26.0,51.876,199.0,153.004,14.0
001840,이화공영,KOSDAQ,건설,N,1.09,1533.0,-4.254,1379.0,-6.72,1294.0,-10.14,1553.0,13.011,1369.0,-27.462,607.0
001940,KISCO홀딩스,KOSPI,지주,U,-1.751,2180.0,-7.644,2015.0,-12.592,2025.0,-18.859,2185.0,11.855,1520.0,-26.873,592.0
002020,코오롱,KOSPI,지주,U,-0.374,1967.0,-8.131,2069.0,-12.895,2050.0,-17.24,2111.0,-36.668,2498.0,-91.508,2456.0
002030,아세아,KOSPI,지주,U,-4.765,2388.0,-9.666,2217.0,-9.853,1753.0,-0.841,933.0,26.443,648.0,-51.325,1641.0
002070,비비안,KOSPI,"섬유,의류,신발,호화품",N,1.09,1534.0,-26.772,2512.0,-26.529,2462.0,-53.983,2507.0,5.003,1942.0,-80.567,2395.0
002100,경농,KOSPI,화학,N,2.204,1264.0,-3.14,1190.0,-8.239,1568.0,-10.905,1696.0,11.068,1579.0,-34.619,902.0
002140,고려산업,KOSPI,식품,N,2.766,1129.0,-8.402,2103.0,-12.952,2056.0,-20.279,2227.0,25.078,692.0,-56.622,1861.0
002150,도화엔지니어링,KOSPI,건설,U,-0.401,1976.0,-7.853,2038.0,-11.615,1933.0,-11.826,1770.0,7.392,1835.0,-51.113,1635.0
002170,SYTS,KOSPI,"섬유,의류,신발,호화품",N,-1.174,2104.0,-8.328,2092.0,-12.538,2019.0,-14.568,1952.0,8.057,1791.0,-40.549,1152.0
002200,한국수출포장,KOSPI,포장재,N,-0.686,2022.0,-7.912,2047.0,-4.691,1086.0,7.771,610.0,33.754,443.0,-30.103,742.0
002210,동성제약,KOSPI,제약,N,2.118,1279.0,-9.587,2208.0,-16.53,2269.0,-36.01,2455.0,-15.989,2406.0,-56.462,1856.0
002220,한일철강,KOSPI,철강,N,-1.001,2080.0,-8.838,2143.0,-12.74,2039.0,-30.873,2416.0,-22.907,2455.0,-57.299,1888.0
002230,피에스텍,KOSDAQ,전기제품,N,5.09,750.0,-0.874,905.0,-5.553,1166.0,-9.947,1533.0,21.458,863.0,-71.488,2263.0
002240,고려제강,KOSPI,철강,U,2.902,1103.0,-4.254,1365.0,-10.212,1798.0,-11.08,1712.0,7.518,1828.0,-45.017,1336.0
002290,삼일기업공사,KOSDAQ,건설,N,2.619,1161.0,-4.554,1538.0,-7.911,1532.0,-5.737,1216.0,8.414,1761.0,-40.208,1139.0
002310,아세아제지,KOSPI,포장재,N,-4.981,2395.0,-10.325,2256.0,-13.347,2084.0,-5.775,1219.0,10.419,1630.0,-41.98,1203.0
002320,한진,KOSPI,유통,U,11.572,281.0,3.258,605.0,-0.814,814.0,-7.508,1352.0,9.071,1721.0,-43.591,1275.0
002350,넥센타이어,KOSPI,자동차,U,4.847,780.0,-0.682,887.0,-10.852,1864.0,-19.373,2203.0,-3.174,2211.0,-44.486,1317.0
002360,SH에너지화학,KOSPI,화학,N,28.485,33.0,114.784,2.0,99.545,4.0,56.443,97.0,108.6,26.0,-32.456,814.0
002380,KCC,KOSPI,건설,U,0.25,1837.0,-2.966,1171.0,-8.284,1574.0,8.902,573.0,10.331,1640.0,-25.076,546.0
002390,한독,KOSPI,제약,N,3.238,1033.0,-7.966,2050.0,-17.831,2313.0,-17.998,2154.0,23.606,763.0,-44.516,1318.0
002410,범양건영,KOSPI,건설,N,1.09,1535.0,-4.254,1380.0,-6.72,1295.0,-10.14,1554.0,13.011,1370.0,-27.462,608.0
002420,우양피앤엘,KOSPI,석유와가스,N,-1.175,2107.0,3.603,588.0,-1.126,836.0,-1.702,972.0,29.839,535.0,-7.858,253.0
002450,삼익악기,KOSPI,레저용장비와제품,N,2.852,1111.0,-5.336,1677.0,-10.661,1840.0,-12.193,1798.0,7.744,1815.0,-34.338,889.0
002460,HS화성,KOSPI,건설,N,1.453,1439.0,-1.943,1033.0,-5.067,1117.0,-13.035,1866.0,2.792,2024.0,-35.442,937.0
002600,조흥,KOSPI,식품,N,2.181,1267.0,-3.893,1309.0,-5.922,1204.0,-6.871,1298.0,12.653,1455.0,-30.259,744.0
002620,제일파마홀딩스,KOSPI,제약,N,0.423,1788.0,-7.249,1965.0,-8.175,1558.0,-6.379,1263.0,26.578,637.0,-35.938,951.0
002630,오리엔트바이오,KOSPI,생물공학,N,-9.244,2482.0,-15.844,2436.0,-18.31,2332.0,-20.652,2236.0,1.132,2074.0,-37.585,1019.0
002680,한탑,KOSDAQ,식품,N,21.585,72.0,25.651,100.0,23.681,184.0,89.977,27.0,125.472,15.0,-22.908,486.0
002690,동일제강,KOSPI,철강,N,-5.714,2414.0,-13.25,2379.0,-17.568,2305.0,-20.133,2223.0,-2.802,2204.0,-43.704,1280.0
002700,신일전자,KOSPI,가정용기기와용품,N,10.753,315.0,0.518,778.0,-5.11,1122.0,-17.734,2146.0,-8.328,2306.0,-54.007,1761.0
002710,TCC스틸,KOSPI,이차전지,U,21.376,74.0,12.892,275.0,17.335,276.0,38.589,166.0,50.079,217.0,-30.627,757.0
002720,국제약품,KOSPI,제약,N,2.481,1197.0,-3.331,1219.0,-10.673,1841.0,-9.68,1514.0,10.485,1622.0,-58.263,1911.0
002760,보락,KOSPI,식품,N,1.492,1431.0,-3.953,1324.0,-8.392,1586.0,-7.047,1321.0,22.661,812.0,-38.256,1046.0
002780,진흥기업,KOSPI,건설,N,-1.877,2198.0,-9.334,2186.0,-20.326,2389.0,-24.621,2332.0,-23.849,2458.0,-56.421,1854.0
002790,아모레퍼시픽홀딩스,KOSPI,화장품,U,-2.895,2298.0,-8.056,2060.0,-10.887,1869.0,-12.456,1825.0,16.913,1096.0,-32.527,816.0
002800,신신제약,KOSDAQ,제약,N,1.768,1355.0,-4.478,1517.0,-11.629,1934.0,-5.807,1220.0,15.308,1208.0,-44.809,1324.0
002810,삼영무역,KOSPI,화학,N,1.329,1471.0,-7.032,1938.0,-12.55,2021.0,-12.918,1857.0,19.233,962.0,-16.644,381.0
002820,SUN&L,KOSPI,종이와목재,N,-27.875,2534.0,-37.259,2528.0,-50.503,2530.0,-67.167,2524.0,-42.617,2513.0,-86.952,2436.0
002840,미원상사,KOSPI,정유화학,U,-0.594,2009.0,-4.328,1493.0,-2.125,900.0,1.777,825.0,25.396,682.0,-25.719,562.0
002870,신풍,KOSPI,포장재,N,9.758,358.0,0.574,774.0,13.438,351.0,10.855,530.0,40.208,329.0,-23.174,493.0
002880,디와이에이,KOSPI,자동차부품,N,10.786,312.0,6.89,437.0,0.798,718.0,-5.674,1213.0,0.821,2085.0,-38.396,1051.0
002900,TYM,KOSPI,자동차,U,-1.482,2153.0,-8.846,2145.0,-13.656,2107.0,-6.436,1273.0,12.856,1441.0,-28.232,691.0
002920,유성기업,KOSPI,자동차부품,N,-2.166,2230.0,-7.141,1952.0,-8.048,1545.0,-13.709,1908.0,16.734,1114.0,-30.874,763.0
002960,한국쉘석유,KOSPI,정유화학,U,2.659,1151.0,-2.486,1094.0,-2.912,947.0,-6.436,1272.0,18.082,1029.0,-22.284,477.0
002990,금호건설,KOSPI,건설,U,-5.136,2403.0,-14.745,2416.0,-35.375,2503.0,16.811,395.0,11.797,1524.0,128.572,25.0
003000,부광약품,KOSPI,제약바이오,U,5.416,705.0,0.072,814.0,-5.859,1197.0,-14.457,1946.0,10.63,1618.0,-73.013,2289.0
003010,혜인,KOSPI,기계,N,2.268,1251.0,0.98,752.0,-7.455,1466.0,100.562,22.0,123.245,17.0,41.59,74.0
003030,세아제강지주,KOSPI,철강,U,15.248,156.0,5.976,477.0,8.35,460.0,-2.08,991.0,15.137,1219.0,-79.42,2383.0
003060,에이프로젠바이오로직스,KOSPI,제약,N,-3.486,2337.0,-8.946,2151.0,-16.938,2287.0,-40.936,2477.0,-11.615,2351.0,-79.459,2384.0
003070,코오롱글로벌,KOSPI,건설,U,0.436,1785.0,-4.363,1499.0,-13.666,2108.0,-5.427,1197.0,5.971,1902.0,-43.884,1288.0
003080,SB성보,KOSPI,화학,N,1.542,1414.0,-4.925,1589.0,-7.391,1463.0,-9.687,1515.0,12.563,1459.0,-42.404,1226.0
003090,대웅,KOSPI,지주,U,-2.371,2248.0,-7.227,1957.0,-18.812,2349.0,-20.485,2232.0,0.17,2101.0,-57.576,1890.0
003100,선광,KOSDAQ,운송인프라,N,2.07,1289.0,-2.776,1128.0,-6.232,1233.0,-6.933,1312.0,21.432,864.0,-28.185,687.0
003120,일성아이에스,KOSPI,제약바이오,U,1.546,1411.0,-4.254,1474.0,0.579,730.0,-0.438,907.0,23.927,750.0,-27.688,677.0
003160,디아이,KOSPI,반도체 장비,U,17.553,118.0,32.052,49.0,33.149,111.0,78.823,39.0,92.466,44.0,23.243,116.0
003200,일신방직,KOSPI,"섬유,의류,신발,호화품",N,-1.613,2167.0,-14.254,2407.0,-4.544,1067.0,-4.979,1169.0,-2.614,2198.0,-35.233,931.0
003220,대원제약,KOSPI,제약바이오,U,1.6,1399.0,-4.507,1526.0,-9.313,1687.0,-7.539,1355.0,12.008,1509.0,-49.804,1578.0
003230,삼양식품,KOSPI,음식료,U,0.761,1713.0,-8.219,2082.0,-24.618,2448.0,-10.796,1674.0,23.303,778.0,-23.424,498.0
003240,태광산업,KOSPI,정유화학,U,-1.218,2117.0,-6.346,1839.0,-11.436,1918.0,-9.117,1465.0,18.468,1002.0,-47.874,1488.0
003280,흥아해운,KOSPI,해운,U,5.479,694.0,-2.106,1049.0,1.633,668.0,2.08,813.0,27.588,605.0,-78.582,2374.0
003300,한일홀딩스,KOSPI,지주,U,0.062,1876.0,-6.51,1871.0,-14.588,2163.0,-12.286,1807.0,13.127,1358.0,-23.689,505.0
003310,대주산업,KOSDAQ,식품,N,4.092,879.0,-2.375,1080.0,-5.272,1140.0,-2.383,1012.0,16.905,1098.0,-77.801,2361.0
003350,한국화장품제조,KOSPI,화장품,U,-1.055,2087.0,-0.508,865.0,9.896,421.0,72.116,55.0,95.912,38.0,57.707,50.0
003380,하림지주,KOSDAQ,지주,U,3.447,984.0,-3.45,1235.0,-1.206,847.0,-4.13,1106.0,25.015,698.0,-40.882,1164.0
003460,유화증권,KOSPI,증권,N,1.09,1647.0,-4.421,1507.0,-8.205,1560.0,-11.787,1764.0,6.293,1891.0,-36.038,955.0
003470,유안타증권,KOSPI,증권,U,-0.271,1945.0,-10.403,2263.0,-13.672,2109.0,-12.715,1848.0,4.111,1979.0,-31.857,789.0
003480,한진중공업홀딩스,KOSPI,가스유틸리티,N,0.559,1761.0,-5.934,1772.0,-7.146,1429.0,-11.924,1778.0,11.538,1543.0,-28.414,695.0
003490,대한항공,KOSPI,항공,U,-1.767,2186.0,1.082,745.0,-0.838,816.0,7.101,631.0,19.446,950.0,5.006,172.0
003520,영진약품,KOSPI,제약바이오,U,3.145,1050.0,-5.672,1722.0,-13.844,2117.0,-22.493,2290.0,-1.497,2158.0,-66.325,2147.0
003530,한화투자증권,KOSPI,증권,U,2.835,1116.0,-2.62,1105.0,-7.465,1470.0,-2.403,1015.0,6.592,1873.0,-56.565,1858.0
003540,대신증권,KOSPI,증권,U,-1.021,2082.0,-9.105,2165.0,-10.129,1790.0,-12.812,1850.0,-0.548,2126.0,-56.825,1864.0
003550,LG,KOSPI,지주,U,0.375,1801.0,-5.234,1657.0,-12.965,2058.0,-1.218,951.0,22.794,807.0,-0.635,204.0
003570,SNT다이내믹스,KOSPI,방산,U,26.234,46.0,16.264,214.0,9.088,444.0,-4.979,1167.0,4.2,1973.0,-61.067,1997.0
003580,HLB글로벌,KOSPI,판매업체,N,12.966,220.0,2.95,622.0,2.064,653.0,18.008,374.0,24.395,721.0,-39.571,1107.0
0035S0,빅웨이브로보틱스,KOSDAQ,IT서비스,N,,,,,,,,,,,,
003610,방림,KOSPI,의류,U,-2.594,2268.0,-7.428,1988.0,-7.623,1490.0,-8.848,1441.0,14.678,1255.0,-20.444,435.0
003620,KG모빌리티,KOSPI,자동차,U,3.722,941.0,-7.313,1974.0,-9.22,1679.0,-21.348,2260.0,1.032,2076.0,-52.462,1692.0
003650,미창석유,KOSPI,화학,N,-0.746,2033.0,-9.711,2220.0,-15.474,2217.0,-21.778,2277.0,3.055,2017.0,-21.973,470.0
003670,포스코퓨처엠,KOSPI,이차전지,U,4.981,764.0,-4.945,1596.0,-0.527,802.0,20.742,336.0,30.19,527.0,-38.036,1035.0
003680,한성기업,KOSPI,식품,N,-1.547,2158.0,-8.78,2135.0,-13.063,2064.0,-41.776,2482.0,8.589,1752.0,-39.565,1106.0
003690,코리안리,KOSPI,보험,U,-0.819,2047.0,-9.645,2213.0,-9.818,1745.0,-5.409,1194.0,18.82,984.0,-9.025,268.0
003720,삼영,KOSPI,이차전지,U,1.401,1453.0,-3.158,1196.0,-0.47,798.0,-16.108,2045.0,15.227,1215.0,-33.43,852.0
003780,진양산업,KOSPI,화학,N,-2.411,2251.0,-1.776,1007.0,-0.285,785.0,-1.467,959.0,0.803,2087.0,-51.59,1654.0
003800,에이스침대,KOSDAQ,유통,U,0.163,1857.0,-5.334,1676.0,-9.451,1701.0,-12.426,1823.0,12.084,1502.0,-33.611,860.0
003830,대한화섬,KOSPI,화학,N,-0.458,1985.0,-9.512,2197.0,-11.896,1961.0,-14.729,1965.0,15.185,1216.0,-36.774,981.0
003850,보령,KOSPI,제약바이오,U,2.781,1121.0,-8.245,2085.0,-11.686,1939.0,-9.302,1478.0,13.249,1348.0,-37.887,1030.0
003920,남양유업,KOSPI,음식료,U,1.328,1472.0,-6.0,1781.0,-10.811,1856.0,-12.568,1832.0,11.494,1549.0,-43.897,1290.0
003960,사조대림,KOSPI,음식료,U,3.346,1010.0,-6.236,1824.0,-18.121,2327.0,-21.106,2255.0,3.829,1987.0,-40.975,1168.0
0039P0,매드업,KOSDAQ,개별주,U,4.333,850.0,-4.754,1566.0,-20.759,2398.0,-1.397,957.0,26.24,657.0,,
004000,롯데정밀화학,KOSPI,정유화학,U,0.51,1772.0,-9.558,2206.0,-13.467,2092.0,-16.683,2077.0,8.022,1794.0,-39.111,1085.0
004020,현대제철,KOSPI,철강,U,-5.013,2399.0,-17.549,2459.0,-6.386,1251.0,3.282,751.0,18.645,996.0,-40.379,1146.0
004060,SG세계물산,KOSPI,"섬유,의류,신발,호화품",N,-0.092,1910.0,-6.132,1802.0,-15.053,2191.0,-29.289,2396.0,-5.981,2270.0,-75.969,2341.0
004080,신흥,KOSPI,건강관리장비와용품,N,-0.207,1932.0,-1.262,952.0,-4.094,1033.0,-7.222,1334.0,17.265,1079.0,-24.397,524.0
004090,한국석유,KOSPI,정유화학,U,5.166,741.0,-3.244,1211.0,-0.053,767.0,2.22,808.0,22.003,838.0,-57.245,1884.0
004100,태양금속,KOSPI,자동차부품,N,7.431,504.0,8.505,385.0,20.27,235.0,26.68,268.0,48.135,233.0,-12.321,314.0
004140,동방,KOSPI,항공화물운송과물류,N,4.87,776.0,-2.054,1044.0,-5.321,1150.0,-10.415,1638.0,10.852,1598.0,-58.695,1934.0
004150,한솔홀딩스,KOSPI,복합기업,N,6.734,565.0,0.032,816.0,0.791,721.0,3.39,748.0,31.518,490.0,-13.399,336.0
004170,신세계,KOSPI,유통,U,-3.233,2320.0,-12.541,2350.0,-20.821,2401.0,-32.114,2427.0,-38.873,2507.0,-20.709,439.0
004250,NPC,KOSPI,포장재,N,1.619,1390.0,-5.638,1720.0,-12.036,1974.0,-6.879,1300.0,4.066,1980.0,-53.628,1742.0
004270,남성,KOSPI,전자장비와기기,N,-0.85,2049.0,-2.979,1175.0,5.151,536.0,-17.473,2126.0,-7.899,2294.0,-47.35,1460.0
004310,현대약품,KOSPI,제약,N,-4.779,2389.0,-20.603,2489.0,3.452,591.0,38.789,164.0,79.811,73.0,-28.176,686.0
004360,세방,KOSPI,지주,U,1.538,1416.0,-4.624,1546.0,-5.592,1172.0,-5.876,1224.0,16.872,1100.0,-37.193,998.0
004370,농심,KOSPI,음식료,U,4.68,802.0,-2.746,1124.0,-14.377,2145.0,-2.836,1030.0,27.621,601.0,-16.928,384.0
004380,삼익THK,KOSPI,기계,N,6.653,570.0,-1.207,944.0,-9.47,1702.0,-16.63,2072.0,5.851,1906.0,-49.349,1558.0
004410,서울식품,KOSPI,식품,N,1.667,1378.0,0.109,810.0,-10.657,1839.0,5.83,662.0,45.189,267.0,-46.598,1420.0
004430,송원산업,KOSPI,정유화학,U,3.661,947.0,-4.512,1529.0,-4.602,1074.0,-9.531,1500.0,11.062,1580.0,3.569,182.0
004440,삼일씨엔에스,KOSPI,건축자재,N,9.457,373.0,5.093,516.0,-0.677,809.0,1.108,850.0,3.377,2003.0,-62.623,2052.0
004450,삼화왕관,KOSPI,포장재,N,1.09,1641.0,0.912,755.0,-0.969,826.0,4.089,724.0,21.171,876.0,-23.637,502.0
004490,세방전지,KOSPI,자동차,U,5.98,634.0,-1.783,1009.0,-11.758,1946.0,9.246,563.0,31.941,475.0,-23.099,491.0
004540,깨끗한나라,KOSPI,종이와목재,N,3.824,928.0,-3.604,1253.0,-4.241,1047.0,-2.126,996.0,-0.517,2125.0,-67.268,2177.0
004560,현대비앤지스틸,KOSPI,비철금속,N,1.009,1657.0,-4.974,1603.0,1.381,687.0,-0.511,913.0,20.457,907.0,-44.173,1307.0
004590,한국가구,KOSDAQ,식품과기본식료품소매,N,1.282,1479.0,-5.58,1712.0,-3.552,988.0,-8.975,1453.0,8.433,1760.0,-23.262,496.0
004650,창해에탄올,KOSDAQ,음료,N,1.09,1525.0,-4.038,1335.0,-7.784,1515.0,-10.032,1539.0,12.053,1504.0,-50.026,1599.0
004690,삼천리,KOSPI,지주,U,-0.591,2007.0,-6.901,1921.0,-11.879,1959.0,-1.898,980.0,22.357,828.0,-32.34,811.0
004700,조광피혁,KOSPI,"섬유,의류,신발,호화품",N,3.237,1035.0,-2.884,1150.0,-4.259,1050.0,-3.75,1078.0,20.258,913.0,-26.399,580.0
004710,한솔테크닉스,KOSPI,휴대폰 부품,U,23.514,60.0,31.773,51.0,53.174,47.0,48.085,118.0,40.994,318.0,134.876,23.0
004720,팜젠사이언스,KOSPI,제약,N,1.975,1304.0,-5.467,1695.0,-16.53,2270.0,-24.426,2328.0,3.059,2016.0,-46.953,1443.0
004770,써니전자,KOSPI,전자장비와기기,N,-7.289,2453.0,-19.599,2482.0,-8.221,1564.0,-0.664,921.0,23.941,749.0,-16.263,377.0
004780,대륙제관,KOSDAQ,포장재,N,3.368,1008.0,-4.019,1333.0,-3.949,1016.0,-5.988,1236.0,22.934,803.0,-17.68,395.0
004800,효성,KOSPI,지주,U,-2.503,2257.0,-5.44,1689.0,-7.659,1496.0,-3.397,1058.0,8.719,1744.0,-15.192,358.0
004830,덕성,KOSPI,"섬유,의류,신발,호화품",N,3.398,1003.0,-1.788,1010.0,-6.267,1236.0,-6.879,1301.0,11.239,1567.0,-50.937,1632.0
004840,DRB동일,KOSPI,화학,N,3.398,1004.0,-4.128,1354.0,-9.046,1663.0,-19.148,2190.0,5.373,1928.0,-48.763,1535.0
004870,티웨이홀딩스,KOSPI,건축자재,N,3.481,980.0,-11.852,2325.0,-20.993,2403.0,-40.282,2472.0,13.624,1319.0,-48.568,1524.0
004890,동일산업,KOSPI,철강,N,0.656,1738.0,-5.26,1665.0,-11.158,1890.0,-10.14,1544.0,11.864,1519.0,-36.445,965.0
004910,조광페인트,KOSPI,건축자재,N,0.09,1869.0,-5.112,1628.0,-9.114,1674.0,-12.534,1831.0,8.073,1789.0,-53.185,1723.0
004920,씨아이테크,KOSPI,컴퓨터와주변기기,N,1.09,1536.0,-4.254,1381.0,-8.026,1542.0,-12.297,1810.0,9.706,1687.0,-41.653,1192.0
004960,한신공영,KOSPI,건설,N,1.458,1437.0,-8.387,2101.0,-12.511,2013.0,-4.724,1146.0,7.794,1811.0,-53.813,1749.0
004970,신라교역,KOSPI,식품,N,2.092,1283.0,-6.411,1856.0,-8.878,1646.0,-12.508,1828.0,11.813,1522.0,-31.988,795.0
004980,성신양회,KOSPI,건설,U,1.213,1506.0,-3.637,1267.0,-8.881,1647.0,-4.979,1168.0,10.383,1633.0,-39.449,1101.0
004990,롯데지주,KOSPI,지주,U,-1.369,2140.0,-9.433,2192.0,-7.346,1457.0,-5.063,1174.0,11.767,1526.0,-39.15,1089.0
005010,휴스틸,KOSPI,철강,U,6.312,604.0,-0.788,897.0,0.035,759.0,3.062,760.0,15.556,1188.0,-54.056,1765.0
005030,부산주공,KOSPI,자동차부품,N,9.198,389.0,3.854,569.0,1.388,686.0,-2.032,988.0,21.119,880.0,-19.354,419.0
005070,코스모신소재,KOSPI,이차전지,U,14.688,170.0,9.208,367.0,17.002,282.0,27.67,256.0,31.011,508.0,-36.692,979.0
005090,SGC에너지,KOSPI,에너지,U,-1.364,2137.0,-14.76,2417.0,-19.036,2356.0,-15.497,2008.0,26.718,632.0,-34.84,913.0
005110,한창,KOSPI,부동산,N,1.09,1537.0,-4.254,1382.0,-6.72,1296.0,-10.14,1555.0,13.011,1371.0,-27.462,609.0
005160,동국산업,KOSDAQ,철강,N,14.681,171.0,9.5,359.0,51.133,54.0,49.941,112.0,79.818,72.0,-1.43,210.0
005180,빙그레,KOSPI,음식료,U,-0.215,1936.0,-7.058,1941.0,-17.065,2292.0,12.393,493.0,40.034,332.0,-10.935,296.0
005250,녹십자홀딩스,KOSPI,제약바이오,U,3.632,952.0,-2.036,1041.0,-8.446,1594.0,-11.866,1776.0,7.82,1810.0,-55.169,1812.0
005290,동진쎄미켐,KOSDAQ,소재,U,12.201,258.0,23.667,119.0,21.993,211.0,18.097,372.0,19.026,971.0,-11.261,301.0
005300,롯데칠성,KOSPI,음식료,U,0.777,1711.0,-3.833,1297.0,-8.771,1634.0,-17.151,2108.0,7.942,1801.0,-43.69,1278.0
005320,온타이드,KOSPI,"섬유,의류,신발,호화품",N,12.665,239.0,10.949,324.0,16.927,286.0,83.175,33.0,85.816,58.0,18.511,125.0
005360,모나미,KOSPI,문구류,N,-2.988,2303.0,-16.394,2448.0,-22.024,2421.0,-40.233,2471.0,-1.329,2150.0,-60.459,1978.0
005380,현대차,KOSPI,자동차,U,-0.89,2059.0,-8.536,2113.0,-15.053,2189.0,-21.86,2279.0,-17.965,2425.0,-54.206,1773.0
005420,코스모화학,KOSPI,이차전지,U,9.942,345.0,3.033,613.0,1.292,691.0,8.023,599.0,22.933,804.0,-54.705,1792.0
005430,한국공항,KOSPI,항공,U,16.593,132.0,17.594,195.0,13.477,350.0,-3.122,1046.0,26.5,643.0,49.993,62.0
005440,현대지에프홀딩스,KOSPI,지주,U,-1.445,2148.0,-7.235,1960.0,0.369,741.0,-4.39,1123.0,-2.162,2180.0,-33.252,847.0
005490,POSCO홀딩스,KOSPI,철강,U,0.929,1678.0,-9.001,2154.0,-12.478,2010.0,-10.779,1671.0,9.745,1682.0,-37.447,1010.0
005500,삼진제약,KOSPI,제약바이오,U,4.505,826.0,-1.397,967.0,-4.469,1063.0,-3.249,1047.0,16.538,1123.0,-21.521,456.0
005610,삼립,KOSPI,음식료,U,9.09,396.0,-0.279,849.0,-4.895,1102.0,-2.832,1029.0,17.636,1059.0,-42.401,1225.0
005670,푸드웰,KOSDAQ,식품,N,1.09,1642.0,-5.536,1702.0,-10.319,1804.0,-11.422,1739.0,13.995,1294.0,-20.887,446.0
005680,삼영전자,KOSPI,이차전지,U,-0.089,1909.0,-2.307,1072.0,-2.405,913.0,-15.771,2025.0,-4.182,2226.0,-42.414,1227.0
005690,파미셀,KOSPI,소재,U,-0.026,1892.0,2.367,659.0,10.815,399.0,1.773,826.0,16.777,1111.0,-42.297,1217.0
005710,대원산업,KOSDAQ,자동차,U,-1.331,2132.0,-4.158,1361.0,-8.409,1591.0,-19.325,2199.0,12.442,1472.0,-42.672,1239.0
005720,넥센,KOSPI,지주,U,21.09,79.0,11.875,296.0,-0.491,801.0,0.819,861.0,20.119,917.0,-24.93,539.0
005740,크라운해태홀딩스,KOSPI,식품,N,2.838,1115.0,-11.181,2301.0,-13.977,2129.0,-17.397,2123.0,5.755,1910.0,-46.473,1410.0
005750,대림바스,KOSPI,건축제품,N,-1.777,2188.0,-7.785,2029.0,-15.938,2231.0,-13.45,1894.0,9.261,1708.0,-48.451,1515.0
005800,신영와코루,KOSPI,"섬유,의류,신발,호화품",N,1.164,1514.0,-4.106,1351.0,-6.2,1227.0,-9.843,1524.0,22.663,811.0,-36.54,971.0
005810,풍산홀딩스,KOSPI,지주,U,1.226,1501.0,-5.062,1620.0,-7.126,1426.0,-6.332,1261.0,17.557,1064.0,-60.308,1972.0
005820,원림,KOSPI,포장재,N,-0.066,1899.0,-3.14,1191.0,-12.124,1978.0,-3.926,1091.0,16.797,1109.0,-33.172,845.0
005830,DB손해보험,KOSPI,보험,U,0.115,1866.0,-6.5,1868.0,-10.963,1877.0,7.948,603.0,38.303,361.0,-13.426,337.0
005850,에스엘,KOSPI,자동차,U,8.957,402.0,-0.675,886.0,-2.728,933.0,-13.837,1917.0,-0.155,2114.0,-31.336,773.0
005860,한일사료,KOSDAQ,식품,N,1.302,1475.0,-6.929,1924.0,-8.587,1612.0,-7.314,1340.0,14.514,1265.0,-70.883,2244.0
005870,휴니드,KOSPI,우주항공과국방,N,6.371,598.0,0.427,787.0,-2.634,928.0,-3.263,1050.0,12.685,1452.0,-73.521,2302.0
005880,대한해운,KOSPI,해운,U,9.348,379.0,1.138,740.0,0.245,747.0,2.015,814.0,24.932,701.0,-33.575,859.0
005930,삼성전자,KOSPI,IDM,U,-2.238,2238.0,4.622,534.0,3.46,590.0,4.86,695.0,-0.196,2116.0,12.996,144.0
005940,NH투자증권,KOSPI,증권,U,4.744,791.0,1.849,697.0,-3.265,964.0,-13.371,1889.0,-5.569,2261.0,-39.246,1092.0
005950,이수화학,KOSPI,이차전지,U,9.975,343.0,0.094,812.0,-4.773,1091.0,-25.434,2343.0,-0.372,2120.0,20.231,121.0
005960,동부건설,KOSPI,건설,U,3.259,1025.0,-3.181,1203.0,9.444,435.0,18.735,364.0,31.945,474.0,-21.329,451.0
005990,매일홀딩스,KOSDAQ,식품,N,-1.876,2197.0,-8.199,2076.0,-8.686,1623.0,-12.654,1839.0,16.368,1135.0,-33.896,873.0
006040,동원산업,KOSPI,음식료,U,1.516,1422.0,-6.602,1883.0,-13.202,2073.0,-14.47,1949.0,16.829,1104.0,-32.562,819.0
006050,국영지앤엠,KOSDAQ,건축제품,N,-17.91,2524.0,-53.447,2542.0,-47.719,2526.0,-54.229,2509.0,-30.632,2485.0,-106.912,2512.0
006060,화승인더,KOSPI,지주,U,2.447,1202.0,-11.5,2313.0,-16.215,2256.0,-21.427,2264.0,5.003,1941.0,-59.273,1949.0
006090,사조오양,KOSPI,식품,N,2.322,1239.0,-1.991,1037.0,-6.72,1366.0,-3.662,1072.0,26.865,628.0,-16.813,382.0
006110,삼아알미늄,KOSPI,정유화학,U,17.231,121.0,3.677,585.0,-15.066,2192.0,49.758,114.0,79.945,70.0,45.706,68.0
006120,SK디스커버리,KOSPI,지주,U,13.528,201.0,17.908,190.0,16.777,291.0,19.497,358.0,49.705,221.0,3.934,178.0
006140,피제이전자,KOSDAQ,건강관리장비와용품,N,30.261,25.0,21.077,155.0,15.252,325.0,9.65,557.0,39.456,342.0,-37.572,1018.0
006200,한국전자홀딩스,KOSPI,반도체와반도체장비,N,-14.138,2514.0,-21.432,2495.0,-22.301,2424.0,-33.544,2437.0,-17.311,2419.0,-71.711,2266.0
006220,제주은행,KOSPI,은행,U,2.344,1234.0,-8.408,2104.0,-10.013,1776.0,-2.593,1021.0,13.322,1346.0,-47.113,1454.0
006260,LS,KOSPI,전력기기,U,-6.064,2427.0,-5.901,1765.0,-6.046,1215.0,-10.805,1676.0,-2.428,2189.0,-13.313,330.0
006280,녹십자,KOSPI,제약바이오,U,3.118,1057.0,-1.476,978.0,-7.665,1498.0,-5.307,1187.0,15.705,1180.0,-36.566,972.0
006340,대원전선,KOSPI,전력기기,U,0.2,1843.0,0.691,767.0,-1.693,874.0,-13.186,1876.0,17.383,1074.0,138.873,20.0
006360,GS건설,KOSPI,건설,U,-3.39,2327.0,-14.199,2405.0,-4.239,1046.0,4.817,696.0,21.018,884.0,-12.705,321.0
006370,대구백화점,KOSPI,백화점과일반상점,N,2.274,1248.0,-13.51,2387.0,-26.236,2460.0,-48.932,2498.0,-12.239,2364.0,-71.153,2256.0
006400,삼성SDI,KOSPI,이차전지,U,2.625,1158.0,-7.011,1934.0,-8.393,1588.0,15.963,413.0,30.176,528.0,-11.58,308.0
006490,프리티,KOSPI,무선통신서비스,N,9.282,385.0,-32.037,2524.0,-27.046,2466.0,-31.517,2420.0,-26.201,2464.0,-87.11,2437.0
006570,대림통상,KOSPI,건축제품,N,1.558,1408.0,-4.718,1562.0,-4.334,1053.0,-14.309,1937.0,-1.166,2144.0,-31.152,770.0
006620,동구바이오제약,KOSDAQ,제약,N,0.948,1674.0,-3.537,1245.0,-8.809,1640.0,-21.153,2258.0,6.495,1876.0,-57.858,1898.0
006650,대한유화,KOSPI,정유화학,U,1.861,1327.0,-13.57,2391.0,-7.264,1446.0,-8.133,1392.0,-4.926,2249.0,-61.682,2014.0
006660,삼성공조,KOSPI,자동차부품,N,6.882,552.0,2.224,670.0,0.017,761.0,7.586,621.0,35.451,408.0,-11.193,298.0
006730,서부T&D,KOSDAQ,호텔레저,U,9.392,375.0,-5.459,1693.0,-6.195,1224.0,3.187,753.0,23.609,762.0,-39.086,1084.0
006740,블루산업개발,KOSPI,종이와목재,N,1.714,1371.0,-8.412,2106.0,-13.643,2105.0,-19.503,2209.0,18.022,1031.0,-49.27,1552.0
006800,미래에셋증권,KOSPI,증권,U,-0.77,2039.0,-4.569,1541.0,-10.811,1855.0,-17.188,2110.0,-16.262,2408.0,-75.998,2343.0
006840,AK홀딩스,KOSPI,화학,N,3.579,964.0,-3.679,1272.0,-14.005,2131.0,-14.902,1976.0,33.286,449.0,-40.397,1147.0
006880,신송홀딩스,KOSPI,식품과기본식료품소매,N,0.618,1750.0,-8.345,2095.0,-10.153,1792.0,-12.342,1814.0,3.667,1993.0,-68.932,2216.0
006890,태경케미컬,KOSPI,화학,N,-0.631,2013.0,-6.469,1860.0,-12.448,2008.0,-26.143,2352.0,-1.211,2146.0,-71.976,2269.0
006910,보성파워텍,KOSDAQ,원전,U,0.82,1703.0,-0.612,879.0,1.625,669.0,5.485,673.0,14.66,1257.0,-45.331,1356.0
006920,모헨즈,KOSDAQ,건축자재,N,2.578,1171.0,-6.327,1835.0,-14.666,2167.0,-13.294,1885.0,-0.02,2109.0,-58.318,1917.0
006980,우성,KOSPI,식품,N,-2.184,2234.0,-5.543,1703.0,-0.07,768.0,-3.355,1054.0,13.669,1314.0,-52.451,1691.0
007070,GS리테일,KOSPI,유통,U,-1.761,2183.0,-12.154,2338.0,-21.364,2409.0,-21.717,2272.0,1.789,2050.0,-27.911,681.0
007110,일신석재,KOSPI,건축자재,N,-8.196,2466.0,-13.54,2390.0,-16.006,2238.0,-36.913,2459.0,-27.789,2474.0,-91.26,2455.0
007120,미래아이앤지,KOSPI,IT서비스,N,-2.26,2241.0,-14.665,2414.0,-23.017,2433.0,-26.792,2365.0,-10.468,2342.0,-73.914,2307.0
007160,사조산업,KOSPI,음식료,U,-0.959,2073.0,-6.303,1834.0,-11.501,1922.0,-18.217,2159.0,10.662,1616.0,-34.646,903.0
007210,벽산,KOSPI,건축자재,N,1.929,1314.0,-2.705,1120.0,-5.527,1163.0,-10.692,1664.0,7.942,1800.0,-45.483,1362.0
007280,한국특강,KOSPI,철강,N,3.108,1059.0,-5.769,1740.0,-11.731,1943.0,15.551,420.0,24.805,705.0,-48.202,1503.0
007310,오뚜기,KOSPI,음식료,U,2.535,1182.0,-5.965,1778.0,-12.672,2030.0,-12.155,1796.0,12.696,1451.0,-38.448,1055.0
007330,푸른저축은행,KOSDAQ,기타금융,N,0.391,1795.0,-6.609,1885.0,-7.22,1437.0,-10.838,1681.0,10.465,1624.0,-40.181,1137.0
007340,DN오토모티브,KOSPI,자동차,U,5.474,695.0,3.738,581.0,4.022,577.0,6.546,643.0,46.345,251.0,17.676,129.0
007370,진양제약,KOSDAQ,제약,N,1.596,1401.0,-4.254,1373.0,-7.962,1537.0,-7.823,1375.0,15.592,1185.0,-37.53,1017.0
007390,네이처셀,KOSDAQ,제약바이오,U,1.496,1429.0,-4.856,1575.0,-2.069,896.0,2.616,790.0,23.502,766.0,15.767,135.0
007460,에이프로젠,KOSPI,제약바이오,U,7.558,498.0,4.486,539.0,-2.837,938.0,-27.514,2379.0,-1.045,2140.0,-78.028,2366.0
007530,와이엠,KOSDAQ,자동차부품,N,-3.328,2325.0,10.908,327.0,2.972,616.0,2.517,794.0,-1.964,2172.0,-52.009,1671.0
007540,샘표,KOSPI,식품,N,-0.387,1973.0,-9.528,2200.0,1.008,704.0,-4.124,1104.0,18.429,1006.0,-39.015,1077.0
007570,일양약품,KOSPI,제약,N,5.753,657.0,-4.501,1522.0,-11.212,1897.0,-14.632,1955.0,10.361,1635.0,-61.93,2023.0
007590,동방아그로,KOSPI,화학,N,1.629,1388.0,-2.62,1106.0,-6.72,1372.0,-10.849,1683.0,12.126,1500.0,-32.867,832.0
007610,선도전기,KOSPI,전기장비,N,-2.194,2236.0,7.967,404.0,0.297,743.0,-3.523,1064.0,-9.773,2328.0,-61.769,2018.0
007660,이수페타시스,KOSPI,MLCC/기판,U,3.024,1077.0,8.386,392.0,1.494,680.0,42.121,142.0,32.656,462.0,-13.122,328.0
007680,대원,KOSDAQ,건설,N,-4.646,2387.0,-11.712,2319.0,-18.604,2342.0,-20.859,2245.0,-27.381,2471.0,-53.406,1733.0
007690,국도화학,KOSPI,정유화학,U,5.302,723.0,-3.861,1301.0,-10.363,1809.0,-11.044,1704.0,15.964,1165.0,-18.667,408.0
007700,F&F홀딩스,KOSPI,지주,U,1.542,1415.0,-5.439,1688.0,-13.106,2066.0,-16.918,2094.0,-0.98,2139.0,-52.349,1682.0
007720,소노스퀘어,KOSDAQ,판매업체,N,-2.079,2220.0,-7.338,1981.0,-20.106,2385.0,-27.495,2377.0,-11.439,2349.0,-68.327,2201.0
007770,한일화학,KOSDAQ,화학,N,-0.282,1948.0,-5.379,1680.0,-9.306,1686.0,15.615,419.0,30.545,515.0,-25.001,542.0
007810,코리아써키트,KOSPI,MLCC/기판,U,27.664,37.0,57.632,15.0,37.084,89.0,60.814,84.0,22.732,809.0,-10.083,280.0
007820,엠엑스로보틱스,KOSDAQ,기계,N,2.525,1183.0,-2.964,1170.0,-12.579,2023.0,3.892,732.0,33.045,453.0,-48.906,1540.0
007860,서연,KOSPI,지주,U,6.295,608.0,-0.75,896.0,-9.01,1659.0,-12.181,1797.0,7.943,1799.0,-41.843,1198.0
007980,TP,KOSPI,"섬유,의류,신발,호화품",N,0.922,1682.0,-0.72,890.0,-3.96,1017.0,-3.39,1057.0,16.127,1152.0,-26.786,590.0
008040,사조동아원,KOSPI,식품,N,1.892,1318.0,-9.649,2214.0,-9.68,1729.0,-20.88,2247.0,-6.958,2284.0,-64.936,2114.0
008060,대덕,KOSPI,전자장비와기기,N,9.947,344.0,7.785,413.0,-2.849,939.0,5.025,688.0,18.654,995.0,-0.29,202.0
008250,이건산업,KOSPI,건축자재,N,4.205,871.0,-5.042,1617.0,-4.444,1059.0,9.898,551.0,23.751,758.0,-44.04,1296.0
008260,NI스틸,KOSPI,건축자재,N,3.398,1002.0,-2.882,1149.0,-9.498,1704.0,-6.071,1241.0,18.233,1016.0,-32.732,827.0
0082N0,카나프테라퓨틱스,KOSDAQ,제약,N,8.602,432.0,7.746,414.0,-25.098,2452.0,-7.1,1324.0,5.407,1925.0,-88.725,2445.0
008350,남선알미늄,KOSPI,비철금속,N,1.843,1336.0,-3.311,1216.0,-4.232,1044.0,-8.237,1400.0,16.29,1143.0,-78.333,2369.0
008370,원풍,KOSDAQ,화학,N,-2.628,2277.0,-6.518,1874.0,-3.942,1015.0,-2.448,1017.0,19.706,940.0,-24.068,515.0
008420,문배철강,KOSPI,철강,N,1.332,1467.0,-8.632,2125.0,-10.432,1815.0,-9.412,1490.0,6.903,1860.0,-33.782,867.0
008470,부스타,KOSDAQ,기계,N,-1.332,2133.0,-5.094,1626.0,-8.679,1622.0,-31.473,2419.0,15.031,1230.0,-47.349,1459.0
008490,서흥,KOSPI,제약,N,3.964,902.0,-3.761,1287.0,-11.393,1916.0,-18.66,2182.0,13.752,1310.0,-14.505,347.0
008600,윌비스,KOSPI,"섬유,의류,신발,호화품",N,1.09,1538.0,-4.254,1383.0,-6.72,1297.0,-10.14,1556.0,13.011,1372.0,-27.462,610.0
008700,아남전자,KOSPI,전자제품,N,0.052,1878.0,-5.37,1679.0,-6.881,1384.0,-11.492,1744.0,13.173,1355.0,-47.41,1464.0
008730,율촌화학,KOSPI,정유화학,U,1.493,1430.0,-4.588,1543.0,-13.466,2090.0,-1.873,979.0,10.849,1599.0,-67.98,2188.0
008770,호텔신라,KOSPI,호텔레저,U,-1.027,2085.0,-7.336,1980.0,-13.482,2093.0,-15.441,2005.0,-10.081,2335.0,-42.305,1218.0
008830,대동기어,KOSDAQ,기계,N,4.3,854.0,1.156,739.0,-3.01,952.0,-24.521,2330.0,-23.639,2457.0,-94.987,2473.0
008870,금비,KOSPI,포장재,N,0.085,1871.0,-6.487,1863.0,-9.195,1678.0,-7.536,1354.0,15.349,1205.0,-39.906,1119.0
0088M0,메쥬,KOSDAQ,건강관리장비와용품,N,5.821,650.0,12.359,286.0,7.035,491.0,-3.862,1087.0,8.945,1733.0,-79.575,2385.0
008930,한미사이언스,KOSPI,제약바이오,U,7.232,518.0,3.965,562.0,8.97,447.0,30.932,220.0,88.567,50.0,18.065,128.0
008970,KBI동양철관,KOSPI,철강,U,19.674,95.0,10.965,323.0,20.535,230.0,8.865,576.0,23.847,754.0,-50.05,1600.0
009070,KCTC,KOSPI,항공화물운송과물류,N,3.961,903.0,-0.606,876.0,-4.233,1045.0,-3.954,1093.0,14.116,1287.0,-54.282,1774.0
009140,케이아이이,KOSPI,전자제품,N,-9.068,2480.0,-14.209,2406.0,-18.079,2325.0,-14.467,1948.0,-1.397,2156.0,-39.603,1109.0
009150,삼성전기,KOSPI,MLCC/기판,U,6.0,632.0,10.228,338.0,6.208,506.0,23.278,301.0,-0.501,2124.0,218.49,8.0
009160,SIMPAC,KOSPI,자동차,U,5.837,647.0,2.635,644.0,-9.367,1692.0,-3.251,1048.0,15.172,1218.0,-31.797,786.0
009180,한솔로지스틱스,KOSPI,유통,U,2.902,1102.0,-2.81,1135.0,-6.003,1209.0,-8.696,1430.0,15.942,1167.0,-32.046,798.0
009190,대양금속,KOSPI,철강,N,-34.972,2540.0,-46.59,2536.0,-59.8,2536.0,-74.619,2534.0,-56.817,2527.0,-82.094,2405.0
009200,무림페이퍼,KOSPI,종이와목재,N,2.154,1273.0,-1.482,980.0,-7.113,1423.0,-10.598,1656.0,20.508,901.0,-52.585,1699.0
009240,한샘,KOSPI,유통,U,0.964,1668.0,-2.2,1057.0,-1.422,859.0,-8.217,1397.0,29.239,551.0,-23.946,510.0
009270,신원,KOSPI,"섬유,의류,신발,호화품",N,0.369,1805.0,-3.706,1276.0,-12.132,1979.0,-3.557,1067.0,20.321,911.0,-45.052,1339.0
009290,광동제약,KOSPI,제약바이오,U,3.594,961.0,-1.104,933.0,-2.587,924.0,-3.981,1095.0,19.863,929.0,-45.791,1372.0
009300,삼아제약,KOSDAQ,제약,N,-0.193,1928.0,-5.255,1663.0,-7.437,1465.0,1.554,831.0,21.215,871.0,-40.3,1140.0
009310,참엔지니어링,KOSPI,디스플레이장비및부품,N,1.09,1539.0,-4.254,1384.0,-6.72,1298.0,-10.14,1557.0,13.011,1373.0,-27.462,611.0
009320,아진전자부품,KOSPI,자동차부품,N,-2.506,2259.0,-1.375,966.0,-7.03,1410.0,-13.252,1882.0,17.903,1038.0,-30.574,754.0
009410,태영건설,KOSPI,건설,U,0.781,1709.0,-8.299,2090.0,-9.434,1700.0,-10.756,1670.0,7.009,1852.0,-37.047,992.0
009420,한올바이오파마,KOSPI,제약바이오,U,0.017,1884.0,-7.709,2025.0,-22.902,2432.0,-21.486,2265.0,-4.52,2234.0,-27.244,599.0
009440,KC그린홀딩스,KOSPI,상업서비스와공급품,N,1.09,1540.0,-4.254,1385.0,-6.72,1299.0,-10.14,1558.0,13.011,1374.0,-27.462,612.0
009450,경동나비엔,KOSPI,개별주,U,2.917,1098.0,-0.179,836.0,-5.062,1116.0,-20.651,2235.0,8.643,1749.0,-28.909,702.0
009460,한창제지,KOSPI,포장재,N,5.421,704.0,1.471,716.0,-6.176,1223.0,-23.847,2313.0,15.794,1175.0,-10.852,293.0
009470,삼화전기,KOSPI,MLCC/기판,U,7.641,489.0,2.503,651.0,16.443,300.0,10.867,529.0,13.924,1302.0,-48.687,1531.0
009520,포스코엠텍,KOSDAQ,철강,U,8.28,451.0,-0.374,855.0,-1.169,842.0,10.338,542.0,23.729,759.0,-53.795,1747.0
009540,HD한국조선해양,KOSPI,조선,U,-0.865,2052.0,-6.209,1823.0,-7.782,1514.0,-22.974,2300.0,2.326,2039.0,-40.76,1158.0
009580,무림P&P,KOSPI,개별주,U,-1.195,2110.0,-1.257,951.0,0.497,732.0,-5.107,1177.0,20.36,909.0,-62.775,2058.0
009620,삼보산업,KOSDAQ,비철금속,N,2.078,1287.0,14.583,241.0,12.117,378.0,14.275,449.0,64.385,127.0,-9.438,274.0
009680,모토닉,KOSPI,자동차,U,-0.673,2021.0,-6.017,1783.0,-10.185,1794.0,-9.538,1503.0,13.613,1321.0,-32.3,808.0
009730,이렘,KOSDAQ,비철금속,N,2.772,1126.0,-3.496,1241.0,-6.519,1264.0,-2.185,1000.0,28.597,575.0,-84.766,2424.0
009770,삼정펄프,KOSPI,가정용품,N,1.823,1343.0,-6.736,1903.0,-8.154,1556.0,-8.476,1417.0,14.863,1243.0,-40.711,1157.0
009780,엠에스씨,KOSDAQ,식품,N,12.069,264.0,7.056,434.0,-2.105,897.0,8.968,571.0,33.657,444.0,-15.486,363.0
009810,MDS스피어,KOSPI,판매업체,N,-0.873,2054.0,-4.882,1579.0,-7.348,1458.0,-10.716,1667.0,15.274,1211.0,-29.174,716.0
009830,한화솔루션,KOSPI,"태양광, 풍력",U,24.72,52.0,22.413,138.0,12.422,369.0,24.562,282.0,27.797,594.0,-30.288,746.0
009900,명신산업,KOSPI,자동차,U,5.496,688.0,4.132,555.0,1.255,696.0,16.044,410.0,23.218,782.0,-34.945,918.0
009970,영원무역홀딩스,KOSPI,지주,U,-0.44,1982.0,-7.675,2019.0,-11.174,1893.0,-25.855,2349.0,1.467,2063.0,-49.165,1548.0
010040,한국내화,KOSPI,비철금속,N,7.861,475.0,-2.009,1038.0,-5.486,1157.0,-6.995,1318.0,12.405,1475.0,-40.088,1129.0
010060,OCI홀딩스,KOSPI,"태양광, 풍력",U,15.896,144.0,12.249,288.0,-8.587,1613.0,-5.029,1171.0,32.035,470.0,-9.093,269.0
010100,한국무브넥스,KOSPI,자동차부품,N,4.838,782.0,-2.788,1130.0,-8.703,1626.0,-15.604,2014.0,7.161,1846.0,-44.289,1312.0
010120,LS ELECTRIC,KOSPI,전력기기,U,3.036,1074.0,0.811,761.0,0.332,742.0,-3.795,1081.0,8.892,1737.0,-10.553,289.0
010130,고려아연,KOSPI,건설,U,-2.136,2226.0,-9.016,2157.0,-17.904,2316.0,-6.692,1291.0,10.046,1661.0,-54.142,1771.0
010140,삼성중공업,KOSPI,조선,U,-0.342,1960.0,-5.442,1691.0,-6.62,1278.0,-17.946,2152.0,-2.769,2202.0,-52.984,1715.0
010170,대한광통신,KOSDAQ,전력기기,U,1.655,1381.0,6.305,466.0,24.452,176.0,64.713,72.0,70.116,94.0,13.361,143.0
010240,흥국,KOSDAQ,기계,N,1.09,1524.0,-5.014,1611.0,-8.967,1651.0,-15.231,1998.0,7.065,1848.0,-28.971,705.0
010280,아이티센엔텍,KOSDAQ,IT SW,U,12.636,241.0,9.746,354.0,-0.178,776.0,6.425,646.0,33.902,440.0,-31.502,777.0
010400,우진아이엔에스,KOSPI,건설,N,1.329,1469.0,-1.175,939.0,-14.336,2141.0,-10.616,1660.0,14.343,1275.0,-19.74,423.0
010470,오리콤,KOSDAQ,광고,N,1.893,1317.0,-2.221,1061.0,-2.894,943.0,-3.896,1089.0,17.813,1045.0,-40.309,1142.0
010580,에스엠벡셀,KOSPI,자동차,U,-17.355,2523.0,-16.168,2442.0,23.027,193.0,40.193,152.0,51.44,203.0,-15.273,359.0
010640,진양폴리,KOSPI,화학,N,0.849,1697.0,0.983,751.0,-12.2,1986.0,19.316,360.0,26.56,639.0,-33.371,849.0
010660,화천기계,KOSPI,기계,N,6.795,559.0,-3.935,1319.0,3.036,612.0,4.406,714.0,24.516,715.0,-63.176,2064.0
010690,화신,KOSPI,자동차,U,5.45,701.0,-2.392,1082.0,-6.589,1274.0,-11.682,1758.0,-5.93,2267.0,-55.198,1814.0
010770,평화홀딩스,KOSPI,자동차부품,N,1.233,1499.0,-5.104,1627.0,-9.633,1719.0,-18.637,2180.0,2.525,2031.0,-31.043,767.0
010780,아이에스동서,KOSPI,건설,U,-1.45,2149.0,-9.824,2230.0,-13.318,2083.0,-34.084,2443.0,-22.189,2450.0,-71.919,2268.0
010820,퍼스텍,KOSPI,방산,U,4.582,815.0,2.807,632.0,13.354,354.0,3.055,761.0,22.961,800.0,-42.344,1222.0
010950,S-Oil,KOSPI,정유화학,U,7.902,471.0,11.083,321.0,3.419,594.0,21.975,314.0,55.184,175.0,17.312,132.0
010960,삼호개발,KOSPI,건설,N,2.234,1257.0,-3.11,1188.0,-8.622,1615.0,-7.486,1349.0,-15.511,2403.0,-43.7,1279.0
011000,진원생명과학,KOSPI,생물공학,N,1.09,1541.0,-4.254,1386.0,-6.72,1300.0,-10.14,1559.0,13.011,1375.0,-62.021,2027.0
011040,경동제약,KOSDAQ,제약,N,1.09,1521.0,-4.651,1551.0,-7.511,1480.0,-8.52,1419.0,12.417,1474.0,-33.454,855.0
011070,LG이노텍,KOSPI,휴대폰 부품,U,8.38,444.0,7.202,428.0,-5.486,1159.0,-0.807,930.0,-19.854,2440.0,48.882,65.0
011080,형지I&C,KOSDAQ,"섬유,의류,신발,호화품",N,-8.91,2479.0,-36.381,2527.0,-56.941,2533.0,-62.47,2518.0,-66.764,2535.0,-118.686,2527.0
011090,에넥스,KOSPI,가구,N,-19.409,2526.0,-30.939,2521.0,5.717,516.0,-35.308,2451.0,39.476,341.0,-49.962,1590.0
011150,CJ씨푸드,KOSPI,식품,N,1.676,1376.0,-6.279,1833.0,-12.37,1998.0,-15.79,2026.0,6.659,1870.0,-56.388,1852.0
011170,롯데케미칼,KOSPI,정유화학,U,2.419,1210.0,-9.09,2162.0,-0.263,782.0,-4.421,1127.0,8.473,1755.0,-58.144,1906.0
011200,HMM,KOSPI,해운,U,4.455,833.0,1.397,724.0,-3.355,973.0,-8.725,1433.0,23.951,748.0,-20.762,442.0
011210,현대위아,KOSPI,자동차,U,2.423,1209.0,-7.527,1997.0,-12.394,2000.0,-21.768,2276.0,-4.508,2233.0,-57.091,1874.0
011230,삼화전자,KOSPI,전자장비와기기,N,1.09,1516.0,-4.995,1607.0,-3.045,953.0,-11.61,1752.0,-8.049,2299.0,-22.569,483.0
011280,태림포장,KOSPI,포장재,N,7.195,521.0,-8.201,2077.0,-18.074,2324.0,-21.762,2275.0,-4.222,2228.0,-57.938,1900.0
011300,우성머티리얼스,KOSPI,"섬유,의류,신발,호화품",N,1.09,1648.0,12.481,283.0,6.998,492.0,-14.647,1956.0,43.011,296.0,-24.265,521.0
011320,유니크,KOSDAQ,자동차부품,N,2.776,1124.0,-0.824,900.0,-2.047,893.0,-4.905,1160.0,15.495,1194.0,-24.844,537.0
011330,유니켐,KOSPI,자동차부품,N,3.909,914.0,-6.696,1899.0,-10.504,1826.0,11.454,516.0,29.701,537.0,-56.377,1851.0
011370,서한,KOSDAQ,건설,N,3.539,972.0,-4.519,1532.0,-8.545,1608.0,-10.048,1542.0,4.962,1944.0,-51.277,1639.0
011390,부산산업,KOSPI,건축자재,N,-3.022,2305.0,-3.622,1260.0,-16.361,2263.0,12.424,492.0,18.998,974.0,-61.165,2001.0
011420,갤럭시아에스엠,KOSPI,레저용장비와제품,N,0.671,1735.0,-2.179,1053.0,-9.974,1772.0,-12.933,1858.0,5.374,1927.0,-43.223,1258.0
011500,한농화성,KOSPI,이차전지,U,14.02,192.0,8.763,377.0,5.098,537.0,11.944,503.0,23.905,751.0,-54.752,1796.0
011560,세보엠이씨,KOSDAQ,건설,U,1.501,1426.0,-2.162,1052.0,-7.331,1456.0,8.307,586.0,10.223,1647.0,4.859,173.0
011690,와이투솔루션,KOSPI,전자장비와기기,N,12.899,226.0,13.541,258.0,7.478,476.0,4.937,693.0,26.689,634.0,-55.951,1843.0
011700,한신기계,KOSPI,기계,N,8.218,456.0,-2.258,1066.0,3.409,596.0,-3.012,1043.0,13.404,1341.0,-65.821,2138.0
011760,현대코퍼레이션,KOSPI,개별주,U,1.09,1520.0,-9.715,2221.0,-8.481,1597.0,-12.853,1853.0,20.506,902.0,-33.979,878.0
011780,금호석유화학,KOSPI,정유화학,U,1.518,1421.0,-7.229,1959.0,-14.424,2148.0,-9.798,1520.0,13.525,1328.0,-32.401,812.0
011790,SKC,KOSPI,이차전지,U,20.217,87.0,20.017,168.0,20.672,226.0,26.224,273.0,18.457,1004.0,-10.813,292.0
0117P0,피스피스스튜디오,KOSDAQ,"섬유,의류,신발,호화품",N,2.173,1268.0,-2.064,1045.0,-6.898,1390.0,-7.576,1360.0,12.302,1485.0,,
011810,STX,KOSPI,무역회사와판매업체,N,1.09,1542.0,-4.254,1387.0,-6.72,1301.0,-10.14,1560.0,13.011,1376.0,-27.462,613.0
011930,신성이엔지,KOSPI,"태양광, 풍력",U,18.09,113.0,18.676,179.0,14.56,335.0,16.953,390.0,25.005,699.0,-69.558,2227.0
012030,DB,KOSPI,지주,U,21.362,75.0,22.934,129.0,31.81,122.0,30.788,221.0,44.048,279.0,-1.844,213.0
0120G0,삼양바이오팜,KOSPI,건강관리장비와용품,N,5.176,740.0,-0.391,856.0,-13.822,2115.0,-1.376,955.0,13.845,1305.0,-65.01,2118.0
012160,영흥,KOSPI,철강,N,2.261,1254.0,-4.943,1595.0,-20.147,2387.0,-22.69,2294.0,47.173,243.0,-26.307,577.0
012170,아센디오,KOSPI,방송과엔터테인먼트,N,2.964,1088.0,-2.898,1154.0,-10.887,1868.0,-38.448,2466.0,-26.864,2469.0,-77.86,2362.0
012200,계양전기,KOSPI,자동차부품,N,-2.774,2291.0,-17.382,2457.0,-18.743,2347.0,-27.756,2382.0,-21.515,2445.0,-77.3,2357.0
012210,삼미금속,KOSDAQ,자동차,U,-2.608,2272.0,5.253,509.0,38.316,88.0,70.282,58.0,70.436,92.0,-37.589,1020.0
012280,영화금속,KOSPI,자동차부품,N,0.809,1706.0,-5.092,1624.0,-18.521,2338.0,-23.555,2310.0,-7.979,2295.0,-58.28,1913.0
012320,경동인베스트,KOSPI,비철금속,N,-0.939,2071.0,-13.068,2373.0,-13.279,2080.0,-14.118,1929.0,4.485,1959.0,-49.594,1568.0
012330,현대모비스,KOSPI,자동차,U,5.444,702.0,-4.123,1353.0,-14.422,2147.0,-30.493,2411.0,-12.523,2369.0,-29.128,713.0
012340,뉴인텍,KOSDAQ,전기제품,N,-10.521,2493.0,-25.395,2507.0,-40.585,2518.0,-67.993,2527.0,-43.363,2515.0,-110.045,2518.0
012450,한화에어로스페이스,KOSPI,방산,U,6.085,626.0,-2.642,1108.0,-2.135,901.0,-3.367,1055.0,5.505,1923.0,-57.715,1894.0
012610,경인양행,KOSPI,화학,N,7.36,510.0,4.574,535.0,0.389,739.0,4.775,700.0,16.051,1156.0,-42.071,1209.0
012620,원일특강,KOSDAQ,철강,N,2.648,1154.0,-0.491,861.0,-4.438,1058.0,-5.925,1228.0,17.683,1054.0,-48.06,1497.0
012630,HDC,KOSPI,건설,U,-6.572,2438.0,-15.908,2439.0,0.098,755.0,1.765,827.0,24.916,703.0,-37.423,1009.0
012690,모나리자,KOSPI,가정용품,N,2.59,1164.0,-6.456,1858.0,-10.901,1871.0,-11.528,1746.0,9.22,1712.0,-62.724,2055.0
0126Z0,삼성에피스홀딩스,KOSPI,제약바이오,U,11.696,275.0,7.367,424.0,-6.445,1257.0,-15.58,2011.0,4.951,1946.0,-52.281,1681.0
012700,리드코프,KOSDAQ,석유와가스,N,1.782,1351.0,-3.909,1313.0,-8.74,1629.0,-13.942,1920.0,12.84,1443.0,-46.964,1444.0
012750,에스원,KOSPI,IT SW,U,0.85,1696.0,-4.013,1330.0,-3.104,954.0,4.798,697.0,30.054,532.0,-34.613,901.0
012790,신일제약,KOSDAQ,제약,N,6.972,539.0,3.746,580.0,0.387,740.0,13.054,479.0,36.205,393.0,-19.1,413.0
012800,대창,KOSPI,개별주,U,4.006,895.0,-3.159,1197.0,-3.272,965.0,-2.709,1024.0,16.998,1090.0,-36.896,986.0
012860,모베이스전자,KOSDAQ,자동차부품,N,8.562,434.0,6.38,460.0,8.883,450.0,-5.875,1223.0,11.007,1587.0,-56.899,1869.0
013000,세우글로벌,KOSPI,화학,N,1.174,1513.0,-2.806,1134.0,-8.209,1562.0,-12.437,1824.0,13.688,1313.0,-32.561,818.0
013030,하이록코리아,KOSDAQ,조선,U,-2.624,2275.0,2.354,661.0,2.617,626.0,2.418,798.0,28.433,580.0,-32.061,800.0
013120,동원개발,KOSDAQ,건설,U,3.013,1079.0,-2.331,1075.0,-9.024,1662.0,-10.609,1658.0,-17.48,2420.0,-50.927,1631.0
013310,아진산업,KOSDAQ,자동차,U,2.844,1113.0,-1.143,935.0,-8.206,1561.0,-21.421,2263.0,-0.743,2133.0,-50.894,1629.0
013360,일성건설,KOSPI,건설,N,0.583,1755.0,-4.108,1352.0,-14.438,2151.0,-12.691,1844.0,-21.041,2444.0,-52.489,1693.0
013520,화승코퍼레이션,KOSPI,자동차부품,N,1.879,1324.0,-2.663,1109.0,-9.94,1766.0,-11.491,1743.0,9.064,1723.0,-32.303,809.0
013570,디와이,KOSPI,자동차부품,N,1.932,1312.0,-4.015,1331.0,-9.051,1664.0,-10.259,1625.0,14.219,1282.0,-38.408,1053.0
013580,계룡건설,KOSPI,건설,N,-2.919,2300.0,-9.529,2201.0,-5.308,1148.0,1.692,829.0,6.301,1889.0,-41.946,1202.0
013700,까뮤이앤씨,KOSPI,건설,N,0.963,1669.0,-8.874,2148.0,-16.026,2242.0,-4.198,1107.0,27.537,607.0,-8.055,256.0
013720,청보,KOSDAQ,자동차부품,N,-3.123,2312.0,-5.624,1718.0,-12.397,2001.0,-13.061,1871.0,27.662,599.0,-68.023,2191.0
013810,스페코,KOSDAQ,기계,N,1.35,1464.0,-5.721,1731.0,-8.5,1601.0,-12.231,1800.0,-4.72,2241.0,-73.06,2291.0
013870,지엠비코리아,KOSPI,자동차부품,N,1.882,1323.0,-4.515,1531.0,-7.756,1512.0,-11.176,1720.0,7.1,1847.0,-49.183,1550.0
013890,지누스,KOSPI,개별주,U,-5.041,2400.0,-13.715,2394.0,-17.356,2298.0,-33.328,2435.0,-10.518,2344.0,-62.4,2043.0
013990,아가방컴퍼니,KOSDAQ,"섬유,의류,신발,호화품",N,9.799,356.0,9.343,366.0,5.644,519.0,-1.202,949.0,60.17,147.0,-16.422,379.0
014100,메디앙스,KOSDAQ,화장품,N,-2.47,2253.0,-14.702,2415.0,-15.936,2230.0,-30.256,2405.0,0.902,2083.0,-36.351,963.0
014130,한익스프레스,KOSPI,항공화물운송과물류,N,5.513,686.0,-1.801,1011.0,3.646,587.0,-0.884,937.0,35.034,418.0,-23.239,495.0
014160,대영포장,KOSPI,포장재,N,1.09,1543.0,-4.254,1388.0,-11.517,1923.0,-16.435,2061.0,6.851,1863.0,-76.608,2351.0
014190,원익큐브,KOSDAQ,화학,N,2.079,1286.0,-1.068,927.0,0.636,727.0,-0.929,939.0,19.251,960.0,-47.988,1495.0
014280,금강공업,KOSPI,건축제품,N,7.161,524.0,0.025,817.0,1.205,697.0,4.464,709.0,23.381,773.0,-31.899,790.0
014440,영보화학,KOSPI,화학,N,0.451,1783.0,-4.998,1608.0,-7.465,1469.0,-6.818,1296.0,16.334,1139.0,-25.717,561.0
014470,부방,KOSDAQ,가정용기기와용품,N,4.854,779.0,0.014,818.0,-3.751,1002.0,-2.64,1023.0,17.077,1086.0,-43.412,1265.0
014530,극동유화,KOSPI,석유와가스,N,4.607,811.0,-4.401,1502.0,-1.921,884.0,-2.337,1007.0,22.205,831.0,-41.874,1201.0
014570,고려제약,KOSDAQ,제약,N,3.594,962.0,-7.217,1956.0,-13.68,2110.0,-13.246,1881.0,9.905,1671.0,-45.175,1349.0
014580,태경비케이,KOSPI,비철금속,N,3.857,921.0,-0.392,857.0,-5.29,1144.0,-11.655,1754.0,10.268,1644.0,-39.426,1099.0
014620,성광벤드,KOSDAQ,에너지,U,0.276,1829.0,-9.098,2164.0,-4.367,1055.0,4.334,718.0,26.631,636.0,-48.881,1538.0
014680,한솔케미칼,KOSPI,소재,U,16.946,127.0,23.485,122.0,34.663,101.0,17.599,381.0,23.273,779.0,-22.279,475.0
014710,사조씨푸드,KOSPI,식품,N,6.416,592.0,-7.547,2003.0,-14.434,2150.0,-21.889,2281.0,23.125,787.0,12.365,147.0
014790,HL D&I,KOSPI,건설,U,3.131,1053.0,-2.421,1088.0,-9.821,1746.0,-8.307,1405.0,6.82,1866.0,-50.42,1613.0
014820,동원시스템즈,KOSPI,정유화학,U,3.494,976.0,-3.782,1291.0,-7.65,1495.0,-9.431,1492.0,24.239,729.0,-39.807,1115.0
014830,유니드,KOSPI,정유화학,U,1.756,1357.0,-5.073,1621.0,-11.444,1920.0,-9.642,1509.0,5.945,1903.0,-52.678,1705.0
014910,성문전자,KOSPI,전기제품,N,3.444,986.0,-2.421,1087.0,-14.554,2160.0,12.035,501.0,-13.188,2373.0,-2.851,218.0
014940,오리엔탈정공,KOSDAQ,조선,U,3.775,936.0,-1.108,934.0,-6.062,1216.0,-9.039,1458.0,8.438,1759.0,-55.178,1813.0
014950,삼익제약,KOSDAQ,제약,N,-4.33,2370.0,-20.758,2491.0,36.496,91.0,73.731,51.0,89.664,49.0,-36.504,969.0
014970,삼륭물산,KOSDAQ,포장재,N,2.916,1099.0,-5.69,1725.0,-4.894,1101.0,-4.202,1108.0,10.604,1620.0,-71.149,2255.0
014990,인디에프,KOSPI,"섬유,의류,신발,호화품",N,-5.175,2404.0,4.788,527.0,-9.838,1749.0,102.045,20.0,131.626,12.0,24.69,114.0
015020,이스타코,KOSPI,부동산,N,1.09,1544.0,-4.254,1389.0,-6.72,1302.0,-10.14,1561.0,13.011,1377.0,-27.462,614.0
015230,대창단조,KOSPI,기계,N,0.331,1815.0,-7.794,2034.0,-0.032,766.0,3.996,729.0,19.526,944.0,-29.704,732.0
015260,에이엔피,KOSPI,전자장비와기기,N,-22.395,2531.0,-31.852,2523.0,-35.843,2506.0,-56.273,2511.0,-27.402,2472.0,-94.293,2467.0
015360,INVENI,KOSPI,가스유틸리티,N,2.463,1200.0,-2.462,1091.0,-1.596,869.0,-4.865,1155.0,16.806,1108.0,-38.913,1073.0
015590,DKME,KOSPI,기계,N,14.597,174.0,7.924,409.0,67.97,21.0,31.744,213.0,27.605,602.0,-34.452,894.0
0155E0,해치텍,KOSDAQ,반도체와반도체장비,N,-6.075,2428.0,-6.549,1879.0,-15.797,2228.0,,,,,,
0156T0,에이치엘지노믹스,KOSDAQ,제약,N,-2.614,2274.0,-10.205,2252.0,-18.729,2346.0,-29.378,2398.0,,,,
015710,코콤,KOSDAQ,통신장비,N,1.945,1307.0,-4.084,1345.0,-7.56,1487.0,1.391,838.0,18.557,1000.0,-48.479,1519.0
015750,성우하이텍,KOSDAQ,자동차,U,3.868,917.0,-5.257,1664.0,-5.176,1132.0,-9.288,1476.0,9.586,1689.0,-56.393,1853.0
015760,한국전력,KOSPI,유틸리티,U,0.429,1786.0,-6.847,1913.0,-10.56,1830.0,-24.649,2333.0,-10.233,2337.0,-52.148,1675.0
015860,일진홀딩스,KOSPI,전력기기,U,6.526,583.0,4.448,544.0,9.16,443.0,14.775,437.0,34.428,431.0,-21.723,463.0
015890,태경산업,KOSPI,비철금속,N,2.36,1225.0,-3.729,1280.0,-7.24,1443.0,-6.68,1289.0,15.255,1213.0,-29.509,725.0
016090,대현,KOSPI,"섬유,의류,신발,호화품",N,1.661,1379.0,-3.179,1202.0,-10.606,1834.0,-16.452,2062.0,7.452,1830.0,-45.77,1370.0
016100,리더스코스메틱,KOSDAQ,포장재,N,2.799,1120.0,-4.254,1390.0,-0.878,820.0,9.021,569.0,34.371,433.0,-41.669,1193.0
0161M0,네오사피엔스,KOSDAQ,소프트웨어,N,-34.453,2539.0,,,,,,,,,,
016250,SGC E&C,KOSDAQ,건설,N,2.858,1110.0,-2.4,1084.0,-3.475,984.0,-2.864,1032.0,9.423,1696.0,-49.209,1551.0
016360,삼성증권,KOSPI,증권,U,0.322,1819.0,1.354,727.0,-0.617,804.0,-18.456,2173.0,-12.463,2367.0,-32.504,815.0
016380,KG스틸,KOSPI,철강,U,4.694,797.0,-1.758,1006.0,-1.022,833.0,-7.093,1323.0,22.744,808.0,-16.028,371.0
016450,한세예스24홀딩스,KOSPI,"섬유,의류,신발,호화품",N,0.974,1667.0,-4.946,1597.0,-12.724,2036.0,-11.06,1706.0,12.549,1462.0,-26.878,593.0
016580,환인제약,KOSPI,제약바이오,U,2.979,1087.0,-2.264,1067.0,-8.54,1607.0,-7.844,1376.0,18.14,1022.0,-27.462,671.0
016590,신대양제지,KOSPI,포장재,N,-3.879,2349.0,-13.092,2374.0,-19.041,2357.0,-18.34,2167.0,7.165,1845.0,-55.743,1831.0
016600,큐캐피탈,KOSDAQ,창업투자,N,-4.118,2362.0,-11.774,2320.0,-13.863,2118.0,-8.35,1408.0,1.19,2071.0,-63.669,2077.0
016610,DB증권,KOSPI,증권,U,3.131,1052.0,-1.715,1000.0,0.423,736.0,7.31,628.0,16.972,1094.0,-41.042,1170.0
016670,디모아,KOSDAQ,소프트웨어,N,10.019,340.0,11.325,311.0,7.655,471.0,0.546,873.0,24.597,711.0,-60.51,1979.0
016710,대성홀딩스,KOSPI,가스유틸리티,N,-1.196,2111.0,-5.553,1705.0,-8.866,1645.0,-10.866,1688.0,13.6,1323.0,-46.515,1415.0
016740,두올,KOSPI,자동차부품,N,-0.278,1947.0,-4.505,1525.0,0.009,762.0,10.744,534.0,20.756,897.0,-38.461,1056.0
016790,현대사료,KOSDAQ,식품,N,1.09,1545.0,-4.254,1391.0,-6.72,1303.0,-10.14,1562.0,13.011,1378.0,-27.462,615.0
016800,퍼시스,KOSPI,유통,U,-0.347,1961.0,-15.365,2428.0,-19.129,2365.0,-17.476,2127.0,2.564,2028.0,-64.962,2116.0
016880,웅진,KOSPI,출판,N,1.253,1495.0,-3.598,1252.0,-16.204,2254.0,-20.067,2220.0,7.862,1805.0,-57.156,1877.0
016920,카스,KOSDAQ,전자장비와기기,N,-3.045,2310.0,-14.386,2409.0,-12.797,2044.0,-10.821,1680.0,18.821,983.0,-24.223,520.0
017000,신원종합개발,KOSDAQ,건설,N,1.737,1363.0,-6.145,1809.0,-9.021,1661.0,-2.288,1005.0,-2.08,2178.0,-45.961,1382.0
017040,광명전기,KOSPI,전기장비,N,1.09,1546.0,-4.254,1392.0,-6.72,1304.0,-10.14,1563.0,13.011,1379.0,-27.462,616.0
017180,명문제약,KOSPI,제약,N,5.263,728.0,-4.567,1540.0,-6.326,1242.0,1.92,817.0,13.644,1316.0,-56.896,1868.0
017250,인터엠,KOSDAQ,전자장비와기기,N,-1.324,2131.0,-4.159,1362.0,-1.515,864.0,1.431,835.0,20.147,914.0,-29.053,710.0
017370,우신시스템,KOSPI,자동차,U,8.725,422.0,-0.801,898.0,-6.997,1407.0,-19.586,2210.0,-5.654,2262.0,-63.721,2078.0
017390,서울가스,KOSPI,에너지,U,-0.378,1969.0,-6.44,1857.0,-10.827,1860.0,-11.062,1707.0,8.393,1764.0,-39.573,1108.0
017480,삼현철강,KOSDAQ,철강,N,-0.585,2004.0,-5.929,1771.0,-7.25,1444.0,-10.67,1663.0,10.926,1594.0,-25.948,567.0
017510,세명전기,KOSDAQ,전기장비,N,3.422,995.0,3.083,611.0,4.704,550.0,12.913,482.0,15.476,1198.0,-37.994,1033.0
017550,수산세보틱스,KOSPI,기계,N,3.341,1011.0,-1.494,981.0,-4.243,1049.0,0.826,860.0,12.797,1447.0,-37.942,1031.0
017650,대림제지,KOSDAQ,포장재,N,1.09,1547.0,-4.254,1393.0,-7.089,1417.0,3.068,759.0,34.633,425.0,-4.315,225.0
017670,SK텔레콤,KOSPI,통신,U,2.583,1168.0,-3.913,1315.0,-10.002,1774.0,-13.422,1893.0,15.564,1187.0,-19.128,415.0
017800,현대엘리베이터,KOSPI,개별주,U,-0.131,1917.0,-4.254,1367.0,-6.72,1284.0,-4.938,1162.0,14.83,1247.0,-44.167,1305.0
017810,풀무원,KOSPI,음식료,U,0.861,1693.0,-5.278,1668.0,-16.189,2253.0,-13.042,1867.0,5.368,1929.0,-54.352,1776.0
017860,DS단석,KOSPI,화학,N,7.724,484.0,4.337,545.0,7.091,487.0,5.696,667.0,24.198,730.0,-59.825,1963.0
017890,한국알콜,KOSDAQ,화학,N,3.559,970.0,7.353,425.0,6.003,509.0,10.242,545.0,35.735,403.0,18.287,127.0
017900,광전자,KOSPI,전자장비와기기,N,0.483,1775.0,-10.372,2259.0,30.239,132.0,58.589,89.0,77.501,77.0,3.123,185.0
017940,E1,KOSPI,에너지,U,-2.182,2233.0,-9.892,2233.0,-16.761,2278.0,-4.419,1126.0,16.391,1133.0,-34.873,914.0
017960,한국카본,KOSPI,조선,U,2.571,1174.0,-5.928,1770.0,-13.944,2123.0,-17.572,2132.0,-6.558,2277.0,-79.335,2381.0
018000,유니슨,KOSDAQ,"태양광, 풍력",U,-10.77,2498.0,-11.362,2310.0,-16.839,2285.0,35.816,183.0,35.93,399.0,-51.51,1651.0
018120,진로발효,KOSDAQ,음료,N,1.749,1359.0,-3.474,1240.0,-5.026,1112.0,-8.569,1425.0,14.952,1236.0,-34.28,887.0
018250,애경산업,KOSPI,화장품,U,2.355,1228.0,-4.165,1364.0,-11.316,1908.0,-12.065,1787.0,11.173,1572.0,-47.789,1483.0
018260,삼성에스디에스,KOSPI,IT SW,U,0.636,1743.0,-3.334,1220.0,-12.514,2014.0,-10.14,1548.0,26.565,638.0,17.614,130.0
018290,브이티,KOSDAQ,화장품,U,14.309,182.0,4.281,549.0,-4.777,1092.0,-12.239,1804.0,18.899,980.0,-40.932,1166.0
018310,삼목에스폼,KOSDAQ,건설,U,5.72,662.0,-1.54,983.0,3.791,583.0,-0.111,897.0,14.012,1292.0,-45.8,1373.0
018470,조일알미늄,KOSPI,비철금속,N,3.039,1072.0,-0.071,827.0,5.632,520.0,-4.722,1145.0,31.707,481.0,-55.871,1842.0
018500,동원모빌리티,KOSPI,자동차부품,N,5.805,652.0,-1.951,1034.0,-11.558,1926.0,-13.644,1901.0,11.369,1556.0,-38.046,1036.0
018620,우진비앤지,KOSDAQ,제약,N,-2.001,2213.0,-4.441,1512.0,-11.371,1915.0,-7.64,1363.0,26.9,625.0,-46.474,1411.0
018670,SK가스,KOSPI,유틸리티,U,0.05,1879.0,-4.672,1555.0,-3.242,960.0,1.336,840.0,17.627,1061.0,-35.214,929.0
018680,서울제약,KOSDAQ,제약,N,0.577,1758.0,-5.174,1649.0,-8.294,1576.0,-12.606,1835.0,-1.802,2170.0,-55.817,1834.0
018700,졸스,KOSDAQ,화장품,N,-1.623,2168.0,-9.117,2167.0,-13.641,2104.0,-16.86,2089.0,32.881,457.0,-38.623,1060.0
018880,한온시스템,KOSPI,자동차,U,20.034,92.0,10.245,337.0,5.762,515.0,3.51,742.0,14.603,1262.0,-24.505,526.0
019010,베뉴지,KOSDAQ,"호텔,레스토랑,레저",N,-8.666,2474.0,-12.042,2335.0,-8.815,1642.0,6.702,638.0,-2.578,2196.0,-38.839,1069.0
019170,신풍제약,KOSPI,제약바이오,U,1.09,1548.0,-3.71,1277.0,-17.606,2308.0,4.91,694.0,26.23,658.0,-37.218,999.0
019180,티에이치엔,KOSPI,자동차부품,N,4.349,846.0,-2.854,1142.0,-7.308,1453.0,-22.726,2295.0,-4.145,2224.0,-54.826,1801.0
019210,와이지-원,KOSDAQ,건설,U,7.186,522.0,-6.678,1895.0,-6.409,1252.0,-38.144,2465.0,-38.749,2505.0,-25.884,564.0
019490,엑시큐어하이트론,KOSPI,통신장비,N,1.09,1549.0,-4.254,1394.0,-6.72,1305.0,-10.14,1564.0,13.011,1380.0,-27.462,617.0
019540,일지테크,KOSDAQ,자동차부품,N,2.687,1142.0,-3.661,1270.0,-11.757,1945.0,-29.982,2402.0,-2.296,2186.0,-47.051,1450.0
019550,SBI인베스트먼트,KOSDAQ,창업투자,N,-1.845,2192.0,-10.148,2248.0,-15.218,2203.0,-17.54,2130.0,10.076,1659.0,-40.785,1161.0
019570,GMI벤처,KOSDAQ,창업투자,N,6.564,581.0,-4.081,1344.0,-5.847,1196.0,12.059,500.0,38.12,368.0,-21.656,460.0
019660,글로본,KOSDAQ,판매업체,N,-4.082,2360.0,-8.984,2153.0,-12.95,2054.0,-17.583,2133.0,-12.857,2372.0,-75.081,2327.0
019680,대교,KOSPI,개별주,U,0.295,1825.0,-5.95,1773.0,-20.114,2386.0,-13.373,1890.0,4.465,1960.0,-70.967,2248.0
019770,서연탑메탈,KOSDAQ,자동차부품,N,4.366,842.0,-1.777,1008.0,-6.112,1221.0,-10.441,1640.0,15.806,1174.0,-39.547,1104.0
019990,에너토크,KOSDAQ,기계,N,1.282,1481.0,-6.501,1869.0,1.131,699.0,-1.163,948.0,12.251,1491.0,-64.57,2104.0
020000,한섬,KOSPI,의류,U,12.286,254.0,31.156,52.0,35.812,95.0,23.133,302.0,9.073,1720.0,-29.251,718.0
020120,키다리스튜디오,KOSPI,양방향미디어와서비스,N,5.367,712.0,-11.938,2328.0,11.878,382.0,123.053,8.0,161.215,8.0,125.282,27.0
020150,롯데에너지머티리얼즈,KOSPI,이차전지,U,27.616,38.0,26.337,89.0,32.84,115.0,56.691,95.0,48.118,234.0,-15.813,367.0
020180,대신정보통신,KOSDAQ,IT서비스,N,-1.803,2189.0,-8.114,2067.0,-10.819,1859.0,-20.684,2238.0,-5.965,2268.0,-53.999,1759.0
020400,대동금속,KOSDAQ,자동차부품,N,4.359,843.0,-7.671,2018.0,-11.676,1936.0,-12.681,1841.0,-2.687,2199.0,-86.11,2429.0
020560,아시아나항공,KOSPI,항공,U,-1.183,2108.0,0.222,799.0,-0.478,799.0,6.574,641.0,18.703,993.0,-8.884,266.0
020710,시공테크,KOSDAQ,"호텔,레스토랑,레저",N,0.27,1830.0,-7.454,1991.0,-6.72,1371.0,-9.446,1493.0,12.6,1457.0,-36.026,954.0
020760,일진디스플,KOSPI,디스플레이패널,N,1.09,1550.0,-4.254,1395.0,-6.72,1306.0,-10.14,1565.0,13.011,1381.0,-27.462,618.0
021040,대호특수강,KOSDAQ,철강,N,0.984,1665.0,-1.634,994.0,-9.813,1743.0,-0.455,908.0,16.879,1099.0,-47.665,1475.0
021050,서원,KOSPI,비철금속,N,5.353,715.0,-2.72,1121.0,-5.823,1194.0,7.661,615.0,21.917,840.0,-33.398,851.0
021080,에이티넘인베스트,KOSDAQ,창업투자,N,1.33,1468.0,-4.966,1601.0,-10.849,1863.0,-18.473,2175.0,9.771,1679.0,-53.999,1760.0
021240,코웨이,KOSPI,개별주,U,2.894,1106.0,-9.654,2216.0,-3.782,1005.0,-2.399,1014.0,19.959,923.0,3.13,184.0
021320,KCC건설,KOSDAQ,건설,U,-2.019,2217.0,-9.008,2155.0,-4.161,1038.0,-7.204,1333.0,11.26,1563.0,-39.805,1114.0
021650,한국큐빅,KOSDAQ,자동차부품,N,-0.782,2043.0,-5.977,1779.0,-10.492,1822.0,-14.857,1972.0,6.683,1869.0,-39.125,1086.0
021820,세원정공,KOSPI,자동차부품,N,2.523,1186.0,-4.065,1341.0,-6.342,1245.0,-9.476,1498.0,15.324,1206.0,-51.928,1670.0
021880,메이슨캐피탈,KOSDAQ,기타금융,N,0.575,1759.0,-10.861,2288.0,-17.566,2304.0,-13.717,1909.0,-14.956,2397.0,-78.48,2373.0
0218L0,네오뷰,KOSDAQ,디스플레이장비및부품,N,5.122,745.0,-3.077,1185.0,-7.029,1409.0,-26.591,2363.0,,,,
0220W0,한화머시너리앤서비스홀딩스,KOSPI,복합기업,N,-10.473,2492.0,-19.65,2484.0,-24.572,2447.0,,,,,,
022100,포스코DX,KOSPI,IT SW,U,5.392,707.0,-6.136,1805.0,-6.959,1401.0,-7.431,1345.0,12.061,1503.0,-59.546,1959.0
022220,티케이지애강,KOSDAQ,건축제품,N,-1.175,2105.0,-12.634,2355.0,-14.895,2178.0,18.186,371.0,52.705,194.0,-35.739,947.0
023000,삼원강재,KOSPI,자동차부품,N,1.773,1353.0,-4.704,1560.0,-6.72,1282.0,-10.814,1678.0,12.337,1480.0,-29.457,724.0
023150,MH에탄올,KOSPI,음료,N,11.545,285.0,4.992,519.0,3.194,608.0,0.724,865.0,11.261,1562.0,-42.424,1229.0
023160,태광,KOSDAQ,에너지,U,6.961,541.0,5.354,503.0,6.438,498.0,13.533,469.0,29.47,544.0,-59.208,1944.0
023350,한국종합기술,KOSPI,건설,N,-1.878,2199.0,-10.254,2253.0,-12.01,1970.0,-14.466,1947.0,-0.552,2127.0,-45.634,1368.0
023410,유진기업,KOSDAQ,건설,U,2.956,1091.0,-3.174,1200.0,-3.57,990.0,-10.292,1630.0,-4.495,2232.0,-43.271,1260.0
023440,제이스코홀딩스,KOSDAQ,철강,N,1.09,1551.0,-4.254,1396.0,-6.72,1307.0,-10.14,1566.0,13.011,1382.0,-27.462,619.0
023450,동남합성,KOSPI,화학,N,1.09,1528.0,-3.625,1262.0,-4.971,1106.0,1.164,844.0,27.707,596.0,-21.851,467.0
023530,롯데쇼핑,KOSPI,유통,U,-0.642,2015.0,-18.166,2464.0,-9.759,1738.0,-21.125,2256.0,-27.937,2475.0,-29.383,721.0
023590,다우기술,KOSPI,증권,N,-2.099,2222.0,-9.022,2158.0,-8.276,1572.0,-11.568,1747.0,12.487,1469.0,-41.31,1178.0
023600,삼보판지,KOSDAQ,포장재,N,0.647,1740.0,-6.112,1795.0,-10.471,1820.0,-5.6,1208.0,17.309,1077.0,-35.17,928.0
023760,한국캐피탈,KOSDAQ,기타금융,N,1.161,1515.0,-4.325,1492.0,-6.791,1374.0,-9.136,1468.0,6.482,1879.0,-52.437,1689.0
023770,플레이위드,KOSDAQ,게임엔터테인먼트,N,-0.233,1939.0,-3.869,1303.0,-7.856,1525.0,-4.898,1159.0,26.49,645.0,-41.323,1179.0
023790,동일스틸럭스,KOSDAQ,철강,N,12.575,242.0,5.162,515.0,17.655,270.0,0.646,868.0,52.538,196.0,-33.438,853.0
023800,인지컨트롤스,KOSPI,자동차부품,N,1.888,1321.0,-3.153,1194.0,-13.202,2072.0,-12.65,1838.0,3.513,1997.0,-51.75,1661.0
023810,인팩,KOSPI,자동차부품,N,5.345,716.0,1.432,720.0,-1.652,871.0,-1.689,970.0,22.564,819.0,-57.004,1871.0
023900,풍국주정,KOSDAQ,화학,N,3.054,1071.0,-4.665,1552.0,-6.306,1239.0,-9.027,1455.0,17.616,1063.0,-62.201,2034.0
023910,대한약품,KOSDAQ,제약바이오,U,0.33,1817.0,-5.203,1652.0,-9.513,1705.0,-10.9,1694.0,13.979,1296.0,-35.56,941.0
023960,에쓰씨엔지니어링,KOSPI,건설,N,-0.191,1927.0,-6.115,1797.0,-9.815,1744.0,-7.265,1338.0,9.358,1704.0,-51.553,1652.0
024060,흥구석유,KOSDAQ,석유와가스,N,0.2,1844.0,-16.566,2452.0,-0.843,817.0,6.084,655.0,47.627,239.0,-73.851,2305.0
024070,WISCOM,KOSPI,화학,N,0.989,1661.0,-2.927,1161.0,-5.29,1145.0,-7.769,1370.0,19.728,936.0,-27.613,673.0
024090,디씨엠,KOSPI,비철금속,N,1.09,1640.0,-6.134,1804.0,-7.067,1415.0,-5.966,1231.0,16.342,1138.0,-34.657,904.0
024110,기업은행,KOSPI,은행,U,0.11,1867.0,-4.254,1486.0,-9.838,1750.0,-10.877,1691.0,7.847,1806.0,-32.848,831.0
024120,KB오토시스,KOSDAQ,자동차부품,N,1.745,1360.0,-4.091,1349.0,-6.23,1232.0,-9.32,1480.0,11.411,1554.0,-45.132,1345.0
024720,콜마홀딩스,KOSPI,지주,U,1.631,1387.0,-5.424,1686.0,-13.82,2114.0,-10.569,1651.0,20.909,891.0,-19.187,417.0
024740,한일단조,KOSDAQ,자동차부품,N,2.677,1143.0,-4.919,1586.0,4.723,548.0,-2.448,1018.0,20.704,898.0,-52.795,1708.0
024800,유성티엔에스,KOSDAQ,도로와철도운송,N,-1.365,2138.0,-11.176,2300.0,-9.284,1683.0,-5.469,1198.0,14.639,1258.0,-11.393,305.0
024830,세원물산,KOSDAQ,자동차부품,N,-0.234,1940.0,-7.897,2044.0,-11.149,1889.0,-18.212,2158.0,0.994,2078.0,-53.186,1724.0
024840,KBI메탈,KOSDAQ,전기장비,N,2.35,1230.0,9.956,344.0,11.696,387.0,57.526,91.0,30.993,509.0,141.014,16.0
024850,HLB이노베이션,KOSDAQ,제약바이오,U,8.686,423.0,-2.822,1138.0,-2.896,945.0,56.595,96.0,50.48,212.0,-65.523,2131.0
024880,케이피에프,KOSDAQ,기계,N,6.11,624.0,0.214,801.0,-1.002,830.0,-4.562,1135.0,14.934,1237.0,-46.833,1434.0
024890,대원화성,KOSPI,"섬유,의류,신발,호화품",N,-15.156,2520.0,-19.657,2485.0,-24.081,2440.0,-59.77,2515.0,-40.85,2509.0,-86.44,2432.0
024900,디와이덕양,KOSPI,자동차부품,N,0.64,1741.0,6.801,443.0,23.433,190.0,18.723,365.0,35.994,397.0,-16.239,376.0
024910,경창산업,KOSDAQ,자동차부품,N,1.893,1316.0,-4.254,1475.0,-11.222,1899.0,0.514,874.0,12.352,1478.0,-51.745,1660.0
024940,PN풍년,KOSDAQ,가정용기기와용품,N,2.346,1232.0,-9.653,2215.0,-2.586,923.0,-6.647,1286.0,7.835,1808.0,-73.149,2293.0
024950,삼천리자전거,KOSDAQ,레저용장비와제품,N,-1.817,2190.0,-11.476,2312.0,-16.058,2243.0,2.242,805.0,40.298,328.0,-54.853,1803.0
025000,KPX케미칼,KOSPI,정유화학,U,0.388,1797.0,-1.903,1028.0,-3.247,962.0,5.37,678.0,24.429,717.0,-12.887,323.0
025320,시노펙스,KOSDAQ,이차전지,U,6.235,612.0,0.339,793.0,-2.537,922.0,-7.698,1366.0,1.764,2051.0,-59.225,1946.0
025440,DH오토웨어,KOSDAQ,자동차부품,N,-0.133,1919.0,-4.254,1371.0,-11.999,1969.0,-17.457,2124.0,10.89,1595.0,-39.564,1105.0
025530,SJM홀딩스,KOSPI,자동차부품,N,0.406,1792.0,-3.42,1231.0,-6.995,1406.0,-6.426,1270.0,17.322,1075.0,-26.065,572.0
025540,한국단자,KOSPI,자동차,U,1.269,1488.0,-4.609,1544.0,-3.595,993.0,-19.363,2202.0,-6.846,2282.0,-52.562,1696.0
025550,한국선재,KOSDAQ,철강,N,6.52,585.0,1.655,708.0,3.445,592.0,-1.515,963.0,17.029,1087.0,-54.076,1766.0
025560,미래산업,KOSPI,반도체와반도체장비,N,29.157,31.0,38.971,35.0,24.776,170.0,11.936,504.0,-5.206,2253.0,139.29,19.0
025620,차AI헬스케어,KOSPI,화장품,N,12.107,261.0,7.712,416.0,2.903,620.0,1.706,828.0,-8.545,2311.0,-68.519,2207.0
025750,한솔홈데코,KOSPI,건축자재,N,1.248,1497.0,-4.359,1498.0,-7.296,1451.0,-9.397,1487.0,11.61,1541.0,-58.281,1914.0
025770,한국정보통신,KOSDAQ,IT SW,U,0.708,1725.0,-6.623,1886.0,-7.731,1508.0,-12.387,1816.0,14.305,1276.0,-25.773,563.0
025820,이구산업,KOSPI,비철금속,N,1.09,1526.0,-2.247,1065.0,-5.312,1149.0,-5.666,1212.0,18.249,1015.0,-39.028,1080.0
025860,남해화학,KOSPI,정유화학,U,-0.063,1897.0,-7.791,2032.0,-14.554,2159.0,-3.378,1056.0,18.46,1003.0,-54.469,1781.0
025870,신라에스지,KOSDAQ,식품,N,1.09,1552.0,-4.254,1397.0,-34.186,2499.0,-71.062,2529.0,-35.204,2491.0,-103.557,2504.0
025880,케이씨피드,KOSDAQ,식품,N,1.523,1419.0,-4.896,1584.0,-9.241,1681.0,-17.71,2144.0,5.258,1935.0,-47.599,1473.0
025890,한국주강,KOSPI,철강,N,-0.04,1895.0,-4.254,1398.0,-4.381,1056.0,4.74,701.0,29.419,545.0,7.016,162.0
025900,동화기업,KOSDAQ,정유화학,U,11.343,294.0,2.509,650.0,-2.066,895.0,11.499,514.0,39.202,347.0,-55.84,1835.0
025950,동신건설,KOSDAQ,건설,N,2.507,1189.0,-3.144,1192.0,-7.708,1503.0,-12.953,1862.0,-25.592,2461.0,-59.483,1957.0
025980,아난티,KOSDAQ,호텔레저,U,-1.4,2142.0,-4.254,1399.0,-10.863,1865.0,23.456,298.0,41.223,315.0,-53.587,1740.0
026040,제이에스티나,KOSDAQ,"섬유,의류,신발,호화품",N,-0.021,1891.0,-5.802,1748.0,-21.634,2414.0,16.785,396.0,31.995,473.0,-52.42,1687.0
026150,특수건설,KOSDAQ,건설,N,1.86,1328.0,-3.354,1223.0,-3.566,989.0,-4.629,1140.0,-2.851,2205.0,-65.259,2125.0
026890,스틱인베스트먼트,KOSPI,증권,U,0.836,1699.0,-9.326,2185.0,-12.588,2024.0,-10.897,1692.0,24.659,709.0,-41.841,1197.0
026910,광진실업,KOSDAQ,철강,N,-19.579,2527.0,-45.507,2534.0,-49.231,2528.0,-67.985,2526.0,-47.71,2520.0,12.275,148.0
026940,부국철강,KOSPI,철강,N,3.013,1078.0,-7.45,1990.0,-9.916,1765.0,1.498,833.0,-5.135,2251.0,-23.028,489.0
026960,동서,KOSPI,음식료,U,10.36,332.0,5.232,511.0,1.907,657.0,-1.085,946.0,22.067,836.0,-25.248,552.0
027040,서울전자통신,KOSDAQ,전자장비와기기,N,-7.617,2458.0,-4.254,1372.0,-12.8,2045.0,-6.423,1269.0,0.918,2082.0,-64.837,2112.0
027050,코리아나,KOSDAQ,화장품,N,0.391,1796.0,-9.09,2163.0,-12.883,2048.0,-16.372,2059.0,5.425,1924.0,-53.956,1757.0
027360,아주IB투자,KOSDAQ,증권,U,-0.9,2063.0,8.318,393.0,20.582,228.0,11.278,521.0,3.795,1988.0,-81.807,2404.0
027410,BGF,KOSPI,지주,U,1.36,1461.0,-5.841,1757.0,-10.347,1807.0,-15.843,2028.0,6.244,1894.0,-51.31,1640.0
027580,상보,KOSDAQ,화학,N,6.633,574.0,2.877,628.0,11.546,391.0,17.889,375.0,47.581,240.0,-36.599,975.0
027710,팜스토리,KOSDAQ,식품,N,1.001,1660.0,-6.268,1832.0,-4.993,1109.0,-5.069,1175.0,21.758,846.0,-46.198,1395.0
027740,마니커,KOSPI,식품,N,-1.275,2126.0,-22.152,2499.0,-29.858,2477.0,-4.665,1144.0,23.002,796.0,-52.53,1695.0
027830,대성창투,KOSDAQ,창업투자,N,-10.735,2497.0,-24.671,2506.0,-31.829,2487.0,-40.424,2474.0,-16.63,2409.0,-79.889,2386.0
027970,한국제지,KOSPI,종이와목재,N,0.357,1808.0,-5.168,1647.0,-7.815,1518.0,-11.594,1750.0,9.223,1710.0,-61.683,2015.0
028050,삼성E&A,KOSPI,건설,U,-2.152,2229.0,-9.699,2219.0,2.548,629.0,-10.14,1621.0,11.873,1515.0,-27.566,672.0
028080,휴맥스홀딩스,KOSDAQ,전자제품,N,0.322,1818.0,-6.707,1901.0,-2.905,946.0,-3.101,1044.0,-2.235,2183.0,-73.172,2294.0
028100,동아지질,KOSPI,건설,U,1.496,1428.0,-3.643,1268.0,6.697,496.0,2.631,787.0,27.945,589.0,-16.213,375.0
028260,삼성물산,KOSPI,건설,U,-4.632,2386.0,-6.375,1843.0,-13.959,2126.0,-2.853,1031.0,-10.014,2331.0,-1.184,207.0
028300,HLB,KOSDAQ,제약바이오,U,33.496,17.0,22.549,137.0,14.569,334.0,7.618,620.0,-4.014,2219.0,-49.971,1592.0
028670,팬오션,KOSPI,해운,U,12.519,245.0,3.332,603.0,6.529,497.0,0.498,875.0,39.327,344.0,-6.061,239.0
029460,케이씨,KOSPI,소재,U,2.589,1165.0,6.299,467.0,10.927,398.0,42.373,140.0,58.226,161.0,20.686,120.0
029480,광무,KOSDAQ,IT서비스,N,0.512,1770.0,-5.897,1764.0,-11.161,1891.0,-9.994,1535.0,8.306,1772.0,-60.454,1977.0
029530,신도리코,KOSPI,유통,U,0.199,1845.0,-3.216,1208.0,-9.709,1734.0,-12.521,1830.0,6.867,1862.0,-48.456,1516.0
029780,삼성카드,KOSPI,증권,U,-0.088,1908.0,-9.772,2227.0,-14.319,2140.0,-20.022,2218.0,-0.937,2138.0,-48.311,1511.0
030000,제일기획,KOSPI,개별주,U,6.859,554.0,2.299,666.0,-7.673,1499.0,-10.3,1631.0,13.118,1359.0,-30.015,739.0
030190,NICE평가정보,KOSPI,개별주,U,5.452,700.0,-2.82,1137.0,-4.714,1087.0,2.846,774.0,26.867,627.0,-24.357,522.0
030200,KT,KOSPI,통신,U,-0.428,1980.0,-5.958,1777.0,-10.252,1800.0,-10.905,1695.0,8.241,1777.0,-39.644,1112.0
030210,다올투자증권,KOSPI,증권,U,0.578,1757.0,-5.02,1612.0,-5.942,1205.0,2.143,811.0,23.068,788.0,-28.983,706.0
030350,드래곤플라이,KOSDAQ,게임엔터테인먼트,N,1.09,1553.0,-4.254,1400.0,-6.72,1308.0,-10.14,1567.0,13.011,1383.0,-27.462,620.0
030520,한컴,KOSDAQ,지주,U,0.8,1707.0,-2.356,1077.0,-8.267,1571.0,-17.625,2136.0,4.2,1972.0,-36.418,964.0
030530,원익홀딩스,KOSDAQ,로봇,U,4.27,859.0,11.161,319.0,60.711,30.0,32.997,202.0,68.662,99.0,-14.72,353.0
030610,교보증권,KOSPI,증권,U,0.19,1848.0,-5.253,1660.0,-7.62,1488.0,-7.446,1347.0,7.213,1844.0,-42.031,1207.0
030720,동원수산,KOSPI,식품,N,-6.351,2434.0,-15.566,2432.0,-22.362,2426.0,-26.388,2358.0,-4.858,2247.0,-48.926,1541.0
030960,양지사,KOSDAQ,상업서비스와공급품,N,-1.866,2195.0,-2.869,1146.0,-3.242,959.0,-4.008,1099.0,4.903,1950.0,-54.901,1807.0
031210,서울보증보험,KOSPI,유틸리티,U,2.906,1101.0,-4.962,1600.0,-10.053,1782.0,-11.315,1726.0,10.349,1636.0,-39.214,1090.0
031310,아이즈비전,KOSDAQ,통신장비,N,5.334,719.0,-3.048,1182.0,-6.918,1396.0,-11.318,1727.0,20.139,915.0,-67.378,2178.0
031330,에스에이엠티,KOSDAQ,로직,U,8.493,436.0,7.489,421.0,5.447,528.0,-11.036,1702.0,-8.322,2305.0,43.388,70.0
031430,신세계인터내셔날,KOSPI,의류,U,2.154,1275.0,-4.254,1482.0,-6.528,1266.0,-14.444,1945.0,-7.642,2290.0,-39.127,1088.0
031510,오스템,KOSDAQ,자동차부품,N,-1.099,2095.0,-5.84,1756.0,-5.634,1177.0,-13.68,1905.0,21.669,850.0,-19.851,426.0
031820,아이티센씨티에스,KOSPI,IT서비스,N,2.329,1238.0,-4.776,1569.0,-8.775,1635.0,-10.488,1644.0,24.079,736.0,-46.686,1426.0
031860,디에이치엑스컴퍼니,KOSDAQ,컴퓨터와주변기기,N,1.09,1554.0,-4.254,1401.0,-6.72,1309.0,-10.14,1568.0,13.011,1384.0,-27.462,621.0
031980,피에스케이홀딩스,KOSDAQ,반도체 장비,U,19.717,94.0,11.813,300.0,51.968,51.0,77.821,42.0,65.213,123.0,75.261,39.0
032080,아즈텍WB,KOSDAQ,"섬유,의류,신발,호화품",N,1.09,1555.0,-4.254,1402.0,-12.767,2042.0,-8.734,1434.0,12.912,1437.0,-50.362,1611.0
032190,다우데이타,KOSDAQ,증권,N,-3.403,2329.0,-8.553,2116.0,-13.057,2063.0,-11.803,1766.0,12.277,1487.0,-41.851,1199.0
032280,삼일,KOSDAQ,항공화물운송과물류,N,-0.71,2029.0,-6.858,1916.0,-11.727,1941.0,-10.445,1641.0,18.661,994.0,-33.492,856.0
032300,한국파마,KOSDAQ,제약,N,21.532,73.0,14.064,250.0,4.08,574.0,1.799,824.0,21.2,873.0,-47.315,1458.0
032350,롯데관광개발,KOSPI,호텔레저,U,-6.156,2430.0,-11.658,2318.0,-25.465,2454.0,-21.033,2250.0,-16.017,2407.0,-59.842,1964.0
032500,케이엠더블유,KOSDAQ,통신,U,8.963,401.0,12.968,274.0,39.91,81.0,19.706,353.0,42.937,297.0,-47.386,1462.0
032540,TJ미디어,KOSDAQ,전자제품,N,1.09,1522.0,-3.858,1299.0,8.781,451.0,11.46,515.0,28.689,572.0,-29.143,714.0
032560,황금에스티,KOSPI,비철금속,N,1.272,1484.0,-5.155,1644.0,-8.506,1603.0,-6.756,1292.0,15.623,1182.0,-34.241,886.0
032580,피델릭스,KOSDAQ,후공정/테스트,U,6.788,560.0,46.559,24.0,54.76,42.0,86.156,32.0,45.748,263.0,588.755,1.0
032620,GC메디아이,KOSDAQ,IT SW,U,6.302,607.0,0.446,784.0,-2.189,904.0,-1.751,975.0,24.583,713.0,-43.891,1289.0
032640,LG유플러스,KOSPI,통신,U,0.475,1776.0,-4.936,1593.0,-9.003,1657.0,-12.685,1843.0,15.476,1197.0,-35.837,948.0
032680,소프트센,KOSDAQ,IT서비스,N,1.691,1374.0,9.821,348.0,1.577,672.0,11.091,523.0,34.096,437.0,-37.951,1032.0
032750,삼진,KOSDAQ,전자제품,N,-0.591,2005.0,-5.269,1667.0,-10.818,1858.0,-11.322,1728.0,16.004,1160.0,-40.148,1136.0
032790,엠젠솔루션,KOSDAQ,IT서비스,N,2.483,1194.0,-6.467,1859.0,0.102,754.0,24.463,284.0,26.498,644.0,-57.72,1895.0
032800,판타지오,KOSDAQ,방송과엔터테인먼트,N,3.961,904.0,-2.702,1119.0,-3.99,1023.0,-17.066,2104.0,-13.394,2374.0,-36.25,960.0
032820,우리기술,KOSDAQ,원전,U,-0.916,2068.0,-5.957,1776.0,12.866,362.0,7.019,633.0,22.024,837.0,-63.803,2080.0
032830,삼성생명,KOSPI,보험,U,-0.778,2042.0,-2.314,1073.0,-8.421,1592.0,-6.183,1252.0,-13.545,2375.0,2.718,187.0
032850,비트컴퓨터,KOSDAQ,건강관리기술,N,4.817,784.0,5.47,492.0,1.441,684.0,-6.926,1308.0,13.614,1320.0,-48.688,1532.0
032860,더라미,KOSDAQ,판매업체,N,3.437,989.0,-2.275,1069.0,-8.283,1573.0,-24.138,2320.0,4.38,1963.0,-83.787,2416.0
032940,원익,KOSDAQ,화장품,N,1.413,1451.0,-12.693,2359.0,22.504,200.0,49.62,115.0,66.213,115.0,-18.211,401.0
032960,동일기연,KOSDAQ,전자장비와기기,N,15.103,160.0,24.215,114.0,25.873,158.0,27.2,260.0,35.335,410.0,-44.903,1329.0
033050,제이엠아이,KOSDAQ,가정용품,N,1.962,1306.0,-4.254,1483.0,-7.94,1534.0,-22.478,2289.0,23.97,745.0,-40.365,1145.0
033100,제룡전기,KOSDAQ,전력기기,U,4.763,788.0,2.905,626.0,4.918,541.0,0.375,880.0,12.308,1483.0,-17.927,398.0
033130,디지틀조선,KOSDAQ,IT서비스,N,-0.175,1925.0,-5.802,1747.0,-15.244,2206.0,-20.991,2249.0,1.929,2049.0,-54.553,1788.0
033160,엠케이전자,KOSDAQ,소재,U,21.707,71.0,40.943,32.0,31.534,125.0,19.828,352.0,43.064,294.0,-4.692,227.0
033170,시그네틱스,KOSDAQ,반도체와반도체장비,N,12.482,246.0,46.727,23.0,58.693,35.0,29.227,236.0,12.35,1479.0,-61.097,1998.0
033200,모아텍,KOSDAQ,전자장비와기기,N,-2.51,2260.0,-8.619,2122.0,-11.838,1955.0,-15.63,2015.0,2.602,2027.0,-55.842,1836.0
033230,인성정보,KOSDAQ,IT서비스,N,11.06,304.0,3.883,567.0,-4.59,1071.0,-0.498,912.0,19.995,920.0,-59.375,1954.0
033240,자화전자,KOSPI,휴대폰 부품,U,9.811,354.0,4.467,542.0,-12.75,2041.0,-3.89,1088.0,17.093,1084.0,-41.419,1183.0
033250,체시스,KOSPI,자동차부품,N,1.568,1407.0,-10.817,2282.0,-15.416,2214.0,-2.585,1019.0,32.67,461.0,-34.463,895.0
033270,유나이티드제약,KOSPI,제약바이오,U,0.523,1767.0,-6.973,1929.0,-10.718,1848.0,-12.097,1790.0,13.47,1337.0,-38.341,1049.0
033290,로젠,KOSDAQ,항공화물운송과물류,N,2.214,1261.0,-3.926,1318.0,-5.126,1128.0,-11.43,1740.0,11.721,1531.0,-51.906,1669.0
033310,엠투엔,KOSDAQ,자동차부품,N,1.776,1352.0,-1.236,947.0,-7.329,1454.0,0.07,890.0,19.775,933.0,-48.11,1498.0
033320,제이씨현시스템,KOSDAQ,컴퓨터와주변기기,N,5.012,761.0,0.18,806.0,-4.139,1037.0,2.826,775.0,24.786,706.0,-59.075,1942.0
033340,좋은사람들,KOSDAQ,의류,U,1.09,1556.0,-4.254,1403.0,-33.12,2494.0,30.964,219.0,-3.655,2216.0,-99.464,2491.0
033500,동성화인텍,KOSDAQ,조선,U,3.852,925.0,-3.701,1274.0,-7.748,1511.0,-12.583,1834.0,6.447,1884.0,-61.052,1995.0
033530,SJG세종,KOSPI,자동차,U,2.881,1107.0,-1.851,1018.0,-6.866,1381.0,-7.119,1326.0,23.011,794.0,-31.81,787.0
033540,파라텍,KOSDAQ,기계,N,-2.147,2228.0,-6.966,1928.0,-25.205,2453.0,-35.105,2447.0,-23.898,2459.0,-73.285,2299.0
033560,블루콤,KOSDAQ,부동산,N,12.294,253.0,11.432,306.0,7.106,484.0,-8.61,1428.0,54.99,177.0,30.574,99.0
033640,네패스,KOSDAQ,후공정/테스트,U,14.133,191.0,22.575,136.0,32.255,119.0,88.713,28.0,59.49,151.0,14.68,138.0
033780,KT&G,KOSPI,음식료,U,2.582,1170.0,-1.405,969.0,-5.287,1143.0,-9.4,1489.0,15.503,1193.0,-13.111,327.0
033790,피노,KOSDAQ,이차전지,U,34.379,16.0,26.119,94.0,22.325,206.0,74.714,47.0,77.995,76.0,-21.388,452.0
033830,티비씨,KOSDAQ,방송과엔터테인먼트,N,2.047,1297.0,-5.886,1762.0,-5.884,1202.0,-3.709,1075.0,16.379,1134.0,-60.597,1985.0
033920,무학,KOSPI,음식료,U,-0.389,1974.0,-7.806,2035.0,-12.504,2012.0,-12.407,1821.0,8.954,1731.0,-43.402,1264.0
034020,두산에너빌리티,KOSPI,원전,U,0.356,1809.0,-7.476,1994.0,-0.845,818.0,0.956,856.0,7.865,1804.0,-42.003,1204.0
034120,SBS,KOSPI,엔터,U,-0.693,2024.0,-7.19,1955.0,-11.728,1942.0,-7.204,1332.0,5.571,1919.0,-49.127,1546.0
034220,LG디스플레이,KOSPI,디스플레이,U,2.032,1300.0,-3.073,1183.0,-11.604,1929.0,-20.213,2226.0,-8.22,2303.0,-51.419,1645.0
034230,파라다이스,KOSPI,호텔레저,U,-1.111,2098.0,-8.952,2152.0,-13.792,2113.0,-16.933,2095.0,-15.713,2404.0,-63.558,2073.0
034310,NICE,KOSPI,IT SW,U,1.005,1659.0,-8.417,2107.0,-13.545,2097.0,-18.278,2163.0,16.905,1097.0,-39.125,1087.0
034590,인천도시가스,KOSPI,가스유틸리티,N,0.711,1724.0,-4.821,1572.0,-8.402,1589.0,-9.949,1534.0,13.585,1324.0,-28.59,697.0
034730,SK,KOSPI,지주,U,-3.329,2326.0,1.735,704.0,0.436,734.0,2.601,791.0,0.568,2095.0,59.418,49.0
034810,해성산업,KOSDAQ,종이와목재,N,1.09,1557.0,-4.254,1368.0,-6.888,1385.0,-17.749,2147.0,5.98,1901.0,-45.279,1353.0
034830,한국토지신탁,KOSPI,개별주,U,0.296,1824.0,-8.838,2142.0,-9.74,1736.0,-10.051,1543.0,9.824,1675.0,-51.822,1667.0
034940,조아제약,KOSDAQ,제약,N,0.528,1765.0,-7.708,2024.0,-15.168,2200.0,-10.702,1665.0,6.821,1865.0,-64.598,2106.0
034950,한국기업평가,KOSDAQ,상업서비스와공급품,N,-0.064,1898.0,-5.122,1631.0,-8.628,1616.0,-8.959,1449.0,12.817,1445.0,-24.867,538.0
035000,HS애드,KOSPI,광고,N,-1.287,2128.0,-6.631,1887.0,-11.805,1951.0,-16.237,2054.0,2.029,2045.0,-52.248,1679.0
035080,그래디언트,KOSDAQ,인터넷과카탈로그소매,N,-1.515,2157.0,-9.254,2181.0,-8.749,1632.0,10.715,535.0,34.883,422.0,-25.706,559.0
035150,백산,KOSPI,의류,U,2.054,1294.0,-6.128,1800.0,-9.865,1756.0,-5.753,1218.0,14.367,1272.0,-43.298,1262.0
035200,프럼파스트,KOSDAQ,건축제품,N,0.505,1773.0,-8.748,2133.0,-14.161,2138.0,-11.494,1745.0,-1.989,2173.0,-60.09,1967.0
035250,강원랜드,KOSPI,호텔레저,U,0.88,1692.0,-5.906,1766.0,-8.843,1644.0,-11.588,1749.0,9.893,1672.0,-40.803,1163.0
035290,골드앤에스,KOSDAQ,교육서비스,N,1.09,1558.0,-4.254,1404.0,-86.456,2549.0,-84.86,2539.0,-69.574,2537.0,-112.926,2522.0
035420,NAVER,KOSPI,IT SW,U,-0.194,1929.0,-8.869,2147.0,-14.758,2171.0,-25.283,2340.0,10.773,1605.0,-29.35,720.0
035460,기산텔레콤,KOSDAQ,통신장비,N,8.845,413.0,-0.724,891.0,8.063,462.0,13.514,471.0,33.559,445.0,-29.684,731.0
035510,신세계 I&C,KOSPI,IT SW,U,0.511,1771.0,-3.076,1184.0,12.203,373.0,8.783,581.0,34.936,420.0,-42.796,1241.0
035600,KG이니시스,KOSDAQ,통신,U,-0.525,1993.0,-6.754,1904.0,-12.517,2016.0,-10.548,1649.0,15.32,1207.0,-32.802,829.0
035610,솔본,KOSDAQ,건강관리기술,N,-2.171,2231.0,-10.48,2265.0,-7.831,1522.0,-8.161,1393.0,39.661,338.0,12.596,146.0
035620,바른손이앤에이,KOSDAQ,방송과엔터테인먼트,N,-12.053,2506.0,-2.411,1086.0,-18.986,2355.0,-41.439,2480.0,-1.595,2161.0,-63.984,2084.0
035720,카카오,KOSPI,IT SW,U,1.09,1649.0,-4.403,1504.0,-11.421,1917.0,-21.881,2280.0,6.972,1855.0,-55.371,1816.0
035760,CJ ENM,KOSDAQ,엔터,U,-8.071,2463.0,-13.532,2388.0,2.767,622.0,-6.305,1259.0,23.184,783.0,-59.769,1961.0
035810,이지홀딩스,KOSDAQ,지주,U,1.311,1474.0,-6.514,1872.0,-9.086,1669.0,-3.817,1083.0,19.21,965.0,-45.954,1381.0
035890,서희건설,KOSDAQ,건설,U,-1.761,2184.0,-7.949,2048.0,-6.038,1214.0,3.159,754.0,11.02,1586.0,-61.342,2005.0
035900,JYP Ent.,KOSDAQ,엔터,U,0.294,1826.0,-7.613,2011.0,-9.954,1769.0,-29.275,2395.0,-17.601,2422.0,-63.639,2076.0
036000,예림당,KOSDAQ,출판,N,0.164,1856.0,-8.376,2100.0,-16.804,2282.0,-16.934,2096.0,7.702,1816.0,-40.47,1149.0
036010,아비코전자,KOSDAQ,MLCC/기판,U,13.338,206.0,18.393,185.0,13.108,359.0,32.913,203.0,31.646,483.0,-40.767,1159.0
036030,케이티알파,KOSDAQ,인터넷과카탈로그소매,N,2.613,1162.0,-1.9,1026.0,-0.224,778.0,-1.915,981.0,23.022,792.0,-23.295,497.0
036090,위지트,KOSDAQ,디스플레이장비및부품,N,4.166,874.0,7.712,417.0,6.211,505.0,2.175,810.0,14.849,1245.0,-29.102,711.0
036120,서울평가정보,KOSDAQ,상업서비스와공급품,N,-4.109,2361.0,-11.937,2327.0,-12.265,1992.0,-8.3,1404.0,13.335,1344.0,-47.026,1446.0
036170,에이치엠넥스,KOSDAQ,디스플레이장비및부품,N,12.529,244.0,17.031,205.0,29.316,139.0,7.37,625.0,13.511,1331.0,-49.926,1587.0
036190,금화피에스시,KOSDAQ,건설,N,1.831,1339.0,-4.984,1606.0,-5.83,1195.0,-5.039,1173.0,18.275,1013.0,-33.798,868.0
036200,유니셈,KOSDAQ,반도체 장비,U,14.242,187.0,14.087,248.0,16.182,308.0,32.492,206.0,31.871,478.0,-4.976,229.0
036220,오상헬스케어,KOSDAQ,제약바이오,U,1.403,1452.0,-12.825,2363.0,-7.802,1517.0,-12.579,1833.0,20.937,889.0,-49.603,1569.0
036420,콘텐트리중앙,KOSPI,엔터,U,2.628,1157.0,-5.562,1711.0,-6.34,1244.0,-16.134,2047.0,12.011,1508.0,-97.518,2486.0
036460,한국가스공사,KOSPI,유틸리티,U,2.214,1262.0,-5.08,1622.0,-9.423,1698.0,-4.568,1136.0,21.609,856.0,-24.013,513.0
036480,대성미생물,KOSDAQ,제약,N,1.421,1449.0,-5.717,1730.0,-8.503,1602.0,-12.712,1847.0,15.549,1190.0,-45.459,1360.0
036530,SNT홀딩스,KOSPI,지주,U,0.65,1739.0,-5.237,1658.0,-6.94,1399.0,-16.156,2048.0,-1.355,2153.0,-48.952,1543.0
036540,SFA반도체,KOSDAQ,후공정/테스트,U,8.659,426.0,23.213,125.0,89.314,6.0,115.904,13.0,129.996,13.0,53.301,56.0
036560,KZ정밀,KOSDAQ,에너지,U,0.758,1714.0,-5.244,1659.0,-8.117,1549.0,-6.602,1282.0,15.575,1186.0,-47.087,1453.0
036570,NC,KOSPI,게임,U,14.769,168.0,15.647,224.0,3.326,599.0,-9.932,1531.0,8.457,1758.0,-12.7,320.0
036580,팜스코,KOSPI,식품,N,-1.08,2090.0,-9.597,2210.0,-6.921,1397.0,-10.741,1669.0,14.859,1244.0,-51.154,1637.0
036620,감성코퍼레이션,KOSDAQ,의류,U,1.359,1462.0,-4.522,1534.0,-7.519,1481.0,-24.211,2321.0,1.702,2054.0,-55.411,1818.0
036630,세종텔레콤,KOSDAQ,다각화된통신서비스,N,0.318,1820.0,-12.468,2345.0,-15.044,2188.0,-0.778,927.0,35.198,415.0,-58.314,1916.0
036640,HRS,KOSDAQ,화학,N,-0.507,1990.0,-6.047,1788.0,-6.108,1219.0,-8.28,1403.0,19.721,938.0,-29.838,735.0
036670,삼양케이씨아이,KOSDAQ,화학,N,1.09,1643.0,-4.451,1514.0,-7.892,1530.0,-8.94,1447.0,9.761,1680.0,-43.548,1271.0
036690,코맥스,KOSDAQ,통신장비,N,1.09,1559.0,-4.254,1405.0,-6.72,1310.0,-10.14,1569.0,13.011,1385.0,-27.462,622.0
036710,심텍홀딩스,KOSDAQ,반도체와반도체장비,N,11.681,276.0,18.518,181.0,17.747,269.0,43.897,136.0,50.789,211.0,68.199,43.0
036800,나이스정보통신,KOSDAQ,개별주,U,14.702,169.0,3.409,600.0,2.76,623.0,26.933,264.0,35.313,412.0,31.329,96.0
036810,에프에스티,KOSDAQ,소재,U,15.513,149.0,32.266,46.0,23.572,185.0,69.257,60.0,66.56,114.0,-32.767,828.0
036830,솔브레인홀딩스,KOSDAQ,이차전지,U,18.68,104.0,14.481,242.0,7.299,483.0,35.315,185.0,48.191,231.0,-32.704,826.0
036890,진성티이씨,KOSDAQ,건설기계,U,-3.672,2343.0,-10.811,2281.0,-16.244,2258.0,-25.192,2339.0,-5.908,2266.0,-55.447,1820.0
036930,주성엔지니어링,KOSDAQ,반도체 장비,U,14.216,188.0,13.073,269.0,29.722,138.0,64.125,73.0,43.446,290.0,264.274,4.0
037030,파워넷,KOSDAQ,전력기기,U,13.161,214.0,11.305,312.0,24.0,181.0,5.582,671.0,14.628,1259.0,-55.543,1823.0
037070,파세코,KOSDAQ,가정용기기와용품,N,6.853,555.0,4.91,522.0,4.591,552.0,-12.862,1854.0,-10.438,2341.0,-46.628,1424.0
037230,한국팩키지,KOSDAQ,포장재,N,-0.547,1996.0,-9.96,2240.0,-12.426,2004.0,-12.359,1815.0,6.439,1885.0,-73.939,2309.0
037270,YG PLUS,KOSPI,엔터,U,1.739,1361.0,-4.895,1583.0,-7.361,1459.0,-17.464,2125.0,2.866,2023.0,-64.518,2103.0
037330,인지디스플레,KOSDAQ,디스플레이장비및부품,N,-1.889,2202.0,-8.186,2075.0,-11.852,1957.0,-22.784,2297.0,-18.314,2429.0,-78.075,2367.0
037350,성도이엔지,KOSDAQ,건설,N,10.441,329.0,13.839,253.0,12.206,372.0,5.203,682.0,4.933,1948.0,-38.077,1038.0
037370,EG,KOSDAQ,비철금속,N,-1.751,2179.0,-0.492,862.0,10.083,414.0,30.024,228.0,54.568,179.0,-42.808,1244.0
037400,우리엔터프라이즈,KOSDAQ,디스플레이장비및부품,N,0.941,1677.0,-12.451,2344.0,-20.566,2396.0,-33.125,2434.0,-4.863,2248.0,-71.386,2261.0
037440,희림,KOSDAQ,건설,U,-1.392,2141.0,-3.889,1306.0,-6.11,1220.0,-2.718,1025.0,18.51,1001.0,-28.895,701.0
037460,삼지전자,KOSDAQ,통신장비,N,10.106,337.0,6.765,446.0,3.016,613.0,-13.623,1899.0,8.011,1796.0,-3.163,219.0
037560,LG헬로비전,KOSPI,통신,U,1.025,1655.0,-6.674,1894.0,-12.732,2038.0,-19.004,2188.0,6.483,1878.0,-58.762,1935.0
037710,광주신세계,KOSPI,유통,U,-0.209,1933.0,-5.553,1704.0,-10.922,1874.0,-20.494,2233.0,-19.266,2435.0,-33.763,866.0
037760,쎄니트,KOSDAQ,철강,N,3.564,968.0,1.266,735.0,-1.2,845.0,-6.165,1250.0,14.233,1281.0,-17.017,385.0
037950,엘컴텍,KOSDAQ,전자장비와기기,N,6.052,628.0,-3.889,1307.0,-11.234,1900.0,-10.862,1687.0,1.152,2073.0,-47.754,1480.0
038010,제일테크노스,KOSDAQ,조선,N,4.675,804.0,4.459,543.0,-6.354,1247.0,-3.745,1077.0,5.591,1918.0,-38.627,1061.0
038060,루멘스바이오스,KOSDAQ,디스플레이장비및부품,N,1.09,1560.0,-4.254,1406.0,-24.988,2451.0,-28.408,2387.0,1.572,2060.0,-34.101,881.0
038070,서린바이오,KOSDAQ,생물공학,N,2.986,1083.0,-4.254,1370.0,-12.23,1991.0,-14.302,1936.0,2.967,2020.0,-60.85,1991.0
038110,에코플라스틱,KOSDAQ,자동차부품,N,4.608,809.0,-3.025,1178.0,-3.202,958.0,-2.117,995.0,15.245,1214.0,-75.962,2339.0
038290,마크로젠,KOSDAQ,제약바이오,U,5.226,736.0,2.986,617.0,-4.859,1099.0,-4.074,1102.0,13.33,1345.0,-46.757,1430.0
038390,레드캡투어,KOSDAQ,도로와철도운송,N,0.192,1847.0,-4.755,1567.0,-7.221,1438.0,-9.837,1523.0,11.719,1532.0,-29.242,717.0
038460,바이오스마트,KOSDAQ,전기장비,N,4.495,829.0,-3.203,1205.0,1.535,677.0,-7.104,1325.0,24.401,719.0,-55.517,1822.0
038500,삼표시멘트,KOSDAQ,건설,U,3.352,1009.0,-4.548,1536.0,-13.843,2116.0,-19.74,2214.0,-5.694,2264.0,-80.703,2396.0
038530,케이바이오랩스,KOSDAQ,IT서비스,N,-5.912,2422.0,-12.385,2342.0,-14.851,2175.0,-17.248,2112.0,19.358,954.0,-66.517,2153.0
038540,상상인,KOSDAQ,기타금융,N,0.251,1836.0,-8.412,2105.0,-14.525,2156.0,-17.265,2114.0,1.744,2052.0,-35.936,950.0
038620,위즈코프,KOSDAQ,운송인프라,N,7.28,515.0,6.857,439.0,0.878,709.0,11.896,506.0,28.945,562.0,-34.737,908.0
038680,에스넷,KOSDAQ,IT서비스,N,7.636,490.0,-4.515,1530.0,-8.894,1648.0,-6.481,1275.0,34.44,430.0,-23.663,503.0
038870,에코심플렉스,KOSDAQ,에너지장비및서비스,N,0.372,1803.0,-2.037,1042.0,5.929,510.0,11.418,518.0,41.893,308.0,-59.982,1965.0
038880,아이에이,KOSDAQ,자동차부품,N,8.855,412.0,2.329,663.0,6.049,508.0,-14.902,1974.0,44.286,277.0,-48.548,1523.0
038950,파인디지털,KOSDAQ,전자제품,N,-3.523,2340.0,-8.074,2062.0,-14.523,2155.0,-8.561,1423.0,13.184,1352.0,-38.93,1074.0
039010,현대에이치티,KOSDAQ,통신장비,N,-1.252,2123.0,2.124,675.0,1.874,660.0,10.905,528.0,16.229,1146.0,-28.997,707.0
039020,이건홀딩스,KOSDAQ,건축자재,N,5.004,763.0,-0.543,867.0,-6.908,1392.0,0.026,892.0,9.909,1670.0,-43.176,1255.0
039030,이오테크닉스,KOSDAQ,반도체 장비,U,11.578,280.0,9.421,364.0,25.618,162.0,62.028,79.0,46.848,246.0,1.665,191.0
039130,하나투어,KOSPI,호텔레저,U,-0.555,2000.0,-11.252,2303.0,-15.002,2185.0,-13.219,1879.0,3.893,1985.0,-53.084,1720.0
039200,오스코텍,KOSDAQ,제약바이오,U,3.325,1013.0,2.296,667.0,-6.72,1288.0,-4.36,1119.0,22.592,815.0,-50.083,1602.0
039240,경남스틸,KOSDAQ,철강,N,4.157,875.0,-2.743,1123.0,-5.051,1115.0,-7.182,1329.0,8.317,1771.0,-57.227,1882.0
039290,인포뱅크,KOSDAQ,IT서비스,N,4.688,800.0,1.309,730.0,2.573,627.0,7.632,619.0,24.942,700.0,-38.632,1062.0
039310,세중,KOSDAQ,소프트웨어,N,-1.251,2122.0,-6.673,1893.0,-24.126,2442.0,4.989,689.0,29.134,555.0,-54.128,1770.0
039340,한국경제TV,KOSDAQ,방송과엔터테인먼트,N,0.471,1779.0,-6.584,1881.0,-8.152,1554.0,-10.45,1642.0,13.219,1350.0,-29.891,736.0
039420,케이엘넷,KOSDAQ,IT서비스,N,1.278,1482.0,-7.174,1954.0,-9.64,1721.0,-13.588,1898.0,13.2,1351.0,-32.968,837.0
039440,에스티아이,KOSDAQ,반도체 장비,U,21.884,69.0,30.874,54.0,25.64,161.0,7.897,605.0,10.01,1665.0,-39.086,1083.0
039490,키움증권,KOSPI,증권,U,-1.354,2135.0,-7.063,1943.0,-12.012,1971.0,-18.767,2184.0,-14.198,2387.0,-64.092,2089.0
039560,다산네트웍스,KOSDAQ,통신장비,N,20.175,88.0,10.938,326.0,20.187,236.0,14.392,447.0,31.391,495.0,-66.464,2150.0
039570,HDC랩스,KOSPI,IT SW,U,0.824,1700.0,-4.52,1533.0,-7.646,1494.0,-9.332,1483.0,12.878,1438.0,-34.993,920.0
039610,화성밸브,KOSDAQ,기계,N,8.403,441.0,0.563,776.0,8.636,454.0,12.862,483.0,25.289,685.0,-45.086,1341.0
039740,한국정보공학,KOSDAQ,판매업체,N,-0.4,1975.0,-8.901,2149.0,-8.697,1625.0,-15.994,2036.0,14.03,1290.0,-53.18,1722.0
039830,오로라,KOSDAQ,개별주,U,1.731,1367.0,8.201,396.0,-11.91,1963.0,-41.537,2481.0,-15.253,2399.0,42.744,72.0
039840,디오,KOSDAQ,의료기기,U,8.619,430.0,-4.056,1339.0,-14.454,2152.0,-27.093,2371.0,-8.017,2297.0,-65.82,2137.0
039860,나노엔텍,KOSDAQ,생명과학도구및서비스,N,9.801,355.0,6.037,473.0,3.304,602.0,14.484,445.0,31.631,485.0,-33.93,875.0
039980,폴라리스AI,KOSDAQ,IT서비스,N,3.098,1060.0,-4.45,1513.0,-5.12,1125.0,-14.83,1971.0,24.415,718.0,-74.71,2320.0
040160,누리플렉스,KOSDAQ,IT서비스,N,-2.916,2299.0,-6.144,1808.0,-9.83,1748.0,31.13,217.0,-0.581,2128.0,-68.909,2215.0
040300,YTN,KOSDAQ,방송과엔터테인먼트,N,5.656,669.0,-8.438,2110.0,8.413,459.0,0.756,864.0,24.176,731.0,-52.625,1703.0
040350,크레오에스지,KOSDAQ,IT서비스,N,-8.147,2465.0,-17.331,2456.0,-36.242,2510.0,-63.892,2520.0,-45.342,2517.0,-40.404,1148.0
040420,정상제이엘에스,KOSDAQ,개별주,U,1.261,1490.0,-3.737,1282.0,-6.204,1228.0,-8.927,1444.0,12.331,1482.0,-27.462,603.0
040610,SG&G,KOSDAQ,자동차부품,N,2.516,1187.0,-2.828,1140.0,-3.66,996.0,-9.034,1457.0,8.677,1747.0,-35.433,936.0
040910,아이씨디,KOSDAQ,디스플레이장비및부품,N,1.937,1309.0,-1.92,1031.0,-14.37,2143.0,-9.657,1513.0,15.598,1184.0,-45.149,1348.0
041020,폴라리스오피스,KOSDAQ,IT SW,U,6.719,566.0,-0.005,819.0,3.852,582.0,-7.07,1322.0,17.43,1069.0,-50.594,1619.0
041190,우리기술투자,KOSDAQ,창업투자,N,6.37,599.0,18.912,177.0,2.526,631.0,30.389,226.0,46.764,247.0,-24.392,523.0
041440,현대에버다임,KOSDAQ,기계,N,0.34,1814.0,-3.031,1181.0,-3.605,994.0,-4.05,1101.0,9.232,1709.0,-50.485,1616.0
041460,한국전자인증,KOSDAQ,IT서비스,N,-1.129,2100.0,-8.318,2091.0,-12.961,2057.0,-11.039,1703.0,4.945,1947.0,-44.212,1309.0
041510,에스엠,KOSDAQ,엔터,U,-3.026,2307.0,-13.219,2378.0,-0.125,773.0,-6.88,1302.0,15.602,1183.0,-32.04,797.0
041520,이엘씨,KOSDAQ,반도체와반도체장비,N,4.505,825.0,7.028,435.0,7.49,475.0,13.978,458.0,70.258,93.0,17.366,131.0
041590,플래스크,KOSDAQ,건설,N,1.09,1561.0,-4.254,1407.0,-6.72,1311.0,-10.14,1570.0,13.011,1386.0,-27.462,623.0
041650,상신브레이크,KOSPI,자동차부품,N,2.485,1193.0,-3.793,1292.0,-8.743,1630.0,-11.049,1705.0,12.783,1450.0,-43.937,1295.0
041830,인바디,KOSDAQ,의료기기,U,-0.978,2076.0,-14.115,2403.0,-18.265,2330.0,-19.373,2204.0,2.53,2030.0,62.684,47.0
041910,폴라리스AI파마,KOSDAQ,제약,N,2.574,1172.0,-4.98,1604.0,-3.901,1014.0,-6.932,1311.0,19.432,952.0,-46.783,1431.0
041920,메디아나,KOSDAQ,제약바이오,U,15.119,159.0,19.197,173.0,13.517,349.0,1.878,819.0,9.589,1688.0,-70.543,2240.0
041930,SY동아,KOSDAQ,자동차부품,N,0.195,1846.0,-4.554,1537.0,-5.809,1192.0,0.27,883.0,21.263,869.0,-43.539,1270.0
041960,코미팜,KOSDAQ,제약바이오,U,1.395,1455.0,-3.949,1323.0,7.105,485.0,23.374,299.0,39.678,337.0,0.187,200.0
042000,카페24,KOSDAQ,IT SW,U,15.899,143.0,30.075,57.0,22.332,205.0,2.238,807.0,31.772,480.0,-45.319,1355.0
042040,케이피엠테크,KOSDAQ,화학,N,-1.356,2136.0,1.585,713.0,5.302,534.0,9.548,560.0,20.912,890.0,-58.622,1931.0
042110,에스씨디,KOSDAQ,전기제품,N,3.804,931.0,-3.861,1300.0,-11.206,1896.0,-21.578,2266.0,-1.394,2155.0,-56.588,1859.0
042370,비츠로테크,KOSDAQ,방산,U,7.569,496.0,24.61,111.0,35.921,94.0,21.415,323.0,39.011,351.0,-22.462,480.0
042420,네오위즈홀딩스,KOSDAQ,지주,U,-2.996,2304.0,-11.337,2309.0,-14.381,2146.0,-16.639,2074.0,15.776,1176.0,-25.168,549.0
042500,링네트,KOSDAQ,IT서비스,N,2.769,1128.0,-3.421,1232.0,-9.695,1732.0,-11.074,1709.0,15.924,1168.0,-22.12,472.0
042510,라온시큐어,KOSDAQ,IT SW,U,5.565,680.0,-9.864,2232.0,25.229,165.0,31.095,218.0,68.658,100.0,5.872,166.0
042520,한스바이오메드,KOSDAQ,주사제,U,20.606,83.0,9.871,346.0,0.064,757.0,-5.202,1181.0,8.303,1773.0,-59.353,1952.0
042600,새로닉스,KOSDAQ,가정용기기와용품,N,-4.343,2371.0,-12.717,2360.0,-16.736,2277.0,16.595,398.0,21.272,868.0,-72.449,2274.0
042660,한화오션,KOSPI,조선,U,0.085,1872.0,-7.329,1978.0,-10.623,1835.0,-20.083,2221.0,-19.116,2434.0,-62.284,2036.0
042700,한미반도체,KOSPI,반도체 장비,U,12.794,230.0,16.1,219.0,20.68,224.0,23.85,289.0,33.1,452.0,-20.164,430.0
042940,상지건설,KOSDAQ,건설,N,-3.91,2351.0,-11.409,2311.0,-18.201,2329.0,-18.888,2186.0,-16.989,2414.0,-60.29,1970.0
043100,알파AI,KOSDAQ,건강관리장비와용품,N,1.09,1562.0,-4.254,1408.0,-6.72,1312.0,-10.14,1571.0,13.011,1387.0,-27.462,624.0
043150,바텍,KOSDAQ,의료기기,U,2.923,1096.0,-3.116,1189.0,-10.716,1847.0,-10.027,1538.0,9.432,1694.0,-43.196,1256.0
043200,파루,KOSDAQ,에너지장비및서비스,N,0.452,1782.0,2.339,662.0,-1.922,885.0,-16.601,2071.0,-8.734,2315.0,-77.73,2360.0
043220,티에스넥스젠,KOSDAQ,기계,N,1.09,1563.0,-4.254,1409.0,-6.72,1313.0,-10.14,1572.0,13.011,1388.0,-27.462,625.0
043260,성호전자,KOSDAQ,통신,U,20.174,89.0,63.85,9.0,81.458,9.0,75.464,45.0,59.835,149.0,-50.614,1620.0
043340,에쎈테크,KOSDAQ,기계,N,-10.868,2499.0,-32.512,2525.0,-36.181,2509.0,-39.176,2468.0,-21.031,2443.0,-68.415,2204.0
043360,디지아이,KOSDAQ,컴퓨터와주변기기,N,-1.889,2201.0,-9.451,2193.0,-27.827,2470.0,-12.704,1845.0,15.483,1196.0,-43.484,1267.0
043370,피에이치에이,KOSDAQ,자동차,U,1.98,1302.0,-0.408,859.0,-5.107,1121.0,-5.527,1204.0,11.706,1535.0,-33.82,870.0
043590,웰킵스하이텍,KOSDAQ,전기제품,N,-3.103,2311.0,5.413,498.0,4.73,547.0,37.659,172.0,97.843,35.0,31.298,97.0
043610,KT지니뮤직,KOSDAQ,방송과엔터테인먼트,N,-8.274,2467.0,-16.264,2446.0,-16.703,2276.0,-24.017,2316.0,-12.849,2371.0,-63.522,2072.0
043650,국순당,KOSDAQ,음료,N,-1.41,2144.0,-6.889,1919.0,-8.812,1641.0,-10.282,1627.0,6.487,1877.0,-41.432,1185.0
043710,코스리거글로벌,KOSDAQ,건강관리업체및서비스,N,2.748,1132.0,-6.952,1926.0,-12.702,2032.0,-20.781,2242.0,-4.039,2221.0,-54.293,1775.0
043910,자연과환경,KOSDAQ,상업서비스와공급품,N,0.003,1886.0,-6.254,1828.0,-15.979,2236.0,-2.174,999.0,13.485,1335.0,-44.819,1325.0
044180,KD,KOSDAQ,건설,N,1.09,1564.0,-4.254,1410.0,-6.72,1314.0,-10.14,1573.0,13.011,1389.0,-27.462,626.0
044340,위닉스,KOSDAQ,가정용기기와용품,N,7.145,525.0,-4.941,1594.0,-19.803,2376.0,-60.654,2517.0,-17.013,2416.0,-67.253,2176.0
044380,주연테크,KOSPI,컴퓨터와주변기기,N,8.744,420.0,-19.921,2487.0,-66.387,2540.0,-57.924,2513.0,-41.854,2512.0,-99.823,2493.0
044450,KSS해운,KOSPI,해운,U,1.512,1423.0,13.202,264.0,13.34,355.0,8.368,585.0,39.177,349.0,-23.171,492.0
044480,빌리언스,KOSDAQ,방송과엔터테인먼트,N,-9.498,2485.0,-19.1,2474.0,-28.571,2471.0,-35.539,2453.0,-29.925,2481.0,-72.567,2275.0
044490,태웅,KOSDAQ,원전,U,0.696,1727.0,-2.511,1096.0,-4.841,1098.0,27.36,259.0,50.015,218.0,-44.238,1310.0
044780,에이치케이,KOSDAQ,기계,N,-2.703,2286.0,-7.411,1987.0,-7.622,1489.0,-14.213,1931.0,15.978,1162.0,-35.864,949.0
044820,코스맥스비티아이,KOSPI,건강관리업체및서비스,N,-4.073,2359.0,-6.999,1933.0,-6.72,1290.0,7.675,614.0,37.76,372.0,27.441,107.0
044960,이글벳,KOSDAQ,제약,N,1.416,1450.0,-6.165,1814.0,-7.844,1524.0,-9.322,1481.0,13.174,1354.0,-44.999,1334.0
044990,에이치엔에스하이텍,KOSDAQ,전자장비와기기,N,8.74,421.0,8.054,402.0,-0.442,796.0,-11.157,1718.0,10.021,1664.0,-47.187,1455.0
045060,오공,KOSDAQ,화학,N,0.372,1804.0,-5.913,1768.0,-11.754,1944.0,-11.33,1730.0,10.201,1649.0,-36.052,956.0
045100,한양이엔지,KOSDAQ,반도체 장비,U,8.866,411.0,15.229,232.0,9.555,433.0,7.318,627.0,20.787,894.0,-15.507,364.0
045300,성우테크론,KOSDAQ,반도체와반도체장비,N,8.456,437.0,4.11,557.0,1.443,683.0,13.116,477.0,26.657,635.0,-27.117,596.0
045340,토탈소프트,KOSDAQ,운송인프라,N,-0.222,1938.0,-2.602,1103.0,-5.675,1179.0,-5.341,1191.0,16.846,1103.0,-26.867,591.0
045390,대아티아이,KOSDAQ,자동차,U,-0.645,2016.0,-8.26,2086.0,-24.094,2441.0,12.257,495.0,27.533,608.0,-50.832,1625.0
045510,정원엔시스,KOSDAQ,IT서비스,N,11.559,283.0,6.315,464.0,3.55,588.0,10.928,527.0,83.248,65.0,-7.579,250.0
045520,크린앤사이언스,KOSDAQ,화학,N,3.441,987.0,-4.559,1539.0,32.216,120.0,4.422,711.0,21.483,862.0,-31.573,780.0
045660,에이텍,KOSDAQ,컴퓨터와주변기기,N,0.158,1859.0,-6.101,1793.0,-14.828,2174.0,-7.73,1367.0,21.016,885.0,-34.97,919.0
045970,코아시아,KOSDAQ,핸드셋,N,10.947,306.0,12.438,284.0,15.732,314.0,36.336,179.0,51.072,206.0,-41.444,1187.0
046120,오르비텍,KOSDAQ,에너지장비및서비스,N,-2.136,2227.0,-7.825,2036.0,18.57,261.0,2.477,797.0,14.515,1264.0,-76.374,2346.0
046210,HLB파나진,KOSDAQ,생명과학도구및서비스,N,12.705,235.0,1.598,712.0,1.937,654.0,1.273,842.0,-3.768,2218.0,-73.867,2306.0
046310,백금T&A,KOSDAQ,통신장비,N,1.731,1366.0,-0.05,826.0,-2.747,934.0,-4.771,1148.0,26.505,642.0,-47.496,1467.0
046390,삼화네트웍스,KOSDAQ,방송과엔터테인먼트,N,0.381,1798.0,-3.775,1290.0,-5.759,1185.0,-8.935,1446.0,23.306,776.0,-30.018,740.0
046440,KG파이낸셜,KOSDAQ,IT서비스,N,0.597,1753.0,-6.196,1822.0,-9.721,1735.0,-9.642,1510.0,13.135,1357.0,-45.013,1335.0
046890,서울반도체,KOSDAQ,후공정/테스트,U,4.607,810.0,4.646,532.0,4.516,554.0,14.033,455.0,22.459,825.0,-21.734,465.0
046940,우원개발,KOSDAQ,건설,N,2.569,1175.0,-6.043,1787.0,-12.713,2035.0,-15.972,2033.0,-21.787,2446.0,-61.713,2017.0
046970,우리로,KOSDAQ,컴퓨터와주변기기,N,6.526,584.0,10.94,325.0,61.765,27.0,78.122,41.0,81.157,68.0,-9.498,275.0
047040,대우건설,KOSPI,건설,U,2.065,1291.0,-9.423,2191.0,1.449,681.0,5.715,666.0,10.412,1631.0,-25.963,568.0
047050,포스코인터내셔널,KOSPI,유틸리티,U,3.441,988.0,-0.969,913.0,-0.329,788.0,-5.325,1188.0,26.211,659.0,-53.668,1744.0
047080,한빛소프트,KOSDAQ,게임엔터테인먼트,N,4.411,837.0,-4.346,1495.0,-6.903,1391.0,-3.688,1074.0,14.692,1254.0,-43.043,1251.0
047310,파워로직스,KOSDAQ,핸드셋,N,5.708,664.0,1.035,748.0,4.26,565.0,-0.64,920.0,16.967,1095.0,-54.054,1764.0
047400,유니온머티리얼,KOSPI,자동차부품,N,-3.408,2330.0,-5.122,1632.0,-8.968,1652.0,-8.583,1427.0,3.14,2009.0,-71.449,2262.0
047560,이스트소프트,KOSDAQ,IT SW,U,5.245,731.0,-3.606,1254.0,-1.149,839.0,-21.034,2251.0,11.241,1566.0,-64.291,2096.0
047770,코데즈컴바인,KOSDAQ,"섬유,의류,신발,호화품",N,-1.156,2103.0,-0.612,880.0,-13.049,2062.0,34.11,190.0,41.707,311.0,-45.148,1346.0
047810,한국항공우주,KOSPI,방산,U,5.796,653.0,2.461,653.0,2.171,645.0,-13.049,1869.0,-4.121,2222.0,-55.803,1833.0
047820,초록뱀미디어,KOSDAQ,방송과엔터테인먼트,N,-0.61,2011.0,-11.271,2304.0,-4.633,1078.0,-6.893,1306.0,5.723,1912.0,-53.422,1734.0
047920,HLB제약,KOSDAQ,제약바이오,U,36.36,14.0,47.413,22.0,29.101,140.0,11.341,519.0,-4.124,2223.0,-66.574,2155.0
048410,현대바이오,KOSDAQ,제약바이오,U,4.01,892.0,-0.73,892.0,9.234,440.0,-1.678,969.0,6.265,1893.0,-73.231,2295.0
048430,유라테크,KOSDAQ,자동차부품,N,-2.832,2295.0,-9.415,2188.0,-8.556,1609.0,-8.057,1387.0,13.182,1353.0,-46.914,1441.0
048470,대동스틸,KOSDAQ,철강,N,-1.366,2139.0,-5.145,1641.0,-10.192,1796.0,1.06,852.0,19.321,956.0,-39.626,1111.0
048530,인트론바이오,KOSDAQ,생명과학도구및서비스,N,0.735,1717.0,-7.53,1998.0,-6.898,1389.0,-4.887,1157.0,28.92,564.0,-47.887,1489.0
048550,SM C&C,KOSDAQ,광고,N,-1.552,2159.0,-11.113,2297.0,-20.36,2390.0,-50.898,2502.0,-22.408,2451.0,-30.832,762.0
048770,TPC로보틱스,KOSDAQ,기계,N,-0.696,2027.0,-8.212,2080.0,22.186,209.0,29.691,232.0,40.326,326.0,13.564,142.0
048830,엔피케이,KOSDAQ,화학,N,3.505,975.0,1.429,721.0,-3.305,967.0,-8.119,1390.0,30.009,533.0,-26.892,595.0
048870,시너지이노베이션,KOSDAQ,제약바이오,U,9.356,378.0,2.564,647.0,-7.094,1422.0,-12.103,1791.0,7.568,1825.0,-45.931,1378.0
048910,대원미디어,KOSDAQ,엔터,U,1.654,1382.0,5.947,479.0,4.512,555.0,45.707,124.0,62.959,131.0,-29.79,734.0
049070,인탑스,KOSDAQ,자동차,U,4.681,801.0,-1.57,989.0,1.661,667.0,-5.508,1199.0,23.306,777.0,-11.363,302.0
049080,기가레인,KOSDAQ,통신장비,N,1.09,1650.0,-16.265,2447.0,16.779,290.0,-2.934,1036.0,104.497,29.0,-75.969,2342.0
049120,파인디앤씨,KOSDAQ,디스플레이장비및부품,N,0.56,1760.0,-8.83,2140.0,-12.73,2037.0,28.872,241.0,52.368,197.0,-57.157,1878.0
049180,셀루메드,KOSDAQ,건설,N,1.09,1565.0,-4.254,1411.0,-6.72,1315.0,-10.14,1574.0,13.011,1390.0,-27.462,627.0
049430,코메론,KOSDAQ,기계,N,-3.023,2306.0,-6.891,1920.0,0.285,744.0,1.842,820.0,23.817,756.0,-22.485,481.0
049470,비트플래닛,KOSDAQ,IT SW,U,-7.51,2457.0,25.411,103.0,3.443,593.0,72.475,54.0,97.365,36.0,-3.647,221.0
049480,오픈베이스,KOSDAQ,컴퓨터와주변기기,N,6.191,616.0,-1.873,1020.0,0.838,713.0,-4.647,1141.0,18.73,991.0,-34.598,899.0
049520,유아이엘,KOSDAQ,핸드셋,N,0.822,1702.0,-6.488,1864.0,-10.347,1808.0,-11.204,1721.0,17.948,1035.0,-32.321,810.0
049550,잉크테크,KOSDAQ,컴퓨터와주변기기,N,0.364,1807.0,-5.267,1666.0,-8.444,1593.0,-7.437,1346.0,23.512,765.0,-21.579,459.0
049630,재영솔루텍,KOSDAQ,핸드셋,N,5.544,684.0,-0.397,858.0,-4.899,1103.0,8.651,583.0,17.766,1048.0,-81.411,2402.0
049720,고려신용정보,KOSDAQ,개별주,U,1.751,1358.0,-3.258,1212.0,-6.72,1285.0,-10.793,1673.0,9.523,1692.0,-38.214,1043.0
049800,우진플라임,KOSPI,기계,N,9.161,391.0,4.478,541.0,-1.329,853.0,-2.899,1033.0,21.864,843.0,-46.843,1435.0
049830,승일,KOSDAQ,포장재,N,0.781,1710.0,-2.197,1055.0,-5.781,1187.0,-7.596,1361.0,11.335,1560.0,-39.226,1091.0
049950,미래컴퍼니,KOSDAQ,디스플레이장비및부품,N,9.991,342.0,3.931,563.0,4.498,556.0,5.322,680.0,21.196,874.0,-40.009,1125.0
049960,쎌바이오텍,KOSDAQ,생물공학,N,5.648,672.0,-2.889,1151.0,-7.861,1526.0,-11.965,1780.0,15.106,1225.0,-19.503,421.0
050090,비케이홀딩스,KOSDAQ,광고,N,-1.839,2191.0,-23.884,2505.0,-7.716,1504.0,61.712,82.0,88.326,52.0,-34.164,884.0
050110,캠시스,KOSDAQ,핸드셋,N,1.09,1566.0,-4.254,1412.0,-7.089,1418.0,2.139,812.0,43.483,289.0,-60.857,1992.0
050120,ES큐브,KOSDAQ,레저용장비와제품,N,2.154,1274.0,-3.801,1293.0,-5.038,1113.0,2.763,780.0,28.865,568.0,1.665,192.0
050760,에스폴리텍,KOSDAQ,화학,N,1.428,1445.0,-3.831,1296.0,-7.638,1492.0,-1.639,967.0,-12.052,2360.0,-48.276,1509.0
050860,아세아텍,KOSDAQ,기계,N,1.623,1389.0,-4.313,1490.0,-6.306,1240.0,-6.669,1288.0,7.822,1809.0,-40.911,1165.0
050890,쏠리드,KOSDAQ,통신,U,12.318,250.0,12.102,292.0,15.541,318.0,-0.067,896.0,16.426,1130.0,-53.953,1756.0
050960,수산아이앤티,KOSDAQ,소프트웨어,N,-1.321,2130.0,-5.417,1685.0,-6.602,1275.0,-5.845,1221.0,18.864,981.0,-29.648,730.0
051160,지어소프트,KOSDAQ,판매업체,N,8.316,446.0,25.887,98.0,34.992,99.0,29.127,238.0,93.067,42.0,36.371,86.0
051360,토비스,KOSDAQ,디스플레이,U,0.922,1681.0,-4.672,1554.0,-0.386,790.0,-7.558,1357.0,45.309,264.0,14.449,139.0
051370,인터플렉스,KOSDAQ,휴대폰 부품,U,3.09,1062.0,10.353,336.0,6.434,499.0,-6.961,1313.0,14.288,1277.0,-66.016,2142.0
051380,피씨디렉트,KOSDAQ,컴퓨터와주변기기,N,-0.424,1979.0,-8.846,2144.0,-10.638,1837.0,-15.815,2027.0,-0.714,2132.0,-54.486,1783.0
051390,YW,KOSDAQ,판매업체,N,0.095,1868.0,-6.103,1794.0,-2.804,937.0,-12.829,1852.0,9.379,1702.0,-33.149,842.0
051490,나라엠앤디,KOSDAQ,기계,N,1.09,1567.0,-9.942,2237.0,-10.104,1789.0,-15.131,1992.0,7.671,1818.0,-54.033,1762.0
051500,CJ프레시웨이,KOSDAQ,음식료,U,1.783,1350.0,-5.163,1645.0,-15.697,2225.0,-15.971,2032.0,7.794,1812.0,-44.414,1315.0
051600,한전KPS,KOSPI,원전,U,-0.659,2018.0,-8.207,2078.0,-5.367,1152.0,-11.996,1782.0,12.129,1499.0,-46.906,1438.0
051630,진양화학,KOSPI,화학,N,-4.018,2357.0,8.631,382.0,2.101,650.0,39.714,157.0,4.254,1968.0,-54.897,1806.0
051780,큐로홀딩스,KOSDAQ,식품,N,-0.117,1915.0,-13.328,2383.0,-9.685,1730.0,-21.351,2261.0,-5.155,2252.0,-75.144,2328.0
051900,LG생활건강,KOSPI,화장품,U,-6.26,2433.0,-14.37,2408.0,-15.474,2218.0,-17.172,2109.0,22.506,821.0,-12.631,319.0
051910,LG화학,KOSPI,이차전지,U,5.05,753.0,-7.39,1986.0,-9.136,1675.0,-7.801,1373.0,7.948,1798.0,-46.318,1400.0
051980,중앙첨단소재,KOSDAQ,이차전지,U,1.09,1568.0,-4.254,1413.0,-4.649,1081.0,-2.102,994.0,29.697,538.0,-53.901,1752.0
052020,에스티큐브,KOSDAQ,제약바이오,U,-1.032,2086.0,2.413,654.0,-8.228,1566.0,-17.687,2140.0,9.921,1669.0,-75.883,2338.0
052220,iMBC,KOSDAQ,방송과엔터테인먼트,N,0.727,1719.0,-9.599,2211.0,-15.22,2204.0,-12.684,1842.0,-2.743,2201.0,-72.835,2282.0
052260,현대바이오랜드,KOSDAQ,화장품,U,26.56,44.0,20.279,164.0,19.225,249.0,28.556,248.0,53.461,186.0,-3.699,223.0
052300,오션인더블유,KOSDAQ,건축제품,N,2.689,1141.0,4.737,530.0,-3.402,977.0,0.677,867.0,23.443,770.0,-35.029,924.0
052330,코텍,KOSDAQ,디스플레이패널,N,2.651,1153.0,-9.011,2156.0,-18.574,2339.0,-24.107,2319.0,4.488,1958.0,-25.202,550.0
052400,코나아이,KOSDAQ,IT SW,U,3.258,1026.0,-0.254,847.0,-6.454,1258.0,-18.301,2165.0,-4.854,2246.0,-54.822,1799.0
052420,오성첨단소재,KOSDAQ,디스플레이장비및부품,N,0.682,1733.0,-2.271,1068.0,-6.618,1276.0,-3.944,1092.0,27.28,615.0,-34.76,910.0
052460,아이크래프트,KOSDAQ,IT서비스,N,10.15,336.0,5.916,480.0,33.065,113.0,-4.104,1103.0,118.059,20.0,61.492,48.0
052600,한네트,KOSDAQ,IT서비스,N,-0.289,1953.0,-7.14,1951.0,-11.545,1925.0,-15.75,2024.0,8.186,1781.0,-49.426,1560.0
052690,한전기술,KOSPI,원전,U,-1.441,2147.0,-10.384,2260.0,13.412,353.0,18.244,370.0,31.908,477.0,-47.07,1452.0
052710,아모텍,KOSDAQ,MLCC/기판,U,10.498,327.0,25.121,108.0,85.659,8.0,45.499,127.0,20.824,893.0,10.08,154.0
052770,아이톡시,KOSDAQ,게임엔터테인먼트,N,1.09,1569.0,-4.254,1414.0,-6.72,1316.0,-10.14,1575.0,13.011,1391.0,-27.462,628.0
052790,액토즈소프트,KOSDAQ,게임엔터테인먼트,N,19.34,98.0,8.904,374.0,8.646,453.0,4.388,715.0,16.061,1155.0,-35.972,953.0
052860,아이앤씨,KOSDAQ,반도체와반도체장비,N,14.345,180.0,6.394,459.0,18.934,256.0,82.834,34.0,88.382,51.0,41.549,75.0
052900,KX하이텍,KOSDAQ,반도체와반도체장비,N,9.208,388.0,16.946,206.0,18.746,259.0,4.96,691.0,4.139,1976.0,-14.718,352.0
053030,바이넥스,KOSDAQ,제약바이오,U,6.866,553.0,-3.15,1193.0,-13.956,2124.0,-16.563,2069.0,2.039,2044.0,-68.22,2197.0
053050,지에스이,KOSDAQ,가스유틸리티,N,2.268,1252.0,-6.021,1785.0,-4.888,1100.0,0.776,863.0,15.118,1223.0,-60.44,1976.0
053060,세동,KOSDAQ,자동차부품,N,2.081,1285.0,-6.335,1836.0,-9.887,1762.0,-21.581,2267.0,-2.293,2185.0,-25.46,556.0
053080,케이엔솔,KOSDAQ,반도체 장비,U,11.415,289.0,5.308,505.0,3.349,598.0,2.94,768.0,14.723,1252.0,-35.132,927.0
053160,프리엠스,KOSDAQ,기계,N,-5.762,2416.0,-18.115,2463.0,-16.658,2274.0,-16.187,2050.0,8.406,1762.0,-30.902,764.0
053210,스카이라이프,KOSPI,통신,U,1.09,1570.0,-4.876,1578.0,-9.875,1759.0,-12.941,1859.0,8.238,1778.0,-40.058,1127.0
053260,금강철강,KOSDAQ,철강,N,3.533,973.0,-10.19,2251.0,24.587,174.0,39.965,155.0,57.197,169.0,36.635,85.0
053270,구영테크,KOSDAQ,자동차부품,N,2.447,1203.0,-6.173,1815.0,-11.055,1884.0,-6.178,1251.0,18.269,1014.0,-39.984,1124.0
053280,예스24,KOSDAQ,인터넷과카탈로그소매,N,3.218,1036.0,-3.378,1227.0,-15.436,2215.0,-19.858,2215.0,8.692,1745.0,-43.128,1253.0
053290,NE능률,KOSDAQ,교육서비스,N,-0.499,1989.0,-6.773,1906.0,-15.122,2197.0,-20.401,2229.0,32.548,465.0,-56.289,1848.0
053300,한국정보인증,KOSDAQ,IT SW,U,3.659,949.0,-8.143,2072.0,-3.127,955.0,5.838,661.0,32.322,466.0,-32.581,820.0
053350,이니텍,KOSDAQ,소프트웨어,N,6.134,622.0,3.387,601.0,0.2,749.0,20.2,347.0,65.802,117.0,29.587,103.0
053450,세코닉스,KOSDAQ,휴대폰 부품,U,7.926,470.0,9.452,363.0,0.8,717.0,-10.288,1628.0,10.686,1614.0,-60.529,1981.0
053580,웹케시,KOSDAQ,IT SW,U,2.391,1217.0,-1.166,938.0,-6.863,1380.0,-5.979,1234.0,24.458,716.0,-41.238,1174.0
053610,프로텍,KOSDAQ,반도체 장비,U,12.932,223.0,32.183,47.0,38.579,87.0,33.684,195.0,37.462,374.0,35.374,87.0
053620,태양,KOSDAQ,가정용품,N,-2.007,2215.0,-8.341,2094.0,-12.863,2047.0,-9.373,1485.0,12.557,1460.0,-34.402,892.0
053690,한미글로벌,KOSPI,건설,U,-2.415,2252.0,-14.079,2401.0,-6.233,1235.0,2.394,799.0,27.797,593.0,-54.622,1791.0
053700,삼보모터스,KOSDAQ,자동차부품,N,5.257,729.0,-1.426,972.0,-4.679,1085.0,-12.46,1826.0,16.504,1125.0,-54.866,1804.0
053800,안랩,KOSDAQ,IT SW,U,4.724,793.0,14.941,235.0,25.81,159.0,26.627,269.0,55.869,172.0,1.301,193.0
053950,경남제약,KOSDAQ,제약,N,2.358,1226.0,-17.282,2455.0,-16.403,2266.0,15.395,424.0,33.397,447.0,-66.614,2157.0
053980,오상자이엘,KOSDAQ,소프트웨어,N,4.255,861.0,-2.591,1102.0,-6.72,1289.0,-12.144,1795.0,8.148,1784.0,-47.56,1470.0
054040,한국컴퓨터,KOSDAQ,디스플레이장비및부품,N,1.543,1413.0,-3.914,1316.0,-8.385,1585.0,-23.447,2307.0,4.446,1961.0,-41.442,1186.0
054050,NH농우바이오,KOSDAQ,생물공학,N,2.363,1224.0,-2.114,1050.0,-2.952,949.0,-4.379,1122.0,17.69,1052.0,-36.599,974.0
054090,삼진엘앤디,KOSDAQ,전자장비와기기,N,0.692,1730.0,-5.342,1678.0,-8.392,1587.0,-8.41,1415.0,14.844,1246.0,-31.308,772.0
054180,메디콕스,KOSDAQ,조선,N,1.09,1571.0,-4.254,1415.0,-6.72,1317.0,-10.14,1576.0,13.011,1392.0,-27.462,629.0
054210,이랜텍,KOSDAQ,이차전지,U,4.281,856.0,-5.705,1728.0,-7.16,1431.0,-16.871,2092.0,5.644,1916.0,-56.88,1866.0
054220,비츠로시스,KOSDAQ,IT서비스,N,-0.876,2055.0,0.182,805.0,2.213,642.0,10.501,539.0,29.028,558.0,-48.641,1526.0
054300,팬스타엔터프라이즈,KOSDAQ,해운사,N,-1.746,2178.0,-10.115,2247.0,-16.227,2257.0,-7.34,1342.0,19.983,921.0,-21.561,457.0
054410,케이피티유,KOSDAQ,비철금속,N,-13.842,2512.0,-21.19,2492.0,-21.652,2415.0,-31.807,2425.0,-2.304,2187.0,-49.776,1575.0
054450,텔레칩스,KOSDAQ,자동차,U,4.569,816.0,8.653,380.0,3.09,610.0,4.634,703.0,12.438,1473.0,-39.017,1078.0
054540,삼영엠텍,KOSDAQ,조선,U,11.657,279.0,7.684,418.0,7.701,470.0,2.673,785.0,8.262,1775.0,-58.105,1904.0
054620,APS,KOSDAQ,반도체와반도체장비,N,4.7,796.0,-2.011,1040.0,-4.207,1040.0,-17.658,2137.0,5.383,1926.0,-71.139,2254.0
054670,대한뉴팜,KOSDAQ,제약,N,4.227,866.0,-3.895,1310.0,-8.478,1596.0,-10.85,1684.0,14.096,1288.0,-47.03,1447.0
054780,키이스트,KOSDAQ,방송과엔터테인먼트,N,45.11,7.0,72.533,8.0,56.865,39.0,70.82,57.0,74.528,82.0,-35.092,926.0
054800,아이디스홀딩스,KOSDAQ,컴퓨터와주변기기,N,0.886,1690.0,-6.391,1851.0,-10.968,1878.0,-11.818,1769.0,16.472,1128.0,-27.666,676.0
054920,한컴위드,KOSDAQ,비철금속,N,5.726,661.0,-10.397,2261.0,27.107,152.0,15.239,426.0,71.638,90.0,-18.341,402.0
054930,유신,KOSDAQ,건설,N,-1.236,2120.0,-4.929,1592.0,-11.317,1909.0,-3.554,1066.0,13.696,1312.0,-53.344,1730.0
054940,엑사이엔씨,KOSDAQ,반도체와반도체장비,N,-1.639,2169.0,-9.942,2236.0,-19.128,2364.0,-16.693,2078.0,23.98,742.0,-26.725,588.0
054950,제이브이엠,KOSDAQ,의료기기,U,7.394,507.0,1.362,726.0,-3.989,1022.0,-6.757,1293.0,24.401,720.0,-24.731,535.0
055490,테이팩스,KOSPI,전자장비와기기,N,14.31,181.0,6.857,440.0,-6.72,1283.0,16.953,389.0,36.259,390.0,-22.825,485.0
055550,신한지주,KOSPI,은행,U,-3.027,2308.0,-10.766,2277.0,-11.878,1958.0,-7.696,1365.0,10.319,1641.0,-12.801,322.0
056080,유진로봇,KOSDAQ,기계,N,7.209,519.0,6.314,465.0,4.528,553.0,-7.878,1379.0,6.1,1897.0,-74.268,2313.0
056090,시지메드텍,KOSDAQ,의료기기,U,1.09,1572.0,-4.254,1416.0,-6.636,1279.0,7.916,604.0,31.537,489.0,-71.33,2259.0
056190,SFA,KOSDAQ,디스플레이,U,11.983,269.0,6.441,456.0,24.848,168.0,35.978,182.0,50.401,215.0,-9.401,273.0
056360,코위버,KOSDAQ,통신장비,N,5.015,760.0,9.492,360.0,21.326,217.0,6.409,647.0,38.153,366.0,-32.89,834.0
056700,신화인터텍,KOSDAQ,디스플레이장비및부품,N,1.019,1656.0,-4.816,1571.0,-7.072,1416.0,-10.422,1639.0,6.534,1874.0,-47.428,1466.0
056730,CNT85,KOSDAQ,건설,N,-7.083,2447.0,-10.842,2286.0,-9.575,1711.0,-26.385,2357.0,-23.604,2456.0,-61.153,2000.0
057030,YBM넷,KOSDAQ,교육서비스,N,2.773,1125.0,-2.815,1136.0,-6.956,1400.0,-14.655,1957.0,10.702,1611.0,-49.847,1582.0
057540,옴니시스템,KOSDAQ,전자장비와기기,N,1.09,1573.0,0.442,785.0,-4.165,1039.0,-32.261,2428.0,-17.793,2423.0,-52.399,1686.0
057680,티사이언티픽,KOSDAQ,IT서비스,N,-2.799,2294.0,1.881,694.0,-9.365,1691.0,-5.986,1235.0,-1.767,2169.0,-64.761,2110.0
058110,멕아이씨에스,KOSDAQ,건강관리장비와용품,N,1.224,1502.0,-5.179,1650.0,-15.651,2224.0,-13.989,1922.0,-6.267,2274.0,-73.734,2303.0
058400,KNN,KOSDAQ,방송과엔터테인먼트,N,4.761,789.0,-5.749,1737.0,-7.722,1506.0,19.054,362.0,38.914,354.0,-32.071,801.0
058430,포스코스틸리온,KOSPI,철강,U,2.753,1130.0,-6.179,1819.0,-5.506,1162.0,-7.796,1372.0,5.638,1917.0,-37.383,1006.0
058450,한주에이알티,KOSDAQ,방송과엔터테인먼트,N,-36.482,2541.0,-49.264,2538.0,-73.893,2544.0,-96.572,2542.0,-75.739,2539.0,-113.508,2523.0
058470,리노공업,KOSDAQ,후공정/테스트,U,14.549,175.0,23.667,120.0,24.181,178.0,20.761,335.0,25.561,675.0,-50.616,1621.0
058610,에스피지,KOSDAQ,로봇,U,3.175,1044.0,0.431,786.0,13.796,344.0,-15.655,2018.0,48.453,228.0,-28.52,696.0
058630,엠게임,KOSDAQ,게임엔터테인먼트,N,4.552,817.0,-1.843,1015.0,-7.09,1419.0,-17.7,2142.0,-2.22,2182.0,-46.438,1408.0
058650,세아홀딩스,KOSPI,지주,U,1.247,1498.0,-8.097,2066.0,-13.513,2095.0,-4.511,1131.0,28.278,582.0,-45.772,1371.0
058730,다스코,KOSPI,건축자재,N,0.465,1780.0,-5.954,1775.0,-26.009,2457.0,-10.609,1657.0,3.096,2012.0,-39.979,1123.0
058820,CMG제약,KOSDAQ,제약바이오,U,3.086,1063.0,-5.484,1698.0,-10.157,1793.0,-34.805,2446.0,-29.11,2478.0,-95.014,2474.0
058850,KTcs,KOSPI,상업서비스와공급품,N,2.239,1256.0,-0.235,845.0,-5.571,1169.0,-10.817,1679.0,10.142,1654.0,-41.524,1188.0
058860,KTis,KOSPI,상업서비스와공급품,N,1.09,1527.0,-2.475,1093.0,-6.914,1394.0,-7.957,1382.0,12.818,1444.0,-33.139,840.0
058970,엠로,KOSDAQ,IT SW,U,4.974,766.0,1.389,725.0,-0.142,774.0,-4.827,1152.0,15.881,1170.0,-62.529,2049.0
059090,미코,KOSDAQ,소재,U,7.077,531.0,16.514,211.0,24.743,171.0,40.175,153.0,60.27,145.0,56.102,52.0
059100,아이컴포넌트,KOSDAQ,디스플레이장비및부품,N,-1.511,2155.0,-0.562,868.0,-10.02,1777.0,20.228,346.0,58.741,156.0,1.905,189.0
059120,아진엑스텍,KOSDAQ,반도체와반도체장비,N,9.389,376.0,8.814,375.0,22.501,202.0,17.22,383.0,66.977,109.0,-7.942,254.0
059210,메타바이오메드,KOSDAQ,의료기기,U,2.054,1295.0,-6.651,1890.0,-12.625,2027.0,-14.573,1953.0,8.954,1732.0,-38.397,1052.0
059270,해성에어로보틱스,KOSDAQ,기계,N,8.121,463.0,6.342,463.0,-4.672,1083.0,-14.669,1960.0,4.193,1974.0,-72.052,2272.0
060150,인선이엔티,KOSDAQ,건설,U,8.271,453.0,-2.896,1153.0,-8.529,1606.0,-10.805,1675.0,0.806,2086.0,-53.94,1755.0
060230,제이케이시냅스,KOSDAQ,전자장비와기기,N,17.067,123.0,22.295,140.0,12.745,365.0,-8.793,1438.0,35.025,419.0,-59.271,1948.0
060250,NHN KCP,KOSDAQ,IT SW,U,4.629,806.0,2.253,668.0,-12.927,2051.0,-6.601,1281.0,19.107,968.0,-37.475,1014.0
060260,뉴보텍,KOSDAQ,건축제품,N,-5.6,2412.0,-21.194,2493.0,-32.5,2489.0,-40.995,2478.0,-35.786,2497.0,-70.928,2246.0
060280,큐렉소,KOSDAQ,제약바이오,U,14.38,179.0,8.31,395.0,-1.318,851.0,-12.039,1786.0,13.931,1300.0,-66.784,2160.0
060310,3S,KOSDAQ,기계,N,10.407,331.0,0.799,762.0,-1.199,844.0,2.289,802.0,14.207,1283.0,-30.49,750.0
060370,LS마린솔루션,KOSDAQ,전력기기,U,1.833,1338.0,0.7,766.0,4.246,567.0,4.97,690.0,40.695,323.0,-10.363,284.0
060380,동양에스텍,KOSDAQ,철강,N,5.664,667.0,-1.463,977.0,-2.883,941.0,2.711,783.0,22.598,814.0,-31.514,779.0
060480,국일신동,KOSDAQ,비철금속,N,-44.324,2547.0,-50.048,2540.0,-49.048,2527.0,-24.866,2337.0,-26.764,2468.0,-77.286,2356.0
060540,에스에이티,KOSDAQ,핸드셋,N,-2.737,2288.0,-13.826,2396.0,-3.544,986.0,10.951,526.0,38.79,357.0,-21.242,449.0
060560,HC홈센타,KOSDAQ,건축자재,N,-0.799,2045.0,-5.028,1614.0,-13.645,2106.0,-3.005,1042.0,3.246,2007.0,-79.315,2380.0
060570,드림어스컴퍼니,KOSDAQ,방송과엔터테인먼트,N,2.927,1094.0,-2.934,1162.0,18.03,265.0,36.194,181.0,31.643,484.0,-42.913,1248.0
060590,씨티씨바이오,KOSDAQ,제약,N,3.919,910.0,-4.415,1505.0,-7.523,1482.0,-8.495,1418.0,13.499,1334.0,-42.103,1211.0
060720,KH바텍,KOSDAQ,휴대폰 부품,U,6.935,547.0,1.882,693.0,3.242,605.0,-3.418,1059.0,25.645,672.0,-37.407,1007.0
060850,영림원소프트랩,KOSDAQ,소프트웨어,N,1.204,1510.0,-7.441,1989.0,-11.887,1960.0,-24.105,2318.0,-2.277,2184.0,-54.531,1786.0
060900,에이전트AI,KOSDAQ,에너지장비및서비스,N,-40.413,2545.0,-52.919,2541.0,-63.178,2538.0,-72.896,2532.0,-50.655,2522.0,-105.749,2509.0
060980,HL홀딩스,KOSPI,지주,U,-0.448,1984.0,-6.544,1877.0,-9.873,1758.0,-10.27,1626.0,11.726,1530.0,-32.88,833.0
061040,알에프텍,KOSDAQ,핸드셋,N,-2.609,2273.0,-4.391,1500.0,-6.857,1378.0,8.204,591.0,1.055,2075.0,-3.209,220.0
061090,세나테크놀로지,KOSDAQ,통신,U,15.005,161.0,7.827,412.0,1.161,698.0,-16.739,2083.0,26.462,646.0,-14.011,344.0
061250,화일약품,KOSDAQ,제약,N,1.09,1574.0,-13.798,2395.0,-34.314,2501.0,-39.269,2469.0,-10.483,2343.0,-57.141,1875.0
061970,LB세미콘,KOSDAQ,디스플레이,U,9.045,399.0,14.794,236.0,16.497,297.0,16.865,393.0,28.443,579.0,-4.881,228.0
062040,산일전기,KOSPI,전력기기,U,11.552,284.0,11.386,308.0,16.784,289.0,38.323,169.0,22.673,810.0,41.941,73.0
062970,한국첨단소재,KOSDAQ,통신장비,N,-0.209,1934.0,-14.18,2404.0,52.11,50.0,-9.478,1499.0,9.362,1703.0,-98.898,2489.0
063080,컴투스홀딩스,KOSDAQ,게임엔터테인먼트,N,5.716,663.0,1.439,718.0,-13.186,2071.0,-12.952,1861.0,12.293,1486.0,-53.809,1748.0
063160,종근당바이오,KOSPI,제약,N,0.856,1694.0,-4.332,1494.0,-13.566,2099.0,-16.714,2081.0,6.986,1853.0,-58.214,1909.0
063170,서울옥션,KOSDAQ,판매업체,N,-0.326,1959.0,-7.384,1985.0,-16.298,2260.0,-1.985,985.0,28.452,578.0,-45.429,1358.0
063440,SM Life Design,KOSDAQ,방송과엔터테인먼트,N,1.643,1385.0,4.965,521.0,-1.71,875.0,-12.818,1851.0,8.291,1774.0,-51.609,1657.0
063570,NICE인프라,KOSDAQ,개별주,U,5.671,665.0,-6.469,1861.0,-10.778,1852.0,-6.052,1240.0,18.762,988.0,-43.13,1254.0
063760,이엘피,KOSDAQ,디스플레이장비및부품,N,-8.763,2477.0,-10.776,2279.0,-18.424,2336.0,-23.968,2315.0,-0.816,2135.0,-58.107,1905.0
064090,인크레더블버즈,KOSDAQ,판매업체,N,1.09,1575.0,-4.254,1417.0,-6.72,1318.0,-10.14,1577.0,13.011,1393.0,-27.462,630.0
064240,홈캐스트,KOSDAQ,전문소매,N,0.255,1833.0,-5.692,1727.0,-10.914,1873.0,15.619,418.0,27.023,623.0,-35.701,946.0
064260,다날,KOSDAQ,IT SW,U,5.209,738.0,-1.892,1023.0,-15.72,2226.0,-15.447,2006.0,19.819,931.0,-63.105,2063.0
064290,인텍플러스,KOSDAQ,반도체 장비,U,8.937,403.0,12.314,287.0,68.132,19.0,107.54,18.0,35.498,406.0,170.421,11.0
064350,현대로템,KOSPI,방산,U,1.608,1398.0,-6.764,1905.0,-11.928,1966.0,-26.866,2367.0,-27.459,2473.0,-72.248,2273.0
064400,LG씨엔에스,KOSPI,IT SW,U,4.692,798.0,-1.097,931.0,-10.21,1797.0,-4.56,1134.0,10.174,1652.0,-1.542,212.0
064480,브리지텍,KOSDAQ,IT서비스,N,-1.187,2109.0,-5.215,1655.0,-13.423,2088.0,-14.77,1967.0,2.112,2043.0,-66.37,2148.0
064520,테크엘,KOSDAQ,반도체와반도체장비,N,2.659,1150.0,-2.892,1152.0,-9.969,1770.0,-10.541,1648.0,9.014,1729.0,-36.112,958.0
064550,바이오니아,KOSDAQ,제약바이오,U,5.858,645.0,-11.203,2302.0,-20.762,2399.0,15.52,421.0,43.255,291.0,-41.331,1180.0
064760,티씨케이,KOSDAQ,소재,U,4.586,814.0,5.376,502.0,13.118,358.0,57.092,94.0,36.861,380.0,5.572,167.0
064800,포니링크,KOSDAQ,전문소매,N,0.848,1698.0,-17.852,2460.0,-30.661,2483.0,-11.336,1732.0,11.345,1559.0,-34.192,885.0
064820,케이프,KOSDAQ,조선,U,5.564,681.0,-1.934,1032.0,1.898,658.0,-15.728,2020.0,0.941,2081.0,-50.149,1605.0
064850,에프앤가이드,KOSDAQ,IT SW,U,6.975,536.0,18.13,187.0,26.931,153.0,8.787,580.0,-2.789,2203.0,-13.06,325.0
064960,SNT모티브,KOSPI,방산,U,6.776,562.0,-0.997,916.0,-1.856,879.0,-11.422,1738.0,12.642,1456.0,-46.165,1390.0
065060,지엔코,KOSDAQ,"섬유,의류,신발,호화품",N,6.19,617.0,-2.913,1158.0,-0.636,805.0,-15.3,2000.0,26.534,641.0,-6.042,238.0
065130,탑엔지니어링,KOSDAQ,핸드셋,N,11.253,300.0,5.313,504.0,-2.245,907.0,-0.573,917.0,14.347,1273.0,-26.631,586.0
065150,대산F&B,KOSDAQ,식품,N,-4.135,2363.0,-12.836,2365.0,-26.651,2464.0,-34.406,2444.0,-32.353,2487.0,-72.826,2281.0
065170,비엘팜텍,KOSDAQ,건강관리업체및서비스,N,-6.217,2432.0,-5.806,1749.0,-6.72,1286.0,-14.656,1959.0,-38.675,2503.0,-45.844,1376.0
065350,신성델타테크,KOSDAQ,가정용기기와용품,N,4.588,813.0,0.409,789.0,5.521,525.0,-9.21,1473.0,22.978,798.0,-66.507,2151.0
065370,위세아이텍,KOSDAQ,소프트웨어,N,2.446,1205.0,-1.15,937.0,-1.253,849.0,-16.702,2079.0,12.018,1506.0,-63.299,2067.0
065420,에스아이리소스,KOSDAQ,석유와가스,N,1.09,1576.0,-4.254,1418.0,-6.72,1319.0,-10.14,1578.0,-34.18,2489.0,-90.308,2451.0
065440,이루온,KOSDAQ,IT서비스,N,12.924,225.0,5.678,484.0,11.755,385.0,-2.263,1003.0,18.909,978.0,-73.774,2304.0
065450,빅텍,KOSDAQ,우주항공과국방,N,8.306,448.0,7.374,423.0,12.592,367.0,-4.556,1133.0,13.819,1306.0,-68.482,2206.0
065500,오리엔트정공,KOSDAQ,자동차부품,N,0.598,1752.0,-8.33,2093.0,-18.949,2353.0,-25.383,2342.0,-1.66,2163.0,-77.609,2359.0
065510,휴비츠,KOSDAQ,건강관리장비와용품,N,8.352,445.0,2.523,648.0,-4.559,1068.0,-8.272,1402.0,10.268,1645.0,-34.903,915.0
065530,와이어블,KOSDAQ,무선통신서비스,N,22.854,65.0,12.594,281.0,20.499,232.0,8.271,587.0,49.581,223.0,-54.403,1779.0
065570,삼영이엔씨,KOSDAQ,조선,N,1.09,1577.0,-4.254,1419.0,-6.72,1320.0,-10.14,1579.0,13.011,1394.0,-27.462,631.0
065650,하이퍼코퍼레이션,KOSDAQ,컴퓨터와주변기기,N,-4.556,2380.0,-14.038,2400.0,-34.993,2502.0,-34.475,2445.0,-14.522,2389.0,-80.892,2399.0
065660,안트로젠,KOSDAQ,제약바이오,U,3.403,1001.0,-5.436,1687.0,-5.713,1181.0,-22.749,2296.0,-17.998,2427.0,-89.815,2447.0
065680,우주일렉트로,KOSDAQ,자동차,U,-7.077,2445.0,12.605,280.0,-7.114,1424.0,6.45,645.0,3.692,1991.0,-24.196,519.0
065690,파커스,KOSDAQ,컴퓨터와주변기기,N,2.543,1179.0,-1.079,928.0,-7.51,1479.0,32.124,211.0,79.826,71.0,2.628,188.0
065710,서호전기,KOSDAQ,조선,U,-2.039,2218.0,-8.134,2070.0,-10.28,1802.0,-9.326,1482.0,9.775,1678.0,-24.979,541.0
065770,CS,KOSDAQ,통신장비,N,-10.688,2495.0,-19.152,2475.0,-41.531,2522.0,-58.278,2514.0,-38.867,2506.0,-108.292,2514.0
065950,웰크론,KOSDAQ,건설,N,-0.905,2065.0,-7.59,2009.0,-10.713,1846.0,6.837,636.0,18.817,985.0,-52.179,1676.0
066130,하츠,KOSDAQ,가정용기기와용품,N,1.67,1377.0,-1.894,1024.0,-6.72,1370.0,-9.851,1525.0,15.07,1229.0,-44.645,1319.0
066310,큐에스아이,KOSDAQ,반도체와반도체장비,N,6.598,579.0,5.276,507.0,13.671,347.0,13.533,468.0,28.252,583.0,-46.976,1445.0
066360,체리부로,KOSDAQ,식품,N,-0.313,1957.0,-4.05,1336.0,-0.227,779.0,-6.415,1266.0,14.022,1291.0,-65.022,2119.0
066410,버킷스튜디오,KOSDAQ,IT서비스,N,1.09,1578.0,-4.254,1420.0,-6.72,1321.0,-10.14,1580.0,13.011,1395.0,-27.462,632.0
066430,아이로보틱스,KOSDAQ,화학,N,-1.28,2127.0,-6.159,1812.0,-7.203,1435.0,-16.076,2044.0,2.968,2019.0,-12.185,312.0
066570,LG전자,KOSPI,로봇,U,4.439,834.0,3.746,578.0,1.011,703.0,20.374,345.0,29.328,546.0,74.219,40.0
066590,스모트로닉,KOSDAQ,자동차부품,N,1.524,1418.0,-7.594,2010.0,-12.995,2059.0,-17.354,2117.0,16.823,1105.0,-34.115,882.0
066620,국보디자인,KOSDAQ,건설,N,0.688,1732.0,-5.844,1759.0,-11.528,1924.0,-4.821,1151.0,18.331,1010.0,-14.705,350.0
066670,디티씨,KOSDAQ,핸드셋,N,1.852,1333.0,-1.454,974.0,-6.569,1270.0,14.813,435.0,44.162,278.0,5.269,170.0
066700,테라젠이텍스,KOSDAQ,제약,N,7.93,469.0,2.838,630.0,-1.371,856.0,-7.185,1330.0,25.698,670.0,-47.285,1457.0
066790,씨씨에스,KOSDAQ,방송과엔터테인먼트,N,1.09,1579.0,-4.254,1421.0,-6.72,1322.0,-10.14,1581.0,13.011,1396.0,-27.462,633.0
066900,디에이피,KOSDAQ,전자장비와기기,N,0.308,1821.0,-2.942,1166.0,-4.061,1031.0,-6.884,1304.0,9.115,1718.0,0.492,196.0
066910,손오공,KOSDAQ,레저용장비와제품,N,0.809,1705.0,-6.133,1803.0,-17.748,2312.0,-19.393,2206.0,2.342,2038.0,-52.21,1678.0
066970,엘앤에프,KOSPI,이차전지,U,5.49,691.0,-1.641,996.0,-15.381,2210.0,36.828,176.0,23.166,784.0,-65.894,2141.0
066980,한성크린텍,KOSDAQ,건설,N,5.12,746.0,-0.153,832.0,-7.695,1502.0,1.928,816.0,-15.486,2402.0,-5.719,236.0
067000,조이시티,KOSDAQ,게임,U,9.401,374.0,8.962,372.0,-5.229,1136.0,-10.627,1661.0,25.397,681.0,-72.896,2285.0
067010,이씨에스,KOSDAQ,IT서비스,N,1.289,1477.0,-6.962,1927.0,-6.321,1241.0,21.881,317.0,30.81,512.0,-15.684,366.0
067080,대화제약,KOSDAQ,제약바이오,U,2.487,1192.0,-1.237,948.0,0.088,756.0,15.103,429.0,38.797,356.0,-44.116,1300.0
067160,SOOP,KOSDAQ,엔터,U,0.542,1764.0,-5.746,1736.0,-10.815,1857.0,-25.721,2348.0,-12.374,2366.0,-64.0,2085.0
067170,오텍,KOSDAQ,기계,N,16.976,125.0,10.464,334.0,7.308,482.0,30.702,222.0,18.187,1021.0,25.742,112.0
067280,멀티캠퍼스,KOSDAQ,교육서비스,N,2.053,1296.0,7.952,406.0,4.297,562.0,-5.549,1206.0,24.264,728.0,-31.491,776.0
067290,JW신약,KOSDAQ,제약,N,-4.483,2377.0,-19.54,2481.0,-11.075,1886.0,42.774,139.0,111.605,23.0,27.937,106.0
067310,하나마이크론,KOSDAQ,소재,U,12.562,243.0,43.1,29.0,38.966,84.0,55.989,99.0,45.063,269.0,51.048,60.0
067370,선바이오,KOSDAQ,생물공학,N,-3.165,2315.0,-11.946,2330.0,-19.764,2374.0,-26.935,2368.0,-2.614,2197.0,-23.815,507.0
067390,아스트,KOSDAQ,항공,U,-5.959,2425.0,-9.754,2226.0,2.318,637.0,8.771,582.0,23.055,790.0,-45.942,1380.0
067570,엔브이에이치코리아,KOSDAQ,자동차부품,N,2.455,1201.0,-4.802,1570.0,-8.405,1590.0,-15.634,2016.0,2.252,2041.0,-49.837,1579.0
067630,HLB생명과학,KOSDAQ,제약바이오,U,37.54,11.0,33.246,45.0,27.678,149.0,54.607,102.0,27.411,610.0,-35.084,925.0
067730,로지시스,KOSDAQ,IT서비스,N,-0.716,2032.0,-7.372,1984.0,-9.186,1677.0,-8.027,1385.0,13.242,1349.0,-46.607,1421.0
067770,세진티에스,KOSDAQ,디스플레이장비및부품,N,-0.626,2012.0,-37.599,2529.0,-52.672,2532.0,-37.525,2463.0,-13.858,2379.0,-59.784,1962.0
067830,세이브존I&C,KOSPI,백화점과일반상점,N,1.09,1644.0,-8.647,2128.0,-10.103,1788.0,-10.576,1654.0,11.291,1561.0,-47.427,1465.0
067900,와이엔텍,KOSDAQ,해운사,N,3.324,1014.0,-5.087,1623.0,-7.718,1505.0,-9.292,1477.0,5.259,1934.0,-38.788,1067.0
067920,이글루,KOSDAQ,IT서비스,N,1.09,1517.0,-2.694,1117.0,2.405,634.0,-2.419,1016.0,30.211,525.0,-30.921,765.0
067990,도이치모터스,KOSDAQ,자동차,N,5.472,696.0,0.546,777.0,-1.64,870.0,-7.26,1337.0,9.099,1719.0,-41.277,1177.0
068050,팬엔터테인먼트,KOSDAQ,방송과엔터테인먼트,N,-1.204,2112.0,-7.534,1999.0,-9.755,1737.0,-7.186,1331.0,9.569,1691.0,-52.786,1707.0
068100,케이웨더,KOSDAQ,IT서비스,N,0.664,1737.0,-2.955,1168.0,-6.291,1238.0,-8.179,1394.0,22.613,813.0,-38.657,1064.0
068240,다원시스,KOSDAQ,기계,N,1.09,1580.0,-4.254,1422.0,-6.72,1323.0,-10.14,1582.0,13.011,1397.0,-27.462,634.0
068270,셀트리온,KOSPI,제약바이오,U,4.021,889.0,-1.206,943.0,-8.706,1627.0,-11.862,1774.0,16.82,1106.0,-33.192,846.0
068290,삼성출판사,KOSPI,출판,N,0.763,1712.0,-5.867,1761.0,-10.506,1827.0,-14.529,1950.0,8.623,1750.0,-58.301,1915.0
068330,일신바이오,KOSDAQ,생명과학도구및서비스,N,3.99,899.0,-7.906,2045.0,-12.747,2040.0,2.689,784.0,15.706,1179.0,-51.8,1665.0
068760,셀트리온제약,KOSDAQ,제약바이오,U,-0.575,2002.0,-5.285,1669.0,-13.403,2086.0,-18.054,2155.0,5.877,1905.0,-57.261,1886.0
068790,DMS,KOSDAQ,디스플레이장비및부품,N,5.765,656.0,11.054,322.0,16.333,303.0,-10.634,1662.0,45.796,262.0,-14.734,354.0
068930,디지털대성,KOSDAQ,개별주,U,-2.348,2247.0,0.61,770.0,1.071,700.0,5.446,674.0,43.025,295.0,-12.02,310.0
068940,셀피글로벌,KOSDAQ,상업서비스와공급품,N,1.09,1581.0,-4.254,1423.0,-6.72,1324.0,-10.14,1583.0,13.011,1398.0,-27.462,635.0
069080,웹젠,KOSDAQ,게임,U,4.627,807.0,0.769,763.0,-4.449,1060.0,-14.313,1938.0,15.104,1226.0,-28.224,689.0
069140,누리플랜,KOSDAQ,건설,N,3.21,1037.0,-8.081,2063.0,-12.889,2049.0,-12.007,1784.0,17.848,1043.0,-42.462,1232.0
069260,TKG휴켐스,KOSPI,정유화학,U,-0.206,1931.0,-6.635,1888.0,-7.772,1513.0,-3.682,1073.0,15.119,1222.0,-34.443,893.0
069330,유아이디,KOSDAQ,디스플레이장비및부품,N,-5.56,2410.0,-12.634,2356.0,-13.447,2089.0,-1.854,978.0,29.15,554.0,-27.462,601.0
069410,엔텔스,KOSDAQ,IT서비스,N,-0.285,1952.0,-10.772,2278.0,-13.412,2087.0,-17.86,2150.0,-10.347,2340.0,-74.057,2311.0
069460,대호에이엘,KOSPI,비철금속,N,1.09,1582.0,-4.254,1424.0,-6.72,1325.0,-10.14,1584.0,13.011,1399.0,-27.462,636.0
069510,에스텍,KOSDAQ,전자장비와기기,N,3.151,1049.0,-1.09,930.0,0.154,752.0,-4.029,1100.0,19.46,948.0,-36.94,988.0
069540,빛과전자,KOSDAQ,통신장비,N,10.543,325.0,-4.481,1518.0,52.412,49.0,87.613,29.0,140.519,9.0,11.559,149.0
069620,대웅제약,KOSPI,주사제,U,3.727,939.0,-4.162,1363.0,-18.888,2351.0,-21.952,2283.0,-5.218,2254.0,-54.454,1780.0
069640,한세엠케이,KOSPI,"섬유,의류,신발,호화품",N,6.679,568.0,-3.967,1325.0,-10.638,1836.0,-11.271,1724.0,77.096,78.0,-3.668,222.0
069730,DSR제강,KOSPI,철강,N,2.769,1127.0,-0.838,902.0,-10.089,1785.0,-10.868,1689.0,10.333,1639.0,-25.21,551.0
069920,엑시온그룹,KOSDAQ,건설,N,8.666,424.0,13.563,257.0,-9.6,1714.0,12.72,489.0,99.853,34.0,-67.651,2183.0
069960,현대백화점,KOSPI,유통,U,-6.794,2441.0,-13.642,2392.0,-10.927,1875.0,-35.14,2448.0,-36.677,2499.0,-8.586,264.0
070300,퀀텀레일,KOSDAQ,핸드셋,N,-57.157,2549.0,-64.737,2547.0,-66.786,2541.0,-68.097,2528.0,-55.062,2525.0,-94.688,2471.0
070590,인티큐브,KOSDAQ,IT서비스,N,2.741,1134.0,-0.648,884.0,7.06,490.0,15.957,414.0,44.896,270.0,-16.207,374.0
070960,모나용평,KOSPI,호텔레저,U,-0.142,1921.0,-1.749,1004.0,-9.626,1718.0,-16.229,2053.0,-2.031,2176.0,-60.18,1968.0
071050,한국금융지주,KOSPI,증권,U,-1.7,2174.0,-7.304,1971.0,-8.985,1655.0,-20.658,2237.0,-14.363,2388.0,-42.391,1224.0
071090,하이스틸,KOSPI,철강,N,2.116,1280.0,5.46,494.0,5.862,511.0,6.838,635.0,25.777,668.0,-30.008,738.0
071200,인피니트헬스케어,KOSDAQ,건강관리기술,N,0.244,1838.0,-14.1,2402.0,19.031,253.0,14.408,446.0,85.873,57.0,65.619,45.0
071280,로체시스템즈,KOSDAQ,반도체와반도체장비,N,8.437,438.0,21.037,156.0,23.491,187.0,23.711,293.0,38.484,359.0,-12.221,313.0
071320,지역난방공사,KOSPI,유틸리티,U,2.752,1131.0,3.909,564.0,0.279,745.0,13.692,463.0,29.58,542.0,-13.073,326.0
071670,에이테크솔루션,KOSDAQ,기계,N,9.143,394.0,2.065,680.0,0.785,722.0,-6.624,1285.0,11.708,1534.0,-62.67,2054.0
071840,롯데하이마트,KOSPI,유통,U,1.426,1446.0,-5.411,1684.0,-13.283,2081.0,-16.556,2068.0,7.632,1823.0,-49.292,1553.0
071850,캐스텍코리아,KOSDAQ,자동차부품,N,2.312,1240.0,-1.863,1019.0,-11.838,1956.0,-16.049,2042.0,-1.096,2141.0,-45.319,1354.0
071950,코아스,KOSPI,가구,N,-7.281,2452.0,-20.613,2490.0,-13.997,2130.0,-30.772,2414.0,4.129,1978.0,-18.365,403.0
071970,HD현대마린엔진,KOSPI,조선,U,1.294,1476.0,-3.536,1244.0,-6.414,1253.0,-16.794,2086.0,-9.299,2323.0,-62.429,2044.0
072020,중앙백신,KOSDAQ,제약,N,1.199,1512.0,-4.145,1359.0,-8.119,1550.0,-10.898,1693.0,9.028,1728.0,-27.243,598.0
072130,유엔젤,KOSPI,IT서비스,N,1.616,1391.0,-7.786,2030.0,-7.033,1412.0,-12.489,1827.0,4.059,1981.0,-35.005,922.0
072470,우리산업홀딩스,KOSDAQ,자동차부품,N,0.255,1834.0,-2.541,1100.0,-8.172,1557.0,-11.999,1783.0,10.95,1591.0,-56.777,1863.0
072710,농심홀딩스,KOSPI,지주,U,0.09,1870.0,-5.801,1746.0,-12.134,1980.0,-10.587,1655.0,11.139,1577.0,-30.403,747.0
072770,멤레이비티,KOSDAQ,IT서비스,N,-18.49,2525.0,-23.194,2501.0,-41.335,2519.0,-32.573,2430.0,-6.779,2280.0,-83.27,2411.0
072870,메가스터디,KOSDAQ,교육서비스,N,0.634,1744.0,-4.254,1375.0,-9.103,1672.0,-8.669,1429.0,11.583,1542.0,-19.649,422.0
072950,빛샘전자,KOSDAQ,전자장비와기기,N,22.569,67.0,23.241,124.0,97.664,5.0,118.035,12.0,137.037,11.0,116.182,31.0
072990,에이치시티,KOSDAQ,전자장비와기기,N,1.736,1364.0,-1.279,955.0,-5.584,1171.0,-21.14,2257.0,8.858,1738.0,-57.146,1876.0
073010,케이에스피,KOSDAQ,조선,U,0.188,1849.0,-7.056,1940.0,14.867,329.0,14.671,440.0,22.117,835.0,-31.257,771.0
073110,엘엠에스,KOSDAQ,디스플레이장비및부품,N,3.035,1075.0,-3.29,1214.0,-2.958,950.0,-3.419,1060.0,14.957,1233.0,-25.714,560.0
073190,듀오백,KOSDAQ,가구,N,1.09,1583.0,-4.254,1425.0,-6.72,1326.0,25.366,278.0,139.232,10.0,5.055,171.0
073240,금호타이어,KOSPI,자동차,U,5.656,668.0,-6.53,1875.0,-10.367,1810.0,-11.716,1760.0,24.537,714.0,-9.623,277.0
073490,LIG아큐버,KOSDAQ,통신,U,11.262,299.0,7.139,432.0,13.416,352.0,2.5,795.0,54.094,184.0,-40.117,1133.0
073540,에프알텍,KOSDAQ,통신장비,N,4.138,876.0,-0.215,840.0,14.58,333.0,8.241,590.0,28.61,574.0,-28.739,699.0
073560,우리손에프앤지,KOSDAQ,식품,N,-0.283,1950.0,-6.141,1807.0,-7.379,1462.0,-8.932,1445.0,10.176,1651.0,-34.605,900.0
073570,리튬포어스,KOSDAQ,핸드셋,N,41.229,9.0,49.906,20.0,74.77,13.0,81.606,36.0,100.706,32.0,-6.826,243.0
073640,테라사이언스,KOSDAQ,기계,N,1.09,1584.0,-4.254,1426.0,-6.72,1327.0,-10.14,1585.0,13.011,1400.0,-27.462,637.0
074430,아미노로직스,KOSDAQ,제약,N,-2.003,2214.0,-0.647,883.0,-19.093,2361.0,-9.458,1496.0,11.488,1550.0,-54.387,1778.0
074600,원익QnC,KOSDAQ,소재,U,10.767,314.0,15.598,227.0,20.445,233.0,10.834,531.0,16.703,1115.0,-20.153,429.0
074610,이엔플러스,KOSPI,기계,N,1.09,1585.0,-4.254,1427.0,-6.72,1328.0,-10.14,1586.0,13.011,1401.0,-27.462,638.0
075130,플랜티넷,KOSDAQ,소프트웨어,N,-1.214,2115.0,-9.187,2173.0,-4.057,1030.0,-11.764,1763.0,23.313,775.0,-30.658,759.0
075180,새론오토모티브,KOSPI,자동차부품,N,-0.096,1912.0,-5.774,1741.0,-7.739,1510.0,-11.66,1755.0,11.993,1510.0,-32.665,824.0
075580,세진중공업,KOSPI,조선,U,1.692,1373.0,-4.054,1338.0,-5.303,1147.0,-14.529,1951.0,-11.763,2353.0,-67.245,2175.0
075970,동국알앤에스,KOSDAQ,비철금속,N,3.725,940.0,-2.43,1089.0,-3.833,1008.0,-5.908,1227.0,10.793,1604.0,-49.735,1572.0
076080,웰크론한텍,KOSDAQ,건설,N,-8.645,2473.0,-13.988,2398.0,-12.363,1997.0,-1.629,966.0,17.627,1060.0,-41.819,1196.0
076610,해성옵틱스,KOSDAQ,핸드셋,N,2.96,1089.0,-10.097,2245.0,-12.018,1972.0,-6.61,1283.0,23.972,744.0,-43.652,1276.0
077360,덕산하이메탈,KOSDAQ,소재,U,8.015,465.0,27.547,78.0,34.486,103.0,39.169,161.0,60.906,142.0,-8.495,263.0
077500,유니퀘스트,KOSPI,반도체와반도체장비,N,14.256,185.0,37.243,37.0,30.664,129.0,92.985,25.0,87.508,53.0,50.926,61.0
077970,STX엔진,KOSPI,조선,U,4.279,857.0,-4.693,1558.0,-9.091,1670.0,-17.312,2116.0,-8.885,2319.0,-62.188,2033.0
078000,텔코웨어,KOSPI,소프트웨어,N,2.44,1207.0,-3.358,1224.0,-6.423,1255.0,-2.319,1006.0,17.659,1057.0,-46.418,1407.0
078020,LS증권,KOSDAQ,증권,U,0.631,1745.0,-2.213,1058.0,-8.235,1567.0,-5.973,1233.0,8.459,1757.0,-33.259,848.0
078070,유비쿼스홀딩스,KOSDAQ,통신장비,N,5.651,670.0,3.883,568.0,1.929,655.0,-6.407,1264.0,25.527,676.0,-66.814,2163.0
078130,국일제지,KOSDAQ,종이와목재,N,7.107,527.0,1.915,687.0,-2.787,936.0,-9.46,1497.0,8.372,1768.0,6.486,164.0
078140,대봉엘에스,KOSDAQ,화장품,U,3.8,932.0,-0.702,889.0,-10.892,1870.0,-15.978,2034.0,13.276,1347.0,-51.434,1646.0
078150,HB테크놀러지,KOSDAQ,디스플레이장비및부품,N,15.73,147.0,8.981,371.0,16.743,292.0,8.994,570.0,23.011,795.0,-17.723,396.0
078160,메디포스트,KOSDAQ,제약바이오,U,9.34,380.0,7.742,415.0,4.761,545.0,-11.661,1756.0,19.016,972.0,-77.946,2364.0
078340,컴투스,KOSDAQ,게임,U,8.386,443.0,6.529,454.0,3.412,595.0,7.785,608.0,56.415,171.0,-10.639,290.0
078350,한양디지텍,KOSDAQ,소재,U,31.289,22.0,97.88,3.0,77.047,12.0,80.135,37.0,87.346,54.0,8.644,157.0
078520,에이블씨엔씨,KOSPI,화장품,U,4.604,812.0,4.746,528.0,-12.429,2006.0,-10.323,1634.0,18.837,982.0,-33.089,839.0
078590,휴림에이텍,KOSDAQ,자동차부품,N,-6.733,2440.0,-12.077,2337.0,-18.59,2340.0,-32.378,2429.0,38.185,363.0,-83.543,2414.0
078600,대주전자재료,KOSDAQ,이차전지,U,26.728,43.0,20.086,166.0,22.208,208.0,16.973,388.0,39.53,340.0,-31.959,793.0
078860,아이오케이이엔엠,KOSDAQ,방송과엔터테인먼트,N,8.127,462.0,8.417,390.0,4.434,559.0,-15.695,2019.0,18.102,1024.0,-62.614,2050.0
078890,가온그룹,KOSDAQ,전자제품,N,6.946,545.0,1.721,705.0,7.081,488.0,0.448,877.0,11.647,1538.0,-40.101,1131.0
078930,GS,KOSPI,정유화학,U,-2.794,2293.0,-9.254,2182.0,-18.053,2322.0,-0.336,903.0,49.247,225.0,37.244,84.0
079000,와토스코리아,KOSDAQ,건축제품,N,-3.413,2331.0,-13.103,2375.0,-16.82,2283.0,-24.307,2323.0,-9.876,2330.0,-86.681,2434.0
079160,CJ CGV,KOSPI,엔터,U,-2.675,2283.0,-11.939,2329.0,-12.486,2011.0,-14.09,1928.0,23.056,789.0,-19.327,418.0
079170,한창산업,KOSDAQ,비철금속,N,-1.712,2175.0,-14.593,2412.0,-10.03,1778.0,0.86,857.0,31.096,507.0,-40.198,1138.0
079190,케스피온,KOSDAQ,핸드셋,N,11.097,303.0,2.774,634.0,25.11,166.0,30.437,224.0,45.92,259.0,-37.65,1022.0
079370,제우스,KOSDAQ,반도체 장비,U,11.985,268.0,37.115,38.0,36.352,92.0,49.078,116.0,61.604,138.0,-29.524,726.0
079430,현대리바트,KOSPI,개별주,U,1.269,1487.0,-6.177,1818.0,-13.376,2085.0,-13.081,1873.0,6.981,1854.0,-42.846,1245.0
079550,LIG디펜스앤에어로스페이스,KOSPI,방산,U,11.206,301.0,10.161,340.0,9.616,428.0,-15.009,1983.0,6.508,1875.0,-35.321,932.0
079650,서산,KOSDAQ,건축자재,N,-9.166,2481.0,-19.018,2473.0,-24.246,2445.0,20.093,349.0,65.392,120.0,260.082,6.0
079810,APS이노베이션,KOSDAQ,전기제품,N,5.034,756.0,-5.06,1619.0,-9.487,1703.0,7.751,613.0,35.197,416.0,-45.187,1350.0
079900,전진건설로봇,KOSPI,건설,U,-3.875,2348.0,-1.441,973.0,0.91,707.0,13.552,466.0,19.926,924.0,-58.151,1908.0
079940,가비아,KOSDAQ,IT SW,U,-3.868,2347.0,1.108,742.0,-18.702,2344.0,-25.986,2350.0,40.609,324.0,20.005,122.0
079950,인베니아,KOSDAQ,디스플레이장비및부품,N,28.238,34.0,2.605,645.0,11.585,389.0,16.899,392.0,75.649,80.0,28.328,105.0
079960,동양이엔피,KOSDAQ,전기제품,N,3.431,990.0,-3.901,1311.0,-13.039,2061.0,-26.561,2362.0,-4.422,2231.0,-64.662,2108.0
079970,투비소프트,KOSDAQ,소프트웨어,N,1.09,1586.0,-4.254,1428.0,-6.72,1329.0,-10.14,1587.0,13.011,1402.0,-27.462,639.0
079980,휴비스,KOSPI,"섬유,의류,신발,호화품",N,2.352,1229.0,-3.469,1239.0,-10.082,1784.0,-13.695,1906.0,16.006,1159.0,-67.086,2167.0
080010,이상네트웍스,KOSDAQ,다각화된소비자서비스,N,-0.905,2064.0,-6.379,1848.0,-6.991,1405.0,-17.668,2138.0,19.207,966.0,-13.375,333.0
080160,모두투어,KOSDAQ,호텔레저,U,-0.715,2030.0,-19.342,2479.0,-15.953,2234.0,-17.728,2145.0,10.039,1662.0,-52.873,1712.0
080220,제주반도체,KOSDAQ,로직,U,20.162,90.0,24.977,109.0,20.553,229.0,21.86,318.0,16.483,1126.0,116.338,30.0
080420,모다이노칩,KOSDAQ,전문소매,N,-1.584,2163.0,-9.52,2199.0,-11.583,1928.0,-12.388,1817.0,26.253,656.0,-48.181,1502.0
080470,성창오토텍,KOSDAQ,자동차부품,N,1.462,1436.0,-3.694,1273.0,-15.979,2237.0,-19.246,2197.0,1.517,2062.0,-58.448,1923.0
080520,오디텍,KOSDAQ,반도체와반도체장비,N,-0.285,1951.0,-1.202,941.0,-1.011,831.0,-16.042,2041.0,13.361,1343.0,-49.366,1559.0
080530,코디,KOSDAQ,화장품,U,-1.699,2173.0,-6.654,1891.0,-7.734,1509.0,8.02,600.0,19.098,969.0,-48.398,1514.0
080580,오킨스전자,KOSDAQ,후공정/테스트,U,18.796,103.0,28.099,69.0,43.588,68.0,137.952,6.0,120.458,19.0,38.826,79.0
080720,한국유니온제약,KOSDAQ,제약,N,1.09,1587.0,-4.254,1429.0,-6.72,1330.0,-21.7,2270.0,1.452,2064.0,-39.021,1079.0
081000,일진다이아,KOSPI,비철금속,N,3.916,912.0,-4.148,1360.0,-7.036,1413.0,-0.012,893.0,16.174,1149.0,-53.091,1721.0
081150,티플랙스,KOSDAQ,비철금속,N,1.09,1588.0,-4.636,1548.0,-8.971,1653.0,-10.331,1635.0,7.395,1834.0,-51.403,1644.0
081180,쎄크,KOSDAQ,전자장비와기기,N,13.506,203.0,10.472,333.0,29.875,136.0,10.799,532.0,22.489,823.0,-68.379,2203.0
081580,성우전자,KOSDAQ,핸드셋,N,3.616,955.0,2.078,678.0,0.549,731.0,-8.043,1386.0,15.754,1178.0,-46.295,1398.0
081660,미스토홀딩스,KOSPI,의류,U,4.269,860.0,-5.144,1639.0,-12.524,2018.0,-22.415,2288.0,-1.759,2168.0,-33.719,865.0
082210,옵트론텍,KOSDAQ,휴대폰 부품,U,2.103,1282.0,-0.015,823.0,-1.872,881.0,-21.716,2271.0,15.0,1232.0,-32.589,821.0
082270,젬백스,KOSDAQ,제약바이오,U,5.491,690.0,3.684,584.0,-0.832,815.0,-18.521,2177.0,11.163,1573.0,-87.136,2438.0
082740,한화엔진,KOSPI,조선,U,3.191,1039.0,-3.109,1187.0,2.127,648.0,9.124,567.0,4.883,1951.0,-17.382,392.0
082800,비보존 제약,KOSDAQ,제약바이오,U,7.183,523.0,-1.297,958.0,-10.772,1850.0,8.26,588.0,14.905,1241.0,-28.133,685.0
082850,우리바이오,KOSDAQ,디스플레이장비및부품,N,1.977,1303.0,-7.958,2049.0,-28.675,2473.0,-37.217,2460.0,-29.701,2480.0,-89.27,2446.0
082920,비츠로셀,KOSDAQ,에너지,U,7.374,508.0,1.839,699.0,3.728,585.0,-14.656,1958.0,-4.766,2242.0,-49.464,1564.0
083310,엘오티베큠,KOSDAQ,반도체 장비,U,17.306,120.0,30.261,55.0,30.223,133.0,46.986,122.0,49.375,224.0,-19.058,412.0
083420,그린케미칼,KOSPI,화학,N,2.492,1191.0,-4.254,1369.0,-9.613,1715.0,-14.805,1969.0,16.764,1112.0,-45.864,1377.0
083450,GST,KOSDAQ,반도체 장비,U,9.922,348.0,11.263,313.0,13.865,342.0,7.404,623.0,27.054,622.0,70.324,42.0
083470,이엠앤아이,KOSDAQ,디스플레이장비및부품,N,-2.066,2219.0,0.452,783.0,-8.378,1582.0,-16.06,2043.0,18.964,976.0,-52.922,1713.0
083500,에프엔에스테크,KOSDAQ,디스플레이,U,20.598,84.0,30.0,60.0,20.616,227.0,7.063,632.0,12.195,1496.0,-32.292,807.0
083550,케이엠,KOSDAQ,"섬유,의류,신발,호화품",N,0.639,1742.0,-3.185,1204.0,-5.805,1191.0,14.766,438.0,38.153,367.0,-34.745,909.0
083640,인콘,KOSDAQ,전자장비와기기,N,-1.512,2156.0,-6.856,1914.0,-14.79,2172.0,-24.805,2335.0,-1.214,2147.0,-64.461,2100.0
083650,비에이치아이,KOSDAQ,원전,U,0.422,1790.0,-10.108,2246.0,-6.888,1386.0,9.218,565.0,27.876,590.0,-61.203,2003.0
083660,CSA 코스믹,KOSDAQ,화장품,N,-8.36,2468.0,-12.576,2351.0,-21.932,2420.0,-39.457,2470.0,-13.758,2378.0,-66.573,2154.0
083790,CG인바이츠,KOSDAQ,생명과학도구및서비스,N,-2.537,2264.0,-7.681,2020.0,3.731,584.0,-2.0,987.0,6.951,1857.0,-57.22,1880.0
083930,아바코,KOSDAQ,이차전지,U,5.549,683.0,3.497,595.0,4.148,569.0,7.644,617.0,28.011,587.0,-30.527,752.0
084010,대한제강,KOSPI,철강,U,12.257,256.0,1.035,749.0,-4.741,1089.0,-1.992,986.0,23.617,760.0,-44.664,1320.0
084110,휴온스글로벌,KOSDAQ,지주,U,6.959,542.0,-2.906,1155.0,-14.679,2169.0,-19.212,2195.0,0.755,2089.0,-84.013,2420.0
084370,유진테크,KOSDAQ,반도체 장비,U,9.158,392.0,21.672,146.0,25.714,160.0,39.184,160.0,25.265,687.0,19.749,123.0
084440,유비온,KOSDAQ,교육서비스,N,-1.213,2114.0,-12.044,2336.0,-14.51,2153.0,-14.241,1934.0,39.049,350.0,-22.23,473.0
084650,랩지노믹스,KOSDAQ,생명과학도구및서비스,N,-8.141,2464.0,-13.485,2384.0,-15.951,2233.0,-49.708,2499.0,-17.593,2421.0,-90.292,2450.0
084670,동양고속,KOSPI,도로와철도운송,N,-1.658,2170.0,-6.381,1849.0,-9.674,1728.0,-10.573,1653.0,-5.717,2265.0,-68.107,2193.0
084680,이월드,KOSPI,엔터,U,1.09,1589.0,-4.254,1430.0,-16.397,2265.0,-11.255,1723.0,-35.488,2494.0,-95.51,2478.0
084690,대상홀딩스,KOSPI,음식료,U,2.122,1278.0,-5.887,1763.0,-8.353,1580.0,-7.787,1371.0,13.525,1329.0,-37.254,1000.0
084730,팅크웨어,KOSDAQ,전자제품,N,7.492,499.0,2.311,664.0,-1.441,861.0,-0.564,916.0,28.193,584.0,-42.34,1221.0
084850,아이티엠반도체,KOSDAQ,이차전지,U,2.446,1204.0,-3.395,1229.0,-11.91,1964.0,-8.784,1436.0,-0.371,2119.0,-55.859,1838.0
084870,TBH글로벌,KOSPI,"섬유,의류,신발,호화품",N,-0.261,1942.0,-5.605,1715.0,-10.878,1867.0,-1.455,958.0,26.014,665.0,-23.916,509.0
084990,헬릭스미스,KOSDAQ,제약바이오,U,24.462,53.0,22.071,141.0,18.747,258.0,1.155,848.0,4.133,1977.0,-79.412,2382.0
085310,엔케이,KOSPI,조선,N,1.885,1322.0,-5.589,1713.0,-10.516,1828.0,-6.76,1294.0,14.615,1260.0,-33.64,861.0
085620,미래에셋생명,KOSPI,보험,U,2.022,1301.0,-3.635,1266.0,-11.366,1914.0,18.319,368.0,14.152,1284.0,-7.017,245.0
085660,차바이오텍,KOSDAQ,제약바이오,U,7.371,509.0,3.792,575.0,-0.97,827.0,-21.087,2254.0,-6.263,2273.0,-78.361,2370.0
085670,뉴프렉스,KOSDAQ,전자장비와기기,N,20.414,86.0,24.169,115.0,18.027,266.0,13.981,457.0,21.503,861.0,-55.798,1832.0
085810,알티캐스트,KOSDAQ,건설,N,-1.026,2083.0,-9.25,2179.0,-20.455,2392.0,-26.374,2356.0,2.56,2029.0,-71.153,2257.0
085910,네오티스,KOSDAQ,MLCC/기판,U,3.968,901.0,25.943,96.0,8.525,457.0,-11.632,1753.0,13.953,1297.0,-46.518,1417.0
086040,바이오톡스텍,KOSDAQ,생명과학도구및서비스,N,2.652,1152.0,-5.125,1633.0,-14.986,2184.0,-6.965,1314.0,16.42,1131.0,-53.478,1736.0
086060,진바이오텍,KOSDAQ,제약,N,5.917,641.0,2.591,646.0,0.125,753.0,-5.86,1222.0,25.511,678.0,-21.298,450.0
086280,현대글로비스,KOSPI,자동차,U,3.426,993.0,-3.755,1285.0,-3.387,975.0,-9.39,1486.0,15.452,1202.0,-30.587,756.0
086390,유니테스트,KOSDAQ,반도체 장비,U,15.376,150.0,26.33,90.0,33.372,109.0,65.786,68.0,44.046,280.0,-27.92,682.0
086450,동국제약,KOSDAQ,제약바이오,U,7.647,487.0,4.859,525.0,-2.601,926.0,14.654,441.0,31.997,472.0,-48.469,1518.0
086520,에코프로,KOSDAQ,이차전지,U,12.076,263.0,3.897,566.0,1.695,665.0,-1.725,974.0,16.988,1092.0,-66.067,2143.0
086670,비엠티,KOSDAQ,소재,U,-0.826,2048.0,9.568,356.0,7.929,466.0,9.13,566.0,34.656,424.0,3.884,179.0
086710,선진뷰티사이언스,KOSDAQ,화장품,U,3.446,985.0,-0.985,915.0,-15.393,2211.0,-19.409,2208.0,5.802,1907.0,-53.051,1719.0
086790,하나금융지주,KOSPI,은행,U,-1.915,2207.0,-9.813,2229.0,-11.02,1881.0,-8.964,1451.0,16.457,1129.0,-11.365,303.0
086820,바이오솔루션,KOSDAQ,제약바이오,U,5.941,637.0,-2.739,1122.0,0.824,714.0,0.787,862.0,26.379,653.0,-67.48,2180.0
086890,이수앱지스,KOSDAQ,제약바이오,U,10.168,335.0,3.752,577.0,0.983,705.0,5.848,660.0,21.627,854.0,-41.251,1175.0
086900,메디톡스,KOSDAQ,주사제,U,-0.097,1913.0,-6.024,1786.0,-13.181,2070.0,-23.534,2308.0,0.528,2096.0,-59.224,1945.0
086960,MDS테크,KOSDAQ,소프트웨어,N,16.738,128.0,17.09,204.0,15.502,319.0,10.4,541.0,26.713,633.0,-47.835,1486.0
086980,쇼박스,KOSDAQ,방송과엔터테인먼트,N,-1.988,2211.0,-12.322,2340.0,-17.211,2295.0,-24.82,2336.0,-1.668,2164.0,-59.138,1943.0
087010,펩트론,KOSDAQ,제약바이오,U,-9.907,2489.0,-15.858,2437.0,-24.498,2446.0,-35.629,2454.0,-17.996,2426.0,-80.879,2398.0
087260,모바일어플라이언스,KOSDAQ,자동차부품,N,1.09,1590.0,-4.254,1431.0,-6.72,1331.0,-10.14,1588.0,18.118,1023.0,-114.475,2525.0
087600,픽셀플러스,KOSDAQ,반도체와반도체장비,N,-3.438,2334.0,-9.26,2183.0,-11.248,1902.0,-15.737,2023.0,9.209,1713.0,-65.146,2121.0
088130,동아엘텍,KOSDAQ,디스플레이장비및부품,N,5.43,703.0,-2.669,1110.0,-0.654,808.0,-1.066,944.0,25.927,666.0,-46.194,1394.0
088280,쏘닉스,KOSDAQ,핸드셋,N,2.983,1085.0,5.052,517.0,28.71,143.0,20.629,338.0,30.253,522.0,-48.681,1529.0
088290,이원컴포텍,KOSDAQ,자동차부품,N,18.299,110.0,6.759,447.0,-6.521,1265.0,-13.03,1865.0,10.309,1642.0,32.524,94.0
088340,유라클,KOSDAQ,소프트웨어,N,-3.232,2319.0,-12.012,2332.0,-13.134,2067.0,-15.029,1987.0,5.652,1915.0,-68.832,2214.0
088350,한화생명,KOSPI,보험,U,-4.406,2373.0,-12.987,2371.0,-14.346,2142.0,13.526,470.0,31.456,493.0,-6.325,241.0
088390,이녹스,KOSDAQ,레저용장비와제품,N,2.942,1093.0,-2.276,1070.0,-5.617,1175.0,4.285,719.0,21.137,878.0,-54.128,1769.0
088790,진도,KOSPI,"섬유,의류,신발,호화품",N,2.524,1184.0,2.658,642.0,-4.023,1026.0,-2.765,1027.0,17.003,1089.0,-34.591,898.0
088800,에이스테크,KOSDAQ,통신장비,N,9.707,363.0,-6.499,1867.0,28.134,147.0,22.916,306.0,42.471,302.0,-62.993,2061.0
088910,동우팜투테이블,KOSDAQ,식품,N,-0.518,1991.0,-8.273,2088.0,-11.672,1935.0,-18.43,2172.0,-1.673,2166.0,-45.02,1337.0
089010,켐트로닉스,KOSDAQ,소재,U,20.706,82.0,23.828,116.0,23.442,189.0,21.55,321.0,34.703,423.0,-22.992,487.0
089030,테크윙,KOSDAQ,반도체 장비,U,12.789,232.0,16.141,217.0,9.225,441.0,3.997,728.0,32.1,469.0,-10.901,294.0
089140,넥스턴앤롤코리아,KOSDAQ,기계,N,3.703,943.0,-0.157,834.0,-4.833,1097.0,-14.986,1980.0,6.924,1859.0,-25.092,547.0
089150,케이씨티,KOSDAQ,컴퓨터와주변기기,N,1.397,1454.0,-5.164,1646.0,-19.905,2378.0,-15.583,2012.0,-2.509,2192.0,-80.536,2393.0
089230,THE E&M,KOSDAQ,양방향미디어와서비스,N,-12.181,2507.0,-2.555,1101.0,-16.841,2286.0,-3.901,1090.0,36.827,382.0,-39.915,1121.0
089470,HDC현대EP,KOSPI,자동차부품,N,2.559,1176.0,-6.818,1910.0,-10.518,1829.0,-18.574,2178.0,10.198,1650.0,-49.111,1545.0
089590,제주항공,KOSPI,항공,U,0.426,1787.0,-6.541,1876.0,-4.672,1084.0,-4.858,1154.0,10.83,1600.0,-38.825,1068.0
089600,KT나스미디어,KOSDAQ,개별주,U,-0.377,1968.0,-8.832,2141.0,-16.832,2284.0,7.011,634.0,32.007,471.0,-20.66,437.0
089790,제이티,KOSDAQ,반도체와반도체장비,N,13.444,204.0,26.173,93.0,22.703,198.0,58.743,88.0,64.93,124.0,4.499,174.0
089850,유비벨록스,KOSDAQ,전자제품,N,5.817,651.0,-0.157,833.0,0.743,726.0,-9.558,1505.0,15.869,1171.0,-42.422,1228.0
089860,롯데렌탈,KOSPI,유통,U,5.017,759.0,2.911,625.0,-4.542,1066.0,20.825,334.0,76.561,79.0,39.799,77.0
089890,코세스,KOSDAQ,후공정/테스트,U,26.908,42.0,26.282,91.0,60.94,29.0,61.86,81.0,47.14,244.0,49.108,64.0
089970,브이엠,KOSDAQ,반도체 장비,U,7.019,535.0,23.106,128.0,11.739,386.0,-11.336,1731.0,-19.054,2433.0,40.518,76.0
089980,상아프론테크,KOSDAQ,이차전지,U,8.787,417.0,6.775,445.0,5.593,522.0,13.346,475.0,21.061,883.0,-54.73,1793.0
090080,평화산업,KOSPI,자동차부품,N,1.89,1320.0,-3.655,1269.0,-3.335,970.0,-10.041,1541.0,31.46,492.0,-18.958,410.0
090150,아이윈,KOSDAQ,자동차부품,N,3.124,1055.0,-7.313,1975.0,-8.834,1643.0,5.629,668.0,29.246,550.0,-53.964,1758.0
090350,노루페인트,KOSPI,건축자재,N,4.936,770.0,-2.239,1064.0,-4.576,1069.0,-3.98,1094.0,21.59,857.0,-29.28,719.0
090360,로보스타,KOSDAQ,기계,N,1.47,1434.0,-0.999,919.0,2.962,617.0,3.47,746.0,16.807,1107.0,15.421,136.0
090370,메타랩스,KOSPI,상업서비스와공급품,N,1.259,1492.0,-5.749,1738.0,-4.479,1064.0,0.701,866.0,18.999,973.0,-42.444,1230.0
090410,덕신이피씨,KOSDAQ,건축자재,N,-0.372,1966.0,-8.786,2137.0,-20.088,2384.0,-19.39,2205.0,-10.127,2336.0,-72.033,2271.0
090430,아모레퍼시픽,KOSPI,화장품,U,-5.787,2418.0,-12.483,2346.0,-13.466,2091.0,-9.533,1501.0,22.319,829.0,-23.546,501.0
090460,비에이치,KOSPI,휴대폰 부품,U,3.806,930.0,6.798,444.0,-4.004,1025.0,26.702,267.0,20.505,903.0,-27.221,597.0
090470,제이스로보틱스,KOSDAQ,전자장비와기기,N,-3.165,2314.0,-9.628,2212.0,-24.902,2450.0,-16.498,2066.0,12.398,1477.0,-73.245,2297.0
090710,휴림로봇,KOSDAQ,로봇,U,2.986,1084.0,1.658,707.0,-1.671,873.0,-18.909,2187.0,1.61,2059.0,-65.442,2127.0
090850,현대이지웰,KOSDAQ,상업서비스와공급품,N,0.887,1689.0,-5.95,1774.0,-7.225,1440.0,-27.92,2383.0,5.067,1940.0,-43.561,1273.0
091120,이엠텍,KOSDAQ,핸드셋,N,20.138,91.0,11.791,302.0,14.716,332.0,33.79,194.0,59.136,153.0,-33.045,838.0
091340,S&K폴리텍,KOSDAQ,전자장비와기기,N,7.102,528.0,2.399,657.0,3.949,580.0,23.513,297.0,34.621,426.0,-22.709,484.0
091440,한울소재과학,KOSDAQ,통신장비,N,-8.457,2469.0,-0.735,893.0,-3.202,957.0,-10.318,1633.0,23.486,767.0,-33.67,864.0
091580,상신이디피,KOSDAQ,이차전지,U,6.777,561.0,-6.016,1782.0,-0.022,764.0,48.579,117.0,57.817,165.0,-31.754,784.0
091590,남화토건,KOSDAQ,건설,N,3.117,1058.0,-10.61,2272.0,-31.502,2485.0,27.917,255.0,-30.061,2483.0,29.625,102.0
091700,파트론,KOSDAQ,휴대폰 부품,U,0.898,1686.0,-5.204,1653.0,-9.88,1760.0,-15.585,2013.0,-0.155,2115.0,-61.177,2002.0
091810,트리니티항공,KOSPI,항공,U,1.09,1591.0,-7.256,1966.0,-13.567,2100.0,-20.981,2248.0,-9.802,2329.0,-64.416,2099.0
091970,LSK아이로봇,KOSDAQ,화학,N,-0.97,2075.0,-12.844,2366.0,-15.544,2221.0,-28.747,2391.0,31.45,494.0,-43.204,1257.0
092040,아미코젠,KOSDAQ,제약바이오,U,6.758,563.0,7.511,419.0,-4.337,1054.0,-29.815,2401.0,-5.538,2260.0,-64.97,2117.0
092070,디엔에프,KOSDAQ,반도체와반도체장비,N,14.27,184.0,25.308,105.0,15.954,310.0,3.563,739.0,18.587,998.0,-52.601,1701.0
092130,이크레더블,KOSDAQ,IT SW,U,1.583,1403.0,-4.533,1535.0,-7.691,1501.0,-10.21,1624.0,11.63,1540.0,-31.365,774.0
092190,서울바이오시스,KOSDAQ,디스플레이장비및부품,N,13.824,194.0,-1.406,970.0,0.78,723.0,63.514,75.0,53.229,189.0,142.091,15.0
092200,디아이씨,KOSPI,자동차부품,N,4.327,852.0,1.846,698.0,-6.195,1225.0,-0.807,929.0,38.889,355.0,-54.803,1797.0
092220,KEC,KOSPI,반도체와반도체장비,N,2.67,1145.0,2.735,635.0,11.915,380.0,14.231,451.0,6.743,1868.0,-59.544,1958.0
092230,KPX홀딩스,KOSPI,지주,U,1.929,1313.0,-4.358,1497.0,-9.551,1708.0,2.258,804.0,23.981,741.0,-9.692,278.0
092300,현우산업,KOSDAQ,전자장비와기기,N,10.614,321.0,4.148,554.0,-4.597,1073.0,0.299,882.0,12.261,1488.0,-39.295,1094.0
092440,기신정기,KOSPI,기계,N,0.009,1885.0,-7.786,2031.0,-15.448,2216.0,-12.122,1794.0,8.076,1788.0,-44.843,1327.0
092460,한라IMS,KOSDAQ,조선,U,4.342,847.0,-0.237,846.0,-7.369,1460.0,-14.786,1968.0,22.155,833.0,-13.36,332.0
092600,앤씨앤,KOSDAQ,전자제품,N,-13.002,2509.0,12.068,293.0,17.91,267.0,24.435,285.0,17.773,1046.0,-93.675,2461.0
092730,네오팜,KOSDAQ,화장품,U,-1.236,2119.0,1.953,684.0,-9.865,1755.0,5.36,679.0,39.241,346.0,8.661,156.0
092780,DYP,KOSPI,자동차부품,N,-1.452,2150.0,8.124,400.0,1.43,685.0,-1.307,952.0,12.578,1458.0,-45.805,1374.0
092790,넥스틸,KOSPI,철강,U,6.165,621.0,-3.177,1201.0,4.321,561.0,15.016,430.0,36.088,395.0,-26.89,594.0
092870,엑시콘,KOSDAQ,반도체 장비,U,23.558,59.0,60.121,12.0,62.684,24.0,253.874,3.0,216.007,4.0,79.625,38.0
093050,LF,KOSPI,의류,U,12.868,228.0,4.024,560.0,-1.958,886.0,0.615,871.0,14.479,1268.0,-28.686,698.0
093190,빅솔론,KOSDAQ,컴퓨터와주변기기,N,2.583,1169.0,-4.984,1605.0,-10.038,1781.0,-15.366,2004.0,13.011,1363.0,-16.893,383.0
093240,형지엘리트,KOSPI,"섬유,의류,신발,호화품",N,1.09,1592.0,-12.613,2353.0,-30.234,2479.0,-43.172,2488.0,-35.51,2495.0,-98.612,2488.0
093320,케이아이엔엑스,KOSDAQ,IT SW,U,-4.173,2366.0,-13.279,2380.0,-13.868,2120.0,-16.04,2040.0,13.65,1315.0,-5.369,232.0
093370,후성,KOSPI,이차전지,U,18.581,106.0,8.547,383.0,24.086,179.0,58.829,87.0,36.616,385.0,38.597,80.0
093380,풍강,KOSDAQ,자동차부품,N,-5.801,2420.0,-9.936,2234.0,-13.161,2068.0,1.376,839.0,29.678,540.0,-21.44,454.0
093520,매커스,KOSDAQ,로직,U,1.945,1308.0,7.489,422.0,7.621,472.0,21.851,319.0,87.053,55.0,9.429,155.0
093640,케이알엠,KOSDAQ,반도체와반도체장비,N,-0.274,1946.0,-2.961,1169.0,2.709,624.0,11.307,520.0,47.297,241.0,-14.481,346.0
093920,서원인텍,KOSDAQ,핸드셋,N,0.471,1778.0,-5.786,1743.0,-7.236,1442.0,-10.861,1686.0,11.883,1514.0,-32.016,796.0
094170,동운아나텍,KOSDAQ,휴대폰 부품,U,-1.104,2097.0,-4.254,1476.0,-20.43,2391.0,-13.569,1897.0,-4.554,2236.0,-29.116,712.0
094280,효성ITX,KOSPI,상업서비스와공급품,N,-0.073,1902.0,-4.922,1587.0,-8.047,1544.0,-11.793,1765.0,12.844,1442.0,-30.477,749.0
094360,칩스앤미디어,KOSDAQ,로직,U,11.39,291.0,20.021,167.0,17.435,273.0,12.944,481.0,14.432,1269.0,-43.255,1259.0
094480,갤럭시아머니트리,KOSDAQ,IT SW,U,7.565,497.0,9.812,349.0,-2.495,920.0,6.396,649.0,28.636,573.0,-50.778,1623.0
094800,맵스리얼티,KOSPI,부동산,N,3.431,991.0,-4.885,1581.0,2.283,640.0,18.036,373.0,52.798,192.0,-14.549,348.0
094820,일진파워,KOSDAQ,원전,U,3.632,953.0,-0.747,895.0,2.093,652.0,-2.393,1013.0,11.868,1518.0,-53.046,1718.0
094840,슈프리마에이치큐,KOSDAQ,전자장비와기기,N,6.646,571.0,4.318,547.0,-5.116,1123.0,-18.352,2168.0,23.845,755.0,43.27,71.0
094850,참좋은여행,KOSDAQ,"호텔,레스토랑,레저",N,-1.888,2200.0,-8.004,2057.0,-8.002,1541.0,-9.546,1504.0,5.277,1932.0,-42.931,1249.0
094860,네오리진,KOSDAQ,게임엔터테인먼트,N,14.457,178.0,-0.621,882.0,2.924,619.0,13.403,472.0,23.271,780.0,-18.428,404.0
094940,푸른로보틱스,KOSDAQ,컴퓨터와주변기기,N,2.061,1292.0,-1.622,992.0,-17.065,2291.0,-6.485,1276.0,25.242,690.0,-59.265,1947.0
094970,제이엠티,KOSDAQ,디스플레이장비및부품,N,9.158,393.0,2.413,655.0,-2.372,911.0,-16.633,2073.0,19.876,927.0,-38.298,1048.0
095190,신화프리텍,KOSDAQ,기계,N,3.003,1081.0,-5.681,1724.0,-4.64,1080.0,-12.24,1805.0,5.567,1920.0,-48.935,1542.0
095270,웨이브일렉트로,KOSDAQ,우주항공과국방,N,10.619,320.0,5.276,508.0,9.947,419.0,-0.352,904.0,41.78,309.0,-43.588,1274.0
095340,ISC,KOSDAQ,후공정/테스트,U,-1.969,2209.0,3.094,610.0,14.101,340.0,46.514,123.0,47.916,237.0,-41.269,1176.0
095500,미래나노텍,KOSDAQ,디스플레이,U,12.01,266.0,3.473,597.0,-2.161,903.0,-6.193,1253.0,2.221,2042.0,-49.842,1581.0
095570,AJ네트웍스,KOSPI,개별주,U,1.207,1509.0,-0.505,864.0,-6.486,1261.0,-7.015,1320.0,13.48,1336.0,-43.836,1286.0
095610,테스,KOSDAQ,반도체 장비,U,10.664,319.0,26.476,87.0,23.721,183.0,23.848,290.0,23.61,761.0,156.833,13.0
095660,네오위즈,KOSDAQ,게임,U,1.703,1372.0,-3.808,1295.0,-5.201,1134.0,-16.474,2064.0,11.002,1588.0,-48.684,1530.0
095700,제넥신,KOSDAQ,제약바이오,U,2.37,1222.0,-5.148,1643.0,-8.319,1578.0,-5.216,1182.0,24.931,702.0,-67.179,2173.0
095720,웅진씽크빅,KOSPI,개별주,U,-0.861,2051.0,-8.54,2114.0,-11.685,1938.0,-9.891,1528.0,12.189,1497.0,-61.123,1999.0
095910,에스에너지,KOSDAQ,에너지장비및서비스,N,2.305,1242.0,-5.44,1690.0,-11.769,1947.0,-24.405,2327.0,-17.001,2415.0,-96.938,2484.0
096240,크레버스,KOSDAQ,개별주,U,1.09,1651.0,-6.794,1908.0,-8.581,1611.0,-11.079,1711.0,11.151,1576.0,-45.52,1366.0
096250,와이즈넛,KOSDAQ,소프트웨어,N,5.502,687.0,1.914,688.0,-5.292,1146.0,-19.405,2207.0,-10.024,2333.0,-72.688,2277.0
096350,대창솔루션,KOSDAQ,조선,N,2.201,1265.0,-4.254,1477.0,-3.423,979.0,0.643,869.0,27.169,618.0,-60.526,1980.0
096530,씨젠,KOSDAQ,제약바이오,U,9.619,367.0,9.46,362.0,8.233,461.0,21.882,316.0,40.034,333.0,38.381,81.0
096630,에스코넥,KOSDAQ,핸드셋,N,-3.781,2345.0,-12.032,2334.0,-15.109,2196.0,-24.529,2331.0,4.02,1982.0,-88.111,2441.0
096690,에이루트,KOSDAQ,컴퓨터와주변기기,N,-2.519,2262.0,-8.152,2073.0,-15.149,2198.0,5.983,657.0,33.955,439.0,-24.972,540.0
096760,JW홀딩스,KOSPI,제약바이오,U,0.165,1854.0,-4.137,1357.0,-4.208,1042.0,2.623,788.0,25.038,695.0,-16.018,370.0
096770,SK이노베이션,KOSPI,정유화학,U,4.307,853.0,8.732,379.0,10.39,407.0,28.225,252.0,72.597,86.0,-1.025,205.0
096870,엘디티,KOSDAQ,디스플레이장비및부품,N,3.838,926.0,-0.85,904.0,1.28,692.0,-2.14,997.0,16.858,1102.0,-20.883,445.0
097230,HJ중공업,KOSPI,조선,U,5.592,677.0,-2.392,1081.0,-10.489,1821.0,-17.684,2139.0,-6.526,2276.0,-61.427,2009.0
097520,엠씨넥스,KOSPI,휴대폰 부품,U,6.924,548.0,-2.631,1107.0,-5.203,1135.0,-7.766,1369.0,13.529,1327.0,-36.335,961.0
097780,에코볼트,KOSDAQ,자동차부품,N,0.085,1873.0,-8.032,2059.0,-19.889,2377.0,13.149,476.0,17.987,1033.0,-32.234,805.0
097800,윈팩,KOSDAQ,반도체와반도체장비,N,68.374,2.0,91.65,4.0,103.466,2.0,134.592,7.0,118.004,21.0,95.29,35.0
097870,효성오앤비,KOSDAQ,화학,N,2.132,1276.0,-7.683,2022.0,-12.95,2055.0,-12.707,1846.0,8.109,1786.0,-57.844,1897.0
097950,CJ제일제당,KOSPI,음식료,U,3.081,1064.0,-2.782,1129.0,-8.527,1605.0,-18.238,2161.0,3.067,2014.0,-52.441,1690.0
098070,한텍,KOSDAQ,에너지,U,-0.584,2003.0,-9.496,2196.0,-3.875,1013.0,-15.572,2010.0,6.451,1883.0,-74.294,2314.0
098120,마이크로컨텍솔,KOSDAQ,소재,U,5.228,734.0,16.546,210.0,40.239,79.0,157.709,4.0,172.796,6.0,97.911,34.0
098460,고영,KOSDAQ,의료기기,U,18.071,114.0,20.655,162.0,14.849,330.0,3.907,731.0,32.871,458.0,2.94,186.0
098660,에스티오,KOSDAQ,"섬유,의류,신발,호화품",N,5.462,698.0,1.222,736.0,-5.405,1154.0,-10.551,1650.0,21.665,851.0,-30.66,760.0
099190,아이센스,KOSDAQ,의료기기,U,6.954,544.0,1.277,732.0,-7.547,1483.0,-17.377,2119.0,19.615,941.0,-37.772,1027.0
099220,SDN,KOSDAQ,"태양광, 풍력",U,7.439,503.0,-5.724,1733.0,-8.191,1559.0,-32.681,2431.0,-26.328,2465.0,-88.402,2443.0
099320,쎄트렉아이,KOSDAQ,우주,U,6.096,625.0,5.251,510.0,10.809,400.0,1.456,834.0,3.598,1994.0,-76.78,2353.0
099390,브레인즈컴퍼니,KOSDAQ,소프트웨어,N,0.694,1728.0,-5.692,1726.0,-8.925,1649.0,6.039,656.0,28.302,581.0,-38.231,1044.0
099410,동방선기,KOSDAQ,조선,N,0.286,1827.0,-7.241,1963.0,-11.943,1967.0,-8.325,1406.0,6.073,1899.0,-60.396,1974.0
099430,바이오플러스,KOSDAQ,주사제,U,16.311,134.0,11.85,297.0,6.944,493.0,-6.013,1238.0,4.992,1943.0,-52.362,1684.0
099440,스맥,KOSDAQ,로봇,U,-4.539,2378.0,-10.778,2280.0,-3.444,980.0,-7.802,1374.0,52.728,193.0,-38.119,1039.0
099520,DGI,KOSDAQ,통신장비,N,1.09,1593.0,-4.254,1432.0,-6.72,1332.0,-10.14,1589.0,13.011,1403.0,-27.462,640.0
099750,이지케어텍,KOSDAQ,건강관리기술,N,2.335,1237.0,5.0,518.0,6.417,500.0,-1.049,943.0,28.106,585.0,-42.543,1235.0
100030,인지소프트,KOSDAQ,소프트웨어,N,-0.92,2070.0,-7.719,2027.0,-9.946,1768.0,-2.997,1041.0,30.907,510.0,-13.759,340.0
100090,SK오션플랜트,KOSPI,"태양광, 풍력",U,6.636,573.0,-4.087,1347.0,-6.803,1375.0,-19.238,2196.0,-7.69,2291.0,-81.079,2400.0
100120,뷰웍스,KOSDAQ,의료기기,U,12.309,252.0,9.833,347.0,0.757,724.0,3.049,763.0,33.304,448.0,-9.392,272.0
100130,동국S&C,KOSDAQ,"태양광, 풍력",U,9.922,349.0,3.826,572.0,8.608,455.0,-3.314,1052.0,12.25,1492.0,-61.981,2024.0
100220,비상교육,KOSPI,교육서비스,N,1.09,1652.0,-3.751,1284.0,-5.913,1203.0,-8.719,1432.0,7.435,1832.0,-41.192,1172.0
100250,진양홀딩스,KOSPI,자동차부품,N,0.927,1680.0,-5.385,1681.0,-10.038,1780.0,-6.411,1265.0,12.524,1465.0,-25.291,553.0
100590,머큐리,KOSDAQ,통신장비,N,26.215,47.0,25.28,106.0,78.465,11.0,80.119,38.0,84.01,61.0,-17.62,394.0
100660,서암기계공업,KOSDAQ,기계,N,6.896,550.0,2.936,624.0,1.531,678.0,4.948,692.0,13.011,1434.0,-47.753,1479.0
100700,세운메디칼,KOSDAQ,건강관리장비와용품,N,1.527,1417.0,-8.818,2139.0,-13.224,2076.0,-11.849,1772.0,15.92,1169.0,-50.021,1598.0
100790,미래에셋벤처투자,KOSDAQ,증권,U,1.595,1402.0,4.893,523.0,14.718,331.0,13.394,473.0,15.767,1177.0,-60.295,1971.0
100840,SNT에너지,KOSPI,원전,U,0.0,1888.0,-9.228,2177.0,9.069,445.0,20.907,331.0,49.735,220.0,-55.864,1841.0
101000,KS인더스트리,KOSDAQ,조선,N,16.003,139.0,-30.743,2520.0,88.898,7.0,107.651,17.0,92.199,45.0,-55.862,1840.0
101140,인바이오젠,KOSPI,전자장비와기기,N,-0.543,1995.0,-7.564,2004.0,-20.649,2397.0,-17.979,2153.0,-7.712,2292.0,-68.321,2200.0
101160,월덱스,KOSDAQ,소재,U,7.886,473.0,4.657,531.0,4.391,560.0,4.047,727.0,27.794,595.0,-10.44,287.0
101170,우림피티에스,KOSDAQ,기계,N,3.183,1041.0,-2.516,1098.0,9.417,436.0,-1.072,945.0,26.889,626.0,-55.671,1829.0
101240,씨큐브,KOSDAQ,화학,N,2.289,1246.0,-4.402,1503.0,-13.1,2065.0,-0.384,906.0,24.031,738.0,-38.646,1063.0
101330,모베이스,KOSDAQ,자동차부품,N,9.327,383.0,3.207,608.0,0.587,729.0,-0.316,902.0,23.483,768.0,-44.332,1313.0
101360,에코앤드림,KOSDAQ,이차전지,U,16.305,135.0,12.787,278.0,2.933,618.0,20.732,337.0,24.039,737.0,-77.937,2363.0
101400,엔시트론,KOSDAQ,반도체와반도체장비,N,-1.123,2099.0,-4.922,1588.0,-23.046,2434.0,-16.765,2084.0,4.557,1956.0,-49.762,1574.0
101490,에스앤에스텍,KOSDAQ,소재,U,21.271,77.0,26.449,88.0,24.794,169.0,16.352,401.0,22.403,827.0,-60.288,1969.0
101530,해태제과식품,KOSPI,식품,N,1.09,1594.0,-4.254,1433.0,-8.322,1579.0,-10.858,1685.0,9.353,1705.0,-40.1,1130.0
101670,하이드로리튬,KOSDAQ,전기제품,N,16.682,129.0,6.283,468.0,5.831,513.0,-43.152,2487.0,-29.61,2479.0,-100.406,2497.0
101680,한국정밀기계,KOSDAQ,기계,N,1.258,1493.0,-3.578,1249.0,-2.706,931.0,4.256,720.0,55.255,174.0,-18.901,409.0
101730,위메이드맥스,KOSDAQ,게임,U,0.018,1883.0,-12.686,2357.0,5.841,512.0,24.408,286.0,17.423,1070.0,-27.893,680.0
101930,인화정공,KOSDAQ,조선,U,2.344,1233.0,-2.361,1078.0,-6.72,1281.0,-15.0,1982.0,-0.044,2110.0,-75.967,2340.0
101970,우양에이치씨,KOSDAQ,에너지,U,3.917,911.0,1.908,689.0,-9.106,1673.0,-4.207,1109.0,3.853,1986.0,-46.505,1414.0
102120,어보브반도체,KOSDAQ,후공정/테스트,U,15.283,155.0,22.848,132.0,19.105,251.0,16.229,403.0,24.589,712.0,-43.778,1285.0
102260,동성케미컬,KOSPI,정유화학,U,4.548,819.0,-2.068,1046.0,-5.639,1178.0,-6.967,1315.0,17.627,1062.0,-37.014,989.0
102370,케이옥션,KOSDAQ,판매업체,N,-1.099,2093.0,-2.858,1143.0,-17.06,2290.0,-17.624,2135.0,4.22,1971.0,-33.903,874.0
102460,이연제약,KOSPI,제약바이오,U,1.487,1432.0,-3.757,1286.0,-5.012,1111.0,-8.431,1416.0,13.408,1340.0,-26.059,571.0
102710,이엔에프테크놀로지,KOSDAQ,소재,U,7.055,534.0,13.741,255.0,10.006,417.0,4.531,707.0,32.889,456.0,-20.099,428.0
102940,코오롱생명과학,KOSDAQ,제약바이오,U,4.826,783.0,-1.478,979.0,-8.489,1598.0,-16.677,2076.0,-53.171,2523.0,-100.918,2499.0
103140,풍산,KOSPI,방산,U,5.132,744.0,-0.348,852.0,-3.352,972.0,3.052,762.0,29.0,559.0,-49.303,1555.0
103230,에스앤더블류,KOSDAQ,조선,N,-33.396,2537.0,-43.297,2532.0,-46.548,2525.0,-50.48,2501.0,-35.35,2493.0,-89.875,2448.0
103590,일진전기,KOSPI,전력기기,U,6.598,578.0,18.189,186.0,20.984,220.0,43.514,137.0,33.235,450.0,-9.38,271.0
103840,우양,KOSDAQ,식품,N,0.205,1842.0,-6.131,1801.0,-12.772,2043.0,-23.077,2302.0,-12.144,2361.0,-76.553,2348.0
104040,디에스엠,KOSDAQ,자동차부품,N,18.634,105.0,21.633,147.0,11.515,392.0,4.065,725.0,92.69,43.0,-21.193,448.0
104200,NHN벅스,KOSDAQ,방송과엔터테인먼트,N,13.155,215.0,0.066,815.0,-15.069,2193.0,-23.736,2311.0,-3.28,2212.0,-67.011,2166.0
104460,디와이피엔에프,KOSDAQ,기계,N,0.348,1811.0,-5.727,1734.0,-19.724,2372.0,-30.402,2410.0,-15.818,2405.0,-78.736,2376.0
104480,티케이케미칼,KOSDAQ,화학,N,1.367,1459.0,0.985,750.0,-0.741,811.0,3.072,758.0,25.31,684.0,-44.144,1302.0
104540,코렌텍,KOSDAQ,건강관리장비와용품,N,29.84,27.0,24.335,113.0,21.709,213.0,16.864,394.0,41.923,307.0,-33.139,841.0
104620,노랑풍선,KOSDAQ,"호텔,레스토랑,레저",N,2.219,1260.0,-9.254,2180.0,-7.196,1433.0,-4.939,1163.0,3.488,1999.0,-54.042,1763.0
104700,한국철강,KOSPI,철강,U,0.032,1881.0,-5.312,1673.0,-12.18,1985.0,-12.947,1860.0,14.752,1250.0,-27.355,600.0
104830,원익머트리얼즈,KOSDAQ,소재,U,13.046,216.0,22.907,131.0,22.84,195.0,21.28,325.0,22.586,816.0,-26.481,584.0
105330,케이엔더블유,KOSDAQ,반도체와반도체장비,N,12.691,236.0,8.199,398.0,27.168,151.0,28.358,251.0,37.835,370.0,-23.953,511.0
105550,엣지파운드리,KOSDAQ,자동차부품,N,0.063,1875.0,-7.329,1979.0,-23.098,2435.0,-46.613,2495.0,-27.083,2470.0,-104.944,2508.0
105560,KB금융,KOSPI,은행,U,-2.259,2240.0,-9.517,2198.0,-7.725,1507.0,-10.969,1698.0,10.963,1589.0,-13.351,331.0
105630,한세실업,KOSPI,의류,U,4.131,877.0,-5.818,1752.0,-10.959,1876.0,-14.69,1963.0,12.335,1481.0,-48.66,1528.0
105740,디케이락,KOSDAQ,기계,N,39.108,10.0,35.874,40.0,33.229,110.0,50.21,109.0,73.361,84.0,-10.936,297.0
105760,포스뱅크,KOSDAQ,상업서비스와공급품,N,5.481,692.0,1.084,744.0,-6.143,1222.0,30.452,223.0,58.289,160.0,-28.221,688.0
105840,우진,KOSPI,원전,U,-0.435,1981.0,-8.694,2131.0,-0.116,771.0,-18.518,2176.0,-1.166,2143.0,-66.104,2144.0
106080,케이이엠텍,KOSDAQ,핸드셋,N,1.09,1595.0,-4.254,1434.0,-6.72,1333.0,-10.14,1590.0,13.011,1404.0,-27.462,641.0
106190,하이텍팜,KOSDAQ,제약,N,3.924,909.0,-6.09,1792.0,-9.402,1696.0,-16.499,2067.0,-6.161,2271.0,-75.836,2337.0
106240,파인테크닉스,KOSDAQ,디스플레이장비및부품,N,5.096,748.0,17.808,191.0,13.816,343.0,-3.841,1085.0,12.79,1449.0,-65.25,2124.0
107590,미원홀딩스,KOSPI,화학,N,0.259,1832.0,-6.545,1878.0,-14.018,2132.0,2.928,769.0,24.6,710.0,-34.904,916.0
107600,새빗켐,KOSDAQ,전기제품,N,7.571,495.0,-1.346,962.0,-17.226,2296.0,-4.312,1116.0,11.232,1569.0,-76.161,2344.0
107640,한중엔시에스,KOSDAQ,이차전지,U,5.935,639.0,-6.342,1838.0,-0.154,775.0,21.324,324.0,40.312,327.0,-41.427,1184.0
108230,톱텍,KOSDAQ,기계,N,3.947,905.0,-2.686,1113.0,-2.707,932.0,-6.127,1247.0,16.691,1116.0,-51.047,1634.0
108320,LX세미콘,KOSPI,디스플레이,U,3.416,997.0,0.215,800.0,-4.114,1036.0,-2.977,1039.0,9.032,1727.0,-51.135,1636.0
108380,대양전기공업,KOSDAQ,조선,U,3.326,1012.0,-2.074,1047.0,2.993,615.0,0.089,889.0,15.47,1201.0,-48.514,1520.0
108490,로보티즈,KOSDAQ,로봇,U,4.412,836.0,-3.607,1255.0,19.191,250.0,23.624,295.0,50.927,209.0,6.015,165.0
108670,LX하우시스,KOSPI,건설,U,4.027,888.0,-5.294,1670.0,-8.49,1599.0,-10.29,1629.0,13.768,1309.0,-7.678,252.0
108860,셀바스AI,KOSDAQ,IT SW,U,2.908,1100.0,-1.028,923.0,-6.496,1263.0,-27.938,2384.0,35.919,400.0,-54.616,1790.0
109070,주성코퍼레이션,KOSPI,해운사,N,5.845,646.0,0.501,780.0,-1.965,887.0,4.367,716.0,21.621,855.0,7.062,161.0
109080,옵티시스,KOSDAQ,통신장비,N,3.178,1043.0,2.515,649.0,10.546,404.0,7.267,629.0,27.264,616.0,-66.792,2161.0
109610,에스와이,KOSDAQ,건축자재,N,0.984,1664.0,-2.908,1157.0,-6.561,1268.0,-6.336,1262.0,8.595,1751.0,-58.864,1937.0
109670,씨싸이트,KOSDAQ,"섬유,의류,신발,호화품",N,76.342,1.0,162.669,1.0,288.047,1.0,385.574,2.0,333.617,2.0,240.903,7.0
109740,디에스케이,KOSDAQ,이차전지,U,-0.751,2034.0,-11.014,2292.0,-12.713,2034.0,-14.902,1977.0,-10.653,2345.0,-53.388,1731.0
109820,진매트릭스,KOSDAQ,생물공학,N,-2.502,2256.0,-7.906,2046.0,-13.256,2077.0,-4.258,1111.0,22.925,805.0,-46.893,1437.0
109860,동일금속,KOSDAQ,기계,N,4.369,841.0,-3.588,1250.0,-3.863,1011.0,-8.253,1401.0,16.573,1121.0,-21.727,464.0
109960,앱토크롬,KOSDAQ,제약,N,1.791,1347.0,-2.399,1083.0,-3.342,971.0,3.012,764.0,21.748,848.0,-49.839,1580.0
110020,전진바이오팜,KOSDAQ,가정용품,N,7.114,526.0,3.589,589.0,4.279,563.0,12.971,480.0,33.891,441.0,-31.81,788.0
110790,크리스에프앤씨,KOSDAQ,"섬유,의류,신발,호화품",N,-0.081,1906.0,-4.926,1590.0,-6.72,1367.0,-9.114,1464.0,8.797,1740.0,-51.498,1650.0
110990,디아이티,KOSDAQ,이차전지,U,9.381,377.0,17.112,203.0,16.278,306.0,13.731,462.0,18.39,1008.0,-25.605,558.0
111110,호전실업,KOSPI,"섬유,의류,신발,호화품",N,0.623,1748.0,-5.029,1615.0,-7.032,1411.0,-14.044,1925.0,9.397,1698.0,-39.91,1120.0
111380,동인기연,KOSPI,의류,U,0.398,1793.0,-5.477,1697.0,-11.58,1927.0,-7.355,1343.0,16.042,1157.0,-32.948,836.0
111710,남화산업,KOSDAQ,"호텔,레스토랑,레저",N,1.719,1370.0,-3.625,1263.0,-12.602,2026.0,1.164,846.0,-26.383,2466.0,-46.756,1429.0
111770,영원무역,KOSPI,의류,U,-2.518,2261.0,-11.605,2316.0,-16.693,2275.0,-35.252,2449.0,-7.275,2286.0,-45.499,1363.0
112040,위메이드,KOSDAQ,게임,U,3.789,933.0,-0.599,874.0,-1.74,876.0,-14.902,1975.0,-8.201,2302.0,-47.049,1449.0
112290,와이씨켐,KOSDAQ,소재,U,21.147,78.0,22.809,133.0,26.931,154.0,22.25,310.0,35.395,409.0,-37.071,993.0
112610,씨에스윈드,KOSPI,"태양광, 풍력",U,11.669,277.0,1.27,733.0,14.905,328.0,28.881,240.0,46.99,245.0,-42.882,1246.0
113810,디젠스,KOSDAQ,자동차부품,N,4.949,768.0,-1.6,991.0,-6.233,1234.0,41.949,143.0,71.729,89.0,-21.422,453.0
114090,GKL,KOSPI,호텔레저,U,-2.973,2302.0,-10.847,2287.0,-16.963,2288.0,-19.328,2200.0,-4.784,2243.0,-51.569,1653.0
114190,강원에너지,KOSDAQ,이차전지,U,8.662,425.0,-1.143,936.0,-1.302,850.0,3.151,755.0,7.024,1851.0,-59.297,1951.0
114450,그린생명과학,KOSDAQ,제약,N,5.181,739.0,0.312,797.0,-5.393,1153.0,-11.857,1773.0,35.865,401.0,-36.227,959.0
114630,폴라리스우노,KOSDAQ,"섬유,의류,신발,호화품",N,3.487,979.0,-6.069,1790.0,3.314,601.0,-4.407,1124.0,2.384,2036.0,-61.62,2013.0
114810,한솔아이원스,KOSDAQ,소재,U,5.491,689.0,21.316,152.0,10.632,402.0,59.311,85.0,36.47,387.0,-20.675,438.0
114840,아이패밀리에스씨,KOSDAQ,화장품,U,1.329,1470.0,-2.803,1133.0,-20.492,2393.0,-6.687,1290.0,14.955,1235.0,-48.236,1505.0
115160,휴맥스,KOSDAQ,전자제품,N,-0.351,1962.0,-9.943,2238.0,-5.236,1139.0,-9.588,1506.0,6.836,1864.0,-66.284,2145.0
115180,큐리언트,KOSDAQ,제약바이오,U,10.603,322.0,8.502,386.0,14.012,341.0,2.874,771.0,35.234,414.0,-57.049,1872.0
115310,인포바인,KOSDAQ,IT SW,U,1.614,1393.0,-2.881,1148.0,-1.341,854.0,23.565,296.0,50.154,216.0,-53.508,1737.0
115440,우리넷,KOSDAQ,통신,U,3.153,1047.0,23.668,118.0,67.997,20.0,63.352,76.0,83.397,64.0,-11.202,299.0
115450,HLB테라퓨틱스,KOSDAQ,제약바이오,U,25.398,49.0,17.122,202.0,12.316,370.0,19.655,356.0,23.034,791.0,-46.345,1402.0
115480,씨유메디칼,KOSDAQ,건강관리장비와용품,N,3.094,1061.0,-7.014,1935.0,-10.502,1825.0,14.182,452.0,35.275,413.0,-12.145,311.0
115500,케이씨에스,KOSDAQ,IT서비스,N,7.34,511.0,0.746,765.0,17.095,279.0,19.678,355.0,35.132,417.0,-9.119,270.0
115530,씨엔플러스,KOSDAQ,에너지장비및서비스,N,1.443,1440.0,4.558,536.0,-18.384,2335.0,17.788,377.0,66.774,112.0,-39.246,1093.0
115570,스타플렉스,KOSDAQ,화학,N,-1.757,2182.0,-2.198,1056.0,-4.089,1032.0,20.17,348.0,23.987,740.0,-40.795,1162.0
115610,이미지스,KOSDAQ,핸드셋,N,5.584,679.0,-3.028,1179.0,-9.431,1699.0,-1.664,968.0,36.312,389.0,-67.506,2181.0
117580,대성에너지,KOSPI,에너지,U,1.658,1380.0,-5.094,1625.0,-3.362,974.0,-5.251,1184.0,15.472,1200.0,-55.069,1809.0
117670,알파칩스,KOSDAQ,반도체와반도체장비,N,-4.558,2381.0,-10.596,2270.0,19.864,240.0,1.226,843.0,24.135,732.0,-60.422,1975.0
117730,티로보틱스,KOSDAQ,로봇,U,5.822,649.0,17.806,192.0,11.784,383.0,1.673,830.0,27.373,611.0,-39.707,1113.0
118000,메타케어,KOSPI,제약,N,-3.466,2336.0,-8.358,2098.0,-14.113,2135.0,-16.245,2055.0,5.267,1933.0,-68.097,2192.0
118990,모트렉스,KOSDAQ,자동차,U,-5.958,2424.0,-8.634,2127.0,-12.383,1999.0,16.46,399.0,25.245,689.0,-50.078,1601.0
119500,포메탈,KOSDAQ,기계,N,0.669,1736.0,-1.204,942.0,-8.79,1638.0,-12.614,1836.0,3.973,1983.0,-64.395,2097.0
119610,인터로조,KOSDAQ,개별주,U,18.382,109.0,13.776,254.0,15.849,313.0,12.786,485.0,21.42,865.0,-42.331,1219.0
119650,KC코트렐,KOSPI,상업서비스와공급품,N,1.09,1596.0,-4.254,1435.0,-6.72,1334.0,-10.14,1591.0,13.011,1405.0,-27.462,642.0
119830,아이텍,KOSDAQ,반도체와반도체장비,N,5.103,747.0,0.601,772.0,-9.569,1710.0,16.919,391.0,30.83,511.0,-17.07,386.0
119850,지엔씨에너지,KOSDAQ,전력기기,U,-3.545,2342.0,8.735,378.0,21.117,219.0,-5.648,1211.0,93.45,41.0,52.977,57.0
120030,조선선재,KOSPI,철강,N,0.133,1864.0,-5.8,1744.0,-7.558,1486.0,-11.919,1777.0,7.64,1821.0,-42.799,1242.0
120110,코오롱인더,KOSPI,정유화학,U,4.78,787.0,0.207,804.0,-6.898,1388.0,-2.27,1004.0,10.751,1609.0,-54.852,1802.0
120240,대정화금,KOSDAQ,화학,N,1.77,1354.0,-2.185,1054.0,-7.057,1414.0,-7.148,1328.0,21.278,867.0,-20.371,433.0
121440,골프존홀딩스,KOSDAQ,레저용장비와제품,N,4.676,803.0,-3.609,1256.0,-4.223,1043.0,7.33,626.0,30.129,529.0,34.029,89.0
121600,나노신소재,KOSDAQ,이차전지,U,15.734,146.0,12.872,276.0,20.825,222.0,25.087,279.0,38.275,362.0,-35.641,943.0
121800,비덴트,KOSDAQ,디스플레이패널,N,1.09,1597.0,-4.254,1436.0,-6.72,1335.0,-10.14,1592.0,13.011,1406.0,-27.462,643.0
121890,에스디시스템,KOSDAQ,운송인프라,N,5.302,722.0,2.701,638.0,-0.958,825.0,33.041,201.0,70.107,95.0,26.572,109.0
122310,제노레이,KOSDAQ,건강관리장비와용품,N,1.09,1518.0,-5.147,1642.0,-10.058,1783.0,-12.771,1849.0,11.532,1546.0,-50.02,1597.0
122350,삼기,KOSDAQ,자동차부품,N,3.778,934.0,-0.998,918.0,-4.032,1028.0,-9.118,1466.0,3.097,2011.0,-7.476,249.0
122450,KX,KOSDAQ,IT SW,U,-1.434,2146.0,-9.715,2222.0,-16.106,2247.0,-13.787,1914.0,3.137,2010.0,-43.515,1269.0
122640,예스티,KOSDAQ,반도체 장비,U,5.465,697.0,11.92,294.0,16.984,284.0,47.407,120.0,23.425,771.0,46.769,67.0
122690,서진오토모티브,KOSDAQ,자동차부품,N,0.348,1813.0,-6.922,1923.0,-10.439,1817.0,-18.321,2166.0,7.036,1850.0,-57.981,1902.0
122870,와이지엔터테인먼트,KOSDAQ,엔터,U,-4.594,2384.0,-12.906,2369.0,-5.095,1119.0,-10.385,1636.0,6.352,1887.0,-45.999,1385.0
122900,아이마켓코리아,KOSPI,지주,U,-1.175,2106.0,-3.764,1289.0,-5.486,1158.0,2.343,800.0,26.428,650.0,-16.049,372.0
122990,와이솔,KOSDAQ,핸드셋,N,2.922,1097.0,-7.306,1972.0,1.559,674.0,8.123,596.0,19.222,964.0,-25.94,565.0
123010,MSDI,KOSDAQ,핸드셋,N,22.816,66.0,25.794,99.0,80.895,10.0,72.858,53.0,43.891,283.0,45.193,69.0
123040,엠에스오토텍,KOSDAQ,자동차부품,N,2.309,1241.0,-6.376,1845.0,-8.379,1583.0,-5.737,1217.0,13.985,1295.0,-50.964,1633.0
123330,제닉,KOSDAQ,화장품,U,-8.869,2478.0,-16.4,2449.0,-44.364,2523.0,-19.345,2201.0,-0.706,2131.0,-47.535,1469.0
123410,코리아에프티,KOSDAQ,자동차,U,1.936,1310.0,0.676,768.0,-3.961,1018.0,-4.466,1130.0,19.25,961.0,-39.943,1122.0
123420,위메이드플레이,KOSDAQ,게임엔터테인먼트,N,2.172,1269.0,-4.862,1576.0,-2.414,914.0,-1.321,953.0,17.484,1065.0,-29.411,722.0
123570,이엠넷,KOSDAQ,광고,N,0.235,1840.0,-5.591,1714.0,-7.937,1533.0,-10.569,1652.0,3.581,1996.0,-40.577,1154.0
123690,한국화장품,KOSPI,화장품,N,3.456,982.0,-3.634,1265.0,-3.867,1012.0,-3.572,1068.0,12.399,1476.0,-43.72,1281.0
123700,SJM,KOSPI,자동차부품,N,-1.003,2081.0,-8.213,2081.0,-10.397,1812.0,-12.233,1803.0,12.254,1490.0,-34.554,896.0
123750,알톤,KOSDAQ,레저용장비와제품,N,-1.135,2102.0,-8.606,2121.0,-4.033,1029.0,-10.874,1690.0,-8.855,2318.0,-58.249,1910.0
123840,뉴온,KOSDAQ,건강관리업체및서비스,N,3.947,906.0,-0.208,839.0,6.845,495.0,-7.576,1359.0,-7.166,2285.0,-95.497,2477.0
123860,아나패스,KOSDAQ,디스플레이,U,-0.783,2044.0,-7.717,2026.0,-8.593,1614.0,-13.318,1887.0,-0.234,2117.0,-53.866,1750.0
123890,한국자산신탁,KOSPI,개별주,U,-0.353,1964.0,-7.296,1970.0,-14.973,2183.0,-6.227,1255.0,19.708,939.0,-32.432,813.0
124500,아이티센글로벌,KOSDAQ,개별주,U,-0.591,2006.0,-2.515,1097.0,-20.053,2381.0,15.397,423.0,46.573,248.0,-60.605,1986.0
124560,태웅로직스,KOSDAQ,해운사,N,1.498,1427.0,-5.558,1709.0,-9.053,1665.0,-0.563,915.0,17.915,1037.0,-51.769,1662.0
125020,티씨머티리얼즈,KOSDAQ,전력기기,U,1.738,1362.0,1.179,738.0,-6.072,1217.0,16.208,405.0,33.829,442.0,7.1,160.0
125210,아모그린텍,KOSDAQ,화학,N,8.28,450.0,2.24,669.0,12.553,368.0,5.966,658.0,16.318,1141.0,-50.285,1609.0
125490,한라캐스트,KOSDAQ,로봇,U,9.843,351.0,16.24,216.0,16.479,298.0,45.167,129.0,68.685,97.0,-27.689,678.0
126340,비나텍,KOSDAQ,에너지,U,10.307,334.0,21.81,145.0,54.231,44.0,38.917,163.0,35.334,411.0,-35.69,945.0
126560,현대퓨처넷,KOSPI,IT SW,U,2.589,1166.0,-2.602,1104.0,-6.572,1271.0,-3.86,1086.0,26.033,663.0,-24.574,529.0
126600,BGF에코머티리얼즈,KOSDAQ,화학,N,7.757,480.0,1.882,692.0,-0.408,793.0,1.164,845.0,17.758,1049.0,-47.562,1471.0
126640,화신정공,KOSDAQ,자동차부품,N,4.215,868.0,2.198,671.0,-23.875,2438.0,-15.176,1995.0,13.392,1342.0,137.599,21.0
126700,하이비젼시스템,KOSDAQ,이차전지,U,13.011,218.0,4.278,550.0,-8.79,1637.0,4.16,723.0,30.606,514.0,-52.207,1677.0
126720,수산인더스트리,KOSPI,에너지,U,1.793,1346.0,-4.717,1561.0,-4.095,1034.0,-13.074,1872.0,10.296,1643.0,-49.137,1547.0
126730,코칩,KOSDAQ,전기제품,N,5.936,638.0,-0.324,851.0,4.495,557.0,78.749,40.0,67.156,108.0,18.461,126.0
126880,제이엔케이글로벌,KOSDAQ,석유와가스,N,9.734,360.0,7.238,426.0,3.659,586.0,-5.007,1170.0,4.568,1955.0,-50.869,1626.0
127120,제이에스링크,KOSDAQ,이차전지,U,-7.086,2448.0,-10.363,2258.0,-11.606,1931.0,-21.386,2262.0,-7.856,2293.0,-54.553,1787.0
127710,아시아경제,KOSDAQ,출판,N,7.24,517.0,15.643,225.0,32.801,116.0,25.985,275.0,65.299,121.0,-47.576,1472.0
127980,화인써키트,KOSDAQ,전자장비와기기,N,7.96,467.0,1.407,722.0,-3.589,992.0,-14.902,1978.0,-1.099,2142.0,-71.685,2265.0
128540,에코캡,KOSDAQ,자동차부품,N,3.152,1048.0,-3.327,1217.0,-14.588,2162.0,-17.38,2121.0,-4.8,2245.0,-65.269,2126.0
128660,피제이메탈,KOSDAQ,비철금속,N,3.407,1000.0,-4.428,1508.0,-9.761,1739.0,-4.625,1138.0,15.511,1192.0,-42.55,1236.0
128820,대성산업,KOSPI,석유와가스,N,4.812,786.0,-2.053,1043.0,-3.764,1003.0,-9.052,1459.0,10.221,1648.0,-62.756,2056.0
128940,한미약품,KOSPI,제약바이오,U,-1.602,2165.0,-3.457,1236.0,0.031,760.0,23.723,292.0,32.633,463.0,-27.659,675.0
129260,인터지스,KOSPI,해운사,N,4.202,872.0,-2.936,1163.0,-5.562,1168.0,-9.353,1484.0,9.789,1677.0,-46.535,1418.0
129890,앱코,KOSDAQ,컴퓨터와주변기기,N,3.25,1027.0,-4.254,1484.0,-12.12,1976.0,-6.977,1316.0,15.837,1172.0,-24.747,536.0
129920,대성하이텍,KOSDAQ,기계,N,18.143,112.0,34.102,43.0,29.766,137.0,14.332,448.0,62.325,135.0,-65.444,2128.0
130500,GH신소재,KOSDAQ,자동차부품,N,4.529,824.0,-0.2,838.0,-4.814,1095.0,-5.52,1202.0,15.514,1191.0,-49.997,1595.0
130580,나이스디앤비,KOSDAQ,개별주,U,2.124,1277.0,-0.931,908.0,15.861,311.0,13.549,467.0,34.503,429.0,-5.97,237.0
130660,한전산업,KOSPI,방산,U,1.578,1405.0,-6.856,1915.0,-2.589,925.0,1.121,849.0,19.569,942.0,-58.467,1927.0
130740,티피씨글로벌,KOSDAQ,자동차부품,N,-3.529,2341.0,-8.624,2124.0,-17.928,2318.0,-14.06,1926.0,4.911,1949.0,-37.364,1005.0
131030,옵투스제약,KOSDAQ,제약,N,7.939,468.0,6.581,452.0,1.613,670.0,-2.368,1011.0,17.185,1083.0,-57.974,1901.0
131090,시큐브,KOSDAQ,소프트웨어,N,1.437,1442.0,-1.529,982.0,-3.995,1024.0,2.751,781.0,31.131,505.0,-17.156,388.0
131100,티엔엔터테인먼트,KOSDAQ,방송과엔터테인먼트,N,2.372,1220.0,26.867,85.0,36.266,93.0,28.457,249.0,-8.041,2298.0,-78.314,2368.0
131180,딜리,KOSDAQ,컴퓨터와주변기기,N,1.21,1507.0,-5.556,1707.0,-4.639,1079.0,6.341,650.0,17.392,1073.0,-34.835,912.0
131220,대한과학,KOSDAQ,생명과학도구및서비스,N,1.789,1349.0,-3.975,1326.0,-9.685,1731.0,-7.867,1378.0,13.011,1365.0,-47.639,1474.0
131290,티에스이,KOSDAQ,후공정/테스트,U,1.609,1396.0,15.294,230.0,17.425,275.0,37.397,174.0,31.825,479.0,136.15,22.0
131370,알서포트,KOSDAQ,소프트웨어,N,4.211,869.0,-5.842,1758.0,-9.403,1697.0,-12.117,1793.0,16.635,1118.0,-69.938,2230.0
131400,이브이첨단소재,KOSDAQ,전자장비와기기,N,1.09,1598.0,-4.254,1437.0,-7.497,1475.0,3.679,738.0,-18.96,2432.0,-75.211,2329.0
131760,파인텍,KOSDAQ,디스플레이장비및부품,N,-3.672,2344.0,-8.353,2096.0,-38.136,2515.0,-33.785,2441.0,-17.247,2418.0,-85.093,2426.0
131970,두산테스나,KOSDAQ,로직,U,15.177,157.0,31.925,50.0,29.981,135.0,47.996,119.0,13.105,1360.0,-11.518,307.0
133750,메가엠디,KOSDAQ,교육서비스,N,1.09,1645.0,-9.459,2194.0,-15.226,2205.0,-7.278,1339.0,9.412,1697.0,-50.892,1628.0
133820,화인베스틸,KOSPI,철강,N,1.598,1400.0,-5.254,1662.0,-2.29,908.0,-7.761,1368.0,7.748,1814.0,-52.801,1709.0
134060,이퓨쳐,KOSDAQ,교육서비스,N,1.831,1340.0,-3.513,1243.0,-7.269,1447.0,-0.018,894.0,25.524,677.0,4.257,175.0
134380,미원화학,KOSPI,화학,N,2.087,1284.0,-7.13,1948.0,-8.466,1595.0,-9.942,1532.0,14.82,1248.0,-35.371,934.0
134580,탑코미디어,KOSDAQ,양방향미디어와서비스,N,-9.287,2484.0,-27.434,2516.0,-32.501,2490.0,120.629,9.0,184.44,5.0,49.228,63.0
134790,시디즈,KOSPI,가구,N,-0.498,1988.0,-6.515,1873.0,-13.209,2075.0,-15.05,1990.0,9.383,1699.0,-31.785,785.0
136150,원일티엔아이,KOSDAQ,에너지장비및서비스,N,52.428,5.0,52.817,19.0,64.866,22.0,67.321,65.0,21.658,852.0,-52.386,1685.0
136410,아셈스,KOSDAQ,화학,N,2.589,1167.0,-5.709,1729.0,-16.307,2261.0,-28.001,2385.0,-14.659,2390.0,-74.171,2312.0
136480,하림,KOSDAQ,음식료,U,2.226,1258.0,-2.926,1160.0,-5.584,1170.0,-10.513,1645.0,10.635,1617.0,-43.763,1284.0
136490,선진,KOSPI,음식료,U,-1.605,2166.0,-5.908,1767.0,-7.114,1425.0,-6.871,1299.0,23.022,793.0,-25.34,554.0
136540,윈스테크넷,KOSDAQ,소프트웨어,N,0.625,1747.0,-4.719,1564.0,-7.093,1420.0,-9.859,1526.0,16.393,1132.0,-31.926,792.0
137080,나래나노텍,KOSDAQ,디스플레이장비및부품,N,-2.105,2224.0,-6.354,1840.0,-9.915,1764.0,3.556,740.0,15.549,1189.0,-18.075,399.0
137310,에스디바이오센서,KOSPI,제약바이오,U,5.538,685.0,-1.332,961.0,-1.579,868.0,-13.787,1915.0,9.805,1676.0,-42.132,1213.0
137400,피엔티,KOSDAQ,이차전지,U,13.786,196.0,7.857,411.0,7.566,474.0,-6.46,1274.0,7.61,1824.0,-58.963,1939.0
137940,넥스트아이,KOSDAQ,화장품,N,5.48,693.0,-3.738,1283.0,-8.285,1575.0,-17.941,2151.0,3.289,2005.0,-53.703,1745.0
137950,제이씨케미칼,KOSDAQ,에너지장비및서비스,N,0.396,1794.0,-10.175,2250.0,-10.747,1849.0,22.513,309.0,48.943,227.0,-57.226,1881.0
138040,메리츠금융지주,KOSPI,증권,U,3.638,951.0,-1.214,945.0,-7.49,1473.0,-2.357,1008.0,27.602,603.0,-11.216,300.0
138070,신진에스엠,KOSDAQ,기계,N,-0.767,2038.0,-6.176,1817.0,-7.988,1539.0,-13.723,1910.0,30.193,526.0,-40.607,1156.0
138080,오이솔루션,KOSDAQ,통신,U,15.552,148.0,21.521,148.0,44.21,64.0,57.387,92.0,59.844,148.0,-44.997,1333.0
138360,앤로보틱스,KOSDAQ,기계,N,-13.135,2510.0,-18.168,2465.0,-22.419,2427.0,-36.409,2457.0,-16.89,2413.0,-64.774,2111.0
138610,나이벡,KOSDAQ,건강관리장비와용품,N,5.671,666.0,8.919,373.0,-7.156,1430.0,-3.607,1070.0,8.757,1741.0,-65.162,2122.0
138930,BNK금융지주,KOSPI,은행,U,0.902,1685.0,-5.186,1651.0,-1.436,860.0,-4.647,1142.0,-1.336,2151.0,-35.482,939.0
139130,iM금융지주,KOSPI,은행,U,5.75,658.0,-3.224,1209.0,-7.887,1528.0,-2.082,992.0,14.869,1242.0,-15.037,356.0
139480,이마트,KOSPI,유통,U,1.79,1348.0,-6.164,1813.0,-8.092,1547.0,-20.377,2228.0,-2.5,2191.0,-49.479,1565.0
139670,키네마스터,KOSDAQ,소프트웨어,N,-4.995,2396.0,-13.507,2386.0,-13.271,2079.0,9.113,568.0,41.544,313.0,-24.509,527.0
139990,아주스틸,KOSPI,철강,N,9.715,362.0,7.229,427.0,-2.702,930.0,-5.421,1196.0,21.132,879.0,-49.924,1586.0
140070,서플러스글로벌,KOSDAQ,반도체 장비,U,8.835,415.0,13.408,259.0,10.359,408.0,38.229,170.0,54.29,182.0,1.141,194.0
140410,메지온,KOSDAQ,제약바이오,U,-16.185,2522.0,-9.94,2235.0,-3.846,1009.0,14.86,434.0,26.914,624.0,-45.037,1338.0
140430,카티스,KOSDAQ,통신장비,N,-0.882,2058.0,-29.292,2519.0,42.619,71.0,29.154,237.0,48.139,232.0,-62.822,2059.0
140520,대창스틸,KOSDAQ,철강,N,1.89,1319.0,-4.005,1329.0,-7.459,1467.0,-4.973,1166.0,14.933,1239.0,-32.638,822.0
140670,알에스오토메이션,KOSDAQ,기계,N,3.287,1020.0,1.897,690.0,0.818,716.0,0.626,870.0,21.201,872.0,-57.252,1885.0
140860,파크시스템스,KOSDAQ,반도체 장비,U,13.755,197.0,13.3,261.0,12.242,371.0,8.114,597.0,22.57,818.0,0.435,197.0
141000,비아트론,KOSDAQ,디스플레이장비및부품,N,18.394,108.0,14.691,238.0,17.857,268.0,22.993,303.0,36.752,384.0,-14.591,349.0
141080,리가켐바이오,KOSDAQ,제약바이오,U,2.946,1092.0,-4.617,1545.0,-16.081,2246.0,-35.254,2450.0,-22.591,2453.0,-79.135,2378.0
142210,유니트론텍,KOSDAQ,반도체와반도체장비,N,9.194,390.0,8.797,376.0,5.381,531.0,10.257,544.0,31.484,491.0,4.096,176.0
142280,녹십자엠에스,KOSDAQ,건강관리장비와용품,N,6.478,586.0,4.229,551.0,4.67,551.0,17.011,387.0,26.107,661.0,-34.585,897.0
142760,모아라이프플러스,KOSDAQ,제약,N,3.66,948.0,-7.681,2021.0,-36.175,2508.0,-67.277,2525.0,-41.703,2511.0,-110.107,2519.0
143160,아이디스,KOSDAQ,전자장비와기기,N,1.844,1334.0,-3.941,1321.0,-7.093,1421.0,-5.163,1179.0,17.92,1036.0,-35.599,942.0
143210,핸즈코퍼레이션,KOSPI,자동차부품,N,1.09,1599.0,-4.254,1438.0,-6.72,1336.0,-10.14,1593.0,13.011,1407.0,-27.462,644.0
143240,사람인,KOSDAQ,상업서비스와공급품,N,1.898,1315.0,-2.683,1112.0,-5.503,1161.0,-4.896,1158.0,24.08,735.0,-23.78,506.0
143540,영우디에스피,KOSDAQ,디스플레이장비및부품,N,3.981,900.0,-1.567,988.0,-3.726,1000.0,-11.478,1742.0,15.291,1210.0,-50.1,1604.0
144510,지씨셀,KOSDAQ,제약바이오,U,4.862,777.0,-1.36,965.0,-0.297,786.0,-8.395,1411.0,15.184,1217.0,-63.091,2062.0
144960,뉴파워프라즈마,KOSDAQ,방산,U,4.296,855.0,39.224,34.0,43.793,66.0,19.272,361.0,63.011,130.0,131.87,24.0
145020,휴젤,KOSDAQ,주사제,U,-2.6,2269.0,-26.288,2510.0,-33.36,2496.0,-40.334,2473.0,-13.628,2376.0,-52.576,1697.0
145170,노브랜드,KOSDAQ,"섬유,의류,신발,호화품",N,19.602,97.0,19.187,174.0,10.096,413.0,5.435,676.0,15.362,1204.0,-44.171,1306.0
145210,다이나믹디자인,KOSPI,자동차부품,N,1.09,1600.0,-4.254,1439.0,-6.72,1337.0,-10.14,1594.0,13.011,1408.0,-27.462,645.0
145720,덴티움,KOSPI,의료기기,U,6.964,540.0,-1.058,926.0,-1.134,838.0,-11.665,1757.0,10.129,1656.0,-48.137,1500.0
145990,삼양사,KOSPI,음식료,U,2.625,1159.0,-7.695,2023.0,-8.209,1563.0,-4.311,1115.0,13.011,1361.0,-22.354,478.0
146060,율촌,KOSDAQ,자동차부품,N,2.512,1188.0,-4.719,1563.0,-5.49,1160.0,-5.032,1172.0,30.079,531.0,-53.311,1728.0
146320,비씨엔씨,KOSDAQ,소재,U,7.807,478.0,16.13,218.0,12.898,361.0,9.352,562.0,18.334,1009.0,-37.149,996.0
147760,피엠티,KOSDAQ,후공정/테스트,U,5.289,726.0,28.3,66.0,19.915,238.0,32.154,210.0,9.723,1683.0,0.81,195.0
147830,제룡산업,KOSDAQ,전기장비,N,3.907,915.0,2.005,681.0,1.268,694.0,8.175,593.0,16.119,1153.0,-26.073,573.0
148150,세경하이테크,KOSDAQ,휴대폰 부품,U,0.718,1721.0,-6.681,1896.0,-5.461,1156.0,20.592,340.0,42.898,298.0,-36.511,970.0
148250,알엔투테크놀로지,KOSDAQ,통신장비,N,0.69,1731.0,-4.704,1559.0,5.512,526.0,-0.744,925.0,-4.03,2220.0,-71.377,2260.0
148780,비큐AI,KOSDAQ,소프트웨어,N,7.082,529.0,2.879,627.0,3.989,578.0,22.97,305.0,40.809,320.0,-73.245,2296.0
148930,에이치와이티씨,KOSDAQ,전기제품,N,2.067,1290.0,-8.13,2068.0,-11.774,1949.0,-15.193,1997.0,2.736,2025.0,-21.84,466.0
149950,아바텍,KOSDAQ,MLCC/기판,U,3.73,938.0,8.427,389.0,32.274,118.0,39.92,156.0,45.211,266.0,3.624,181.0
149980,하이로닉,KOSDAQ,건강관리장비와용품,N,-2.229,2237.0,-9.201,2174.0,-16.33,2262.0,-19.295,2198.0,6.297,1890.0,-65.612,2133.0
150900,파수AI,KOSDAQ,소프트웨어,N,-0.669,2020.0,-12.577,2352.0,1.59,671.0,-4.321,1117.0,37.336,375.0,-12.462,318.0
151860,KG에코솔루션,KOSDAQ,자동차,U,0.348,1812.0,-8.376,2099.0,-7.829,1520.0,-13.044,1868.0,6.217,1895.0,-38.591,1059.0
153460,네이블,KOSDAQ,소프트웨어,N,-3.982,2354.0,-12.965,2370.0,-17.907,2317.0,-28.647,2388.0,-2.199,2181.0,-46.846,1436.0
153490,우리이앤엘하루틴,KOSDAQ,디스플레이장비및부품,N,-3.182,2317.0,-8.069,2061.0,-5.039,1114.0,53.995,104.0,59.109,154.0,-39.88,1118.0
153710,옵티팜,KOSDAQ,제약,N,-0.549,1997.0,-7.997,2055.0,-13.937,2122.0,-14.598,1954.0,10.944,1592.0,-38.529,1057.0
153890,져스텍,KOSDAQ,기계,N,-5.81,2421.0,-10.308,2255.0,-18.474,2337.0,26.37,272.0,-20.298,2441.0,,
154030,아시아종묘,KOSDAQ,생물공학,N,-0.535,1994.0,-11.774,2321.0,-13.308,2082.0,-12.071,1788.0,9.046,1726.0,-46.909,1439.0
154040,다산솔루에타,KOSDAQ,전자제품,N,-4.227,2368.0,-9.571,2207.0,-12.037,1975.0,10.21,546.0,36.333,388.0,-39.063,1082.0
155650,와이엠씨,KOSDAQ,디스플레이장비및부품,N,15.157,158.0,12.127,291.0,12.64,366.0,15.874,415.0,40.098,331.0,-17.756,397.0
155660,DSR,KOSPI,비철금속,N,-0.302,1956.0,-7.663,2017.0,-12.276,1993.0,-15.168,1994.0,7.246,1842.0,-26.271,576.0
156100,엘앤케이바이오,KOSDAQ,건강관리장비와용품,N,6.166,620.0,6.048,472.0,54.161,45.0,71.705,56.0,49.196,226.0,-46.812,1433.0
158430,아톤,KOSDAQ,소프트웨어,N,1.272,1483.0,-12.892,2368.0,16.185,307.0,17.767,379.0,46.345,252.0,-29.944,737.0
159010,아스플로,KOSDAQ,소재,U,8.808,416.0,46.097,26.0,26.475,155.0,104.863,19.0,92.141,46.0,430.799,2.0
159580,제로투세븐,KOSDAQ,화장품,U,3.511,974.0,-4.017,1332.0,-10.145,1791.0,-10.61,1659.0,10.03,1663.0,-68.712,2213.0
159910,에코글로우,KOSDAQ,화장품,N,5.56,682.0,-4.254,1485.0,-7.506,1478.0,-10.456,1643.0,19.961,922.0,-26.447,581.0
160190,하이젠알앤엠,KOSDAQ,로봇,U,-1.291,2129.0,15.579,228.0,58.889,34.0,73.599,52.0,61.179,140.0,-42.801,1243.0
160550,NEW,KOSDAQ,방송과엔터테인먼트,N,-3.216,2318.0,-14.968,2421.0,-6.015,1212.0,-12.293,1808.0,-2.529,2193.0,-68.604,2210.0
160980,싸이맥스,KOSDAQ,반도체 장비,U,7.421,506.0,20.965,158.0,10.049,416.0,-13.196,1878.0,-8.338,2307.0,-16.372,378.0
161000,애경케미칼,KOSPI,정유화학,U,11.424,288.0,5.414,497.0,-0.889,822.0,17.08,385.0,23.346,774.0,-38.126,1040.0
161390,한국타이어앤테크놀로지,KOSPI,자동차,U,5.627,675.0,-0.621,881.0,-15.409,2212.0,-21.661,2268.0,-2.024,2174.0,-15.079,357.0
161580,필옵틱스,KOSDAQ,반도체 장비,U,26.511,45.0,26.577,86.0,50.78,57.0,44.974,131.0,40.185,330.0,-14.962,355.0
161890,한국콜마,KOSPI,화장품,U,-5.985,2426.0,-13.187,2377.0,-18.591,2341.0,24.707,281.0,30.466,516.0,55.403,54.0
162300,신스틸,KOSDAQ,철강,N,-3.497,2338.0,-22.04,2498.0,21.596,215.0,34.305,189.0,31.328,497.0,3.769,180.0
163280,에어레인,KOSDAQ,화학,N,5.865,644.0,-2.801,1132.0,4.102,570.0,10.996,525.0,13.142,1356.0,-57.644,1893.0
163560,동일고무벨트,KOSPI,화학,N,3.857,920.0,-2.981,1176.0,-7.256,1445.0,-13.773,1913.0,9.881,1673.0,-47.776,1482.0
163730,핑거,KOSDAQ,IT서비스,N,17.928,116.0,53.99,16.0,47.721,60.0,40.369,150.0,62.91,132.0,25.858,111.0
166090,하나머티리얼즈,KOSDAQ,소재,U,8.586,433.0,15.254,231.0,19.228,248.0,4.796,698.0,27.53,609.0,-13.768,341.0
166480,코아스템켐온,KOSDAQ,생물공학,N,10.031,338.0,5.462,493.0,-1.969,888.0,6.133,653.0,24.309,724.0,-26.37,579.0
168330,내츄럴엔도텍,KOSDAQ,화장품,N,2.993,1082.0,-0.598,873.0,5.373,532.0,17.644,380.0,39.853,334.0,-15.369,361.0
168360,펨트론,KOSDAQ,반도체 장비,U,13.336,207.0,18.47,182.0,17.429,274.0,26.487,270.0,3.378,2002.0,-44.353,1314.0
169330,엠브레인,KOSDAQ,IT서비스,N,13.903,193.0,41.337,30.0,31.782,123.0,33.416,196.0,35.95,398.0,-35.472,938.0
170030,현대공업,KOSDAQ,자동차,U,4.549,818.0,-0.359,853.0,-3.585,991.0,-7.005,1319.0,14.138,1286.0,-34.348,890.0
170790,파이오링크,KOSDAQ,통신장비,N,2.057,1293.0,-5.554,1706.0,-7.197,1434.0,-9.537,1502.0,20.476,905.0,-36.503,968.0
170900,동아에스티,KOSPI,제약바이오,U,2.541,1181.0,-6.492,1865.0,-12.515,2015.0,-16.314,2056.0,11.462,1551.0,-45.516,1364.0
170920,엘티씨,KOSDAQ,반도체 장비,U,13.364,205.0,30.058,58.0,22.212,207.0,9.888,552.0,1.414,2065.0,30.826,98.0
171010,램테크놀러지,KOSDAQ,반도체와반도체장비,N,4.02,890.0,-2.908,1156.0,-7.286,1449.0,-15.014,1984.0,6.451,1882.0,-43.276,1261.0
171090,선익시스템,KOSDAQ,디스플레이,U,12.023,265.0,4.305,548.0,1.07,701.0,8.028,598.0,54.461,181.0,-35.219,930.0
171120,라이온켐텍,KOSDAQ,건축자재,N,3.596,960.0,-1.901,1027.0,-5.231,1137.0,-8.399,1412.0,12.525,1464.0,-27.948,684.0
172670,에이엘티,KOSDAQ,후공정/테스트,U,10.022,339.0,25.504,102.0,50.184,59.0,44.34,133.0,70.574,91.0,13.914,141.0
173130,오파스넷,KOSDAQ,IT서비스,N,4.019,891.0,8.101,401.0,30.337,130.0,20.434,344.0,35.515,405.0,-20.398,434.0
173940,에프엔씨엔터,KOSDAQ,방송과엔터테인먼트,N,0.043,1880.0,-12.825,2364.0,-15.292,2208.0,-27.127,2372.0,5.506,1922.0,-73.328,2300.0
174900,앱클론,KOSDAQ,생물공학,N,43.437,8.0,33.524,44.0,18.392,262.0,-4.857,1153.0,21.783,845.0,-72.648,2276.0
175140,아고스,KOSDAQ,전자제품,N,3.038,1073.0,-1.639,995.0,-15.086,2194.0,-11.604,1751.0,14.739,1251.0,-69.17,2220.0
175250,아이큐어,KOSDAQ,화장품,N,-1.026,2084.0,-4.434,1510.0,-29.992,2478.0,-33.412,2436.0,-10.26,2338.0,-50.734,1622.0
175330,JB금융지주,KOSPI,은행,U,-2.724,2287.0,-16.242,2444.0,-11.794,1950.0,-2.931,1034.0,24.123,733.0,-27.462,602.0
176750,듀켐바이오,KOSDAQ,제약바이오,U,17.358,119.0,22.75,134.0,10.671,401.0,1.158,847.0,29.094,557.0,-45.459,1361.0
177350,베셀,KOSDAQ,화학,N,-8.615,2471.0,-15.07,2422.0,-32.688,2492.0,-24.238,2322.0,3.059,2015.0,-70.222,2235.0
177830,파버나인,KOSDAQ,디스플레이장비및부품,N,-1.246,2121.0,-8.602,2119.0,-16.244,2259.0,-22.509,2291.0,-2.544,2195.0,-51.462,1648.0
177900,쓰리에이로직스,KOSDAQ,통신장비,N,3.573,967.0,-0.192,837.0,-9.596,1713.0,-14.392,1942.0,-4.798,2244.0,-67.446,2179.0
178320,서진시스템,KOSDAQ,에너지,U,30.172,26.0,11.345,309.0,17.531,271.0,2.632,786.0,1.403,2066.0,-30.044,741.0
178780,일월지엠엘,KOSDAQ,전문소매,N,-1.851,2194.0,-5.254,1661.0,-0.724,810.0,2.616,789.0,11.226,1570.0,-33.534,858.0
178920,PI첨단소재,KOSPI,정유화학,U,12.354,248.0,5.383,501.0,0.253,746.0,0.214,884.0,17.771,1047.0,-34.996,921.0
179290,엠아이텍,KOSDAQ,의료기기,U,3.855,922.0,-9.069,2160.0,-16.174,2252.0,-17.054,2103.0,18.102,1025.0,-55.11,1810.0
179530,애드바이오텍,KOSDAQ,제약,N,18.251,111.0,1.456,717.0,-25.974,2456.0,-15.874,2031.0,12.527,1463.0,-58.386,1921.0
179900,유티아이,KOSDAQ,휴대폰 부품,U,1.09,1601.0,-3.162,1198.0,-0.283,784.0,2.787,777.0,-28.381,2476.0,-114.346,2524.0
180400,DXVX,KOSDAQ,건강관리업체및서비스,N,0.251,1835.0,-3.616,1258.0,-10.189,1795.0,-17.395,2122.0,8.182,1782.0,-76.492,2347.0
180640,한진칼,KOSPI,지주,U,-4.477,2376.0,-6.687,1897.0,-11.609,1932.0,-0.256,901.0,13.927,1301.0,-4.048,224.0
181710,NHN,KOSPI,IT SW,U,3.054,1070.0,2.675,641.0,-22.749,2431.0,20.524,342.0,67.336,107.0,33.157,92.0
182360,큐브엔터,KOSDAQ,엔터,U,-0.126,1916.0,-6.509,1870.0,9.351,437.0,4.701,702.0,19.569,943.0,-62.331,2039.0
182400,엔케이젠바이오텍코리아,KOSDAQ,생명과학도구및서비스,N,1.09,1602.0,-4.254,1440.0,-6.72,1338.0,-10.14,1595.0,13.011,1409.0,-27.462,646.0
183190,아세아시멘트,KOSPI,건설,U,-1.981,2210.0,-6.48,1862.0,-9.977,1773.0,0.971,854.0,18.22,1018.0,-30.996,766.0
183300,코미코,KOSDAQ,소재,U,8.165,460.0,17.789,193.0,22.502,201.0,12.784,486.0,-0.815,2134.0,-13.947,342.0
183490,엔지켐생명과학,KOSDAQ,제약,N,1.09,1603.0,-4.254,1441.0,-6.72,1339.0,-10.14,1596.0,13.011,1410.0,-27.462,647.0
184230,SGA솔루션즈,KOSDAQ,소프트웨어,N,-1.754,2181.0,-10.432,2264.0,4.091,572.0,-0.865,935.0,27.986,588.0,-33.644,862.0
185490,아이진,KOSDAQ,생물공학,N,-0.551,1998.0,-3.624,1261.0,-7.135,1427.0,12.809,484.0,52.199,198.0,4.088,177.0
185750,종근당,KOSPI,제약바이오,U,1.552,1410.0,-4.864,1577.0,-12.636,2028.0,-13.547,1896.0,7.367,1837.0,-51.824,1668.0
186230,그린플러스,KOSDAQ,건축자재,N,2.34,1235.0,-4.254,1480.0,-14.935,2181.0,-4.774,1149.0,11.642,1539.0,-57.859,1899.0
187220,디티앤씨,KOSDAQ,전자장비와기기,N,4.248,862.0,-1.462,976.0,-4.602,1075.0,-11.359,1735.0,-5.663,2263.0,-59.28,1950.0
187270,신화콘텍,KOSDAQ,핸드셋,N,5.36,713.0,-8.03,2058.0,-11.898,1962.0,-3.594,1069.0,12.671,1453.0,-43.024,1250.0
187420,HLB제넥스,KOSDAQ,생물공학,N,7.973,466.0,0.749,764.0,-7.293,1450.0,9.235,564.0,10.96,1590.0,-52.998,1717.0
187660,페니트리움바이오,KOSDAQ,제약,N,6.972,538.0,-0.1,828.0,40.759,77.0,61.708,83.0,58.053,163.0,-68.021,2190.0
187790,나노,KOSDAQ,화학,N,3.704,942.0,0.413,788.0,1.556,675.0,1.803,822.0,4.29,1966.0,-34.009,880.0
187870,디바이스,KOSDAQ,반도체 장비,U,8.879,408.0,25.223,107.0,16.556,295.0,4.464,710.0,9.056,1724.0,-12.422,316.0
188040,바이오포트,KOSDAQ,식품,N,0.89,1688.0,-3.24,1210.0,-6.62,1277.0,-5.518,1200.0,14.956,1234.0,-38.85,1070.0
188260,세니젠,KOSDAQ,건강관리장비와용품,N,-4.819,2390.0,-5.447,1692.0,-4.498,1065.0,-6.588,1280.0,14.234,1279.0,-0.468,203.0
189300,인텔리안테크,KOSDAQ,우주,U,5.394,706.0,6.401,457.0,8.677,452.0,-6.283,1257.0,12.874,1440.0,-62.667,2053.0
189330,씨이랩,KOSDAQ,IT서비스,N,-2.558,2265.0,-10.488,2266.0,-5.125,1127.0,-11.864,1775.0,20.88,892.0,122.654,28.0
189690,포시에스,KOSDAQ,소프트웨어,N,2.958,1090.0,-4.904,1585.0,-7.371,1461.0,-5.622,1210.0,3.581,1995.0,-49.554,1566.0
189860,서전기전,KOSDAQ,전기장비,N,4.329,851.0,-2.862,1145.0,17.066,281.0,14.25,450.0,31.616,486.0,-26.472,583.0
189980,흥국에프엔비,KOSDAQ,음료,N,-0.69,2023.0,-4.512,1528.0,-7.66,1497.0,-4.295,1113.0,12.925,1436.0,-52.832,1711.0
190510,나무가,KOSDAQ,휴대폰 부품,U,2.811,1118.0,-7.877,2041.0,10.203,410.0,6.612,639.0,36.924,379.0,-29.004,708.0
190650,코리아에셋투자증권,KOSDAQ,증권,N,1.865,1326.0,-5.168,1648.0,-10.991,1880.0,-12.396,1819.0,8.459,1756.0,-46.313,1399.0
191410,육일씨엔에쓰,KOSDAQ,디스플레이패널,N,-3.93,2352.0,-11.574,2314.0,-14.598,2164.0,12.155,496.0,46.556,250.0,-51.776,1664.0
191420,테고사이언스,KOSDAQ,생물공학,N,0.673,1734.0,-9.795,2228.0,-12.136,1981.0,-0.492,911.0,15.297,1209.0,-68.337,2202.0
192080,더블유게임즈,KOSPI,게임,U,1.433,1443.0,-1.981,1036.0,-4.981,1107.0,-15.018,1986.0,2.873,2022.0,-5.332,231.0
192250,케이사인,KOSDAQ,소프트웨어,N,5.236,733.0,-1.908,1029.0,7.31,481.0,3.422,747.0,25.038,694.0,-48.884,1539.0
192390,윈하이텍,KOSDAQ,건축자재,N,1.358,1463.0,-1.843,1016.0,-3.46,983.0,-3.765,1079.0,21.927,839.0,-33.448,854.0
192400,쿠쿠홀딩스,KOSPI,지주,U,-0.194,1930.0,-4.068,1342.0,-9.079,1668.0,-9.767,1517.0,16.473,1127.0,-28.927,703.0
192410,오늘이엔엠,KOSDAQ,통신장비,N,-7.018,2444.0,-21.529,2496.0,-39.791,2517.0,-28.994,2392.0,15.113,1224.0,-74.585,2317.0
192440,슈피겐코리아,KOSDAQ,핸드셋,N,-0.413,1977.0,-6.41,1855.0,-6.38,1250.0,-9.457,1495.0,13.866,1304.0,-19.403,420.0
192650,드림텍,KOSPI,휴대폰 부품,U,12.096,262.0,27.673,74.0,44.327,63.0,101.36,21.0,121.224,18.0,22.859,117.0
192820,코스맥스,KOSPI,화장품,U,0.355,1810.0,-7.997,2056.0,-12.149,1982.0,28.18,253.0,64.697,125.0,22.455,118.0
193250,링크드,KOSDAQ,핸드셋,N,-7.427,2456.0,-12.989,2372.0,-21.363,2408.0,11.644,510.0,57.86,164.0,-1.329,209.0
194370,제이에스코퍼레이션,KOSPI,의류,U,2.034,1299.0,-4.098,1350.0,-9.154,1676.0,-13.674,1904.0,17.236,1081.0,-10.931,295.0
194480,데브시스터즈,KOSDAQ,게임,U,-0.869,2053.0,-7.03,1937.0,-20.927,2402.0,-43.584,2490.0,-5.25,2256.0,-64.211,2094.0
194700,노바렉스,KOSDAQ,음식료,U,3.862,919.0,-1.583,990.0,-10.252,1801.0,-40.569,2475.0,-6.648,2278.0,-48.825,1536.0
195500,마니커에프앤지,KOSDAQ,식품,N,1.382,1457.0,-4.89,1582.0,-10.095,1787.0,-6.019,1239.0,17.449,1067.0,-61.889,2021.0
195870,해성디에스,KOSPI,MLCC/기판,U,7.789,479.0,9.509,358.0,20.323,234.0,21.248,326.0,25.018,697.0,-1.885,214.0
195940,HK이노엔,KOSDAQ,제약바이오,U,4.436,835.0,-1.7,998.0,-14.315,2139.0,-6.927,1310.0,11.058,1581.0,-42.127,1212.0
195990,루트K,KOSDAQ,기계,N,0.125,1865.0,-8.087,2064.0,-21.125,2404.0,-17.599,2134.0,0.282,2099.0,-84.444,2421.0
196170,알테오젠,KOSDAQ,제약바이오,U,4.89,774.0,-2.688,1115.0,-19.785,2375.0,-35.356,2452.0,-8.59,2312.0,-54.157,1772.0
196300,HLB펩,KOSDAQ,생물공학,N,7.602,493.0,5.447,495.0,0.792,720.0,-2.248,1002.0,13.011,1362.0,-64.202,2093.0
196450,코아시아씨엠,KOSDAQ,핸드셋,N,0.059,1877.0,-3.993,1327.0,-8.636,1618.0,-23.852,2314.0,-7.352,2287.0,-69.245,2222.0
196490,디에이테크놀로지,KOSDAQ,전기제품,N,-49.405,2548.0,-54.749,2544.0,-57.215,2534.0,-60.635,2516.0,-37.484,2502.0,-77.957,2365.0
196700,웹스,KOSDAQ,화학,N,-5.775,2417.0,-14.01,2399.0,-17.4,2301.0,-14.225,1932.0,30.415,518.0,-61.569,2012.0
197140,디지캡,KOSDAQ,소프트웨어,N,-2.676,2284.0,-9.992,2241.0,-11.679,1937.0,0.437,878.0,19.74,935.0,-5.64,235.0
198080,캐프,KOSDAQ,핸드셋,N,1.09,1604.0,-6.114,1796.0,-9.709,1733.0,-15.733,2021.0,8.92,1736.0,-49.314,1556.0
198440,강동씨앤엘,KOSDAQ,건축자재,N,-4.584,2382.0,-23.311,2502.0,-34.308,2500.0,34.077,191.0,10.244,1646.0,10.451,153.0
198940,한주라이트메탈,KOSDAQ,자동차부품,N,6.419,591.0,-2.973,1173.0,1.823,663.0,-3.548,1065.0,5.354,1930.0,-5.326,230.0
199430,케이엔알시스템,KOSDAQ,기계,N,-0.88,2057.0,-9.241,2178.0,1.367,688.0,7.844,606.0,71.929,88.0,-42.379,1223.0
199480,뱅크웨어글로벌,KOSDAQ,IT서비스,N,1.215,1505.0,-1.565,987.0,-6.345,1246.0,44.091,135.0,51.049,207.0,-39.811,1116.0
199550,레이저옵텍,KOSDAQ,건강관리장비와용품,N,0.168,1853.0,-6.378,1847.0,-6.875,1382.0,32.559,205.0,13.95,1298.0,-62.31,2038.0
199730,바이오인프라,KOSDAQ,생명과학도구및서비스,N,-13.362,2511.0,-26.528,2511.0,-63.415,2539.0,-71.571,2531.0,-58.716,2532.0,-110.634,2520.0
199800,툴젠,KOSDAQ,생물공학,N,3.46,981.0,1.404,723.0,-6.43,1256.0,-30.532,2412.0,10.887,1596.0,-66.311,2146.0
199820,제일일렉트릭,KOSDAQ,전력기기,U,5.312,721.0,1.22,737.0,2.547,630.0,4.353,717.0,11.885,1513.0,-46.102,1389.0
200130,콜마비앤에이치,KOSDAQ,음식료,U,6.188,618.0,-2.223,1063.0,-17.387,2300.0,-16.868,2091.0,9.069,1722.0,-53.565,1738.0
200230,텔콘RF제약,KOSDAQ,제약,N,5.209,737.0,1.07,746.0,-4.243,1048.0,-5.542,1205.0,-3.349,2213.0,-86.124,2430.0
200350,아티스트스튜디오,KOSDAQ,방송과엔터테인먼트,N,30.756,23.0,28.276,67.0,27.426,150.0,25.943,276.0,68.672,98.0,-52.632,1704.0
200470,에이팩트,KOSDAQ,후공정/테스트,U,25.355,50.0,59.559,13.0,60.331,33.0,87.136,31.0,84.295,60.0,33.236,91.0
200670,휴메딕스,KOSDAQ,주사제,U,7.069,532.0,-2.472,1092.0,-6.914,1395.0,-8.959,1450.0,8.021,1795.0,-47.524,1468.0
200710,에이디테크놀로지,KOSDAQ,로직,U,11.744,273.0,21.436,150.0,20.047,237.0,-7.895,1380.0,10.701,1612.0,-67.177,2172.0
200780,비씨월드제약,KOSDAQ,제약,N,2.419,1211.0,-3.594,1251.0,-7.209,1436.0,-14.379,1941.0,11.717,1533.0,-59.381,1956.0
200880,서연이화,KOSPI,자동차,U,5.164,742.0,-1.886,1022.0,-9.907,1763.0,-10.934,1697.0,11.868,1516.0,-39.512,1102.0
201490,미투온,KOSDAQ,게임엔터테인먼트,N,-7.277,2451.0,-15.842,2435.0,32.135,121.0,47.036,121.0,79.026,74.0,-9.58,276.0
203400,에이비온,KOSDAQ,제약,N,1.09,1605.0,-4.254,1442.0,-6.72,1340.0,-16.12,2046.0,-1.957,2171.0,-96.664,2483.0
203450,유니온바이오메트릭스,KOSDAQ,전자장비와기기,N,3.428,992.0,5.169,514.0,6.401,501.0,9.902,550.0,17.415,1071.0,-34.336,888.0
203650,드림시큐리티,KOSDAQ,상업서비스와공급품,N,3.061,1068.0,2.5,652.0,33.083,112.0,40.31,151.0,45.955,258.0,52.944,58.0
204020,그리티,KOSDAQ,"섬유,의류,신발,호화품",N,1.428,1444.0,-5.145,1640.0,-13.963,2127.0,-12.23,1799.0,7.995,1797.0,-39.343,1095.0
204270,제이앤티씨,KOSDAQ,디스플레이,U,-7.103,2450.0,-2.862,1144.0,9.565,431.0,34.946,188.0,48.389,229.0,22.196,119.0
204320,HL만도,KOSPI,자동차,U,4.716,794.0,-6.836,1911.0,-7.142,1428.0,-13.422,1892.0,7.881,1803.0,-28.822,700.0
204610,티쓰리,KOSDAQ,게임엔터테인먼트,N,-2.601,2270.0,-10.616,2273.0,-19.086,2360.0,-17.26,2113.0,8.045,1793.0,-13.573,339.0
204620,글로벌텍스프리,KOSDAQ,호텔레저,U,-0.979,2078.0,-7.655,2016.0,-8.789,1636.0,1.892,818.0,31.099,506.0,-10.709,291.0
204840,지엘팜텍,KOSDAQ,제약,N,-1.688,2172.0,-11.845,2324.0,-23.552,2436.0,-10.849,1682.0,11.216,1571.0,-48.456,1517.0
205100,엑셈,KOSDAQ,소프트웨어,N,6.17,619.0,8.519,384.0,-0.406,792.0,-5.892,1226.0,11.851,1521.0,-43.079,1252.0
205470,휴마시스,KOSDAQ,생명과학도구및서비스,N,1.859,1330.0,-15.138,2424.0,-22.204,2423.0,8.145,594.0,23.794,757.0,-56.833,1865.0
205500,넥써쓰,KOSDAQ,게임엔터테인먼트,N,5.092,749.0,-6.376,1844.0,-6.936,1398.0,-1.483,961.0,30.229,523.0,-7.967,255.0
206400,베노티앤알,KOSDAQ,건설,N,27.574,39.0,20.709,161.0,6.341,503.0,-11.093,1713.0,-13.966,2382.0,-57.276,1887.0
206560,덱스터,KOSDAQ,방송과엔터테인먼트,N,-0.317,1958.0,-6.402,1853.0,-5.722,1183.0,-26.177,2353.0,-9.125,2320.0,-96.102,2481.0
206640,바디텍메드,KOSDAQ,의료기기,U,5.368,710.0,-1.297,957.0,-7.836,1523.0,-23.78,2312.0,1.648,2057.0,-34.693,906.0
206650,유바이오로직스,KOSDAQ,제약바이오,U,3.639,950.0,-2.691,1116.0,-12.201,1987.0,-8.821,1440.0,12.306,1484.0,-64.071,2088.0
207760,미스터블루,KOSDAQ,양방향미디어와서비스,N,4.082,881.0,-13.285,2381.0,-23.955,2439.0,-27.374,2376.0,-26.452,2467.0,-95.228,2476.0
207940,삼성바이오로직스,KOSPI,제약바이오,U,0.211,1841.0,-8.157,2074.0,-16.514,2268.0,-18.405,2170.0,9.381,1701.0,-42.09,1210.0
208140,정다운,KOSDAQ,식품,N,1.09,1653.0,-5.133,1634.0,-8.677,1621.0,-9.019,1454.0,11.915,1512.0,-35.421,935.0
208350,지란지교시큐리티,KOSDAQ,소프트웨어,N,-2.639,2278.0,-9.745,2225.0,-13.605,2103.0,-7.613,1362.0,7.836,1807.0,-36.727,980.0
208370,셀바스헬스케어,KOSDAQ,건강관리장비와용품,N,14.523,176.0,11.65,304.0,2.296,638.0,-11.985,1781.0,8.352,1769.0,-63.519,2071.0
208640,썸에이지,KOSDAQ,게임엔터테인먼트,N,-12.019,2505.0,-5.81,1751.0,-2.216,905.0,-53.692,2506.0,-0.097,2112.0,-72.979,2288.0
208710,포톤,KOSDAQ,핸드셋,N,0.91,1684.0,-4.969,1602.0,-0.194,777.0,-4.627,1139.0,53.946,185.0,10.598,151.0
208860,다산디엠씨,KOSDAQ,자동차부품,N,-13.853,2513.0,-19.196,2476.0,-21.663,2416.0,12.731,488.0,30.416,517.0,-37.794,1028.0
209640,와이제이링크,KOSDAQ,전자장비와기기,N,11.462,287.0,30.05,59.0,30.244,131.0,17.552,382.0,22.945,802.0,-22.531,482.0
210120,캔버스엔,KOSDAQ,방송과엔터테인먼트,N,-7.785,2459.0,-5.851,1760.0,-9.864,1754.0,-23.543,2309.0,-0.392,2121.0,-76.587,2350.0
210540,디와이파워,KOSPI,기계,N,1.27,1485.0,-3.62,1259.0,-9.005,1658.0,-8.122,1391.0,9.205,1714.0,-47.919,1491.0
210980,SK디앤디,KOSPI,부동산,N,1.69,1375.0,-13.701,2393.0,-27.218,2467.0,-36.078,2456.0,-57.298,2530.0,-101.373,2500.0
211050,인카금융서비스,KOSDAQ,보험,U,-2.313,2246.0,-11.107,2296.0,-18.753,2348.0,-16.903,2093.0,5.8,1908.0,-45.682,1369.0
211270,AP위성,KOSDAQ,통신장비,N,6.406,594.0,2.72,636.0,14.272,339.0,14.992,432.0,20.469,906.0,-64.937,2115.0
212560,네오오토,KOSDAQ,자동차부품,N,9.543,370.0,5.571,487.0,22.752,196.0,0.114,887.0,13.635,1318.0,29.126,104.0
212710,아이에스티이,KOSDAQ,반도체와반도체장비,N,7.757,483.0,8.49,387.0,-3.706,999.0,-11.582,1748.0,-9.222,2322.0,-21.695,462.0
213420,덕산네오룩스,KOSDAQ,디스플레이,U,4.711,795.0,-7.162,1953.0,-15.104,2195.0,-14.287,1935.0,11.536,1545.0,-55.658,1828.0
213500,한솔제지,KOSPI,개별주,U,-2.386,2249.0,-7.987,2053.0,-10.837,1862.0,-12.308,1811.0,20.133,916.0,-44.282,1311.0
214150,클래시스,KOSDAQ,의료기기,U,0.927,1679.0,-8.473,2111.0,-11.828,1954.0,-42.629,2484.0,-19.478,2437.0,-67.715,2184.0
214180,헥토이노베이션,KOSDAQ,IT SW,U,0.52,1769.0,-0.536,866.0,-10.579,1832.0,-13.265,1883.0,12.94,1435.0,-47.058,1451.0
214260,라파스,KOSDAQ,화장품,U,0.959,1670.0,-4.645,1550.0,-10.011,1775.0,-24.967,2338.0,2.683,2026.0,-46.786,1432.0
214270,FSN,KOSDAQ,양방향미디어와서비스,N,2.926,1095.0,1.867,696.0,-0.028,765.0,-9.633,1508.0,17.849,1042.0,-60.779,1987.0
214320,이노션,KOSPI,유통,U,1.422,1448.0,-5.021,1613.0,-10.697,1842.0,-14.824,1970.0,9.188,1715.0,-24.681,532.0
214330,금호에이치티,KOSPI,자동차부품,N,8.211,458.0,5.7,482.0,10.527,405.0,24.527,283.0,-8.694,2314.0,-70.394,2239.0
214370,케어젠,KOSDAQ,제약바이오,U,6.936,546.0,-0.977,914.0,-16.762,2279.0,-43.966,2492.0,-21.828,2447.0,-75.571,2332.0
214390,경보제약,KOSPI,제약,N,1.647,1383.0,-3.51,1242.0,-9.587,1712.0,-6.507,1278.0,17.443,1068.0,-49.922,1585.0
214420,토니모리,KOSPI,화장품,U,2.394,1216.0,-3.856,1298.0,-11.257,1903.0,-14.314,1939.0,8.475,1754.0,-46.662,1425.0
214430,아이쓰리시스템,KOSDAQ,방산,U,16.002,140.0,27.625,75.0,28.564,144.0,7.174,630.0,38.57,358.0,-43.487,1268.0
214450,파마리서치,KOSDAQ,주사제,U,-4.026,2358.0,-11.807,2322.0,-28.758,2474.0,-30.556,2413.0,10.464,1625.0,-19.143,416.0
214610,롤링스톤,KOSDAQ,건강관리장비와용품,N,1.09,1606.0,-4.254,1443.0,-6.72,1341.0,-10.14,1597.0,13.011,1411.0,-27.462,648.0
214680,디알텍,KOSDAQ,건강관리장비와용품,N,3.577,966.0,-6.256,1830.0,-29.042,2475.0,-19.641,2211.0,-22.647,2454.0,-80.354,2392.0
215000,골프존,KOSDAQ,개별주,U,0.95,1673.0,-2.833,1141.0,-7.553,1484.0,-14.429,1944.0,2.485,2032.0,-54.53,1785.0
215090,솔디펜스,KOSDAQ,우주항공과국방,N,-0.899,2062.0,-6.377,1846.0,3.288,603.0,-7.26,1336.0,15.083,1228.0,-73.024,2290.0
215100,로보로보,KOSDAQ,교육서비스,N,4.542,820.0,-0.03,824.0,-1.318,852.0,-6.432,1271.0,17.886,1040.0,-62.524,2048.0
215200,메가스터디교육,KOSDAQ,개별주,U,4.538,822.0,3.971,561.0,-0.638,806.0,-20.104,2222.0,5.718,1913.0,-46.381,1403.0
215360,우리산업,KOSDAQ,자동차부품,N,5.162,743.0,0.158,808.0,-6.563,1269.0,-8.388,1410.0,13.8,1307.0,-50.566,1617.0
215380,콜마바이오텍,KOSDAQ,생명과학도구및서비스,N,2.622,1160.0,1.925,686.0,1.691,666.0,-13.271,1884.0,4.171,1975.0,-33.153,843.0
215480,토박스코리아,KOSDAQ,"섬유,의류,신발,호화품",N,7.59,494.0,2.299,665.0,2.623,625.0,5.621,670.0,31.279,499.0,-30.423,748.0
215600,신라젠,KOSDAQ,제약바이오,U,6.447,590.0,3.019,615.0,-10.98,1879.0,-4.31,1114.0,16.068,1154.0,-63.935,2083.0
215790,이노인스트루먼트,KOSDAQ,통신장비,N,-1.553,2160.0,-11.656,2317.0,-4.72,1088.0,-22.903,2298.0,-8.06,2300.0,-95.041,2475.0
216050,인크로스,KOSDAQ,광고,N,2.103,1281.0,-3.547,1247.0,-11.039,1882.0,-4.525,1132.0,10.565,1621.0,-49.449,1563.0
216080,제테마,KOSDAQ,주사제,U,-15.461,2521.0,-18.294,2469.0,-9.633,1720.0,27.003,262.0,22.301,830.0,-44.128,1301.0
217190,제너셈,KOSDAQ,반도체와반도체장비,N,10.93,309.0,16.506,212.0,25.44,164.0,62.844,77.0,66.829,111.0,25.501,113.0
217270,넵튠,KOSDAQ,게임,U,1.936,1311.0,-9.423,2190.0,-8.974,1654.0,-12.394,1818.0,14.501,1266.0,-62.119,2029.0
217330,싸이토젠,KOSDAQ,건강관리업체및서비스,N,7.206,520.0,3.827,571.0,-1.128,837.0,-13.307,1886.0,18.085,1028.0,-43.759,1283.0
217480,에스디생명공학,KOSDAQ,화장품,N,1.09,1607.0,-4.254,1444.0,-6.72,1342.0,-10.14,1598.0,13.011,1412.0,-27.462,649.0
217500,러셀,KOSDAQ,반도체와반도체장비,N,9.306,384.0,5.502,488.0,-1.866,880.0,-5.15,1178.0,25.511,679.0,-61.875,2020.0
217590,티엠씨,KOSPI,전력기기,U,29.771,28.0,35.868,41.0,71.789,16.0,38.45,167.0,68.1,102.0,-37.291,1002.0
217730,강스템바이오텍,KOSDAQ,생물공학,N,9.828,352.0,0.175,807.0,-7.824,1519.0,-7.857,1377.0,-5.237,2255.0,-55.436,1819.0
217820,원익피앤이,KOSDAQ,전기제품,N,7.757,482.0,-0.582,870.0,18.934,255.0,16.043,411.0,39.327,345.0,-44.987,1332.0
218150,미래생명자원,KOSDAQ,식품,N,1.611,1394.0,-6.582,1880.0,-17.575,2306.0,-11.064,1708.0,22.174,832.0,-64.493,2101.0
218410,RFHIC,KOSDAQ,통신,U,6.892,551.0,13.393,260.0,23.806,182.0,17.04,386.0,20.093,918.0,-52.582,1698.0
219130,타이거일렉,KOSDAQ,MLCC/기판,U,15.323,152.0,19.142,175.0,42.391,72.0,33.854,192.0,60.691,144.0,182.79,10.0
219420,링크제니시스,KOSDAQ,소프트웨어,N,2.494,1190.0,-8.242,2084.0,-7.635,1491.0,-17.283,2115.0,2.42,2034.0,-56.423,1855.0
219550,디와이디,KOSDAQ,화장품,N,4.029,887.0,-0.689,888.0,-9.654,1725.0,-27.546,2380.0,29.662,541.0,-54.751,1795.0
219750,한국비티비,KOSDAQ,건강관리장비와용품,N,6.693,567.0,0.383,792.0,-2.465,918.0,-10.14,1623.0,-6.848,2283.0,-82.727,2408.0
220100,퓨쳐켐,KOSDAQ,제약바이오,U,16.499,133.0,-15.488,2430.0,-16.507,2267.0,-30.34,2408.0,-8.151,2301.0,-88.021,2440.0
220180,폴라리스AI핸디,KOSDAQ,소프트웨어,N,-2.787,2292.0,-9.087,2161.0,-14.375,2144.0,-14.905,1979.0,5.74,1911.0,-57.394,1889.0
220260,켐트로스,KOSDAQ,화학,N,24.147,55.0,23.187,126.0,18.572,260.0,32.338,207.0,43.552,287.0,-32.941,835.0
221800,지구홀딩스,KOSDAQ,건강관리업체및서비스,N,5.642,673.0,-2.917,1159.0,-12.559,2022.0,-15.861,2029.0,-19.31,2436.0,-107.493,2513.0
221840,하이즈항공,KOSDAQ,우주항공과국방,N,-0.352,1963.0,-3.764,1288.0,-5.235,1138.0,-3.812,1082.0,16.861,1101.0,-46.753,1428.0
221980,케이디켐,KOSDAQ,화학,N,0.464,1781.0,-2.977,1174.0,-4.023,1027.0,-9.399,1488.0,9.759,1681.0,-34.674,905.0
222040,코스맥스엔비티,KOSDAQ,화장품,U,-14.356,2516.0,-18.559,2471.0,-33.31,2495.0,-25.36,2341.0,0.237,2100.0,35.15,88.0
222080,SFA넥셀,KOSDAQ,이차전지,U,13.02,217.0,6.636,449.0,3.004,614.0,5.033,687.0,16.353,1137.0,-56.337,1849.0
222110,팬젠,KOSDAQ,생물공학,N,0.986,1662.0,-2.126,1051.0,-10.431,1814.0,-14.14,1930.0,13.64,1317.0,-33.159,844.0
222420,쎄노텍,KOSDAQ,화학,N,9.112,395.0,-0.012,822.0,8.927,449.0,-7.53,1353.0,16.594,1120.0,-52.251,1680.0
222800,심텍,KOSDAQ,MLCC/기판,U,12.929,224.0,23.673,117.0,28.774,142.0,62.054,78.0,54.108,183.0,161.312,12.0
222980,한국맥널티,KOSDAQ,식품,N,-0.078,1904.0,-8.552,2115.0,-12.929,2053.0,-6.209,1254.0,11.383,1555.0,-44.194,1308.0
223250,드림씨아이에스,KOSDAQ,제약,N,12.792,231.0,14.295,245.0,3.475,589.0,2.59,792.0,22.549,820.0,-47.046,1448.0
223310,사토시홀딩스,KOSDAQ,식품과기본식료품소매,N,0.423,1789.0,-9.95,2239.0,-12.416,2002.0,-37.457,2462.0,-13.949,2381.0,-96.087,2480.0
224060,더코디,KOSDAQ,전기제품,N,-1.868,2196.0,-46.851,2537.0,7.317,479.0,13.663,464.0,-8.007,2296.0,-46.224,1397.0
224110,에이텍모빌리티,KOSDAQ,컴퓨터와주변기기,N,-6.873,2442.0,-13.492,2385.0,-15.005,2186.0,-20.72,2240.0,9.929,1668.0,-34.773,911.0
225190,LK삼양,KOSDAQ,전자장비와기기,N,19.951,93.0,14.607,240.0,12.141,375.0,28.672,244.0,29.88,534.0,-73.278,2298.0
225220,제놀루션,KOSDAQ,건강관리장비와용품,N,3.246,1030.0,-1.813,1012.0,-0.271,783.0,2.86,773.0,19.848,930.0,-45.395,1357.0
225430,케이엠제약,KOSDAQ,가정용품,N,1.09,1608.0,-4.254,1445.0,-31.747,2486.0,-71.297,2530.0,-41.546,2510.0,-103.867,2505.0
225530,HC보광산업,KOSDAQ,건축자재,N,2.777,1123.0,-4.96,1599.0,-7.426,1464.0,-0.813,932.0,-14.852,2395.0,-74.974,2325.0
225570,넥슨게임즈,KOSDAQ,게임,U,0.177,1850.0,-10.558,2269.0,-12.208,1988.0,4.191,722.0,37.153,378.0,-30.239,743.0
225590,패션플랫폼,KOSDAQ,"섬유,의류,신발,호화품",N,-10.73,2496.0,-18.214,2467.0,-19.489,2368.0,-14.038,1924.0,0.377,2097.0,-58.454,1925.0
226320,잇츠한불,KOSPI,화장품,U,2.899,1104.0,-1.564,986.0,-7.83,1521.0,2.862,772.0,24.831,704.0,-19.044,411.0
226330,신테카바이오,KOSDAQ,제약바이오,U,-0.694,2025.0,2.133,673.0,-12.803,2046.0,-31.015,2418.0,-8.84,2316.0,-86.157,2431.0
226340,본느,KOSDAQ,화장품,N,28.105,36.0,14.242,246.0,-10.832,1861.0,95.867,23.0,217.768,3.0,102.862,33.0
226400,오스테오닉,KOSDAQ,의료기기,U,5.738,660.0,-5.557,1708.0,-10.42,1813.0,-27.665,2381.0,7.67,1819.0,-62.384,2042.0
226590,엠디바이스,KOSDAQ,반도체와반도체장비,N,3.125,1054.0,15.97,222.0,15.656,315.0,23.668,294.0,36.088,396.0,-61.352,2006.0
226950,올릭스,KOSDAQ,제약바이오,U,14.819,167.0,0.877,758.0,9.847,423.0,-12.644,1837.0,-0.47,2122.0,-52.829,1710.0
227610,아우딘퓨쳐스,KOSDAQ,화장품,N,-0.385,1972.0,-8.093,2065.0,-14.54,2158.0,-17.017,2100.0,18.931,977.0,-37.116,994.0
227840,현대코퍼레이션홀딩스,KOSPI,식품과기본식료품소매,N,0.855,1695.0,-5.722,1732.0,-9.762,1740.0,-7.317,1341.0,17.863,1041.0,-21.915,469.0
227950,엔투텍,KOSDAQ,반도체와반도체장비,N,11.355,292.0,-0.998,917.0,-2.331,910.0,-1.847,976.0,24.29,726.0,-42.216,1214.0
228340,동양파일,KOSDAQ,건축자재,N,-1.229,2118.0,-18.721,2472.0,-19.976,2379.0,29.116,239.0,1.696,2055.0,48.334,66.0
228670,레이,KOSDAQ,건강관리장비와용품,N,0.63,1746.0,-9.402,2187.0,-16.793,2281.0,-33.773,2440.0,7.45,1831.0,-37.628,1021.0
228760,지노믹트리,KOSDAQ,제약바이오,U,11.999,267.0,16.898,207.0,8.049,464.0,-14.678,1962.0,21.072,881.0,-55.655,1827.0
228850,레이언스,KOSDAQ,의료기기,U,9.94,346.0,16.673,208.0,14.548,336.0,26.744,266.0,52.558,195.0,19.467,124.0
229000,젠큐릭스,KOSDAQ,건강관리장비와용품,N,1.09,1609.0,-4.254,1446.0,-0.936,823.0,8.827,578.0,27.255,617.0,-48.231,1504.0
229640,LS에코에너지,KOSPI,전력기기,U,4.84,781.0,13.061,271.0,43.167,69.0,40.086,154.0,43.978,281.0,27.317,108.0
230240,에치에프알,KOSDAQ,통신,U,5.073,752.0,10.626,332.0,11.664,388.0,-16.467,2063.0,-4.174,2225.0,-77.076,2354.0
232140,와이씨,KOSDAQ,반도체 장비,U,19.616,96.0,37.798,36.0,33.446,108.0,74.45,48.0,57.618,167.0,-29.549,727.0
232680,라온로보틱스,KOSDAQ,반도체와반도체장비,N,9.332,382.0,14.096,247.0,10.107,412.0,9.64,558.0,28.477,577.0,-50.484,1615.0
232830,아이티센피엔에스,KOSDAQ,IT서비스,N,3.308,1016.0,-18.191,2466.0,62.393,25.0,93.74,24.0,86.133,56.0,-10.241,282.0
234030,싸이닉솔루션,KOSDAQ,로직,U,13.202,212.0,27.289,83.0,21.706,214.0,12.477,491.0,23.976,743.0,-67.128,2168.0
234080,JW생명과학,KOSPI,제약바이오,U,1.545,1412.0,-3.615,1257.0,-9.881,1761.0,-11.393,1737.0,6.964,1856.0,-38.725,1066.0
234100,폴라리스세원,KOSDAQ,자동차부품,N,-4.144,2365.0,-11.055,2295.0,-16.022,2240.0,-11.116,1716.0,12.815,1446.0,-68.121,2195.0
234300,에스트래픽,KOSDAQ,IT서비스,N,5.592,678.0,9.781,352.0,-5.788,1189.0,10.678,536.0,28.876,565.0,-28.225,690.0
234340,헥토파이낸셜,KOSDAQ,IT SW,U,6.411,593.0,24.752,110.0,-3.459,981.0,21.658,320.0,38.939,353.0,-24.648,531.0
234690,녹십자웰빙,KOSDAQ,제약,N,23.387,61.0,14.085,249.0,12.131,377.0,19.991,350.0,46.142,255.0,-48.654,1527.0
234920,자이글,KOSDAQ,건강관리장비와용품,N,1.09,1610.0,-4.254,1447.0,-6.72,1343.0,-10.14,1599.0,13.011,1413.0,-27.462,650.0
235980,메드팩토,KOSDAQ,제약,N,6.972,537.0,3.746,579.0,-1.401,857.0,3.219,752.0,11.682,1536.0,-69.904,2229.0
236200,슈프리마,KOSDAQ,IT SW,U,0.365,1806.0,2.361,660.0,-6.537,1267.0,-6.155,1248.0,30.105,530.0,-1.194,208.0
236810,엔비티,KOSDAQ,광고,N,-5.792,2419.0,-10.084,2244.0,-9.841,1752.0,1.418,836.0,67.752,103.0,-37.519,1015.0
237690,에스티팜,KOSDAQ,제약바이오,U,3.281,1021.0,-1.046,924.0,-14.526,2157.0,-17.488,2128.0,-12.049,2359.0,-59.36,1953.0
237750,피앤씨테크,KOSDAQ,전기장비,N,3.489,977.0,-1.701,999.0,-10.793,1854.0,-23.134,2303.0,-1.72,2167.0,-48.866,1537.0
237820,플레이디,KOSDAQ,광고,N,5.012,762.0,0.812,760.0,-5.446,1155.0,-9.93,1530.0,-11.989,2357.0,-75.782,2335.0
237880,클리오,KOSDAQ,화장품,U,1.762,1356.0,-5.327,1675.0,-13.491,2094.0,0.173,885.0,33.413,446.0,-24.629,530.0
238090,앤디포스,KOSDAQ,핸드셋,N,-4.003,2355.0,-13.303,2382.0,-6.327,1243.0,-27.507,2378.0,-15.429,2401.0,-77.35,2358.0
238120,얼라인드,KOSDAQ,생명과학도구및서비스,N,-8.016,2462.0,-15.31,2427.0,-14.426,2149.0,-14.403,1943.0,-4.573,2237.0,-58.359,1920.0
238200,비피도,KOSDAQ,건강관리업체및서비스,N,0.521,1768.0,-6.126,1799.0,-12.475,2009.0,-8.194,1395.0,17.186,1082.0,-34.389,891.0
238490,힘스,KOSDAQ,디스플레이장비및부품,N,4.614,808.0,2.081,677.0,-5.862,1198.0,-5.695,1214.0,8.93,1735.0,-50.413,1612.0
239340,이스트에이드,KOSDAQ,증권,N,-7.825,2460.0,-1.184,940.0,-3.65,995.0,-41.335,2479.0,-4.532,2235.0,-90.541,2453.0
239610,에이치엘사이언스,KOSDAQ,건강관리업체및서비스,N,-0.978,2077.0,-4.636,1547.0,-6.912,1393.0,-10.522,1647.0,10.76,1608.0,-53.874,1751.0
239890,피엔에이치테크,KOSDAQ,디스플레이,U,4.877,775.0,2.068,679.0,3.893,581.0,-4.426,1128.0,7.279,1840.0,-47.806,1484.0
240550,동방메디컬,KOSDAQ,주사제,U,5.875,643.0,10.782,328.0,0.182,750.0,-0.468,910.0,20.275,912.0,-27.932,683.0
240600,유진테크놀로지,KOSDAQ,전기제품,N,-19.793,2528.0,-26.916,2514.0,-58.215,2535.0,-66.485,2523.0,-49.186,2521.0,-100.836,2498.0
240810,원익IPS,KOSDAQ,반도체 장비,U,4.456,832.0,11.492,305.0,19.26,247.0,33.073,200.0,24.015,739.0,-6.34,242.0
241520,DSC인베스트먼트,KOSDAQ,창업투자,N,5.781,655.0,4.186,552.0,0.894,708.0,-4.007,1098.0,9.157,1717.0,-60.847,1990.0
241560,두산밥캣,KOSPI,건설기계,U,-3.243,2321.0,-11.325,2308.0,-15.026,2187.0,-22.102,2284.0,-2.066,2177.0,-38.141,1041.0
241590,화승엔터프라이즈,KOSPI,의류,U,1.831,1341.0,-7.457,1992.0,-14.517,2154.0,-26.704,2364.0,1.18,2072.0,-66.612,2156.0
241690,유니테크노,KOSDAQ,자동차부품,N,6.913,549.0,-0.92,907.0,-5.955,1206.0,-2.589,1020.0,10.424,1629.0,-51.743,1659.0
241710,코스메카코리아,KOSDAQ,화장품,U,-12.5,2508.0,-23.609,2503.0,-27.81,2469.0,17.767,378.0,46.183,254.0,23.845,115.0
241770,메카로,KOSDAQ,반도체와반도체장비,N,-0.593,2008.0,3.52,592.0,-0.486,800.0,6.551,642.0,23.851,753.0,-12.896,324.0
241790,티이엠씨씨엔에스,KOSDAQ,반도체와반도체장비,N,3.295,1019.0,-2.37,1079.0,1.447,682.0,26.78,265.0,40.767,321.0,-38.436,1054.0
241820,피씨엘,KOSDAQ,생명과학도구및서비스,N,1.09,1611.0,-4.254,1448.0,-6.72,1344.0,-10.14,1600.0,13.011,1414.0,-27.462,651.0
241840,에이스토리,KOSDAQ,방송과엔터테인먼트,N,-3.04,2309.0,-8.592,2118.0,-17.988,2321.0,-13.641,1900.0,2.464,2033.0,-83.45,2412.0
242040,나무AX,KOSDAQ,IT서비스,N,10.001,341.0,3.413,599.0,-0.096,769.0,-20.466,2231.0,-14.06,2384.0,-61.986,2025.0
243070,휴온스,KOSDAQ,제약바이오,U,4.542,821.0,-7.579,2007.0,-13.514,2096.0,-37.317,2461.0,-20.73,2442.0,-48.755,1534.0
243840,신흥에스이씨,KOSDAQ,이차전지,U,8.627,429.0,-1.622,993.0,-4.626,1077.0,22.064,311.0,31.552,488.0,-54.519,1784.0
244460,올리패스,KOSDAQ,제약,N,1.09,1612.0,-4.254,1449.0,-6.72,1345.0,-10.14,1601.0,13.011,1415.0,-27.462,652.0
244920,에이플러스에셋,KOSPI,보험,U,-2.085,2221.0,-14.416,2410.0,-13.59,2102.0,-10.71,1666.0,30.319,521.0,-10.154,281.0
245620,EDGC,KOSDAQ,생명과학도구및서비스,N,1.09,1613.0,-4.254,1450.0,-6.72,1346.0,-10.14,1602.0,13.011,1416.0,-27.462,653.0
246250,에스엘에스바이오,KOSDAQ,제약,N,1.09,1614.0,-4.254,1451.0,-6.72,1347.0,-10.14,1603.0,13.011,1417.0,-27.462,654.0
246690,TS인베스트먼트,KOSDAQ,창업투자,N,2.466,1199.0,-2.878,1147.0,0.822,715.0,20.629,339.0,51.396,204.0,-31.678,781.0
246710,티앤알바이오팹,KOSDAQ,생물공학,N,2.4,1214.0,-0.218,841.0,-1.98,889.0,-27.135,2373.0,12.796,1448.0,-44.752,1321.0
246720,아스타,KOSDAQ,건강관리장비와용품,N,1.09,1615.0,-4.254,1452.0,-6.72,1348.0,-10.14,1604.0,13.011,1418.0,-27.462,655.0
246960,SCL사이언스,KOSDAQ,건강관리업체및서비스,N,-2.586,2266.0,11.419,307.0,9.984,418.0,42.987,138.0,65.248,122.0,-8.641,265.0
247540,에코프로비엠,KOSDAQ,이차전지,U,11.28,296.0,6.889,438.0,0.41,737.0,2.738,782.0,8.081,1787.0,-70.042,2231.0
247660,나노씨엠에스,KOSDAQ,화학,N,1.333,1466.0,-0.611,878.0,-0.951,824.0,32.101,212.0,47.815,238.0,-40.068,1128.0
248070,솔루엠,KOSPI,개별주,U,29.552,30.0,27.346,81.0,20.858,221.0,6.399,648.0,20.962,887.0,-25.071,545.0
248170,샘표식품,KOSPI,식품,N,-0.261,1941.0,-8.621,2123.0,-11.915,1965.0,-15.335,2001.0,11.438,1553.0,-46.501,1413.0
249420,일동제약,KOSPI,제약바이오,U,5.931,640.0,-3.63,1264.0,-18.727,2345.0,-11.834,1771.0,-0.05,2111.0,-72.913,2286.0
250000,보라티알,KOSDAQ,식품과기본식료품소매,N,-1.215,2116.0,-8.428,2108.0,-11.06,1885.0,-8.853,1442.0,11.054,1583.0,-55.152,1811.0
250060,모비스,KOSDAQ,소프트웨어,N,4.379,840.0,0.239,798.0,0.447,733.0,5.727,663.0,31.279,500.0,-53.925,1753.0
250930,예선테크,KOSDAQ,디스플레이장비및부품,N,-37.039,2542.0,-66.169,2548.0,-77.429,2546.0,-78.06,2536.0,-57.236,2529.0,-102.612,2501.0
251120,바이오에프디엔씨,KOSDAQ,화장품,U,8.287,449.0,9.783,351.0,4.731,546.0,11.82,507.0,27.848,591.0,-52.992,1716.0
251270,넷마블,KOSPI,게임,U,4.001,896.0,-0.74,894.0,-11.18,1894.0,-20.191,2225.0,5.309,1931.0,-54.874,1805.0
251370,와이엠티,KOSDAQ,소재,U,23.793,57.0,27.066,84.0,22.424,203.0,5.721,664.0,5.13,1939.0,-62.168,2032.0
251630,브이원텍,KOSDAQ,기계,N,5.39,708.0,7.985,403.0,0.402,738.0,-7.966,1383.0,18.629,997.0,-54.593,1789.0
251970,펌텍코리아,KOSDAQ,화장품,U,6.307,606.0,-5.559,1710.0,-0.393,791.0,14.86,433.0,53.058,190.0,14.059,140.0
252500,세화피앤씨,KOSDAQ,화장품,N,-1.093,2092.0,-6.65,1889.0,-8.042,1543.0,-7.414,1344.0,-0.139,2113.0,-66.689,2158.0
252990,샘씨엔에스,KOSDAQ,소재,U,11.464,286.0,14.963,234.0,39.547,83.0,45.687,125.0,78.618,75.0,89.534,36.0
253450,스튜디오드래곤,KOSDAQ,엔터,U,1.336,1465.0,-9.59,2209.0,-11.17,1892.0,-20.862,2246.0,6.375,1886.0,-66.384,2149.0
253590,네오셈,KOSDAQ,반도체 장비,U,14.979,162.0,25.58,101.0,28.172,146.0,65.311,69.0,66.964,110.0,-21.906,468.0
253840,수젠텍,KOSDAQ,건강관리장비와용품,N,1.857,1331.0,-3.377,1226.0,0.757,725.0,-0.355,905.0,35.678,404.0,-25.012,544.0
254120,자비스,KOSDAQ,전자장비와기기,N,1.09,1616.0,-10.536,2268.0,-20.546,2395.0,-19.14,2189.0,24.123,734.0,-50.212,1608.0
254490,미래반도체,KOSDAQ,로직,U,12.69,237.0,21.821,144.0,16.296,305.0,16.36,400.0,21.138,877.0,-10.504,288.0
255220,SG,KOSDAQ,건설,U,-5.181,2405.0,-3.716,1278.0,-3.307,968.0,-26.295,2354.0,-7.485,2288.0,-86.698,2435.0
255440,야스,KOSDAQ,디스플레이장비및부품,N,15.969,141.0,27.592,77.0,15.013,327.0,32.219,208.0,29.294,547.0,-51.822,1666.0
256150,한독크린텍,KOSDAQ,가정용기기와용품,N,3.122,1056.0,-2.221,1060.0,-2.894,942.0,0.311,881.0,25.567,674.0,-29.415,723.0
256630,포인트엔지니어링,KOSDAQ,디스플레이장비및부품,N,1.32,1473.0,-4.825,1573.0,-6.49,1262.0,-7.546,1356.0,15.004,1231.0,-17.12,387.0
256840,한국비엔씨,KOSDAQ,주사제,U,20.824,81.0,6.838,441.0,11.889,381.0,11.91,505.0,33.202,451.0,-41.377,1182.0
256940,킵스파마,KOSDAQ,제약바이오,U,15.917,142.0,13.284,262.0,19.092,252.0,7.398,624.0,27.838,592.0,-34.155,883.0
257370,피엔티엠에스,KOSDAQ,전기제품,N,6.621,575.0,-4.307,1489.0,-4.391,1057.0,-16.16,2049.0,-11.879,2355.0,-70.989,2250.0
257720,실리콘투,KOSDAQ,화장품,U,-3.168,2316.0,-17.47,2458.0,-33.832,2498.0,-10.809,1677.0,12.475,1471.0,-32.089,802.0
258610,케일럼,KOSDAQ,핸드셋,N,1.257,1494.0,-3.158,1195.0,-5.196,1133.0,7.988,601.0,18.095,1026.0,-46.938,1442.0
258790,소프트캠프,KOSDAQ,소프트웨어,N,6.391,596.0,17.435,196.0,32.749,117.0,51.933,107.0,110.858,25.0,16.39,134.0
258830,세종메디칼,KOSDAQ,건강관리장비와용품,N,1.09,1617.0,-4.254,1453.0,-6.72,1349.0,-10.14,1605.0,13.011,1419.0,-27.462,656.0
259630,엠플러스,KOSDAQ,전기제품,N,11.412,290.0,1.943,685.0,1.914,656.0,-1.506,962.0,10.462,1626.0,-49.745,1573.0
259960,크래프톤,KOSPI,게임,U,1.646,1384.0,-6.175,1816.0,-16.63,2273.0,-26.484,2360.0,-2.085,2179.0,-42.011,1205.0
260660,알리코제약,KOSDAQ,제약,N,-0.22,1937.0,-12.384,2341.0,-15.774,2227.0,-19.194,2193.0,4.325,1964.0,-58.349,1919.0
260930,씨티케이,KOSDAQ,화장품,U,1.09,1654.0,-7.615,2012.0,-19.101,2362.0,-18.14,2157.0,-2.43,2190.0,-67.173,2171.0
260970,에스앤디,KOSDAQ,음식료,U,8.433,439.0,5.98,475.0,3.316,600.0,8.852,577.0,42.139,303.0,-10.286,283.0
261200,덴티스,KOSDAQ,건강관리장비와용품,N,1.282,1478.0,-2.694,1118.0,-5.161,1131.0,-8.58,1426.0,10.76,1607.0,-58.272,1912.0
261520,이지스,KOSDAQ,IT서비스,N,9.684,364.0,11.339,310.0,19.644,243.0,28.86,242.0,49.957,219.0,-56.362,1850.0
261780,아리바이오랩,KOSDAQ,제약,N,-1.897,2204.0,-19.533,2480.0,31.617,124.0,54.993,101.0,46.215,253.0,-25.974,569.0
262260,에이프로,KOSDAQ,전자장비와기기,N,-0.015,1890.0,-2.434,1090.0,22.615,199.0,58.093,90.0,50.916,210.0,-37.421,1008.0
262840,아이퀘스트,KOSDAQ,IT서비스,N,6.45,589.0,1.107,743.0,-3.459,982.0,-11.009,1700.0,10.447,1628.0,-45.098,1342.0
263020,디케이앤디,KOSDAQ,"섬유,의류,신발,호화품",N,4.494,830.0,-2.01,1039.0,-4.803,1093.0,-5.892,1225.0,17.09,1085.0,-26.192,575.0
263050,유틸렉스,KOSDAQ,생물공학,N,1.09,1618.0,-4.254,1454.0,-6.72,1350.0,-10.14,1606.0,13.011,1420.0,-27.462,657.0
263600,덕우전자,KOSDAQ,핸드셋,N,58.297,3.0,46.244,25.0,38.61,86.0,45.677,126.0,66.567,113.0,-23.532,500.0
263690,디알젬,KOSDAQ,건강관리장비와용품,N,4.277,858.0,1.785,700.0,-5.151,1130.0,-7.97,1384.0,16.199,1147.0,-29.169,715.0
263700,케어랩스,KOSDAQ,건강관리업체및서비스,N,3.855,923.0,9.348,365.0,9.851,422.0,14.58,444.0,10.818,1601.0,-25.402,555.0
263720,디앤씨미디어,KOSDAQ,엔터,U,2.554,1177.0,-6.372,1842.0,-9.389,1694.0,-11.14,1717.0,3.011,2018.0,-67.148,2169.0
263750,펄어비스,KOSDAQ,게임,U,-0.385,1971.0,-8.139,2071.0,2.252,641.0,-16.32,2057.0,4.77,1953.0,-69.274,2223.0
263770,유에스티,KOSDAQ,철강,N,5.641,674.0,-1.098,932.0,-1.911,883.0,-0.462,909.0,19.129,967.0,-42.249,1216.0
263800,데이타솔루션,KOSDAQ,IT서비스,N,4.497,827.0,-7.244,1964.0,-5.537,1164.0,-17.704,2143.0,11.752,1528.0,-20.53,436.0
263810,상신전자,KOSDAQ,전자장비와기기,N,2.264,1253.0,-4.06,1340.0,-4.748,1090.0,-8.568,1424.0,20.945,888.0,-33.802,869.0
263860,지니언스,KOSDAQ,IT SW,U,12.141,260.0,-0.595,871.0,13.776,345.0,29.778,230.0,74.022,83.0,29.703,101.0
263920,휴엠앤씨,KOSDAQ,포장재,N,2.356,1227.0,-3.466,1237.0,-10.912,1872.0,-16.981,2098.0,-6.485,2275.0,-44.881,1328.0
264450,유비쿼스,KOSDAQ,통신,U,4.97,767.0,10.115,341.0,7.096,486.0,6.263,652.0,31.166,504.0,-45.939,1379.0
264660,씨앤지하이테크,KOSDAQ,반도체와반도체장비,N,13.321,208.0,12.567,282.0,9.563,432.0,7.407,622.0,32.601,464.0,-32.837,830.0
264850,이랜시스,KOSDAQ,전자장비와기기,N,4.761,790.0,1.639,710.0,2.287,639.0,7.753,612.0,54.539,180.0,-20.228,432.0
264900,크라운제과,KOSPI,식품,N,-0.082,1907.0,-9.141,2171.0,-13.705,2112.0,-16.204,2052.0,3.692,1992.0,-36.889,984.0
265520,AP시스템,KOSDAQ,디스플레이,U,8.606,431.0,6.618,450.0,3.205,607.0,-4.93,1161.0,11.812,1523.0,-20.226,431.0
265560,영화테크,KOSDAQ,자동차부품,N,-0.916,2069.0,-5.035,1616.0,-13.884,2121.0,-20.829,2243.0,3.082,2013.0,-53.279,1726.0
265740,엔에프씨,KOSDAQ,화장품,U,0.553,1762.0,6.509,455.0,-2.059,894.0,13.773,461.0,53.352,188.0,-24.545,528.0
266690,덕산넵코어스,KOSDAQ,우주항공과국방,N,,,,,,,,,,,,
267250,HD현대,KOSPI,지주,U,-1.1,2096.0,-10.982,2290.0,-10.777,1851.0,-13.737,1912.0,9.184,1716.0,-42.472,1233.0
267260,HD현대일렉트릭,KOSPI,전력기기,U,-3.147,2313.0,-8.356,2097.0,-11.361,1913.0,-15.447,2007.0,-14.007,2383.0,-51.367,1643.0
267270,HD건설기계,KOSPI,건설기계,U,-8.008,2461.0,-16.005,2440.0,-12.173,1984.0,-17.378,2120.0,8.323,1770.0,-47.692,1478.0
267290,경동도시가스,KOSPI,가스유틸리티,N,-0.07,1900.0,-6.994,1931.0,-9.237,1680.0,-4.955,1164.0,21.519,860.0,-31.082,768.0
267320,나인테크,KOSDAQ,이차전지,U,30.448,24.0,23.637,121.0,22.342,204.0,36.888,175.0,48.263,230.0,-31.38,775.0
267790,배럴,KOSDAQ,"섬유,의류,신발,호화품",N,-0.987,2079.0,-7.566,2005.0,-21.344,2406.0,-10.14,1622.0,0.583,2094.0,-40.14,1135.0
267850,아시아나IDT,KOSPI,IT서비스,N,2.071,1288.0,-2.496,1095.0,-6.828,1376.0,-11.102,1714.0,9.57,1690.0,-37.471,1012.0
267980,매일유업,KOSDAQ,음식료,U,3.934,907.0,-3.373,1225.0,-6.281,1237.0,-9.11,1463.0,15.702,1181.0,-29.038,709.0
268280,미원에스씨,KOSPI,정유화학,U,-3.401,2328.0,-10.015,2243.0,-8.491,1600.0,0.145,886.0,36.177,394.0,-21.657,461.0
270520,앱튼,KOSDAQ,에너지장비및서비스,N,-58.415,2550.0,-75.752,2549.0,-76.141,2545.0,-87.0,2540.0,-56.692,2526.0,-62.622,2051.0
270660,에브리봇,KOSDAQ,로봇,U,0.943,1676.0,-2.688,1114.0,-6.647,1280.0,-20.711,2239.0,32.695,460.0,-41.801,1195.0
270870,뉴트리,KOSDAQ,건강관리업체및서비스,N,1.227,1500.0,-9.202,2175.0,-12.648,2029.0,-30.358,2409.0,-8.662,2313.0,-46.709,1427.0
271560,오리온,KOSPI,음식료,U,-3.27,2324.0,-9.73,2224.0,-24.132,2443.0,-30.788,2415.0,-10.071,2334.0,-46.462,1409.0
271830,팸텍,KOSDAQ,핸드셋,N,3.312,1015.0,-1.556,984.0,1.303,690.0,1.828,821.0,9.431,1695.0,-49.44,1562.0
271940,일진하이솔루스,KOSPI,유틸리티,U,7.817,476.0,1.038,747.0,4.035,576.0,2.312,801.0,29.249,549.0,-53.299,1727.0
271980,제일약품,KOSPI,제약바이오,U,1.391,1456.0,-4.354,1496.0,-14.893,2177.0,-11.811,1767.0,11.243,1565.0,-52.779,1706.0
272110,케이엔제이,KOSDAQ,소재,U,6.205,615.0,20.894,160.0,24.62,173.0,11.657,509.0,30.323,520.0,-26.19,574.0
272210,한화시스템,KOSPI,방산,U,13.269,211.0,16.24,215.0,17.196,278.0,9.831,554.0,15.484,1195.0,-64.516,2102.0
272290,이녹스첨단소재,KOSDAQ,디스플레이,U,8.216,457.0,6.015,474.0,2.481,633.0,-2.245,1001.0,11.055,1582.0,-49.97,1591.0
272450,진에어,KOSPI,항공,U,-1.725,2176.0,-3.912,1314.0,-4.455,1061.0,0.615,872.0,16.356,1136.0,-31.703,782.0
272550,삼양패키징,KOSPI,정유화학,U,4.01,893.0,-3.949,1322.0,-6.006,1210.0,-3.322,1053.0,26.852,629.0,-41.636,1190.0
273060,와이즈버즈,KOSDAQ,광고,N,0.444,1784.0,-6.665,1892.0,-13.958,2125.0,-17.698,2141.0,7.636,1822.0,-44.149,1303.0
273640,와이엠텍,KOSDAQ,전기제품,N,10.938,308.0,9.695,355.0,7.453,477.0,9.819,555.0,20.419,908.0,-48.118,1499.0
274090,켄코아에어로스페이스,KOSDAQ,우주,U,5.344,717.0,28.163,68.0,34.877,100.0,29.26,235.0,31.673,482.0,-53.396,1732.0
274400,이노시뮬레이션,KOSDAQ,소프트웨어,N,2.729,1135.0,-4.484,1519.0,-11.335,1911.0,-16.807,2087.0,-0.877,2136.0,-68.654,2211.0
275630,에스에스알,KOSDAQ,소프트웨어,N,-1.254,2124.0,-14.968,2420.0,-16.14,2250.0,-12.864,1855.0,14.914,1240.0,-30.688,761.0
276040,스코넥,KOSDAQ,소프트웨어,N,1.09,1619.0,-4.254,1455.0,-6.72,1351.0,-10.14,1607.0,13.011,1421.0,-27.462,658.0
276730,한울앤제주,KOSDAQ,음료,N,-10.65,2494.0,-23.68,2504.0,-45.706,2524.0,-57.842,2512.0,-56.92,2528.0,-83.465,2413.0
277070,린드먼아시아,KOSDAQ,창업투자,N,3.296,1018.0,6.064,471.0,-1.417,858.0,5.309,681.0,26.02,664.0,-45.985,1384.0
277410,인산가,KOSDAQ,식품,N,0.377,1799.0,-5.495,1699.0,-8.657,1619.0,-6.415,1267.0,5.23,1936.0,-60.394,1973.0
277810,레인보우로보틱스,KOSDAQ,로봇,U,4.901,773.0,1.886,691.0,-3.742,1001.0,-13.887,1918.0,6.657,1871.0,-44.985,1331.0
277880,티에스아이,KOSDAQ,전자장비와기기,N,8.315,447.0,0.106,811.0,-3.665,997.0,15.198,427.0,23.264,781.0,-52.36,1683.0
278280,천보,KOSDAQ,이차전지,U,10.6,323.0,-1.966,1035.0,-12.544,2020.0,3.124,756.0,17.264,1080.0,-55.355,1815.0
278470,에이피알,KOSPI,화장품,U,0.412,1791.0,-0.571,869.0,-19.369,2367.0,-8.332,1407.0,9.709,1686.0,-12.367,315.0
278650,HLB바이오스텝,KOSDAQ,생명과학도구및서비스,N,16.09,138.0,10.746,329.0,12.082,379.0,35.062,187.0,10.14,1655.0,-63.613,2075.0
279570,케이뱅크,KOSPI,은행,U,1.838,1337.0,-7.137,1950.0,-9.778,1741.0,-14.232,1933.0,9.261,1707.0,-36.873,983.0
279600,미디어젠,KOSDAQ,IT서비스,N,1.217,1504.0,-1.251,950.0,-6.847,1377.0,0.831,859.0,20.505,904.0,-63.935,2082.0
280360,롯데웰푸드,KOSPI,음식료,U,-2.852,2297.0,-12.619,2354.0,-26.37,2461.0,5.446,675.0,27.599,604.0,-18.52,406.0
281740,레이크머티리얼즈,KOSDAQ,이차전지,U,18.93,102.0,14.031,252.0,7.061,489.0,-4.233,1110.0,8.74,1743.0,-62.301,2037.0
281820,케이씨텍,KOSPI,소재,U,7.081,530.0,26.243,92.0,34.601,102.0,20.914,330.0,6.129,1896.0,82.344,37.0
282330,BGF리테일,KOSPI,유통,U,-2.672,2282.0,-13.865,2397.0,-21.397,2410.0,-8.065,1388.0,16.995,1091.0,-33.831,871.0
282620,기도산업,KOSDAQ,"섬유,의류,신발,호화품",N,-5.918,2423.0,-10.3,2254.0,-20.767,2400.0,,,,,,
282720,금양그린파워,KOSDAQ,"태양광, 풍력",U,6.562,582.0,1.653,709.0,-1.536,865.0,-10.01,1537.0,19.503,946.0,-76.705,2352.0
282880,코윈로보틱스,KOSDAQ,로봇,U,5.825,648.0,0.579,773.0,5.631,521.0,10.502,538.0,21.892,842.0,-45.126,1344.0
284620,카이노스메드,KOSDAQ,제약,N,1.09,1620.0,-4.254,1456.0,-6.72,1352.0,-10.14,1608.0,13.011,1422.0,-27.462,659.0
284740,쿠쿠홈시스,KOSPI,유통,U,4.007,894.0,-0.034,825.0,-1.165,841.0,4.477,708.0,25.03,696.0,-18.651,407.0
285130,SK케미칼,KOSPI,정유화학,U,4.69,799.0,-8.505,2112.0,-7.486,1471.0,12.03,502.0,34.323,434.0,-26.683,587.0
285490,노바텍,KOSDAQ,자동차,U,4.21,870.0,0.675,769.0,1.276,693.0,1.803,823.0,19.452,949.0,-65.893,2140.0
285800,진영,KOSDAQ,화학,N,-1.729,2177.0,9.918,345.0,-16.174,2251.0,-24.056,2317.0,-11.568,2350.0,-99.922,2495.0
286750,나노실리칸첨단소재,KOSDAQ,화학,N,-3.957,2353.0,-8.224,2083.0,-18.983,2354.0,-23.302,2305.0,-22.539,2452.0,-23.475,499.0
286940,롯데이노베이트,KOSPI,IT SW,U,1.438,1441.0,-7.877,2042.0,-9.64,1722.0,-15.865,2030.0,11.868,1517.0,-41.012,1169.0
287840,인투셀,KOSDAQ,제약바이오,U,4.351,844.0,5.473,491.0,-7.49,1472.0,-13.149,1874.0,-8.51,2310.0,-80.086,2390.0
288180,케이피항공산업,KOSDAQ,우주항공과국방,N,3.074,1066.0,3.428,598.0,2.178,644.0,-6.65,1287.0,-5.401,2258.0,,
288330,파라택시스코리아,KOSDAQ,제약,N,1.09,1621.0,-4.254,1457.0,-6.72,1353.0,-10.14,1609.0,13.011,1423.0,-27.462,660.0
288620,에스프리즘,KOSDAQ,전기제품,N,-4.007,2356.0,-11.819,2323.0,-1.187,843.0,-12.876,1856.0,-10.02,2332.0,-82.929,2409.0
288980,모아데이타,KOSDAQ,소프트웨어,N,-11.918,2504.0,-28.902,2518.0,-35.387,2504.0,-79.393,2537.0,-64.557,2534.0,-109.187,2517.0
289010,아이스크림에듀,KOSDAQ,교육서비스,N,-41.283,2546.0,-44.761,2533.0,-31.248,2484.0,-25.668,2346.0,-16.668,2411.0,-84.011,2419.0
289080,SV인베스트먼트,KOSDAQ,창업투자,N,2.374,1219.0,5.488,489.0,12.76,364.0,36.591,177.0,57.212,168.0,-50.474,1614.0
289220,자이언트스텝,KOSDAQ,양방향미디어와서비스,N,2.747,1133.0,-11.325,2307.0,-14.72,2170.0,-34.044,2442.0,-19.688,2439.0,-99.327,2490.0
289930,웨이비스,KOSDAQ,우주항공과국방,N,5.031,757.0,12.16,290.0,23.527,186.0,10.088,548.0,15.813,1173.0,-85.241,2427.0
290090,트윔,KOSDAQ,소프트웨어,N,2.844,1112.0,-5.214,1654.0,3.363,597.0,9.448,561.0,13.881,1303.0,-50.894,1630.0
290120,DH오토리드,KOSDAQ,자동차부품,N,-0.078,1903.0,-4.49,1520.0,-12.929,2052.0,-19.172,2191.0,0.048,2106.0,-46.582,1419.0
290270,휴네시온,KOSDAQ,소프트웨어,N,0.911,1683.0,-7.875,2040.0,-7.957,1536.0,-6.813,1295.0,18.284,1012.0,-46.093,1388.0
290520,신도기연,KOSDAQ,디스플레이장비및부품,N,4.191,873.0,0.505,779.0,2.098,651.0,-9.894,1529.0,21.902,841.0,-61.908,2022.0
290550,디케이티,KOSDAQ,이차전지,U,7.816,477.0,36.992,39.0,46.335,62.0,20.845,333.0,26.076,662.0,11.476,150.0
290560,파라택시스이더리움,KOSDAQ,소프트웨어,N,-2.664,2281.0,2.937,623.0,-6.013,1211.0,29.36,234.0,19.313,958.0,-57.75,1896.0
290650,엘앤씨바이오,KOSDAQ,제약바이오,U,14.861,165.0,13.252,263.0,-7.276,1448.0,-18.658,2181.0,-18.319,2430.0,-43.555,1272.0
290660,다이나믹솔루션,KOSDAQ,건강관리장비와용품,N,-6.944,2443.0,-16.552,2451.0,-29.547,2476.0,-29.584,2400.0,-7.561,2289.0,-69.491,2226.0
290670,대보마그네틱,KOSDAQ,전자장비와기기,N,7.316,513.0,-6.341,1837.0,-9.651,1724.0,5.111,685.0,18.442,1005.0,-74.943,2324.0
290690,아리바이오홀딩스,KOSDAQ,디스플레이장비및부품,N,-22.151,2530.0,-27.107,2515.0,-30.44,2481.0,-36.791,2458.0,-14.766,2393.0,-38.911,1072.0
290720,푸드나무,KOSDAQ,식품,N,0.27,1831.0,2.637,643.0,-0.018,763.0,-11.284,1725.0,13.51,1332.0,-37.163,997.0
290740,액트로,KOSDAQ,핸드셋,N,-9.271,2483.0,-15.612,2433.0,-16.209,2255.0,36.509,178.0,41.287,314.0,-56.152,1846.0
291230,컴투스엔,KOSDAQ,광고,N,2.646,1155.0,-1.295,956.0,-3.964,1019.0,-14.884,1973.0,50.968,208.0,-58.568,1929.0
291650,츌립앤사이언스,KOSDAQ,생명과학도구및서비스,N,36.665,13.0,60.22,11.0,35.73,96.0,32.799,204.0,65.587,118.0,-49.911,1584.0
291810,핀텔,KOSDAQ,소프트웨어,N,-64.511,2552.0,-81.916,2550.0,-73.387,2543.0,-75.683,2535.0,-58.407,2531.0,-106.679,2511.0
293480,하나제약,KOSPI,제약바이오,U,4.031,886.0,-3.292,1215.0,-8.129,1551.0,-15.545,2009.0,8.683,1746.0,-35.958,952.0
293490,카카오게임즈,KOSDAQ,게임,U,13.507,202.0,2.371,658.0,5.697,517.0,11.443,517.0,44.359,276.0,-39.364,1097.0
293580,나우IB,KOSDAQ,창업투자,N,1.482,1433.0,-0.61,877.0,-19.169,2366.0,-20.189,2224.0,3.407,2001.0,-49.174,1549.0
293780,압타바이오,KOSDAQ,제약바이오,U,21.833,70.0,21.148,154.0,16.893,287.0,31.164,216.0,85.387,59.0,-11.735,309.0
294090,이오플로우,KOSDAQ,건강관리장비와용품,N,1.09,1622.0,-4.254,1458.0,-6.72,1354.0,-10.14,1610.0,13.011,1424.0,-27.462,661.0
294140,레몬,KOSDAQ,화학,N,8.389,442.0,22.744,135.0,26.011,156.0,52.291,106.0,45.146,268.0,-34.717,907.0
294570,쿠콘,KOSDAQ,IT SW,U,-0.187,1926.0,6.834,442.0,-8.713,1628.0,40.977,148.0,55.831,173.0,-22.413,479.0
294630,서남,KOSDAQ,전기장비,N,4.738,792.0,-1.458,975.0,4.887,543.0,3.496,743.0,34.607,427.0,-43.682,1277.0
294870,IPARK현대산업개발,KOSPI,건설,U,-4.606,2385.0,-11.129,2299.0,-8.694,1624.0,-4.963,1165.0,28.935,563.0,-18.171,400.0
295310,에이치브이엠,KOSDAQ,우주,U,12.342,249.0,27.454,79.0,55.405,41.0,44.146,134.0,43.738,285.0,-37.462,1011.0
296640,이노에이엑스,KOSDAQ,소프트웨어,N,-1.47,2152.0,-5.229,1656.0,-8.967,1650.0,36.254,180.0,34.085,438.0,-44.829,1326.0
297090,씨에스베어링,KOSDAQ,"태양광, 풍력",U,12.176,259.0,1.778,702.0,19.636,244.0,25.632,277.0,36.563,386.0,-63.231,2065.0
297570,아틀라스링크,KOSDAQ,전자제품,N,-6.48,2437.0,-11.027,2294.0,-17.974,2320.0,-15.047,1989.0,-17.823,2424.0,-82.651,2407.0
297890,HB솔루션,KOSDAQ,디스플레이장비및부품,N,9.087,397.0,-5.385,1682.0,-7.556,1485.0,-16.72,2082.0,11.354,1557.0,-39.625,1110.0
298000,효성화학,KOSPI,화학,N,5.354,714.0,-6.79,1907.0,-10.649,1838.0,-25.681,2347.0,17.275,1078.0,-29.644,729.0
298020,효성티앤씨,KOSPI,정유화학,U,-11.109,2501.0,-19.97,2488.0,-27.445,2468.0,-24.804,2334.0,10.69,1613.0,-57.243,1883.0
298040,효성중공업,KOSPI,전력기기,U,-2.743,2290.0,-5.002,1610.0,-5.997,1208.0,-5.243,1183.0,2.36,2037.0,-20.757,441.0
298050,HS효성첨단소재,KOSPI,정유화학,U,3.159,1046.0,-7.579,2008.0,-13.264,2078.0,-11.353,1734.0,15.273,1212.0,-48.24,1506.0
298060,풍전약품,KOSDAQ,생물공학,N,-3.418,2333.0,-5.315,1674.0,-11.812,1952.0,-20.524,2234.0,-4.656,2240.0,-56.194,1847.0
298380,에이비엘바이오,KOSDAQ,제약바이오,U,2.271,1250.0,-15.48,2429.0,-32.55,2491.0,-46.21,2494.0,-30.004,2482.0,-94.042,2465.0
298540,더네이쳐홀딩스,KOSDAQ,"섬유,의류,신발,호화품",N,2.437,1208.0,-3.209,1207.0,-5.976,1207.0,-7.252,1335.0,17.973,1034.0,-40.778,1160.0
298690,에어부산,KOSPI,항공,U,-0.483,1987.0,-5.827,1755.0,-6.587,1273.0,-11.713,1759.0,11.246,1564.0,-49.799,1577.0
298830,슈어소프트테크,KOSDAQ,IT SW,U,9.888,350.0,-1.564,985.0,-2.321,909.0,-1.477,960.0,18.287,1011.0,-61.248,2004.0
299030,하나기술,KOSDAQ,이차전지,U,17.982,115.0,14.059,251.0,4.494,558.0,12.074,498.0,29.816,536.0,-65.676,2135.0
299170,더블유에스아이,KOSDAQ,제약,N,9.466,372.0,25.932,97.0,13.296,356.0,4.201,721.0,21.07,882.0,-63.609,2074.0
299660,셀리드,KOSDAQ,생물공학,N,-5.589,2411.0,6.38,461.0,-6.103,1218.0,33.094,199.0,83.99,62.0,-25.16,548.0
300080,플리토,KOSDAQ,IT SW,U,8.149,461.0,-4.254,1488.0,-2.242,906.0,-4.326,1118.0,41.724,310.0,-44.052,1298.0
300120,라온피플,KOSDAQ,소프트웨어,N,-2.644,2279.0,-12.741,2361.0,12.836,363.0,16.299,402.0,38.176,364.0,-61.064,1996.0
300720,한일시멘트,KOSPI,건설,U,0.594,1754.0,-4.502,1524.0,-8.795,1639.0,4.421,712.0,26.761,630.0,-28.935,704.0
301300,바이브컴퍼니,KOSDAQ,소프트웨어,N,-1.099,2094.0,-22.795,2500.0,-22.134,2422.0,-46.82,2496.0,27.674,597.0,-62.159,2031.0
302430,이노메트리,KOSDAQ,이차전지,U,10.727,318.0,-0.964,911.0,-0.782,813.0,50.556,108.0,36.245,391.0,-6.878,244.0
302440,SK바이오사이언스,KOSPI,제약바이오,U,3.188,1040.0,-3.425,1233.0,-9.257,1682.0,-4.801,1150.0,10.086,1658.0,-36.891,985.0
302550,리메드,KOSDAQ,건강관리장비와용품,N,1.855,1332.0,-4.254,1478.0,-8.765,1633.0,-17.03,2101.0,12.258,1489.0,-35.006,923.0
303030,지니틱스,KOSDAQ,반도체와반도체장비,N,-25.646,2533.0,-27.582,2517.0,-38.918,2516.0,-52.49,2503.0,-16.655,2410.0,-94.873,2472.0
303360,프로티아,KOSDAQ,건강관리장비와용품,N,11.724,274.0,9.785,350.0,5.804,514.0,7.988,602.0,51.563,201.0,5.498,168.0
303530,이노뎁,KOSDAQ,IT서비스,N,-0.897,2061.0,-5.915,1769.0,-7.224,1439.0,-1.715,973.0,18.726,992.0,-56.05,1845.0
303810,동국생명과학,KOSDAQ,건강관리장비와용품,N,1.269,1486.0,17.175,201.0,16.306,304.0,5.055,686.0,25.662,671.0,-40.485,1150.0
304100,솔트룩스,KOSDAQ,IT SW,U,3.678,945.0,-1.05,925.0,-6.978,1404.0,-19.199,2194.0,39.837,335.0,-53.313,1729.0
304360,에스바이오메딕스,KOSDAQ,제약바이오,U,4.812,785.0,-2.303,1071.0,3.28,604.0,2.955,767.0,14.715,1253.0,-45.821,1375.0
304840,피플바이오,KOSDAQ,건강관리장비와용품,N,1.09,1623.0,-4.254,1459.0,-6.72,1355.0,-10.14,1611.0,-25.877,2463.0,-52.96,1714.0
305090,마이크로디지탈,KOSDAQ,제약바이오,U,1.09,1624.0,-4.254,1460.0,-36.668,2513.0,-82.031,2538.0,-62.863,2533.0,-118.023,2526.0
306040,에스제이그룹,KOSDAQ,"섬유,의류,신발,호화품",N,27.538,40.0,13.13,266.0,-3.245,961.0,12.749,487.0,23.467,769.0,-93.814,2464.0
306200,세아제강,KOSPI,철강,U,12.957,221.0,2.147,672.0,4.904,542.0,12.074,499.0,34.266,435.0,-17.191,389.0
306620,지아이에스,KOSDAQ,반도체와반도체장비,N,11.04,305.0,12.185,289.0,14.309,338.0,28.679,243.0,11.234,1568.0,-49.645,1571.0
307180,아이엘,KOSDAQ,디스플레이장비및부품,N,1.09,1519.0,4.803,526.0,-3.321,969.0,16.199,406.0,40.605,325.0,-7.17,247.0
307280,원바이오젠,KOSDAQ,건강관리장비와용품,N,0.755,1716.0,-4.755,1568.0,-9.972,1771.0,-0.765,926.0,16.131,1151.0,-36.344,962.0
307750,국전,KOSDAQ,제약,N,5.979,635.0,-3.399,1230.0,-4.996,1110.0,-0.627,919.0,17.9,1039.0,-64.696,2109.0
307870,비투엔,KOSDAQ,IT서비스,N,-2.741,2289.0,-0.369,854.0,-14.86,2176.0,23.993,287.0,26.375,654.0,-20.783,444.0
307930,컴퍼니케이,KOSDAQ,창업투자,N,0.164,1855.0,4.744,529.0,-0.429,794.0,-9.196,1471.0,19.303,959.0,-40.352,1144.0
307950,현대오토에버,KOSPI,자동차,U,2.414,1212.0,1.118,741.0,-7.498,1476.0,-13.059,1870.0,-9.638,2326.0,-24.083,518.0
308080,바이젠셀,KOSDAQ,제약,N,2.663,1147.0,-5.612,1717.0,-12.707,2033.0,2.895,770.0,17.696,1051.0,-9.969,279.0
308100,형지글로벌,KOSDAQ,"섬유,의류,신발,호화품",N,-11.239,2503.0,-12.498,2348.0,-35.609,2505.0,-50.466,2500.0,-37.086,2501.0,-106.512,2510.0
308170,씨티알모빌리티,KOSPI,자동차부품,N,-0.945,2072.0,-3.204,1206.0,-14.138,2137.0,-16.006,2037.0,13.608,1322.0,-59.381,1955.0
308430,셀비온,KOSDAQ,제약바이오,U,0.546,1763.0,7.179,431.0,10.053,415.0,-6.305,1258.0,1.671,2056.0,-76.163,2345.0
309710,아이티켐,KOSDAQ,제약바이오,U,1.09,1625.0,-4.254,1461.0,-6.72,1356.0,-10.14,1612.0,13.011,1425.0,-27.462,662.0
309930,조이웍스앤코,KOSDAQ,가구,N,3.777,935.0,-4.14,1358.0,-9.807,1742.0,-18.673,2183.0,28.517,576.0,-71.907,2267.0
309960,LB인베스트먼트,KOSDAQ,창업투자,N,0.974,1666.0,-1.397,968.0,-4.107,1035.0,-12.402,1820.0,11.754,1527.0,-43.903,1292.0
310200,애니플러스,KOSDAQ,엔터,U,14.951,164.0,8.201,397.0,-0.652,807.0,-29.214,2394.0,10.123,1657.0,-43.745,1282.0
310210,보로노이,KOSDAQ,제약바이오,U,-1.082,2091.0,-2.775,1127.0,-21.705,2417.0,-5.34,1189.0,-2.72,2200.0,-74.678,2318.0
310870,디와이씨,KOSDAQ,자동차부품,N,0.296,1823.0,-10.155,2249.0,4.979,539.0,-0.724,924.0,39.19,348.0,-40.056,1126.0
311320,지오엘리먼트,KOSDAQ,소재,U,5.614,676.0,1.785,701.0,-3.547,987.0,19.359,359.0,-3.05,2210.0,-4.493,226.0
311390,네오크레마,KOSDAQ,식품,N,6.598,577.0,3.074,612.0,-4.461,1062.0,-3.273,1051.0,8.05,1792.0,-66.507,2152.0
311690,CJ 바이오사이언스,KOSDAQ,생명과학도구및서비스,N,2.842,1114.0,-2.089,1048.0,-14.647,2166.0,-5.279,1185.0,-1.388,2154.0,-79.977,2388.0
312610,에이에프더블류,KOSDAQ,자동차부품,N,-39.958,2544.0,-54.263,2543.0,-85.246,2548.0,-93.909,2541.0,-74.712,2538.0,-122.009,2528.0
313760,캐리,KOSDAQ,전기제품,N,1.09,1626.0,-4.254,1462.0,-6.72,1357.0,-10.14,1613.0,13.011,1426.0,-27.462,663.0
314130,지놈앤컴퍼니,KOSDAQ,제약바이오,U,14.844,166.0,60.911,10.0,51.326,53.0,40.545,149.0,67.506,106.0,-46.341,1401.0
314140,알피바이오,KOSDAQ,제약,N,-2.103,2223.0,-7.771,2028.0,-11.039,1883.0,-17.087,2105.0,14.064,1289.0,-33.651,863.0
314930,바이오다인,KOSDAQ,제약바이오,U,3.489,978.0,-5.98,1780.0,-11.991,1968.0,-30.257,2406.0,-12.749,2370.0,-68.936,2217.0
315640,딥노이드,KOSDAQ,IT서비스,N,15.302,154.0,16.051,221.0,24.515,175.0,27.469,258.0,54.678,178.0,-58.828,1936.0
316140,우리금융지주,KOSPI,은행,U,-4.143,2364.0,-11.967,2331.0,-9.619,1717.0,-9.236,1475.0,20.556,900.0,-22.281,476.0
317120,라닉스,KOSDAQ,통신장비,N,1.368,1458.0,-5.757,1739.0,-7.953,1535.0,-8.232,1399.0,18.421,1007.0,-52.514,1694.0
317240,TS트릴리온,KOSDAQ,가정용품,N,-0.967,2074.0,-9.557,2205.0,-18.924,2352.0,-20.454,2230.0,42.882,299.0,-60.865,1993.0
317330,덕산테코피아,KOSDAQ,디스플레이,U,3.06,1069.0,-9.177,2172.0,3.973,579.0,20.567,341.0,30.222,524.0,-49.93,1588.0
317400,자이에스앤디,KOSPI,건설,U,3.544,971.0,-6.402,1854.0,-8.001,1540.0,20.499,343.0,128.264,14.0,116.929,29.0
317450,명인제약,KOSPI,제약,N,5.019,758.0,-1.669,997.0,-10.786,1853.0,-9.448,1494.0,12.669,1454.0,-49.931,1589.0
317530,에피소드컴퍼니,KOSDAQ,양방향미디어와서비스,N,0.618,1751.0,-7.019,1936.0,1.856,661.0,-1.002,941.0,32.898,455.0,-46.515,1416.0
317690,퀀타매트릭스,KOSDAQ,생명과학도구및서비스,N,6.341,602.0,-4.036,1334.0,-9.871,1757.0,-10.786,1672.0,9.053,1725.0,-64.138,2090.0
317770,엑스페릭스,KOSDAQ,전자장비와기기,N,13.59,200.0,11.086,320.0,18.07,264.0,-3.113,1045.0,28.801,571.0,-29.603,728.0
317830,에스피시스템스,KOSDAQ,기계,N,8.766,418.0,17.21,199.0,2.132,647.0,-5.077,1176.0,10.467,1623.0,-73.449,2301.0
317850,대모,KOSDAQ,기계,N,1.25,1496.0,1.33,729.0,4.708,549.0,0.107,888.0,11.746,1529.0,-54.904,1808.0
317870,엔바이오니아,KOSDAQ,가정용기기와용품,N,8.029,464.0,2.685,640.0,-5.757,1184.0,8.951,572.0,41.129,317.0,-65.523,2132.0
318000,KBG,KOSDAQ,화학,N,-0.715,2031.0,-3.885,1305.0,-10.437,1816.0,-14.027,1923.0,0.051,2105.0,-61.84,2019.0
318010,팜스빌,KOSDAQ,건강관리업체및서비스,N,2.156,1271.0,-6.837,1912.0,-12.446,2007.0,-13.661,1903.0,14.664,1256.0,-28.254,692.0
318020,포인트모바일,KOSDAQ,전자장비와기기,N,0.704,1726.0,-6.155,1811.0,-10.451,1819.0,9.582,559.0,41.69,312.0,-49.984,1594.0
318060,그래피,KOSDAQ,개별주,U,2.279,1247.0,-9.692,2218.0,-15.261,2207.0,-23.391,2306.0,10.07,1660.0,-85.076,2425.0
318160,셀바이오휴먼텍,KOSDAQ,화장품,U,-4.388,2372.0,-7.835,2037.0,-3.972,1020.0,-2.974,1037.0,23.159,785.0,-24.714,534.0
318410,비비씨,KOSDAQ,가정용품,N,0.16,1858.0,-3.94,1320.0,-9.014,1660.0,2.957,766.0,20.769,896.0,-37.715,1026.0
319400,현대무벡스,KOSDAQ,IT SW,U,0.374,1802.0,-6.141,1806.0,-10.868,1866.0,-22.376,2287.0,4.239,1969.0,-45.085,1340.0
319660,피에스케이,KOSDAQ,반도체 장비,U,6.062,627.0,13.121,267.0,15.861,312.0,10.495,540.0,2.004,2046.0,68.162,44.0
320000,한울반도체,KOSDAQ,전자장비와기기,N,-2.391,2250.0,-8.634,2126.0,-9.099,1671.0,-20.845,2244.0,0.108,2103.0,-18.512,405.0
321260,프로이천,KOSDAQ,디스플레이장비및부품,N,7.459,501.0,6.534,453.0,3.047,611.0,0.033,891.0,12.234,1493.0,-65.841,2139.0
321370,센서뷰,KOSDAQ,통신장비,N,6.032,630.0,31.036,53.0,64.321,23.0,35.469,184.0,5.658,1914.0,-58.983,1941.0
321550,티움바이오,KOSDAQ,제약,N,3.004,1080.0,-3.921,1317.0,-2.457,917.0,-8.909,1443.0,26.42,651.0,-85.795,2428.0
321820,아티스트컴퍼니,KOSDAQ,방송과엔터테인먼트,N,22.494,68.0,0.318,795.0,40.071,80.0,44.664,132.0,59.499,150.0,-25.005,543.0
322000,HD현대에너지솔루션,KOSPI,"태양광, 풍력",U,17.077,122.0,11.83,298.0,-1.667,872.0,-2.155,998.0,31.565,487.0,-44.938,1330.0
322180,LS티라유텍,KOSDAQ,IT서비스,N,16.121,136.0,11.208,316.0,7.884,467.0,1.025,853.0,22.468,824.0,-60.554,1982.0
322310,오로스테크놀로지,KOSDAQ,반도체 장비,U,14.193,189.0,29.188,62.0,24.69,172.0,4.626,704.0,-1.304,2149.0,-73.067,2292.0
322510,제이엘케이,KOSDAQ,건강관리기술,N,8.173,459.0,-3.667,1271.0,3.226,606.0,-15.655,2017.0,37.769,371.0,-49.583,1567.0
322780,코퍼스코리아,KOSDAQ,방송과엔터테인먼트,N,-8.632,2472.0,-18.547,2470.0,-19.729,2373.0,-29.093,2393.0,-14.119,2386.0,-55.86,1839.0
323280,태성,KOSDAQ,이차전지,U,29.047,32.0,29.154,63.0,24.049,180.0,38.424,168.0,67.557,105.0,-13.258,329.0
323350,다원넥스뷰,KOSDAQ,반도체와반도체장비,N,2.895,1105.0,21.21,153.0,32.895,114.0,32.216,209.0,24.305,725.0,-32.157,803.0
323410,카카오뱅크,KOSPI,은행,U,-0.014,1889.0,-9.542,2202.0,-16.766,2280.0,-19.98,2216.0,0.958,2080.0,-44.164,1304.0
323990,박셀바이오,KOSDAQ,제약바이오,U,2.871,1108.0,-6.087,1791.0,-21.362,2407.0,-9.316,1479.0,9.957,1667.0,-71.302,2258.0
326030,SK바이오팜,KOSPI,제약바이오,U,0.958,1671.0,-7.323,1977.0,-18.887,2350.0,-15.152,1993.0,3.249,2006.0,-47.756,1481.0
327260,RF머트리얼즈,KOSDAQ,통신,U,12.673,238.0,14.39,243.0,41.795,74.0,65.152,71.0,172.573,7.0,38.897,78.0
328130,루닛,KOSDAQ,제약바이오,U,8.837,414.0,24.492,112.0,15.618,317.0,-11.814,1768.0,8.065,1790.0,-61.534,2011.0
328380,솔트웨어,KOSDAQ,IT서비스,N,2.301,1244.0,-6.591,1882.0,-20.084,2383.0,-1.154,947.0,59.315,152.0,-20.008,427.0
329180,HD현대중공업,KOSPI,조선,U,-2.311,2245.0,-7.546,2002.0,-5.772,1186.0,-21.941,2282.0,-13.918,2380.0,-36.823,982.0
330350,위더스제약,KOSDAQ,제약,N,2.347,1231.0,-7.458,1993.0,-9.665,1726.0,-3.991,1096.0,30.325,519.0,-40.322,1143.0
330730,스톤브릿지벤처스,KOSDAQ,창업투자,N,-0.302,1955.0,-2.822,1139.0,-10.582,1833.0,-13.193,1877.0,8.849,1739.0,-46.388,1404.0
330860,네패스아크,KOSDAQ,후공정/테스트,U,11.346,293.0,32.11,48.0,25.996,157.0,19.9,351.0,11.786,1525.0,-13.504,338.0
331380,포커스에이아이,KOSDAQ,전자장비와기기,N,5.246,730.0,-2.34,1076.0,5.385,530.0,-7.489,1350.0,63.117,129.0,-41.227,1173.0
331520,밸로프,KOSDAQ,게임엔터테인먼트,N,-0.696,2026.0,-8.602,2120.0,-16.371,2264.0,-2.823,1028.0,30.721,513.0,-43.332,1263.0
331740,아우토크립트,KOSDAQ,자동차부품,N,11.839,270.0,-1.844,1017.0,-2.426,916.0,-5.524,1203.0,-0.913,2137.0,-80.174,2391.0
331920,셀레믹스,KOSDAQ,생물공학,N,-4.901,2392.0,-10.821,2283.0,-32.365,2488.0,2.77,779.0,7.52,1827.0,-45.258,1351.0
332290,누보,KOSDAQ,화학,N,3.607,958.0,-1.265,953.0,-8.259,1569.0,-12.333,1812.0,23.966,746.0,-64.286,2095.0
332370,아이디피,KOSDAQ,컴퓨터와주변기기,N,1.282,1480.0,-6.871,1917.0,-11.82,1953.0,-16.771,2085.0,11.499,1548.0,-23.053,490.0
332570,PS일렉트로닉스,KOSDAQ,에너지,U,5.96,636.0,5.202,512.0,9.612,430.0,2.239,806.0,100.651,33.0,55.542,53.0
333050,이노테나,KOSDAQ,IT서비스,N,1.61,1395.0,-1.417,971.0,8.588,456.0,6.093,654.0,25.197,691.0,-31.909,791.0
333430,일승,KOSDAQ,조선,U,5.368,711.0,1.581,714.0,1.313,689.0,-15.018,1985.0,27.549,606.0,-53.458,1735.0
333620,엔시스,KOSDAQ,전자장비와기기,N,2.292,1245.0,-6.951,1925.0,-10.346,1806.0,-14.677,1961.0,7.052,1849.0,-42.588,1237.0
334970,프레스티지바이오로직스,KOSDAQ,제약바이오,U,6.222,613.0,1.968,682.0,-24.73,2449.0,-31.736,2424.0,-12.145,2362.0,-65.518,2130.0
335810,프리시젼바이오,KOSDAQ,생명과학도구및서비스,N,0.157,1860.0,-5.121,1630.0,-10.227,1799.0,3.295,750.0,12.012,1507.0,-60.825,1989.0
335870,윙스풋,KOSDAQ,"섬유,의류,신발,호화품",N,-4.24,2369.0,-26.886,2513.0,-26.148,2459.0,-30.027,2404.0,-10.848,2346.0,-83.821,2417.0
336060,웨이버스,KOSDAQ,IT서비스,N,3.561,969.0,-0.932,909.0,-3.398,976.0,-5.952,1229.0,18.089,1027.0,-62.344,2040.0
336260,두산퓨얼셀,KOSPI,에너지,U,-1.77,2187.0,-14.878,2419.0,11.755,384.0,50.175,111.0,0.679,2090.0,5.437,169.0
336370,솔루스첨단소재,KOSPI,이차전지,U,15.788,145.0,6.379,462.0,9.813,424.0,18.959,363.0,21.583,858.0,-32.047,799.0
336570,원텍,KOSDAQ,의료기기,U,4.496,828.0,-4.254,1487.0,-3.421,978.0,-13.979,1921.0,-0.609,2130.0,-52.123,1674.0
336680,탑런토탈솔루션,KOSDAQ,자동차부품,N,-0.079,1905.0,-4.085,1346.0,1.507,679.0,10.676,537.0,19.871,928.0,-47.892,1490.0
337930,젝시믹스,KOSDAQ,"섬유,의류,신발,호화품",N,2.367,1223.0,-7.309,1973.0,-15.532,2220.0,-27.357,2375.0,-12.497,2368.0,-68.184,2196.0
338220,뷰노,KOSDAQ,제약바이오,U,51.0,6.0,89.033,5.0,53.549,46.0,-6.926,1309.0,18.976,975.0,-71.043,2251.0
338840,와이바이오로직스,KOSDAQ,생물공학,N,3.248,1029.0,-1.355,964.0,-7.88,1527.0,-26.364,2355.0,-11.923,2356.0,-92.036,2458.0
339770,교촌에프앤비,KOSPI,음식료,U,2.402,1213.0,-3.339,1221.0,-6.199,1226.0,-6.097,1244.0,15.399,1203.0,-33.999,879.0
339950,아이비김영,KOSDAQ,개별주,U,0.882,1691.0,-4.254,1366.0,-14.605,2165.0,-30.307,2407.0,0.901,2084.0,-30.498,751.0
340360,다보링크,KOSDAQ,통신장비,N,-3.244,2322.0,-4.929,1591.0,-15.217,2202.0,-0.587,918.0,25.352,683.0,-72.922,2287.0
340440,세림B&G,KOSDAQ,포장재,N,1.09,1627.0,-4.254,1463.0,-7.897,1531.0,-17.493,2129.0,-0.589,2129.0,-95.764,2479.0
340450,지씨지놈,KOSDAQ,이차전지,U,9.647,366.0,27.693,72.0,51.006,56.0,63.978,74.0,95.727,39.0,-1.504,211.0
340570,티앤엘,KOSDAQ,주사제,U,-1.903,2205.0,-2.217,1059.0,-14.58,2161.0,-21.751,2274.0,19.514,945.0,-13.383,334.0
340810,시선AI,KOSDAQ,소프트웨어,N,-8.676,2475.0,-19.327,2478.0,-17.874,2315.0,-2.364,1010.0,58.6,157.0,-0.072,201.0
340930,성원에너텍,KOSDAQ,전자장비와기기,N,1.09,1628.0,-4.254,1464.0,-6.72,1358.0,-10.14,1614.0,13.011,1427.0,-27.462,664.0
342870,오아,KOSDAQ,가정용기기와용품,N,2.661,1149.0,-6.99,1930.0,-6.861,1379.0,-17.802,2148.0,-6.65,2279.0,-71.653,2264.0
344820,KCC글라스,KOSPI,건설,U,3.411,999.0,-5.476,1696.0,-9.526,1706.0,-3.78,1080.0,18.907,979.0,-30.655,758.0
344860,이노진,KOSDAQ,화장품,N,-5.725,2415.0,-21.725,2497.0,-12.521,2017.0,-6.881,1303.0,7.415,1833.0,-42.337,1220.0
347000,센코,KOSDAQ,전자장비와기기,N,5.268,727.0,-1.744,1003.0,-4.592,1072.0,4.419,713.0,21.18,875.0,-36.682,978.0
347700,스피어,KOSDAQ,우주,U,6.669,569.0,16.631,209.0,20.675,225.0,14.797,436.0,13.42,1338.0,-66.721,2159.0
347740,피엔케이피부임상연구센타,KOSDAQ,화장품,U,-2.193,2235.0,-10.822,2284.0,-16.111,2248.0,-16.867,2090.0,6.074,1898.0,-49.632,1570.0
347770,핌스,KOSDAQ,디스플레이장비및부품,N,-0.773,2040.0,-9.214,2176.0,-11.358,1912.0,-18.109,2156.0,-3.523,2214.0,-74.873,2321.0
347850,디앤디파마텍,KOSDAQ,제약바이오,U,-2.281,2243.0,-10.877,2289.0,-19.054,2358.0,-43.782,2491.0,-30.335,2484.0,-63.852,2081.0
347860,알체라,KOSDAQ,소프트웨어,N,13.651,198.0,11.191,317.0,25.58,163.0,-4.127,1105.0,21.001,886.0,-37.3,1003.0
347890,엠엑스온,KOSDAQ,전자장비와기기,N,3.081,1065.0,-0.81,899.0,-11.32,1910.0,-7.91,1381.0,13.938,1299.0,-42.899,1247.0
348030,모비릭스,KOSDAQ,게임엔터테인먼트,N,-7.361,2455.0,-16.118,2441.0,-21.614,2413.0,-26.133,2351.0,11.125,1578.0,-38.724,1065.0
348080,큐라티스,KOSDAQ,생물공학,N,-5.609,2413.0,-0.88,906.0,31.298,126.0,56.382,98.0,97.146,37.0,-65.616,2134.0
348150,고바이오랩,KOSDAQ,건강관리업체및서비스,N,13.285,210.0,3.494,596.0,-6.216,1229.0,-12.107,1792.0,-3.702,2217.0,-70.072,2233.0
348210,넥스틴,KOSDAQ,반도체 장비,U,15.333,151.0,19.649,170.0,16.981,285.0,7.817,607.0,-0.002,2108.0,-69.471,2225.0
348340,뉴로메카,KOSDAQ,로봇,U,12.312,251.0,19.911,169.0,30.849,128.0,-6.419,1268.0,8.404,1763.0,-69.839,2228.0
348350,위드텍,KOSDAQ,반도체와반도체장비,N,6.795,558.0,5.959,478.0,-2.029,892.0,2.994,765.0,31.182,503.0,-25.594,557.0
348370,엔켐,KOSDAQ,이차전지,U,12.971,219.0,7.905,410.0,9.715,426.0,-0.164,898.0,7.77,1813.0,-63.348,2068.0
351320,넥사다이내믹스,KOSDAQ,디스플레이장비및부품,N,32.195,19.0,20.228,165.0,52.914,48.0,390.381,1.0,377.712,1.0,261.292,5.0
351330,이삭엔지니어링,KOSDAQ,IT서비스,N,-0.91,2066.0,4.635,533.0,-8.999,1656.0,-13.656,1902.0,-1.346,2152.0,-78.74,2377.0
351870,차이커뮤니케이션,KOSDAQ,광고,N,-2.251,2239.0,-11.121,2298.0,-18.149,2328.0,21.057,328.0,25.505,680.0,-70.054,2232.0
352090,스톰테크,KOSDAQ,가정용기기와용품,N,2.189,1266.0,-3.432,1234.0,-6.72,1287.0,-7.49,1351.0,15.948,1166.0,-25.944,566.0
352480,씨앤씨인터내셔널,KOSDAQ,화장품,U,-4.833,2391.0,-8.207,2079.0,-10.45,1818.0,-3.477,1063.0,18.8,986.0,-45.517,1365.0
352700,씨앤투스,KOSDAQ,"섬유,의류,신발,호화품",N,1.505,1425.0,-5.41,1683.0,-6.375,1249.0,-2.986,1040.0,23.59,764.0,-54.483,1782.0
352770,셀레스트라,KOSDAQ,생물공학,N,1.09,1629.0,-4.254,1465.0,-6.72,1359.0,-10.14,1615.0,13.011,1428.0,-27.462,665.0
352820,하이브,KOSPI,엔터,U,0.133,1863.0,-12.847,2367.0,-18.331,2334.0,-24.339,2326.0,-14.756,2392.0,-66.798,2162.0
352910,오비고,KOSDAQ,소프트웨어,N,-0.156,1923.0,-5.807,1750.0,-1.053,834.0,31.378,215.0,38.972,352.0,-28.399,694.0
352940,인바이오,KOSDAQ,화학,N,-6.086,2429.0,-12.492,2347.0,-8.676,1620.0,-10.14,1547.0,11.537,1544.0,-37.146,995.0
353190,휴럼,KOSDAQ,건강관리업체및서비스,N,4.066,882.0,-3.281,1213.0,-11.316,1907.0,-18.605,2179.0,5.196,1938.0,-48.346,1513.0
353200,대덕전자,KOSPI,MLCC/기판,U,24.876,51.0,41.076,31.0,29.001,141.0,40.985,147.0,32.205,467.0,51.69,59.0
353590,오토앤,KOSDAQ,자동차부품,N,8.263,454.0,-6.267,1831.0,-17.851,2314.0,-16.703,2080.0,7.265,1841.0,-70.945,2247.0
353810,이지바이오,KOSDAQ,제약바이오,U,-0.366,1965.0,-6.186,1820.0,-12.155,1983.0,-9.81,1521.0,9.22,1711.0,-45.275,1352.0
354200,엔젠바이오,KOSDAQ,생명과학도구및서비스,N,-38.941,2543.0,-55.498,2545.0,-62.301,2537.0,-66.408,2522.0,-36.89,2500.0,-103.989,2506.0
354320,알멕,KOSDAQ,우주,U,4.644,805.0,20.961,159.0,51.613,52.0,45.376,128.0,62.669,133.0,-51.462,1647.0
355150,코스텍시스,KOSDAQ,통신,U,10.48,328.0,17.736,194.0,17.084,280.0,27.0,263.0,23.964,747.0,-23.676,504.0
355390,크라우드웍스,KOSDAQ,IT서비스,N,-8.538,2470.0,7.937,408.0,-1.014,832.0,-43.568,2489.0,-5.976,2269.0,-66.903,2164.0
355690,에이텀,KOSDAQ,전자장비와기기,N,8.247,455.0,3.654,586.0,12.133,376.0,14.629,443.0,44.796,272.0,-27.647,674.0
356680,엑스게이트,KOSDAQ,IT SW,U,4.218,867.0,5.694,483.0,61.8,26.0,68.133,61.0,60.732,143.0,140.967,17.0
356860,티엘비,KOSDAQ,MLCC/기판,U,9.722,361.0,22.912,130.0,15.628,316.0,74.432,49.0,69.351,96.0,31.803,95.0
356890,싸이버원,KOSDAQ,IT서비스,N,2.662,1148.0,-4.639,1549.0,5.185,535.0,1.283,841.0,27.646,600.0,-46.044,1387.0
357230,에이치피오,KOSDAQ,건강관리업체및서비스,N,2.04,1298.0,-1.348,963.0,-6.484,1260.0,-10.14,1549.0,10.938,1593.0,-37.799,1029.0
357550,석경에이티,KOSDAQ,이차전지,U,7.626,491.0,0.907,757.0,-8.379,1584.0,-11.352,1733.0,1.239,2070.0,-62.521,2047.0
357580,아모센스,KOSDAQ,에너지,U,13.306,209.0,18.417,183.0,55.831,40.0,30.43,225.0,34.925,421.0,-74.442,2315.0
357780,솔브레인,KOSDAQ,소재,U,14.603,173.0,21.872,143.0,20.746,223.0,45.128,130.0,46.557,249.0,-17.37,391.0
357880,SKAI,KOSDAQ,IT서비스,N,-9.752,2488.0,-6.24,1825.0,-8.259,1570.0,-28.678,2390.0,-19.528,2438.0,-69.117,2219.0
358570,지아이이노베이션,KOSDAQ,제약바이오,U,0.526,1766.0,-6.254,1829.0,2.169,646.0,-6.982,1317.0,15.095,1227.0,-60.795,1988.0
359090,씨엔알리서치,KOSDAQ,제약,N,-1.265,2125.0,3.548,591.0,8.49,458.0,11.266,522.0,42.704,301.0,-45.451,1359.0
360070,탑머티리얼,KOSDAQ,전자장비와기기,N,13.201,213.0,15.722,223.0,15.14,326.0,14.736,439.0,19.334,955.0,-67.616,2182.0
360350,코셈,KOSDAQ,전자장비와기기,N,56.457,4.0,77.264,7.0,102.009,3.0,62.004,80.0,61.861,136.0,-53.636,1743.0
361390,제노코,KOSDAQ,우주,U,6.62,576.0,11.83,299.0,9.947,420.0,-0.541,914.0,8.162,1783.0,-74.995,2326.0
361570,알비더블유,KOSDAQ,방송과엔터테인먼트,N,-3.415,2332.0,-15.178,2425.0,-4.993,1108.0,5.581,672.0,34.571,428.0,-42.707,1240.0
361610,SK아이이테크놀로지,KOSPI,이차전지,U,4.06,883.0,7.503,420.0,4.826,544.0,14.631,442.0,25.265,688.0,-47.28,1456.0
361670,삼영에스앤씨,KOSDAQ,전자장비와기기,N,8.889,407.0,3.246,606.0,-0.255,781.0,-2.039,989.0,42.011,305.0,-2.421,216.0
362320,청담글로벌,KOSDAQ,인터넷과카탈로그소매,N,0.03,1882.0,-10.504,2267.0,-15.217,2201.0,-26.807,2366.0,4.316,1965.0,-38.573,1058.0
362990,드림인사이트,KOSDAQ,광고,N,-7.078,2446.0,-6.608,1884.0,-7.463,1468.0,-12.255,1806.0,10.816,1602.0,-47.687,1477.0
363250,진시스템,KOSDAQ,건강관리장비와용품,N,0.376,1800.0,-4.134,1356.0,-3.502,985.0,-18.29,2164.0,34.409,432.0,-62.101,2028.0
363260,모비데이즈,KOSDAQ,광고,N,1.824,1342.0,-7.087,1946.0,-7.802,1516.0,4.555,706.0,21.655,853.0,-62.462,2045.0
363280,티와이홀딩스,KOSPI,"호텔,레스토랑,레저",N,3.07,1067.0,-7.54,2000.0,-1.992,891.0,4.051,726.0,34.117,436.0,-48.534,1522.0
364950,에이아이코리아,KOSDAQ,전자장비와기기,N,12.732,234.0,6.397,458.0,4.095,571.0,-17.105,2106.0,4.231,1970.0,-68.564,2208.0
365270,큐라클,KOSDAQ,제약,N,7.673,486.0,6.616,451.0,-4.208,1041.0,-0.226,900.0,1.707,2053.0,-50.885,1627.0
365330,에스와이스틸텍,KOSDAQ,건축자재,N,3.601,959.0,3.82,574.0,5.591,523.0,7.766,611.0,3.332,2004.0,-80.536,2394.0
365340,성일하이텍,KOSDAQ,이차전지,U,11.324,295.0,2.848,629.0,-5.103,1120.0,13.873,460.0,11.445,1552.0,-70.77,2241.0
365590,하이딥,KOSDAQ,반도체와반도체장비,N,2.339,1236.0,-26.168,2508.0,-28.635,2472.0,-41.978,2483.0,-22.014,2449.0,-94.626,2469.0
365660,레몬헬스케어,KOSDAQ,건강관리업체및서비스,N,-4.427,2374.0,-14.614,2413.0,-20.011,2380.0,-40.597,2476.0,-43.265,2514.0,,
365900,브이씨,KOSDAQ,레저용장비와제품,N,-2.65,2280.0,-11.288,2305.0,-8.131,1552.0,-12.34,1813.0,19.085,970.0,-50.575,1618.0
366030,나인앤컴퍼니,KOSDAQ,"섬유,의류,신발,호화품",N,-6.381,2435.0,-6.398,1852.0,-18.7,2343.0,-8.736,1435.0,-9.161,2321.0,-43.936,1294.0
367000,플래티어,KOSDAQ,IT서비스,N,8.407,440.0,-3.394,1228.0,-3.191,956.0,7.783,609.0,32.943,454.0,-38.348,1050.0
368600,아이씨에이치,KOSDAQ,전자장비와기기,N,1.09,1630.0,-4.254,1466.0,-17.955,2319.0,-10.035,1540.0,67.704,104.0,-23.209,494.0
368770,파이버프로,KOSDAQ,방산,U,11.56,282.0,12.976,273.0,16.67,293.0,6.34,651.0,22.898,806.0,-55.56,1824.0
368970,오에스피,KOSDAQ,식품,N,-9.541,2486.0,-4.052,1337.0,-10.034,1779.0,-3.473,1062.0,12.211,1494.0,-8.195,257.0
369370,블리츠웨이엔터테인먼트,KOSDAQ,방송과엔터테인먼트,N,-2.626,2276.0,-12.42,2343.0,-25.852,2455.0,-31.719,2423.0,-14.107,2385.0,-79.173,2379.0
370090,퓨런티어,KOSDAQ,전자장비와기기,N,3.412,998.0,2.125,674.0,-14.905,2179.0,-10.14,1546.0,-1.175,2145.0,-74.682,2319.0
371950,풍원정밀,KOSDAQ,디스플레이,U,-1.683,2171.0,-19.232,2477.0,-18.293,2331.0,-48.76,2497.0,-43.421,2516.0,-100.371,2496.0
372170,윤성에프앤씨,KOSDAQ,이차전지,U,11.81,271.0,4.121,556.0,-0.44,795.0,29.366,233.0,40.844,319.0,-51.6,1655.0
372320,큐로셀,KOSDAQ,제약바이오,U,9.581,368.0,2.972,620.0,-11.284,1905.0,-25.581,2345.0,-14.775,2394.0,-82.452,2406.0
372800,아이티아이즈,KOSDAQ,IT서비스,N,-5.231,2406.0,-3.028,1180.0,-10.387,1811.0,-9.793,1519.0,8.391,1766.0,-55.392,1817.0
372910,한컴라이프케어,KOSPI,방산,U,3.238,1034.0,3.827,570.0,10.412,406.0,11.52,512.0,36.782,383.0,-36.591,973.0
373110,엑셀세라퓨틱스,KOSDAQ,생물공학,N,0.489,1774.0,-6.71,1902.0,-20.222,2388.0,-25.557,2344.0,-2.334,2188.0,-56.533,1857.0
373160,데이원컴퍼니,KOSDAQ,교육서비스,N,3.305,1017.0,1.302,731.0,-0.119,772.0,-4.412,1125.0,13.791,1308.0,-63.247,2066.0
373170,엠아이큐브솔루션,KOSDAQ,IT서비스,N,2.696,1140.0,-8.431,2109.0,-23.688,2437.0,2.783,778.0,16.275,1144.0,-55.501,1821.0
373200,엑스플러스,KOSDAQ,핸드셋,N,13.59,199.0,-9.136,2170.0,3.164,609.0,-1.206,950.0,-17.247,2417.0,-71.13,2253.0
373220,LG에너지솔루션,KOSPI,이차전지,U,6.638,572.0,-3.164,1199.0,0.043,758.0,2.798,776.0,17.666,1056.0,-36.642,977.0
375500,DL이앤씨,KOSPI,건설,U,-6.203,2431.0,-18.245,2468.0,0.423,735.0,3.496,744.0,25.624,673.0,-28.255,693.0
376180,피코그램,KOSDAQ,가정용기기와용품,N,7.322,512.0,8.443,388.0,-3.98,1021.0,-0.81,931.0,17.687,1053.0,-68.29,2199.0
376270,HEM파마,KOSDAQ,제약바이오,U,2.698,1139.0,-1.897,1025.0,-14.667,2168.0,-30.892,2417.0,-2.025,2175.0,-72.737,2279.0
376290,씨유테크,KOSDAQ,핸드셋,N,-1.892,2203.0,-3.891,1308.0,-9.361,1690.0,-1.921,982.0,16.569,1122.0,-25.994,570.0
376300,디어유,KOSDAQ,엔터,U,11.125,302.0,4.885,524.0,-1.205,846.0,-24.328,2325.0,-2.529,2194.0,-62.47,2046.0
376900,로킷헬스케어,KOSDAQ,건강관리장비와용품,N,-0.156,1922.0,-4.434,1509.0,6.085,507.0,-33.057,2433.0,-14.911,2396.0,-99.656,2492.0
376930,노을,KOSDAQ,건강관리장비와용품,N,-7.356,2454.0,-12.818,2362.0,-19.066,2359.0,-62.843,2519.0,-47.048,2519.0,-108.779,2515.0
376980,원티드랩,KOSDAQ,상업서비스와공급품,N,3.163,1045.0,2.413,656.0,-6.876,1383.0,-4.004,1097.0,51.54,202.0,-31.51,778.0
377030,비트맥스,KOSDAQ,IT서비스,N,6.212,614.0,15.468,229.0,16.423,301.0,35.272,186.0,61.837,137.0,-64.634,2107.0
377220,프롬바이오,KOSDAQ,건강관리업체및서비스,N,-22.934,2532.0,-40.47,2531.0,-41.391,2520.0,-53.443,2505.0,-40.6,2508.0,-104.025,2507.0
377300,카카오페이,KOSPI,증권,U,-0.14,1920.0,-5.118,1629.0,-16.999,2289.0,-18.473,2174.0,14.145,1285.0,-45.606,1367.0
377330,이지트로닉스,KOSDAQ,전기제품,N,2.574,1173.0,-4.254,1374.0,-6.72,1369.0,-9.031,1456.0,31.924,476.0,-46.184,1392.0
377450,리파인,KOSDAQ,상업서비스와공급품,N,2.704,1138.0,-6.877,1918.0,-20.53,2394.0,1.934,815.0,66.077,116.0,6.488,163.0
377460,큐에이드,KOSDAQ,상업서비스와공급품,N,1.09,1631.0,-4.254,1467.0,-6.72,1360.0,-10.14,1616.0,13.011,1429.0,-27.462,666.0
377480,마음AI,KOSDAQ,IT서비스,N,-0.553,1999.0,-1.839,1014.0,-1.988,890.0,-22.23,2286.0,22.947,801.0,-53.263,1725.0
377740,바이오노트,KOSPI,제약바이오,U,2.274,1249.0,-4.466,1515.0,-8.084,1546.0,-6.158,1249.0,13.546,1326.0,-30.554,753.0
378340,필에너지,KOSDAQ,이차전지,U,10.732,316.0,5.294,506.0,8.941,448.0,22.062,312.0,26.728,631.0,-41.681,1194.0
378800,샤페론,KOSDAQ,제약,N,5.24,732.0,-0.104,829.0,1.022,702.0,-1.959,984.0,11.925,1511.0,-94.674,2470.0
378850,화승알앤에이,KOSPI,자동차부품,N,1.266,1489.0,-7.315,1976.0,-9.946,1767.0,-6.125,1246.0,8.971,1730.0,-39.363,1096.0
380540,옵티코어,KOSDAQ,통신장비,N,1.09,1632.0,-4.254,1468.0,-6.72,1361.0,-10.14,1617.0,13.011,1430.0,-27.462,667.0
380550,뉴로핏,KOSDAQ,제약바이오,U,3.932,908.0,12.805,277.0,-0.445,797.0,-11.747,1762.0,-4.587,2238.0,-83.677,2415.0
381620,제닉스로보틱스,KOSDAQ,기계,N,4.055,884.0,0.965,753.0,0.853,712.0,-6.319,1260.0,17.702,1050.0,-52.611,1702.0
381970,KG모빌리티플랫폼,KOSPI,자동차,U,1.09,1633.0,-4.883,1580.0,-5.275,1141.0,-26.431,2359.0,-11.3,2348.0,-63.494,2070.0
382150,온코크로스,KOSDAQ,생명과학도구및서비스,N,4.947,769.0,7.949,407.0,-0.373,789.0,3.757,735.0,16.017,1158.0,-72.021,2270.0
382480,지아이텍,KOSDAQ,전기제품,N,2.207,1263.0,-0.956,910.0,-7.33,1455.0,-18.365,2169.0,1.544,2061.0,-56.942,1870.0
382800,지앤비에스 에코,KOSDAQ,반도체 장비,U,22.995,64.0,21.483,149.0,22.182,210.0,33.358,198.0,44.834,271.0,-7.612,251.0
382840,원준,KOSDAQ,전기제품,N,8.891,406.0,-1.749,1005.0,-0.532,803.0,11.045,524.0,14.345,1274.0,-63.749,2079.0
382900,범한퓨얼셀,KOSDAQ,에너지,U,5.048,754.0,-5.637,1719.0,40.564,78.0,54.329,103.0,3.739,1990.0,-36.899,987.0
383220,F&F,KOSPI,의류,U,3.892,916.0,0.088,813.0,-3.766,1004.0,-0.029,895.0,1.239,2069.0,-13.386,335.0
383310,에코프로에이치엔,KOSDAQ,이차전지,U,16.102,137.0,5.438,496.0,2.49,632.0,-5.956,1230.0,1.94,2048.0,-44.045,1297.0
383800,LX홀딩스,KOSPI,지주,U,0.475,1777.0,-4.501,1523.0,-6.72,1368.0,-5.341,1190.0,16.601,1119.0,-26.462,582.0
383930,디티앤씨알오,KOSDAQ,생명과학도구및서비스,N,23.031,63.0,10.455,335.0,18.391,263.0,-1.852,977.0,18.576,999.0,-68.566,2209.0
384470,코어라인소프트,KOSDAQ,건강관리기술,N,3.624,954.0,-2.316,1074.0,-2.973,951.0,-8.399,1413.0,0.678,2091.0,-40.949,1167.0
386380,스카이랩스,KOSDAQ,건강관리기술,N,-20.392,2529.0,-18.034,2461.0,,,,,,,,
387570,파인메딕스,KOSDAQ,건강관리장비와용품,N,0.296,1822.0,-4.573,1542.0,-10.566,1831.0,22.98,304.0,51.746,200.0,-31.75,783.0
387690,레메디,KOSDAQ,건강관리장비와용품,N,1.727,1369.0,14.68,239.0,6.331,504.0,113.037,15.0,,,,
388050,지투파워,KOSDAQ,원전,U,-0.175,1924.0,-4.744,1565.0,4.088,573.0,27.581,257.0,43.14,292.0,-44.06,1299.0
388210,씨엠티엑스,KOSDAQ,소재,U,6.853,556.0,25.386,104.0,27.763,148.0,14.163,453.0,27.158,619.0,-46.212,1396.0
388610,지에프씨생명과학,KOSDAQ,생물공학,N,-0.86,2050.0,-8.579,2117.0,-0.984,829.0,-16.411,2060.0,16.764,1113.0,-69.19,2221.0
388720,유일로보틱스,KOSDAQ,로봇,U,3.993,898.0,-0.447,860.0,5.463,527.0,-9.43,1491.0,10.804,1603.0,-40.574,1153.0
388790,라이콤,KOSDAQ,통신,U,8.651,427.0,13.066,270.0,34.471,104.0,33.366,197.0,49.626,222.0,-15.893,369.0
388870,파로스아이바이오,KOSDAQ,생물공학,N,10.545,324.0,3.825,573.0,11.551,390.0,1.548,832.0,23.877,752.0,-56.638,1862.0
389020,자람테크놀로지,KOSDAQ,후공정/테스트,U,6.464,587.0,10.706,331.0,-26.626,2463.0,-24.325,2324.0,-12.328,2365.0,-90.172,2449.0
389030,지니너스,KOSDAQ,생물공학,N,8.877,409.0,3.589,590.0,12.165,374.0,-13.827,1916.0,6.315,1888.0,-83.875,2418.0
389140,포바이포,KOSDAQ,방송과엔터테인먼트,N,3.268,1023.0,1.773,703.0,5.431,529.0,0.469,876.0,26.291,655.0,-57.611,1892.0
389260,대명에너지,KOSDAQ,"태양광, 풍력",U,5.299,724.0,-1.09,929.0,-1.444,862.0,-6.897,1307.0,12.491,1467.0,-70.08,2234.0
389470,인벤티지랩,KOSDAQ,제약바이오,U,16.6,131.0,11.256,314.0,-3.811,1007.0,-19.725,2213.0,-11.622,2352.0,-81.743,2403.0
389500,에스비비테크,KOSDAQ,로봇,U,4.23,865.0,5.388,500.0,19.813,241.0,15.676,417.0,28.808,570.0,-32.697,825.0
389650,넥스트바이오메디컬,KOSDAQ,제약바이오,U,-0.916,2067.0,4.479,540.0,-7.501,1477.0,-31.551,2421.0,-8.4,2308.0,-75.667,2333.0
389680,유디엠텍,KOSDAQ,IT서비스,N,-0.574,2001.0,13.008,272.0,57.721,37.0,118.575,11.0,101.348,30.0,-37.529,1016.0
391710,코닉오토메이션,KOSDAQ,IT서비스,N,2.707,1137.0,-13.167,2376.0,0.624,728.0,-6.853,1297.0,17.674,1055.0,-55.633,1826.0
393210,토마토시스템,KOSDAQ,IT서비스,N,-14.427,2517.0,53.086,18.0,39.861,82.0,39.315,159.0,62.467,134.0,-42.456,1231.0
393890,더블유씨피,KOSDAQ,이차전지,U,3.749,937.0,7.189,429.0,-2.778,935.0,42.328,141.0,28.874,566.0,-58.344,1918.0
393970,대진첨단소재,KOSDAQ,전기제품,N,1.09,1634.0,-4.254,1469.0,-6.72,1362.0,-10.14,1618.0,13.011,1431.0,-27.462,668.0
394280,오픈엣지테크놀로지,KOSDAQ,로직,U,9.262,386.0,27.299,82.0,15.425,320.0,-1.524,964.0,6.48,1880.0,-57.049,1873.0
394420,리센스메디컬,KOSDAQ,의료기기,U,-8.694,2476.0,-6.704,1900.0,-21.506,2411.0,-27.028,2369.0,-35.671,2496.0,-90.343,2452.0
394800,쓰리빌리언,KOSDAQ,제약바이오,U,5.228,735.0,44.515,28.0,18.982,254.0,-8.967,1452.0,13.511,1330.0,-74.479,2316.0
396270,넥스트칩,KOSDAQ,반도체와반도체장비,N,9.222,387.0,11.239,315.0,16.341,302.0,10.154,547.0,17.028,1088.0,-58.651,1932.0
396300,HT로보틱스,KOSDAQ,전자장비와기기,N,3.419,996.0,27.438,80.0,0.797,719.0,39.132,162.0,100.798,31.0,37.418,82.0
396470,워트,KOSDAQ,반도체와반도체장비,N,7.303,514.0,5.197,513.0,7.976,465.0,20.882,332.0,39.643,339.0,-20.775,443.0
397030,에이프릴바이오,KOSDAQ,제약바이오,U,-4.929,2394.0,-7.987,2052.0,-7.304,1452.0,-43.132,2486.0,-31.368,2486.0,-94.089,2466.0
397810,애드포러스,KOSDAQ,광고,N,-1.994,2212.0,-7.48,1995.0,-12.029,1973.0,41.063,146.0,45.808,261.0,-19.794,424.0
398120,에스지헬스케어,KOSDAQ,건강관리장비와용품,N,10.775,313.0,12.74,279.0,21.246,218.0,6.492,644.0,20.357,910.0,-65.745,2136.0
399720,가온칩스,KOSDAQ,로직,U,2.778,1122.0,16.096,220.0,9.705,427.0,-9.092,1461.0,29.156,553.0,-47.924,1492.0
402030,코난테크놀로지,KOSDAQ,로직,U,-0.133,1918.0,-2.761,1125.0,-11.087,1888.0,-32.775,2432.0,21.219,870.0,-52.433,1688.0
402340,SK스퀘어,KOSPI,IDM,U,-1.431,2145.0,9.472,361.0,11.406,393.0,-0.706,923.0,-9.397,2324.0,105.003,32.0
402490,그린리소스,KOSDAQ,반도체와반도체장비,N,14.255,186.0,15.627,226.0,19.333,246.0,12.099,497.0,11.668,1537.0,-72.867,2283.0
403490,우듬지팜,KOSDAQ,식품,N,-3.455,2335.0,-9.479,2195.0,-22.72,2430.0,-26.525,2361.0,-11.781,2354.0,-93.787,2462.0
403550,쏘카,KOSPI,자동차,U,7.694,485.0,-0.01,821.0,-6.897,1387.0,-0.218,899.0,17.835,1044.0,-27.726,679.0
403850,더핑크퐁컴퍼니,KOSDAQ,방송과엔터테인먼트,N,1.008,1658.0,-8.806,2138.0,-19.614,2370.0,-9.059,1460.0,26.444,647.0,-48.959,1544.0
403870,HPSP,KOSDAQ,반도체 장비,U,19.108,100.0,18.405,184.0,23.24,192.0,74.888,46.0,60.202,146.0,29.801,100.0
405000,플라즈맵,KOSDAQ,건강관리장비와용품,N,-1.46,2151.0,3.782,576.0,-2.109,898.0,-32.075,2426.0,13.011,1364.0,-74.929,2323.0
405100,큐알티,KOSDAQ,후공정/테스트,U,17.768,117.0,19.018,176.0,24.347,177.0,50.208,110.0,58.578,158.0,-21.111,447.0
405920,나라셀라,KOSDAQ,음료,N,-2.606,2271.0,-1.217,946.0,-8.576,1610.0,-8.558,1422.0,16.643,1117.0,-58.441,1922.0
406820,뷰티스킨,KOSDAQ,화장품,N,2.542,1180.0,-7.994,2054.0,19.898,239.0,28.074,254.0,63.196,128.0,10.518,152.0
407400,꿈비,KOSDAQ,가정용기기와용품,N,4.855,778.0,-6.06,1789.0,-16.118,2249.0,-5.599,1207.0,7.325,1839.0,-77.282,2355.0
408470,한패스,KOSDAQ,IT서비스,N,-4.2,2367.0,-6.357,1841.0,-17.544,2303.0,-22.968,2299.0,-9.534,2325.0,-102.923,2502.0
408900,스튜디오미르,KOSDAQ,방송과엔터테인먼트,N,2.305,1243.0,-6.693,1898.0,-26.14,2458.0,-11.326,1729.0,1.351,2068.0,-83.116,2410.0
408920,메쎄이상,KOSDAQ,양방향미디어와서비스,N,6.28,610.0,0.214,802.0,-11.72,1940.0,-14.991,1981.0,18.202,1020.0,-40.105,1132.0
411080,샌즈랩,KOSDAQ,소프트웨어,N,9.751,359.0,-7.885,2043.0,61.368,28.0,65.881,66.0,80.082,69.0,-11.495,306.0
412350,레이저쎌,KOSDAQ,반도체와반도체장비,N,34.423,15.0,48.167,21.0,43.021,70.0,75.501,44.0,39.364,343.0,-40.128,1134.0
412540,제일엠앤에스,KOSDAQ,전기제품,N,1.09,1635.0,-4.254,1470.0,-6.72,1363.0,-10.14,1619.0,13.011,1432.0,-27.462,669.0
413390,엠오티,KOSDAQ,전기제품,N,10.942,307.0,1.433,719.0,-17.52,2302.0,-9.235,1474.0,24.326,723.0,-43.837,1287.0
413630,씨피시스템,KOSDAQ,소재,U,-1.951,2208.0,-16.529,2450.0,-6.961,1402.0,-12.953,1863.0,90.527,48.0,-8.353,261.0
413640,비아이매트릭스,KOSDAQ,IT서비스,N,-0.071,1901.0,-1.318,960.0,-0.101,770.0,-17.015,2099.0,11.524,1547.0,-49.858,1583.0
415380,스튜디오삼익,KOSDAQ,가구,N,0.155,1861.0,-7.229,1958.0,-0.241,780.0,1.088,851.0,21.785,844.0,-24.047,514.0
416180,신성에스티,KOSDAQ,이차전지,U,5.455,699.0,6.717,448.0,4.25,566.0,28.646,245.0,43.532,288.0,-46.91,1440.0
417010,나노팀,KOSDAQ,전자장비와기기,N,3.826,927.0,5.665,485.0,-4.605,1076.0,37.458,173.0,42.019,304.0,-52.015,1672.0
417030,니어스랩,KOSDAQ,우주항공과국방,N,-14.876,2519.0,8.317,394.0,-1.457,863.0,,,,,,
417180,핑거스토리,KOSDAQ,양방향미디어와서비스,N,-1.404,2143.0,-8.655,2129.0,-22.362,2425.0,-24.488,2329.0,8.377,1767.0,-58.517,1928.0
417200,LS머트리얼즈,KOSDAQ,전력기기,U,14.169,190.0,14.32,244.0,34.024,105.0,21.54,322.0,24.754,707.0,-47.872,1487.0
417500,제이아이테크,KOSDAQ,반도체와반도체장비,N,9.539,371.0,3.516,593.0,15.266,324.0,23.817,291.0,47.177,242.0,-29.734,733.0
417790,트루엔,KOSDAQ,전자장비와기기,N,3.612,957.0,-0.965,912.0,-9.67,1727.0,11.73,508.0,18.027,1030.0,-32.544,817.0
417840,저스템,KOSDAQ,반도체 장비,U,9.579,369.0,23.275,123.0,16.567,294.0,87.408,30.0,83.795,63.0,188.211,9.0
417860,오브젠,KOSDAQ,소프트웨어,N,5.09,751.0,-1.719,1001.0,-2.122,899.0,-21.683,2269.0,20.07,919.0,-39.433,1100.0
417970,모델솔루션,KOSDAQ,기계,N,10.349,333.0,5.648,486.0,2.115,649.0,-8.231,1398.0,14.551,1263.0,-65.494,2129.0
418250,시큐레터,KOSDAQ,소프트웨어,N,1.09,1636.0,-4.254,1471.0,-6.72,1364.0,-10.14,1620.0,13.011,1433.0,-27.462,670.0
418420,라온텍,KOSDAQ,반도체와반도체장비,N,3.996,897.0,-0.595,872.0,-8.226,1565.0,12.339,494.0,18.209,1019.0,-48.171,1501.0
418470,KT밀리의서재,KOSDAQ,엔터,U,0.137,1862.0,-5.729,1735.0,-11.214,1898.0,-19.187,2192.0,7.361,1838.0,-54.128,1768.0
418550,제이오,KOSDAQ,이차전지,U,9.935,347.0,3.693,583.0,9.502,434.0,16.189,407.0,28.083,586.0,-64.145,2091.0
418620,E8,KOSDAQ,소프트웨어,N,-34.248,2538.0,-39.786,2530.0,-17.693,2310.0,-43.057,2485.0,-35.306,2492.0,-93.789,2463.0
419050,삼기에너지솔루션즈,KOSDAQ,자동차부품,N,-4.902,2393.0,12.413,285.0,7.315,480.0,15.464,422.0,19.882,926.0,-8.352,260.0
419080,엔젯,KOSDAQ,디스플레이장비및부품,N,7.644,488.0,0.856,759.0,-12.338,1996.0,-4.369,1120.0,31.321,498.0,-21.579,458.0
419120,산돌,KOSDAQ,소프트웨어,N,6.85,557.0,-4.471,1516.0,-9.061,1666.0,-11.004,1699.0,-1.673,2165.0,-70.23,2236.0
419530,SAMG엔터,KOSDAQ,개별주,U,5.794,654.0,-0.275,848.0,-13.59,2101.0,-46.204,2493.0,-13.696,2377.0,-67.957,2187.0
419540,비스토스,KOSDAQ,건강관리장비와용품,N,-5.089,2402.0,-11.934,2326.0,-19.691,2371.0,-13.328,1888.0,0.04,2107.0,-41.346,1181.0
420570,제이투케이바이오,KOSDAQ,화장품,N,-0.754,2035.0,1.347,728.0,-18.081,2326.0,-13.245,1880.0,22.975,799.0,-6.31,240.0
420770,기가비스,KOSDAQ,반도체 장비,U,6.127,623.0,17.958,189.0,19.673,242.0,2.491,796.0,-1.642,2162.0,37.252,83.0
424760,벨로크,KOSDAQ,IT서비스,N,-1.504,2154.0,-6.154,1810.0,-26.681,2465.0,-14.316,1940.0,17.463,1066.0,-31.125,769.0
424870,이뮨온시아,KOSDAQ,제약바이오,U,12.941,222.0,-6.384,1850.0,13.524,348.0,3.744,736.0,14.934,1238.0,-80.075,2389.0
424960,스마트레이더시스템,KOSDAQ,자동차부품,N,2.524,1185.0,-4.51,1527.0,-9.348,1689.0,-1.329,954.0,10.383,1632.0,-67.245,2174.0
424980,마이크로투나노,KOSDAQ,반도체와반도체장비,N,24.068,56.0,13.084,268.0,35.037,98.0,49.769,113.0,64.601,126.0,-37.264,1001.0
425040,티이엠씨,KOSDAQ,소재,U,16.606,130.0,45.696,27.0,69.911,17.0,65.243,70.0,61.171,141.0,-19.797,425.0
425420,티에프이,KOSDAQ,후공정/테스트,U,12.443,247.0,23.148,127.0,40.909,76.0,120.456,10.0,104.712,27.0,0.395,198.0
429270,시지트로닉스,KOSDAQ,반도체와반도체장비,N,12.218,257.0,9.512,357.0,-4.589,1070.0,3.088,757.0,7.245,1843.0,-55.562,1825.0
430690,한싹,KOSDAQ,소프트웨어,N,5.651,671.0,-0.22,842.0,18.838,257.0,22.693,308.0,44.714,273.0,-39.536,1103.0
431190,케이쓰리아이,KOSDAQ,IT서비스,N,6.365,600.0,29.371,61.0,38.763,85.0,81.91,35.0,94.794,40.0,-12.424,317.0
432430,와이랩,KOSDAQ,출판,N,1.577,1406.0,-4.495,1521.0,-9.314,1688.0,-6.89,1305.0,8.392,1765.0,-58.05,1903.0
432470,케이엔에스,KOSDAQ,전기제품,N,3.369,1007.0,1.268,734.0,-2.688,929.0,24.762,280.0,48.09,235.0,-43.899,1291.0
432720,퀄리타스반도체,KOSDAQ,로직,U,14.28,183.0,16.505,213.0,35.132,97.0,41.489,144.0,43.822,284.0,-45.149,1347.0
432980,엠에프씨,KOSDAQ,제약,N,3.243,1031.0,-21.265,2494.0,-2.943,948.0,-9.755,1516.0,3.794,1989.0,-51.7,1658.0
434480,모니터랩,KOSDAQ,소프트웨어,N,4.483,831.0,-5.784,1742.0,4.199,568.0,15.185,428.0,26.541,640.0,-39.867,1117.0
435570,에르코스,KOSDAQ,식품,N,-0.046,1896.0,-4.397,1501.0,-5.704,1180.0,-9.996,1536.0,15.97,1164.0,-50.81,1624.0
437730,삼현,KOSDAQ,방산,U,0.897,1687.0,0.393,791.0,68.28,18.0,27.079,261.0,53.011,191.0,-13.99,343.0
438700,버넥트,KOSDAQ,소프트웨어,N,-0.266,1943.0,-1.833,1013.0,-3.25,963.0,-0.891,938.0,8.748,1742.0,-67.92,2185.0
439090,마녀공장,KOSDAQ,화장품,U,-0.664,2019.0,-8.859,2146.0,-13.559,2098.0,-17.55,2131.0,12.551,1461.0,-2.709,217.0
439260,대한조선,KOSPI,조선,U,1.859,1329.0,-3.706,1275.0,-3.686,998.0,-15.992,2035.0,1.015,2077.0,-75.536,2331.0
439580,블루엠텍,KOSDAQ,건강관리업체및서비스,N,10.869,310.0,10.169,339.0,43.837,65.0,69.836,59.0,74.608,81.0,-35.356,933.0
439960,코스모로보틱스,KOSDAQ,기계,N,-29.833,2535.0,-33.005,2526.0,-41.506,2521.0,-66.035,2521.0,-28.594,2477.0,,
440110,파두,KOSDAQ,로직,U,6.36,601.0,40.603,33.0,30.063,134.0,28.632,246.0,31.331,496.0,55.304,55.0
440290,HB인베스트먼트,KOSDAQ,창업투자,N,1.614,1392.0,-5.002,1609.0,-8.149,1553.0,-5.404,1193.0,14.482,1267.0,-41.854,1200.0
440320,오픈놀,KOSDAQ,디스플레이패널,N,-3.508,2339.0,-9.288,2184.0,-19.535,2369.0,-9.656,1512.0,6.48,1881.0,-62.21,2035.0
441270,파인엠텍,KOSDAQ,디스플레이,U,8.519,435.0,1.961,683.0,14.414,337.0,7.655,616.0,58.297,159.0,-23.823,508.0
443060,HD현대마린솔루션,KOSPI,조선,U,-1.211,2113.0,-5.522,1700.0,10.617,403.0,16.145,408.0,25.271,686.0,8.294,158.0
443250,레뷰코퍼레이션,KOSDAQ,양방향미디어와서비스,N,4.09,880.0,-7.267,1969.0,-17.62,2309.0,-21.04,2252.0,-4.589,2239.0,-68.672,2212.0
443670,에스피소프트,KOSDAQ,IT서비스,N,-5.31,2409.0,-15.785,2434.0,0.866,710.0,37.961,171.0,72.466,87.0,-22.997,488.0
444530,심플랫폼,KOSDAQ,IT서비스,N,2.477,1198.0,-5.295,1671.0,-2.895,944.0,-1.939,983.0,6.885,1861.0,-58.621,1930.0
445090,에이직랜드,KOSDAQ,로직,U,4.538,823.0,7.966,405.0,6.916,494.0,15.348,425.0,28.871,567.0,-44.436,1316.0
445180,퓨릿,KOSDAQ,소재,U,12.646,240.0,27.678,73.0,16.47,299.0,31.668,214.0,40.747,322.0,-5.617,233.0
445680,큐리옥스바이오시스템즈,KOSDAQ,제약바이오,U,18.429,107.0,18.661,180.0,11.213,395.0,28.597,247.0,51.09,205.0,-53.604,1741.0
446070,유니드비티플러스,KOSPI,건축자재,N,5.343,718.0,-0.669,885.0,-4.959,1104.0,10.787,533.0,35.773,402.0,7.372,159.0
446540,메가터치,KOSDAQ,후공정/테스트,U,0.815,1704.0,17.199,200.0,41.373,75.0,67.765,62.0,111.008,24.0,139.614,18.0
446840,지슨,KOSDAQ,소재,U,14.608,172.0,11.913,295.0,-6.576,1272.0,0.847,858.0,6.947,1858.0,-49.44,1561.0
448280,에코아이,KOSDAQ,"태양광, 풍력",U,1.518,1420.0,-0.493,863.0,-7.983,1538.0,26.197,274.0,46.061,256.0,-43.935,1293.0
448710,코츠테크놀로지,KOSDAQ,방산,U,8.746,419.0,0.564,775.0,-5.134,1129.0,-4.65,1143.0,14.241,1278.0,-67.158,2170.0
448900,한국피아이엠,KOSDAQ,로봇,U,6.044,629.0,6.171,469.0,17.224,277.0,-20.061,2219.0,19.728,937.0,-60.873,1994.0
450080,에코프로머티,KOSPI,이차전지,U,9.817,353.0,3.243,607.0,1.542,676.0,5.891,659.0,7.539,1826.0,-75.478,2330.0
450330,하스,KOSDAQ,건강관리장비와용품,N,2.723,1136.0,-8.668,2130.0,-7.02,1408.0,10.005,549.0,9.71,1685.0,-53.574,1739.0
450520,인스웨이브,KOSDAQ,소프트웨어,N,-0.894,2060.0,-5.464,1694.0,-4.264,1051.0,-1.391,956.0,15.974,1163.0,-64.05,2087.0
450950,아스테라시스,KOSDAQ,의료기기,U,23.121,62.0,18.719,178.0,17.451,272.0,-0.877,936.0,4.272,1967.0,-64.015,2086.0
451220,아이엠티,KOSDAQ,반도체와반도체장비,N,12.869,227.0,9.997,343.0,2.563,628.0,-4.458,1129.0,3.215,2008.0,-47.975,1494.0
451250,삐아,KOSDAQ,화장품,U,3.59,963.0,-0.602,875.0,-9.615,1716.0,-10.41,1637.0,10.373,1634.0,-35.556,940.0
451760,컨텍,KOSDAQ,우주,U,7.476,500.0,14.749,237.0,20.513,231.0,9.67,556.0,9.832,1674.0,-76.568,2349.0
452160,제이엔비,KOSDAQ,반도체와반도체장비,N,4.93,771.0,0.46,782.0,-9.533,1707.0,-9.166,1469.0,0.617,2092.0,-67.997,2189.0
452190,한빛레이저,KOSDAQ,전기제품,N,32.293,18.0,17.245,198.0,54.536,43.0,65.86,67.0,73.011,85.0,26.538,110.0
452200,민테크,KOSDAQ,전기제품,N,0.619,1749.0,-4.076,1343.0,0.86,711.0,15.999,412.0,0.163,2102.0,-53.706,1746.0
452260,한화갤러리아,KOSPI,유통,U,-5.058,2401.0,-4.829,1574.0,16.851,288.0,21.053,329.0,38.072,369.0,-16.564,380.0
452280,한선엔지니어링,KOSDAQ,"태양광, 풍력",U,8.276,452.0,5.9,481.0,37.055,90.0,4.788,699.0,27.115,621.0,-14.706,351.0
452300,캡스톤파트너스,KOSDAQ,창업투자,N,4.349,845.0,4.08,559.0,1.845,662.0,8.874,575.0,22.99,797.0,-72.887,2284.0
452400,이닉스,KOSDAQ,전기제품,N,-4.594,2383.0,-8.922,2150.0,-18.072,2323.0,-18.43,2171.0,3.471,2000.0,-63.409,2069.0
452430,사피엔반도체,KOSDAQ,로직,U,-4.997,2397.0,-7.082,1945.0,22.732,197.0,22.028,313.0,43.581,286.0,3.561,183.0
452450,피아이이,KOSDAQ,로직,U,1.464,1435.0,-4.44,1511.0,46.928,61.0,67.675,63.0,68.214,101.0,-17.421,393.0
453340,현대그린푸드,KOSPI,음식료,U,-1.133,2101.0,-7.626,2014.0,-5.543,1165.0,-8.528,1420.0,22.571,817.0,-5.619,234.0
453450,그리드위즈,KOSDAQ,전기유틸리티,N,6.265,611.0,0.338,794.0,-5.88,1201.0,-10.14,1545.0,8.945,1734.0,-61.379,2007.0
453860,에이에스텍,KOSDAQ,화장품,N,-2.844,2296.0,-11.598,2315.0,-17.24,2297.0,-28.39,2386.0,-10.985,2347.0,-70.927,2245.0
454910,두산로보틱스,KOSPI,로봇,U,4.339,848.0,3.723,582.0,4.037,575.0,-3.425,1061.0,1.617,2058.0,-37.658,1024.0
455180,케이지에이,KOSDAQ,전자장비와기기,N,2.666,1146.0,-9.125,2168.0,-9.29,1684.0,-37.602,2464.0,-1.511,2159.0,-80.759,2397.0
455900,엔젤로보틱스,KOSDAQ,로봇,U,3.208,1038.0,3.172,609.0,2.821,621.0,-13.695,1907.0,29.678,539.0,-42.029,1206.0
456010,아이씨티케이,KOSDAQ,통신장비,N,11.267,297.0,30.195,56.0,58.619,36.0,67.337,64.0,61.491,139.0,57.394,51.0
456040,OCI,KOSPI,지주,U,-2.681,2285.0,-3.023,1177.0,-12.332,1995.0,-8.212,1396.0,-6.203,2272.0,-47.375,1461.0
456070,이엔셀,KOSDAQ,제약,N,2.441,1206.0,11.8,301.0,0.232,748.0,-12.42,1822.0,-3.655,2215.0,-84.605,2422.0
456160,지투지바이오,KOSDAQ,제약바이오,U,37.127,12.0,27.867,71.0,10.959,397.0,8.823,579.0,35.483,407.0,-61.7,2016.0
457190,이수스페셜티케미컬,KOSPI,이차전지,U,28.206,35.0,21.874,142.0,19.407,245.0,29.929,229.0,37.207,376.0,-41.642,1191.0
457370,한켐,KOSDAQ,디스플레이장비및부품,N,-2.01,2216.0,8.182,399.0,24.929,167.0,58.948,86.0,45.297,265.0,14.986,137.0
457550,우진엔텍,KOSDAQ,원전,U,3.854,924.0,-4.254,1481.0,4.278,564.0,-11.742,1761.0,-2.881,2207.0,-68.464,2205.0
457600,벡트,KOSDAQ,교육서비스,N,-10.302,2491.0,-19.638,2483.0,-36.336,2511.0,-5.52,1201.0,104.554,28.0,63.605,46.0
458350,에스팀,KOSDAQ,광고,N,-0.092,1911.0,-7.239,1961.0,-22.426,2428.0,-28.664,2389.0,-18.084,2428.0,-93.05,2459.0
458650,성우,KOSDAQ,전기제품,N,2.675,1144.0,-2.534,1099.0,-9.378,1693.0,-13.41,1891.0,5.218,1937.0,-64.891,2113.0
458870,씨어스,KOSDAQ,제약바이오,U,8.874,410.0,13.137,265.0,23.4,191.0,-15.734,2022.0,-8.841,2317.0,-64.598,2105.0
459100,위츠,KOSDAQ,핸드셋,N,2.225,1259.0,-4.004,1328.0,-10.094,1786.0,-9.89,1527.0,6.594,1872.0,-55.855,1837.0
459510,나우로보틱스,KOSDAQ,로봇,U,1.217,1503.0,-5.82,1753.0,5.574,524.0,-16.85,2088.0,26.114,660.0,-45.124,1343.0
459550,알트,KOSDAQ,핸드셋,N,2.823,1117.0,-16.245,2445.0,-2.88,940.0,5.115,684.0,90.933,47.0,-50.206,1607.0
460470,아이빔테크놀로지,KOSDAQ,생명과학도구및서비스,N,15.321,153.0,2.966,621.0,-2.143,902.0,-9.119,1467.0,12.177,1498.0,-32.269,806.0
460850,동국씨엠,KOSPI,철강,N,2.98,1086.0,-2.938,1164.0,-3.857,1010.0,-6.086,1242.0,25.07,693.0,-24.007,512.0
460860,동국제강,KOSPI,철강,U,6.308,605.0,-5.057,1618.0,-10.705,1844.0,-2.749,1026.0,28.974,561.0,-22.243,474.0
460870,에스엠씨지,KOSDAQ,포장재,N,-0.209,1935.0,6.898,436.0,-2.61,927.0,-0.787,928.0,46.053,257.0,-42.068,1208.0
460930,현대힘스,KOSDAQ,조선,U,2.482,1196.0,-3.33,1218.0,-5.719,1182.0,-14.725,1964.0,18.737,990.0,-54.385,1777.0
460940,피앤에스로보틱스,KOSDAQ,건강관리장비와용품,N,3.614,956.0,3.501,594.0,-1.541,866.0,-1.049,942.0,27.669,598.0,-54.734,1794.0
461030,아이엠비디엑스,KOSDAQ,생명과학도구및서비스,N,6.737,564.0,11.746,303.0,-8.747,1631.0,-19.656,2212.0,-4.368,2230.0,-79.921,2387.0
461300,아이스크림미디어,KOSDAQ,교육서비스,N,0.283,1828.0,-3.543,1246.0,-11.277,1904.0,3.555,741.0,25.733,669.0,-8.405,262.0
462310,뉴키즈온,KOSDAQ,"섬유,의류,신발,호화품",N,1.608,1397.0,-3.736,1281.0,-6.977,1403.0,-2.362,1009.0,27.297,613.0,-36.06,957.0
462350,이노스페이스,KOSDAQ,우주,U,-0.88,2056.0,0.608,771.0,9.022,446.0,-8.41,1414.0,-4.358,2229.0,-84.642,2423.0
462510,라메디텍,KOSDAQ,건강관리장비와용품,N,31.421,20.0,21.011,157.0,21.955,212.0,18.302,369.0,41.221,316.0,-49.975,1593.0
462520,조선내화,KOSPI,비철금속,N,1.876,1325.0,-3.468,1238.0,-8.633,1617.0,-18.24,2162.0,-6.813,2281.0,-36.475,967.0
462860,더즌,KOSDAQ,IT서비스,N,-3.788,2346.0,9.781,353.0,-17.134,2294.0,39.324,158.0,55.002,176.0,-36.623,976.0
462870,시프트업,KOSPI,게임,U,-0.653,2017.0,-5.528,1701.0,-11.774,1948.0,-15.193,1996.0,1.964,2047.0,-30.587,755.0
462980,아이지넷,KOSDAQ,IT서비스,N,3.423,994.0,0.129,809.0,-1.745,877.0,18.586,366.0,17.657,1058.0,-54.826,1800.0
463020,뉴엔AI,KOSDAQ,IT SW,U,3.909,913.0,-2.79,1131.0,-22.618,2429.0,-33.65,2438.0,15.983,1161.0,-68.282,2198.0
463480,모티브링크,KOSDAQ,자동차부품,N,0.33,1816.0,-5.14,1636.0,-5.557,1167.0,-6.568,1279.0,1.386,2067.0,-70.968,2249.0
464080,에스오에스랩,KOSDAQ,전자장비와기기,N,6.295,609.0,4.321,546.0,2.192,643.0,11.504,513.0,23.411,772.0,-52.067,1673.0
464280,티디에스팜,KOSDAQ,제약,N,0.171,1852.0,-7.137,1949.0,-15.053,2190.0,-9.767,1518.0,0.796,2088.0,-60.087,1966.0
464490,쿼드메디슨,KOSDAQ,생물공학,N,16.95,126.0,9.182,368.0,-0.971,828.0,-22.106,2285.0,0.596,2093.0,-88.594,2444.0
464500,아이언디바이스,KOSDAQ,반도체와반도체장비,N,0.791,1708.0,-0.846,903.0,-12.426,2005.0,-11.382,1736.0,0.302,2098.0,-73.968,2310.0
464580,닷밀,KOSDAQ,방송과엔터테인먼트,N,10.436,330.0,-0.122,831.0,-6.72,1373.0,-12.232,1802.0,27.158,620.0,-46.171,1391.0
465480,인스피언,KOSDAQ,IT서비스,N,2.482,1195.0,2.832,631.0,7.872,468.0,23.36,300.0,25.828,667.0,-47.681,1476.0
465770,STX그린로지스,KOSPI,해운사,N,-11.067,2500.0,-31.051,2522.0,-49.65,2529.0,-29.997,2403.0,21.749,847.0,-91.622,2457.0
466100,클로봇,KOSDAQ,로봇,U,4.127,878.0,-0.315,850.0,-5.871,1200.0,-21.85,2278.0,0.974,2079.0,-69.322,2224.0
466410,사이냅소프트,KOSDAQ,소프트웨어,N,3.279,1022.0,0.469,781.0,-5.81,1193.0,-5.169,1180.0,19.75,934.0,-46.011,1386.0
468530,프로티나,KOSDAQ,생물공학,N,9.661,365.0,53.35,17.0,60.381,32.0,112.42,16.0,112.622,22.0,-37.304,1004.0
468670,브릴스,KOSDAQ,기계,N,,,,,,,,,,,,
469610,이노테크,KOSDAQ,디스플레이장비및부품,N,1.73,1368.0,-0.835,901.0,-1.15,840.0,14.999,431.0,19.223,963.0,-39.041,1081.0
469750,아이비젼웍스,KOSDAQ,전기제품,N,1.09,1637.0,-4.254,1472.0,-6.416,1254.0,-5.714,1215.0,50.459,213.0,-32.173,804.0
471820,셀로맥스사이언스,KOSDAQ,제약,N,3.578,965.0,0.315,796.0,-5.616,1174.0,-8.787,1437.0,4.669,1954.0,-41.628,1189.0
472850,폰드그룹,KOSDAQ,의류,U,-5.001,2398.0,-10.345,2257.0,-15.317,2209.0,-17.825,2149.0,21.579,859.0,-37.656,1023.0
473980,노머스,KOSDAQ,엔터,U,2.372,1221.0,-7.367,1983.0,-15.512,2219.0,-15.047,1988.0,4.954,1945.0,-67.925,2186.0
474170,루미르,KOSDAQ,우주,U,7.43,505.0,5.404,499.0,13.671,346.0,12.655,490.0,14.385,1271.0,-71.083,2252.0
474610,RF시스템즈,KOSDAQ,우주항공과국방,N,12.757,233.0,19.468,172.0,17.002,283.0,21.233,327.0,38.155,365.0,-50.177,1606.0
474650,링크솔루션,KOSDAQ,기계,N,9.762,357.0,1.491,715.0,23.016,194.0,18.463,367.0,22.491,822.0,-73.916,2308.0
475040,스트라드비젼,KOSDAQ,소프트웨어,N,-1.345,2134.0,-15.871,2438.0,-3.809,1006.0,-8.103,1389.0,-25.849,2462.0,,
475150,SK이터닉스,KOSPI,"태양광, 풍력",U,-1.075,2088.0,-2.41,1085.0,-9.078,1667.0,-21.072,2253.0,28.862,569.0,-42.504,1234.0
475230,엔알비,KOSDAQ,건설,N,-0.384,1970.0,-15.493,2431.0,-6.219,1231.0,22.884,307.0,50.409,214.0,-78.415,2372.0
475400,씨메스로보틱스,KOSDAQ,로봇,U,5.74,659.0,2.977,619.0,5.086,538.0,-17.05,2102.0,22.451,826.0,-61.496,2010.0
475430,키스트론,KOSDAQ,전기장비,N,5.985,633.0,3.017,616.0,2.371,636.0,0.971,855.0,-1.437,2157.0,-21.455,455.0
475460,미트박스,KOSDAQ,인터넷과카탈로그소매,N,11.669,278.0,1.876,695.0,9.812,425.0,41.292,145.0,58.196,162.0,-11.39,304.0
475560,더본코리아,KOSPI,음식료,U,-0.764,2037.0,-4.324,1491.0,-15.41,2213.0,-4.756,1147.0,10.156,1653.0,-58.925,1938.0
475580,에이럭스,KOSDAQ,로봇,U,1.09,1646.0,-7.622,2013.0,-2.53,921.0,-3.263,1049.0,8.652,1748.0,-68.114,2194.0
475660,에스켐,KOSDAQ,디스플레이장비및부품,N,-4.546,2379.0,-12.691,2358.0,-16.008,2239.0,-22.546,2292.0,-5.487,2259.0,-72.798,2280.0
475830,오름테라퓨틱,KOSDAQ,제약바이오,U,-14.31,2515.0,-62.538,2546.0,-69.153,2542.0,-73.611,2533.0,-45.355,2518.0,-99.887,2494.0
475960,토모큐브,KOSDAQ,제약바이오,U,24.25,54.0,20.473,163.0,13.21,357.0,-16.038,2039.0,16.169,1150.0,-58.448,1924.0
476040,오가노이드사이언스,KOSDAQ,제약바이오,U,5.374,709.0,7.103,433.0,1.562,673.0,-27.081,2370.0,-9.661,2327.0,-93.355,2460.0
476060,온코닉테라퓨틱스,KOSDAQ,제약바이오,U,4.923,772.0,3.349,602.0,-13.208,2074.0,14.05,454.0,44.476,275.0,-46.607,1422.0
476080,M83,KOSDAQ,방송과엔터테인먼트,N,4.98,765.0,-1.269,954.0,-1.108,835.0,-2.046,990.0,19.438,951.0,-59.704,1960.0
476830,알지노믹스,KOSDAQ,생물공학,N,11.266,298.0,2.984,618.0,-5.279,1142.0,-20.775,2241.0,-12.022,2358.0,-98.496,2487.0
477850,마키나락스,KOSDAQ,소프트웨어,N,8.91,404.0,3.311,604.0,-14.052,2133.0,-11.011,1701.0,-12.153,2363.0,,
478340,나라스페이스테크놀로지,KOSDAQ,우주항공과국방,N,23.782,58.0,59.067,14.0,73.508,14.0,57.264,93.0,45.811,260.0,-70.844,2243.0
478560,블랙야크아이앤씨,KOSDAQ,"섬유,의류,신발,호화품",N,6.453,588.0,5.977,476.0,-4.266,1052.0,16.615,397.0,37.175,377.0,-24.692,533.0
479960,위너스일렉,KOSDAQ,전기장비,N,6.572,580.0,2.111,676.0,-0.887,821.0,3.864,733.0,8.5,1753.0,-62.132,2030.0
480370,씨케이솔루션,KOSPI,기계,N,9.339,381.0,9.119,369.0,28.209,145.0,38.618,165.0,48.036,236.0,-26.726,589.0
481070,에이유브랜즈,KOSDAQ,의류,U,-6.717,2439.0,-9.724,2223.0,-30.373,2480.0,-31.592,2422.0,7.667,1820.0,-46.49,1412.0
482630,삼양엔씨켐,KOSDAQ,소재,U,11.748,272.0,15.021,233.0,16.058,309.0,9.876,553.0,17.397,1072.0,-26.351,578.0
483350,딜리셔스,KOSDAQ,IT서비스,N,-14.651,2518.0,-15.184,2426.0,-14.801,2173.0,,,,,,
483650,달바글로벌,KOSPI,화장품,U,1.639,1386.0,10.112,342.0,-16.077,2244.0,-33.689,2439.0,-2.998,2209.0,-14.297,345.0
484120,도우인시스,KOSDAQ,휴대폰 부품,U,-2.271,2242.0,22.328,139.0,16.538,296.0,23.971,288.0,43.916,282.0,-2.258,215.0
484590,삼양컴텍,KOSDAQ,방산,U,14.966,163.0,11.19,318.0,9.613,429.0,11.634,511.0,24.698,708.0,-65.168,2123.0
484810,티엑스알로보틱스,KOSDAQ,로봇,U,3.678,946.0,-4.091,1348.0,-13.965,2128.0,-38.478,2467.0,38.42,360.0,-46.393,1406.0
484870,엠앤씨솔루션,KOSPI,방산,U,7.056,533.0,-2.95,1167.0,-1.353,855.0,5.627,669.0,-34.601,2490.0,-62.766,2057.0
486510,글로벌테크놀로지,KOSDAQ,반도체와반도체장비,N,,,,,,,,,,,,
486990,노타,KOSDAQ,IT서비스,N,1.581,1404.0,17.255,197.0,9.275,439.0,-9.648,1511.0,10.625,1619.0,-66.959,2165.0
487400,케이앤에스아이앤씨,KOSDAQ,통신장비,N,-9.557,2487.0,-10.61,2271.0,-16.022,2241.0,,,,,,
487570,HS효성,KOSPI,지주,U,1.798,1345.0,-0.179,835.0,-3.293,966.0,4.607,705.0,21.39,866.0,-33.853,872.0
487580,폴레드,KOSDAQ,가정용기기와용품,N,-2.537,2263.0,-12.022,2333.0,-17.725,2311.0,-27.228,2374.0,-15.266,2400.0,,
488280,에스투더블유,KOSDAQ,IT SW,U,-2.124,2225.0,2.71,637.0,50.657,58.0,28.363,250.0,57.644,166.0,-15.345,360.0
488900,비츠로넥스텍,KOSDAQ,우주항공과국방,N,8.639,428.0,3.9,565.0,21.36,216.0,26.428,271.0,53.401,187.0,-58.975,1940.0
489460,바이오비쥬,KOSDAQ,주사제,U,-2.505,2258.0,-4.686,1557.0,-6.459,1259.0,-5.607,1209.0,82.82,66.0,16.844,133.0
489500,엘케이켐,KOSDAQ,반도체와반도체장비,N,7.888,472.0,7.188,430.0,15.335,322.0,16.222,404.0,31.215,502.0,-48.275,1508.0
489790,한화비전,KOSPI,반도체 장비,U,7.451,502.0,9.08,370.0,-2.426,915.0,3.954,730.0,16.25,1145.0,-56.033,1844.0
490470,세미파이브,KOSDAQ,로직,U,26.938,41.0,34.522,42.0,31.025,127.0,8.258,589.0,16.303,1142.0,-38.958,1075.0
491000,리브스메드,KOSDAQ,제약바이오,U,21.289,76.0,28.47,64.0,6.364,502.0,-29.383,2399.0,18.229,1017.0,-70.386,2238.0
493280,아이엠바이오로직스,KOSDAQ,제약,N,-1.909,2206.0,2.804,633.0,9.169,442.0,-11.236,1722.0,-4.979,2250.0,-88.15,2442.0
493330,지에프아이,KOSDAQ,전자장비와기기,N,12.26,255.0,0.948,754.0,-15.916,2229.0,14.019,456.0,29.123,556.0,-38.209,1042.0
494120,큐리오시스,KOSDAQ,제약바이오,U,20.429,85.0,19.634,171.0,7.717,469.0,-21.745,2273.0,-21.978,2448.0,-96.454,2482.0
499790,GS피앤엘,KOSPI,호텔레저,U,5.041,755.0,-8.279,2089.0,-19.12,2363.0,-15.357,2002.0,9.962,1666.0,-33.957,877.0
900070,글로벌에스엠,KOSDAQ,자동차부품,N,12.843,229.0,6.157,470.0,2.38,635.0,8.462,584.0,19.788,932.0,-7.073,246.0
900100,파이온엑스,KOSDAQ,"섬유,의류,신발,호화품",N,6.373,597.0,-45.769,2535.0,-52.057,2531.0,-54.079,2508.0,-38.707,2504.0,-81.407,2401.0
900110,딥커머스,KOSDAQ,"섬유,의류,신발,호화품",N,5.326,720.0,-5.648,1721.0,-8.114,1548.0,-1.691,971.0,11.046,1584.0,-61.391,2008.0
900120,씨엑스아이,KOSDAQ,제약,N,1.09,1638.0,-4.254,1473.0,-6.72,1365.0,16.074,409.0,5.786,1909.0,-24.482,525.0
900140,엘브이엠씨홀딩스,KOSPI,자동차,U,8.908,405.0,2.689,639.0,-7.639,1493.0,-13.165,1875.0,7.513,1829.0,-49.793,1576.0
900250,크리스탈신소재,KOSDAQ,비철금속,N,3.394,1005.0,-1.015,921.0,-0.752,812.0,10.306,543.0,17.994,1032.0,-48.573,1525.0
900260,로스웰,KOSDAQ,통신장비,N,2.61,1163.0,-4.665,1553.0,5.31,533.0,5.158,683.0,31.265,501.0,-8.918,267.0
900270,헝셩그룹,KOSDAQ,레저용장비와제품,N,-5.239,2407.0,-15.097,2423.0,-37.837,2514.0,-15.268,1999.0,-25.019,2460.0,-86.594,2433.0
900290,GRT,KOSDAQ,화학,N,3.453,983.0,-7.87,2039.0,-24.22,2444.0,-17.369,2118.0,39.702,336.0,-60.57,1984.0
900300,오가닉티코스메틱,KOSDAQ,화장품,N,3.138,1051.0,-4.421,1506.0,-33.075,2493.0,53.516,105.0,42.729,300.0,-48.029,1496.0
900310,컬러레이,KOSDAQ,화장품,N,-0.098,1914.0,-5.676,1723.0,-13.863,2119.0,-6.088,1243.0,15.474,1199.0,-8.227,259.0
900340,윙입푸드,KOSDAQ,식품,N,4.404,838.0,-10.833,2285.0,-21.916,2419.0,8.193,592.0,10.867,1597.0,-53.929,1754.0
950130,엑세스바이오,KOSDAQ,생명과학도구및서비스,N,-0.271,1944.0,-16.197,2443.0,-20.067,2382.0,-16.591,2070.0,4.784,1952.0,-48.514,1521.0
950140,잉글우드랩,KOSDAQ,화장품,U,1.458,1438.0,-4.131,1355.0,-13.02,2060.0,-16.333,2058.0,6.072,1900.0,-54.815,1798.0
950160,코오롱티슈진,KOSDAQ,제약바이오,U,3.179,1042.0,-2.68,1111.0,-16.608,2271.0,-8.821,1439.0,-68.721,2536.0,-111.136,2521.0
950170,JTC,KOSDAQ,호텔레저,U,2.638,1156.0,-3.901,1312.0,-9.567,1709.0,-13.537,1895.0,0.052,2104.0,-37.672,1025.0
950190,고스트스튜디오,KOSDAQ,게임엔터테인먼트,N,1.815,1344.0,-16.765,2453.0,-5.786,1188.0,-9.205,1472.0,16.196,1148.0,-7.462,248.0
950200,소마젠,KOSDAQ,생명과학도구및서비스,N,-3.244,2323.0,-7.501,1996.0,-21.577,2412.0,-3.711,1076.0,12.511,1466.0,-37.022,990.0
950210,프레스티지바이오파마,KOSPI,제약바이오,U,3.268,1024.0,-1.733,1002.0,-15.946,2232.0,-13.925,1919.0,13.506,1333.0,-62.011,2026.0
950220,네오이뮨텍,KOSDAQ,제약,N,6.339,603.0,-1.244,949.0,-21.709,2418.0,33.805,193.0,58.86,155.0,-8.222,258.0
950250,테라뷰,KOSDAQ,반도체와반도체장비,N,31.311,21.0,28.061,70.0,71.805,15.0,76.906,43.0,65.419,119.0,-62.963,2060.0
950260,인제니아테라퓨틱스(Reg.S),KOSDAQ,생물공학,N,19.328,99.0,79.621,6.0,60.526,31.0,,,,,,
