code,name,sector,latest_mktcap,latest_period,latest_is_estimate,latest_yoy,latest_label,prev_yoy,n_quarters,triple_digit_streak,accel_streak,accel2_100mil,accel2_base_period,accel2_target_period,accel2_target_is_estimate,yoy_by_period,label_by_period,est_by_period
A000080,하이트진로,음료,1057614853880,202712,True,-53.5,,,13,0,0,-514.9,202606,202612,True,"{'202503': 29.7, '202506': -5.5, '202509': -22.5, '202603': -10.8, '202606': 0.7, '202609': 5.1, '202712': -53.5}","{'202512': '적전', '202612': '흑전'}","{'202403': False, '202406': False, '202409': False, '202412': False, '202503': False, '202506': False, '202509': False, '202512': False, '202603': False, '202606': False, '202609': True, '202612': True, '202712': True}"
A000100,유한양행,제약,5528545153100,202712,True,132.4,,105.7,16,2,2,-440.8,202606,202612,True,"{'202503': 1012.3, '202506': 168.9, '202509': -53.7, '202603': 37.3, '202606': 34.1, '202609': 35.4, '202612': -12.6, '202703': 276.6, '202706': -13.0, '202709': 105.7, '202712': 132.4}",{'202512': '흑전'},"{'202403': False, '202406': False, '202409': False, '202412': False, '202503': False, '202506': False, '202509': False, '202512': False, '202603': False, '202606': False, '202609': True, '202612': True, '202703': True, '202706': True, '202709': True, '202712': True}"
A000120,CJ대한통운,항공화물운송과물류,1626520127200,202712,True,-13.7,,-4.6,16,0,0,456.0,202606,202612,True,"{'202503': -21.9, '202506': -8.1, '202509': 4.4, '202512': 3.4, '202603': 7.9, '202606': -11.9, '202609': -12.8, '202612': -7.8, '202703': 16.2, '202706': 19.1, '202709': -4.6, '202712': -13.7}",{},"{'202403': False, '202406': False, '202409': False, '202412': False, '202503': False, '202506': False, '202509': False, '202512': False, '202603': False, '202606': False, '202609': True, '202612': True, '202703': True, '202706': True, '202709': True, '202712': True}"
A000150,두산,복합기업,23853518955000,202712,True,42.2,,46.9,16,0,0,359.5,202606,202612,True,"{'202503': -43.0, '202506': 5.2, '202509': 112.9, '202512': 31.7, '202603': 71.7, '202606': 38.2, '202609': 91.7, '202612': 91.1, '202703': 58.1, '202706': 30.0, '202709': 46.9, '202712': 42.2}",{},"{'202403': False, '202406': False, '202409': False, '202412': False, '202503': False, '202506': False, '202509': False, '202512': False, '202603': False, '202606': False, '202609': True, '202612': True, '202703': True, '202706': True, '202709': True, '202712': True}"
A000210,DL,화학,1081323614400,202612,True,897.5,,74.1,12,1,1,-1390.1,202606,202612,True,"{'202503': -38.9, '202506': -49.6, '202509': -9.9, '202603': 7.1, '202606': 256.1, '202609': 74.1, '202612': 897.5}",{'202512': '흑전'},"{'202403': False, '202406': False, '202409': False, '202412': False, '202503': False, '202506': False, '202509': False, '202512': False, '202603': False, '202606': False, '202609': True, '202612': True}"
A000240,한국앤컴퍼니,자동차부품,2335406904000,202612,True,28.2,,-23.7,12,0,1,-55.5,202606,202612,True,"{'202503': 1.1, '202506': -40.8, '202509': -0.1, '202512': 140.4, '202603': -4.1, '202606': 35.6, '202609': -23.7, '202612': 28.2}",{},"{'202403': False, '202406': False, '202409': False, '202412': False, '202503': False, '202506': False, '202509': False, '202512': False, '202603': False, '202606': False, '202609': True, '202612': True}"
A000270,기아,자동차,46263940263000,202712,True,-4.2,,-4.6,16,0,1,438.4,202606,202612,True,"{'202503': -12.2, '202506': -24.1, '202509': -49.2, '202512': -32.2, '202603': -26.7, '202606': -4.9, '202609': 75.6, '202612': 45.0, '202703': 34.6, '202706': -4.5, '202709': -4.6, '202712': -4.2}",{},"{'202403': False, '202406': False, '202409': False, '202412': False, '202503': False, '202506': False, '202509': False, '202512': False, '202603': False, '202606': False, '202609': True, '202612': True, '202703': True, '202706': True, '202709': True, '202712': True}"
A000370,한화손해보험,손해보험,909396147850,202612,True,-4.8,,99.2,12,0,0,-580.7,202606,202612,True,"{'202503': 10.9, '202506': -28.4, '202509': -47.1, '202512': 678.1, '202603': -21.4, '202606': 32.8, '202609': 99.2, '202612': -4.8}",{},"{'202403': False, '202406': False, '202409': False, '202412': False, '202503': False, '202506': False, '202509': False, '202512': False, '202603': False, '202606': False, '202609': True, '202612': True}"
A000640,동아쏘시오홀딩스,제약,626125011000,202612,True,16.6,,6.9,12,0,1,-203.6,202606,202612,True,"{'202503': 30.9, '202506': 26.2, '202509': 47.7, '202512': -26.4, '202603': -6.0, '202606': 38.3, '202609': 6.9, '202612': 16.6}",{},"{'202403': False, '202406': False, '202409': False, '202412': False, '202503': False, '202506': False, '202509': False, '202512': False, '202603': False, '202606': False, '202609': True, '202612': True}"
A000660,SK하이닉스,반도체와반도체장비,1344105951600000,202712,True,20.2,,35.3,16,0,0,280340.4,202606,202612,True,"{'202503': 157.8, '202506': 68.5, '202509': 61.9, '202512': 137.2, '202603': 405.5, '202606': 557.2, '202609': 585.9, '202612': 362.1, '202703': 144.3, '202706': 65.6, '202709': 35.3, '202712': 20.2}",{},"{'202403': False, '202406': False, '202409': False, '202412': False, '202503': False, '202506': False, '202509': False, '202512': False, '202603': False, '202606': False, '202609': True, '202612': True, '202703': True, '202706': True, '202709': True, '202712': True}"
A000720,현대건설,건설,14621011944500,202712,True,45.1,,29.4,16,0,2,-523.3,202606,202612,True,"{'202503': -14.8, '202506': 47.3, '202509': -9.4, '202603': -15.4, '202606': 20.7, '202609': 106.1, '202612': 76.4, '202703': -7.7, '202706': -22.1, '202709': 29.4, '202712': 45.1}",{'202512': '흑전'},"{'202403': False, '202406': False, '202409': False, '202412': False, '202503': False, '202506': False, '202509': False, '202512': False, '202603': False, '202606': False, '202609': True, '202612': True, '202703': True, '202706': True, '202709': True, '202712': True}"
A000810,삼성화재,손해보험,29244094815000,202612,True,47.7,,21.6,12,0,3,-3075.6,202606,202612,True,"{'202503': -11.7, '202506': 3.7, '202509': -7.4, '202512': 54.8, '202603': 8.7, '202606': 9.1, '202609': 21.6, '202612': 47.7}",{},"{'202403': False, '202406': False, '202409': False, '202412': False, '202503': False, '202506': False, '202509': False, '202512': False, '202603': False, '202606': False, '202609': True, '202612': True}"
A000880,한화,복합기업,7055413073100,202612,True,321.7,,33.8,12,1,1,-7417.0,202606,202612,True,"{'202503': 342.3, '202506': 152.1, '202509': 161.9, '202512': -64.9, '202603': 21.5, '202606': 80.7, '202609': 33.8, '202612': 321.7}",{},"{'202403': False, '202406': False, '202409': False, '202412': False, '202503': False, '202506': False, '202509': False, '202512': False, '202603': False, '202606': False, '202609': True, '202612': True}"
A0008Z0,에스엔시스,조선,219400113000,202712,True,16.7,,16.7,16,0,0,-0.7,202606,202612,True,"{'202503': -25.9, '202506': 6.5, '202509': -49.1, '202603': 3.7, '202606': 21.3, '202609': 102.2, '202612': -1.6, '202703': 84.3, '202706': 15.3, '202709': 16.7, '202712': 16.7}",{'202512': '흑전'},"{'202403': False, '202406': False, '202409': False, '202412': False, '202503': False, '202506': False, '202509': False, '202512': False, '202603': False, '202606': False, '202609': True, '202612': True, '202703': True, '202706': True, '202709': True, '202712': True}"
A000990,DB하이텍,반도체와반도체장비,5686049651600,202712,True,5.1,,12.0,16,0,0,200.8,202606,202612,True,"{'202503': 27.9, '202506': 9.5, '202509': 71.3, '202512': 99.4, '202603': 21.4, '202606': 46.8, '202609': 45.2, '202612': 82.6, '202703': 86.8, '202706': 17.1, '202709': 12.0, '202712': 5.1}",{},"{'202403': False, '202406': False, '202409': False, '202412': False, '202503': False, '202506': False, '202509': False, '202512': False, '202603': False, '202606': False, '202609': True, '202612': True, '202703': True, '202706': True, '202709': True, '202712': True}"
A001040,CJ,복합기업,3775503541200,202612,True,7.5,,10.1,12,0,0,2336.7,202606,202612,True,"{'202503': -7.8, '202506': -6.1, '202509': -0.7, '202512': 13.6, '202603': -13.2, '202606': -14.1, '202609': 10.1, '202612': 7.5}",{},"{'202403': False, '202406': False, '202409': False, '202412': False, '202503': False, '202506': False, '202509': False, '202512': False, '202603': False, '202606': False, '202609': True, '202612': True}"
A001120,LX인터내셔널,무역회사와판매업체,1604664000000,202612,True,110.8,,88.1,12,1,1,-8.5,202606,202612,True,"{'202503': 5.6, '202506': -57.5, '202509': -58.1, '202512': -41.1, '202603': -6.8, '202606': 114.1, '202609': 88.1, '202612': 110.8}",{},"{'202403': False, '202406': False, '202409': False, '202412': False, '202503': False, '202506': False, '202509': False, '202512': False, '202603': False, '202606': False, '202609': True, '202612': True}"
A001230,동국홀딩스,철강,330453894375,202612,True,148.5,,7.4,12,1,1,-161.1,202606,202612,True,"{'202503': 14.2, '202506': -51.5, '202509': -40.6, '202512': 3.2, '202603': -58.4, '202606': 59.0, '202609': 7.4, '202612': 148.5}",{},"{'202403': False, '202406': False, '202409': False, '202412': False, '202503': False, '202506': False, '202509': False, '202512': False, '202603': False, '202606': False, '202609': True, '202612': True}"
A001250,GS글로벌,무역회사와판매업체,210873767020,202612,True,14.9,,99.9,12,0,0,-1.2,202606,202612,True,"{'202503': -6.8, '202506': -6.8, '202509': -73.8, '202512': -32.4, '202603': -19.5, '202606': -40.8, '202609': 99.9, '202612': 14.9}",{},"{'202403': False, '202406': False, '202409': False, '202412': False, '202503': False, '202506': False, '202509': False, '202512': False, '202603': False, '202606': False, '202609': True, '202612': True}"
A001340,PKC,화학,217935950760,202612,True,8.6,,57.2,12,0,0,-17.5,202606,202612,True,"{'202503': 9.3, '202506': 77.9, '202509': 8.7, '202512': 36.2, '202603': 50.6, '202606': 149.6, '202609': 57.2, '202612': 8.6}",{},"{'202403': False, '202406': False, '202409': False, '202412': False, '202503': False, '202506': False, '202509': False, '202512': False, '202603': False, '202606': False, '202609': True, '202612': True}"
A001430,세아베스틸지주,철강,1635312626400,202706,True,15.8,,42.2,14,0,0,-243.8,202606,202612,True,"{'202503': -14.9, '202506': -30.1, '202509': 10.4, '202603': 71.7, '202606': 34.5, '202609': 47.8, '202612': 300.4, '202703': 42.2, '202706': 15.8}",{'202512': '흑전'},"{'202403': False, '202406': False, '202409': False, '202412': False, '202503': False, '202506': False, '202509': False, '202512': False, '202603': False, '202606': False, '202609': True, '202612': True, '202703': True, '202706': True}"
A001440,대한전선,전기장비,6193366033600,202712,True,1.8,,-3.7,16,0,2,-39.4,202606,202612,True,"{'202503': -5.8, '202506': -23.6, '202509': 8.5, '202512': 99.1, '202603': 122.9, '202606': 113.0, '202609': 71.9, '202612': 31.1, '202703': -16.9, '202706': -21.4, '202709': -3.7, '202712': 1.8}",{},"{'202403': False, '202406': False, '202409': False, '202412': False, '202503': False, '202506': False, '202509': False, '202512': False, '202603': False, '202606': False, '202609': True, '202612': True, '202703': True, '202706': True, '202709': True, '202712': True}"
A001450,현대해상,손해보험,4074866350000,202612,True,,흑전,-52.5,12,0,0,-3677.5,202606,202612,True,"{'202503': -49.2, '202506': -14.6, '202509': 139.4, '202603': 14.4, '202606': 33.0, '202609': -52.5}","{'202512': '적자', '202612': '흑전'}","{'202403': False, '202406': False, '202409': False, '202412': False, '202503': False, '202506': False, '202509': False, '202512': False, '202603': False, '202606': False, '202609': True, '202612': True}"
A001530,DI동일,"섬유,의류,신발,호화품",525140992350,202612,True,,흑전,,12,0,0,2.5,202606,202612,True,"{'202503': -65.4, '202506': -91.1, '202603': -56.9, '202606': 927.1}","{'202509': '적전', '202512': '적자', '202609': '흑전', '202612': '흑전'}","{'202403': False, '202406': False, '202409': False, '202412': False, '202503': False, '202506': False, '202509': False, '202512': False, '202603': False, '202606': False, '202609': True, '202612': True}"
A001680,대상,식품,617427805500,202612,True,76.3,,17.2,12,0,4,-106.5,202606,202612,True,"{'202503': 19.1, '202506': -9.9, '202509': 1.2, '202512': -39.0, '202603': 0.4, '202606': 16.2, '202609': 17.2, '202612': 76.3}",{},"{'202403': False, '202406': False, '202409': False, '202412': False, '202503': False, '202506': False, '202509': False, '202512': False, '202603': False, '202606': False, '202609': True, '202612': True}"
A001740,SK네트웍스,복합기업,1237664295130,202712,True,9.0,,54.6,16,0,0,63.1,202606,202612,True,"{'202503': -15.6, '202506': 48.0, '202509': -22.0, '202512': -87.9, '202603': 102.4, '202606': -42.4, '202609': -4.8, '202612': 600.9, '202703': -3.8, '202706': 61.8, '202709': 54.6, '202712': 9.0}",{},"{'202403': False, '202406': False, '202409': False, '202412': False, '202503': False, '202506': False, '202509': False, '202512': False, '202603': False, '202606': False, '202609': True, '202612': True, '202703': True, '202706': True, '202709': True, '202712': True}"
A0017J0,세미티에스,반도체와반도체장비,75980623320,202612,True,160.0,,,10,1,0,13.1,202606,202612,True,"{'202512': -63.2, '202603': 353.2, '202612': 160.0}","{'202509': '적자', '202606': '적전', '202609': '흑전'}","{'202409': False, '202412': False, '202503': False, '202506': False, '202509': False, '202512': False, '202603': False, '202606': False, '202609': True, '202612': True}"
A001800,오리온홀딩스,식품,1434736150200,202612,True,7.8,,18.5,12,0,0,331.8,202606,202612,True,"{'202503': -10.7, '202506': -11.0, '202509': 0.6, '202512': 4.9, '202603': 48.5, '202606': 28.6, '202609': 18.5, '202612': 7.8}",{},"{'202403': False, '202406': False, '202409': False, '202412': False, '202503': False, '202506': False, '202509': False, '202512': False, '202603': False, '202606': False, '202609': True, '202612': True}"
A001820,삼화콘덴서,전기제품,1532223000000,202612,True,,흑전,306.5,12,0,0,-30.4,202606,202612,True,"{'202503': -32.4, '202506': -27.2, '202509': -45.4, '202603': -2.4, '202606': 55.1, '202609': 306.5}","{'202512': '적자', '202612': '흑전'}","{'202403': False, '202406': False, '202409': False, '202412': False, '202503': False, '202506': False, '202509': False, '202512': False, '202603': False, '202606': False, '202609': True, '202612': True}"
A001940,KISCO홀딩스,철강,391268088000,202612,True,,흑전,,12,0,0,148.4,202606,202612,True,{},"{'202503': '적전', '202506': '적전', '202509': '적전', '202512': '적자', '202603': '적자', '202606': '적자', '202609': '적자', '202612': '흑전'}","{'202403': False, '202406': False, '202409': False, '202412': False, '202503': False, '202506': False, '202509': False, '202512': False, '202603': False, '202606': False, '202609': True, '202612': True}"
A002020,코오롱,복합기업,308493552000,202612,True,,흑전,47.3,12,0,0,-758.4,202606,202612,True,"{'202503': 49.8, '202506': 207.8, '202603': 158.3, '202606': 129.4, '202609': 47.3}","{'202509': '흑전', '202512': '적자', '202612': '흑전'}","{'202403': False, '202406': False, '202409': False, '202412': False, '202503': False, '202506': False, '202509': False, '202512': False, '202603': False, '202606': False, '202609': True, '202612': True}"
A002320,한진,항공화물운송과물류,219898788720,202612,True,58.3,,-2.7,12,0,3,-28.3,202606,202612,True,"{'202503': 16.8, '202506': 0.4, '202509': -22.8, '202603': -27.4, '202606': -19.4, '202609': -2.7, '202612': 58.3}",{'202512': '흑전'},"{'202403': False, '202406': False, '202409': False, '202412': False, '202503': False, '202506': False, '202509': False, '202512': False, '202603': False, '202606': False, '202609': True, '202612': True}"
A002350,넥센타이어,자동차부품,545963432430,202712,True,-9.5,,48.7,16,0,0,109.9,202606,202612,True,"{'202503': -2.0, '202506': -32.2, '202509': -11.1, '202512': 161.7, '202603': 33.1, '202606': -19.5, '202609': -11.8, '202612': 12.0, '202703': -7.7, '202706': 63.1, '202709': 48.7, '202712': -9.5}",{},"{'202403': False, '202406': False, '202409': False, '202412': False, '202503': False, '202506': False, '202509': False, '202512': False, '202603': False, '202606': False, '202609': True, '202612': True, '202703': True, '202706': True, '202709': True, '202712': True}"
A002380,KCC,건축자재,4017178880000,202712,True,22.4,,6.4,16,0,2,-216.6,202606,202612,True,"{'202503': -3.2, '202506': 10.0, '202509': -17.8, '202512': -32.3, '202603': -14.8, '202606': -13.1, '202609': 18.6, '202612': 69.5, '202703': 4.4, '202706': 1.9, '202709': 6.4, '202712': 22.4}",{},"{'202403': False, '202406': False, '202409': False, '202412': False, '202503': False, '202506': False, '202509': False, '202512': False, '202603': False, '202606': False, '202609': True, '202612': True, '202703': True, '202706': True, '202709': True, '202712': True}"
A002710,TCC스틸,철강,310894446420,202612,True,,흑전,,12,0,0,-3.7,202606,202612,True,{'202503': 23.4},"{'202506': '적전', '202509': '적전', '202512': '적전', '202603': '적전', '202606': '흑전', '202609': '적자', '202612': '흑전'}","{'202403': False, '202406': False, '202409': False, '202412': False, '202503': False, '202506': False, '202509': False, '202512': False, '202603': False, '202606': False, '202609': True, '202612': True}"
A002990,금호건설,건설,492949456020,202712,True,25.7,,30.6,16,0,0,40.6,202606,202612,True,"{'202503': 280.9, '202512': 79.1, '202603': 111.2, '202606': 2.2, '202609': 40.5, '202612': 110.4, '202703': 93.1, '202706': 77.7, '202709': 30.6, '202712': 25.7}","{'202506': '흑전', '202509': '흑전'}","{'202403': False, '202406': False, '202409': False, '202412': False, '202503': False, '202506': False, '202509': False, '202512': False, '202603': False, '202606': False, '202609': True, '202612': True, '202703': True, '202706': True, '202709': True, '202712': True}"
A003030,세아제강지주,철강,445228127500,202612,True,282.1,,15.1,12,1,1,1118.5,202606,202612,True,"{'202503': -4.9, '202506': -0.9, '202509': 105.2, '202512': -58.0, '202603': -59.0, '202609': 15.1, '202612': 282.1}",{'202606': '적전'},"{'202403': False, '202406': False, '202409': False, '202412': False, '202503': False, '202506': False, '202509': False, '202512': False, '202603': False, '202606': False, '202609': True, '202612': True}"
A003070,코오롱글로벌,건설,234154662390,202612,True,,흑전,-10.5,12,0,0,-199.1,202606,202612,True,"{'202503': 5380.9, '202603': 129.3, '202606': 173.6, '202609': -10.5}","{'202506': '흑전', '202509': '흑전', '202512': '적자', '202612': '흑전'}","{'202403': False, '202406': False, '202409': False, '202412': False, '202503': False, '202506': False, '202509': False, '202512': False, '202603': False, '202606': False, '202609': True, '202612': True}"
A003160,디아이,반도체와반도체장비,984840000000,202612,True,333.2,,279.5,12,3,4,-208.4,202606,202612,True,"{'202506': 1198.3, '202512': -24.5, '202603': 90.1, '202606': 223.2, '202609': 279.5, '202612': 333.2}","{'202503': '흑전', '202509': '흑전'}","{'202403': False, '202406': False, '202409': False, '202412': False, '202503': False, '202506': False, '202509': False, '202512': False, '202603': False, '202606': False, '202609': True, '202612': True}"
A003220,대원제약,제약,175159423230,202612,True,14.5,,,12,0,0,67.1,202606,202612,True,"{'202503': -37.2, '202512': 82.0, '202603': -53.4, '202612': 14.5}","{'202506': '적자', '202509': '적전', '202606': '적자', '202609': '흑전'}","{'202403': False, '202406': False, '202409': False, '202412': False, '202503': False, '202506': False, '202509': False, '202512': False, '202603': False, '202606': False, '202609': True, '202612': True}"
A003230,삼양식품,식품,9431334780000,202703,True,3.1,,38.3,13,0,0,163.6,202606,202612,True,"{'202503': 67.2, '202506': 34.2, '202509': 49.9, '202512': 58.8, '202603': 32.2, '202606': 46.7, '202609': 43.4, '202612': 38.3, '202703': 3.1}",{},"{'202403': False, '202406': False, '202409': False, '202412': False, '202503': False, '202506': False, '202509': False, '202512': False, '202603': False, '202606': False, '202609': True, '202612': True, '202703': True}"
A003490,대한항공,항공사,11562127122600,202712,True,117.6,,67.0,16,1,1,5375.1,202606,202612,True,"{'202503': -19.8, '202506': -16.4, '202509': -76.3, '202512': -66.6, '202603': 20.0, '202609': 122.4, '202612': 113.3, '202703': 39.9, '202709': 67.0, '202712': 117.6}","{'202606': '적전', '202706': '흑전'}","{'202403': False, '202406': False, '202409': False, '202412': False, '202503': False, '202506': False, '202509': False, '202512': False, '202603': False, '202606': False, '202609': True, '202612': True, '202703': True, '202706': True, '202709': True, '202712': True}"
A003540,대신증권,증권,1263152339000,202612,True,70.9,,56.2,12,0,1,-2689.3,202606,202612,True,"{'202503': -46.9, '202506': 274.6, '202509': 1922.2, '202603': 164.2, '202606': 165.2, '202609': 56.2, '202612': 70.9}",{'202512': '흑전'},"{'202403': False, '202406': False, '202409': False, '202412': False, '202503': False, '202506': False, '202509': False, '202512': False, '202603': False, '202606': False, '202609': True, '202612': True}"
A003550,LG,복합기업,17613868466000,202612,True,,흑전,9.7,12,0,0,-3763.4,202606,202612,True,"{'202503': 51.0, '202506': -10.5, '202509': -12.1, '202603': -35.1, '202606': 92.5, '202609': 9.7}","{'202512': '적자', '202612': '흑전'}","{'202403': False, '202406': False, '202409': False, '202412': False, '202503': False, '202506': False, '202509': False, '202512': False, '202603': False, '202606': False, '202609': True, '202612': True}"
A003620,KG모빌리티,자동차,508972903680,202612,True,-46.3,,533.9,12,0,0,60.8,202606,202612,True,"{'202503': -62.4, '202506': -24.3, '202512': 33.5, '202603': 68.8, '202606': -34.8, '202609': 533.9, '202612': -46.3}",{'202509': '흑전'},"{'202403': False, '202406': False, '202409': False, '202412': False, '202503': False, '202506': False, '202509': False, '202512': False, '202603': False, '202606': False, '202609': True, '202612': True}"
A003670,포스코퓨처엠,화학,16383893724000,202712,True,108.2,,97.0,16,1,1,113.1,202606,202612,True,"{'202503': -54.7, '202506': -71.7, '202509': 3883.5, '202603': 3.2, '202606': 2045.6, '202609': -51.6, '202703': 65.4, '202706': 156.7, '202709': 97.0, '202712': 108.2}","{'202512': '적자', '202612': '흑전'}","{'202403': False, '202406': False, '202409': False, '202412': False, '202503': False, '202506': False, '202509': False, '202512': False, '202603': False, '202606': False, '202609': True, '202612': True, '202703': True, '202706': True, '202709': True, '202712': True}"
A003690,코리안리,손해보험,2601333576320,202612,True,22.4,,-55.0,12,0,1,-1069.5,202606,202612,True,"{'202503': 62.5, '202506': 8.3, '202509': 31.3, '202512': -34.4, '202603': 135.9, '202606': 26.9, '202609': -55.0, '202612': 22.4}",{},"{'202403': False, '202406': False, '202409': False, '202412': False, '202503': False, '202506': False, '202509': False, '202512': False, '202603': False, '202606': False, '202609': True, '202612': True}"
A003720,삼영,화학,218960000000,202612,True,50.2,,23.0,12,0,1,-0.8,202606,202612,True,"{'202503': 38.4, '202506': -28.4, '202509': 154.8, '202512': 133.5, '202603': 165.3, '202606': 209.1, '202609': 23.0, '202612': 50.2}",{},"{'202403': False, '202406': False, '202409': False, '202412': False, '202503': False, '202506': False, '202509': False, '202512': False, '202603': False, '202606': False, '202609': True, '202612': True}"
A003850,보령,제약,708602329820,202612,True,,흑전,1.2,12,0,0,-144.7,202606,202612,True,"{'202503': -33.2, '202506': 26.1, '202509': 51.3, '202603': 84.7, '202606': -6.2, '202609': 1.2}","{'202512': '적전', '202612': '흑전'}","{'202403': False, '202406': False, '202409': False, '202412': False, '202503': False, '202506': False, '202509': False, '202512': False, '202603': False, '202606': False, '202609': True, '202612': True}"
A004000,롯데정밀화학,화학,1127460000000,202712,True,38.3,,32.0,16,0,2,-271.9,202606,202612,True,"{'202503': 74.3, '202506': -49.1, '202509': 167.0, '202512': 58.6, '202603': 73.9, '202606': 610.6, '202609': 29.2, '202612': 79.9, '202703': 31.6, '202706': -24.1, '202709': 32.0, '202712': 38.3}",{},"{'202403': False, '202406': False, '202409': False, '202412': False, '202503': False, '202506': False, '202509': False, '202512': False, '202603': False, '202606': False, '202609': True, '202612': True, '202703': True, '202706': True, '202709': True, '202712': True}"
A004020,현대제철,철강,4750669946000,202712,True,82.6,,90.9,16,0,0,1110.0,202606,202612,True,"{'202506': 3.9, '202509': 80.9, '202606': -43.3, '202609': 24.4, '202612': 290.0, '202703': 1227.6, '202706': 364.2, '202709': 90.9, '202712': 82.6}","{'202503': '적전', '202512': '흑전', '202603': '흑전'}","{'202403': False, '202406': False, '202409': False, '202412': False, '202503': False, '202506': False, '202509': False, '202512': False, '202603': False, '202606': False, '202609': True, '202612': True, '202703': True, '202706': True, '202709': True, '202712': True}"
A004090,한국석유,화학,147124850800,202612,True,50.4,,32.5,12,0,1,-89.9,202606,202612,True,"{'202503': -54.0, '202506': -29.6, '202509': -26.3, '202512': -46.7, '202603': 335.0, '202606': 220.5, '202609': 32.5, '202612': 50.4}",{},"{'202403': False, '202406': False, '202409': False, '202412': False, '202503': False, '202506': False, '202509': False, '202512': False, '202603': False, '202606': False, '202609': True, '202612': True}"
A004170,신세계,백화점과일반상점,3376652207500,202712,True,22.9,,27.8,16,0,0,793.6,202606,202612,True,"{'202503': -18.8, '202506': -35.9, '202509': 7.3, '202512': 66.5, '202603': 49.5, '202606': 121.8, '202609': 81.9, '202612': 42.9, '202703': 31.4, '202706': 29.8, '202709': 27.8, '202712': 22.9}",{},"{'202403': False, '202406': False, '202409': False, '202412': False, '202503': False, '202506': False, '202509': False, '202512': False, '202603': False, '202606': False, '202609': True, '202612': True, '202703': True, '202706': True, '202709': True, '202712': True}"
A004370,농심,식품,2387436985000,202703,True,1.1,,31.8,13,0,0,-153.0,202606,202612,True,"{'202503': -8.7, '202506': -8.1, '202509': 44.6, '202512': 63.4, '202603': 20.3, '202606': 47.6, '202609': 14.2, '202612': 31.8, '202703': 1.1}",{},"{'202403': False, '202406': False, '202409': False, '202412': False, '202503': False, '202506': False, '202509': False, '202512': False, '202603': False, '202606': False, '202609': True, '202612': True, '202703': True}"
A004490,세방전지,자동차부품,821898000000,202612,True,16.9,,15.7,12,0,3,116.8,202606,202612,True,"{'202503': 9.8, '202506': -38.7, '202509': -23.7, '202512': 1.9, '202603': -34.2, '202606': -2.4, '202609': 15.7, '202612': 16.9}",{},"{'202403': False, '202406': False, '202409': False, '202412': False, '202503': False, '202506': False, '202509': False, '202512': False, '202603': False, '202606': False, '202609': True, '202612': True}"
A004690,삼천리,가스유틸리티,473294398500,202612,True,112.3,,-1.2,12,1,2,-52.7,202606,202612,True,"{'202503': 10.1, '202506': 70.5, '202509': -26.3, '202603': 13.7, '202606': -4.0, '202609': -1.2, '202612': 112.3}",{'202512': '흑전'},"{'202403': False, '202406': False, '202409': False, '202412': False, '202503': False, '202506': False, '202509': False, '202512': False, '202603': False, '202606': False, '202609': True, '202612': True}"
A004800,효성,복합기업,2772211399200,202612,True,14.2,,5.0,12,0,1,-1286.4,202606,202612,True,"{'202503': 1254.0, '202506': 159.5, '202509': 156.9, '202512': -30.3, '202603': 15.6, '202606': 133.7, '202609': 5.0, '202612': 14.2}",{},"{'202403': False, '202406': False, '202409': False, '202412': False, '202503': False, '202506': False, '202509': False, '202512': False, '202603': False, '202606': False, '202609': True, '202612': True}"
A004990,롯데지주,복합기업,2441762512000,202612,True,,적자,3.7,12,0,0,-1456.8,202606,202612,True,"{'202503': -74.1, '202506': -13.9, '202509': 3.4, '202603': 156.6, '202606': -9.3, '202609': 3.7}","{'202512': '적자', '202612': '적자'}","{'202403': False, '202406': False, '202409': False, '202412': False, '202503': False, '202506': False, '202509': False, '202512': False, '202603': False, '202606': False, '202609': True, '202612': True}"
A005070,코스모신소재,화학,1330243568550,202612,True,1226.9,,4872.7,12,3,0,42.5,202606,202612,True,"{'202503': -80.3, '202506': -92.4, '202509': -97.9, '202512': -89.3, '202603': -16.3, '202606': 779.9, '202609': 4872.7, '202612': 1226.9}",{},"{'202403': False, '202406': False, '202409': False, '202412': False, '202503': False, '202506': False, '202509': False, '202512': False, '202603': False, '202606': False, '202609': True, '202612': True}"
A005090,SGC에너지,에너지장비및서비스,756489982500,202612,True,136.9,,121.8,12,2,2,-2.8,202606,202612,True,"{'202503': -65.7, '202506': -50.0, '202509': -42.4, '202512': -28.1, '202603': 103.6, '202606': 32.0, '202609': 121.8, '202612': 136.9}",{},"{'202403': False, '202406': False, '202409': False, '202412': False, '202503': False, '202506': False, '202509': False, '202512': False, '202603': False, '202606': False, '202609': True, '202612': True}"
A005180,빙그레,식품,749784724800,202612,True,,흑전,30.0,12,0,0,-665.5,202606,202612,True,"{'202503': -36.1, '202506': -40.3, '202509': -8.9, '202603': 2.3, '202606': 159.9, '202609': 30.0}","{'202512': '적전', '202612': '흑전'}","{'202403': False, '202406': False, '202409': False, '202412': False, '202503': False, '202506': False, '202509': False, '202512': False, '202603': False, '202606': False, '202609': True, '202612': True}"
A005300,롯데칠성,음료,880566091600,202703,True,3.3,,,13,0,0,-452.3,202606,202612,True,"{'202503': -31.9, '202506': 3.5, '202509': 16.6, '202603': 91.0, '202606': -10.4, '202609': -6.5, '202703': 3.3}","{'202512': '적전', '202612': '흑전'}","{'202403': False, '202406': False, '202409': False, '202412': False, '202503': False, '202506': False, '202509': False, '202512': False, '202603': False, '202606': False, '202609': True, '202612': True, '202703': True}"
A005380,현대차,자동차,73349670366000,202712,True,-3.4,,-6.4,16,0,1,1265.5,202606,202612,True,"{'202503': 2.1, '202506': -15.8, '202509': -29.1, '202512': -39.9, '202603': -30.8, '202606': -20.8, '202609': 18.6, '202612': 75.6, '202703': 31.2, '202706': 11.8, '202709': -6.4, '202712': -3.4}",{},"{'202403': False, '202406': False, '202409': False, '202412': False, '202503': False, '202506': False, '202509': False, '202512': False, '202603': False, '202606': False, '202609': True, '202612': True, '202703': True, '202706': True, '202709': True, '202712': True}"
A005440,현대지에프홀딩스,복합기업,2422676998790,202612,True,51.6,,16.8,12,0,2,-409.7,202606,202612,True,"{'202503': 158.0, '202506': -0.9, '202509': 12.0, '202512': 55.0, '202603': 23.9, '202606': 15.6, '202609': 16.8, '202612': 51.6}",{},"{'202403': False, '202406': False, '202409': False, '202412': False, '202503': False, '202506': False, '202509': False, '202512': False, '202603': False, '202606': False, '202609': True, '202612': True}"
A005490,POSCO홀딩스,철강,25159184822500,202612,True,5973.6,,28.4,12,1,1,-486.7,202606,202612,True,"{'202503': -2.5, '202506': -19.3, '202509': -14.0, '202512': -86.7, '202603': 24.3, '202606': 34.9, '202609': 28.4, '202612': 5973.6}",{},"{'202403': False, '202406': False, '202409': False, '202412': False, '202503': False, '202506': False, '202509': False, '202512': False, '202603': False, '202606': False, '202609': True, '202612': True}"
A005500,삼진제약,제약,245887200000,202612,True,82.5,,7.4,12,0,4,5.5,202606,202612,True,"{'202503': -12.0, '202506': 2.4, '202509': 6.3, '202512': -54.0, '202603': -25.8, '202606': -10.1, '202609': 7.4, '202612': 82.5}",{},"{'202403': False, '202406': False, '202409': False, '202412': False, '202503': False, '202506': False, '202509': False, '202512': False, '202603': False, '202606': False, '202609': True, '202612': True}"
A005680,삼영전자,전기제품,253600000000,202612,True,1.8,,30.5,12,0,0,-25.1,202606,202612,True,"{'202503': 246.9, '202506': 7.0, '202509': -47.9, '202512': 90.6, '202603': -35.6, '202606': -26.8, '202609': 30.5, '202612': 1.8}",{},"{'202403': False, '202406': False, '202409': False, '202412': False, '202503': False, '202506': False, '202509': False, '202512': False, '202603': False, '202606': False, '202609': True, '202612': True}"
A005690,파미셀,화학,755450536260,202612,True,63.2,,86.7,12,0,0,24.7,202606,202612,True,"{'202506': 265.4, '202509': 533.9, '202512': 206.1, '202603': 56.1, '202606': 62.0, '202609': 86.7, '202612': 63.2}",{'202503': '흑전'},"{'202403': False, '202406': False, '202409': False, '202412': False, '202503': False, '202506': False, '202509': False, '202512': False, '202603': False, '202606': False, '202609': True, '202612': True}"
A005810,풍산홀딩스,비철금속,540648450000,202612,True,1168.5,,76.5,12,1,2,-105.7,202606,202612,True,"{'202503': 10.3, '202506': -39.5, '202509': -26.0, '202512': -85.2, '202603': 107.2, '202606': 39.2, '202609': 76.5, '202612': 1168.5}",{},"{'202403': False, '202406': False, '202409': False, '202412': False, '202503': False, '202506': False, '202509': False, '202512': False, '202603': False, '202606': False, '202609': True, '202612': True}"
A005830,DB손해보험,손해보험,12176514879100,202612,True,-14.4,,23.4,12,0,0,-7250.0,202606,202612,True,"{'202503': -18.4, '202506': 1.5, '202509': -29.8, '202512': 109.8, '202603': -33.4, '202606': 47.0, '202609': 23.4, '202612': -14.4}",{},"{'202403': False, '202406': False, '202409': False, '202412': False, '202503': False, '202506': False, '202509': False, '202512': False, '202603': False, '202606': False, '202609': True, '202612': True}"
A005850,에스엘,자동차부품,2285267184000,202612,True,-19.6,,19.5,12,0,0,-344.2,202606,202612,True,"{'202503': -14.1, '202506': -28.3, '202509': 0.9, '202512': 178.0, '202603': 20.5, '202606': 18.8, '202609': 19.5, '202612': -19.6}",{},"{'202403': False, '202406': False, '202409': False, '202412': False, '202503': False, '202506': False, '202509': False, '202512': False, '202603': False, '202606': False, '202609': True, '202612': True}"
A005880,대한해운,해운사,653563363500,202712,True,8.6,,3.1,16,0,3,-76.9,202606,202612,True,"{'202503': -49.6, '202506': -54.2, '202509': -12.5, '202512': -17.8, '202603': 16.5, '202606': 90.5, '202609': -0.3, '202612': 8.5, '202703': -18.1, '202706': -4.7, '202709': 3.1, '202712': 8.6}",{},"{'202403': False, '202406': False, '202409': False, '202412': False, '202503': False, '202506': False, '202509': False, '202512': False, '202603': False, '202606': False, '202609': True, '202612': True, '202703': True, '202706': True, '202709': True, '202712': True}"
A005930,삼성전자,반도체와반도체장비,1616496035112000,202712,True,22.6,,34.1,16,0,0,327802.5,202606,202612,True,"{'202503': 1.2, '202506': -55.2, '202509': 32.5, '202512': 209.2, '202603': 756.1, '202606': 1813.8, '202609': 819.1, '202612': 509.1, '202703': 129.4, '202706': 58.4, '202709': 34.1, '202712': 22.6}",{},"{'202403': False, '202406': False, '202409': False, '202412': False, '202503': False, '202506': False, '202509': False, '202512': False, '202603': False, '202606': False, '202609': True, '202612': True, '202703': True, '202706': True, '202709': True, '202712': True}"
A005940,NH투자증권,증권,9636279340500,202712,True,-18.3,,-10.0,16,0,0,-2310.4,202606,202612,True,"{'202503': 4.4, '202506': 19.7, '202509': 107.9, '202512': 150.2, '202603': 120.3, '202606': 111.6, '202609': 36.9, '202612': 7.6, '202703': -28.9, '202706': -33.5, '202709': -10.0, '202712': -18.3}",{},"{'202403': False, '202406': False, '202409': False, '202412': False, '202503': False, '202506': False, '202509': False, '202512': False, '202603': False, '202606': False, '202609': True, '202612': True, '202703': True, '202706': True, '202709': True, '202712': True}"
A005960,동부건설,건설,196882368540,202712,True,-6.5,,-20.7,16,0,1,102.2,202606,202612,True,"{'202603': -32.6, '202606': 1014.4, '202609': 3513.1, '202612': 11.6, '202703': 57.0, '202706': 22.0, '202709': -20.7, '202712': -6.5}","{'202503': '흑전', '202506': '흑전', '202509': '흑전', '202512': '흑전'}","{'202403': False, '202406': False, '202409': False, '202412': False, '202503': False, '202506': False, '202509': False, '202512': False, '202603': False, '202606': False, '202609': True, '202612': True, '202703': True, '202706': True, '202709': True, '202712': True}"
A006040,동원산업,식품,1553756828800,202612,True,11.3,,11.2,12,0,1,-295.2,202606,202612,True,"{'202503': 13.5, '202506': 57.7, '202509': -15.1, '202512': -17.1, '202603': 17.1, '202606': 13.3, '202609': 11.2, '202612': 11.3}",{},"{'202403': False, '202406': False, '202409': False, '202412': False, '202503': False, '202506': False, '202509': False, '202512': False, '202603': False, '202606': False, '202609': True, '202612': True}"
A006110,삼아알미늄,비철금속,831790025000,202612,True,,흑전,,12,0,0,27.5,202606,202612,True,{},"{'202503': '적자', '202506': '적전', '202509': '적자', '202512': '적자', '202603': '적자', '202606': '흑전', '202609': '흑전', '202612': '흑전'}","{'202403': False, '202406': False, '202409': False, '202412': False, '202503': False, '202506': False, '202509': False, '202512': False, '202603': False, '202606': False, '202609': True, '202612': True}"
A006260,LS,전기장비,10186800000000,202712,True,28.2,,-20.2,16,0,2,-836.8,202606,202612,True,"{'202503': 26.2, '202506': -36.3, '202509': 42.2, '202512': -6.5, '202603': 53.2, '202606': 140.9, '202609': 96.0, '202612': 89.6, '202703': -5.0, '202706': -26.5, '202709': -20.2, '202712': 28.2}",{},"{'202403': False, '202406': False, '202409': False, '202412': False, '202503': False, '202506': False, '202509': False, '202512': False, '202603': False, '202606': False, '202609': True, '202612': True, '202703': True, '202706': True, '202709': True, '202712': True}"
A006280,녹십자,제약,1440950135400,202712,True,-20.1,,19.9,16,0,0,227.5,202606,202612,True,"{'202506': 55.1, '202509': -26.2, '202603': 47.3, '202606': -93.7, '202609': 14.9, '202612': 431.9, '202703': -9.9, '202706': 1056.3, '202709': 19.9, '202712': -20.1}","{'202503': '흑전', '202512': '흑전'}","{'202403': False, '202406': False, '202409': False, '202412': False, '202503': False, '202506': False, '202509': False, '202512': False, '202603': False, '202606': False, '202609': True, '202612': True, '202703': True, '202706': True, '202709': True, '202712': True}"
A006360,GS건설,건설,3205026800500,202712,True,-18.8,,15.6,16,0,0,361.1,202606,202612,True,"{'202503': -0.2, '202506': 73.5, '202509': 81.5, '202512': 41.5, '202603': 4.4, '202606': -43.6, '202609': -19.3, '202612': 124.0, '202703': 66.0, '202706': 39.6, '202709': 15.6, '202712': -18.8}",{},"{'202403': False, '202406': False, '202409': False, '202412': False, '202503': False, '202506': False, '202509': False, '202512': False, '202603': False, '202606': False, '202609': True, '202612': True, '202703': True, '202706': True, '202709': True, '202712': True}"
A006400,삼성SDI,전기제품,42629745370000,202712,True,130.2,,266.4,16,3,0,1277.5,202606,202612,True,"{'202706': 241.1, '202709': 266.4, '202712': 130.2}","{'202503': '적전', '202506': '적전', '202509': '적전', '202512': '적자', '202603': '적자', '202606': '흑전', '202609': '흑전', '202612': '흑전', '202703': '흑전'}","{'202403': False, '202406': False, '202409': False, '202412': False, '202503': False, '202506': False, '202509': False, '202512': False, '202603': False, '202606': False, '202609': True, '202612': True, '202703': True, '202706': True, '202709': True, '202712': True}"
A006650,대한유화,화학,629200000000,202612,True,-16.2,,-15.6,12,0,0,242.3,202606,202612,True,"{'202609': -15.6, '202612': -16.2}","{'202503': '적자', '202506': '적자', '202509': '흑전', '202512': '흑전', '202603': '흑전', '202606': '적자'}","{'202403': False, '202406': False, '202409': False, '202412': False, '202503': False, '202506': False, '202509': False, '202512': False, '202603': False, '202606': False, '202609': True, '202612': True}"
A006730,서부T&D,"호텔,레스토랑,레저",687763076100,202612,True,13.3,,24.3,12,0,0,99.3,202606,202612,True,"{'202503': 20.2, '202506': 26.1, '202509': 70.4, '202512': 56.6, '202603': 37.3, '202606': 62.4, '202609': 24.3, '202612': 13.3}",{},"{'202403': False, '202406': False, '202409': False, '202412': False, '202503': False, '202506': False, '202509': False, '202512': False, '202603': False, '202606': False, '202609': True, '202612': True}"
A006800,미래에셋증권,증권,17838241525350,202712,True,-27.5,,94.1,16,0,0,-18415.5,202606,202612,True,"{'202503': 28.0, '202506': 83.1, '202509': -39.9, '202512': 209.1, '202603': 297.2, '202606': 397.5, '202609': 33.9, '202612': -23.3, '202703': -57.9, '202706': -77.2, '202709': 94.1, '202712': -27.5}",{},"{'202403': False, '202406': False, '202409': False, '202412': False, '202503': False, '202506': False, '202509': False, '202512': False, '202603': False, '202606': False, '202609': True, '202612': True, '202703': True, '202706': True, '202709': True, '202712': True}"
A007070,GS리테일,백화점과일반상점,1943872398750,202712,True,18.0,,5.5,16,0,1,-390.8,202606,202612,True,"{'202503': -15.9, '202506': 0.2, '202509': 24.8, '202512': 68.5, '202603': 39.4, '202606': 27.5, '202609': 11.7, '202612': 31.9, '202703': 16.7, '202706': 6.9, '202709': 5.5, '202712': 18.0}",{},"{'202403': False, '202406': False, '202409': False, '202412': False, '202503': False, '202506': False, '202509': False, '202512': False, '202603': False, '202606': False, '202609': True, '202612': True, '202703': True, '202706': True, '202709': True, '202712': True}"
A007310,오뚜기,식품,1252446875000,202612,True,60.0,,16.0,12,0,2,-143.6,202606,202612,True,"{'202503': -21.5, '202506': -26.8, '202509': -12.9, '202512': -18.3, '202603': 3.3, '202606': 0.3, '202609': 16.0, '202612': 60.0}",{},"{'202403': False, '202406': False, '202409': False, '202412': False, '202503': False, '202506': False, '202509': False, '202512': False, '202603': False, '202606': False, '202609': True, '202612': True}"
A007340,DN오토모티브,자동차부품,2902138904000,202612,True,27.9,,48.3,12,0,0,-136.9,202606,202612,True,"{'202503': 11.3, '202506': -18.2, '202509': -8.7, '202512': 24.2, '202603': 5.0, '202606': 69.0, '202609': 48.3, '202612': 27.9}",{},"{'202403': False, '202406': False, '202409': False, '202412': False, '202503': False, '202506': False, '202509': False, '202512': False, '202603': False, '202606': False, '202609': True, '202612': True}"
A007660,이수페타시스,반도체와반도체장비,8287900825100,202712,True,15.0,,25.3,16,0,0,307.7,202606,202612,True,"{'202503': 107.4, '202506': 53.0, '202509': 125.5, '202512': 121.9, '202603': 41.0, '202606': 83.2, '202609': 65.2, '202612': 90.7, '202703': 79.0, '202706': 37.5, '202709': 25.3, '202712': 15.0}",{},"{'202403': False, '202406': False, '202409': False, '202412': False, '202503': False, '202506': False, '202509': False, '202512': False, '202603': False, '202606': False, '202609': True, '202612': True, '202703': True, '202706': True, '202709': True, '202712': True}"
A007690,국도화학,화학,347281200000,202612,True,118.7,,152.7,12,3,0,-202.5,202606,202612,True,"{'202503': 642.9, '202506': 69.8, '202509': 50.6, '202512': 93.9, '202603': -20.2, '202606': 184.8, '202609': 152.7, '202612': 118.7}",{},"{'202403': False, '202406': False, '202409': False, '202412': False, '202503': False, '202506': False, '202509': False, '202512': False, '202603': False, '202606': False, '202609': True, '202612': True}"
A007810,코리아써키트,전자장비와기기,1573259872000,202612,True,-5.2,,29.3,12,0,0,149.1,202606,202612,True,"{'202606': 213.4, '202609': 29.3, '202612': -5.2}","{'202503': '적자', '202506': '흑전', '202509': '흑전', '202512': '흑전', '202603': '흑전'}","{'202403': False, '202406': False, '202409': False, '202412': False, '202503': False, '202506': False, '202509': False, '202512': False, '202603': False, '202606': False, '202609': True, '202612': True}"
A008730,율촌화학,포장재,361336000000,202612,True,,흑전,,12,0,0,-23.4,202606,202612,True,"{'202506': -12.6, '202603': -94.5, '202606': 746.1}","{'202503': '흑전', '202509': '적자', '202512': '적자', '202609': '흑전', '202612': '흑전'}","{'202403': False, '202406': False, '202409': False, '202412': False, '202503': False, '202506': False, '202509': False, '202512': False, '202603': False, '202606': False, '202609': True, '202612': True}"
A008770,호텔신라,백화점과일반상점,1589548900500,202712,True,59.8,,35.4,16,0,2,-85.8,202606,202612,True,"{'202506': -68.7, '202606': 606.0, '202609': 455.3, '202703': 154.7, '202706': 17.8, '202709': 35.4, '202712': 59.8}","{'202503': '적전', '202509': '흑전', '202512': '적자', '202603': '흑전', '202612': '흑전'}","{'202403': False, '202406': False, '202409': False, '202412': False, '202503': False, '202506': False, '202509': False, '202512': False, '202603': False, '202606': False, '202609': True, '202612': True, '202703': True, '202706': True, '202709': True, '202712': True}"
A009150,삼성전기,전자장비와기기,110994832256000,202712,True,65.9,,75.2,16,0,0,1927.4,202606,202612,True,"{'202503': 9.2, '202506': 0.7, '202509': 15.7, '202512': 108.2, '202603': 39.9, '202606': 106.7, '202609': 131.4, '202612': 164.3, '202703': 156.4, '202706': 89.6, '202709': 75.2, '202712': 65.9}",{},"{'202403': False, '202406': False, '202409': False, '202412': False, '202503': False, '202506': False, '202509': False, '202512': False, '202603': False, '202606': False, '202609': True, '202612': True, '202703': True, '202706': True, '202709': True, '202712': True}"
A009180,한솔로지스틱스,항공화물운송과물류,77569297875,202612,True,142.0,,47.2,12,1,3,-1.2,202606,202612,True,"{'202503': -16.5, '202506': -3.3, '202509': 16.3, '202603': -21.0, '202606': -4.5, '202609': 47.2, '202612': 142.0}",{'202512': '흑전'},"{'202403': False, '202406': False, '202409': False, '202412': False, '202503': False, '202506': False, '202509': False, '202512': False, '202603': False, '202606': False, '202609': True, '202612': True}"
A009240,한샘,가구,933120245200,202612,True,176.4,,36.4,12,1,1,-31.2,202606,202612,True,"{'202503': -50.4, '202506': -68.2, '202509': -6.1, '202512': -23.5, '202603': 56.4, '202606': 400.2, '202609': 36.4, '202612': 176.4}",{},"{'202403': False, '202406': False, '202409': False, '202412': False, '202503': False, '202506': False, '202509': False, '202512': False, '202603': False, '202606': False, '202609': True, '202612': True}"
A009420,한올바이오파마,제약,2400457316100,202712,True,100.0,,18.8,16,1,2,-45.0,202606,202612,True,"{'202509': -18.9, '202606': 388.5, '202609': 358.6, '202703': -28.5, '202706': -92.9, '202709': 18.8, '202712': 100.0}","{'202503': '적전', '202506': '흑전', '202512': '적전', '202603': '흑전', '202612': '흑전'}","{'202403': False, '202406': False, '202409': False, '202412': False, '202503': False, '202506': False, '202509': False, '202512': False, '202603': False, '202606': False, '202609': True, '202612': True, '202703': True, '202706': True, '202709': True, '202712': True}"
A009450,경동나비엔,가정용기기와용품,890140971200,202612,True,36.8,,634.4,12,0,0,-230.6,202606,202612,True,"{'202503': 21.2, '202506': 73.7, '202509': -78.3, '202512': 32.7, '202603': 61.7, '202606': 64.6, '202609': 634.4, '202612': 36.8}",{},"{'202403': False, '202406': False, '202409': False, '202412': False, '202503': False, '202506': False, '202509': False, '202512': False, '202603': False, '202606': False, '202609': True, '202612': True}"
A009540,HD한국조선해양,조선,24027472882000,202712,True,23.5,,23.5,16,0,0,124.0,202606,202612,True,"{'202503': 436.4, '202506': 153.3, '202509': 164.5, '202512': 108.0, '202603': 57.8, '202606': 72.5, '202609': 50.5, '202612': 59.7, '202703': 36.4, '202706': 15.8, '202709': 23.5, '202712': 23.5}",{},"{'202403': False, '202406': False, '202409': False, '202412': False, '202503': False, '202506': False, '202509': False, '202512': False, '202603': False, '202606': False, '202609': True, '202612': True, '202703': True, '202706': True, '202709': True, '202712': True}"
A009580,무림P&P,종이와목재,113198508060,202612,True,,흑전,,12,0,0,130.6,202606,202612,True,{},"{'202503': '적전', '202506': '적전', '202509': '적전', '202512': '적자', '202603': '적자', '202606': '적자', '202609': '흑전', '202612': '흑전'}","{'202403': False, '202406': False, '202409': False, '202412': False, '202503': False, '202506': False, '202509': False, '202512': False, '202603': False, '202606': False, '202609': True, '202612': True}"
A009830,한화솔루션,에너지장비및서비스,6173300113200,202712,True,76.6,,109.0,16,0,0,-241.9,202606,202612,True,"{'202603': 205.5, '202606': 200.3, '202703': 238.7, '202706': 27.5, '202709': 109.0, '202712': 76.6}","{'202503': '흑전', '202506': '흑전', '202509': '적자', '202512': '적전', '202609': '흑전', '202612': '흑전'}","{'202403': False, '202406': False, '202409': False, '202412': False, '202503': False, '202506': False, '202509': False, '202512': False, '202603': False, '202606': False, '202609': True, '202612': True, '202703': True, '202706': True, '202709': True, '202712': True}"
A009900,명신산업,자동차부품,434452701240,202612,True,224.2,,-14.7,12,1,1,-101.4,202606,202612,True,"{'202503': -31.8, '202506': -39.3, '202509': -6.6, '202512': -54.0, '202603': -31.5, '202606': 71.8, '202609': -14.7, '202612': 224.2}",{},"{'202403': False, '202406': False, '202409': False, '202412': False, '202503': False, '202506': False, '202509': False, '202512': False, '202603': False, '202606': False, '202609': True, '202612': True}"
A010060,OCI홀딩스,화학,3510003616000,202712,True,49.6,,19.5,16,0,1,136.1,202606,202612,True,"{'202503': -50.9, '202603': -77.7, '202612': 345.1, '202703': 1021.3, '202706': 62.7, '202709': 19.5, '202712': 49.6}","{'202506': '적전', '202509': '적전', '202512': '흑전', '202606': '흑전', '202609': '흑전'}","{'202403': False, '202406': False, '202409': False, '202412': False, '202503': False, '202506': False, '202509': False, '202512': False, '202603': False, '202606': False, '202609': True, '202612': True, '202703': True, '202706': True, '202709': True, '202712': True}"
A010120,LS ELECTRIC,전기장비,31800000000000,202712,True,35.5,,40.8,16,0,0,472.7,202606,202612,True,"{'202503': -6.9, '202506': -0.9, '202509': 51.7, '202512': 8.2, '202603': 45.0, '202606': 64.4, '202609': 86.5, '202612': 74.1, '202703': 78.3, '202706': 38.6, '202709': 40.8, '202712': 35.5}",{},"{'202403': False, '202406': False, '202409': False, '202412': False, '202503': False, '202506': False, '202509': False, '202512': False, '202603': False, '202606': False, '202609': True, '202612': True, '202703': True, '202706': True, '202709': True, '202712': True}"
A010130,고려아연,비철금속,23168995590000,202612,True,8.4,,69.3,12,0,0,-1225.0,202606,202612,True,"{'202503': 46.9, '202506': -3.7, '202509': 82.3, '202512': 256.4, '202603': 175.2, '202606': 126.8, '202609': 69.3, '202612': 8.4}",{},"{'202403': False, '202406': False, '202409': False, '202412': False, '202503': False, '202506': False, '202509': False, '202512': False, '202603': False, '202606': False, '202609': True, '202612': True}"
A010140,삼성중공업,조선,18128000000000,202712,True,51.6,,57.4,16,0,0,872.8,202606,202612,True,"{'202503': 58.1, '202506': 56.7, '202509': 98.6, '202512': 70.0, '202603': 121.9, '202606': 58.7, '202609': 45.5, '202612': 39.2, '202703': 86.1, '202706': 62.8, '202709': 57.4, '202712': 51.6}",{},"{'202403': False, '202406': False, '202409': False, '202412': False, '202503': False, '202506': False, '202509': False, '202512': False, '202603': False, '202606': False, '202609': True, '202612': True, '202703': True, '202706': True, '202709': True, '202712': True}"
A010170,대한광통신,통신장비,2769199604600,202612,True,,흑전,,12,0,0,29.4,202606,202612,True,{},"{'202503': '적자', '202506': '적자', '202509': '적자', '202512': '적자', '202603': '적자', '202606': '흑전', '202609': '흑전', '202612': '흑전'}","{'202403': False, '202406': False, '202409': False, '202412': False, '202503': False, '202506': False, '202509': False, '202512': False, '202603': False, '202606': False, '202609': True, '202612': True}"
A010280,아이티센엔텍,IT서비스,66165765560,202612,True,16.8,,-16.0,12,0,1,35.9,202606,202612,True,"{'202509': 291.9, '202512': -6.9, '202606': 469.5, '202609': -16.0, '202612': 16.8}","{'202503': '적자', '202506': '흑전', '202603': '흑전'}","{'202403': False, '202406': False, '202409': False, '202412': False, '202503': False, '202506': False, '202509': False, '202512': False, '202603': False, '202606': False, '202609': True, '202612': True}"
A010690,화신,자동차부품,262252279100,202612,True,-44.0,,25.3,12,0,0,132.0,202606,202612,True,"{'202503': 44.6, '202506': 8.7, '202509': 83.5, '202512': 150.0, '202603': -44.3, '202606': -78.1, '202609': 25.3, '202612': -44.0}",{},"{'202403': False, '202406': False, '202409': False, '202412': False, '202503': False, '202506': False, '202509': False, '202512': False, '202603': False, '202606': False, '202609': True, '202612': True}"
A010780,아이에스동서,건설,456868147160,202712,True,257.2,,95.7,16,1,1,55.3,202606,202612,True,"{'202503': -59.4, '202506': -4.4, '202509': -63.1, '202603': 265.0, '202606': -90.5, '202609': 146.8, '202703': -58.9, '202706': 843.4, '202709': 95.7, '202712': 257.2}","{'202512': '적전', '202612': '흑전'}","{'202403': False, '202406': False, '202409': False, '202412': False, '202503': False, '202506': False, '202509': False, '202512': False, '202603': False, '202606': False, '202609': True, '202612': True, '202703': True, '202706': True, '202709': True, '202712': True}"
A010950,S-Oil,석유와가스,17371524805600,202712,True,-25.4,,-13.4,16,0,0,1930.1,202606,202612,True,"{'202512': 67.3, '202609': 373.5, '202612': 211.4, '202703': 0.8, '202706': 10.2, '202709': -13.4, '202712': -25.4}","{'202503': '적전', '202506': '적전', '202509': '흑전', '202603': '흑전', '202606': '흑전'}","{'202403': False, '202406': False, '202409': False, '202412': False, '202503': False, '202506': False, '202509': False, '202512': False, '202603': False, '202606': False, '202609': True, '202612': True, '202703': True, '202706': True, '202709': True, '202712': True}"
A011070,LG이노텍,전자장비와기기,12827571994000,202712,True,0.7,,11.3,16,0,0,1851.4,202606,202612,True,"{'202503': -28.9, '202506': -92.5, '202509': 56.2, '202512': 31.0, '202603': 136.0, '202606': 2057.4, '202609': 48.2, '202612': 32.7, '202703': 22.3, '202706': -23.1, '202709': 11.3, '202712': 0.7}",{},"{'202403': False, '202406': False, '202409': False, '202412': False, '202503': False, '202506': False, '202509': False, '202512': False, '202603': False, '202606': False, '202609': True, '202612': True, '202703': True, '202706': True, '202709': True, '202712': True}"
A011170,롯데케미칼,화학,2673463687500,202712,True,,적자,,16,0,0,-2061.9,202606,202612,True,{'202706': -59.4},"{'202503': '적자', '202506': '적자', '202509': '적자', '202512': '적자', '202603': '흑전', '202606': '흑전', '202609': '적자', '202612': '적자', '202703': '적전', '202709': '흑전', '202712': '적자'}","{'202403': False, '202406': False, '202409': False, '202412': False, '202503': False, '202506': False, '202509': False, '202512': False, '202603': False, '202606': False, '202609': True, '202612': True, '202703': True, '202706': True, '202709': True, '202712': True}"
A011200,HMM,해운사,19996644964000,202712,True,-55.7,,-60.0,16,0,1,336.1,202606,202612,True,"{'202503': 50.8, '202506': -63.8, '202509': -79.7, '202512': -68.3, '202603': -56.2, '202606': 51.9, '202609': 103.4, '202612': 22.2, '202703': -0.7, '202706': -43.7, '202709': -60.0, '202712': -55.7}",{},"{'202403': False, '202406': False, '202409': False, '202412': False, '202503': False, '202506': False, '202509': False, '202512': False, '202603': False, '202606': False, '202609': True, '202612': True, '202703': True, '202706': True, '202709': True, '202712': True}"
A011210,현대위아,자동차부품,1452217432200,202703,True,22.0,,29.4,13,0,0,113.3,202606,202612,True,"{'202503': -15.9, '202506': 2.1, '202509': 1.2, '202512': -12.8, '202603': 6.2, '202606': -10.6, '202609': 7.8, '202612': 29.4, '202703': 22.0}",{},"{'202403': False, '202406': False, '202409': False, '202412': False, '202503': False, '202506': False, '202509': False, '202512': False, '202603': False, '202606': False, '202609': True, '202612': True, '202703': True}"
A011560,세보엠이씨,건설,242541171600,202712,True,24.4,,2.1,16,0,2,-45.6,202606,202612,True,"{'202503': -22.3, '202506': 11.3, '202509': -18.0, '202603': 55.8, '202606': 85.0, '202609': 91.0, '202612': 5.3, '202703': -13.9, '202706': -29.7, '202709': 2.1, '202712': 24.4}",{'202512': '흑전'},"{'202403': False, '202406': False, '202409': False, '202412': False, '202503': False, '202506': False, '202509': False, '202512': False, '202603': False, '202606': False, '202609': True, '202612': True, '202703': True, '202706': True, '202709': True, '202712': True}"
A011760,현대코퍼레이션,무역회사와판매업체,343291667700,202612,True,45.0,,37.5,12,0,1,-148.1,202606,202612,True,"{'202503': 31.5, '202506': -5.1, '202509': -4.8, '202512': 4.5, '202603': 24.9, '202606': 81.6, '202609': 37.5, '202612': 45.0}",{},"{'202403': False, '202406': False, '202409': False, '202412': False, '202503': False, '202506': False, '202509': False, '202512': False, '202603': False, '202606': False, '202609': True, '202612': True}"
A011780,금호석유화학,화학,2948438490000,202712,True,-71.3,,-1.6,16,0,0,-2762.6,202606,202612,True,"{'202503': 53.4, '202506': -45.3, '202509': 29.7, '202512': -84.4, '202603': -50.7, '202606': 419.7, '202609': 16.3, '202612': 3930.4, '202703': 34.7, '202706': -73.7, '202709': -1.6, '202712': -71.3}",{},"{'202403': False, '202406': False, '202409': False, '202412': False, '202503': False, '202506': False, '202509': False, '202512': False, '202603': False, '202606': False, '202609': True, '202612': True, '202703': True, '202706': True, '202709': True, '202712': True}"
A011790,SKC,화학,4384489543200,202712,True,,흑전,,16,0,0,35.2,202606,202612,True,{},"{'202503': '적자', '202506': '적자', '202509': '적자', '202512': '적자', '202603': '적자', '202606': '적자', '202609': '적자', '202612': '적자', '202703': '적자', '202706': '적자', '202709': '흑전', '202712': '흑전'}","{'202403': False, '202406': False, '202409': False, '202412': False, '202503': False, '202506': False, '202509': False, '202512': False, '202603': False, '202606': False, '202609': True, '202612': True, '202703': True, '202706': True, '202709': True, '202712': True}"
A011930,신성이엔지,반도체와반도체장비,336270373920,202612,True,288.2,,2819.7,12,2,0,82.4,202606,202612,True,"{'202512': -54.1, '202606': -8.8, '202609': 2819.7, '202612': 288.2}","{'202503': '적전', '202506': '흑전', '202509': '흑전', '202603': '적자'}","{'202403': False, '202406': False, '202409': False, '202412': False, '202503': False, '202506': False, '202509': False, '202512': False, '202603': False, '202606': False, '202609': True, '202612': True}"
A012210,삼미금속,기계,312118379660,202612,True,37.2,,116.1,11,0,0,-6.1,202606,202612,True,"{'202506': 32.3, '202509': -8.4, '202512': 1529.7, '202603': 62.7, '202606': 6.6, '202609': 116.1, '202612': 37.2}",{},"{'202406': False, '202409': False, '202412': False, '202503': False, '202506': False, '202509': False, '202512': False, '202603': False, '202606': False, '202609': True, '202612': True}"
A012330,현대모비스,자동차부품,33458167912500,202712,True,20.0,,1.2,16,0,2,762.5,202606,202612,True,"{'202503': 43.1, '202506': 36.8, '202509': -14.1, '202512': -5.6, '202603': 3.3, '202606': 12.1, '202609': 22.9, '202612': 13.0, '202703': 14.3, '202706': -0.2, '202709': 1.2, '202712': 20.0}",{},"{'202403': False, '202406': False, '202409': False, '202412': False, '202503': False, '202506': False, '202509': False, '202512': False, '202603': False, '202606': False, '202609': True, '202612': True, '202703': True, '202706': True, '202709': True, '202712': True}"
A012450,한화에어로스페이스,우주항공과국방,54502514857000,202712,True,25.6,,21.5,16,0,2,706.7,202606,202612,True,"{'202503': 2886.5, '202506': 155.4, '202509': 86.6, '202512': -10.2, '202603': 20.6, '202606': 58.5, '202609': 39.1, '202612': 77.8, '202703': 78.4, '202706': 3.0, '202709': 21.5, '202712': 25.6}",{},"{'202403': False, '202406': False, '202409': False, '202412': False, '202503': False, '202506': False, '202509': False, '202512': False, '202603': False, '202606': False, '202609': True, '202612': True, '202703': True, '202706': True, '202709': True, '202712': True}"
A012630,HDC,건설,1544323487850,202712,True,16.4,,6.5,16,0,1,361.2,202606,202612,True,"{'202503': 104.8, '202506': 97.6, '202509': 111.2, '202512': 42.9, '202603': 16.5, '202606': 37.2, '202609': 41.2, '202612': 101.2, '202703': 12.6, '202706': 10.3, '202709': 6.5, '202712': 16.4}",{},"{'202403': False, '202406': False, '202409': False, '202412': False, '202503': False, '202506': False, '202509': False, '202512': False, '202603': False, '202606': False, '202609': True, '202612': True, '202703': True, '202706': True, '202709': True, '202712': True}"
A0126Z0,삼성에피스홀딩스,제약,8248730743500,202712,True,163.2,,28.5,9,1,1,-303.4,202606,202612,True,"{'202703': -4.6, '202706': 45.9, '202709': 28.5, '202712': 163.2}",{'202612': '흑전'},"{'202512': False, '202603': False, '202606': False, '202609': True, '202612': True, '202703': True, '202706': True, '202709': True, '202712': True}"
A012750,에스원,상업서비스와공급품,3169131445200,202612,True,3.2,,0.9,12,0,1,-67.6,202606,202612,True,"{'202503': 12.8, '202506': 17.6, '202509': 3.1, '202512': 16.6, '202603': -62.3, '202606': 4.6, '202609': 0.9, '202612': 3.2}",{},"{'202403': False, '202406': False, '202409': False, '202412': False, '202503': False, '202506': False, '202509': False, '202512': False, '202603': False, '202606': False, '202609': True, '202612': True}"
A013030,하이록코리아,기계,444835843200,202712,True,14.0,,5.9,16,0,2,-40.9,202606,202612,True,"{'202503': -17.5, '202506': 11.8, '202509': 4.0, '202512': 144.1, '202603': 23.5, '202606': 3.4, '202609': 7.8, '202612': -17.2, '202703': 0.7, '202706': -6.4, '202709': 5.9, '202712': 14.0}",{},"{'202403': False, '202406': False, '202409': False, '202412': False, '202503': False, '202506': False, '202509': False, '202512': False, '202603': False, '202606': False, '202609': True, '202612': True, '202703': True, '202706': True, '202709': True, '202712': True}"
A013890,지누스,가구,164662855630,202612,True,,흑전,,12,0,0,307.0,202606,202612,True,{},"{'202503': '흑전', '202506': '흑전', '202509': '적전', '202512': '적전', '202603': '적전', '202606': '적전', '202609': '적자', '202612': '흑전'}","{'202403': False, '202406': False, '202409': False, '202412': False, '202503': False, '202506': False, '202509': False, '202512': False, '202603': False, '202606': False, '202609': True, '202612': True}"
A014620,성광벤드,기계,845852043400,202712,True,8.0,,39.4,16,0,0,62.9,202606,202612,True,"{'202503': 8.6, '202506': -47.1, '202509': 50.2, '202512': 122.1, '202603': -38.9, '202606': -7.1, '202609': 21.1, '202612': 87.1, '202703': 175.5, '202706': 92.9, '202709': 39.4, '202712': 8.0}",{},"{'202403': False, '202406': False, '202409': False, '202412': False, '202503': False, '202506': False, '202509': False, '202512': False, '202603': False, '202606': False, '202609': True, '202612': True, '202703': True, '202706': True, '202709': True, '202712': True}"
A014680,한솔케미칼,화학,2428658100000,202712,True,33.5,,23.0,16,0,2,-161.9,202606,202612,True,"{'202503': 22.0, '202506': 39.1, '202509': 31.9, '202512': -25.0, '202603': 6.5, '202606': 1.8, '202609': 7.5, '202612': 98.9, '202703': 33.2, '202706': 22.6, '202709': 23.0, '202712': 33.5}",{},"{'202403': False, '202406': False, '202409': False, '202412': False, '202503': False, '202506': False, '202509': False, '202512': False, '202603': False, '202606': False, '202609': True, '202612': True, '202703': True, '202706': True, '202709': True, '202712': True}"
A014790,HL D&I,건설,92753572450,202612,True,91.8,,33.2,12,0,1,124.8,202606,202612,True,"{'202503': -22.7, '202506': 77.0, '202509': 92.7, '202512': 34.2, '202603': 34.0, '202606': 34.1, '202609': 33.2, '202612': 91.8}",{},"{'202403': False, '202406': False, '202409': False, '202412': False, '202503': False, '202506': False, '202509': False, '202512': False, '202603': False, '202606': False, '202609': True, '202612': True}"
A014830,유니드,화학,406732760000,202612,True,200.8,,14.6,12,1,2,-14.4,202606,202612,True,"{'202503': 4.2, '202506': -6.3, '202509': -7.9, '202512': -39.1, '202603': -11.0, '202606': -26.1, '202609': 14.6, '202612': 200.8}",{},"{'202403': False, '202406': False, '202409': False, '202412': False, '202503': False, '202506': False, '202509': False, '202512': False, '202603': False, '202606': False, '202609': True, '202612': True}"
A014940,오리엔탈정공,조선,206904420940,202612,True,202.8,,48.3,12,1,5,15.8,202606,202612,True,"{'202503': 95.3, '202506': -9.5, '202509': -33.9, '202512': -15.8, '202603': -2.6, '202606': 41.4, '202609': 48.3, '202612': 202.8}",{},"{'202403': False, '202406': False, '202409': False, '202412': False, '202503': False, '202506': False, '202509': False, '202512': False, '202603': False, '202606': False, '202609': True, '202612': True}"
A015760,한국전력,전기유틸리티,19804591775450,202712,True,442.1,,126.2,16,3,1,-6516.7,202606,202612,True,"{'202503': 188.9, '202506': 70.8, '202509': 66.4, '202512': -19.4, '202603': 0.8, '202606': -47.2, '202609': -56.8, '202612': -75.5, '202703': -8.0, '202706': 153.2, '202709': 126.2, '202712': 442.1}",{},"{'202403': False, '202406': False, '202409': False, '202412': False, '202503': False, '202506': False, '202509': False, '202512': False, '202603': False, '202606': False, '202609': True, '202612': True, '202703': True, '202706': True, '202709': True, '202712': True}"
A016360,삼성증권,증권,8099510000000,202712,True,3.5,,9.0,16,0,0,-2448.2,202606,202612,True,"{'202503': 0.9, '202506': -9.0, '202509': 24.0, '202512': 56.8, '202603': 82.1, '202606': 119.0, '202609': 36.3, '202612': 30.4, '202703': -11.2, '202706': -13.3, '202709': 9.0, '202712': 3.5}",{},"{'202403': False, '202406': False, '202409': False, '202412': False, '202503': False, '202506': False, '202509': False, '202512': False, '202603': False, '202606': False, '202609': True, '202612': True, '202703': True, '202706': True, '202709': True, '202712': True}"
A016380,KG스틸,철강,561049912170,202612,True,,흑전,-32.7,12,0,0,-84.8,202606,202612,True,"{'202503': 25.0, '202506': -50.5, '202509': 26.1, '202603': -67.0, '202606': 16.9, '202609': -32.7}","{'202512': '적전', '202612': '흑전'}","{'202403': False, '202406': False, '202409': False, '202412': False, '202503': False, '202506': False, '202509': False, '202512': False, '202603': False, '202606': False, '202609': True, '202612': True}"
A016580,환인제약,제약,187302704900,202612,True,68.6,,35.0,12,0,1,-53.9,202606,202612,True,"{'202503': -36.5, '202506': -61.3, '202509': -32.8, '202512': 62.4, '202603': 77.7, '202606': 192.3, '202609': 35.0, '202612': 68.6}",{},"{'202403': False, '202406': False, '202409': False, '202412': False, '202503': False, '202506': False, '202509': False, '202512': False, '202603': False, '202606': False, '202609': True, '202612': True}"
A017370,우신시스템,자동차부품,61993072790,202612,True,100.6,,96.9,12,1,1,157.5,202606,202612,True,"{'202503': 348.2, '202506': -82.5, '202509': -79.0, '202512': 3.0, '202609': 96.9, '202612': 100.6}","{'202603': '적전', '202606': '적전'}","{'202403': False, '202406': False, '202409': False, '202412': False, '202503': False, '202506': False, '202509': False, '202512': False, '202603': False, '202606': False, '202609': True, '202612': True}"
A017670,SK텔레콤,무선통신서비스,18751171626900,202703,True,15.3,,171.4,13,0,0,-2427.5,202606,202612,True,"{'202503': 13.8, '202506': -37.1, '202509': -90.9, '202512': -53.1, '202603': -5.3, '202606': 67.3, '202609': 994.5, '202612': 171.4, '202703': 15.3}",{},"{'202403': False, '202406': False, '202409': False, '202412': False, '202503': False, '202506': False, '202509': False, '202512': False, '202603': False, '202606': False, '202609': True, '202612': True, '202703': True}"
A017800,현대엘리베이터,기계,2896745728500,202612,True,26.4,,19.4,12,0,1,-158.8,202606,202612,True,"{'202503': 21.5, '202506': 11.1, '202509': -26.9, '202512': -17.9, '202603': -16.3, '202606': 52.3, '202609': 19.4, '202612': 26.4}",{},"{'202403': False, '202406': False, '202409': False, '202412': False, '202503': False, '202506': False, '202509': False, '202512': False, '202603': False, '202606': False, '202609': True, '202612': True}"
A017810,풀무원,식품,335841975020,202612,True,17.9,,-3.9,12,0,1,39.6,202606,202612,True,"{'202503': -28.1, '202506': 16.1, '202509': 14.4, '202512': -6.8, '202603': 68.9, '202606': 26.0, '202609': -3.9, '202612': 17.9}",{},"{'202403': False, '202406': False, '202409': False, '202412': False, '202503': False, '202506': False, '202509': False, '202512': False, '202603': False, '202606': False, '202609': True, '202612': True}"
A017940,E1,가스유틸리티,641410000000,202612,True,198.0,,39.5,12,1,2,-366.0,202606,202612,True,"{'202503': -8.4, '202506': 10.8, '202509': 1079.1, '202512': 295.2, '202606': 15.4, '202609': 39.5, '202612': 198.0}",{'202603': '적전'},"{'202403': False, '202406': False, '202409': False, '202412': False, '202503': False, '202506': False, '202509': False, '202512': False, '202603': False, '202606': False, '202609': True, '202612': True}"
A017960,한국카본,조선,1061951787300,202712,True,12.3,,13.4,16,0,0,-20.7,202606,202612,True,"{'202503': 1092.8, '202506': 78.0, '202509': 288.6, '202512': 120.6, '202603': 32.0, '202606': 59.3, '202609': 47.2, '202612': 26.1, '202703': 6.3, '202706': -0.9, '202709': 13.4, '202712': 12.3}",{},"{'202403': False, '202406': False, '202409': False, '202412': False, '202503': False, '202506': False, '202509': False, '202512': False, '202603': False, '202606': False, '202609': True, '202612': True, '202703': True, '202706': True, '202709': True, '202712': True}"
A018250,애경산업,화장품,292622079800,202612,True,,흑전,-13.7,12,0,0,-33.3,202606,202612,True,"{'202503': -63.3, '202506': -36.1, '202509': -23.6, '202606': -59.4, '202609': -13.7}","{'202512': '적전', '202603': '적전', '202612': '흑전'}","{'202403': False, '202406': False, '202409': False, '202412': False, '202503': False, '202506': False, '202509': False, '202512': False, '202603': False, '202606': False, '202609': True, '202612': True}"
A018260,삼성에스디에스,IT서비스,17487382800000,202712,True,9.6,,10.1,16,0,0,319.6,202606,202612,True,"{'202503': 18.9, '202506': 4.2, '202509': -8.1, '202512': 6.9, '202603': -70.8, '202606': 0.7, '202609': 7.3, '202612': 16.7, '202703': 202.5, '202706': 15.4, '202709': 10.1, '202712': 9.6}",{},"{'202403': False, '202406': False, '202409': False, '202412': False, '202503': False, '202506': False, '202509': False, '202512': False, '202603': False, '202606': False, '202609': True, '202612': True, '202703': True, '202706': True, '202709': True, '202712': True}"
A018290,브이티,화장품,395192187780,202612,True,50.1,,40.2,12,0,2,83.2,202606,202612,True,"{'202503': 21.1, '202506': 7.6, '202509': -60.7, '202512': -56.5, '202603': -40.3, '202606': -63.3, '202609': 40.2, '202612': 50.1}",{},"{'202403': False, '202406': False, '202409': False, '202412': False, '202503': False, '202506': False, '202509': False, '202512': False, '202603': False, '202606': False, '202609': True, '202612': True}"
A018670,SK가스,가스유틸리티,2219983938000,202612,True,262.5,,-24.1,12,1,1,1737.1,202606,202612,True,"{'202503': 51.3, '202506': 157.0, '202509': 303.3, '202512': -70.8, '202603': 101.7, '202609': -24.1, '202612': 262.5}",{'202606': '적전'},"{'202403': False, '202406': False, '202409': False, '202412': False, '202503': False, '202506': False, '202509': False, '202512': False, '202603': False, '202606': False, '202609': True, '202612': True}"
A018880,한온시스템,자동차부품,3407154455440,202712,True,30.9,,35.0,16,0,0,116.7,202606,202612,True,"{'202503': -67.7, '202506': -10.2, '202509': -1.0, '202603': 361.1, '202606': 61.2, '202609': 14.3, '202612': 28.6, '202703': 31.7, '202706': 45.6, '202709': 35.0, '202712': 30.9}",{'202512': '흑전'},"{'202403': False, '202406': False, '202409': False, '202412': False, '202503': False, '202506': False, '202509': False, '202512': False, '202603': False, '202606': False, '202609': True, '202612': True, '202703': True, '202706': True, '202709': True, '202712': True}"
A019210,와이지-원,기계,469384847360,202612,True,179.5,,121.6,12,4,1,62.5,202606,202612,True,"{'202503': -39.9, '202506': 38.7, '202509': 37.6, '202512': 47.6, '202603': 327.8, '202606': 206.8, '202609': 121.6, '202612': 179.5}",{},"{'202403': False, '202406': False, '202409': False, '202412': False, '202503': False, '202506': False, '202509': False, '202512': False, '202603': False, '202606': False, '202609': True, '202612': True}"
A019680,대교,교육서비스,65862812450,202612,True,,흑전,,12,0,0,63.2,202606,202612,True,{},"{'202503': '흑전', '202506': '흑전', '202509': '적전', '202512': '적자', '202603': '적전', '202606': '적전', '202609': '흑전', '202612': '흑전'}","{'202403': False, '202406': False, '202409': False, '202412': False, '202503': False, '202506': False, '202509': False, '202512': False, '202603': False, '202606': False, '202609': True, '202612': True}"
A020000,한섬,"섬유,의류,신발,호화품",427821720480,202612,True,45.1,,302.7,12,0,0,348.3,202606,202612,True,"{'202503': -32.9, '202506': -82.0, '202509': -59.0, '202512': 30.1, '202603': 67.7, '202606': 525.0, '202609': 302.7, '202612': 45.1}",{},"{'202403': False, '202406': False, '202409': False, '202412': False, '202503': False, '202506': False, '202509': False, '202512': False, '202603': False, '202606': False, '202609': True, '202612': True}"
A020150,롯데에너지머티리얼즈,전자장비와기기,2099855066300,202712,True,,흑전,,16,0,0,36.8,202606,202612,True,{},"{'202503': '적전', '202506': '적전', '202509': '적자', '202512': '적자', '202603': '적자', '202606': '적자', '202609': '적자', '202612': '적자', '202703': '적자', '202706': '흑전', '202709': '흑전', '202712': '흑전'}","{'202403': False, '202406': False, '202409': False, '202412': False, '202503': False, '202506': False, '202509': False, '202512': False, '202603': False, '202606': False, '202609': True, '202612': True, '202703': True, '202706': True, '202709': True, '202712': True}"
A020560,아시아나항공,항공사,1724142251070,202612,True,,적자,,12,0,0,3232.8,202606,202612,True,{'202503': -11.1},"{'202506': '적전', '202509': '적전', '202512': '적전', '202603': '적전', '202606': '적자', '202609': '적자', '202612': '적자'}","{'202403': False, '202406': False, '202409': False, '202412': False, '202503': False, '202506': False, '202509': False, '202512': False, '202603': False, '202606': False, '202609': True, '202612': True}"
A021240,코웨이,가정용기기와용품,7062589114800,202612,True,31.7,,9.0,12,0,2,-139.6,202606,202612,True,"{'202503': 9.0, '202506': 14.9, '202509': 17.4, '202512': -1.0, '202603': 18.8, '202606': 4.3, '202609': 9.0, '202612': 31.7}",{},"{'202403': False, '202406': False, '202409': False, '202412': False, '202503': False, '202506': False, '202509': False, '202512': False, '202603': False, '202606': False, '202609': True, '202612': True}"
A022100,포스코DX,IT서비스,3086304998700,202712,True,51.3,,65.8,16,0,0,53.4,202606,202612,True,"{'202503': -35.0, '202506': -29.8, '202509': -17.6, '202603': -84.0, '202606': -42.3, '202609': -46.0, '202703': 296.4, '202706': 68.3, '202709': 65.8, '202712': 51.3}","{'202512': '적전', '202612': '흑전'}","{'202403': False, '202406': False, '202409': False, '202412': False, '202503': False, '202506': False, '202509': False, '202512': False, '202603': False, '202606': False, '202609': True, '202612': True, '202703': True, '202706': True, '202709': True, '202712': True}"
A023160,태광,기계,701002258200,202712,True,5.7,,136.9,16,0,0,93.4,202606,202612,True,"{'202503': -42.4, '202506': -22.0, '202509': 52.7, '202512': 25.8, '202603': 26.3, '202606': -5.8, '202609': -27.4, '202612': 36.7, '202703': 91.4, '202706': 149.6, '202709': 136.9, '202712': 5.7}",{},"{'202403': False, '202406': False, '202409': False, '202412': False, '202503': False, '202506': False, '202509': False, '202512': False, '202603': False, '202606': False, '202609': True, '202612': True, '202703': True, '202706': True, '202709': True, '202712': True}"
A023530,롯데쇼핑,백화점과일반상점,3131565178500,202712,True,14.3,,17.1,16,0,0,1769.1,202606,202612,True,"{'202503': 29.0, '202506': -27.5, '202509': -15.8, '202512': 54.7, '202603': 70.6, '202606': 121.2, '202609': 38.8, '202612': 17.2, '202703': 2.8, '202706': 60.2, '202709': 17.1, '202712': 14.3}",{},"{'202403': False, '202406': False, '202409': False, '202412': False, '202503': False, '202506': False, '202509': False, '202512': False, '202603': False, '202606': False, '202609': True, '202612': True, '202703': True, '202706': True, '202709': True, '202712': True}"
A023910,대한약품,제약,157200000000,202612,True,51.3,,6.2,12,0,4,-26.8,202606,202612,True,"{'202503': -8.7, '202506': -7.8, '202509': -1.8, '202512': -59.1, '202603': -14.9, '202606': 4.3, '202609': 6.2, '202612': 51.3}",{},"{'202403': False, '202406': False, '202409': False, '202412': False, '202503': False, '202506': False, '202509': False, '202512': False, '202603': False, '202606': False, '202609': True, '202612': True}"
A024110,기업은행,은행,15948517380000,202712,True,10.3,,5.6,16,0,1,-1042.4,202606,202612,True,"{'202503': -0.6, '202506': 12.1, '202509': -13.3, '202512': 19.1, '202603': -8.9, '202606': -1.3, '202609': 4.8, '202612': 11.5, '202703': 19.2, '202706': 18.2, '202709': 5.6, '202712': 10.3}",{},"{'202403': False, '202406': False, '202409': False, '202412': False, '202503': False, '202506': False, '202509': False, '202512': False, '202603': False, '202606': False, '202609': True, '202612': True, '202703': True, '202706': True, '202709': True, '202712': True}"
A025320,시노펙스,핸드셋,347672238810,202612,True,,흑전,225.5,12,0,0,38.0,202606,202612,True,"{'202503': -16.3, '202506': 52.2, '202509': -78.8, '202603': -80.5, '202609': 225.5}","{'202512': '적전', '202606': '적전', '202612': '흑전'}","{'202403': False, '202406': False, '202409': False, '202412': False, '202503': False, '202506': False, '202509': False, '202512': False, '202603': False, '202606': False, '202609': True, '202612': True}"
A025540,한국단자,자동차부품,570486000000,202612,True,4.4,,-21.3,12,0,2,167.6,202606,202612,True,"{'202503': -17.5, '202506': -35.1, '202509': -16.5, '202512': 6.2, '202603': -9.9, '202606': -51.6, '202609': -21.3, '202612': 4.4}",{},"{'202403': False, '202406': False, '202409': False, '202412': False, '202503': False, '202506': False, '202509': False, '202512': False, '202603': False, '202606': False, '202609': True, '202612': True}"
A025900,동화기업,건축자재,341261673750,202612,True,,적자,,12,0,0,-1.4,202606,202612,True,{},"{'202503': '적자', '202506': '적전', '202509': '적전', '202512': '적전', '202603': '적자', '202606': '적자', '202609': '흑전', '202612': '적자'}","{'202403': False, '202406': False, '202409': False, '202412': False, '202503': False, '202506': False, '202509': False, '202512': False, '202603': False, '202606': False, '202609': True, '202612': True}"
A027410,BGF,화학,360373718115,202612,True,9.9,,-10.7,12,0,2,-6.5,202606,202612,True,"{'202503': -41.7, '202506': 4.8, '202509': 27.4, '202512': 34.9, '202603': 64.6, '202606': -21.2, '202609': -10.7, '202612': 9.9}",{},"{'202403': False, '202406': False, '202409': False, '202412': False, '202503': False, '202506': False, '202509': False, '202512': False, '202603': False, '202606': False, '202609': True, '202612': True}"
A028050,삼성E&A,건설,10035200000000,202712,True,4.1,,3.3,16,0,2,48.8,202606,202612,True,"{'202503': -24.9, '202506': -31.1, '202509': -13.4, '202512': -6.2, '202603': 19.6, '202606': 51.0, '202609': 40.4, '202612': 0.2, '202703': 28.8, '202706': -1.3, '202709': 3.3, '202712': 4.1}",{},"{'202403': False, '202406': False, '202409': False, '202412': False, '202503': False, '202506': False, '202509': False, '202512': False, '202603': False, '202606': False, '202609': True, '202612': True, '202703': True, '202706': True, '202709': True, '202712': True}"
A028260,삼성물산,복합기업,59515502227000,202712,True,18.1,,33.2,16,0,0,257.2,202606,202612,True,"{'202503': 1.7, '202506': -16.4, '202509': 34.9, '202512': 29.6, '202603': -0.6, '202606': 37.1, '202609': 0.7, '202612': 28.6, '202703': 37.7, '202706': 14.2, '202709': 33.2, '202712': 18.1}",{},"{'202403': False, '202406': False, '202409': False, '202412': False, '202503': False, '202506': False, '202509': False, '202512': False, '202603': False, '202606': False, '202609': True, '202612': True, '202703': True, '202706': True, '202709': True, '202712': True}"
A028670,팬오션,해운사,3095157474480,202712,True,-4.5,,-13.3,16,0,1,-286.4,202606,202612,True,"{'202503': 15.4, '202506': -9.0, '202509': -2.2, '202512': 18.8, '202603': 24.4, '202606': 57.4, '202609': 41.8, '202612': 26.5, '202703': 18.0, '202706': -10.1, '202709': -13.3, '202712': -4.5}",{},"{'202403': False, '202406': False, '202409': False, '202412': False, '202503': False, '202506': False, '202509': False, '202512': False, '202603': False, '202606': False, '202609': True, '202612': True, '202703': True, '202706': True, '202709': True, '202712': True}"
A029780,삼성카드,카드,4964553479350,202712,True,34.5,,29.7,16,0,2,-436.4,202606,202612,True,"{'202503': 1.5, '202506': -19.4, '202509': -4.6, '202512': 13.3, '202603': -14.3, '202606': 4.1, '202609': -8.7, '202612': -15.2, '202703': 24.8, '202706': 21.7, '202709': 29.7, '202712': 34.5}",{},"{'202403': False, '202406': False, '202409': False, '202412': False, '202503': False, '202506': False, '202509': False, '202512': False, '202603': False, '202606': False, '202609': True, '202612': True, '202703': True, '202706': True, '202709': True, '202712': True}"
A030000,제일기획,광고,2028176796750,202612,True,5.8,,1.5,12,0,3,29.3,202606,202612,True,"{'202503': 7.2, '202506': 4.4, '202509': 0.3, '202512': 9.7, '202603': -37.6, '202606': 0.6, '202609': 1.5, '202612': 5.8}",{},"{'202403': False, '202406': False, '202409': False, '202412': False, '202503': False, '202506': False, '202509': False, '202512': False, '202603': False, '202606': False, '202609': True, '202612': True}"
A030190,NICE평가정보,상업서비스와공급품,899669361040,202612,True,7.1,,3.0,12,0,1,-62.7,202606,202612,True,"{'202503': 43.2, '202506': 14.5, '202509': 19.4, '202512': 9.7, '202603': 17.7, '202606': 19.2, '202609': 3.0, '202612': 7.1}",{},"{'202403': False, '202406': False, '202409': False, '202412': False, '202503': False, '202506': False, '202509': False, '202512': False, '202603': False, '202606': False, '202609': True, '202612': True}"
A030200,KT,다각화된통신서비스,13382351473500,202703,True,14.8,,85.4,13,0,0,-2267.7,202606,202612,True,"{'202503': 36.0, '202506': 105.4, '202509': 16.0, '202603': -29.9, '202606': -36.1, '202609': 2.2, '202612': 85.4, '202703': 14.8}",{'202512': '흑전'},"{'202403': False, '202406': False, '202409': False, '202412': False, '202503': False, '202506': False, '202509': False, '202512': False, '202603': False, '202606': False, '202609': True, '202612': True, '202703': True}"
A030520,한컴,소프트웨어,398965776000,202612,True,,흑전,18.7,12,0,0,-27.4,202606,202612,True,"{'202503': 31.7, '202506': -17.6, '202509': 45.7, '202603': 2.1, '202606': -12.6, '202609': 18.7}","{'202512': '적전', '202612': '흑전'}","{'202403': False, '202406': False, '202409': False, '202412': False, '202503': False, '202506': False, '202509': False, '202512': False, '202603': False, '202606': False, '202609': True, '202612': True}"
A031210,서울보증보험,손해보험,2883631997400,202612,True,-41.6,,36.8,12,0,0,198.8,202606,202612,True,"{'202503': -30.4, '202506': 32.6, '202509': 22.3, '202512': 65.5, '202603': 242.7, '202606': 2.9, '202609': 36.8, '202612': -41.6}",{},"{'202403': False, '202406': False, '202409': False, '202412': False, '202503': False, '202506': False, '202509': False, '202512': False, '202603': False, '202606': False, '202609': True, '202612': True}"
A031430,신세계인터내셔날,"섬유,의류,신발,호화품",367702860000,202612,True,,흑전,137.5,12,0,0,148.0,202606,202612,True,"{'202503': -76.0, '202509': 127.9, '202603': 452.6, '202609': 137.5}","{'202506': '적전', '202512': '적자', '202606': '흑전', '202612': '흑전'}","{'202403': False, '202406': False, '202409': False, '202412': False, '202503': False, '202506': False, '202509': False, '202512': False, '202603': False, '202606': False, '202609': True, '202612': True}"
A031980,피에스케이홀딩스,반도체와반도체장비,3411170889000,202712,True,26.3,,52.0,16,0,0,352.8,202606,202612,True,"{'202503': -38.1, '202506': -45.7, '202509': 188.8, '202512': -67.2, '202603': -3.9, '202606': 63.3, '202609': -17.1, '202612': 246.3, '202703': 172.6, '202706': 88.5, '202709': 52.0, '202712': 26.3}",{},"{'202403': False, '202406': False, '202409': False, '202412': False, '202503': False, '202506': False, '202509': False, '202512': False, '202603': False, '202606': False, '202609': True, '202612': True, '202703': True, '202706': True, '202709': True, '202712': True}"
A032350,롯데관광개발,"호텔,레스토랑,레저",914451003260,202703,True,84.1,,14.5,13,0,1,-12.7,202606,202612,True,"{'202503': 48.2, '202506': 462.5, '202509': 138.9, '202512': 1942.5, '202603': 121.0, '202606': 56.8, '202609': 17.7, '202612': 14.5, '202703': 84.1}",{},"{'202403': False, '202406': False, '202409': False, '202412': False, '202503': False, '202506': False, '202509': False, '202512': False, '202603': False, '202606': False, '202609': True, '202612': True, '202703': True}"
A032500,케이엠더블유,통신장비,823160086510,202712,True,,흑전,,16,0,0,22.6,202606,202612,True,{},"{'202503': '적자', '202506': '적자', '202509': '적자', '202512': '적자', '202603': '적자', '202606': '적자', '202609': '적자', '202612': '적자', '202703': '적자', '202706': '흑전', '202709': '흑전', '202712': '흑전'}","{'202403': False, '202406': False, '202409': False, '202412': False, '202503': False, '202506': False, '202509': False, '202512': False, '202603': False, '202606': False, '202609': True, '202612': True, '202703': True, '202706': True, '202709': True, '202712': True}"
A032640,LG유플러스,무선통신서비스,6183912055240,202703,True,16.1,,32.0,13,0,0,-1193.7,202606,202612,True,"{'202503': 15.6, '202506': 19.9, '202509': -34.3, '202512': 20.0, '202603': 6.6, '202606': 13.1, '202609': 85.6, '202612': 32.0, '202703': 16.1}",{},"{'202403': False, '202406': False, '202409': False, '202412': False, '202503': False, '202506': False, '202509': False, '202512': False, '202603': False, '202606': False, '202609': True, '202612': True, '202703': True}"
A032830,삼성생명,생명보험,58200000000000,202612,True,276.6,,5.4,12,1,2,-2638.8,202606,202612,True,"{'202503': 1.0, '202506': 1.1, '202509': 2.5, '202512': 84.3, '202603': 80.1, '202606': -32.0, '202609': 5.4, '202612': 276.6}",{},"{'202403': False, '202406': False, '202409': False, '202412': False, '202503': False, '202506': False, '202509': False, '202512': False, '202603': False, '202606': False, '202609': True, '202612': True}"
A033160,엠케이전자,반도체와반도체장비,385164429440,202612,True,35.0,,,12,0,0,-128.0,202606,202612,True,"{'202506': -47.9, '202512': -52.9, '202606': 137.7, '202612': 35.0}","{'202503': '적전', '202509': '적전', '202603': '흑전', '202609': '흑전'}","{'202403': False, '202406': False, '202409': False, '202412': False, '202503': False, '202506': False, '202509': False, '202512': False, '202603': False, '202606': False, '202609': True, '202612': True}"
A033240,자화전자,통신장비,579027453600,202612,True,-12.8,,11.7,12,0,0,8.5,202606,202612,True,"{'202503': -71.7, '202509': 198.9, '202512': 92.6, '202603': 389.0, '202609': 11.7, '202612': -12.8}","{'202506': '적전', '202606': '흑전'}","{'202403': False, '202406': False, '202409': False, '202412': False, '202503': False, '202506': False, '202509': False, '202512': False, '202603': False, '202606': False, '202609': True, '202612': True}"
A033270,유나이티드제약,제약,280825178750,202612,True,-2.7,,-1.7,12,0,0,-11.0,202606,202612,True,"{'202503': -18.3, '202506': -14.1, '202509': -16.9, '202512': 6.0, '202603': -18.3, '202606': 23.6, '202609': -1.7, '202612': -2.7}",{},"{'202403': False, '202406': False, '202409': False, '202412': False, '202503': False, '202506': False, '202509': False, '202512': False, '202603': False, '202606': False, '202609': True, '202612': True}"
A033500,동성화인텍,화학,486429592680,202612,True,60.9,,10.6,12,0,1,-44.4,202606,202612,True,"{'202503': 23.8, '202506': 35.8, '202509': 105.9, '202512': -2.0, '202603': 58.4, '202606': 112.3, '202609': 10.6, '202612': 60.9}",{},"{'202403': False, '202406': False, '202409': False, '202412': False, '202503': False, '202506': False, '202509': False, '202512': False, '202603': False, '202606': False, '202609': True, '202612': True}"
A033530,SJG세종,자동차부품,181520926290,202612,True,63.5,,19.8,12,0,2,-319.3,202606,202612,True,"{'202503': 41.4, '202506': 54.9, '202509': 79.3, '202512': -82.0, '202603': 63.3, '202606': -8.6, '202609': 19.8, '202612': 63.5}",{},"{'202403': False, '202406': False, '202409': False, '202412': False, '202503': False, '202506': False, '202509': False, '202512': False, '202603': False, '202606': False, '202609': True, '202612': True}"
A033640,네패스,반도체와반도체장비,634128055000,202612,True,1114.9,,55.0,12,1,1,18.1,202606,202612,True,"{'202503': -43.6, '202506': -24.2, '202603': 199.0, '202606': 82.4, '202609': 55.0, '202612': 1114.9}","{'202509': '흑전', '202512': '흑전'}","{'202403': False, '202406': False, '202409': False, '202412': False, '202503': False, '202506': False, '202509': False, '202512': False, '202603': False, '202606': False, '202609': True, '202612': True}"
A033780,KT&G,담배,18405593848800,202703,True,0.2,,8.0,13,0,0,-1520.0,202606,202612,True,"{'202503': 20.7, '202506': 8.7, '202509': 11.4, '202512': 14.3, '202603': 27.7, '202606': 18.5, '202609': 6.0, '202612': 8.0, '202703': 0.2}",{},"{'202403': False, '202406': False, '202409': False, '202412': False, '202503': False, '202506': False, '202509': False, '202512': False, '202603': False, '202606': False, '202609': True, '202612': True, '202703': True}"
A034020,두산에너빌리티,기계,55408539129000,202712,True,40.7,,53.8,16,0,0,189.2,202606,202612,True,"{'202503': -60.2, '202506': -12.5, '202509': 19.4, '202512': -9.7, '202603': 63.9, '202606': 15.9, '202609': 81.1, '202612': 57.1, '202703': 58.5, '202706': 33.7, '202709': 53.8, '202712': 40.7}",{},"{'202403': False, '202406': False, '202409': False, '202412': False, '202503': False, '202506': False, '202509': False, '202512': False, '202603': False, '202606': False, '202609': True, '202612': True, '202703': True, '202706': True, '202709': True, '202712': True}"
A034120,SBS,방송과엔터테인먼트,220388707440,202612,True,85.7,,-29.2,12,0,1,14.6,202606,202612,True,"{'202506': -27.0, '202512': -42.1, '202606': 11.5, '202609': -29.2, '202612': 85.7}","{'202503': '적자', '202509': '흑전', '202603': '적자'}","{'202403': False, '202406': False, '202409': False, '202412': False, '202503': False, '202506': False, '202509': False, '202512': False, '202603': False, '202606': False, '202609': True, '202612': True}"
A034220,LG디스플레이,디스플레이패널,4235000000000,202712,True,69.8,,56.6,16,0,1,5283.1,202606,202612,True,"{'202512': 102.8, '202603': 338.4, '202609': -14.1, '202612': 149.6, '202703': -46.8, '202709': 56.6, '202712': 69.8}","{'202503': '흑전', '202506': '적자', '202509': '흑전', '202606': '적자', '202706': '흑전'}","{'202403': False, '202406': False, '202409': False, '202412': False, '202503': False, '202506': False, '202509': False, '202512': False, '202603': False, '202606': False, '202609': True, '202612': True, '202703': True, '202706': True, '202709': True, '202712': True}"
A034230,파라다이스,"호텔,레스토랑,레저",884610598100,202703,True,-0.5,,120.1,13,0,0,0.6,202606,202612,True,"{'202503': 18.3, '202506': 33.9, '202509': 9.1, '202512': -16.8, '202603': -34.9, '202606': -17.0, '202609': 27.6, '202612': 120.1, '202703': -0.5}",{},"{'202403': False, '202406': False, '202409': False, '202412': False, '202503': False, '202506': False, '202509': False, '202512': False, '202603': False, '202606': False, '202609': True, '202612': True, '202703': True}"
A034730,SK,석유와가스,42631589364000,202612,True,858.1,,1683.9,12,4,0,-21378.0,202606,202612,True,"{'202503': -82.1, '202506': -38.1, '202509': -59.0, '202603': 1301.1, '202606': 1194.3, '202609': 1683.9, '202612': 858.1}",{'202512': '흑전'},"{'202403': False, '202406': False, '202409': False, '202412': False, '202503': False, '202506': False, '202509': False, '202512': False, '202603': False, '202606': False, '202609': True, '202612': True}"
A034830,한국토지신탁,부동산,291372571420,202612,True,,흑전,,12,0,0,65.0,202606,202612,True,"{'202506': -67.6, '202606': 9.5}","{'202503': '적전', '202509': '적전', '202512': '적전', '202603': '흑전', '202609': '흑전', '202612': '흑전'}","{'202403': False, '202406': False, '202409': False, '202412': False, '202503': False, '202506': False, '202509': False, '202512': False, '202603': False, '202606': False, '202609': True, '202612': True}"
A035150,백산,"섬유,의류,신발,호화품",205421510810,202612,True,110.0,,58.3,12,1,4,-7.4,202606,202612,True,"{'202503': -6.0, '202506': -21.0, '202509': -29.0, '202512': -63.0, '202603': -33.4, '202606': 14.4, '202609': 58.3, '202612': 110.0}",{},"{'202403': False, '202406': False, '202409': False, '202412': False, '202503': False, '202506': False, '202509': False, '202512': False, '202603': False, '202606': False, '202609': True, '202612': True}"
A035250,강원랜드,"호텔,레스토랑,레저",3074324985000,202612,True,12.2,,-12.5,12,0,2,-103.2,202606,202612,True,"{'202503': -2.0, '202506': -20.9, '202509': -22.1, '202512': -30.2, '202603': -7.2, '202606': -25.1, '202609': -12.5, '202612': 12.2}",{},"{'202403': False, '202406': False, '202409': False, '202412': False, '202503': False, '202506': False, '202509': False, '202512': False, '202603': False, '202606': False, '202609': True, '202612': True}"
A035420,NAVER,양방향미디어와서비스,30570968169000,202712,True,25.1,,27.1,16,0,0,618.5,202606,202612,True,"{'202503': 15.0, '202506': 10.3, '202509': 8.6, '202512': 12.7, '202603': 7.2, '202606': -0.2, '202609': -2.8, '202612': -4.7, '202703': 9.2, '202706': 20.5, '202709': 27.1, '202712': 25.1}",{},"{'202403': False, '202406': False, '202409': False, '202412': False, '202503': False, '202506': False, '202509': False, '202512': False, '202603': False, '202606': False, '202609': True, '202612': True, '202703': True, '202706': True, '202709': True, '202712': True}"
A035600,KG이니시스,IT서비스,274166618300,202612,True,54.7,,-4.3,12,0,1,39.9,202606,202612,True,"{'202503': -18.8, '202506': -7.2, '202512': 127.5, '202603': 4.7, '202606': 15.1, '202609': -4.3, '202612': 54.7}",{'202509': '흑전'},"{'202403': False, '202406': False, '202409': False, '202412': False, '202503': False, '202506': False, '202509': False, '202512': False, '202603': False, '202606': False, '202609': True, '202612': True}"
A035720,카카오,양방향미디어와서비스,15128446687450,202712,True,10.5,,19.6,16,0,0,53.0,202606,202612,True,"{'202503': 5.9, '202506': 52.2, '202509': 28.8, '202512': 110.6, '202603': 66.0, '202606': 35.9, '202609': 58.0, '202612': 21.3, '202703': 29.7, '202706': 13.9, '202709': 19.6, '202712': 10.5}",{},"{'202403': False, '202406': False, '202409': False, '202412': False, '202503': False, '202506': False, '202509': False, '202512': False, '202603': False, '202606': False, '202609': True, '202612': True, '202703': True, '202706': True, '202709': True, '202712': True}"
A035760,CJ ENM,방송과엔터테인먼트,828922021200,202612,True,-22.5,,72.6,12,0,0,332.3,202606,202612,True,"{'202503': -94.3, '202506': -19.0, '202509': 11.0, '202512': 109.8, '202603': 107.2, '202606': 16.9, '202609': 72.6, '202612': -22.5}",{},"{'202403': False, '202406': False, '202409': False, '202412': False, '202503': False, '202506': False, '202509': False, '202512': False, '202603': False, '202606': False, '202609': True, '202612': True}"
A035810,이지홀딩스,식품,295806708225,202612,True,147.3,,1.1,12,1,1,-196.5,202606,202612,True,"{'202503': -24.0, '202506': -2.7, '202509': 86.4, '202512': 53.1, '202603': 96.3, '202606': 3.6, '202609': 1.1, '202612': 147.3}",{},"{'202403': False, '202406': False, '202409': False, '202412': False, '202503': False, '202506': False, '202509': False, '202512': False, '202603': False, '202606': False, '202609': True, '202612': True}"
A035900,JYP Ent.,방송과엔터테인먼트,1332468450000,202712,True,27.2,,35.8,16,0,0,106.6,202606,202612,True,"{'202503': -41.6, '202506': 466.3, '202509': -15.7, '202512': 13.6, '202603': 70.0, '202606': -41.4, '202609': 10.1, '202612': -0.6, '202703': -7.9, '202706': 83.1, '202709': 35.8, '202712': 27.2}",{},"{'202403': False, '202406': False, '202409': False, '202412': False, '202503': False, '202506': False, '202509': False, '202512': False, '202603': False, '202606': False, '202609': True, '202612': True, '202703': True, '202706': True, '202709': True, '202712': True}"
A036010,아비코전자,전기제품,97038418200,202612,True,-0.8,,-4.9,12,0,1,-19.3,202606,202612,True,"{'202603': 108.2, '202606': 41.5, '202609': -4.9, '202612': -0.8}","{'202503': '흑전', '202506': '흑전', '202509': '흑전', '202512': '흑전'}","{'202403': False, '202406': False, '202409': False, '202412': False, '202503': False, '202506': False, '202509': False, '202512': False, '202603': False, '202606': False, '202609': True, '202612': True}"
A036200,유니셈,반도체와반도체장비,284870631670,202612,True,194.9,,421.0,12,3,0,13.5,202606,202612,True,"{'202503': 4.8, '202509': -45.0, '202512': -17.1, '202603': 7.2, '202606': 153.9, '202609': 421.0, '202612': 194.9}",{'202506': '흑전'},"{'202403': False, '202406': False, '202409': False, '202412': False, '202503': False, '202506': False, '202509': False, '202512': False, '202603': False, '202606': False, '202609': True, '202612': True}"
A036420,콘텐트리중앙,방송과엔터테인먼트,29779528168,202612,True,33.9,,15.9,12,0,1,703.7,202606,202612,True,"{'202609': 15.9, '202612': 33.9}","{'202503': '적자', '202506': '흑전', '202509': '흑전', '202512': '흑전', '202603': '적자', '202606': '적전'}","{'202403': False, '202406': False, '202409': False, '202412': False, '202503': False, '202506': False, '202509': False, '202512': False, '202603': False, '202606': False, '202609': True, '202612': True}"
A036460,한국가스공사,가스유틸리티,3304805400000,202712,True,28.0,,-8.9,16,0,2,-1418.3,202606,202612,True,"{'202503': -9.5, '202506': -13.1, '202509': -11.5, '202512': -59.7, '202603': 9.1, '202606': 66.9, '202609': 7.8, '202612': 12.6, '202703': -6.2, '202706': -40.5, '202709': -8.9, '202712': 28.0}",{},"{'202403': False, '202406': False, '202409': False, '202412': False, '202503': False, '202506': False, '202509': False, '202512': False, '202603': False, '202606': False, '202609': True, '202612': True, '202703': True, '202706': True, '202709': True, '202712': True}"
A036540,SFA반도체,반도체와반도체장비,1746568417860,202612,True,,흑전,,12,0,0,164.5,202606,202612,True,{},"{'202503': '적전', '202506': '적전', '202509': '적전', '202512': '적자', '202603': '적자', '202606': '적자', '202609': '적자', '202612': '흑전'}","{'202403': False, '202406': False, '202409': False, '202412': False, '202503': False, '202506': False, '202509': False, '202512': False, '202603': False, '202606': False, '202609': True, '202612': True}"
A036570,NC,게임엔터테인먼트,4804316906000,202712,True,25.1,,96.6,16,0,0,-255.0,202606,202612,True,"{'202503': -79.7, '202506': 70.5, '202603': 2070.1, '202606': 1053.0, '202612': 4469.3, '202703': 19.2, '202706': -14.8, '202709': 96.6, '202712': 25.1}","{'202509': '적자', '202512': '흑전', '202609': '흑전'}","{'202403': False, '202406': False, '202409': False, '202412': False, '202503': False, '202506': False, '202509': False, '202512': False, '202603': False, '202606': False, '202609': True, '202612': True, '202703': True, '202706': True, '202709': True, '202712': True}"
A036620,감성코퍼레이션,"섬유,의류,신발,호화품",328449060320,202612,True,15.4,,36.7,12,0,0,172.6,202606,202612,True,"{'202503': 48.2, '202506': -12.9, '202509': 22.7, '202512': 39.7, '202603': 38.3, '202606': 4.1, '202609': 36.7, '202612': 15.4}",{},"{'202403': False, '202406': False, '202409': False, '202412': False, '202503': False, '202506': False, '202509': False, '202512': False, '202603': False, '202606': False, '202609': True, '202612': True}"
A036800,나이스정보통신,상업서비스와공급품,339430000000,202712,True,7.9,,16.6,16,0,0,-41.3,202606,202612,True,"{'202503': 19.1, '202506': 28.0, '202509': 82.7, '202512': 24.4, '202603': 54.4, '202606': 36.3, '202609': 35.7, '202612': 39.8, '202703': 47.0, '202706': 44.2, '202709': 16.6, '202712': 7.9}",{},"{'202403': False, '202406': False, '202409': False, '202412': False, '202503': False, '202506': False, '202509': False, '202512': False, '202603': False, '202606': False, '202609': True, '202612': True, '202703': True, '202706': True, '202709': True, '202712': True}"
A036810,에프에스티,반도체와반도체장비,653823627800,202612,True,,흑전,,12,0,0,-8.2,202606,202612,True,"{'202506': 163.4, '202603': -48.4, '202606': 456.2}","{'202503': '흑전', '202509': '적전', '202512': '적전', '202609': '흑전', '202612': '흑전'}","{'202403': False, '202406': False, '202409': False, '202412': False, '202503': False, '202506': False, '202509': False, '202512': False, '202603': False, '202606': False, '202609': True, '202612': True}"
A036890,진성티이씨,기계,265052454690,202612,True,9.8,,-7.5,12,0,2,12.6,202606,202612,True,"{'202503': 59.9, '202506': 136.1, '202509': 208.9, '202512': 36.8, '202603': 42.8, '202606': -21.3, '202609': -7.5, '202612': 9.8}",{},"{'202403': False, '202406': False, '202409': False, '202412': False, '202503': False, '202506': False, '202509': False, '202512': False, '202603': False, '202606': False, '202609': True, '202612': True}"
A036930,주성엔지니어링,반도체와반도체장비,9458908123500,202712,True,55.7,,155.4,16,0,0,378.8,202606,202612,True,"{'202503': 382.3, '202506': -81.8, '202509': -93.6, '202606': -78.4, '202609': 534.7, '202706': 2956.4, '202709': 155.4, '202712': 55.7}","{'202512': '적전', '202603': '적전', '202612': '흑전', '202703': '흑전'}","{'202403': False, '202406': False, '202409': False, '202412': False, '202503': False, '202506': False, '202509': False, '202512': False, '202603': False, '202606': False, '202609': True, '202612': True, '202703': True, '202706': True, '202709': True, '202712': True}"
A037030,파워넷,전기제품,94398070400,202612,True,179.6,,39.1,12,1,2,40.0,202606,202612,True,"{'202503': 70.0, '202506': 168.2, '202509': 41.9, '202512': 61.2, '202603': -17.6, '202606': -28.3, '202609': 39.1, '202612': 179.6}",{},"{'202403': False, '202406': False, '202409': False, '202412': False, '202503': False, '202506': False, '202509': False, '202512': False, '202603': False, '202606': False, '202609': True, '202612': True}"
A037440,희림,건설,58474395000,202712,True,31.0,,-4.0,16,0,1,19.5,202606,202612,True,"{'202503': 35.1, '202506': -23.9, '202509': -98.3, '202512': -29.2, '202603': -52.0, '202606': -18.3, '202609': 3306.2, '202612': 7.5, '202703': 150.6, '202706': 11.2, '202709': -4.0, '202712': 31.0}",{},"{'202403': False, '202406': False, '202409': False, '202412': False, '202503': False, '202506': False, '202509': False, '202512': False, '202603': False, '202606': False, '202609': True, '202612': True, '202703': True, '202706': True, '202709': True, '202712': True}"
A037560,LG헬로비전,방송과엔터테인먼트,121359237455,202612,True,,흑전,67.1,12,0,0,140.3,202606,202612,True,"{'202503': 73.1, '202506': 41.7, '202509': 172.8, '202603': -28.4, '202606': -71.7, '202609': 67.1}","{'202512': '적자', '202612': '흑전'}","{'202403': False, '202406': False, '202409': False, '202412': False, '202503': False, '202506': False, '202509': False, '202512': False, '202603': False, '202606': False, '202609': True, '202612': True}"
A038290,마크로젠,생명과학도구및서비스,128253762000,202612,True,4.4,,169.3,12,0,0,31.0,202606,202612,True,"{'202609': 169.3, '202612': 4.4}","{'202503': '적자', '202506': '적자', '202509': '흑전', '202512': '흑전', '202603': '적자', '202606': '흑전'}","{'202403': False, '202406': False, '202409': False, '202412': False, '202503': False, '202506': False, '202509': False, '202512': False, '202603': False, '202606': False, '202609': True, '202612': True}"
A039030,이오테크닉스,반도체와반도체장비,5833306925000,202612,True,110.5,,34.0,12,1,1,-86.9,202606,202612,True,"{'202503': 150.6, '202506': 276.1, '202509': 149.2, '202512': 77.8, '202603': 105.8, '202606': 51.4, '202609': 34.0, '202612': 110.5}",{},"{'202403': False, '202406': False, '202409': False, '202412': False, '202503': False, '202506': False, '202509': False, '202512': False, '202603': False, '202606': False, '202609': True, '202612': True}"
A039130,하나투어,"호텔,레스토랑,레저",471668429400,202612,True,-35.8,,2.6,12,0,0,121.6,202606,202612,True,"{'202503': -43.2, '202506': 163.3, '202509': -31.1, '202512': 101.6, '202603': 36.5, '202606': -43.6, '202609': 2.6, '202612': -35.8}",{},"{'202403': False, '202406': False, '202409': False, '202412': False, '202503': False, '202506': False, '202509': False, '202512': False, '202603': False, '202606': False, '202609': True, '202612': True}"
A039440,에스티아이,반도체와반도체장비,322546577600,202612,True,478.6,,1248.4,12,2,0,365.0,202606,202612,True,"{'202503': 163.9, '202506': 17.5, '202509': -3.6, '202512': -62.9, '202603': -93.0, '202606': -46.2, '202609': 1248.4, '202612': 478.6}",{},"{'202403': False, '202406': False, '202409': False, '202412': False, '202503': False, '202506': False, '202509': False, '202512': False, '202603': False, '202606': False, '202609': True, '202612': True}"
A039490,키움증권,증권,6871818792000,202712,True,37.7,,5.2,16,0,2,-4186.9,202606,202612,True,"{'202503': -3.6, '202506': 30.7, '202509': 52.6, '202512': 91.7, '202603': 90.9, '202606': 93.2, '202609': 24.9, '202612': 7.1, '202703': -11.6, '202706': -29.0, '202709': 5.2, '202712': 37.7}",{},"{'202403': False, '202406': False, '202409': False, '202412': False, '202503': False, '202506': False, '202509': False, '202512': False, '202603': False, '202606': False, '202609': True, '202612': True, '202703': True, '202706': True, '202709': True, '202712': True}"
A039570,HDC랩스,건설,194422431490,202612,True,395.3,,351.1,12,2,2,31.9,202606,202612,True,"{'202503': 2379.5, '202506': 81.5, '202509': 567.8, '202512': -54.2, '202603': 142.2, '202606': 55.1, '202609': 351.1, '202612': 395.3}",{},"{'202403': False, '202406': False, '202409': False, '202412': False, '202503': False, '202506': False, '202509': False, '202512': False, '202603': False, '202606': False, '202609': True, '202612': True}"
A039830,오로라,레저용장비와제품,169838404200,202612,True,75.4,,-5.7,12,0,1,41.8,202606,202612,True,"{'202503': 40.2, '202506': 86.7, '202509': 25.8, '202512': 53.0, '202603': 45.9, '202606': 38.8, '202609': -5.7, '202612': 75.4}",{},"{'202403': False, '202406': False, '202409': False, '202412': False, '202503': False, '202506': False, '202509': False, '202512': False, '202603': False, '202606': False, '202609': True, '202612': True}"
A039840,디오,건강관리장비와용품,129865215040,202712,True,58.2,,77.1,16,0,0,10.9,202606,202612,True,"{'202503': -73.1, '202509': 886.6, '202512': 305.7, '202603': 172.5, '202606': 45.9, '202609': 15.5, '202612': 289.8, '202703': 88.6, '202706': 124.6, '202709': 77.1, '202712': 58.2}",{'202506': '흑전'},"{'202403': False, '202406': False, '202409': False, '202412': False, '202503': False, '202506': False, '202509': False, '202512': False, '202603': False, '202606': False, '202609': True, '202612': True, '202703': True, '202706': True, '202709': True, '202712': True}"
A040420,정상제이엘에스,교육서비스,91243352640,202612,True,0.7,,5.3,12,0,0,-7.3,202606,202612,True,"{'202503': -20.4, '202506': -15.6, '202509': -1.3, '202512': 85.8, '202603': 1.7, '202606': 12.6, '202609': 5.3, '202612': 0.7}",{},"{'202403': False, '202406': False, '202409': False, '202412': False, '202503': False, '202506': False, '202509': False, '202512': False, '202603': False, '202606': False, '202609': True, '202612': True}"
A041510,에스엠,방송과엔터테인먼트,1868206704000,202712,True,5.6,,40.9,16,0,0,30.4,202606,202612,True,"{'202503': 109.6, '202506': 92.4, '202509': 261.6, '202512': 62.2, '202603': 18.5, '202606': 11.0, '202609': -17.6, '202612': 2.3, '202703': 2.3, '202706': 4.1, '202709': 40.9, '202712': 5.6}",{},"{'202403': False, '202406': False, '202409': False, '202412': False, '202503': False, '202506': False, '202509': False, '202512': False, '202603': False, '202606': False, '202609': True, '202612': True, '202703': True, '202706': True, '202709': True, '202712': True}"
A041830,인바디,건강관리장비와용품,730663804400,202612,True,35.1,,49.5,12,0,0,-48.8,202606,202612,True,"{'202503': -30.0, '202506': 10.4, '202509': 0.1, '202512': 26.9, '202603': 86.0, '202606': 70.7, '202609': 49.5, '202612': 35.1}",{},"{'202403': False, '202406': False, '202409': False, '202412': False, '202503': False, '202506': False, '202509': False, '202512': False, '202603': False, '202606': False, '202609': True, '202612': True}"
A041920,메디아나,건강관리장비와용품,159572753340,202612,True,278.9,,172.2,12,3,3,41.5,202606,202612,True,"{'202503': 15.0, '202506': 33.3, '202603': 28.1, '202606': 138.0, '202609': 172.2, '202612': 278.9}","{'202509': '흑전', '202512': '흑전'}","{'202403': False, '202406': False, '202409': False, '202412': False, '202503': False, '202506': False, '202509': False, '202512': False, '202603': False, '202606': False, '202609': True, '202612': True}"
A042000,카페24,IT서비스,362672535000,202612,True,2.4,,3.5,12,0,0,50.7,202606,202612,True,"{'202503': 82.1, '202506': 43.6, '202509': 28.0, '202512': -0.1, '202603': 4.7, '202606': -26.7, '202609': 3.5, '202612': 2.4}",{},"{'202403': False, '202406': False, '202409': False, '202412': False, '202503': False, '202506': False, '202509': False, '202512': False, '202603': False, '202606': False, '202609': True, '202612': True}"
A042510,라온시큐어,소프트웨어,118943417880,202612,True,6.0,,-62.4,12,0,1,60.7,202606,202612,True,"{'202512': -20.6, '202609': -62.4, '202612': 6.0}","{'202503': '적자', '202506': '적자', '202509': '흑전', '202603': '적자', '202606': '적자'}","{'202403': False, '202406': False, '202409': False, '202412': False, '202503': False, '202506': False, '202509': False, '202512': False, '202603': False, '202606': False, '202609': True, '202612': True}"
A042520,한스바이오메드,건강관리장비와용품,247006876440,202709,True,132.7,,122.2,15,2,2,32.0,202606,202612,True,"{'202503': 833.5, '202506': -93.8, '202603': 151.1, '202606': 9938.0, '202612': 253.8, '202703': 91.5, '202706': 122.2, '202709': 132.7}","{'202509': '적자', '202512': '흑전', '202609': '흑전'}","{'202403': False, '202406': False, '202409': False, '202412': False, '202503': False, '202506': False, '202509': False, '202512': False, '202603': False, '202606': False, '202609': True, '202612': True, '202703': True, '202706': True, '202709': True}"
A042660,한화오션,조선,25003332950400,202712,True,1.9,,-1.5,16,0,2,-2182.3,202606,202612,True,"{'202503': 388.5, '202509': 1032.7, '202512': 46.4, '202603': 70.6, '202606': 98.0, '202609': 97.2, '202612': 109.2, '202703': 31.1, '202706': -20.9, '202709': -1.5, '202712': 1.9}",{'202506': '흑전'},"{'202403': False, '202406': False, '202409': False, '202412': False, '202503': False, '202506': False, '202509': False, '202512': False, '202603': False, '202606': False, '202609': True, '202612': True, '202703': True, '202706': True, '202709': True, '202712': True}"
A042700,한미반도체,반도체와반도체장비,22874928000000,202612,True,347.4,,90.4,12,1,3,-67.5,202606,202612,True,"{'202503': 142.6, '202506': 55.7, '202509': -31.7, '202512': -61.6, '202603': -87.9, '202606': 51.0, '202609': 90.4, '202612': 347.4}",{},"{'202403': False, '202406': False, '202409': False, '202412': False, '202503': False, '202506': False, '202509': False, '202512': False, '202603': False, '202606': False, '202609': True, '202612': True}"
A043150,바텍,건강관리장비와용품,261434905600,202612,True,4.1,,6.4,12,0,0,-116.7,202606,202612,True,"{'202503': -8.2, '202506': 0.2, '202509': -0.4, '202512': 19.5, '202603': -16.7, '202606': 45.0, '202609': 6.4, '202612': 4.1}",{},"{'202403': False, '202406': False, '202409': False, '202412': False, '202503': False, '202506': False, '202509': False, '202512': False, '202603': False, '202606': False, '202609': True, '202612': True}"
A043260,성호전자,전기제품,2033427303600,202612,True,462.4,,2493.9,12,4,0,161.1,202606,202612,True,"{'202503': -81.9, '202506': -90.8, '202603': 100.3, '202606': 421.0, '202609': 2493.9, '202612': 462.4}","{'202509': '흑전', '202512': '흑전'}","{'202403': False, '202406': False, '202409': False, '202412': False, '202503': False, '202506': False, '202509': False, '202512': False, '202603': False, '202606': False, '202609': True, '202612': True}"
A043370,피에이치에이,자동차부품,236250000000,202612,True,12.6,,8.1,12,0,3,-11.8,202606,202612,True,"{'202503': 3.7, '202506': -7.0, '202509': -15.6, '202512': -9.3, '202603': -21.9, '202606': -11.4, '202609': 8.1, '202612': 12.6}",{},"{'202403': False, '202406': False, '202409': False, '202412': False, '202503': False, '202506': False, '202509': False, '202512': False, '202603': False, '202606': False, '202609': True, '202612': True}"
A044490,태웅,에너지장비및서비스,796293763800,202612,True,,흑전,1256.8,12,0,0,70.5,202606,202612,True,"{'202503': -85.4, '202506': -26.6, '202509': -82.1, '202603': 196.2, '202606': -32.7, '202609': 1256.8}","{'202512': '적전', '202612': '흑전'}","{'202403': False, '202406': False, '202409': False, '202412': False, '202503': False, '202506': False, '202509': False, '202512': False, '202603': False, '202606': False, '202609': True, '202612': True}"
A046890,서울반도체,디스플레이장비및부품,608708376000,202612,True,472.9,,,12,1,0,11.1,202606,202612,True,{'202612': 472.9},"{'202503': '적자', '202506': '적전', '202509': '적전', '202512': '흑전', '202603': '흑전', '202606': '흑전', '202609': '흑전'}","{'202403': False, '202406': False, '202409': False, '202412': False, '202503': False, '202506': False, '202509': False, '202512': False, '202603': False, '202606': False, '202609': True, '202612': True}"
A047040,대우건설,건설,7725063594400,202712,True,-21.8,,1.8,16,0,0,-531.6,202606,202612,True,"{'202503': 31.8, '202506': -21.5, '202509': -9.2, '202603': 68.9, '202606': 182.6, '202609': 191.8, '202703': -40.7, '202706': -4.0, '202709': 1.8, '202712': -21.8}","{'202512': '적전', '202612': '흑전'}","{'202403': False, '202406': False, '202409': False, '202412': False, '202503': False, '202506': False, '202509': False, '202512': False, '202603': False, '202606': False, '202609': True, '202612': True, '202703': True, '202706': True, '202709': True, '202712': True}"
A047050,포스코인터내셔널,무역회사와판매업체,9974822079600,202706,True,-0.1,,5.9,14,0,0,-1115.8,202606,202612,True,"{'202503': 3.7, '202506': -3.3, '202509': -19.8, '202512': 43.2, '202603': 29.9, '202606': 26.9, '202609': 31.3, '202612': 19.5, '202703': 5.9, '202706': -0.1}",{},"{'202403': False, '202406': False, '202409': False, '202412': False, '202503': False, '202506': False, '202509': False, '202512': False, '202603': False, '202606': False, '202609': True, '202612': True, '202703': True, '202706': True}"
A047810,한국항공우주,우주항공과국방,12701006442100,202712,True,26.0,,92.7,16,0,0,941.5,202606,202612,True,"{'202503': -2.5, '202506': 14.7, '202509': -21.1, '202512': 82.7, '202603': 43.4, '202606': -43.2, '202609': 39.0, '202612': 85.3, '202703': 68.7, '202706': 183.5, '202709': 92.7, '202712': 26.0}",{},"{'202403': False, '202406': False, '202409': False, '202412': False, '202503': False, '202506': False, '202509': False, '202512': False, '202603': False, '202606': False, '202609': True, '202612': True, '202703': True, '202706': True, '202709': True, '202712': True}"
A048910,대원미디어,방송과엔터테인먼트,83775780360,202612,True,37.4,,22.0,12,0,1,-2.9,202606,202612,True,"{'202503': -29.9, '202506': -78.9, '202512': 711.0, '202603': 62.5, '202606': 3658.1, '202609': 22.0, '202612': 37.4}",{'202509': '흑전'},"{'202403': False, '202406': False, '202409': False, '202412': False, '202503': False, '202506': False, '202509': False, '202512': False, '202603': False, '202606': False, '202609': True, '202612': True}"
A049070,인탑스,핸드셋,285407899000,202612,True,,흑전,,12,0,0,10.3,202606,202612,True,"{'202503': -95.8, '202603': 2395.5}","{'202506': '적전', '202509': '적전', '202512': '적자', '202606': '흑전', '202609': '흑전', '202612': '흑전'}","{'202403': False, '202406': False, '202409': False, '202412': False, '202503': False, '202506': False, '202509': False, '202512': False, '202603': False, '202606': False, '202609': True, '202612': True}"
A049720,고려신용정보,상업서비스와공급품,130559000000,202612,True,0.0,,5.9,12,0,0,8.5,202606,202612,True,"{'202503': 5.3, '202506': 6.7, '202509': 20.5, '202512': 5.2, '202603': 10.8, '202606': -8.0, '202609': 5.9, '202612': 0.0}",{},"{'202403': False, '202406': False, '202409': False, '202412': False, '202503': False, '202506': False, '202509': False, '202512': False, '202603': False, '202606': False, '202609': True, '202612': True}"
A050890,쏠리드,통신장비,577187073000,202712,True,-26.0,,32.0,16,0,0,214.6,202606,202612,True,"{'202503': -96.6, '202506': -46.1, '202509': -64.1, '202512': 116.9, '202606': -14.6, '202609': 247.6, '202612': -4.2, '202706': 129.1, '202709': 32.0, '202712': -26.0}","{'202603': '적전', '202703': '흑전'}","{'202403': False, '202406': False, '202409': False, '202412': False, '202503': False, '202506': False, '202509': False, '202512': False, '202603': False, '202606': False, '202609': True, '202612': True, '202703': True, '202706': True, '202709': True, '202712': True}"
A051370,인터플렉스,전자장비와기기,166324875360,202612,True,-27.8,,,12,0,0,141.7,202606,202612,True,"{'202503': -3.3, '202506': -81.5, '202509': -22.0, '202512': 47.1, '202603': -38.4, '202612': -27.8}","{'202606': '적전', '202609': '적전'}","{'202403': False, '202406': False, '202409': False, '202412': False, '202503': False, '202506': False, '202509': False, '202512': False, '202603': False, '202606': False, '202609': True, '202612': True}"
A051500,CJ프레시웨이,식품과기본식료품소매,260581312700,202703,True,31.4,,0.5,13,0,3,65.7,202606,202612,True,"{'202503': 0.8, '202506': -8.9, '202509': 19.3, '202512': 19.0, '202603': 3.8, '202606': -14.2, '202609': -0.7, '202612': 0.5, '202703': 31.4}",{},"{'202403': False, '202406': False, '202409': False, '202412': False, '202503': False, '202506': False, '202509': False, '202512': False, '202603': False, '202606': False, '202609': True, '202612': True, '202703': True}"
A051600,한전KPS,전기유틸리티,2108250000000,202712,True,15.1,,-6.1,16,0,1,32.5,202606,202612,True,"{'202503': -85.1, '202506': -11.8, '202509': 13.0, '202512': -52.9, '202603': 374.6, '202606': -33.6, '202609': -0.5, '202612': 143.3, '202703': -0.6, '202706': 37.4, '202709': -6.1, '202712': 15.1}",{},"{'202403': False, '202406': False, '202409': False, '202412': False, '202503': False, '202506': False, '202509': False, '202512': False, '202603': False, '202606': False, '202609': True, '202612': True, '202703': True, '202706': True, '202709': True, '202712': True}"
A051900,LG생활건강,화장품,4440242569500,202712,True,91.0,,39.7,16,0,2,-431.0,202606,202612,True,"{'202503': -5.7, '202506': -65.4, '202509': -56.5, '202603': -24.3, '202606': 87.5, '202609': 140.2, '202703': 28.9, '202706': 14.8, '202709': 39.7, '202712': 91.0}","{'202512': '적전', '202612': '흑전'}","{'202403': False, '202406': False, '202409': False, '202412': False, '202503': False, '202506': False, '202509': False, '202512': False, '202603': False, '202606': False, '202609': True, '202612': True, '202703': True, '202706': True, '202709': True, '202712': True}"
A051910,LG화학,화학,17930455122000,202712,True,102.1,,583.7,16,2,0,611.9,202606,202612,True,"{'202503': 478.3, '202606': 25.8, '202706': 85.5, '202709': 583.7, '202712': 102.1}","{'202506': '흑전', '202509': '적전', '202512': '적자', '202603': '적전', '202609': '흑전', '202612': '흑전', '202703': '흑전'}","{'202403': False, '202406': False, '202409': False, '202412': False, '202503': False, '202506': False, '202509': False, '202512': False, '202603': False, '202606': False, '202609': True, '202612': True, '202703': True, '202706': True, '202709': True, '202712': True}"
A052400,코나아이,IT서비스,549036070700,202612,True,20.4,,23.9,12,0,0,133.0,202606,202612,True,"{'202503': 243.2, '202506': 27.1, '202509': 198.4, '202512': 375.4, '202603': 95.4, '202606': 24.3, '202609': 23.9, '202612': 20.4}",{},"{'202403': False, '202406': False, '202409': False, '202412': False, '202503': False, '202506': False, '202509': False, '202512': False, '202603': False, '202606': False, '202609': True, '202612': True}"
A052690,한전기술,전기유틸리티,5278182000000,202712,True,30.8,,69.2,16,0,0,279.7,202606,202612,True,"{'202503': -47.7, '202509': -16.1, '202512': -38.5, '202603': 194.8, '202609': 219.2, '202612': 17.1, '202703': 38.7, '202706': 605.1, '202709': 69.2, '202712': 30.8}","{'202506': '적전', '202606': '흑전'}","{'202403': False, '202406': False, '202409': False, '202412': False, '202503': False, '202506': False, '202509': False, '202512': False, '202603': False, '202606': False, '202609': True, '202612': True, '202703': True, '202706': True, '202709': True, '202712': True}"
A052710,아모텍,핸드셋,361473480000,202612,True,,흑전,463.9,12,0,0,54.8,202606,202612,True,"{'202503': 1426.4, '202603': -85.4, '202609': 463.9}","{'202506': '흑전', '202509': '흑전', '202512': '적자', '202606': '적전', '202612': '흑전'}","{'202403': False, '202406': False, '202409': False, '202412': False, '202503': False, '202506': False, '202509': False, '202512': False, '202603': False, '202606': False, '202609': True, '202612': True}"
A053030,바이넥스,제약,196105128000,202612,True,,적자,1222.9,12,0,0,86.5,202606,202612,True,{'202609': 1222.9},"{'202503': '흑전', '202506': '흑전', '202509': '흑전', '202512': '적자', '202603': '적전', '202606': '적전', '202612': '적자'}","{'202403': False, '202406': False, '202409': False, '202412': False, '202503': False, '202506': False, '202509': False, '202512': False, '202603': False, '202606': False, '202609': True, '202612': True}"
A053210,스카이라이프,방송과엔터테인먼트,190091820000,202612,True,,흑전,-30.9,12,0,0,-49.5,202606,202612,True,"{'202503': 78.0, '202509': 793.3, '202603': 16.2, '202606': -14.3, '202609': -30.9}","{'202506': '흑전', '202512': '적자', '202612': '흑전'}","{'202403': False, '202406': False, '202409': False, '202412': False, '202503': False, '202506': False, '202509': False, '202512': False, '202603': False, '202606': False, '202609': True, '202612': True}"
A053450,세코닉스,전자장비와기기,44304444985,202612,True,,흑전,578.8,12,0,0,340.0,202606,202612,True,"{'202503': -42.2, '202506': 6.2, '202509': -87.4, '202603': -56.5, '202609': 578.8}","{'202512': '적전', '202606': '적전', '202612': '흑전'}","{'202403': False, '202406': False, '202409': False, '202412': False, '202503': False, '202506': False, '202509': False, '202512': False, '202603': False, '202606': False, '202609': True, '202612': True}"
A053580,웹케시,소프트웨어,89385608400,202612,True,22.3,,-5.9,12,0,1,3.6,202606,202612,True,"{'202503': 1.4, '202506': -9.3, '202509': 1.2, '202512': -10.7, '202603': -21.2, '202606': 2.0, '202609': -5.9, '202612': 22.3}",{},"{'202403': False, '202406': False, '202409': False, '202412': False, '202503': False, '202506': False, '202509': False, '202512': False, '202603': False, '202606': False, '202609': True, '202612': True}"
A053610,프로텍,반도체와반도체장비,658800000000,202612,True,5.0,,10.0,12,0,0,-42.0,202606,202612,True,"{'202506': -16.2, '202509': 286.4, '202512': 635.9, '202603': 428.3, '202606': 135.0, '202609': 10.0, '202612': 5.0}",{'202503': '흑전'},"{'202403': False, '202406': False, '202409': False, '202412': False, '202503': False, '202506': False, '202509': False, '202512': False, '202603': False, '202606': False, '202609': True, '202612': True}"
A053690,한미글로벌,건설,244353365000,202612,True,72.2,,21.5,12,0,3,51.5,202606,202612,True,"{'202503': 16.5, '202506': -9.1, '202509': -13.8, '202512': -30.2, '202603': -69.6, '202606': -15.5, '202609': 21.5, '202612': 72.2}",{},"{'202403': False, '202406': False, '202409': False, '202412': False, '202503': False, '202506': False, '202509': False, '202512': False, '202603': False, '202606': False, '202609': True, '202612': True}"
A054210,이랜텍,핸드셋,172486052200,202612,True,-32.0,,-1.2,12,0,0,70.9,202606,202612,True,"{'202509': 118.7, '202512': 76.7, '202606': -5.0, '202609': -1.2, '202612': -32.0}","{'202503': '적자', '202506': '흑전', '202603': '흑전'}","{'202403': False, '202406': False, '202409': False, '202412': False, '202503': False, '202506': False, '202509': False, '202512': False, '202603': False, '202606': False, '202609': True, '202612': True}"
A054450,텔레칩스,반도체와반도체장비,152653868640,202612,True,37.9,,,12,0,0,5.2,202606,202612,True,"{'202512': 95.7, '202612': 37.9}","{'202503': '적전', '202506': '적전', '202509': '적전', '202603': '흑전', '202606': '흑전', '202609': '흑전'}","{'202403': False, '202406': False, '202409': False, '202412': False, '202503': False, '202506': False, '202509': False, '202512': False, '202603': False, '202606': False, '202609': True, '202612': True}"
A054950,제이브이엠,건강관리장비와용품,278067516000,202612,True,37.9,,17.8,12,0,1,-53.7,202606,202612,True,"{'202503': 21.1, '202506': 58.7, '202509': 3.2, '202512': -35.2, '202603': 4.8, '202606': 24.0, '202609': 17.8, '202612': 37.9}",{},"{'202403': False, '202406': False, '202409': False, '202412': False, '202503': False, '202506': False, '202509': False, '202512': False, '202603': False, '202606': False, '202609': True, '202612': True}"
A055550,신한지주,은행,53141767054800,202712,True,24.9,,4.7,16,0,2,-12900.0,202606,202612,True,"{'202503': -6.0, '202506': 8.7, '202509': 4.5, '202512': 66.2, '202603': 10.8, '202606': 22.9, '202609': 13.8, '202612': 6.8, '202703': 3.0, '202706': -12.0, '202709': 4.7, '202712': 24.9}",{},"{'202403': False, '202406': False, '202409': False, '202412': False, '202503': False, '202506': False, '202509': False, '202512': False, '202603': False, '202606': False, '202609': True, '202612': True, '202703': True, '202706': True, '202709': True, '202712': True}"
A056090,시지메드텍,건강관리장비와용품,122878252840,202612,True,145.5,,21.2,12,1,2,4.7,202606,202612,True,"{'202509': 223.2, '202603': -59.8, '202606': -82.5, '202609': 21.2, '202612': 145.5}","{'202503': '흑전', '202506': '흑전', '202512': '흑전'}","{'202403': False, '202406': False, '202409': False, '202412': False, '202503': False, '202506': False, '202509': False, '202512': False, '202603': False, '202606': False, '202609': True, '202612': True}"
A056190,SFA,기계,1003649842000,202712,True,9.4,,53.2,16,0,0,93.6,202606,202612,True,"{'202503': -46.9, '202506': -61.2, '202603': -46.8, '202606': 37.3, '202609': 27.7, '202612': 326.7, '202703': 141.1, '202706': 52.8, '202709': 53.2, '202712': 9.4}","{'202509': '흑전', '202512': '흑전'}","{'202403': False, '202406': False, '202409': False, '202412': False, '202503': False, '202506': False, '202509': False, '202512': False, '202603': False, '202606': False, '202609': True, '202612': True, '202703': True, '202706': True, '202709': True, '202712': True}"
A058430,포스코스틸리온,비철금속,277200000000,202612,True,372.3,,81.4,12,1,4,4.1,202606,202612,True,"{'202503': -4.7, '202506': -64.4, '202509': -51.7, '202512': -84.6, '202603': -47.0, '202606': 74.0, '202609': 81.4, '202612': 372.3}",{},"{'202403': False, '202406': False, '202409': False, '202412': False, '202503': False, '202506': False, '202509': False, '202512': False, '202603': False, '202606': False, '202609': True, '202612': True}"
A058470,리노공업,반도체와반도체장비,5715888750000,202712,True,33.4,,19.6,16,0,2,-253.9,202606,202612,True,"{'202503': 49.9, '202506': 60.9, '202509': 57.4, '202512': 9.0, '202603': 35.4, '202606': 37.6, '202609': 16.3, '202612': 19.3, '202703': 32.1, '202706': 4.9, '202709': 19.6, '202712': 33.4}",{},"{'202403': False, '202406': False, '202409': False, '202412': False, '202503': False, '202506': False, '202509': False, '202512': False, '202603': False, '202606': False, '202609': True, '202612': True, '202703': True, '202706': True, '202709': True, '202712': True}"
A058610,에스피지,전기제품,2191123168000,202712,True,30.6,,4.8,16,0,1,9.0,202606,202612,True,"{'202503': 33.1, '202506': 13.2, '202509': 49.0, '202512': 100.9, '202603': 9.7, '202606': 2.0, '202609': 6.4, '202612': -1.9, '202703': 29.3, '202706': 57.6, '202709': 4.8, '202712': 30.6}",{},"{'202403': False, '202406': False, '202409': False, '202412': False, '202503': False, '202506': False, '202509': False, '202512': False, '202603': False, '202606': False, '202609': True, '202612': True, '202703': True, '202706': True, '202709': True, '202712': True}"
A058650,세아홀딩스,철강,528397250800,202612,True,102.9,,60.6,12,1,1,-148.0,202606,202612,True,"{'202503': 8.2, '202506': -46.4, '202509': 96.0, '202603': 48.4, '202606': 119.9, '202609': 60.6, '202612': 102.9}",{'202512': '흑전'},"{'202403': False, '202406': False, '202409': False, '202412': False, '202503': False, '202506': False, '202509': False, '202512': False, '202603': False, '202606': False, '202609': True, '202612': True}"
A059210,메타바이오메드,건강관리장비와용품,100806060950,202612,True,90.6,,12.2,12,0,2,-6.7,202606,202612,True,"{'202503': 16.4, '202506': 110.0, '202509': 32.0, '202512': -39.3, '202603': -13.6, '202606': -19.6, '202609': 12.2, '202612': 90.6}",{},"{'202403': False, '202406': False, '202409': False, '202412': False, '202503': False, '202506': False, '202509': False, '202512': False, '202603': False, '202606': False, '202609': True, '202612': True}"
A060250,NHN KCP,IT서비스,526505610210,202703,True,-4.2,,5.7,13,0,0,10.9,202606,202612,True,"{'202503': -2.3, '202506': 6.2, '202509': 79.4, '202512': 28.5, '202603': 26.4, '202606': 24.8, '202609': -10.8, '202612': 5.7, '202703': -4.2}",{},"{'202403': False, '202406': False, '202409': False, '202412': False, '202503': False, '202506': False, '202509': False, '202512': False, '202603': False, '202606': False, '202609': True, '202612': True, '202703': True}"
A060280,큐렉소,건강관리장비와용품,327190134700,202612,True,8.4,,-41.4,12,0,1,-9.4,202606,202612,True,"{'202609': -41.4, '202612': 8.4}","{'202503': '흑전', '202506': '적자', '202509': '흑전', '202512': '흑전', '202603': '적전', '202606': '흑전'}","{'202403': False, '202406': False, '202409': False, '202412': False, '202503': False, '202506': False, '202509': False, '202512': False, '202603': False, '202606': False, '202609': True, '202612': True}"
A060370,LS마린솔루션,건설,1731718010100,202712,True,816.9,,675.4,16,2,3,-37.5,202606,202612,True,"{'202506': -42.6, '202509': -71.6, '202603': 39.6, '202606': 79.2, '202609': 91.6, '202703': -28.8, '202706': 79.7, '202709': 675.4, '202712': 816.9}","{'202503': '흑전', '202512': '적자', '202612': '흑전'}","{'202403': False, '202406': False, '202409': False, '202412': False, '202503': False, '202506': False, '202509': False, '202512': False, '202603': False, '202606': False, '202609': True, '202612': True, '202703': True, '202706': True, '202709': True, '202712': True}"
A060720,KH바텍,핸드셋,260688636420,202612,True,27.6,,-27.7,12,0,2,-19.7,202606,202612,True,"{'202503': 16.5, '202506': 36.0, '202509': 103.7, '202512': -27.2, '202603': -54.7, '202606': -57.1, '202609': -27.7, '202612': 27.6}",{},"{'202403': False, '202406': False, '202409': False, '202412': False, '202503': False, '202506': False, '202509': False, '202512': False, '202603': False, '202606': False, '202609': True, '202612': True}"
A060980,HL홀딩스,자동차부품,348849715650,202612,True,-54.9,,-7.3,12,0,0,-213.1,202606,202612,True,"{'202503': -74.1, '202506': -3.9, '202512': 48.5, '202603': 100.0, '202606': 127.7, '202609': -7.3, '202612': -54.9}",{'202509': '흑전'},"{'202403': False, '202406': False, '202409': False, '202412': False, '202503': False, '202506': False, '202509': False, '202512': False, '202603': False, '202606': False, '202609': True, '202612': True}"
A061090,세나테크놀로지,통신장비,203939615000,202612,True,,흑전,142.2,10,0,0,-149.5,202606,202612,True,"{'202509': 11.9, '202603': -47.7, '202606': 127.7, '202609': 142.2}","{'202512': '적전', '202612': '흑전'}","{'202409': False, '202412': False, '202503': False, '202506': False, '202509': False, '202512': False, '202603': False, '202606': False, '202609': True, '202612': True}"
A062040,산일전기,전기장비,6281784250000,202712,True,31.7,,35.4,16,0,0,75.8,202606,202612,True,"{'202503': 61.4, '202506': 88.5, '202509': 53.1, '202512': 55.4, '202603': 47.9, '202606': 34.3, '202609': 58.9, '202612': 32.9, '202703': 36.3, '202706': 34.2, '202709': 35.4, '202712': 31.7}",{},"{'202403': False, '202406': False, '202409': False, '202412': False, '202503': False, '202506': False, '202509': False, '202512': False, '202603': False, '202606': False, '202609': True, '202612': True, '202703': True, '202706': True, '202709': True, '202712': True}"
A063570,NICE인프라,상업서비스와공급품,110297161440,202612,True,22.8,,22.9,12,0,0,-4.5,202606,202612,True,"{'202503': -2.5, '202506': 57.7, '202509': 36.3, '202512': 467.5, '202603': 63.9, '202606': -2.3, '202609': 22.9, '202612': 22.8}",{},"{'202403': False, '202406': False, '202409': False, '202412': False, '202503': False, '202506': False, '202509': False, '202512': False, '202603': False, '202606': False, '202609': True, '202612': True}"
A064290,인텍플러스,반도체와반도체장비,720441336800,202712,True,-38.2,,3557.1,16,0,0,178.9,202606,202612,True,"{'202612': 212.9, '202709': 3557.1, '202712': -38.2}","{'202503': '적자', '202506': '흑전', '202509': '적자', '202512': '흑전', '202603': '적자', '202606': '적전', '202609': '흑전', '202703': '흑전', '202706': '흑전'}","{'202403': False, '202406': False, '202409': False, '202412': False, '202503': False, '202506': False, '202509': False, '202512': False, '202603': False, '202606': False, '202609': True, '202612': True, '202703': True, '202706': True, '202709': True, '202712': True}"
A064350,현대로템,우주항공과국방,12780562510300,202712,True,34.4,,32.5,16,0,1,839.9,202606,202612,True,"{'202503': 354.0, '202506': 128.4, '202509': 102.1, '202512': 65.4, '202603': 10.5, '202606': -9.8, '202609': 4.2, '202612': 18.3, '202703': 44.5, '202706': 44.8, '202709': 32.5, '202712': 34.4}",{},"{'202403': False, '202406': False, '202409': False, '202412': False, '202503': False, '202506': False, '202509': False, '202512': False, '202603': False, '202606': False, '202609': True, '202612': True, '202703': True, '202706': True, '202709': True, '202712': True}"
A064400,LG씨엔에스,IT서비스,6937033876800,202712,True,7.7,,-3.4,16,0,1,968.0,202606,202612,True,"{'202503': 144.3, '202506': 2.3, '202509': -15.8, '202512': 5.9, '202603': 19.4, '202606': -9.2, '202609': 12.8, '202612': 6.0, '202703': -2.3, '202706': 13.4, '202709': -3.4, '202712': 7.7}",{},"{'202403': False, '202406': False, '202409': False, '202412': False, '202503': False, '202506': False, '202509': False, '202512': False, '202603': False, '202606': False, '202609': True, '202612': True, '202703': True, '202706': True, '202709': True, '202712': True}"
A064760,티씨케이,반도체와반도체장비,3046390860000,202712,True,20.0,,29.9,16,0,0,88.3,202606,202612,True,"{'202503': 35.1, '202506': -4.1, '202509': -0.8, '202512': -9.6, '202603': 21.6, '202606': 37.7, '202609': 45.1, '202612': 92.5, '202703': 31.6, '202706': 43.1, '202709': 29.9, '202712': 20.0}",{},"{'202403': False, '202406': False, '202409': False, '202412': False, '202503': False, '202506': False, '202509': False, '202512': False, '202603': False, '202606': False, '202609': True, '202612': True, '202703': True, '202706': True, '202709': True, '202712': True}"
A064850,에프앤가이드,IT서비스,212574485160,202612,True,124.9,,209.1,12,4,0,7.4,202606,202612,True,"{'202503': 45.4, '202506': 12.0, '202509': 35.0, '202512': 60.8, '202603': 124.0, '202606': 281.1, '202609': 209.1, '202612': 124.9}",{},"{'202403': False, '202406': False, '202409': False, '202412': False, '202503': False, '202506': False, '202509': False, '202512': False, '202603': False, '202606': False, '202609': True, '202612': True}"
A064960,SNT모티브,자동차부품,675449922400,202612,True,7.2,,16.7,12,0,0,72.6,202606,202612,True,"{'202503': 4.6, '202506': 6.2, '202509': -0.1, '202512': 6.5, '202603': -6.4, '202606': -3.0, '202609': 16.7, '202612': 7.2}",{},"{'202403': False, '202406': False, '202409': False, '202412': False, '202503': False, '202506': False, '202509': False, '202512': False, '202603': False, '202606': False, '202609': True, '202612': True}"
A066570,LG전자,전자제품,35264524127000,202712,True,-41.5,,12.2,16,0,0,-12152.0,202606,202612,True,"{'202503': -5.7, '202506': -46.6, '202509': -8.4, '202603': 32.9, '202606': 147.0, '202609': 53.7, '202703': 13.7, '202706': -28.4, '202709': 12.2, '202712': -41.5}","{'202512': '적전', '202612': '흑전'}","{'202403': False, '202406': False, '202409': False, '202412': False, '202503': False, '202506': False, '202509': False, '202512': False, '202603': False, '202606': False, '202609': True, '202612': True, '202703': True, '202706': True, '202709': True, '202712': True}"
A066970,엘앤에프,전기제품,4410382345600,202712,True,55.9,,69.4,16,0,0,138.1,202606,202612,True,"{'202609': 25.4, '202612': -58.0, '202703': -85.5, '202706': 82.4, '202709': 69.4, '202712': 55.9}","{'202503': '적자', '202506': '적자', '202509': '흑전', '202512': '흑전', '202603': '흑전', '202606': '흑전'}","{'202403': False, '202406': False, '202409': False, '202412': False, '202503': False, '202506': False, '202509': False, '202512': False, '202603': False, '202606': False, '202609': True, '202612': True, '202703': True, '202706': True, '202709': True, '202712': True}"
A067000,조이시티,게임엔터테인먼트,79829735332,202612,True,306.8,,,12,1,0,128.2,202606,202612,True,"{'202503': -52.2, '202506': -1.0, '202512': 61.9, '202603': -85.7, '202606': -81.5, '202612': 306.8}","{'202509': '적전', '202609': '흑전'}","{'202403': False, '202406': False, '202409': False, '202412': False, '202503': False, '202506': False, '202509': False, '202512': False, '202603': False, '202606': False, '202609': True, '202612': True}"
A067160,SOOP,양방향미디어와서비스,418409518800,202712,True,8.6,,12.3,16,0,0,145.7,202606,202612,True,"{'202503': -2.1, '202506': -9.9, '202509': 51.9, '202512': 10.2, '202603': -24.1, '202606': -57.9, '202609': -25.2, '202612': -11.2, '202703': 27.7, '202706': 103.1, '202709': 12.3, '202712': 8.6}",{},"{'202403': False, '202406': False, '202409': False, '202412': False, '202503': False, '202506': False, '202509': False, '202512': False, '202603': False, '202606': False, '202609': True, '202612': True, '202703': True, '202706': True, '202709': True, '202712': True}"
A067310,하나마이크론,반도체와반도체장비,3035308169850,202712,True,14.1,,0.5,16,0,2,-472.2,202606,202612,True,"{'202503': 8.4, '202506': 62.3, '202509': 119.8, '202512': -20.9, '202603': 513.6, '202606': 371.1, '202609': 179.5, '202612': 100.9, '202703': 47.7, '202706': -23.2, '202709': 0.5, '202712': 14.1}",{},"{'202403': False, '202406': False, '202409': False, '202412': False, '202503': False, '202506': False, '202509': False, '202512': False, '202603': False, '202606': False, '202609': True, '202612': True, '202703': True, '202706': True, '202709': True, '202712': True}"
A068270,셀트리온,제약,41522165916000,202712,True,14.0,,15.8,16,0,0,1364.6,202606,202612,True,"{'202503': 867.9, '202506': 234.5, '202509': 45.1, '202512': 141.9, '202603': 115.4, '202606': 86.3, '202609': 68.9, '202612': 23.8, '202703': 42.8, '202706': 16.8, '202709': 15.8, '202712': 14.0}",{},"{'202403': False, '202406': False, '202409': False, '202412': False, '202503': False, '202506': False, '202509': False, '202512': False, '202603': False, '202606': False, '202609': True, '202612': True, '202703': True, '202706': True, '202709': True, '202712': True}"
A068760,셀트리온제약,제약,1722810481600,202612,True,45.7,,11.7,12,0,1,6.9,202606,202612,True,"{'202503': 191.0, '202506': 64.8, '202509': 18.0, '202512': 31.1, '202603': 20.2, '202606': 24.4, '202609': 11.7, '202612': 45.7}",{},"{'202403': False, '202406': False, '202409': False, '202412': False, '202503': False, '202506': False, '202509': False, '202512': False, '202603': False, '202606': False, '202609': True, '202612': True}"
A068930,디지털대성,교육서비스,264853022940,202612,True,,적자,14.3,12,0,0,-183.1,202606,202612,True,"{'202503': 323.7, '202506': 33.9, '202509': 15.1, '202603': 95.9, '202606': 49.9, '202609': 14.3}","{'202512': '적자', '202612': '적자'}","{'202403': False, '202406': False, '202409': False, '202412': False, '202503': False, '202506': False, '202509': False, '202512': False, '202603': False, '202606': False, '202609': True, '202612': True}"
A069080,웹젠,게임엔터테인먼트,344967645500,202612,True,-11.2,,-31.0,12,0,1,5.8,202606,202612,True,"{'202503': -50.5, '202506': -47.7, '202509': -20.7, '202512': -53.6, '202603': -39.6, '202606': -8.4, '202609': -31.0, '202612': -11.2}",{},"{'202403': False, '202406': False, '202409': False, '202412': False, '202503': False, '202506': False, '202509': False, '202512': False, '202603': False, '202606': False, '202609': True, '202612': True}"
A069260,TKG휴켐스,화학,660189196200,202612,True,160.4,,17.4,12,1,1,-208.2,202606,202612,True,"{'202503': -60.0, '202506': 2.3, '202509': 35.0, '202512': -43.9, '202603': 20.4, '202606': 49.2, '202609': 17.4, '202612': 160.4}",{},"{'202403': False, '202406': False, '202409': False, '202412': False, '202503': False, '202506': False, '202509': False, '202512': False, '202603': False, '202606': False, '202609': True, '202612': True}"
A069620,대웅제약,제약,1260619360000,202712,True,61.1,,-21.0,16,0,1,-257.9,202606,202612,True,"{'202503': 30.5, '202506': 36.7, '202509': 52.6, '202512': 12.0, '202603': -42.6, '202606': 17.7, '202609': 53.2, '202612': -2.4, '202703': 108.7, '202706': -18.9, '202709': -21.0, '202712': 61.1}",{},"{'202403': False, '202406': False, '202409': False, '202412': False, '202503': False, '202506': False, '202509': False, '202512': False, '202603': False, '202606': False, '202609': True, '202612': True, '202703': True, '202706': True, '202709': True, '202712': True}"
A069960,현대백화점,백화점과일반상점,2132769796800,202712,True,27.1,,34.6,16,0,0,622.9,202606,202612,True,"{'202503': 63.3, '202506': 102.8, '202509': 12.5, '202512': -1.7, '202603': -12.2, '202606': -8.7, '202609': 32.8, '202612': 33.7, '202703': 31.6, '202706': 52.5, '202709': 34.6, '202712': 27.1}",{},"{'202403': False, '202406': False, '202409': False, '202412': False, '202503': False, '202506': False, '202509': False, '202512': False, '202603': False, '202606': False, '202609': True, '202612': True, '202703': True, '202706': True, '202709': True, '202712': True}"
A070960,모나용평,"호텔,레스토랑,레저",96170399334,202612,True,,흑전,37.1,12,0,0,136.9,202606,202612,True,"{'202503': 33.5, '202506': 1151.3, '202509': -55.5, '202603': -29.6, '202609': 37.1}","{'202512': '적전', '202606': '적전', '202612': '흑전'}","{'202403': False, '202406': False, '202409': False, '202412': False, '202503': False, '202506': False, '202509': False, '202512': False, '202603': False, '202606': False, '202609': True, '202612': True}"
A071050,한국금융지주,증권,10381752309600,202612,True,60.4,,-4.1,12,0,1,-7327.7,202606,202612,True,"{'202503': 38.8, '202506': 95.5, '202509': 133.6, '202512': 145.5, '202603': 108.9, '202606': 129.6, '202609': -4.1, '202612': 60.4}",{},"{'202403': False, '202406': False, '202409': False, '202412': False, '202503': False, '202506': False, '202509': False, '202512': False, '202603': False, '202606': False, '202609': True, '202612': True}"
A071320,지역난방공사,복합유틸리티,901984157600,202612,True,-13.0,,-46.9,12,0,1,765.4,202606,202612,True,"{'202503': 55.3, '202509': 209.6, '202512': 10.7, '202603': -1.1, '202609': -46.9, '202612': -13.0}","{'202506': '적자', '202606': '흑전'}","{'202403': False, '202406': False, '202409': False, '202412': False, '202503': False, '202506': False, '202509': False, '202512': False, '202603': False, '202606': False, '202609': True, '202612': True}"
A071840,롯데하이마트,전문소매,143062734720,202612,True,,적자,31.7,12,0,0,-48.2,202606,202612,True,"{'202506': 277.2, '202509': -39.3, '202606': -91.3, '202609': 31.7}","{'202503': '적자', '202512': '적자', '202603': '적자', '202612': '적자'}","{'202403': False, '202406': False, '202409': False, '202412': False, '202503': False, '202506': False, '202509': False, '202512': False, '202603': False, '202606': False, '202609': True, '202612': True}"
A071970,HD현대마린엔진,조선,1699466899500,202712,True,17.2,,21.1,16,0,0,145.1,202606,202612,True,"{'202503': 64.4, '202506': 93.9, '202509': 130.4, '202512': 205.3, '202603': 217.0, '202606': 79.2, '202609': 100.6, '202612': 64.2, '202703': 33.1, '202706': 46.9, '202709': 21.1, '202712': 17.2}",{},"{'202403': False, '202406': False, '202409': False, '202412': False, '202503': False, '202506': False, '202509': False, '202512': False, '202603': False, '202606': False, '202609': True, '202612': True, '202703': True, '202706': True, '202709': True, '202712': True}"
A073240,금호타이어,자동차부품,1930389128640,202703,True,-4.9,,7.8,13,0,0,-252.6,202606,202612,True,"{'202503': 0.6, '202506': 15.6, '202509': -22.6, '202512': -3.7, '202603': 0.3, '202606': 4.0, '202609': 38.3, '202612': 7.8, '202703': -4.9}",{},"{'202403': False, '202406': False, '202409': False, '202412': False, '202503': False, '202506': False, '202509': False, '202512': False, '202603': False, '202606': False, '202609': True, '202612': True, '202703': True}"
A073490,LIG아큐버,통신장비,243323072000,202712,True,-6.6,,109.3,16,0,0,58.1,202606,202612,True,"{'202512': 18.5, '202612': 47.1, '202706': 48.8, '202709': 109.3, '202712': -6.6}","{'202503': '적자', '202506': '적자', '202509': '적전', '202603': '적자', '202606': '흑전', '202609': '흑전', '202703': '흑전'}","{'202403': False, '202406': False, '202409': False, '202412': False, '202503': False, '202506': False, '202509': False, '202512': False, '202603': False, '202606': False, '202609': True, '202612': True, '202703': True, '202706': True, '202709': True, '202712': True}"
A074600,원익QnC,반도체와반도체장비,753151200000,202712,True,3.1,,18.3,16,0,0,-8.1,202606,202612,True,"{'202503': -41.3, '202506': -61.2, '202509': -73.3, '202603': 14.6, '202606': 119.1, '202609': 322.5, '202612': 63.0, '202703': 78.4, '202706': 13.4, '202709': 18.3, '202712': 3.1}",{'202512': '흑전'},"{'202403': False, '202406': False, '202409': False, '202412': False, '202503': False, '202506': False, '202509': False, '202512': False, '202603': False, '202606': False, '202609': True, '202612': True, '202703': True, '202706': True, '202709': True, '202712': True}"
A075580,세진중공업,조선,571905527360,202612,True,-25.0,,89.4,12,0,0,56.3,202606,202612,True,"{'202503': 317.9, '202506': 10.2, '202509': 1802.0, '202512': 49.9, '202603': -23.4, '202606': 132.4, '202609': 89.4, '202612': -25.0}",{},"{'202403': False, '202406': False, '202409': False, '202412': False, '202503': False, '202506': False, '202509': False, '202512': False, '202603': False, '202606': False, '202609': True, '202612': True}"
A077360,덕산하이메탈,반도체와반도체장비,587500435860,202612,True,20452.8,,645.2,12,3,2,17.6,202606,202612,True,"{'202506': -63.4, '202509': -35.3, '202512': -98.9, '202606': 290.5, '202609': 645.2, '202612': 20452.8}","{'202503': '적전', '202603': '적자'}","{'202403': False, '202406': False, '202409': False, '202412': False, '202503': False, '202506': False, '202509': False, '202512': False, '202603': False, '202606': False, '202609': True, '202612': True}"
A077970,STX엔진,조선,915375836400,202712,True,2.5,,8.1,16,0,0,67.4,202606,202612,True,"{'202503': 126.8, '202506': 53.2, '202509': 184.3, '202512': -34.8, '202603': 13.3, '202606': -25.2, '202609': 71.5, '202612': 490.6, '202703': 47.4, '202706': 28.6, '202709': 8.1, '202712': 2.5}",{},"{'202403': False, '202406': False, '202409': False, '202412': False, '202503': False, '202506': False, '202509': False, '202512': False, '202603': False, '202606': False, '202609': True, '202612': True, '202703': True, '202706': True, '202709': True, '202712': True}"
A078340,컴투스,게임엔터테인먼트,423195955000,202712,True,-28.9,,38.0,16,0,0,194.4,202606,202612,True,"{'202503': 44.3, '202506': 0.1, '202512': 789.1, '202603': 206.9, '202606': 420.7, '202612': 38.6, '202703': 316.6, '202706': 193.3, '202709': 38.0, '202712': -28.9}","{'202509': '적전', '202609': '흑전'}","{'202403': False, '202406': False, '202409': False, '202412': False, '202503': False, '202506': False, '202509': False, '202512': False, '202603': False, '202606': False, '202609': True, '202612': True, '202703': True, '202706': True, '202709': True, '202712': True}"
A078520,에이블씨엔씨,화장품,266110121160,202612,True,31.2,,,12,0,0,-19.1,202606,202612,True,"{'202503': -3.4, '202506': 32.6, '202512': 58.9, '202603': 91.1, '202606': 52.5, '202612': 31.2}","{'202509': '적전', '202609': '흑전'}","{'202403': False, '202406': False, '202409': False, '202412': False, '202503': False, '202506': False, '202509': False, '202512': False, '202603': False, '202606': False, '202609': True, '202612': True}"
A078600,대주전자재료,전자장비와기기,1364689592200,202612,True,149.4,,78.7,12,1,2,46.2,202606,202612,True,"{'202503': -4.7, '202506': -35.5, '202509': -26.4, '202512': -42.2, '202603': 93.0, '202606': 26.8, '202609': 78.7, '202612': 149.4}",{},"{'202403': False, '202406': False, '202409': False, '202412': False, '202503': False, '202506': False, '202509': False, '202512': False, '202603': False, '202606': False, '202609': True, '202612': True}"
A078930,GS,석유와가스,10274241747000,202612,True,26.6,,41.6,12,0,0,-7347.4,202606,202612,True,"{'202503': -21.0, '202506': -39.5, '202509': 36.9, '202512': 24.8, '202603': 56.7, '202606': 253.4, '202609': 41.6, '202612': 26.6}",{},"{'202403': False, '202406': False, '202409': False, '202412': False, '202503': False, '202506': False, '202509': False, '202512': False, '202603': False, '202606': False, '202609': True, '202612': True}"
A079160,CJ CGV,방송과엔터테인먼트,867653856280,202612,True,-44.8,,96.1,12,0,0,260.3,202606,202612,True,"{'202503': -29.5, '202506': -92.3, '202509': -27.2, '202512': 300.3, '202603': 172.4, '202606': 568.1, '202609': 96.1, '202612': -44.8}",{},"{'202403': False, '202406': False, '202409': False, '202412': False, '202503': False, '202506': False, '202509': False, '202512': False, '202603': False, '202606': False, '202609': True, '202612': True}"
A079430,현대리바트,가구,113444099280,202612,True,,흑전,90.0,12,0,0,8.4,202606,202612,True,"{'202503': 39.9, '202506': -37.8, '202509': -61.7, '202603': -88.9, '202606': 9.4, '202609': 90.0}","{'202512': '적자', '202612': '흑전'}","{'202403': False, '202406': False, '202409': False, '202412': False, '202503': False, '202506': False, '202509': False, '202512': False, '202603': False, '202606': False, '202609': True, '202612': True}"
A079550,LIG디펜스앤에어로스페이스,우주항공과국방,15488000000000,202712,True,101.2,,46.6,16,1,3,-427.5,202606,202612,True,"{'202503': 63.6, '202506': 66.0, '202509': 72.5, '202512': -30.1, '202603': 56.1, '202606': 29.5, '202609': 19.6, '202612': 62.6, '202703': 5.2, '202706': 43.1, '202709': 46.6, '202712': 101.2}",{},"{'202403': False, '202406': False, '202409': False, '202412': False, '202503': False, '202506': False, '202509': False, '202512': False, '202603': False, '202606': False, '202609': True, '202612': True, '202703': True, '202706': True, '202709': True, '202712': True}"
A079900,전진건설로봇,기계,612886890000,202612,True,13.9,,43.9,12,0,0,-31.8,202606,202612,True,"{'202503': 8.3, '202506': -1.1, '202509': -46.2, '202512': 23.5, '202603': -50.8, '202606': 1.7, '202609': 43.9, '202612': 13.9}",{},"{'202403': False, '202406': False, '202409': False, '202412': False, '202503': False, '202506': False, '202509': False, '202512': False, '202603': False, '202606': False, '202609': True, '202612': True}"
A080160,모두투어,"호텔,레스토랑,레저",158382000000,202612,True,1514.0,,,12,1,0,48.6,202606,202612,True,"{'202503': 38.6, '202512': -88.3, '202603': -64.4, '202612': 1514.0}","{'202506': '흑전', '202509': '적전', '202606': '적전', '202609': '흑전'}","{'202403': False, '202406': False, '202409': False, '202412': False, '202503': False, '202506': False, '202509': False, '202512': False, '202603': False, '202606': False, '202609': True, '202612': True}"
A080580,오킨스전자,반도체와반도체장비,485091965000,202612,True,329.2,,126.0,12,8,1,25.6,202606,202612,True,"{'202503': 642.2, '202506': 203.5, '202509': 3307.9, '202512': 387.5, '202603': 118.1, '202606': 163.4, '202609': 126.0, '202612': 329.2}",{},"{'202403': False, '202406': False, '202409': False, '202412': False, '202503': False, '202506': False, '202509': False, '202512': False, '202603': False, '202606': False, '202609': True, '202612': True}"
A081660,미스토홀딩스,"섬유,의류,신발,호화품",2004216960000,202612,True,,적자,13.2,12,0,0,-3122.8,202606,202612,True,"{'202503': -0.4, '202506': 29.8, '202509': 41.2, '202603': 19.0, '202606': 62.3, '202609': 13.2}","{'202512': '적자', '202612': '적자'}","{'202403': False, '202406': False, '202409': False, '202412': False, '202503': False, '202506': False, '202509': False, '202512': False, '202603': False, '202606': False, '202609': True, '202612': True}"
A082210,옵트론텍,전자장비와기기,62129837410,202612,True,,흑전,238.2,12,0,0,8.5,202606,202612,True,"{'202503': -88.1, '202506': -7.0, '202509': 216.6, '202603': 571.0, '202606': 260.4, '202609': 238.2}","{'202512': '적자', '202612': '흑전'}","{'202403': False, '202406': False, '202409': False, '202412': False, '202503': False, '202506': False, '202509': False, '202512': False, '202603': False, '202606': False, '202609': True, '202612': True}"
A082740,한화엔진,조선,4109771743500,202712,True,52.3,,73.8,16,0,0,344.9,202606,202612,True,"{'202503': 14.9, '202506': 81.4, '202509': 74.2, '202512': 160.2, '202603': 130.3, '202606': 12.2, '202609': 125.6, '202612': 52.9, '202703': 90.9, '202706': 177.5, '202709': 73.8, '202712': 52.3}",{},"{'202403': False, '202406': False, '202409': False, '202412': False, '202503': False, '202506': False, '202509': False, '202512': False, '202603': False, '202606': False, '202609': True, '202612': True, '202703': True, '202706': True, '202709': True, '202712': True}"
A082920,비츠로셀,전기제품,1309044833000,202712,True,24.7,,30.5,16,0,0,86.7,202606,202612,True,"{'202503': 49.1, '202506': 10.0, '202509': 38.0, '202512': 42.0, '202603': 34.5, '202606': 16.3, '202609': 39.6, '202612': 28.6, '202703': 22.8, '202706': 54.0, '202709': 30.5, '202712': 24.7}",{},"{'202403': False, '202406': False, '202409': False, '202412': False, '202503': False, '202506': False, '202509': False, '202512': False, '202603': False, '202606': False, '202609': True, '202612': True, '202703': True, '202706': True, '202709': True, '202712': True}"
A083450,GST,반도체와반도체장비,903991500000,202612,True,30.3,,24.9,12,0,2,48.1,202606,202612,True,"{'202503': 15.7, '202506': -7.8, '202509': -18.9, '202512': 39.7, '202603': 104.0, '202606': -14.6, '202609': 24.9, '202612': 30.3}",{},"{'202403': False, '202406': False, '202409': False, '202412': False, '202503': False, '202506': False, '202509': False, '202512': False, '202603': False, '202606': False, '202609': True, '202612': True}"
A083500,에프엔에스테크,디스플레이장비및부품,98347503680,202612,True,164.2,,55.2,12,1,2,1.4,202606,202612,True,"{'202506': 973.4, '202509': -17.4, '202512': -69.8, '202603': 197.2, '202606': -17.2, '202609': 55.2, '202612': 164.2}",{'202503': '흑전'},"{'202403': False, '202406': False, '202409': False, '202412': False, '202503': False, '202506': False, '202509': False, '202512': False, '202603': False, '202606': False, '202609': True, '202612': True}"
A083650,비에이치아이,에너지장비및서비스,1989723312500,202612,True,40.3,,93.4,12,0,0,-113.8,202606,202612,True,"{'202503': 253.4, '202506': 240.9, '202509': 284.8, '202512': 217.5, '202603': 183.9, '202606': 123.1, '202609': 93.4, '202612': 40.3}",{},"{'202403': False, '202406': False, '202409': False, '202412': False, '202503': False, '202506': False, '202509': False, '202512': False, '202603': False, '202606': False, '202609': True, '202612': True}"
A084010,대한제강,철강,274629052040,202612,True,,흑전,-57.7,12,0,0,-90.2,202606,202612,True,"{'202503': -68.8, '202506': -60.8, '202509': 299.8, '202603': -96.5, '202606': 125.5, '202609': -57.7}","{'202512': '적자', '202612': '흑전'}","{'202403': False, '202406': False, '202409': False, '202412': False, '202503': False, '202506': False, '202509': False, '202512': False, '202603': False, '202606': False, '202609': True, '202612': True}"
A084370,유진테크,반도체와반도체장비,3423656674800,202712,True,-8.0,,11.4,16,0,0,180.8,202606,202612,True,"{'202503': 131.7, '202506': 99.3, '202509': -67.1, '202512': -44.4, '202603': 104.7, '202606': -7.7, '202609': 459.6, '202612': 106.9, '202703': 22.1, '202706': 52.6, '202709': 11.4, '202712': -8.0}",{},"{'202403': False, '202406': False, '202409': False, '202412': False, '202503': False, '202506': False, '202509': False, '202512': False, '202603': False, '202606': False, '202609': True, '202612': True, '202703': True, '202706': True, '202709': True, '202712': True}"
A084850,아이티엠반도체,전자장비와기기,183958594740,202612,True,,흑전,,12,0,0,94.0,202606,202612,True,{'202506': 674.7},"{'202503': '적자', '202509': '적전', '202512': '적자', '202603': '적자', '202606': '적전', '202609': '흑전', '202612': '흑전'}","{'202403': False, '202406': False, '202409': False, '202412': False, '202503': False, '202506': False, '202509': False, '202512': False, '202603': False, '202606': False, '202609': True, '202612': True}"
A085620,미래에셋생명,생명보험,2672508600000,202612,True,-31.6,,-7.1,12,0,0,-42.5,202606,202612,True,"{'202503': -17.6, '202506': 269.3, '202509': 1304.1, '202512': -45.9, '202603': 73.8, '202606': -63.6, '202609': -7.1, '202612': -31.6}",{},"{'202403': False, '202406': False, '202409': False, '202412': False, '202503': False, '202506': False, '202509': False, '202512': False, '202603': False, '202606': False, '202609': True, '202612': True}"
A085910,네오티스,자동차부품,220165295280,202612,True,176.3,,109.3,12,3,1,15.2,202606,202612,True,"{'202503': 79.4, '202506': -38.2, '202512': 541.6, '202603': 36.4, '202606': 249.7, '202609': 109.3, '202612': 176.3}",{'202509': '흑전'},"{'202403': False, '202406': False, '202409': False, '202412': False, '202503': False, '202506': False, '202509': False, '202512': False, '202603': False, '202606': False, '202609': True, '202612': True}"
A086280,현대글로비스,항공화물운송과물류,15225000000000,202712,True,6.6,,-3.2,16,0,1,638.1,202606,202612,True,"{'202503': 30.4, '202506': 22.7, '202509': 11.7, '202512': 10.6, '202603': 3.9, '202606': -8.1, '202609': 8.9, '202612': 10.0, '202703': -3.5, '202706': 11.7, '202709': -3.2, '202712': 6.6}",{},"{'202403': False, '202406': False, '202409': False, '202412': False, '202503': False, '202506': False, '202509': False, '202512': False, '202603': False, '202606': False, '202609': True, '202612': True, '202703': True, '202706': True, '202709': True, '202712': True}"
A086390,유니테스트,반도체와반도체장비,259738408540,202712,True,86.9,,-19.3,16,0,1,-53.6,202606,202612,True,"{'202706': 41.6, '202709': -19.3, '202712': 86.9}","{'202503': '적자', '202506': '적자', '202509': '적전', '202512': '적자', '202603': '적자', '202606': '흑전', '202609': '흑전', '202612': '흑전', '202703': '적자'}","{'202403': False, '202406': False, '202409': False, '202412': False, '202503': False, '202506': False, '202509': False, '202512': False, '202603': False, '202606': False, '202609': True, '202612': True, '202703': True, '202706': True, '202709': True, '202712': True}"
A086450,동국제약,제약,927223610000,202612,True,17.7,,10.1,12,0,1,25.1,202606,202612,True,"{'202503': 20.5, '202506': 15.2, '202509': 10.1, '202512': 37.6, '202603': 8.0, '202606': 17.9, '202609': 10.1, '202612': 17.7}",{},"{'202403': False, '202406': False, '202409': False, '202412': False, '202503': False, '202506': False, '202509': False, '202512': False, '202603': False, '202606': False, '202609': True, '202612': True}"
A086670,비엠티,기계,186110343750,202612,True,81.4,,3.2,12,0,1,-3.0,202606,202612,True,"{'202503': 0.5, '202506': 146.8, '202512': 42.2, '202603': -36.2, '202606': 84.2, '202609': 3.2, '202612': 81.4}",{'202509': '흑전'},"{'202403': False, '202406': False, '202409': False, '202412': False, '202503': False, '202506': False, '202509': False, '202512': False, '202603': False, '202606': False, '202609': True, '202612': True}"
A086790,하나금융지주,은행,36851907760000,202712,True,9.0,,12.8,16,0,0,-5107.2,202606,202612,True,"{'202503': -4.7, '202506': 9.9, '202509': 11.0, '202512': 48.0, '202603': 11.1, '202606': 6.8, '202609': 12.7, '202612': 21.7, '202703': 5.2, '202706': 9.3, '202709': 12.8, '202712': 9.0}",{},"{'202403': False, '202406': False, '202409': False, '202412': False, '202503': False, '202506': False, '202509': False, '202512': False, '202603': False, '202606': False, '202609': True, '202612': True, '202703': True, '202706': True, '202709': True, '202712': True}"
A086900,메디톡스,생물공학,491188848100,202612,True,,흑전,-7.9,12,0,0,39.9,202606,202612,True,"{'202506': -55.9, '202509': 48.3, '202603': 34.6, '202606': -24.6, '202609': -7.9}","{'202503': '흑전', '202512': '적전', '202612': '흑전'}","{'202403': False, '202406': False, '202409': False, '202412': False, '202503': False, '202506': False, '202509': False, '202512': False, '202603': False, '202606': False, '202609': True, '202612': True}"
A088350,한화생명,생명보험,4907194500000,202612,True,-29.8,,-52.7,12,0,1,-5001.6,202606,202612,True,"{'202503': -7.4, '202506': -36.6, '202509': 176.9, '202512': -4.2, '202603': 29.5, '202606': 160.4, '202609': -52.7, '202612': -29.8}",{},"{'202403': False, '202406': False, '202409': False, '202412': False, '202503': False, '202506': False, '202509': False, '202512': False, '202603': False, '202606': False, '202609': True, '202612': True}"
A089010,켐트로닉스,전자장비와기기,383195116950,202612,True,637.5,,48.9,12,1,1,39.8,202606,202612,True,"{'202503': -42.8, '202506': -59.3, '202509': 4.5, '202512': -10.8, '202603': 4.0, '202606': 64.2, '202609': 48.9, '202612': 637.5}",{},"{'202403': False, '202406': False, '202409': False, '202412': False, '202503': False, '202506': False, '202509': False, '202512': False, '202603': False, '202606': False, '202609': True, '202612': True}"
A089030,테크윙,반도체와반도체장비,1763753502000,202612,True,7975.3,,300.8,12,2,2,344.9,202606,202612,True,"{'202503': -68.0, '202506': -11.3, '202509': 15.1, '202512': -87.0, '202603': 444.0, '202606': 96.6, '202609': 300.8, '202612': 7975.3}",{},"{'202403': False, '202406': False, '202409': False, '202412': False, '202503': False, '202506': False, '202509': False, '202512': False, '202603': False, '202606': False, '202609': True, '202612': True}"
A089590,제주항공,항공사,369738916225,202612,True,-67.4,,,12,0,0,507.6,202606,202612,True,{'202612': -67.4},"{'202503': '적전', '202506': '적자', '202509': '적전', '202512': '흑전', '202603': '흑전', '202606': '적자', '202609': '적자'}","{'202403': False, '202406': False, '202409': False, '202412': False, '202503': False, '202506': False, '202509': False, '202512': False, '202603': False, '202606': False, '202609': True, '202612': True}"
A089600,KT나스미디어,광고,141441344000,202612,True,120.0,,55.4,12,1,1,-0.5,202606,202612,True,"{'202503': 27.6, '202506': -62.5, '202509': -41.6, '202512': -24.8, '202603': 37.3, '202606': 200.8, '202609': 55.4, '202612': 120.0}",{},"{'202403': False, '202406': False, '202409': False, '202412': False, '202503': False, '202506': False, '202509': False, '202512': False, '202603': False, '202606': False, '202609': True, '202612': True}"
A089860,롯데렌탈,도로와철도운송,1802761114200,202712,True,7.8,,7.9,16,0,0,48.9,202606,202612,True,"{'202503': 17.8, '202506': 1.9, '202509': 10.6, '202512': 10.7, '202603': 24.8, '202606': 9.6, '202609': 3.8, '202612': 12.9, '202703': 4.2, '202706': 14.3, '202709': 7.9, '202712': 7.8}",{},"{'202403': False, '202406': False, '202409': False, '202412': False, '202503': False, '202506': False, '202509': False, '202512': False, '202603': False, '202606': False, '202609': True, '202612': True, '202703': True, '202706': True, '202709': True, '202712': True}"
A089970,브이엠,반도체와반도체장비,1490094899000,202612,True,16.9,,149.9,12,0,0,-91.5,202606,202612,True,"{'202506': 1501.5, '202603': 1503.6, '202606': 353.3, '202609': 149.9, '202612': 16.9}","{'202503': '흑전', '202509': '흑전', '202512': '흑전'}","{'202403': False, '202406': False, '202409': False, '202412': False, '202503': False, '202506': False, '202509': False, '202512': False, '202603': False, '202606': False, '202609': True, '202612': True}"
A089980,상아프론테크,전자장비와기기,248629525350,202612,True,39.8,,78.7,12,0,0,-8.8,202606,202612,True,"{'202503': -46.5, '202506': -25.7, '202509': 60.0, '202512': 407.4, '202603': 7.7, '202606': 127.6, '202609': 78.7, '202612': 39.8}",{},"{'202403': False, '202406': False, '202409': False, '202412': False, '202503': False, '202506': False, '202509': False, '202512': False, '202603': False, '202606': False, '202609': True, '202612': True}"
A090430,아모레퍼시픽,화장품,8305971778000,202712,True,14.1,,6.5,16,0,1,114.9,202606,202612,True,"{'202503': 62.0, '202506': 1673.4, '202509': 41.0, '202512': -33.0, '202603': 7.6, '202606': 59.3, '202609': 28.8, '202612': 145.2, '202703': 16.1, '202706': 19.3, '202709': 6.5, '202712': 14.1}",{},"{'202403': False, '202406': False, '202409': False, '202412': False, '202503': False, '202506': False, '202509': False, '202512': False, '202603': False, '202606': False, '202609': True, '202612': True, '202703': True, '202706': True, '202709': True, '202712': True}"
A090460,비에이치,전자장비와기기,679287490700,202712,True,-14.8,,74.0,16,0,0,297.8,202606,202612,True,"{'202506': -48.8, '202509': -34.4, '202606': -50.8, '202609': 8.0, '202612': 30.7, '202703': 21.1, '202706': 381.6, '202709': 74.0, '202712': -14.8}","{'202503': '적전', '202512': '흑전', '202603': '흑전'}","{'202403': False, '202406': False, '202409': False, '202412': False, '202503': False, '202506': False, '202509': False, '202512': False, '202603': False, '202606': False, '202609': True, '202612': True, '202703': True, '202706': True, '202709': True, '202712': True}"
A091580,상신이디피,전기제품,281891831850,202612,True,44.1,,25.8,12,0,1,19.0,202606,202612,True,"{'202506': -27.7, '202606': 465.5, '202609': 25.8, '202612': 44.1}","{'202503': '적전', '202509': '흑전', '202512': '흑전', '202603': '흑전'}","{'202403': False, '202406': False, '202409': False, '202412': False, '202503': False, '202506': False, '202509': False, '202512': False, '202603': False, '202606': False, '202609': True, '202612': True}"
A091700,파트론,핸드셋,258000000000,202612,True,-26.5,,-36.1,12,0,1,69.2,202606,202612,True,"{'202503': -60.9, '202506': -55.2, '202509': -15.4, '202512': 32.1, '202603': 93.9, '202606': -30.1, '202609': -36.1, '202612': -26.5}",{},"{'202403': False, '202406': False, '202409': False, '202412': False, '202503': False, '202506': False, '202509': False, '202512': False, '202603': False, '202606': False, '202609': True, '202612': True}"
A091810,트리니티항공,항공사,265475836600,202612,True,,적자,,12,0,0,1434.8,202606,202612,True,{},"{'202503': '적전', '202506': '적자', '202509': '적자', '202512': '적자', '202603': '흑전', '202606': '적자', '202609': '적자', '202612': '적자'}","{'202403': False, '202406': False, '202409': False, '202412': False, '202503': False, '202506': False, '202509': False, '202512': False, '202603': False, '202606': False, '202609': True, '202612': True}"
A092130,이크레더블,상업서비스와공급품,171500864000,202612,True,3.0,,-0.6,12,0,1,-107.6,202606,202612,True,"{'202503': 155.0, '202506': 3.3, '202509': -5.9, '202512': -3.1, '202603': 10.3, '202606': 2.3, '202609': -0.6, '202612': 3.0}",{},"{'202403': False, '202406': False, '202409': False, '202412': False, '202503': False, '202506': False, '202509': False, '202512': False, '202603': False, '202606': False, '202609': True, '202612': True}"
A092460,한라IMS,조선,273754880000,202612,True,38.9,,39.7,12,0,0,-14.9,202606,202612,True,"{'202503': 31.1, '202506': 55.4, '202509': 70.5, '202512': 13.2, '202603': 7.6, '202606': 49.2, '202609': 39.7, '202612': 38.9}",{},"{'202403': False, '202406': False, '202409': False, '202412': False, '202503': False, '202506': False, '202509': False, '202512': False, '202603': False, '202606': False, '202609': True, '202612': True}"
A092730,네오팜,화장품,376657741500,202612,True,10.9,,12.3,12,0,0,-17.9,202606,202612,True,"{'202503': 14.6, '202506': 14.8, '202509': 33.2, '202512': 8.1, '202603': 11.9, '202606': 39.6, '202609': 12.3, '202612': 10.9}",{},"{'202403': False, '202406': False, '202409': False, '202412': False, '202503': False, '202506': False, '202509': False, '202512': False, '202603': False, '202606': False, '202609': True, '202612': True}"
A092870,엑시콘,반도체와반도체장비,495930286000,202612,True,6.5,,,12,0,0,72.7,202606,202612,True,{'202612': 6.5},"{'202503': '적자', '202506': '적자', '202509': '적자', '202512': '흑전', '202603': '적자', '202606': '흑전', '202609': '흑전'}","{'202403': False, '202406': False, '202409': False, '202412': False, '202503': False, '202506': False, '202509': False, '202512': False, '202603': False, '202606': False, '202609': True, '202612': True}"
A093050,LF,"섬유,의류,신발,호화품",627198000000,202612,True,-6.1,,8.5,12,0,0,288.2,202606,202612,True,"{'202503': 22.3, '202506': 104.3, '202509': -70.0, '202512': 198.0, '202603': 47.5, '202606': -0.4, '202609': 8.5, '202612': -6.1}",{},"{'202403': False, '202406': False, '202409': False, '202412': False, '202503': False, '202506': False, '202509': False, '202512': False, '202603': False, '202606': False, '202609': True, '202612': True}"
A093370,후성,화학,1458672488000,202612,True,304.1,,316.3,12,2,0,-38.0,202606,202612,True,"{'202506': 248.0, '202606': 58.4, '202609': 316.3, '202612': 304.1}","{'202503': '적자', '202509': '흑전', '202512': '흑전', '202603': '흑전'}","{'202403': False, '202406': False, '202409': False, '202412': False, '202503': False, '202506': False, '202509': False, '202512': False, '202603': False, '202606': False, '202609': True, '202612': True}"
A093520,매커스,반도체와반도체장비,337417078950,202612,True,12.3,,115.4,12,0,0,-60.4,202606,202612,True,"{'202503': 71.6, '202506': 70.5, '202509': -31.0, '202512': -38.8, '202603': -6.1, '202606': 39.7, '202609': 115.4, '202612': 12.3}",{},"{'202403': False, '202406': False, '202409': False, '202412': False, '202503': False, '202506': False, '202509': False, '202512': False, '202603': False, '202606': False, '202609': True, '202612': True}"
A094170,동운아나텍,반도체와반도체장비,573977743200,202612,True,,흑전,1743.1,12,0,0,91.7,202606,202612,True,"{'202506': -39.5, '202509': -98.9, '202609': 1743.1}","{'202503': '적전', '202512': '적전', '202603': '적자', '202606': '적전', '202612': '흑전'}","{'202403': False, '202406': False, '202409': False, '202412': False, '202503': False, '202506': False, '202509': False, '202512': False, '202603': False, '202606': False, '202609': True, '202612': True}"
A094360,칩스앤미디어,반도체와반도체장비,248361836620,202612,True,11.4,,-11.5,12,0,2,31.7,202606,202612,True,"{'202503': 2065.8, '202506': 119.0, '202509': -11.6, '202512': 32.3, '202603': -11.1, '202606': -18.1, '202609': -11.5, '202612': 11.4}",{},"{'202403': False, '202406': False, '202409': False, '202412': False, '202503': False, '202506': False, '202509': False, '202512': False, '202603': False, '202606': False, '202609': True, '202612': True}"
A095340,ISC,반도체와반도체장비,4408988064000,202712,True,21.3,,26.7,16,0,0,91.5,202606,202612,True,"{'202503': -18.3, '202506': -8.0, '202509': 26.1, '202512': 192.4, '202603': 237.8, '202606': 55.5, '202609': 58.1, '202612': 39.0, '202703': 25.6, '202706': 58.2, '202709': 26.7, '202712': 21.3}",{},"{'202403': False, '202406': False, '202409': False, '202412': False, '202503': False, '202506': False, '202509': False, '202512': False, '202603': False, '202606': False, '202609': True, '202612': True, '202703': True, '202706': True, '202709': True, '202712': True}"
A095570,AJ네트웍스,도로와철도운송,188704005030,202612,True,-12.4,,59.0,12,0,0,6.1,202606,202612,True,"{'202503': -9.2, '202506': -13.8, '202509': -40.4, '202512': 42.9, '202603': 26.3, '202606': 21.9, '202609': 59.0, '202612': -12.4}",{},"{'202403': False, '202406': False, '202409': False, '202412': False, '202503': False, '202506': False, '202509': False, '202512': False, '202603': False, '202606': False, '202609': True, '202612': True}"
A095610,테스,반도체와반도체장비,2876896000000,202712,True,37.1,,28.8,16,0,1,32.2,202606,202612,True,"{'202503': 582.6, '202506': 103.5, '202509': 107.1, '202512': -41.9, '202603': 36.5, '202606': 27.8, '202609': 244.1, '202612': 128.8, '202703': 66.7, '202706': 47.2, '202709': 28.8, '202712': 37.1}",{},"{'202403': False, '202406': False, '202409': False, '202412': False, '202503': False, '202506': False, '202509': False, '202512': False, '202603': False, '202606': False, '202609': True, '202612': True, '202703': True, '202706': True, '202709': True, '202712': True}"
A095660,네오위즈,게임엔터테인먼트,383398053480,202712,True,30.1,,49.3,16,0,0,8.2,202606,202612,True,"{'202503': -31.1, '202506': 291.8, '202509': 309.5, '202512': -31.6, '202603': -32.0, '202606': -57.3, '202609': -63.1, '202612': 86.6, '202703': 114.3, '202706': 36.0, '202709': 49.3, '202712': 30.1}",{},"{'202403': False, '202406': False, '202409': False, '202412': False, '202503': False, '202506': False, '202509': False, '202512': False, '202603': False, '202606': False, '202609': True, '202612': True, '202703': True, '202706': True, '202709': True, '202712': True}"
A095720,웅진씽크빅,교육서비스,68874427020,202612,True,,흑전,,12,0,0,-8.1,202606,202612,True,"{'202506': -46.0, '202606': 7.0}","{'202503': '적자', '202509': '적전', '202512': '적전', '202603': '적자', '202609': '흑전', '202612': '흑전'}","{'202403': False, '202406': False, '202409': False, '202412': False, '202503': False, '202506': False, '202509': False, '202512': False, '202603': False, '202606': False, '202609': True, '202612': True}"
A096240,크레버스,교육서비스,86512621000,202612,True,,흑전,1373.6,12,0,0,6.1,202606,202612,True,"{'202503': -44.2, '202506': -62.7, '202509': -85.8, '202603': -7.2, '202606': 53.9, '202609': 1373.6}","{'202512': '적자', '202612': '흑전'}","{'202403': False, '202406': False, '202409': False, '202412': False, '202503': False, '202506': False, '202509': False, '202512': False, '202603': False, '202606': False, '202609': True, '202612': True}"
A096530,씨젠,생명과학도구및서비스,1598316548400,202706,True,28.8,,5.3,14,0,1,18.7,202606,202612,True,"{'202509': 82.8, '202603': 58.6, '202606': 586.4, '202609': 122.7, '202612': 237.5, '202703': 5.3, '202706': 28.8}","{'202503': '흑전', '202506': '흑전', '202512': '흑전'}","{'202403': False, '202406': False, '202409': False, '202412': False, '202503': False, '202506': False, '202509': False, '202512': False, '202603': False, '202606': False, '202609': True, '202612': True, '202703': True, '202706': True}"
A096770,SK이노베이션,석유와가스,23836443108000,202612,True,586.7,,,12,1,0,-19452.0,202606,202612,True,"{'202512': 98.6, '202612': 586.7}","{'202503': '적전', '202506': '적자', '202509': '적자', '202603': '흑전', '202606': '흑전', '202609': '흑전'}","{'202403': False, '202406': False, '202409': False, '202412': False, '202503': False, '202506': False, '202509': False, '202512': False, '202603': False, '202606': False, '202609': True, '202612': True}"
A097230,HJ중공업,건설,1358944927200,202612,True,36.7,,918.3,12,0,0,41.5,202606,202612,True,"{'202503': -54.2, '202509': -82.4, '202512': 2437.0, '202603': 350.7, '202606': 1114.7, '202609': 918.3, '202612': 36.7}",{'202506': '흑전'},"{'202403': False, '202406': False, '202409': False, '202412': False, '202503': False, '202506': False, '202509': False, '202512': False, '202603': False, '202606': False, '202609': True, '202612': True}"
A097520,엠씨넥스,핸드셋,316011240000,202612,True,58.2,,34.2,12,0,2,108.1,202606,202612,True,"{'202503': 37.6, '202506': 111.4, '202509': 118.0, '202512': -55.5, '202603': -45.4, '202606': -86.5, '202609': 34.2, '202612': 58.2}",{},"{'202403': False, '202406': False, '202409': False, '202412': False, '202503': False, '202506': False, '202509': False, '202512': False, '202603': False, '202606': False, '202609': True, '202612': True}"
A097950,CJ제일제당,식품,2622439201200,202703,True,24.8,,76.0,13,0,0,1029.5,202606,202612,True,"{'202503': -23.5, '202506': -15.9, '202509': 3.1, '202512': -28.9, '202603': -17.2, '202606': -18.6, '202609': -18.4, '202612': 76.0, '202703': 24.8}",{},"{'202403': False, '202406': False, '202409': False, '202412': False, '202503': False, '202506': False, '202509': False, '202512': False, '202603': False, '202606': False, '202609': True, '202612': True, '202703': True}"
A098070,한텍,에너지장비및서비스,290261780100,202612,True,-11.5,,13.2,12,0,0,-26.0,202606,202612,True,"{'202503': 655.5, '202506': 194.6, '202509': 73.9, '202512': 75.5, '202603': 257.7, '202606': -41.7, '202609': 13.2, '202612': -11.5}",{},"{'202403': False, '202406': False, '202409': False, '202412': False, '202503': False, '202506': False, '202509': False, '202512': False, '202603': False, '202606': False, '202609': True, '202612': True}"
A098460,고영,전자장비와기기,1971101755700,202712,True,-1.0,,8.0,16,0,0,23.0,202606,202612,True,"{'202503': 46.2, '202506': -20.5, '202509': 575.8, '202603': 209.1, '202606': 479.1, '202609': 231.4, '202612': 142.7, '202703': 78.2, '202706': 35.9, '202709': 8.0, '202712': -1.0}",{'202512': '흑전'},"{'202403': False, '202406': False, '202409': False, '202412': False, '202503': False, '202506': False, '202509': False, '202512': False, '202603': False, '202606': False, '202609': True, '202612': True, '202703': True, '202706': True, '202709': True, '202712': True}"
A099190,아이센스,건강관리장비와용품,476135169300,202703,True,262.7,,87.3,13,1,1,-27.6,202606,202612,True,"{'202503': 299.5, '202506': -14.7, '202509': -76.0, '202603': -71.0, '202606': 293.2, '202609': 243.9, '202612': 87.3, '202703': 262.7}",{'202512': '흑전'},"{'202403': False, '202406': False, '202409': False, '202412': False, '202503': False, '202506': False, '202509': False, '202512': False, '202603': False, '202606': False, '202609': True, '202612': True, '202703': True}"
A099320,쎄트렉아이,우주항공과국방,849819172800,202612,True,147.7,,181.0,12,2,0,84.3,202606,202612,True,"{'202509': 213.2, '202512': 228.4, '202606': -32.5, '202609': 181.0, '202612': 147.7}","{'202503': '흑전', '202506': '흑전', '202603': '적전'}","{'202403': False, '202406': False, '202409': False, '202412': False, '202503': False, '202506': False, '202509': False, '202512': False, '202603': False, '202606': False, '202609': True, '202612': True}"
A099430,바이오플러스,건강관리장비와용품,203722586210,202612,True,774.7,,66.2,12,1,1,21.7,202606,202612,True,"{'202503': 193.7, '202506': -23.8, '202509': 3.3, '202512': -93.0, '202603': -20.4, '202606': 202.3, '202609': 66.2, '202612': 774.7}",{},"{'202403': False, '202406': False, '202409': False, '202412': False, '202503': False, '202506': False, '202509': False, '202512': False, '202603': False, '202606': False, '202609': True, '202612': True}"
A100090,SK오션플랜트,에너지장비및서비스,720997608660,202712,True,81.8,,38.2,16,0,2,-93.3,202606,202612,True,"{'202503': 23.4, '202506': 3.8, '202509': 26.7, '202512': 410.9, '202603': 52.7, '202606': 24.4, '202609': -41.8, '202612': -26.7, '202703': -22.3, '202706': -32.3, '202709': 38.2, '202712': 81.8}",{},"{'202403': False, '202406': False, '202409': False, '202412': False, '202503': False, '202506': False, '202509': False, '202512': False, '202603': False, '202606': False, '202609': True, '202612': True, '202703': True, '202706': True, '202709': True, '202712': True}"
A100120,뷰웍스,건강관리장비와용품,226976698300,202612,True,27.2,,82.4,12,0,0,1.5,202606,202612,True,"{'202503': -71.1, '202506': 73.9, '202509': -4.9, '202512': 23.0, '202603': 329.5, '202606': 63.8, '202609': 82.4, '202612': 27.2}",{},"{'202403': False, '202406': False, '202409': False, '202412': False, '202503': False, '202506': False, '202509': False, '202512': False, '202603': False, '202606': False, '202609': True, '202612': True}"
A100130,동국S&C,에너지장비및서비스,84171639000,202612,True,,흑전,,12,0,0,40.6,202606,202612,True,{'202506': -41.2},"{'202503': '흑전', '202509': '적전', '202512': '적자', '202603': '적전', '202606': '적전', '202609': '흑전', '202612': '흑전'}","{'202403': False, '202406': False, '202409': False, '202412': False, '202503': False, '202506': False, '202509': False, '202512': False, '202603': False, '202606': False, '202609': True, '202612': True}"
A100840,SNT에너지,에너지장비및서비스,796210145500,202612,True,-8.0,,35.7,12,0,0,217.3,202606,202612,True,"{'202503': 328.0, '202506': 445.1, '202509': 370.2, '202512': 417.3, '202603': 77.1, '202606': -22.3, '202609': 35.7, '202612': -8.0}",{},"{'202403': False, '202406': False, '202409': False, '202412': False, '202503': False, '202506': False, '202509': False, '202512': False, '202603': False, '202606': False, '202609': True, '202612': True}"
A101490,에스앤에스텍,반도체와반도체장비,918466540950,202612,True,-11.3,,39.4,12,0,0,-18.0,202606,202612,True,"{'202503': 61.2, '202506': 56.1, '202509': 24.1, '202512': 232.7, '202603': -4.2, '202606': 2.3, '202609': 39.4, '202612': -11.3}",{},"{'202403': False, '202406': False, '202409': False, '202412': False, '202503': False, '202506': False, '202509': False, '202512': False, '202603': False, '202606': False, '202609': True, '202612': True}"
A102710,이엔에프테크놀로지,반도체와반도체장비,615091339800,202712,True,77.5,,26.9,16,0,3,-81.0,202606,202612,True,"{'202503': 210.6, '202506': 50.3, '202509': 20.1, '202512': -39.8, '202603': 16.1, '202606': 16.0, '202609': 31.2, '202612': 72.2, '202703': 14.8, '202706': 25.5, '202709': 26.9, '202712': 77.5}",{},"{'202403': False, '202406': False, '202409': False, '202412': False, '202503': False, '202506': False, '202509': False, '202512': False, '202603': False, '202606': False, '202609': True, '202612': True, '202703': True, '202706': True, '202709': True, '202712': True}"
A103140,풍산,비철금속,2213917962000,202712,True,11.5,,-11.8,16,0,3,-201.6,202606,202612,True,"{'202503': 28.5, '202506': -42.0, '202509': -42.7, '202512': 170.3, '202603': 29.3, '202606': 33.8, '202609': 160.9, '202612': 14.8, '202703': -29.1, '202706': -18.8, '202709': -11.8, '202712': 11.5}",{},"{'202403': False, '202406': False, '202409': False, '202412': False, '202503': False, '202506': False, '202509': False, '202512': False, '202603': False, '202606': False, '202609': True, '202612': True, '202703': True, '202706': True, '202709': True, '202712': True}"
A103590,일진전기,전기장비,3647932335000,202712,True,4.0,,9.5,16,0,0,-46.4,202606,202612,True,"{'202503': 86.4, '202506': 53.4, '202509': 140.8, '202512': 98.5, '202603': 49.1, '202606': 91.4, '202609': 76.8, '202612': 52.2, '202703': 30.2, '202706': -5.8, '202709': 9.5, '202712': 4.0}",{},"{'202403': False, '202406': False, '202409': False, '202412': False, '202503': False, '202506': False, '202509': False, '202512': False, '202603': False, '202606': False, '202609': True, '202612': True, '202703': True, '202706': True, '202709': True, '202712': True}"
A104700,한국철강,철강,348462000000,202612,True,,흑전,,12,0,0,112.8,202606,202612,True,{},"{'202503': '적전', '202506': '적전', '202509': '적전', '202512': '적자', '202603': '적자', '202606': '적자', '202609': '적자', '202612': '흑전'}","{'202403': False, '202406': False, '202409': False, '202412': False, '202503': False, '202506': False, '202509': False, '202512': False, '202603': False, '202606': False, '202609': True, '202612': True}"
A104830,원익머트리얼즈,화학,431824000000,202612,True,21.8,,28.2,12,0,0,52.4,202606,202612,True,"{'202503': 30.0, '202506': -29.1, '202509': 17.7, '202512': 29.2, '202603': 6.3, '202606': 28.9, '202609': 28.2, '202612': 21.8}",{},"{'202403': False, '202406': False, '202409': False, '202412': False, '202503': False, '202506': False, '202509': False, '202512': False, '202603': False, '202606': False, '202609': True, '202612': True}"
A105560,KB금융,은행,62318634863800,202712,True,15.5,,7.3,16,0,3,-11915.5,202606,202612,True,"{'202503': -2.2, '202506': -7.4, '202509': -1.3, '202512': 70.3, '202603': 19.0, '202606': 27.2, '202609': 8.8, '202612': -13.4, '202703': -14.4, '202706': -3.8, '202709': 7.3, '202712': 15.5}",{},"{'202403': False, '202406': False, '202409': False, '202412': False, '202503': False, '202506': False, '202509': False, '202512': False, '202603': False, '202606': False, '202609': True, '202612': True, '202703': True, '202706': True, '202709': True, '202712': True}"
A105630,한세실업,"섬유,의류,신발,호화품",344000000000,202612,True,27.5,,12.9,12,0,1,-184.7,202606,202612,True,"{'202503': -46.8, '202506': -71.0, '202509': -18.2, '202512': -15.4, '202603': -48.5, '202606': 192.8, '202609': 12.9, '202612': 27.5}",{},"{'202403': False, '202406': False, '202409': False, '202412': False, '202503': False, '202506': False, '202509': False, '202512': False, '202603': False, '202606': False, '202609': True, '202612': True}"
A105840,우진,기계,293876098500,202612,True,141.8,,-34.9,12,1,2,20.9,202606,202612,True,"{'202506': -53.6, '202512': -54.3, '202606': -78.8, '202609': -34.9, '202612': 141.8}","{'202503': '적전', '202509': '흑전', '202603': '흑전'}","{'202403': False, '202406': False, '202409': False, '202412': False, '202503': False, '202506': False, '202509': False, '202512': False, '202603': False, '202606': False, '202609': True, '202612': True}"
A107640,한중엔시에스,전기장비,351266657500,202612,True,-15.6,,-47.7,12,0,1,92.5,202606,202612,True,"{'202506': -83.3, '202509': -3.7, '202512': -53.8, '202609': -47.7, '202612': -15.6}","{'202503': '적자', '202603': '흑전', '202606': '적전'}","{'202403': False, '202406': False, '202409': False, '202412': False, '202503': False, '202506': False, '202509': False, '202512': False, '202603': False, '202606': False, '202609': True, '202612': True}"
A108320,LX세미콘,디스플레이장비및부품,586328015000,202612,True,-38.6,,43.3,12,0,0,-67.1,202606,202612,True,"{'202503': 29.1, '202506': -81.8, '202509': -59.1, '202512': -18.4, '202603': -65.5, '202606': 115.1, '202609': 43.3, '202612': -38.6}",{},"{'202403': False, '202406': False, '202409': False, '202412': False, '202503': False, '202506': False, '202509': False, '202512': False, '202603': False, '202606': False, '202609': True, '202612': True}"
A108380,대양전기공업,조선,182066346990,202712,True,-1.2,,5.3,16,0,0,5.4,202606,202612,True,"{'202503': 140.2, '202506': 88.8, '202509': 165.6, '202512': 6.7, '202603': 9.9, '202606': 30.7, '202609': -1.9, '202612': 3.5, '202703': 27.5, '202706': 5.8, '202709': 5.3, '202712': -1.2}",{},"{'202403': False, '202406': False, '202409': False, '202412': False, '202503': False, '202506': False, '202509': False, '202512': False, '202603': False, '202606': False, '202609': True, '202612': True, '202703': True, '202706': True, '202709': True, '202712': True}"
A108490,로보티즈,기계,4400108400000,202712,True,98.5,,211.0,16,0,0,6.4,202606,202612,True,"{'202506': 177.8, '202606': 722.9, '202609': 1032.6, '202612': 27.5, '202706': 303.8, '202709': 211.0, '202712': 98.5}","{'202503': '흑전', '202509': '흑전', '202512': '흑전', '202603': '적전', '202703': '흑전'}","{'202403': False, '202406': False, '202409': False, '202412': False, '202503': False, '202506': False, '202509': False, '202512': False, '202603': False, '202606': False, '202609': True, '202612': True, '202703': True, '202706': True, '202709': True, '202712': True}"
A108670,LX하우시스,건축자재,295036343000,202612,True,,흑전,17.2,12,0,0,-429.3,202606,202612,True,"{'202503': -78.2, '202506': -66.2, '202509': -1.1, '202603': 549.7, '202606': 329.0, '202609': 17.2}","{'202512': '적전', '202612': '흑전'}","{'202403': False, '202406': False, '202409': False, '202412': False, '202503': False, '202506': False, '202509': False, '202512': False, '202603': False, '202606': False, '202609': True, '202612': True}"
A111380,동인기연,"섬유,의류,신발,호화품",79602720000,202612,True,-4.8,,19.0,12,0,0,-9.3,202606,202612,True,"{'202503': -19.7, '202506': -21.3, '202509': 52.0, '202512': 32.5, '202603': 54.1, '202606': 86.4, '202609': 19.0, '202612': -4.8}",{},"{'202403': False, '202406': False, '202409': False, '202412': False, '202503': False, '202506': False, '202509': False, '202512': False, '202603': False, '202606': False, '202609': True, '202612': True}"
A111770,영원무역,"섬유,의류,신발,호화품",3194856842800,202612,True,22.7,,16.8,12,0,1,-465.1,202606,202612,True,"{'202503': 15.9, '202506': -12.5, '202509': 73.4, '202603': 46.3, '202606': 20.5, '202609': 16.8, '202612': 22.7}",{'202512': '흑전'},"{'202403': False, '202406': False, '202409': False, '202412': False, '202503': False, '202506': False, '202509': False, '202512': False, '202603': False, '202606': False, '202609': True, '202612': True}"
A112040,위메이드,게임엔터테인먼트,508208790510,202612,True,40.2,,-12.6,12,0,1,549.6,202606,202612,True,"{'202509': -49.2, '202512': 42.4, '202609': -12.6, '202612': 40.2}","{'202503': '적자', '202506': '적자', '202603': '흑전', '202606': '적자'}","{'202403': False, '202406': False, '202409': False, '202412': False, '202503': False, '202506': False, '202509': False, '202512': False, '202603': False, '202606': False, '202609': True, '202612': True}"
A112610,씨에스윈드,에너지장비및서비스,2125438711200,202712,True,49.5,,16.7,16,0,1,-254.2,202606,202612,True,"{'202506': -52.2, '202509': -40.2, '202512': 100.0, '202603': -40.7, '202606': 45.2, '202609': 25.9, '202612': -13.6, '202703': 27.5, '202706': 17.1, '202709': 16.7, '202712': 49.5}",{'202503': '흑전'},"{'202403': False, '202406': False, '202409': False, '202412': False, '202503': False, '202506': False, '202509': False, '202512': False, '202603': False, '202606': False, '202609': True, '202612': True, '202703': True, '202706': True, '202709': True, '202712': True}"
A114090,GKL,"호텔,레스토랑,레저",549278349600,202703,True,11.3,,,13,0,0,-105.0,202606,202612,True,"{'202503': 45.6, '202506': 20.8, '202509': 198.8, '202603': -10.0, '202606': 30.5, '202609': 8.0, '202703': 11.3}","{'202512': '적전', '202612': '흑전'}","{'202403': False, '202406': False, '202409': False, '202412': False, '202503': False, '202506': False, '202509': False, '202512': False, '202603': False, '202606': False, '202609': True, '202612': True, '202703': True}"
A114810,한솔아이원스,반도체와반도체장비,380777144220,202612,True,409.5,,49.3,12,1,4,84.4,202606,202612,True,"{'202503': 143.3, '202506': 25.1, '202509': 99.9, '202512': -52.6, '202603': -40.2, '202606': -27.8, '202609': 49.3, '202612': 409.5}",{},"{'202403': False, '202406': False, '202409': False, '202412': False, '202503': False, '202506': False, '202509': False, '202512': False, '202603': False, '202606': False, '202609': True, '202612': True}"
A114840,아이패밀리에스씨,화장품,138622309350,202612,True,5.8,,-3.0,12,0,3,1.9,202606,202612,True,"{'202503': -39.2, '202506': 3.2, '202509': -31.9, '202512': 13.6, '202603': -48.3, '202606': -5.1, '202609': -3.0, '202612': 5.8}",{},"{'202403': False, '202406': False, '202409': False, '202412': False, '202503': False, '202506': False, '202509': False, '202512': False, '202603': False, '202606': False, '202609': True, '202612': True}"
A115440,우리넷,통신장비,100710744360,202612,True,,흑전,1363.5,12,0,0,59.6,202606,202612,True,"{'202506': -78.0, '202606': -81.4, '202609': 1363.5}","{'202503': '적전', '202509': '흑전', '202512': '적전', '202603': '적자', '202612': '흑전'}","{'202403': False, '202406': False, '202409': False, '202412': False, '202503': False, '202506': False, '202509': False, '202512': False, '202603': False, '202606': False, '202609': True, '202612': True}"
A119610,인터로조,건강관리장비와용품,165156919090,202612,True,35.2,,75.9,12,0,0,24.6,202606,202612,True,"{'202503': -60.6, '202506': 217.0, '202509': 10.2, '202603': 185.9, '202606': -5.7, '202609': 75.9, '202612': 35.2}",{'202512': '흑전'},"{'202403': False, '202406': False, '202409': False, '202412': False, '202503': False, '202506': False, '202509': False, '202512': False, '202603': False, '202606': False, '202609': True, '202612': True}"
A119850,지엔씨에너지,전기장비,903045104100,202612,True,70.0,,0.3,12,0,3,58.4,202606,202612,True,"{'202503': 529.8, '202506': 311.0, '202509': -3.5, '202512': -28.3, '202603': -70.6, '202606': -16.8, '202609': 0.3, '202612': 70.0}",{},"{'202403': False, '202406': False, '202409': False, '202412': False, '202503': False, '202506': False, '202509': False, '202512': False, '202603': False, '202606': False, '202609': True, '202612': True}"
A120110,코오롱인더,화학,1653020966400,202712,True,9.5,,4.8,16,0,2,-339.0,202606,202612,True,"{'202503': -13.5, '202506': -25.7, '202509': -12.8, '202512': -72.7, '202603': 129.9, '202606': 118.0, '202609': 95.2, '202612': 564.4, '202703': 3.4, '202706': -47.3, '202709': 4.8, '202712': 9.5}",{},"{'202403': False, '202406': False, '202409': False, '202412': False, '202503': False, '202506': False, '202509': False, '202512': False, '202603': False, '202606': False, '202609': True, '202612': True, '202703': True, '202706': True, '202709': True, '202712': True}"
A121600,나노신소재,화학,627824179200,202612,True,235.6,,420.4,12,4,0,1.6,202606,202612,True,"{'202503': -83.2, '202506': -22.0, '202509': 418.9, '202603': 837.9, '202606': 189.3, '202609': 420.4, '202612': 235.6}",{'202512': '흑전'},"{'202403': False, '202406': False, '202409': False, '202412': False, '202503': False, '202506': False, '202509': False, '202512': False, '202603': False, '202606': False, '202609': True, '202612': True}"
A122450,KX,복합기업,115859270890,202612,True,251.3,,12.8,12,1,1,-221.6,202606,202612,True,"{'202506': -40.0, '202509': -15.4, '202512': -71.1, '202606': 38.0, '202609': 12.8, '202612': 251.3}","{'202503': '적전', '202603': '흑전'}","{'202403': False, '202406': False, '202409': False, '202412': False, '202503': False, '202506': False, '202509': False, '202512': False, '202603': False, '202606': False, '202609': True, '202612': True}"
A122640,예스티,반도체와반도체장비,679851605000,202612,True,,흑전,730.0,12,0,0,53.8,202606,202612,True,"{'202503': -11.0, '202506': 0.9, '202509': -74.3, '202603': 38.1, '202606': 60.3, '202609': 730.0}","{'202512': '적전', '202612': '흑전'}","{'202403': False, '202406': False, '202409': False, '202412': False, '202503': False, '202506': False, '202509': False, '202512': False, '202603': False, '202606': False, '202609': True, '202612': True}"
A122870,와이지엔터테인먼트,방송과엔터테인먼트,794369582500,202703,True,-4.5,,76.3,13,0,0,182.1,202606,202612,True,"{'202512': 2077.9, '202603': 238.5, '202606': 33.3, '202609': -6.7, '202612': 76.3, '202703': -4.5}","{'202503': '흑전', '202506': '흑전', '202509': '흑전'}","{'202403': False, '202406': False, '202409': False, '202412': False, '202503': False, '202506': False, '202509': False, '202512': False, '202603': False, '202606': False, '202609': True, '202612': True, '202703': True}"
A122900,아이마켓코리아,상업서비스와공급품,278796525600,202712,True,17.6,,5.0,16,0,1,-7.3,202606,202612,True,"{'202503': -20.7, '202506': -36.2, '202509': -17.0, '202603': 70.3, '202606': 171.0, '202609': 144.5, '202703': 26.7, '202706': 29.8, '202709': 5.0, '202712': 17.6}","{'202512': '적전', '202612': '흑전'}","{'202403': False, '202406': False, '202409': False, '202412': False, '202503': False, '202506': False, '202509': False, '202512': False, '202603': False, '202606': False, '202609': True, '202612': True, '202703': True, '202706': True, '202709': True, '202712': True}"
A123330,제닉,화장품,193638924000,202612,True,6551.4,,103.6,12,2,4,-30.4,202606,202612,True,"{'202506': 514.4, '202509': 171.9, '202512': -97.1, '202603': -9.3, '202606': 82.9, '202609': 103.6, '202612': 6551.4}",{'202503': '흑전'},"{'202403': False, '202406': False, '202409': False, '202412': False, '202503': False, '202506': False, '202509': False, '202512': False, '202603': False, '202606': False, '202609': True, '202612': True}"
A123890,한국자산신탁,부동산,297368640180,202612,True,,흑전,-13.0,12,0,0,-120.3,202606,202612,True,"{'202503': -40.0, '202506': -26.6, '202509': 406.1, '202603': -39.2, '202606': 273.5, '202609': -13.0}","{'202512': '적전', '202612': '흑전'}","{'202403': False, '202406': False, '202409': False, '202412': False, '202503': False, '202506': False, '202509': False, '202512': False, '202603': False, '202606': False, '202609': True, '202612': True}"
A125020,티씨머티리얼즈,전기장비,215837468000,202612,True,448.5,,171.4,12,4,2,20.9,202606,202612,True,"{'202503': -19.2, '202506': -52.9, '202509': -45.4, '202512': -24.5, '202603': 169.4, '202606': 164.4, '202609': 171.4, '202612': 448.5}",{},"{'202403': False, '202406': False, '202409': False, '202412': False, '202503': False, '202506': False, '202509': False, '202512': False, '202603': False, '202606': False, '202609': True, '202612': True}"
A125490,한라캐스트,자동차부품,452629164800,202712,True,26.7,,32.4,16,0,0,12.4,202606,202612,True,"{'202503': 961.4, '202506': 64.1, '202509': 460.5, '202512': 50.0, '202603': -65.1, '202606': 14.9, '202609': 77.9, '202612': 313.3, '202703': 73.6, '202706': -10.9, '202709': 32.4, '202712': 26.7}",{},"{'202403': False, '202406': False, '202409': False, '202412': False, '202503': False, '202506': False, '202509': False, '202512': False, '202603': False, '202606': False, '202609': True, '202612': True, '202703': True, '202706': True, '202709': True, '202712': True}"
A126340,비나텍,전기장비,588075906600,202612,True,944.9,,,12,1,0,64.0,202606,202612,True,"{'202506': 37.8, '202606': -48.0, '202612': 944.9}","{'202503': '적전', '202509': '흑전', '202512': '흑전', '202603': '적자', '202609': '적전'}","{'202403': False, '202406': False, '202409': False, '202412': False, '202503': False, '202506': False, '202509': False, '202512': False, '202603': False, '202606': False, '202609': True, '202612': True}"
A126700,하이비젼시스템,핸드셋,158386387200,202612,True,,흑전,,12,0,0,206.2,202606,202612,True,{},"{'202503': '적전', '202506': '적전', '202509': '적전', '202512': '적자', '202603': '적자', '202606': '적자', '202609': '흑전', '202612': '흑전'}","{'202403': False, '202406': False, '202409': False, '202412': False, '202503': False, '202506': False, '202509': False, '202512': False, '202603': False, '202606': False, '202609': True, '202612': True}"
A126720,수산인더스트리,에너지장비및서비스,309291900000,202612,True,14.2,,4.0,12,0,2,80.4,202606,202612,True,"{'202503': 12.4, '202506': -49.0, '202509': 347.2, '202512': 3.5, '202603': 29.2, '202606': -42.9, '202609': 4.0, '202612': 14.2}",{},"{'202403': False, '202406': False, '202409': False, '202412': False, '202503': False, '202506': False, '202509': False, '202512': False, '202603': False, '202606': False, '202609': True, '202612': True}"
A128940,한미약품,제약,6431117482000,202712,True,-1.4,,-10.7,16,0,2,-419.4,202606,202612,True,"{'202503': -23.0, '202506': 4.0, '202509': 8.0, '202512': 173.4, '202603': -9.1, '202606': 116.9, '202609': 66.2, '202612': 7.1, '202703': 53.1, '202706': -35.0, '202709': -10.7, '202712': -1.4}",{},"{'202403': False, '202406': False, '202409': False, '202412': False, '202503': False, '202506': False, '202509': False, '202512': False, '202603': False, '202606': False, '202609': True, '202612': True, '202703': True, '202706': True, '202709': True, '202712': True}"
A130580,나이스디앤비,상업서비스와공급품,103950000000,202612,True,22.7,,-13.5,12,0,1,-94.8,202606,202612,True,"{'202503': -48.7, '202506': 3.5, '202509': 7.7, '202512': -20.8, '202603': 101.8, '202606': 10.4, '202609': -13.5, '202612': 22.7}",{},"{'202403': False, '202406': False, '202409': False, '202412': False, '202503': False, '202506': False, '202509': False, '202512': False, '202603': False, '202606': False, '202609': True, '202612': True}"
A131290,티에스이,반도체와반도체장비,3108261549000,202712,True,38.9,,18.7,16,0,1,-79.5,202606,202612,True,"{'202506': 70.0, '202509': -44.2, '202512': 44.6, '202603': 1247.0, '202606': 254.7, '202609': 340.9, '202612': 125.3, '202703': 48.8, '202706': 21.3, '202709': 18.7, '202712': 38.9}",{'202503': '흑전'},"{'202403': False, '202406': False, '202409': False, '202412': False, '202503': False, '202506': False, '202509': False, '202512': False, '202603': False, '202606': False, '202609': True, '202612': True, '202703': True, '202706': True, '202709': True, '202712': True}"
A131970,두산테스나,반도체와반도체장비,1805164029200,202712,True,56.1,,180.3,16,0,0,54.0,202606,202612,True,"{'202509': -52.2, '202609': 66.0, '202612': 1.5, '202703': 195.4, '202706': 117.2, '202709': 180.3, '202712': 56.1}","{'202503': '적전', '202506': '적전', '202512': '흑전', '202603': '흑전', '202606': '흑전'}","{'202403': False, '202406': False, '202409': False, '202412': False, '202503': False, '202506': False, '202509': False, '202512': False, '202603': False, '202606': False, '202609': True, '202612': True, '202703': True, '202706': True, '202709': True, '202712': True}"
A137400,피엔티,전기제품,678739357200,202612,True,1.7,,24.8,12,0,0,423.0,202606,202612,True,"{'202503': -62.2, '202506': -15.3, '202509': -56.6, '202512': -33.7, '202603': -39.0, '202606': -83.6, '202609': 24.8, '202612': 1.7}",{},"{'202403': False, '202406': False, '202409': False, '202412': False, '202503': False, '202506': False, '202509': False, '202512': False, '202603': False, '202606': False, '202609': True, '202612': True}"
A138040,메리츠금융지주,증권,21571063489700,202612,True,69.2,,-1.5,12,0,1,-3939.0,202606,202612,True,"{'202503': -6.4, '202506': -5.6, '202509': -4.4, '202512': -33.7, '202603': 18.4, '202606': 1.9, '202609': -1.5, '202612': 69.2}",{},"{'202403': False, '202406': False, '202409': False, '202412': False, '202503': False, '202506': False, '202509': False, '202512': False, '202603': False, '202606': False, '202609': True, '202612': True}"
A138080,오이솔루션,통신장비,350290551400,202712,True,638.1,,168.0,16,2,1,19.2,202606,202612,True,"{'202709': 168.0, '202712': 638.1}","{'202503': '적자', '202506': '적자', '202509': '적자', '202512': '적자', '202603': '적자', '202606': '적자', '202609': '흑전', '202612': '흑전', '202703': '흑전', '202706': '흑전'}","{'202403': False, '202406': False, '202409': False, '202412': False, '202503': False, '202506': False, '202509': False, '202512': False, '202603': False, '202606': False, '202609': True, '202612': True, '202703': True, '202706': True, '202709': True, '202712': True}"
A138930,BNK금융지주,은행,4795905308130,202712,True,-60.6,,34.0,16,0,0,-1060.8,202606,202612,True,"{'202503': -33.9, '202506': -13.1, '202509': 57.5, '202512': 111.8, '202603': 37.5, '202606': -7.9, '202609': -10.1, '202612': 113.9, '202703': 12.7, '202706': 56.6, '202709': 34.0, '202712': -60.6}",{},"{'202403': False, '202406': False, '202409': False, '202412': False, '202503': False, '202506': False, '202509': False, '202512': False, '202603': False, '202606': False, '202609': True, '202612': True, '202703': True, '202706': True, '202709': True, '202712': True}"
A139130,iM금융지주,은행,2866377684800,202712,True,-58.7,,2.7,16,0,0,-1391.7,202606,202612,True,"{'202503': 31.9, '202506': 493.3, '202509': 37.0, '202603': -7.3, '202606': -8.0, '202609': 33.8, '202612': 119.1, '202703': 13.4, '202706': 37.9, '202709': 2.7, '202712': -58.7}",{'202512': '흑전'},"{'202403': False, '202406': False, '202409': False, '202412': False, '202503': False, '202506': False, '202509': False, '202512': False, '202603': False, '202606': False, '202609': True, '202612': True, '202703': True, '202706': True, '202709': True, '202712': True}"
A139480,이마트,백화점과일반상점,2006216041300,202712,True,53.1,,27.9,16,0,1,1273.2,202606,202612,True,"{'202503': 238.2, '202509': 35.6, '202603': 11.9, '202609': 16.6, '202703': 11.6, '202709': 27.9, '202712': 53.1}","{'202506': '흑전', '202512': '적자', '202606': '적전', '202612': '흑전', '202706': '흑전'}","{'202403': False, '202406': False, '202409': False, '202412': False, '202503': False, '202506': False, '202509': False, '202512': False, '202603': False, '202606': False, '202609': True, '202612': True, '202703': True, '202706': True, '202709': True, '202712': True}"
A140860,파크시스템스,전자장비와기기,1761120953500,202712,True,-24.3,,6.0,16,0,0,201.5,202606,202612,True,"{'202503': 2480.6, '202506': -5.7, '202509': -1.3, '202512': -49.1, '202603': -84.0, '202606': -64.8, '202609': 108.1, '202612': 188.8, '202703': 352.8, '202706': 286.6, '202709': 6.0, '202712': -24.3}",{},"{'202403': False, '202406': False, '202409': False, '202412': False, '202503': False, '202506': False, '202509': False, '202512': False, '202603': False, '202606': False, '202609': True, '202612': True, '202703': True, '202706': True, '202709': True, '202712': True}"
A144510,지씨셀,건강관리업체및서비스,220414798800,202612,True,,적자,,12,0,0,-15.9,202606,202612,True,{},"{'202503': '적자', '202506': '적자', '202509': '적자', '202512': '적자', '202603': '적자', '202606': '적자', '202609': '적자', '202612': '적자'}","{'202403': False, '202406': False, '202409': False, '202412': False, '202503': False, '202506': False, '202509': False, '202512': False, '202603': False, '202606': False, '202609': True, '202612': True}"
A144960,뉴파워프라즈마,반도체와반도체장비,533923865280,202612,True,175.3,,131.5,12,4,2,-80.9,202606,202612,True,"{'202503': -34.2, '202506': 11.4, '202509': 252.3, '202512': -15.2, '202603': 293.1, '202606': 123.6, '202609': 131.5, '202612': 175.3}",{},"{'202403': False, '202406': False, '202409': False, '202412': False, '202503': False, '202506': False, '202509': False, '202512': False, '202603': False, '202606': False, '202609': True, '202612': True}"
A145020,휴젤,생물공학,2382888939200,202712,True,46.5,,47.9,16,0,0,12.2,202606,202612,True,"{'202503': 62.6, '202506': 33.6, '202509': -11.2, '202512': 24.5, '202603': 22.3, '202606': -1.1, '202609': 3.5, '202612': -1.0, '202703': 20.7, '202706': 20.3, '202709': 47.9, '202712': 46.5}",{},"{'202403': False, '202406': False, '202409': False, '202412': False, '202503': False, '202506': False, '202509': False, '202512': False, '202603': False, '202606': False, '202609': True, '202612': True, '202703': True, '202706': True, '202709': True, '202712': True}"
A145720,덴티움,건강관리장비와용품,321671134300,202712,True,82.5,,83.3,16,0,0,139.6,202606,202612,True,"{'202503': -50.1, '202506': -43.9, '202509': -48.8, '202512': -2.5, '202603': 65.4, '202606': -5.5, '202609': 22.5, '202612': 8.1, '202703': -22.4, '202706': 80.4, '202709': 83.3, '202712': 82.5}",{},"{'202403': False, '202406': False, '202409': False, '202412': False, '202503': False, '202506': False, '202509': False, '202512': False, '202603': False, '202606': False, '202609': True, '202612': True, '202703': True, '202706': True, '202709': True, '202712': True}"
A146320,비씨엔씨,반도체와반도체장비,133738295350,202612,True,298.0,,95.6,12,1,2,21.6,202606,202612,True,"{'202606': 14.3, '202609': 95.6, '202612': 298.0}","{'202503': '적전', '202506': '흑전', '202509': '흑전', '202512': '흑전', '202603': '흑전'}","{'202403': False, '202406': False, '202409': False, '202412': False, '202503': False, '202506': False, '202509': False, '202512': False, '202603': False, '202606': False, '202609': True, '202612': True}"
A148150,세경하이테크,핸드셋,140749559280,202612,True,288.7,,-13.9,12,1,1,-13.3,202606,202612,True,"{'202506': -85.7, '202509': -60.5, '202512': -77.8, '202606': 80.6, '202609': -13.9, '202612': 288.7}","{'202503': '적전', '202603': '적자'}","{'202403': False, '202406': False, '202409': False, '202412': False, '202503': False, '202506': False, '202509': False, '202512': False, '202603': False, '202606': False, '202609': True, '202612': True}"
A149950,아바텍,디스플레이장비및부품,169889548290,202612,True,19.1,,18.1,12,0,2,28.6,202606,202612,True,"{'202506': -72.7, '202509': 400.8, '202606': -74.6, '202609': 18.1, '202612': 19.1}","{'202503': '적전', '202512': '흑전', '202603': '흑전'}","{'202403': False, '202406': False, '202409': False, '202412': False, '202503': False, '202506': False, '202509': False, '202512': False, '202603': False, '202606': False, '202609': True, '202612': True}"
A160980,싸이맥스,반도체와반도체장비,285668954450,202612,True,369.0,,80.8,12,1,4,-2.9,202606,202612,True,"{'202503': 80.8, '202506': 31.5, '202509': 2.3, '202512': -69.2, '202603': -36.0, '202606': 52.3, '202609': 80.8, '202612': 369.0}",{},"{'202403': False, '202406': False, '202409': False, '202412': False, '202503': False, '202506': False, '202509': False, '202512': False, '202603': False, '202606': False, '202609': True, '202612': True}"
A161390,한국타이어앤테크놀로지,자동차부품,7122816467500,202712,True,18.3,,12.1,16,0,3,157.8,202606,202612,True,"{'202503': -11.1, '202506': -15.8, '202509': 24.6, '202512': 15.5, '202603': 43.0, '202606': 58.1, '202609': -8.1, '202612': 5.1, '202703': 5.1, '202706': 7.6, '202709': 12.1, '202712': 18.3}",{},"{'202403': False, '202406': False, '202409': False, '202412': False, '202503': False, '202506': False, '202509': False, '202512': False, '202603': False, '202606': False, '202609': True, '202612': True, '202703': True, '202706': True, '202709': True, '202712': True}"
A161580,필옵틱스,전자장비와기기,753668241050,202612,True,,흑전,,12,0,0,192.8,202606,202612,True,{},"{'202503': '적자', '202506': '적전', '202509': '적자', '202512': '적전', '202603': '적자', '202606': '적자', '202609': '흑전', '202612': '흑전'}","{'202403': False, '202406': False, '202409': False, '202412': False, '202503': False, '202506': False, '202509': False, '202512': False, '202603': False, '202606': False, '202609': True, '202612': True}"
A161890,한국콜마,화장품,3448701749700,202712,True,-1.6,,25.9,16,0,0,-443.0,202606,202612,True,"{'202503': 84.8, '202506': 2.4, '202509': 7.0, '202512': 36.2, '202603': 31.6, '202606': 50.2, '202609': 57.9, '202612': 38.0, '202703': 24.9, '202706': 15.7, '202709': 25.9, '202712': -1.6}",{},"{'202403': False, '202406': False, '202409': False, '202412': False, '202503': False, '202506': False, '202509': False, '202512': False, '202603': False, '202606': False, '202609': True, '202612': True, '202703': True, '202706': True, '202709': True, '202712': True}"
A166090,하나머티리얼즈,반도체와반도체장비,1123371883200,202712,True,31.7,,34.7,16,0,0,12.8,202606,202612,True,"{'202503': 33.1, '202506': -11.2, '202509': 0.0, '202512': 36.4, '202603': 144.3, '202606': 206.1, '202609': 106.1, '202612': 30.8, '202703': 35.0, '202706': 21.8, '202709': 34.7, '202712': 31.7}",{},"{'202403': False, '202406': False, '202409': False, '202412': False, '202503': False, '202506': False, '202509': False, '202512': False, '202603': False, '202606': False, '202609': True, '202612': True, '202703': True, '202706': True, '202709': True, '202712': True}"
A170030,현대공업,자동차부품,72711600000,202612,True,31.4,,-25.2,12,0,1,-48.6,202606,202612,True,"{'202503': -84.0, '202506': 92.5, '202509': 52.4, '202603': 594.7, '202606': 3.7, '202609': -25.2, '202612': 31.4}",{'202512': '흑전'},"{'202403': False, '202406': False, '202409': False, '202412': False, '202503': False, '202506': False, '202509': False, '202512': False, '202603': False, '202606': False, '202609': True, '202612': True}"
A170900,동아에스티,제약,339016652850,202712,True,36.9,,5.7,16,0,1,21.1,202606,202612,True,"{'202509': 221.9, '202609': -24.3, '202703': 24.4, '202706': 68.4, '202709': 5.7, '202712': 36.9}","{'202503': '적자', '202506': '적자', '202512': '적자', '202603': '흑전', '202606': '흑전', '202612': '흑전'}","{'202403': False, '202406': False, '202409': False, '202412': False, '202503': False, '202506': False, '202509': False, '202512': False, '202603': False, '202606': False, '202609': True, '202612': True, '202703': True, '202706': True, '202709': True, '202712': True}"
A170920,엘티씨,반도체와반도체장비,372913647800,202612,True,65.6,,147.4,12,0,0,-115.0,202606,202612,True,"{'202503': 461.6, '202506': 36.1, '202509': 1.8, '202512': -34.7, '202603': 92.0, '202606': 372.4, '202609': 147.4, '202612': 65.6}",{},"{'202403': False, '202406': False, '202409': False, '202412': False, '202503': False, '202506': False, '202509': False, '202512': False, '202603': False, '202606': False, '202609': True, '202612': True}"
A171090,선익시스템,디스플레이장비및부품,705895532200,202612,True,34.4,,38.9,12,0,0,821.4,202606,202612,True,"{'202506': 437.2, '202512': 1581.4, '202609': 38.9, '202612': 34.4}","{'202503': '적자', '202509': '흑전', '202603': '흑전', '202606': '적전'}","{'202403': False, '202406': False, '202409': False, '202412': False, '202503': False, '202506': False, '202509': False, '202512': False, '202603': False, '202606': False, '202609': True, '202612': True}"
A172670,에이엘티,반도체와반도체장비,117648200670,202612,True,247.9,,,12,1,0,7.7,202606,202612,True,{'202612': 247.9},"{'202503': '적자', '202506': '적자', '202509': '적자', '202512': '흑전', '202603': '적자', '202606': '흑전', '202609': '흑전'}","{'202403': False, '202406': False, '202409': False, '202412': False, '202503': False, '202506': False, '202509': False, '202512': False, '202603': False, '202606': False, '202609': True, '202612': True}"
A175330,JB금융지주,은행,5744872179200,202712,True,-20.8,,14.4,16,0,0,-1073.2,202606,202612,True,"{'202503': -4.6, '202506': 3.1, '202509': 7.7, '202512': 18.1, '202603': 1.8, '202606': 14.5, '202609': 8.3, '202612': 6.1, '202703': 33.3, '202706': -2.5, '202709': 14.4, '202712': -20.8}",{},"{'202403': False, '202406': False, '202409': False, '202412': False, '202503': False, '202506': False, '202509': False, '202512': False, '202603': False, '202606': False, '202609': True, '202612': True, '202703': True, '202706': True, '202709': True, '202712': True}"
A178320,서진시스템,전기장비,2007289903500,202612,True,186.7,,,12,1,0,867.6,202606,202612,True,"{'202503': -51.8, '202512': 2241.0, '202612': 186.7}","{'202506': '적전', '202509': '적전', '202603': '적전', '202606': '적자', '202609': '흑전'}","{'202403': False, '202406': False, '202409': False, '202412': False, '202503': False, '202506': False, '202509': False, '202512': False, '202603': False, '202606': False, '202609': True, '202612': True}"
A178920,PI첨단소재,화학,533292407520,202712,True,27.2,,9.9,16,0,2,-99.3,202606,202612,True,"{'202503': 249.4, '202506': -5.3, '202509': -1.8, '202512': 170.0, '202603': 62.8, '202606': 42.1, '202609': 69.3, '202612': 96.8, '202703': -11.7, '202706': -12.5, '202709': 9.9, '202712': 27.2}",{},"{'202403': False, '202406': False, '202409': False, '202412': False, '202503': False, '202506': False, '202509': False, '202512': False, '202603': False, '202606': False, '202609': True, '202612': True, '202703': True, '202706': True, '202709': True, '202712': True}"
A181710,NHN,IT서비스,1849216798000,202712,True,14.7,,16.9,16,0,0,44.3,202606,202612,True,"{'202503': 1.3, '202506': -23.0, '202512': 120.9, '202603': -5.0, '202606': 164.1, '202609': 96.5, '202612': 12.9, '202703': 101.9, '202706': 1.0, '202709': 16.9, '202712': 14.7}",{'202509': '흑전'},"{'202403': False, '202406': False, '202409': False, '202412': False, '202503': False, '202506': False, '202509': False, '202512': False, '202603': False, '202606': False, '202609': True, '202612': True, '202703': True, '202706': True, '202709': True, '202712': True}"
A183190,아세아시멘트,건축자재,377771856000,202612,True,122.6,,-1.0,12,1,2,-67.1,202606,202612,True,"{'202503': -69.3, '202506': -28.7, '202509': -33.1, '202512': -66.9, '202603': 14.0, '202606': -41.9, '202609': -1.0, '202612': 122.6}",{},"{'202403': False, '202406': False, '202409': False, '202412': False, '202503': False, '202506': False, '202509': False, '202512': False, '202603': False, '202606': False, '202609': True, '202612': True}"
A183300,코미코,반도체와반도체장비,1589693361250,202612,True,64.4,,27.7,12,0,3,119.5,202606,202612,True,"{'202503': 12.6, '202506': -18.2, '202509': -10.8, '202512': 26.0, '202603': -34.6, '202606': -10.3, '202609': 27.7, '202612': 64.4}",{},"{'202403': False, '202406': False, '202409': False, '202412': False, '202503': False, '202506': False, '202509': False, '202512': False, '202603': False, '202606': False, '202609': True, '202612': True}"
A185750,종근당,제약,891659588000,202712,True,50.7,,-13.1,16,0,1,13.7,202606,202612,True,"{'202503': -59.6, '202506': -34.0, '202509': -19.4, '202512': 247.1, '202603': 13.1, '202606': -21.3, '202609': -9.0, '202612': -14.9, '202703': 39.8, '202706': 15.0, '202709': -13.1, '202712': 50.7}",{},"{'202403': False, '202406': False, '202409': False, '202412': False, '202503': False, '202506': False, '202509': False, '202512': False, '202603': False, '202606': False, '202609': True, '202612': True, '202703': True, '202706': True, '202709': True, '202712': True}"
A189300,인텔리안테크,통신장비,731223545700,202712,True,21.3,,83.2,16,0,0,151.2,202606,202612,True,"{'202506': 93.7, '202606': 304.7, '202609': 233.5, '202612': 12.1, '202703': 692.1, '202706': 48.5, '202709': 83.2, '202712': 21.3}","{'202503': '적자', '202509': '흑전', '202512': '흑전', '202603': '흑전'}","{'202403': False, '202406': False, '202409': False, '202412': False, '202503': False, '202506': False, '202509': False, '202512': False, '202603': False, '202606': False, '202609': True, '202612': True, '202703': True, '202706': True, '202709': True, '202712': True}"
A190510,나무가,핸드셋,221702889580,202612,True,10.2,,-26.2,12,0,2,18.5,202606,202612,True,"{'202503': 24.8, '202506': 112.5, '202509': 34.0, '202512': -14.1, '202603': -58.8, '202606': -72.0, '202609': -26.2, '202612': 10.2}",{},"{'202403': False, '202406': False, '202409': False, '202412': False, '202503': False, '202506': False, '202509': False, '202512': False, '202603': False, '202606': False, '202609': True, '202612': True}"
A192080,더블유게임즈,게임엔터테인먼트,1240765224800,202712,True,-1.2,,2.6,16,0,0,36.9,202606,202612,True,"{'202503': -11.2, '202506': -19.0, '202509': -0.5, '202512': 5.6, '202603': 25.1, '202606': 29.0, '202609': 21.0, '202612': 15.4, '202703': 10.0, '202706': 9.0, '202709': 2.6, '202712': -1.2}",{},"{'202403': False, '202406': False, '202409': False, '202412': False, '202503': False, '202506': False, '202509': False, '202512': False, '202603': False, '202606': False, '202609': True, '202612': True, '202703': True, '202706': True, '202709': True, '202712': True}"
A192400,쿠쿠홀딩스,가정용기기와용품,956622776500,202612,True,11.9,,-4.4,12,0,1,88.8,202606,202612,True,"{'202503': 7.3, '202506': 13.3, '202509': 34.3, '202512': -3.3, '202603': -20.3, '202606': 52.9, '202609': -4.4, '202612': 11.9}",{},"{'202403': False, '202406': False, '202409': False, '202412': False, '202503': False, '202506': False, '202509': False, '202512': False, '202603': False, '202606': False, '202609': True, '202612': True}"
A192650,드림텍,핸드셋,562014651370,202612,True,956.8,,38.3,12,1,2,216.0,202606,202612,True,"{'202503': -16.8, '202506': 286.3, '202509': 38.0, '202512': 23.3, '202603': -95.8, '202606': -98.8, '202609': 38.3, '202612': 956.8}",{},"{'202403': False, '202406': False, '202409': False, '202412': False, '202503': False, '202506': False, '202509': False, '202512': False, '202603': False, '202606': False, '202609': True, '202612': True}"
A192820,코스맥스,화장품,3064367430000,202712,True,20.1,,16.8,16,0,1,-112.8,202606,202612,True,"{'202503': 13.0, '202506': 30.2, '202509': -1.6, '202512': 2.7, '202603': 3.3, '202606': 21.2, '202609': 58.4, '202612': 52.7, '202703': 34.0, '202706': 24.8, '202709': 16.8, '202712': 20.1}",{},"{'202403': False, '202406': False, '202409': False, '202412': False, '202503': False, '202506': False, '202509': False, '202512': False, '202603': False, '202606': False, '202609': True, '202612': True, '202703': True, '202706': True, '202709': True, '202712': True}"
A194370,제이에스코퍼레이션,"섬유,의류,신발,호화품",381570367700,202612,True,22.7,,33.6,12,0,0,-37.8,202606,202612,True,"{'202503': 47.0, '202506': 7.6, '202509': -5.3, '202512': 32.3, '202603': 8.7, '202606': 100.8, '202609': 33.6, '202612': 22.7}",{},"{'202403': False, '202406': False, '202409': False, '202412': False, '202503': False, '202506': False, '202509': False, '202512': False, '202603': False, '202606': False, '202609': True, '202612': True}"
A194480,데브시스터즈,게임엔터테인먼트,171950089500,202612,True,,흑전,,12,0,0,184.7,202606,202612,True,"{'202503': 15.6, '202506': 104.4}","{'202509': '적전', '202512': '적전', '202603': '적전', '202606': '적전', '202609': '흑전', '202612': '흑전'}","{'202403': False, '202406': False, '202409': False, '202412': False, '202503': False, '202506': False, '202509': False, '202512': False, '202603': False, '202606': False, '202609': True, '202612': True}"
A194700,노바렉스,건강관리업체및서비스,184373964800,202612,True,11.2,,7.7,12,0,2,9.3,202606,202612,True,"{'202503': 136.3, '202506': 50.0, '202509': 133.0, '202512': 58.8, '202603': 68.0, '202606': -0.5, '202609': 7.7, '202612': 11.2}",{},"{'202403': False, '202406': False, '202409': False, '202412': False, '202503': False, '202506': False, '202509': False, '202512': False, '202603': False, '202606': False, '202609': True, '202612': True}"
A195870,해성디에스,반도체와반도체장비,1014900000000,202612,True,49.7,,111.3,12,0,0,77.7,202606,202612,True,"{'202503': -98.3, '202506': -54.3, '202509': 37.6, '202512': 247.8, '202603': 2995.3, '202606': 202.2, '202609': 111.3, '202612': 49.7}",{},"{'202403': False, '202406': False, '202409': False, '202412': False, '202503': False, '202506': False, '202509': False, '202512': False, '202603': False, '202606': False, '202609': True, '202612': True}"
A195940,HK이노엔,제약,1089284308950,202712,True,11.8,,32.5,16,0,0,68.6,202606,202612,True,"{'202503': 47.0, '202506': -19.8, '202509': 16.4, '202512': 64.5, '202603': 30.8, '202606': 53.6, '202609': 20.7, '202612': -8.1, '202703': 14.9, '202706': 29.5, '202709': 32.5, '202712': 11.8}",{},"{'202403': False, '202406': False, '202409': False, '202412': False, '202503': False, '202506': False, '202509': False, '202512': False, '202603': False, '202606': False, '202609': True, '202612': True, '202703': True, '202706': True, '202709': True, '202712': True}"
A196170,알테오젠,생물공학,17378955683500,202712,True,29.5,,71.8,16,0,0,824.2,202606,202612,True,"{'202503': 253.5, '202512': -14.7, '202603': -35.6, '202609': 185.7, '202612': 493.7, '202703': 92.4, '202706': 197.7, '202709': 71.8, '202712': 29.5}","{'202506': '적자', '202509': '흑전', '202606': '흑전'}","{'202403': False, '202406': False, '202409': False, '202412': False, '202503': False, '202506': False, '202509': False, '202512': False, '202603': False, '202606': False, '202609': True, '202612': True, '202703': True, '202706': True, '202709': True, '202712': True}"
A200670,휴메딕스,제약,271764306000,202712,True,3.3,,1.6,16,0,1,5.1,202606,202612,True,"{'202503': 7.3, '202506': -17.3, '202509': -2.9, '202512': 9.3, '202603': -22.0, '202606': 8.2, '202609': 41.5, '202612': 9.6, '202703': 39.2, '202706': 5.3, '202709': 1.6, '202712': 3.3}",{},"{'202403': False, '202406': False, '202409': False, '202412': False, '202503': False, '202506': False, '202509': False, '202512': False, '202603': False, '202606': False, '202609': True, '202612': True, '202703': True, '202706': True, '202709': True, '202712': True}"
A200710,에이디테크놀로지,반도체와반도체장비,352704583400,202612,True,146.7,,57.4,12,1,1,79.7,202606,202612,True,"{'202609': 57.4, '202612': 146.7}","{'202503': '적자', '202506': '적자', '202509': '흑전', '202512': '흑전', '202603': '적자', '202606': '적자'}","{'202403': False, '202406': False, '202409': False, '202412': False, '202503': False, '202506': False, '202509': False, '202512': False, '202603': False, '202606': False, '202609': True, '202612': True}"
A204270,제이앤티씨,핸드셋,1449104073300,202612,True,,흑전,,12,0,0,330.1,202606,202612,True,{},"{'202503': '적전', '202506': '적자', '202509': '적자', '202512': '적자', '202603': '적자', '202606': '적자', '202609': '적자', '202612': '흑전'}","{'202403': False, '202406': False, '202409': False, '202412': False, '202503': False, '202506': False, '202509': False, '202512': False, '202603': False, '202606': False, '202609': True, '202612': True}"
A204320,HL만도,자동차부품,2150636096000,202712,True,-5.4,,10.5,16,0,0,-2.7,202606,202612,True,"{'202503': 4.7, '202506': 16.2, '202509': 14.1, '202512': -28.2, '202603': 18.2, '202606': 2.8, '202609': 8.6, '202612': 34.0, '202703': -1.6, '202706': 0.9, '202709': 10.5, '202712': -5.4}",{},"{'202403': False, '202406': False, '202409': False, '202412': False, '202503': False, '202506': False, '202509': False, '202512': False, '202603': False, '202606': False, '202609': True, '202612': True, '202703': True, '202706': True, '202709': True, '202712': True}"
A204620,글로벌텍스프리,기타금융,411157480500,202612,True,23.2,,15.1,12,0,2,0.6,202606,202612,True,"{'202503': 64.5, '202506': 31.3, '202509': 38.4, '202512': 18.3, '202603': 12.8, '202606': 8.2, '202609': 15.1, '202612': 23.2}",{},"{'202403': False, '202406': False, '202409': False, '202412': False, '202503': False, '202506': False, '202509': False, '202512': False, '202603': False, '202606': False, '202609': True, '202612': True}"
A207940,삼성바이오로직스,제약,64390712841000,202712,True,1.3,,29.4,16,0,0,1101.6,202606,202612,True,"{'202503': 94.4, '202506': 9.8, '202509': 131.5, '202512': 15.6, '202603': 35.0, '202606': 22.9, '202609': -22.9, '202612': 84.2, '202703': 12.0, '202706': 29.2, '202709': 29.4, '202712': 1.3}",{},"{'202403': False, '202406': False, '202409': False, '202412': False, '202503': False, '202506': False, '202509': False, '202512': False, '202603': False, '202606': False, '202609': True, '202612': True, '202703': True, '202706': True, '202709': True, '202712': True}"
A211050,인카금융서비스,손해보험,493129206570,202612,True,15.2,,15.2,12,0,0,-46.6,202606,202612,True,"{'202503': 14.5, '202506': 13.0, '202509': -8.6, '202512': 30.6, '202603': 23.0, '202606': 36.1, '202609': 15.2, '202612': 15.2}",{},"{'202403': False, '202406': False, '202409': False, '202412': False, '202503': False, '202506': False, '202509': False, '202512': False, '202603': False, '202606': False, '202609': True, '202612': True}"
A213420,덕산네오룩스,디스플레이장비및부품,712654837300,202712,True,-3.3,,21.2,16,0,0,144.8,202606,202612,True,"{'202503': -3.6, '202506': 2.3, '202509': 39.5, '202512': 17.6, '202603': 72.7, '202606': 80.0, '202609': 47.1, '202612': 43.0, '202703': 11.8, '202706': 31.4, '202709': 21.2, '202712': -3.3}",{},"{'202403': False, '202406': False, '202409': False, '202412': False, '202503': False, '202506': False, '202509': False, '202512': False, '202603': False, '202606': False, '202609': True, '202612': True, '202703': True, '202706': True, '202709': True, '202712': True}"
A213500,한솔제지,종이와목재,178028308480,202612,True,268.4,,1011.6,12,3,0,-224.0,202606,202612,True,"{'202503': -40.1, '202506': 281.2, '202603': -44.7, '202606': 162.8, '202609': 1011.6, '202612': 268.4}","{'202509': '흑전', '202512': '흑전'}","{'202403': False, '202406': False, '202409': False, '202412': False, '202503': False, '202506': False, '202509': False, '202512': False, '202603': False, '202606': False, '202609': True, '202612': True}"
A214150,클래시스,건강관리장비와용품,1992949382450,202712,True,27.9,,20.7,16,0,1,152.5,202606,202612,True,"{'202503': 46.3, '202506': 37.9, '202509': 29.9, '202512': 43.0, '202603': -4.1, '202606': 2.2, '202609': 33.0, '202612': 15.6, '202703': 55.1, '202706': 32.5, '202709': 20.7, '202712': 27.9}",{},"{'202403': False, '202406': False, '202409': False, '202412': False, '202503': False, '202506': False, '202509': False, '202512': False, '202603': False, '202606': False, '202609': True, '202612': True, '202703': True, '202706': True, '202709': True, '202712': True}"
A214180,헥토이노베이션,IT서비스,181257469650,202612,True,48.3,,9.0,12,0,2,24.7,202606,202612,True,"{'202503': 19.2, '202506': 19.5, '202509': 5.4, '202512': -25.4, '202603': 24.1, '202606': -4.0, '202609': 9.0, '202612': 48.3}",{},"{'202403': False, '202406': False, '202409': False, '202412': False, '202503': False, '202506': False, '202509': False, '202512': False, '202603': False, '202606': False, '202609': True, '202612': True}"
A214260,라파스,화장품,67275371020,202612,True,,흑전,,12,0,0,21.7,202606,202612,True,{},"{'202503': '적자', '202506': '적자', '202509': '적자', '202512': '적자', '202603': '적자', '202606': '적자', '202609': '흑전', '202612': '흑전'}","{'202403': False, '202406': False, '202409': False, '202412': False, '202503': False, '202506': False, '202509': False, '202512': False, '202603': False, '202606': False, '202609': True, '202612': True}"
A214320,이노션,광고,722400000000,202612,True,6.9,,4.2,12,0,1,37.7,202606,202612,True,"{'202503': -2.1, '202506': -0.7, '202509': 11.8, '202512': 6.1, '202603': 33.3, '202606': 22.4, '202609': 4.2, '202612': 6.9}",{},"{'202403': False, '202406': False, '202409': False, '202412': False, '202503': False, '202506': False, '202509': False, '202512': False, '202603': False, '202606': False, '202609': True, '202612': True}"
A214420,토니모리,화장품,120514542990,202612,True,479.2,,29.0,12,1,2,23.4,202606,202612,True,"{'202503': 58.5, '202506': 4.8, '202509': 12.8, '202512': 26.6, '202603': 14.2, '202606': -59.5, '202609': 29.0, '202612': 479.2}",{},"{'202403': False, '202406': False, '202409': False, '202412': False, '202503': False, '202506': False, '202509': False, '202512': False, '202603': False, '202606': False, '202609': True, '202612': True}"
A214430,아이쓰리시스템,우주항공과국방,508582164000,202612,True,28.7,,18.6,12,0,1,1.4,202606,202612,True,"{'202503': 42.2, '202506': -35.5, '202509': 47.2, '202512': 2.3, '202603': -24.4, '202606': 79.9, '202609': 18.6, '202612': 28.7}",{},"{'202403': False, '202406': False, '202409': False, '202412': False, '202503': False, '202506': False, '202509': False, '202512': False, '202603': False, '202606': False, '202609': True, '202612': True}"
A214450,파마리서치,건강관리장비와용품,3366245952000,202712,True,24.0,,19.9,16,0,1,88.4,202606,202612,True,"{'202503': 67.7, '202506': 81.7, '202509': 77.2, '202512': 54.1, '202603': 28.1, '202606': 19.0, '202609': 18.9, '202612': 45.1, '202703': 19.7, '202706': 27.6, '202709': 19.9, '202712': 24.0}",{},"{'202403': False, '202406': False, '202409': False, '202412': False, '202503': False, '202506': False, '202509': False, '202512': False, '202603': False, '202606': False, '202609': True, '202612': True, '202703': True, '202706': True, '202709': True, '202712': True}"
A215000,골프존,"호텔,레스토랑,레저",224346086250,202612,True,15.3,,-33.3,12,0,2,5.8,202606,202612,True,"{'202503': -15.4, '202506': -22.8, '202509': -44.4, '202512': -43.7, '202603': -47.4, '202606': -66.5, '202609': -33.3, '202612': 15.3}",{},"{'202403': False, '202406': False, '202409': False, '202412': False, '202503': False, '202506': False, '202509': False, '202512': False, '202603': False, '202606': False, '202609': True, '202612': True}"
A215200,메가스터디교육,교육서비스,375220819200,202612,True,17.5,,2.0,12,0,2,-178.6,202606,202612,True,"{'202503': 29.3, '202506': 1.8, '202509': -2.1, '202512': -46.9, '202603': -0.8, '202606': -13.0, '202609': 2.0, '202612': 17.5}",{},"{'202403': False, '202406': False, '202409': False, '202412': False, '202503': False, '202506': False, '202509': False, '202512': False, '202603': False, '202606': False, '202609': True, '202612': True}"
A218410,RFHIC,통신장비,1567951078000,202712,True,11.5,,21.0,16,0,0,105.1,202606,202612,True,"{'202503': 829.0, '202512': 366.4, '202603': 107.1, '202606': 34.7, '202609': 123.4, '202612': 88.9, '202703': 84.8, '202706': 51.1, '202709': 21.0, '202712': 11.5}","{'202506': '흑전', '202509': '흑전'}","{'202403': False, '202406': False, '202409': False, '202412': False, '202503': False, '202506': False, '202509': False, '202512': False, '202603': False, '202606': False, '202609': True, '202612': True, '202703': True, '202706': True, '202709': True, '202712': True}"
A219130,타이거일렉,반도체와반도체장비,485568901000,202612,True,307.3,,769.4,12,4,0,24.2,202606,202612,True,"{'202503': 2413.1, '202509': 5968.9, '202603': 250.9, '202606': 137.5, '202609': 769.4, '202612': 307.3}","{'202506': '흑전', '202512': '흑전'}","{'202403': False, '202406': False, '202409': False, '202412': False, '202503': False, '202506': False, '202509': False, '202512': False, '202603': False, '202606': False, '202609': True, '202612': True}"
A222040,코스맥스엔비티,건강관리업체및서비스,151615800000,202612,True,413.0,,,12,1,0,6.3,202606,202612,True,"{'202503': 49.1, '202506': -24.2, '202512': -48.1, '202603': 1080.1, '202606': 236.2, '202612': 413.0}","{'202509': '적전', '202609': '흑전'}","{'202403': False, '202406': False, '202409': False, '202412': False, '202503': False, '202506': False, '202509': False, '202512': False, '202603': False, '202606': False, '202609': True, '202612': True}"
A222800,심텍,전자장비와기기,5699558300600,202712,True,31.0,,50.0,16,0,0,326.8,202606,202612,True,"{'202506': 53.6, '202509': 2328.3, '202606': 1034.4, '202609': 576.0, '202612': 831.5, '202703': 689.1, '202706': 80.0, '202709': 50.0, '202712': 31.0}","{'202503': '적자', '202512': '흑전', '202603': '흑전'}","{'202403': False, '202406': False, '202409': False, '202412': False, '202503': False, '202506': False, '202509': False, '202512': False, '202603': False, '202606': False, '202609': True, '202612': True, '202703': True, '202706': True, '202709': True, '202712': True}"
A226330,신테카바이오,건강관리업체및서비스,31341949700,202612,True,,흑전,,12,0,0,29.2,202606,202612,True,{},"{'202503': '적자', '202506': '적자', '202509': '적자', '202512': '적자', '202603': '적자', '202606': '적자', '202609': '적자', '202612': '흑전'}","{'202403': False, '202406': False, '202409': False, '202412': False, '202503': False, '202506': False, '202509': False, '202512': False, '202603': False, '202606': False, '202609': True, '202612': True}"
A226400,오스테오닉,건강관리장비와용품,85332412130,202612,True,69.2,,43.7,12,0,2,16.3,202606,202612,True,"{'202503': 28.5, '202506': 56.5, '202509': 36.0, '202512': 2.8, '202603': 55.7, '202606': -11.9, '202609': 43.7, '202612': 69.2}",{},"{'202403': False, '202406': False, '202409': False, '202412': False, '202503': False, '202506': False, '202509': False, '202512': False, '202603': False, '202606': False, '202609': True, '202612': True}"
A228850,레이언스,건강관리장비와용품,130903100460,202612,True,,흑전,240.0,12,0,0,-0.1,202606,202612,True,"{'202509': -36.4, '202609': 240.0}","{'202503': '적전', '202506': '적전', '202512': '적자', '202603': '흑전', '202606': '흑전', '202612': '흑전'}","{'202403': False, '202406': False, '202409': False, '202412': False, '202503': False, '202506': False, '202509': False, '202512': False, '202603': False, '202606': False, '202609': True, '202612': True}"
A229640,LS에코에너지,전기장비,1822180300500,202712,True,61.7,,35.7,16,0,2,-71.4,202606,202612,True,"{'202503': 58.1, '202506': 60.2, '202509': 17.7, '202512': 67.9, '202603': 31.1, '202606': 7.0, '202609': 41.7, '202612': 38.5, '202703': 27.3, '202706': 6.5, '202709': 35.7, '202712': 61.7}",{},"{'202403': False, '202406': False, '202409': False, '202412': False, '202503': False, '202506': False, '202509': False, '202512': False, '202603': False, '202606': False, '202609': True, '202612': True, '202703': True, '202706': True, '202709': True, '202712': True}"
A230240,에치에프알,통신장비,182200210000,202712,True,,흑전,,16,0,0,30.8,202606,202612,True,{},"{'202503': '적자', '202506': '흑전', '202509': '적자', '202512': '흑전', '202603': '적자', '202606': '적전', '202609': '적자', '202612': '적전', '202703': '적자', '202706': '적자', '202709': '흑전', '202712': '흑전'}","{'202403': False, '202406': False, '202409': False, '202412': False, '202503': False, '202506': False, '202509': False, '202512': False, '202603': False, '202606': False, '202609': True, '202612': True, '202703': True, '202706': True, '202709': True, '202712': True}"
A232140,와이씨,반도체와반도체장비,1174068958500,202612,True,95.2,,267.4,12,0,0,29.9,202606,202612,True,"{'202506': -56.3, '202512': 737.3, '202606': 244.9, '202609': 267.4, '202612': 95.2}","{'202503': '적전', '202509': '흑전', '202603': '흑전'}","{'202403': False, '202406': False, '202409': False, '202412': False, '202503': False, '202506': False, '202509': False, '202512': False, '202603': False, '202606': False, '202609': True, '202612': True}"
A234080,JW생명과학,제약,173230020760,202612,True,8.2,,22.9,12,0,0,-11.5,202606,202612,True,"{'202503': 7.0, '202506': 11.9, '202509': -23.8, '202512': -21.0, '202603': 1.3, '202606': -0.4, '202609': 22.9, '202612': 8.2}",{},"{'202403': False, '202406': False, '202409': False, '202412': False, '202503': False, '202506': False, '202509': False, '202512': False, '202603': False, '202606': False, '202609': True, '202612': True}"
A234340,헥토파이낸셜,IT서비스,298972038400,202612,True,89.3,,27.3,12,0,2,21.4,202606,202612,True,"{'202503': -9.4, '202506': 7.4, '202509': 9.1, '202512': 131.2, '202603': 149.8, '202606': 20.2, '202609': 27.3, '202612': 89.3}",{},"{'202403': False, '202406': False, '202409': False, '202412': False, '202503': False, '202506': False, '202509': False, '202512': False, '202603': False, '202606': False, '202609': True, '202612': True}"
A236200,슈프리마,전자장비와기기,361269309800,202612,True,19.6,,28.7,12,0,0,53.4,202606,202612,True,"{'202503': 156.5, '202506': 12.5, '202509': 13.8, '202512': 50.6, '202603': -5.3, '202606': 34.2, '202609': 28.7, '202612': 19.6}",{},"{'202403': False, '202406': False, '202409': False, '202412': False, '202503': False, '202506': False, '202509': False, '202512': False, '202603': False, '202606': False, '202609': True, '202612': True}"
A237690,에스티팜,제약,1891423402800,202712,True,15.0,,87.9,16,0,0,91.8,202606,202612,True,"{'202503': -45.5, '202509': 141.6, '202512': 15.3, '202603': 1024.6, '202606': 41.7, '202609': 22.5, '202612': 4.7, '202703': 82.6, '202706': 96.6, '202709': 87.9, '202712': 15.0}",{'202506': '흑전'},"{'202403': False, '202406': False, '202409': False, '202412': False, '202503': False, '202506': False, '202509': False, '202512': False, '202603': False, '202606': False, '202609': True, '202612': True, '202703': True, '202706': True, '202709': True, '202712': True}"
A237880,클리오,화장품,218301944240,202612,True,8.8,,37.0,12,0,0,-39.5,202606,202612,True,"{'202503': -86.5, '202506': -63.2, '202509': -26.3, '202512': 6310.3, '202603': 404.2, '202606': 230.0, '202609': 37.0, '202612': 8.8}",{},"{'202403': False, '202406': False, '202409': False, '202412': False, '202503': False, '202506': False, '202509': False, '202512': False, '202603': False, '202606': False, '202609': True, '202612': True}"
A239890,피엔에이치테크,디스플레이장비및부품,35520324125,202612,True,373.3,,-58.7,12,1,3,14.4,202606,202612,True,"{'202503': -74.4, '202506': 34.1, '202509': 39.7, '202603': -81.2, '202606': -62.9, '202609': -58.7, '202612': 373.3}",{'202512': '흑전'},"{'202403': False, '202406': False, '202409': False, '202412': False, '202503': False, '202506': False, '202509': False, '202512': False, '202603': False, '202606': False, '202609': True, '202612': True}"
A240550,동방메디컬,건강관리장비와용품,129581088600,202612,True,1.3,,42.7,12,0,0,-7.6,202606,202612,True,"{'202503': 53.0, '202506': -22.4, '202509': -14.0, '202512': 93.3, '202603': 41.5, '202606': 102.7, '202609': 42.7, '202612': 1.3}",{},"{'202403': False, '202406': False, '202409': False, '202412': False, '202503': False, '202506': False, '202509': False, '202512': False, '202603': False, '202606': False, '202609': True, '202612': True}"
A240810,원익IPS,반도체와반도체장비,6395632300300,202712,True,4.4,,-16.0,16,0,1,603.3,202606,202612,True,"{'202509': 90.4, '202512': -33.8, '202606': -49.6, '202609': 157.6, '202612': 357.5, '202703': 598.7, '202706': 242.7, '202709': -16.0, '202712': 4.4}","{'202503': '적자', '202506': '흑전', '202603': '흑전'}","{'202403': False, '202406': False, '202409': False, '202412': False, '202503': False, '202506': False, '202509': False, '202512': False, '202603': False, '202606': False, '202609': True, '202612': True, '202703': True, '202706': True, '202709': True, '202712': True}"
A241560,두산밥캣,기계,5588408589500,202612,True,19.2,,34.8,12,0,0,-1149.6,202606,202612,True,"{'202503': -39.9, '202506': -13.0, '202509': 6.3, '202512': -17.7, '202603': 5.7, '202606': 40.0, '202609': 34.8, '202612': 19.2}",{},"{'202403': False, '202406': False, '202409': False, '202412': False, '202503': False, '202506': False, '202509': False, '202512': False, '202603': False, '202606': False, '202609': True, '202612': True}"
A241590,화승엔터프라이즈,"섬유,의류,신발,호화품",163591045200,202612,True,78.7,,11391.4,12,0,0,156.1,202606,202612,True,"{'202503': 151.9, '202506': -50.4, '202509': -99.3, '202512': -67.4, '202606': -21.7, '202609': 11391.4, '202612': 78.7}",{'202603': '적전'},"{'202403': False, '202406': False, '202409': False, '202412': False, '202503': False, '202506': False, '202509': False, '202512': False, '202603': False, '202606': False, '202609': True, '202612': True}"
A241710,코스메카코리아,화장품,1360632000000,202706,True,6.4,,27.5,14,0,0,-41.0,202606,202612,True,"{'202503': -10.5, '202506': 27.2, '202509': 78.8, '202512': 57.8, '202603': 78.0, '202606': 39.3, '202609': 21.6, '202612': 32.9, '202703': 27.5, '202706': 6.4}",{},"{'202403': False, '202406': False, '202409': False, '202412': False, '202503': False, '202506': False, '202509': False, '202512': False, '202603': False, '202606': False, '202609': True, '202612': True, '202703': True, '202706': True}"
A243840,신흥에스이씨,전기제품,211299127800,202712,True,5.8,,57.1,16,0,0,25.5,202606,202612,True,"{'202506': -65.2, '202509': 101.9, '202606': 142.9, '202609': 107.1, '202612': 44.1, '202703': 170.1, '202706': 34.7, '202709': 57.1, '202712': 5.8}","{'202503': '적전', '202512': '흑전', '202603': '흑전'}","{'202403': False, '202406': False, '202409': False, '202412': False, '202503': False, '202506': False, '202509': False, '202512': False, '202603': False, '202606': False, '202609': True, '202612': True, '202703': True, '202706': True, '202709': True, '202712': True}"
A244920,에이플러스에셋,손해보험,287569854960,202612,True,55.6,,74.7,12,0,0,4.6,202606,202612,True,"{'202503': 25.7, '202506': -11.8, '202509': -43.2, '202512': 46.0, '202603': 114.9, '202606': 13.2, '202609': 74.7, '202612': 55.6}",{},"{'202403': False, '202406': False, '202409': False, '202412': False, '202503': False, '202506': False, '202509': False, '202512': False, '202603': False, '202606': False, '202609': True, '202612': True}"
A247540,에코프로비엠,전기제품,10203714266200,202712,True,128.7,,154.5,16,2,0,51.7,202606,202612,True,"{'202503': -66.0, '202506': 1159.1, '202603': 822.6, '202606': -63.2, '202609': -63.5, '202612': -44.2, '202703': 18.5, '202706': 80.7, '202709': 154.5, '202712': 128.7}","{'202509': '흑전', '202512': '흑전'}","{'202403': False, '202406': False, '202409': False, '202412': False, '202503': False, '202506': False, '202509': False, '202512': False, '202603': False, '202606': False, '202609': True, '202612': True, '202703': True, '202706': True, '202709': True, '202712': True}"
A248070,솔루엠,전자장비와기기,627827178680,202612,True,73.8,,22.0,12,0,1,-78.3,202606,202612,True,"{'202503': -43.5, '202506': -40.6, '202509': -45.3, '202512': 539.9, '202603': 88.8, '202606': 78.6, '202609': 22.0, '202612': 73.8}",{},"{'202403': False, '202406': False, '202409': False, '202412': False, '202503': False, '202506': False, '202509': False, '202512': False, '202603': False, '202606': False, '202609': True, '202612': True}"
A249420,일동제약,제약,443251910520,202612,True,24.9,,18.3,12,0,1,79.2,202606,202612,True,"{'202503': 4274.8, '202506': -41.4, '202509': 87.6, '202512': -5.7, '202603': 120.0, '202606': 232.1, '202609': 18.3, '202612': 24.9}",{},"{'202403': False, '202406': False, '202409': False, '202412': False, '202503': False, '202506': False, '202509': False, '202512': False, '202603': False, '202606': False, '202609': True, '202612': True}"
A251120,바이오에프디엔씨,생물공학,76522160000,202612,True,80.9,,28.0,12,0,3,2.0,202606,202612,True,"{'202503': 49.1, '202506': 50.2, '202509': 59.0, '202512': -20.0, '202603': -28.8, '202606': 14.1, '202609': 28.0, '202612': 80.9}",{},"{'202403': False, '202406': False, '202409': False, '202412': False, '202503': False, '202506': False, '202509': False, '202512': False, '202603': False, '202606': False, '202609': True, '202612': True}"
A251270,넷마블,게임엔터테인먼트,2885597347500,202712,True,13.4,,5.5,16,0,1,174.0,202606,202612,True,"{'202503': 1246.1, '202506': -9.1, '202509': 38.7, '202512': 214.4, '202603': 6.7, '202606': -20.7, '202609': 6.4, '202612': -11.9, '202703': 112.9, '202706': 35.8, '202709': 5.5, '202712': 13.4}",{},"{'202403': False, '202406': False, '202409': False, '202412': False, '202503': False, '202506': False, '202509': False, '202512': False, '202603': False, '202606': False, '202609': True, '202612': True, '202703': True, '202706': True, '202709': True, '202712': True}"
A251970,펌텍코리아,포장재,711760000000,202706,True,20.1,,22.7,14,0,0,-37.3,202606,202612,True,"{'202503': 31.3, '202506': 52.6, '202509': 23.3, '202512': -36.0, '202603': -3.5, '202606': 11.4, '202609': 34.1, '202612': 115.2, '202703': 22.7, '202706': 20.1}",{},"{'202403': False, '202406': False, '202409': False, '202412': False, '202503': False, '202506': False, '202509': False, '202512': False, '202603': False, '202606': False, '202609': True, '202612': True, '202703': True, '202706': True}"
A252990,샘씨엔에스,반도체와반도체장비,1045984731930,202612,True,86.8,,78.7,12,0,1,-14.0,202606,202612,True,"{'202503': 138.0, '202506': 13.5, '202509': 75.7, '202603': 436.9, '202606': 175.9, '202609': 78.7, '202612': 86.8}",{'202512': '흑전'},"{'202403': False, '202406': False, '202409': False, '202412': False, '202503': False, '202506': False, '202509': False, '202512': False, '202603': False, '202606': False, '202609': True, '202612': True}"
A253450,스튜디오드래곤,방송과엔터테인먼트,605678734700,202612,True,-38.4,,29.6,12,0,0,-40.3,202606,202612,True,"{'202503': -80.1, '202512': 246.3, '202603': 50.1, '202609': 29.6, '202612': -38.4}","{'202506': '적전', '202509': '흑전', '202606': '흑전'}","{'202403': False, '202406': False, '202409': False, '202412': False, '202503': False, '202506': False, '202509': False, '202512': False, '202603': False, '202606': False, '202609': True, '202612': True}"
A253590,네오셈,반도체와반도체장비,579072964800,202712,True,-10.9,,14.0,16,0,0,-20.1,202606,202612,True,"{'202503': -41.3, '202512': -49.3, '202603': -60.7, '202606': 2208.7, '202612': 273.4, '202703': 1227.3, '202706': -13.7, '202709': 14.0, '202712': -10.9}","{'202506': '흑전', '202509': '적전', '202609': '흑전'}","{'202403': False, '202406': False, '202409': False, '202412': False, '202503': False, '202506': False, '202509': False, '202512': False, '202603': False, '202606': False, '202609': True, '202612': True, '202703': True, '202706': True, '202709': True, '202712': True}"
A257720,실리콘투,인터넷과카탈로그소매,2609934829600,202712,True,57.8,,36.7,16,0,2,-221.4,202606,202612,True,"{'202503': 62.1, '202506': 34.0, '202509': 48.1, '202512': 59.4, '202603': 35.2, '202606': 59.0, '202609': 39.2, '202612': 43.5, '202703': 28.4, '202706': 18.2, '202709': 36.7, '202712': 57.8}",{},"{'202403': False, '202406': False, '202409': False, '202412': False, '202503': False, '202506': False, '202509': False, '202512': False, '202603': False, '202606': False, '202609': True, '202612': True, '202703': True, '202706': True, '202709': True, '202712': True}"
A259960,크래프톤,게임엔터테인먼트,9241084486000,202712,True,112.8,,46.9,16,1,2,-2683.0,202606,202612,True,"{'202503': 47.3, '202506': -25.9, '202509': 7.5, '202512': -98.9, '202603': 22.8, '202606': 67.0, '202609': -4.0, '202612': 5761.8, '202703': -4.5, '202706': -9.5, '202709': 46.9, '202712': 112.8}",{},"{'202403': False, '202406': False, '202409': False, '202412': False, '202503': False, '202506': False, '202509': False, '202512': False, '202603': False, '202606': False, '202609': True, '202612': True, '202703': True, '202706': True, '202709': True, '202712': True}"
A263720,디앤씨미디어,출판,84371915290,202612,True,-56.2,,-63.1,12,0,1,-4.5,202606,202612,True,"{'202503': -10.2, '202506': 12.9, '202509': 38.2, '202603': 54.5, '202606': -49.6, '202609': -63.1, '202612': -56.2}",{'202512': '흑전'},"{'202403': False, '202406': False, '202409': False, '202412': False, '202503': False, '202506': False, '202509': False, '202512': False, '202603': False, '202606': False, '202609': True, '202612': True}"
A263750,펄어비스,게임엔터테인먼트,2146119526500,202712,True,6.4,,-71.2,16,0,1,-307.9,202606,202612,True,"{'202503': 1238.1, '202603': 2597.4, '202606': 7388.1, '202703': -89.0, '202706': -71.0, '202709': -71.2, '202712': 6.4}","{'202506': '흑전', '202509': '적자', '202512': '적전', '202609': '흑전', '202612': '흑전'}","{'202403': False, '202406': False, '202409': False, '202412': False, '202503': False, '202506': False, '202509': False, '202512': False, '202603': False, '202606': False, '202609': True, '202612': True, '202703': True, '202706': True, '202709': True, '202712': True}"
A263860,지니언스,소프트웨어,161344492000,202612,True,19.8,,40.2,12,0,0,32.3,202606,202612,True,"{'202506': -43.3, '202509': -52.2, '202512': -21.7, '202603': 4670.8, '202606': 143.1, '202609': 40.2, '202612': 19.8}",{'202503': '흑전'},"{'202403': False, '202406': False, '202409': False, '202412': False, '202503': False, '202506': False, '202509': False, '202512': False, '202603': False, '202606': False, '202609': True, '202612': True}"
A265740,엔에프씨,화장품,134512908000,202612,True,-11.5,,62.8,12,0,0,-5.0,202606,202612,True,"{'202509': 148.5, '202603': 186.1, '202606': 62.4, '202609': 62.8, '202612': -11.5}","{'202503': '흑전', '202506': '흑전', '202512': '흑전'}","{'202403': False, '202406': False, '202409': False, '202412': False, '202503': False, '202506': False, '202509': False, '202512': False, '202603': False, '202606': False, '202609': True, '202612': True}"
A267250,HD현대,조선,16351568595000,202612,True,59.3,,83.0,12,0,0,-9838.7,202606,202612,True,"{'202503': 62.1, '202506': 29.4, '202509': 294.5, '202512': 124.6, '202603': 120.4, '202606': 262.2, '202609': 83.0, '202612': 59.3}",{},"{'202403': False, '202406': False, '202409': False, '202412': False, '202503': False, '202506': False, '202509': False, '202512': False, '202603': False, '202606': False, '202609': True, '202612': True}"
A267260,HD현대일렉트릭,전기장비,25737654390000,202712,True,21.2,,33.5,16,0,0,832.9,202606,202612,True,"{'202503': 69.4, '202506': -0.4, '202509': 50.8, '202512': 93.0, '202603': 18.4, '202606': 37.2, '202609': 27.9, '202612': 15.4, '202703': 27.9, '202706': 32.5, '202709': 33.5, '202712': 21.2}",{},"{'202403': False, '202406': False, '202409': False, '202412': False, '202503': False, '202506': False, '202509': False, '202512': False, '202603': False, '202606': False, '202609': True, '202612': True, '202703': True, '202706': True, '202709': True, '202712': True}"
A267270,HD건설기계,기계,6530890575000,202712,True,-9.4,,-9.3,16,0,0,-832.8,202606,202612,True,"{'202503': -22.3, '202506': -31.6, '202509': 29.8, '202512': -5.3, '202603': 357.9, '202606': 521.5, '202609': 241.7, '202612': 396.2, '202703': 20.6, '202706': -12.0, '202709': -9.3, '202712': -9.4}",{},"{'202403': False, '202406': False, '202409': False, '202412': False, '202503': False, '202506': False, '202509': False, '202512': False, '202603': False, '202606': False, '202609': True, '202612': True, '202703': True, '202706': True, '202709': True, '202712': True}"
A267980,매일유업,식품,259414146300,202612,True,18.8,,15.1,12,0,1,-29.1,202606,202612,True,"{'202503': -33.3, '202506': -32.4, '202509': 23.9, '202512': -10.4, '202603': 44.6, '202606': 64.4, '202609': 15.1, '202612': 18.8}",{},"{'202403': False, '202406': False, '202409': False, '202412': False, '202503': False, '202506': False, '202509': False, '202512': False, '202603': False, '202606': False, '202609': True, '202612': True}"
A271560,오리온,식품,4383742589200,202612,True,10.2,,13.3,12,0,0,521.1,202606,202612,True,"{'202503': 5.0, '202506': -0.2, '202509': 0.6, '202512': 4.9, '202603': 26.0, '202606': 9.2, '202609': 13.3, '202612': 10.2}",{},"{'202403': False, '202406': False, '202409': False, '202412': False, '202503': False, '202506': False, '202509': False, '202512': False, '202603': False, '202606': False, '202609': True, '202612': True}"
A272110,케이엔제이,반도체와반도체장비,238755501250,202612,True,56.5,,49.2,12,0,2,27.4,202606,202612,True,"{'202503': 98.1, '202506': 17.8, '202509': 22.4, '202512': 151.6, '202603': 35.4, '202606': 19.6, '202609': 49.2, '202612': 56.5}",{},"{'202403': False, '202406': False, '202409': False, '202412': False, '202503': False, '202506': False, '202509': False, '202512': False, '202603': False, '202606': False, '202609': True, '202612': True}"
A272210,한화시스템,우주항공과국방,14622360708600,202712,True,49.5,,58.1,16,0,0,-442.9,202606,202612,True,"{'202503': -26.0, '202506': -61.5, '202509': -20.5, '202512': -80.2, '202603': 1.9, '202606': 218.8, '202609': 25.6, '202612': 930.2, '202703': 171.0, '202706': 24.6, '202709': 58.1, '202712': 49.5}",{},"{'202403': False, '202406': False, '202409': False, '202412': False, '202503': False, '202506': False, '202509': False, '202512': False, '202603': False, '202606': False, '202609': True, '202612': True, '202703': True, '202706': True, '202709': True, '202712': True}"
A272290,이녹스첨단소재,디스플레이장비및부품,416693938100,202612,True,13.6,,-51.5,12,0,2,39.5,202606,202612,True,"{'202503': 67.3, '202506': -19.5, '202509': 11.9, '202512': -49.3, '202603': -36.0, '202606': -53.0, '202609': -51.5, '202612': 13.6}",{},"{'202403': False, '202406': False, '202409': False, '202412': False, '202503': False, '202506': False, '202509': False, '202512': False, '202603': False, '202606': False, '202609': True, '202612': True}"
A272450,진에어,항공사,311112000000,202612,True,,적자,,12,0,0,698.0,202606,202612,True,"{'202503': -40.8, '202603': -1.1}","{'202506': '적전', '202509': '적전', '202512': '적전', '202606': '적자', '202609': '적자', '202612': '적자'}","{'202403': False, '202406': False, '202409': False, '202412': False, '202503': False, '202506': False, '202509': False, '202512': False, '202603': False, '202606': False, '202609': True, '202612': True}"
A274090,켄코아에어로스페이스,우주항공과국방,171764361290,202612,True,,적자,,12,0,0,-32.8,202606,202612,True,{'202603': 106.0},"{'202503': '흑전', '202506': '적자', '202509': '적전', '202512': '적자', '202606': '흑전', '202609': '적자', '202612': '적자'}","{'202403': False, '202406': False, '202409': False, '202412': False, '202503': False, '202506': False, '202509': False, '202512': False, '202603': False, '202606': False, '202609': True, '202612': True}"
A278280,천보,전기제품,422116711250,202712,True,448.6,,,16,1,0,49.8,202606,202612,True,"{'202506': 106.4, '202509': -40.7, '202712': 448.6}","{'202503': '흑전', '202512': '적전', '202603': '적전', '202606': '적전', '202609': '적전', '202612': '흑전', '202703': '흑전', '202706': '흑전', '202709': '흑전'}","{'202403': False, '202406': False, '202409': False, '202412': False, '202503': False, '202506': False, '202509': False, '202512': False, '202603': False, '202606': False, '202609': True, '202612': True, '202703': True, '202706': True, '202709': True, '202712': True}"
A278470,에이피알,화장품,13533893032500,202712,True,7.5,,27.1,16,0,0,434.1,202606,202612,True,"{'202503': 96.5, '202506': 201.9, '202509': 252.8, '202512': 228.3, '202603': 166.8, '202606': 119.3, '202609': 103.9, '202612': 75.7, '202703': 41.4, '202706': 24.2, '202709': 27.1, '202712': 7.5}",{},"{'202403': False, '202406': False, '202409': False, '202412': False, '202503': False, '202506': False, '202509': False, '202512': False, '202603': False, '202606': False, '202609': True, '202612': True, '202703': True, '202706': True, '202709': True, '202712': True}"
A280360,롯데웰푸드,식품,1140446718600,202703,True,9.3,,,13,0,0,-372.4,202606,202612,True,"{'202503': -56.1, '202506': -45.8, '202509': -8.9, '202603': 118.4, '202606': 88.5, '202609': 25.6, '202703': 9.3}","{'202512': '적자', '202612': '흑전'}","{'202403': False, '202406': False, '202409': False, '202412': False, '202503': False, '202506': False, '202509': False, '202512': False, '202603': False, '202606': False, '202609': True, '202612': True, '202703': True}"
A281820,케이씨텍,반도체와반도체장비,1595772076600,202612,True,85.7,,132.0,12,0,0,167.8,202606,202612,True,"{'202503': -21.8, '202506': 191.9, '202509': 64.8, '202512': -14.6, '202603': 344.3, '202606': 51.2, '202609': 132.0, '202612': 85.7}",{},"{'202403': False, '202406': False, '202409': False, '202412': False, '202503': False, '202506': False, '202509': False, '202512': False, '202603': False, '202606': False, '202609': True, '202612': True}"
A282330,BGF리테일,백화점과일반상점,2316043404000,202712,True,11.9,,9.5,16,0,1,-89.1,202606,202612,True,"{'202503': -30.7, '202506': -8.9, '202509': 7.1, '202512': 24.4, '202603': 68.4, '202606': 22.2, '202609': 12.2, '202612': 18.2, '202703': 31.2, '202706': 14.3, '202709': 9.5, '202712': 11.9}",{},"{'202403': False, '202406': False, '202409': False, '202412': False, '202503': False, '202506': False, '202509': False, '202512': False, '202603': False, '202606': False, '202609': True, '202612': True, '202703': True, '202706': True, '202709': True, '202712': True}"
A282880,코윈로보틱스,기계,128517961180,202612,True,,흑전,,12,0,0,113.1,202606,202612,True,{},"{'202503': '적자', '202506': '적전', '202509': '적전', '202512': '적자', '202603': '적자', '202606': '적자', '202609': '흑전', '202612': '흑전'}","{'202403': False, '202406': False, '202409': False, '202412': False, '202503': False, '202506': False, '202509': False, '202512': False, '202603': False, '202606': False, '202609': True, '202612': True}"
A285130,SK케미칼,화학,861478546800,202612,True,,흑전,149.2,12,0,0,-123.5,202606,202612,True,{'202609': 149.2},"{'202503': '흑전', '202506': '적전', '202509': '흑전', '202512': '적자', '202603': '적전', '202606': '흑전', '202612': '흑전'}","{'202403': False, '202406': False, '202409': False, '202412': False, '202503': False, '202506': False, '202509': False, '202512': False, '202603': False, '202606': False, '202609': True, '202612': True}"
A286940,롯데이노베이트,IT서비스,269454026270,202612,True,34.7,,65.8,12,0,0,8.1,202606,202612,True,"{'202503': -22.3, '202506': 37.3, '202509': -20.2, '202512': 271.7, '202603': 39.9, '202606': 54.3, '202609': 65.8, '202612': 34.7}",{},"{'202403': False, '202406': False, '202409': False, '202412': False, '202503': False, '202506': False, '202509': False, '202512': False, '202603': False, '202606': False, '202609': True, '202612': True}"
A290550,디케이티,핸드셋,427026260500,202612,True,40.9,,73.6,12,0,0,-15.0,202606,202612,True,"{'202503': -68.0, '202506': 8.5, '202509': -4.2, '202512': 117.5, '202603': 259.8, '202606': 22.0, '202609': 73.6, '202612': 40.9}",{},"{'202403': False, '202406': False, '202409': False, '202412': False, '202503': False, '202506': False, '202509': False, '202512': False, '202603': False, '202606': False, '202609': True, '202612': True}"
A290650,엘앤씨바이오,건강관리장비와용품,1266227602800,202612,True,634.2,,267.8,12,2,1,57.7,202606,202612,True,"{'202509': 253.0, '202609': 267.8, '202612': 634.2}","{'202503': '적전', '202506': '적전', '202512': '흑전', '202603': '흑전', '202606': '흑전'}","{'202403': False, '202406': False, '202409': False, '202412': False, '202503': False, '202506': False, '202509': False, '202512': False, '202603': False, '202606': False, '202609': True, '202612': True}"
A293480,하나제약,제약,144849509900,202612,True,23.5,,-10.0,12,0,1,-0.9,202606,202612,True,"{'202503': -27.4, '202506': 31.8, '202509': 114.6, '202512': -34.9, '202603': 26.2, '202606': 21.0, '202609': -10.0, '202612': 23.5}",{},"{'202403': False, '202406': False, '202409': False, '202412': False, '202503': False, '202506': False, '202509': False, '202512': False, '202603': False, '202606': False, '202609': True, '202612': True}"
A293490,카카오게임즈,게임엔터테인먼트,948965405850,202712,True,,흑전,,16,0,0,81.8,202606,202612,True,{},"{'202503': '적전', '202506': '적전', '202509': '적전', '202512': '적자', '202603': '적자', '202606': '적자', '202609': '적자', '202612': '적자', '202703': '흑전', '202706': '흑전', '202709': '흑전', '202712': '흑전'}","{'202403': False, '202406': False, '202409': False, '202412': False, '202503': False, '202506': False, '202509': False, '202512': False, '202603': False, '202606': False, '202609': True, '202612': True, '202703': True, '202706': True, '202709': True, '202712': True}"
A294570,쿠콘,IT서비스,262889618600,202612,True,7.7,,8.5,12,0,0,4.4,202606,202612,True,"{'202503': 28.1, '202506': 5.1, '202509': 6.3, '202512': 18.9, '202603': 1.9, '202606': 6.3, '202609': 8.5, '202612': 7.7}",{},"{'202403': False, '202406': False, '202409': False, '202412': False, '202503': False, '202506': False, '202509': False, '202512': False, '202603': False, '202606': False, '202609': True, '202612': True}"
A294870,IPARK현대산업개발,건설,1558708354500,202703,True,84.9,,316.1,13,0,0,493.2,202606,202612,True,"{'202503': 29.8, '202506': 49.1, '202509': 53.8, '202512': -1.0, '202603': 48.4, '202606': 52.9, '202609': 102.0, '202612': 316.1, '202703': 84.9}",{},"{'202403': False, '202406': False, '202409': False, '202412': False, '202503': False, '202506': False, '202509': False, '202512': False, '202603': False, '202606': False, '202609': True, '202612': True, '202703': True}"
A295310,에이치브이엠,비철금속,721945275600,202712,True,93.5,,70.4,16,0,1,34.1,202606,202612,True,"{'202503': 71.2, '202603': 292.3, '202606': -46.6, '202612': 337.9, '202703': 51.7, '202706': 305.2, '202709': 70.4, '202712': 93.5}","{'202506': '흑전', '202509': '적전', '202512': '흑전', '202609': '흑전'}","{'202403': False, '202406': False, '202409': False, '202412': False, '202503': False, '202506': False, '202509': False, '202512': False, '202603': False, '202606': False, '202609': True, '202612': True, '202703': True, '202706': True, '202709': True, '202712': True}"
A297090,씨에스베어링,기계,124078500000,202612,True,15.3,,22.5,12,0,0,8.8,202606,202612,True,"{'202506': 228.4, '202509': 105.8, '202512': 112.6, '202603': 47.6, '202606': 23.3, '202609': 22.5, '202612': 15.3}",{'202503': '흑전'},"{'202403': False, '202406': False, '202409': False, '202412': False, '202503': False, '202506': False, '202509': False, '202512': False, '202603': False, '202606': False, '202609': True, '202612': True}"
A298020,효성티앤씨,무역회사와판매업체,1354564466000,202612,True,196.6,,162.0,12,3,5,-560.8,202606,202612,True,"{'202503': 1.7, '202506': -13.4, '202509': -17.1, '202512': 5.5, '202603': 11.4, '202606': 157.5, '202609': 162.0, '202612': 196.6}",{},"{'202403': False, '202406': False, '202409': False, '202412': False, '202503': False, '202506': False, '202509': False, '202512': False, '202603': False, '202606': False, '202609': True, '202612': True}"
A298040,효성중공업,전기장비,27050513748000,202712,True,22.9,,25.0,16,0,0,1121.0,202606,202612,True,"{'202503': 82.3, '202506': 162.1, '202509': 97.3, '202512': 97.0, '202603': 48.8, '202606': 60.9, '202609': 51.8, '202612': 44.5, '202703': 90.0, '202706': 43.4, '202709': 25.0, '202712': 22.9}",{},"{'202403': False, '202406': False, '202409': False, '202412': False, '202503': False, '202506': False, '202509': False, '202512': False, '202603': False, '202606': False, '202609': True, '202612': True, '202703': True, '202706': True, '202709': True, '202712': True}"
A298050,HS효성첨단소재,화학,714103711200,202612,True,91.5,,266.3,12,0,0,-196.2,202606,202612,True,"{'202503': -23.4, '202506': -11.3, '202509': -56.7, '202512': -32.3, '202603': -29.9, '202606': 32.1, '202609': 266.3, '202612': 91.5}",{},"{'202403': False, '202406': False, '202409': False, '202412': False, '202503': False, '202506': False, '202509': False, '202512': False, '202603': False, '202606': False, '202609': True, '202612': True}"
A298690,에어부산,항공사,248608094672,202612,True,,흑전,,12,0,0,445.2,202606,202612,True,"{'202503': -43.4, '202603': -24.2}","{'202506': '적전', '202509': '적전', '202512': '적전', '202606': '적자', '202609': '적자', '202612': '흑전'}","{'202403': False, '202406': False, '202409': False, '202412': False, '202503': False, '202506': False, '202509': False, '202512': False, '202603': False, '202606': False, '202609': True, '202612': True}"
A299030,하나기술,전자장비와기기,105532812000,202612,True,5647.8,,-86.0,12,1,1,222.7,202606,202612,True,"{'202609': -86.0, '202612': 5647.8}","{'202503': '적자', '202506': '적자', '202509': '흑전', '202512': '흑전', '202603': '적자', '202606': '적자'}","{'202403': False, '202406': False, '202409': False, '202412': False, '202503': False, '202506': False, '202509': False, '202512': False, '202603': False, '202606': False, '202609': True, '202612': True}"
A300720,한일시멘트,건축자재,1195845098340,202612,True,11.1,,-28.1,12,0,1,-420.1,202606,202612,True,"{'202503': -69.5, '202506': -55.6, '202509': -30.8, '202512': -50.5, '202603': 0.4, '202606': 29.6, '202609': -28.1, '202612': 11.1}",{},"{'202403': False, '202406': False, '202409': False, '202412': False, '202503': False, '202506': False, '202509': False, '202512': False, '202603': False, '202606': False, '202609': True, '202612': True}"
A302430,이노메트리,전기제품,70289001360,202612,True,,흑전,,12,0,0,23.6,202606,202612,True,{'202506': -35.6},"{'202503': '적전', '202509': '적전', '202512': '적자', '202603': '흑전', '202606': '적전', '202609': '흑전', '202612': '흑전'}","{'202403': False, '202406': False, '202409': False, '202412': False, '202503': False, '202506': False, '202509': False, '202512': False, '202603': False, '202606': False, '202609': True, '202612': True}"
A302440,SK바이오사이언스,제약,2804821769750,202612,True,,적자,,12,0,0,-309.6,202606,202612,True,{},"{'202503': '적자', '202506': '적자', '202509': '적자', '202512': '적자', '202603': '적자', '202606': '적자', '202609': '적자', '202612': '적자'}","{'202403': False, '202406': False, '202409': False, '202412': False, '202503': False, '202506': False, '202509': False, '202512': False, '202603': False, '202606': False, '202609': True, '202612': True}"
A305090,마이크로디지탈,건강관리장비와용품,10087410692,202612,True,,흑전,1027.9,12,0,0,93.2,202606,202612,True,"{'202503': -92.8, '202509': -27.2, '202609': 1027.9}","{'202506': '적자', '202512': '적전', '202603': '적전', '202606': '적자', '202612': '흑전'}","{'202403': False, '202406': False, '202409': False, '202412': False, '202503': False, '202506': False, '202509': False, '202512': False, '202603': False, '202606': False, '202609': True, '202612': True}"
A306200,세아제강,철강,404740010000,202703,True,-16.2,,245.1,13,0,0,-63.7,202606,202612,True,"{'202503': -19.5, '202506': -41.8, '202512': -93.3, '202603': -5.8, '202606': 66.9, '202612': 245.1, '202703': -16.2}","{'202509': '적전', '202609': '흑전'}","{'202403': False, '202406': False, '202409': False, '202412': False, '202503': False, '202506': False, '202509': False, '202512': False, '202603': False, '202606': False, '202609': True, '202612': True, '202703': True}"
A307950,현대오토에버,IT서비스,10558233070000,202712,True,24.5,,26.0,16,0,0,54.1,202606,202612,True,"{'202503': -13.1, '202506': 18.7, '202509': 34.8, '202512': 5.3, '202603': -20.7, '202606': 11.3, '202609': 9.5, '202612': 25.5, '202703': 236.2, '202706': 14.2, '202709': 26.0, '202712': 24.5}",{},"{'202403': False, '202406': False, '202409': False, '202412': False, '202503': False, '202506': False, '202509': False, '202512': False, '202603': False, '202606': False, '202609': True, '202612': True, '202703': True, '202706': True, '202709': True, '202712': True}"
A311320,지오엘리먼트,반도체와반도체장비,103943974400,202612,True,210.5,,102.0,12,5,1,-0.9,202606,202612,True,"{'202503': -43.8, '202506': -29.2, '202509': -21.3, '202512': 120.0, '202603': 172.9, '202606': 190.5, '202609': 102.0, '202612': 210.5}",{},"{'202403': False, '202406': False, '202409': False, '202412': False, '202503': False, '202506': False, '202509': False, '202512': False, '202603': False, '202606': False, '202609': True, '202612': True}"
A314930,바이오다인,건강관리장비와용품,199717131130,202612,True,149.5,,,12,1,0,45.8,202606,202612,True,{'202612': 149.5},"{'202503': '적자', '202506': '흑전', '202509': '적자', '202512': '흑전', '202603': '적자', '202606': '적전', '202609': '흑전'}","{'202403': False, '202406': False, '202409': False, '202412': False, '202503': False, '202506': False, '202509': False, '202512': False, '202603': False, '202606': False, '202609': True, '202612': True}"
A316140,우리금융지주,은행,26340119412750,202712,True,2.8,,1.2,16,0,1,-3915.5,202606,202612,True,"{'202503': -24.5, '202506': -11.6, '202509': -16.1, '202512': 5.2, '202603': -7.0, '202606': 18.7, '202609': 36.7, '202612': 30.3, '202703': 70.4, '202706': 11.3, '202709': 1.2, '202712': 2.8}",{},"{'202403': False, '202406': False, '202409': False, '202412': False, '202503': False, '202506': False, '202509': False, '202512': False, '202603': False, '202606': False, '202609': True, '202612': True, '202703': True, '202706': True, '202709': True, '202712': True}"
A317400,자이에스앤디,건설,390539976400,202712,True,27.7,,106.9,16,0,0,144.6,202606,202612,True,"{'202509': 1039.4, '202609': -58.9, '202703': 19.9, '202706': 143.5, '202709': 106.9, '202712': 27.7}","{'202503': '적전', '202506': '적전', '202512': '적자', '202603': '흑전', '202606': '흑전', '202612': '흑전'}","{'202403': False, '202406': False, '202409': False, '202412': False, '202503': False, '202506': False, '202509': False, '202512': False, '202603': False, '202606': False, '202609': True, '202612': True, '202703': True, '202706': True, '202709': True, '202712': True}"
A318060,그래피,건강관리장비와용품,177428627220,202612,True,,흑전,,12,0,0,80.9,202606,202612,True,{},"{'202503': '적자', '202506': '적자', '202509': '적자', '202512': '적자', '202603': '적자', '202606': '적자', '202609': '적자', '202612': '흑전'}","{'202403': False, '202406': False, '202409': False, '202412': False, '202503': False, '202506': False, '202509': False, '202512': False, '202603': False, '202606': False, '202609': True, '202612': True}"
A319660,피에스케이,반도체와반도체장비,3791742862600,202712,True,-12.2,,16.7,16,0,0,-121.2,202606,202612,True,"{'202503': 6.0, '202506': -9.7, '202509': -19.7, '202512': 105.1, '202603': 108.4, '202606': 144.4, '202609': 121.1, '202612': 74.2, '202703': -2.1, '202706': 4.2, '202709': 16.7, '202712': -12.2}",{},"{'202403': False, '202406': False, '202409': False, '202412': False, '202503': False, '202506': False, '202509': False, '202512': False, '202603': False, '202606': False, '202609': True, '202612': True, '202703': True, '202706': True, '202709': True, '202712': True}"
A322000,HD현대에너지솔루션,에너지장비및서비스,1308160000000,202612,True,224.4,,137.5,12,3,1,109.9,202606,202612,True,"{'202506': 90.5, '202509': 328.8, '202512': 126.4, '202606': 139.8, '202609': 137.5, '202612': 224.4}","{'202503': '적자', '202603': '흑전'}","{'202403': False, '202406': False, '202409': False, '202412': False, '202503': False, '202506': False, '202509': False, '202512': False, '202603': False, '202606': False, '202609': True, '202612': True}"
A322310,오로스테크놀로지,반도체와반도체장비,129632941280,202612,True,,흑전,,12,0,0,58.9,202606,202612,True,{},"{'202503': '적자', '202506': '적자', '202509': '적전', '202512': '적전', '202603': '적자', '202606': '적자', '202609': '흑전', '202612': '흑전'}","{'202403': False, '202406': False, '202409': False, '202412': False, '202503': False, '202506': False, '202509': False, '202512': False, '202603': False, '202606': False, '202609': True, '202612': True}"
A323410,카카오뱅크,은행,9637832827400,202612,True,29.5,,28.9,12,0,3,-61.4,202606,202612,True,"{'202503': 23.3, '202506': 0.2, '202509': -13.0, '202512': 26.2, '202603': -13.9, '202606': 14.0, '202609': 28.9, '202612': 29.5}",{},"{'202403': False, '202406': False, '202409': False, '202412': False, '202503': False, '202506': False, '202509': False, '202512': False, '202603': False, '202606': False, '202609': True, '202612': True}"
A326030,SK바이오팜,제약,6022288925000,202712,True,63.8,,44.2,16,0,2,-265.2,202606,202612,True,"{'202503': 149.3, '202506': 137.6, '202509': 262.4, '202512': 13.8, '202603': 249.7, '202606': 56.9, '202609': 30.7, '202612': 52.4, '202703': 28.9, '202706': 19.6, '202709': 44.2, '202712': 63.8}",{},"{'202403': False, '202406': False, '202409': False, '202412': False, '202503': False, '202506': False, '202509': False, '202512': False, '202603': False, '202606': False, '202609': True, '202612': True, '202703': True, '202706': True, '202709': True, '202712': True}"
A327260,RF머트리얼즈,우주항공과국방,867961481750,202712,True,46.9,,77.2,16,0,0,11.4,202606,202612,True,"{'202512': 566.6, '202603': 281.9, '202606': 182.4, '202609': 143.2, '202612': 132.3, '202703': 101.8, '202706': 46.5, '202709': 77.2, '202712': 46.9}","{'202503': '흑전', '202506': '흑전', '202509': '흑전'}","{'202403': False, '202406': False, '202409': False, '202412': False, '202503': False, '202506': False, '202509': False, '202512': False, '202603': False, '202606': False, '202609': True, '202612': True, '202703': True, '202706': True, '202709': True, '202712': True}"
A328130,루닛,건강관리기술,707352710000,202612,True,,흑전,,12,0,0,158.7,202606,202612,True,{},"{'202503': '적자', '202506': '적자', '202509': '적자', '202512': '적자', '202603': '적자', '202606': '적자', '202609': '적자', '202612': '흑전'}","{'202403': False, '202406': False, '202409': False, '202412': False, '202503': False, '202506': False, '202509': False, '202512': False, '202603': False, '202606': False, '202609': True, '202612': True}"
A329180,HD현대중공업,조선,47809837987500,202712,True,18.4,,15.8,16,0,1,697.7,202606,202612,True,"{'202503': 1939.8, '202506': 141.0, '202509': 170.3, '202512': 103.8, '202603': 108.7, '202606': 120.6, '202609': 81.7, '202612': 93.0, '202703': 25.7, '202706': 16.0, '202709': 15.8, '202712': 18.4}",{},"{'202403': False, '202406': False, '202409': False, '202412': False, '202503': False, '202506': False, '202509': False, '202512': False, '202603': False, '202606': False, '202609': True, '202612': True, '202703': True, '202706': True, '202709': True, '202712': True}"
A330860,네패스아크,반도체와반도체장비,337498046500,202612,True,,흑전,430.5,12,0,0,42.0,202606,202612,True,"{'202506': 61.7, '202606': 11.7, '202609': 430.5}","{'202503': '적전', '202509': '흑전', '202512': '적자', '202603': '흑전', '202612': '흑전'}","{'202403': False, '202406': False, '202409': False, '202412': False, '202503': False, '202506': False, '202509': False, '202512': False, '202603': False, '202606': False, '202609': True, '202612': True}"
A336260,두산퓨얼셀,에너지장비및서비스,3117501357600,202612,True,,적자,,12,0,0,502.7,202606,202612,True,{},"{'202503': '적전', '202506': '적전', '202509': '적자', '202512': '적자', '202603': '적자', '202606': '적자', '202609': '적자', '202612': '적자'}","{'202403': False, '202406': False, '202409': False, '202412': False, '202503': False, '202506': False, '202509': False, '202512': False, '202603': False, '202606': False, '202609': True, '202612': True}"
A336370,솔루스첨단소재,전자장비와기기,549060170360,202612,True,,적자,,12,0,0,194.3,202606,202612,True,{},"{'202503': '적자', '202506': '적자', '202509': '적자', '202512': '적자', '202603': '적자', '202606': '적자', '202609': '적자', '202612': '적자'}","{'202403': False, '202406': False, '202409': False, '202412': False, '202503': False, '202506': False, '202509': False, '202512': False, '202603': False, '202606': False, '202609': True, '202612': True}"
A336570,원텍,건강관리장비와용품,438814375090,202712,True,76.0,,50.2,16,0,1,30.6,202606,202612,True,"{'202503': 119.3, '202506': 145.9, '202509': 3.7, '202512': -11.2, '202603': -23.0, '202606': -35.8, '202609': 50.4, '202612': 15.5, '202703': 80.3, '202706': 101.1, '202709': 50.2, '202712': 76.0}",{},"{'202403': False, '202406': False, '202409': False, '202412': False, '202503': False, '202506': False, '202509': False, '202512': False, '202603': False, '202606': False, '202609': True, '202612': True, '202703': True, '202706': True, '202709': True, '202712': True}"
A339770,교촌에프앤비,식품,190117129400,202612,True,109.5,,-2.2,12,1,3,0.5,202606,202612,True,"{'202503': -10.4, '202509': 47.2, '202512': -34.1, '202603': -50.6, '202606': -15.7, '202609': -2.2, '202612': 109.5}",{'202506': '흑전'},"{'202403': False, '202406': False, '202409': False, '202412': False, '202503': False, '202506': False, '202509': False, '202512': False, '202603': False, '202606': False, '202609': True, '202612': True}"
A339950,아이비김영,교육서비스,106523572350,202612,True,29.0,,1.8,12,0,2,46.4,202606,202612,True,"{'202506': 12.7, '202509': 10.3, '202512': 11.5, '202606': -17.5, '202609': 1.8, '202612': 29.0}","{'202503': '적자', '202603': '흑전'}","{'202403': False, '202406': False, '202409': False, '202412': False, '202503': False, '202506': False, '202509': False, '202512': False, '202603': False, '202606': False, '202609': True, '202612': True}"
A340450,지씨지놈,생명과학도구및서비스,172414280970,202612,True,498.3,,120.0,12,2,2,7.7,202606,202612,True,"{'202512': 104.9, '202606': 50.5, '202609': 120.0, '202612': 498.3}","{'202503': '적자', '202506': '흑전', '202509': '흑전', '202603': '흑전'}","{'202403': False, '202406': False, '202409': False, '202412': False, '202503': False, '202506': False, '202509': False, '202512': False, '202603': False, '202606': False, '202609': True, '202612': True}"
A340570,티앤엘,건강관리장비와용품,444338818000,202612,True,234.6,,43.7,12,1,1,-115.1,202606,202612,True,"{'202503': 179.9, '202506': -52.0, '202509': -31.9, '202512': -64.0, '202603': -9.7, '202606': 150.4, '202609': 43.7, '202612': 234.6}",{},"{'202403': False, '202406': False, '202409': False, '202412': False, '202503': False, '202506': False, '202509': False, '202512': False, '202603': False, '202606': False, '202609': True, '202612': True}"
A344820,KCC글라스,건축자재,375307032000,202712,True,363.6,,529.2,16,3,0,-15.1,202606,202612,True,"{'202706': 230.5, '202709': 529.2, '202712': 363.6}","{'202503': '적전', '202506': '적전', '202509': '적전', '202512': '적전', '202603': '적자', '202606': '흑전', '202609': '흑전', '202612': '흑전', '202703': '흑전'}","{'202403': False, '202406': False, '202409': False, '202412': False, '202503': False, '202506': False, '202509': False, '202512': False, '202603': False, '202606': False, '202609': True, '202612': True, '202703': True, '202706': True, '202709': True, '202712': True}"
A347700,스피어,우주항공과국방,1162483213100,202612,True,91.0,,,12,0,0,52.8,202606,202612,True,"{'202503': -25.7, '202506': -38.9, '202512': 20.3, '202603': -83.5, '202606': -20.4, '202612': 91.0}","{'202509': '적전', '202609': '흑전'}","{'202403': False, '202406': False, '202409': False, '202412': False, '202503': False, '202506': False, '202509': False, '202512': False, '202603': False, '202606': False, '202609': True, '202612': True}"
A348210,넥스틴,반도체와반도체장비,345741165000,202612,True,,흑전,,12,0,0,64.9,202606,202612,True,{'202503': -82.0},"{'202506': '흑전', '202509': '적전', '202512': '적전', '202603': '적전', '202606': '적전', '202609': '적자', '202612': '흑전'}","{'202403': False, '202406': False, '202409': False, '202412': False, '202503': False, '202506': False, '202509': False, '202512': False, '202603': False, '202606': False, '202609': True, '202612': True}"
A352480,씨앤씨인터내셔널,화장품,299857822000,202612,True,285.7,,24.7,12,1,2,24.0,202606,202612,True,"{'202503': -44.2, '202506': -26.6, '202509': -3.6, '202512': 3803.2, '202603': -46.6, '202606': -81.6, '202609': 24.7, '202612': 285.7}",{},"{'202403': False, '202406': False, '202409': False, '202412': False, '202503': False, '202506': False, '202509': False, '202512': False, '202603': False, '202606': False, '202609': True, '202612': True}"
A352820,하이브,방송과엔터테인먼트,6737598466800,202712,True,8.4,,-20.5,16,0,2,-260.8,202606,202612,True,"{'202503': 50.3, '202506': 29.5, '202512': -93.8, '202606': 159.3, '202612': 3544.2, '202706': -35.6, '202709': -20.5, '202712': 8.4}","{'202509': '적전', '202603': '적전', '202609': '흑전', '202703': '흑전'}","{'202403': False, '202406': False, '202409': False, '202412': False, '202503': False, '202506': False, '202509': False, '202512': False, '202603': False, '202606': False, '202609': True, '202612': True, '202703': True, '202706': True, '202709': True, '202712': True}"
A353200,대덕전자,전자장비와기기,5549520677500,202712,True,55.9,,64.0,16,0,0,88.0,202606,202612,True,"{'202506': -82.9, '202509': 165.2, '202606': 3666.0, '202609': 213.3, '202612': 173.2, '202703': 85.1, '202706': 47.7, '202709': 64.0, '202712': 55.9}","{'202503': '적자', '202512': '흑전', '202603': '흑전'}","{'202403': False, '202406': False, '202409': False, '202412': False, '202503': False, '202506': False, '202509': False, '202512': False, '202603': False, '202606': False, '202609': True, '202612': True, '202703': True, '202706': True, '202709': True, '202712': True}"
A353810,이지바이오,식품,207092819200,202612,True,8.9,,19.2,12,0,0,-2.6,202606,202612,True,"{'202503': 44.6, '202506': 31.0, '202509': 26.1, '202512': 55.5, '202603': 45.2, '202606': 36.3, '202609': 19.2, '202612': 8.9}",{},"{'202403': False, '202406': False, '202409': False, '202412': False, '202503': False, '202506': False, '202509': False, '202512': False, '202603': False, '202606': False, '202609': True, '202612': True}"
A354320,알멕,자동차부품,239357218450,202712,True,134.1,,166.7,16,4,0,18.0,202606,202612,True,"{'202506': 40.7, '202603': 61.1, '202606': -7.0, '202609': 60.1, '202703': 159.7, '202706': 234.5, '202709': 166.7, '202712': 134.1}","{'202503': '흑전', '202509': '흑전', '202512': '적자', '202612': '흑전'}","{'202403': False, '202406': False, '202409': False, '202412': False, '202503': False, '202506': False, '202509': False, '202512': False, '202603': False, '202606': False, '202609': True, '202612': True, '202703': True, '202706': True, '202709': True, '202712': True}"
A355150,코스텍시스,반도체와반도체장비,159845675000,202612,True,21.1,,,12,0,0,3.1,202606,202612,True,{'202612': 21.1},"{'202503': '적전', '202506': '적전', '202509': '적자', '202512': '흑전', '202603': '흑전', '202606': '흑전', '202609': '흑전'}","{'202403': False, '202406': False, '202409': False, '202412': False, '202503': False, '202506': False, '202509': False, '202512': False, '202603': False, '202606': False, '202609': True, '202612': True}"
A356860,티엘비,반도체와반도체장비,1054706070000,202712,True,35.7,,49.9,16,0,0,52.8,202606,202612,True,"{'202509': 212.4, '202512': 844.4, '202603': 472.1, '202606': 86.3, '202609': 88.8, '202612': 110.4, '202703': 88.5, '202706': 79.3, '202709': 49.9, '202712': 35.7}","{'202503': '흑전', '202506': '흑전'}","{'202403': False, '202406': False, '202409': False, '202412': False, '202503': False, '202506': False, '202509': False, '202512': False, '202603': False, '202606': False, '202609': True, '202612': True, '202703': True, '202706': True, '202709': True, '202712': True}"
A357780,솔브레인,반도체와반도체장비,2621376742000,202712,True,25.5,,26.2,16,0,0,100.6,202606,202612,True,"{'202503': -21.7, '202506': -55.9, '202509': -13.4, '202512': 18.2, '202603': 24.0, '202606': 128.2, '202609': 57.5, '202612': 30.3, '202703': 42.7, '202706': 43.8, '202709': 26.2, '202712': 25.5}",{},"{'202403': False, '202406': False, '202409': False, '202412': False, '202503': False, '202506': False, '202509': False, '202512': False, '202603': False, '202606': False, '202609': True, '202612': True, '202703': True, '202706': True, '202709': True, '202712': True}"
A361390,제노코,우주항공과국방,125015132040,202612,True,,흑전,429.1,12,0,0,23.0,202606,202612,True,{'202609': 429.1},"{'202503': '적자', '202506': '적자', '202509': '흑전', '202512': '적전', '202603': '적자', '202606': '적자', '202612': '흑전'}","{'202403': False, '202406': False, '202409': False, '202412': False, '202503': False, '202506': False, '202509': False, '202512': False, '202603': False, '202606': False, '202609': True, '202612': True}"
A361610,SK아이이테크놀로지,전기제품,1322497407000,202712,True,,흑전,,16,0,0,220.0,202606,202612,True,{},"{'202503': '적자', '202506': '적자', '202509': '적자', '202512': '적자', '202603': '적자', '202606': '적자', '202609': '적자', '202612': '적자', '202703': '적자', '202706': '적자', '202709': '적자', '202712': '흑전'}","{'202403': False, '202406': False, '202409': False, '202412': False, '202503': False, '202506': False, '202509': False, '202512': False, '202603': False, '202606': False, '202609': True, '202612': True, '202703': True, '202706': True, '202709': True, '202712': True}"
A365340,성일하이텍,전기제품,447716634750,202712,True,-18.0,,14.3,16,0,0,6.2,202606,202612,True,"{'202706': -25.8, '202709': 14.3, '202712': -18.0}","{'202503': '적자', '202506': '적자', '202509': '적자', '202512': '적자', '202603': '적자', '202606': '흑전', '202609': '흑전', '202612': '흑전', '202703': '흑전'}","{'202403': False, '202406': False, '202409': False, '202412': False, '202503': False, '202506': False, '202509': False, '202512': False, '202603': False, '202606': False, '202609': True, '202612': True, '202703': True, '202706': True, '202709': True, '202712': True}"
A368770,파이버프로,전자장비와기기,441232241750,202612,True,81.6,,30.7,12,0,2,27.0,202606,202612,True,"{'202503': 25.9, '202506': -24.9, '202509': 315.3, '202512': 17.4, '202603': 282.8, '202606': 30.0, '202609': 30.7, '202612': 81.6}",{},"{'202403': False, '202406': False, '202409': False, '202412': False, '202503': False, '202506': False, '202509': False, '202512': False, '202603': False, '202606': False, '202609': True, '202612': True}"
A372910,한컴라이프케어,건강관리장비와용품,57839508540,202612,True,,적자,17.0,12,0,0,-94.1,202606,202612,True,"{'202506': -58.5, '202509': 776.1, '202606': 167.7, '202609': 17.0}","{'202503': '적자', '202512': '적전', '202603': '적자', '202612': '적자'}","{'202403': False, '202406': False, '202409': False, '202412': False, '202503': False, '202506': False, '202509': False, '202512': False, '202603': False, '202606': False, '202609': True, '202612': True}"
A373220,LG에너지솔루션,전기제품,82017000000000,202712,True,105.8,,246.2,16,2,0,12583.5,202606,202612,True,"{'202609': 30.7, '202709': 246.2, '202712': 105.8}","{'202503': '흑전', '202506': '적자', '202509': '흑전', '202512': '적자', '202603': '적전', '202606': '적자', '202612': '흑전', '202703': '흑전', '202706': '흑전'}","{'202403': False, '202406': False, '202409': False, '202412': False, '202503': False, '202506': False, '202509': False, '202512': False, '202603': False, '202606': False, '202609': True, '202612': True, '202703': True, '202706': True, '202709': True, '202712': True}"
A375500,DL이앤씨,건설,3296696679600,202712,True,-46.7,,5.7,16,0,0,-243.8,202606,202612,True,"{'202503': 33.0, '202506': 287.5, '202509': 40.1, '202512': -33.1, '202603': 94.3, '202606': 26.3, '202609': 9.4, '202612': 114.3, '202703': -19.8, '202706': -21.6, '202709': 5.7, '202712': -46.7}",{},"{'202403': False, '202406': False, '202409': False, '202412': False, '202503': False, '202506': False, '202509': False, '202512': False, '202603': False, '202606': False, '202609': True, '202612': True, '202703': True, '202706': True, '202709': True, '202712': True}"
A376270,HEM파마,건강관리업체및서비스,245450998000,202612,True,,흑전,,12,0,0,75.9,202606,202612,True,{},"{'202503': '적자', '202506': '적자', '202509': '적자', '202512': '적자', '202603': '적자', '202606': '적자', '202609': '흑전', '202612': '흑전'}","{'202403': False, '202406': False, '202409': False, '202412': False, '202503': False, '202506': False, '202509': False, '202512': False, '202603': False, '202606': False, '202609': True, '202612': True}"
A376300,디어유,양방향미디어와서비스,396668764260,202703,True,9.3,,1.2,13,0,1,4.6,202606,202612,True,"{'202503': -23.4, '202506': 5.5, '202509': 37.4, '202512': 100.4, '202603': 76.9, '202606': 26.4, '202609': 6.5, '202612': 1.2, '202703': 9.3}",{},"{'202403': False, '202406': False, '202409': False, '202412': False, '202503': False, '202506': False, '202509': False, '202512': False, '202603': False, '202606': False, '202609': True, '202612': True, '202703': True}"
A377300,카카오페이,IT서비스,5540560470900,202712,True,37.8,,22.7,16,0,2,-143.4,202606,202612,True,"{'202603': 630.9, '202606': 528.2, '202609': 183.8, '202612': 112.5, '202703': 34.0, '202706': -0.6, '202709': 22.7, '202712': 37.8}","{'202503': '흑전', '202506': '흑전', '202509': '흑전', '202512': '흑전'}","{'202403': False, '202406': False, '202409': False, '202412': False, '202503': False, '202506': False, '202509': False, '202512': False, '202603': False, '202606': False, '202609': True, '202612': True, '202703': True, '202706': True, '202709': True, '202712': True}"
A380550,뉴로핏,건강관리기술,89905642420,202612,True,,적자,,12,0,0,18.3,202606,202612,True,{},"{'202503': '적자', '202506': '적자', '202509': '적자', '202512': '적자', '202603': '적자', '202606': '적자', '202609': '적자', '202612': '적자'}","{'202403': False, '202406': False, '202409': False, '202412': False, '202503': False, '202506': False, '202509': False, '202512': False, '202603': False, '202606': False, '202609': True, '202612': True}"
A381970,KG모빌리티플랫폼,자동차,311477010240,202612,True,40.4,,10.8,12,0,1,510.4,202606,202612,True,"{'202503': 21.8, '202506': 0.1, '202509': 40.3, '202512': -18.9, '202603': -33.8, '202609': 10.8, '202612': 40.4}",{'202606': '적전'},"{'202403': False, '202406': False, '202409': False, '202412': False, '202503': False, '202506': False, '202509': False, '202512': False, '202603': False, '202606': False, '202609': True, '202612': True}"
A382800,지앤비에스 에코,반도체와반도체장비,164248171560,202612,True,76.9,,978.3,12,0,0,29.2,202606,202612,True,"{'202503': -88.7, '202506': -56.0, '202509': -49.6, '202512': 104.0, '202603': 2549.2, '202606': 117.5, '202609': 978.3, '202612': 76.9}",{},"{'202403': False, '202406': False, '202409': False, '202412': False, '202503': False, '202506': False, '202509': False, '202512': False, '202603': False, '202606': False, '202609': True, '202612': True}"
A382900,범한퓨얼셀,전기제품,206759600000,202612,True,,흑전,137.5,12,0,0,62.3,202606,202612,True,"{'202506': -90.5, '202509': -37.1, '202609': 137.5}","{'202503': '흑전', '202512': '적전', '202603': '적전', '202606': '적전', '202612': '흑전'}","{'202403': False, '202406': False, '202409': False, '202412': False, '202503': False, '202506': False, '202509': False, '202512': False, '202603': False, '202606': False, '202609': True, '202612': True}"
A383220,F&F,"섬유,의류,신발,호화품",2624034637500,202612,True,14.0,,8.3,12,0,2,650.8,202606,202612,True,"{'202503': -5.1, '202506': -8.5, '202509': 18.2, '202512': 10.4, '202603': 24.2, '202606': 2.9, '202609': 8.3, '202612': 14.0}",{},"{'202403': False, '202406': False, '202409': False, '202412': False, '202503': False, '202506': False, '202509': False, '202512': False, '202603': False, '202606': False, '202609': True, '202612': True}"
A383310,에코프로에이치엔,상업서비스와공급품,461448504000,202612,True,346.3,,281.4,12,2,4,45.4,202606,202612,True,"{'202503': -53.6, '202506': 1.8, '202509': -59.0, '202512': -69.7, '202603': 47.7, '202606': 57.3, '202609': 281.4, '202612': 346.3}",{},"{'202403': False, '202406': False, '202409': False, '202412': False, '202503': False, '202506': False, '202509': False, '202512': False, '202603': False, '202606': False, '202609': True, '202612': True}"
A383800,LX홀딩스,무역회사와판매업체,618636395900,202612,True,,흑전,42.1,12,0,0,-173.4,202606,202612,True,"{'202503': 46.8, '202506': -27.6, '202509': -32.0, '202603': -41.7, '202606': 42.1, '202609': 42.1}","{'202512': '적자', '202612': '흑전'}","{'202403': False, '202406': False, '202409': False, '202412': False, '202503': False, '202506': False, '202509': False, '202512': False, '202603': False, '202606': False, '202609': True, '202612': True}"
A388210,씨엠티엑스,반도체와반도체장비,818696342400,202712,True,42.2,,48.4,13,0,0,46.7,202606,202612,True,"{'202512': 95.3, '202603': 35.7, '202606': 13.8, '202609': 17.7, '202612': 102.4, '202703': 56.2, '202706': 54.7, '202709': 48.4, '202712': 42.2}",{},"{'202406': False, '202503': False, '202506': False, '202509': False, '202512': False, '202603': False, '202606': False, '202609': True, '202612': True, '202703': True, '202706': True, '202709': True, '202712': True}"
A389020,자람테크놀로지,통신장비,111309921840,202612,True,,흑전,,12,0,0,16.1,202606,202612,True,{},"{'202503': '적전', '202506': '적전', '202509': '적전', '202512': '적자', '202603': '적자', '202606': '적자', '202609': '흑전', '202612': '흑전'}","{'202403': False, '202406': False, '202409': False, '202412': False, '202503': False, '202506': False, '202509': False, '202512': False, '202603': False, '202606': False, '202609': True, '202612': True}"
A389260,대명에너지,에너지장비및서비스,228612307000,202612,True,-62.0,,1152.3,12,0,0,-4.0,202606,202612,True,"{'202503': 55.6, '202506': 202.1, '202509': -72.3, '202512': 87.8, '202603': 215.5, '202606': 13.7, '202609': 1152.3, '202612': -62.0}",{},"{'202403': False, '202406': False, '202409': False, '202412': False, '202503': False, '202506': False, '202509': False, '202512': False, '202603': False, '202606': False, '202609': True, '202612': True}"
A389500,에스비비테크,기계,291860073600,202612,True,,적자,,12,0,0,20.5,202606,202612,True,{},"{'202503': '적자', '202506': '적자', '202509': '적자', '202512': '적자', '202603': '적자', '202606': '적자', '202609': '적자', '202612': '적자'}","{'202403': False, '202406': False, '202409': False, '202412': False, '202503': False, '202506': False, '202509': False, '202512': False, '202603': False, '202606': False, '202609': True, '202612': True}"
A389650,넥스트바이오메디컬,건강관리장비와용품,234247193800,202706,True,,적자,,14,0,0,-16.7,202606,202612,True,{},"{'202503': '적자', '202506': '흑전', '202509': '흑전', '202512': '적자', '202603': '적자', '202606': '적전', '202609': '적전', '202612': '적자', '202703': '적자', '202706': '적자'}","{'202403': False, '202406': False, '202409': False, '202412': False, '202503': False, '202506': False, '202509': False, '202512': False, '202603': False, '202606': False, '202609': True, '202612': True, '202703': True, '202706': True}"
A393890,더블유씨피,전기제품,335385557040,202712,True,130.0,,,16,1,0,185.0,202606,202612,True,{'202712': 130.0},"{'202503': '적전', '202506': '적전', '202509': '적자', '202512': '적자', '202603': '적자', '202606': '적자', '202609': '적자', '202612': '흑전', '202703': '흑전', '202706': '흑전', '202709': '흑전'}","{'202403': False, '202406': False, '202409': False, '202412': False, '202503': False, '202506': False, '202509': False, '202512': False, '202603': False, '202606': False, '202609': True, '202612': True, '202703': True, '202706': True, '202709': True, '202712': True}"
A394420,리센스메디컬,건강관리장비와용품,104827150530,202712,True,176.9,,357.1,13,2,0,40.9,202606,202612,True,"{'202709': 357.1, '202712': 176.9}","{'202512': '적자', '202603': '적자', '202606': '적자', '202609': '흑전', '202612': '흑전', '202703': '흑전', '202706': '흑전'}","{'202412': False, '202503': False, '202506': False, '202509': False, '202512': False, '202603': False, '202606': False, '202609': True, '202612': True, '202703': True, '202706': True, '202709': True, '202712': True}"
A394800,쓰리빌리언,건강관리기술,149725111865,202612,True,,흑전,,12,0,0,18.7,202606,202612,True,{},"{'202503': '적자', '202506': '적자', '202509': '적자', '202512': '적자', '202603': '적자', '202606': '적자', '202609': '적자', '202612': '흑전'}","{'202403': False, '202406': False, '202409': False, '202412': False, '202503': False, '202506': False, '202509': False, '202512': False, '202603': False, '202606': False, '202609': True, '202612': True}"
A399720,가온칩스,반도체와반도체장비,536019748800,202612,True,104.5,,,12,1,0,31.7,202606,202612,True,"{'202512': -6.6, '202612': 104.5}","{'202503': '적자', '202506': '적전', '202509': '적전', '202603': '적자', '202606': '흑전', '202609': '흑전'}","{'202403': False, '202406': False, '202409': False, '202412': False, '202503': False, '202506': False, '202509': False, '202512': False, '202603': False, '202606': False, '202609': True, '202612': True}"
A402340,SK스퀘어,반도체와반도체장비,149469889734000,202612,True,447.0,,388.3,12,4,1,-22878.3,202606,202612,True,"{'202503': 410.9, '202506': 80.7, '202509': 127.6, '202512': 86.6, '202603': 400.5, '202606': 1273.8, '202609': 388.3, '202612': 447.0}",{},"{'202403': False, '202406': False, '202409': False, '202412': False, '202503': False, '202506': False, '202509': False, '202512': False, '202603': False, '202606': False, '202609': True, '202612': True}"
A403550,쏘카,도로와철도운송,405198580560,202612,True,-17.3,,52.6,12,0,0,40.9,202606,202612,True,"{'202509': 46.6, '202512': 345.0, '202603': -1.8, '202606': 271.2, '202609': 52.6, '202612': -17.3}","{'202503': '흑전', '202506': '흑전'}","{'202403': False, '202406': False, '202409': False, '202412': False, '202503': False, '202506': False, '202509': False, '202512': False, '202603': False, '202606': False, '202609': True, '202612': True}"
A403870,HPSP,반도체와반도체장비,4468890000000,202712,True,-52.5,,69.4,16,0,0,352.1,202606,202612,True,"{'202503': -6.3, '202506': 137.7, '202509': -42.3, '202512': -23.2, '202603': -13.7, '202606': -1.1, '202609': 96.9, '202612': 131.5, '202703': 369.1, '202706': 128.9, '202709': 69.4, '202712': -52.5}",{},"{'202403': False, '202406': False, '202409': False, '202412': False, '202503': False, '202506': False, '202509': False, '202512': False, '202603': False, '202606': False, '202609': True, '202612': True, '202703': True, '202706': True, '202709': True, '202712': True}"
A405100,큐알티,반도체와반도체장비,172296000020,202612,True,402.7,,46.7,12,1,2,37.7,202606,202612,True,"{'202503': 2466.0, '202506': -6.3, '202509': 14.7, '202512': -41.7, '202603': 425.4, '202606': 4.2, '202609': 46.7, '202612': 402.7}",{},"{'202403': False, '202406': False, '202409': False, '202412': False, '202503': False, '202506': False, '202509': False, '202512': False, '202603': False, '202606': False, '202609': True, '202612': True}"
A413630,씨피시스템,기계,154855571250,202612,True,220.8,,134.6,11,3,1,-5.7,202606,202612,True,"{'202506': -5.1, '202509': 23.9, '202512': -48.5, '202603': 12.3, '202606': 166.0, '202609': 134.6, '202612': 220.8}",{},"{'202406': False, '202409': False, '202412': False, '202503': False, '202506': False, '202509': False, '202512': False, '202603': False, '202606': False, '202609': True, '202612': True}"
A417840,저스템,반도체와반도체장비,363165770280,202712,True,17.2,,24.2,16,0,0,32.0,202606,202612,True,"{'202509': -35.7, '202512': -49.5, '202603': 147.4, '202606': 346.5, '202609': 1846.6, '202612': 3304.1, '202703': 166.3, '202706': 27.9, '202709': 24.2, '202712': 17.2}","{'202503': '흑전', '202506': '흑전'}","{'202403': False, '202406': False, '202409': False, '202412': False, '202503': False, '202506': False, '202509': False, '202512': False, '202603': False, '202606': False, '202609': True, '202612': True, '202703': True, '202706': True, '202709': True, '202712': True}"
A418470,KT밀리의서재,출판,80946706050,202612,True,152.1,,-11.3,12,1,2,7.1,202606,202612,True,"{'202503': 29.6, '202506': 28.1, '202509': 36.6, '202512': 25.6, '202603': 4.9, '202606': -28.4, '202609': -11.3, '202612': 152.1}",{},"{'202403': False, '202406': False, '202409': False, '202412': False, '202503': False, '202506': False, '202509': False, '202512': False, '202603': False, '202606': False, '202609': True, '202612': True}"
A419530,SAMG엔터,방송과엔터테인먼트,176586930100,202612,True,15.2,,,12,0,0,114.3,202606,202612,True,"{'202512': 29.8, '202603': -38.2, '202606': -61.3, '202612': 15.2}","{'202503': '흑전', '202506': '흑전', '202509': '적자', '202609': '흑전'}","{'202403': False, '202406': False, '202409': False, '202412': False, '202503': False, '202506': False, '202509': False, '202512': False, '202603': False, '202606': False, '202609': True, '202612': True}"
A420770,기가비스,반도체와반도체장비,1514753081000,202703,True,,흑전,67.6,13,0,0,120.5,202606,202612,True,"{'202506': 485.5, '202606': 225.1, '202609': 1304.1, '202612': 67.6}","{'202503': '적자', '202509': '흑전', '202512': '흑전', '202603': '적자', '202703': '흑전'}","{'202403': False, '202406': False, '202409': False, '202412': False, '202503': False, '202506': False, '202509': False, '202512': False, '202603': False, '202606': False, '202609': True, '202612': True, '202703': True}"
A425420,티에프이,반도체와반도체장비,795158456400,202612,True,101.8,,159.0,12,2,0,87.2,202606,202612,True,"{'202503': 122.2, '202506': 143.5, '202509': 1885.8, '202512': 511.7, '202603': 12.0, '202606': 55.2, '202609': 159.0, '202612': 101.8}",{},"{'202403': False, '202406': False, '202409': False, '202412': False, '202503': False, '202506': False, '202509': False, '202512': False, '202603': False, '202606': False, '202609': True, '202612': True}"
A439260,대한조선,조선,1755890453000,202712,True,12.1,,10.3,16,0,1,76.5,202606,202612,True,"{'202503': 191.7, '202506': 84.0, '202509': 118.9, '202512': 36.3, '202603': 18.5, '202606': 52.5, '202609': 34.0, '202612': 7.9, '202703': 14.3, '202706': 17.8, '202709': 10.3, '202712': 12.1}",{},"{'202403': False, '202406': False, '202409': False, '202412': False, '202503': False, '202506': False, '202509': False, '202512': False, '202603': False, '202606': False, '202609': True, '202612': True, '202703': True, '202706': True, '202709': True, '202712': True}"
A440110,파두,반도체와반도체장비,3623027252100,202712,True,84.6,,102.2,16,0,0,195.8,202606,202612,True,"{'202703': 335.9, '202706': 232.2, '202709': 102.2, '202712': 84.6}","{'202503': '적자', '202506': '적자', '202509': '적자', '202512': '적자', '202603': '흑전', '202606': '흑전', '202609': '흑전', '202612': '흑전'}","{'202403': False, '202406': False, '202409': False, '202412': False, '202503': False, '202506': False, '202509': False, '202512': False, '202603': False, '202606': False, '202609': True, '202612': True, '202703': True, '202706': True, '202709': True, '202712': True}"
A441270,파인엠텍,핸드셋,353565509000,202612,True,,흑전,882.5,12,0,0,33.5,202606,202612,True,"{'202506': 16.8, '202509': 52.9, '202606': 38.6, '202609': 882.5}","{'202503': '적전', '202512': '적자', '202603': '적자', '202612': '흑전'}","{'202403': False, '202406': False, '202409': False, '202412': False, '202503': False, '202506': False, '202509': False, '202512': False, '202603': False, '202606': False, '202609': True, '202612': True}"
A443060,HD현대마린솔루션,조선,10894530780000,202712,True,23.8,,28.9,16,0,0,184.6,202606,202612,True,"{'202503': 61.2, '202506': 16.9, '202509': 12.2, '202512': 37.4, '202603': 12.5, '202606': 17.6, '202609': 14.5, '202612': 28.2, '202703': 24.6, '202706': 27.7, '202709': 28.9, '202712': 23.8}",{},"{'202403': False, '202406': False, '202409': False, '202412': False, '202503': False, '202506': False, '202509': False, '202512': False, '202603': False, '202606': False, '202609': True, '202612': True, '202703': True, '202706': True, '202709': True, '202712': True}"
A445090,에이직랜드,반도체와반도체장비,241457041800,202612,True,,흑전,,12,0,0,-12.8,202606,202612,True,{},"{'202503': '적전', '202506': '적자', '202509': '적자', '202512': '적자', '202603': '적자', '202606': '흑전', '202609': '흑전', '202612': '흑전'}","{'202403': False, '202406': False, '202409': False, '202412': False, '202503': False, '202506': False, '202509': False, '202512': False, '202603': False, '202606': False, '202609': True, '202612': True}"
A446840,지슨,소프트웨어,34702340400,202612,True,,흑전,,11,0,0,42.4,202606,202612,True,{},"{'202506': '적자', '202509': '적자', '202512': '적전', '202603': '적자', '202606': '흑전', '202609': '흑전', '202612': '흑전'}","{'202406': False, '202409': False, '202412': False, '202503': False, '202506': False, '202509': False, '202512': False, '202603': False, '202606': False, '202609': True, '202612': True}"
A448710,코츠테크놀로지,우주항공과국방,57873947400,202612,True,181.1,,1.5,12,1,1,-10.8,202606,202612,True,"{'202503': 83.5, '202506': 16.7, '202509': 25.1, '202512': -86.3, '202603': -29.8, '202606': 72.7, '202609': 1.5, '202612': 181.1}",{},"{'202403': False, '202406': False, '202409': False, '202412': False, '202503': False, '202506': False, '202509': False, '202512': False, '202603': False, '202606': False, '202609': True, '202612': True}"
A450080,에코프로머티,전기제품,2506810998000,202612,True,847.7,,,12,1,0,422.8,202606,202612,True,{'202612': 847.7},"{'202503': '적자', '202506': '적자', '202509': '적자', '202512': '흑전', '202603': '흑전', '202606': '적자', '202609': '흑전'}","{'202403': False, '202406': False, '202409': False, '202412': False, '202503': False, '202506': False, '202509': False, '202512': False, '202603': False, '202606': False, '202609': True, '202612': True}"
A450950,아스테라시스,건강관리장비와용품,195287202480,202612,True,-0.3,,-6.6,12,0,2,35.7,202606,202612,True,"{'202506': 57.2, '202509': 56.7, '202512': -1.3, '202606': -97.9, '202609': -6.6, '202612': -0.3}","{'202503': '흑전', '202603': '적전'}","{'202403': False, '202406': False, '202409': False, '202412': False, '202503': False, '202506': False, '202509': False, '202512': False, '202603': False, '202606': False, '202609': True, '202612': True}"
A451760,컨텍,우주항공과국방,134538358100,202612,True,,흑전,,12,0,0,91.0,202606,202612,True,{},"{'202503': '적자', '202506': '적자', '202509': '적자', '202512': '적자', '202603': '적자', '202606': '적자', '202609': '흑전', '202612': '흑전'}","{'202403': False, '202406': False, '202409': False, '202412': False, '202503': False, '202506': False, '202509': False, '202512': False, '202603': False, '202606': False, '202609': True, '202612': True}"
A452280,한선엔지니어링,기계,258688684800,202612,True,148.0,,92.9,12,1,1,14.0,202606,202612,True,"{'202503': 22.3, '202506': 51.8, '202509': 228.6, '202512': 179.0, '202603': 268.9, '202606': 111.2, '202609': 92.9, '202612': 148.0}",{},"{'202403': False, '202406': False, '202409': False, '202412': False, '202503': False, '202506': False, '202509': False, '202512': False, '202603': False, '202606': False, '202609': True, '202612': True}"
A452430,사피엔반도체,반도체와반도체장비,338885032050,202612,True,1487.8,,,12,1,0,-0.6,202606,202612,True,"{'202512': -95.9, '202612': 1487.8}","{'202503': '적자', '202506': '적전', '202509': '적자', '202603': '흑전', '202606': '흑전', '202609': '흑전'}","{'202403': False, '202406': False, '202409': False, '202412': False, '202503': False, '202506': False, '202509': False, '202512': False, '202603': False, '202606': False, '202609': True, '202612': True}"
A453340,현대그린푸드,식품,608842256250,202612,True,,흑전,9.0,12,0,0,-341.3,202606,202612,True,"{'202503': 3.4, '202506': -5.0, '202509': 16.1, '202603': 43.9, '202606': 23.4, '202609': 9.0}","{'202512': '적자', '202612': '흑전'}","{'202403': False, '202406': False, '202409': False, '202412': False, '202503': False, '202506': False, '202509': False, '202512': False, '202603': False, '202606': False, '202609': True, '202612': True}"
A456040,OCI,화학,658008382500,202712,True,15.4,,14.7,16,0,1,0.7,202606,202612,True,"{'202503': -73.6, '202512': -86.2, '202603': 171.6, '202612': 1440.4, '202703': 90.5, '202706': 24.8, '202709': 14.7, '202712': 15.4}","{'202506': '적전', '202509': '적전', '202606': '흑전', '202609': '흑전'}","{'202403': False, '202406': False, '202409': False, '202412': False, '202503': False, '202506': False, '202509': False, '202512': False, '202603': False, '202606': False, '202609': True, '202612': True, '202703': True, '202706': True, '202709': True, '202712': True}"
A457190,이수스페셜티케미컬,화학,1937029695200,202612,True,188.1,,,12,1,0,-30.4,202606,202612,True,"{'202503': 338.4, '202512': 77.2, '202603': -42.9, '202612': 188.1}","{'202506': '적전', '202509': '적전', '202606': '흑전', '202609': '흑전'}","{'202403': False, '202406': False, '202409': False, '202412': False, '202503': False, '202506': False, '202509': False, '202512': False, '202603': False, '202606': False, '202609': True, '202612': True}"
A458870,씨어스,건강관리기술,981641267200,202612,True,67.6,,120.8,12,0,0,16.4,202606,202612,True,"{'202512': 2549.9, '202606': 771.8, '202609': 120.8, '202612': 67.6}","{'202503': '적자', '202506': '흑전', '202509': '흑전', '202603': '흑전'}","{'202403': False, '202406': False, '202409': False, '202412': False, '202503': False, '202506': False, '202509': False, '202512': False, '202603': False, '202606': False, '202609': True, '202612': True}"
A460860,동국제강,철강,492607608810,202612,True,4696.6,,-10.0,12,1,1,-111.3,202606,202612,True,"{'202503': -91.9, '202506': -26.1, '202509': 14.0, '202603': 403.9, '202606': 52.3, '202609': -10.0, '202612': 4696.6}",{'202512': '흑전'},"{'202403': False, '202406': False, '202409': False, '202412': False, '202503': False, '202506': False, '202509': False, '202512': False, '202603': False, '202606': False, '202609': True, '202612': True}"
A462350,이노스페이스,우주항공과국방,220569033720,202612,True,,적자,,12,0,0,115.2,202606,202612,True,{},"{'202503': '적자', '202506': '적자', '202509': '적자', '202512': '적자', '202603': '적자', '202606': '적자', '202609': '적자', '202612': '적자'}","{'202403': False, '202406': False, '202409': False, '202412': False, '202503': False, '202506': False, '202509': False, '202512': False, '202603': False, '202606': False, '202609': True, '202612': True}"
A462870,시프트업,게임엔터테인먼트,1812187306500,202712,True,-1.0,,-4.8,16,0,1,31.9,202606,202612,True,"{'202503': 1.2, '202506': 51.6, '202509': 39.3, '202512': -19.0, '202603': -18.1, '202606': -58.8, '202609': -47.0, '202612': -16.3, '202703': -7.7, '202706': 32.5, '202709': -4.8, '202712': -1.0}",{},"{'202403': False, '202406': False, '202409': False, '202412': False, '202503': False, '202506': False, '202509': False, '202512': False, '202603': False, '202606': False, '202609': True, '202612': True, '202703': True, '202706': True, '202709': True, '202712': True}"
A473980,노머스,방송과엔터테인먼트,110895242880,202612,True,,흑전,3.1,12,0,0,26.5,202606,202612,True,"{'202503': 385.3, '202506': 98.2, '202509': 45.3, '202603': -13.0, '202606': -15.9, '202609': 3.1}","{'202512': '적전', '202612': '흑전'}","{'202403': False, '202406': False, '202409': False, '202412': False, '202503': False, '202506': False, '202509': False, '202512': False, '202603': False, '202606': False, '202609': True, '202612': True}"
A474170,루미르,우주항공과국방,125258402880,202612,True,282.0,,,12,1,0,19.6,202606,202612,True,"{'202506': 7709.8, '202612': 282.0}","{'202503': '적자', '202509': '적자', '202512': '흑전', '202603': '적자', '202606': '적전', '202609': '흑전'}","{'202403': False, '202406': False, '202409': False, '202412': False, '202503': False, '202506': False, '202509': False, '202512': False, '202603': False, '202606': False, '202609': True, '202612': True}"
A475150,SK이터닉스,에너지장비및서비스,1720383702000,202612,True,-55.1,,2380.9,12,0,0,137.8,202606,202612,True,"{'202503': 154.4, '202509': -91.9, '202512': 63.7, '202603': 362.3, '202606': -51.2, '202609': 2380.9, '202612': -55.1}",{'202506': '흑전'},"{'202403': False, '202406': False, '202409': False, '202412': False, '202503': False, '202506': False, '202509': False, '202512': False, '202603': False, '202606': False, '202609': True, '202612': True}"
A475580,에이럭스,교육서비스,103004244000,202612,True,,흑전,,12,0,0,51.6,202606,202612,True,{},"{'202503': '적전', '202506': '적전', '202509': '적전', '202512': '적자', '202603': '적자', '202606': '적자', '202609': '흑전', '202612': '흑전'}","{'202403': False, '202406': False, '202409': False, '202412': False, '202503': False, '202506': False, '202509': False, '202512': False, '202603': False, '202606': False, '202609': True, '202612': True}"
A475960,토모큐브,생명과학도구및서비스,367899550200,202612,True,126.0,,,12,1,0,14.9,202606,202612,True,{'202612': 126.0},"{'202503': '적자', '202506': '적자', '202509': '적자', '202512': '흑전', '202603': '적자', '202606': '적자', '202609': '적자'}","{'202403': False, '202406': False, '202409': False, '202412': False, '202503': False, '202506': False, '202509': False, '202512': False, '202603': False, '202606': False, '202609': True, '202612': True}"
A476060,온코닉테라퓨틱스,제약,668857483200,202612,True,669.6,,-20.6,12,1,1,96.1,202606,202612,True,"{'202512': 17.9, '202603': 190.6, '202606': 150.6, '202609': -20.6, '202612': 669.6}","{'202503': '흑전', '202506': '흑전', '202509': '흑전'}","{'202403': False, '202406': False, '202409': False, '202412': False, '202503': False, '202506': False, '202509': False, '202512': False, '202603': False, '202606': False, '202609': True, '202612': True}"
A482630,삼양엔씨켐,반도체와반도체장비,300526084400,202712,True,61.3,,65.0,16,0,0,6.1,202606,202612,True,"{'202503': 116.1, '202506': 33.5, '202509': 49.5, '202512': 74.9, '202603': 45.4, '202606': 30.2, '202609': 47.9, '202612': 29.1, '202703': 15.2, '202706': 53.9, '202709': 65.0, '202712': 61.3}",{},"{'202403': False, '202406': False, '202409': False, '202412': False, '202503': False, '202506': False, '202509': False, '202512': False, '202603': False, '202606': False, '202609': True, '202612': True, '202703': True, '202706': True, '202709': True, '202712': True}"
A483650,달바글로벌,화장품,2244867968000,202712,True,19.5,,35.3,15,0,0,-70.7,202606,202612,True,"{'202506': 80.8, '202509': 18.6, '202512': 89.5, '202603': 50.0, '202606': 61.6, '202609': 95.3, '202612': 57.3, '202703': 26.1, '202706': 20.2, '202709': 35.3, '202712': 19.5}",{},"{'202406': False, '202409': False, '202412': False, '202503': False, '202506': False, '202509': False, '202512': False, '202603': False, '202606': False, '202609': True, '202612': True, '202703': True, '202706': True, '202709': True, '202712': True}"
A484120,도우인시스,디스플레이장비및부품,248733479400,202612,True,-23.5,,,12,0,0,-53.0,202606,202612,True,"{'202506': 205.3, '202512': -61.4, '202606': 125.2, '202612': -23.5}","{'202503': '적전', '202509': '적자', '202603': '흑전', '202609': '흑전'}","{'202403': False, '202406': False, '202409': False, '202412': False, '202503': False, '202506': False, '202509': False, '202512': False, '202603': False, '202606': False, '202609': True, '202612': True}"
A484590,삼양컴텍,우주항공과국방,267043716000,202612,True,22.8,,4.1,12,0,1,-13.8,202606,202612,True,"{'202503': 287.3, '202506': 82.4, '202509': 118.6, '202512': -18.0, '202603': -64.1, '202606': 46.3, '202609': 4.1, '202612': 22.8}",{},"{'202403': False, '202406': False, '202409': False, '202412': False, '202503': False, '202506': False, '202509': False, '202512': False, '202603': False, '202606': False, '202609': True, '202612': True}"
A484870,엠앤씨솔루션,우주항공과국방,489642111000,202612,True,12.8,,6.2,10,0,3,118.9,202606,202612,True,"{'202509': 72.1, '202512': 20.0, '202603': -16.2, '202606': -7.0, '202609': 6.2, '202612': 12.8}",{},"{'202409': False, '202412': False, '202503': False, '202506': False, '202509': False, '202512': False, '202603': False, '202606': False, '202609': True, '202612': True}"
A489460,바이오비쥬,화장품,166859675970,202612,True,,흑전,18.4,11,0,0,6.0,202606,202612,True,"{'202506': 54.8, '202509': 6.2, '202603': 23.9, '202606': 11.4, '202609': 18.4}","{'202512': '적전', '202612': '흑전'}","{'202406': False, '202409': False, '202412': False, '202503': False, '202506': False, '202509': False, '202512': False, '202603': False, '202606': False, '202609': True, '202612': True}"
A489790,한화비전,통신장비,2410820622500,202612,True,93.2,,140.7,10,0,0,-65.8,202606,202612,True,"{'202509': 177.9, '202603': -55.3, '202606': 11.6, '202609': 140.7, '202612': 93.2}",{'202512': '흑전'},"{'202409': False, '202412': False, '202503': False, '202506': False, '202509': False, '202512': False, '202603': False, '202606': False, '202609': True, '202612': True}"
A490470,세미파이브,반도체와반도체장비,533178644800,202612,True,,흑전,,11,0,0,174.4,202606,202612,True,{},"{'202506': '적자', '202509': '적자', '202512': '적자', '202603': '흑전', '202606': '적자', '202609': '흑전', '202612': '흑전'}","{'202406': False, '202409': False, '202412': False, '202503': False, '202506': False, '202509': False, '202512': False, '202603': False, '202606': False, '202609': True, '202612': True}"
A491000,리브스메드,건강관리장비와용품,733665622550,202706,True,,적자,,10,0,0,86.9,202606,202612,True,{},"{'202603': '적자', '202606': '적자', '202609': '적자', '202612': '적자', '202703': '적자', '202706': '적자'}","{'202503': False, '202506': False, '202509': False, '202512': False, '202603': False, '202606': False, '202609': True, '202612': True, '202703': True, '202706': True}"
A494120,큐리오시스,생명과학도구및서비스,122078112000,202612,True,,흑전,,11,0,0,26.7,202606,202612,True,{},"{'202506': '적자', '202509': '적자', '202512': '적자', '202603': '적자', '202606': '적자', '202609': '흑전', '202612': '흑전'}","{'202403': False, '202409': False, '202412': False, '202503': False, '202506': False, '202509': False, '202512': False, '202603': False, '202606': False, '202609': True, '202612': True}"
A499790,GS피앤엘,"호텔,레스토랑,레저",720851070350,202612,True,27.7,,111.8,9,0,0,106.2,202606,202612,True,"{'202603': 58.8, '202606': 153.9, '202609': 111.8, '202612': 27.7}",{'202512': '흑전'},"{'202412': False, '202503': False, '202506': False, '202509': False, '202512': False, '202603': False, '202606': False, '202609': True, '202612': True}"
