date,close,code
2014-06-11,11600.0,033500
2014-06-12,11700.0,033500
2014-06-13,11500.0,033500
2014-06-16,11350.0,033500
2014-06-17,11250.0,033500
2014-06-18,11250.0,033500
2014-06-19,11450.0,033500
2014-06-20,11500.0,033500
2014-06-23,11750.0,033500
2014-06-24,12000.0,033500
2014-06-25,11950.0,033500
2014-06-26,11900.0,033500
2014-06-27,11750.0,033500
2014-06-30,11800.0,033500
2014-07-01,12550.0,033500
2014-07-02,12900.0,033500
2014-07-03,13000.0,033500
2014-07-04,13050.0,033500
2014-07-07,12650.0,033500
2014-07-08,12800.0,033500
2014-07-09,12700.0,033500
2014-07-10,13450.0,033500
2014-07-11,13350.0,033500
2014-07-14,13400.0,033500
2014-07-15,13100.0,033500
2014-07-16,12700.0,033500
2014-07-17,12750.0,033500
2014-07-18,13050.0,033500
2014-07-21,12850.0,033500
2014-07-22,13150.0,033500
2014-07-23,13250.0,033500
2014-07-24,13200.0,033500
2014-07-25,11550.0,033500
2014-07-28,11850.0,033500
2014-07-29,11200.0,033500
2014-07-30,11050.0,033500
2014-07-31,10200.0,033500
2014-08-01,10500.0,033500
2014-08-04,10900.0,033500
2014-08-05,10750.0,033500
2014-08-06,10750.0,033500
2014-08-07,10650.0,033500
2014-08-08,10700.0,033500
2014-08-11,11200.0,033500
2014-08-12,11250.0,033500
2014-08-13,11000.0,033500
2014-08-14,11400.0,033500
2014-08-18,11600.0,033500
2014-08-19,11150.0,033500
2014-08-20,11150.0,033500
2014-08-21,11100.0,033500
2014-08-22,10550.0,033500
2014-08-25,10300.0,033500
2014-08-26,10150.0,033500
2014-08-27,10350.0,033500
2014-08-28,10400.0,033500
2014-08-29,10400.0,033500
2014-09-01,10250.0,033500
2014-09-02,10150.0,033500
2014-09-03,10100.0,033500
2014-09-04,10150.0,033500
2014-09-05,10100.0,033500
2014-09-11,10100.0,033500
2014-09-12,10100.0,033500
2014-09-15,10300.0,033500
2014-09-16,10300.0,033500
2014-09-17,10550.0,033500
2014-09-18,10600.0,033500
2014-09-19,10500.0,033500
2014-09-22,10250.0,033500
2014-09-23,10350.0,033500
2014-09-24,10350.0,033500
2014-09-25,10050.0,033500
2014-09-26,9900.0,033500
2014-09-29,9100.0,033500
2014-09-30,9110.0,033500
2014-10-01,8510.0,033500
2014-10-02,8300.0,033500
2014-10-06,7780.0,033500
2014-10-07,7740.0,033500
2014-10-08,8050.0,033500
2014-10-10,8260.0,033500
2014-10-13,8070.0,033500
2014-10-14,9070.0,033500
2014-10-15,9020.0,033500
2014-10-16,9470.0,033500
2014-10-17,9400.0,033500
2014-10-20,9850.0,033500
2014-10-21,9490.0,033500
2014-10-22,9500.0,033500
2014-10-23,9220.0,033500
2014-10-24,9010.0,033500
2014-10-27,9460.0,033500
2014-10-28,9430.0,033500
2014-10-29,9810.0,033500
2014-10-30,9430.0,033500
2014-10-31,9420.0,033500
2014-11-03,9300.0,033500
2014-11-04,9400.0,033500
2014-11-05,9140.0,033500
2014-11-06,9060.0,033500
2014-11-07,9090.0,033500
2014-11-10,9250.0,033500
2014-11-11,9390.0,033500
2014-11-12,9370.0,033500
2014-11-13,9600.0,033500
2014-11-14,9610.0,033500
2014-11-17,9520.0,033500
2014-11-18,9040.0,033500
2014-11-19,8890.0,033500
2014-11-20,8540.0,033500
2014-11-21,8790.0,033500
2014-11-24,8720.0,033500
2014-11-25,8720.0,033500
2014-11-26,8790.0,033500
2014-11-27,8470.0,033500
2014-11-28,8040.0,033500
2014-12-01,7700.0,033500
2014-12-02,7810.0,033500
2014-12-03,7750.0,033500
2014-12-04,7840.0,033500
2014-12-05,8160.0,033500
2014-12-08,8150.0,033500
2014-12-09,8250.0,033500
2014-12-10,8210.0,033500
2014-12-11,8200.0,033500
2014-12-12,7950.0,033500
2014-12-15,8040.0,033500
2014-12-16,8080.0,033500
2014-12-17,8050.0,033500
2014-12-18,7840.0,033500
2014-12-19,7840.0,033500
2014-12-22,7860.0,033500
2014-12-23,7800.0,033500
2014-12-24,8060.0,033500
2014-12-26,8070.0,033500
2014-12-29,7990.0,033500
2014-12-30,7820.0,033500
2015-01-02,7780.0,033500
2015-01-05,7600.0,033500
2015-01-06,7440.0,033500
2015-01-07,7330.0,033500
2015-01-08,7180.0,033500
2015-01-09,7490.0,033500
2015-01-12,7500.0,033500
2015-01-13,7440.0,033500
2015-01-14,7450.0,033500
2015-01-15,7580.0,033500
2015-01-16,7550.0,033500
2015-01-19,7690.0,033500
2015-01-20,7650.0,033500
2015-01-21,7650.0,033500
2015-01-22,7810.0,033500
2015-01-23,8100.0,033500
2015-01-26,7950.0,033500
2015-01-27,8200.0,033500
2015-01-28,8200.0,033500
2015-01-29,8090.0,033500
2015-01-30,8300.0,033500
2015-02-02,8160.0,033500
2015-02-03,8280.0,033500
2015-02-04,8400.0,033500
2015-02-05,8420.0,033500
2015-02-06,8630.0,033500
2015-02-09,8550.0,033500
2015-02-10,8480.0,033500
2015-02-11,8130.0,033500
2015-02-12,8410.0,033500
2015-02-13,8230.0,033500
2015-02-16,8000.0,033500
2015-02-17,7960.0,033500
2015-02-23,7690.0,033500
2015-02-24,7840.0,033500
2015-02-25,7880.0,033500
2015-02-26,7930.0,033500
2015-02-27,7830.0,033500
2015-03-02,7900.0,033500
2015-03-03,8170.0,033500
2015-03-04,8200.0,033500
2015-03-05,8180.0,033500
2015-03-06,8090.0,033500
2015-03-09,8080.0,033500
2015-03-10,7990.0,033500
2015-03-11,7860.0,033500
2015-03-12,7970.0,033500
2015-03-13,7970.0,033500
2015-03-16,7920.0,033500
2015-03-17,7860.0,033500
2015-03-18,7700.0,033500
2015-03-19,7740.0,033500
2015-03-20,7830.0,033500
2015-03-23,7890.0,033500
2015-03-24,8100.0,033500
2015-03-25,8170.0,033500
2015-03-26,8090.0,033500
2015-03-27,8100.0,033500
2015-03-30,8000.0,033500
2015-03-31,7850.0,033500
2015-04-01,7750.0,033500
2015-04-02,7830.0,033500
2015-04-03,7820.0,033500
2015-04-06,8210.0,033500
2015-04-07,8190.0,033500
2015-04-08,8360.0,033500
2015-04-09,8500.0,033500
2015-04-10,8470.0,033500
2015-04-13,8630.0,033500
2015-04-14,8390.0,033500
2015-04-15,8440.0,033500
2015-04-16,8360.0,033500
2015-04-17,8310.0,033500
2015-04-20,8220.0,033500
2015-04-21,8200.0,033500
2015-04-22,8000.0,033500
2015-04-23,7940.0,033500
2015-04-24,7920.0,033500
2015-04-27,7890.0,033500
2015-04-28,7810.0,033500
2015-04-29,7620.0,033500
2015-04-30,7650.0,033500
2015-05-04,7490.0,033500
2015-05-06,7390.0,033500
2015-05-07,7160.0,033500
2015-05-08,7220.0,033500
2015-05-11,7210.0,033500
2015-05-12,7260.0,033500
2015-05-13,7220.0,033500
2015-05-14,7300.0,033500
2015-05-15,7320.0,033500
2015-05-18,7140.0,033500
2015-05-19,7430.0,033500
2015-05-20,7590.0,033500
2015-05-21,7600.0,033500
2015-05-22,7660.0,033500
2015-05-26,7400.0,033500
2015-05-27,7430.0,033500
2015-05-28,7480.0,033500
2015-05-29,7240.0,033500
2015-06-01,7180.0,033500
2015-06-02,6890.0,033500
2015-06-03,6950.0,033500
2015-06-04,7040.0,033500
2015-06-05,6900.0,033500
2015-06-08,7100.0,033500
2015-06-09,7080.0,033500
2015-06-10,7020.0,033500
2015-06-11,7020.0,033500
2015-06-12,6910.0,033500
2015-06-15,6090.0,033500
2015-06-16,5940.0,033500
2015-06-17,6050.0,033500
2015-06-18,6050.0,033500
2015-06-19,6150.0,033500
2015-06-22,6300.0,033500
2015-06-23,6310.0,033500
2015-06-24,6340.0,033500
2015-06-25,6210.0,033500
2015-06-26,6180.0,033500
2015-06-29,5990.0,033500
2015-06-30,6050.0,033500
2015-07-01,6350.0,033500
2015-07-02,6340.0,033500
2015-07-03,6300.0,033500
2015-07-06,6340.0,033500
2015-07-07,6340.0,033500
2015-07-08,6370.0,033500
2015-07-09,6320.0,033500
2015-07-10,6350.0,033500
2015-07-13,6670.0,033500
2015-07-14,6770.0,033500
2015-07-15,6520.0,033500
2015-07-16,6640.0,033500
2015-07-17,6590.0,033500
2015-07-20,6440.0,033500
2015-07-21,6510.0,033500
2015-07-22,6310.0,033500
2015-07-23,6300.0,033500
2015-07-24,6220.0,033500
2015-07-27,6170.0,033500
2015-07-28,6040.0,033500
2015-07-29,6010.0,033500
2015-07-30,5890.0,033500
2015-07-31,5740.0,033500
2015-08-03,5550.0,033500
2015-08-04,5620.0,033500
2015-08-05,5660.0,033500
2015-08-06,5920.0,033500
2015-08-07,6050.0,033500
2015-08-10,5890.0,033500
2015-08-11,5880.0,033500
2015-08-12,5890.0,033500
2015-08-13,5970.0,033500
2015-08-17,5990.0,033500
2015-08-18,5660.0,033500
2015-08-19,5270.0,033500
2015-08-20,4935.0,033500
2015-08-21,4615.0,033500
2015-08-24,4605.0,033500
2015-08-25,4855.0,033500
2015-08-26,4970.0,033500
2015-08-27,5060.0,033500
2015-08-28,5070.0,033500
2015-08-31,5150.0,033500
2015-09-01,5280.0,033500
2015-09-02,5360.0,033500
2015-09-03,5330.0,033500
2015-09-04,5160.0,033500
2015-09-07,5240.0,033500
2015-09-08,5110.0,033500
2015-09-09,5190.0,033500
2015-09-10,5220.0,033500
2015-09-11,5320.0,033500
2015-09-14,5260.0,033500
2015-09-15,5190.0,033500
2015-09-16,5370.0,033500
2015-09-17,5380.0,033500
2015-09-18,5400.0,033500
2015-09-21,5290.0,033500
2015-09-22,5400.0,033500
2015-09-23,5370.0,033500
2015-09-24,5390.0,033500
2015-09-25,5990.0,033500
2015-09-30,6050.0,033500
2015-10-01,6070.0,033500
2015-10-02,5910.0,033500
2015-10-05,5980.0,033500
2015-10-06,5980.0,033500
2015-10-07,5990.0,033500
2015-10-08,5970.0,033500
2015-10-12,5970.0,033500
2015-10-13,6050.0,033500
2015-10-14,6140.0,033500
2015-10-15,6200.0,033500
2015-10-16,6150.0,033500
2015-10-19,6100.0,033500
2015-10-20,5990.0,033500
2015-10-21,5940.0,033500
2015-10-22,5790.0,033500
2015-10-23,5740.0,033500
2015-10-26,5740.0,033500
2015-10-27,5890.0,033500
2015-10-28,5840.0,033500
2015-10-29,5770.0,033500
2015-10-30,5760.0,033500
2015-11-02,5660.0,033500
2015-11-03,5650.0,033500
2015-11-04,5800.0,033500
2015-11-05,5830.0,033500
2015-11-06,5790.0,033500
2015-11-09,5640.0,033500
2015-11-10,5550.0,033500
2015-11-11,5560.0,033500
2015-11-12,5530.0,033500
2015-11-13,5350.0,033500
2015-11-16,5110.0,033500
2015-11-17,5180.0,033500
2015-11-18,5130.0,033500
2015-11-19,5140.0,033500
2015-11-20,5460.0,033500
2015-11-23,5320.0,033500
2015-11-24,5350.0,033500
2015-11-25,5410.0,033500
2015-11-26,5560.0,033500
2015-11-27,5510.0,033500
2015-11-30,5500.0,033500
2015-12-01,5660.0,033500
2015-12-02,5600.0,033500
2015-12-03,5600.0,033500
2015-12-04,5570.0,033500
2015-12-07,5460.0,033500
2015-12-08,5200.0,033500
2015-12-09,4870.0,033500
2015-12-10,4825.0,033500
2015-12-11,4810.0,033500
2015-12-14,4590.0,033500
2015-12-15,4595.0,033500
2015-12-16,4600.0,033500
2015-12-17,4700.0,033500
2015-12-18,4820.0,033500
2015-12-21,4860.0,033500
2015-12-22,4805.0,033500
2015-12-23,4700.0,033500
2015-12-24,4760.0,033500
2015-12-28,4605.0,033500
2015-12-29,4695.0,033500
2015-12-30,4825.0,033500
2016-01-04,4670.0,033500
2016-01-05,4690.0,033500
2016-01-06,4705.0,033500
2016-01-07,4610.0,033500
2016-01-08,4495.0,033500
2016-01-11,4455.0,033500
2016-01-12,4310.0,033500
2016-01-13,4320.0,033500
2016-01-14,4190.0,033500
2016-01-15,4220.0,033500
2016-01-18,4140.0,033500
2016-01-19,4110.0,033500
2016-01-20,3890.0,033500
2016-01-21,3905.0,033500
2016-01-22,3985.0,033500
2016-01-25,4055.0,033500
2016-01-26,3980.0,033500
2016-01-27,4050.0,033500
2016-01-28,4085.0,033500
2016-01-29,4030.0,033500
2016-02-01,4000.0,033500
2016-02-02,4050.0,033500
2016-02-03,3920.0,033500
2016-02-04,3970.0,033500
2016-02-05,3995.0,033500
2016-02-11,3820.0,033500
2016-02-12,3685.0,033500
2016-02-15,3820.0,033500
2016-02-16,3940.0,033500
2016-02-17,3910.0,033500
2016-02-18,4020.0,033500
2016-02-19,4080.0,033500
2016-02-22,4130.0,033500
2016-02-23,4150.0,033500
2016-02-24,4165.0,033500
2016-02-25,4135.0,033500
2016-02-26,4160.0,033500
2016-02-29,4320.0,033500
2016-03-02,4310.0,033500
2016-03-03,4365.0,033500
2016-03-04,4380.0,033500
2016-03-07,4485.0,033500
2016-03-08,4470.0,033500
2016-03-09,4485.0,033500
2016-03-10,4545.0,033500
2016-03-11,4530.0,033500
2016-03-14,4545.0,033500
2016-03-15,4450.0,033500
2016-03-16,4355.0,033500
2016-03-17,4495.0,033500
2016-03-18,4520.0,033500
2016-03-21,4520.0,033500
2016-03-22,4700.0,033500
2016-03-23,4650.0,033500
2016-03-24,5530.0,033500
2016-03-25,5630.0,033500
2016-03-28,5800.0,033500
2016-03-29,5740.0,033500
2016-03-30,5770.0,033500
2016-03-31,5600.0,033500
2016-04-01,5860.0,033500
2016-04-04,5820.0,033500
2016-04-05,6000.0,033500
2016-04-06,6090.0,033500
2016-04-07,6060.0,033500
2016-04-08,5970.0,033500
2016-04-11,5860.0,033500
2016-04-12,6030.0,033500
2016-04-14,5890.0,033500
2016-04-15,5960.0,033500
2016-04-18,5770.0,033500
2016-04-19,5770.0,033500
2016-04-20,5650.0,033500
2016-04-21,5690.0,033500
2016-04-22,5700.0,033500
2016-04-25,5400.0,033500
2016-04-26,5430.0,033500
2016-04-27,5470.0,033500
2016-04-28,5910.0,033500
2016-04-29,5710.0,033500
2016-05-02,5890.0,033500
2016-05-03,5710.0,033500
2016-05-04,5640.0,033500
2016-05-09,5430.0,033500
2016-05-10,5530.0,033500
2016-05-11,5510.0,033500
2016-05-12,5450.0,033500
2016-05-13,5800.0,033500
2016-05-16,5770.0,033500
2016-05-17,5780.0,033500
2016-05-18,5650.0,033500
2016-05-19,5700.0,033500
2016-05-20,5610.0,033500
2016-05-23,5700.0,033500
2016-05-24,5760.0,033500
2016-05-25,5740.0,033500
2016-05-26,5860.0,033500
2016-05-27,5930.0,033500
2016-05-30,5940.0,033500
2016-05-31,5900.0,033500
2016-06-01,5930.0,033500
2016-06-02,6170.0,033500
2016-06-03,6320.0,033500
2016-06-07,6320.0,033500
2016-06-08,6390.0,033500
2016-06-09,6390.0,033500
2016-06-10,6290.0,033500
2016-06-13,6270.0,033500
2016-06-14,6140.0,033500
2016-06-15,6270.0,033500
2016-06-16,6200.0,033500
2016-06-17,6150.0,033500
2016-06-20,6210.0,033500
2016-06-21,6360.0,033500
2016-06-22,6450.0,033500
2016-06-23,6480.0,033500
2016-06-24,6210.0,033500
2016-06-27,5960.0,033500
2016-06-28,6220.0,033500
2016-06-29,6430.0,033500
2016-06-30,6410.0,033500
2016-07-01,6370.0,033500
2016-07-04,6500.0,033500
2016-07-05,6600.0,033500
2016-07-06,6420.0,033500
2016-07-07,6450.0,033500
2016-07-08,6150.0,033500
2016-07-11,6190.0,033500
2016-07-12,6360.0,033500
2016-07-13,6380.0,033500
2016-07-14,6390.0,033500
2016-07-15,6390.0,033500
2016-07-18,6590.0,033500
2016-07-19,6800.0,033500
2016-07-20,6840.0,033500
2016-07-21,6810.0,033500
2016-07-22,6980.0,033500
2016-07-25,6700.0,033500
2016-07-26,6860.0,033500
2016-07-27,6900.0,033500
2016-07-28,6990.0,033500
2016-07-29,7020.0,033500
2016-08-01,7000.0,033500
2016-08-02,6890.0,033500
2016-08-03,6750.0,033500
2016-08-04,6820.0,033500
2016-08-05,6750.0,033500
2016-08-08,6760.0,033500
2016-08-09,6850.0,033500
2016-08-10,6800.0,033500
2016-08-11,6820.0,033500
2016-08-12,6790.0,033500
2016-08-16,6870.0,033500
2016-08-17,6720.0,033500
2016-08-18,6570.0,033500
2016-08-19,6490.0,033500
2016-08-22,6100.0,033500
2016-08-23,6100.0,033500
2016-08-24,6110.0,033500
2016-08-25,5910.0,033500
2016-08-26,5870.0,033500
2016-08-29,5640.0,033500
2016-08-30,5580.0,033500
2016-08-31,5490.0,033500
2016-09-01,5480.0,033500
2016-09-02,5490.0,033500
2016-09-05,5540.0,033500
2016-09-06,5540.0,033500
2016-09-07,5220.0,033500
2016-09-08,5270.0,033500
2016-09-09,5330.0,033500
2016-09-12,5500.0,033500
2016-09-13,5470.0,033500
2016-09-19,5700.0,033500
2016-09-20,5890.0,033500
2016-09-21,5860.0,033500
2016-09-22,5910.0,033500
2016-09-23,5980.0,033500
2016-09-26,5800.0,033500
2016-09-27,5830.0,033500
2016-09-28,5890.0,033500
2016-09-29,5930.0,033500
2016-09-30,5950.0,033500
2016-10-04,6050.0,033500
2016-10-05,5880.0,033500
2016-10-06,5770.0,033500
2016-10-07,5840.0,033500
2016-10-10,5900.0,033500
2016-10-11,5980.0,033500
2016-10-12,5960.0,033500
2016-10-13,6110.0,033500
2016-10-14,5900.0,033500
2016-10-17,5750.0,033500
2016-10-18,5820.0,033500
2016-10-19,5970.0,033500
2016-10-20,5910.0,033500
2016-10-21,5870.0,033500
2016-10-24,5730.0,033500
2016-10-25,5710.0,033500
2016-10-26,5700.0,033500
2016-10-27,5740.0,033500
2016-10-28,5800.0,033500
2016-10-31,5720.0,033500
2016-11-01,5880.0,033500
2016-11-02,5800.0,033500
2016-11-03,5770.0,033500
2016-11-04,5890.0,033500
2016-11-07,5930.0,033500
2016-11-08,5860.0,033500
2016-11-09,5580.0,033500
2016-11-10,6050.0,033500
2016-11-11,6310.0,033500
2016-11-14,6340.0,033500
2016-11-15,6370.0,033500
2016-11-16,6390.0,033500
2016-11-17,6330.0,033500
2016-11-18,6210.0,033500
2016-11-21,6540.0,033500
2016-11-22,6400.0,033500
2016-11-23,6340.0,033500
2016-11-24,6150.0,033500
2016-11-25,6150.0,033500
2016-11-28,5970.0,033500
2016-11-29,5970.0,033500
2016-11-30,6230.0,033500
2016-12-01,6240.0,033500
2016-12-02,6170.0,033500
2016-12-05,5980.0,033500
2016-12-06,5950.0,033500
2016-12-07,5850.0,033500
2016-12-08,5780.0,033500
2016-12-09,5810.0,033500
2016-12-12,6100.0,033500
2016-12-13,6080.0,033500
2016-12-14,5980.0,033500
2016-12-15,5900.0,033500
2016-12-16,5900.0,033500
2016-12-19,5750.0,033500
2016-12-20,5760.0,033500
2016-12-21,5680.0,033500
2016-12-22,5720.0,033500
2016-12-23,5760.0,033500
2016-12-26,5640.0,033500
2016-12-27,5640.0,033500
2016-12-28,5700.0,033500
2016-12-29,5750.0,033500
2017-01-02,5870.0,033500
2017-01-03,5960.0,033500
2017-01-04,6000.0,033500
2017-01-05,6050.0,033500
2017-01-06,6240.0,033500
2017-01-09,6100.0,033500
2017-01-10,6090.0,033500
2017-01-11,6130.0,033500
2017-01-12,6220.0,033500
2017-01-13,6170.0,033500
2017-01-16,6300.0,033500
2017-01-17,6450.0,033500
2017-01-18,6350.0,033500
2017-01-19,6200.0,033500
2017-01-20,6350.0,033500
2017-01-23,6720.0,033500
2017-01-24,6560.0,033500
2017-01-25,6970.0,033500
2017-01-26,6970.0,033500
2017-01-31,6900.0,033500
2017-02-01,6870.0,033500
2017-02-02,6620.0,033500
2017-02-03,6500.0,033500
2017-02-06,6860.0,033500
2017-02-07,6500.0,033500
2017-02-08,6490.0,033500
2017-02-09,6790.0,033500
2017-02-10,7000.0,033500
2017-02-13,7000.0,033500
2017-02-14,7490.0,033500
2017-02-15,7480.0,033500
2017-02-16,7330.0,033500
2017-02-17,7620.0,033500
2017-02-20,7460.0,033500
2017-02-21,7370.0,033500
2017-02-22,7250.0,033500
2017-02-23,7130.0,033500
2017-02-24,7430.0,033500
2017-02-27,7210.0,033500
2017-02-28,7450.0,033500
2017-03-02,8020.0,033500
2017-03-03,8010.0,033500
2017-03-06,8070.0,033500
2017-03-07,8240.0,033500
2017-03-08,7990.0,033500
2017-03-09,7980.0,033500
2017-03-10,8210.0,033500
2017-03-13,8120.0,033500
2017-03-14,8280.0,033500
2017-03-15,8030.0,033500
2017-03-16,7840.0,033500
2017-03-17,7860.0,033500
2017-03-20,7680.0,033500
2017-03-21,7430.0,033500
2017-03-22,7290.0,033500
2017-03-23,7250.0,033500
2017-03-24,7230.0,033500
2017-03-27,7080.0,033500
2017-03-28,7160.0,033500
2017-03-29,7270.0,033500
2017-03-30,6880.0,033500
2017-03-31,6940.0,033500
2017-04-03,6600.0,033500
2017-04-04,6670.0,033500
2017-04-05,7060.0,033500
2017-04-06,6900.0,033500
2017-04-07,6820.0,033500
2017-04-10,6700.0,033500
2017-04-11,6880.0,033500
2017-04-12,6940.0,033500
2017-04-13,6870.0,033500
2017-04-14,6660.0,033500
2017-04-17,7000.0,033500
2017-04-18,7120.0,033500
2017-04-19,6800.0,033500
2017-04-20,6660.0,033500
2017-04-21,6670.0,033500
2017-04-24,6760.0,033500
2017-04-25,6860.0,033500
2017-04-26,7390.0,033500
2017-04-27,7160.0,033500
2017-04-28,6950.0,033500
2017-05-02,7090.0,033500
2017-05-04,7150.0,033500
2017-05-08,6950.0,033500
2017-05-10,6840.0,033500
2017-05-11,6760.0,033500
2017-05-12,6550.0,033500
2017-05-15,6640.0,033500
2017-05-16,6830.0,033500
2017-05-17,6760.0,033500
2017-05-18,6700.0,033500
2017-05-19,6790.0,033500
2017-05-22,6730.0,033500
2017-05-23,6620.0,033500
2017-05-24,6700.0,033500
2017-05-25,7230.0,033500
2017-05-26,7250.0,033500
2017-05-29,7080.0,033500
2017-05-30,7090.0,033500
2017-05-31,6890.0,033500
2017-06-01,6160.0,033500
2017-06-02,6210.0,033500
2017-06-05,6200.0,033500
2017-06-07,6230.0,033500
2017-06-08,6210.0,033500
2017-06-09,6050.0,033500
2017-06-12,5910.0,033500
2017-06-13,6070.0,033500
2017-06-14,6040.0,033500
2017-06-15,5970.0,033500
2017-06-16,6130.0,033500
2017-06-19,6250.0,033500
2017-06-20,6360.0,033500
2017-06-21,6360.0,033500
2017-06-22,6260.0,033500
2017-06-23,6470.0,033500
2017-06-26,6480.0,033500
2017-06-27,6870.0,033500
2017-06-28,6880.0,033500
2017-06-29,6730.0,033500
2017-06-30,6590.0,033500
2017-07-03,6920.0,033500
2017-07-04,6650.0,033500
2017-07-05,6710.0,033500
2017-07-06,6560.0,033500
2017-07-07,6410.0,033500
2017-07-10,6250.0,033500
2017-07-11,6250.0,033500
2017-07-12,6220.0,033500
2017-07-13,6180.0,033500
2017-07-14,6060.0,033500
2017-07-17,6080.0,033500
2017-07-18,6020.0,033500
2017-07-19,6140.0,033500
2017-07-20,6140.0,033500
2017-07-21,6170.0,033500
2017-07-24,6130.0,033500
2017-07-25,6050.0,033500
2017-07-26,6080.0,033500
2017-07-27,6080.0,033500
2017-07-28,6080.0,033500
2017-07-31,6010.0,033500
2017-08-01,6200.0,033500
2017-08-02,6230.0,033500
2017-08-03,6100.0,033500
2017-08-04,6100.0,033500
2017-08-07,6240.0,033500
2017-08-08,6190.0,033500
2017-08-09,6220.0,033500
2017-08-10,6050.0,033500
2017-08-11,5930.0,033500
2017-08-14,5920.0,033500
2017-08-16,5290.0,033500
2017-08-17,5380.0,033500
2017-08-18,5270.0,033500
2017-08-21,4915.0,033500
2017-08-22,4940.0,033500
2017-08-23,4950.0,033500
2017-08-24,5070.0,033500
2017-08-25,5400.0,033500
2017-08-28,5360.0,033500
2017-08-29,5310.0,033500
2017-08-30,5280.0,033500
2017-08-31,5450.0,033500
2017-09-01,5330.0,033500
2017-09-04,5150.0,033500
2017-09-05,5100.0,033500
2017-09-06,5110.0,033500
2017-09-07,5140.0,033500
2017-09-08,5060.0,033500
2017-09-11,4915.0,033500
2017-09-12,5000.0,033500
2017-09-13,4975.0,033500
2017-09-14,4890.0,033500
2017-09-15,4790.0,033500
2017-09-18,4760.0,033500
2017-09-19,4745.0,033500
2017-09-20,5120.0,033500
2017-09-21,5000.0,033500
2017-09-22,4780.0,033500
2017-09-25,4650.0,033500
2017-09-26,4700.0,033500
2017-09-27,4800.0,033500
2017-09-28,4860.0,033500
2017-09-29,4985.0,033500
2017-10-10,4910.0,033500
2017-10-11,4980.0,033500
2017-10-12,5030.0,033500
2017-10-13,4910.0,033500
2017-10-16,4830.0,033500
2017-10-17,4855.0,033500
2017-10-18,4805.0,033500
2017-10-19,4905.0,033500
2017-10-20,4850.0,033500
2017-10-23,4970.0,033500
2017-10-24,4950.0,033500
2017-10-25,4925.0,033500
2017-10-26,4910.0,033500
2017-10-27,4910.0,033500
2017-10-30,4915.0,033500
2017-10-31,5060.0,033500
2017-11-01,4930.0,033500
2017-11-02,4900.0,033500
2017-11-03,4925.0,033500
2017-11-06,4955.0,033500
2017-11-07,4945.0,033500
2017-11-08,4930.0,033500
2017-11-09,5030.0,033500
2017-11-10,5190.0,033500
2017-11-13,5130.0,033500
2017-11-14,5170.0,033500
2017-11-15,4940.0,033500
2017-11-16,4925.0,033500
2017-11-17,4865.0,033500
2017-11-20,4850.0,033500
2017-11-21,4855.0,033500
2017-11-22,4770.0,033500
2017-11-23,4775.0,033500
2017-11-24,4855.0,033500
2017-11-27,4895.0,033500
2017-11-28,4990.0,033500
2017-11-29,4860.0,033500
2017-11-30,5100.0,033500
2017-12-01,5060.0,033500
2017-12-04,5310.0,033500
2017-12-05,5430.0,033500
2017-12-06,5170.0,033500
2017-12-07,5010.0,033500
2017-12-08,4850.0,033500
2017-12-11,4785.0,033500
2017-12-12,4945.0,033500
2017-12-13,4975.0,033500
2017-12-14,5020.0,033500
2017-12-15,4930.0,033500
2017-12-18,4890.0,033500
2017-12-19,4890.0,033500
2017-12-20,4850.0,033500
2017-12-21,4800.0,033500
2017-12-22,4835.0,033500
2017-12-26,4775.0,033500
2017-12-27,4825.0,033500
2017-12-28,5050.0,033500
2018-01-02,5230.0,033500
2018-01-03,5260.0,033500
2018-01-04,5240.0,033500
2018-01-05,5580.0,033500
2018-01-08,5860.0,033500
2018-01-09,5740.0,033500
2018-01-10,6300.0,033500
2018-01-11,6350.0,033500
2018-01-12,6400.0,033500
2018-01-15,6440.0,033500
2018-01-16,6480.0,033500
2018-01-17,6360.0,033500
2018-01-18,6360.0,033500
2018-01-19,6390.0,033500
2018-01-22,6860.0,033500
2018-01-23,7040.0,033500
2018-01-24,6980.0,033500
2018-01-25,8090.0,033500
2018-01-26,8550.0,033500
2018-01-29,8370.0,033500
2018-01-30,8650.0,033500
2018-01-31,8320.0,033500
2018-02-01,8430.0,033500
2018-02-02,8440.0,033500
2018-02-05,8320.0,033500
2018-02-06,8750.0,033500
2018-02-07,8600.0,033500
2018-02-08,8470.0,033500
2018-02-09,8300.0,033500
2018-02-12,8270.0,033500
2018-02-13,8630.0,033500
2018-02-14,8920.0,033500
2018-02-19,9220.0,033500
2018-02-20,8850.0,033500
2018-02-21,8720.0,033500
2018-02-22,8880.0,033500
2018-02-23,9370.0,033500
2018-02-26,8960.0,033500
2018-02-27,8830.0,033500
2018-02-28,8800.0,033500
2018-03-02,8780.0,033500
2018-03-05,8500.0,033500
2018-03-06,9010.0,033500
2018-03-07,8850.0,033500
2018-03-08,9020.0,033500
2018-03-09,8780.0,033500
2018-03-12,8850.0,033500
2018-03-13,8540.0,033500
2018-03-14,8210.0,033500
2018-03-15,8450.0,033500
2018-03-16,8160.0,033500
2018-03-19,8080.0,033500
2018-03-20,8350.0,033500
2018-03-21,8230.0,033500
2018-03-22,8270.0,033500
2018-03-23,7930.0,033500
2018-03-26,8470.0,033500
2018-03-27,8550.0,033500
2018-03-28,8310.0,033500
2018-03-29,8190.0,033500
2018-03-30,8080.0,033500
2018-04-02,7550.0,033500
2018-04-03,7460.0,033500
2018-04-04,7130.0,033500
2018-04-05,7620.0,033500
2018-04-06,7230.0,033500
2018-04-09,6760.0,033500
2018-04-10,6900.0,033500
2018-04-11,6800.0,033500
2018-04-12,7070.0,033500
2018-04-13,7140.0,033500
2018-04-16,7020.0,033500
2018-04-17,6860.0,033500
2018-04-18,6910.0,033500
2018-04-19,6920.0,033500
2018-04-20,7250.0,033500
2018-04-23,6830.0,033500
2018-04-24,6720.0,033500
2018-04-25,6500.0,033500
2018-04-26,6620.0,033500
2018-04-27,6610.0,033500
2018-04-30,6410.0,033500
2018-05-02,6300.0,033500
2018-05-03,6090.0,033500
2018-05-04,6340.0,033500
2018-05-08,6370.0,033500
2018-05-09,6250.0,033500
2018-05-10,6470.0,033500
2018-05-11,6500.0,033500
2018-05-14,6720.0,033500
2018-05-15,6670.0,033500
2018-05-16,6670.0,033500
2018-05-17,6850.0,033500
2018-05-18,7020.0,033500
2018-05-21,6990.0,033500
2018-05-23,6770.0,033500
2018-05-24,6760.0,033500
2018-05-25,6640.0,033500
2018-05-28,6560.0,033500
2018-05-29,6380.0,033500
2018-05-30,6320.0,033500
2018-05-31,6840.0,033500
2018-06-01,6420.0,033500
2018-06-04,6290.0,033500
2018-06-05,6500.0,033500
2018-06-07,6470.0,033500
2018-06-08,6530.0,033500
2018-06-11,6340.0,033500
2018-06-12,6320.0,033500
2018-06-14,6130.0,033500
2018-06-15,6230.0,033500
2018-06-18,6780.0,033500
2018-06-19,7020.0,033500
2018-06-20,7550.0,033500
2018-06-21,7360.0,033500
2018-06-22,7440.0,033500
2018-06-25,7110.0,033500
2018-06-26,7010.0,033500
2018-06-27,6980.0,033500
2018-06-28,6870.0,033500
2018-06-29,6700.0,033500
2018-07-02,6270.0,033500
2018-07-03,6210.0,033500
2018-07-04,6030.0,033500
2018-07-05,5910.0,033500
2018-07-06,6270.0,033500
2018-07-09,5980.0,033500
2018-07-10,6020.0,033500
2018-07-11,6170.0,033500
2018-07-12,6180.0,033500
2018-07-13,6220.0,033500
2018-07-16,6220.0,033500
2018-07-17,6200.0,033500
2018-07-18,6130.0,033500
2018-07-19,5890.0,033500
2018-07-20,5750.0,033500
2018-07-23,5760.0,033500
2018-07-24,5580.0,033500
2018-07-25,5590.0,033500
2018-07-26,5920.0,033500
2018-07-27,6100.0,033500
2018-07-30,6100.0,033500
2018-07-31,6170.0,033500
2018-08-01,6180.0,033500
2018-08-02,6170.0,033500
2018-08-03,6200.0,033500
2018-08-06,6220.0,033500
2018-08-07,6480.0,033500
2018-08-08,6850.0,033500
2018-08-09,6840.0,033500
2018-08-10,6840.0,033500
2018-08-13,6800.0,033500
2018-08-14,6810.0,033500
2018-08-16,6610.0,033500
2018-08-17,6810.0,033500
2018-08-20,7130.0,033500
2018-08-21,7200.0,033500
2018-08-22,7320.0,033500
2018-08-23,7150.0,033500
2018-08-24,7230.0,033500
2018-08-27,7070.0,033500
2018-08-28,7590.0,033500
2018-08-29,7510.0,033500
2018-08-30,7540.0,033500
2018-08-31,7610.0,033500
2018-09-03,7730.0,033500
2018-09-04,7590.0,033500
2018-09-05,7580.0,033500
2018-09-06,7560.0,033500
2018-09-07,7500.0,033500
2018-09-10,7360.0,033500
2018-09-11,7370.0,033500
2018-09-12,7570.0,033500
2018-09-13,7770.0,033500
2018-09-14,7780.0,033500
2018-09-17,7850.0,033500
2018-09-18,7900.0,033500
2018-09-19,7870.0,033500
2018-09-20,7840.0,033500
2018-09-21,7780.0,033500
2018-09-27,7870.0,033500
2018-09-28,7880.0,033500
2018-10-01,8020.0,033500
2018-10-02,8660.0,033500
2018-10-04,8980.0,033500
2018-10-05,8440.0,033500
2018-10-08,8470.0,033500
2018-10-10,8690.0,033500
2018-10-11,7970.0,033500
2018-10-12,7950.0,033500
2018-10-15,8560.0,033500
2018-10-16,8310.0,033500
2018-10-17,7970.0,033500
2018-10-18,7940.0,033500
2018-10-19,8020.0,033500
2018-10-22,7940.0,033500
2018-10-23,7490.0,033500
2018-10-24,7110.0,033500
2018-10-25,7370.0,033500
2018-10-26,7080.0,033500
2018-10-29,6850.0,033500
2018-10-30,6800.0,033500
2018-10-31,6870.0,033500
2018-11-01,6810.0,033500
2018-11-02,7080.0,033500
2018-11-05,7390.0,033500
2018-11-06,8190.0,033500
2018-11-07,8160.0,033500
2018-11-08,8120.0,033500
2018-11-09,8150.0,033500
2018-11-12,8510.0,033500
2018-11-13,8210.0,033500
2018-11-14,7970.0,033500
2018-11-15,8190.0,033500
2018-11-16,8310.0,033500
2018-11-19,8400.0,033500
2018-11-20,8390.0,033500
2018-11-21,8190.0,033500
2018-11-22,8200.0,033500
2018-11-23,8310.0,033500
2018-11-26,8130.0,033500
2018-11-27,8080.0,033500
2018-11-28,8200.0,033500
2018-11-29,8120.0,033500
2018-11-30,8070.0,033500
2018-12-03,8100.0,033500
2018-12-04,8030.0,033500
2018-12-05,8000.0,033500
2018-12-06,7810.0,033500
2018-12-07,7760.0,033500
2018-12-10,7490.0,033500
2018-12-11,7790.0,033500
2018-12-12,7910.0,033500
2018-12-13,8350.0,033500
2018-12-14,8650.0,033500
2018-12-17,8620.0,033500
2018-12-18,8330.0,033500
2018-12-19,8120.0,033500
2018-12-20,7600.0,033500
2018-12-21,7530.0,033500
2018-12-24,7310.0,033500
2018-12-26,7180.0,033500
2018-12-27,7690.0,033500
2018-12-28,7720.0,033500
2019-01-02,7580.0,033500
2019-01-03,7660.0,033500
2019-01-04,7600.0,033500
2019-01-07,7530.0,033500
2019-01-08,7250.0,033500
2019-01-09,7340.0,033500
2019-01-10,7360.0,033500
2019-01-11,7580.0,033500
2019-01-14,7580.0,033500
2019-01-15,7680.0,033500
2019-01-16,7660.0,033500
2019-01-17,7470.0,033500
2019-01-18,7590.0,033500
2019-01-21,7700.0,033500
2019-01-22,7590.0,033500
2019-01-23,7620.0,033500
2019-01-24,7620.0,033500
2019-01-25,7830.0,033500
2019-01-28,8080.0,033500
2019-01-29,8490.0,033500
2019-01-30,8510.0,033500
2019-01-31,8360.0,033500
2019-02-01,8090.0,033500
2019-02-07,8150.0,033500
2019-02-08,8090.0,033500
2019-02-11,7830.0,033500
2019-02-12,7890.0,033500
2019-02-13,8380.0,033500
2019-02-14,8140.0,033500
2019-02-15,8360.0,033500
2019-02-18,8320.0,033500
2019-02-19,8290.0,033500
2019-02-20,8490.0,033500
2019-02-21,8750.0,033500
2019-02-22,8810.0,033500
2019-02-25,8770.0,033500
2019-02-26,8770.0,033500
2019-02-27,8640.0,033500
2019-02-28,8580.0,033500
2019-03-04,8680.0,033500
2019-03-05,8700.0,033500
2019-03-06,9140.0,033500
2019-03-07,8850.0,033500
2019-03-08,8700.0,033500
2019-03-11,8550.0,033500
2019-03-12,8730.0,033500
2019-03-13,8820.0,033500
2019-03-14,9020.0,033500
2019-03-15,9020.0,033500
2019-03-18,9030.0,033500
2019-03-19,9040.0,033500
2019-03-20,9160.0,033500
2019-03-21,8880.0,033500
2019-03-22,8690.0,033500
2019-03-25,8420.0,033500
2019-03-26,8710.0,033500
2019-03-27,8590.0,033500
2019-03-28,8460.0,033500
2019-03-29,8650.0,033500
2019-04-01,8810.0,033500
2019-04-02,8700.0,033500
2019-04-03,8640.0,033500
2019-04-04,8690.0,033500
2019-04-05,8630.0,033500
2019-04-08,8660.0,033500
2019-04-09,8640.0,033500
2019-04-10,8480.0,033500
2019-04-11,8380.0,033500
2019-04-12,8260.0,033500
2019-04-15,8600.0,033500
2019-04-16,8680.0,033500
2019-04-17,8620.0,033500
2019-04-18,8960.0,033500
2019-04-19,8690.0,033500
2019-04-22,8840.0,033500
2019-04-23,9090.0,033500
2019-04-24,8780.0,033500
2019-04-25,8800.0,033500
2019-04-26,8850.0,033500
2019-04-29,9040.0,033500
2019-04-30,9520.0,033500
2019-05-02,9800.0,033500
2019-05-03,10100.0,033500
2019-05-07,9980.0,033500
2019-05-08,9790.0,033500
2019-05-09,9670.0,033500
2019-05-10,9690.0,033500
2019-05-13,9670.0,033500
2019-05-14,9750.0,033500
2019-05-15,9890.0,033500
2019-05-16,10000.0,033500
2019-05-17,9970.0,033500
2019-05-20,9730.0,033500
2019-05-21,9820.0,033500
2019-05-22,9540.0,033500
2019-05-23,9830.0,033500
2019-05-24,9320.0,033500
2019-05-27,9120.0,033500
2019-05-28,9240.0,033500
2019-05-29,9130.0,033500
2019-05-30,9090.0,033500
2019-05-31,9200.0,033500
2019-06-03,8700.0,033500
2019-06-04,8700.0,033500
2019-06-05,8910.0,033500
2019-06-07,8620.0,033500
2019-06-10,9000.0,033500
2019-06-11,9000.0,033500
2019-06-12,9170.0,033500
2019-06-13,9760.0,033500
2019-06-14,9970.0,033500
2019-06-17,9600.0,033500
2019-06-18,9350.0,033500
2019-06-19,9360.0,033500
2019-06-20,9370.0,033500
2019-06-21,9670.0,033500
2019-06-24,9640.0,033500
2019-06-25,9330.0,033500
2019-06-26,9260.0,033500
2019-06-27,9100.0,033500
2019-06-28,9030.0,033500
2019-07-01,8990.0,033500
2019-07-02,8910.0,033500
2019-07-03,8820.0,033500
2019-07-04,8840.0,033500
2019-07-05,8820.0,033500
2019-07-08,8540.0,033500
2019-07-09,8800.0,033500
2019-07-10,8950.0,033500
2019-07-11,8900.0,033500
2019-07-12,8830.0,033500
2019-07-15,8680.0,033500
2019-07-16,8630.0,033500
2019-07-17,8510.0,033500
2019-07-18,8400.0,033500
2019-07-19,8730.0,033500
2019-07-22,8950.0,033500
2019-07-23,8710.0,033500
2019-07-24,8620.0,033500
2019-07-25,8400.0,033500
2019-07-26,8280.0,033500
2019-07-29,8170.0,033500
2019-07-30,8250.0,033500
2019-07-31,8200.0,033500
2019-08-01,8000.0,033500
2019-08-02,7820.0,033500
2019-08-05,7500.0,033500
2019-08-06,7200.0,033500
2019-08-07,7360.0,033500
2019-08-08,7600.0,033500
2019-08-09,7650.0,033500
2019-08-12,7850.0,033500
2019-08-13,7900.0,033500
2019-08-14,8060.0,033500
2019-08-16,7850.0,033500
2019-08-19,8360.0,033500
2019-08-20,8350.0,033500
2019-08-21,8230.0,033500
2019-08-22,8130.0,033500
2019-08-23,8020.0,033500
2019-08-26,7660.0,033500
2019-08-27,7710.0,033500
2019-08-28,7700.0,033500
2019-08-29,7640.0,033500
2019-08-30,8100.0,033500
2019-09-02,8010.0,033500
2019-09-03,8200.0,033500
2019-09-04,8380.0,033500
2019-09-05,8740.0,033500
2019-09-06,9340.0,033500
2019-09-09,9400.0,033500
2019-09-10,9230.0,033500
2019-09-11,9480.0,033500
2019-09-16,9480.0,033500
2019-09-17,9680.0,033500
2019-09-18,9910.0,033500
2019-09-19,10200.0,033500
2019-09-20,10700.0,033500
2019-09-23,10550.0,033500
2019-09-24,10650.0,033500
2019-09-25,10650.0,033500
2019-09-26,10450.0,033500
2019-09-27,10500.0,033500
2019-09-30,10600.0,033500
2019-10-01,10650.0,033500
2019-10-02,10650.0,033500
2019-10-04,10350.0,033500
2019-10-07,10450.0,033500
2019-10-08,10950.0,033500
2019-10-10,10950.0,033500
2019-10-11,10950.0,033500
2019-10-14,10750.0,033500
2019-10-15,10650.0,033500
2019-10-16,10450.0,033500
2019-10-17,10450.0,033500
2019-10-18,10300.0,033500
2019-10-21,10300.0,033500
2019-10-22,10350.0,033500
2019-10-23,10250.0,033500
2019-10-24,10000.0,033500
2019-10-25,10250.0,033500
2019-10-28,10200.0,033500
2019-10-29,10450.0,033500
2019-10-30,10050.0,033500
2019-10-31,10000.0,033500
2019-11-01,9930.0,033500
2019-11-04,10050.0,033500
2019-11-05,9920.0,033500
2019-11-06,9520.0,033500
2019-11-07,9770.0,033500
2019-11-08,10050.0,033500
2019-11-11,9620.0,033500
2019-11-12,9800.0,033500
2019-11-13,9700.0,033500
2019-11-14,9660.0,033500
2019-11-15,9700.0,033500
2019-11-18,9450.0,033500
2019-11-19,9710.0,033500
2019-11-20,9650.0,033500
2019-11-21,9470.0,033500
2019-11-22,9660.0,033500
2019-11-25,10400.0,033500
2019-11-26,10400.0,033500
2019-11-27,10150.0,033500
2019-11-28,10250.0,033500
2019-11-29,9980.0,033500
2019-12-02,9900.0,033500
2019-12-03,9870.0,033500
2019-12-04,9700.0,033500
2019-12-05,9820.0,033500
2019-12-06,10050.0,033500
2019-12-09,10050.0,033500
2019-12-10,9830.0,033500
2019-12-11,9680.0,033500
2019-12-12,9710.0,033500
2019-12-13,9850.0,033500
2019-12-16,9990.0,033500
2019-12-17,10050.0,033500
2019-12-18,9940.0,033500
2019-12-19,9950.0,033500
2019-12-20,10600.0,033500
2019-12-23,10200.0,033500
2019-12-24,10050.0,033500
2019-12-26,10050.0,033500
2019-12-27,10200.0,033500
2019-12-30,10550.0,033500
2020-01-02,10550.0,033500
2020-01-03,10650.0,033500
2020-01-06,10600.0,033500
2020-01-07,10900.0,033500
2020-01-08,10500.0,033500
2020-01-09,10700.0,033500
2020-01-10,11200.0,033500
2020-01-13,11200.0,033500
2020-01-14,11000.0,033500
2020-01-15,10950.0,033500
2020-01-16,11150.0,033500
2020-01-17,10900.0,033500
2020-01-20,10850.0,033500
2020-01-21,10850.0,033500
2020-01-22,11000.0,033500
2020-01-23,10600.0,033500
2020-01-28,10150.0,033500
2020-01-29,10150.0,033500
2020-01-30,9950.0,033500
2020-01-31,9690.0,033500
2020-02-03,9630.0,033500
2020-02-04,9900.0,033500
2020-02-05,9850.0,033500
2020-02-06,10650.0,033500
2020-02-07,10450.0,033500
2020-02-10,10650.0,033500
2020-02-11,10550.0,033500
2020-02-12,10450.0,033500
2020-02-13,10950.0,033500
2020-02-14,11000.0,033500
2020-02-17,10750.0,033500
2020-02-18,10550.0,033500
2020-02-19,10500.0,033500
2020-02-20,10650.0,033500
2020-02-21,10450.0,033500
2020-02-24,9970.0,033500
2020-02-25,10100.0,033500
2020-02-26,10000.0,033500
2020-02-27,9780.0,033500
2020-02-28,9430.0,033500
2020-03-02,9550.0,033500
2020-03-03,9800.0,033500
2020-03-04,10100.0,033500
2020-03-05,10000.0,033500
2020-03-06,9820.0,033500
2020-03-09,8480.0,033500
2020-03-10,8750.0,033500
2020-03-11,8200.0,033500
2020-03-12,7610.0,033500
2020-03-13,6840.0,033500
2020-03-16,6620.0,033500
2020-03-17,6420.0,033500
2020-03-18,5860.0,033500
2020-03-19,4685.0,033500
2020-03-20,5140.0,033500
2020-03-23,4810.0,033500
2020-03-24,5440.0,033500
2020-03-25,6170.0,033500
2020-03-26,5970.0,033500
2020-03-27,6010.0,033500
2020-03-30,6110.0,033500
2020-03-31,6340.0,033500
2020-04-01,6350.0,033500
2020-04-02,6740.0,033500
2020-04-03,6860.0,033500
2020-04-06,7000.0,033500
2020-04-07,7060.0,033500
2020-04-08,6950.0,033500
2020-04-09,7090.0,033500
2020-04-10,7120.0,033500
2020-04-13,6800.0,033500
2020-04-14,6850.0,033500
2020-04-16,6890.0,033500
2020-04-17,6990.0,033500
2020-04-20,7160.0,033500
2020-04-21,6990.0,033500
2020-04-22,7200.0,033500
2020-04-23,7430.0,033500
2020-04-24,7620.0,033500
2020-04-27,7850.0,033500
2020-04-28,7790.0,033500
2020-04-29,7960.0,033500
2020-05-04,8100.0,033500
2020-05-06,8190.0,033500
2020-05-07,8120.0,033500
2020-05-08,8000.0,033500
2020-05-11,8010.0,033500
2020-05-12,7880.0,033500
2020-05-13,7780.0,033500
2020-05-14,7800.0,033500
2020-05-15,7890.0,033500
2020-05-18,7870.0,033500
2020-05-19,8020.0,033500
2020-05-20,8310.0,033500
2020-05-21,8620.0,033500
2020-05-22,8370.0,033500
2020-05-25,8890.0,033500
2020-05-26,9340.0,033500
2020-05-27,10100.0,033500
2020-05-28,9660.0,033500
2020-05-29,9990.0,033500
2020-06-01,10400.0,033500
2020-06-02,10800.0,033500
2020-06-03,11600.0,033500
2020-06-04,11400.0,033500
2020-06-05,11050.0,033500
2020-06-08,10950.0,033500
2020-06-09,10650.0,033500
2020-06-10,10550.0,033500
2020-06-11,10300.0,033500
2020-06-12,10200.0,033500
2020-06-15,9210.0,033500
2020-06-16,9650.0,033500
2020-06-17,9360.0,033500
2020-06-18,9650.0,033500
2020-06-19,9580.0,033500
2020-06-22,9550.0,033500
2020-06-23,9320.0,033500
2020-06-24,9410.0,033500
2020-06-25,9170.0,033500
2020-06-26,8840.0,033500
2020-06-29,8570.0,033500
2020-06-30,8620.0,033500
2020-07-01,8670.0,033500
2020-07-02,8820.0,033500
2020-07-03,9040.0,033500
2020-07-06,9010.0,033500
2020-07-07,8940.0,033500
2020-07-08,8870.0,033500
2020-07-09,8870.0,033500
2020-07-10,8690.0,033500
2020-07-13,8950.0,033500
2020-07-14,8870.0,033500
2020-07-15,9670.0,033500
2020-07-16,9630.0,033500
2020-07-17,9370.0,033500
2020-07-20,9500.0,033500
2020-07-21,9810.0,033500
2020-07-22,9750.0,033500
2020-07-23,9550.0,033500
2020-07-24,9470.0,033500
2020-07-27,9530.0,033500
2020-07-28,9520.0,033500
2020-07-29,9990.0,033500
2020-07-30,10100.0,033500
2020-07-31,10000.0,033500
2020-08-03,10450.0,033500
2020-08-04,10550.0,033500
2020-08-05,10150.0,033500
2020-08-06,10050.0,033500
2020-08-07,9780.0,033500
2020-08-10,10050.0,033500
2020-08-11,9950.0,033500
2020-08-12,9780.0,033500
2020-08-13,9970.0,033500
2020-08-14,10100.0,033500
2020-08-18,9260.0,033500
2020-08-19,9380.0,033500
2020-08-20,8810.0,033500
2020-08-21,8850.0,033500
2020-08-24,9090.0,033500
2020-08-25,9600.0,033500
2020-08-26,9370.0,033500
2020-08-27,9100.0,033500
2020-08-28,9080.0,033500
2020-08-31,9190.0,033500
2020-09-01,9490.0,033500
2020-09-02,9500.0,033500
2020-09-03,9680.0,033500
2020-09-04,10150.0,033500
2020-09-07,10300.0,033500
2020-09-08,10000.0,033500
2020-09-09,10150.0,033500
2020-09-10,10100.0,033500
2020-09-11,10100.0,033500
2020-09-14,10150.0,033500
2020-09-15,10050.0,033500
2020-09-16,10050.0,033500
2020-09-17,9840.0,033500
2020-09-18,9930.0,033500
2020-09-21,9800.0,033500
2020-09-22,9350.0,033500
2020-09-23,9420.0,033500
2020-09-24,9190.0,033500
2020-09-25,9250.0,033500
2020-09-28,9780.0,033500
2020-09-29,9880.0,033500
2020-10-05,10250.0,033500
2020-10-06,10050.0,033500
2020-10-07,10450.0,033500
2020-10-08,10250.0,033500
2020-10-12,10100.0,033500
2020-10-13,10450.0,033500
2020-10-14,10000.0,033500
2020-10-15,10150.0,033500
2020-10-16,10000.0,033500
2020-10-19,9870.0,033500
2020-10-20,9790.0,033500
2020-10-21,10400.0,033500
2020-10-22,10150.0,033500
2020-10-23,9890.0,033500
2020-10-26,9520.0,033500
2020-10-27,9520.0,033500
2020-10-28,9750.0,033500
2020-10-29,9580.0,033500
2020-10-30,9440.0,033500
2020-11-02,9510.0,033500
2020-11-03,9790.0,033500
2020-11-04,9860.0,033500
2020-11-05,9940.0,033500
2020-11-06,9840.0,033500
2020-11-09,10900.0,033500
2020-11-10,10950.0,033500
2020-11-11,10850.0,033500
2020-11-12,11200.0,033500
2020-11-13,11100.0,033500
2020-11-16,11500.0,033500
2020-11-17,11500.0,033500
2020-11-18,11100.0,033500
2020-11-19,10800.0,033500
2020-11-20,11100.0,033500
2020-11-23,11750.0,033500
2020-11-24,11900.0,033500
2020-11-25,12350.0,033500
2020-11-26,12150.0,033500
2020-11-27,11900.0,033500
2020-11-30,11950.0,033500
2020-12-01,11900.0,033500
2020-12-02,11700.0,033500
2020-12-03,11550.0,033500
2020-12-04,11700.0,033500
2020-12-07,11450.0,033500
2020-12-08,11350.0,033500
2020-12-09,11600.0,033500
2020-12-10,11600.0,033500
2020-12-11,11800.0,033500
2020-12-14,11600.0,033500
2020-12-15,11250.0,033500
2020-12-16,11400.0,033500
2020-12-17,11500.0,033500
2020-12-18,11450.0,033500
2020-12-21,11500.0,033500
2020-12-22,11550.0,033500
2020-12-23,11350.0,033500
2020-12-24,11650.0,033500
2020-12-28,11450.0,033500
2020-12-29,11600.0,033500
2020-12-30,11750.0,033500
2021-01-04,12150.0,033500
2021-01-05,12400.0,033500
2021-01-06,12300.0,033500
2021-01-07,12450.0,033500
2021-01-08,12250.0,033500
2021-01-11,11950.0,033500
2021-01-12,12100.0,033500
2021-01-13,12000.0,033500
2021-01-14,12100.0,033500
2021-01-15,11800.0,033500
2021-01-18,11400.0,033500
2021-01-19,11500.0,033500
2021-01-20,11600.0,033500
2021-01-21,11650.0,033500
2021-01-22,11650.0,033500
2021-01-25,11850.0,033500
2021-01-26,11650.0,033500
2021-01-27,11300.0,033500
2021-01-28,11050.0,033500
2021-01-29,10750.0,033500
2021-02-01,10950.0,033500
2021-02-02,11100.0,033500
2021-02-03,11050.0,033500
2021-02-04,10900.0,033500
2021-02-05,11000.0,033500
2021-02-08,11450.0,033500
2021-02-09,11250.0,033500
2021-02-10,11350.0,033500
2021-02-15,11750.0,033500
2021-02-16,11700.0,033500
2021-02-17,11700.0,033500
2021-02-18,11800.0,033500
2021-02-19,11650.0,033500
2021-02-22,11500.0,033500
2021-02-23,11700.0,033500
2021-02-24,11000.0,033500
2021-02-25,11300.0,033500
2021-02-26,11200.0,033500
2021-03-02,11100.0,033500
2021-03-03,11200.0,033500
2021-03-04,11050.0,033500
2021-03-05,11100.0,033500
2021-03-08,11300.0,033500
2021-03-09,11600.0,033500
2021-03-10,11300.0,033500
2021-03-11,11150.0,033500
2021-03-12,11550.0,033500
2021-03-15,11750.0,033500
2021-03-16,11700.0,033500
2021-03-17,11700.0,033500
2021-03-18,11900.0,033500
2021-03-19,11950.0,033500
2021-03-22,12050.0,033500
2021-03-23,12050.0,033500
2021-03-24,12450.0,033500
2021-03-25,12200.0,033500
2021-03-26,12750.0,033500
2021-03-29,13800.0,033500
2021-03-30,13750.0,033500
2021-03-31,13850.0,033500
2021-04-01,13550.0,033500
2021-04-02,13500.0,033500
2021-04-05,13900.0,033500
2021-04-06,13700.0,033500
2021-04-07,14000.0,033500
2021-04-08,13250.0,033500
2021-04-09,13250.0,033500
2021-04-12,13150.0,033500
2021-04-13,13050.0,033500
2021-04-14,12650.0,033500
2021-04-15,12600.0,033500
2021-04-16,12650.0,033500
2021-04-19,12700.0,033500
2021-04-20,12850.0,033500
2021-04-21,12500.0,033500
2021-04-22,12550.0,033500
2021-04-23,12850.0,033500
2021-04-26,13200.0,033500
2021-04-27,13200.0,033500
2021-04-28,13200.0,033500
2021-04-29,13100.0,033500
2021-04-30,13350.0,033500
2021-05-03,13950.0,033500
2021-05-04,13750.0,033500
2021-05-06,14300.0,033500
2021-05-07,14200.0,033500
2021-05-10,13950.0,033500
2021-05-11,13550.0,033500
2021-05-12,13250.0,033500
2021-05-13,12850.0,033500
2021-05-14,12950.0,033500
2021-05-17,12900.0,033500
2021-05-18,13150.0,033500
2021-05-20,12800.0,033500
2021-05-21,12600.0,033500
2021-05-24,12600.0,033500
2021-05-25,12900.0,033500
2021-05-26,12800.0,033500
2021-05-27,12800.0,033500
2021-05-28,12900.0,033500
2021-05-31,13050.0,033500
2021-06-01,13400.0,033500
2021-06-02,13300.0,033500
2021-06-03,13450.0,033500
2021-06-04,13550.0,033500
2021-06-07,13300.0,033500
2021-06-08,13200.0,033500
2021-06-09,13150.0,033500
2021-06-10,13400.0,033500
2021-06-11,13500.0,033500
2021-06-14,13550.0,033500
2021-06-15,13350.0,033500
2021-06-16,13300.0,033500
2021-06-17,13200.0,033500
2021-06-18,13150.0,033500
2021-06-21,13100.0,033500
2021-06-22,13100.0,033500
2021-06-23,12750.0,033500
2021-06-24,13000.0,033500
2021-06-25,12900.0,033500
2021-06-28,12850.0,033500
2021-06-29,12850.0,033500
2021-06-30,12750.0,033500
2021-07-01,12650.0,033500
2021-07-02,12700.0,033500
2021-07-05,12850.0,033500
2021-07-06,12800.0,033500
2021-07-07,12700.0,033500
2021-07-08,12450.0,033500
2021-07-09,12250.0,033500
2021-07-12,12300.0,033500
2021-07-13,12400.0,033500
2021-07-14,12400.0,033500
2021-07-15,12600.0,033500
2021-07-16,12800.0,033500
2021-07-19,12700.0,033500
2021-07-20,12550.0,033500
2021-07-21,12650.0,033500
2021-07-22,12700.0,033500
2021-07-23,12650.0,033500
2021-07-26,12650.0,033500
2021-07-27,12650.0,033500
2021-07-28,12400.0,033500
2021-07-29,12450.0,033500
2021-07-30,12250.0,033500
2021-08-02,12250.0,033500
2021-08-03,12100.0,033500
2021-08-04,12300.0,033500
2021-08-05,12350.0,033500
2021-08-06,12250.0,033500
2021-08-09,12000.0,033500
2021-08-10,11850.0,033500
2021-08-11,11850.0,033500
2021-08-12,11900.0,033500
2021-08-13,11400.0,033500
2021-08-17,11100.0,033500
2021-08-18,11100.0,033500
2021-08-19,10500.0,033500
2021-08-20,10200.0,033500
2021-08-23,10350.0,033500
2021-08-24,10550.0,033500
2021-08-25,10650.0,033500
2021-08-26,10450.0,033500
2021-08-27,10500.0,033500
2021-08-30,10800.0,033500
2021-08-31,10750.0,033500
2021-09-01,11400.0,033500
2021-09-02,11200.0,033500
2021-09-03,11150.0,033500
2021-09-06,11400.0,033500
2021-09-07,11450.0,033500
2021-09-08,11250.0,033500
2021-09-09,11050.0,033500
2021-09-10,11150.0,033500
2021-09-13,11400.0,033500
2021-09-14,11650.0,033500
2021-09-15,11700.0,033500
2021-09-16,11800.0,033500
2021-09-17,11600.0,033500
2021-09-23,11250.0,033500
2021-09-24,11350.0,033500
2021-09-27,11650.0,033500
2021-09-28,11650.0,033500
2021-09-29,11550.0,033500
2021-09-30,12000.0,033500
2021-10-01,11900.0,033500
2021-10-05,11600.0,033500
2021-10-06,11200.0,033500
2021-10-07,11450.0,033500
2021-10-08,11450.0,033500
2021-10-12,11450.0,033500
2021-10-13,11900.0,033500
2021-10-14,11950.0,033500
2021-10-15,11900.0,033500
2021-10-18,11850.0,033500
2021-10-19,11750.0,033500
2021-10-20,11650.0,033500
2021-10-21,11500.0,033500
2021-10-22,11600.0,033500
2021-10-25,12500.0,033500
2021-10-26,12550.0,033500
2021-10-27,12700.0,033500
2021-10-28,12700.0,033500
2021-10-29,12550.0,033500
2021-11-01,12500.0,033500
2021-11-02,12400.0,033500
2021-11-03,12100.0,033500
2021-11-04,12000.0,033500
2021-11-05,12300.0,033500
2021-11-08,12200.0,033500
2021-11-09,12000.0,033500
2021-11-10,11650.0,033500
2021-11-11,11550.0,033500
2021-11-12,11750.0,033500
2021-11-15,11800.0,033500
2021-11-16,11550.0,033500
2021-11-17,11200.0,033500
2021-11-18,11050.0,033500
2021-11-19,11000.0,033500
2021-11-22,10900.0,033500
2021-11-23,10950.0,033500
2021-11-24,10850.0,033500
2021-11-25,10800.0,033500
2021-11-26,10550.0,033500
2021-11-29,10200.0,033500
2021-11-30,9800.0,033500
2021-12-01,10450.0,033500
2021-12-02,10800.0,033500
2021-12-03,10750.0,033500
2021-12-06,10900.0,033500
2021-12-07,11250.0,033500
2021-12-08,11300.0,033500
2021-12-09,11350.0,033500
2021-12-10,11300.0,033500
2021-12-13,11950.0,033500
2021-12-14,11850.0,033500
2021-12-15,11800.0,033500
2021-12-16,11600.0,033500
2021-12-17,11700.0,033500
2021-12-20,11350.0,033500
2021-12-21,11500.0,033500
2021-12-22,11450.0,033500
2021-12-23,11450.0,033500
2021-12-24,11600.0,033500
2021-12-27,11600.0,033500
2021-12-28,11700.0,033500
2021-12-29,11600.0,033500
2021-12-30,11500.0,033500
2022-01-03,11500.0,033500
2022-01-04,11800.0,033500
2022-01-05,11800.0,033500
2022-01-06,12350.0,033500
2022-01-07,12250.0,033500
2022-01-10,12350.0,033500
2022-01-11,11850.0,033500
2022-01-12,11850.0,033500
2022-01-13,11800.0,033500
2022-01-14,11500.0,033500
2022-01-17,11050.0,033500
2022-01-18,10750.0,033500
2022-01-19,10650.0,033500
2022-01-20,10800.0,033500
2022-01-21,10600.0,033500
2022-01-24,10250.0,033500
2022-01-25,9950.0,033500
2022-01-26,10100.0,033500
2022-01-27,9840.0,033500
2022-01-28,10100.0,033500
2022-02-03,10350.0,033500
2022-02-04,10450.0,033500
2022-02-07,10300.0,033500
2022-02-08,10300.0,033500
2022-02-09,10400.0,033500
2022-02-10,10350.0,033500
2022-02-11,10050.0,033500
2022-02-14,9780.0,033500
2022-02-15,9730.0,033500
2022-02-16,10000.0,033500
2022-02-17,10050.0,033500
2022-02-18,10150.0,033500
2022-02-21,10100.0,033500
2022-02-22,10100.0,033500
2022-02-23,11050.0,033500
2022-02-24,11000.0,033500
2022-02-25,10800.0,033500
2022-02-28,11000.0,033500
2022-03-02,11250.0,033500
2022-03-03,11050.0,033500
2022-03-04,11500.0,033500
2022-03-07,11400.0,033500
2022-03-08,10900.0,033500
2022-03-10,10950.0,033500
2022-03-11,10950.0,033500
2022-03-14,11050.0,033500
2022-03-15,10650.0,033500
2022-03-16,10700.0,033500
2022-03-17,10750.0,033500
2022-03-18,10900.0,033500
2022-03-21,10900.0,033500
2022-03-22,11150.0,033500
2022-03-23,11150.0,033500
2022-03-24,11500.0,033500
2022-03-25,11450.0,033500
2022-03-28,11800.0,033500
2022-03-29,11600.0,033500
2022-03-30,11400.0,033500
2022-03-31,11450.0,033500
2022-04-01,11250.0,033500
2022-04-04,11400.0,033500
2022-04-05,11200.0,033500
2022-04-06,10750.0,033500
2022-04-07,10500.0,033500
2022-04-08,10550.0,033500
2022-04-11,10700.0,033500
2022-04-12,10900.0,033500
2022-04-13,11350.0,033500
2022-04-14,11750.0,033500
2022-04-15,12150.0,033500
2022-04-18,11950.0,033500
2022-04-19,12600.0,033500
2022-04-20,12600.0,033500
2022-04-21,12550.0,033500
2022-04-22,12300.0,033500
2022-04-25,12050.0,033500
2022-04-26,11750.0,033500
2022-04-27,11750.0,033500
2022-04-28,12050.0,033500
2022-04-29,12000.0,033500
2022-05-02,11800.0,033500
2022-05-03,12000.0,033500
2022-05-04,12050.0,033500
2022-05-06,12250.0,033500
2022-05-09,11800.0,033500
2022-05-10,11950.0,033500
2022-05-11,11550.0,033500
2022-05-12,11250.0,033500
2022-05-13,11250.0,033500
2022-05-16,11200.0,033500
2022-05-17,11000.0,033500
2022-05-18,10600.0,033500
2022-05-19,10500.0,033500
2022-05-20,10550.0,033500
2022-05-23,10700.0,033500
2022-05-24,10750.0,033500
2022-05-25,11000.0,033500
2022-05-26,11200.0,033500
2022-05-27,11250.0,033500
2022-05-30,10800.0,033500
2022-05-31,11000.0,033500
2022-06-02,11050.0,033500
2022-06-03,11150.0,033500
2022-06-07,11200.0,033500
2022-06-08,11650.0,033500
2022-06-09,11800.0,033500
2022-06-10,11800.0,033500
2022-06-13,11100.0,033500
2022-06-14,10900.0,033500
2022-06-15,10350.0,033500
2022-06-16,10450.0,033500
2022-06-17,10650.0,033500
2022-06-20,10300.0,033500
2022-06-21,11700.0,033500
2022-06-22,11200.0,033500
2022-06-23,11000.0,033500
2022-06-24,11200.0,033500
2022-06-27,11300.0,033500
2022-06-28,11450.0,033500
2022-06-29,11850.0,033500
2022-06-30,12150.0,033500
2022-07-01,11800.0,033500
2022-07-04,11050.0,033500
2022-07-05,11150.0,033500
2022-07-06,10400.0,033500
2022-07-07,10650.0,033500
2022-07-08,10750.0,033500
2022-07-11,10650.0,033500
2022-07-12,10600.0,033500
2022-07-13,10500.0,033500
2022-07-14,10650.0,033500
2022-07-15,10500.0,033500
2022-07-18,10950.0,033500
2022-07-19,11100.0,033500
2022-07-20,10950.0,033500
2022-07-21,11100.0,033500
2022-07-22,10950.0,033500
2022-07-25,11000.0,033500
2022-07-26,11100.0,033500
2022-07-27,11100.0,033500
2022-07-28,11150.0,033500
2022-07-29,11500.0,033500
2022-08-01,11750.0,033500
2022-08-02,12250.0,033500
2022-08-03,12350.0,033500
2022-08-04,11850.0,033500
2022-08-05,11800.0,033500
2022-08-08,11900.0,033500
2022-08-09,11850.0,033500
2022-08-10,12300.0,033500
2022-08-11,12400.0,033500
2022-08-12,12350.0,033500
2022-08-16,12150.0,033500
2022-08-17,11900.0,033500
2022-08-18,12450.0,033500
2022-08-19,13000.0,033500
2022-08-22,13200.0,033500
2022-08-23,13700.0,033500
2022-08-24,13500.0,033500
2022-08-25,13500.0,033500
2022-08-26,13400.0,033500
2022-08-29,13150.0,033500
2022-08-30,13450.0,033500
2022-08-31,13050.0,033500
2022-09-01,12550.0,033500
2022-09-02,12350.0,033500
2022-09-05,12300.0,033500
2022-09-06,12650.0,033500
2022-09-07,12200.0,033500
2022-09-08,12000.0,033500
2022-09-13,11950.0,033500
2022-09-14,11900.0,033500
2022-09-15,12300.0,033500
2022-09-16,11800.0,033500
2022-09-19,11350.0,033500
2022-09-20,11450.0,033500
2022-09-21,11550.0,033500
2022-09-22,12000.0,033500
2022-09-23,11450.0,033500
2022-09-26,10900.0,033500
2022-09-27,10900.0,033500
2022-09-28,10600.0,033500
2022-09-29,10650.0,033500
2022-09-30,10750.0,033500
2022-10-04,11100.0,033500
2022-10-05,10950.0,033500
2022-10-06,11500.0,033500
2022-10-07,11200.0,033500
2022-10-11,10750.0,033500
2022-10-12,10750.0,033500
2022-10-13,10300.0,033500
2022-10-14,10550.0,033500
2022-10-17,10600.0,033500
2022-10-18,10800.0,033500
2022-10-19,10700.0,033500
2022-10-20,10650.0,033500
2022-10-21,10700.0,033500
2022-10-24,10800.0,033500
2022-10-25,10600.0,033500
2022-10-26,10650.0,033500
2022-10-27,10950.0,033500
2022-10-28,11150.0,033500
2022-10-31,11050.0,033500
2022-11-01,11450.0,033500
2022-11-02,11100.0,033500
2022-11-03,11250.0,033500
2022-11-04,11150.0,033500
2022-11-07,11200.0,033500
2022-11-08,11250.0,033500
2022-11-09,11100.0,033500
2022-11-10,10900.0,033500
2022-11-11,11150.0,033500
2022-11-14,11050.0,033500
2022-11-15,11800.0,033500
2022-11-16,11950.0,033500
2022-11-17,11550.0,033500
2022-11-18,11600.0,033500
2022-11-21,11400.0,033500
2022-11-22,11400.0,033500
2022-11-23,11750.0,033500
2022-11-24,11650.0,033500
2022-11-25,11600.0,033500
2022-11-28,11300.0,033500
2022-11-29,11100.0,033500
2022-11-30,11250.0,033500
2022-12-01,11300.0,033500
2022-12-02,11100.0,033500
2022-12-05,11200.0,033500
2022-12-06,11250.0,033500
2022-12-07,11200.0,033500
2022-12-08,10950.0,033500
2022-12-09,10950.0,033500
2022-12-12,10850.0,033500
2022-12-13,11100.0,033500
2022-12-14,11200.0,033500
2022-12-15,11300.0,033500
2022-12-16,11200.0,033500
2022-12-19,11000.0,033500
2022-12-20,10750.0,033500
2022-12-21,10700.0,033500
2022-12-22,10950.0,033500
2022-12-23,10900.0,033500
2022-12-26,11050.0,033500
2022-12-27,11150.0,033500
2022-12-28,11000.0,033500
2022-12-29,10850.0,033500
2023-01-02,10750.0,033500
2023-01-03,10700.0,033500
2023-01-04,10700.0,033500
2023-01-05,10350.0,033500
2023-01-06,10450.0,033500
2023-01-09,10700.0,033500
2023-01-10,10650.0,033500
2023-01-11,10700.0,033500
2023-01-12,10900.0,033500
2023-01-13,10850.0,033500
2023-01-16,10850.0,033500
2023-01-17,10800.0,033500
2023-01-18,10900.0,033500
2023-01-19,11000.0,033500
2023-01-20,10950.0,033500
2023-01-25,11000.0,033500
2023-01-26,11290.0,033500
2023-01-27,11370.0,033500
2023-01-30,11320.0,033500
2023-01-31,11430.0,033500
2023-02-01,11300.0,033500
2023-02-02,11310.0,033500
2023-02-03,11350.0,033500
2023-02-06,11330.0,033500
2023-02-07,11160.0,033500
2023-02-08,11200.0,033500
2023-02-09,11110.0,033500
2023-02-10,11230.0,033500
2023-02-13,11550.0,033500
2023-02-14,11500.0,033500
2023-02-15,11350.0,033500
2023-02-16,11440.0,033500
2023-02-17,11180.0,033500
2023-02-20,11180.0,033500
2023-02-21,11270.0,033500
2023-02-22,11180.0,033500
2023-02-23,11140.0,033500
2023-02-24,10860.0,033500
2023-02-27,10730.0,033500
2023-02-28,10700.0,033500
2023-03-02,10730.0,033500
2023-03-03,10700.0,033500
2023-03-06,10850.0,033500
2023-03-07,10840.0,033500
2023-03-08,10830.0,033500
2023-03-09,10770.0,033500
2023-03-10,10600.0,033500
2023-03-13,10510.0,033500
2023-03-14,10300.0,033500
2023-03-15,10580.0,033500
2023-03-16,10510.0,033500
2023-03-17,10530.0,033500
2023-03-20,10620.0,033500
2023-03-21,10740.0,033500
2023-03-22,10650.0,033500
2023-03-23,10520.0,033500
2023-03-24,10410.0,033500
2023-03-27,10270.0,033500
2023-03-28,10860.0,033500
2023-03-29,10860.0,033500
2023-03-30,10800.0,033500
2023-03-31,10910.0,033500
2023-04-03,11190.0,033500
2023-04-04,11220.0,033500
2023-04-05,10900.0,033500
2023-04-06,10950.0,033500
2023-04-07,10860.0,033500
2023-04-10,10680.0,033500
2023-04-11,10670.0,033500
2023-04-12,10710.0,033500
2023-04-13,10730.0,033500
2023-04-14,10990.0,033500
2023-04-17,11040.0,033500
2023-04-18,10990.0,033500
2023-04-19,11360.0,033500
2023-04-20,11170.0,033500
2023-04-21,11650.0,033500
2023-04-24,11370.0,033500
2023-04-25,11230.0,033500
2023-04-26,11270.0,033500
2023-04-27,11120.0,033500
2023-04-28,11270.0,033500
2023-05-02,11260.0,033500
2023-05-03,11210.0,033500
2023-05-04,11210.0,033500
2023-05-08,11590.0,033500
2023-05-09,11820.0,033500
2023-05-10,11730.0,033500
2023-05-11,11720.0,033500
2023-05-12,11570.0,033500
2023-05-15,11490.0,033500
2023-05-16,11060.0,033500
2023-05-17,11010.0,033500
2023-05-18,11060.0,033500
2023-05-19,11100.0,033500
2023-05-22,11700.0,033500
2023-05-23,11630.0,033500
2023-05-24,11980.0,033500
2023-05-25,11800.0,033500
2023-05-26,11570.0,033500
2023-05-30,11590.0,033500
2023-05-31,11510.0,033500
2023-06-01,11550.0,033500
2023-06-02,11760.0,033500
2023-06-05,12450.0,033500
2023-06-07,12670.0,033500
2023-06-08,12670.0,033500
2023-06-09,12210.0,033500
2023-06-12,12320.0,033500
2023-06-13,12290.0,033500
2023-06-14,12210.0,033500
2023-06-15,12420.0,033500
2023-06-16,12680.0,033500
2023-06-19,12660.0,033500
2023-06-20,12770.0,033500
2023-06-21,12400.0,033500
2023-06-22,12520.0,033500
2023-06-23,12360.0,033500
2023-06-26,12360.0,033500
2023-06-27,12530.0,033500
2023-06-28,12590.0,033500
2023-06-29,12200.0,033500
2023-06-30,12350.0,033500
2023-07-03,12220.0,033500
2023-07-04,12720.0,033500
2023-07-05,12670.0,033500
2023-07-06,12980.0,033500
2023-07-07,13330.0,033500
2023-07-10,13210.0,033500
2023-07-11,13320.0,033500
2023-07-12,14070.0,033500
2023-07-13,13980.0,033500
2023-07-14,14300.0,033500
2023-07-17,14490.0,033500
2023-07-18,14810.0,033500
2023-07-19,15010.0,033500
2023-07-20,14680.0,033500
2023-07-21,14490.0,033500
2023-07-24,14670.0,033500
2023-07-25,14450.0,033500
2023-07-26,14000.0,033500
2023-07-27,13600.0,033500
2023-07-28,14600.0,033500
2023-07-31,14760.0,033500
2023-08-01,14860.0,033500
2023-08-02,14320.0,033500
2023-08-03,14110.0,033500
2023-08-04,14730.0,033500
2023-08-07,14370.0,033500
2023-08-08,14760.0,033500
2023-08-09,14660.0,033500
2023-08-10,14900.0,033500
2023-08-11,14250.0,033500
2023-08-14,13660.0,033500
2023-08-16,13640.0,033500
2023-08-17,13550.0,033500
2023-08-18,13400.0,033500
2023-08-21,13290.0,033500
2023-08-22,13330.0,033500
2023-08-23,12990.0,033500
2023-08-24,13000.0,033500
2023-08-25,12850.0,033500
2023-08-28,13220.0,033500
2023-08-29,13270.0,033500
2023-08-30,13260.0,033500
2023-08-31,13690.0,033500
2023-09-01,13250.0,033500
2023-09-04,13380.0,033500
2023-09-05,13220.0,033500
2023-09-06,12940.0,033500
2023-09-07,12880.0,033500
2023-09-08,12860.0,033500
2023-09-11,13060.0,033500
2023-09-12,12670.0,033500
2023-09-13,12490.0,033500
2023-09-14,12550.0,033500
2023-09-15,12870.0,033500
2023-09-18,12870.0,033500
2023-09-19,13080.0,033500
2023-09-20,12980.0,033500
2023-09-21,12670.0,033500
2023-09-22,12430.0,033500
2023-09-25,12430.0,033500
2023-09-26,12180.0,033500
2023-09-27,12200.0,033500
2023-10-04,11700.0,033500
2023-10-05,11670.0,033500
2023-10-06,11850.0,033500
2023-10-10,11990.0,033500
2023-10-11,12130.0,033500
2023-10-12,12070.0,033500
2023-10-13,11990.0,033500
2023-10-16,12150.0,033500
2023-10-17,12050.0,033500
2023-10-18,11770.0,033500
2023-10-19,11540.0,033500
2023-10-20,11230.0,033500
2023-10-23,11280.0,033500
2023-10-24,11410.0,033500
2023-10-25,12130.0,033500
2023-10-26,11900.0,033500
2023-10-27,11710.0,033500
2023-10-30,11820.0,033500
2023-10-31,11350.0,033500
2023-11-01,11510.0,033500
2023-11-02,11840.0,033500
2023-11-03,12180.0,033500
2023-11-06,12210.0,033500
2023-11-07,12070.0,033500
2023-11-08,11790.0,033500
2023-11-09,11560.0,033500
2023-11-10,11540.0,033500
2023-11-13,11590.0,033500
2023-11-14,11740.0,033500
2023-11-15,11990.0,033500
2023-11-16,12010.0,033500
2023-11-17,11930.0,033500
2023-11-20,12400.0,033500
2023-11-21,12360.0,033500
2023-11-22,12520.0,033500
2023-11-23,12390.0,033500
2023-11-24,12380.0,033500
2023-11-27,12360.0,033500
2023-11-28,12770.0,033500
2023-11-29,12800.0,033500
2023-11-30,12740.0,033500
2023-12-01,12920.0,033500
2023-12-04,13060.0,033500
2023-12-05,12870.0,033500
2023-12-06,12710.0,033500
2023-12-07,12610.0,033500
2023-12-08,12530.0,033500
2023-12-11,12530.0,033500
2023-12-12,12690.0,033500
2023-12-13,12570.0,033500
2023-12-14,12690.0,033500
2023-12-15,12450.0,033500
2023-12-18,12030.0,033500
2023-12-19,12060.0,033500
2023-12-20,12200.0,033500
2023-12-21,11870.0,033500
2023-12-22,11950.0,033500
2023-12-26,12100.0,033500
2023-12-27,11840.0,033500
2023-12-28,12220.0,033500
2024-01-02,12090.0,033500
2024-01-03,11870.0,033500
2024-01-04,11910.0,033500
2024-01-05,11690.0,033500
2024-01-08,11780.0,033500
2024-01-09,11610.0,033500
2024-01-10,11530.0,033500
2024-01-11,11670.0,033500
2024-01-12,11550.0,033500
2024-01-15,11930.0,033500
2024-01-16,11550.0,033500
2024-01-17,11470.0,033500
2024-01-18,11530.0,033500
2024-01-19,11760.0,033500
2024-01-22,11770.0,033500
2024-01-23,11680.0,033500
2024-01-24,11700.0,033500
2024-01-25,11630.0,033500
2024-01-26,11900.0,033500
2024-01-29,11810.0,033500
2024-01-30,11440.0,033500
2024-01-31,11460.0,033500
2024-02-01,11450.0,033500
2024-02-02,11530.0,033500
2024-02-05,11430.0,033500
2024-02-06,11550.0,033500
2024-02-07,11480.0,033500
2024-02-08,11520.0,033500
2024-02-13,11520.0,033500
2024-02-14,11560.0,033500
2024-02-15,11620.0,033500
2024-02-16,11750.0,033500
2024-02-19,11630.0,033500
2024-02-20,11510.0,033500
2024-02-21,11510.0,033500
2024-02-22,11560.0,033500
2024-02-23,11510.0,033500
2024-02-26,11490.0,033500
2024-02-27,11320.0,033500
2024-02-28,11680.0,033500
2024-02-29,11730.0,033500
2024-03-04,11720.0,033500
2024-03-05,11590.0,033500
2024-03-06,11600.0,033500
2024-03-07,11570.0,033500
2024-03-08,11450.0,033500
2024-03-11,11850.0,033500
2024-03-12,11770.0,033500
2024-03-13,11860.0,033500
2024-03-14,12130.0,033500
2024-03-15,11850.0,033500
2024-03-18,12290.0,033500
2024-03-19,12270.0,033500
2024-03-20,12220.0,033500
2024-03-21,12160.0,033500
2024-03-22,12250.0,033500
2024-03-25,12140.0,033500
2024-03-26,12390.0,033500
2024-03-27,12200.0,033500
2024-03-28,12100.0,033500
2024-03-29,12180.0,033500
2024-04-01,12450.0,033500
2024-04-02,12450.0,033500
2024-04-03,12370.0,033500
2024-04-04,12350.0,033500
2024-04-05,12190.0,033500
2024-04-08,11920.0,033500
2024-04-09,11880.0,033500
2024-04-11,11820.0,033500
2024-04-12,11850.0,033500
2024-04-15,12090.0,033500
2024-04-16,11870.0,033500
2024-04-17,12320.0,033500
2024-04-18,12980.0,033500
2024-04-19,12850.0,033500
2024-04-22,12810.0,033500
2024-04-23,12900.0,033500
2024-04-24,12820.0,033500
2024-04-25,12680.0,033500
2024-04-26,12930.0,033500
2024-04-29,12990.0,033500
2024-04-30,12840.0,033500
2024-05-02,12690.0,033500
2024-05-03,12600.0,033500
2024-05-07,12880.0,033500
2024-05-08,13250.0,033500
2024-05-09,13170.0,033500
2024-05-10,13050.0,033500
2024-05-13,13560.0,033500
2024-05-14,13360.0,033500
2024-05-16,13230.0,033500
2024-05-17,12890.0,033500
2024-05-20,12560.0,033500
2024-05-21,12420.0,033500
2024-05-22,12080.0,033500
2024-05-23,12350.0,033500
2024-05-24,12500.0,033500
2024-05-27,12480.0,033500
2024-05-28,12500.0,033500
2024-05-29,12640.0,033500
2024-05-30,12220.0,033500
2024-05-31,12270.0,033500
2024-06-03,12600.0,033500
2024-06-04,12220.0,033500
2024-06-05,12130.0,033500
2024-06-07,12100.0,033500
2024-06-10,11990.0,033500
2024-06-11,11720.0,033500
2024-06-12,11900.0,033500
2024-06-13,11900.0,033500
2024-06-14,12120.0,033500
2024-06-17,12030.0,033500
2024-06-18,12030.0,033500
2024-06-19,12180.0,033500
2024-06-20,12210.0,033500
2024-06-21,12340.0,033500
2024-06-24,12210.0,033500
2024-06-25,11940.0,033500
2024-06-26,11800.0,033500
2024-06-27,11900.0,033500
2024-06-28,11960.0,033500
2024-07-01,12310.0,033500
2024-07-02,12240.0,033500
2024-07-03,11860.0,033500
2024-07-04,11890.0,033500
2024-07-05,11800.0,033500
2024-07-08,12030.0,033500
2024-07-09,11890.0,033500
2024-07-10,12130.0,033500
2024-07-11,12090.0,033500
2024-07-12,12140.0,033500
2024-07-15,12220.0,033500
2024-07-16,12850.0,033500
2024-07-17,12700.0,033500
2024-07-18,12780.0,033500
2024-07-19,12560.0,033500
2024-07-22,12480.0,033500
2024-07-23,12870.0,033500
2024-07-24,13170.0,033500
2024-07-25,12740.0,033500
2024-07-26,13880.0,033500
2024-07-29,13830.0,033500
2024-07-30,13650.0,033500
2024-07-31,13580.0,033500
2024-08-01,13750.0,033500
2024-08-02,13300.0,033500
2024-08-05,11670.0,033500
2024-08-06,12400.0,033500
2024-08-07,12840.0,033500
2024-08-08,13290.0,033500
2024-08-09,13600.0,033500
2024-08-12,13740.0,033500
2024-08-13,13360.0,033500
2024-08-14,13240.0,033500
2024-08-16,12970.0,033500
2024-08-19,12900.0,033500
2024-08-20,13180.0,033500
2024-08-21,13000.0,033500
2024-08-22,12660.0,033500
2024-08-23,12610.0,033500
2024-08-26,12250.0,033500
2024-08-27,12300.0,033500
2024-08-28,12100.0,033500
2024-08-29,11950.0,033500
2024-08-30,12100.0,033500
2024-09-02,11960.0,033500
2024-09-03,11860.0,033500
2024-09-04,11550.0,033500
2024-09-05,11190.0,033500
2024-09-06,11000.0,033500
2024-09-09,11230.0,033500
2024-09-10,11010.0,033500
2024-09-11,10950.0,033500
2024-09-12,11350.0,033500
2024-09-13,11620.0,033500
2024-09-19,11630.0,033500
2024-09-20,11780.0,033500
2024-09-23,11740.0,033500
2024-09-24,11870.0,033500
2024-09-25,11710.0,033500
2024-09-26,11690.0,033500
2024-09-27,11440.0,033500
2024-09-30,11430.0,033500
2024-10-02,11460.0,033500
2024-10-04,11500.0,033500
2024-10-07,11500.0,033500
2024-10-08,11420.0,033500
2024-10-10,11430.0,033500
2024-10-11,11180.0,033500
2024-10-14,11180.0,033500
2024-10-15,11420.0,033500
2024-10-16,11720.0,033500
2024-10-17,11520.0,033500
2024-10-18,11230.0,033500
2024-10-21,11260.0,033500
2024-10-22,11110.0,033500
2024-10-23,11130.0,033500
2024-10-24,11000.0,033500
2024-10-25,10760.0,033500
2024-10-28,10800.0,033500
2024-10-29,10730.0,033500
2024-10-30,10730.0,033500
2024-10-31,11020.0,033500
2024-11-01,10980.0,033500
2024-11-04,11170.0,033500
2024-11-05,11120.0,033500
2024-11-06,11300.0,033500
2024-11-07,11890.0,033500
2024-11-08,11550.0,033500
2024-11-11,12450.0,033500
2024-11-12,12120.0,033500
2024-11-13,11680.0,033500
2024-11-14,11900.0,033500
2024-11-15,11610.0,033500
2024-11-18,12190.0,033500
2024-11-19,12740.0,033500
2024-11-20,13480.0,033500
2024-11-21,13250.0,033500
2024-11-22,14190.0,033500
2024-11-25,14090.0,033500
2024-11-26,14570.0,033500
2024-11-27,14580.0,033500
2024-11-28,14520.0,033500
2024-11-29,14310.0,033500
2024-12-02,13920.0,033500
2024-12-03,14280.0,033500
2024-12-04,13910.0,033500
2024-12-05,13900.0,033500
2024-12-06,13360.0,033500
2024-12-09,12930.0,033500
2024-12-10,13480.0,033500
2024-12-11,14210.0,033500
2024-12-12,14210.0,033500
2024-12-13,14640.0,033500
2024-12-16,14280.0,033500
2024-12-17,15060.0,033500
2024-12-18,14600.0,033500
2024-12-19,14870.0,033500
2024-12-20,14680.0,033500
2024-12-23,15100.0,033500
2024-12-24,15270.0,033500
2024-12-26,15250.0,033500
2024-12-27,15180.0,033500
2024-12-30,14920.0,033500
2025-01-02,15630.0,033500
2025-01-03,15150.0,033500
2025-01-06,15610.0,033500
2025-01-07,15920.0,033500
2025-01-08,16080.0,033500
2025-01-09,16240.0,033500
2025-01-10,16530.0,033500
2025-01-13,16300.0,033500
2025-01-14,16780.0,033500
2025-01-15,17020.0,033500
2025-01-16,16510.0,033500
2025-01-17,18430.0,033500
2025-01-20,18390.0,033500
2025-01-21,19640.0,033500
2025-01-22,21450.0,033500
2025-01-23,21400.0,033500
2025-01-24,21500.0,033500
2025-01-31,21250.0,033500
2025-02-03,21100.0,033500
2025-02-04,21900.0,033500
2025-02-05,20950.0,033500
2025-02-06,21000.0,033500
2025-02-07,20400.0,033500
2025-02-10,19630.0,033500
2025-02-11,20300.0,033500
2025-02-12,20750.0,033500
2025-02-13,21050.0,033500
2025-02-14,20700.0,033500
2025-02-17,22950.0,033500
2025-02-18,22500.0,033500
2025-02-19,22600.0,033500
2025-02-20,20400.0,033500
2025-02-21,21050.0,033500
2025-02-24,21900.0,033500
2025-02-25,23900.0,033500
2025-02-26,23150.0,033500
2025-02-27,23150.0,033500
2025-02-28,22800.0,033500
2025-03-04,22800.0,033500
2025-03-05,23500.0,033500
2025-03-06,23000.0,033500
2025-03-07,23350.0,033500
2025-03-10,22800.0,033500
2025-03-11,23050.0,033500
2025-03-12,24400.0,033500
2025-03-13,23800.0,033500
2025-03-14,24750.0,033500
2025-03-17,24000.0,033500
2025-03-18,25200.0,033500
2025-03-19,24200.0,033500
2025-03-20,23650.0,033500
2025-03-21,24800.0,033500
2025-03-24,23550.0,033500
2025-03-25,22100.0,033500
2025-03-26,22750.0,033500
2025-03-27,21700.0,033500
2025-03-28,21500.0,033500
2025-03-31,21950.0,033500
2025-04-01,23300.0,033500
2025-04-02,23800.0,033500
2025-04-03,24550.0,033500
2025-04-04,23950.0,033500
2025-04-07,21650.0,033500
2025-04-08,22600.0,033500
2025-04-09,22850.0,033500
2025-04-10,24400.0,033500
2025-04-11,25450.0,033500
2025-04-14,25450.0,033500
2025-04-15,26200.0,033500
2025-04-16,25300.0,033500
2025-04-17,24950.0,033500
2025-04-18,24650.0,033500
2025-04-21,24550.0,033500
2025-04-22,25400.0,033500
2025-04-23,24750.0,033500
2025-04-24,26150.0,033500
2025-04-25,25850.0,033500
2025-04-28,25600.0,033500
2025-04-29,25800.0,033500
2025-04-30,24900.0,033500
2025-05-02,25450.0,033500
2025-05-07,25550.0,033500
2025-05-08,25550.0,033500
2025-05-09,26650.0,033500
2025-05-12,24050.0,033500
2025-05-13,24400.0,033500
2025-05-14,25100.0,033500
2025-05-15,25100.0,033500
2025-05-16,23750.0,033500
2025-05-19,24600.0,033500
2025-05-20,25450.0,033500
2025-05-21,26300.0,033500
2025-05-22,25600.0,033500
2025-05-23,25100.0,033500
2025-05-26,25600.0,033500
2025-05-27,25950.0,033500
2025-05-28,25250.0,033500
2025-05-29,25850.0,033500
2025-05-30,26000.0,033500
2025-06-02,25800.0,033500
2025-06-04,26050.0,033500
2025-06-05,28000.0,033500
2025-06-09,25950.0,033500
2025-06-10,26650.0,033500
2025-06-11,25850.0,033500
2025-06-12,27550.0,033500
2025-06-13,27100.0,033500
2025-06-16,28050.0,033500
2025-06-17,28000.0,033500
2025-06-18,27650.0,033500
2025-06-19,27200.0,033500
2025-06-20,26700.0,033500
2025-06-23,26700.0,033500
2025-06-24,26700.0,033500
2025-06-25,25500.0,033500
2025-06-26,25900.0,033500
2025-06-27,25450.0,033500
2025-06-30,26250.0,033500
2025-07-01,25850.0,033500
2025-07-02,25200.0,033500
2025-07-03,24200.0,033500
2025-07-04,23150.0,033500
2025-07-07,23050.0,033500
2025-07-08,23350.0,033500
2025-07-09,23600.0,033500
2025-07-10,22500.0,033500
2025-07-11,21650.0,033500
2025-07-14,22100.0,033500
2025-07-15,22550.0,033500
2025-07-16,22500.0,033500
2025-07-17,22900.0,033500
2025-07-18,22850.0,033500
2025-07-21,23450.0,033500
2025-07-22,23500.0,033500
2025-07-23,23600.0,033500
2025-07-24,23700.0,033500
2025-07-25,24650.0,033500
2025-07-28,24600.0,033500
2025-07-29,27950.0,033500
2025-07-30,27600.0,033500
2025-07-31,28250.0,033500
2025-08-01,26950.0,033500
2025-08-04,27750.0,033500
2025-08-05,27750.0,033500
2025-08-06,27950.0,033500
2025-08-07,29150.0,033500
2025-08-08,29200.0,033500
2025-08-11,28500.0,033500
2025-08-12,28050.0,033500
2025-08-13,28850.0,033500
2025-08-14,28800.0,033500
2025-08-18,29150.0,033500
2025-08-19,29550.0,033500
2025-08-20,30450.0,033500
2025-08-21,30950.0,033500
2025-08-22,31300.0,033500
2025-08-25,30850.0,033500
2025-08-26,30850.0,033500
2025-08-27,31050.0,033500
2025-08-28,32050.0,033500
2025-08-29,32150.0,033500
2025-09-01,31900.0,033500
2025-09-02,31650.0,033500
2025-09-03,32550.0,033500
2025-09-04,32850.0,033500
2025-09-05,32100.0,033500
2025-09-08,34050.0,033500
2025-09-09,31250.0,033500
2025-09-10,32300.0,033500
2025-09-11,33550.0,033500
2025-09-12,32050.0,033500
2025-09-15,31100.0,033500
2025-09-16,31900.0,033500
2025-09-17,31450.0,033500
2025-09-18,30850.0,033500
2025-09-19,30100.0,033500
2025-09-22,30450.0,033500
2025-09-23,29850.0,033500
2025-09-24,30800.0,033500
2025-09-25,30000.0,033500
2025-09-26,29850.0,033500
2025-09-29,30200.0,033500
2025-09-30,30350.0,033500
2025-10-01,30950.0,033500
2025-10-02,30000.0,033500
2025-10-10,29650.0,033500
2025-10-13,30350.0,033500
2025-10-14,28700.0,033500
2025-10-15,30600.0,033500
2025-10-16,29950.0,033500
2025-10-17,28900.0,033500
2025-10-20,29000.0,033500
2025-10-21,30400.0,033500
2025-10-22,30450.0,033500
2025-10-23,30800.0,033500
2025-10-24,30650.0,033500
2025-10-27,32400.0,033500
2025-10-28,31450.0,033500
2025-10-29,31750.0,033500
2025-10-30,31750.0,033500
2025-10-31,31750.0,033500
2025-11-03,31750.0,033500
2025-11-04,31750.0,033500
2025-11-05,31750.0,033500
2025-11-06,31750.0,033500
2025-11-07,31750.0,033500
2025-11-10,31750.0,033500
2025-11-11,31750.0,033500
2025-11-12,31750.0,033500
2025-11-13,31750.0,033500
2025-11-14,31750.0,033500
2025-11-17,31750.0,033500
2025-11-18,27200.0,033500
2025-11-19,26250.0,033500
2025-11-20,27900.0,033500
2025-11-21,26500.0,033500
2025-11-24,26350.0,033500
2025-11-25,24450.0,033500
2025-11-26,25600.0,033500
2025-11-27,24800.0,033500
2025-11-28,24700.0,033500
2025-12-01,24100.0,033500
2025-12-02,25650.0,033500
2025-12-03,25750.0,033500
2025-12-04,25150.0,033500
2025-12-05,25000.0,033500
2025-12-08,25450.0,033500
2025-12-09,26650.0,033500
2025-12-10,25650.0,033500
2025-12-11,25650.0,033500
2025-12-12,26500.0,033500
2025-12-15,27250.0,033500
2025-12-16,27250.0,033500
2025-12-17,26750.0,033500
2025-12-18,26700.0,033500
2025-12-19,28300.0,033500
2025-12-22,27350.0,033500
2025-12-23,28000.0,033500
2025-12-24,26800.0,033500
2025-12-26,26350.0,033500
2025-12-29,25800.0,033500
2025-12-30,25350.0,033500
2026-01-02,24050.0,033500
2026-01-05,24650.0,033500
2026-01-06,26050.0,033500
2026-01-07,26700.0,033500
2026-01-08,26450.0,033500
2026-01-09,28750.0,033500
2026-01-12,29500.0,033500
2026-01-13,28200.0,033500
2026-01-14,27300.0,033500
2026-01-15,27600.0,033500
2026-01-16,26750.0,033500
2026-01-19,28000.0,033500
2026-01-20,27800.0,033500
2026-01-21,27150.0,033500
2026-01-22,26450.0,033500
2026-01-23,26950.0,033500
2026-01-26,27800.0,033500
2026-01-27,27900.0,033500
2026-01-28,28900.0,033500
2026-01-29,28850.0,033500
2026-01-30,28350.0,033500
2026-02-02,26600.0,033500
2026-02-03,27500.0,033500
2026-02-04,28900.0,033500
2026-02-05,28500.0,033500
2026-02-06,28200.0,033500
2026-02-09,29500.0,033500
2026-02-10,28000.0,033500
2026-02-11,28600.0,033500
2026-02-12,28750.0,033500
2026-02-13,27750.0,033500
2026-02-19,29350.0,033500
2026-02-20,29600.0,033500
2026-02-23,30550.0,033500
2026-02-24,30850.0,033500
2026-02-25,30000.0,033500
2026-02-26,29200.0,033500
2026-02-27,29450.0,033500
2026-03-03,29450.0,033500
2026-03-04,25050.0,033500
2026-03-05,26850.0,033500
2026-03-06,24800.0,033500
2026-03-09,26100.0,033500
2026-03-10,25050.0,033500
2026-03-11,26700.0,033500
2026-03-12,27550.0,033500
2026-03-13,29050.0,033500
2026-03-16,28200.0,033500
2026-03-17,27600.0,033500
2026-03-18,27050.0,033500
2026-03-19,26250.0,033500
2026-03-20,26800.0,033500
2026-03-23,25650.0,033500
2026-03-24,25100.0,033500
2026-03-25,24500.0,033500
2026-03-26,24000.0,033500
2026-03-27,23300.0,033500
2026-03-30,21750.0,033500
2026-03-31,23150.0,033500
2026-04-01,25000.0,033500
2026-04-02,23700.0,033500
2026-04-03,25850.0,033500
2026-04-06,25800.0,033500
2026-04-07,24650.0,033500
2026-04-08,25650.0,033500
2026-04-09,25300.0,033500
2026-04-10,25550.0,033500
2026-04-13,26250.0,033500
2026-04-14,26500.0,033500
2026-04-15,26450.0,033500
2026-04-16,26450.0,033500
2026-04-17,27050.0,033500
2026-04-20,27400.0,033500
2026-04-21,28150.0,033500
2026-04-22,28850.0,033500
2026-04-23,28700.0,033500
2026-04-24,29700.0,033500
2026-04-27,30300.0,033500
2026-04-28,29750.0,033500
2026-04-29,29250.0,033500
2026-04-30,29000.0,033500
2026-05-04,29250.0,033500
2026-05-06,28100.0,033500
2026-05-07,27900.0,033500
2026-05-08,27100.0,033500
2026-05-11,26150.0,033500
2026-05-12,24950.0,033500
2026-05-13,24700.0,033500
2026-05-14,23950.0,033500
2026-05-15,22350.0,033500
2026-05-18,21300.0,033500
2026-05-19,22900.0,033500
2026-05-20,21650.0,033500
2026-05-21,22050.0,033500
2026-05-22,22850.0,033500
2026-05-26,22850.0,033500
2026-05-27,21800.0,033500
2026-05-28,21150.0,033500
2026-05-29,20500.0,033500
2026-06-01,20200.0,033500
2026-06-02,19590.0,033500
2026-06-04,19640.0,033500
2026-06-05,18930.0,033500
2026-06-08,17540.0,033500
2026-06-09,17890.0,033500
2026-06-10,18190.0,033500
2026-06-11,18150.0,033500
2026-06-12,18660.0,033500
2026-06-15,19980.0,033500
2026-06-16,20250.0,033500
2026-06-17,20200.0,033500
2026-06-18,19620.0,033500
2026-06-19,18810.0,033500
2026-06-22,18460.0,033500
2026-06-23,17110.0,033500
2026-06-24,18000.0,033500
2026-06-25,17090.0,033500
2026-06-26,16200.0,033500
2026-06-29,18490.0,033500
2026-06-30,17360.0,033500
2026-07-01,18250.0,033500
2026-07-02,17490.0,033500
2026-07-03,17620.0,033500
2026-07-06,17520.0,033500
2026-07-07,17150.0,033500
2026-07-08,16170.0,033500
2026-07-09,15700.0,033500
2026-07-10,16670.0,033500
2026-07-13,16490.0,033500
2026-07-14,15590.0,033500
2026-07-15,15970.0,033500
2026-07-16,16050.0,033500
2026-07-20,15390.0,033500
2026-07-21,15450.0,033500
2026-07-22,15600.0,033500
2026-07-23,17050.0,033500
2026-07-24,17160.0,033500
2026-07-27,16730.0,033500
2026-07-28,15790.0,033500
2026-07-29,14700.0,033500
2026-07-30,14720.0,033500
2026-07-31,15690.0,033500
2026-08-03,15980.0,033500
2026-08-04,16780.0,033500
2026-08-05,17070.0,033500
2026-08-06,17140.0,033500
2026-08-07,17000.0,033500
2026-08-10,17660.0,033500
2026-08-11,17480.0,033500
2026-08-12,17350.0,033500
2026-08-13,17170.0,033500
2026-08-14,17350.0,033500
2026-08-18,18050.0,033500
2026-08-19,17380.0,033500
2026-08-20,17450.0,033500
2026-08-21,16700.0,033500
2026-08-24,17080.0,033500
2026-08-25,17550.0,033500
2026-08-26,17790.0,033500
2026-08-27,17770.0,033500
2026-08-28,18360.0,033500
2026-08-31,18020.0,033500
2014-06-11,2475.0,086390
2014-06-12,2480.0,086390
2014-06-13,2470.0,086390
2014-06-16,2480.0,086390
2014-06-17,2560.0,086390
2014-06-18,2550.0,086390
2014-06-19,2560.0,086390
2014-06-20,2510.0,086390
2014-06-23,2375.0,086390
2014-06-24,2345.0,086390
2014-06-25,2255.0,086390
2014-06-26,2190.0,086390
2014-06-27,2290.0,086390
2014-06-30,2300.0,086390
2014-07-01,2300.0,086390
2014-07-02,2280.0,086390
2014-07-03,2300.0,086390
2014-07-04,2240.0,086390
2014-07-07,2245.0,086390
2014-07-08,2330.0,086390
2014-07-09,2465.0,086390
2014-07-10,2450.0,086390
2014-07-11,2480.0,086390
2014-07-14,2500.0,086390
2014-07-15,2520.0,086390
2014-07-16,2500.0,086390
2014-07-17,2465.0,086390
2014-07-18,2500.0,086390
2014-07-21,2475.0,086390
2014-07-22,2460.0,086390
2014-07-23,2455.0,086390
2014-07-24,2450.0,086390
2014-07-25,2450.0,086390
2014-07-28,2540.0,086390
2014-07-29,2500.0,086390
2014-07-30,2445.0,086390
2014-07-31,2375.0,086390
2014-08-01,2375.0,086390
2014-08-04,2470.0,086390
2014-08-05,2520.0,086390
2014-08-06,2600.0,086390
2014-08-07,2705.0,086390
2014-08-08,2665.0,086390
2014-08-11,2700.0,086390
2014-08-12,2815.0,086390
2014-08-13,2805.0,086390
2014-08-14,2795.0,086390
2014-08-18,3060.0,086390
2014-08-19,3025.0,086390
2014-08-20,3110.0,086390
2014-08-21,3400.0,086390
2014-08-22,3360.0,086390
2014-08-25,3365.0,086390
2014-08-26,3515.0,086390
2014-08-27,3520.0,086390
2014-08-28,3720.0,086390
2014-08-29,3745.0,086390
2014-09-01,3750.0,086390
2014-09-02,3660.0,086390
2014-09-03,3640.0,086390
2014-09-04,3495.0,086390
2014-09-05,3500.0,086390
2014-09-11,3490.0,086390
2014-09-12,3405.0,086390
2014-09-15,3205.0,086390
2014-09-16,3365.0,086390
2014-09-17,3400.0,086390
2014-09-18,3380.0,086390
2014-09-19,3305.0,086390
2014-09-22,3305.0,086390
2014-09-23,3170.0,086390
2014-09-24,3220.0,086390
2014-09-25,3415.0,086390
2014-09-26,3410.0,086390
2014-09-29,3305.0,086390
2014-09-30,3300.0,086390
2014-10-01,3130.0,086390
2014-10-02,3310.0,086390
2014-10-06,3490.0,086390
2014-10-07,3550.0,086390
2014-10-08,4080.0,086390
2014-10-10,4470.0,086390
2014-10-13,4485.0,086390
2014-10-14,4490.0,086390
2014-10-15,4710.0,086390
2014-10-16,4650.0,086390
2014-10-17,4795.0,086390
2014-10-20,4720.0,086390
2014-10-21,4800.0,086390
2014-10-22,5090.0,086390
2014-10-23,5200.0,086390
2014-10-24,4970.0,086390
2014-10-27,5230.0,086390
2014-10-28,5850.0,086390
2014-10-29,5930.0,086390
2014-10-30,6080.0,086390
2014-10-31,6100.0,086390
2014-11-03,5920.0,086390
2014-11-04,5980.0,086390
2014-11-05,6010.0,086390
2014-11-06,5960.0,086390
2014-11-07,6450.0,086390
2014-11-10,6790.0,086390
2014-11-11,7220.0,086390
2014-11-12,7330.0,086390
2014-11-13,7750.0,086390
2014-11-14,7680.0,086390
2014-11-17,7220.0,086390
2014-11-18,7500.0,086390
2014-11-19,7450.0,086390
2014-11-20,7430.0,086390
2014-11-21,7430.0,086390
2014-11-24,7140.0,086390
2014-11-25,7230.0,086390
2014-11-26,7510.0,086390
2014-11-27,7410.0,086390
2014-11-28,7480.0,086390
2014-12-01,7870.0,086390
2014-12-02,7830.0,086390
2014-12-03,7830.0,086390
2014-12-04,8000.0,086390
2014-12-05,8780.0,086390
2014-12-08,9030.0,086390
2014-12-09,8660.0,086390
2014-12-10,8550.0,086390
2014-12-11,8400.0,086390
2014-12-12,8430.0,086390
2014-12-15,8500.0,086390
2014-12-16,8390.0,086390
2014-12-17,8730.0,086390
2014-12-18,9530.0,086390
2014-12-19,9510.0,086390
2014-12-22,9440.0,086390
2014-12-23,9530.0,086390
2014-12-24,9450.0,086390
2014-12-26,9530.0,086390
2014-12-29,9590.0,086390
2014-12-30,9590.0,086390
2015-01-02,9560.0,086390
2015-01-05,9390.0,086390
2015-01-06,9600.0,086390
2015-01-07,10000.0,086390
2015-01-08,10450.0,086390
2015-01-09,10650.0,086390
2015-01-12,11350.0,086390
2015-01-13,11000.0,086390
2015-01-14,10950.0,086390
2015-01-15,11000.0,086390
2015-01-16,10800.0,086390
2015-01-19,11650.0,086390
2015-01-20,12050.0,086390
2015-01-21,12050.0,086390
2015-01-22,12050.0,086390
2015-01-23,12000.0,086390
2015-01-26,12500.0,086390
2015-01-27,12400.0,086390
2015-01-28,11750.0,086390
2015-01-29,11750.0,086390
2015-01-30,11450.0,086390
2015-02-02,11550.0,086390
2015-02-03,11900.0,086390
2015-02-04,11500.0,086390
2015-02-05,11550.0,086390
2015-02-06,11250.0,086390
2015-02-09,11400.0,086390
2015-02-10,11450.0,086390
2015-02-11,11250.0,086390
2015-02-12,12500.0,086390
2015-02-13,12250.0,086390
2015-02-16,11700.0,086390
2015-02-17,11750.0,086390
2015-02-23,11750.0,086390
2015-02-24,12200.0,086390
2015-02-25,11800.0,086390
2015-02-26,11900.0,086390
2015-02-27,12250.0,086390
2015-03-02,11850.0,086390
2015-03-03,12000.0,086390
2015-03-04,12700.0,086390
2015-03-05,12650.0,086390
2015-03-06,12450.0,086390
2015-03-09,12150.0,086390
2015-03-10,12250.0,086390
2015-03-11,12050.0,086390
2015-03-12,12950.0,086390
2015-03-13,13100.0,086390
2015-03-16,13050.0,086390
2015-03-17,13650.0,086390
2015-03-18,13450.0,086390
2015-03-19,12950.0,086390
2015-03-20,12950.0,086390
2015-03-23,12800.0,086390
2015-03-24,12800.0,086390
2015-03-25,13350.0,086390
2015-03-26,13100.0,086390
2015-03-27,12500.0,086390
2015-03-30,12500.0,086390
2015-03-31,12350.0,086390
2015-04-01,12350.0,086390
2015-04-02,12350.0,086390
2015-04-03,11800.0,086390
2015-04-06,12550.0,086390
2015-04-07,12400.0,086390
2015-04-08,12300.0,086390
2015-04-09,12350.0,086390
2015-04-10,12150.0,086390
2015-04-13,12600.0,086390
2015-04-14,12300.0,086390
2015-04-15,12450.0,086390
2015-04-16,12500.0,086390
2015-04-17,12650.0,086390
2015-04-20,12350.0,086390
2015-04-21,14000.0,086390
2015-04-22,13850.0,086390
2015-04-23,13700.0,086390
2015-04-24,14450.0,086390
2015-04-27,14000.0,086390
2015-04-28,14350.0,086390
2015-04-29,14750.0,086390
2015-04-30,15800.0,086390
2015-05-04,16300.0,086390
2015-05-06,15550.0,086390
2015-05-07,15400.0,086390
2015-05-08,16900.0,086390
2015-05-11,17400.0,086390
2015-05-12,17500.0,086390
2015-05-13,17800.0,086390
2015-05-14,17550.0,086390
2015-05-15,17400.0,086390
2015-05-18,17450.0,086390
2015-05-19,16650.0,086390
2015-05-20,16700.0,086390
2015-05-21,16500.0,086390
2015-05-22,16400.0,086390
2015-05-26,15550.0,086390
2015-05-27,15900.0,086390
2015-05-28,15700.0,086390
2015-05-29,15700.0,086390
2015-06-01,15150.0,086390
2015-06-02,15900.0,086390
2015-06-03,17800.0,086390
2015-06-04,18100.0,086390
2015-06-05,18050.0,086390
2015-06-08,19250.0,086390
2015-06-09,19100.0,086390
2015-06-10,18250.0,086390
2015-06-11,17900.0,086390
2015-06-12,18200.0,086390
2015-06-15,17500.0,086390
2015-06-16,17700.0,086390
2015-06-17,17500.0,086390
2015-06-18,18000.0,086390
2015-06-19,17500.0,086390
2015-06-22,17500.0,086390
2015-06-23,17050.0,086390
2015-06-24,18200.0,086390
2015-06-25,18250.0,086390
2015-06-26,17050.0,086390
2015-06-29,16500.0,086390
2015-06-30,16450.0,086390
2015-07-01,16900.0,086390
2015-07-02,16700.0,086390
2015-07-03,15450.0,086390
2015-07-06,14900.0,086390
2015-07-07,14900.0,086390
2015-07-08,14500.0,086390
2015-07-09,14600.0,086390
2015-07-10,13750.0,086390
2015-07-13,14900.0,086390
2015-07-14,14500.0,086390
2015-07-15,15400.0,086390
2015-07-16,16300.0,086390
2015-07-17,16600.0,086390
2015-07-20,18000.0,086390
2015-07-21,17250.0,086390
2015-07-22,16200.0,086390
2015-07-23,16300.0,086390
2015-07-24,15100.0,086390
2015-07-27,15100.0,086390
2015-07-28,15250.0,086390
2015-07-29,15050.0,086390
2015-07-30,13800.0,086390
2015-07-31,14300.0,086390
2015-08-03,13750.0,086390
2015-08-04,14250.0,086390
2015-08-05,14400.0,086390
2015-08-06,14550.0,086390
2015-08-07,15050.0,086390
2015-08-10,14200.0,086390
2015-08-11,13800.0,086390
2015-08-12,13800.0,086390
2015-08-13,13600.0,086390
2015-08-17,14050.0,086390
2015-08-18,13800.0,086390
2015-08-19,13400.0,086390
2015-08-20,12000.0,086390
2015-08-21,11500.0,086390
2015-08-24,11050.0,086390
2015-08-25,11800.0,086390
2015-08-26,12250.0,086390
2015-08-27,12250.0,086390
2015-08-28,13600.0,086390
2015-08-31,13250.0,086390
2015-09-01,12900.0,086390
2015-09-02,12900.0,086390
2015-09-03,12650.0,086390
2015-09-04,12100.0,086390
2015-09-07,12350.0,086390
2015-09-08,11450.0,086390
2015-09-09,12050.0,086390
2015-09-10,12750.0,086390
2015-09-11,12250.0,086390
2015-09-14,12450.0,086390
2015-09-15,12100.0,086390
2015-09-16,12150.0,086390
2015-09-17,11850.0,086390
2015-09-18,11650.0,086390
2015-09-21,11700.0,086390
2015-09-22,11950.0,086390
2015-09-23,11200.0,086390
2015-09-24,10450.0,086390
2015-09-25,10700.0,086390
2015-09-30,10450.0,086390
2015-10-01,10800.0,086390
2015-10-02,10750.0,086390
2015-10-05,10900.0,086390
2015-10-06,10600.0,086390
2015-10-07,10850.0,086390
2015-10-08,10450.0,086390
2015-10-12,10150.0,086390
2015-10-13,10800.0,086390
2015-10-14,10500.0,086390
2015-10-15,11150.0,086390
2015-10-16,11000.0,086390
2015-10-19,10850.0,086390
2015-10-20,10600.0,086390
2015-10-21,10400.0,086390
2015-10-22,9960.0,086390
2015-10-23,10250.0,086390
2015-10-26,10000.0,086390
2015-10-27,9180.0,086390
2015-10-28,8640.0,086390
2015-10-29,8840.0,086390
2015-10-30,8400.0,086390
2015-11-02,8510.0,086390
2015-11-03,8330.0,086390
2015-11-04,7730.0,086390
2015-11-05,8080.0,086390
2015-11-06,7990.0,086390
2015-11-09,7500.0,086390
2015-11-10,7590.0,086390
2015-11-11,7560.0,086390
2015-11-12,7750.0,086390
2015-11-13,7250.0,086390
2015-11-16,7070.0,086390
2015-11-17,7350.0,086390
2015-11-18,7490.0,086390
2015-11-19,7740.0,086390
2015-11-20,7750.0,086390
2015-11-23,7660.0,086390
2015-11-24,7280.0,086390
2015-11-25,7540.0,086390
2015-11-26,8740.0,086390
2015-11-27,8560.0,086390
2015-11-30,8520.0,086390
2015-12-01,8260.0,086390
2015-12-02,7800.0,086390
2015-12-03,7910.0,086390
2015-12-04,7570.0,086390
2015-12-07,7400.0,086390
2015-12-08,6890.0,086390
2015-12-09,6260.0,086390
2015-12-10,6350.0,086390
2015-12-11,6670.0,086390
2015-12-14,6100.0,086390
2015-12-15,6370.0,086390
2015-12-16,6770.0,086390
2015-12-17,6990.0,086390
2015-12-18,7020.0,086390
2015-12-21,7300.0,086390
2015-12-22,8000.0,086390
2015-12-23,8170.0,086390
2015-12-24,8280.0,086390
2015-12-28,8280.0,086390
2015-12-29,8280.0,086390
2015-12-30,8900.0,086390
2016-01-04,8740.0,086390
2016-01-05,9140.0,086390
2016-01-06,9390.0,086390
2016-01-07,9300.0,086390
2016-01-08,8980.0,086390
2016-01-11,8700.0,086390
2016-01-12,8160.0,086390
2016-01-13,8980.0,086390
2016-01-14,10100.0,086390
2016-01-15,10150.0,086390
2016-01-18,10650.0,086390
2016-01-19,10650.0,086390
2016-01-20,10200.0,086390
2016-01-21,10100.0,086390
2016-01-22,10000.0,086390
2016-01-25,10500.0,086390
2016-01-26,10250.0,086390
2016-01-27,10100.0,086390
2016-01-28,9990.0,086390
2016-01-29,9780.0,086390
2016-02-01,9150.0,086390
2016-02-02,8770.0,086390
2016-02-03,8850.0,086390
2016-02-04,9070.0,086390
2016-02-05,9020.0,086390
2016-02-11,8210.0,086390
2016-02-12,7120.0,086390
2016-02-15,7440.0,086390
2016-02-16,7500.0,086390
2016-02-17,7940.0,086390
2016-02-18,7830.0,086390
2016-02-19,7670.0,086390
2016-02-22,7550.0,086390
2016-02-23,7700.0,086390
2016-02-24,7810.0,086390
2016-02-25,7940.0,086390
2016-02-26,7830.0,086390
2016-02-29,7740.0,086390
2016-03-02,8150.0,086390
2016-03-03,8250.0,086390
2016-03-04,8660.0,086390
2016-03-07,8620.0,086390
2016-03-08,8760.0,086390
2016-03-09,9350.0,086390
2016-03-10,9420.0,086390
2016-03-11,9470.0,086390
2016-03-14,9240.0,086390
2016-03-15,9150.0,086390
2016-03-16,9050.0,086390
2016-03-17,8950.0,086390
2016-03-18,8950.0,086390
2016-03-21,8820.0,086390
2016-03-22,9370.0,086390
2016-03-23,8970.0,086390
2016-03-24,9290.0,086390
2016-03-25,9360.0,086390
2016-03-28,9020.0,086390
2016-03-29,9250.0,086390
2016-03-30,8900.0,086390
2016-03-31,8400.0,086390
2016-04-01,8120.0,086390
2016-04-04,8020.0,086390
2016-04-05,8120.0,086390
2016-04-06,7970.0,086390
2016-04-07,8030.0,086390
2016-04-08,7980.0,086390
2016-04-11,7710.0,086390
2016-04-12,7730.0,086390
2016-04-14,7760.0,086390
2016-04-15,7820.0,086390
2016-04-18,7900.0,086390
2016-04-19,7900.0,086390
2016-04-20,7770.0,086390
2016-04-21,7720.0,086390
2016-04-22,7740.0,086390
2016-04-25,7600.0,086390
2016-04-26,7840.0,086390
2016-04-27,7750.0,086390
2016-04-28,7940.0,086390
2016-04-29,8100.0,086390
2016-05-02,8000.0,086390
2016-05-03,8010.0,086390
2016-05-04,7750.0,086390
2016-05-09,7590.0,086390
2016-05-10,7610.0,086390
2016-05-11,7620.0,086390
2016-05-12,7670.0,086390
2016-05-13,7570.0,086390
2016-05-16,7370.0,086390
2016-05-17,7180.0,086390
2016-05-18,7200.0,086390
2016-05-19,7200.0,086390
2016-05-20,7430.0,086390
2016-05-23,7780.0,086390
2016-05-24,7730.0,086390
2016-05-25,8060.0,086390
2016-05-26,8060.0,086390
2016-05-27,8620.0,086390
2016-05-30,8580.0,086390
2016-05-31,8760.0,086390
2016-06-01,8780.0,086390
2016-06-02,8800.0,086390
2016-06-03,8640.0,086390
2016-06-07,8620.0,086390
2016-06-08,8690.0,086390
2016-06-09,8450.0,086390
2016-06-10,8330.0,086390
2016-06-13,7940.0,086390
2016-06-14,8020.0,086390
2016-06-15,8180.0,086390
2016-06-16,7860.0,086390
2016-06-17,7860.0,086390
2016-06-20,7880.0,086390
2016-06-21,7790.0,086390
2016-06-22,7850.0,086390
2016-06-23,7500.0,086390
2016-06-24,7050.0,086390
2016-06-27,7050.0,086390
2016-06-28,7230.0,086390
2016-06-29,7450.0,086390
2016-06-30,7500.0,086390
2016-07-01,7680.0,086390
2016-07-04,7870.0,086390
2016-07-05,7890.0,086390
2016-07-06,7800.0,086390
2016-07-07,7980.0,086390
2016-07-08,7830.0,086390
2016-07-11,8160.0,086390
2016-07-12,8520.0,086390
2016-07-13,8630.0,086390
2016-07-14,8550.0,086390
2016-07-15,8420.0,086390
2016-07-18,8930.0,086390
2016-07-19,9210.0,086390
2016-07-20,9300.0,086390
2016-07-21,9550.0,086390
2016-07-22,9910.0,086390
2016-07-25,10050.0,086390
2016-07-26,10000.0,086390
2016-07-27,9520.0,086390
2016-07-28,9920.0,086390
2016-07-29,9820.0,086390
2016-08-01,10400.0,086390
2016-08-02,10800.0,086390
2016-08-03,10850.0,086390
2016-08-04,10350.0,086390
2016-08-05,10500.0,086390
2016-08-08,10950.0,086390
2016-08-09,10950.0,086390
2016-08-10,10800.0,086390
2016-08-11,10250.0,086390
2016-08-12,10900.0,086390
2016-08-16,10450.0,086390
2016-08-17,10800.0,086390
2016-08-18,10800.0,086390
2016-08-19,10900.0,086390
2016-08-22,10900.0,086390
2016-08-23,10900.0,086390
2016-08-24,10500.0,086390
2016-08-25,9900.0,086390
2016-08-26,9490.0,086390
2016-08-29,9200.0,086390
2016-08-30,9400.0,086390
2016-08-31,9170.0,086390
2016-09-01,9430.0,086390
2016-09-02,9990.0,086390
2016-09-05,9830.0,086390
2016-09-06,10150.0,086390
2016-09-07,10050.0,086390
2016-09-08,9620.0,086390
2016-09-09,10100.0,086390
2016-09-12,9900.0,086390
2016-09-13,10150.0,086390
2016-09-19,11000.0,086390
2016-09-20,11200.0,086390
2016-09-21,11150.0,086390
2016-09-22,11500.0,086390
2016-09-23,11700.0,086390
2016-09-26,12150.0,086390
2016-09-27,12350.0,086390
2016-09-28,12650.0,086390
2016-09-29,12350.0,086390
2016-09-30,12900.0,086390
2016-10-04,12950.0,086390
2016-10-05,12550.0,086390
2016-10-06,12400.0,086390
2016-10-07,12450.0,086390
2016-10-10,12050.0,086390
2016-10-11,12100.0,086390
2016-10-12,12050.0,086390
2016-10-13,11400.0,086390
2016-10-14,12100.0,086390
2016-10-17,12150.0,086390
2016-10-18,12250.0,086390
2016-10-19,11950.0,086390
2016-10-20,11650.0,086390
2016-10-21,12050.0,086390
2016-10-24,11400.0,086390
2016-10-25,11800.0,086390
2016-10-26,11950.0,086390
2016-10-27,13150.0,086390
2016-10-28,13250.0,086390
2016-10-31,13500.0,086390
2016-11-01,12800.0,086390
2016-11-02,12300.0,086390
2016-11-03,11850.0,086390
2016-11-04,11650.0,086390
2016-11-07,12550.0,086390
2016-11-08,11950.0,086390
2016-11-09,11300.0,086390
2016-11-10,11100.0,086390
2016-11-11,10650.0,086390
2016-11-14,10850.0,086390
2016-11-15,9960.0,086390
2016-11-16,10700.0,086390
2016-11-17,10850.0,086390
2016-11-18,10700.0,086390
2016-11-21,10500.0,086390
2016-11-22,10500.0,086390
2016-11-23,10300.0,086390
2016-11-24,10650.0,086390
2016-11-25,10950.0,086390
2016-11-28,10800.0,086390
2016-11-29,11000.0,086390
2016-11-30,10800.0,086390
2016-12-01,10650.0,086390
2016-12-02,10500.0,086390
2016-12-05,10450.0,086390
2016-12-06,10500.0,086390
2016-12-07,10900.0,086390
2016-12-08,10850.0,086390
2016-12-09,10950.0,086390
2016-12-12,10950.0,086390
2016-12-13,11650.0,086390
2016-12-14,11750.0,086390
2016-12-15,12300.0,086390
2016-12-16,12300.0,086390
2016-12-19,12100.0,086390
2016-12-20,11800.0,086390
2016-12-21,12150.0,086390
2016-12-22,12300.0,086390
2016-12-23,12400.0,086390
2016-12-26,12150.0,086390
2016-12-27,11950.0,086390
2016-12-28,11850.0,086390
2016-12-29,12100.0,086390
2017-01-02,11650.0,086390
2017-01-03,11400.0,086390
2017-01-04,11150.0,086390
2017-01-05,11550.0,086390
2017-01-06,11750.0,086390
2017-01-09,11500.0,086390
2017-01-10,10950.0,086390
2017-01-11,11200.0,086390
2017-01-12,11100.0,086390
2017-01-13,11150.0,086390
2017-01-16,10550.0,086390
2017-01-17,10150.0,086390
2017-01-18,10400.0,086390
2017-01-19,10400.0,086390
2017-01-20,10200.0,086390
2017-01-23,10050.0,086390
2017-01-24,10600.0,086390
2017-01-25,10500.0,086390
2017-01-26,10550.0,086390
2017-01-31,10750.0,086390
2017-02-01,11000.0,086390
2017-02-02,10600.0,086390
2017-02-03,10350.0,086390
2017-02-06,10350.0,086390
2017-02-07,10100.0,086390
2017-02-08,10150.0,086390
2017-02-09,10600.0,086390
2017-02-10,10150.0,086390
2017-02-13,10200.0,086390
2017-02-14,10100.0,086390
2017-02-15,9980.0,086390
2017-02-16,10250.0,086390
2017-02-17,10450.0,086390
2017-02-20,10400.0,086390
2017-02-21,10300.0,086390
2017-02-22,10100.0,086390
2017-02-23,9980.0,086390
2017-02-24,9700.0,086390
2017-02-27,9280.0,086390
2017-02-28,9580.0,086390
2017-03-02,9450.0,086390
2017-03-03,9250.0,086390
2017-03-06,9540.0,086390
2017-03-07,9590.0,086390
2017-03-08,9470.0,086390
2017-03-09,9370.0,086390
2017-03-10,9850.0,086390
2017-03-13,10200.0,086390
2017-03-14,10200.0,086390
2017-03-15,9930.0,086390
2017-03-16,9950.0,086390
2017-03-17,9690.0,086390
2017-03-20,9570.0,086390
2017-03-21,9460.0,086390
2017-03-22,9420.0,086390
2017-03-23,9320.0,086390
2017-03-24,9460.0,086390
2017-03-27,9370.0,086390
2017-03-28,9370.0,086390
2017-03-29,9650.0,086390
2017-03-30,9680.0,086390
2017-03-31,9710.0,086390
2017-04-03,9970.0,086390
2017-04-04,10250.0,086390
2017-04-05,10250.0,086390
2017-04-06,10150.0,086390
2017-04-07,10100.0,086390
2017-04-10,9790.0,086390
2017-04-11,9920.0,086390
2017-04-12,9830.0,086390
2017-04-13,9610.0,086390
2017-04-14,9560.0,086390
2017-04-17,10100.0,086390
2017-04-18,11250.0,086390
2017-04-19,11400.0,086390
2017-04-20,11450.0,086390
2017-04-21,11100.0,086390
2017-04-24,10950.0,086390
2017-04-25,11000.0,086390
2017-04-26,11050.0,086390
2017-04-27,11150.0,086390
2017-04-28,10800.0,086390
2017-05-02,11300.0,086390
2017-05-04,11450.0,086390
2017-05-08,11350.0,086390
2017-05-10,11550.0,086390
2017-05-11,11450.0,086390
2017-05-12,11200.0,086390
2017-05-15,11000.0,086390
2017-05-16,11150.0,086390
2017-05-17,11200.0,086390
2017-05-18,12050.0,086390
2017-05-19,12250.0,086390
2017-05-22,12250.0,086390
2017-05-23,12300.0,086390
2017-05-24,12500.0,086390
2017-05-25,12050.0,086390
2017-05-26,12300.0,086390
2017-05-29,12350.0,086390
2017-05-30,12600.0,086390
2017-05-31,12400.0,086390
2017-06-01,12800.0,086390
2017-06-02,12750.0,086390
2017-06-05,12550.0,086390
2017-06-07,12750.0,086390
2017-06-08,12600.0,086390
2017-06-09,12450.0,086390
2017-06-12,12300.0,086390
2017-06-13,12750.0,086390
2017-06-14,12700.0,086390
2017-06-15,12900.0,086390
2017-06-16,13600.0,086390
2017-06-19,13500.0,086390
2017-06-20,13200.0,086390
2017-06-21,13350.0,086390
2017-06-22,13450.0,086390
2017-06-23,13500.0,086390
2017-06-26,13800.0,086390
2017-06-27,13600.0,086390
2017-06-28,13450.0,086390
2017-06-29,13350.0,086390
2017-06-30,13300.0,086390
2017-07-03,12600.0,086390
2017-07-04,12450.0,086390
2017-07-05,12750.0,086390
2017-07-06,12450.0,086390
2017-07-07,12650.0,086390
2017-07-10,12400.0,086390
2017-07-11,12550.0,086390
2017-07-12,12600.0,086390
2017-07-13,12950.0,086390
2017-07-14,13050.0,086390
2017-07-17,13550.0,086390
2017-07-18,13500.0,086390
2017-07-19,13300.0,086390
2017-07-20,12950.0,086390
2017-07-21,14200.0,086390
2017-07-24,14150.0,086390
2017-07-25,12350.0,086390
2017-07-26,11900.0,086390
2017-07-27,11850.0,086390
2017-07-28,11750.0,086390
2017-07-31,11900.0,086390
2017-08-01,11850.0,086390
2017-08-02,12050.0,086390
2017-08-03,10850.0,086390
2017-08-04,10900.0,086390
2017-08-07,10900.0,086390
2017-08-08,11050.0,086390
2017-08-09,10550.0,086390
2017-08-10,10450.0,086390
2017-08-11,10500.0,086390
2017-08-14,10500.0,086390
2017-08-16,10850.0,086390
2017-08-17,10800.0,086390
2017-08-18,10800.0,086390
2017-08-21,10600.0,086390
2017-08-22,10600.0,086390
2017-08-23,10450.0,086390
2017-08-24,10700.0,086390
2017-08-25,10850.0,086390
2017-08-28,10850.0,086390
2017-08-29,10850.0,086390
2017-08-30,10700.0,086390
2017-08-31,10900.0,086390
2017-09-01,11000.0,086390
2017-09-04,10600.0,086390
2017-09-05,10500.0,086390
2017-09-06,10600.0,086390
2017-09-07,10950.0,086390
2017-09-08,10800.0,086390
2017-09-11,11000.0,086390
2017-09-12,11250.0,086390
2017-09-13,10950.0,086390
2017-09-14,11150.0,086390
2017-09-15,10900.0,086390
2017-09-18,11200.0,086390
2017-09-19,10900.0,086390
2017-09-20,10750.0,086390
2017-09-21,10450.0,086390
2017-09-22,10350.0,086390
2017-09-25,10600.0,086390
2017-09-26,10500.0,086390
2017-09-27,10550.0,086390
2017-09-28,10900.0,086390
2017-09-29,11300.0,086390
2017-10-10,11300.0,086390
2017-10-11,11450.0,086390
2017-10-12,11500.0,086390
2017-10-13,11250.0,086390
2017-10-16,10850.0,086390
2017-10-17,11400.0,086390
2017-10-18,11500.0,086390
2017-10-19,11550.0,086390
2017-10-20,11600.0,086390
2017-10-23,11600.0,086390
2017-10-24,11450.0,086390
2017-10-25,11500.0,086390
2017-10-26,11150.0,086390
2017-10-27,11100.0,086390
2017-10-30,11100.0,086390
2017-10-31,11600.0,086390
2017-11-01,11450.0,086390
2017-11-02,10300.0,086390
2017-11-03,10650.0,086390
2017-11-06,10900.0,086390
2017-11-07,10800.0,086390
2017-11-08,11400.0,086390
2017-11-09,11500.0,086390
2017-11-10,11750.0,086390
2017-11-13,11800.0,086390
2017-11-14,11650.0,086390
2017-11-15,12300.0,086390
2017-11-16,12150.0,086390
2017-11-17,12200.0,086390
2017-11-20,11900.0,086390
2017-11-21,12400.0,086390
2017-11-22,12450.0,086390
2017-11-23,12350.0,086390
2017-11-24,13050.0,086390
2017-11-27,13250.0,086390
2017-11-28,12650.0,086390
2017-11-29,12600.0,086390
2017-11-30,11950.0,086390
2017-12-01,11850.0,086390
2017-12-04,12000.0,086390
2017-12-05,11850.0,086390
2017-12-06,12300.0,086390
2017-12-07,12000.0,086390
2017-12-08,12300.0,086390
2017-12-11,12600.0,086390
2017-12-12,12600.0,086390
2017-12-13,12500.0,086390
2017-12-14,12650.0,086390
2017-12-15,12500.0,086390
2017-12-18,12500.0,086390
2017-12-19,12200.0,086390
2017-12-20,12900.0,086390
2017-12-21,12600.0,086390
2017-12-22,13050.0,086390
2017-12-26,12850.0,086390
2017-12-27,12750.0,086390
2017-12-28,12800.0,086390
2018-01-02,12750.0,086390
2018-01-03,13350.0,086390
2018-01-04,13300.0,086390
2018-01-05,13100.0,086390
2018-01-08,12450.0,086390
2018-01-09,12550.0,086390
2018-01-10,12350.0,086390
2018-01-11,12400.0,086390
2018-01-12,12100.0,086390
2018-01-15,12100.0,086390
2018-01-16,12300.0,086390
2018-01-17,13000.0,086390
2018-01-18,13100.0,086390
2018-01-19,13000.0,086390
2018-01-22,12800.0,086390
2018-01-23,12750.0,086390
2018-01-24,12700.0,086390
2018-01-25,13100.0,086390
2018-01-26,12950.0,086390
2018-01-29,12950.0,086390
2018-01-30,12400.0,086390
2018-01-31,12200.0,086390
2018-02-01,12800.0,086390
2018-02-02,13200.0,086390
2018-02-05,13550.0,086390
2018-02-06,13950.0,086390
2018-02-07,13000.0,086390
2018-02-08,13650.0,086390
2018-02-09,13650.0,086390
2018-02-12,13500.0,086390
2018-02-13,13800.0,086390
2018-02-14,14050.0,086390
2018-02-19,14050.0,086390
2018-02-20,14000.0,086390
2018-02-21,14200.0,086390
2018-02-22,14150.0,086390
2018-02-23,14350.0,086390
2018-02-26,14250.0,086390
2018-02-27,14600.0,086390
2018-02-28,14150.0,086390
2018-03-02,14450.0,086390
2018-03-05,14150.0,086390
2018-03-06,14700.0,086390
2018-03-07,14300.0,086390
2018-03-08,14450.0,086390
2018-03-09,14650.0,086390
2018-03-12,14700.0,086390
2018-03-13,15250.0,086390
2018-03-14,15300.0,086390
2018-03-15,15250.0,086390
2018-03-16,15200.0,086390
2018-03-19,15700.0,086390
2018-03-20,15650.0,086390
2018-03-21,16100.0,086390
2018-03-22,16100.0,086390
2018-03-23,15300.0,086390
2018-03-26,15750.0,086390
2018-03-27,16200.0,086390
2018-03-28,15550.0,086390
2018-03-29,15400.0,086390
2018-03-30,15250.0,086390
2018-04-02,14600.0,086390
2018-04-03,14450.0,086390
2018-04-04,14000.0,086390
2018-04-05,14550.0,086390
2018-04-06,14000.0,086390
2018-04-09,14450.0,086390
2018-04-10,14600.0,086390
2018-04-11,15250.0,086390
2018-04-12,15100.0,086390
2018-04-13,15700.0,086390
2018-04-16,15550.0,086390
2018-04-17,15900.0,086390
2018-04-18,16100.0,086390
2018-04-19,15700.0,086390
2018-04-20,15650.0,086390
2018-04-23,15500.0,086390
2018-04-24,14800.0,086390
2018-04-25,14750.0,086390
2018-04-26,15200.0,086390
2018-04-27,15500.0,086390
2018-04-30,15850.0,086390
2018-05-02,15200.0,086390
2018-05-03,14950.0,086390
2018-05-04,15600.0,086390
2018-05-08,16850.0,086390
2018-05-09,17800.0,086390
2018-05-10,18250.0,086390
2018-05-11,17800.0,086390
2018-05-14,18050.0,086390
2018-05-15,17850.0,086390
2018-05-16,17600.0,086390
2018-05-17,19250.0,086390
2018-05-18,18450.0,086390
2018-05-21,18500.0,086390
2018-05-23,19150.0,086390
2018-05-24,18350.0,086390
2018-05-25,18400.0,086390
2018-05-28,18700.0,086390
2018-05-29,18350.0,086390
2018-05-30,18900.0,086390
2018-05-31,19000.0,086390
2018-06-01,19200.0,086390
2018-06-04,18650.0,086390
2018-06-05,19400.0,086390
2018-06-07,20350.0,086390
2018-06-08,20300.0,086390
2018-06-11,20350.0,086390
2018-06-12,21700.0,086390
2018-06-14,21150.0,086390
2018-06-15,21800.0,086390
2018-06-18,20100.0,086390
2018-06-19,19500.0,086390
2018-06-20,20500.0,086390
2018-06-21,20550.0,086390
2018-06-22,20150.0,086390
2018-06-25,20000.0,086390
2018-06-26,19100.0,086390
2018-06-27,18900.0,086390
2018-06-28,18450.0,086390
2018-06-29,18900.0,086390
2018-07-02,19000.0,086390
2018-07-03,20950.0,086390
2018-07-04,20800.0,086390
2018-07-05,20850.0,086390
2018-07-06,20650.0,086390
2018-07-09,21450.0,086390
2018-07-10,20650.0,086390
2018-07-11,20750.0,086390
2018-07-12,20950.0,086390
2018-07-13,20700.0,086390
2018-07-16,20800.0,086390
2018-07-17,20450.0,086390
2018-07-18,19850.0,086390
2018-07-19,19300.0,086390
2018-07-20,19950.0,086390
2018-07-23,18000.0,086390
2018-07-24,18100.0,086390
2018-07-25,17800.0,086390
2018-07-26,18400.0,086390
2018-07-27,18950.0,086390
2018-07-30,18700.0,086390
2018-07-31,18800.0,086390
2018-08-01,19650.0,086390
2018-08-02,19500.0,086390
2018-08-03,19600.0,086390
2018-08-06,18650.0,086390
2018-08-07,18650.0,086390
2018-08-08,18250.0,086390
2018-08-09,17850.0,086390
2018-08-10,18000.0,086390
2018-08-13,17800.0,086390
2018-08-14,18100.0,086390
2018-08-16,17900.0,086390
2018-08-17,18350.0,086390
2018-08-20,18400.0,086390
2018-08-21,18750.0,086390
2018-08-22,19350.0,086390
2018-08-23,18500.0,086390
2018-08-24,18450.0,086390
2018-08-27,19000.0,086390
2018-08-28,19200.0,086390
2018-08-29,18850.0,086390
2018-08-30,19000.0,086390
2018-08-31,19250.0,086390
2018-09-03,18650.0,086390
2018-09-04,18900.0,086390
2018-09-05,18800.0,086390
2018-09-06,17900.0,086390
2018-09-07,17400.0,086390
2018-09-10,17000.0,086390
2018-09-11,16850.0,086390
2018-09-12,16900.0,086390
2018-09-13,17250.0,086390
2018-09-14,17400.0,086390
2018-09-17,16500.0,086390
2018-09-18,16150.0,086390
2018-09-19,16350.0,086390
2018-09-20,16000.0,086390
2018-09-21,15550.0,086390
2018-09-27,15350.0,086390
2018-09-28,15550.0,086390
2018-10-01,15400.0,086390
2018-10-02,14450.0,086390
2018-10-04,14400.0,086390
2018-10-05,13850.0,086390
2018-10-08,13950.0,086390
2018-10-10,13100.0,086390
2018-10-11,12400.0,086390
2018-10-12,13050.0,086390
2018-10-15,13250.0,086390
2018-10-16,13200.0,086390
2018-10-17,13300.0,086390
2018-10-18,13100.0,086390
2018-10-19,13300.0,086390
2018-10-22,13100.0,086390
2018-10-23,12300.0,086390
2018-10-24,12050.0,086390
2018-10-25,11900.0,086390
2018-10-26,11600.0,086390
2018-10-29,11600.0,086390
2018-10-30,12450.0,086390
2018-10-31,12300.0,086390
2018-11-01,12450.0,086390
2018-11-02,12950.0,086390
2018-11-05,12600.0,086390
2018-11-06,12650.0,086390
2018-11-07,12350.0,086390
2018-11-08,12600.0,086390
2018-11-09,12900.0,086390
2018-11-12,12650.0,086390
2018-11-13,12400.0,086390
2018-11-14,12550.0,086390
2018-11-15,12800.0,086390
2018-11-16,12800.0,086390
2018-11-19,12200.0,086390
2018-11-20,11350.0,086390
2018-11-21,11600.0,086390
2018-11-22,11550.0,086390
2018-11-23,11500.0,086390
2018-11-26,12000.0,086390
2018-11-27,11950.0,086390
2018-11-28,12750.0,086390
2018-11-29,12750.0,086390
2018-11-30,12650.0,086390
2018-12-03,12850.0,086390
2018-12-04,12450.0,086390
2018-12-05,12200.0,086390
2018-12-06,12550.0,086390
2018-12-07,12000.0,086390
2018-12-10,11100.0,086390
2018-12-11,10400.0,086390
2018-12-12,10850.0,086390
2018-12-13,11100.0,086390
2018-12-14,10900.0,086390
2018-12-17,11000.0,086390
2018-12-18,10750.0,086390
2018-12-19,11100.0,086390
2018-12-20,10400.0,086390
2018-12-21,10500.0,086390
2018-12-24,10700.0,086390
2018-12-26,10900.0,086390
2018-12-27,10450.0,086390
2018-12-28,10500.0,086390
2019-01-02,10550.0,086390
2019-01-03,9940.0,086390
2019-01-04,9720.0,086390
2019-01-07,10000.0,086390
2019-01-08,10050.0,086390
2019-01-09,10700.0,086390
2019-01-10,11000.0,086390
2019-01-11,10850.0,086390
2019-01-14,10650.0,086390
2019-01-15,11400.0,086390
2019-01-16,11600.0,086390
2019-01-17,11500.0,086390
2019-01-18,11500.0,086390
2019-01-21,11650.0,086390
2019-01-22,11200.0,086390
2019-01-23,11450.0,086390
2019-01-24,12000.0,086390
2019-01-25,12100.0,086390
2019-01-28,12200.0,086390
2019-01-29,13150.0,086390
2019-01-30,13750.0,086390
2019-01-31,14450.0,086390
2019-02-01,14650.0,086390
2019-02-07,15000.0,086390
2019-02-08,14150.0,086390
2019-02-11,14250.0,086390
2019-02-12,15000.0,086390
2019-02-13,15150.0,086390
2019-02-14,15050.0,086390
2019-02-15,14550.0,086390
2019-02-18,15350.0,086390
2019-02-19,14900.0,086390
2019-02-20,15650.0,086390
2019-02-21,15450.0,086390
2019-02-22,15500.0,086390
2019-02-25,15500.0,086390
2019-02-26,15750.0,086390
2019-02-27,15650.0,086390
2019-02-28,14700.0,086390
2019-03-04,14650.0,086390
2019-03-05,14700.0,086390
2019-03-06,14950.0,086390
2019-03-07,15450.0,086390
2019-03-08,15100.0,086390
2019-03-11,15100.0,086390
2019-03-12,15100.0,086390
2019-03-13,15100.0,086390
2019-03-14,16600.0,086390
2019-03-15,15750.0,086390
2019-03-18,16150.0,086390
2019-03-19,16650.0,086390
2019-03-20,17250.0,086390
2019-03-21,17250.0,086390
2019-03-22,17100.0,086390
2019-03-25,16300.0,086390
2019-03-26,16250.0,086390
2019-03-27,16050.0,086390
2019-03-28,15300.0,086390
2019-03-29,15550.0,086390
2019-04-01,16050.0,086390
2019-04-02,16300.0,086390
2019-04-03,16450.0,086390
2019-04-04,16150.0,086390
2019-04-05,16150.0,086390
2019-04-08,15650.0,086390
2019-04-09,16600.0,086390
2019-04-10,16700.0,086390
2019-04-11,16550.0,086390
2019-04-12,16050.0,086390
2019-04-15,15800.0,086390
2019-04-16,15850.0,086390
2019-04-17,16100.0,086390
2019-04-18,15750.0,086390
2019-04-19,16000.0,086390
2019-04-22,16000.0,086390
2019-04-23,15800.0,086390
2019-04-24,15400.0,086390
2019-04-25,17150.0,086390
2019-04-26,15900.0,086390
2019-04-29,15950.0,086390
2019-04-30,15750.0,086390
2019-05-02,15550.0,086390
2019-05-03,15200.0,086390
2019-05-07,15100.0,086390
2019-05-08,14500.0,086390
2019-05-09,13550.0,086390
2019-05-10,14050.0,086390
2019-05-13,13200.0,086390
2019-05-14,13350.0,086390
2019-05-15,13800.0,086390
2019-05-16,13450.0,086390
2019-05-17,13350.0,086390
2019-05-20,12950.0,086390
2019-05-21,13050.0,086390
2019-05-22,13050.0,086390
2019-05-23,12850.0,086390
2019-05-24,12500.0,086390
2019-05-27,12450.0,086390
2019-05-28,12800.0,086390
2019-05-29,12250.0,086390
2019-05-30,12800.0,086390
2019-05-31,12400.0,086390
2019-06-03,12550.0,086390
2019-06-04,12400.0,086390
2019-06-05,12650.0,086390
2019-06-07,12450.0,086390
2019-06-10,12500.0,086390
2019-06-11,13300.0,086390
2019-06-12,12600.0,086390
2019-06-13,12450.0,086390
2019-06-14,11750.0,086390
2019-06-17,11750.0,086390
2019-06-18,11750.0,086390
2019-06-19,11900.0,086390
2019-06-20,12050.0,086390
2019-06-21,11400.0,086390
2019-06-24,11700.0,086390
2019-06-25,11400.0,086390
2019-06-26,11450.0,086390
2019-06-27,11900.0,086390
2019-06-28,12000.0,086390
2019-07-01,12100.0,086390
2019-07-02,12250.0,086390
2019-07-03,11850.0,086390
2019-07-04,12750.0,086390
2019-07-05,12250.0,086390
2019-07-08,11450.0,086390
2019-07-09,11100.0,086390
2019-07-10,11350.0,086390
2019-07-11,11750.0,086390
2019-07-12,12200.0,086390
2019-07-15,12000.0,086390
2019-07-16,12600.0,086390
2019-07-17,12400.0,086390
2019-07-18,13350.0,086390
2019-07-19,13300.0,086390
2019-07-22,13250.0,086390
2019-07-23,12950.0,086390
2019-07-24,12550.0,086390
2019-07-25,12650.0,086390
2019-07-26,12100.0,086390
2019-07-29,11650.0,086390
2019-07-30,11700.0,086390
2019-07-31,11400.0,086390
2019-08-01,10800.0,086390
2019-08-02,10750.0,086390
2019-08-05,10250.0,086390
2019-08-06,9640.0,086390
2019-08-07,9940.0,086390
2019-08-08,10500.0,086390
2019-08-09,10150.0,086390
2019-08-12,10350.0,086390
2019-08-13,10450.0,086390
2019-08-14,10600.0,086390
2019-08-16,10650.0,086390
2019-08-19,10850.0,086390
2019-08-20,10900.0,086390
2019-08-21,11000.0,086390
2019-08-22,10850.0,086390
2019-08-23,10800.0,086390
2019-08-26,10250.0,086390
2019-08-27,10800.0,086390
2019-08-28,10950.0,086390
2019-08-29,10750.0,086390
2019-08-30,11000.0,086390
2019-09-02,11250.0,086390
2019-09-03,11600.0,086390
2019-09-04,12200.0,086390
2019-09-05,12450.0,086390
2019-09-06,12600.0,086390
2019-09-09,12700.0,086390
2019-09-10,12850.0,086390
2019-09-11,12500.0,086390
2019-09-16,12550.0,086390
2019-09-17,12850.0,086390
2019-09-18,12950.0,086390
2019-09-19,13750.0,086390
2019-09-20,13650.0,086390
2019-09-23,13550.0,086390
2019-09-24,14200.0,086390
2019-09-25,14050.0,086390
2019-09-26,14600.0,086390
2019-09-27,14250.0,086390
2019-09-30,14050.0,086390
2019-10-01,14900.0,086390
2019-10-02,14500.0,086390
2019-10-04,14350.0,086390
2019-10-07,14300.0,086390
2019-10-08,14750.0,086390
2019-10-10,14400.0,086390
2019-10-11,14600.0,086390
2019-10-14,15000.0,086390
2019-10-15,14850.0,086390
2019-10-16,15150.0,086390
2019-10-17,14950.0,086390
2019-10-18,14500.0,086390
2019-10-21,14600.0,086390
2019-10-22,14750.0,086390
2019-10-23,14500.0,086390
2019-10-24,14650.0,086390
2019-10-25,15450.0,086390
2019-10-28,15300.0,086390
2019-10-29,15050.0,086390
2019-10-30,14600.0,086390
2019-10-31,14950.0,086390
2019-11-01,14700.0,086390
2019-11-04,14850.0,086390
2019-11-05,14400.0,086390
2019-11-06,14050.0,086390
2019-11-07,14100.0,086390
2019-11-08,13600.0,086390
2019-11-11,13100.0,086390
2019-11-12,13400.0,086390
2019-11-13,13150.0,086390
2019-11-14,13200.0,086390
2019-11-15,13100.0,086390
2019-11-18,13700.0,086390
2019-11-19,13850.0,086390
2019-11-20,13800.0,086390
2019-11-21,13200.0,086390
2019-11-22,13200.0,086390
2019-11-25,13150.0,086390
2019-11-26,13600.0,086390
2019-11-27,13150.0,086390
2019-11-28,12750.0,086390
2019-11-29,12400.0,086390
2019-12-02,12450.0,086390
2019-12-03,12250.0,086390
2019-12-04,11900.0,086390
2019-12-05,12200.0,086390
2019-12-06,12150.0,086390
2019-12-09,11850.0,086390
2019-12-10,11650.0,086390
2019-12-11,11750.0,086390
2019-12-12,12500.0,086390
2019-12-13,13700.0,086390
2019-12-16,13750.0,086390
2019-12-17,14550.0,086390
2019-12-18,14550.0,086390
2019-12-19,14100.0,086390
2019-12-20,14100.0,086390
2019-12-23,13800.0,086390
2019-12-24,13750.0,086390
2019-12-26,14650.0,086390
2019-12-27,14550.0,086390
2019-12-30,14350.0,086390
2020-01-02,14200.0,086390
2020-01-03,14450.0,086390
2020-01-06,14450.0,086390
2020-01-07,13950.0,086390
2020-01-08,13700.0,086390
2020-01-09,15050.0,086390
2020-01-10,14750.0,086390
2020-01-13,14550.0,086390
2020-01-14,15350.0,086390
2020-01-15,15400.0,086390
2020-01-16,15650.0,086390
2020-01-17,15900.0,086390
2020-01-20,16550.0,086390
2020-01-21,16200.0,086390
2020-01-22,16750.0,086390
2020-01-23,16950.0,086390
2020-01-28,16350.0,086390
2020-01-29,16950.0,086390
2020-01-30,16600.0,086390
2020-01-31,15750.0,086390
2020-02-03,16300.0,086390
2020-02-04,16650.0,086390
2020-02-05,16150.0,086390
2020-02-06,16650.0,086390
2020-02-07,16350.0,086390
2020-02-10,15900.0,086390
2020-02-11,16050.0,086390
2020-02-12,16500.0,086390
2020-02-13,16200.0,086390
2020-02-14,17350.0,086390
2020-02-17,17600.0,086390
2020-02-18,16650.0,086390
2020-02-19,16750.0,086390
2020-02-20,16450.0,086390
2020-02-21,15950.0,086390
2020-02-24,15250.0,086390
2020-02-25,15900.0,086390
2020-02-26,15400.0,086390
2020-02-27,14650.0,086390
2020-02-28,13650.0,086390
2020-03-02,14600.0,086390
2020-03-03,14850.0,086390
2020-03-04,15550.0,086390
2020-03-05,15650.0,086390
2020-03-06,15400.0,086390
2020-03-09,14650.0,086390
2020-03-10,15050.0,086390
2020-03-11,14050.0,086390
2020-03-12,12850.0,086390
2020-03-13,12000.0,086390
2020-03-16,11150.0,086390
2020-03-17,11250.0,086390
2020-03-18,10050.0,086390
2020-03-19,8410.0,086390
2020-03-20,9200.0,086390
2020-03-23,8230.0,086390
2020-03-24,9350.0,086390
2020-03-25,10300.0,086390
2020-03-26,10700.0,086390
2020-03-27,11100.0,086390
2020-03-30,11400.0,086390
2020-03-31,11600.0,086390
2020-04-01,11050.0,086390
2020-04-02,11300.0,086390
2020-04-03,11200.0,086390
2020-04-06,11800.0,086390
2020-04-07,12750.0,086390
2020-04-08,12700.0,086390
2020-04-09,13100.0,086390
2020-04-10,12750.0,086390
2020-04-13,11900.0,086390
2020-04-14,12300.0,086390
2020-04-16,12750.0,086390
2020-04-17,13000.0,086390
2020-04-20,12650.0,086390
2020-04-21,12350.0,086390
2020-04-22,12200.0,086390
2020-04-23,12350.0,086390
2020-04-24,11800.0,086390
2020-04-27,12000.0,086390
2020-04-28,12050.0,086390
2020-04-29,12850.0,086390
2020-05-04,12500.0,086390
2020-05-06,13100.0,086390
2020-05-07,13600.0,086390
2020-05-08,14400.0,086390
2020-05-11,14200.0,086390
2020-05-12,14000.0,086390
2020-05-13,13500.0,086390
2020-05-14,13000.0,086390
2020-05-15,13500.0,086390
2020-05-18,12700.0,086390
2020-05-19,13050.0,086390
2020-05-20,13850.0,086390
2020-05-21,14200.0,086390
2020-05-22,13950.0,086390
2020-05-25,15700.0,086390
2020-05-26,15800.0,086390
2020-05-27,15350.0,086390
2020-05-28,14600.0,086390
2020-05-29,14450.0,086390
2020-06-01,15300.0,086390
2020-06-02,15350.0,086390
2020-06-03,15000.0,086390
2020-06-04,15050.0,086390
2020-06-05,14850.0,086390
2020-06-08,14550.0,086390
2020-06-09,14300.0,086390
2020-06-10,14300.0,086390
2020-06-11,13800.0,086390
2020-06-12,13500.0,086390
2020-06-15,12250.0,086390
2020-06-16,13000.0,086390
2020-06-17,13300.0,086390
2020-06-18,13050.0,086390
2020-06-19,13200.0,086390
2020-06-22,13350.0,086390
2020-06-23,13100.0,086390
2020-06-24,13150.0,086390
2020-06-25,12700.0,086390
2020-06-26,12450.0,086390
2020-06-29,12000.0,086390
2020-06-30,12200.0,086390
2020-07-01,12500.0,086390
2020-07-02,12500.0,086390
2020-07-03,12500.0,086390
2020-07-06,12650.0,086390
2020-07-07,12350.0,086390
2020-07-08,12500.0,086390
2020-07-09,13200.0,086390
2020-07-10,13250.0,086390
2020-07-13,14700.0,086390
2020-07-14,15800.0,086390
2020-07-15,15850.0,086390
2020-07-16,15800.0,086390
2020-07-17,16250.0,086390
2020-07-20,15050.0,086390
2020-07-21,14850.0,086390
2020-07-22,14750.0,086390
2020-07-23,14700.0,086390
2020-07-24,14250.0,086390
2020-07-27,14850.0,086390
2020-07-28,15050.0,086390
2020-07-29,15350.0,086390
2020-07-30,15550.0,086390
2020-07-31,15000.0,086390
2020-08-03,15200.0,086390
2020-08-04,15250.0,086390
2020-08-05,15900.0,086390
2020-08-06,16150.0,086390
2020-08-07,15750.0,086390
2020-08-10,15600.0,086390
2020-08-11,15500.0,086390
2020-08-12,14900.0,086390
2020-08-13,15400.0,086390
2020-08-14,14950.0,086390
2020-08-18,14250.0,086390
2020-08-19,13950.0,086390
2020-08-20,12750.0,086390
2020-08-21,13300.0,086390
2020-08-24,13750.0,086390
2020-08-25,14400.0,086390
2020-08-26,15400.0,086390
2020-08-27,14650.0,086390
2020-08-28,14900.0,086390
2020-08-31,14900.0,086390
2020-09-01,16200.0,086390
2020-09-02,16050.0,086390
2020-09-03,16350.0,086390
2020-09-04,17850.0,086390
2020-09-07,23200.0,086390
2020-09-08,23250.0,086390
2020-09-09,25750.0,086390
2020-09-10,26500.0,086390
2020-09-11,26050.0,086390
2020-09-14,25050.0,086390
2020-09-15,23700.0,086390
2020-09-16,22800.0,086390
2020-09-17,22450.0,086390
2020-09-18,23250.0,086390
2020-09-21,22450.0,086390
2020-09-22,21400.0,086390
2020-09-23,23250.0,086390
2020-09-24,23950.0,086390
2020-09-25,22550.0,086390
2020-09-28,25600.0,086390
2020-09-29,25350.0,086390
2020-10-05,25100.0,086390
2020-10-06,26350.0,086390
2020-10-07,26600.0,086390
2020-10-08,26800.0,086390
2020-10-12,25750.0,086390
2020-10-13,25400.0,086390
2020-10-14,24950.0,086390
2020-10-15,25250.0,086390
2020-10-16,25800.0,086390
2020-10-19,23600.0,086390
2020-10-20,23700.0,086390
2020-10-21,23400.0,086390
2020-10-22,21950.0,086390
2020-10-23,22650.0,086390
2020-10-26,21050.0,086390
2020-10-27,21150.0,086390
2020-10-28,22700.0,086390
2020-10-29,23150.0,086390
2020-10-30,21900.0,086390
2020-11-02,22900.0,086390
2020-11-03,22950.0,086390
2020-11-04,21200.0,086390
2020-11-05,22700.0,086390
2020-11-06,23650.0,086390
2020-11-09,24650.0,086390
2020-11-10,23950.0,086390
2020-11-11,22550.0,086390
2020-11-12,22550.0,086390
2020-11-13,22550.0,086390
2020-11-16,24150.0,086390
2020-11-17,24600.0,086390
2020-11-18,25050.0,086390
2020-11-19,25450.0,086390
2020-11-20,25500.0,086390
2020-11-23,25100.0,086390
2020-11-24,25250.0,086390
2020-11-25,24900.0,086390
2020-11-26,25400.0,086390
2020-11-27,24800.0,086390
2020-11-30,24800.0,086390
2020-12-01,24100.0,086390
2020-12-02,24450.0,086390
2020-12-03,23700.0,086390
2020-12-04,23150.0,086390
2020-12-07,23200.0,086390
2020-12-08,22850.0,086390
2020-12-09,23650.0,086390
2020-12-10,23400.0,086390
2020-12-11,24050.0,086390
2020-12-14,23650.0,086390
2020-12-15,23900.0,086390
2020-12-16,24350.0,086390
2020-12-17,25550.0,086390
2020-12-18,24800.0,086390
2020-12-21,24400.0,086390
2020-12-22,23650.0,086390
2020-12-23,24050.0,086390
2020-12-24,24900.0,086390
2020-12-28,24750.0,086390
2020-12-29,26600.0,086390
2020-12-30,27200.0,086390
2021-01-04,28000.0,086390
2021-01-05,27350.0,086390
2021-01-06,26100.0,086390
2021-01-07,26200.0,086390
2021-01-08,26700.0,086390
2021-01-11,29200.0,086390
2021-01-12,28550.0,086390
2021-01-13,28500.0,086390
2021-01-14,28200.0,086390
2021-01-15,27700.0,086390
2021-01-18,26500.0,086390
2021-01-19,27150.0,086390
2021-01-20,28000.0,086390
2021-01-21,28500.0,086390
2021-01-22,27850.0,086390
2021-01-25,27750.0,086390
2021-01-26,27000.0,086390
2021-01-27,26000.0,086390
2021-01-28,24750.0,086390
2021-01-29,23950.0,086390
2021-02-01,24800.0,086390
2021-02-02,24000.0,086390
2021-02-03,23300.0,086390
2021-02-04,24300.0,086390
2021-02-05,24050.0,086390
2021-02-08,23650.0,086390
2021-02-09,24700.0,086390
2021-02-10,24900.0,086390
2021-02-15,25250.0,086390
2021-02-16,24950.0,086390
2021-02-17,24600.0,086390
2021-02-18,24550.0,086390
2021-02-19,24450.0,086390
2021-02-22,25050.0,086390
2021-02-23,24450.0,086390
2021-02-24,23350.0,086390
2021-02-25,24950.0,086390
2021-02-26,24200.0,086390
2021-03-02,24450.0,086390
2021-03-03,24550.0,086390
2021-03-04,24050.0,086390
2021-03-05,23850.0,086390
2021-03-08,22700.0,086390
2021-03-09,21500.0,086390
2021-03-10,21000.0,086390
2021-03-11,21200.0,086390
2021-03-12,21800.0,086390
2021-03-15,21750.0,086390
2021-03-16,22150.0,086390
2021-03-17,22550.0,086390
2021-03-18,23100.0,086390
2021-03-19,23250.0,086390
2021-03-22,23050.0,086390
2021-03-23,22300.0,086390
2021-03-24,22650.0,086390
2021-03-25,22550.0,086390
2021-03-26,22500.0,086390
2021-03-29,22100.0,086390
2021-03-30,22250.0,086390
2021-03-31,22100.0,086390
2021-04-01,22650.0,086390
2021-04-02,23100.0,086390
2021-04-05,23500.0,086390
2021-04-06,23100.0,086390
2021-04-07,23400.0,086390
2021-04-08,23300.0,086390
2021-04-09,22900.0,086390
2021-04-12,22700.0,086390
2021-04-13,22950.0,086390
2021-04-14,22900.0,086390
2021-04-15,23650.0,086390
2021-04-16,23650.0,086390
2021-04-19,24600.0,086390
2021-04-20,24900.0,086390
2021-04-21,24200.0,086390
2021-04-22,23750.0,086390
2021-04-23,24300.0,086390
2021-04-26,24150.0,086390
2021-04-27,23650.0,086390
2021-04-28,22650.0,086390
2021-04-29,23000.0,086390
2021-04-30,22850.0,086390
2021-05-03,22150.0,086390
2021-05-04,22450.0,086390
2021-05-06,22300.0,086390
2021-05-07,22250.0,086390
2021-05-10,22150.0,086390
2021-05-11,21900.0,086390
2021-05-12,21150.0,086390
2021-05-13,20550.0,086390
2021-05-14,21200.0,086390
2021-05-17,21300.0,086390
2021-05-18,21200.0,086390
2021-05-20,20900.0,086390
2021-05-21,21100.0,086390
2021-05-24,20900.0,086390
2021-05-25,20800.0,086390
2021-05-26,20750.0,086390
2021-05-27,20100.0,086390
2021-05-28,20250.0,086390
2021-05-31,20500.0,086390
2021-06-01,20300.0,086390
2021-06-02,20400.0,086390
2021-06-03,21350.0,086390
2021-06-04,21450.0,086390
2021-06-07,21500.0,086390
2021-06-08,21300.0,086390
2021-06-09,21100.0,086390
2021-06-10,20900.0,086390
2021-06-11,21100.0,086390
2021-06-14,20700.0,086390
2021-06-15,20800.0,086390
2021-06-16,20700.0,086390
2021-06-17,20550.0,086390
2021-06-18,21300.0,086390
2021-06-21,21200.0,086390
2021-06-22,20800.0,086390
2021-06-23,20750.0,086390
2021-06-24,20600.0,086390
2021-06-25,21500.0,086390
2021-06-28,21700.0,086390
2021-06-29,22000.0,086390
2021-06-30,22650.0,086390
2021-07-01,22400.0,086390
2021-07-02,22400.0,086390
2021-07-05,22300.0,086390
2021-07-06,22300.0,086390
2021-07-07,22100.0,086390
2021-07-08,22200.0,086390
2021-07-09,21850.0,086390
2021-07-12,21800.0,086390
2021-07-13,22200.0,086390
2021-07-14,22100.0,086390
2021-07-15,22350.0,086390
2021-07-16,22250.0,086390
2021-07-19,22450.0,086390
2021-07-20,22700.0,086390
2021-07-21,22500.0,086390
2021-07-22,23650.0,086390
2021-07-23,23600.0,086390
2021-07-26,23500.0,086390
2021-07-27,23850.0,086390
2021-07-28,23500.0,086390
2021-07-29,23750.0,086390
2021-07-30,23400.0,086390
2021-08-02,23450.0,086390
2021-08-03,23850.0,086390
2021-08-04,24050.0,086390
2021-08-05,24700.0,086390
2021-08-06,24550.0,086390
2021-08-09,25700.0,086390
2021-08-10,25700.0,086390
2021-08-11,25050.0,086390
2021-08-12,25250.0,086390
2021-08-13,25350.0,086390
2021-08-17,25100.0,086390
2021-08-18,25100.0,086390
2021-08-19,24850.0,086390
2021-08-20,24750.0,086390
2021-08-23,25050.0,086390
2021-08-24,24950.0,086390
2021-08-25,25200.0,086390
2021-08-26,25200.0,086390
2021-08-27,25500.0,086390
2021-08-30,25400.0,086390
2021-08-31,24800.0,086390
2021-09-01,24950.0,086390
2021-09-02,24600.0,086390
2021-09-03,24850.0,086390
2021-09-06,24800.0,086390
2021-09-07,25050.0,086390
2021-09-08,24450.0,086390
2021-09-09,24350.0,086390
2021-09-10,24800.0,086390
2021-09-13,24400.0,086390
2021-09-14,24400.0,086390
2021-09-15,24400.0,086390
2021-09-16,24250.0,086390
2021-09-17,24500.0,086390
2021-09-23,24150.0,086390
2021-09-24,24250.0,086390
2021-09-27,24000.0,086390
2021-09-28,24200.0,086390
2021-09-29,25250.0,086390
2021-09-30,24850.0,086390
2021-10-01,25400.0,086390
2021-10-05,24850.0,086390
2021-10-06,24850.0,086390
2021-10-07,25350.0,086390
2021-10-08,25150.0,086390
2021-10-12,24950.0,086390
2021-10-13,25050.0,086390
2021-10-14,27700.0,086390
2021-10-15,26950.0,086390
2021-10-18,27100.0,086390
2021-10-19,28600.0,086390
2021-10-20,28450.0,086390
2021-10-21,27500.0,086390
2021-10-22,27650.0,086390
2021-10-25,27050.0,086390
2021-10-26,27050.0,086390
2021-10-27,27950.0,086390
2021-10-28,28500.0,086390
2021-10-29,29500.0,086390
2021-11-01,29850.0,086390
2021-11-02,29100.0,086390
2021-11-03,29450.0,086390
2021-11-04,28900.0,086390
2021-11-05,28600.0,086390
2021-11-08,28750.0,086390
2021-11-09,29300.0,086390
2021-11-10,28600.0,086390
2021-11-11,29950.0,086390
2021-11-12,32000.0,086390
2021-11-15,31400.0,086390
2021-11-16,31300.0,086390
2021-11-17,31000.0,086390
2021-11-18,30350.0,086390
2021-11-19,31850.0,086390
2021-11-22,31050.0,086390
2021-11-23,31000.0,086390
2021-11-24,30800.0,086390
2021-11-25,30850.0,086390
2021-11-26,29800.0,086390
2021-11-29,29350.0,086390
2021-11-30,29950.0,086390
2021-12-01,30200.0,086390
2021-12-02,30100.0,086390
2021-12-03,30300.0,086390
2021-12-06,29900.0,086390
2021-12-07,29350.0,086390
2021-12-08,29200.0,086390
2021-12-09,29350.0,086390
2021-12-10,28800.0,086390
2021-12-13,29100.0,086390
2021-12-14,28850.0,086390
2021-12-15,28350.0,086390
2021-12-16,29000.0,086390
2021-12-17,29000.0,086390
2021-12-20,28000.0,086390
2021-12-21,28750.0,086390
2021-12-22,28800.0,086390
2021-12-23,29650.0,086390
2021-12-24,29550.0,086390
2021-12-27,29100.0,086390
2021-12-28,29250.0,086390
2021-12-29,29100.0,086390
2021-12-30,29650.0,086390
2022-01-03,30350.0,086390
2022-01-04,30600.0,086390
2022-01-05,29550.0,086390
2022-01-06,28850.0,086390
2022-01-07,29300.0,086390
2022-01-10,29550.0,086390
2022-01-11,29250.0,086390
2022-01-12,29450.0,086390
2022-01-13,29650.0,086390
2022-01-14,30500.0,086390
2022-01-17,30450.0,086390
2022-01-18,29450.0,086390
2022-01-19,28650.0,086390
2022-01-20,29150.0,086390
2022-01-21,29400.0,086390
2022-01-24,28900.0,086390
2022-01-25,28200.0,086390
2022-01-26,28550.0,086390
2022-01-27,28850.0,086390
2022-01-28,29550.0,086390
2022-02-03,29000.0,086390
2022-02-04,28750.0,086390
2022-02-07,28550.0,086390
2022-02-08,28000.0,086390
2022-02-09,28100.0,086390
2022-02-10,27800.0,086390
2022-02-11,26950.0,086390
2022-02-14,26400.0,086390
2022-02-15,26550.0,086390
2022-02-16,27300.0,086390
2022-02-17,27200.0,086390
2022-02-18,27150.0,086390
2022-02-21,26700.0,086390
2022-02-22,26050.0,086390
2022-02-23,26300.0,086390
2022-02-24,25800.0,086390
2022-02-25,26300.0,086390
2022-02-28,26300.0,086390
2022-03-02,26500.0,086390
2022-03-03,26900.0,086390
2022-03-04,26850.0,086390
2022-03-07,26300.0,086390
2022-03-08,26250.0,086390
2022-03-10,26300.0,086390
2022-03-11,26100.0,086390
2022-03-14,25400.0,086390
2022-03-15,25200.0,086390
2022-03-16,25400.0,086390
2022-03-17,26150.0,086390
2022-03-18,26000.0,086390
2022-03-21,26000.0,086390
2022-03-22,26600.0,086390
2022-03-23,26400.0,086390
2022-03-24,26500.0,086390
2022-03-25,26650.0,086390
2022-03-28,27100.0,086390
2022-03-29,27000.0,086390
2022-03-30,26950.0,086390
2022-03-31,27350.0,086390
2022-04-01,27150.0,086390
2022-04-04,27000.0,086390
2022-04-05,26900.0,086390
2022-04-06,26600.0,086390
2022-04-07,26450.0,086390
2022-04-08,26500.0,086390
2022-04-11,26100.0,086390
2022-04-12,25750.0,086390
2022-04-13,25750.0,086390
2022-04-14,25750.0,086390
2022-04-15,25900.0,086390
2022-04-18,25550.0,086390
2022-04-19,25700.0,086390
2022-04-20,25900.0,086390
2022-04-21,26400.0,086390
2022-04-22,26050.0,086390
2022-04-25,25500.0,086390
2022-04-26,25450.0,086390
2022-04-27,26000.0,086390
2022-04-28,25600.0,086390
2022-04-29,25600.0,086390
2022-05-02,25700.0,086390
2022-05-03,25650.0,086390
2022-05-04,25850.0,086390
2022-05-06,25450.0,086390
2022-05-09,25000.0,086390
2022-05-10,25600.0,086390
2022-05-11,25500.0,086390
2022-05-12,25250.0,086390
2022-05-13,26400.0,086390
2022-05-16,26300.0,086390
2022-05-17,25900.0,086390
2022-05-18,25500.0,086390
2022-05-19,25400.0,086390
2022-05-20,25600.0,086390
2022-05-23,25700.0,086390
2022-05-24,25250.0,086390
2022-05-25,25850.0,086390
2022-05-26,26200.0,086390
2022-05-27,26200.0,086390
2022-05-30,26550.0,086390
2022-05-31,28050.0,086390
2022-06-02,28250.0,086390
2022-06-03,28300.0,086390
2022-06-07,26750.0,086390
2022-06-08,26200.0,086390
2022-06-09,25550.0,086390
2022-06-10,24450.0,086390
2022-06-13,22750.0,086390
2022-06-14,22450.0,086390
2022-06-15,20800.0,086390
2022-06-16,20750.0,086390
2022-06-17,21000.0,086390
2022-06-20,20050.0,086390
2022-06-21,19900.0,086390
2022-06-22,18050.0,086390
2022-06-23,17750.0,086390
2022-06-24,18350.0,086390
2022-06-27,19000.0,086390
2022-06-28,18950.0,086390
2022-06-29,18300.0,086390
2022-06-30,17600.0,086390
2022-07-01,17100.0,086390
2022-07-04,17000.0,086390
2022-07-05,17700.0,086390
2022-07-06,17200.0,086390
2022-07-07,17800.0,086390
2022-07-08,17850.0,086390
2022-07-11,17600.0,086390
2022-07-12,16800.0,086390
2022-07-13,16750.0,086390
2022-07-14,16450.0,086390
2022-07-15,16900.0,086390
2022-07-18,17450.0,086390
2022-07-19,18600.0,086390
2022-07-20,17950.0,086390
2022-07-21,18050.0,086390
2022-07-22,18000.0,086390
2022-07-25,17750.0,086390
2022-07-26,17900.0,086390
2022-07-27,17900.0,086390
2022-07-28,18400.0,086390
2022-07-29,19100.0,086390
2022-08-01,18800.0,086390
2022-08-02,18600.0,086390
2022-08-03,18950.0,086390
2022-08-04,19400.0,086390
2022-08-05,19200.0,086390
2022-08-08,19100.0,086390
2022-08-09,19100.0,086390
2022-08-10,18550.0,086390
2022-08-11,19150.0,086390
2022-08-12,19200.0,086390
2022-08-16,19650.0,086390
2022-08-17,19150.0,086390
2022-08-18,19000.0,086390
2022-08-19,18950.0,086390
2022-08-22,18750.0,086390
2022-08-23,18250.0,086390
2022-08-24,18500.0,086390
2022-08-25,19200.0,086390
2022-08-26,19400.0,086390
2022-08-29,19050.0,086390
2022-08-30,19200.0,086390
2022-08-31,19450.0,086390
2022-09-01,18450.0,086390
2022-09-02,18000.0,086390
2022-09-05,17800.0,086390
2022-09-06,18050.0,086390
2022-09-07,17300.0,086390
2022-09-08,17500.0,086390
2022-09-13,18450.0,086390
2022-09-14,17650.0,086390
2022-09-15,17550.0,086390
2022-09-16,16800.0,086390
2022-09-19,17050.0,086390
2022-09-20,17550.0,086390
2022-09-21,17450.0,086390
2022-09-22,16800.0,086390
2022-09-23,15850.0,086390
2022-09-26,14900.0,086390
2022-09-27,14850.0,086390
2022-09-28,14250.0,086390
2022-09-29,13800.0,086390
2022-09-30,13950.0,086390
2022-10-04,14800.0,086390
2022-10-05,14200.0,086390
2022-10-06,14750.0,086390
2022-10-07,14500.0,086390
2022-10-11,13550.0,086390
2022-10-12,13450.0,086390
2022-10-13,12600.0,086390
2022-10-14,13700.0,086390
2022-10-17,13400.0,086390
2022-10-18,13750.0,086390
2022-10-19,13300.0,086390
2022-10-20,12900.0,086390
2022-10-21,12850.0,086390
2022-10-24,13250.0,086390
2022-10-25,13550.0,086390
2022-10-26,12900.0,086390
2022-10-27,13000.0,086390
2022-10-28,12500.0,086390
2022-10-31,12750.0,086390
2022-11-01,13050.0,086390
2022-11-02,12900.0,086390
2022-11-03,12700.0,086390
2022-11-04,13050.0,086390
2022-11-07,13350.0,086390
2022-11-08,13800.0,086390
2022-11-09,14050.0,086390
2022-11-10,13350.0,086390
2022-11-11,14050.0,086390
2022-11-14,13850.0,086390
2022-11-15,14450.0,086390
2022-11-16,14700.0,086390
2022-11-17,14250.0,086390
2022-11-18,14000.0,086390
2022-11-21,13400.0,086390
2022-11-22,12950.0,086390
2022-11-23,13300.0,086390
2022-11-24,13750.0,086390
2022-11-25,13800.0,086390
2022-11-28,13000.0,086390
2022-11-29,13100.0,086390
2022-11-30,12900.0,086390
2022-12-01,13300.0,086390
2022-12-02,13150.0,086390
2022-12-05,13250.0,086390
2022-12-06,12900.0,086390
2022-12-07,12550.0,086390
2022-12-08,12450.0,086390
2022-12-09,12650.0,086390
2022-12-12,12550.0,086390
2022-12-13,12300.0,086390
2022-12-14,12700.0,086390
2022-12-15,12700.0,086390
2022-12-16,12250.0,086390
2022-12-19,12100.0,086390
2022-12-20,11600.0,086390
2022-12-21,11650.0,086390
2022-12-22,11950.0,086390
2022-12-23,11150.0,086390
2022-12-26,11550.0,086390
2022-12-27,11650.0,086390
2022-12-28,11000.0,086390
2022-12-29,10500.0,086390
2023-01-02,10100.0,086390
2023-01-03,10300.0,086390
2023-01-04,10550.0,086390
2023-01-05,10600.0,086390
2023-01-06,10850.0,086390
2023-01-09,11150.0,086390
2023-01-10,11000.0,086390
2023-01-11,11200.0,086390
2023-01-12,11300.0,086390
2023-01-13,11200.0,086390
2023-01-16,11550.0,086390
2023-01-17,11350.0,086390
2023-01-18,11500.0,086390
2023-01-19,11300.0,086390
2023-01-20,11400.0,086390
2023-01-25,11750.0,086390
2023-01-26,12000.0,086390
2023-01-27,12550.0,086390
2023-01-30,12620.0,086390
2023-01-31,12470.0,086390
2023-02-01,12540.0,086390
2023-02-02,12870.0,086390
2023-02-03,12830.0,086390
2023-02-06,12640.0,086390
2023-02-07,12740.0,086390
2023-02-08,12840.0,086390
2023-02-09,12860.0,086390
2023-02-10,12540.0,086390
2023-02-13,12480.0,086390
2023-02-14,13360.0,086390
2023-02-15,13160.0,086390
2023-02-16,13360.0,086390
2023-02-17,12920.0,086390
2023-02-20,13130.0,086390
2023-02-21,13140.0,086390
2023-02-22,12720.0,086390
2023-02-23,12720.0,086390
2023-02-24,12360.0,086390
2023-02-27,12450.0,086390
2023-02-28,12560.0,086390
2023-03-02,12070.0,086390
2023-03-03,11820.0,086390
2023-03-06,11960.0,086390
2023-03-07,11860.0,086390
2023-03-08,11700.0,086390
2023-03-09,11800.0,086390
2023-03-10,11400.0,086390
2023-03-13,11390.0,086390
2023-03-14,10750.0,086390
2023-03-15,10770.0,086390
2023-03-16,11000.0,086390
2023-03-17,11470.0,086390
2023-03-20,11650.0,086390
2023-03-21,11770.0,086390
2023-03-22,11810.0,086390
2023-03-23,11890.0,086390
2023-03-24,12610.0,086390
2023-03-27,12650.0,086390
2023-03-28,12960.0,086390
2023-03-29,13560.0,086390
2023-03-30,13930.0,086390
2023-03-31,14080.0,086390
2023-04-03,13370.0,086390
2023-04-04,13370.0,086390
2023-04-05,13280.0,086390
2023-04-06,12970.0,086390
2023-04-07,13790.0,086390
2023-04-10,13300.0,086390
2023-04-11,13930.0,086390
2023-04-12,13510.0,086390
2023-04-13,13520.0,086390
2023-04-14,13430.0,086390
2023-04-17,13350.0,086390
2023-04-18,12930.0,086390
2023-04-19,12940.0,086390
2023-04-20,12600.0,086390
2023-04-21,12600.0,086390
2023-04-24,12290.0,086390
2023-04-25,12190.0,086390
2023-04-26,12180.0,086390
2023-04-27,12210.0,086390
2023-04-28,12140.0,086390
2023-05-02,12820.0,086390
2023-05-03,13520.0,086390
2023-05-04,13040.0,086390
2023-05-08,13300.0,086390
2023-05-09,13060.0,086390
2023-05-10,13370.0,086390
2023-05-11,13030.0,086390
2023-05-12,13050.0,086390
2023-05-15,12770.0,086390
2023-05-16,13020.0,086390
2023-05-17,13220.0,086390
2023-05-18,13640.0,086390
2023-05-19,14550.0,086390
2023-05-22,14570.0,086390
2023-05-23,14300.0,086390
2023-05-24,14230.0,086390
2023-05-25,14240.0,086390
2023-05-26,14280.0,086390
2023-05-30,15130.0,086390
2023-05-31,14640.0,086390
2023-06-01,14590.0,086390
2023-06-02,14360.0,086390
2023-06-05,14460.0,086390
2023-06-07,14500.0,086390
2023-06-08,14430.0,086390
2023-06-09,14730.0,086390
2023-06-12,14520.0,086390
2023-06-13,14780.0,086390
2023-06-14,14230.0,086390
2023-06-15,14690.0,086390
2023-06-16,14810.0,086390
2023-06-19,14990.0,086390
2023-06-20,15610.0,086390
2023-06-21,14650.0,086390
2023-06-22,14340.0,086390
2023-06-23,14600.0,086390
2023-06-26,14830.0,086390
2023-06-27,14690.0,086390
2023-06-28,14810.0,086390
2023-06-29,15040.0,086390
2023-06-30,15000.0,086390
2023-07-03,15110.0,086390
2023-07-04,15260.0,086390
2023-07-05,15090.0,086390
2023-07-06,14270.0,086390
2023-07-07,14170.0,086390
2023-07-10,13750.0,086390
2023-07-11,14300.0,086390
2023-07-12,14520.0,086390
2023-07-13,14580.0,086390
2023-07-14,14500.0,086390
2023-07-17,14580.0,086390
2023-07-18,14710.0,086390
2023-07-19,14510.0,086390
2023-07-20,14820.0,086390
2023-07-21,13920.0,086390
2023-07-24,13810.0,086390
2023-07-25,13500.0,086390
2023-07-26,13040.0,086390
2023-07-27,13450.0,086390
2023-07-28,13890.0,086390
2023-07-31,13920.0,086390
2023-08-01,13980.0,086390
2023-08-02,14990.0,086390
2023-08-03,13980.0,086390
2023-08-04,13380.0,086390
2023-08-07,13470.0,086390
2023-08-08,13140.0,086390
2023-08-09,13700.0,086390
2023-08-10,13700.0,086390
2023-08-11,13510.0,086390
2023-08-14,13500.0,086390
2023-08-16,14330.0,086390
2023-08-17,14060.0,086390
2023-08-18,13710.0,086390
2023-08-21,13970.0,086390
2023-08-22,13930.0,086390
2023-08-23,13950.0,086390
2023-08-24,13880.0,086390
2023-08-25,13370.0,086390
2023-08-28,13330.0,086390
2023-08-29,13490.0,086390
2023-08-30,13730.0,086390
2023-08-31,13900.0,086390
2023-09-01,14250.0,086390
2023-09-04,14240.0,086390
2023-09-05,14200.0,086390
2023-09-06,13910.0,086390
2023-09-07,13970.0,086390
2023-09-08,14030.0,086390
2023-09-11,13550.0,086390
2023-09-12,13540.0,086390
2023-09-13,13450.0,086390
2023-09-14,13900.0,086390
2023-09-15,13430.0,086390
2023-09-18,12990.0,086390
2023-09-19,12730.0,086390
2023-09-20,12800.0,086390
2023-09-21,12340.0,086390
2023-09-22,12100.0,086390
2023-09-25,12120.0,086390
2023-09-26,11980.0,086390
2023-09-27,11960.0,086390
2023-10-04,11500.0,086390
2023-10-05,11440.0,086390
2023-10-06,11640.0,086390
2023-10-10,11300.0,086390
2023-10-11,11660.0,086390
2023-10-12,11830.0,086390
2023-10-13,11790.0,086390
2023-10-16,11700.0,086390
2023-10-17,11900.0,086390
2023-10-18,12060.0,086390
2023-10-19,11420.0,086390
2023-10-20,11290.0,086390
2023-10-23,11350.0,086390
2023-10-24,11650.0,086390
2023-10-25,11580.0,086390
2023-10-26,11290.0,086390
2023-10-27,11210.0,086390
2023-10-30,11210.0,086390
2023-10-31,10930.0,086390
2023-11-01,10780.0,086390
2023-11-02,11320.0,086390
2023-11-03,11450.0,086390
2023-11-06,12000.0,086390
2023-11-07,11650.0,086390
2023-11-08,11670.0,086390
2023-11-09,11630.0,086390
2023-11-10,11530.0,086390
2023-11-13,11240.0,086390
2023-11-14,11400.0,086390
2023-11-15,12040.0,086390
2023-11-16,12440.0,086390
2023-11-17,12200.0,086390
2023-11-20,12200.0,086390
2023-11-21,12270.0,086390
2023-11-22,12370.0,086390
2023-11-23,12290.0,086390
2023-11-24,12290.0,086390
2023-11-27,12320.0,086390
2023-11-28,12380.0,086390
2023-11-29,12260.0,086390
2023-11-30,12430.0,086390
2023-12-01,12430.0,086390
2023-12-04,11920.0,086390
2023-12-05,11560.0,086390
2023-12-06,11610.0,086390
2023-12-07,11520.0,086390
2023-12-08,11850.0,086390
2023-12-11,12030.0,086390
2023-12-12,12200.0,086390
2023-12-13,12550.0,086390
2023-12-14,12730.0,086390
2023-12-15,12370.0,086390
2023-12-18,12510.0,086390
2023-12-19,12690.0,086390
2023-12-20,12830.0,086390
2023-12-21,12970.0,086390
2023-12-22,13060.0,086390
2023-12-26,13170.0,086390
2023-12-27,13350.0,086390
2023-12-28,13390.0,086390
2024-01-02,13670.0,086390
2024-01-03,13710.0,086390
2024-01-04,13670.0,086390
2024-01-05,14390.0,086390
2024-01-08,14070.0,086390
2024-01-09,14310.0,086390
2024-01-10,14150.0,086390
2024-01-11,14130.0,086390
2024-01-12,13900.0,086390
2024-01-15,14140.0,086390
2024-01-16,13620.0,086390
2024-01-17,13350.0,086390
2024-01-18,13790.0,086390
2024-01-19,14060.0,086390
2024-01-22,14100.0,086390
2024-01-23,14270.0,086390
2024-01-24,14840.0,086390
2024-01-25,15200.0,086390
2024-01-26,14700.0,086390
2024-01-29,14450.0,086390
2024-01-30,14250.0,086390
2024-01-31,13710.0,086390
2024-02-01,13440.0,086390
2024-02-02,13780.0,086390
2024-02-05,13430.0,086390
2024-02-06,13510.0,086390
2024-02-07,13390.0,086390
2024-02-08,13550.0,086390
2024-02-13,13620.0,086390
2024-02-14,13840.0,086390
2024-02-15,13830.0,086390
2024-02-16,13640.0,086390
2024-02-19,13640.0,086390
2024-02-20,13570.0,086390
2024-02-21,13710.0,086390
2024-02-22,14020.0,086390
2024-02-23,13940.0,086390
2024-02-26,13720.0,086390
2024-02-27,13310.0,086390
2024-02-28,13430.0,086390
2024-02-29,13190.0,086390
2024-03-04,13540.0,086390
2024-03-05,13900.0,086390
2024-03-06,14050.0,086390
2024-03-07,14130.0,086390
2024-03-08,15420.0,086390
2024-03-11,15730.0,086390
2024-03-12,17650.0,086390
2024-03-13,17280.0,086390
2024-03-14,17860.0,086390
2024-03-15,17070.0,086390
2024-03-18,16500.0,086390
2024-03-19,16250.0,086390
2024-03-20,16530.0,086390
2024-03-21,16150.0,086390
2024-03-22,15920.0,086390
2024-03-25,15780.0,086390
2024-03-26,16300.0,086390
2024-03-27,16000.0,086390
2024-03-28,16240.0,086390
2024-03-29,16660.0,086390
2024-04-01,16150.0,086390
2024-04-02,16200.0,086390
2024-04-03,15050.0,086390
2024-04-04,15460.0,086390
2024-04-05,15090.0,086390
2024-04-08,15250.0,086390
2024-04-09,15140.0,086390
2024-04-11,15170.0,086390
2024-04-12,15070.0,086390
2024-04-15,15220.0,086390
2024-04-16,14820.0,086390
2024-04-17,15530.0,086390
2024-04-18,16500.0,086390
2024-04-19,15520.0,086390
2024-04-22,14670.0,086390
2024-04-23,13900.0,086390
2024-04-24,14240.0,086390
2024-04-25,14220.0,086390
2024-04-26,14300.0,086390
2024-04-29,14430.0,086390
2024-04-30,14510.0,086390
2024-05-02,14350.0,086390
2024-05-03,14350.0,086390
2024-05-07,14470.0,086390
2024-05-08,14330.0,086390
2024-05-09,13950.0,086390
2024-05-10,13530.0,086390
2024-05-13,13370.0,086390
2024-05-14,13550.0,086390
2024-05-16,14270.0,086390
2024-05-17,14280.0,086390
2024-05-20,14070.0,086390
2024-05-21,16970.0,086390
2024-05-22,17080.0,086390
2024-05-23,17610.0,086390
2024-05-24,16700.0,086390
2024-05-27,18730.0,086390
2024-05-28,18240.0,086390
2024-05-29,17400.0,086390
2024-05-30,16460.0,086390
2024-05-31,15910.0,086390
2024-06-03,15650.0,086390
2024-06-04,15050.0,086390
2024-06-05,14750.0,086390
2024-06-07,14950.0,086390
2024-06-10,14980.0,086390
2024-06-11,14800.0,086390
2024-06-12,14710.0,086390
2024-06-13,14610.0,086390
2024-06-14,14140.0,086390
2024-06-17,14340.0,086390
2024-06-18,14520.0,086390
2024-06-19,14400.0,086390
2024-06-20,14200.0,086390
2024-06-21,14160.0,086390
2024-06-24,13900.0,086390
2024-06-25,13840.0,086390
2024-06-26,14380.0,086390
2024-06-27,14320.0,086390
2024-06-28,14600.0,086390
2024-07-01,14470.0,086390
2024-07-02,14180.0,086390
2024-07-03,14080.0,086390
2024-07-04,14240.0,086390
2024-07-05,14000.0,086390
2024-07-08,14130.0,086390
2024-07-09,14040.0,086390
2024-07-10,13880.0,086390
2024-07-11,13670.0,086390
2024-07-12,13750.0,086390
2024-07-15,13740.0,086390
2024-07-16,13700.0,086390
2024-07-17,13070.0,086390
2024-07-18,13020.0,086390
2024-07-19,12700.0,086390
2024-07-22,12570.0,086390
2024-07-23,12500.0,086390
2024-07-24,12400.0,086390
2024-07-25,12120.0,086390
2024-07-26,11960.0,086390
2024-07-29,12050.0,086390
2024-07-30,11780.0,086390
2024-07-31,12090.0,086390
2024-08-01,12010.0,086390
2024-08-02,11450.0,086390
2024-08-05,9400.0,086390
2024-08-06,9600.0,086390
2024-08-07,9710.0,086390
2024-08-08,9930.0,086390
2024-08-09,10210.0,086390
2024-08-12,10440.0,086390
2024-08-13,10410.0,086390
2024-08-14,10670.0,086390
2024-08-16,10780.0,086390
2024-08-19,10540.0,086390
2024-08-20,10800.0,086390
2024-08-21,10680.0,086390
2024-08-22,10540.0,086390
2024-08-23,10410.0,086390
2024-08-26,10150.0,086390
2024-08-27,10170.0,086390
2024-08-28,10240.0,086390
2024-08-29,10150.0,086390
2024-08-30,10250.0,086390
2024-09-02,10020.0,086390
2024-09-03,9720.0,086390
2024-09-04,9230.0,086390
2024-09-05,9150.0,086390
2024-09-06,8800.0,086390
2024-09-09,8650.0,086390
2024-09-10,8480.0,086390
2024-09-11,8380.0,086390
2024-09-12,8850.0,086390
2024-09-13,8780.0,086390
2024-09-19,8650.0,086390
2024-09-20,8420.0,086390
2024-09-23,9020.0,086390
2024-09-24,9220.0,086390
2024-09-25,9250.0,086390
2024-09-26,9600.0,086390
2024-09-27,9590.0,086390
2024-09-30,9360.0,086390
2024-10-02,9660.0,086390
2024-10-04,9600.0,086390
2024-10-07,9740.0,086390
2024-10-08,9570.0,086390
2024-10-10,9350.0,086390
2024-10-11,9700.0,086390
2024-10-14,9720.0,086390
2024-10-15,9720.0,086390
2024-10-16,9520.0,086390
2024-10-17,9430.0,086390
2024-10-18,9150.0,086390
2024-10-21,9130.0,086390
2024-10-22,9450.0,086390
2024-10-23,10110.0,086390
2024-10-24,10000.0,086390
2024-10-25,10160.0,086390
2024-10-28,9840.0,086390
2024-10-29,10150.0,086390
2024-10-30,9880.0,086390
2024-10-31,10280.0,086390
2024-11-01,10280.0,086390
2024-11-04,10520.0,086390
2024-11-05,10780.0,086390
2024-11-06,10410.0,086390
2024-11-07,10710.0,086390
2024-11-08,10900.0,086390
2024-11-11,10670.0,086390
2024-11-12,9940.0,086390
2024-11-13,9840.0,086390
2024-11-14,9710.0,086390
2024-11-15,9920.0,086390
2024-11-18,9740.0,086390
2024-11-19,9750.0,086390
2024-11-20,9570.0,086390
2024-11-21,9430.0,086390
2024-11-22,9430.0,086390
2024-11-25,9400.0,086390
2024-11-26,9330.0,086390
2024-11-27,8970.0,086390
2024-11-28,9070.0,086390
2024-11-29,8830.0,086390
2024-12-02,8340.0,086390
2024-12-03,8760.0,086390
2024-12-04,8420.0,086390
2024-12-05,8270.0,086390
2024-12-06,8050.0,086390
2024-12-09,7470.0,086390
2024-12-10,7840.0,086390
2024-12-11,8240.0,086390
2024-12-12,8720.0,086390
2024-12-13,8690.0,086390
2024-12-16,9180.0,086390
2024-12-17,9140.0,086390
2024-12-18,9110.0,086390
2024-12-19,8860.0,086390
2024-12-20,8790.0,086390
2024-12-23,8900.0,086390
2024-12-24,9160.0,086390
2024-12-26,8890.0,086390
2024-12-27,8720.0,086390
2024-12-30,8790.0,086390
2025-01-02,9100.0,086390
2025-01-03,9320.0,086390
2025-01-06,10600.0,086390
2025-01-07,11260.0,086390
2025-01-08,12110.0,086390
2025-01-09,13200.0,086390
2025-01-10,12930.0,086390
2025-01-13,12950.0,086390
2025-01-14,13290.0,086390
2025-01-15,12900.0,086390
2025-01-16,13640.0,086390
2025-01-17,14540.0,086390
2025-01-20,14190.0,086390
2025-01-21,14700.0,086390
2025-01-22,14780.0,086390
2025-01-23,14520.0,086390
2025-01-24,14500.0,086390
2025-01-31,13490.0,086390
2025-02-03,13300.0,086390
2025-02-04,13510.0,086390
2025-02-05,13600.0,086390
2025-02-06,13870.0,086390
2025-02-07,13460.0,086390
2025-02-10,13160.0,086390
2025-02-11,13500.0,086390
2025-02-12,13460.0,086390
2025-02-13,13410.0,086390
2025-02-14,13230.0,086390
2025-02-17,13770.0,086390
2025-02-18,13500.0,086390
2025-02-19,13420.0,086390
2025-02-20,12850.0,086390
2025-02-21,13320.0,086390
2025-02-24,13000.0,086390
2025-02-25,12470.0,086390
2025-02-26,12630.0,086390
2025-02-27,12520.0,086390
2025-02-28,11770.0,086390
2025-03-04,11410.0,086390
2025-03-05,11700.0,086390
2025-03-06,11330.0,086390
2025-03-07,11350.0,086390
2025-03-10,11180.0,086390
2025-03-11,11160.0,086390
2025-03-12,11480.0,086390
2025-03-13,11450.0,086390
2025-03-14,11710.0,086390
2025-03-17,12030.0,086390
2025-03-18,12000.0,086390
2025-03-19,12170.0,086390
2025-03-20,11910.0,086390
2025-03-21,11800.0,086390
2025-03-24,11440.0,086390
2025-03-25,11510.0,086390
2025-03-26,12380.0,086390
2025-03-27,11990.0,086390
2025-03-28,11310.0,086390
2025-03-31,11100.0,086390
2025-04-01,11110.0,086390
2025-04-02,11020.0,086390
2025-04-03,10480.0,086390
2025-04-04,10060.0,086390
2025-04-07,9110.0,086390
2025-04-08,8800.0,086390
2025-04-09,8670.0,086390
2025-04-10,9140.0,086390
2025-04-11,9010.0,086390
2025-04-14,9150.0,086390
2025-04-15,9450.0,086390
2025-04-16,8990.0,086390
2025-04-17,9290.0,086390
2025-04-18,9270.0,086390
2025-04-21,9340.0,086390
2025-04-22,9440.0,086390
2025-04-23,10180.0,086390
2025-04-24,9860.0,086390
2025-04-25,10400.0,086390
2025-04-28,10220.0,086390
2025-04-29,10140.0,086390
2025-04-30,9880.0,086390
2025-05-02,10000.0,086390
2025-05-07,10050.0,086390
2025-05-08,10380.0,086390
2025-05-09,10130.0,086390
2025-05-12,10520.0,086390
2025-05-13,10340.0,086390
2025-05-14,10660.0,086390
2025-05-15,10360.0,086390
2025-05-16,10690.0,086390
2025-05-19,10270.0,086390
2025-05-20,10190.0,086390
2025-05-21,10160.0,086390
2025-05-22,9950.0,086390
2025-05-23,9970.0,086390
2025-05-26,12000.0,086390
2025-05-27,11410.0,086390
2025-05-28,11370.0,086390
2025-05-29,10900.0,086390
2025-05-30,10560.0,086390
2025-06-02,10450.0,086390
2025-06-04,10790.0,086390
2025-06-05,12030.0,086390
2025-06-09,11600.0,086390
2025-06-10,11310.0,086390
2025-06-11,11600.0,086390
2025-06-12,11450.0,086390
2025-06-13,11200.0,086390
2025-06-16,11130.0,086390
2025-06-17,11340.0,086390
2025-06-18,11300.0,086390
2025-06-19,11200.0,086390
2025-06-20,11200.0,086390
2025-06-23,10760.0,086390
2025-06-24,11260.0,086390
2025-06-25,11520.0,086390
2025-06-26,11400.0,086390
2025-06-27,11180.0,086390
2025-06-30,11000.0,086390
2025-07-01,11020.0,086390
2025-07-02,10900.0,086390
2025-07-03,11400.0,086390
2025-07-04,11090.0,086390
2025-07-07,10950.0,086390
2025-07-08,10830.0,086390
2025-07-09,10750.0,086390
2025-07-10,11190.0,086390
2025-07-11,11650.0,086390
2025-07-14,11520.0,086390
2025-07-15,11690.0,086390
2025-07-16,13090.0,086390
2025-07-17,12590.0,086390
2025-07-18,12000.0,086390
2025-07-21,11790.0,086390
2025-07-22,12400.0,086390
2025-07-23,13300.0,086390
2025-07-24,13080.0,086390
2025-07-25,12910.0,086390
2025-07-28,12700.0,086390
2025-07-29,12780.0,086390
2025-07-30,12880.0,086390
2025-07-31,12470.0,086390
2025-08-01,12010.0,086390
2025-08-04,11950.0,086390
2025-08-05,12090.0,086390
2025-08-06,12260.0,086390
2025-08-07,12340.0,086390
2025-08-08,12750.0,086390
2025-08-11,12640.0,086390
2025-08-12,12670.0,086390
2025-08-13,12860.0,086390
2025-08-14,12800.0,086390
2025-08-18,12650.0,086390
2025-08-19,12340.0,086390
2025-08-20,11990.0,086390
2025-08-21,11900.0,086390
2025-08-22,12320.0,086390
2025-08-25,12410.0,086390
2025-08-26,12570.0,086390
2025-08-27,12670.0,086390
2025-08-28,12930.0,086390
2025-08-29,12970.0,086390
2025-09-01,12760.0,086390
2025-09-02,13890.0,086390
2025-09-03,15380.0,086390
2025-09-04,16650.0,086390
2025-09-05,16750.0,086390
2025-09-08,18600.0,086390
2025-09-09,19430.0,086390
2025-09-10,19270.0,086390
2025-09-11,19230.0,086390
2025-09-12,19270.0,086390
2025-09-15,20700.0,086390
2025-09-16,20450.0,086390
2025-09-17,20650.0,086390
2025-09-18,21100.0,086390
2025-09-19,20900.0,086390
2025-09-22,20900.0,086390
2025-09-23,20400.0,086390
2025-09-24,20850.0,086390
2025-09-25,20550.0,086390
2025-09-26,20350.0,086390
2025-09-29,20700.0,086390
2025-09-30,21450.0,086390
2025-10-01,18320.0,086390
2025-10-02,18250.0,086390
2025-10-10,18470.0,086390
2025-10-13,19040.0,086390
2025-10-14,17770.0,086390
2025-10-15,18180.0,086390
2025-10-16,17820.0,086390
2025-10-17,17800.0,086390
2025-10-20,17410.0,086390
2025-10-21,17210.0,086390
2025-10-22,17090.0,086390
2025-10-23,17590.0,086390
2025-10-24,17700.0,086390
2025-10-27,17910.0,086390
2025-10-28,18300.0,086390
2025-10-29,20750.0,086390
2025-10-30,20400.0,086390
2025-10-31,20300.0,086390
2025-11-03,18680.0,086390
2025-11-04,18470.0,086390
2025-11-05,17020.0,086390
2025-11-06,17460.0,086390
2025-11-07,16620.0,086390
2025-11-10,16500.0,086390
2025-11-11,17290.0,086390
2025-11-12,16730.0,086390
2025-11-13,15090.0,086390
2025-11-14,14750.0,086390
2025-11-17,14780.0,086390
2025-11-18,14230.0,086390
2025-11-19,13730.0,086390
2025-11-20,14140.0,086390
2025-11-21,13250.0,086390
2025-11-24,13550.0,086390
2025-11-25,14500.0,086390
2025-11-26,14520.0,086390
2025-11-27,14800.0,086390
2025-11-28,14890.0,086390
2025-12-01,15020.0,086390
2025-12-02,14860.0,086390
2025-12-03,15080.0,086390
2025-12-04,14360.0,086390
2025-12-05,14750.0,086390
2025-12-08,14650.0,086390
2025-12-09,14660.0,086390
2025-12-10,14440.0,086390
2025-12-11,14250.0,086390
2025-12-12,14550.0,086390
2025-12-15,13980.0,086390
2025-12-16,13580.0,086390
2025-12-17,13970.0,086390
2025-12-18,13710.0,086390
2025-12-19,13650.0,086390
2025-12-22,14150.0,086390
2025-12-23,14120.0,086390
2025-12-24,13600.0,086390
2025-12-26,13630.0,086390
2025-12-29,13730.0,086390
2025-12-30,13580.0,086390
2026-01-02,14240.0,086390
2026-01-05,14600.0,086390
2026-01-06,13850.0,086390
2026-01-07,12620.0,086390
2026-01-08,12220.0,086390
2026-01-09,12080.0,086390
2026-01-12,12330.0,086390
2026-01-13,12120.0,086390
2026-01-14,12200.0,086390
2026-01-15,11990.0,086390
2026-01-16,11850.0,086390
2026-01-19,11800.0,086390
2026-01-20,11840.0,086390
2026-01-21,11400.0,086390
2026-01-22,11900.0,086390
2026-01-23,12290.0,086390
2026-01-26,13030.0,086390
2026-01-27,13870.0,086390
2026-01-28,14350.0,086390
2026-01-29,14280.0,086390
2026-01-30,14410.0,086390
2026-02-02,13550.0,086390
2026-02-03,14260.0,086390
2026-02-04,18400.0,086390
2026-02-05,16320.0,086390
2026-02-06,17440.0,086390
2026-02-09,21400.0,086390
2026-02-10,20700.0,086390
2026-02-11,20050.0,086390
2026-02-12,20100.0,086390
2026-02-13,20300.0,086390
2026-02-19,22700.0,086390
2026-02-20,21250.0,086390
2026-02-23,18990.0,086390
2026-02-24,19660.0,086390
2026-02-25,19110.0,086390
2026-02-26,19650.0,086390
2026-02-27,19590.0,086390
2026-03-03,18140.0,086390
2026-03-04,15300.0,086390
2026-03-05,19600.0,086390
2026-03-06,20700.0,086390
2026-03-09,18660.0,086390
2026-03-10,19600.0,086390
2026-03-11,19960.0,086390
2026-03-12,20100.0,086390
2026-03-13,19500.0,086390
2026-03-16,19200.0,086390
2026-03-17,18900.0,086390
2026-03-18,19270.0,086390
2026-03-19,18320.0,086390
2026-03-20,19700.0,086390
2026-03-23,17780.0,086390
2026-03-24,17900.0,086390
2026-03-25,19140.0,086390
2026-03-26,17730.0,086390
2026-03-27,17190.0,086390
2026-03-30,16270.0,086390
2026-03-31,15770.0,086390
2026-04-01,16640.0,086390
2026-04-02,15320.0,086390
2026-04-03,16100.0,086390
2026-04-06,15680.0,086390
2026-04-07,15270.0,086390
2026-04-08,16310.0,086390
2026-04-09,15790.0,086390
2026-04-10,16130.0,086390
2026-04-13,15920.0,086390
2026-04-14,16590.0,086390
2026-04-15,17770.0,086390
2026-04-16,18300.0,086390
2026-04-17,18270.0,086390
2026-04-20,18410.0,086390
2026-04-21,19350.0,086390
2026-04-22,18860.0,086390
2026-04-23,18640.0,086390
2026-04-24,19470.0,086390
2026-04-27,19400.0,086390
2026-04-28,18980.0,086390
2026-04-29,18600.0,086390
2026-04-30,18360.0,086390
2026-05-04,19400.0,086390
2026-05-06,19160.0,086390
2026-05-07,18620.0,086390
2026-05-08,18430.0,086390
2026-05-11,18260.0,086390
2026-05-12,18660.0,086390
2026-05-13,18220.0,086390
2026-05-14,21050.0,086390
2026-05-15,17990.0,086390
2026-05-18,17180.0,086390
2026-05-19,16030.0,086390
2026-05-20,15570.0,086390
2026-05-21,16560.0,086390
2026-05-22,18130.0,086390
2026-05-26,18860.0,086390
2026-05-27,17800.0,086390
2026-05-28,16530.0,086390
2026-05-29,15350.0,086390
2026-06-01,14690.0,086390
2026-06-02,13830.0,086390
2026-06-04,14910.0,086390
2026-06-05,14110.0,086390
2026-06-08,12670.0,086390
2026-06-09,14460.0,086390
2026-06-10,14210.0,086390
2026-06-11,15100.0,086390
2026-06-12,16580.0,086390
2026-06-15,15900.0,086390
2026-06-16,15250.0,086390
2026-06-17,15030.0,086390
2026-06-18,14420.0,086390
2026-06-19,13670.0,086390
2026-06-22,13790.0,086390
2026-06-23,12330.0,086390
2026-06-24,12340.0,086390
2026-06-25,11890.0,086390
2026-06-26,11490.0,086390
2026-06-29,12560.0,086390
2026-06-30,12250.0,086390
2026-07-01,12640.0,086390
2026-07-02,11510.0,086390
2026-07-03,11090.0,086390
2026-07-06,11600.0,086390
2026-07-07,10740.0,086390
2026-07-08,9940.0,086390
2026-07-09,9810.0,086390
2026-07-10,10840.0,086390
2026-07-13,10410.0,086390
2026-07-14,9990.0,086390
2026-07-15,10980.0,086390
2026-07-16,10260.0,086390
2026-07-20,9480.0,086390
2026-07-21,9400.0,086390
2026-07-22,9230.0,086390
2026-07-23,9700.0,086390
2026-07-24,8670.0,086390
2026-07-27,8650.0,086390
2026-07-28,7520.0,086390
2026-07-29,6580.0,086390
2026-07-30,6610.0,086390
2026-07-31,8310.0,086390
2026-08-03,8170.0,086390
2026-08-04,8640.0,086390
2026-08-05,9040.0,086390
2026-08-06,8920.0,086390
2026-08-07,8720.0,086390
2026-08-10,9350.0,086390
2026-08-11,9530.0,086390
2026-08-12,9780.0,086390
2026-08-13,9730.0,086390
2026-08-14,10630.0,086390
2026-08-18,10850.0,086390
2026-08-19,10590.0,086390
2026-08-20,10770.0,086390
2026-08-21,9850.0,086390
2026-08-24,9740.0,086390
2026-08-25,10350.0,086390
2026-08-26,10400.0,086390
2026-08-27,10780.0,086390
2026-08-28,10530.0,086390
2026-08-31,10920.0,086390
2014-06-11,5235.0,086450
2014-06-12,5235.0,086450
2014-06-13,5125.0,086450
2014-06-16,5215.0,086450
2014-06-17,5195.0,086450
2014-06-18,5225.0,086450
2014-06-19,5265.0,086450
2014-06-20,5305.0,086450
2014-06-23,5275.0,086450
2014-06-24,5285.0,086450
2014-06-25,5205.0,086450
2014-06-26,5205.0,086450
2014-06-27,5485.0,086450
2014-06-30,5566.0,086450
2014-07-01,5596.0,086450
2014-07-02,5646.0,086450
2014-07-03,5916.0,086450
2014-07-04,6206.0,086450
2014-07-07,6086.0,086450
2014-07-08,6006.0,086450
2014-07-09,6266.0,086450
2014-07-10,6256.0,086450
2014-07-11,6096.0,086450
2014-07-14,6006.0,086450
2014-07-15,6186.0,086450
2014-07-16,6266.0,086450
2014-07-17,6286.0,086450
2014-07-18,6326.0,086450
2014-07-21,6246.0,086450
2014-07-22,6236.0,086450
2014-07-23,6206.0,086450
2014-07-24,6186.0,086450
2014-07-25,6146.0,086450
2014-07-28,6126.0,086450
2014-07-29,6006.0,086450
2014-07-30,5926.0,086450
2014-07-31,5996.0,086450
2014-08-01,5996.0,086450
2014-08-04,6246.0,086450
2014-08-05,6206.0,086450
2014-08-06,6216.0,086450
2014-08-07,6106.0,086450
2014-08-08,6106.0,086450
2014-08-11,6166.0,086450
2014-08-12,6196.0,086450
2014-08-13,6196.0,086450
2014-08-14,6186.0,086450
2014-08-18,6126.0,086450
2014-08-19,6166.0,086450
2014-08-20,6096.0,086450
2014-08-21,5906.0,086450
2014-08-22,5806.0,086450
2014-08-25,5906.0,086450
2014-08-26,6046.0,086450
2014-08-27,6076.0,086450
2014-08-28,6066.0,086450
2014-08-29,6136.0,086450
2014-09-01,5976.0,086450
2014-09-02,6046.0,086450
2014-09-03,6146.0,086450
2014-09-04,5996.0,086450
2014-09-05,6076.0,086450
2014-09-11,6006.0,086450
2014-09-12,6066.0,086450
2014-09-15,6176.0,086450
2014-09-16,6196.0,086450
2014-09-17,6396.0,086450
2014-09-18,6787.0,086450
2014-09-19,6697.0,086450
2014-09-22,6647.0,086450
2014-09-23,6807.0,086450
2014-09-24,6767.0,086450
2014-09-25,6837.0,086450
2014-09-26,6787.0,086450
2014-09-29,6907.0,086450
2014-09-30,7007.0,086450
2014-10-01,7277.0,086450
2014-10-02,7297.0,086450
2014-10-06,7287.0,086450
2014-10-07,7287.0,086450
2014-10-08,7407.0,086450
2014-10-10,7608.0,086450
2014-10-13,7668.0,086450
2014-10-14,7898.0,086450
2014-10-15,7848.0,086450
2014-10-16,8368.0,086450
2014-10-17,8538.0,086450
2014-10-20,8508.0,086450
2014-10-21,8969.0,086450
2014-10-22,8929.0,086450
2014-10-23,8829.0,086450
2014-10-24,8579.0,086450
2014-10-27,8809.0,086450
2014-10-28,9029.0,086450
2014-10-29,8929.0,086450
2014-10-30,8719.0,086450
2014-10-31,8829.0,086450
2014-11-03,8819.0,086450
2014-11-04,8508.0,086450
2014-11-05,8609.0,086450
2014-11-06,8268.0,086450
2014-11-07,7978.0,086450
2014-11-10,7638.0,086450
2014-11-11,7668.0,086450
2014-11-12,7507.0,086450
2014-11-13,7337.0,086450
2014-11-14,7698.0,086450
2014-11-17,7387.0,086450
2014-11-18,7507.0,086450
2014-11-19,7547.0,086450
2014-11-20,7307.0,086450
2014-11-21,7187.0,086450
2014-11-24,6667.0,086450
2014-11-25,7187.0,086450
2014-11-26,7057.0,086450
2014-11-27,7027.0,086450
2014-11-28,7167.0,086450
2014-12-01,7097.0,086450
2014-12-02,7387.0,086450
2014-12-03,7127.0,086450
2014-12-04,7127.0,086450
2014-12-05,6977.0,086450
2014-12-08,7027.0,086450
2014-12-09,6987.0,086450
2014-12-10,6997.0,086450
2014-12-11,6967.0,086450
2014-12-12,6947.0,086450
2014-12-15,6867.0,086450
2014-12-16,6997.0,086450
2014-12-17,7207.0,086450
2014-12-18,6997.0,086450
2014-12-19,6947.0,086450
2014-12-22,6957.0,086450
2014-12-23,6947.0,086450
2014-12-24,7027.0,086450
2014-12-26,7037.0,086450
2014-12-29,6887.0,086450
2014-12-30,6897.0,086450
2015-01-02,6897.0,086450
2015-01-05,7187.0,086450
2015-01-06,7107.0,086450
2015-01-07,7047.0,086450
2015-01-08,6967.0,086450
2015-01-09,6967.0,086450
2015-01-12,6867.0,086450
2015-01-13,6907.0,086450
2015-01-14,7177.0,086450
2015-01-15,7768.0,086450
2015-01-16,7968.0,086450
2015-01-19,7628.0,086450
2015-01-20,7768.0,086450
2015-01-21,8028.0,086450
2015-01-22,8118.0,086450
2015-01-23,8158.0,086450
2015-01-26,8218.0,086450
2015-01-27,8048.0,086450
2015-01-28,7928.0,086450
2015-01-29,7898.0,086450
2015-01-30,8078.0,086450
2015-02-02,7768.0,086450
2015-02-03,7748.0,086450
2015-02-04,7517.0,086450
2015-02-05,7547.0,086450
2015-02-06,7568.0,086450
2015-02-09,7347.0,086450
2015-02-10,7227.0,086450
2015-02-11,7497.0,086450
2015-02-12,7658.0,086450
2015-02-13,7648.0,086450
2015-02-16,7457.0,086450
2015-02-17,7407.0,086450
2015-02-23,7247.0,086450
2015-02-24,7247.0,086450
2015-02-25,7377.0,086450
2015-02-26,7758.0,086450
2015-02-27,7628.0,086450
2015-03-02,7918.0,086450
2015-03-03,7958.0,086450
2015-03-04,7678.0,086450
2015-03-05,7497.0,086450
2015-03-06,7327.0,086450
2015-03-09,7287.0,086450
2015-03-10,7267.0,086450
2015-03-11,7127.0,086450
2015-03-12,7327.0,086450
2015-03-13,7317.0,086450
2015-03-16,7427.0,086450
2015-03-17,7257.0,086450
2015-03-18,7187.0,086450
2015-03-19,7067.0,086450
2015-03-20,7327.0,086450
2015-03-23,7427.0,086450
2015-03-24,7467.0,086450
2015-03-25,7497.0,086450
2015-03-26,7227.0,086450
2015-03-27,7077.0,086450
2015-03-30,7087.0,086450
2015-03-31,7087.0,086450
2015-04-01,7027.0,086450
2015-04-02,7327.0,086450
2015-04-03,7367.0,086450
2015-04-06,7367.0,086450
2015-04-07,7808.0,086450
2015-04-08,8629.0,086450
2015-04-09,9169.0,086450
2015-04-10,9900.0,086450
2015-04-13,9830.0,086450
2015-04-14,9710.0,086450
2015-04-15,9800.0,086450
2015-04-16,11251.0,086450
2015-04-17,11952.0,086450
2015-04-20,11692.0,086450
2015-04-21,11451.0,086450
2015-04-22,10731.0,086450
2015-04-23,10150.0,086450
2015-04-24,9800.0,086450
2015-04-27,10270.0,086450
2015-04-28,9930.0,086450
2015-04-29,9449.0,086450
2015-04-30,9580.0,086450
2015-05-04,8989.0,086450
2015-05-06,8999.0,086450
2015-05-07,9409.0,086450
2015-05-08,9630.0,086450
2015-05-11,10190.0,086450
2015-05-12,10150.0,086450
2015-05-13,10010.0,086450
2015-05-14,10010.0,086450
2015-05-15,10010.0,086450
2015-05-18,10290.0,086450
2015-05-19,9890.0,086450
2015-05-20,10350.0,086450
2015-05-21,11892.0,086450
2015-05-22,11892.0,086450
2015-05-26,11752.0,086450
2015-05-27,11531.0,086450
2015-05-28,12272.0,086450
2015-05-29,11391.0,086450
2015-06-01,12613.0,086450
2015-06-02,12693.0,086450
2015-06-03,12292.0,086450
2015-06-04,11932.0,086450
2015-06-05,11812.0,086450
2015-06-08,11732.0,086450
2015-06-09,11912.0,086450
2015-06-10,12072.0,086450
2015-06-11,11531.0,086450
2015-06-12,11551.0,086450
2015-06-15,11211.0,086450
2015-06-16,11211.0,086450
2015-06-17,10891.0,086450
2015-06-18,11171.0,086450
2015-06-19,11391.0,086450
2015-06-22,11391.0,086450
2015-06-23,11071.0,086450
2015-06-24,11291.0,086450
2015-06-25,11531.0,086450
2015-06-26,11652.0,086450
2015-06-29,11812.0,086450
2015-06-30,11571.0,086450
2015-07-01,12052.0,086450
2015-07-02,13013.0,086450
2015-07-03,12833.0,086450
2015-07-06,12492.0,086450
2015-07-07,11812.0,086450
2015-07-08,11632.0,086450
2015-07-09,11211.0,086450
2015-07-10,11772.0,086450
2015-07-13,11952.0,086450
2015-07-14,12252.0,086450
2015-07-15,13874.0,086450
2015-07-16,13854.0,086450
2015-07-17,13253.0,086450
2015-07-20,14374.0,086450
2015-07-21,14154.0,086450
2015-07-22,13914.0,086450
2015-07-23,13714.0,086450
2015-07-24,14514.0,086450
2015-07-27,13093.0,086450
2015-07-28,12733.0,086450
2015-07-29,12412.0,086450
2015-07-30,11612.0,086450
2015-07-31,12352.0,086450
2015-08-03,11471.0,086450
2015-08-04,11511.0,086450
2015-08-05,11932.0,086450
2015-08-06,12212.0,086450
2015-08-07,12252.0,086450
2015-08-10,12072.0,086450
2015-08-11,11491.0,086450
2015-08-12,10911.0,086450
2015-08-13,11111.0,086450
2015-08-17,10510.0,086450
2015-08-18,9680.0,086450
2015-08-19,9610.0,086450
2015-08-20,9429.0,086450
2015-08-21,9660.0,086450
2015-08-24,9309.0,086450
2015-08-25,9800.0,086450
2015-08-26,9930.0,086450
2015-08-27,9850.0,086450
2015-08-28,9850.0,086450
2015-08-31,9810.0,086450
2015-09-01,9429.0,086450
2015-09-02,9299.0,086450
2015-09-03,9209.0,086450
2015-09-04,8849.0,086450
2015-09-07,8689.0,086450
2015-09-08,8488.0,086450
2015-09-09,9189.0,086450
2015-09-10,9479.0,086450
2015-09-11,9409.0,086450
2015-09-14,9549.0,086450
2015-09-15,9730.0,086450
2015-09-16,9790.0,086450
2015-09-17,9529.0,086450
2015-09-18,9960.0,086450
2015-09-21,9960.0,086450
2015-09-22,9810.0,086450
2015-09-23,9399.0,086450
2015-09-24,9600.0,086450
2015-09-25,9509.0,086450
2015-09-30,9129.0,086450
2015-10-01,9319.0,086450
2015-10-02,9309.0,086450
2015-10-05,9469.0,086450
2015-10-06,9509.0,086450
2015-10-07,9109.0,086450
2015-10-08,8619.0,086450
2015-10-12,8378.0,086450
2015-10-13,8038.0,086450
2015-10-14,8078.0,086450
2015-10-15,8929.0,086450
2015-10-16,9269.0,086450
2015-10-19,9139.0,086450
2015-10-20,9329.0,086450
2015-10-21,9690.0,086450
2015-10-22,9690.0,086450
2015-10-23,9980.0,086450
2015-10-26,10470.0,086450
2015-10-27,10450.0,086450
2015-10-28,10210.0,086450
2015-10-29,9950.0,086450
2015-10-30,9870.0,086450
2015-11-02,9680.0,086450
2015-11-03,9680.0,086450
2015-11-04,10310.0,086450
2015-11-05,10851.0,086450
2015-11-06,10771.0,086450
2015-11-09,10090.0,086450
2015-11-10,9630.0,086450
2015-11-11,9780.0,086450
2015-11-12,9620.0,086450
2015-11-13,9680.0,086450
2015-11-16,9780.0,086450
2015-11-17,10290.0,086450
2015-11-18,10090.0,086450
2015-11-19,9990.0,086450
2015-11-20,10090.0,086450
2015-11-23,9850.0,086450
2015-11-24,10090.0,086450
2015-11-25,10130.0,086450
2015-11-26,10130.0,086450
2015-11-27,9990.0,086450
2015-11-30,9690.0,086450
2015-12-01,9670.0,086450
2015-12-02,9750.0,086450
2015-12-03,9810.0,086450
2015-12-04,9810.0,086450
2015-12-07,9890.0,086450
2015-12-08,9610.0,086450
2015-12-09,10010.0,086450
2015-12-10,10030.0,086450
2015-12-11,10010.0,086450
2015-12-14,10050.0,086450
2015-12-15,10290.0,086450
2015-12-16,10430.0,086450
2015-12-17,10671.0,086450
2015-12-18,11371.0,086450
2015-12-21,11612.0,086450
2015-12-22,11431.0,086450
2015-12-23,11311.0,086450
2015-12-24,10991.0,086450
2015-12-28,11411.0,086450
2015-12-29,11451.0,086450
2015-12-30,11732.0,086450
2016-01-04,11391.0,086450
2016-01-05,11912.0,086450
2016-01-06,12072.0,086450
2016-01-07,11571.0,086450
2016-01-08,11872.0,086450
2016-01-11,11812.0,086450
2016-01-12,11491.0,086450
2016-01-13,11892.0,086450
2016-01-14,11892.0,086450
2016-01-15,11652.0,086450
2016-01-18,11892.0,086450
2016-01-19,12312.0,086450
2016-01-20,12192.0,086450
2016-01-21,12512.0,086450
2016-01-22,12813.0,086450
2016-01-25,12913.0,086450
2016-01-26,13013.0,086450
2016-01-27,12753.0,086450
2016-01-28,12913.0,086450
2016-01-29,12953.0,086450
2016-02-01,13093.0,086450
2016-02-02,12713.0,086450
2016-02-03,12572.0,086450
2016-02-04,12933.0,086450
2016-02-05,12833.0,086450
2016-02-11,12112.0,086450
2016-02-12,11111.0,086450
2016-02-15,11211.0,086450
2016-02-16,11291.0,086450
2016-02-17,10751.0,086450
2016-02-18,10991.0,086450
2016-02-19,11612.0,086450
2016-02-22,11612.0,086450
2016-02-23,11011.0,086450
2016-02-24,10891.0,086450
2016-02-25,11211.0,086450
2016-02-26,11451.0,086450
2016-02-29,11351.0,086450
2016-03-02,11591.0,086450
2016-03-03,11932.0,086450
2016-03-04,12132.0,086450
2016-03-07,11912.0,086450
2016-03-08,11551.0,086450
2016-03-09,11551.0,086450
2016-03-10,11672.0,086450
2016-03-11,11832.0,086450
2016-03-14,11471.0,086450
2016-03-15,11732.0,086450
2016-03-16,11992.0,086450
2016-03-17,12052.0,086450
2016-03-18,12733.0,086450
2016-03-21,12913.0,086450
2016-03-22,13714.0,086450
2016-03-23,13433.0,086450
2016-03-24,13393.0,086450
2016-03-25,13794.0,086450
2016-03-28,13373.0,086450
2016-03-29,13453.0,086450
2016-03-30,13533.0,086450
2016-03-31,13213.0,086450
2016-04-01,13413.0,086450
2016-04-04,13593.0,086450
2016-04-05,13874.0,086450
2016-04-06,13614.0,086450
2016-04-07,13974.0,086450
2016-04-08,14114.0,086450
2016-04-11,13694.0,086450
2016-04-12,14014.0,086450
2016-04-14,13193.0,086450
2016-04-15,13393.0,086450
2016-04-18,13293.0,086450
2016-04-19,13413.0,086450
2016-04-20,13393.0,086450
2016-04-21,13353.0,086450
2016-04-22,12973.0,086450
2016-04-25,12993.0,086450
2016-04-26,13333.0,086450
2016-04-27,13033.0,086450
2016-04-28,12893.0,086450
2016-04-29,12873.0,086450
2016-05-02,12212.0,086450
2016-05-03,12512.0,086450
2016-05-04,12512.0,086450
2016-05-09,12953.0,086450
2016-05-10,13113.0,086450
2016-05-11,13093.0,086450
2016-05-12,13133.0,086450
2016-05-13,13874.0,086450
2016-05-16,14014.0,086450
2016-05-17,14214.0,086450
2016-05-18,14014.0,086450
2016-05-19,13533.0,086450
2016-05-20,14815.0,086450
2016-05-23,14594.0,086450
2016-05-24,14274.0,086450
2016-05-25,14374.0,086450
2016-05-26,14454.0,086450
2016-05-27,14695.0,086450
2016-05-30,14695.0,086450
2016-05-31,15315.0,086450
2016-06-01,14915.0,086450
2016-06-02,14975.0,086450
2016-06-03,15055.0,086450
2016-06-07,14875.0,086450
2016-06-08,14835.0,086450
2016-06-09,15315.0,086450
2016-06-10,14975.0,086450
2016-06-13,14594.0,086450
2016-06-14,14775.0,086450
2016-06-15,14574.0,086450
2016-06-16,14194.0,086450
2016-06-17,14214.0,086450
2016-06-20,14594.0,086450
2016-06-21,14454.0,086450
2016-06-22,14314.0,086450
2016-06-23,14594.0,086450
2016-06-24,13974.0,086450
2016-06-27,13553.0,086450
2016-06-28,13714.0,086450
2016-06-29,14174.0,086450
2016-06-30,14394.0,086450
2016-07-01,14554.0,086450
2016-07-04,14594.0,086450
2016-07-05,14514.0,086450
2016-07-06,14274.0,086450
2016-07-07,14254.0,086450
2016-07-08,14294.0,086450
2016-07-11,13954.0,086450
2016-07-12,14074.0,086450
2016-07-13,13854.0,086450
2016-07-14,13814.0,086450
2016-07-15,13393.0,086450
2016-07-18,13934.0,086450
2016-07-19,13834.0,086450
2016-07-20,13794.0,086450
2016-07-21,13573.0,086450
2016-07-22,13694.0,086450
2016-07-25,13513.0,086450
2016-07-26,13273.0,086450
2016-07-27,13133.0,086450
2016-07-28,13193.0,086450
2016-07-29,13273.0,086450
2016-08-01,13233.0,086450
2016-08-02,12913.0,086450
2016-08-03,12973.0,086450
2016-08-04,12913.0,086450
2016-08-05,12392.0,086450
2016-08-08,11992.0,086450
2016-08-09,12112.0,086450
2016-08-10,12512.0,086450
2016-08-11,12673.0,086450
2016-08-12,12072.0,086450
2016-08-16,12973.0,086450
2016-08-17,12893.0,086450
2016-08-18,13193.0,086450
2016-08-19,13013.0,086450
2016-08-22,12633.0,086450
2016-08-23,12532.0,086450
2016-08-24,12613.0,086450
2016-08-25,12212.0,086450
2016-08-26,12372.0,086450
2016-08-29,12072.0,086450
2016-08-30,12352.0,086450
2016-08-31,12512.0,086450
2016-09-01,12613.0,086450
2016-09-02,12633.0,086450
2016-09-05,12753.0,086450
2016-09-06,12853.0,086450
2016-09-07,12252.0,086450
2016-09-08,11732.0,086450
2016-09-09,11992.0,086450
2016-09-12,11932.0,086450
2016-09-13,12032.0,086450
2016-09-19,12092.0,086450
2016-09-20,12292.0,086450
2016-09-21,12272.0,086450
2016-09-22,12472.0,086450
2016-09-23,12653.0,086450
2016-09-26,12592.0,086450
2016-09-27,12452.0,086450
2016-09-28,12412.0,086450
2016-09-29,12432.0,086450
2016-09-30,11972.0,086450
2016-10-04,11792.0,086450
2016-10-05,11952.0,086450
2016-10-06,11792.0,086450
2016-10-07,11431.0,086450
2016-10-10,11211.0,086450
2016-10-11,11211.0,086450
2016-10-12,11632.0,086450
2016-10-13,11551.0,086450
2016-10-14,11511.0,086450
2016-10-17,11632.0,086450
2016-10-18,11632.0,086450
2016-10-19,11511.0,086450
2016-10-20,11551.0,086450
2016-10-21,11131.0,086450
2016-10-24,11071.0,086450
2016-10-25,10851.0,086450
2016-10-26,10771.0,086450
2016-10-27,11291.0,086450
2016-10-28,11051.0,086450
2016-10-31,10510.0,086450
2016-11-01,10851.0,086450
2016-11-02,10811.0,086450
2016-11-03,11251.0,086450
2016-11-04,11071.0,086450
2016-11-07,11171.0,086450
2016-11-08,10951.0,086450
2016-11-09,10611.0,086450
2016-11-10,11171.0,086450
2016-11-11,11471.0,086450
2016-11-14,11271.0,086450
2016-11-15,10771.0,086450
2016-11-16,10530.0,086450
2016-11-17,10570.0,086450
2016-11-18,10330.0,086450
2016-11-21,9940.0,086450
2016-11-22,9920.0,086450
2016-11-23,9690.0,086450
2016-11-24,9509.0,086450
2016-11-25,9810.0,086450
2016-11-28,9810.0,086450
2016-11-29,10210.0,086450
2016-11-30,10390.0,086450
2016-12-01,10010.0,086450
2016-12-02,9860.0,086450
2016-12-05,9710.0,086450
2016-12-06,10010.0,086450
2016-12-07,9920.0,086450
2016-12-08,10090.0,086450
2016-12-09,10370.0,086450
2016-12-12,10651.0,086450
2016-12-13,10891.0,086450
2016-12-14,10891.0,086450
2016-12-15,11291.0,086450
2016-12-16,11591.0,086450
2016-12-19,11491.0,086450
2016-12-20,11271.0,086450
2016-12-21,11191.0,086450
2016-12-22,11071.0,086450
2016-12-23,11431.0,086450
2016-12-26,11391.0,086450
2016-12-27,11411.0,086450
2016-12-28,11491.0,086450
2016-12-29,11491.0,086450
2017-01-02,11211.0,086450
2017-01-03,11431.0,086450
2017-01-04,11612.0,086450
2017-01-05,11672.0,086450
2017-01-06,11632.0,086450
2017-01-09,11391.0,086450
2017-01-10,11111.0,086450
2017-01-11,11091.0,086450
2017-01-12,11051.0,086450
2017-01-13,10851.0,086450
2017-01-16,10651.0,086450
2017-01-17,10671.0,086450
2017-01-18,10751.0,086450
2017-01-19,10450.0,086450
2017-01-20,10530.0,086450
2017-01-23,10310.0,086450
2017-01-24,10330.0,086450
2017-01-25,10891.0,086450
2017-01-26,11111.0,086450
2017-01-31,11191.0,086450
2017-02-01,11191.0,086450
2017-02-02,10871.0,086450
2017-02-03,11932.0,086450
2017-02-06,12152.0,086450
2017-02-07,12112.0,086450
2017-02-08,12152.0,086450
2017-02-09,11792.0,086450
2017-02-10,11912.0,086450
2017-02-13,11692.0,086450
2017-02-14,11912.0,086450
2017-02-15,12352.0,086450
2017-02-16,12132.0,086450
2017-02-17,12172.0,086450
2017-02-20,11972.0,086450
2017-02-21,12172.0,086450
2017-02-22,11912.0,086450
2017-02-23,11812.0,086450
2017-02-24,11732.0,086450
2017-02-27,11912.0,086450
2017-02-28,11652.0,086450
2017-03-02,11792.0,086450
2017-03-03,11531.0,086450
2017-03-06,11812.0,086450
2017-03-07,11792.0,086450
2017-03-08,11451.0,086450
2017-03-09,11311.0,086450
2017-03-10,11491.0,086450
2017-03-13,11772.0,086450
2017-03-14,11612.0,086450
2017-03-15,11612.0,086450
2017-03-16,11531.0,086450
2017-03-17,11491.0,086450
2017-03-20,11531.0,086450
2017-03-21,12132.0,086450
2017-03-22,12132.0,086450
2017-03-23,12172.0,086450
2017-03-24,12592.0,086450
2017-03-27,12933.0,086450
2017-03-28,12773.0,086450
2017-03-29,12833.0,086450
2017-03-30,12953.0,086450
2017-03-31,12893.0,086450
2017-04-03,13573.0,086450
2017-04-04,13473.0,086450
2017-04-05,13253.0,086450
2017-04-06,13213.0,086450
2017-04-07,13073.0,086450
2017-04-10,12733.0,086450
2017-04-11,13213.0,086450
2017-04-12,13413.0,086450
2017-04-13,13734.0,086450
2017-04-14,13493.0,086450
2017-04-17,13433.0,086450
2017-04-18,13814.0,086450
2017-04-19,13614.0,086450
2017-04-20,13894.0,086450
2017-04-21,13573.0,086450
2017-04-24,13533.0,086450
2017-04-25,14054.0,086450
2017-04-26,13854.0,086450
2017-04-27,13814.0,086450
2017-04-28,13573.0,086450
2017-05-02,13253.0,086450
2017-05-04,13553.0,086450
2017-05-08,14254.0,086450
2017-05-10,14154.0,086450
2017-05-11,14434.0,086450
2017-05-12,14234.0,086450
2017-05-15,13353.0,086450
2017-05-16,13373.0,086450
2017-05-17,13533.0,086450
2017-05-18,13293.0,086450
2017-05-19,13333.0,086450
2017-05-22,13233.0,086450
2017-05-23,13353.0,086450
2017-05-24,13413.0,086450
2017-05-25,13413.0,086450
2017-05-26,13313.0,086450
2017-05-29,12993.0,086450
2017-05-30,13173.0,086450
2017-05-31,13674.0,086450
2017-06-01,13573.0,086450
2017-06-02,13794.0,086450
2017-06-05,13854.0,086450
2017-06-07,13614.0,086450
2017-06-08,13573.0,086450
2017-06-09,13553.0,086450
2017-06-12,13513.0,086450
2017-06-13,13413.0,086450
2017-06-14,13373.0,086450
2017-06-15,13213.0,086450
2017-06-16,13073.0,086450
2017-06-19,12853.0,086450
2017-06-20,12793.0,086450
2017-06-21,12793.0,086450
2017-06-22,12773.0,086450
2017-06-23,12813.0,086450
2017-06-26,12733.0,086450
2017-06-27,12873.0,086450
2017-06-28,12592.0,086450
2017-06-29,12733.0,086450
2017-06-30,12653.0,086450
2017-07-03,12312.0,086450
2017-07-04,12592.0,086450
2017-07-05,12532.0,086450
2017-07-06,12392.0,086450
2017-07-07,12432.0,086450
2017-07-10,12112.0,086450
2017-07-11,11872.0,086450
2017-07-12,12172.0,086450
2017-07-13,12192.0,086450
2017-07-14,12112.0,086450
2017-07-17,11952.0,086450
2017-07-18,12232.0,086450
2017-07-19,12072.0,086450
2017-07-20,11812.0,086450
2017-07-21,12012.0,086450
2017-07-24,12292.0,086450
2017-07-25,12512.0,086450
2017-07-26,12552.0,086450
2017-07-27,12452.0,086450
2017-07-28,12372.0,086450
2017-07-31,12052.0,086450
2017-08-01,12152.0,086450
2017-08-02,12292.0,086450
2017-08-03,11892.0,086450
2017-08-04,11972.0,086450
2017-08-07,12012.0,086450
2017-08-08,12172.0,086450
2017-08-09,12012.0,086450
2017-08-10,12072.0,086450
2017-08-11,11932.0,086450
2017-08-14,11972.0,086450
2017-08-16,11652.0,086450
2017-08-17,11772.0,086450
2017-08-18,11712.0,086450
2017-08-21,11652.0,086450
2017-08-22,11431.0,086450
2017-08-23,11511.0,086450
2017-08-24,11451.0,086450
2017-08-25,11431.0,086450
2017-08-28,11712.0,086450
2017-08-29,11672.0,086450
2017-08-30,11712.0,086450
2017-08-31,11852.0,086450
2017-09-01,11832.0,086450
2017-09-04,11571.0,086450
2017-09-05,11411.0,086450
2017-09-06,11612.0,086450
2017-09-07,11652.0,086450
2017-09-08,11571.0,086450
2017-09-11,11672.0,086450
2017-09-12,11652.0,086450
2017-09-13,11732.0,086450
2017-09-14,11712.0,086450
2017-09-15,12032.0,086450
2017-09-18,11952.0,086450
2017-09-19,12192.0,086450
2017-09-20,12152.0,086450
2017-09-21,11892.0,086450
2017-09-22,11772.0,086450
2017-09-25,11732.0,086450
2017-09-26,11772.0,086450
2017-09-27,11491.0,086450
2017-09-28,11491.0,086450
2017-09-29,11612.0,086450
2017-10-10,11491.0,086450
2017-10-11,11692.0,086450
2017-10-12,11732.0,086450
2017-10-13,11712.0,086450
2017-10-16,11812.0,086450
2017-10-17,11772.0,086450
2017-10-18,11652.0,086450
2017-10-19,11852.0,086450
2017-10-20,12072.0,086450
2017-10-23,12172.0,086450
2017-10-24,12152.0,086450
2017-10-25,12312.0,086450
2017-10-26,12152.0,086450
2017-10-27,12312.0,086450
2017-10-30,12512.0,086450
2017-10-31,12412.0,086450
2017-11-01,12472.0,086450
2017-11-02,12412.0,086450
2017-11-03,12312.0,086450
2017-11-06,12432.0,086450
2017-11-07,12913.0,086450
2017-11-08,13233.0,086450
2017-11-09,13473.0,086450
2017-11-10,13393.0,086450
2017-11-13,14014.0,086450
2017-11-14,14394.0,086450
2017-11-15,14074.0,086450
2017-11-16,13533.0,086450
2017-11-17,13373.0,086450
2017-11-20,13333.0,086450
2017-11-21,13313.0,086450
2017-11-22,13013.0,086450
2017-11-23,13293.0,086450
2017-11-24,13113.0,086450
2017-11-27,13614.0,086450
2017-11-28,12713.0,086450
2017-11-29,12532.0,086450
2017-11-30,12372.0,086450
2017-12-01,12793.0,086450
2017-12-04,12753.0,086450
2017-12-05,12713.0,086450
2017-12-06,12452.0,086450
2017-12-07,11832.0,086450
2017-12-08,12092.0,086450
2017-12-11,12512.0,086450
2017-12-12,12452.0,086450
2017-12-13,12492.0,086450
2017-12-14,11852.0,086450
2017-12-15,12012.0,086450
2017-12-18,11972.0,086450
2017-12-19,11932.0,086450
2017-12-20,11812.0,086450
2017-12-21,11832.0,086450
2017-12-22,12492.0,086450
2017-12-26,12572.0,086450
2017-12-27,12552.0,086450
2017-12-28,12693.0,086450
2018-01-02,12613.0,086450
2018-01-03,12272.0,086450
2018-01-04,12072.0,086450
2018-01-05,12172.0,086450
2018-01-08,11952.0,086450
2018-01-09,12172.0,086450
2018-01-10,12432.0,086450
2018-01-11,12953.0,086450
2018-01-12,13333.0,086450
2018-01-15,13573.0,086450
2018-01-16,13533.0,086450
2018-01-17,13714.0,086450
2018-01-18,14114.0,086450
2018-01-19,13573.0,086450
2018-01-22,14014.0,086450
2018-01-23,14114.0,086450
2018-01-24,14094.0,086450
2018-01-25,14114.0,086450
2018-01-26,14374.0,086450
2018-01-29,13854.0,086450
2018-01-30,13674.0,086450
2018-01-31,14094.0,086450
2018-02-01,14975.0,086450
2018-02-02,14494.0,086450
2018-02-05,13714.0,086450
2018-02-06,14234.0,086450
2018-02-07,14114.0,086450
2018-02-08,13914.0,086450
2018-02-09,13293.0,086450
2018-02-12,13513.0,086450
2018-02-13,12853.0,086450
2018-02-14,13093.0,086450
2018-02-19,13513.0,086450
2018-02-20,12973.0,086450
2018-02-21,13113.0,086450
2018-02-22,12913.0,086450
2018-02-23,13293.0,086450
2018-02-26,13553.0,086450
2018-02-27,13854.0,086450
2018-02-28,13533.0,086450
2018-03-02,13513.0,086450
2018-03-05,13073.0,086450
2018-03-06,13233.0,086450
2018-03-07,13273.0,086450
2018-03-08,13313.0,086450
2018-03-09,13694.0,086450
2018-03-12,14014.0,086450
2018-03-13,13734.0,086450
2018-03-14,13493.0,086450
2018-03-15,13493.0,086450
2018-03-16,13473.0,086450
2018-03-19,13233.0,086450
2018-03-20,13694.0,086450
2018-03-21,13854.0,086450
2018-03-22,13593.0,086450
2018-03-23,12973.0,086450
2018-03-26,13614.0,086450
2018-03-27,13634.0,086450
2018-03-28,13774.0,086450
2018-03-29,14094.0,086450
2018-03-30,13974.0,086450
2018-04-02,13714.0,086450
2018-04-03,13874.0,086450
2018-04-04,13954.0,086450
2018-04-05,14174.0,086450
2018-04-06,14314.0,086450
2018-04-09,14374.0,086450
2018-04-10,14174.0,086450
2018-04-11,14394.0,086450
2018-04-12,13994.0,086450
2018-04-13,14294.0,086450
2018-04-16,14855.0,086450
2018-04-17,14635.0,086450
2018-04-18,14414.0,086450
2018-04-19,14274.0,086450
2018-04-20,14554.0,086450
2018-04-23,14374.0,086450
2018-04-24,14354.0,086450
2018-04-25,14314.0,086450
2018-04-26,14314.0,086450
2018-04-27,14354.0,086450
2018-04-30,14054.0,086450
2018-05-02,13894.0,086450
2018-05-03,13373.0,086450
2018-05-04,13413.0,086450
2018-05-08,13053.0,086450
2018-05-09,13533.0,086450
2018-05-10,13393.0,086450
2018-05-11,13634.0,086450
2018-05-14,13273.0,086450
2018-05-15,13273.0,086450
2018-05-16,13273.0,086450
2018-05-17,13193.0,086450
2018-05-18,13193.0,086450
2018-05-21,13053.0,086450
2018-05-23,13053.0,086450
2018-05-24,13153.0,086450
2018-05-25,12853.0,086450
2018-05-28,12693.0,086450
2018-05-29,12592.0,086450
2018-05-30,12552.0,086450
2018-05-31,12733.0,086450
2018-06-01,12592.0,086450
2018-06-04,12272.0,086450
2018-06-05,12352.0,086450
2018-06-07,12613.0,086450
2018-06-08,12512.0,086450
2018-06-11,12532.0,086450
2018-06-12,12813.0,086450
2018-06-14,12813.0,086450
2018-06-15,12853.0,086450
2018-06-18,12572.0,086450
2018-06-19,12412.0,086450
2018-06-20,12973.0,086450
2018-06-21,12733.0,086450
2018-06-22,13393.0,086450
2018-06-25,13513.0,086450
2018-06-26,13353.0,086450
2018-06-27,13193.0,086450
2018-06-28,12993.0,086450
2018-06-29,12873.0,086450
2018-07-02,12993.0,086450
2018-07-03,13293.0,086450
2018-07-04,13053.0,086450
2018-07-05,13113.0,086450
2018-07-06,13453.0,086450
2018-07-09,13353.0,086450
2018-07-10,13233.0,086450
2018-07-11,13093.0,086450
2018-07-12,13133.0,086450
2018-07-13,13313.0,086450
2018-07-16,13173.0,086450
2018-07-17,12993.0,086450
2018-07-18,13113.0,086450
2018-07-19,12913.0,086450
2018-07-20,12993.0,086450
2018-07-23,12773.0,086450
2018-07-24,12813.0,086450
2018-07-25,12673.0,086450
2018-07-26,12913.0,086450
2018-07-27,12713.0,086450
2018-07-30,12753.0,086450
2018-07-31,12572.0,086450
2018-08-01,13113.0,086450
2018-08-02,12933.0,086450
2018-08-03,13233.0,086450
2018-08-06,13013.0,086450
2018-08-07,13133.0,086450
2018-08-08,13073.0,086450
2018-08-09,13193.0,086450
2018-08-10,12933.0,086450
2018-08-13,12693.0,086450
2018-08-14,13173.0,086450
2018-08-16,13153.0,086450
2018-08-17,13173.0,086450
2018-08-20,13033.0,086450
2018-08-21,13273.0,086450
2018-08-22,13313.0,086450
2018-08-23,13153.0,086450
2018-08-24,13373.0,086450
2018-08-27,13634.0,086450
2018-08-28,13794.0,086450
2018-08-29,13734.0,086450
2018-08-30,13794.0,086450
2018-08-31,13874.0,086450
2018-09-03,13674.0,086450
2018-09-04,13674.0,086450
2018-09-05,13333.0,086450
2018-09-06,13193.0,086450
2018-09-07,13313.0,086450
2018-09-10,13533.0,086450
2018-09-11,13493.0,086450
2018-09-12,13513.0,086450
2018-09-13,13674.0,086450
2018-09-14,13614.0,086450
2018-09-17,13293.0,086450
2018-09-18,13393.0,086450
2018-09-19,13353.0,086450
2018-09-20,13133.0,086450
2018-09-21,13073.0,086450
2018-09-27,13153.0,086450
2018-09-28,13133.0,086450
2018-10-01,13093.0,086450
2018-10-02,12933.0,086450
2018-10-04,13013.0,086450
2018-10-05,12993.0,086450
2018-10-08,13093.0,086450
2018-10-10,13093.0,086450
2018-10-11,12813.0,086450
2018-10-12,12813.0,086450
2018-10-15,12332.0,086450
2018-10-16,12492.0,086450
2018-10-17,12312.0,086450
2018-10-18,11972.0,086450
2018-10-19,12352.0,086450
2018-10-22,12372.0,086450
2018-10-23,11992.0,086450
2018-10-24,12452.0,086450
2018-10-25,12172.0,086450
2018-10-26,12072.0,086450
2018-10-29,12232.0,086450
2018-10-30,11972.0,086450
2018-10-31,11111.0,086450
2018-11-01,10891.0,086450
2018-11-02,11411.0,086450
2018-11-05,11471.0,086450
2018-11-06,11431.0,086450
2018-11-07,10510.0,086450
2018-11-08,10631.0,086450
2018-11-09,10430.0,086450
2018-11-12,10270.0,086450
2018-11-13,10290.0,086450
2018-11-14,10651.0,086450
2018-11-15,11752.0,086450
2018-11-16,11872.0,086450
2018-11-19,12032.0,086450
2018-11-20,11732.0,086450
2018-11-21,11992.0,086450
2018-11-22,11912.0,086450
2018-11-23,11992.0,086450
2018-11-26,12673.0,086450
2018-11-27,12432.0,086450
2018-11-28,12552.0,086450
2018-11-29,12292.0,086450
2018-11-30,12312.0,086450
2018-12-03,12592.0,086450
2018-12-04,12512.0,086450
2018-12-05,12352.0,086450
2018-12-06,12272.0,086450
2018-12-07,12112.0,086450
2018-12-10,12032.0,086450
2018-12-11,11992.0,086450
2018-12-12,12212.0,086450
2018-12-13,12132.0,086450
2018-12-14,11952.0,086450
2018-12-17,11712.0,086450
2018-12-18,11371.0,086450
2018-12-19,11551.0,086450
2018-12-20,11511.0,086450
2018-12-21,11411.0,086450
2018-12-24,11732.0,086450
2018-12-26,11952.0,086450
2018-12-27,11612.0,086450
2018-12-28,11591.0,086450
2019-01-02,11351.0,086450
2019-01-03,11071.0,086450
2019-01-04,11411.0,086450
2019-01-07,11712.0,086450
2019-01-08,11171.0,086450
2019-01-09,11331.0,086450
2019-01-10,11211.0,086450
2019-01-11,11371.0,086450
2019-01-14,11071.0,086450
2019-01-15,11271.0,086450
2019-01-16,11191.0,086450
2019-01-17,11291.0,086450
2019-01-18,11371.0,086450
2019-01-21,11371.0,086450
2019-01-22,11251.0,086450
2019-01-23,11411.0,086450
2019-01-24,11271.0,086450
2019-01-25,11431.0,086450
2019-01-28,11371.0,086450
2019-01-29,11291.0,086450
2019-01-30,11211.0,086450
2019-01-31,11291.0,086450
2019-02-01,11311.0,086450
2019-02-07,11091.0,086450
2019-02-08,11111.0,086450
2019-02-11,11151.0,086450
2019-02-12,11191.0,086450
2019-02-13,11351.0,086450
2019-02-14,11511.0,086450
2019-02-15,11251.0,086450
2019-02-18,11491.0,086450
2019-02-19,11471.0,086450
2019-02-20,11511.0,086450
2019-02-21,11351.0,086450
2019-02-22,11251.0,086450
2019-02-25,11371.0,086450
2019-02-26,11231.0,086450
2019-02-27,11251.0,086450
2019-02-28,11511.0,086450
2019-03-04,12052.0,086450
2019-03-05,11952.0,086450
2019-03-06,11792.0,086450
2019-03-07,11872.0,086450
2019-03-08,11732.0,086450
2019-03-11,12052.0,086450
2019-03-12,12172.0,086450
2019-03-13,12172.0,086450
2019-03-14,11892.0,086450
2019-03-15,12012.0,086450
2019-03-18,12472.0,086450
2019-03-19,12392.0,086450
2019-03-20,12212.0,086450
2019-03-21,12112.0,086450
2019-03-22,12212.0,086450
2019-03-25,11912.0,086450
2019-03-26,11872.0,086450
2019-03-27,11812.0,086450
2019-03-28,11632.0,086450
2019-03-29,11692.0,086450
2019-04-01,11952.0,086450
2019-04-02,11692.0,086450
2019-04-03,11772.0,086450
2019-04-04,11812.0,086450
2019-04-05,11712.0,086450
2019-04-08,11792.0,086450
2019-04-09,11752.0,086450
2019-04-10,11792.0,086450
2019-04-11,11892.0,086450
2019-04-12,11832.0,086450
2019-04-15,11892.0,086450
2019-04-16,11872.0,086450
2019-04-17,11812.0,086450
2019-04-18,11591.0,086450
2019-04-19,11591.0,086450
2019-04-22,11652.0,086450
2019-04-23,11571.0,086450
2019-04-24,11571.0,086450
2019-04-25,11551.0,086450
2019-04-26,11411.0,086450
2019-04-29,11591.0,086450
2019-04-30,11531.0,086450
2019-05-02,11772.0,086450
2019-05-03,11551.0,086450
2019-05-07,11491.0,086450
2019-05-08,11291.0,086450
2019-05-09,11071.0,086450
2019-05-10,11091.0,086450
2019-05-13,10851.0,086450
2019-05-14,10891.0,086450
2019-05-15,11571.0,086450
2019-05-16,11511.0,086450
2019-05-17,11712.0,086450
2019-05-20,11491.0,086450
2019-05-21,11892.0,086450
2019-05-22,11551.0,086450
2019-05-23,11431.0,086450
2019-05-24,11191.0,086450
2019-05-27,11251.0,086450
2019-05-28,11291.0,086450
2019-05-29,11171.0,086450
2019-05-30,11692.0,086450
2019-05-31,11692.0,086450
2019-06-03,11692.0,086450
2019-06-04,11612.0,086450
2019-06-05,11571.0,086450
2019-06-07,11692.0,086450
2019-06-10,11672.0,086450
2019-06-11,11652.0,086450
2019-06-12,11571.0,086450
2019-06-13,11732.0,086450
2019-06-14,11632.0,086450
2019-06-17,11491.0,086450
2019-06-18,11872.0,086450
2019-06-19,11732.0,086450
2019-06-20,11872.0,086450
2019-06-21,12132.0,086450
2019-06-24,12012.0,086450
2019-06-25,12092.0,086450
2019-06-26,11852.0,086450
2019-06-27,11792.0,086450
2019-06-28,11692.0,086450
2019-07-01,11992.0,086450
2019-07-02,12572.0,086450
2019-07-03,12452.0,086450
2019-07-04,12613.0,086450
2019-07-05,12813.0,086450
2019-07-08,12432.0,086450
2019-07-09,12973.0,086450
2019-07-10,13894.0,086450
2019-07-11,13794.0,086450
2019-07-12,14414.0,086450
2019-07-15,14494.0,086450
2019-07-16,14635.0,086450
2019-07-17,14414.0,086450
2019-07-18,13894.0,086450
2019-07-19,14334.0,086450
2019-07-22,14074.0,086450
2019-07-23,14054.0,086450
2019-07-24,13754.0,086450
2019-07-25,13914.0,086450
2019-07-26,13954.0,086450
2019-07-29,13573.0,086450
2019-07-30,13353.0,086450
2019-07-31,13353.0,086450
2019-08-01,13353.0,086450
2019-08-02,13033.0,086450
2019-08-05,12813.0,086450
2019-08-06,12653.0,086450
2019-08-07,13013.0,086450
2019-08-08,13473.0,086450
2019-08-09,13473.0,086450
2019-08-12,13373.0,086450
2019-08-13,13293.0,086450
2019-08-14,13013.0,086450
2019-08-16,12713.0,086450
2019-08-19,12733.0,086450
2019-08-20,13253.0,086450
2019-08-21,13413.0,086450
2019-08-22,13053.0,086450
2019-08-23,12893.0,086450
2019-08-26,12552.0,086450
2019-08-27,12673.0,086450
2019-08-28,12793.0,086450
2019-08-29,13293.0,086450
2019-08-30,13093.0,086450
2019-09-02,13573.0,086450
2019-09-03,13453.0,086450
2019-09-04,13614.0,086450
2019-09-05,13513.0,086450
2019-09-06,13313.0,086450
2019-09-09,13333.0,086450
2019-09-10,13153.0,086450
2019-09-11,13133.0,086450
2019-09-16,13253.0,086450
2019-09-17,13253.0,086450
2019-09-18,12953.0,086450
2019-09-19,13033.0,086450
2019-09-20,13033.0,086450
2019-09-23,12853.0,086450
2019-09-24,12933.0,086450
2019-09-25,12813.0,086450
2019-09-26,12793.0,086450
2019-09-27,12853.0,086450
2019-09-30,12552.0,086450
2019-10-01,12873.0,086450
2019-10-02,12452.0,086450
2019-10-04,12452.0,086450
2019-10-07,12613.0,086450
2019-10-08,12693.0,086450
2019-10-10,12633.0,086450
2019-10-11,12793.0,086450
2019-10-14,12913.0,086450
2019-10-15,13113.0,086450
2019-10-16,13714.0,086450
2019-10-17,13794.0,086450
2019-10-18,13614.0,086450
2019-10-21,13874.0,086450
2019-10-22,14054.0,086450
2019-10-23,14134.0,086450
2019-10-24,14134.0,086450
2019-10-25,13714.0,086450
2019-10-28,13834.0,086450
2019-10-29,13654.0,086450
2019-10-30,13654.0,086450
2019-10-31,13914.0,086450
2019-11-01,14014.0,086450
2019-11-04,14214.0,086450
2019-11-05,14154.0,086450
2019-11-06,14294.0,086450
2019-11-07,14134.0,086450
2019-11-08,13954.0,086450
2019-11-11,13954.0,086450
2019-11-12,14254.0,086450
2019-11-13,13914.0,086450
2019-11-14,13894.0,086450
2019-11-15,14514.0,086450
2019-11-18,15035.0,086450
2019-11-19,15495.0,086450
2019-11-20,15916.0,086450
2019-11-21,15956.0,086450
2019-11-22,15936.0,086450
2019-11-25,15936.0,086450
2019-11-26,15676.0,086450
2019-11-27,15636.0,086450
2019-11-28,15395.0,086450
2019-11-29,15195.0,086450
2019-12-02,15515.0,086450
2019-12-03,15375.0,086450
2019-12-04,15676.0,086450
2019-12-05,15475.0,086450
2019-12-06,15535.0,086450
2019-12-09,15896.0,086450
2019-12-10,16036.0,086450
2019-12-11,16136.0,086450
2019-12-12,16096.0,086450
2019-12-13,15876.0,086450
2019-12-16,15716.0,086450
2019-12-17,16536.0,086450
2019-12-18,17858.0,086450
2019-12-19,17798.0,086450
2019-12-20,17137.0,086450
2019-12-23,17718.0,086450
2019-12-24,17778.0,086450
2019-12-26,18158.0,086450
2019-12-27,18018.0,086450
2019-12-30,17838.0,086450
2020-01-02,17718.0,086450
2020-01-03,17758.0,086450
2020-01-06,17918.0,086450
2020-01-07,17658.0,086450
2020-01-08,17377.0,086450
2020-01-09,17617.0,086450
2020-01-10,17858.0,086450
2020-01-13,17477.0,086450
2020-01-14,17117.0,086450
2020-01-15,17077.0,086450
2020-01-16,17557.0,086450
2020-01-17,17838.0,086450
2020-01-20,17758.0,086450
2020-01-21,17317.0,086450
2020-01-22,18418.0,086450
2020-01-23,17938.0,086450
2020-01-28,17637.0,086450
2020-01-29,17918.0,086450
2020-01-30,17457.0,086450
2020-01-31,17617.0,086450
2020-02-03,17758.0,086450
2020-02-04,17878.0,086450
2020-02-05,17938.0,086450
2020-02-06,17938.0,086450
2020-02-07,17798.0,086450
2020-02-10,17838.0,086450
2020-02-11,18018.0,086450
2020-02-12,18739.0,086450
2020-02-13,18699.0,086450
2020-02-14,19059.0,086450
2020-02-17,18719.0,086450
2020-02-18,18498.0,086450
2020-02-19,18699.0,086450
2020-02-20,18258.0,086450
2020-02-21,18098.0,086450
2020-02-24,17577.0,086450
2020-02-25,17898.0,086450
2020-02-26,17798.0,086450
2020-02-27,17437.0,086450
2020-02-28,16737.0,086450
2020-03-02,17397.0,086450
2020-03-03,17658.0,086450
2020-03-04,17798.0,086450
2020-03-05,18078.0,086450
2020-03-06,18318.0,086450
2020-03-09,17798.0,086450
2020-03-10,18218.0,086450
2020-03-11,17437.0,086450
2020-03-12,16576.0,086450
2020-03-13,16396.0,086450
2020-03-16,15916.0,086450
2020-03-17,15756.0,086450
2020-03-18,14554.0,086450
2020-03-19,13393.0,086450
2020-03-20,14594.0,086450
2020-03-23,13313.0,086450
2020-03-24,14554.0,086450
2020-03-25,15215.0,086450
2020-03-26,14995.0,086450
2020-03-27,14955.0,086450
2020-03-30,15135.0,086450
2020-03-31,15555.0,086450
2020-04-01,15916.0,086450
2020-04-02,16336.0,086450
2020-04-03,16336.0,086450
2020-04-06,17017.0,086450
2020-04-07,16877.0,086450
2020-04-08,16416.0,086450
2020-04-09,16657.0,086450
2020-04-10,16516.0,086450
2020-04-13,16116.0,086450
2020-04-14,16596.0,086450
2020-04-16,17137.0,086450
2020-04-17,17718.0,086450
2020-04-20,17617.0,086450
2020-04-21,17878.0,086450
2020-04-22,19860.0,086450
2020-04-23,20420.0,086450
2020-04-24,19319.0,086450
2020-04-27,19299.0,086450
2020-04-28,19659.0,086450
2020-04-29,18879.0,086450
2020-05-04,18498.0,086450
2020-05-06,20140.0,086450
2020-05-07,19780.0,086450
2020-05-08,19900.0,086450
2020-05-11,19419.0,086450
2020-05-12,19720.0,086450
2020-05-13,19619.0,086450
2020-05-14,20320.0,086450
2020-05-15,20761.0,086450
2020-05-18,20761.0,086450
2020-05-19,20160.0,086450
2020-05-20,20220.0,086450
2020-05-21,20320.0,086450
2020-05-22,19920.0,086450
2020-05-25,20060.0,086450
2020-05-26,19960.0,086450
2020-05-27,19920.0,086450
2020-05-28,19479.0,086450
2020-05-29,19299.0,086450
2020-06-01,20961.0,086450
2020-06-02,20921.0,086450
2020-06-03,21141.0,086450
2020-06-04,22462.0,086450
2020-06-05,22502.0,086450
2020-06-08,22282.0,086450
2020-06-09,22582.0,086450
2020-06-10,22743.0,086450
2020-06-11,22823.0,086450
2020-06-12,24504.0,086450
2020-06-15,23864.0,086450
2020-06-16,25425.0,086450
2020-06-17,25365.0,086450
2020-06-18,26346.0,086450
2020-06-19,25265.0,086450
2020-06-22,24524.0,086450
2020-06-23,24705.0,086450
2020-06-24,24024.0,086450
2020-06-25,23623.0,086450
2020-06-26,22843.0,086450
2020-06-29,23023.0,086450
2020-06-30,24184.0,086450
2020-07-01,24825.0,086450
2020-07-02,25025.0,086450
2020-07-03,25986.0,086450
2020-07-06,27427.0,086450
2020-07-07,26306.0,086450
2020-07-08,26406.0,086450
2020-07-09,27567.0,086450
2020-07-10,27687.0,086450
2020-07-13,28028.0,086450
2020-07-14,28108.0,086450
2020-07-15,26927.0,086450
2020-07-16,26006.0,086450
2020-07-17,26426.0,086450
2020-07-20,26446.0,086450
2020-07-21,26086.0,086450
2020-07-22,26827.0,086450
2020-07-23,28508.0,086450
2020-07-24,31431.0,086450
2020-07-27,31311.0,086450
2020-07-28,30190.0,086450
2020-07-29,30911.0,086450
2020-07-30,29770.0,086450
2020-07-31,29369.0,086450
2020-08-03,29129.0,086450
2020-08-04,30410.0,086450
2020-08-05,32192.0,086450
2020-08-06,31211.0,086450
2020-08-07,30070.0,086450
2020-08-10,30330.0,086450
2020-08-11,30030.0,086450
2020-08-12,30230.0,086450
2020-08-13,30350.0,086450
2020-08-14,30450.0,086450
2020-08-18,28688.0,086450
2020-08-19,30090.0,086450
2020-08-20,28969.0,086450
2020-08-21,30250.0,086450
2020-08-24,30250.0,086450
2020-08-25,30250.0,086450
2020-08-26,30250.0,086450
2020-08-27,30250.0,086450
2020-08-28,30250.0,086450
2020-08-31,30250.0,086450
2020-09-01,30250.0,086450
2020-09-02,30250.0,086450
2020-09-03,30250.0,086450
2020-09-04,30250.0,086450
2020-09-07,30250.0,086450
2020-09-08,30250.0,086450
2020-09-09,30250.0,086450
2020-09-10,31400.0,086450
2020-09-11,30200.0,086450
2020-09-14,29400.0,086450
2020-09-15,29300.0,086450
2020-09-16,30400.0,086450
2020-09-17,29550.0,086450
2020-09-18,29300.0,086450
2020-09-21,28200.0,086450
2020-09-22,26750.0,086450
2020-09-23,26200.0,086450
2020-09-24,26050.0,086450
2020-09-25,25700.0,086450
2020-09-28,26600.0,086450
2020-09-29,27350.0,086450
2020-10-05,27350.0,086450
2020-10-06,26900.0,086450
2020-10-07,26850.0,086450
2020-10-08,27000.0,086450
2020-10-12,26350.0,086450
2020-10-13,25550.0,086450
2020-10-14,26200.0,086450
2020-10-15,25950.0,086450
2020-10-16,25200.0,086450
2020-10-19,24800.0,086450
2020-10-20,24900.0,086450
2020-10-21,24500.0,086450
2020-10-22,24600.0,086450
2020-10-23,25000.0,086450
2020-10-26,24750.0,086450
2020-10-27,24050.0,086450
2020-10-28,25500.0,086450
2020-10-29,25100.0,086450
2020-10-30,24200.0,086450
2020-11-02,24450.0,086450
2020-11-03,24700.0,086450
2020-11-04,25750.0,086450
2020-11-05,26250.0,086450
2020-11-06,25600.0,086450
2020-11-09,26500.0,086450
2020-11-10,25850.0,086450
2020-11-11,27200.0,086450
2020-11-12,26850.0,086450
2020-11-13,26900.0,086450
2020-11-16,26600.0,086450
2020-11-17,26100.0,086450
2020-11-18,26300.0,086450
2020-11-19,26700.0,086450
2020-11-20,27200.0,086450
2020-11-23,26800.0,086450
2020-11-24,26350.0,086450
2020-11-25,25650.0,086450
2020-11-26,25300.0,086450
2020-11-27,25900.0,086450
2020-11-30,25650.0,086450
2020-12-01,25800.0,086450
2020-12-02,25900.0,086450
2020-12-03,25700.0,086450
2020-12-04,25700.0,086450
2020-12-07,25700.0,086450
2020-12-08,25350.0,086450
2020-12-09,25150.0,086450
2020-12-10,25350.0,086450
2020-12-11,26500.0,086450
2020-12-14,26850.0,086450
2020-12-15,26500.0,086450
2020-12-16,27200.0,086450
2020-12-17,28200.0,086450
2020-12-18,27750.0,086450
2020-12-21,28750.0,086450
2020-12-22,27500.0,086450
2020-12-23,28000.0,086450
2020-12-24,28950.0,086450
2020-12-28,29500.0,086450
2020-12-29,29400.0,086450
2020-12-30,29250.0,086450
2021-01-04,28400.0,086450
2021-01-05,28550.0,086450
2021-01-06,28000.0,086450
2021-01-07,27850.0,086450
2021-01-08,28350.0,086450
2021-01-11,28050.0,086450
2021-01-12,29450.0,086450
2021-01-13,29400.0,086450
2021-01-14,29700.0,086450
2021-01-15,29400.0,086450
2021-01-18,29350.0,086450
2021-01-19,29500.0,086450
2021-01-20,29200.0,086450
2021-01-21,29250.0,086450
2021-01-22,29700.0,086450
2021-01-25,31800.0,086450
2021-01-26,32400.0,086450
2021-01-27,32400.0,086450
2021-01-28,32450.0,086450
2021-01-29,31150.0,086450
2021-02-01,31950.0,086450
2021-02-02,31600.0,086450
2021-02-03,31300.0,086450
2021-02-04,31700.0,086450
2021-02-05,31250.0,086450
2021-02-08,30950.0,086450
2021-02-09,31000.0,086450
2021-02-10,31100.0,086450
2021-02-15,31450.0,086450
2021-02-16,31950.0,086450
2021-02-17,31500.0,086450
2021-02-18,30900.0,086450
2021-02-19,30550.0,086450
2021-02-22,29950.0,086450
2021-02-23,29200.0,086450
2021-02-24,28200.0,086450
2021-02-25,29050.0,086450
2021-02-26,28650.0,086450
2021-03-02,29900.0,086450
2021-03-03,29100.0,086450
2021-03-04,29200.0,086450
2021-03-05,29250.0,086450
2021-03-08,28550.0,086450
2021-03-09,28250.0,086450
2021-03-10,27500.0,086450
2021-03-11,28100.0,086450
2021-03-12,28450.0,086450
2021-03-15,28300.0,086450
2021-03-16,28600.0,086450
2021-03-17,29700.0,086450
2021-03-18,28800.0,086450
2021-03-19,28600.0,086450
2021-03-22,28700.0,086450
2021-03-23,28350.0,086450
2021-03-24,28450.0,086450
2021-03-25,28100.0,086450
2021-03-26,28150.0,086450
2021-03-29,28100.0,086450
2021-03-30,28200.0,086450
2021-03-31,28000.0,086450
2021-04-01,28150.0,086450
2021-04-02,28100.0,086450
2021-04-05,28100.0,086450
2021-04-06,28050.0,086450
2021-04-07,27850.0,086450
2021-04-08,28100.0,086450
2021-04-09,28600.0,086450
2021-04-12,28400.0,086450
2021-04-13,28700.0,086450
2021-04-14,28750.0,086450
2021-04-15,28600.0,086450
2021-04-16,28750.0,086450
2021-04-19,28900.0,086450
2021-04-20,29400.0,086450
2021-04-21,29400.0,086450
2021-04-22,29050.0,086450
2021-04-23,28950.0,086450
2021-04-26,29000.0,086450
2021-04-27,29250.0,086450
2021-04-28,28550.0,086450
2021-04-29,28150.0,086450
2021-04-30,28350.0,086450
2021-05-03,28000.0,086450
2021-05-04,27900.0,086450
2021-05-06,27300.0,086450
2021-05-07,27850.0,086450
2021-05-10,28250.0,086450
2021-05-11,27800.0,086450
2021-05-12,27450.0,086450
2021-05-13,26750.0,086450
2021-05-14,27050.0,086450
2021-05-17,27300.0,086450
2021-05-18,27550.0,086450
2021-05-20,27100.0,086450
2021-05-21,27400.0,086450
2021-05-24,27650.0,086450
2021-05-25,27650.0,086450
2021-05-26,27700.0,086450
2021-05-27,27850.0,086450
2021-05-28,28800.0,086450
2021-05-31,28800.0,086450
2021-06-01,28700.0,086450
2021-06-02,29000.0,086450
2021-06-03,28850.0,086450
2021-06-04,28750.0,086450
2021-06-07,29050.0,086450
2021-06-08,28700.0,086450
2021-06-09,28450.0,086450
2021-06-10,29100.0,086450
2021-06-11,28750.0,086450
2021-06-14,28750.0,086450
2021-06-15,28800.0,086450
2021-06-16,28650.0,086450
2021-06-17,28300.0,086450
2021-06-18,28200.0,086450
2021-06-21,27900.0,086450
2021-06-22,28000.0,086450
2021-06-23,28300.0,086450
2021-06-24,27900.0,086450
2021-06-25,27900.0,086450
2021-06-28,28100.0,086450
2021-06-29,28100.0,086450
2021-06-30,28200.0,086450
2021-07-01,28000.0,086450
2021-07-02,28000.0,086450
2021-07-05,27900.0,086450
2021-07-06,27900.0,086450
2021-07-07,27050.0,086450
2021-07-08,26200.0,086450
2021-07-09,25950.0,086450
2021-07-12,25800.0,086450
2021-07-13,25900.0,086450
2021-07-14,25850.0,086450
2021-07-15,26000.0,086450
2021-07-16,25800.0,086450
2021-07-19,25950.0,086450
2021-07-20,25700.0,086450
2021-07-21,25750.0,086450
2021-07-22,25750.0,086450
2021-07-23,25950.0,086450
2021-07-26,25650.0,086450
2021-07-27,25800.0,086450
2021-07-28,25650.0,086450
2021-07-29,25500.0,086450
2021-07-30,25200.0,086450
2021-08-02,25900.0,086450
2021-08-03,25800.0,086450
2021-08-04,25900.0,086450
2021-08-05,25900.0,086450
2021-08-06,25700.0,086450
2021-08-09,25600.0,086450
2021-08-10,25500.0,086450
2021-08-11,25350.0,086450
2021-08-12,25150.0,086450
2021-08-13,24700.0,086450
2021-08-17,24300.0,086450
2021-08-18,24600.0,086450
2021-08-19,23700.0,086450
2021-08-20,22850.0,086450
2021-08-23,23450.0,086450
2021-08-24,24150.0,086450
2021-08-25,24350.0,086450
2021-08-26,23800.0,086450
2021-08-27,23800.0,086450
2021-08-30,24350.0,086450
2021-08-31,24600.0,086450
2021-09-01,24600.0,086450
2021-09-02,24500.0,086450
2021-09-03,24900.0,086450
2021-09-06,24650.0,086450
2021-09-07,24400.0,086450
2021-09-08,24000.0,086450
2021-09-09,24300.0,086450
2021-09-10,23800.0,086450
2021-09-13,24100.0,086450
2021-09-14,23950.0,086450
2021-09-15,23950.0,086450
2021-09-16,23950.0,086450
2021-09-17,23900.0,086450
2021-09-23,23800.0,086450
2021-09-24,23600.0,086450
2021-09-27,23750.0,086450
2021-09-28,23200.0,086450
2021-09-29,22850.0,086450
2021-09-30,23100.0,086450
2021-10-01,22800.0,086450
2021-10-05,22250.0,086450
2021-10-06,22100.0,086450
2021-10-07,22700.0,086450
2021-10-08,22200.0,086450
2021-10-12,22350.0,086450
2021-10-13,22600.0,086450
2021-10-14,23200.0,086450
2021-10-15,23300.0,086450
2021-10-18,23250.0,086450
2021-10-19,23300.0,086450
2021-10-20,23150.0,086450
2021-10-21,22700.0,086450
2021-10-22,22950.0,086450
2021-10-25,23200.0,086450
2021-10-26,23200.0,086450
2021-10-27,22800.0,086450
2021-10-28,22750.0,086450
2021-10-29,22450.0,086450
2021-11-01,22450.0,086450
2021-11-02,22500.0,086450
2021-11-03,22200.0,086450
2021-11-04,22200.0,086450
2021-11-05,22000.0,086450
2021-11-08,22150.0,086450
2021-11-09,21850.0,086450
2021-11-10,22200.0,086450
2021-11-11,21950.0,086450
2021-11-12,21850.0,086450
2021-11-15,21850.0,086450
2021-11-16,21000.0,086450
2021-11-17,20850.0,086450
2021-11-18,20700.0,086450
2021-11-19,20900.0,086450
2021-11-22,21100.0,086450
2021-11-23,20800.0,086450
2021-11-24,20500.0,086450
2021-11-25,20300.0,086450
2021-11-26,20150.0,086450
2021-11-29,19800.0,086450
2021-11-30,19600.0,086450
2021-12-01,19600.0,086450
2021-12-02,20200.0,086450
2021-12-03,20500.0,086450
2021-12-06,20600.0,086450
2021-12-07,20700.0,086450
2021-12-08,21250.0,086450
2021-12-09,21500.0,086450
2021-12-10,21150.0,086450
2021-12-13,21000.0,086450
2021-12-14,21450.0,086450
2021-12-15,21250.0,086450
2021-12-16,21550.0,086450
2021-12-17,21350.0,086450
2021-12-20,21000.0,086450
2021-12-21,20900.0,086450
2021-12-22,20900.0,086450
2021-12-23,21150.0,086450
2021-12-24,21700.0,086450
2021-12-27,22400.0,086450
2021-12-28,22550.0,086450
2021-12-29,21950.0,086450
2021-12-30,21800.0,086450
2022-01-03,21450.0,086450
2022-01-04,22000.0,086450
2022-01-05,22100.0,086450
2022-01-06,22050.0,086450
2022-01-07,22200.0,086450
2022-01-10,21950.0,086450
2022-01-11,22100.0,086450
2022-01-12,22150.0,086450
2022-01-13,21850.0,086450
2022-01-14,21950.0,086450
2022-01-17,21950.0,086450
2022-01-18,21700.0,086450
2022-01-19,21200.0,086450
2022-01-20,21350.0,086450
2022-01-21,21300.0,086450
2022-01-24,20950.0,086450
2022-01-25,20550.0,086450
2022-01-26,20400.0,086450
2022-01-27,19500.0,086450
2022-01-28,20000.0,086450
2022-02-03,20350.0,086450
2022-02-04,20350.0,086450
2022-02-07,20050.0,086450
2022-02-08,19700.0,086450
2022-02-09,21050.0,086450
2022-02-10,20300.0,086450
2022-02-11,19500.0,086450
2022-02-14,19850.0,086450
2022-02-15,19550.0,086450
2022-02-16,20300.0,086450
2022-02-17,20050.0,086450
2022-02-18,20500.0,086450
2022-02-21,20550.0,086450
2022-02-22,20300.0,086450
2022-02-23,20700.0,086450
2022-02-24,20600.0,086450
2022-02-25,21050.0,086450
2022-02-28,21100.0,086450
2022-03-02,20800.0,086450
2022-03-03,21250.0,086450
2022-03-04,20850.0,086450
2022-03-07,20400.0,086450
2022-03-08,20300.0,086450
2022-03-10,21050.0,086450
2022-03-11,20900.0,086450
2022-03-14,20600.0,086450
2022-03-15,20500.0,086450
2022-03-16,20900.0,086450
2022-03-17,21250.0,086450
2022-03-18,21300.0,086450
2022-03-21,21600.0,086450
2022-03-22,21550.0,086450
2022-03-23,21500.0,086450
2022-03-24,21300.0,086450
2022-03-25,21350.0,086450
2022-03-28,21250.0,086450
2022-03-29,21400.0,086450
2022-03-30,21200.0,086450
2022-03-31,21500.0,086450
2022-04-01,21450.0,086450
2022-04-04,21550.0,086450
2022-04-05,21750.0,086450
2022-04-06,21450.0,086450
2022-04-07,21600.0,086450
2022-04-08,22100.0,086450
2022-04-11,21600.0,086450
2022-04-12,21500.0,086450
2022-04-13,21650.0,086450
2022-04-14,21400.0,086450
2022-04-15,21450.0,086450
2022-04-18,21550.0,086450
2022-04-19,21950.0,086450
2022-04-20,21900.0,086450
2022-04-21,21700.0,086450
2022-04-22,21300.0,086450
2022-04-25,20800.0,086450
2022-04-26,21450.0,086450
2022-04-27,22100.0,086450
2022-04-28,22350.0,086450
2022-04-29,22500.0,086450
2022-05-02,22500.0,086450
2022-05-03,22500.0,086450
2022-05-04,21950.0,086450
2022-05-06,21300.0,086450
2022-05-09,20600.0,086450
2022-05-10,20850.0,086450
2022-05-11,21300.0,086450
2022-05-12,20150.0,086450
2022-05-13,20800.0,086450
2022-05-16,21500.0,086450
2022-05-17,21800.0,086450
2022-05-18,21450.0,086450
2022-05-19,21000.0,086450
2022-05-20,21850.0,086450
2022-05-23,21900.0,086450
2022-05-24,21250.0,086450
2022-05-25,21650.0,086450
2022-05-26,21500.0,086450
2022-05-27,21900.0,086450
2022-05-30,22000.0,086450
2022-05-31,21900.0,086450
2022-06-02,21600.0,086450
2022-06-03,21550.0,086450
2022-06-07,21050.0,086450
2022-06-08,20950.0,086450
2022-06-09,20500.0,086450
2022-06-10,20300.0,086450
2022-06-13,19600.0,086450
2022-06-14,19400.0,086450
2022-06-15,19200.0,086450
2022-06-16,19350.0,086450
2022-06-17,19100.0,086450
2022-06-20,18700.0,086450
2022-06-21,18950.0,086450
2022-06-22,18100.0,086450
2022-06-23,18000.0,086450
2022-06-24,18700.0,086450
2022-06-27,19100.0,086450
2022-06-28,19200.0,086450
2022-06-29,19400.0,086450
2022-06-30,19450.0,086450
2022-07-01,19350.0,086450
2022-07-04,19350.0,086450
2022-07-05,20550.0,086450
2022-07-06,20150.0,086450
2022-07-07,20000.0,086450
2022-07-08,19850.0,086450
2022-07-11,19650.0,086450
2022-07-12,19300.0,086450
2022-07-13,19800.0,086450
2022-07-14,19400.0,086450
2022-07-15,19550.0,086450
2022-07-18,20050.0,086450
2022-07-19,19900.0,086450
2022-07-20,19900.0,086450
2022-07-21,19850.0,086450
2022-07-22,19000.0,086450
2022-07-25,19150.0,086450
2022-07-26,19250.0,086450
2022-07-27,19200.0,086450
2022-07-28,19200.0,086450
2022-07-29,19250.0,086450
2022-08-01,19000.0,086450
2022-08-02,19000.0,086450
2022-08-03,19050.0,086450
2022-08-04,19150.0,086450
2022-08-05,19300.0,086450
2022-08-08,19450.0,086450
2022-08-09,19850.0,086450
2022-08-10,19350.0,086450
2022-08-11,19700.0,086450
2022-08-12,19700.0,086450
2022-08-16,19450.0,086450
2022-08-17,20000.0,086450
2022-08-18,19700.0,086450
2022-08-19,19400.0,086450
2022-08-22,19050.0,086450
2022-08-23,18600.0,086450
2022-08-24,19300.0,086450
2022-08-25,19350.0,086450
2022-08-26,19100.0,086450
2022-08-29,18400.0,086450
2022-08-30,18600.0,086450
2022-08-31,18550.0,086450
2022-09-01,18050.0,086450
2022-09-02,18450.0,086450
2022-09-05,18400.0,086450
2022-09-06,18200.0,086450
2022-09-07,17900.0,086450
2022-09-08,18350.0,086450
2022-09-13,18700.0,086450
2022-09-14,18150.0,086450
2022-09-15,18000.0,086450
2022-09-16,17900.0,086450
2022-09-19,17900.0,086450
2022-09-20,17950.0,086450
2022-09-21,17350.0,086450
2022-09-22,17350.0,086450
2022-09-23,16550.0,086450
2022-09-26,16400.0,086450
2022-09-27,16900.0,086450
2022-09-28,16800.0,086450
2022-09-29,16650.0,086450
2022-09-30,16250.0,086450
2022-10-04,17000.0,086450
2022-10-05,16400.0,086450
2022-10-06,16850.0,086450
2022-10-07,16350.0,086450
2022-10-11,15300.0,086450
2022-10-12,15850.0,086450
2022-10-13,15550.0,086450
2022-10-14,15900.0,086450
2022-10-17,15500.0,086450
2022-10-18,16400.0,086450
2022-10-19,16100.0,086450
2022-10-20,15850.0,086450
2022-10-21,15550.0,086450
2022-10-24,15700.0,086450
2022-10-25,15500.0,086450
2022-10-26,15550.0,086450
2022-10-27,15950.0,086450
2022-10-28,15400.0,086450
2022-10-31,15700.0,086450
2022-11-01,16250.0,086450
2022-11-02,16400.0,086450
2022-11-03,16200.0,086450
2022-11-04,16050.0,086450
2022-11-07,16350.0,086450
2022-11-08,16800.0,086450
2022-11-09,16300.0,086450
2022-11-10,15950.0,086450
2022-11-11,17000.0,086450
2022-11-14,16550.0,086450
2022-11-15,17200.0,086450
2022-11-16,16800.0,086450
2022-11-17,16600.0,086450
2022-11-18,16550.0,086450
2022-11-21,16350.0,086450
2022-11-22,16150.0,086450
2022-11-23,16250.0,086450
2022-11-24,16350.0,086450
2022-11-25,16100.0,086450
2022-11-28,15450.0,086450
2022-11-29,16000.0,086450
2022-11-30,15850.0,086450
2022-12-01,16150.0,086450
2022-12-02,15750.0,086450
2022-12-05,16150.0,086450
2022-12-06,15700.0,086450
2022-12-07,15800.0,086450
2022-12-08,15600.0,086450
2022-12-09,16700.0,086450
2022-12-12,16700.0,086450
2022-12-13,16850.0,086450
2022-12-14,17450.0,086450
2022-12-15,17050.0,086450
2022-12-16,16850.0,086450
2022-12-19,17200.0,086450
2022-12-20,16650.0,086450
2022-12-21,17100.0,086450
2022-12-22,17400.0,086450
2022-12-23,16900.0,086450
2022-12-26,17650.0,086450
2022-12-27,17250.0,086450
2022-12-28,17150.0,086450
2022-12-29,16600.0,086450
2023-01-02,16000.0,086450
2023-01-03,15800.0,086450
2023-01-04,15900.0,086450
2023-01-05,15750.0,086450
2023-01-06,16050.0,086450
2023-01-09,16200.0,086450
2023-01-10,15750.0,086450
2023-01-11,16200.0,086450
2023-01-12,16350.0,086450
2023-01-13,16350.0,086450
2023-01-16,16350.0,086450
2023-01-17,16200.0,086450
2023-01-18,16350.0,086450
2023-01-19,16500.0,086450
2023-01-20,16500.0,086450
2023-01-25,16700.0,086450
2023-01-26,16730.0,086450
2023-01-27,16690.0,086450
2023-01-30,16600.0,086450
2023-01-31,17010.0,086450
2023-02-01,16890.0,086450
2023-02-02,17030.0,086450
2023-02-03,17000.0,086450
2023-02-06,16710.0,086450
2023-02-07,16920.0,086450
2023-02-08,17040.0,086450
2023-02-09,17000.0,086450
2023-02-10,16570.0,086450
2023-02-13,16420.0,086450
2023-02-14,16600.0,086450
2023-02-15,16180.0,086450
2023-02-16,16690.0,086450
2023-02-17,16390.0,086450
2023-02-20,16850.0,086450
2023-02-21,16580.0,086450
2023-02-22,16160.0,086450
2023-02-23,16470.0,086450
2023-02-24,16360.0,086450
2023-02-27,16060.0,086450
2023-02-28,16140.0,086450
2023-03-02,15870.0,086450
2023-03-03,15910.0,086450
2023-03-06,15870.0,086450
2023-03-07,15910.0,086450
2023-03-08,15560.0,086450
2023-03-09,15710.0,086450
2023-03-10,15450.0,086450
2023-03-13,15540.0,086450
2023-03-14,14910.0,086450
2023-03-15,14880.0,086450
2023-03-16,14810.0,086450
2023-03-17,15470.0,086450
2023-03-20,15340.0,086450
2023-03-21,15150.0,086450
2023-03-22,15340.0,086450
2023-03-23,15090.0,086450
2023-03-24,15000.0,086450
2023-03-27,14860.0,086450
2023-03-28,15120.0,086450
2023-03-29,15100.0,086450
2023-03-30,15500.0,086450
2023-03-31,15550.0,086450
2023-04-03,15330.0,086450
2023-04-04,15750.0,086450
2023-04-05,15960.0,086450
2023-04-06,15580.0,086450
2023-04-07,16020.0,086450
2023-04-10,15760.0,086450
2023-04-11,15850.0,086450
2023-04-12,16100.0,086450
2023-04-13,16130.0,086450
2023-04-14,16210.0,086450
2023-04-17,15920.0,086450
2023-04-18,15750.0,086450
2023-04-19,15590.0,086450
2023-04-20,15290.0,086450
2023-04-21,15220.0,086450
2023-04-24,15320.0,086450
2023-04-25,15200.0,086450
2023-04-26,15090.0,086450
2023-04-27,14980.0,086450
2023-04-28,15050.0,086450
2023-05-02,15260.0,086450
2023-05-03,15180.0,086450
2023-05-04,15340.0,086450
2023-05-08,15470.0,086450
2023-05-09,15260.0,086450
2023-05-10,15290.0,086450
2023-05-11,15440.0,086450
2023-05-12,15270.0,086450
2023-05-15,15370.0,086450
2023-05-16,15080.0,086450
2023-05-17,15420.0,086450
2023-05-18,15450.0,086450
2023-05-19,15620.0,086450
2023-05-22,15700.0,086450
2023-05-23,16200.0,086450
2023-05-24,16090.0,086450
2023-05-25,15700.0,086450
2023-05-26,15480.0,086450
2023-05-30,15730.0,086450
2023-05-31,15520.0,086450
2023-06-01,15660.0,086450
2023-06-02,15710.0,086450
2023-06-05,15900.0,086450
2023-06-07,15720.0,086450
2023-06-08,15760.0,086450
2023-06-09,15870.0,086450
2023-06-12,15560.0,086450
2023-06-13,15570.0,086450
2023-06-14,15160.0,086450
2023-06-15,15020.0,086450
2023-06-16,15020.0,086450
2023-06-19,15150.0,086450
2023-06-20,15000.0,086450
2023-06-21,14810.0,086450
2023-06-22,14720.0,086450
2023-06-23,14590.0,086450
2023-06-26,14520.0,086450
2023-06-27,14400.0,086450
2023-06-28,14380.0,086450
2023-06-29,14150.0,086450
2023-06-30,14290.0,086450
2023-07-03,14270.0,086450
2023-07-04,13970.0,086450
2023-07-05,13670.0,086450
2023-07-06,13280.0,086450
2023-07-07,13240.0,086450
2023-07-10,13150.0,086450
2023-07-11,13350.0,086450
2023-07-12,13600.0,086450
2023-07-13,13790.0,086450
2023-07-14,13680.0,086450
2023-07-17,13850.0,086450
2023-07-18,13390.0,086450
2023-07-19,13610.0,086450
2023-07-20,13730.0,086450
2023-07-21,13700.0,086450
2023-07-24,13710.0,086450
2023-07-25,13330.0,086450
2023-07-26,13070.0,086450
2023-07-27,13770.0,086450
2023-07-28,13710.0,086450
2023-07-31,13650.0,086450
2023-08-01,13730.0,086450
2023-08-02,13700.0,086450
2023-08-03,14050.0,086450
2023-08-04,13820.0,086450
2023-08-07,13940.0,086450
2023-08-08,14010.0,086450
2023-08-09,14330.0,086450
2023-08-10,14540.0,086450
2023-08-11,14340.0,086450
2023-08-14,14480.0,086450
2023-08-16,14140.0,086450
2023-08-17,14190.0,086450
2023-08-18,14250.0,086450
2023-08-21,14250.0,086450
2023-08-22,14010.0,086450
2023-08-23,14080.0,086450
2023-08-24,13870.0,086450
2023-08-25,14040.0,086450
2023-08-28,13980.0,086450
2023-08-29,14150.0,086450
2023-08-30,14080.0,086450
2023-08-31,14110.0,086450
2023-09-01,14190.0,086450
2023-09-04,14080.0,086450
2023-09-05,13930.0,086450
2023-09-06,13710.0,086450
2023-09-07,13870.0,086450
2023-09-08,14430.0,086450
2023-09-11,14880.0,086450
2023-09-12,15140.0,086450
2023-09-13,15200.0,086450
2023-09-14,15300.0,086450
2023-09-15,15260.0,086450
2023-09-18,15150.0,086450
2023-09-19,15040.0,086450
2023-09-20,15200.0,086450
2023-09-21,14900.0,086450
2023-09-22,15080.0,086450
2023-09-25,15060.0,086450
2023-09-26,15040.0,086450
2023-09-27,14900.0,086450
2023-10-04,14700.0,086450
2023-10-05,15250.0,086450
2023-10-06,16080.0,086450
2023-10-10,16640.0,086450
2023-10-11,16720.0,086450
2023-10-12,16560.0,086450
2023-10-13,16550.0,086450
2023-10-16,16480.0,086450
2023-10-17,16480.0,086450
2023-10-18,16230.0,086450
2023-10-19,15470.0,086450
2023-10-20,15010.0,086450
2023-10-23,15550.0,086450
2023-10-24,15850.0,086450
2023-10-25,15840.0,086450
2023-10-26,15470.0,086450
2023-10-27,16100.0,086450
2023-10-30,16100.0,086450
2023-10-31,16110.0,086450
2023-11-01,16510.0,086450
2023-11-02,16340.0,086450
2023-11-03,16150.0,086450
2023-11-06,16790.0,086450
2023-11-07,16440.0,086450
2023-11-08,16460.0,086450
2023-11-09,16360.0,086450
2023-11-10,16250.0,086450
2023-11-13,15940.0,086450
2023-11-14,15610.0,086450
2023-11-15,15600.0,086450
2023-11-16,15570.0,086450
2023-11-17,15430.0,086450
2023-11-20,15710.0,086450
2023-11-21,15530.0,086450
2023-11-22,15250.0,086450
2023-11-23,15350.0,086450
2023-11-24,15050.0,086450
2023-11-27,15080.0,086450
2023-11-28,15080.0,086450
2023-11-29,14450.0,086450
2023-11-30,14460.0,086450
2023-12-01,14600.0,086450
2023-12-04,14570.0,086450
2023-12-05,14350.0,086450
2023-12-06,14220.0,086450
2023-12-07,14270.0,086450
2023-12-08,14240.0,086450
2023-12-11,14480.0,086450
2023-12-12,14580.0,086450
2023-12-13,15360.0,086450
2023-12-14,15260.0,086450
2023-12-15,15550.0,086450
2023-12-18,15410.0,086450
2023-12-19,15310.0,086450
2023-12-20,15400.0,086450
2023-12-21,15390.0,086450
2023-12-22,16000.0,086450
2023-12-26,16100.0,086450
2023-12-27,16190.0,086450
2023-12-28,16160.0,086450
2024-01-02,16160.0,086450
2024-01-03,16860.0,086450
2024-01-04,16840.0,086450
2024-01-05,16780.0,086450
2024-01-08,17920.0,086450
2024-01-09,18280.0,086450
2024-01-10,18340.0,086450
2024-01-11,18290.0,086450
2024-01-12,18650.0,086450
2024-01-15,18480.0,086450
2024-01-16,17970.0,086450
2024-01-17,17190.0,086450
2024-01-18,17140.0,086450
2024-01-19,17490.0,086450
2024-01-22,17540.0,086450
2024-01-23,17910.0,086450
2024-01-24,17650.0,086450
2024-01-25,17800.0,086450
2024-01-26,18540.0,086450
2024-01-29,18180.0,086450
2024-01-30,18380.0,086450
2024-01-31,17910.0,086450
2024-02-01,17690.0,086450
2024-02-02,17430.0,086450
2024-02-05,17800.0,086450
2024-02-06,17790.0,086450
2024-02-07,17650.0,086450
2024-02-08,17610.0,086450
2024-02-13,17850.0,086450
2024-02-14,18070.0,086450
2024-02-15,18920.0,086450
2024-02-16,18850.0,086450
2024-02-19,18720.0,086450
2024-02-20,18450.0,086450
2024-02-21,17880.0,086450
2024-02-22,17610.0,086450
2024-02-23,18030.0,086450
2024-02-26,18390.0,086450
2024-02-27,16610.0,086450
2024-02-28,16610.0,086450
2024-02-29,16510.0,086450
2024-03-04,16130.0,086450
2024-03-05,15840.0,086450
2024-03-06,15850.0,086450
2024-03-07,15680.0,086450
2024-03-08,15880.0,086450
2024-03-11,15960.0,086450
2024-03-12,16000.0,086450
2024-03-13,16140.0,086450
2024-03-14,16000.0,086450
2024-03-15,15870.0,086450
2024-03-18,16170.0,086450
2024-03-19,16030.0,086450
2024-03-20,16270.0,086450
2024-03-21,16270.0,086450
2024-03-22,16680.0,086450
2024-03-25,17150.0,086450
2024-03-26,16990.0,086450
2024-03-27,16920.0,086450
2024-03-28,17080.0,086450
2024-03-29,16680.0,086450
2024-04-01,16920.0,086450
2024-04-02,16730.0,086450
2024-04-03,16760.0,086450
2024-04-04,16620.0,086450
2024-04-05,16540.0,086450
2024-04-08,16220.0,086450
2024-04-09,16100.0,086450
2024-04-11,16220.0,086450
2024-04-12,16100.0,086450
2024-04-15,15880.0,086450
2024-04-16,15740.0,086450
2024-04-17,15730.0,086450
2024-04-18,16280.0,086450
2024-04-19,16060.0,086450
2024-04-22,16320.0,086450
2024-04-23,16370.0,086450
2024-04-24,16310.0,086450
2024-04-25,15940.0,086450
2024-04-26,16280.0,086450
2024-04-29,16600.0,086450
2024-04-30,16480.0,086450
2024-05-02,16560.0,086450
2024-05-03,16990.0,086450
2024-05-07,16800.0,086450
2024-05-08,16850.0,086450
2024-05-09,16730.0,086450
2024-05-10,17000.0,086450
2024-05-13,17690.0,086450
2024-05-14,17280.0,086450
2024-05-16,17310.0,086450
2024-05-17,17700.0,086450
2024-05-20,17660.0,086450
2024-05-21,17490.0,086450
2024-05-22,17300.0,086450
2024-05-23,17500.0,086450
2024-05-24,18720.0,086450
2024-05-27,18490.0,086450
2024-05-28,19430.0,086450
2024-05-29,18880.0,086450
2024-05-30,18870.0,086450
2024-05-31,19260.0,086450
2024-06-03,19300.0,086450
2024-06-04,19470.0,086450
2024-06-05,19180.0,086450
2024-06-07,19000.0,086450
2024-06-10,18670.0,086450
2024-06-11,18500.0,086450
2024-06-12,18480.0,086450
2024-06-13,18130.0,086450
2024-06-14,18360.0,086450
2024-06-17,18280.0,086450
2024-06-18,18290.0,086450
2024-06-19,17670.0,086450
2024-06-20,17770.0,086450
2024-06-21,17770.0,086450
2024-06-24,17590.0,086450
2024-06-25,17650.0,086450
2024-06-26,19130.0,086450
2024-06-27,19130.0,086450
2024-06-28,18640.0,086450
2024-07-01,19390.0,086450
2024-07-02,19400.0,086450
2024-07-03,18100.0,086450
2024-07-04,17710.0,086450
2024-07-05,18160.0,086450
2024-07-08,18560.0,086450
2024-07-09,18330.0,086450
2024-07-10,18380.0,086450
2024-07-11,18750.0,086450
2024-07-12,18700.0,086450
2024-07-15,19260.0,086450
2024-07-16,18990.0,086450
2024-07-17,18800.0,086450
2024-07-18,19370.0,086450
2024-07-19,18670.0,086450
2024-07-22,18080.0,086450
2024-07-23,18320.0,086450
2024-07-24,18600.0,086450
2024-07-25,18090.0,086450
2024-07-26,17960.0,086450
2024-07-29,18130.0,086450
2024-07-30,18080.0,086450
2024-07-31,17640.0,086450
2024-08-01,17550.0,086450
2024-08-02,17270.0,086450
2024-08-05,15850.0,086450
2024-08-06,16470.0,086450
2024-08-07,16930.0,086450
2024-08-08,17050.0,086450
2024-08-09,17090.0,086450
2024-08-12,17320.0,086450
2024-08-13,16960.0,086450
2024-08-14,17230.0,086450
2024-08-16,17070.0,086450
2024-08-19,16980.0,086450
2024-08-20,16980.0,086450
2024-08-21,17410.0,086450
2024-08-22,17360.0,086450
2024-08-23,17380.0,086450
2024-08-26,17460.0,086450
2024-08-27,17400.0,086450
2024-08-28,17800.0,086450
2024-08-29,17690.0,086450
2024-08-30,18180.0,086450
2024-09-02,17960.0,086450
2024-09-03,18100.0,086450
2024-09-04,17150.0,086450
2024-09-05,16910.0,086450
2024-09-06,16660.0,086450
2024-09-09,16830.0,086450
2024-09-10,16320.0,086450
2024-09-11,16340.0,086450
2024-09-12,16400.0,086450
2024-09-13,16540.0,086450
2024-09-19,16420.0,086450
2024-09-20,16950.0,086450
2024-09-23,16950.0,086450
2024-09-24,16900.0,086450
2024-09-25,16970.0,086450
2024-09-26,17230.0,086450
2024-09-27,16990.0,086450
2024-09-30,16950.0,086450
2024-10-02,17230.0,086450
2024-10-04,17280.0,086450
2024-10-07,17080.0,086450
2024-10-08,17230.0,086450
2024-10-10,17420.0,086450
2024-10-11,17670.0,086450
2024-10-14,17920.0,086450
2024-10-15,17810.0,086450
2024-10-16,18540.0,086450
2024-10-17,18140.0,086450
2024-10-18,18180.0,086450
2024-10-21,18180.0,086450
2024-10-22,17870.0,086450
2024-10-23,17690.0,086450
2024-10-24,17550.0,086450
2024-10-25,17210.0,086450
2024-10-28,17330.0,086450
2024-10-29,17400.0,086450
2024-10-30,17380.0,086450
2024-10-31,18000.0,086450
2024-11-01,18220.0,086450
2024-11-04,18400.0,086450
2024-11-05,18330.0,086450
2024-11-06,18000.0,086450
2024-11-07,17920.0,086450
2024-11-08,17750.0,086450
2024-11-11,17150.0,086450
2024-11-12,17000.0,086450
2024-11-13,17210.0,086450
2024-11-14,16470.0,086450
2024-11-15,18030.0,086450
2024-11-18,17580.0,086450
2024-11-19,17520.0,086450
2024-11-20,17440.0,086450
2024-11-21,17560.0,086450
2024-11-22,17460.0,086450
2024-11-25,17440.0,086450
2024-11-26,17090.0,086450
2024-11-27,16780.0,086450
2024-11-28,16750.0,086450
2024-11-29,16550.0,086450
2024-12-02,16620.0,086450
2024-12-03,16710.0,086450
2024-12-04,16420.0,086450
2024-12-05,16200.0,086450
2024-12-06,16230.0,086450
2024-12-09,15730.0,086450
2024-12-10,16480.0,086450
2024-12-11,16610.0,086450
2024-12-12,16350.0,086450
2024-12-13,16590.0,086450
2024-12-16,16680.0,086450
2024-12-17,16640.0,086450
2024-12-18,16610.0,086450
2024-12-19,16320.0,086450
2024-12-20,16140.0,086450
2024-12-23,16340.0,086450
2024-12-24,16710.0,086450
2024-12-26,16720.0,086450
2024-12-27,16250.0,086450
2024-12-30,16520.0,086450
2025-01-02,16300.0,086450
2025-01-03,16300.0,086450
2025-01-06,16430.0,086450
2025-01-07,16220.0,086450
2025-01-08,16260.0,086450
2025-01-09,15980.0,086450
2025-01-10,15860.0,086450
2025-01-13,15660.0,086450
2025-01-14,15530.0,086450
2025-01-15,15210.0,086450
2025-01-16,15450.0,086450
2025-01-17,15600.0,086450
2025-01-20,15420.0,086450
2025-01-21,15620.0,086450
2025-01-22,15520.0,086450
2025-01-23,15070.0,086450
2025-01-24,15230.0,086450
2025-01-31,15130.0,086450
2025-02-03,14470.0,086450
2025-02-04,15040.0,086450
2025-02-05,15800.0,086450
2025-02-06,16000.0,086450
2025-02-07,15650.0,086450
2025-02-10,15540.0,086450
2025-02-11,15390.0,086450
2025-02-12,15390.0,086450
2025-02-13,15410.0,086450
2025-02-14,15170.0,086450
2025-02-17,15830.0,086450
2025-02-18,15950.0,086450
2025-02-19,16090.0,086450
2025-02-20,15860.0,086450
2025-02-21,15980.0,086450
2025-02-24,15790.0,086450
2025-02-25,15830.0,086450
2025-02-26,16000.0,086450
2025-02-27,16030.0,086450
2025-02-28,15550.0,086450
2025-03-04,15540.0,086450
2025-03-05,15920.0,086450
2025-03-06,15770.0,086450
2025-03-07,15690.0,086450
2025-03-10,15580.0,086450
2025-03-11,15310.0,086450
2025-03-12,15240.0,086450
2025-03-13,15140.0,086450
2025-03-14,15170.0,086450
2025-03-17,15070.0,086450
2025-03-18,15060.0,086450
2025-03-19,15120.0,086450
2025-03-20,15140.0,086450
2025-03-21,14980.0,086450
2025-03-24,14790.0,086450
2025-03-25,14950.0,086450
2025-03-26,15020.0,086450
2025-03-27,15000.0,086450
2025-03-28,14900.0,086450
2025-03-31,14610.0,086450
2025-04-01,15120.0,086450
2025-04-02,15050.0,086450
2025-04-03,14990.0,086450
2025-04-04,15060.0,086450
2025-04-07,14670.0,086450
2025-04-08,14820.0,086450
2025-04-09,14590.0,086450
2025-04-10,15130.0,086450
2025-04-11,14950.0,086450
2025-04-14,15050.0,086450
2025-04-15,15290.0,086450
2025-04-16,15140.0,086450
2025-04-17,15210.0,086450
2025-04-18,15290.0,086450
2025-04-21,15390.0,086450
2025-04-22,15340.0,086450
2025-04-23,15410.0,086450
2025-04-24,15460.0,086450
2025-04-25,15360.0,086450
2025-04-28,15240.0,086450
2025-04-29,15380.0,086450
2025-04-30,15200.0,086450
2025-05-02,15230.0,086450
2025-05-07,15240.0,086450
2025-05-08,15520.0,086450
2025-05-09,15650.0,086450
2025-05-12,15640.0,086450
2025-05-13,15680.0,086450
2025-05-14,15720.0,086450
2025-05-15,16760.0,086450
2025-05-16,17150.0,086450
2025-05-19,16640.0,086450
2025-05-20,17250.0,086450
2025-05-21,17480.0,086450
2025-05-22,17350.0,086450
2025-05-23,17170.0,086450
2025-05-26,17150.0,086450
2025-05-27,17060.0,086450
2025-05-28,17100.0,086450
2025-05-29,16880.0,086450
2025-05-30,16970.0,086450
2025-06-02,17060.0,086450
2025-06-04,17040.0,086450
2025-06-05,17250.0,086450
2025-06-09,17360.0,086450
2025-06-10,17310.0,086450
2025-06-11,18380.0,086450
2025-06-12,17900.0,086450
2025-06-13,17330.0,086450
2025-06-16,17200.0,086450
2025-06-17,16880.0,086450
2025-06-18,17140.0,086450
2025-06-19,17030.0,086450
2025-06-20,17110.0,086450
2025-06-23,17600.0,086450
2025-06-24,17520.0,086450
2025-06-25,17450.0,086450
2025-06-26,17130.0,086450
2025-06-27,16980.0,086450
2025-06-30,17350.0,086450
2025-07-01,17690.0,086450
2025-07-02,17500.0,086450
2025-07-03,17680.0,086450
2025-07-04,17920.0,086450
2025-07-07,17960.0,086450
2025-07-08,17870.0,086450
2025-07-09,18100.0,086450
2025-07-10,18000.0,086450
2025-07-11,18130.0,086450
2025-07-14,18150.0,086450
2025-07-15,18410.0,086450
2025-07-16,18250.0,086450
2025-07-17,18660.0,086450
2025-07-18,18220.0,086450
2025-07-21,18260.0,086450
2025-07-22,18450.0,086450
2025-07-23,18800.0,086450
2025-07-24,18710.0,086450
2025-07-25,18460.0,086450
2025-07-28,18070.0,086450
2025-07-29,18480.0,086450
2025-07-30,18250.0,086450
2025-07-31,18870.0,086450
2025-08-01,18060.0,086450
2025-08-04,17950.0,086450
2025-08-05,18230.0,086450
2025-08-06,18300.0,086450
2025-08-07,18510.0,086450
2025-08-08,18570.0,086450
2025-08-11,18240.0,086450
2025-08-12,17430.0,086450
2025-08-13,17600.0,086450
2025-08-14,17720.0,086450
2025-08-18,17380.0,086450
2025-08-19,17050.0,086450
2025-08-20,17160.0,086450
2025-08-21,17070.0,086450
2025-08-22,17170.0,086450
2025-08-25,17150.0,086450
2025-08-26,17200.0,086450
2025-08-27,17100.0,086450
2025-08-28,17080.0,086450
2025-08-29,16970.0,086450
2025-09-01,16770.0,086450
2025-09-02,16910.0,086450
2025-09-03,17000.0,086450
2025-09-04,17090.0,086450
2025-09-05,16980.0,086450
2025-09-08,17130.0,086450
2025-09-09,17680.0,086450
2025-09-10,18470.0,086450
2025-09-11,19750.0,086450
2025-09-12,19300.0,086450
2025-09-15,19810.0,086450
2025-09-16,19800.0,086450
2025-09-17,19690.0,086450
2025-09-18,18910.0,086450
2025-09-19,19790.0,086450
2025-09-22,19110.0,086450
2025-09-23,19430.0,086450
2025-09-24,19360.0,086450
2025-09-25,19000.0,086450
2025-09-26,18470.0,086450
2025-09-29,18660.0,086450
2025-09-30,18880.0,086450
2025-10-01,19120.0,086450
2025-10-02,19130.0,086450
2025-10-10,18510.0,086450
2025-10-13,18600.0,086450
2025-10-14,18320.0,086450
2025-10-15,19340.0,086450
2025-10-16,18940.0,086450
2025-10-17,18450.0,086450
2025-10-20,18510.0,086450
2025-10-21,18380.0,086450
2025-10-22,18590.0,086450
2025-10-23,18180.0,086450
2025-10-24,17840.0,086450
2025-10-27,18200.0,086450
2025-10-28,18680.0,086450
2025-10-29,18140.0,086450
2025-10-30,17730.0,086450
2025-10-31,17680.0,086450
2025-11-03,17560.0,086450
2025-11-04,17840.0,086450
2025-11-05,17580.0,086450
2025-11-06,17600.0,086450
2025-11-07,17410.0,086450
2025-11-10,17700.0,086450
2025-11-11,17640.0,086450
2025-11-12,18040.0,086450
2025-11-13,18040.0,086450
2025-11-14,18000.0,086450
2025-11-17,19300.0,086450
2025-11-18,18930.0,086450
2025-11-19,18550.0,086450
2025-11-20,18610.0,086450
2025-11-21,18250.0,086450
2025-11-24,17900.0,086450
2025-11-25,17850.0,086450
2025-11-26,18240.0,086450
2025-11-27,18020.0,086450
2025-11-28,18720.0,086450
2025-12-01,18550.0,086450
2025-12-02,19190.0,086450
2025-12-03,19160.0,086450
2025-12-04,18900.0,086450
2025-12-05,18750.0,086450
2025-12-08,18750.0,086450
2025-12-09,19030.0,086450
2025-12-10,18860.0,086450
2025-12-11,18920.0,086450
2025-12-12,18530.0,086450
2025-12-15,18230.0,086450
2025-12-16,18320.0,086450
2025-12-17,18200.0,086450
2025-12-18,18060.0,086450
2025-12-19,17880.0,086450
2025-12-22,17950.0,086450
2025-12-23,17750.0,086450
2025-12-24,17690.0,086450
2025-12-26,17420.0,086450
2025-12-29,17380.0,086450
2025-12-30,17150.0,086450
2026-01-02,17080.0,086450
2026-01-05,17340.0,086450
2026-01-06,17140.0,086450
2026-01-07,17350.0,086450
2026-01-08,17130.0,086450
2026-01-09,16840.0,086450
2026-01-12,16910.0,086450
2026-01-13,16620.0,086450
2026-01-14,16570.0,086450
2026-01-15,16580.0,086450
2026-01-16,16530.0,086450
2026-01-19,16420.0,086450
2026-01-20,16660.0,086450
2026-01-21,16600.0,086450
2026-01-22,16590.0,086450
2026-01-23,17080.0,086450
2026-01-26,17690.0,086450
2026-01-27,18000.0,086450
2026-01-28,18440.0,086450
2026-01-29,18780.0,086450
2026-01-30,18790.0,086450
2026-02-02,17900.0,086450
2026-02-03,18170.0,086450
2026-02-04,18320.0,086450
2026-02-05,18030.0,086450
2026-02-06,17450.0,086450
2026-02-09,17980.0,086450
2026-02-10,18490.0,086450
2026-02-11,18340.0,086450
2026-02-12,18150.0,086450
2026-02-13,18100.0,086450
2026-02-19,20800.0,086450
2026-02-20,20500.0,086450
2026-02-23,20550.0,086450
2026-02-24,22000.0,086450
2026-02-25,21200.0,086450
2026-02-26,20450.0,086450
2026-02-27,20400.0,086450
2026-03-03,19680.0,086450
2026-03-04,17620.0,086450
2026-03-05,18700.0,086450
2026-03-06,19840.0,086450
2026-03-09,18860.0,086450
2026-03-10,19270.0,086450
2026-03-11,18510.0,086450
2026-03-12,18460.0,086450
2026-03-13,18400.0,086450
2026-03-16,17710.0,086450
2026-03-17,18140.0,086450
2026-03-18,18310.0,086450
2026-03-19,17900.0,086450
2026-03-20,18760.0,086450
2026-03-23,17880.0,086450
2026-03-24,18100.0,086450
2026-03-25,20000.0,086450
2026-03-26,20550.0,086450
2026-03-27,22300.0,086450
2026-03-30,23050.0,086450
2026-03-31,23600.0,086450
2026-04-01,29000.0,086450
2026-04-02,27850.0,086450
2026-04-03,27400.0,086450
2026-04-06,29900.0,086450
2026-04-07,28800.0,086450
2026-04-08,27750.0,086450
2026-04-09,28500.0,086450
2026-04-10,25600.0,086450
2026-04-13,25150.0,086450
2026-04-14,25750.0,086450
2026-04-15,27600.0,086450
2026-04-16,26650.0,086450
2026-04-17,25850.0,086450
2026-04-20,25500.0,086450
2026-04-21,24950.0,086450
2026-04-22,24950.0,086450
2026-04-23,24650.0,086450
2026-04-24,25900.0,086450
2026-04-27,25300.0,086450
2026-04-28,24900.0,086450
2026-04-29,24600.0,086450
2026-04-30,23900.0,086450
2026-05-04,23750.0,086450
2026-05-06,23350.0,086450
2026-05-07,23300.0,086450
2026-05-08,23100.0,086450
2026-05-11,23000.0,086450
2026-05-12,22300.0,086450
2026-05-13,21650.0,086450
2026-05-14,22400.0,086450
2026-05-15,22650.0,086450
2026-05-18,21400.0,086450
2026-05-19,21400.0,086450
2026-05-20,20850.0,086450
2026-05-21,20900.0,086450
2026-05-22,22300.0,086450
2026-05-26,21500.0,086450
2026-05-27,20700.0,086450
2026-05-28,20150.0,086450
2026-05-29,19670.0,086450
2026-06-01,19220.0,086450
2026-06-02,18520.0,086450
2026-06-04,18530.0,086450
2026-06-05,17740.0,086450
2026-06-08,16540.0,086450
2026-06-09,17730.0,086450
2026-06-10,18200.0,086450
2026-06-11,18940.0,086450
2026-06-12,19180.0,086450
2026-06-15,19460.0,086450
2026-06-16,19500.0,086450
2026-06-17,19700.0,086450
2026-06-18,18810.0,086450
2026-06-19,18240.0,086450
2026-06-22,18470.0,086450
2026-06-23,17280.0,086450
2026-06-24,18190.0,086450
2026-06-25,17840.0,086450
2026-06-26,17030.0,086450
2026-06-29,18930.0,086450
2026-06-30,19170.0,086450
2026-07-01,20150.0,086450
2026-07-02,20450.0,086450
2026-07-03,20100.0,086450
2026-07-06,19120.0,086450
2026-07-07,19430.0,086450
2026-07-08,18710.0,086450
2026-07-09,18320.0,086450
2026-07-10,19180.0,086450
2026-07-13,19250.0,086450
2026-07-14,19200.0,086450
2026-07-15,19060.0,086450
2026-07-16,19290.0,086450
2026-07-20,18350.0,086450
2026-07-21,18820.0,086450
2026-07-22,18200.0,086450
2026-07-23,18570.0,086450
2026-07-24,18230.0,086450
2026-07-27,18580.0,086450
2026-07-28,17460.0,086450
2026-07-29,17040.0,086450
2026-07-30,17140.0,086450
2026-07-31,17500.0,086450
2026-08-03,17570.0,086450
2026-08-04,18230.0,086450
2026-08-05,18320.0,086450
2026-08-06,19200.0,086450
2026-08-07,19300.0,086450
2026-08-10,20100.0,086450
2026-08-11,21450.0,086450
2026-08-12,21600.0,086450
2026-08-13,20450.0,086450
2026-08-14,19720.0,086450
2026-08-18,18200.0,086450
2026-08-19,18000.0,086450
2026-08-20,18500.0,086450
2026-08-21,17770.0,086450
2026-08-24,19210.0,086450
2026-08-25,18850.0,086450
2026-08-26,19200.0,086450
2026-08-27,18640.0,086450
2026-08-28,21500.0,086450
2026-08-31,22250.0,086450
2014-06-11,3655.0,089890
2014-06-12,3700.0,089890
2014-06-13,3800.0,089890
2014-06-16,3790.0,089890
2014-06-17,3780.0,089890
2014-06-18,3705.0,089890
2014-06-19,3695.0,089890
2014-06-20,3595.0,089890
2014-06-23,3460.0,089890
2014-06-24,3075.0,089890
2014-06-25,3310.0,089890
2014-06-26,3215.0,089890
2014-06-27,3055.0,089890
2014-06-30,3055.0,089890
2014-07-01,3095.0,089890
2014-07-02,3150.0,089890
2014-07-03,3175.0,089890
2014-07-04,3140.0,089890
2014-07-07,3100.0,089890
2014-07-08,3145.0,089890
2014-07-09,3130.0,089890
2014-07-10,3175.0,089890
2014-07-11,3165.0,089890
2014-07-14,3145.0,089890
2014-07-15,3160.0,089890
2014-07-16,3145.0,089890
2014-07-17,3125.0,089890
2014-07-18,3115.0,089890
2014-07-21,3075.0,089890
2014-07-22,3000.0,089890
2014-07-23,2765.0,089890
2014-07-24,2585.0,089890
2014-07-25,2200.0,089890
2014-07-28,2140.0,089890
2014-07-29,2140.0,089890
2014-07-30,2200.0,089890
2014-07-31,2113.0,089890
2014-08-01,2040.0,089890
2014-08-04,2075.0,089890
2014-08-05,2115.0,089890
2014-08-06,2133.0,089890
2014-08-07,2070.0,089890
2014-08-08,1960.0,089890
2014-08-11,1923.0,089890
2014-08-12,1890.0,089890
2014-08-13,1905.0,089890
2014-08-14,1928.0,089890
2014-08-18,1640.0,089890
2014-08-19,1533.0,089890
2014-08-20,1540.0,089890
2014-08-21,1525.0,089890
2014-08-22,1500.0,089890
2014-08-25,1533.0,089890
2014-08-26,1550.0,089890
2014-08-27,1523.0,089890
2014-08-28,1493.0,089890
2014-08-29,1513.0,089890
2014-09-01,1480.0,089890
2014-09-02,1510.0,089890
2014-09-03,1520.0,089890
2014-09-04,1513.0,089890
2014-09-05,1515.0,089890
2014-09-11,1498.0,089890
2014-09-12,1605.0,089890
2014-09-15,1670.0,089890
2014-09-16,1750.0,089890
2014-09-17,1763.0,089890
2014-09-18,1750.0,089890
2014-09-19,1750.0,089890
2014-09-22,1770.0,089890
2014-09-23,1745.0,089890
2014-09-24,1678.0,089890
2014-09-25,1675.0,089890
2014-09-26,1645.0,089890
2014-09-29,1650.0,089890
2014-09-30,1565.0,089890
2014-10-01,1560.0,089890
2014-10-02,1573.0,089890
2014-10-06,1583.0,089890
2014-10-07,1575.0,089890
2014-10-08,1545.0,089890
2014-10-10,1538.0,089890
2014-10-13,1500.0,089890
2014-10-14,1495.0,089890
2014-10-15,1443.0,089890
2014-10-16,1440.0,089890
2014-10-17,1350.0,089890
2014-10-20,1250.0,089890
2014-10-21,1260.0,089890
2014-10-22,1245.0,089890
2014-10-23,1295.0,089890
2014-10-24,1355.0,089890
2014-10-27,1368.0,089890
2014-10-28,1350.0,089890
2014-10-29,1378.0,089890
2014-10-30,1583.0,089890
2014-10-31,1700.0,089890
2014-11-03,1955.0,089890
2014-11-04,1958.0,089890
2014-11-05,1870.0,089890
2014-11-06,1850.0,089890
2014-11-07,1823.0,089890
2014-11-10,1748.0,089890
2014-11-11,1783.0,089890
2014-11-12,1790.0,089890
2014-11-13,1793.0,089890
2014-11-14,1843.0,089890
2014-11-17,1865.0,089890
2014-11-18,1835.0,089890
2014-11-19,1835.0,089890
2014-11-20,1808.0,089890
2014-11-21,1773.0,089890
2014-11-24,1725.0,089890
2014-11-25,1650.0,089890
2014-11-26,1668.0,089890
2014-11-27,1685.0,089890
2014-11-28,1650.0,089890
2014-12-01,1688.0,089890
2014-12-02,1668.0,089890
2014-12-03,1575.0,089890
2014-12-04,1595.0,089890
2014-12-05,1593.0,089890
2014-12-08,1605.0,089890
2014-12-09,1568.0,089890
2014-12-10,1493.0,089890
2014-12-11,1520.0,089890
2014-12-12,1515.0,089890
2014-12-15,1485.0,089890
2014-12-16,1475.0,089890
2014-12-17,1465.0,089890
2014-12-18,1455.0,089890
2014-12-19,1485.0,089890
2014-12-22,1445.0,089890
2014-12-23,1425.0,089890
2014-12-24,1365.0,089890
2014-12-26,1365.0,089890
2014-12-29,1418.0,089890
2014-12-30,1563.0,089890
2015-01-02,1558.0,089890
2015-01-05,1520.0,089890
2015-01-06,1500.0,089890
2015-01-07,1510.0,089890
2015-01-08,1515.0,089890
2015-01-09,1515.0,089890
2015-01-12,1480.0,089890
2015-01-13,1518.0,089890
2015-01-14,1503.0,089890
2015-01-15,1475.0,089890
2015-01-16,1375.0,089890
2015-01-19,1343.0,089890
2015-01-20,1350.0,089890
2015-01-21,1323.0,089890
2015-01-22,1300.0,089890
2015-01-23,1265.0,089890
2015-01-26,1260.0,089890
2015-01-27,1278.0,089890
2015-01-28,1290.0,089890
2015-01-29,1288.0,089890
2015-01-30,1280.0,089890
2015-02-02,1320.0,089890
2015-02-03,1308.0,089890
2015-02-04,1445.0,089890
2015-02-05,1450.0,089890
2015-02-06,1410.0,089890
2015-02-09,1413.0,089890
2015-02-10,1343.0,089890
2015-02-11,1340.0,089890
2015-02-12,1365.0,089890
2015-02-13,1375.0,089890
2015-02-16,1170.0,089890
2015-02-17,995.0,089890
2015-02-23,848.0,089890
2015-02-24,885.0,089890
2015-02-25,1000.0,089890
2015-02-26,948.0,089890
2015-02-27,950.0,089890
2015-03-02,960.0,089890
2015-03-03,958.0,089890
2015-03-04,923.0,089890
2015-03-05,953.0,089890
2015-03-06,950.0,089890
2015-03-09,925.0,089890
2015-03-10,895.0,089890
2015-03-11,898.0,089890
2015-03-12,908.0,089890
2015-03-13,900.0,089890
2015-03-16,925.0,089890
2015-03-17,925.0,089890
2015-03-18,930.0,089890
2015-03-19,910.0,089890
2015-03-20,858.0,089890
2015-03-23,870.0,089890
2015-03-24,855.0,089890
2015-03-25,863.0,089890
2015-03-26,860.0,089890
2015-03-27,910.0,089890
2015-03-30,965.0,089890
2015-03-31,1053.0,089890
2015-04-01,1028.0,089890
2015-04-02,1100.0,089890
2015-04-03,1078.0,089890
2015-04-06,1205.0,089890
2015-04-07,1375.0,089890
2015-04-08,1415.0,089890
2015-04-09,1618.0,089890
2015-04-10,1633.0,089890
2015-04-13,1600.0,089890
2015-04-14,1553.0,089890
2015-04-15,1540.0,089890
2015-04-16,1510.0,089890
2015-04-17,1495.0,089890
2015-04-20,1498.0,089890
2015-04-21,1520.0,089890
2015-04-22,1500.0,089890
2015-04-23,1515.0,089890
2015-04-24,1515.0,089890
2015-04-27,1505.0,089890
2015-04-28,1498.0,089890
2015-04-29,1518.0,089890
2015-04-30,1480.0,089890
2015-05-04,1445.0,089890
2015-05-06,1395.0,089890
2015-05-07,1385.0,089890
2015-05-08,1413.0,089890
2015-05-11,1445.0,089890
2015-05-12,1465.0,089890
2015-05-13,1470.0,089890
2015-05-14,1455.0,089890
2015-05-15,1475.0,089890
2015-05-18,1463.0,089890
2015-05-19,1400.0,089890
2015-05-20,1428.0,089890
2015-05-21,1390.0,089890
2015-05-22,1385.0,089890
2015-05-26,1383.0,089890
2015-05-27,1370.0,089890
2015-05-28,1458.0,089890
2015-05-29,1550.0,089890
2015-06-01,1570.0,089890
2015-06-02,1553.0,089890
2015-06-03,1473.0,089890
2015-06-04,1490.0,089890
2015-06-05,1473.0,089890
2015-06-08,1468.0,089890
2015-06-09,1450.0,089890
2015-06-10,1435.0,089890
2015-06-11,1400.0,089890
2015-06-12,1385.0,089890
2015-06-15,1398.0,089890
2015-06-16,1400.0,089890
2015-06-17,1350.0,089890
2015-06-18,1300.0,089890
2015-06-19,1275.0,089890
2015-06-22,1265.0,089890
2015-06-23,1248.0,089890
2015-06-24,1223.0,089890
2015-06-25,1233.0,089890
2015-06-26,1255.0,089890
2015-06-29,1255.0,089890
2015-06-30,1250.0,089890
2015-07-01,1243.0,089890
2015-07-02,1225.0,089890
2015-07-03,1250.0,089890
2015-07-06,1240.0,089890
2015-07-07,1225.0,089890
2015-07-08,1235.0,089890
2015-07-09,1235.0,089890
2015-07-10,1228.0,089890
2015-07-13,1213.0,089890
2015-07-14,1180.0,089890
2015-07-15,1168.0,089890
2015-07-16,1150.0,089890
2015-07-17,1155.0,089890
2015-07-20,1115.0,089890
2015-07-21,1093.0,089890
2015-07-22,1118.0,089890
2015-07-23,1120.0,089890
2015-07-24,1150.0,089890
2015-07-27,1148.0,089890
2015-07-28,1103.0,089890
2015-07-29,1098.0,089890
2015-07-30,1065.0,089890
2015-07-31,1045.0,089890
2015-08-03,1050.0,089890
2015-08-04,1045.0,089890
2015-08-05,1088.0,089890
2015-08-06,1075.0,089890
2015-08-07,1050.0,089890
2015-08-10,1030.0,089890
2015-08-11,1035.0,089890
2015-08-12,1020.0,089890
2015-08-13,1043.0,089890
2015-08-17,1045.0,089890
2015-08-18,1040.0,089890
2015-08-19,1045.0,089890
2015-08-20,1058.0,089890
2015-08-21,1025.0,089890
2015-08-24,1033.0,089890
2015-08-25,1000.0,089890
2015-08-26,1000.0,089890
2015-08-27,1000.0,089890
2015-08-28,1008.0,089890
2015-08-31,1010.0,089890
2015-09-01,1013.0,089890
2015-09-02,998.0,089890
2015-09-03,1005.0,089890
2015-09-04,993.0,089890
2015-09-07,1030.0,089890
2015-09-08,1000.0,089890
2015-09-09,998.0,089890
2015-09-10,1045.0,089890
2015-09-11,1358.0,089890
2015-09-14,1298.0,089890
2015-09-15,1305.0,089890
2015-09-16,1308.0,089890
2015-09-17,1295.0,089890
2015-09-18,1278.0,089890
2015-09-21,1228.0,089890
2015-09-22,1215.0,089890
2015-09-23,1195.0,089890
2015-09-24,1208.0,089890
2015-09-25,1268.0,089890
2015-09-30,1315.0,089890
2015-10-01,1370.0,089890
2015-10-02,1540.0,089890
2015-10-05,1425.0,089890
2015-10-06,1440.0,089890
2015-10-07,1420.0,089890
2015-10-08,1435.0,089890
2015-10-12,1438.0,089890
2015-10-13,1425.0,089890
2015-10-14,1425.0,089890
2015-10-15,1428.0,089890
2015-10-16,1430.0,089890
2015-10-19,1450.0,089890
2015-10-20,1445.0,089890
2015-10-21,1440.0,089890
2015-10-22,1390.0,089890
2015-10-23,1340.0,089890
2015-10-26,1388.0,089890
2015-10-27,1415.0,089890
2015-10-28,1373.0,089890
2015-10-29,1373.0,089890
2015-10-30,1360.0,089890
2015-11-02,1400.0,089890
2015-11-03,1400.0,089890
2015-11-04,1383.0,089890
2015-11-05,1383.0,089890
2015-11-06,1403.0,089890
2015-11-09,1380.0,089890
2015-11-10,1390.0,089890
2015-11-11,1395.0,089890
2015-11-12,1400.0,089890
2015-11-13,1390.0,089890
2015-11-16,1400.0,089890
2015-11-17,1388.0,089890
2015-11-18,1550.0,089890
2015-11-19,1560.0,089890
2015-11-20,1495.0,089890
2015-11-23,1545.0,089890
2015-11-24,1595.0,089890
2015-11-25,1698.0,089890
2015-11-26,1810.0,089890
2015-11-27,1820.0,089890
2015-11-30,1780.0,089890
2015-12-01,1898.0,089890
2015-12-02,1865.0,089890
2015-12-03,1868.0,089890
2015-12-04,1865.0,089890
2015-12-07,1783.0,089890
2015-12-08,1733.0,089890
2015-12-09,1695.0,089890
2015-12-10,1683.0,089890
2015-12-11,1698.0,089890
2015-12-14,1628.0,089890
2015-12-15,1740.0,089890
2015-12-16,1790.0,089890
2015-12-17,1800.0,089890
2015-12-18,1813.0,089890
2015-12-21,1813.0,089890
2015-12-22,1800.0,089890
2015-12-23,1800.0,089890
2015-12-24,1773.0,089890
2015-12-28,1720.0,089890
2015-12-29,1740.0,089890
2015-12-30,1750.0,089890
2016-01-04,1773.0,089890
2016-01-05,1755.0,089890
2016-01-06,1755.0,089890
2016-01-07,1685.0,089890
2016-01-08,1700.0,089890
2016-01-11,1698.0,089890
2016-01-12,1725.0,089890
2016-01-13,1735.0,089890
2016-01-14,1650.0,089890
2016-01-15,1675.0,089890
2016-01-18,1668.0,089890
2016-01-19,1520.0,089890
2016-01-20,1575.0,089890
2016-01-21,1585.0,089890
2016-01-22,1525.0,089890
2016-01-25,1543.0,089890
2016-01-26,1653.0,089890
2016-01-27,1620.0,089890
2016-01-28,1638.0,089890
2016-01-29,1700.0,089890
2016-02-01,1650.0,089890
2016-02-02,1640.0,089890
2016-02-03,1650.0,089890
2016-02-04,1668.0,089890
2016-02-05,1633.0,089890
2016-02-11,1575.0,089890
2016-02-12,1583.0,089890
2016-02-15,1615.0,089890
2016-02-16,1600.0,089890
2016-02-17,1600.0,089890
2016-02-18,1640.0,089890
2016-02-19,1693.0,089890
2016-02-22,1725.0,089890
2016-02-23,1755.0,089890
2016-02-24,1795.0,089890
2016-02-25,1778.0,089890
2016-02-26,1833.0,089890
2016-02-29,1855.0,089890
2016-03-02,1853.0,089890
2016-03-03,1885.0,089890
2016-03-04,2028.0,089890
2016-03-07,2223.0,089890
2016-03-08,2250.0,089890
2016-03-09,2205.0,089890
2016-03-10,2128.0,089890
2016-03-11,2198.0,089890
2016-03-14,2258.0,089890
2016-03-15,2273.0,089890
2016-03-16,2270.0,089890
2016-03-17,2240.0,089890
2016-03-18,2245.0,089890
2016-03-21,2233.0,089890
2016-03-22,2245.0,089890
2016-03-23,2245.0,089890
2016-03-24,2240.0,089890
2016-03-25,2225.0,089890
2016-03-28,2180.0,089890
2016-03-29,2075.0,089890
2016-03-30,2063.0,089890
2016-03-31,2060.0,089890
2016-04-01,2115.0,089890
2016-04-04,2100.0,089890
2016-04-05,2115.0,089890
2016-04-06,2090.0,089890
2016-04-07,2088.0,089890
2016-04-08,2040.0,089890
2016-04-11,2075.0,089890
2016-04-12,2090.0,089890
2016-04-14,2135.0,089890
2016-04-15,2185.0,089890
2016-04-18,2225.0,089890
2016-04-19,2255.0,089890
2016-04-20,2250.0,089890
2016-04-21,2400.0,089890
2016-04-22,2350.0,089890
2016-04-25,2350.0,089890
2016-04-26,2355.0,089890
2016-04-27,2383.0,089890
2016-04-28,2365.0,089890
2016-04-29,2370.0,089890
2016-05-02,2225.0,089890
2016-05-03,2235.0,089890
2016-05-04,2245.0,089890
2016-05-09,2255.0,089890
2016-05-10,2198.0,089890
2016-05-11,2125.0,089890
2016-05-12,2080.0,089890
2016-05-13,2170.0,089890
2016-05-16,2165.0,089890
2016-05-17,1950.0,089890
2016-05-18,1880.0,089890
2016-05-19,1843.0,089890
2016-05-20,1865.0,089890
2016-05-23,1888.0,089890
2016-05-24,1890.0,089890
2016-05-25,1778.0,089890
2016-05-26,1705.0,089890
2016-05-27,1758.0,089890
2016-05-30,1765.0,089890
2016-05-31,1770.0,089890
2016-06-01,1795.0,089890
2016-06-02,1805.0,089890
2016-06-03,1840.0,089890
2016-06-07,1820.0,089890
2016-06-08,1793.0,089890
2016-06-09,1795.0,089890
2016-06-10,1805.0,089890
2016-06-13,1775.0,089890
2016-06-14,1745.0,089890
2016-06-15,1628.0,089890
2016-06-16,1640.0,089890
2016-06-17,1600.0,089890
2016-06-20,1565.0,089890
2016-06-21,1570.0,089890
2016-06-22,1620.0,089890
2016-06-23,1595.0,089890
2016-06-24,1545.0,089890
2016-06-27,1503.0,089890
2016-06-28,1540.0,089890
2016-06-29,1575.0,089890
2016-06-30,1575.0,089890
2016-07-01,1570.0,089890
2016-07-04,1595.0,089890
2016-07-05,1928.0,089890
2016-07-06,1880.0,089890
2016-07-07,1910.0,089890
2016-07-08,1925.0,089890
2016-07-11,1895.0,089890
2016-07-12,1840.0,089890
2016-07-13,1840.0,089890
2016-07-14,1880.0,089890
2016-07-15,1890.0,089890
2016-07-18,1953.0,089890
2016-07-19,1965.0,089890
2016-07-20,1938.0,089890
2016-07-21,1938.0,089890
2016-07-22,1930.0,089890
2016-07-25,1840.0,089890
2016-07-26,1820.0,089890
2016-07-27,1743.0,089890
2016-07-28,1758.0,089890
2016-07-29,1758.0,089890
2016-08-01,1818.0,089890
2016-08-02,1848.0,089890
2016-08-03,1860.0,089890
2016-08-04,1873.0,089890
2016-08-05,1900.0,089890
2016-08-08,1925.0,089890
2016-08-09,1918.0,089890
2016-08-10,1925.0,089890
2016-08-11,1938.0,089890
2016-08-12,1953.0,089890
2016-08-16,1813.0,089890
2016-08-17,1823.0,089890
2016-08-18,1848.0,089890
2016-08-19,1760.0,089890
2016-08-22,1803.0,089890
2016-08-23,1763.0,089890
2016-08-24,1808.0,089890
2016-08-25,1810.0,089890
2016-08-26,1798.0,089890
2016-08-29,1798.0,089890
2016-08-30,1815.0,089890
2016-08-31,1800.0,089890
2016-09-01,1790.0,089890
2016-09-02,1820.0,089890
2016-09-05,1823.0,089890
2016-09-06,1838.0,089890
2016-09-07,1825.0,089890
2016-09-08,1805.0,089890
2016-09-09,1848.0,089890
2016-09-12,1800.0,089890
2016-09-13,1835.0,089890
2016-09-19,1830.0,089890
2016-09-20,1833.0,089890
2016-09-21,1785.0,089890
2016-09-22,1855.0,089890
2016-09-23,1848.0,089890
2016-09-26,1845.0,089890
2016-09-27,1825.0,089890
2016-09-28,1823.0,089890
2016-09-29,1823.0,089890
2016-09-30,1800.0,089890
2016-10-04,1835.0,089890
2016-10-05,1835.0,089890
2016-10-06,1828.0,089890
2016-10-07,1818.0,089890
2016-10-10,1810.0,089890
2016-10-11,1803.0,089890
2016-10-12,1780.0,089890
2016-10-13,1780.0,089890
2016-10-14,1798.0,089890
2016-10-17,1710.0,089890
2016-10-18,1740.0,089890
2016-10-19,1733.0,089890
2016-10-20,1718.0,089890
2016-10-21,1680.0,089890
2016-10-24,1653.0,089890
2016-10-25,1525.0,089890
2016-10-26,1390.0,089890
2016-10-27,1400.0,089890
2016-10-28,1495.0,089890
2016-10-31,1465.0,089890
2016-11-01,1470.0,089890
2016-11-02,1415.0,089890
2016-11-03,1418.0,089890
2016-11-04,1418.0,089890
2016-11-07,1418.0,089890
2016-11-08,1410.0,089890
2016-11-09,1360.0,089890
2016-11-10,1360.0,089890
2016-11-11,1488.0,089890
2016-11-14,1488.0,089890
2016-11-15,1630.0,089890
2016-11-16,1600.0,089890
2016-11-17,1605.0,089890
2016-11-18,1585.0,089890
2016-11-21,1540.0,089890
2016-11-22,1575.0,089890
2016-11-23,1518.0,089890
2016-11-24,1515.0,089890
2016-11-25,1563.0,089890
2016-11-28,1543.0,089890
2016-11-29,1550.0,089890
2016-11-30,1535.0,089890
2016-12-01,1500.0,089890
2016-12-02,1518.0,089890
2016-12-05,1518.0,089890
2016-12-06,1530.0,089890
2016-12-07,1543.0,089890
2016-12-08,1520.0,089890
2016-12-09,1523.0,089890
2016-12-12,1523.0,089890
2016-12-13,1550.0,089890
2016-12-14,1578.0,089890
2016-12-15,1598.0,089890
2016-12-16,1588.0,089890
2016-12-19,1723.0,089890
2016-12-20,1965.0,089890
2016-12-21,1855.0,089890
2016-12-22,1980.0,089890
2016-12-23,2055.0,089890
2016-12-26,2000.0,089890
2016-12-27,1995.0,089890
2016-12-28,2023.0,089890
2016-12-29,2023.0,089890
2017-01-02,2020.0,089890
2017-01-03,2013.0,089890
2017-01-04,2023.0,089890
2017-01-05,1988.0,089890
2017-01-06,1925.0,089890
2017-01-09,1878.0,089890
2017-01-10,1895.0,089890
2017-01-11,1863.0,089890
2017-01-12,1825.0,089890
2017-01-13,1735.0,089890
2017-01-16,1710.0,089890
2017-01-17,1830.0,089890
2017-01-18,1773.0,089890
2017-01-19,1775.0,089890
2017-01-20,1745.0,089890
2017-01-23,1703.0,089890
2017-01-24,1705.0,089890
2017-01-25,1718.0,089890
2017-01-26,1750.0,089890
2017-01-31,1728.0,089890
2017-02-01,1755.0,089890
2017-02-02,1545.0,089890
2017-02-03,1545.0,089890
2017-02-06,1540.0,089890
2017-02-07,1540.0,089890
2017-02-08,1523.0,089890
2017-02-09,1515.0,089890
2017-02-10,1500.0,089890
2017-02-13,1533.0,089890
2017-02-14,1530.0,089890
2017-02-15,1545.0,089890
2017-02-16,1520.0,089890
2017-02-17,1523.0,089890
2017-02-20,1525.0,089890
2017-02-21,1518.0,089890
2017-02-22,1533.0,089890
2017-02-23,1465.0,089890
2017-02-24,1498.0,089890
2017-02-27,1468.0,089890
2017-02-28,1465.0,089890
2017-03-02,1470.0,089890
2017-03-03,1488.0,089890
2017-03-06,1448.0,089890
2017-03-07,1500.0,089890
2017-03-08,1543.0,089890
2017-03-09,1538.0,089890
2017-03-10,1520.0,089890
2017-03-13,1525.0,089890
2017-03-14,1500.0,089890
2017-03-15,1483.0,089890
2017-03-16,1503.0,089890
2017-03-17,1483.0,089890
2017-03-20,1495.0,089890
2017-03-21,1488.0,089890
2017-03-22,1455.0,089890
2017-03-23,1445.0,089890
2017-03-24,1475.0,089890
2017-03-27,1478.0,089890
2017-03-28,1488.0,089890
2017-03-29,1475.0,089890
2017-03-30,1458.0,089890
2017-03-31,1513.0,089890
2017-04-03,1523.0,089890
2017-04-04,1575.0,089890
2017-04-05,1610.0,089890
2017-04-06,1650.0,089890
2017-04-07,1655.0,089890
2017-04-10,1665.0,089890
2017-04-11,1650.0,089890
2017-04-12,1648.0,089890
2017-04-13,1628.0,089890
2017-04-14,1628.0,089890
2017-04-17,1590.0,089890
2017-04-18,1560.0,089890
2017-04-19,1570.0,089890
2017-04-20,1603.0,089890
2017-04-21,1620.0,089890
2017-04-24,1603.0,089890
2017-04-25,1643.0,089890
2017-04-26,1638.0,089890
2017-04-27,1620.0,089890
2017-04-28,1625.0,089890
2017-05-02,1645.0,089890
2017-05-04,1650.0,089890
2017-05-08,1593.0,089890
2017-05-10,1645.0,089890
2017-05-11,1630.0,089890
2017-05-12,1603.0,089890
2017-05-15,1600.0,089890
2017-05-16,1595.0,089890
2017-05-17,1573.0,089890
2017-05-18,1575.0,089890
2017-05-19,1570.0,089890
2017-05-22,1563.0,089890
2017-05-23,1558.0,089890
2017-05-24,1525.0,089890
2017-05-25,1555.0,089890
2017-05-26,1580.0,089890
2017-05-29,1625.0,089890
2017-05-30,1615.0,089890
2017-05-31,1580.0,089890
2017-06-01,1570.0,089890
2017-06-02,1640.0,089890
2017-06-05,1640.0,089890
2017-06-07,1673.0,089890
2017-06-08,1775.0,089890
2017-06-09,1920.0,089890
2017-06-12,1865.0,089890
2017-06-13,1888.0,089890
2017-06-14,1918.0,089890
2017-06-15,1900.0,089890
2017-06-16,1890.0,089890
2017-06-19,1875.0,089890
2017-06-20,1875.0,089890
2017-06-21,1910.0,089890
2017-06-22,1878.0,089890
2017-06-23,1890.0,089890
2017-06-26,1883.0,089890
2017-06-27,1858.0,089890
2017-06-28,1825.0,089890
2017-06-29,1810.0,089890
2017-06-30,1810.0,089890
2017-07-03,1815.0,089890
2017-07-04,1818.0,089890
2017-07-05,1835.0,089890
2017-07-06,1835.0,089890
2017-07-07,1848.0,089890
2017-07-10,1865.0,089890
2017-07-11,1850.0,089890
2017-07-12,1845.0,089890
2017-07-13,1830.0,089890
2017-07-14,1805.0,089890
2017-07-17,1775.0,089890
2017-07-18,1750.0,089890
2017-07-19,1765.0,089890
2017-07-20,1768.0,089890
2017-07-21,1720.0,089890
2017-07-24,1710.0,089890
2017-07-25,1745.0,089890
2017-07-26,1743.0,089890
2017-07-27,1800.0,089890
2017-07-28,1765.0,089890
2017-07-31,1760.0,089890
2017-08-01,1768.0,089890
2017-08-02,1725.0,089890
2017-08-03,1720.0,089890
2017-08-04,1723.0,089890
2017-08-07,1723.0,089890
2017-08-08,1735.0,089890
2017-08-09,1723.0,089890
2017-08-10,1785.0,089890
2017-08-11,1743.0,089890
2017-08-14,1765.0,089890
2017-08-16,1750.0,089890
2017-08-17,1745.0,089890
2017-08-18,1700.0,089890
2017-08-21,1703.0,089890
2017-08-22,1700.0,089890
2017-08-23,1670.0,089890
2017-08-24,1630.0,089890
2017-08-25,1665.0,089890
2017-08-28,1665.0,089890
2017-08-29,1690.0,089890
2017-08-30,1705.0,089890
2017-08-31,1683.0,089890
2017-09-01,1700.0,089890
2017-09-04,1718.0,089890
2017-09-05,1675.0,089890
2017-09-06,1678.0,089890
2017-09-07,1680.0,089890
2017-09-08,1663.0,089890
2017-09-11,1673.0,089890
2017-09-12,1698.0,089890
2017-09-13,1660.0,089890
2017-09-14,1685.0,089890
2017-09-15,1695.0,089890
2017-09-18,1720.0,089890
2017-09-19,1715.0,089890
2017-09-20,1720.0,089890
2017-09-21,1738.0,089890
2017-09-22,1738.0,089890
2017-09-25,1775.0,089890
2017-09-26,1770.0,089890
2017-09-27,1760.0,089890
2017-09-28,1753.0,089890
2017-09-29,1700.0,089890
2017-10-10,1700.0,089890
2017-10-11,1775.0,089890
2017-10-12,1780.0,089890
2017-10-13,1765.0,089890
2017-10-16,1768.0,089890
2017-10-17,1810.0,089890
2017-10-18,1875.0,089890
2017-10-19,1960.0,089890
2017-10-20,1990.0,089890
2017-10-23,2005.0,089890
2017-10-24,2090.0,089890
2017-10-25,2095.0,089890
2017-10-26,2015.0,089890
2017-10-27,1990.0,089890
2017-10-30,1975.0,089890
2017-10-31,1970.0,089890
2017-11-01,1960.0,089890
2017-11-02,2010.0,089890
2017-11-03,2013.0,089890
2017-11-06,2045.0,089890
2017-11-07,2048.0,089890
2017-11-08,2068.0,089890
2017-11-09,2218.0,089890
2017-11-10,2375.0,089890
2017-11-13,2435.0,089890
2017-11-14,2505.0,089890
2017-11-15,2490.0,089890
2017-11-16,2515.0,089890
2017-11-17,2473.0,089890
2017-11-20,2438.0,089890
2017-11-21,2440.0,089890
2017-11-22,2440.0,089890
2017-11-23,2395.0,089890
2017-11-24,2425.0,089890
2017-11-27,2395.0,089890
2017-11-28,2290.0,089890
2017-11-29,2393.0,089890
2017-11-30,2490.0,089890
2017-12-01,2565.0,089890
2017-12-04,2575.0,089890
2017-12-05,2600.0,089890
2017-12-06,2565.0,089890
2017-12-07,2565.0,089890
2017-12-08,2545.0,089890
2017-12-11,2545.0,089890
2017-12-12,2540.0,089890
2017-12-13,2550.0,089890
2017-12-14,2525.0,089890
2017-12-15,2545.0,089890
2017-12-18,2500.0,089890
2017-12-19,2520.0,089890
2017-12-20,2535.0,089890
2017-12-21,2443.0,089890
2017-12-22,2500.0,089890
2017-12-26,2480.0,089890
2017-12-27,2550.0,089890
2017-12-28,2550.0,089890
2018-01-02,2900.0,089890
2018-01-03,3150.0,089890
2018-01-04,3190.0,089890
2018-01-05,3215.0,089890
2018-01-08,3395.0,089890
2018-01-09,3520.0,089890
2018-01-10,3980.0,089890
2018-01-11,4035.0,089890
2018-01-12,3705.0,089890
2018-01-15,3725.0,089890
2018-01-16,3625.0,089890
2018-01-17,3560.0,089890
2018-01-18,3520.0,089890
2018-01-19,3500.0,089890
2018-01-22,3540.0,089890
2018-01-23,3795.0,089890
2018-01-24,3645.0,089890
2018-01-25,3580.0,089890
2018-01-26,3515.0,089890
2018-01-29,3550.0,089890
2018-01-30,3400.0,089890
2018-01-31,3500.0,089890
2018-02-01,3450.0,089890
2018-02-02,3340.0,089890
2018-02-05,3155.0,089890
2018-02-06,3100.0,089890
2018-02-07,3005.0,089890
2018-02-08,3000.0,089890
2018-02-09,2985.0,089890
2018-02-12,3095.0,089890
2018-02-13,3135.0,089890
2018-02-14,3150.0,089890
2018-02-19,3205.0,089890
2018-02-20,3185.0,089890
2018-02-21,3170.0,089890
2018-02-22,3165.0,089890
2018-02-23,3150.0,089890
2018-02-26,3240.0,089890
2018-02-27,3300.0,089890
2018-02-28,3345.0,089890
2018-03-02,3350.0,089890
2018-03-05,3275.0,089890
2018-03-06,3265.0,089890
2018-03-07,3455.0,089890
2018-03-08,3225.0,089890
2018-03-09,3055.0,089890
2018-03-12,3075.0,089890
2018-03-13,2965.0,089890
2018-03-14,3105.0,089890
2018-03-15,3080.0,089890
2018-03-16,3010.0,089890
2018-03-19,2875.0,089890
2018-03-20,2840.0,089890
2018-03-21,2655.0,089890
2018-03-22,2635.0,089890
2018-03-23,2650.0,089890
2018-03-26,2650.0,089890
2018-03-27,2595.0,089890
2018-03-28,2458.0,089890
2018-03-29,2495.0,089890
2018-03-30,2515.0,089890
2018-04-02,2530.0,089890
2018-04-03,2965.0,089890
2018-04-04,2950.0,089890
2018-04-05,2940.0,089890
2018-04-06,2865.0,089890
2018-04-09,2655.0,089890
2018-04-10,2610.0,089890
2018-04-11,2715.0,089890
2018-04-12,2845.0,089890
2018-04-13,2865.0,089890
2018-04-16,2825.0,089890
2018-04-17,2875.0,089890
2018-04-18,2810.0,089890
2018-04-19,2750.0,089890
2018-04-20,2720.0,089890
2018-04-23,2820.0,089890
2018-04-24,2800.0,089890
2018-04-25,2885.0,089890
2018-04-26,3000.0,089890
2018-04-27,3180.0,089890
2018-04-30,3235.0,089890
2018-05-02,3290.0,089890
2018-05-03,3450.0,089890
2018-05-04,3390.0,089890
2018-05-08,3300.0,089890
2018-05-09,3630.0,089890
2018-05-10,3935.0,089890
2018-05-11,3985.0,089890
2018-05-14,3545.0,089890
2018-05-15,3605.0,089890
2018-05-16,3395.0,089890
2018-05-17,3480.0,089890
2018-05-18,3660.0,089890
2018-05-21,3605.0,089890
2018-05-23,3650.0,089890
2018-05-24,3865.0,089890
2018-05-25,3785.0,089890
2018-05-28,3815.0,089890
2018-05-29,3915.0,089890
2018-05-30,3825.0,089890
2018-05-31,3830.0,089890
2018-06-01,3880.0,089890
2018-06-04,3765.0,089890
2018-06-05,3630.0,089890
2018-06-07,3990.0,089890
2018-06-08,4090.0,089890
2018-06-11,4705.0,089890
2018-06-12,4350.0,089890
2018-06-14,4750.0,089890
2018-06-15,4750.0,089890
2018-06-18,4620.0,089890
2018-06-19,4170.0,089890
2018-06-20,4410.0,089890
2018-06-21,4820.0,089890
2018-06-22,5250.0,089890
2018-06-25,4975.0,089890
2018-06-26,4600.0,089890
2018-06-27,4740.0,089890
2018-06-28,4610.0,089890
2018-06-29,4950.0,089890
2018-07-02,4780.0,089890
2018-07-03,5400.0,089890
2018-07-04,5310.0,089890
2018-07-05,5350.0,089890
2018-07-06,5550.0,089890
2018-07-09,5400.0,089890
2018-07-10,5360.0,089890
2018-07-11,5370.0,089890
2018-07-12,5680.0,089890
2018-07-13,5860.0,089890
2018-07-16,6000.0,089890
2018-07-17,5980.0,089890
2018-07-18,5860.0,089890
2018-07-19,5810.0,089890
2018-07-20,5820.0,089890
2018-07-23,5690.0,089890
2018-07-24,5550.0,089890
2018-07-25,5150.0,089890
2018-07-26,5400.0,089890
2018-07-27,5800.0,089890
2018-07-30,5800.0,089890
2018-07-31,6000.0,089890
2018-08-01,5950.0,089890
2018-08-02,5900.0,089890
2018-08-03,5990.0,089890
2018-08-06,6060.0,089890
2018-08-07,5960.0,089890
2018-08-08,6170.0,089890
2018-08-09,6170.0,089890
2018-08-10,6090.0,089890
2018-08-13,5990.0,089890
2018-08-14,5920.0,089890
2018-08-16,5990.0,089890
2018-08-17,6020.0,089890
2018-08-20,5970.0,089890
2018-08-21,5900.0,089890
2018-08-22,5840.0,089890
2018-08-23,5810.0,089890
2018-08-24,6000.0,089890
2018-08-27,5790.0,089890
2018-08-28,5750.0,089890
2018-08-29,5700.0,089890
2018-08-30,5630.0,089890
2018-08-31,5650.0,089890
2018-09-03,5810.0,089890
2018-09-04,5860.0,089890
2018-09-05,5660.0,089890
2018-09-06,5900.0,089890
2018-09-07,5830.0,089890
2018-09-10,6330.0,089890
2018-09-11,6310.0,089890
2018-09-12,6290.0,089890
2018-09-13,6350.0,089890
2018-09-14,6250.0,089890
2018-09-17,6250.0,089890
2018-09-18,6340.0,089890
2018-09-19,6230.0,089890
2018-09-20,6140.0,089890
2018-09-21,6420.0,089890
2018-09-27,6450.0,089890
2018-09-28,6450.0,089890
2018-10-01,6280.0,089890
2018-10-02,6260.0,089890
2018-10-04,6190.0,089890
2018-10-05,6100.0,089890
2018-10-08,5800.0,089890
2018-10-10,5410.0,089890
2018-10-11,5000.0,089890
2018-10-12,5350.0,089890
2018-10-15,5400.0,089890
2018-10-16,5400.0,089890
2018-10-17,5400.0,089890
2018-10-18,5400.0,089890
2018-10-19,5350.0,089890
2018-10-22,5380.0,089890
2018-10-23,5380.0,089890
2018-10-24,5000.0,089890
2018-10-25,4790.0,089890
2018-10-26,4735.0,089890
2018-10-29,4710.0,089890
2018-10-30,4940.0,089890
2018-10-31,5150.0,089890
2018-11-01,5340.0,089890
2018-11-02,5600.0,089890
2018-11-05,5560.0,089890
2018-11-06,5450.0,089890
2018-11-07,5190.0,089890
2018-11-08,5170.0,089890
2018-11-09,5290.0,089890
2018-11-12,5110.0,089890
2018-11-13,5410.0,089890
2018-11-14,5500.0,089890
2018-11-15,5570.0,089890
2018-11-16,5500.0,089890
2018-11-19,5500.0,089890
2018-11-20,5500.0,089890
2018-11-21,5500.0,089890
2018-11-22,5460.0,089890
2018-11-23,5300.0,089890
2018-11-26,5180.0,089890
2018-11-27,5230.0,089890
2018-11-28,5230.0,089890
2018-11-29,5300.0,089890
2018-11-30,5270.0,089890
2018-12-03,5250.0,089890
2018-12-04,5230.0,089890
2018-12-05,5130.0,089890
2018-12-06,4965.0,089890
2018-12-07,4990.0,089890
2018-12-10,4860.0,089890
2018-12-11,4880.0,089890
2018-12-12,4805.0,089890
2018-12-13,4820.0,089890
2018-12-14,4715.0,089890
2018-12-17,4695.0,089890
2018-12-18,5230.0,089890
2018-12-19,5200.0,089890
2018-12-20,4925.0,089890
2018-12-21,5200.0,089890
2018-12-24,5100.0,089890
2018-12-26,5080.0,089890
2018-12-27,5000.0,089890
2018-12-28,5160.0,089890
2019-01-02,5000.0,089890
2019-01-03,5020.0,089890
2019-01-04,5140.0,089890
2019-01-07,5180.0,089890
2019-01-08,5180.0,089890
2019-01-09,5300.0,089890
2019-01-10,5380.0,089890
2019-01-11,5400.0,089890
2019-01-14,5280.0,089890
2019-01-15,5330.0,089890
2019-01-16,5290.0,089890
2019-01-17,5250.0,089890
2019-01-18,5220.0,089890
2019-01-21,5180.0,089890
2019-01-22,5010.0,089890
2019-01-23,5040.0,089890
2019-01-24,5070.0,089890
2019-01-25,5080.0,089890
2019-01-28,5100.0,089890
2019-01-29,5000.0,089890
2019-01-30,4995.0,089890
2019-01-31,5160.0,089890
2019-02-01,5150.0,089890
2019-02-07,5210.0,089890
2019-02-08,5400.0,089890
2019-02-11,5430.0,089890
2019-02-12,5480.0,089890
2019-02-13,5760.0,089890
2019-02-14,5800.0,089890
2019-02-15,5720.0,089890
2019-02-18,6070.0,089890
2019-02-19,6240.0,089890
2019-02-20,6200.0,089890
2019-02-21,6180.0,089890
2019-02-22,6030.0,089890
2019-02-25,6120.0,089890
2019-02-26,5990.0,089890
2019-02-27,6060.0,089890
2019-02-28,5860.0,089890
2019-03-04,6110.0,089890
2019-03-05,6070.0,089890
2019-03-06,6140.0,089890
2019-03-07,6290.0,089890
2019-03-08,6290.0,089890
2019-03-11,6290.0,089890
2019-03-12,6290.0,089890
2019-03-13,6390.0,089890
2019-03-14,6500.0,089890
2019-03-15,6750.0,089890
2019-03-18,6720.0,089890
2019-03-19,7350.0,089890
2019-03-20,7370.0,089890
2019-03-21,7400.0,089890
2019-03-22,7970.0,089890
2019-03-25,8070.0,089890
2019-03-26,8800.0,089890
2019-03-27,8790.0,089890
2019-03-28,8790.0,089890
2019-03-29,8650.0,089890
2019-04-01,8840.0,089890
2019-04-02,8490.0,089890
2019-04-03,7910.0,089890
2019-04-04,8250.0,089890
2019-04-05,8200.0,089890
2019-04-08,8190.0,089890
2019-04-09,8500.0,089890
2019-04-10,8540.0,089890
2019-04-11,8500.0,089890
2019-04-12,8310.0,089890
2019-04-15,8090.0,089890
2019-04-16,8300.0,089890
2019-04-17,8360.0,089890
2019-04-18,8080.0,089890
2019-04-19,8070.0,089890
2019-04-22,8400.0,089890
2019-04-23,8350.0,089890
2019-04-24,8210.0,089890
2019-04-25,8100.0,089890
2019-04-26,8000.0,089890
2019-04-29,7850.0,089890
2019-04-30,8050.0,089890
2019-05-02,8220.0,089890
2019-05-03,8090.0,089890
2019-05-07,7990.0,089890
2019-05-08,7890.0,089890
2019-05-09,7790.0,089890
2019-05-10,7870.0,089890
2019-05-13,7830.0,089890
2019-05-14,7800.0,089890
2019-05-15,8050.0,089890
2019-05-16,8050.0,089890
2019-05-17,8150.0,089890
2019-05-20,8030.0,089890
2019-05-21,7900.0,089890
2019-05-22,7800.0,089890
2019-05-23,7700.0,089890
2019-05-24,7400.0,089890
2019-05-27,7290.0,089890
2019-05-28,7360.0,089890
2019-05-29,7220.0,089890
2019-05-30,7120.0,089890
2019-05-31,7310.0,089890
2019-06-03,7360.0,089890
2019-06-04,7660.0,089890
2019-06-05,7760.0,089890
2019-06-07,7760.0,089890
2019-06-10,7660.0,089890
2019-06-11,7560.0,089890
2019-06-12,7530.0,089890
2019-06-13,7460.0,089890
2019-06-14,7370.0,089890
2019-06-17,7320.0,089890
2019-06-18,7530.0,089890
2019-06-19,7540.0,089890
2019-06-20,7750.0,089890
2019-06-21,7980.0,089890
2019-06-24,8490.0,089890
2019-06-25,8330.0,089890
2019-06-26,8220.0,089890
2019-06-27,8220.0,089890
2019-06-28,8290.0,089890
2019-07-01,8140.0,089890
2019-07-02,8530.0,089890
2019-07-03,8410.0,089890
2019-07-04,8450.0,089890
2019-07-05,7850.0,089890
2019-07-08,8200.0,089890
2019-07-09,7550.0,089890
2019-07-10,7530.0,089890
2019-07-11,7520.0,089890
2019-07-12,7450.0,089890
2019-07-15,7490.0,089890
2019-07-16,7660.0,089890
2019-07-17,7480.0,089890
2019-07-18,7530.0,089890
2019-07-19,7670.0,089890
2019-07-22,8350.0,089890
2019-07-23,8290.0,089890
2019-07-24,8290.0,089890
2019-07-25,8900.0,089890
2019-07-26,9190.0,089890
2019-07-29,8800.0,089890
2019-07-30,9000.0,089890
2019-07-31,8850.0,089890
2019-08-01,8750.0,089890
2019-08-02,8870.0,089890
2019-08-05,8300.0,089890
2019-08-06,7990.0,089890
2019-08-07,8020.0,089890
2019-08-08,8020.0,089890
2019-08-09,8000.0,089890
2019-08-12,7820.0,089890
2019-08-13,7910.0,089890
2019-08-14,8120.0,089890
2019-08-16,8160.0,089890
2019-08-19,8110.0,089890
2019-08-20,8190.0,089890
2019-08-21,8090.0,089890
2019-08-22,8050.0,089890
2019-08-23,8020.0,089890
2019-08-26,7470.0,089890
2019-08-27,7590.0,089890
2019-08-28,7700.0,089890
2019-08-29,7650.0,089890
2019-08-30,7770.0,089890
2019-09-02,7990.0,089890
2019-09-03,7800.0,089890
2019-09-04,7850.0,089890
2019-09-05,7840.0,089890
2019-09-06,7860.0,089890
2019-09-09,7880.0,089890
2019-09-10,7640.0,089890
2019-09-11,7770.0,089890
2019-09-16,7650.0,089890
2019-09-17,7780.0,089890
2019-09-18,7770.0,089890
2019-09-19,7690.0,089890
2019-09-20,7650.0,089890
2019-09-23,7600.0,089890
2019-09-24,7650.0,089890
2019-09-25,7630.0,089890
2019-09-26,7780.0,089890
2019-09-27,7850.0,089890
2019-09-30,7750.0,089890
2019-10-01,7750.0,089890
2019-10-02,7750.0,089890
2019-10-04,7750.0,089890
2019-10-07,7670.0,089890
2019-10-08,7700.0,089890
2019-10-10,7650.0,089890
2019-10-11,7540.0,089890
2019-10-14,7510.0,089890
2019-10-15,7400.0,089890
2019-10-16,7440.0,089890
2019-10-17,7450.0,089890
2019-10-18,7640.0,089890
2019-10-21,7540.0,089890
2019-10-22,7440.0,089890
2019-10-23,7390.0,089890
2019-10-24,7420.0,089890
2019-10-25,7370.0,089890
2019-10-28,7550.0,089890
2019-10-29,7540.0,089890
2019-10-30,7500.0,089890
2019-10-31,7210.0,089890
2019-11-01,7200.0,089890
2019-11-04,7300.0,089890
2019-11-05,7290.0,089890
2019-11-06,7240.0,089890
2019-11-07,7150.0,089890
2019-11-08,7090.0,089890
2019-11-11,6990.0,089890
2019-11-12,7130.0,089890
2019-11-13,7250.0,089890
2019-11-14,7260.0,089890
2019-11-15,7350.0,089890
2019-11-18,7390.0,089890
2019-11-19,7370.0,089890
2019-11-20,7300.0,089890
2019-11-21,7100.0,089890
2019-11-22,7100.0,089890
2019-11-25,7010.0,089890
2019-11-26,7050.0,089890
2019-11-27,6980.0,089890
2019-11-28,7130.0,089890
2019-11-29,7190.0,089890
2019-12-02,7210.0,089890
2019-12-03,7210.0,089890
2019-12-04,7200.0,089890
2019-12-05,6970.0,089890
2019-12-06,7130.0,089890
2019-12-09,6980.0,089890
2019-12-10,6860.0,089890
2019-12-11,6810.0,089890
2019-12-12,6900.0,089890
2019-12-13,7570.0,089890
2019-12-16,7470.0,089890
2019-12-17,7620.0,089890
2019-12-18,7730.0,089890
2019-12-19,8040.0,089890
2019-12-20,7930.0,089890
2019-12-23,7530.0,089890
2019-12-24,7330.0,089890
2019-12-26,7600.0,089890
2019-12-27,8070.0,089890
2019-12-30,8730.0,089890
2020-01-02,8960.0,089890
2020-01-03,8990.0,089890
2020-01-06,9220.0,089890
2020-01-07,8990.0,089890
2020-01-08,8890.0,089890
2020-01-09,9180.0,089890
2020-01-10,9110.0,089890
2020-01-13,8940.0,089890
2020-01-14,9010.0,089890
2020-01-15,9060.0,089890
2020-01-16,9850.0,089890
2020-01-17,10150.0,089890
2020-01-20,9640.0,089890
2020-01-21,9700.0,089890
2020-01-22,9970.0,089890
2020-01-23,9570.0,089890
2020-01-28,9100.0,089890
2020-01-29,9220.0,089890
2020-01-30,8700.0,089890
2020-01-31,8380.0,089890
2020-02-03,8120.0,089890
2020-02-04,8470.0,089890
2020-02-05,8190.0,089890
2020-02-06,8250.0,089890
2020-02-07,8470.0,089890
2020-02-10,8550.0,089890
2020-02-11,8510.0,089890
2020-02-12,8330.0,089890
2020-02-13,8190.0,089890
2020-02-14,8380.0,089890
2020-02-17,8370.0,089890
2020-02-18,7930.0,089890
2020-02-19,7800.0,089890
2020-02-20,7580.0,089890
2020-02-21,7360.0,089890
2020-02-24,7050.0,089890
2020-02-25,7150.0,089890
2020-02-26,6810.0,089890
2020-02-27,6750.0,089890
2020-02-28,6130.0,089890
2020-03-02,6190.0,089890
2020-03-03,6190.0,089890
2020-03-04,6440.0,089890
2020-03-05,6550.0,089890
2020-03-06,6260.0,089890
2020-03-09,5720.0,089890
2020-03-10,5950.0,089890
2020-03-11,5630.0,089890
2020-03-12,5300.0,089890
2020-03-13,4715.0,089890
2020-03-16,4530.0,089890
2020-03-17,4280.0,089890
2020-03-18,4300.0,089890
2020-03-19,3505.0,089890
2020-03-20,3925.0,089890
2020-03-23,3655.0,089890
2020-03-24,3805.0,089890
2020-03-25,4250.0,089890
2020-03-26,4635.0,089890
2020-03-27,4710.0,089890
2020-03-30,4630.0,089890
2020-03-31,4730.0,089890
2020-04-01,4860.0,089890
2020-04-02,4875.0,089890
2020-04-03,5100.0,089890
2020-04-06,5340.0,089890
2020-04-07,5410.0,089890
2020-04-08,5660.0,089890
2020-04-09,5850.0,089890
2020-04-10,5890.0,089890
2020-04-13,5670.0,089890
2020-04-14,5830.0,089890
2020-04-16,5940.0,089890
2020-04-17,6060.0,089890
2020-04-20,6020.0,089890
2020-04-21,5800.0,089890
2020-04-22,5810.0,089890
2020-04-23,5900.0,089890
2020-04-24,5700.0,089890
2020-04-27,5870.0,089890
2020-04-28,5930.0,089890
2020-04-29,6190.0,089890
2020-05-04,6130.0,089890
2020-05-06,6250.0,089890
2020-05-07,6510.0,089890
2020-05-08,6690.0,089890
2020-05-11,6630.0,089890
2020-05-12,6430.0,089890
2020-05-13,6300.0,089890
2020-05-14,6110.0,089890
2020-05-15,6370.0,089890
2020-05-18,6250.0,089890
2020-05-19,6400.0,089890
2020-05-20,6630.0,089890
2020-05-21,6630.0,089890
2020-05-22,6480.0,089890
2020-05-25,6620.0,089890
2020-05-26,6600.0,089890
2020-05-27,6430.0,089890
2020-05-28,6290.0,089890
2020-05-29,6190.0,089890
2020-06-01,6400.0,089890
2020-06-02,6430.0,089890
2020-06-03,6350.0,089890
2020-06-04,6320.0,089890
2020-06-05,6320.0,089890
2020-06-08,6330.0,089890
2020-06-09,6240.0,089890
2020-06-10,6190.0,089890
2020-06-11,6090.0,089890
2020-06-12,5840.0,089890
2020-06-15,5360.0,089890
2020-06-16,5560.0,089890
2020-06-17,5560.0,089890
2020-06-18,5490.0,089890
2020-06-19,5570.0,089890
2020-06-22,5580.0,089890
2020-06-23,5720.0,089890
2020-06-24,5920.0,089890
2020-06-25,5700.0,089890
2020-06-26,5710.0,089890
2020-06-29,5520.0,089890
2020-06-30,5600.0,089890
2020-07-01,5640.0,089890
2020-07-02,5660.0,089890
2020-07-03,5740.0,089890
2020-07-06,5820.0,089890
2020-07-07,5660.0,089890
2020-07-08,5710.0,089890
2020-07-09,5740.0,089890
2020-07-10,5710.0,089890
2020-07-13,5660.0,089890
2020-07-14,5640.0,089890
2020-07-15,5660.0,089890
2020-07-16,5730.0,089890
2020-07-17,6040.0,089890
2020-07-20,6550.0,089890
2020-07-21,6810.0,089890
2020-07-22,6950.0,089890
2020-07-23,6740.0,089890
2020-07-24,6570.0,089890
2020-07-27,6790.0,089890
2020-07-28,6840.0,089890
2020-07-29,6800.0,089890
2020-07-30,7100.0,089890
2020-07-31,7300.0,089890
2020-08-03,7650.0,089890
2020-08-04,7400.0,089890
2020-08-05,7480.0,089890
2020-08-06,7300.0,089890
2020-08-07,7740.0,089890
2020-08-10,8300.0,089890
2020-08-11,8610.0,089890
2020-08-12,8390.0,089890
2020-08-13,8000.0,089890
2020-08-14,7500.0,089890
2020-08-18,6710.0,089890
2020-08-19,6870.0,089890
2020-08-20,6630.0,089890
2020-08-21,6840.0,089890
2020-08-24,7050.0,089890
2020-08-25,7310.0,089890
2020-08-26,7460.0,089890
2020-08-27,7390.0,089890
2020-08-28,7350.0,089890
2020-08-31,7100.0,089890
2020-09-01,7410.0,089890
2020-09-02,7950.0,089890
2020-09-03,7880.0,089890
2020-09-04,7520.0,089890
2020-09-07,7390.0,089890
2020-09-08,7370.0,089890
2020-09-09,7160.0,089890
2020-09-10,7520.0,089890
2020-09-11,7360.0,089890
2020-09-14,7810.0,089890
2020-09-15,7580.0,089890
2020-09-16,7300.0,089890
2020-09-17,7120.0,089890
2020-09-18,7180.0,089890
2020-09-21,7060.0,089890
2020-09-22,6890.0,089890
2020-09-23,6930.0,089890
2020-09-24,6630.0,089890
2020-09-25,6380.0,089890
2020-09-28,6800.0,089890
2020-09-29,6930.0,089890
2020-10-05,6870.0,089890
2020-10-06,6860.0,089890
2020-10-07,6880.0,089890
2020-10-08,7040.0,089890
2020-10-12,7090.0,089890
2020-10-13,7020.0,089890
2020-10-14,6900.0,089890
2020-10-15,6700.0,089890
2020-10-16,6740.0,089890
2020-10-19,6820.0,089890
2020-10-20,7060.0,089890
2020-10-21,7050.0,089890
2020-10-22,6990.0,089890
2020-10-23,6930.0,089890
2020-10-26,6780.0,089890
2020-10-27,6850.0,089890
2020-10-28,6830.0,089890
2020-10-29,6840.0,089890
2020-10-30,6780.0,089890
2020-11-02,6800.0,089890
2020-11-03,6870.0,089890
2020-11-04,6900.0,089890
2020-11-05,7340.0,089890
2020-11-06,7200.0,089890
2020-11-09,7390.0,089890
2020-11-10,7370.0,089890
2020-11-11,7200.0,089890
2020-11-12,7300.0,089890
2020-11-13,7370.0,089890
2020-11-16,7660.0,089890
2020-11-17,7510.0,089890
2020-11-18,7670.0,089890
2020-11-19,7560.0,089890
2020-11-20,7730.0,089890
2020-11-23,7680.0,089890
2020-11-24,7640.0,089890
2020-11-25,7510.0,089890
2020-11-26,7430.0,089890
2020-11-27,7640.0,089890
2020-11-30,7550.0,089890
2020-12-01,7550.0,089890
2020-12-02,8030.0,089890
2020-12-03,8160.0,089890
2020-12-04,8200.0,089890
2020-12-07,8020.0,089890
2020-12-08,7760.0,089890
2020-12-09,7820.0,089890
2020-12-10,8010.0,089890
2020-12-11,7980.0,089890
2020-12-14,7710.0,089890
2020-12-15,8050.0,089890
2020-12-16,8300.0,089890
2020-12-17,8450.0,089890
2020-12-18,8400.0,089890
2020-12-21,8390.0,089890
2020-12-22,8100.0,089890
2020-12-23,8150.0,089890
2020-12-24,8140.0,089890
2020-12-28,8420.0,089890
2020-12-29,8580.0,089890
2020-12-30,8800.0,089890
2021-01-04,9230.0,089890
2021-01-05,9070.0,089890
2021-01-06,9120.0,089890
2021-01-07,9390.0,089890
2021-01-08,9370.0,089890
2021-01-11,9090.0,089890
2021-01-12,9010.0,089890
2021-01-13,8920.0,089890
2021-01-14,8950.0,089890
2021-01-15,8900.0,089890
2021-01-18,8800.0,089890
2021-01-19,8810.0,089890
2021-01-20,8690.0,089890
2021-01-21,8770.0,089890
2021-01-22,8880.0,089890
2021-01-25,8790.0,089890
2021-01-26,8740.0,089890
2021-01-27,8500.0,089890
2021-01-28,8120.0,089890
2021-01-29,7740.0,089890
2021-02-01,7710.0,089890
2021-02-02,7900.0,089890
2021-02-03,7900.0,089890
2021-02-04,8070.0,089890
2021-02-05,8110.0,089890
2021-02-08,7990.0,089890
2021-02-09,7850.0,089890
2021-02-10,7900.0,089890
2021-02-15,7930.0,089890
2021-02-16,8070.0,089890
2021-02-17,8060.0,089890
2021-02-18,7930.0,089890
2021-02-19,7880.0,089890
2021-02-22,7840.0,089890
2021-02-23,7760.0,089890
2021-02-24,7320.0,089890
2021-02-25,7510.0,089890
2021-02-26,7120.0,089890
2021-03-02,7200.0,089890
2021-03-03,7280.0,089890
2021-03-04,7130.0,089890
2021-03-05,7300.0,089890
2021-03-08,8260.0,089890
2021-03-09,8330.0,089890
2021-03-10,7760.0,089890
2021-03-11,7650.0,089890
2021-03-12,7680.0,089890
2021-03-15,7790.0,089890
2021-03-16,7880.0,089890
2021-03-17,7740.0,089890
2021-03-18,7590.0,089890
2021-03-19,7490.0,089890
2021-03-22,8130.0,089890
2021-03-23,8030.0,089890
2021-03-24,7960.0,089890
2021-03-25,8330.0,089890
2021-03-26,8560.0,089890
2021-03-29,8480.0,089890
2021-03-30,8450.0,089890
2021-03-31,8190.0,089890
2021-04-01,8560.0,089890
2021-04-02,8410.0,089890
2021-04-05,8600.0,089890
2021-04-06,8740.0,089890
2021-04-07,9260.0,089890
2021-04-08,9050.0,089890
2021-04-09,9200.0,089890
2021-04-12,9230.0,089890
2021-04-13,9360.0,089890
2021-04-14,9230.0,089890
2021-04-15,9210.0,089890
2021-04-16,9250.0,089890
2021-04-19,9200.0,089890
2021-04-20,9160.0,089890
2021-04-21,9180.0,089890
2021-04-22,9340.0,089890
2021-04-23,9290.0,089890
2021-04-26,9260.0,089890
2021-04-27,9210.0,089890
2021-04-28,8660.0,089890
2021-04-29,8840.0,089890
2021-04-30,8520.0,089890
2021-05-03,8410.0,089890
2021-05-04,8360.0,089890
2021-05-06,8440.0,089890
2021-05-07,8440.0,089890
2021-05-10,8450.0,089890
2021-05-11,8100.0,089890
2021-05-12,8000.0,089890
2021-05-13,7830.0,089890
2021-05-14,7940.0,089890
2021-05-17,8010.0,089890
2021-05-18,8420.0,089890
2021-05-20,8230.0,089890
2021-05-21,8050.0,089890
2021-05-24,8140.0,089890
2021-05-25,8310.0,089890
2021-05-26,8630.0,089890
2021-05-27,8560.0,089890
2021-05-28,9190.0,089890
2021-05-31,9130.0,089890
2021-06-01,8990.0,089890
2021-06-02,8830.0,089890
2021-06-03,8930.0,089890
2021-06-04,8840.0,089890
2021-06-07,8800.0,089890
2021-06-08,8720.0,089890
2021-06-09,8670.0,089890
2021-06-10,8670.0,089890
2021-06-11,8690.0,089890
2021-06-14,8810.0,089890
2021-06-15,8770.0,089890
2021-06-16,8760.0,089890
2021-06-17,8700.0,089890
2021-06-18,8700.0,089890
2021-06-21,8480.0,089890
2021-06-22,11000.0,089890
2021-06-23,10850.0,089890
2021-06-24,11000.0,089890
2021-06-25,10800.0,089890
2021-06-28,11750.0,089890
2021-06-29,12150.0,089890
2021-06-30,11550.0,089890
2021-07-01,11800.0,089890
2021-07-02,11300.0,089890
2021-07-05,11500.0,089890
2021-07-06,11950.0,089890
2021-07-07,11900.0,089890
2021-07-08,11950.0,089890
2021-07-09,11800.0,089890
2021-07-12,12400.0,089890
2021-07-13,12700.0,089890
2021-07-14,11800.0,089890
2021-07-15,11600.0,089890
2021-07-16,11350.0,089890
2021-07-19,11300.0,089890
2021-07-20,11300.0,089890
2021-07-21,11150.0,089890
2021-07-22,11200.0,089890
2021-07-23,11200.0,089890
2021-07-26,12100.0,089890
2021-07-27,11400.0,089890
2021-07-28,11350.0,089890
2021-07-29,10700.0,089890
2021-07-30,10450.0,089890
2021-08-02,10500.0,089890
2021-08-03,10150.0,089890
2021-08-04,13150.0,089890
2021-08-05,15850.0,089890
2021-08-06,16050.0,089890
2021-08-09,16100.0,089890
2021-08-10,14550.0,089890
2021-08-11,14650.0,089890
2021-08-12,14100.0,089890
2021-08-13,14200.0,089890
2021-08-17,13150.0,089890
2021-08-18,13400.0,089890
2021-08-19,12850.0,089890
2021-08-20,12500.0,089890
2021-08-23,13050.0,089890
2021-08-24,13450.0,089890
2021-08-25,12950.0,089890
2021-08-26,13850.0,089890
2021-08-27,13950.0,089890
2021-08-30,13100.0,089890
2021-08-31,13200.0,089890
2021-09-01,13400.0,089890
2021-09-02,13100.0,089890
2021-09-03,12950.0,089890
2021-09-06,12750.0,089890
2021-09-07,13050.0,089890
2021-09-08,13050.0,089890
2021-09-09,12600.0,089890
2021-09-10,12500.0,089890
2021-09-13,12050.0,089890
2021-09-14,12450.0,089890
2021-09-15,13200.0,089890
2021-09-16,12800.0,089890
2021-09-17,12550.0,089890
2021-09-23,12200.0,089890
2021-09-24,11700.0,089890
2021-09-27,11500.0,089890
2021-09-28,11150.0,089890
2021-09-29,11100.0,089890
2021-09-30,11100.0,089890
2021-10-01,11200.0,089890
2021-10-05,10350.0,089890
2021-10-06,9610.0,089890
2021-10-07,10450.0,089890
2021-10-08,10150.0,089890
2021-10-12,9960.0,089890
2021-10-13,10300.0,089890
2021-10-14,10700.0,089890
2021-10-15,11200.0,089890
2021-10-18,11650.0,089890
2021-10-19,11500.0,089890
2021-10-20,11700.0,089890
2021-10-21,11700.0,089890
2021-10-22,13100.0,089890
2021-10-25,13050.0,089890
2021-10-26,13400.0,089890
2021-10-27,13100.0,089890
2021-10-28,12450.0,089890
2021-10-29,12350.0,089890
2021-11-01,12700.0,089890
2021-11-02,12800.0,089890
2021-11-03,12450.0,089890
2021-11-04,13150.0,089890
2021-11-05,12800.0,089890
2021-11-08,13150.0,089890
2021-11-09,12900.0,089890
2021-11-10,13300.0,089890
2021-11-11,14050.0,089890
2021-11-12,13500.0,089890
2021-11-15,13300.0,089890
2021-11-16,14000.0,089890
2021-11-17,14750.0,089890
2021-11-18,14650.0,089890
2021-11-19,15100.0,089890
2021-11-22,13900.0,089890
2021-11-23,13500.0,089890
2021-11-24,13050.0,089890
2021-11-25,13050.0,089890
2021-11-26,12350.0,089890
2021-11-29,11850.0,089890
2021-11-30,11300.0,089890
2021-12-01,11900.0,089890
2021-12-02,11800.0,089890
2021-12-03,12300.0,089890
2021-12-06,12200.0,089890
2021-12-07,12200.0,089890
2021-12-08,12250.0,089890
2021-12-09,12300.0,089890
2021-12-10,11850.0,089890
2021-12-13,11700.0,089890
2021-12-14,11550.0,089890
2021-12-15,11500.0,089890
2021-12-16,11650.0,089890
2021-12-17,11500.0,089890
2021-12-20,11100.0,089890
2021-12-21,11200.0,089890
2021-12-22,11200.0,089890
2021-12-23,11200.0,089890
2021-12-24,11400.0,089890
2021-12-27,11400.0,089890
2021-12-28,11300.0,089890
2021-12-29,14650.0,089890
2021-12-30,15300.0,089890
2022-01-03,15950.0,089890
2022-01-04,16150.0,089890
2022-01-05,14950.0,089890
2022-01-06,13500.0,089890
2022-01-07,13900.0,089890
2022-01-10,13900.0,089890
2022-01-11,13150.0,089890
2022-01-12,13500.0,089890
2022-01-13,13250.0,089890
2022-01-14,12950.0,089890
2022-01-17,12950.0,089890
2022-01-18,12900.0,089890
2022-01-19,12600.0,089890
2022-01-20,12750.0,089890
2022-01-21,12800.0,089890
2022-01-24,12200.0,089890
2022-01-25,11250.0,089890
2022-01-26,11350.0,089890
2022-01-27,10600.0,089890
2022-01-28,11300.0,089890
2022-02-03,11300.0,089890
2022-02-04,11700.0,089890
2022-02-07,11700.0,089890
2022-02-08,11600.0,089890
2022-02-09,11850.0,089890
2022-02-10,11850.0,089890
2022-02-11,11700.0,089890
2022-02-14,10950.0,089890
2022-02-15,10600.0,089890
2022-02-16,11150.0,089890
2022-02-17,11000.0,089890
2022-02-18,11250.0,089890
2022-02-21,11250.0,089890
2022-02-22,10850.0,089890
2022-02-23,11000.0,089890
2022-02-24,10450.0,089890
2022-02-25,10850.0,089890
2022-02-28,11650.0,089890
2022-03-02,11900.0,089890
2022-03-03,11950.0,089890
2022-03-04,11800.0,089890
2022-03-07,11500.0,089890
2022-03-08,11450.0,089890
2022-03-10,11450.0,089890
2022-03-11,11550.0,089890
2022-03-14,11350.0,089890
2022-03-15,11300.0,089890
2022-03-16,11650.0,089890
2022-03-17,12650.0,089890
2022-03-18,12950.0,089890
2022-03-21,12700.0,089890
2022-03-22,12700.0,089890
2022-03-23,12800.0,089890
2022-03-24,12750.0,089890
2022-03-25,12700.0,089890
2022-03-28,12700.0,089890
2022-03-29,12550.0,089890
2022-03-30,12400.0,089890
2022-03-31,12450.0,089890
2022-04-01,12250.0,089890
2022-04-04,12450.0,089890
2022-04-05,12650.0,089890
2022-04-06,12450.0,089890
2022-04-07,12050.0,089890
2022-04-08,11900.0,089890
2022-04-11,11750.0,089890
2022-04-12,11500.0,089890
2022-04-13,11700.0,089890
2022-04-14,11900.0,089890
2022-04-15,11700.0,089890
2022-04-18,11550.0,089890
2022-04-19,11750.0,089890
2022-04-20,11450.0,089890
2022-04-21,11550.0,089890
2022-04-22,11200.0,089890
2022-04-25,10800.0,089890
2022-04-26,10800.0,089890
2022-04-27,10650.0,089890
2022-04-28,10550.0,089890
2022-04-29,10750.0,089890
2022-05-02,10750.0,089890
2022-05-03,10900.0,089890
2022-05-04,10700.0,089890
2022-05-06,11050.0,089890
2022-05-09,10700.0,089890
2022-05-10,10550.0,089890
2022-05-11,10550.0,089890
2022-05-12,10150.0,089890
2022-05-13,10550.0,089890
2022-05-16,10500.0,089890
2022-05-17,10700.0,089890
2022-05-18,10700.0,089890
2022-05-19,10450.0,089890
2022-05-20,11100.0,089890
2022-05-23,11450.0,089890
2022-05-24,11250.0,089890
2022-05-25,11500.0,089890
2022-05-26,11250.0,089890
2022-05-27,11050.0,089890
2022-05-30,11450.0,089890
2022-05-31,11550.0,089890
2022-06-02,11800.0,089890
2022-06-03,11800.0,089890
2022-06-07,11550.0,089890
2022-06-08,11450.0,089890
2022-06-09,11300.0,089890
2022-06-10,11100.0,089890
2022-06-13,10250.0,089890
2022-06-14,10050.0,089890
2022-06-15,9680.0,089890
2022-06-16,9630.0,089890
2022-06-17,9620.0,089890
2022-06-20,8920.0,089890
2022-06-21,8930.0,089890
2022-06-22,8280.0,089890
2022-06-23,7630.0,089890
2022-06-24,8070.0,089890
2022-06-27,8520.0,089890
2022-06-28,8740.0,089890
2022-06-29,8870.0,089890
2022-06-30,8560.0,089890
2022-07-01,8290.0,089890
2022-07-04,8050.0,089890
2022-07-05,8460.0,089890
2022-07-06,8420.0,089890
2022-07-07,8520.0,089890
2022-07-08,8620.0,089890
2022-07-11,8680.0,089890
2022-07-12,8300.0,089890
2022-07-13,8340.0,089890
2022-07-14,8360.0,089890
2022-07-15,8210.0,089890
2022-07-18,8520.0,089890
2022-07-19,8700.0,089890
2022-07-20,8690.0,089890
2022-07-21,8970.0,089890
2022-07-22,9560.0,089890
2022-07-25,9550.0,089890
2022-07-26,9630.0,089890
2022-07-27,9530.0,089890
2022-07-28,9420.0,089890
2022-07-29,10150.0,089890
2022-08-01,10050.0,089890
2022-08-02,9970.0,089890
2022-08-03,10250.0,089890
2022-08-04,10300.0,089890
2022-08-05,10300.0,089890
2022-08-08,10150.0,089890
2022-08-09,10300.0,089890
2022-08-10,10050.0,089890
2022-08-11,10050.0,089890
2022-08-12,9980.0,089890
2022-08-16,9960.0,089890
2022-08-17,9740.0,089890
2022-08-18,9600.0,089890
2022-08-19,9570.0,089890
2022-08-22,9140.0,089890
2022-08-23,8840.0,089890
2022-08-24,8930.0,089890
2022-08-25,9110.0,089890
2022-08-26,9110.0,089890
2022-08-29,8760.0,089890
2022-08-30,8870.0,089890
2022-08-31,9110.0,089890
2022-09-01,8930.0,089890
2022-09-02,9150.0,089890
2022-09-05,8780.0,089890
2022-09-06,9600.0,089890
2022-09-07,9500.0,089890
2022-09-08,9030.0,089890
2022-09-13,9560.0,089890
2022-09-14,9360.0,089890
2022-09-15,9320.0,089890
2022-09-16,9100.0,089890
2022-09-19,8810.0,089890
2022-09-20,8800.0,089890
2022-09-21,8800.0,089890
2022-09-22,8590.0,089890
2022-09-23,8100.0,089890
2022-09-26,7600.0,089890
2022-09-27,7600.0,089890
2022-09-28,7200.0,089890
2022-09-29,7180.0,089890
2022-09-30,7270.0,089890
2022-10-04,7430.0,089890
2022-10-05,7370.0,089890
2022-10-06,7680.0,089890
2022-10-07,7680.0,089890
2022-10-11,7270.0,089890
2022-10-12,7250.0,089890
2022-10-13,6810.0,089890
2022-10-14,7140.0,089890
2022-10-17,8230.0,089890
2022-10-18,8310.0,089890
2022-10-19,8110.0,089890
2022-10-20,7970.0,089890
2022-10-21,7630.0,089890
2022-10-24,7920.0,089890
2022-10-25,7800.0,089890
2022-10-26,7560.0,089890
2022-10-27,7640.0,089890
2022-10-28,7390.0,089890
2022-10-31,7390.0,089890
2022-11-01,7660.0,089890
2022-11-02,7860.0,089890
2022-11-03,8090.0,089890
2022-11-04,8600.0,089890
2022-11-07,8580.0,089890
2022-11-08,8560.0,089890
2022-11-09,8510.0,089890
2022-11-10,8440.0,089890
2022-11-11,8710.0,089890
2022-11-14,9420.0,089890
2022-11-15,9390.0,089890
2022-11-16,9210.0,089890
2022-11-17,9150.0,089890
2022-11-18,9010.0,089890
2022-11-21,9060.0,089890
2022-11-22,9060.0,089890
2022-11-23,9270.0,089890
2022-11-24,10250.0,089890
2022-11-25,10750.0,089890
2022-11-28,10500.0,089890
2022-11-29,10850.0,089890
2022-11-30,10750.0,089890
2022-12-01,10900.0,089890
2022-12-02,10900.0,089890
2022-12-05,10150.0,089890
2022-12-06,10300.0,089890
2022-12-07,9920.0,089890
2022-12-08,9770.0,089890
2022-12-09,10000.0,089890
2022-12-12,9690.0,089890
2022-12-13,9450.0,089890
2022-12-14,10050.0,089890
2022-12-15,9760.0,089890
2022-12-16,9500.0,089890
2022-12-19,9640.0,089890
2022-12-20,9170.0,089890
2022-12-21,9280.0,089890
2022-12-22,9410.0,089890
2022-12-23,8960.0,089890
2022-12-26,9580.0,089890
2022-12-27,10050.0,089890
2022-12-28,9990.0,089890
2022-12-29,10100.0,089890
2023-01-02,9460.0,089890
2023-01-03,9820.0,089890
2023-01-04,10200.0,089890
2023-01-05,9860.0,089890
2023-01-06,9680.0,089890
2023-01-09,9880.0,089890
2023-01-10,10050.0,089890
2023-01-11,10750.0,089890
2023-01-12,10650.0,089890
2023-01-13,10950.0,089890
2023-01-16,11300.0,089890
2023-01-17,11450.0,089890
2023-01-18,11400.0,089890
2023-01-19,11550.0,089890
2023-01-20,11900.0,089890
2023-01-25,11750.0,089890
2023-01-26,10930.0,089890
2023-01-27,10780.0,089890
2023-01-30,10340.0,089890
2023-01-31,10250.0,089890
2023-02-01,10810.0,089890
2023-02-02,11580.0,089890
2023-02-03,11910.0,089890
2023-02-06,11570.0,089890
2023-02-07,12280.0,089890
2023-02-08,12150.0,089890
2023-02-09,11760.0,089890
2023-02-10,12020.0,089890
2023-02-13,11700.0,089890
2023-02-14,11790.0,089890
2023-02-15,11210.0,089890
2023-02-16,11110.0,089890
2023-02-17,10970.0,089890
2023-02-20,11690.0,089890
2023-02-21,11740.0,089890
2023-02-22,11290.0,089890
2023-02-23,11830.0,089890
2023-02-24,12250.0,089890
2023-02-27,12480.0,089890
2023-02-28,12960.0,089890
2023-03-02,12390.0,089890
2023-03-03,12990.0,089890
2023-03-06,13310.0,089890
2023-03-07,13350.0,089890
2023-03-08,12980.0,089890
2023-03-09,13200.0,089890
2023-03-10,12650.0,089890
2023-03-13,12380.0,089890
2023-03-14,11710.0,089890
2023-03-15,11900.0,089890
2023-03-16,12830.0,089890
2023-03-17,12730.0,089890
2023-03-20,12490.0,089890
2023-03-21,12120.0,089890
2023-03-22,13070.0,089890
2023-03-23,12680.0,089890
2023-03-24,12880.0,089890
2023-03-27,12950.0,089890
2023-03-28,13620.0,089890
2023-03-29,13380.0,089890
2023-03-30,13070.0,089890
2023-03-31,12430.0,089890
2023-04-03,12750.0,089890
2023-04-04,12390.0,089890
2023-04-05,12550.0,089890
2023-04-06,12160.0,089890
2023-04-07,12100.0,089890
2023-04-10,11350.0,089890
2023-04-11,11380.0,089890
2023-04-12,11310.0,089890
2023-04-13,11640.0,089890
2023-04-14,11440.0,089890
2023-04-17,11640.0,089890
2023-04-18,11400.0,089890
2023-04-19,11440.0,089890
2023-04-20,10720.0,089890
2023-04-21,10390.0,089890
2023-04-24,10700.0,089890
2023-04-25,10080.0,089890
2023-04-26,10080.0,089890
2023-04-27,10220.0,089890
2023-04-28,10100.0,089890
2023-05-02,10200.0,089890
2023-05-03,10130.0,089890
2023-05-04,10070.0,089890
2023-05-08,10130.0,089890
2023-05-09,10010.0,089890
2023-05-10,9930.0,089890
2023-05-11,9900.0,089890
2023-05-12,9820.0,089890
2023-05-15,9600.0,089890
2023-05-16,9550.0,089890
2023-05-17,9770.0,089890
2023-05-18,10450.0,089890
2023-05-19,10690.0,089890
2023-05-22,10670.0,089890
2023-05-23,10590.0,089890
2023-05-24,10360.0,089890
2023-05-25,10420.0,089890
2023-05-26,10390.0,089890
2023-05-30,10730.0,089890
2023-05-31,10650.0,089890
2023-06-01,10670.0,089890
2023-06-02,10450.0,089890
2023-06-05,10610.0,089890
2023-06-07,10650.0,089890
2023-06-08,10390.0,089890
2023-06-09,10720.0,089890
2023-06-12,10530.0,089890
2023-06-13,10640.0,089890
2023-06-14,11330.0,089890
2023-06-15,14320.0,089890
2023-06-16,14730.0,089890
2023-06-19,15080.0,089890
2023-06-20,15240.0,089890
2023-06-21,15550.0,089890
2023-06-22,14750.0,089890
2023-06-23,14310.0,089890
2023-06-26,14450.0,089890
2023-06-27,13830.0,089890
2023-06-28,15100.0,089890
2023-06-29,15100.0,089890
2023-06-30,14260.0,089890
2023-07-03,15230.0,089890
2023-07-04,15540.0,089890
2023-07-05,14380.0,089890
2023-07-06,13440.0,089890
2023-07-07,12800.0,089890
2023-07-10,12510.0,089890
2023-07-11,12960.0,089890
2023-07-12,13010.0,089890
2023-07-13,13460.0,089890
2023-07-14,13030.0,089890
2023-07-17,13330.0,089890
2023-07-18,13220.0,089890
2023-07-19,12880.0,089890
2023-07-20,13540.0,089890
2023-07-21,13290.0,089890
2023-07-24,12990.0,089890
2023-07-25,12530.0,089890
2023-07-26,11660.0,089890
2023-07-27,12470.0,089890
2023-07-28,12470.0,089890
2023-07-31,12700.0,089890
2023-08-01,12610.0,089890
2023-08-02,11290.0,089890
2023-08-03,10970.0,089890
2023-08-04,10920.0,089890
2023-08-07,11090.0,089890
2023-08-08,10720.0,089890
2023-08-09,10900.0,089890
2023-08-10,10720.0,089890
2023-08-11,10770.0,089890
2023-08-14,11070.0,089890
2023-08-16,10660.0,089890
2023-08-17,10820.0,089890
2023-08-18,10950.0,089890
2023-08-21,10830.0,089890
2023-08-22,10600.0,089890
2023-08-23,10760.0,089890
2023-08-24,11370.0,089890
2023-08-25,11080.0,089890
2023-08-28,11360.0,089890
2023-08-29,11340.0,089890
2023-08-30,11750.0,089890
2023-08-31,11510.0,089890
2023-09-01,11950.0,089890
2023-09-04,11500.0,089890
2023-09-05,11570.0,089890
2023-09-06,11250.0,089890
2023-09-07,11200.0,089890
2023-09-08,11050.0,089890
2023-09-11,10930.0,089890
2023-09-12,10830.0,089890
2023-09-13,10550.0,089890
2023-09-14,11230.0,089890
2023-09-15,11090.0,089890
2023-09-18,10830.0,089890
2023-09-19,10780.0,089890
2023-09-20,10630.0,089890
2023-09-21,10110.0,089890
2023-09-22,10080.0,089890
2023-09-25,10030.0,089890
2023-09-26,9870.0,089890
2023-09-27,10190.0,089890
2023-10-04,9510.0,089890
2023-10-05,9520.0,089890
2023-10-06,9610.0,089890
2023-10-10,9360.0,089890
2023-10-11,9630.0,089890
2023-10-12,9840.0,089890
2023-10-13,9600.0,089890
2023-10-16,9470.0,089890
2023-10-17,9680.0,089890
2023-10-18,9810.0,089890
2023-10-19,9210.0,089890
2023-10-20,8980.0,089890
2023-10-23,8710.0,089890
2023-10-24,9230.0,089890
2023-10-25,9240.0,089890
2023-10-26,8870.0,089890
2023-10-27,8640.0,089890
2023-10-30,8800.0,089890
2023-10-31,8680.0,089890
2023-11-01,8820.0,089890
2023-11-02,9340.0,089890
2023-11-03,9520.0,089890
2023-11-06,9900.0,089890
2023-11-07,10000.0,089890
2023-11-08,10300.0,089890
2023-11-09,10570.0,089890
2023-11-10,10250.0,089890
2023-11-13,9900.0,089890
2023-11-14,10520.0,089890
2023-11-15,10500.0,089890
2023-11-16,10670.0,089890
2023-11-17,11150.0,089890
2023-11-20,10990.0,089890
2023-11-21,10810.0,089890
2023-11-22,10670.0,089890
2023-11-23,10350.0,089890
2023-11-24,10460.0,089890
2023-11-27,10600.0,089890
2023-11-28,11200.0,089890
2023-11-29,11150.0,089890
2023-11-30,11270.0,089890
2023-12-01,11590.0,089890
2023-12-04,11790.0,089890
2023-12-05,11430.0,089890
2023-12-06,11140.0,089890
2023-12-07,11000.0,089890
2023-12-08,11240.0,089890
2023-12-11,11450.0,089890
2023-12-12,11500.0,089890
2023-12-13,11300.0,089890
2023-12-14,11300.0,089890
2023-12-15,11230.0,089890
2023-12-18,11400.0,089890
2023-12-19,11120.0,089890
2023-12-20,11290.0,089890
2023-12-21,11080.0,089890
2023-12-22,10870.0,089890
2023-12-26,10770.0,089890
2023-12-27,10920.0,089890
2023-12-28,10780.0,089890
2024-01-02,11780.0,089890
2024-01-03,11880.0,089890
2024-01-04,11850.0,089890
2024-01-05,11700.0,089890
2024-01-08,12310.0,089890
2024-01-09,12340.0,089890
2024-01-10,11710.0,089890
2024-01-11,11610.0,089890
2024-01-12,11250.0,089890
2024-01-15,11090.0,089890
2024-01-16,11120.0,089890
2024-01-17,10670.0,089890
2024-01-18,10850.0,089890
2024-01-19,11580.0,089890
2024-01-22,11750.0,089890
2024-01-23,12050.0,089890
2024-01-24,15660.0,089890
2024-01-25,20350.0,089890
2024-01-26,19800.0,089890
2024-01-29,20200.0,089890
2024-01-30,19930.0,089890
2024-01-31,18840.0,089890
2024-02-01,17540.0,089890
2024-02-02,18050.0,089890
2024-02-05,15580.0,089890
2024-02-06,15430.0,089890
2024-02-07,15850.0,089890
2024-02-08,16040.0,089890
2024-02-13,16750.0,089890
2024-02-14,18260.0,089890
2024-02-15,18290.0,089890
2024-02-16,17860.0,089890
2024-02-19,18250.0,089890
2024-02-20,17740.0,089890
2024-02-21,15820.0,089890
2024-02-22,16170.0,089890
2024-02-23,16220.0,089890
2024-02-26,16300.0,089890
2024-02-27,17340.0,089890
2024-02-28,16110.0,089890
2024-02-29,15110.0,089890
2024-03-04,16450.0,089890
2024-03-05,16480.0,089890
2024-03-06,16790.0,089890
2024-03-07,16690.0,089890
2024-03-08,17080.0,089890
2024-03-11,16110.0,089890
2024-03-12,16160.0,089890
2024-03-13,15740.0,089890
2024-03-14,15650.0,089890
2024-03-15,16910.0,089890
2024-03-18,17350.0,089890
2024-03-19,17470.0,089890
2024-03-20,17630.0,089890
2024-03-21,17300.0,089890
2024-03-22,17380.0,089890
2024-03-25,16700.0,089890
2024-03-26,18550.0,089890
2024-03-27,18020.0,089890
2024-03-28,18030.0,089890
2024-03-29,17700.0,089890
2024-04-01,17220.0,089890
2024-04-02,17320.0,089890
2024-04-03,16220.0,089890
2024-04-04,16300.0,089890
2024-04-05,15510.0,089890
2024-04-08,14680.0,089890
2024-04-09,14450.0,089890
2024-04-11,14310.0,089890
2024-04-12,14770.0,089890
2024-04-15,14370.0,089890
2024-04-16,13930.0,089890
2024-04-17,14130.0,089890
2024-04-18,14830.0,089890
2024-04-19,14290.0,089890
2024-04-22,14550.0,089890
2024-04-23,14070.0,089890
2024-04-24,15130.0,089890
2024-04-25,14880.0,089890
2024-04-26,15420.0,089890
2024-04-29,15050.0,089890
2024-04-30,15060.0,089890
2024-05-02,15730.0,089890
2024-05-03,16000.0,089890
2024-05-07,16630.0,089890
2024-05-08,16080.0,089890
2024-05-09,15610.0,089890
2024-05-10,15330.0,089890
2024-05-13,15200.0,089890
2024-05-14,16220.0,089890
2024-05-16,16310.0,089890
2024-05-17,15500.0,089890
2024-05-20,15110.0,089890
2024-05-21,15120.0,089890
2024-05-22,15040.0,089890
2024-05-23,15200.0,089890
2024-05-24,14660.0,089890
2024-05-27,14670.0,089890
2024-05-28,14600.0,089890
2024-05-29,14100.0,089890
2024-05-30,13830.0,089890
2024-05-31,13920.0,089890
2024-06-03,16250.0,089890
2024-06-04,16220.0,089890
2024-06-05,15800.0,089890
2024-06-07,16700.0,089890
2024-06-10,16350.0,089890
2024-06-11,16320.0,089890
2024-06-12,18070.0,089890
2024-06-13,18300.0,089890
2024-06-14,17690.0,089890
2024-06-17,17850.0,089890
2024-06-18,17720.0,089890
2024-06-19,18650.0,089890
2024-06-20,18240.0,089890
2024-06-21,18960.0,089890
2024-06-24,18270.0,089890
2024-06-25,17110.0,089890
2024-06-26,18960.0,089890
2024-06-27,18750.0,089890
2024-06-28,18910.0,089890
2024-07-01,17880.0,089890
2024-07-02,17500.0,089890
2024-07-03,16290.0,089890
2024-07-04,16390.0,089890
2024-07-05,15350.0,089890
2024-07-08,15550.0,089890
2024-07-09,16140.0,089890
2024-07-10,15700.0,089890
2024-07-11,15470.0,089890
2024-07-12,14900.0,089890
2024-07-15,14930.0,089890
2024-07-16,14550.0,089890
2024-07-17,14260.0,089890
2024-07-18,13900.0,089890
2024-07-19,13900.0,089890
2024-07-22,13170.0,089890
2024-07-23,12930.0,089890
2024-07-24,13100.0,089890
2024-07-25,11620.0,089890
2024-07-26,11090.0,089890
2024-07-29,11200.0,089890
2024-07-30,10730.0,089890
2024-07-31,11080.0,089890
2024-08-01,11120.0,089890
2024-08-02,10670.0,089890
2024-08-05,9020.0,089890
2024-08-06,10000.0,089890
2024-08-07,10030.0,089890
2024-08-08,9800.0,089890
2024-08-09,10220.0,089890
2024-08-12,10560.0,089890
2024-08-13,10500.0,089890
2024-08-14,10810.0,089890
2024-08-16,10840.0,089890
2024-08-19,10500.0,089890
2024-08-20,10750.0,089890
2024-08-21,10640.0,089890
2024-08-22,10310.0,089890
2024-08-23,10300.0,089890
2024-08-26,10270.0,089890
2024-08-27,10220.0,089890
2024-08-28,10200.0,089890
2024-08-29,10120.0,089890
2024-08-30,10200.0,089890
2024-09-02,10050.0,089890
2024-09-03,9750.0,089890
2024-09-04,9400.0,089890
2024-09-05,9000.0,089890
2024-09-06,8840.0,089890
2024-09-09,9000.0,089890
2024-09-10,8850.0,089890
2024-09-11,8920.0,089890
2024-09-12,9220.0,089890
2024-09-13,9060.0,089890
2024-09-19,8890.0,089890
2024-09-20,8730.0,089890
2024-09-23,8880.0,089890
2024-09-24,9100.0,089890
2024-09-25,9020.0,089890
2024-09-26,9570.0,089890
2024-09-27,9850.0,089890
2024-09-30,9510.0,089890
2024-10-02,9390.0,089890
2024-10-04,9370.0,089890
2024-10-07,9750.0,089890
2024-10-08,9620.0,089890
2024-10-10,9470.0,089890
2024-10-11,9430.0,089890
2024-10-14,9470.0,089890
2024-10-15,9410.0,089890
2024-10-16,9290.0,089890
2024-10-17,9420.0,089890
2024-10-18,9150.0,089890
2024-10-21,9260.0,089890
2024-10-22,9000.0,089890
2024-10-23,9200.0,089890
2024-10-24,8900.0,089890
2024-10-25,8620.0,089890
2024-10-28,8810.0,089890
2024-10-29,8700.0,089890
2024-10-30,8730.0,089890
2024-10-31,8790.0,089890
2024-11-01,8460.0,089890
2024-11-04,8650.0,089890
2024-11-05,8790.0,089890
2024-11-06,8480.0,089890
2024-11-07,8400.0,089890
2024-11-08,8490.0,089890
2024-11-11,7840.0,089890
2024-11-12,7650.0,089890
2024-11-13,7200.0,089890
2024-11-14,7190.0,089890
2024-11-15,7410.0,089890
2024-11-18,7280.0,089890
2024-11-19,7320.0,089890
2024-11-20,7120.0,089890
2024-11-21,7140.0,089890
2024-11-22,7280.0,089890
2024-11-25,7430.0,089890
2024-11-26,7420.0,089890
2024-11-27,7120.0,089890
2024-11-28,7170.0,089890
2024-11-29,7000.0,089890
2024-12-02,6060.0,089890
2024-12-03,6160.0,089890
2024-12-04,6200.0,089890
2024-12-05,6180.0,089890
2024-12-06,6240.0,089890
2024-12-09,5770.0,089890
2024-12-10,6200.0,089890
2024-12-11,6980.0,089890
2024-12-12,6900.0,089890
2024-12-13,6990.0,089890
2024-12-16,6980.0,089890
2024-12-17,6880.0,089890
2024-12-18,6820.0,089890
2024-12-19,6650.0,089890
2024-12-20,6480.0,089890
2024-12-23,6700.0,089890
2024-12-24,6630.0,089890
2024-12-26,6460.0,089890
2024-12-27,6510.0,089890
2024-12-30,6570.0,089890
2025-01-02,6880.0,089890
2025-01-03,7000.0,089890
2025-01-06,7300.0,089890
2025-01-07,7370.0,089890
2025-01-08,7870.0,089890
2025-01-09,7620.0,089890
2025-01-10,7410.0,089890
2025-01-13,7150.0,089890
2025-01-14,7210.0,089890
2025-01-15,7160.0,089890
2025-01-16,7380.0,089890
2025-01-17,7290.0,089890
2025-01-20,7710.0,089890
2025-01-21,7590.0,089890
2025-01-22,7690.0,089890
2025-01-23,7300.0,089890
2025-01-24,7260.0,089890
2025-01-31,6890.0,089890
2025-02-03,6430.0,089890
2025-02-04,6670.0,089890
2025-02-05,6880.0,089890
2025-02-06,7150.0,089890
2025-02-07,7250.0,089890
2025-02-10,7500.0,089890
2025-02-11,7510.0,089890
2025-02-12,7240.0,089890
2025-02-13,7290.0,089890
2025-02-14,7710.0,089890
2025-02-17,7730.0,089890
2025-02-18,7800.0,089890
2025-02-19,9320.0,089890
2025-02-20,9420.0,089890
2025-02-21,8950.0,089890
2025-02-24,9240.0,089890
2025-02-25,8960.0,089890
2025-02-26,8760.0,089890
2025-02-27,8230.0,089890
2025-02-28,7920.0,089890
2025-03-04,7540.0,089890
2025-03-05,7780.0,089890
2025-03-06,7640.0,089890
2025-03-07,7910.0,089890
2025-03-10,8000.0,089890
2025-03-11,7670.0,089890
2025-03-12,8000.0,089890
2025-03-13,7710.0,089890
2025-03-14,7950.0,089890
2025-03-17,7940.0,089890
2025-03-18,8060.0,089890
2025-03-19,8160.0,089890
2025-03-20,8420.0,089890
2025-03-21,8540.0,089890
2025-03-24,8520.0,089890
2025-03-25,8070.0,089890
2025-03-26,7810.0,089890
2025-03-27,7850.0,089890
2025-03-28,7340.0,089890
2025-03-31,6840.0,089890
2025-04-01,7040.0,089890
2025-04-02,7030.0,089890
2025-04-03,6870.0,089890
2025-04-04,6860.0,089890
2025-04-07,6160.0,089890
2025-04-08,6180.0,089890
2025-04-09,6010.0,089890
2025-04-10,6560.0,089890
2025-04-11,6680.0,089890
2025-04-14,6870.0,089890
2025-04-15,6950.0,089890
2025-04-16,6810.0,089890
2025-04-17,6780.0,089890
2025-04-18,7240.0,089890
2025-04-21,7200.0,089890
2025-04-22,7380.0,089890
2025-04-23,7410.0,089890
2025-04-24,7310.0,089890
2025-04-25,7390.0,089890
2025-04-28,7170.0,089890
2025-04-29,7260.0,089890
2025-04-30,7260.0,089890
2025-05-02,7130.0,089890
2025-05-07,7300.0,089890
2025-05-08,7300.0,089890
2025-05-09,7360.0,089890
2025-05-12,7940.0,089890
2025-05-13,7660.0,089890
2025-05-14,7410.0,089890
2025-05-15,7500.0,089890
2025-05-16,7370.0,089890
2025-05-19,7100.0,089890
2025-05-20,7020.0,089890
2025-05-21,6880.0,089890
2025-05-22,6720.0,089890
2025-05-23,6590.0,089890
2025-05-26,7020.0,089890
2025-05-27,6970.0,089890
2025-05-28,7040.0,089890
2025-05-29,7040.0,089890
2025-05-30,7070.0,089890
2025-06-02,7090.0,089890
2025-06-04,7220.0,089890
2025-06-05,7440.0,089890
2025-06-09,7330.0,089890
2025-06-10,7290.0,089890
2025-06-11,7460.0,089890
2025-06-12,7430.0,089890
2025-06-13,7200.0,089890
2025-06-16,7110.0,089890
2025-06-17,7250.0,089890
2025-06-18,7480.0,089890
2025-06-19,7460.0,089890
2025-06-20,7410.0,089890
2025-06-23,7140.0,089890
2025-06-24,7450.0,089890
2025-06-25,7520.0,089890
2025-06-26,7370.0,089890
2025-06-27,7220.0,089890
2025-06-30,7240.0,089890
2025-07-01,7200.0,089890
2025-07-02,7150.0,089890
2025-07-03,7500.0,089890
2025-07-04,7310.0,089890
2025-07-07,7190.0,089890
2025-07-08,7300.0,089890
2025-07-09,7210.0,089890
2025-07-10,7310.0,089890
2025-07-11,8160.0,089890
2025-07-14,8070.0,089890
2025-07-15,8380.0,089890
2025-07-16,9030.0,089890
2025-07-17,8760.0,089890
2025-07-18,8470.0,089890
2025-07-21,8380.0,089890
2025-07-22,8210.0,089890
2025-07-23,9500.0,089890
2025-07-24,9660.0,089890
2025-07-25,10230.0,089890
2025-07-28,10400.0,089890
2025-07-29,10650.0,089890
2025-07-30,10370.0,089890
2025-07-31,10500.0,089890
2025-08-01,10400.0,089890
2025-08-04,11140.0,089890
2025-08-05,11480.0,089890
2025-08-06,11620.0,089890
2025-08-07,12190.0,089890
2025-08-08,12060.0,089890
2025-08-11,12500.0,089890
2025-08-12,13040.0,089890
2025-08-13,13370.0,089890
2025-08-14,13720.0,089890
2025-08-18,12720.0,089890
2025-08-19,12220.0,089890
2025-08-20,11400.0,089890
2025-08-21,11310.0,089890
2025-08-22,11480.0,089890
2025-08-25,11570.0,089890
2025-08-26,12000.0,089890
2025-08-27,12620.0,089890
2025-08-28,12830.0,089890
2025-08-29,12210.0,089890
2025-09-01,11210.0,089890
2025-09-02,10400.0,089890
2025-09-03,10750.0,089890
2025-09-04,11000.0,089890
2025-09-05,11740.0,089890
2025-09-08,12250.0,089890
2025-09-09,12080.0,089890
2025-09-10,11920.0,089890
2025-09-11,11960.0,089890
2025-09-12,12390.0,089890
2025-09-15,13150.0,089890
2025-09-16,14020.0,089890
2025-09-17,14400.0,089890
2025-09-18,14300.0,089890
2025-09-19,14600.0,089890
2025-09-22,15320.0,089890
2025-09-23,15600.0,089890
2025-09-24,15950.0,089890
2025-09-25,17300.0,089890
2025-09-26,15770.0,089890
2025-09-29,15200.0,089890
2025-09-30,15500.0,089890
2025-10-01,17530.0,089890
2025-10-02,18060.0,089890
2025-10-10,18820.0,089890
2025-10-13,18920.0,089890
2025-10-14,20150.0,089890
2025-10-15,21000.0,089890
2025-10-16,23500.0,089890
2025-10-17,24200.0,089890
2025-10-20,24200.0,089890
2025-10-21,24200.0,089890
2025-10-22,25450.0,089890
2025-10-23,26650.0,089890
2025-10-24,30300.0,089890
2025-10-27,27000.0,089890
2025-10-28,26800.0,089890
2025-10-29,29550.0,089890
2025-10-30,28550.0,089890
2025-10-31,28900.0,089890
2025-11-03,29000.0,089890
2025-11-04,29950.0,089890
2025-11-05,28200.0,089890
2025-11-06,31700.0,089890
2025-11-07,29500.0,089890
2025-11-10,31500.0,089890
2025-11-11,30850.0,089890
2025-11-12,31450.0,089890
2025-11-13,31350.0,089890
2025-11-14,31400.0,089890
2025-11-17,29900.0,089890
2025-11-18,28400.0,089890
2025-11-19,28300.0,089890
2025-11-20,29200.0,089890
2025-11-21,26150.0,089890
2025-11-24,26350.0,089890
2025-11-25,25100.0,089890
2025-11-26,26100.0,089890
2025-11-27,28050.0,089890
2025-11-28,29450.0,089890
2025-12-01,28250.0,089890
2025-12-02,25900.0,089890
2025-12-03,27300.0,089890
2025-12-04,27200.0,089890
2025-12-05,25400.0,089890
2025-12-08,25500.0,089890
2025-12-09,25350.0,089890
2025-12-10,25700.0,089890
2025-12-11,25000.0,089890
2025-12-12,25900.0,089890
2025-12-15,21500.0,089890
2025-12-16,19240.0,089890
2025-12-17,19850.0,089890
2025-12-18,19360.0,089890
2025-12-19,21600.0,089890
2025-12-22,23650.0,089890
2025-12-23,22550.0,089890
2025-12-24,22250.0,089890
2025-12-26,21950.0,089890
2025-12-29,22250.0,089890
2025-12-30,21750.0,089890
2026-01-02,22900.0,089890
2026-01-05,23800.0,089890
2026-01-06,23650.0,089890
2026-01-07,21650.0,089890
2026-01-08,20600.0,089890
2026-01-09,22300.0,089890
2026-01-12,23600.0,089890
2026-01-13,23600.0,089890
2026-01-14,24250.0,089890
2026-01-15,24700.0,089890
2026-01-16,24350.0,089890
2026-01-19,23950.0,089890
2026-01-20,24900.0,089890
2026-01-21,25000.0,089890
2026-01-22,25900.0,089890
2026-01-23,26550.0,089890
2026-01-26,25800.0,089890
2026-01-27,27400.0,089890
2026-01-28,28450.0,089890
2026-01-29,28550.0,089890
2026-01-30,26900.0,089890
2026-02-02,26150.0,089890
2026-02-03,27400.0,089890
2026-02-04,27250.0,089890
2026-02-05,25150.0,089890
2026-02-06,23050.0,089890
2026-02-09,23700.0,089890
2026-02-10,23400.0,089890
2026-02-11,22600.0,089890
2026-02-12,22500.0,089890
2026-02-13,21050.0,089890
2026-02-19,22100.0,089890
2026-02-20,22450.0,089890
2026-02-23,22150.0,089890
2026-02-24,22850.0,089890
2026-02-25,22850.0,089890
2026-02-26,25650.0,089890
2026-02-27,26250.0,089890
2026-03-03,26000.0,089890
2026-03-04,20200.0,089890
2026-03-05,26000.0,089890
2026-03-06,25900.0,089890
2026-03-09,22500.0,089890
2026-03-10,23650.0,089890
2026-03-11,25650.0,089890
2026-03-12,25500.0,089890
2026-03-13,28850.0,089890
2026-03-16,27800.0,089890
2026-03-17,28000.0,089890
2026-03-18,28050.0,089890
2026-03-19,26800.0,089890
2026-03-20,25800.0,089890
2026-03-23,23050.0,089890
2026-03-24,22750.0,089890
2026-03-25,24000.0,089890
2026-03-26,22300.0,089890
2026-03-27,22250.0,089890
2026-03-30,20100.0,089890
2026-03-31,18870.0,089890
2026-04-01,22150.0,089890
2026-04-02,22000.0,089890
2026-04-03,22600.0,089890
2026-04-06,21250.0,089890
2026-04-07,20700.0,089890
2026-04-08,22400.0,089890
2026-04-09,21450.0,089890
2026-04-10,22050.0,089890
2026-04-13,26800.0,089890
2026-04-14,27500.0,089890
2026-04-15,27750.0,089890
2026-04-16,29100.0,089890
2026-04-17,32000.0,089890
2026-04-20,34900.0,089890
2026-04-21,35050.0,089890
2026-04-22,37900.0,089890
2026-04-23,39000.0,089890
2026-04-24,44100.0,089890
2026-04-27,43200.0,089890
2026-04-28,42450.0,089890
2026-04-29,45150.0,089890
2026-04-30,47400.0,089890
2026-05-04,50500.0,089890
2026-05-06,44700.0,089890
2026-05-07,42650.0,089890
2026-05-08,41600.0,089890
2026-05-11,41000.0,089890
2026-05-12,39350.0,089890
2026-05-13,42000.0,089890
2026-05-14,42100.0,089890
2026-05-15,40550.0,089890
2026-05-18,41600.0,089890
2026-05-19,39550.0,089890
2026-05-20,38000.0,089890
2026-05-21,38700.0,089890
2026-05-22,40800.0,089890
2026-05-26,40950.0,089890
2026-05-27,39300.0,089890
2026-05-28,40750.0,089890
2026-05-29,39150.0,089890
2026-06-01,36200.0,089890
2026-06-02,37500.0,089890
2026-06-04,38050.0,089890
2026-06-05,36000.0,089890
2026-06-08,30400.0,089890
2026-06-09,35900.0,089890
2026-06-10,36450.0,089890
2026-06-11,37750.0,089890
2026-06-12,37900.0,089890
2026-06-15,37850.0,089890
2026-06-16,37000.0,089890
2026-06-17,36900.0,089890
2026-06-18,34950.0,089890
2026-06-19,33850.0,089890
2026-06-22,33600.0,089890
2026-06-23,30000.0,089890
2026-06-24,29100.0,089890
2026-06-25,29200.0,089890
2026-06-26,27900.0,089890
2026-06-29,29750.0,089890
2026-06-30,31250.0,089890
2026-07-01,37000.0,089890
2026-07-02,31550.0,089890
2026-07-03,31900.0,089890
2026-07-06,27250.0,089890
2026-07-07,26700.0,089890
2026-07-08,26300.0,089890
2026-07-09,27800.0,089890
2026-07-10,33300.0,089890
2026-07-13,28150.0,089890
2026-07-14,27150.0,089890
2026-07-15,26400.0,089890
2026-07-16,23750.0,089890
2026-07-20,22900.0,089890
2026-07-21,21500.0,089890
2026-07-22,24100.0,089890
2026-07-23,27150.0,089890
2026-07-24,24900.0,089890
2026-07-27,23150.0,089890
2026-07-28,18930.0,089890
2026-07-29,17050.0,089890
2026-07-30,16170.0,089890
2026-07-31,19700.0,089890
2026-08-03,20050.0,089890
2026-08-04,21250.0,089890
2026-08-05,22000.0,089890
2026-08-06,21250.0,089890
2026-08-07,21150.0,089890
2026-08-10,22700.0,089890
2026-08-11,23350.0,089890
2026-08-12,23050.0,089890
2026-08-13,24450.0,089890
2026-08-14,23800.0,089890
2026-08-18,22850.0,089890
2026-08-19,22250.0,089890
2026-08-20,24500.0,089890
2026-08-21,22050.0,089890
2026-08-24,22950.0,089890
2026-08-25,23900.0,089890
2026-08-26,26250.0,089890
2026-08-27,25650.0,089890
2026-08-28,23500.0,089890
2026-08-31,23450.0,089890
2014-06-11,18605.0,096530
2014-06-12,18773.0,096530
2014-06-13,18706.0,096530
2014-06-16,18403.0,096530
2014-06-17,18302.0,096530
2014-06-18,18235.0,096530
2014-06-19,18336.0,096530
2014-06-20,18201.0,096530
2014-06-23,18538.0,096530
2014-06-24,18437.0,096530
2014-06-25,18235.0,096530
2014-06-26,18100.0,096530
2014-06-27,18538.0,096530
2014-06-30,19379.0,096530
2014-07-01,19379.0,096530
2014-07-02,20052.0,096530
2014-07-03,19850.0,096530
2014-07-04,19917.0,096530
2014-07-07,19648.0,096530
2014-07-08,19782.0,096530
2014-07-09,19816.0,096530
2014-07-10,19850.0,096530
2014-07-11,19883.0,096530
2014-07-14,20321.0,096530
2014-07-15,20052.0,096530
2014-07-16,18807.0,096530
2014-07-17,18773.0,096530
2014-07-18,18941.0,096530
2014-07-21,19614.0,096530
2014-07-22,19850.0,096530
2014-07-23,20523.0,096530
2014-07-24,20657.0,096530
2014-07-25,21095.0,096530
2014-07-28,20926.0,096530
2014-07-29,20253.0,096530
2014-07-30,20590.0,096530
2014-07-31,20253.0,096530
2014-08-01,20253.0,096530
2014-08-04,20523.0,096530
2014-08-05,20119.0,096530
2014-08-06,20724.0,096530
2014-08-07,20253.0,096530
2014-08-08,19513.0,096530
2014-08-11,19345.0,096530
2014-08-12,18975.0,096530
2014-08-13,19479.0,096530
2014-08-14,19513.0,096530
2014-08-18,19312.0,096530
2014-08-19,19379.0,096530
2014-08-20,19042.0,096530
2014-08-21,19177.0,096530
2014-08-22,19513.0,096530
2014-08-25,19345.0,096530
2014-08-26,19547.0,096530
2014-08-27,18975.0,096530
2014-08-28,19715.0,096530
2014-08-29,19345.0,096530
2014-09-01,19244.0,096530
2014-09-02,19513.0,096530
2014-09-03,19917.0,096530
2014-09-04,19648.0,096530
2014-09-05,19816.0,096530
2014-09-11,20253.0,096530
2014-09-12,20253.0,096530
2014-09-15,19513.0,096530
2014-09-16,19008.0,096530
2014-09-17,19278.0,096530
2014-09-18,19278.0,096530
2014-09-19,19244.0,096530
2014-09-22,18874.0,096530
2014-09-23,18605.0,096530
2014-09-24,19547.0,096530
2014-09-25,19143.0,096530
2014-09-26,19076.0,096530
2014-09-29,18605.0,096530
2014-09-30,18639.0,096530
2014-10-01,18470.0,096530
2014-10-02,18907.0,096530
2014-10-06,19143.0,096530
2014-10-07,19008.0,096530
2014-10-08,19143.0,096530
2014-10-10,18437.0,096530
2014-10-13,17932.0,096530
2014-10-14,18168.0,096530
2014-10-15,17932.0,096530
2014-10-16,17663.0,096530
2014-10-17,17932.0,096530
2014-10-20,17831.0,096530
2014-10-21,17898.0,096530
2014-10-22,18706.0,096530
2014-10-23,18773.0,096530
2014-10-24,19479.0,096530
2014-10-27,19648.0,096530
2014-10-28,19513.0,096530
2014-10-29,19312.0,096530
2014-10-30,19143.0,096530
2014-10-31,19782.0,096530
2014-11-03,19513.0,096530
2014-11-04,19715.0,096530
2014-11-05,20152.0,096530
2014-11-06,19479.0,096530
2014-11-07,19109.0,096530
2014-11-10,19143.0,096530
2014-11-11,19312.0,096530
2014-11-12,19008.0,096530
2014-11-13,19278.0,096530
2014-11-14,18437.0,096530
2014-11-17,18437.0,096530
2014-11-18,18841.0,096530
2014-11-19,18201.0,096530
2014-11-20,16822.0,096530
2014-11-21,16485.0,096530
2014-11-24,15627.0,096530
2014-11-25,16014.0,096530
2014-11-26,15762.0,096530
2014-11-27,15998.0,096530
2014-11-28,15930.0,096530
2014-12-01,15897.0,096530
2014-12-02,16082.0,096530
2014-12-03,16385.0,096530
2014-12-04,16031.0,096530
2014-12-05,16048.0,096530
2014-12-08,16132.0,096530
2014-12-09,15846.0,096530
2014-12-10,16031.0,096530
2014-12-11,15947.0,096530
2014-12-12,16099.0,096530
2014-12-15,16183.0,096530
2014-12-16,15579.0,096530
2014-12-17,15906.0,096530
2014-12-18,15454.0,096530
2014-12-19,15052.0,096530
2014-12-22,15404.0,096530
2014-12-23,15203.0,096530
2014-12-24,15228.0,096530
2014-12-26,15404.0,096530
2014-12-29,16082.0,096530
2014-12-30,16358.0,096530
2015-01-02,16459.0,096530
2015-01-05,16283.0,096530
2015-01-06,16132.0,096530
2015-01-07,16283.0,096530
2015-01-08,15906.0,096530
2015-01-09,16333.0,096530
2015-01-12,16861.0,096530
2015-01-13,16635.0,096530
2015-01-14,16559.0,096530
2015-01-15,16233.0,096530
2015-01-16,15831.0,096530
2015-01-19,15730.0,096530
2015-01-20,15554.0,096530
2015-01-21,16836.0,096530
2015-01-22,17238.0,096530
2015-01-23,17439.0,096530
2015-01-26,17213.0,096530
2015-01-27,17313.0,096530
2015-01-28,17288.0,096530
2015-01-29,17037.0,096530
2015-01-30,16484.0,096530
2015-02-02,17087.0,096530
2015-02-03,17137.0,096530
2015-02-04,17012.0,096530
2015-02-05,17012.0,096530
2015-02-06,17590.0,096530
2015-02-09,17665.0,096530
2015-02-10,17338.0,096530
2015-02-11,17087.0,096530
2015-02-12,16761.0,096530
2015-02-13,17062.0,096530
2015-02-16,18469.0,096530
2015-02-17,18846.0,096530
2015-02-23,18042.0,096530
2015-02-24,18896.0,096530
2015-02-25,18318.0,096530
2015-02-26,18595.0,096530
2015-02-27,18595.0,096530
2015-03-02,18369.0,096530
2015-03-03,18193.0,096530
2015-03-04,18545.0,096530
2015-03-05,18444.0,096530
2015-03-06,18444.0,096530
2015-03-09,18117.0,096530
2015-03-10,17590.0,096530
2015-03-11,17489.0,096530
2015-03-12,17640.0,096530
2015-03-13,17992.0,096530
2015-03-16,18243.0,096530
2015-03-17,18193.0,096530
2015-03-18,18318.0,096530
2015-03-19,18042.0,096530
2015-03-20,18595.0,096530
2015-03-23,19047.0,096530
2015-03-24,19399.0,096530
2015-03-25,19625.0,096530
2015-03-26,18896.0,096530
2015-03-27,19148.0,096530
2015-03-30,19097.0,096530
2015-03-31,18821.0,096530
2015-04-01,18595.0,096530
2015-04-02,18746.0,096530
2015-04-03,18771.0,096530
2015-04-06,18117.0,096530
2015-04-07,18243.0,096530
2015-04-08,17715.0,096530
2015-04-09,18645.0,096530
2015-04-10,18369.0,096530
2015-04-13,18268.0,096530
2015-04-14,17992.0,096530
2015-04-15,18243.0,096530
2015-04-16,18193.0,096530
2015-04-17,18871.0,096530
2015-04-20,19173.0,096530
2015-04-21,19273.0,096530
2015-04-22,19701.0,096530
2015-04-23,18947.0,096530
2015-04-24,18344.0,096530
2015-04-27,18796.0,096530
2015-04-28,18444.0,096530
2015-04-29,18218.0,096530
2015-04-30,17992.0,096530
2015-05-04,17891.0,096530
2015-05-06,17338.0,096530
2015-05-07,17615.0,096530
2015-05-08,17565.0,096530
2015-05-11,17489.0,096530
2015-05-12,17590.0,096530
2015-05-13,17188.0,096530
2015-05-14,17288.0,096530
2015-05-15,17288.0,096530
2015-05-18,17464.0,096530
2015-05-19,18092.0,096530
2015-05-20,17967.0,096530
2015-05-21,18519.0,096530
2015-05-22,19600.0,096530
2015-05-26,19726.0,096530
2015-05-27,19977.0,096530
2015-05-28,21887.0,096530
2015-05-29,21987.0,096530
2015-06-01,22037.0,096530
2015-06-02,22314.0,096530
2015-06-03,20932.0,096530
2015-06-04,22213.0,096530
2015-06-05,23017.0,096530
2015-06-08,22791.0,096530
2015-06-09,21661.0,096530
2015-06-10,21786.0,096530
2015-06-11,21535.0,096530
2015-06-12,20907.0,096530
2015-06-15,21158.0,096530
2015-06-16,20731.0,096530
2015-06-17,20605.0,096530
2015-06-18,20957.0,096530
2015-06-19,20404.0,096530
2015-06-22,20932.0,096530
2015-06-23,21962.0,096530
2015-06-24,22188.0,096530
2015-06-25,22037.0,096530
2015-06-26,21384.0,096530
2015-06-29,20203.0,096530
2015-06-30,20655.0,096530
2015-07-01,21434.0,096530
2015-07-02,21183.0,096530
2015-07-03,24098.0,096530
2015-07-06,25003.0,096530
2015-07-07,22188.0,096530
2015-07-08,21233.0,096530
2015-07-09,27138.0,096530
2015-07-10,31410.0,096530
2015-07-13,31913.0,096530
2015-07-14,31712.0,096530
2015-07-15,31058.0,096530
2015-07-16,32265.0,096530
2015-07-17,31913.0,096530
2015-07-20,34777.0,096530
2015-07-21,35531.0,096530
2015-07-22,34174.0,096530
2015-07-23,34677.0,096530
2015-07-24,34275.0,096530
2015-07-27,30154.0,096530
2015-07-28,31209.0,096530
2015-07-29,29400.0,096530
2015-07-30,28797.0,096530
2015-07-31,29501.0,096530
2015-08-03,26133.0,096530
2015-08-04,27490.0,096530
2015-08-05,29249.0,096530
2015-08-06,28696.0,096530
2015-08-07,27993.0,096530
2015-08-10,27943.0,096530
2015-08-11,26033.0,096530
2015-08-12,25279.0,096530
2015-08-13,26184.0,096530
2015-08-17,25078.0,096530
2015-08-18,24475.0,096530
2015-08-19,23771.0,096530
2015-08-20,23570.0,096530
2015-08-21,22590.0,096530
2015-08-24,21987.0,096530
2015-08-25,23570.0,096530
2015-08-26,23972.0,096530
2015-08-27,23545.0,096530
2015-08-28,24425.0,096530
2015-08-31,23470.0,096530
2015-09-01,22238.0,096530
2015-09-02,22515.0,096530
2015-09-03,22716.0,096530
2015-09-04,20681.0,096530
2015-09-07,20052.0,096530
2015-09-08,19776.0,096530
2015-09-09,20530.0,096530
2015-09-10,21208.0,096530
2015-09-11,21007.0,096530
2015-09-14,20706.0,096530
2015-09-15,21510.0,096530
2015-09-16,22063.0,096530
2015-09-17,22641.0,096530
2015-09-18,23294.0,096530
2015-09-21,22515.0,096530
2015-09-22,22716.0,096530
2015-09-23,21912.0,096530
2015-09-24,21309.0,096530
2015-09-25,21610.0,096530
2015-09-30,20806.0,096530
2015-10-01,21133.0,096530
2015-10-02,20555.0,096530
2015-10-05,20932.0,096530
2015-10-06,20856.0,096530
2015-10-07,20228.0,096530
2015-10-08,19851.0,096530
2015-10-12,19977.0,096530
2015-10-13,19701.0,096530
2015-10-14,19248.0,096530
2015-10-15,19600.0,096530
2015-10-16,19876.0,096530
2015-10-19,20103.0,096530
2015-10-20,20655.0,096530
2015-10-21,20027.0,096530
2015-10-22,19324.0,096530
2015-10-23,19449.0,096530
2015-10-26,19575.0,096530
2015-10-27,18721.0,096530
2015-10-28,20077.0,096530
2015-10-29,20454.0,096530
2015-10-30,19876.0,096530
2015-11-02,19726.0,096530
2015-11-03,20002.0,096530
2015-11-04,21309.0,096530
2015-11-05,21786.0,096530
2015-11-06,21585.0,096530
2015-11-09,20404.0,096530
2015-11-10,19650.0,096530
2015-11-11,19148.0,096530
2015-11-12,18997.0,096530
2015-11-13,18394.0,096530
2015-11-16,17565.0,096530
2015-11-17,17841.0,096530
2015-11-18,17841.0,096530
2015-11-19,18067.0,096530
2015-11-20,18218.0,096530
2015-11-23,18721.0,096530
2015-11-24,18519.0,096530
2015-11-25,18168.0,096530
2015-11-26,18494.0,096530
2015-11-27,18721.0,096530
2015-11-30,18193.0,096530
2015-12-01,18193.0,096530
2015-12-02,19499.0,096530
2015-12-03,19148.0,096530
2015-12-04,18570.0,096530
2015-12-07,18545.0,096530
2015-12-08,18143.0,096530
2015-12-09,17891.0,096530
2015-12-10,17439.0,096530
2015-12-11,17741.0,096530
2015-12-14,17163.0,096530
2015-12-15,17690.0,096530
2015-12-16,17942.0,096530
2015-12-17,17741.0,096530
2015-12-18,18243.0,096530
2015-12-21,18143.0,096530
2015-12-22,18042.0,096530
2015-12-23,18168.0,096530
2015-12-24,17841.0,096530
2015-12-28,17841.0,096530
2015-12-29,18947.0,096530
2015-12-30,19022.0,096530
2016-01-04,19474.0,096530
2016-01-05,20002.0,096530
2016-01-06,21610.0,096530
2016-01-07,21108.0,096530
2016-01-08,21510.0,096530
2016-01-11,20555.0,096530
2016-01-12,20052.0,096530
2016-01-13,20932.0,096530
2016-01-14,20856.0,096530
2016-01-15,20253.0,096530
2016-01-18,20228.0,096530
2016-01-19,20580.0,096530
2016-01-20,21133.0,096530
2016-01-21,20505.0,096530
2016-01-22,19726.0,096530
2016-01-25,19826.0,096530
2016-01-26,19776.0,096530
2016-01-27,19047.0,096530
2016-01-28,19097.0,096530
2016-01-29,19248.0,096530
2016-02-01,19173.0,096530
2016-02-02,19650.0,096530
2016-02-03,19675.0,096530
2016-02-04,19600.0,096530
2016-02-05,19047.0,096530
2016-02-11,18143.0,096530
2016-02-12,16132.0,096530
2016-02-15,15906.0,096530
2016-02-16,16308.0,096530
2016-02-17,15328.0,096530
2016-02-18,16308.0,096530
2016-02-19,16811.0,096530
2016-02-22,17087.0,096530
2016-02-23,16786.0,096530
2016-02-24,16308.0,096530
2016-02-25,17112.0,096530
2016-02-26,17238.0,096530
2016-02-29,17037.0,096530
2016-03-02,16962.0,096530
2016-03-03,17188.0,096530
2016-03-04,17891.0,096530
2016-03-07,17590.0,096530
2016-03-08,17539.0,096530
2016-03-09,18092.0,096530
2016-03-10,18344.0,096530
2016-03-11,18092.0,096530
2016-03-14,18042.0,096530
2016-03-15,17741.0,096530
2016-03-16,17741.0,096530
2016-03-17,17690.0,096530
2016-03-18,17866.0,096530
2016-03-21,18193.0,096530
2016-03-22,18143.0,096530
2016-03-23,17690.0,096530
2016-03-24,17313.0,096530
2016-03-25,17263.0,096530
2016-03-28,17163.0,096530
2016-03-29,17263.0,096530
2016-03-30,17137.0,096530
2016-03-31,16886.0,096530
2016-04-01,17112.0,096530
2016-04-04,18419.0,096530
2016-04-05,18570.0,096530
2016-04-06,18218.0,096530
2016-04-07,18670.0,096530
2016-04-08,18519.0,096530
2016-04-11,17967.0,096530
2016-04-12,18243.0,096530
2016-04-14,18695.0,096530
2016-04-15,19248.0,096530
2016-04-18,19273.0,096530
2016-04-19,19097.0,096530
2016-04-20,18771.0,096530
2016-04-21,18821.0,096530
2016-04-22,18545.0,096530
2016-04-25,18545.0,096530
2016-04-26,18494.0,096530
2016-04-27,17816.0,096530
2016-04-28,17338.0,096530
2016-04-29,17615.0,096530
2016-05-02,17163.0,096530
2016-05-03,17489.0,096530
2016-05-04,17690.0,096530
2016-05-09,17489.0,096530
2016-05-10,17766.0,096530
2016-05-11,17565.0,096530
2016-05-12,17816.0,096530
2016-05-13,17967.0,096530
2016-05-16,17565.0,096530
2016-05-17,17062.0,096530
2016-05-18,16786.0,096530
2016-05-19,16836.0,096530
2016-05-20,17037.0,096530
2016-05-23,17741.0,096530
2016-05-24,17238.0,096530
2016-05-25,17313.0,096530
2016-05-26,17288.0,096530
2016-05-27,17313.0,096530
2016-05-30,17741.0,096530
2016-05-31,17916.0,096530
2016-06-01,18017.0,096530
2016-06-02,18243.0,096530
2016-06-03,17942.0,096530
2016-06-07,18243.0,096530
2016-06-08,18494.0,096530
2016-06-09,18545.0,096530
2016-06-10,18243.0,096530
2016-06-13,17942.0,096530
2016-06-14,17841.0,096530
2016-06-15,17514.0,096530
2016-06-16,17112.0,096530
2016-06-17,17364.0,096530
2016-06-20,17640.0,096530
2016-06-21,17640.0,096530
2016-06-22,17464.0,096530
2016-06-23,17087.0,096530
2016-06-24,16484.0,096530
2016-06-27,16333.0,096530
2016-06-28,16509.0,096530
2016-06-29,16786.0,096530
2016-06-30,16635.0,096530
2016-07-01,16886.0,096530
2016-07-04,17389.0,096530
2016-07-05,18695.0,096530
2016-07-06,18846.0,096530
2016-07-07,18519.0,096530
2016-07-08,18344.0,096530
2016-07-11,18444.0,096530
2016-07-12,18318.0,096530
2016-07-13,18419.0,096530
2016-07-14,18318.0,096530
2016-07-15,17766.0,096530
2016-07-18,17942.0,096530
2016-07-19,17942.0,096530
2016-07-20,17690.0,096530
2016-07-21,17866.0,096530
2016-07-22,18168.0,096530
2016-07-25,18017.0,096530
2016-07-26,17741.0,096530
2016-07-27,17715.0,096530
2016-07-28,18218.0,096530
2016-07-29,18243.0,096530
2016-08-01,18771.0,096530
2016-08-02,18344.0,096530
2016-08-03,18746.0,096530
2016-08-04,18670.0,096530
2016-08-05,18117.0,096530
2016-08-08,18570.0,096530
2016-08-09,19600.0,096530
2016-08-10,19650.0,096530
2016-08-11,19374.0,096530
2016-08-12,19776.0,096530
2016-08-16,19600.0,096530
2016-08-17,19324.0,096530
2016-08-18,19600.0,096530
2016-08-19,19701.0,096530
2016-08-22,18947.0,096530
2016-08-23,19248.0,096530
2016-08-24,19273.0,096530
2016-08-25,18771.0,096530
2016-08-26,18494.0,096530
2016-08-29,17791.0,096530
2016-08-30,17866.0,096530
2016-08-31,17288.0,096530
2016-09-01,17715.0,096530
2016-09-02,17916.0,096530
2016-09-05,17690.0,096530
2016-09-06,17288.0,096530
2016-09-07,17137.0,096530
2016-09-08,17439.0,096530
2016-09-09,17238.0,096530
2016-09-12,16936.0,096530
2016-09-13,17163.0,096530
2016-09-19,17188.0,096530
2016-09-20,17288.0,096530
2016-09-21,17539.0,096530
2016-09-22,17615.0,096530
2016-09-23,18922.0,096530
2016-09-26,18746.0,096530
2016-09-27,18871.0,096530
2016-09-28,18595.0,096530
2016-09-29,18545.0,096530
2016-09-30,17942.0,096530
2016-10-04,18092.0,096530
2016-10-05,17841.0,096530
2016-10-06,18318.0,096530
2016-10-07,17791.0,096530
2016-10-10,18067.0,096530
2016-10-11,17640.0,096530
2016-10-12,17690.0,096530
2016-10-13,17439.0,096530
2016-10-14,17364.0,096530
2016-10-17,17238.0,096530
2016-10-18,17489.0,096530
2016-10-19,17942.0,096530
2016-10-20,17690.0,096530
2016-10-21,17891.0,096530
2016-10-24,17741.0,096530
2016-10-25,16534.0,096530
2016-10-26,16735.0,096530
2016-10-27,17414.0,096530
2016-10-28,16484.0,096530
2016-10-31,15228.0,096530
2016-11-01,15730.0,096530
2016-11-02,15052.0,096530
2016-11-03,15378.0,096530
2016-11-04,15781.0,096530
2016-11-07,16132.0,096530
2016-11-08,15831.0,096530
2016-11-09,15479.0,096530
2016-11-10,16384.0,096530
2016-11-11,16183.0,096530
2016-11-14,16107.0,096530
2016-11-15,16183.0,096530
2016-11-16,16534.0,096530
2016-11-17,16384.0,096530
2016-11-18,16183.0,096530
2016-11-21,16132.0,096530
2016-11-22,16358.0,096530
2016-11-23,15881.0,096530
2016-11-24,15931.0,096530
2016-11-25,16283.0,096530
2016-11-28,16358.0,096530
2016-11-29,16032.0,096530
2016-11-30,16208.0,096530
2016-12-01,16183.0,096530
2016-12-02,16032.0,096530
2016-12-05,16132.0,096530
2016-12-06,16509.0,096530
2016-12-07,16710.0,096530
2016-12-08,16610.0,096530
2016-12-09,17037.0,096530
2016-12-12,17238.0,096530
2016-12-13,17288.0,096530
2016-12-14,17137.0,096530
2016-12-15,17112.0,096530
2016-12-16,16962.0,096530
2016-12-19,17137.0,096530
2016-12-20,17112.0,096530
2016-12-21,17112.0,096530
2016-12-22,17037.0,096530
2016-12-23,17288.0,096530
2016-12-26,17288.0,096530
2016-12-27,17514.0,096530
2016-12-28,17741.0,096530
2016-12-29,17565.0,096530
2017-01-02,17590.0,096530
2017-01-03,17615.0,096530
2017-01-04,17615.0,096530
2017-01-05,17992.0,096530
2017-01-06,18394.0,096530
2017-01-09,18067.0,096530
2017-01-10,17615.0,096530
2017-01-11,17439.0,096530
2017-01-12,17539.0,096530
2017-01-13,17439.0,096530
2017-01-16,17288.0,096530
2017-01-17,17364.0,096530
2017-01-18,17313.0,096530
2017-01-19,17012.0,096530
2017-01-20,16836.0,096530
2017-01-23,17188.0,096530
2017-01-24,16861.0,096530
2017-01-25,16836.0,096530
2017-01-26,16861.0,096530
2017-01-31,16987.0,096530
2017-02-01,17539.0,096530
2017-02-02,17288.0,096530
2017-02-03,17087.0,096530
2017-02-06,17037.0,096530
2017-02-07,16886.0,096530
2017-02-08,16911.0,096530
2017-02-09,16635.0,096530
2017-02-10,16585.0,096530
2017-02-13,16434.0,096530
2017-02-14,16710.0,096530
2017-02-15,16962.0,096530
2017-02-16,16936.0,096530
2017-02-17,17087.0,096530
2017-02-20,17062.0,096530
2017-02-21,17062.0,096530
2017-02-22,17112.0,096530
2017-02-23,16710.0,096530
2017-02-24,16886.0,096530
2017-02-27,17313.0,096530
2017-02-28,17288.0,096530
2017-03-02,16987.0,096530
2017-03-03,16610.0,096530
2017-03-06,16811.0,096530
2017-03-07,16861.0,096530
2017-03-08,16509.0,096530
2017-03-09,16635.0,096530
2017-03-10,16886.0,096530
2017-03-13,16811.0,096530
2017-03-14,16559.0,096530
2017-03-15,16358.0,096530
2017-03-16,16384.0,096530
2017-03-17,16459.0,096530
2017-03-20,16459.0,096530
2017-03-21,16610.0,096530
2017-03-22,16358.0,096530
2017-03-23,16308.0,096530
2017-03-24,16233.0,096530
2017-03-27,16358.0,096530
2017-03-28,16333.0,096530
2017-03-29,16208.0,096530
2017-03-30,16409.0,096530
2017-03-31,16534.0,096530
2017-04-03,16836.0,096530
2017-04-04,16886.0,096530
2017-04-05,17137.0,096530
2017-04-06,17188.0,096530
2017-04-07,17087.0,096530
2017-04-10,16811.0,096530
2017-04-11,17062.0,096530
2017-04-12,17112.0,096530
2017-04-13,17565.0,096530
2017-04-14,17539.0,096530
2017-04-17,17715.0,096530
2017-04-18,18042.0,096530
2017-04-19,18168.0,096530
2017-04-20,18318.0,096530
2017-04-21,17816.0,096530
2017-04-24,17916.0,096530
2017-04-25,17992.0,096530
2017-04-26,18117.0,096530
2017-04-27,18143.0,096530
2017-04-28,17916.0,096530
2017-05-02,17715.0,096530
2017-05-04,18193.0,096530
2017-05-08,18469.0,096530
2017-05-10,18143.0,096530
2017-05-11,18444.0,096530
2017-05-12,18771.0,096530
2017-05-15,18972.0,096530
2017-05-16,18972.0,096530
2017-05-17,19022.0,096530
2017-05-18,18620.0,096530
2017-05-19,18670.0,096530
2017-05-22,18419.0,096530
2017-05-23,18620.0,096530
2017-05-24,19525.0,096530
2017-05-25,20027.0,096530
2017-05-26,20103.0,096530
2017-05-29,19826.0,096530
2017-05-30,19575.0,096530
2017-05-31,19525.0,096530
2017-06-01,19927.0,096530
2017-06-02,20027.0,096530
2017-06-05,19876.0,096530
2017-06-07,19499.0,096530
2017-06-08,20203.0,096530
2017-06-09,20027.0,096530
2017-06-12,19424.0,096530
2017-06-13,19625.0,096530
2017-06-14,19726.0,096530
2017-06-15,19525.0,096530
2017-06-16,19022.0,096530
2017-06-19,19198.0,096530
2017-06-20,18771.0,096530
2017-06-21,19525.0,096530
2017-06-22,18796.0,096530
2017-06-23,18871.0,096530
2017-06-26,19047.0,096530
2017-06-27,19474.0,096530
2017-06-28,19374.0,096530
2017-06-29,18972.0,096530
2017-06-30,18972.0,096530
2017-07-03,18670.0,096530
2017-07-04,18193.0,096530
2017-07-05,18293.0,096530
2017-07-06,18218.0,096530
2017-07-07,18318.0,096530
2017-07-10,18218.0,096530
2017-07-11,17640.0,096530
2017-07-12,17715.0,096530
2017-07-13,17640.0,096530
2017-07-14,17313.0,096530
2017-07-17,17640.0,096530
2017-07-18,17690.0,096530
2017-07-19,17615.0,096530
2017-07-20,17791.0,096530
2017-07-21,14851.0,096530
2017-07-24,14424.0,096530
2017-07-25,14499.0,096530
2017-07-26,14976.0,096530
2017-07-27,14876.0,096530
2017-07-28,14851.0,096530
2017-07-31,14650.0,096530
2017-08-01,14700.0,096530
2017-08-02,14775.0,096530
2017-08-03,14826.0,096530
2017-08-04,14976.0,096530
2017-08-07,15077.0,096530
2017-08-08,14901.0,096530
2017-08-09,14675.0,096530
2017-08-10,14926.0,096530
2017-08-11,14574.0,096530
2017-08-14,14248.0,096530
2017-08-16,14675.0,096530
2017-08-17,14775.0,096530
2017-08-18,14700.0,096530
2017-08-21,14725.0,096530
2017-08-22,14926.0,096530
2017-08-23,14826.0,096530
2017-08-24,14826.0,096530
2017-08-25,15002.0,096530
2017-08-28,15027.0,096530
2017-08-29,15404.0,096530
2017-08-30,15429.0,096530
2017-08-31,15831.0,096530
2017-09-01,15906.0,096530
2017-09-04,15504.0,096530
2017-09-05,15404.0,096530
2017-09-06,15378.0,096530
2017-09-07,15353.0,096530
2017-09-08,15228.0,096530
2017-09-11,14951.0,096530
2017-09-12,15177.0,096530
2017-09-13,14826.0,096530
2017-09-14,14851.0,096530
2017-09-15,14876.0,096530
2017-09-18,14524.0,096530
2017-09-19,14801.0,096530
2017-09-20,14599.0,096530
2017-09-21,14675.0,096530
2017-09-22,14449.0,096530
2017-09-25,13494.0,096530
2017-09-26,13318.0,096530
2017-09-27,13594.0,096530
2017-09-28,13871.0,096530
2017-09-29,13821.0,096530
2017-10-10,13695.0,096530
2017-10-11,13821.0,096530
2017-10-12,13871.0,096530
2017-10-13,13544.0,096530
2017-10-16,13594.0,096530
2017-10-17,13695.0,096530
2017-10-18,13821.0,096530
2017-10-19,13670.0,096530
2017-10-20,13695.0,096530
2017-10-23,13619.0,096530
2017-10-24,13921.0,096530
2017-10-25,14047.0,096530
2017-10-26,13921.0,096530
2017-10-27,14097.0,096530
2017-10-30,14248.0,096530
2017-10-31,14298.0,096530
2017-11-01,14147.0,096530
2017-11-02,13921.0,096530
2017-11-03,14122.0,096530
2017-11-06,14323.0,096530
2017-11-07,14599.0,096530
2017-11-08,14901.0,096530
2017-11-09,14650.0,096530
2017-11-10,14750.0,096530
2017-11-13,14951.0,096530
2017-11-14,15705.0,096530
2017-11-15,16258.0,096530
2017-11-16,16183.0,096530
2017-11-17,15781.0,096530
2017-11-20,16082.0,096530
2017-11-21,16157.0,096530
2017-11-22,16208.0,096530
2017-11-23,17163.0,096530
2017-11-24,16836.0,096530
2017-11-27,16434.0,096530
2017-11-28,16384.0,096530
2017-11-29,16434.0,096530
2017-11-30,16308.0,096530
2017-12-01,16811.0,096530
2017-12-04,16786.0,096530
2017-12-05,16183.0,096530
2017-12-06,15881.0,096530
2017-12-07,15630.0,096530
2017-12-08,15680.0,096530
2017-12-11,16183.0,096530
2017-12-12,16057.0,096530
2017-12-13,15956.0,096530
2017-12-14,15504.0,096530
2017-12-15,15806.0,096530
2017-12-18,16132.0,096530
2017-12-19,16057.0,096530
2017-12-20,15982.0,096530
2017-12-21,16007.0,096530
2017-12-22,16534.0,096530
2017-12-26,16811.0,096530
2017-12-27,17062.0,096530
2017-12-28,16836.0,096530
2018-01-02,16886.0,096530
2018-01-03,17866.0,096530
2018-01-04,17489.0,096530
2018-01-05,18193.0,096530
2018-01-08,18017.0,096530
2018-01-09,17565.0,096530
2018-01-10,17816.0,096530
2018-01-11,17590.0,096530
2018-01-12,17916.0,096530
2018-01-15,18545.0,096530
2018-01-16,18670.0,096530
2018-01-17,18318.0,096530
2018-01-18,18721.0,096530
2018-01-19,18394.0,096530
2018-01-22,18243.0,096530
2018-01-23,18595.0,096530
2018-01-24,19600.0,096530
2018-01-25,19801.0,096530
2018-01-26,19876.0,096530
2018-01-29,19726.0,096530
2018-01-30,18972.0,096530
2018-01-31,19198.0,096530
2018-02-01,18846.0,096530
2018-02-02,18344.0,096530
2018-02-05,17590.0,096530
2018-02-06,17967.0,096530
2018-02-07,18017.0,096530
2018-02-08,18645.0,096530
2018-02-09,17891.0,096530
2018-02-12,18344.0,096530
2018-02-13,17590.0,096530
2018-02-14,17741.0,096530
2018-02-19,18545.0,096530
2018-02-20,18394.0,096530
2018-02-21,18218.0,096530
2018-02-22,17791.0,096530
2018-02-23,18092.0,096530
2018-02-26,17967.0,096530
2018-02-27,17866.0,096530
2018-02-28,17238.0,096530
2018-03-02,17590.0,096530
2018-03-05,17464.0,096530
2018-03-06,17967.0,096530
2018-03-07,17565.0,096530
2018-03-08,17464.0,096530
2018-03-09,18042.0,096530
2018-03-12,18746.0,096530
2018-03-13,18821.0,096530
2018-03-14,18168.0,096530
2018-03-15,17816.0,096530
2018-03-16,17766.0,096530
2018-03-19,17741.0,096530
2018-03-20,17866.0,096530
2018-03-21,17640.0,096530
2018-03-22,17489.0,096530
2018-03-23,16484.0,096530
2018-03-26,17037.0,096530
2018-03-27,17263.0,096530
2018-03-28,17087.0,096530
2018-03-29,17439.0,096530
2018-03-30,17514.0,096530
2018-04-02,17163.0,096530
2018-04-03,17489.0,096530
2018-04-04,17389.0,096530
2018-04-05,17766.0,096530
2018-04-06,17992.0,096530
2018-04-09,18545.0,096530
2018-04-10,18645.0,096530
2018-04-11,18494.0,096530
2018-04-12,18193.0,096530
2018-04-13,18695.0,096530
2018-04-16,18570.0,096530
2018-04-17,18670.0,096530
2018-04-18,18117.0,096530
2018-04-19,18570.0,096530
2018-04-20,18519.0,096530
2018-04-23,18092.0,096530
2018-04-24,18092.0,096530
2018-04-25,17816.0,096530
2018-04-26,17791.0,096530
2018-04-27,17992.0,096530
2018-04-30,17539.0,096530
2018-05-02,17338.0,096530
2018-05-03,17137.0,096530
2018-05-04,16962.0,096530
2018-05-08,16233.0,096530
2018-05-09,17062.0,096530
2018-05-10,16409.0,096530
2018-05-11,16434.0,096530
2018-05-14,16157.0,096530
2018-05-15,16283.0,096530
2018-05-16,15655.0,096530
2018-05-17,16032.0,096530
2018-05-18,16283.0,096530
2018-05-21,16283.0,096530
2018-05-23,15856.0,096530
2018-05-24,15906.0,096530
2018-05-25,15856.0,096530
2018-05-28,15931.0,096530
2018-05-29,15755.0,096530
2018-05-30,15982.0,096530
2018-05-31,15881.0,096530
2018-06-01,15705.0,096530
2018-06-04,15705.0,096530
2018-06-05,15630.0,096530
2018-06-07,15730.0,096530
2018-06-08,15655.0,096530
2018-06-11,15856.0,096530
2018-06-12,15931.0,096530
2018-06-14,15881.0,096530
2018-06-15,15906.0,096530
2018-06-18,15077.0,096530
2018-06-19,15127.0,096530
2018-06-20,15454.0,096530
2018-06-21,15102.0,096530
2018-06-22,15278.0,096530
2018-06-25,15579.0,096530
2018-06-26,15378.0,096530
2018-06-27,15077.0,096530
2018-06-28,14172.0,096530
2018-06-29,14022.0,096530
2018-07-02,13846.0,096530
2018-07-03,14022.0,096530
2018-07-04,14248.0,096530
2018-07-05,14323.0,096530
2018-07-06,14625.0,096530
2018-07-09,14750.0,096530
2018-07-10,14398.0,096530
2018-07-11,14072.0,096530
2018-07-12,14147.0,096530
2018-07-13,13946.0,096530
2018-07-16,14022.0,096530
2018-07-17,14097.0,096530
2018-07-18,14047.0,096530
2018-07-19,14172.0,096530
2018-07-20,13946.0,096530
2018-07-23,13720.0,096530
2018-07-24,13444.0,096530
2018-07-25,12589.0,096530
2018-07-26,12790.0,096530
2018-07-27,12841.0,096530
2018-07-30,12715.0,096530
2018-07-31,13117.0,096530
2018-08-01,13444.0,096530
2018-08-02,13092.0,096530
2018-08-03,13368.0,096530
2018-08-06,13117.0,096530
2018-08-07,13117.0,096530
2018-08-08,13142.0,096530
2018-08-09,12991.0,096530
2018-08-10,12991.0,096530
2018-08-13,12438.0,096530
2018-08-14,12614.0,096530
2018-08-16,12137.0,096530
2018-08-17,12212.0,096530
2018-08-20,12212.0,096530
2018-08-21,12589.0,096530
2018-08-22,12489.0,096530
2018-08-23,12614.0,096530
2018-08-24,12966.0,096530
2018-08-27,12991.0,096530
2018-08-28,12564.0,096530
2018-08-29,12564.0,096530
2018-08-30,12514.0,096530
2018-08-31,12891.0,096530
2018-09-03,12539.0,096530
2018-09-04,12665.0,096530
2018-09-05,12438.0,096530
2018-09-06,12062.0,096530
2018-09-07,12011.0,096530
2018-09-10,12237.0,096530
2018-09-11,12112.0,096530
2018-09-12,12162.0,096530
2018-09-13,12438.0,096530
2018-09-14,12338.0,096530
2018-09-17,12162.0,096530
2018-09-18,12338.0,096530
2018-09-19,12062.0,096530
2018-09-20,11936.0,096530
2018-09-21,12011.0,096530
2018-09-27,12790.0,096530
2018-09-28,12438.0,096530
2018-10-01,12137.0,096530
2018-10-02,11760.0,096530
2018-10-04,11182.0,096530
2018-10-05,10830.0,096530
2018-10-08,10780.0,096530
2018-10-10,11006.0,096530
2018-10-11,10654.0,096530
2018-10-12,10277.0,096530
2018-10-15,9850.0,096530
2018-10-16,9875.0,096530
2018-10-17,9976.0,096530
2018-10-18,9901.0,096530
2018-10-19,10202.0,096530
2018-10-22,10227.0,096530
2018-10-23,10051.0,096530
2018-10-24,9976.0,096530
2018-10-25,9649.0,096530
2018-10-26,9197.0,096530
2018-10-29,9021.0,096530
2018-10-30,9222.0,096530
2018-10-31,9247.0,096530
2018-11-01,9071.0,096530
2018-11-02,9448.0,096530
2018-11-05,9373.0,096530
2018-11-06,9448.0,096530
2018-11-07,9297.0,096530
2018-11-08,9373.0,096530
2018-11-09,9147.0,096530
2018-11-12,8745.0,096530
2018-11-13,8544.0,096530
2018-11-14,8644.0,096530
2018-11-15,8544.0,096530
2018-11-16,8544.0,096530
2018-11-19,8921.0,096530
2018-11-20,8895.0,096530
2018-11-21,8719.0,096530
2018-11-22,8644.0,096530
2018-11-23,8393.0,096530
2018-11-26,9046.0,096530
2018-11-27,9021.0,096530
2018-11-28,9172.0,096530
2018-11-29,9046.0,096530
2018-11-30,9096.0,096530
2018-12-03,9222.0,096530
2018-12-04,8946.0,096530
2018-12-05,8895.0,096530
2018-12-06,8493.0,096530
2018-12-07,8518.0,096530
2018-12-10,8317.0,096530
2018-12-11,8242.0,096530
2018-12-12,8518.0,096530
2018-12-13,8569.0,096530
2018-12-14,8644.0,096530
2018-12-17,8518.0,096530
2018-12-18,8142.0,096530
2018-12-19,8267.0,096530
2018-12-20,8041.0,096530
2018-12-21,8116.0,096530
2018-12-24,8041.0,096530
2018-12-26,8091.0,096530
2018-12-27,8041.0,096530
2018-12-28,8041.0,096530
2019-01-02,7840.0,096530
2019-01-03,7413.0,096530
2019-01-04,7538.0,096530
2019-01-07,7639.0,096530
2019-01-08,7840.0,096530
2019-01-09,8267.0,096530
2019-01-10,8845.0,096530
2019-01-11,9071.0,096530
2019-01-14,9071.0,096530
2019-01-15,9122.0,096530
2019-01-16,9021.0,096530
2019-01-17,8946.0,096530
2019-01-18,9021.0,096530
2019-01-21,8820.0,096530
2019-01-22,8694.0,096530
2019-01-23,8719.0,096530
2019-01-24,9197.0,096530
2019-01-25,9021.0,096530
2019-01-28,8996.0,096530
2019-01-29,9624.0,096530
2019-01-30,9423.0,096530
2019-01-31,9498.0,096530
2019-02-01,9699.0,096530
2019-02-07,9549.0,096530
2019-02-08,9649.0,096530
2019-02-11,9775.0,096530
2019-02-12,9775.0,096530
2019-02-13,9775.0,096530
2019-02-14,10076.0,096530
2019-02-15,10076.0,096530
2019-02-18,10152.0,096530
2019-02-19,10202.0,096530
2019-02-20,10177.0,096530
2019-02-21,9926.0,096530
2019-02-22,9775.0,096530
2019-02-25,10277.0,096530
2019-02-26,10453.0,096530
2019-02-27,11157.0,096530
2019-02-28,10830.0,096530
2019-03-04,11458.0,096530
2019-03-05,11484.0,096530
2019-03-06,11509.0,096530
2019-03-07,11308.0,096530
2019-03-08,11358.0,096530
2019-03-11,11358.0,096530
2019-03-12,11710.0,096530
2019-03-13,12011.0,096530
2019-03-14,11835.0,096530
2019-03-15,11484.0,096530
2019-03-18,11458.0,096530
2019-03-19,11232.0,096530
2019-03-20,11132.0,096530
2019-03-21,11107.0,096530
2019-03-22,11685.0,096530
2019-03-25,11232.0,096530
2019-03-26,11484.0,096530
2019-03-27,11232.0,096530
2019-03-28,11207.0,096530
2019-03-29,11006.0,096530
2019-04-01,11031.0,096530
2019-04-02,11107.0,096530
2019-04-03,11232.0,096530
2019-04-04,11157.0,096530
2019-04-05,11132.0,096530
2019-04-08,11056.0,096530
2019-04-09,11031.0,096530
2019-04-10,11182.0,096530
2019-04-11,12539.0,096530
2019-04-12,12288.0,096530
2019-04-15,12036.0,096530
2019-04-16,12137.0,096530
2019-04-17,12087.0,096530
2019-04-18,11810.0,096530
2019-04-19,12036.0,096530
2019-04-22,11936.0,096530
2019-04-23,11861.0,096530
2019-04-24,11710.0,096530
2019-04-25,11886.0,096530
2019-04-26,11609.0,096530
2019-04-29,11861.0,096530
2019-04-30,11810.0,096530
2019-05-02,12011.0,096530
2019-05-03,12212.0,096530
2019-05-07,12212.0,096530
2019-05-08,11986.0,096530
2019-05-09,11408.0,096530
2019-05-10,11408.0,096530
2019-05-13,10931.0,096530
2019-05-14,11886.0,096530
2019-05-15,12162.0,096530
2019-05-16,12313.0,096530
2019-05-17,12464.0,096530
2019-05-20,13016.0,096530
2019-05-21,13544.0,096530
2019-05-22,13619.0,096530
2019-05-23,13670.0,096530
2019-05-24,13745.0,096530
2019-05-27,13670.0,096530
2019-05-28,13745.0,096530
2019-05-29,14574.0,096530
2019-05-30,14398.0,096530
2019-05-31,14700.0,096530
2019-06-03,14549.0,096530
2019-06-04,14574.0,096530
2019-06-05,14398.0,096530
2019-06-07,14424.0,096530
2019-06-10,14072.0,096530
2019-06-11,14725.0,096530
2019-06-12,14398.0,096530
2019-06-13,14826.0,096530
2019-06-14,14022.0,096530
2019-06-17,13795.0,096530
2019-06-18,13871.0,096530
2019-06-19,13921.0,096530
2019-06-20,13946.0,096530
2019-06-21,13519.0,096530
2019-06-24,13695.0,096530
2019-06-25,13444.0,096530
2019-06-26,13444.0,096530
2019-06-27,13444.0,096530
2019-06-28,13268.0,096530
2019-07-01,13243.0,096530
2019-07-02,13544.0,096530
2019-07-03,13318.0,096530
2019-07-04,13092.0,096530
2019-07-05,13368.0,096530
2019-07-08,12790.0,096530
2019-07-09,12866.0,096530
2019-07-10,13519.0,096530
2019-07-11,13117.0,096530
2019-07-12,13217.0,096530
2019-07-15,12841.0,096530
2019-07-16,12715.0,096530
2019-07-17,12137.0,096530
2019-07-18,12464.0,096530
2019-07-19,12589.0,096530
2019-07-22,12313.0,096530
2019-07-23,12212.0,096530
2019-07-24,12011.0,096530
2019-07-25,11685.0,096530
2019-07-26,11735.0,096530
2019-07-29,11107.0,096530
2019-07-30,11157.0,096530
2019-07-31,11182.0,096530
2019-08-01,11433.0,096530
2019-08-02,11408.0,096530
2019-08-05,10303.0,096530
2019-08-06,10579.0,096530
2019-08-07,10679.0,096530
2019-08-08,11082.0,096530
2019-08-09,10956.0,096530
2019-08-12,10805.0,096530
2019-08-13,10579.0,096530
2019-08-14,10604.0,096530
2019-08-16,11257.0,096530
2019-08-19,10830.0,096530
2019-08-20,10855.0,096530
2019-08-21,11157.0,096530
2019-08-22,10981.0,096530
2019-08-23,10654.0,096530
2019-08-26,9901.0,096530
2019-08-27,9976.0,096530
2019-08-28,10504.0,096530
2019-08-29,10579.0,096530
2019-08-30,10881.0,096530
2019-09-02,11182.0,096530
2019-09-03,10906.0,096530
2019-09-04,11006.0,096530
2019-09-05,10981.0,096530
2019-09-06,10855.0,096530
2019-09-09,10529.0,096530
2019-09-10,10529.0,096530
2019-09-11,10654.0,096530
2019-09-16,10730.0,096530
2019-09-17,10855.0,096530
2019-09-18,11308.0,096530
2019-09-19,11157.0,096530
2019-09-20,11056.0,096530
2019-09-23,11031.0,096530
2019-09-24,10855.0,096530
2019-09-25,10654.0,096530
2019-09-26,10755.0,096530
2019-09-27,10428.0,096530
2019-09-30,10252.0,096530
2019-10-01,10579.0,096530
2019-10-02,10453.0,096530
2019-10-04,10252.0,096530
2019-10-07,10654.0,096530
2019-10-08,10855.0,096530
2019-10-10,11383.0,096530
2019-10-11,11107.0,096530
2019-10-14,11408.0,096530
2019-10-15,11484.0,096530
2019-10-16,11283.0,096530
2019-10-17,11433.0,096530
2019-10-18,11182.0,096530
2019-10-21,10931.0,096530
2019-10-22,11257.0,096530
2019-10-23,11433.0,096530
2019-10-24,11283.0,096530
2019-10-25,10981.0,096530
2019-10-28,11082.0,096530
2019-10-29,10881.0,096530
2019-10-30,10679.0,096530
2019-10-31,10679.0,096530
2019-11-01,10780.0,096530
2019-11-04,10755.0,096530
2019-11-05,11107.0,096530
2019-11-06,11182.0,096530
2019-11-07,11132.0,096530
2019-11-08,11082.0,096530
2019-11-11,11157.0,096530
2019-11-12,11559.0,096530
2019-11-13,11458.0,096530
2019-11-14,11659.0,096530
2019-11-15,13494.0,096530
2019-11-18,13569.0,096530
2019-11-19,13670.0,096530
2019-11-20,13569.0,096530
2019-11-21,13418.0,096530
2019-11-22,13469.0,096530
2019-11-25,13946.0,096530
2019-11-26,14072.0,096530
2019-11-27,13871.0,096530
2019-11-28,13770.0,096530
2019-11-29,14147.0,096530
2019-12-02,13946.0,096530
2019-12-03,13795.0,096530
2019-12-04,14047.0,096530
2019-12-05,13846.0,096530
2019-12-06,13896.0,096530
2019-12-09,13896.0,096530
2019-12-10,13720.0,096530
2019-12-11,13770.0,096530
2019-12-12,13670.0,096530
2019-12-13,13896.0,096530
2019-12-16,13996.0,096530
2019-12-17,14273.0,096530
2019-12-18,14122.0,096530
2019-12-19,14826.0,096530
2019-12-20,14801.0,096530
2019-12-23,14926.0,096530
2019-12-24,15228.0,096530
2019-12-26,15228.0,096530
2019-12-27,15404.0,096530
2019-12-30,15404.0,096530
2020-01-02,15554.0,096530
2020-01-03,15831.0,096530
2020-01-06,15177.0,096530
2020-01-07,16283.0,096530
2020-01-08,15529.0,096530
2020-01-09,16434.0,096530
2020-01-10,16861.0,096530
2020-01-13,17565.0,096530
2020-01-14,16057.0,096530
2020-01-15,16082.0,096530
2020-01-16,16233.0,096530
2020-01-17,15605.0,096530
2020-01-20,15781.0,096530
2020-01-21,15806.0,096530
2020-01-22,16685.0,096530
2020-01-23,16459.0,096530
2020-01-28,16936.0,096530
2020-01-29,16358.0,096530
2020-01-30,16308.0,096530
2020-01-31,15127.0,096530
2020-02-03,15127.0,096530
2020-02-04,15906.0,096530
2020-02-05,15856.0,096530
2020-02-06,16132.0,096530
2020-02-07,16233.0,096530
2020-02-10,16208.0,096530
2020-02-11,16183.0,096530
2020-02-12,16610.0,096530
2020-02-13,15806.0,096530
2020-02-14,15655.0,096530
2020-02-17,15404.0,096530
2020-02-18,17866.0,096530
2020-02-19,17539.0,096530
2020-02-20,16962.0,096530
2020-02-21,16283.0,096530
2020-02-24,16710.0,096530
2020-02-25,16710.0,096530
2020-02-26,16911.0,096530
2020-02-27,17188.0,096530
2020-02-28,18344.0,096530
2020-03-02,20304.0,096530
2020-03-03,20505.0,096530
2020-03-04,18821.0,096530
2020-03-05,18695.0,096530
2020-03-06,24299.0,096530
2020-03-09,31561.0,096530
2020-03-10,27490.0,096530
2020-03-11,29651.0,096530
2020-03-12,28395.0,096530
2020-03-13,24802.0,096530
2020-03-16,29149.0,096530
2020-03-17,32214.0,096530
2020-03-18,29752.0,096530
2020-03-19,33772.0,096530
2020-03-20,34174.0,096530
2020-03-23,34576.0,096530
2020-03-24,34074.0,096530
2020-03-25,44276.0,096530
2020-03-26,57544.0,096530
2020-03-27,58247.0,096530
2020-03-30,60810.0,096530
2020-03-31,55835.0,096530
2020-04-01,47593.0,096530
2020-04-02,45482.0,096530
2020-04-03,46990.0,096530
2020-04-06,47894.0,096530
2020-04-07,44577.0,096530
2020-04-08,48095.0,096530
2020-04-09,48246.0,096530
2020-04-10,46588.0,096530
2020-04-13,44477.0,096530
2020-04-14,42266.0,096530
2020-04-16,42668.0,096530
2020-04-17,41562.0,096530
2020-04-20,46085.0,096530
2020-04-21,44778.0,096530
2020-04-22,46889.0,096530
2020-04-23,45281.0,096530
2020-04-24,44979.0,096530
2020-04-27,48246.0,096530
2020-04-28,46638.0,096530
2020-04-29,46688.0,096530
2020-05-04,44678.0,096530
2020-05-06,42517.0,096530
2020-05-07,43019.0,096530
2020-05-08,46085.0,096530
2020-05-11,46688.0,096530
2020-05-12,49854.0,096530
2020-05-13,49804.0,096530
2020-05-14,64730.0,096530
2020-05-15,59504.0,096530
2020-05-18,58398.0,096530
2020-05-19,53774.0,096530
2020-05-20,53423.0,096530
2020-05-21,53825.0,096530
2020-05-22,55131.0,096530
2020-05-25,57493.0,096530
2020-05-26,56639.0,096530
2020-05-27,57544.0,096530
2020-05-28,60659.0,096530
2020-05-29,58750.0,096530
2020-06-01,58649.0,096530
2020-06-02,55885.0,096530
2020-06-03,54428.0,096530
2020-06-04,53523.0,096530
2020-06-05,53423.0,096530
2020-06-08,56036.0,096530
2020-06-09,54478.0,096530
2020-06-10,54779.0,096530
2020-06-11,56287.0,096530
2020-06-12,56036.0,096530
2020-06-15,56840.0,096530
2020-06-16,56689.0,096530
2020-06-17,53774.0,096530
2020-06-18,53724.0,096530
2020-06-19,51412.0,096530
2020-06-22,54076.0,096530
2020-06-23,55282.0,096530
2020-06-24,57242.0,096530
2020-06-25,55785.0,096530
2020-06-26,57996.0,096530
2020-06-29,58247.0,096530
2020-06-30,56689.0,096530
2020-07-01,56941.0,096530
2020-07-02,56941.0,096530
2020-07-03,66439.0,096530
2020-07-06,65333.0,096530
2020-07-07,66489.0,096530
2020-07-08,73726.0,096530
2020-07-09,75184.0,096530
2020-07-10,86692.0,096530
2020-07-13,90663.0,096530
2020-07-14,92120.0,096530
2020-07-15,83627.0,096530
2020-07-16,87145.0,096530
2020-07-17,88200.0,096530
2020-07-20,89708.0,096530
2020-07-21,95135.0,096530
2020-07-22,94030.0,096530
2020-07-23,105991.0,096530
2020-07-24,104785.0,096530
2020-07-27,108554.0,096530
2020-07-28,109157.0,096530
2020-07-29,119711.0,096530
2020-07-30,122475.0,096530
2020-07-31,130868.0,096530
2020-08-03,145693.0,096530
2020-08-04,138909.0,096530
2020-08-05,139713.0,096530
2020-08-06,156096.0,096530
2020-08-07,156901.0,096530
2020-08-10,156147.0,096530
2020-08-11,150769.0,096530
2020-08-12,144638.0,096530
2020-08-13,137552.0,096530
2020-08-14,111268.0,096530
2020-08-18,132426.0,096530
2020-08-19,121118.0,096530
2020-08-20,119610.0,096530
2020-08-21,114735.0,096530
2020-08-24,121972.0,096530
2020-08-25,121520.0,096530
2020-08-26,122827.0,096530
2020-08-27,127953.0,096530
2020-08-28,123782.0,096530
2020-08-31,132174.0,096530
2020-09-01,127903.0,096530
2020-09-02,125892.0,096530
2020-09-03,121269.0,096530
2020-09-04,117399.0,096530
2020-09-07,122626.0,096530
2020-09-08,124133.0,096530
2020-09-09,121671.0,096530
2020-09-10,126194.0,096530
2020-09-11,125390.0,096530
2020-09-14,125641.0,096530
2020-09-15,127249.0,096530
2020-09-16,134536.0,096530
2020-09-17,135290.0,096530
2020-09-18,132677.0,096530
2020-09-21,130667.0,096530
2020-09-22,135190.0,096530
2020-09-23,134386.0,096530
2020-09-24,128405.0,096530
2020-09-25,122676.0,096530
2020-09-28,128656.0,096530
2020-09-29,130868.0,096530
2020-10-05,140617.0,096530
2020-10-06,138758.0,096530
2020-10-07,141371.0,096530
2020-10-08,149262.0,096530
2020-10-12,143281.0,096530
2020-10-13,138959.0,096530
2020-10-14,144990.0,096530
2020-10-15,144437.0,096530
2020-10-16,142678.0,096530
2020-10-19,139110.0,096530
2020-10-20,137200.0,096530
2020-10-21,138105.0,096530
2020-10-22,136647.0,096530
2020-10-23,132928.0,096530
2020-10-26,123078.0,096530
2020-10-27,128807.0,096530
2020-10-28,129812.0,096530
2020-10-29,133179.0,096530
2020-10-30,131923.0,096530
2020-11-02,133381.0,096530
2020-11-03,135642.0,096530
2020-11-04,133531.0,096530
2020-11-05,143382.0,096530
2020-11-06,138255.0,096530
2020-11-09,138255.0,096530
2020-11-10,125892.0,096530
2020-11-11,115992.0,096530
2020-11-12,113429.0,096530
2020-11-13,113077.0,096530
2020-11-16,116394.0,096530
2020-11-17,104282.0,096530
2020-11-18,104282.0,096530
2020-11-19,104584.0,096530
2020-11-20,105790.0,096530
2020-11-23,106594.0,096530
2020-11-24,93226.0,096530
2020-11-25,89255.0,096530
2020-11-26,91065.0,096530
2020-11-27,96241.0,096530
2020-11-30,94432.0,096530
2020-12-01,96241.0,096530
2020-12-02,94482.0,096530
2020-12-03,96141.0,096530
2020-12-04,101317.0,096530
2020-12-07,105187.0,096530
2020-12-08,103779.0,096530
2020-12-09,97749.0,096530
2020-12-10,98905.0,096530
2020-12-11,101769.0,096530
2020-12-14,108805.0,096530
2020-12-15,108554.0,096530
2020-12-16,105689.0,096530
2020-12-17,106795.0,096530
2020-12-18,105086.0,096530
2020-12-21,101870.0,096530
2020-12-22,97799.0,096530
2020-12-23,93778.0,096530
2020-12-24,94331.0,096530
2020-12-28,88853.0,096530
2020-12-29,100161.0,096530
2020-12-30,96995.0,096530
2021-01-04,92371.0,096530
2021-01-05,92472.0,096530
2021-01-06,93276.0,096530
2021-01-07,95487.0,096530
2021-01-08,93778.0,096530
2021-01-11,90311.0,096530
2021-01-12,90763.0,096530
2021-01-13,92120.0,096530
2021-01-14,94432.0,096530
2021-01-15,90411.0,096530
2021-01-18,86190.0,096530
2021-01-19,82923.0,096530
2021-01-20,87547.0,096530
2021-01-21,84280.0,096530
2021-01-22,86139.0,096530
2021-01-25,88200.0,096530
2021-01-26,88049.0,096530
2021-01-27,85536.0,096530
2021-01-28,84933.0,096530
2021-01-29,82923.0,096530
2021-02-01,90311.0,096530
2021-02-02,86793.0,096530
2021-02-03,88451.0,096530
2021-02-04,87748.0,096530
2021-02-05,89808.0,096530
2021-02-08,90512.0,096530
2021-02-09,87999.0,096530
2021-02-10,88652.0,096530
2021-02-15,87547.0,096530
2021-02-16,85335.0,096530
2021-02-17,86290.0,096530
2021-02-18,91366.0,096530
2021-02-19,85185.0,096530
2021-02-22,77345.0,096530
2021-02-23,65735.0,096530
2021-02-24,63072.0,096530
2021-02-25,62469.0,096530
2021-02-26,62569.0,096530
2021-03-02,64378.0,096530
2021-03-03,64529.0,096530
2021-03-04,63524.0,096530
2021-03-05,61765.0,096530
2021-03-08,62067.0,096530
2021-03-09,65082.0,096530
2021-03-10,66942.0,096530
2021-03-11,64881.0,096530
2021-03-12,65434.0,096530
2021-03-15,65384.0,096530
2021-03-16,65836.0,096530
2021-03-17,67695.0,096530
2021-03-18,67645.0,096530
2021-03-19,66690.0,096530
2021-03-22,64831.0,096530
2021-03-23,67997.0,096530
2021-03-24,67896.0,096530
2021-03-25,66640.0,096530
2021-03-26,65786.0,096530
2021-03-29,64781.0,096530
2021-03-30,65836.0,096530
2021-03-31,65384.0,096530
2021-04-01,67545.0,096530
2021-04-02,67143.0,096530
2021-04-05,67193.0,096530
2021-04-06,65534.0,096530
2021-04-07,70309.0,096530
2021-04-08,83928.0,096530
2021-04-09,85034.0,096530
2021-04-12,88703.0,096530
2021-04-13,89708.0,096530
2021-04-14,88904.0,096530
2021-04-15,92271.0,096530
2021-04-16,100010.0,096530
2021-04-19,105237.0,096530
2021-04-20,105086.0,096530
2021-04-21,104835.0,096530
2021-04-22,98000.0,096530
2021-04-23,107500.0,096530
2021-04-26,108200.0,096530
2021-04-27,102500.0,096530
2021-04-28,97900.0,096530
2021-04-29,97200.0,096530
2021-04-30,93600.0,096530
2021-05-03,86100.0,096530
2021-05-04,83400.0,096530
2021-05-06,81900.0,096530
2021-05-07,82100.0,096530
2021-05-10,83300.0,096530
2021-05-11,80300.0,096530
2021-05-12,80000.0,096530
2021-05-13,79000.0,096530
2021-05-14,82000.0,096530
2021-05-17,79400.0,096530
2021-05-18,80100.0,096530
2021-05-20,75300.0,096530
2021-05-21,72100.0,096530
2021-05-24,70100.0,096530
2021-05-25,70000.0,096530
2021-05-26,69800.0,096530
2021-05-27,68700.0,096530
2021-05-28,68300.0,096530
2021-05-31,67700.0,096530
2021-06-01,68300.0,096530
2021-06-02,64500.0,096530
2021-06-03,64500.0,096530
2021-06-04,62800.0,096530
2021-06-07,61900.0,096530
2021-06-08,61600.0,096530
2021-06-09,60600.0,096530
2021-06-10,61900.0,096530
2021-06-11,62400.0,096530
2021-06-14,65800.0,096530
2021-06-15,64400.0,096530
2021-06-16,63800.0,096530
2021-06-17,63300.0,096530
2021-06-18,64200.0,096530
2021-06-21,74700.0,096530
2021-06-22,71700.0,096530
2021-06-23,84800.0,096530
2021-06-24,85200.0,096530
2021-06-25,83900.0,096530
2021-06-28,83800.0,096530
2021-06-29,81600.0,096530
2021-06-30,82700.0,096530
2021-07-01,85500.0,096530
2021-07-02,84000.0,096530
2021-07-05,82200.0,096530
2021-07-06,78900.0,096530
2021-07-07,89800.0,096530
2021-07-08,90500.0,096530
2021-07-09,88000.0,096530
2021-07-12,88000.0,096530
2021-07-13,83800.0,096530
2021-07-14,85800.0,096530
2021-07-15,82600.0,096530
2021-07-16,77200.0,096530
2021-07-19,77400.0,096530
2021-07-20,80100.0,096530
2021-07-21,78700.0,096530
2021-07-22,76200.0,096530
2021-07-23,76000.0,096530
2021-07-26,73800.0,096530
2021-07-27,74700.0,096530
2021-07-28,72000.0,096530
2021-07-29,72000.0,096530
2021-07-30,70000.0,096530
2021-08-02,71900.0,096530
2021-08-03,73200.0,096530
2021-08-04,72300.0,096530
2021-08-05,72300.0,096530
2021-08-06,71300.0,096530
2021-08-09,70800.0,096530
2021-08-10,71600.0,096530
2021-08-11,72100.0,096530
2021-08-12,73500.0,096530
2021-08-13,71300.0,096530
2021-08-17,67300.0,096530
2021-08-18,66200.0,096530
2021-08-19,65500.0,096530
2021-08-20,61500.0,096530
2021-08-23,62800.0,096530
2021-08-24,65700.0,096530
2021-08-25,65600.0,096530
2021-08-26,63900.0,096530
2021-08-27,63800.0,096530
2021-08-30,64600.0,096530
2021-08-31,65800.0,096530
2021-09-01,66900.0,096530
2021-09-02,64900.0,096530
2021-09-03,65000.0,096530
2021-09-06,65700.0,096530
2021-09-07,64400.0,096530
2021-09-08,63000.0,096530
2021-09-09,63700.0,096530
2021-09-10,63200.0,096530
2021-09-13,63000.0,096530
2021-09-14,64100.0,096530
2021-09-15,66200.0,096530
2021-09-16,63700.0,096530
2021-09-17,63500.0,096530
2021-09-23,64800.0,096530
2021-09-24,66200.0,096530
2021-09-27,65300.0,096530
2021-09-28,62600.0,096530
2021-09-29,61400.0,096530
2021-09-30,60700.0,096530
2021-10-01,58600.0,096530
2021-10-05,54600.0,096530
2021-10-06,50000.0,096530
2021-10-07,50600.0,096530
2021-10-08,51000.0,096530
2021-10-12,48850.0,096530
2021-10-13,49300.0,096530
2021-10-14,51900.0,096530
2021-10-15,51900.0,096530
2021-10-18,51400.0,096530
2021-10-19,52900.0,096530
2021-10-20,52100.0,096530
2021-10-21,51700.0,096530
2021-10-22,54800.0,096530
2021-10-25,52700.0,096530
2021-10-26,53200.0,096530
2021-10-27,54000.0,096530
2021-10-28,53300.0,096530
2021-10-29,53200.0,096530
2021-11-01,55100.0,096530
2021-11-02,55700.0,096530
2021-11-03,54900.0,096530
2021-11-04,53700.0,096530
2021-11-05,53200.0,096530
2021-11-08,50700.0,096530
2021-11-09,50400.0,096530
2021-11-10,50100.0,096530
2021-11-11,49050.0,096530
2021-11-12,52100.0,096530
2021-11-15,54700.0,096530
2021-11-16,55100.0,096530
2021-11-17,55800.0,096530
2021-11-18,54400.0,096530
2021-11-19,54900.0,096530
2021-11-22,56300.0,096530
2021-11-23,55500.0,096530
2021-11-24,62700.0,096530
2021-11-25,61400.0,096530
2021-11-26,71900.0,096530
2021-11-29,75000.0,096530
2021-11-30,75700.0,096530
2021-12-01,69500.0,096530
2021-12-02,66300.0,096530
2021-12-03,66500.0,096530
2021-12-06,64500.0,096530
2021-12-07,61800.0,096530
2021-12-08,65100.0,096530
2021-12-09,64700.0,096530
2021-12-10,64500.0,096530
2021-12-13,70700.0,096530
2021-12-14,68100.0,096530
2021-12-15,67900.0,096530
2021-12-16,67300.0,096530
2021-12-17,63700.0,096530
2021-12-20,64800.0,096530
2021-12-21,64700.0,096530
2021-12-22,64500.0,096530
2021-12-23,62100.0,096530
2021-12-24,61400.0,096530
2021-12-27,61000.0,096530
2021-12-28,61700.0,096530
2021-12-29,61100.0,096530
2021-12-30,61000.0,096530
2022-01-03,61500.0,096530
2022-01-04,61000.0,096530
2022-01-05,58200.0,096530
2022-01-06,56600.0,096530
2022-01-07,57800.0,096530
2022-01-10,58000.0,096530
2022-01-11,57300.0,096530
2022-01-12,59500.0,096530
2022-01-13,57700.0,096530
2022-01-14,54600.0,096530
2022-01-17,54100.0,096530
2022-01-18,53800.0,096530
2022-01-19,54200.0,096530
2022-01-20,59500.0,096530
2022-01-21,60200.0,096530
2022-01-24,62800.0,096530
2022-01-25,59600.0,096530
2022-01-26,56100.0,096530
2022-01-27,52600.0,096530
2022-01-28,54400.0,096530
2022-02-03,63300.0,096530
2022-02-04,59200.0,096530
2022-02-07,57000.0,096530
2022-02-08,55100.0,096530
2022-02-09,55700.0,096530
2022-02-10,54400.0,096530
2022-02-11,52300.0,096530
2022-02-14,51800.0,096530
2022-02-15,48550.0,096530
2022-02-16,50300.0,096530
2022-02-17,50000.0,096530
2022-02-18,50200.0,096530
2022-02-21,51800.0,096530
2022-02-22,50700.0,096530
2022-02-23,51400.0,096530
2022-02-24,51300.0,096530
2022-02-25,51600.0,096530
2022-02-28,51300.0,096530
2022-03-02,52400.0,096530
2022-03-03,54400.0,096530
2022-03-04,52700.0,096530
2022-03-07,52700.0,096530
2022-03-08,53600.0,096530
2022-03-10,55200.0,096530
2022-03-11,51700.0,096530
2022-03-14,49100.0,096530
2022-03-15,49700.0,096530
2022-03-16,52100.0,096530
2022-03-17,53100.0,096530
2022-03-18,53600.0,096530
2022-03-21,52700.0,096530
2022-03-22,52800.0,096530
2022-03-23,53000.0,096530
2022-03-24,52300.0,096530
2022-03-25,53300.0,096530
2022-03-28,52200.0,096530
2022-03-29,52700.0,096530
2022-03-30,51800.0,096530
2022-03-31,51100.0,096530
2022-04-01,50100.0,096530
2022-04-04,50200.0,096530
2022-04-05,50900.0,096530
2022-04-06,49650.0,096530
2022-04-07,49100.0,096530
2022-04-08,49050.0,096530
2022-04-11,44850.0,096530
2022-04-12,44250.0,096530
2022-04-13,45300.0,096530
2022-04-14,44800.0,096530
2022-04-15,41600.0,096530
2022-04-18,41350.0,096530
2022-04-19,42300.0,096530
2022-04-20,41400.0,096530
2022-04-21,42050.0,096530
2022-04-22,42500.0,096530
2022-04-25,40700.0,096530
2022-04-26,40500.0,096530
2022-04-27,39300.0,096530
2022-04-28,39250.0,096530
2022-04-29,40550.0,096530
2022-05-02,39700.0,096530
2022-05-03,41200.0,096530
2022-05-04,40800.0,096530
2022-05-06,39200.0,096530
2022-05-09,39150.0,096530
2022-05-10,37850.0,096530
2022-05-11,39700.0,096530
2022-05-12,39150.0,096530
2022-05-13,40350.0,096530
2022-05-16,39000.0,096530
2022-05-17,40100.0,096530
2022-05-18,40500.0,096530
2022-05-19,39950.0,096530
2022-05-20,42350.0,096530
2022-05-23,43350.0,096530
2022-05-24,42100.0,096530
2022-05-25,42950.0,096530
2022-05-26,43200.0,096530
2022-05-27,43450.0,096530
2022-05-30,44100.0,096530
2022-05-31,44450.0,096530
2022-06-02,43900.0,096530
2022-06-03,43300.0,096530
2022-06-07,42500.0,096530
2022-06-08,43000.0,096530
2022-06-09,43400.0,096530
2022-06-10,42500.0,096530
2022-06-13,39900.0,096530
2022-06-14,38700.0,096530
2022-06-15,38100.0,096530
2022-06-16,38000.0,096530
2022-06-17,37200.0,096530
2022-06-20,36550.0,096530
2022-06-21,37050.0,096530
2022-06-22,34700.0,096530
2022-06-23,33850.0,096530
2022-06-24,37450.0,096530
2022-06-27,37250.0,096530
2022-06-28,38000.0,096530
2022-06-29,36550.0,096530
2022-06-30,36150.0,096530
2022-07-01,33900.0,096530
2022-07-04,35050.0,096530
2022-07-05,38950.0,096530
2022-07-06,39400.0,096530
2022-07-07,43250.0,096530
2022-07-08,44700.0,096530
2022-07-11,47300.0,096530
2022-07-12,47500.0,096530
2022-07-13,46050.0,096530
2022-07-14,47000.0,096530
2022-07-15,46400.0,096530
2022-07-18,45700.0,096530
2022-07-19,45600.0,096530
2022-07-20,46150.0,096530
2022-07-21,43150.0,096530
2022-07-22,42450.0,096530
2022-07-25,42100.0,096530
2022-07-26,41650.0,096530
2022-07-27,41600.0,096530
2022-07-28,41000.0,096530
2022-07-29,39700.0,096530
2022-08-01,39100.0,096530
2022-08-02,39350.0,096530
2022-08-03,38850.0,096530
2022-08-04,39300.0,096530
2022-08-05,40650.0,096530
2022-08-08,40750.0,096530
2022-08-09,41050.0,096530
2022-08-10,38900.0,096530
2022-08-11,39500.0,096530
2022-08-12,36400.0,096530
2022-08-16,36700.0,096530
2022-08-17,36050.0,096530
2022-08-18,34700.0,096530
2022-08-19,33250.0,096530
2022-08-22,32900.0,096530
2022-08-23,31500.0,096530
2022-08-24,31300.0,096530
2022-08-25,32250.0,096530
2022-08-26,32000.0,096530
2022-08-29,30850.0,096530
2022-08-30,31050.0,096530
2022-08-31,31550.0,096530
2022-09-01,30750.0,096530
2022-09-02,30800.0,096530
2022-09-05,30100.0,096530
2022-09-06,29800.0,096530
2022-09-07,30350.0,096530
2022-09-08,30350.0,096530
2022-09-13,30800.0,096530
2022-09-14,30100.0,096530
2022-09-15,28900.0,096530
2022-09-16,28550.0,096530
2022-09-19,28300.0,096530
2022-09-20,27700.0,096530
2022-09-21,27550.0,096530
2022-09-22,26500.0,096530
2022-09-23,26400.0,096530
2022-09-26,25550.0,096530
2022-09-27,26000.0,096530
2022-09-28,27050.0,096530
2022-09-29,26950.0,096530
2022-09-30,26800.0,096530
2022-10-04,27300.0,096530
2022-10-05,27400.0,096530
2022-10-06,28200.0,096530
2022-10-07,27300.0,096530
2022-10-11,27050.0,096530
2022-10-12,28050.0,096530
2022-10-13,27400.0,096530
2022-10-14,29350.0,096530
2022-10-17,28400.0,096530
2022-10-18,30100.0,096530
2022-10-19,29400.0,096530
2022-10-20,29500.0,096530
2022-10-21,28900.0,096530
2022-10-24,30000.0,096530
2022-10-25,29700.0,096530
2022-10-26,29500.0,096530
2022-10-27,29550.0,096530
2022-10-28,29100.0,096530
2022-10-31,28700.0,096530
2022-11-01,29050.0,096530
2022-11-02,30500.0,096530
2022-11-03,29700.0,096530
2022-11-04,29700.0,096530
2022-11-07,30550.0,096530
2022-11-08,30000.0,096530
2022-11-09,30800.0,096530
2022-11-10,31700.0,096530
2022-11-11,32100.0,096530
2022-11-14,34650.0,096530
2022-11-15,35450.0,096530
2022-11-16,33800.0,096530
2022-11-17,32750.0,096530
2022-11-18,32850.0,096530
2022-11-21,31150.0,096530
2022-11-22,32100.0,096530
2022-11-23,31950.0,096530
2022-11-24,32250.0,096530
2022-11-25,32200.0,096530
2022-11-28,32150.0,096530
2022-11-29,33200.0,096530
2022-11-30,30400.0,096530
2022-12-01,29750.0,096530
2022-12-02,28900.0,096530
2022-12-05,28950.0,096530
2022-12-06,28100.0,096530
2022-12-07,27000.0,096530
2022-12-08,26900.0,096530
2022-12-09,27800.0,096530
2022-12-12,27650.0,096530
2022-12-13,28000.0,096530
2022-12-14,28250.0,096530
2022-12-15,27550.0,096530
2022-12-16,28550.0,096530
2022-12-19,27650.0,096530
2022-12-20,27000.0,096530
2022-12-21,27500.0,096530
2022-12-22,27850.0,096530
2022-12-23,26650.0,096530
2022-12-26,27900.0,096530
2022-12-27,27600.0,096530
2022-12-28,26200.0,096530
2022-12-29,27200.0,096530
2023-01-02,26050.0,096530
2023-01-03,26100.0,096530
2023-01-04,27350.0,096530
2023-01-05,27750.0,096530
2023-01-06,27750.0,096530
2023-01-09,28000.0,096530
2023-01-10,28000.0,096530
2023-01-11,28000.0,096530
2023-01-12,28050.0,096530
2023-01-13,28000.0,096530
2023-01-16,27850.0,096530
2023-01-17,27400.0,096530
2023-01-18,26950.0,096530
2023-01-19,27250.0,096530
2023-01-20,27200.0,096530
2023-01-25,27150.0,096530
2023-01-26,27050.0,096530
2023-01-27,27000.0,096530
2023-01-30,27000.0,096530
2023-01-31,27250.0,096530
2023-02-01,27700.0,096530
2023-02-02,27900.0,096530
2023-02-03,27850.0,096530
2023-02-06,28000.0,096530
2023-02-07,28650.0,096530
2023-02-08,28500.0,096530
2023-02-09,27550.0,096530
2023-02-10,26750.0,096530
2023-02-13,26950.0,096530
2023-02-14,26900.0,096530
2023-02-15,25750.0,096530
2023-02-16,26950.0,096530
2023-02-17,26350.0,096530
2023-02-20,27400.0,096530
2023-02-21,26200.0,096530
2023-02-22,26150.0,096530
2023-02-23,25850.0,096530
2023-02-24,24100.0,096530
2023-02-27,24250.0,096530
2023-02-28,24400.0,096530
2023-03-02,24050.0,096530
2023-03-03,24300.0,096530
2023-03-06,24250.0,096530
2023-03-07,24900.0,096530
2023-03-08,25000.0,096530
2023-03-09,25500.0,096530
2023-03-10,24550.0,096530
2023-03-13,25250.0,096530
2023-03-14,24400.0,096530
2023-03-15,24600.0,096530
2023-03-16,24650.0,096530
2023-03-17,25900.0,096530
2023-03-20,25850.0,096530
2023-03-21,25450.0,096530
2023-03-22,25500.0,096530
2023-03-23,24950.0,096530
2023-03-24,25450.0,096530
2023-03-27,25250.0,096530
2023-03-28,25100.0,096530
2023-03-29,24900.0,096530
2023-03-30,25000.0,096530
2023-03-31,24800.0,096530
2023-04-03,24550.0,096530
2023-04-04,25600.0,096530
2023-04-05,25900.0,096530
2023-04-06,25500.0,096530
2023-04-07,25850.0,096530
2023-04-10,24800.0,096530
2023-04-11,24850.0,096530
2023-04-12,26750.0,096530
2023-04-13,26650.0,096530
2023-04-14,26900.0,096530
2023-04-17,26250.0,096530
2023-04-18,25850.0,096530
2023-04-19,25100.0,096530
2023-04-20,24850.0,096530
2023-04-21,24600.0,096530
2023-04-24,24200.0,096530
2023-04-25,23900.0,096530
2023-04-26,24150.0,096530
2023-04-27,24150.0,096530
2023-04-28,24300.0,096530
2023-05-02,24500.0,096530
2023-05-03,24100.0,096530
2023-05-04,24700.0,096530
2023-05-08,24600.0,096530
2023-05-09,24500.0,096530
2023-05-10,24400.0,096530
2023-05-11,24550.0,096530
2023-05-12,23400.0,096530
2023-05-15,23550.0,096530
2023-05-16,22800.0,096530
2023-05-17,22900.0,096530
2023-05-18,22800.0,096530
2023-05-19,23200.0,096530
2023-05-22,23400.0,096530
2023-05-23,24100.0,096530
2023-05-24,24450.0,096530
2023-05-25,24150.0,096530
2023-05-26,24200.0,096530
2023-05-30,24200.0,096530
2023-05-31,24300.0,096530
2023-06-01,24750.0,096530
2023-06-02,24500.0,096530
2023-06-05,24450.0,096530
2023-06-07,24600.0,096530
2023-06-08,24550.0,096530
2023-06-09,24200.0,096530
2023-06-12,23850.0,096530
2023-06-13,24300.0,096530
2023-06-14,23900.0,096530
2023-06-15,23450.0,096530
2023-06-16,23850.0,096530
2023-06-19,23650.0,096530
2023-06-20,23200.0,096530
2023-06-21,22100.0,096530
2023-06-22,21700.0,096530
2023-06-23,21300.0,096530
2023-06-26,21200.0,096530
2023-06-27,21100.0,096530
2023-06-28,20750.0,096530
2023-06-29,20600.0,096530
2023-06-30,20550.0,096530
2023-07-03,21000.0,096530
2023-07-04,20750.0,096530
2023-07-05,20800.0,096530
2023-07-06,19900.0,096530
2023-07-07,19430.0,096530
2023-07-10,19430.0,096530
2023-07-11,20150.0,096530
2023-07-12,20400.0,096530
2023-07-13,20850.0,096530
2023-07-14,20800.0,096530
2023-07-17,21000.0,096530
2023-07-18,21000.0,096530
2023-07-19,21250.0,096530
2023-07-20,21200.0,096530
2023-07-21,21500.0,096530
2023-07-24,20650.0,096530
2023-07-25,20700.0,096530
2023-07-26,19660.0,096530
2023-07-27,22750.0,096530
2023-07-28,21450.0,096530
2023-07-31,23300.0,096530
2023-08-01,23100.0,096530
2023-08-02,22200.0,096530
2023-08-03,25200.0,096530
2023-08-04,25300.0,096530
2023-08-07,23000.0,096530
2023-08-08,21650.0,096530
2023-08-09,22700.0,096530
2023-08-10,23200.0,096530
2023-08-11,22150.0,096530
2023-08-14,21550.0,096530
2023-08-16,21200.0,096530
2023-08-17,21150.0,096530
2023-08-18,20900.0,096530
2023-08-21,21800.0,096530
2023-08-22,22150.0,096530
2023-08-23,21500.0,096530
2023-08-24,21350.0,096530
2023-08-25,21600.0,096530
2023-08-28,21550.0,096530
2023-08-29,22250.0,096530
2023-08-30,22350.0,096530
2023-08-31,22200.0,096530
2023-09-01,22100.0,096530
2023-09-04,22600.0,096530
2023-09-05,22450.0,096530
2023-09-06,22500.0,096530
2023-09-07,21950.0,096530
2023-09-08,22250.0,096530
2023-09-11,22800.0,096530
2023-09-12,22650.0,096530
2023-09-13,22500.0,096530
2023-09-14,22750.0,096530
2023-09-15,23050.0,096530
2023-09-18,22700.0,096530
2023-09-19,21500.0,096530
2023-09-20,21700.0,096530
2023-09-21,21050.0,096530
2023-09-22,21100.0,096530
2023-09-25,20800.0,096530
2023-09-26,20800.0,096530
2023-09-27,21350.0,096530
2023-10-04,20650.0,096530
2023-10-05,20800.0,096530
2023-10-06,21150.0,096530
2023-10-10,20200.0,096530
2023-10-11,21150.0,096530
2023-10-12,20950.0,096530
2023-10-13,20300.0,096530
2023-10-16,20350.0,096530
2023-10-17,20150.0,096530
2023-10-18,19720.0,096530
2023-10-19,19540.0,096530
2023-10-20,19440.0,096530
2023-10-23,19810.0,096530
2023-10-24,20100.0,096530
2023-10-25,20000.0,096530
2023-10-26,19840.0,096530
2023-10-27,19600.0,096530
2023-10-30,19650.0,096530
2023-10-31,19080.0,096530
2023-11-01,19480.0,096530
2023-11-02,20150.0,096530
2023-11-03,20150.0,096530
2023-11-06,21000.0,096530
2023-11-07,20950.0,096530
2023-11-08,21450.0,096530
2023-11-09,21850.0,096530
2023-11-10,21600.0,096530
2023-11-13,21250.0,096530
2023-11-14,21350.0,096530
2023-11-15,21150.0,096530
2023-11-16,21500.0,096530
2023-11-17,21300.0,096530
2023-11-20,21650.0,096530
2023-11-21,21550.0,096530
2023-11-22,21150.0,096530
2023-11-23,21450.0,096530
2023-11-24,21450.0,096530
2023-11-27,21800.0,096530
2023-11-28,22600.0,096530
2023-11-29,22050.0,096530
2023-11-30,21400.0,096530
2023-12-01,24100.0,096530
2023-12-04,23400.0,096530
2023-12-05,26250.0,096530
2023-12-06,25200.0,096530
2023-12-07,25350.0,096530
2023-12-08,24600.0,096530
2023-12-11,23650.0,096530
2023-12-12,22850.0,096530
2023-12-13,22450.0,096530
2023-12-14,22950.0,096530
2023-12-15,22450.0,096530
2023-12-18,22400.0,096530
2023-12-19,22700.0,096530
2023-12-20,22650.0,096530
2023-12-21,22600.0,096530
2023-12-22,22550.0,096530
2023-12-26,22800.0,096530
2023-12-27,22700.0,096530
2023-12-28,22900.0,096530
2024-01-02,23000.0,096530
2024-01-03,23100.0,096530
2024-01-04,22550.0,096530
2024-01-05,23350.0,096530
2024-01-08,23250.0,096530
2024-01-09,23900.0,096530
2024-01-10,23900.0,096530
2024-01-11,24150.0,096530
2024-01-12,23450.0,096530
2024-01-15,23100.0,096530
2024-01-16,23300.0,096530
2024-01-17,22550.0,096530
2024-01-18,22400.0,096530
2024-01-19,22400.0,096530
2024-01-22,24400.0,096530
2024-01-23,25150.0,096530
2024-01-24,24200.0,096530
2024-01-25,22900.0,096530
2024-01-26,23750.0,096530
2024-01-29,29000.0,096530
2024-01-30,26500.0,096530
2024-01-31,25300.0,096530
2024-02-01,25900.0,096530
2024-02-02,26150.0,096530
2024-02-05,25800.0,096530
2024-02-06,26000.0,096530
2024-02-07,25550.0,096530
2024-02-08,26900.0,096530
2024-02-13,25650.0,096530
2024-02-14,25000.0,096530
2024-02-15,24800.0,096530
2024-02-16,25450.0,096530
2024-02-19,25350.0,096530
2024-02-20,25950.0,096530
2024-02-21,26100.0,096530
2024-02-22,25950.0,096530
2024-02-23,25650.0,096530
2024-02-26,25200.0,096530
2024-02-27,25100.0,096530
2024-02-28,25500.0,096530
2024-02-29,24900.0,096530
2024-03-04,24600.0,096530
2024-03-05,24750.0,096530
2024-03-06,23450.0,096530
2024-03-07,23400.0,096530
2024-03-08,24150.0,096530
2024-03-11,24100.0,096530
2024-03-12,24350.0,096530
2024-03-13,24250.0,096530
2024-03-14,24650.0,096530
2024-03-15,24200.0,096530
2024-03-18,24150.0,096530
2024-03-19,24300.0,096530
2024-03-20,25850.0,096530
2024-03-21,25200.0,096530
2024-03-22,25850.0,096530
2024-03-25,25100.0,096530
2024-03-26,25450.0,096530
2024-03-27,25000.0,096530
2024-03-28,24600.0,096530
2024-03-29,24050.0,096530
2024-04-01,24100.0,096530
2024-04-02,23150.0,096530
2024-04-03,23050.0,096530
2024-04-04,23100.0,096530
2024-04-05,23500.0,096530
2024-04-08,22550.0,096530
2024-04-09,22500.0,096530
2024-04-11,22300.0,096530
2024-04-12,22100.0,096530
2024-04-15,21800.0,096530
2024-04-16,21000.0,096530
2024-04-17,21000.0,096530
2024-04-18,21500.0,096530
2024-04-19,21450.0,096530
2024-04-22,21900.0,096530
2024-04-23,22100.0,096530
2024-04-24,22200.0,096530
2024-04-25,21900.0,096530
2024-04-26,21900.0,096530
2024-04-29,22300.0,096530
2024-04-30,22150.0,096530
2024-05-02,22150.0,096530
2024-05-03,22350.0,096530
2024-05-07,22150.0,096530
2024-05-08,22350.0,096530
2024-05-09,22250.0,096530
2024-05-10,22600.0,096530
2024-05-13,21850.0,096530
2024-05-14,22400.0,096530
2024-05-16,22250.0,096530
2024-05-17,22300.0,096530
2024-05-20,22450.0,096530
2024-05-21,21950.0,096530
2024-05-22,21750.0,096530
2024-05-23,21750.0,096530
2024-05-24,21350.0,096530
2024-05-27,21400.0,096530
2024-05-28,21200.0,096530
2024-05-29,21100.0,096530
2024-05-30,21100.0,096530
2024-05-31,21150.0,096530
2024-06-03,21250.0,096530
2024-06-04,21000.0,096530
2024-06-05,20750.0,096530
2024-06-07,20650.0,096530
2024-06-10,20500.0,096530
2024-06-11,20350.0,096530
2024-06-12,20650.0,096530
2024-06-13,20700.0,096530
2024-06-14,20600.0,096530
2024-06-17,21550.0,096530
2024-06-18,21250.0,096530
2024-06-19,21300.0,096530
2024-06-20,20900.0,096530
2024-06-21,20800.0,096530
2024-06-24,20250.0,096530
2024-06-25,20450.0,096530
2024-06-26,20500.0,096530
2024-06-27,20050.0,096530
2024-06-28,20000.0,096530
2024-07-01,21100.0,096530
2024-07-02,20900.0,096530
2024-07-03,20700.0,096530
2024-07-04,20800.0,096530
2024-07-05,21000.0,096530
2024-07-08,21200.0,096530
2024-07-09,20700.0,096530
2024-07-10,20650.0,096530
2024-07-11,20150.0,096530
2024-07-12,21150.0,096530
2024-07-15,21000.0,096530
2024-07-16,20800.0,096530
2024-07-17,21350.0,096530
2024-07-18,21600.0,096530
2024-07-19,20750.0,096530
2024-07-22,21550.0,096530
2024-07-23,21000.0,096530
2024-07-24,21550.0,096530
2024-07-25,21700.0,096530
2024-07-26,21700.0,096530
2024-07-29,22150.0,096530
2024-07-30,21850.0,096530
2024-07-31,21550.0,096530
2024-08-01,21300.0,096530
2024-08-02,22800.0,096530
2024-08-05,20250.0,096530
2024-08-06,22700.0,096530
2024-08-07,23250.0,096530
2024-08-08,27850.0,096530
2024-08-09,29000.0,096530
2024-08-12,28400.0,096530
2024-08-13,27050.0,096530
2024-08-14,27150.0,096530
2024-08-16,27900.0,096530
2024-08-19,34450.0,096530
2024-08-20,32750.0,096530
2024-08-21,29750.0,096530
2024-08-22,30950.0,096530
2024-08-23,26650.0,096530
2024-08-26,25750.0,096530
2024-08-27,25700.0,096530
2024-08-28,26900.0,096530
2024-08-29,25950.0,096530
2024-08-30,25900.0,096530
2024-09-02,24900.0,096530
2024-09-03,26200.0,096530
2024-09-04,25300.0,096530
2024-09-05,25150.0,096530
2024-09-06,25000.0,096530
2024-09-09,24550.0,096530
2024-09-10,24950.0,096530
2024-09-11,25450.0,096530
2024-09-12,25800.0,096530
2024-09-13,25850.0,096530
2024-09-19,25400.0,096530
2024-09-20,25150.0,096530
2024-09-23,25000.0,096530
2024-09-24,25100.0,096530
2024-09-25,25700.0,096530
2024-09-26,26050.0,096530
2024-09-27,25750.0,096530
2024-09-30,24750.0,096530
2024-10-02,23950.0,096530
2024-10-04,24850.0,096530
2024-10-07,24800.0,096530
2024-10-08,24800.0,096530
2024-10-10,24500.0,096530
2024-10-11,23950.0,096530
2024-10-14,23650.0,096530
2024-10-15,23550.0,096530
2024-10-16,24150.0,096530
2024-10-17,24050.0,096530
2024-10-18,23750.0,096530
2024-10-21,23750.0,096530
2024-10-22,23350.0,096530
2024-10-23,23500.0,096530
2024-10-24,23250.0,096530
2024-10-25,22700.0,096530
2024-10-28,23050.0,096530
2024-10-29,23050.0,096530
2024-10-30,23500.0,096530
2024-10-31,23900.0,096530
2024-11-01,23000.0,096530
2024-11-04,23650.0,096530
2024-11-05,23900.0,096530
2024-11-06,23800.0,096530
2024-11-07,23450.0,096530
2024-11-08,23550.0,096530
2024-11-11,23100.0,096530
2024-11-12,21550.0,096530
2024-11-13,21650.0,096530
2024-11-14,22000.0,096530
2024-11-15,22050.0,096530
2024-11-18,22200.0,096530
2024-11-19,22150.0,096530
2024-11-20,21800.0,096530
2024-11-21,22800.0,096530
2024-11-22,23050.0,096530
2024-11-25,23200.0,096530
2024-11-26,23150.0,096530
2024-11-27,23600.0,096530
2024-11-28,23900.0,096530
2024-11-29,23750.0,096530
2024-12-02,23500.0,096530
2024-12-03,24450.0,096530
2024-12-04,23350.0,096530
2024-12-05,22650.0,096530
2024-12-06,22900.0,096530
2024-12-09,21300.0,096530
2024-12-10,22750.0,096530
2024-12-11,23100.0,096530
2024-12-12,23250.0,096530
2024-12-13,23300.0,096530
2024-12-16,23300.0,096530
2024-12-17,23850.0,096530
2024-12-18,23850.0,096530
2024-12-19,23450.0,096530
2024-12-20,23450.0,096530
2024-12-23,23800.0,096530
2024-12-24,23750.0,096530
2024-12-26,23300.0,096530
2024-12-27,22650.0,096530
2024-12-30,22800.0,096530
2025-01-02,24200.0,096530
2025-01-03,24000.0,096530
2025-01-06,27850.0,096530
2025-01-07,27300.0,096530
2025-01-08,27150.0,096530
2025-01-09,26850.0,096530
2025-01-10,26400.0,096530
2025-01-13,25700.0,096530
2025-01-14,24950.0,096530
2025-01-15,24950.0,096530
2025-01-16,24800.0,096530
2025-01-17,24700.0,096530
2025-01-20,24150.0,096530
2025-01-21,23900.0,096530
2025-01-22,24150.0,096530
2025-01-23,24400.0,096530
2025-01-24,24100.0,096530
2025-01-31,23650.0,096530
2025-02-03,23150.0,096530
2025-02-04,24050.0,096530
2025-02-05,23950.0,096530
2025-02-06,24350.0,096530
2025-02-07,23150.0,096530
2025-02-10,22750.0,096530
2025-02-11,23150.0,096530
2025-02-12,22700.0,096530
2025-02-13,22950.0,096530
2025-02-14,22850.0,096530
2025-02-17,22900.0,096530
2025-02-18,23150.0,096530
2025-02-19,23150.0,096530
2025-02-20,23450.0,096530
2025-02-21,23650.0,096530
2025-02-24,24350.0,096530
2025-02-25,24250.0,096530
2025-02-26,24650.0,096530
2025-02-27,24700.0,096530
2025-02-28,24650.0,096530
2025-03-04,24200.0,096530
2025-03-05,23950.0,096530
2025-03-06,24950.0,096530
2025-03-07,24800.0,096530
2025-03-10,24450.0,096530
2025-03-11,24400.0,096530
2025-03-12,24150.0,096530
2025-03-13,24700.0,096530
2025-03-14,24650.0,096530
2025-03-17,24050.0,096530
2025-03-18,24800.0,096530
2025-03-19,24600.0,096530
2025-03-20,25100.0,096530
2025-03-21,25350.0,096530
2025-03-24,25200.0,096530
2025-03-25,24700.0,096530
2025-03-26,25600.0,096530
2025-03-27,25100.0,096530
2025-03-28,23950.0,096530
2025-03-31,22100.0,096530
2025-04-01,23000.0,096530
2025-04-02,22550.0,096530
2025-04-03,22900.0,096530
2025-04-04,22700.0,096530
2025-04-07,21700.0,096530
2025-04-08,22550.0,096530
2025-04-09,22500.0,096530
2025-04-10,23650.0,096530
2025-04-11,23550.0,096530
2025-04-14,24600.0,096530
2025-04-15,24850.0,096530
2025-04-16,24250.0,096530
2025-04-17,24250.0,096530
2025-04-18,25050.0,096530
2025-04-21,25350.0,096530
2025-04-22,25350.0,096530
2025-04-23,25200.0,096530
2025-04-24,26950.0,096530
2025-04-25,26650.0,096530
2025-04-28,26500.0,096530
2025-04-29,26500.0,096530
2025-04-30,26300.0,096530
2025-05-02,26550.0,096530
2025-05-07,26300.0,096530
2025-05-08,26500.0,096530
2025-05-09,27250.0,096530
2025-05-12,27150.0,096530
2025-05-13,29500.0,096530
2025-05-14,29900.0,096530
2025-05-15,31200.0,096530
2025-05-16,30950.0,096530
2025-05-19,32150.0,096530
2025-05-20,31300.0,096530
2025-05-21,31700.0,096530
2025-05-22,34450.0,096530
2025-05-23,32200.0,096530
2025-05-26,32200.0,096530
2025-05-27,32350.0,096530
2025-05-28,31400.0,096530
2025-05-29,31650.0,096530
2025-05-30,33500.0,096530
2025-06-02,32850.0,096530
2025-06-04,32850.0,096530
2025-06-05,32400.0,096530
2025-06-09,32350.0,096530
2025-06-10,33200.0,096530
2025-06-11,33600.0,096530
2025-06-12,33400.0,096530
2025-06-13,32350.0,096530
2025-06-16,32650.0,096530
2025-06-17,33450.0,096530
2025-06-18,33800.0,096530
2025-06-19,33800.0,096530
2025-06-20,33750.0,096530
2025-06-23,33200.0,096530
2025-06-24,33450.0,096530
2025-06-25,35150.0,096530
2025-06-26,34050.0,096530
2025-06-27,33000.0,096530
2025-06-30,33100.0,096530
2025-07-01,32750.0,096530
2025-07-02,32950.0,096530
2025-07-03,33000.0,096530
2025-07-04,32200.0,096530
2025-07-07,31400.0,096530
2025-07-08,31100.0,096530
2025-07-09,32100.0,096530
2025-07-10,31800.0,096530
2025-07-11,32250.0,096530
2025-07-14,32350.0,096530
2025-07-15,32300.0,096530
2025-07-16,32400.0,096530
2025-07-17,32550.0,096530
2025-07-18,32000.0,096530
2025-07-21,31100.0,096530
2025-07-22,30200.0,096530
2025-07-23,29950.0,096530
2025-07-24,29550.0,096530
2025-07-25,30150.0,096530
2025-07-28,30200.0,096530
2025-07-29,30200.0,096530
2025-07-30,29850.0,096530
2025-07-31,29700.0,096530
2025-08-01,29050.0,096530
2025-08-04,29200.0,096530
2025-08-05,29400.0,096530
2025-08-06,30000.0,096530
2025-08-07,30000.0,096530
2025-08-08,30050.0,096530
2025-08-11,27650.0,096530
2025-08-12,27200.0,096530
2025-08-13,28050.0,096530
2025-08-14,27900.0,096530
2025-08-18,28100.0,096530
2025-08-19,27400.0,096530
2025-08-20,26700.0,096530
2025-08-21,25850.0,096530
2025-08-22,26150.0,096530
2025-08-25,26250.0,096530
2025-08-26,25700.0,096530
2025-08-27,25850.0,096530
2025-08-28,25650.0,096530
2025-08-29,25950.0,096530
2025-09-01,25550.0,096530
2025-09-02,25600.0,096530
2025-09-03,25600.0,096530
2025-09-04,25700.0,096530
2025-09-05,25850.0,096530
2025-09-08,25800.0,096530
2025-09-09,25900.0,096530
2025-09-10,25900.0,096530
2025-09-11,25500.0,096530
2025-09-12,26000.0,096530
2025-09-15,26050.0,096530
2025-09-16,25950.0,096530
2025-09-17,25950.0,096530
2025-09-18,26000.0,096530
2025-09-19,26600.0,096530
2025-09-22,26500.0,096530
2025-09-23,26250.0,096530
2025-09-24,26050.0,096530
2025-09-25,25350.0,096530
2025-09-26,25000.0,096530
2025-09-29,24900.0,096530
2025-09-30,24750.0,096530
2025-10-01,24750.0,096530
2025-10-02,25200.0,096530
2025-10-10,24950.0,096530
2025-10-13,24600.0,096530
2025-10-14,24300.0,096530
2025-10-15,24600.0,096530
2025-10-16,24550.0,096530
2025-10-17,24500.0,096530
2025-10-20,25300.0,096530
2025-10-21,26050.0,096530
2025-10-22,25850.0,096530
2025-10-23,25700.0,096530
2025-10-24,25450.0,096530
2025-10-27,26100.0,096530
2025-10-28,26500.0,096530
2025-10-29,26100.0,096530
2025-10-30,25350.0,096530
2025-10-31,25300.0,096530
2025-11-03,25200.0,096530
2025-11-04,26450.0,096530
2025-11-05,26250.0,096530
2025-11-06,26150.0,096530
2025-11-07,25450.0,096530
2025-11-10,25950.0,096530
2025-11-11,25100.0,096530
2025-11-12,25500.0,096530
2025-11-13,25700.0,096530
2025-11-14,25600.0,096530
2025-11-17,26350.0,096530
2025-11-18,25600.0,096530
2025-11-19,24500.0,096530
2025-11-20,25000.0,096530
2025-11-21,24350.0,096530
2025-11-24,24450.0,096530
2025-11-25,24800.0,096530
2025-11-26,25150.0,096530
2025-11-27,25150.0,096530
2025-11-28,25700.0,096530
2025-12-01,25950.0,096530
2025-12-02,26250.0,096530
2025-12-03,25900.0,096530
2025-12-04,25650.0,096530
2025-12-05,25700.0,096530
2025-12-08,24950.0,096530
2025-12-09,25000.0,096530
2025-12-10,24850.0,096530
2025-12-11,25100.0,096530
2025-12-12,25000.0,096530
2025-12-15,24550.0,096530
2025-12-16,24250.0,096530
2025-12-17,24550.0,096530
2025-12-18,24300.0,096530
2025-12-19,24600.0,096530
2025-12-22,24750.0,096530
2025-12-23,24550.0,096530
2025-12-24,24550.0,096530
2025-12-26,24350.0,096530
2025-12-29,24000.0,096530
2025-12-30,23800.0,096530
2026-01-02,24450.0,096530
2026-01-05,24400.0,096530
2026-01-06,24000.0,096530
2026-01-07,23550.0,096530
2026-01-08,23400.0,096530
2026-01-09,24000.0,096530
2026-01-12,24450.0,096530
2026-01-13,23950.0,096530
2026-01-14,23850.0,096530
2026-01-15,24150.0,096530
2026-01-16,23900.0,096530
2026-01-19,23700.0,096530
2026-01-20,24100.0,096530
2026-01-21,23700.0,096530
2026-01-22,24150.0,096530
2026-01-23,24850.0,096530
2026-01-26,26000.0,096530
2026-01-27,26400.0,096530
2026-01-28,27500.0,096530
2026-01-29,27900.0,096530
2026-01-30,28600.0,096530
2026-02-02,26800.0,096530
2026-02-03,27800.0,096530
2026-02-04,27100.0,096530
2026-02-05,26750.0,096530
2026-02-06,25850.0,096530
2026-02-09,26950.0,096530
2026-02-10,27100.0,096530
2026-02-11,27700.0,096530
2026-02-12,27800.0,096530
2026-02-13,27400.0,096530
2026-02-19,28450.0,096530
2026-02-20,27450.0,096530
2026-02-23,27000.0,096530
2026-02-24,27100.0,096530
2026-02-25,27000.0,096530
2026-02-26,26700.0,096530
2026-02-27,26250.0,096530
2026-03-03,25250.0,096530
2026-03-04,22000.0,096530
2026-03-05,23750.0,096530
2026-03-06,23600.0,096530
2026-03-09,22350.0,096530
2026-03-10,22350.0,096530
2026-03-11,22150.0,096530
2026-03-12,22350.0,096530
2026-03-13,22250.0,096530
2026-03-16,22100.0,096530
2026-03-17,22450.0,096530
2026-03-18,22850.0,096530
2026-03-19,22150.0,096530
2026-03-20,22900.0,096530
2026-03-23,21850.0,096530
2026-03-24,22250.0,096530
2026-03-25,22650.0,096530
2026-03-26,22600.0,096530
2026-03-27,23350.0,096530
2026-03-30,22350.0,096530
2026-03-31,21850.0,096530
2026-04-01,22950.0,096530
2026-04-02,22250.0,096530
2026-04-03,22350.0,096530
2026-04-06,22100.0,096530
2026-04-07,22250.0,096530
2026-04-08,22800.0,096530
2026-04-09,23350.0,096530
2026-04-10,23900.0,096530
2026-04-13,23400.0,096530
2026-04-14,24050.0,096530
2026-04-15,24350.0,096530
2026-04-16,24900.0,096530
2026-04-17,27350.0,096530
2026-04-20,25600.0,096530
2026-04-21,24900.0,096530
2026-04-22,24850.0,096530
2026-04-23,24700.0,096530
2026-04-24,25000.0,096530
2026-04-27,24950.0,096530
2026-04-28,24800.0,096530
2026-04-29,25050.0,096530
2026-04-30,24550.0,096530
2026-05-04,24500.0,096530
2026-05-06,23950.0,096530
2026-05-07,24000.0,096530
2026-05-08,24400.0,096530
2026-05-11,28250.0,096530
2026-05-12,28000.0,096530
2026-05-13,27900.0,096530
2026-05-14,32000.0,096530
2026-05-15,31050.0,096530
2026-05-18,29950.0,096530
2026-05-19,30200.0,096530
2026-05-20,29900.0,096530
2026-05-21,30700.0,096530
2026-05-22,31600.0,096530
2026-05-26,31900.0,096530
2026-05-27,31300.0,096530
2026-05-28,30600.0,096530
2026-05-29,30400.0,096530
2026-06-01,30550.0,096530
2026-06-02,31850.0,096530
2026-06-04,31050.0,096530
2026-06-05,29850.0,096530
2026-06-08,27350.0,096530
2026-06-09,29200.0,096530
2026-06-10,27750.0,096530
2026-06-11,28150.0,096530
2026-06-12,28050.0,096530
2026-06-15,28700.0,096530
2026-06-16,28500.0,096530
2026-06-17,29500.0,096530
2026-06-18,28800.0,096530
2026-06-19,27800.0,096530
2026-06-22,27100.0,096530
2026-06-23,27050.0,096530
2026-06-24,26950.0,096530
2026-06-25,29150.0,096530
2026-06-26,28000.0,096530
2026-06-29,30450.0,096530
2026-06-30,29700.0,096530
2026-07-01,28700.0,096530
2026-07-02,28950.0,096530
2026-07-03,29350.0,096530
2026-07-06,29050.0,096530
2026-07-07,29300.0,096530
2026-07-08,28250.0,096530
2026-07-09,27250.0,096530
2026-07-10,29000.0,096530
2026-07-13,28450.0,096530
2026-07-14,27650.0,096530
2026-07-15,29250.0,096530
2026-07-16,28550.0,096530
2026-07-20,26600.0,096530
2026-07-21,27200.0,096530
2026-07-22,26900.0,096530
2026-07-23,27550.0,096530
2026-07-24,27400.0,096530
2026-07-27,28200.0,096530
2026-07-28,26200.0,096530
2026-07-29,25450.0,096530
2026-07-30,25150.0,096530
2026-07-31,26900.0,096530
2026-08-03,26700.0,096530
2026-08-04,27950.0,096530
2026-08-05,28050.0,096530
2026-08-06,28700.0,096530
2026-08-07,28900.0,096530
2026-08-10,30750.0,096530
2026-08-11,32550.0,096530
2026-08-12,31950.0,096530
2026-08-13,31900.0,096530
2026-08-14,32150.0,096530
2026-08-18,30300.0,096530
2026-08-19,30000.0,096530
2026-08-20,31250.0,096530
2026-08-21,30500.0,096530
2026-08-24,32150.0,096530
2026-08-25,31450.0,096530
2026-08-26,32200.0,096530
2026-08-27,31900.0,096530
2026-08-28,35650.0,096530
2026-08-31,33600.0,096530
2014-12-12,2302.0,196170
2014-12-15,2430.0,196170
2014-12-16,2280.0,196170
2014-12-17,2248.0,196170
2014-12-18,2403.0,196170
2014-12-19,2506.0,196170
2014-12-22,2709.0,196170
2014-12-23,2661.0,196170
2014-12-24,2816.0,196170
2014-12-26,2790.0,196170
2014-12-29,2703.0,196170
2014-12-30,2693.0,196170
2015-01-02,2688.0,196170
2015-01-05,2827.0,196170
2015-01-06,2837.0,196170
2015-01-07,2795.0,196170
2015-01-08,2795.0,196170
2015-01-09,2709.0,196170
2015-01-12,2746.0,196170
2015-01-13,2816.0,196170
2015-01-14,3010.0,196170
2015-01-15,3159.0,196170
2015-01-16,3159.0,196170
2015-01-19,3512.0,196170
2015-01-20,3651.0,196170
2015-01-21,3624.0,196170
2015-01-22,3587.0,196170
2015-01-23,3561.0,196170
2015-01-26,3855.0,196170
2015-01-27,4016.0,196170
2015-01-28,4070.0,196170
2015-01-29,3924.0,196170
2015-01-30,3769.0,196170
2015-02-02,3748.0,196170
2015-02-03,3748.0,196170
2015-02-04,4107.0,196170
2015-02-05,4262.0,196170
2015-02-06,4492.0,196170
2015-02-09,4348.0,196170
2015-02-10,4498.0,196170
2015-02-11,4428.0,196170
2015-02-12,4332.0,196170
2015-02-13,4712.0,196170
2015-02-16,4525.0,196170
2015-02-17,4455.0,196170
2015-02-23,4498.0,196170
2015-02-24,4927.0,196170
2015-02-25,4745.0,196170
2015-02-26,4782.0,196170
2015-02-27,4659.0,196170
2015-03-02,4530.0,196170
2015-03-03,4391.0,196170
2015-03-04,4396.0,196170
2015-03-05,4380.0,196170
2015-03-06,4638.0,196170
2015-03-09,4766.0,196170
2015-03-10,4568.0,196170
2015-03-11,4476.0,196170
2015-03-12,4428.0,196170
2015-03-13,4428.0,196170
2015-03-16,4375.0,196170
2015-03-17,4455.0,196170
2015-03-18,4326.0,196170
2015-03-19,4230.0,196170
2015-03-20,4305.0,196170
2015-03-23,4305.0,196170
2015-03-24,4439.0,196170
2015-03-25,4669.0,196170
2015-03-26,4391.0,196170
2015-03-27,4257.0,196170
2015-03-30,4171.0,196170
2015-03-31,4193.0,196170
2015-04-01,4145.0,196170
2015-04-02,4091.0,196170
2015-04-03,4032.0,196170
2015-04-06,4021.0,196170
2015-04-07,4230.0,196170
2015-04-08,4236.0,196170
2015-04-09,4391.0,196170
2015-04-10,4358.0,196170
2015-04-13,4916.0,196170
2015-04-14,4819.0,196170
2015-04-15,4691.0,196170
2015-04-16,4948.0,196170
2015-04-17,4948.0,196170
2015-04-20,4964.0,196170
2015-04-21,4969.0,196170
2015-04-22,5114.0,196170
2015-04-23,4868.0,196170
2015-04-24,4734.0,196170
2015-04-27,4632.0,196170
2015-04-28,4391.0,196170
2015-04-29,4466.0,196170
2015-04-30,4273.0,196170
2015-05-04,4000.0,196170
2015-05-06,3481.0,196170
2015-05-07,3737.0,196170
2015-05-08,3957.0,196170
2015-05-11,4065.0,196170
2015-05-12,4048.0,196170
2015-05-13,4042.0,196170
2015-05-14,4128.0,196170
2015-05-15,4139.0,196170
2015-05-18,3962.0,196170
2015-05-19,3984.0,196170
2015-05-20,4198.0,196170
2015-05-21,4225.0,196170
2015-05-22,4177.0,196170
2015-05-26,3984.0,196170
2015-05-27,4000.0,196170
2015-05-28,3871.0,196170
2015-05-29,4112.0,196170
2015-06-01,4230.0,196170
2015-06-02,4605.0,196170
2015-06-03,4579.0,196170
2015-06-04,4638.0,196170
2015-06-05,4525.0,196170
2015-06-08,4579.0,196170
2015-06-09,4745.0,196170
2015-06-10,4488.0,196170
2015-06-11,4445.0,196170
2015-06-12,4385.0,196170
2015-06-15,4402.0,196170
2015-06-16,4712.0,196170
2015-06-17,4819.0,196170
2015-06-18,4986.0,196170
2015-06-19,4916.0,196170
2015-06-22,4649.0,196170
2015-06-23,4664.0,196170
2015-06-24,5199.0,196170
2015-06-25,6030.0,196170
2015-06-26,5987.0,196170
2015-06-29,5570.0,196170
2015-06-30,5580.0,196170
2015-07-01,5859.0,196170
2015-07-02,5901.0,196170
2015-07-03,5955.0,196170
2015-07-06,5698.0,196170
2015-07-07,4723.0,196170
2015-07-08,4766.0,196170
2015-07-09,4959.0,196170
2015-07-10,4969.0,196170
2015-07-13,5119.0,196170
2015-07-14,5430.0,196170
2015-07-15,5570.0,196170
2015-07-16,5602.0,196170
2015-07-17,5516.0,196170
2015-07-20,5891.0,196170
2015-07-21,6405.0,196170
2015-07-22,6030.0,196170
2015-07-23,5955.0,196170
2015-07-24,6008.0,196170
2015-07-27,5677.0,196170
2015-07-28,5773.0,196170
2015-07-29,5226.0,196170
2015-07-30,4846.0,196170
2015-07-31,5029.0,196170
2015-08-03,4745.0,196170
2015-08-04,4649.0,196170
2015-08-05,4664.0,196170
2015-08-06,4921.0,196170
2015-08-07,4819.0,196170
2015-08-10,4702.0,196170
2015-08-11,4445.0,196170
2015-08-12,4070.0,196170
2015-08-13,4262.0,196170
2015-08-17,4112.0,196170
2015-08-18,3764.0,196170
2015-08-19,3769.0,196170
2015-08-20,3534.0,196170
2015-08-21,3255.0,196170
2015-08-24,2967.0,196170
2015-08-25,3159.0,196170
2015-08-26,3512.0,196170
2015-08-27,3540.0,196170
2015-08-28,3571.0,196170
2015-08-31,3502.0,196170
2015-09-01,3437.0,196170
2015-09-02,3405.0,196170
2015-09-03,3470.0,196170
2015-09-04,3341.0,196170
2015-09-07,3180.0,196170
2015-09-08,3063.0,196170
2015-09-09,3341.0,196170
2015-09-10,3352.0,196170
2015-09-11,3389.0,196170
2015-09-14,3212.0,196170
2015-09-15,3255.0,196170
2015-09-16,3394.0,196170
2015-09-17,3266.0,196170
2015-09-18,3561.0,196170
2015-09-21,3561.0,196170
2015-09-22,3540.0,196170
2015-09-23,3485.0,196170
2015-09-24,3481.0,196170
2015-09-25,3421.0,196170
2015-09-30,3180.0,196170
2015-10-01,3197.0,196170
2015-10-02,3191.0,196170
2015-10-05,3186.0,196170
2015-10-06,3127.0,196170
2015-10-07,3052.0,196170
2015-10-08,3067.0,196170
2015-10-12,3202.0,196170
2015-10-13,3083.0,196170
2015-10-14,2913.0,196170
2015-10-15,2983.0,196170
2015-10-16,3030.0,196170
2015-10-19,3089.0,196170
2015-10-20,3133.0,196170
2015-10-21,3122.0,196170
2015-10-22,3127.0,196170
2015-10-23,3067.0,196170
2015-10-26,2993.0,196170
2015-10-27,2875.0,196170
2015-10-28,3025.0,196170
2015-10-29,2934.0,196170
2015-10-30,2859.0,196170
2015-11-02,2886.0,196170
2015-11-03,2901.0,196170
2015-11-04,3010.0,196170
2015-11-05,3180.0,196170
2015-11-06,3458.0,196170
2015-11-09,3250.0,196170
2015-11-10,3368.0,196170
2015-11-11,3663.0,196170
2015-11-12,3888.0,196170
2015-11-13,3866.0,196170
2015-11-16,3631.0,196170
2015-11-17,3769.0,196170
2015-11-18,3845.0,196170
2015-11-19,3796.0,196170
2015-11-20,3657.0,196170
2015-11-23,3614.0,196170
2015-11-24,3663.0,196170
2015-11-25,3544.0,196170
2015-11-26,3667.0,196170
2015-11-27,3614.0,196170
2015-11-30,3641.0,196170
2015-12-01,3786.0,196170
2015-12-02,4369.0,196170
2015-12-03,4284.0,196170
2015-12-04,4407.0,196170
2015-12-07,4407.0,196170
2015-12-08,4236.0,196170
2015-12-09,4059.0,196170
2015-12-10,3748.0,196170
2015-12-11,3657.0,196170
2015-12-14,3567.0,196170
2015-12-15,3780.0,196170
2015-12-16,3984.0,196170
2015-12-17,4032.0,196170
2015-12-18,4145.0,196170
2015-12-21,4107.0,196170
2015-12-22,3984.0,196170
2015-12-23,3828.0,196170
2015-12-24,3845.0,196170
2015-12-28,3828.0,196170
2015-12-29,4085.0,196170
2015-12-30,4251.0,196170
2016-01-04,4402.0,196170
2016-01-05,4568.0,196170
2016-01-06,4862.0,196170
2016-01-07,5173.0,196170
2016-01-08,5173.0,196170
2016-01-11,5087.0,196170
2016-01-12,4846.0,196170
2016-01-13,4921.0,196170
2016-01-14,4681.0,196170
2016-01-15,4702.0,196170
2016-01-18,4723.0,196170
2016-01-19,4927.0,196170
2016-01-20,4798.0,196170
2016-01-21,4766.0,196170
2016-01-22,4659.0,196170
2016-01-25,4681.0,196170
2016-01-26,4851.0,196170
2016-01-27,4712.0,196170
2016-01-28,4530.0,196170
2016-01-29,4407.0,196170
2016-02-01,4434.0,196170
2016-02-02,4439.0,196170
2016-02-03,4262.0,196170
2016-02-04,4215.0,196170
2016-02-05,3968.0,196170
2016-02-11,3775.0,196170
2016-02-12,3405.0,196170
2016-02-15,3567.0,196170
2016-02-16,3475.0,196170
2016-02-17,3266.0,196170
2016-02-18,3427.0,196170
2016-02-19,3384.0,196170
2016-02-22,3534.0,196170
2016-02-23,3421.0,196170
2016-02-24,3368.0,196170
2016-02-25,3437.0,196170
2016-02-26,3437.0,196170
2016-02-29,3491.0,196170
2016-03-02,3582.0,196170
2016-03-03,3931.0,196170
2016-03-04,3882.0,196170
2016-03-07,3823.0,196170
2016-03-08,3694.0,196170
2016-03-09,3780.0,196170
2016-03-10,3951.0,196170
2016-03-11,3866.0,196170
2016-03-14,3866.0,196170
2016-03-15,3903.0,196170
2016-03-16,3748.0,196170
2016-03-17,3673.0,196170
2016-03-18,3780.0,196170
2016-03-21,3759.0,196170
2016-03-22,3657.0,196170
2016-03-23,3481.0,196170
2016-03-24,3470.0,196170
2016-03-25,3502.0,196170
2016-03-28,3528.0,196170
2016-03-29,3593.0,196170
2016-03-30,3711.0,196170
2016-03-31,3973.0,196170
2016-04-01,4070.0,196170
2016-04-04,4112.0,196170
2016-04-05,4177.0,196170
2016-04-06,4081.0,196170
2016-04-07,3973.0,196170
2016-04-08,4177.0,196170
2016-04-11,4161.0,196170
2016-04-12,4177.0,196170
2016-04-14,4048.0,196170
2016-04-15,3962.0,196170
2016-04-18,3989.0,196170
2016-04-19,4166.0,196170
2016-04-20,4112.0,196170
2016-04-21,4181.0,196170
2016-04-22,4284.0,196170
2016-04-25,4124.0,196170
2016-04-26,4134.0,196170
2016-04-27,4038.0,196170
2016-04-28,4070.0,196170
2016-04-29,4021.0,196170
2016-05-02,3845.0,196170
2016-05-03,3871.0,196170
2016-05-04,3780.0,196170
2016-05-09,3667.0,196170
2016-05-10,3834.0,196170
2016-05-11,3834.0,196170
2016-05-12,3769.0,196170
2016-05-13,3786.0,196170
2016-05-16,3748.0,196170
2016-05-17,3780.0,196170
2016-05-18,3657.0,196170
2016-05-19,3609.0,196170
2016-05-20,3663.0,196170
2016-05-23,3823.0,196170
2016-05-24,3882.0,196170
2016-05-25,3850.0,196170
2016-05-26,3748.0,196170
2016-05-27,3786.0,196170
2016-05-30,3667.0,196170
2016-05-31,3786.0,196170
2016-06-01,3839.0,196170
2016-06-02,3909.0,196170
2016-06-03,4016.0,196170
2016-06-07,4155.0,196170
2016-06-08,4155.0,196170
2016-06-09,4247.0,196170
2016-06-10,4204.0,196170
2016-06-13,4048.0,196170
2016-06-14,4262.0,196170
2016-06-15,4236.0,196170
2016-06-16,4038.0,196170
2016-06-17,4375.0,196170
2016-06-20,4434.0,196170
2016-06-21,4316.0,196170
2016-06-22,4220.0,196170
2016-06-23,4193.0,196170
2016-06-24,3812.0,196170
2016-06-27,3845.0,196170
2016-06-28,3994.0,196170
2016-06-29,4081.0,196170
2016-06-30,4702.0,196170
2016-07-01,4669.0,196170
2016-07-04,4691.0,196170
2016-07-05,4804.0,196170
2016-07-06,4900.0,196170
2016-07-07,4910.0,196170
2016-07-08,4659.0,196170
2016-07-11,4841.0,196170
2016-07-12,5302.0,196170
2016-07-13,5216.0,196170
2016-07-14,5226.0,196170
2016-07-15,5033.0,196170
2016-07-18,5033.0,196170
2016-07-19,4879.0,196170
2016-07-20,4996.0,196170
2016-07-21,5093.0,196170
2016-07-22,5023.0,196170
2016-07-25,5018.0,196170
2016-07-26,4910.0,196170
2016-07-27,4664.0,196170
2016-07-28,4664.0,196170
2016-07-29,4906.0,196170
2016-08-01,4819.0,196170
2016-08-02,4707.0,196170
2016-08-03,4696.0,196170
2016-08-04,4851.0,196170
2016-08-05,4804.0,196170
2016-08-08,4851.0,196170
2016-08-09,5033.0,196170
2016-08-10,5129.0,196170
2016-08-11,5125.0,196170
2016-08-12,5049.0,196170
2016-08-16,4948.0,196170
2016-08-17,4782.0,196170
2016-08-18,4782.0,196170
2016-08-19,4836.0,196170
2016-08-22,4675.0,196170
2016-08-23,4787.0,196170
2016-08-24,4675.0,196170
2016-08-25,4466.0,196170
2016-08-26,4498.0,196170
2016-08-29,4177.0,196170
2016-08-30,4257.0,196170
2016-08-31,4230.0,196170
2016-09-01,4321.0,196170
2016-09-02,4300.0,196170
2016-09-05,4284.0,196170
2016-09-06,4343.0,196170
2016-09-07,4343.0,196170
2016-09-08,4364.0,196170
2016-09-09,4557.0,196170
2016-09-12,4514.0,196170
2016-09-13,4530.0,196170
2016-09-19,4455.0,196170
2016-09-20,4449.0,196170
2016-09-21,4380.0,196170
2016-09-22,4439.0,196170
2016-09-23,4552.0,196170
2016-09-26,4434.0,196170
2016-09-27,4375.0,196170
2016-09-28,4498.0,196170
2016-09-29,4572.0,196170
2016-09-30,4472.0,196170
2016-10-04,4268.0,196170
2016-10-05,4107.0,196170
2016-10-06,4112.0,196170
2016-10-07,3931.0,196170
2016-10-10,3973.0,196170
2016-10-11,4038.0,196170
2016-10-12,4005.0,196170
2016-10-13,3823.0,196170
2016-10-14,3818.0,196170
2016-10-17,3700.0,196170
2016-10-18,3748.0,196170
2016-10-19,3839.0,196170
2016-10-20,3801.0,196170
2016-10-21,3924.0,196170
2016-10-24,3834.0,196170
2016-10-25,3641.0,196170
2016-10-26,3582.0,196170
2016-10-27,3737.0,196170
2016-10-28,3528.0,196170
2016-10-31,3239.0,196170
2016-11-01,3239.0,196170
2016-11-02,3094.0,196170
2016-11-03,3159.0,196170
2016-11-04,3223.0,196170
2016-11-07,3234.0,196170
2016-11-08,3400.0,196170
2016-11-09,3212.0,196170
2016-11-10,3405.0,196170
2016-11-11,3502.0,196170
2016-11-14,3475.0,196170
2016-11-15,3362.0,196170
2016-11-16,3405.0,196170
2016-11-17,3352.0,196170
2016-11-18,3330.0,196170
2016-11-21,3234.0,196170
2016-11-22,3229.0,196170
2016-11-23,3127.0,196170
2016-11-24,3067.0,196170
2016-11-25,3180.0,196170
2016-11-28,3175.0,196170
2016-11-29,3159.0,196170
2016-11-30,3261.0,196170
2016-12-01,3229.0,196170
2016-12-02,3180.0,196170
2016-12-05,3010.0,196170
2016-12-06,3010.0,196170
2016-12-07,2928.0,196170
2016-12-08,2864.0,196170
2016-12-09,2977.0,196170
2016-12-12,3116.0,196170
2016-12-13,3180.0,196170
2016-12-14,3218.0,196170
2016-12-15,3159.0,196170
2016-12-16,3148.0,196170
2016-12-19,3100.0,196170
2016-12-20,3137.0,196170
2016-12-21,3122.0,196170
2016-12-22,3127.0,196170
2016-12-23,3229.0,196170
2016-12-26,3212.0,196170
2016-12-27,3212.0,196170
2016-12-28,3411.0,196170
2016-12-29,3507.0,196170
2017-01-02,3458.0,196170
2017-01-03,3544.0,196170
2017-01-04,3528.0,196170
2017-01-05,3524.0,196170
2017-01-06,3448.0,196170
2017-01-09,3454.0,196170
2017-01-10,3389.0,196170
2017-01-11,3379.0,196170
2017-01-12,3384.0,196170
2017-01-13,3437.0,196170
2017-01-16,3405.0,196170
2017-01-17,3320.0,196170
2017-01-18,3320.0,196170
2017-01-19,3304.0,196170
2017-01-20,3202.0,196170
2017-01-23,3106.0,196170
2017-01-24,3100.0,196170
2017-01-25,3083.0,196170
2017-01-26,3041.0,196170
2017-01-31,3010.0,196170
2017-02-01,3057.0,196170
2017-02-02,3030.0,196170
2017-02-03,3083.0,196170
2017-02-06,3094.0,196170
2017-02-07,3212.0,196170
2017-02-08,3180.0,196170
2017-02-09,3159.0,196170
2017-02-10,3153.0,196170
2017-02-13,3073.0,196170
2017-02-14,3083.0,196170
2017-02-15,3191.0,196170
2017-02-16,3191.0,196170
2017-02-17,3175.0,196170
2017-02-20,3164.0,196170
2017-02-21,3164.0,196170
2017-02-22,3191.0,196170
2017-02-23,3170.0,196170
2017-02-24,3148.0,196170
2017-02-27,3067.0,196170
2017-02-28,3083.0,196170
2017-03-02,3063.0,196170
2017-03-03,3030.0,196170
2017-03-06,3020.0,196170
2017-03-07,2998.0,196170
2017-03-08,2967.0,196170
2017-03-09,2987.0,196170
2017-03-10,2971.0,196170
2017-03-13,2983.0,196170
2017-03-14,2987.0,196170
2017-03-15,2967.0,196170
2017-03-16,2967.0,196170
2017-03-17,2923.0,196170
2017-03-20,2913.0,196170
2017-03-21,2934.0,196170
2017-03-22,3014.0,196170
2017-03-23,2971.0,196170
2017-03-24,3106.0,196170
2017-03-27,3137.0,196170
2017-03-28,3191.0,196170
2017-03-29,3197.0,196170
2017-03-30,3106.0,196170
2017-03-31,3143.0,196170
2017-04-03,3212.0,196170
2017-04-04,3175.0,196170
2017-04-05,3180.0,196170
2017-04-06,3127.0,196170
2017-04-07,3137.0,196170
2017-04-10,2987.0,196170
2017-04-11,2983.0,196170
2017-04-12,2945.0,196170
2017-04-13,2940.0,196170
2017-04-14,2945.0,196170
2017-04-17,3030.0,196170
2017-04-18,3041.0,196170
2017-04-19,3047.0,196170
2017-04-20,3041.0,196170
2017-04-21,3067.0,196170
2017-04-24,2971.0,196170
2017-04-25,2987.0,196170
2017-04-26,2987.0,196170
2017-04-27,2987.0,196170
2017-04-28,2955.0,196170
2017-05-02,2960.0,196170
2017-05-04,2993.0,196170
2017-05-08,3067.0,196170
2017-05-10,3067.0,196170
2017-05-11,3063.0,196170
2017-05-12,3014.0,196170
2017-05-15,2993.0,196170
2017-05-16,2955.0,196170
2017-05-17,2955.0,196170
2017-05-18,2901.0,196170
2017-05-19,2940.0,196170
2017-05-22,2928.0,196170
2017-05-23,2955.0,196170
2017-05-24,3036.0,196170
2017-05-25,3036.0,196170
2017-05-26,3047.0,196170
2017-05-29,2993.0,196170
2017-05-30,3041.0,196170
2017-05-31,3223.0,196170
2017-06-01,3212.0,196170
2017-06-02,3212.0,196170
2017-06-05,3288.0,196170
2017-06-07,3223.0,196170
2017-06-08,3234.0,196170
2017-06-09,3255.0,196170
2017-06-12,3234.0,196170
2017-06-13,3309.0,196170
2017-06-14,3352.0,196170
2017-06-15,3320.0,196170
2017-06-16,3373.0,196170
2017-06-19,3524.0,196170
2017-06-20,3470.0,196170
2017-06-21,3394.0,196170
2017-06-22,3315.0,196170
2017-06-23,3315.0,196170
2017-06-26,3223.0,196170
2017-06-27,3202.0,196170
2017-06-28,3133.0,196170
2017-06-29,3191.0,196170
2017-06-30,3159.0,196170
2017-07-03,3063.0,196170
2017-07-04,3030.0,196170
2017-07-05,3079.0,196170
2017-07-06,3137.0,196170
2017-07-07,3202.0,196170
2017-07-10,3127.0,196170
2017-07-11,3116.0,196170
2017-07-12,3180.0,196170
2017-07-13,3122.0,196170
2017-07-14,3067.0,196170
2017-07-17,3052.0,196170
2017-07-18,3073.0,196170
2017-07-19,3063.0,196170
2017-07-20,3067.0,196170
2017-07-21,3067.0,196170
2017-07-24,3057.0,196170
2017-07-25,3025.0,196170
2017-07-26,3010.0,196170
2017-07-27,2983.0,196170
2017-07-28,2950.0,196170
2017-07-31,2907.0,196170
2017-08-01,2950.0,196170
2017-08-02,3020.0,196170
2017-08-03,3010.0,196170
2017-08-04,3003.0,196170
2017-08-07,3041.0,196170
2017-08-08,3063.0,196170
2017-08-09,2998.0,196170
2017-08-10,2955.0,196170
2017-08-11,2843.0,196170
2017-08-14,2870.0,196170
2017-08-16,2875.0,196170
2017-08-17,2934.0,196170
2017-08-18,3041.0,196170
2017-08-21,3067.0,196170
2017-08-22,3083.0,196170
2017-08-23,3083.0,196170
2017-08-24,3100.0,196170
2017-08-25,3133.0,196170
2017-08-28,3202.0,196170
2017-08-29,3159.0,196170
2017-08-30,3180.0,196170
2017-08-31,3207.0,196170
2017-09-01,3229.0,196170
2017-09-04,3143.0,196170
2017-09-05,3110.0,196170
2017-09-06,3110.0,196170
2017-09-07,3110.0,196170
2017-09-08,3100.0,196170
2017-09-11,3083.0,196170
2017-09-12,3159.0,196170
2017-09-13,3170.0,196170
2017-09-14,3159.0,196170
2017-09-15,3336.0,196170
2017-09-18,3239.0,196170
2017-09-19,3218.0,196170
2017-09-20,3202.0,196170
2017-09-21,3116.0,196170
2017-09-22,3089.0,196170
2017-09-25,2993.0,196170
2017-09-26,3079.0,196170
2017-09-27,3030.0,196170
2017-09-28,3041.0,196170
2017-09-29,3067.0,196170
2017-10-10,3052.0,196170
2017-10-11,3083.0,196170
2017-10-12,3073.0,196170
2017-10-13,3191.0,196170
2017-10-16,3133.0,196170
2017-10-17,3266.0,196170
2017-10-18,3432.0,196170
2017-10-19,3320.0,196170
2017-10-20,3394.0,196170
2017-10-23,3507.0,196170
2017-10-24,3524.0,196170
2017-10-25,3448.0,196170
2017-10-26,3411.0,196170
2017-10-27,3411.0,196170
2017-10-30,3679.0,196170
2017-10-31,3673.0,196170
2017-11-01,3737.0,196170
2017-11-02,3694.0,196170
2017-11-03,3716.0,196170
2017-11-06,3694.0,196170
2017-11-07,3786.0,196170
2017-11-08,3855.0,196170
2017-11-09,3780.0,196170
2017-11-10,3673.0,196170
2017-11-13,3801.0,196170
2017-11-14,4048.0,196170
2017-11-15,4128.0,196170
2017-11-16,4257.0,196170
2017-11-17,4326.0,196170
2017-11-20,4230.0,196170
2017-11-21,4375.0,196170
2017-11-22,4177.0,196170
2017-11-23,4638.0,196170
2017-11-24,4649.0,196170
2017-11-27,4557.0,196170
2017-11-28,4659.0,196170
2017-11-29,4615.0,196170
2017-11-30,4562.0,196170
2017-12-01,4798.0,196170
2017-12-04,5087.0,196170
2017-12-05,4804.0,196170
2017-12-06,4557.0,196170
2017-12-07,4675.0,196170
2017-12-08,4985.0,196170
2017-12-11,5209.0,196170
2017-12-12,4985.0,196170
2017-12-13,5124.0,196170
2017-12-14,5199.0,196170
2017-12-15,5049.0,196170
2017-12-18,4836.0,196170
2017-12-19,4654.0,196170
2017-12-20,4493.0,196170
2017-12-21,4247.0,196170
2017-12-22,4333.0,196170
2017-12-26,4322.0,196170
2017-12-27,4557.0,196170
2017-12-28,4750.0,196170
2018-01-02,4985.0,196170
2018-01-03,5092.0,196170
2018-01-04,4921.0,196170
2018-01-05,5103.0,196170
2018-01-08,5220.0,196170
2018-01-09,4963.0,196170
2018-01-10,4846.0,196170
2018-01-11,4899.0,196170
2018-01-12,4996.0,196170
2018-01-15,4899.0,196170
2018-01-16,4963.0,196170
2018-01-17,5167.0,196170
2018-01-18,5317.0,196170
2018-01-19,5392.0,196170
2018-01-22,5499.0,196170
2018-01-23,5478.0,196170
2018-01-24,5520.0,196170
2018-01-25,5413.0,196170
2018-01-26,5273.0,196170
2018-01-29,5306.0,196170
2018-01-30,5263.0,196170
2018-01-31,5049.0,196170
2018-02-01,4963.0,196170
2018-02-02,4739.0,196170
2018-02-05,4375.0,196170
2018-02-06,4386.0,196170
2018-02-07,4333.0,196170
2018-02-08,4418.0,196170
2018-02-09,4097.0,196170
2018-02-12,4054.0,196170
2018-02-13,3936.0,196170
2018-02-14,4076.0,196170
2018-02-19,4258.0,196170
2018-02-20,4225.0,196170
2018-02-21,4343.0,196170
2018-02-22,4268.0,196170
2018-02-23,4268.0,196170
2018-02-26,4278.0,196170
2018-02-27,4236.0,196170
2018-02-28,4065.0,196170
2018-03-02,4086.0,196170
2018-03-05,4065.0,196170
2018-03-06,4044.0,196170
2018-03-07,3883.0,196170
2018-03-08,4236.0,196170
2018-03-09,4193.0,196170
2018-03-12,4418.0,196170
2018-03-13,4439.0,196170
2018-03-14,4429.0,196170
2018-03-15,4632.0,196170
2018-03-16,4664.0,196170
2018-03-19,4503.0,196170
2018-03-20,4568.0,196170
2018-03-21,4568.0,196170
2018-03-22,4450.0,196170
2018-03-23,4172.0,196170
2018-03-26,4268.0,196170
2018-03-27,5028.0,196170
2018-03-28,5499.0,196170
2018-03-29,5273.0,196170
2018-03-30,5413.0,196170
2018-04-02,5167.0,196170
2018-04-03,5231.0,196170
2018-04-04,5135.0,196170
2018-04-05,5563.0,196170
2018-04-06,5520.0,196170
2018-04-09,6729.0,196170
2018-04-10,6825.0,196170
2018-04-11,7993.0,196170
2018-04-12,7586.0,196170
2018-04-13,7916.0,196170
2018-04-16,9041.0,196170
2018-04-17,8912.0,196170
2018-04-18,8291.0,196170
2018-04-19,7810.0,196170
2018-04-20,7810.0,196170
2018-04-23,7275.0,196170
2018-04-24,7168.0,196170
2018-04-25,7329.0,196170
2018-04-26,8527.0,196170
2018-04-27,8698.0,196170
2018-04-30,8399.0,196170
2018-05-02,8559.0,196170
2018-05-03,7939.0,196170
2018-05-04,7446.0,196170
2018-05-08,7040.0,196170
2018-05-09,7361.0,196170
2018-05-10,7254.0,196170
2018-05-11,7435.0,196170
2018-05-14,7082.0,196170
2018-05-15,6848.0,196170
2018-05-16,6911.0,196170
2018-05-17,6633.0,196170
2018-05-18,6623.0,196170
2018-05-21,6740.0,196170
2018-05-23,6547.0,196170
2018-05-24,6986.0,196170
2018-05-25,7018.0,196170
2018-05-28,6901.0,196170
2018-05-29,6719.0,196170
2018-05-30,6579.0,196170
2018-05-31,6441.0,196170
2018-06-01,6794.0,196170
2018-06-04,6815.0,196170
2018-06-05,6623.0,196170
2018-06-07,6848.0,196170
2018-06-08,6654.0,196170
2018-06-11,6430.0,196170
2018-06-12,6248.0,196170
2018-06-14,6024.0,196170
2018-06-15,6130.0,196170
2018-06-18,6130.0,196170
2018-06-19,6109.0,196170
2018-06-20,6151.0,196170
2018-06-21,5905.0,196170
2018-06-22,5937.0,196170
2018-06-25,5927.0,196170
2018-06-26,5895.0,196170
2018-06-27,6066.0,196170
2018-06-28,6301.0,196170
2018-06-29,6611.0,196170
2018-07-02,6537.0,196170
2018-07-03,6397.0,196170
2018-07-04,6184.0,196170
2018-07-05,6205.0,196170
2018-07-06,6162.0,196170
2018-07-09,6708.0,196170
2018-07-10,6590.0,196170
2018-07-11,6333.0,196170
2018-07-12,6365.0,196170
2018-07-13,6333.0,196170
2018-07-16,6312.0,196170
2018-07-17,6291.0,196170
2018-07-18,6205.0,196170
2018-07-19,6012.0,196170
2018-07-20,5392.0,196170
2018-07-23,4879.0,196170
2018-07-24,4846.0,196170
2018-07-25,6291.0,196170
2018-07-26,6344.0,196170
2018-07-27,6055.0,196170
2018-07-30,6130.0,196170
2018-07-31,6226.0,196170
2018-08-01,6665.0,196170
2018-08-02,6805.0,196170
2018-08-03,6633.0,196170
2018-08-06,6365.0,196170
2018-08-07,6418.0,196170
2018-08-08,6109.0,196170
2018-08-09,6066.0,196170
2018-08-10,5734.0,196170
2018-08-13,5327.0,196170
2018-08-14,5424.0,196170
2018-08-16,5456.0,196170
2018-08-17,5648.0,196170
2018-08-20,5638.0,196170
2018-08-21,5980.0,196170
2018-08-22,5970.0,196170
2018-08-23,6044.0,196170
2018-08-24,6162.0,196170
2018-08-27,6451.0,196170
2018-08-28,6354.0,196170
2018-08-29,6365.0,196170
2018-08-30,6301.0,196170
2018-08-31,6504.0,196170
2018-09-03,6848.0,196170
2018-09-04,7040.0,196170
2018-09-05,6815.0,196170
2018-09-06,7029.0,196170
2018-09-07,7489.0,196170
2018-09-10,7403.0,196170
2018-09-11,7296.0,196170
2018-09-12,7329.0,196170
2018-09-13,7200.0,196170
2018-09-14,7254.0,196170
2018-09-17,7254.0,196170
2018-09-18,8174.0,196170
2018-09-19,7939.0,196170
2018-09-20,7939.0,196170
2018-09-21,8131.0,196170
2018-09-27,8249.0,196170
2018-09-28,8238.0,196170
2018-10-01,7778.0,196170
2018-10-02,7178.0,196170
2018-10-04,7510.0,196170
2018-10-05,7178.0,196170
2018-10-08,6933.0,196170
2018-10-10,6729.0,196170
2018-10-11,6354.0,196170
2018-10-12,6761.0,196170
2018-10-15,6644.0,196170
2018-10-16,6772.0,196170
2018-10-17,6729.0,196170
2018-10-18,6825.0,196170
2018-10-19,7029.0,196170
2018-10-22,7136.0,196170
2018-10-23,6794.0,196170
2018-10-24,6547.0,196170
2018-10-25,6376.0,196170
2018-10-26,5895.0,196170
2018-10-29,5617.0,196170
2018-10-30,5895.0,196170
2018-10-31,5895.0,196170
2018-11-01,6066.0,196170
2018-11-02,6365.0,196170
2018-11-05,6697.0,196170
2018-11-06,6933.0,196170
2018-11-07,6740.0,196170
2018-11-08,6879.0,196170
2018-11-09,6911.0,196170
2018-11-12,6515.0,196170
2018-11-13,6537.0,196170
2018-11-14,6408.0,196170
2018-11-15,6301.0,196170
2018-11-16,6526.0,196170
2018-11-19,6719.0,196170
2018-11-20,6590.0,196170
2018-11-21,6504.0,196170
2018-11-22,6494.0,196170
2018-11-23,6354.0,196170
2018-11-26,6387.0,196170
2018-11-27,6461.0,196170
2018-11-28,6441.0,196170
2018-11-29,6376.0,196170
2018-11-30,6365.0,196170
2018-12-03,6387.0,196170
2018-12-04,6312.0,196170
2018-12-05,6087.0,196170
2018-12-06,6097.0,196170
2018-12-07,6397.0,196170
2018-12-10,6173.0,196170
2018-12-11,6077.0,196170
2018-12-12,6087.0,196170
2018-12-13,6012.0,196170
2018-12-14,5660.0,196170
2018-12-17,5456.0,196170
2018-12-18,5370.0,196170
2018-12-19,5370.0,196170
2018-12-20,5392.0,196170
2018-12-21,5392.0,196170
2018-12-24,5563.0,196170
2018-12-26,5574.0,196170
2018-12-27,6024.0,196170
2018-12-28,6120.0,196170
2019-01-02,6611.0,196170
2019-01-03,6547.0,196170
2019-01-04,6825.0,196170
2019-01-07,6825.0,196170
2019-01-08,6805.0,196170
2019-01-09,6569.0,196170
2019-01-10,6601.0,196170
2019-01-11,6579.0,196170
2019-01-14,6269.0,196170
2019-01-15,6291.0,196170
2019-01-16,6151.0,196170
2019-01-17,6408.0,196170
2019-01-18,6397.0,196170
2019-01-21,6301.0,196170
2019-01-22,6461.0,196170
2019-01-23,6365.0,196170
2019-01-24,6461.0,196170
2019-01-25,6430.0,196170
2019-01-28,6397.0,196170
2019-01-29,6237.0,196170
2019-01-30,6097.0,196170
2019-01-31,6184.0,196170
2019-02-01,6483.0,196170
2019-02-07,6472.0,196170
2019-02-08,6687.0,196170
2019-02-11,6805.0,196170
2019-02-12,6805.0,196170
2019-02-13,6740.0,196170
2019-02-14,6687.0,196170
2019-02-15,6868.0,196170
2019-02-18,7008.0,196170
2019-02-19,7018.0,196170
2019-02-20,7029.0,196170
2019-02-21,6890.0,196170
2019-02-22,6697.0,196170
2019-02-25,6547.0,196170
2019-02-26,6537.0,196170
2019-02-27,6644.0,196170
2019-02-28,7296.0,196170
2019-03-04,7521.0,196170
2019-03-05,7542.0,196170
2019-03-06,7393.0,196170
2019-03-07,7692.0,196170
2019-03-08,8238.0,196170
2019-03-11,8217.0,196170
2019-03-12,8880.0,196170
2019-03-13,9008.0,196170
2019-03-14,9126.0,196170
2019-03-15,9758.0,196170
2019-03-18,9768.0,196170
2019-03-19,9725.0,196170
2019-03-20,10378.0,196170
2019-03-21,10186.0,196170
2019-03-22,10196.0,196170
2019-03-25,9640.0,196170
2019-03-26,10292.0,196170
2019-03-27,9758.0,196170
2019-03-28,9629.0,196170
2019-03-29,10325.0,196170
2019-04-01,10325.0,196170
2019-04-02,9939.0,196170
2019-04-03,9822.0,196170
2019-04-04,10014.0,196170
2019-04-05,9362.0,196170
2019-04-08,9501.0,196170
2019-04-09,9190.0,196170
2019-04-10,9587.0,196170
2019-04-11,9522.0,196170
2019-04-12,9448.0,196170
2019-04-15,9126.0,196170
2019-04-16,9201.0,196170
2019-04-17,9158.0,196170
2019-04-18,8751.0,196170
2019-04-19,9266.0,196170
2019-04-22,9372.0,196170
2019-04-23,9073.0,196170
2019-04-24,8987.0,196170
2019-04-25,8740.0,196170
2019-04-26,8784.0,196170
2019-04-29,9254.0,196170
2019-04-30,9436.0,196170
2019-05-02,9030.0,196170
2019-05-03,9683.0,196170
2019-05-07,9522.0,196170
2019-05-08,9340.0,196170
2019-05-09,9008.0,196170
2019-05-10,9019.0,196170
2019-05-13,9148.0,196170
2019-05-14,9383.0,196170
2019-05-15,9693.0,196170
2019-05-16,9308.0,196170
2019-05-17,8933.0,196170
2019-05-20,8580.0,196170
2019-05-21,8891.0,196170
2019-05-22,9244.0,196170
2019-05-23,9266.0,196170
2019-05-24,9436.0,196170
2019-05-27,9436.0,196170
2019-05-28,9565.0,196170
2019-05-29,9104.0,196170
2019-05-30,8827.0,196170
2019-05-31,9148.0,196170
2019-06-03,9073.0,196170
2019-06-04,8976.0,196170
2019-06-05,8987.0,196170
2019-06-07,9222.0,196170
2019-06-10,9254.0,196170
2019-06-11,9683.0,196170
2019-06-12,10014.0,196170
2019-06-13,9704.0,196170
2019-06-14,9372.0,196170
2019-06-17,9169.0,196170
2019-06-18,8655.0,196170
2019-06-19,8463.0,196170
2019-06-20,8687.0,196170
2019-06-21,8548.0,196170
2019-06-24,8195.0,196170
2019-06-25,7896.0,196170
2019-06-26,7702.0,196170
2019-06-27,6911.0,196170
2019-06-28,7018.0,196170
2019-07-01,7692.0,196170
2019-07-02,7232.0,196170
2019-07-03,6921.0,196170
2019-07-04,6697.0,196170
2019-07-05,7018.0,196170
2019-07-08,6291.0,196170
2019-07-09,6322.0,196170
2019-07-10,6611.0,196170
2019-07-11,6825.0,196170
2019-07-12,6697.0,196170
2019-07-15,6633.0,196170
2019-07-16,6954.0,196170
2019-07-17,6911.0,196170
2019-07-18,6997.0,196170
2019-07-19,7018.0,196170
2019-07-22,7093.0,196170
2019-07-23,6879.0,196170
2019-07-24,6858.0,196170
2019-07-25,6761.0,196170
2019-07-26,6708.0,196170
2019-07-29,6312.0,196170
2019-07-30,6269.0,196170
2019-07-31,6216.0,196170
2019-08-01,6258.0,196170
2019-08-02,5895.0,196170
2019-08-05,4707.0,196170
2019-08-06,4642.0,196170
2019-08-07,5060.0,196170
2019-08-08,5220.0,196170
2019-08-09,5146.0,196170
2019-08-12,5542.0,196170
2019-08-13,5092.0,196170
2019-08-14,5156.0,196170
2019-08-16,5253.0,196170
2019-08-19,5199.0,196170
2019-08-20,5680.0,196170
2019-08-21,5723.0,196170
2019-08-22,5648.0,196170
2019-08-23,5531.0,196170
2019-08-26,5049.0,196170
2019-08-27,5306.0,196170
2019-08-28,6890.0,196170
2019-08-29,6794.0,196170
2019-08-30,6654.0,196170
2019-09-02,6954.0,196170
2019-09-03,6965.0,196170
2019-09-04,7382.0,196170
2019-09-05,7211.0,196170
2019-09-06,7168.0,196170
2019-09-09,7200.0,196170
2019-09-10,6944.0,196170
2019-09-11,7040.0,196170
2019-09-16,7371.0,196170
2019-09-17,7831.0,196170
2019-09-18,7596.0,196170
2019-09-19,7724.0,196170
2019-09-20,7682.0,196170
2019-09-23,7403.0,196170
2019-09-24,7457.0,196170
2019-09-25,7329.0,196170
2019-09-26,7479.0,196170
2019-09-27,7403.0,196170
2019-09-30,7329.0,196170
2019-10-01,7981.0,196170
2019-10-02,8003.0,196170
2019-10-04,8099.0,196170
2019-10-07,8410.0,196170
2019-10-08,8089.0,196170
2019-10-10,8195.0,196170
2019-10-11,8089.0,196170
2019-10-14,8345.0,196170
2019-10-15,8997.0,196170
2019-10-16,9073.0,196170
2019-10-17,9158.0,196170
2019-10-18,9061.0,196170
2019-10-21,8987.0,196170
2019-10-22,8784.0,196170
2019-10-23,8997.0,196170
2019-10-24,8923.0,196170
2019-10-25,8837.0,196170
2019-10-28,9394.0,196170
2019-10-29,9351.0,196170
2019-10-30,9287.0,196170
2019-10-31,9222.0,196170
2019-11-01,9522.0,196170
2019-11-04,9522.0,196170
2019-11-05,10057.0,196170
2019-11-06,9908.0,196170
2019-11-07,10079.0,196170
2019-11-08,10667.0,196170
2019-11-11,10667.0,196170
2019-11-12,10689.0,196170
2019-11-13,9939.0,196170
2019-11-14,10218.0,196170
2019-11-15,10121.0,196170
2019-11-18,10624.0,196170
2019-11-19,10271.0,196170
2019-11-20,9372.0,196170
2019-11-21,9426.0,196170
2019-11-22,9137.0,196170
2019-11-25,10636.0,196170
2019-11-26,10603.0,196170
2019-11-27,10314.0,196170
2019-11-28,10079.0,196170
2019-11-29,10678.0,196170
2019-12-02,13867.0,196170
2019-12-03,14187.0,196170
2019-12-04,14187.0,196170
2019-12-05,12625.0,196170
2019-12-06,12454.0,196170
2019-12-09,12198.0,196170
2019-12-10,12283.0,196170
2019-12-11,11662.0,196170
2019-12-12,12198.0,196170
2019-12-13,12326.0,196170
2019-12-16,12497.0,196170
2019-12-17,12989.0,196170
2019-12-18,12732.0,196170
2019-12-19,12133.0,196170
2019-12-20,12326.0,196170
2019-12-23,12432.0,196170
2019-12-24,12412.0,196170
2019-12-26,13203.0,196170
2019-12-27,13588.0,196170
2019-12-30,14315.0,196170
2020-01-02,14937.0,196170
2020-01-03,14423.0,196170
2020-01-06,13460.0,196170
2020-01-07,13845.0,196170
2020-01-08,12989.0,196170
2020-01-09,13717.0,196170
2020-01-10,14231.0,196170
2020-01-13,14508.0,196170
2020-01-14,13802.0,196170
2020-01-15,13845.0,196170
2020-01-16,13653.0,196170
2020-01-17,14080.0,196170
2020-01-20,13673.0,196170
2020-01-21,13182.0,196170
2020-01-22,13417.0,196170
2020-01-23,13503.0,196170
2020-01-28,13053.0,196170
2020-01-29,13974.0,196170
2020-01-30,13930.0,196170
2020-01-31,13653.0,196170
2020-02-03,14037.0,196170
2020-02-04,14466.0,196170
2020-02-05,17184.0,196170
2020-02-06,17612.0,196170
2020-02-07,19430.0,196170
2020-02-10,18618.0,196170
2020-02-11,19324.0,196170
2020-02-12,19238.0,196170
2020-02-13,18660.0,196170
2020-02-14,21079.0,196170
2020-02-17,20758.0,196170
2020-02-18,20842.0,196170
2020-02-19,21079.0,196170
2020-02-20,21870.0,196170
2020-02-21,21079.0,196170
2020-02-24,19838.0,196170
2020-02-25,21721.0,196170
2020-02-26,20779.0,196170
2020-02-27,19816.0,196170
2020-02-28,18510.0,196170
2020-03-02,19046.0,196170
2020-03-03,18960.0,196170
2020-03-04,20501.0,196170
2020-03-05,20865.0,196170
2020-03-06,19966.0,196170
2020-03-09,19195.0,196170
2020-03-10,19473.0,196170
2020-03-11,17740.0,196170
2020-03-12,16884.0,196170
2020-03-13,14894.0,196170
2020-03-16,14358.0,196170
2020-03-17,15579.0,196170
2020-03-18,14145.0,196170
2020-03-19,12604.0,196170
2020-03-20,13417.0,196170
2020-03-23,13053.0,196170
2020-03-24,15793.0,196170
2020-03-25,16242.0,196170
2020-03-26,15621.0,196170
2020-03-27,15472.0,196170
2020-03-30,16456.0,196170
2020-03-31,17548.0,196170
2020-04-01,16499.0,196170
2020-04-02,17077.0,196170
2020-04-03,17205.0,196170
2020-04-06,17825.0,196170
2020-04-07,19516.0,196170
2020-04-08,19303.0,196170
2020-04-09,19324.0,196170
2020-04-10,19280.0,196170
2020-04-13,18360.0,196170
2020-04-14,18853.0,196170
2020-04-16,19687.0,196170
2020-04-17,19773.0,196170
2020-04-20,19601.0,196170
2020-04-21,20030.0,196170
2020-04-22,19923.0,196170
2020-04-23,20950.0,196170
2020-04-24,20073.0,196170
2020-04-27,20244.0,196170
2020-04-28,19794.0,196170
2020-04-29,20158.0,196170
2020-05-04,25466.0,196170
2020-05-06,26793.0,196170
2020-05-07,29532.0,196170
2020-05-08,31030.0,196170
2020-05-11,36038.0,196170
2020-05-12,36958.0,196170
2020-05-13,39013.0,196170
2020-05-14,38499.0,196170
2020-05-15,39034.0,196170
2020-05-18,38092.0,196170
2020-05-19,42266.0,196170
2020-05-20,39911.0,196170
2020-05-21,40467.0,196170
2020-05-22,42159.0,196170
2020-05-25,43485.0,196170
2020-05-26,43100.0,196170
2020-05-27,47145.0,196170
2020-05-28,48536.0,196170
2020-05-29,51724.0,196170
2020-06-01,54913.0,196170
2020-06-02,55105.0,196170
2020-06-03,41495.0,196170
2020-06-04,46503.0,196170
2020-06-05,52153.0,196170
2020-06-08,53800.0,196170
2020-06-09,51104.0,196170
2020-06-10,49306.0,196170
2020-06-11,49007.0,196170
2020-06-12,50612.0,196170
2020-06-15,46438.0,196170
2020-06-16,49948.0,196170
2020-06-17,50655.0,196170
2020-06-18,55641.0,196170
2020-06-19,57139.0,196170
2020-06-22,71778.0,196170
2020-06-23,70621.0,196170
2020-06-24,60820.0,196170
2020-06-25,60563.0,196170
2020-06-26,60777.0,196170
2020-06-29,55727.0,196170
2020-06-30,57032.0,196170
2020-07-01,54592.0,196170
2020-07-02,52773.0,196170
2020-07-03,55619.0,196170
2020-07-06,58637.0,196170
2020-07-07,60135.0,196170
2020-07-08,62724.0,196170
2020-07-09,62896.0,196170
2020-07-10,62896.0,196170
2020-07-13,60799.0,196170
2020-07-14,60862.0,196170
2020-07-15,61590.0,196170
2020-07-16,61526.0,196170
2020-07-17,61248.0,196170
2020-07-20,61099.0,196170
2020-07-21,64116.0,196170
2020-07-22,66063.0,196170
2020-07-23,79156.0,196170
2020-07-24,75862.0,196170
2020-07-27,74450.0,196170
2020-07-28,74920.0,196170
2020-07-29,73294.0,196170
2020-07-30,74621.0,196170
2020-07-31,81381.0,196170
2020-08-03,81125.0,196170
2020-08-04,82451.0,196170
2020-08-05,83564.0,196170
2020-08-06,83350.0,196170
2020-08-07,85575.0,196170
2020-08-10,84762.0,196170
2020-08-11,81981.0,196170
2020-08-12,81296.0,196170
2020-08-13,80312.0,196170
2020-08-14,74065.0,196170
2020-08-18,71241.0,196170
2020-08-19,72738.0,196170
2020-08-20,70985.0,196170
2020-08-21,71498.0,196170
2020-08-24,78600.0,196170
2020-08-25,79969.0,196170
2020-08-26,80312.0,196170
2020-08-27,78386.0,196170
2020-08-28,78771.0,196170
2020-08-31,89425.0,196170
2020-09-01,87543.0,196170
2020-09-02,95373.0,196170
2020-09-03,95544.0,196170
2020-09-04,91651.0,196170
2020-09-07,91821.0,196170
2020-09-08,89298.0,196170
2020-09-09,85703.0,196170
2020-09-10,86858.0,196170
2020-09-11,86644.0,196170
2020-09-14,86302.0,196170
2020-09-15,90666.0,196170
2020-09-16,92078.0,196170
2020-09-17,87672.0,196170
2020-09-18,87372.0,196170
2020-09-21,82237.0,196170
2020-09-22,79456.0,196170
2020-09-23,77017.0,196170
2020-09-24,70556.0,196170
2020-09-25,71712.0,196170
2020-09-28,76161.0,196170
2020-09-29,77146.0,196170
2020-10-05,77445.0,196170
2020-10-06,79713.0,196170
2020-10-07,78514.0,196170
2020-10-08,77488.0,196170
2020-10-12,77017.0,196170
2020-10-13,78643.0,196170
2020-10-14,76803.0,196170
2020-10-15,72738.0,196170
2020-10-16,72738.0,196170
2020-10-19,69743.0,196170
2020-10-20,70171.0,196170
2020-10-21,70214.0,196170
2020-10-22,66619.0,196170
2020-10-23,68545.0,196170
2020-10-26,63368.0,196170
2020-10-27,64951.0,196170
2020-10-28,71540.0,196170
2020-10-29,71839.0,196170
2020-10-30,67732.0,196170
2020-11-02,67775.0,196170
2020-11-03,69871.0,196170
2020-11-04,75605.0,196170
2020-11-05,74150.0,196170
2020-11-06,71455.0,196170
2020-11-09,72268.0,196170
2020-11-10,68374.0,196170
2020-11-11,66320.0,196170
2020-11-12,67775.0,196170
2020-11-13,68759.0,196170
2020-11-16,68459.0,196170
2020-11-17,70342.0,196170
2020-11-18,70813.0,196170
2020-11-19,70599.0,196170
2020-11-20,73038.0,196170
2020-11-23,72310.0,196170
2020-11-24,70257.0,196170
2020-11-25,68288.0,196170
2020-11-26,69914.0,196170
2020-11-27,70342.0,196170
2020-11-30,68759.0,196170
2020-12-01,74664.0,196170
2020-12-02,73251.0,196170
2020-12-03,72910.0,196170
2020-12-04,71712.0,196170
2020-12-07,74579.0,196170
2020-12-08,73038.0,196170
2020-12-09,73038.0,196170
2020-12-10,73936.0,196170
2020-12-11,74877.0,196170
2020-12-14,75734.0,196170
2020-12-15,75734.0,196170
2020-12-16,76076.0,196170
2020-12-17,74877.0,196170
2020-12-18,72995.0,196170
2020-12-21,71455.0,196170
2020-12-22,68118.0,196170
2020-12-23,64352.0,196170
2020-12-24,67005.0,196170
2020-12-28,65037.0,196170
2020-12-29,75819.0,196170
2020-12-30,76889.0,196170
2021-01-04,73808.0,196170
2021-01-05,72096.0,196170
2021-01-06,71241.0,196170
2021-01-07,71455.0,196170
2021-01-08,68631.0,196170
2021-01-11,66748.0,196170
2021-01-12,65593.0,196170
2021-01-13,65037.0,196170
2021-01-14,65208.0,196170
2021-01-15,64480.0,196170
2021-01-18,61486.0,196170
2021-01-19,63966.0,196170
2021-01-20,66106.0,196170
2021-01-21,64223.0,196170
2021-01-22,62898.0,196170
2021-01-25,65764.0,196170
2021-01-26,64310.0,196170
2021-01-27,62940.0,196170
2021-01-28,60372.0,196170
2021-01-29,56950.0,196170
2021-02-01,61399.0,196170
2021-02-02,61357.0,196170
2021-02-03,60544.0,196170
2021-02-04,59474.0,196170
2021-02-05,61186.0,196170
2021-02-08,60115.0,196170
2021-02-09,61271.0,196170
2021-02-10,61229.0,196170
2021-02-15,61999.0,196170
2021-02-16,60501.0,196170
2021-02-17,60458.0,196170
2021-02-18,59132.0,196170
2021-02-19,58447.0,196170
2021-02-22,57763.0,196170
2021-02-23,56351.0,196170
2021-02-24,53569.0,196170
2021-02-25,58276.0,196170
2021-02-26,55623.0,196170
2021-03-02,56265.0,196170
2021-03-03,57591.0,196170
2021-03-04,55409.0,196170
2021-03-05,54682.0,196170
2021-03-08,52029.0,196170
2021-03-09,50061.0,196170
2021-03-10,59988.0,196170
2021-03-11,59988.0,196170
2021-03-12,64181.0,196170
2021-03-15,65080.0,196170
2021-03-16,65764.0,196170
2021-03-17,65892.0,196170
2021-03-18,65892.0,196170
2021-03-19,66919.0,196170
2021-03-22,66449.0,196170
2021-03-23,65722.0,196170
2021-03-24,63989.0,196170
2021-03-25,60843.0,196170
2021-03-26,60587.0,196170
2021-03-29,58405.0,196170
2021-03-30,58148.0,196170
2021-03-31,57506.0,196170
2021-04-01,58148.0,196170
2021-04-02,57763.0,196170
2021-04-05,56029.0,196170
2021-04-06,54811.0,196170
2021-04-07,56094.0,196170
2021-04-08,56286.0,196170
2021-04-09,57121.0,196170
2021-04-12,56543.0,196170
2021-04-13,55902.0,196170
2021-04-14,59367.0,196170
2021-04-15,58148.0,196170
2021-04-16,59688.0,196170
2021-04-19,59175.0,196170
2021-04-20,58084.0,196170
2021-04-21,56094.0,196170
2021-04-22,58533.0,196170
2021-04-23,56543.0,196170
2021-04-26,55645.0,196170
2021-04-27,55067.0,196170
2021-04-28,54169.0,196170
2021-04-29,53206.0,196170
2021-04-30,51794.0,196170
2021-05-03,49548.0,196170
2021-05-04,49740.0,196170
2021-05-06,49227.0,196170
2021-05-07,49419.0,196170
2021-05-10,50895.0,196170
2021-05-11,48777.0,196170
2021-05-12,47494.0,196170
2021-05-13,45633.0,196170
2021-05-14,46724.0,196170
2021-05-17,46724.0,196170
2021-05-18,47108.0,196170
2021-05-20,45055.0,196170
2021-05-21,44991.0,196170
2021-05-24,43065.0,196170
2021-05-25,45825.0,196170
2021-05-26,45247.0,196170
2021-05-27,45247.0,196170
2021-05-28,45312.0,196170
2021-05-31,46851.0,196170
2021-06-01,45119.0,196170
2021-06-02,45055.0,196170
2021-06-03,45889.0,196170
2021-06-04,44862.0,196170
2021-06-07,44862.0,196170
2021-06-08,47879.0,196170
2021-06-09,45954.0,196170
2021-06-10,48071.0,196170
2021-06-11,48264.0,196170
2021-06-14,49868.0,196170
2021-06-15,48713.0,196170
2021-06-16,48970.0,196170
2021-06-17,48457.0,196170
2021-06-18,50446.0,196170
2021-06-21,50574.0,196170
2021-06-22,50189.0,196170
2021-06-23,50253.0,196170
2021-06-24,51922.0,196170
2021-06-25,53399.0,196170
2021-06-28,52756.0,196170
2021-06-29,52629.0,196170
2021-06-30,53720.0,196170
2021-07-01,56286.0,196170
2021-07-02,58854.0,196170
2021-07-05,61807.0,196170
2021-07-06,61164.0,196170
2021-07-07,60522.0,196170
2021-07-08,58405.0,196170
2021-07-09,59881.0,196170
2021-07-12,59752.0,196170
2021-07-13,57891.0,196170
2021-07-14,56672.0,196170
2021-07-15,56800.0,196170
2021-07-16,56864.0,196170
2021-07-19,56543.0,196170
2021-07-20,54618.0,196170
2021-07-21,57570.0,196170
2021-07-22,56286.0,196170
2021-07-23,55324.0,196170
2021-07-26,53655.0,196170
2021-07-27,52692.0,196170
2021-07-28,52372.0,196170
2021-07-29,53077.0,196170
2021-07-30,51344.0,196170
2021-08-02,52500.0,196170
2021-08-03,52435.0,196170
2021-08-04,52949.0,196170
2021-08-05,52372.0,196170
2021-08-06,58405.0,196170
2021-08-09,56543.0,196170
2021-08-10,54618.0,196170
2021-08-11,54618.0,196170
2021-08-12,53206.0,196170
2021-08-13,52115.0,196170
2021-08-17,49804.0,196170
2021-08-18,49868.0,196170
2021-08-19,48264.0,196170
2021-08-20,46017.0,196170
2021-08-23,47365.0,196170
2021-08-24,51344.0,196170
2021-08-25,54104.0,196170
2021-08-26,53912.0,196170
2021-08-27,52179.0,196170
2021-08-30,51922.0,196170
2021-08-31,54554.0,196170
2021-09-01,55260.0,196170
2021-09-02,54104.0,196170
2021-09-03,54618.0,196170
2021-09-06,55195.0,196170
2021-09-07,54104.0,196170
2021-09-08,51922.0,196170
2021-09-09,52179.0,196170
2021-09-10,51217.0,196170
2021-09-13,49227.0,196170
2021-09-14,50446.0,196170
2021-09-15,50831.0,196170
2021-09-16,51922.0,196170
2021-09-17,51344.0,196170
2021-09-23,51665.0,196170
2021-09-24,51537.0,196170
2021-09-27,50446.0,196170
2021-09-28,48136.0,196170
2021-09-29,46980.0,196170
2021-09-30,46595.0,196170
2021-10-01,45760.0,196170
2021-10-05,44926.0,196170
2021-10-06,43322.0,196170
2021-10-07,46274.0,196170
2021-10-08,45376.0,196170
2021-10-12,44477.0,196170
2021-10-13,45889.0,196170
2021-10-14,47429.0,196170
2021-10-15,48906.0,196170
2021-10-18,48136.0,196170
2021-10-19,48777.0,196170
2021-10-20,48007.0,196170
2021-10-21,47301.0,196170
2021-10-22,46851.0,196170
2021-10-25,47108.0,196170
2021-10-26,47750.0,196170
2021-10-27,46531.0,196170
2021-10-28,45119.0,196170
2021-10-29,44926.0,196170
2021-11-01,47494.0,196170
2021-11-02,51794.0,196170
2021-11-03,51473.0,196170
2021-11-04,52051.0,196170
2021-11-05,51409.0,196170
2021-11-08,50767.0,196170
2021-11-09,50125.0,196170
2021-11-10,48777.0,196170
2021-11-11,46851.0,196170
2021-11-12,46274.0,196170
2021-11-15,46082.0,196170
2021-11-16,45504.0,196170
2021-11-17,44926.0,196170
2021-11-18,44285.0,196170
2021-11-19,44926.0,196170
2021-11-22,47750.0,196170
2021-11-23,45633.0,196170
2021-11-24,45376.0,196170
2021-11-25,44862.0,196170
2021-11-26,45119.0,196170
2021-11-29,43643.0,196170
2021-11-30,44092.0,196170
2021-12-01,44221.0,196170
2021-12-02,45568.0,196170
2021-12-03,47943.0,196170
2021-12-06,52629.0,196170
2021-12-07,52692.0,196170
2021-12-08,55067.0,196170
2021-12-09,55902.0,196170
2021-12-10,55902.0,196170
2021-12-13,53399.0,196170
2021-12-14,54233.0,196170
2021-12-15,54746.0,196170
2021-12-16,54490.0,196170
2021-12-17,48264.0,196170
2021-12-20,47558.0,196170
2021-12-21,46146.0,196170
2021-12-22,46082.0,196170
2021-12-23,45568.0,196170
2021-12-24,44926.0,196170
2021-12-27,46017.0,196170
2021-12-28,48328.0,196170
2021-12-29,48457.0,196170
2021-12-30,48585.0,196170
2022-01-03,47879.0,196170
2022-01-04,46274.0,196170
2022-01-05,44991.0,196170
2022-01-06,45055.0,196170
2022-01-07,45633.0,196170
2022-01-10,44348.0,196170
2022-01-11,43835.0,196170
2022-01-12,44156.0,196170
2022-01-13,40562.0,196170
2022-01-14,40947.0,196170
2022-01-17,38893.0,196170
2022-01-18,38059.0,196170
2022-01-19,36647.0,196170
2022-01-20,37289.0,196170
2022-01-21,36261.0,196170
2022-01-24,33053.0,196170
2022-01-25,32347.0,196170
2022-01-26,32283.0,196170
2022-01-27,29780.0,196170
2022-01-28,30806.0,196170
2022-02-03,32861.0,196170
2022-02-04,31962.0,196170
2022-02-07,31159.0,196170
2022-02-08,31288.0,196170
2022-02-09,32540.0,196170
2022-02-10,32411.0,196170
2022-02-11,30999.0,196170
2022-02-14,30806.0,196170
2022-02-15,29683.0,196170
2022-02-16,32988.0,196170
2022-02-17,32283.0,196170
2022-02-18,33823.0,196170
2022-02-21,34079.0,196170
2022-02-22,32924.0,196170
2022-02-23,33117.0,196170
2022-02-24,32411.0,196170
2022-02-25,33631.0,196170
2022-02-28,34272.0,196170
2022-03-02,34465.0,196170
2022-03-03,36968.0,196170
2022-03-04,36261.0,196170
2022-03-07,35299.0,196170
2022-03-08,36198.0,196170
2022-03-10,38251.0,196170
2022-03-11,36583.0,196170
2022-03-14,35556.0,196170
2022-03-15,37417.0,196170
2022-03-16,38316.0,196170
2022-03-17,39086.0,196170
2022-03-18,38637.0,196170
2022-03-21,37930.0,196170
2022-03-22,37867.0,196170
2022-03-23,36069.0,196170
2022-03-24,36647.0,196170
2022-03-25,36518.0,196170
2022-03-28,35556.0,196170
2022-03-29,36005.0,196170
2022-03-30,36390.0,196170
2022-03-31,36326.0,196170
2022-04-01,36069.0,196170
2022-04-04,35813.0,196170
2022-04-05,36198.0,196170
2022-04-06,33758.0,196170
2022-04-07,33631.0,196170
2022-04-08,34015.0,196170
2022-04-11,33438.0,196170
2022-04-12,33374.0,196170
2022-04-13,34657.0,196170
2022-04-14,34465.0,196170
2022-04-15,34465.0,196170
2022-04-18,34015.0,196170
2022-04-19,34914.0,196170
2022-04-20,34208.0,196170
2022-04-21,34465.0,196170
2022-04-22,34786.0,196170
2022-04-25,34401.0,196170
2022-04-26,36198.0,196170
2022-04-27,36005.0,196170
2022-04-28,35941.0,196170
2022-04-29,37160.0,196170
2022-05-02,36904.0,196170
2022-05-03,36390.0,196170
2022-05-04,35107.0,196170
2022-05-06,34465.0,196170
2022-05-09,32924.0,196170
2022-05-10,31192.0,196170
2022-05-11,31994.0,196170
2022-05-12,30550.0,196170
2022-05-13,31705.0,196170
2022-05-16,31897.0,196170
2022-05-17,32058.0,196170
2022-05-18,33758.0,196170
2022-05-19,33438.0,196170
2022-05-20,34914.0,196170
2022-05-23,35299.0,196170
2022-05-24,34465.0,196170
2022-05-25,34914.0,196170
2022-05-26,34657.0,196170
2022-05-27,35556.0,196170
2022-05-30,36775.0,196170
2022-05-31,37032.0,196170
2022-06-02,36904.0,196170
2022-06-03,36455.0,196170
2022-06-07,34401.0,196170
2022-06-08,34465.0,196170
2022-06-09,34529.0,196170
2022-06-10,33309.0,196170
2022-06-13,31192.0,196170
2022-06-14,31255.0,196170
2022-06-15,29683.0,196170
2022-06-16,32861.0,196170
2022-06-17,36390.0,196170
2022-06-20,37160.0,196170
2022-06-21,38958.0,196170
2022-06-22,38059.0,196170
2022-06-23,39856.0,196170
2022-06-24,40883.0,196170
2022-06-27,38893.0,196170
2022-06-28,38958.0,196170
2022-06-29,38508.0,196170
2022-06-30,39214.0,196170
2022-07-01,37032.0,196170
2022-07-04,37610.0,196170
2022-07-05,40241.0,196170
2022-07-06,40241.0,196170
2022-07-07,40627.0,196170
2022-07-08,41011.0,196170
2022-07-11,39663.0,196170
2022-07-12,39599.0,196170
2022-07-13,40947.0,196170
2022-07-14,41589.0,196170
2022-07-15,41718.0,196170
2022-07-18,41011.0,196170
2022-07-19,42744.0,196170
2022-07-20,42231.0,196170
2022-07-21,42552.0,196170
2022-07-22,42359.0,196170
2022-07-25,42295.0,196170
2022-07-26,43322.0,196170
2022-07-27,43130.0,196170
2022-07-28,42680.0,196170
2022-07-29,41845.0,196170
2022-08-01,40370.0,196170
2022-08-02,40433.0,196170
2022-08-03,42936.0,196170
2022-08-04,46082.0,196170
2022-08-05,47622.0,196170
2022-08-08,47879.0,196170
2022-08-09,49098.0,196170
2022-08-10,47429.0,196170
2022-08-11,47429.0,196170
2022-08-12,46146.0,196170
2022-08-16,46082.0,196170
2022-08-17,44991.0,196170
2022-08-18,44798.0,196170
2022-08-19,43643.0,196170
2022-08-22,42423.0,196170
2022-08-23,41075.0,196170
2022-08-24,42809.0,196170
2022-08-25,43450.0,196170
2022-08-26,41910.0,196170
2022-08-29,40113.0,196170
2022-08-30,41075.0,196170
2022-08-31,40883.0,196170
2022-09-01,38829.0,196170
2022-09-02,39342.0,196170
2022-09-05,38701.0,196170
2022-09-06,38059.0,196170
2022-09-07,37032.0,196170
2022-09-08,37867.0,196170
2022-09-13,38444.0,196170
2022-09-14,36455.0,196170
2022-09-15,36005.0,196170
2022-09-16,35235.0,196170
2022-09-19,34144.0,196170
2022-09-20,34015.0,196170
2022-09-21,32924.0,196170
2022-09-22,32732.0,196170
2022-09-23,31192.0,196170
2022-09-26,30100.0,196170
2022-09-27,31449.0,196170
2022-09-28,31063.0,196170
2022-09-29,31576.0,196170
2022-09-30,29106.0,196170
2022-10-04,27437.0,196170
2022-10-05,28047.0,196170
2022-10-06,25929.0,196170
2022-10-07,24163.0,196170
2022-10-11,23329.0,196170
2022-10-12,23008.0,196170
2022-10-13,22077.0,196170
2022-10-14,25575.0,196170
2022-10-17,25287.0,196170
2022-10-18,27116.0,196170
2022-10-19,26666.0,196170
2022-10-20,25929.0,196170
2022-10-21,26217.0,196170
2022-10-24,27084.0,196170
2022-10-25,27623.0,196170
2022-10-26,26892.0,196170
2022-10-27,28277.0,196170
2022-10-28,28238.0,196170
2022-10-31,28238.0,196170
2022-11-01,27584.0,196170
2022-11-02,28392.0,196170
2022-11-03,26738.0,196170
2022-11-04,26700.0,196170
2022-11-07,27200.0,196170
2022-11-08,29854.0,196170
2022-11-09,29046.0,196170
2022-11-10,28546.0,196170
2022-11-11,29816.0,196170
2022-11-14,29162.0,196170
2022-11-15,32201.0,196170
2022-11-16,32855.0,196170
2022-11-17,32547.0,196170
2022-11-18,31624.0,196170
2022-11-21,29970.0,196170
2022-11-22,28777.0,196170
2022-11-23,28662.0,196170
2022-11-24,28315.0,196170
2022-11-25,28392.0,196170
2022-11-28,28662.0,196170
2022-11-29,29123.0,196170
2022-11-30,28200.0,196170
2022-12-01,29508.0,196170
2022-12-02,28315.0,196170
2022-12-05,30778.0,196170
2022-12-06,30316.0,196170
2022-12-07,29662.0,196170
2022-12-08,31047.0,196170
2022-12-09,31586.0,196170
2022-12-12,29854.0,196170
2022-12-13,29316.0,196170
2022-12-14,30316.0,196170
2022-12-15,29970.0,196170
2022-12-16,29085.0,196170
2022-12-19,28392.0,196170
2022-12-20,28315.0,196170
2022-12-21,28854.0,196170
2022-12-22,29277.0,196170
2022-12-23,27161.0,196170
2022-12-26,27238.0,196170
2022-12-27,28546.0,196170
2022-12-28,29470.0,196170
2022-12-29,29431.0,196170
2023-01-02,30470.0,196170
2023-01-03,27931.0,196170
2023-01-04,27392.0,196170
2023-01-05,27084.0,196170
2023-01-06,27354.0,196170
2023-01-09,27854.0,196170
2023-01-10,26700.0,196170
2023-01-11,26853.0,196170
2023-01-12,27507.0,196170
2023-01-13,27123.0,196170
2023-01-16,27584.0,196170
2023-01-17,27123.0,196170
2023-01-18,27277.0,196170
2023-01-19,26815.0,196170
2023-01-20,26161.0,196170
2023-01-25,26661.0,196170
2023-01-26,26853.0,196170
2023-01-27,27392.0,196170
2023-01-30,27007.0,196170
2023-01-31,28238.0,196170
2023-02-01,29277.0,196170
2023-02-02,31855.0,196170
2023-02-03,31701.0,196170
2023-02-06,30970.0,196170
2023-02-07,32432.0,196170
2023-02-08,32086.0,196170
2023-02-09,32393.0,196170
2023-02-10,31162.0,196170
2023-02-13,30931.0,196170
2023-02-14,31547.0,196170
2023-02-15,30354.0,196170
2023-02-16,31816.0,196170
2023-02-17,30662.0,196170
2023-02-20,31778.0,196170
2023-02-21,31855.0,196170
2023-02-22,30008.0,196170
2023-02-23,30201.0,196170
2023-02-24,29354.0,196170
2023-02-27,28739.0,196170
2023-02-28,28969.0,196170
2023-03-02,28008.0,196170
2023-03-03,28392.0,196170
2023-03-06,28354.0,196170
2023-03-07,28777.0,196170
2023-03-08,27777.0,196170
2023-03-09,28200.0,196170
2023-03-10,27315.0,196170
2023-03-13,27315.0,196170
2023-03-14,25661.0,196170
2023-03-15,25776.0,196170
2023-03-16,24622.0,196170
2023-03-17,28546.0,196170
2023-03-20,29354.0,196170
2023-03-21,29123.0,196170
2023-03-22,29162.0,196170
2023-03-23,28315.0,196170
2023-03-24,28508.0,196170
2023-03-27,29162.0,196170
2023-03-28,28892.0,196170
2023-03-29,28546.0,196170
2023-03-30,29239.0,196170
2023-03-31,30508.0,196170
2023-04-03,30124.0,196170
2023-04-04,35394.0,196170
2023-04-05,37549.0,196170
2023-04-06,38626.0,196170
2023-04-07,39011.0,196170
2023-04-10,39395.0,196170
2023-04-11,39165.0,196170
2023-04-12,40011.0,196170
2023-04-13,40088.0,196170
2023-04-14,40473.0,196170
2023-04-17,38857.0,196170
2023-04-18,38934.0,196170
2023-04-19,37087.0,196170
2023-04-20,36010.0,196170
2023-04-21,35548.0,196170
2023-04-24,34625.0,196170
2023-04-25,34163.0,196170
2023-04-26,34856.0,196170
2023-04-27,34086.0,196170
2023-04-28,33471.0,196170
2023-05-02,33509.0,196170
2023-05-03,32393.0,196170
2023-05-04,35279.0,196170
2023-05-08,34817.0,196170
2023-05-09,34509.0,196170
2023-05-10,34009.0,196170
2023-05-11,34086.0,196170
2023-05-12,33932.0,196170
2023-05-15,34394.0,196170
2023-05-16,33625.0,196170
2023-05-17,34856.0,196170
2023-05-18,33932.0,196170
2023-05-19,36318.0,196170
2023-05-22,37203.0,196170
2023-05-23,37857.0,196170
2023-05-24,35779.0,196170
2023-05-25,35279.0,196170
2023-05-26,35125.0,196170
2023-05-30,35433.0,196170
2023-05-31,38857.0,196170
2023-06-01,40627.0,196170
2023-06-02,39857.0,196170
2023-06-05,36972.0,196170
2023-06-07,37049.0,196170
2023-06-08,36010.0,196170
2023-06-09,36241.0,196170
2023-06-12,35087.0,196170
2023-06-13,34471.0,196170
2023-06-14,34009.0,196170
2023-06-15,33548.0,196170
2023-06-16,33548.0,196170
2023-06-19,35394.0,196170
2023-06-20,33855.0,196170
2023-06-21,32470.0,196170
2023-06-22,32817.0,196170
2023-06-23,32509.0,196170
2023-06-26,32624.0,196170
2023-06-27,32317.0,196170
2023-06-28,32586.0,196170
2023-06-29,32201.0,196170
2023-06-30,33047.0,196170
2023-07-03,33124.0,196170
2023-07-04,32201.0,196170
2023-07-05,31662.0,196170
2023-07-06,29970.0,196170
2023-07-07,29700.0,196170
2023-07-10,29316.0,196170
2023-07-11,30431.0,196170
2023-07-12,31008.0,196170
2023-07-13,32009.0,196170
2023-07-14,31547.0,196170
2023-07-17,31624.0,196170
2023-07-18,31662.0,196170
2023-07-19,32355.0,196170
2023-07-20,33240.0,196170
2023-07-21,33817.0,196170
2023-07-24,32470.0,196170
2023-07-25,32778.0,196170
2023-07-26,31201.0,196170
2023-07-27,33278.0,196170
2023-07-28,32624.0,196170
2023-07-31,34317.0,196170
2023-08-01,33894.0,196170
2023-08-02,32432.0,196170
2023-08-03,35471.0,196170
2023-08-04,35394.0,196170
2023-08-07,34971.0,196170
2023-08-08,34586.0,196170
2023-08-09,36510.0,196170
2023-08-10,36702.0,196170
2023-08-11,36548.0,196170
2023-08-14,35625.0,196170
2023-08-16,35317.0,196170
2023-08-17,34702.0,196170
2023-08-18,33971.0,196170
2023-08-21,34586.0,196170
2023-08-22,35741.0,196170
2023-08-23,35702.0,196170
2023-08-24,35894.0,196170
2023-08-25,35856.0,196170
2023-08-28,33855.0,196170
2023-08-29,34356.0,196170
2023-08-30,35202.0,196170
2023-08-31,34817.0,196170
2023-09-01,33663.0,196170
2023-09-04,33124.0,196170
2023-09-05,32817.0,196170
2023-09-06,32624.0,196170
2023-09-07,32701.0,196170
2023-09-08,33817.0,196170
2023-09-11,39934.0,196170
2023-09-12,45859.0,196170
2023-09-13,47859.0,196170
2023-09-14,48167.0,196170
2023-09-15,50399.0,196170
2023-09-18,54169.0,196170
2023-09-19,59324.0,196170
2023-09-20,56862.0,196170
2023-09-21,58863.0,196170
2023-09-22,54169.0,196170
2023-09-25,62325.0,196170
2023-09-26,48706.0,196170
2023-09-27,52399.0,196170
2023-10-04,50245.0,196170
2023-10-05,49706.0,196170
2023-10-06,52553.0,196170
2023-10-10,50168.0,196170
2023-10-11,50937.0,196170
2023-10-12,48629.0,196170
2023-10-13,47321.0,196170
2023-10-16,46859.0,196170
2023-10-17,46167.0,196170
2023-10-18,44705.0,196170
2023-10-19,43012.0,196170
2023-10-20,42242.0,196170
2023-10-23,42627.0,196170
2023-10-24,42781.0,196170
2023-10-25,42165.0,196170
2023-10-26,45243.0,196170
2023-10-27,46167.0,196170
2023-10-30,47859.0,196170
2023-10-31,48013.0,196170
2023-11-01,48321.0,196170
2023-11-02,52476.0,196170
2023-11-03,52938.0,196170
2023-11-06,55323.0,196170
2023-11-07,54323.0,196170
2023-11-08,50399.0,196170
2023-11-09,47859.0,196170
2023-11-10,49783.0,196170
2023-11-13,47321.0,196170
2023-11-14,50399.0,196170
2023-11-15,55631.0,196170
2023-11-16,53938.0,196170
2023-11-17,53246.0,196170
2023-11-20,52245.0,196170
2023-11-21,55169.0,196170
2023-11-22,56554.0,196170
2023-11-23,56246.0,196170
2023-11-24,57016.0,196170
2023-11-27,56246.0,196170
2023-11-28,60786.0,196170
2023-11-29,60478.0,196170
2023-11-30,61556.0,196170
2023-12-01,63556.0,196170
2023-12-04,60402.0,196170
2023-12-05,57324.0,196170
2023-12-06,56631.0,196170
2023-12-07,56477.0,196170
2023-12-08,56862.0,196170
2023-12-11,55939.0,196170
2023-12-12,55477.0,196170
2023-12-13,53553.0,196170
2023-12-14,53400.0,196170
2023-12-15,52168.0,196170
2023-12-18,55708.0,196170
2023-12-19,55631.0,196170
2023-12-20,56016.0,196170
2023-12-21,67788.0,196170
2023-12-22,67634.0,196170
2023-12-26,70712.0,196170
2023-12-27,74329.0,196170
2023-12-28,75791.0,196170
2024-01-02,70404.0,196170
2024-01-03,69635.0,196170
2024-01-04,68096.0,196170
2024-01-05,68865.0,196170
2024-01-08,67173.0,196170
2024-01-09,71559.0,196170
2024-01-10,74867.0,196170
2024-01-11,72097.0,196170
2024-01-12,72944.0,196170
2024-01-15,68712.0,196170
2024-01-16,69558.0,196170
2024-01-17,67557.0,196170
2024-01-18,63864.0,196170
2024-01-19,58170.0,196170
2024-01-22,58863.0,196170
2024-01-23,58478.0,196170
2024-01-24,55785.0,196170
2024-01-25,56631.0,196170
2024-01-26,58940.0,196170
2024-01-29,57324.0,196170
2024-01-30,62171.0,196170
2024-01-31,59478.0,196170
2024-02-01,54938.0,196170
2024-02-02,58786.0,196170
2024-02-05,58401.0,196170
2024-02-06,59478.0,196170
2024-02-07,59017.0,196170
2024-02-08,59093.0,196170
2024-02-13,66634.0,196170
2024-02-14,66942.0,196170
2024-02-15,67327.0,196170
2024-02-16,69789.0,196170
2024-02-19,68789.0,196170
2024-02-20,67019.0,196170
2024-02-21,72251.0,196170
2024-02-22,80792.0,196170
2024-02-23,100952.0,196170
2024-02-26,120496.0,196170
2024-02-27,121188.0,196170
2024-02-28,126574.0,196170
2024-02-29,123574.0,196170
2024-03-04,128652.0,196170
2024-03-05,147888.0,196170
2024-03-06,149427.0,196170
2024-03-07,141887.0,196170
2024-03-08,146811.0,196170
2024-03-11,138501.0,196170
2024-03-12,148889.0,196170
2024-03-13,154659.0,196170
2024-03-14,158891.0,196170
2024-03-15,157353.0,196170
2024-03-18,155429.0,196170
2024-03-19,160815.0,196170
2024-03-20,150889.0,196170
2024-03-21,151428.0,196170
2024-03-22,156968.0,196170
2024-03-25,164278.0,196170
2024-03-26,168894.0,196170
2024-03-27,150504.0,196170
2024-03-28,159661.0,196170
2024-03-29,151889.0,196170
2024-04-01,143348.0,196170
2024-04-02,130806.0,196170
2024-04-03,131268.0,196170
2024-04-04,128113.0,196170
2024-04-05,123881.0,196170
2024-04-08,124882.0,196170
2024-04-09,133269.0,196170
2024-04-11,133500.0,196170
2024-04-12,137501.0,196170
2024-04-15,131807.0,196170
2024-04-16,129498.0,196170
2024-04-17,123727.0,196170
2024-04-18,135577.0,196170
2024-04-19,129575.0,196170
2024-04-22,127959.0,196170
2024-04-23,133807.0,196170
2024-04-24,137193.0,196170
2024-04-25,133653.0,196170
2024-04-26,133653.0,196170
2024-04-29,135808.0,196170
2024-04-30,136116.0,196170
2024-05-02,139117.0,196170
2024-05-03,136346.0,196170
2024-05-07,136423.0,196170
2024-05-08,133961.0,196170
2024-05-09,130729.0,196170
2024-05-10,130960.0,196170
2024-05-13,126497.0,196170
2024-05-14,134269.0,196170
2024-05-16,136962.0,196170
2024-05-17,145888.0,196170
2024-05-20,146195.0,196170
2024-05-21,145734.0,196170
2024-05-22,147965.0,196170
2024-05-23,143041.0,196170
2024-05-24,148581.0,196170
2024-05-27,146042.0,196170
2024-05-28,143118.0,196170
2024-05-29,140117.0,196170
2024-05-30,138501.0,196170
2024-05-31,143041.0,196170
2024-06-03,153121.0,196170
2024-06-04,179667.0,196170
2024-06-05,183129.0,196170
2024-06-07,206982.0,196170
2024-06-10,194671.0,196170
2024-06-11,218139.0,196170
2024-06-12,212368.0,196170
2024-06-13,206597.0,196170
2024-06-14,203904.0,196170
2024-06-17,205828.0,196170
2024-06-18,210445.0,196170
2024-06-19,196210.0,196170
2024-06-20,199672.0,196170
2024-06-21,216216.0,196170
2024-06-24,220063.0,196170
2024-06-25,222756.0,196170
2024-06-26,220063.0,196170
2024-06-27,218909.0,196170
2024-06-28,215831.0,196170
2024-07-01,213523.0,196170
2024-07-02,201981.0,196170
2024-07-03,198903.0,196170
2024-07-04,197749.0,196170
2024-07-05,214677.0,196170
2024-07-08,209675.0,196170
2024-07-09,201981.0,196170
2024-07-10,207752.0,196170
2024-07-11,207367.0,196170
2024-07-12,209675.0,196170
2024-07-15,214292.0,196170
2024-07-16,210060.0,196170
2024-07-17,210829.0,196170
2024-07-18,202365.0,196170
2024-07-19,208906.0,196170
2024-07-22,203135.0,196170
2024-07-23,219293.0,196170
2024-07-24,234298.0,196170
2024-07-25,211984.0,196170
2024-07-26,218139.0,196170
2024-07-29,229681.0,196170
2024-07-30,246609.0,196170
2024-07-31,242377.0,196170
2024-08-01,245455.0,196170
2024-08-02,226988.0,196170
2024-08-05,201211.0,196170
2024-08-06,214677.0,196170
2024-08-07,218524.0,196170
2024-08-08,228527.0,196170
2024-08-09,232374.0,196170
2024-08-12,233144.0,196170
2024-08-13,225064.0,196170
2024-08-14,225064.0,196170
2024-08-16,231605.0,196170
2024-08-19,229681.0,196170
2024-08-20,231220.0,196170
2024-08-21,221987.0,196170
2024-08-22,222371.0,196170
2024-08-23,242377.0,196170
2024-08-26,240453.0,196170
2024-08-27,242377.0,196170
2024-08-28,245455.0,196170
2024-08-29,242762.0,196170
2024-08-30,245455.0,196170
2024-09-02,247763.0,196170
2024-09-03,250456.0,196170
2024-09-04,236606.0,196170
2024-09-05,236221.0,196170
2024-09-06,231605.0,196170
2024-09-09,234298.0,196170
2024-09-10,234682.0,196170
2024-09-11,235452.0,196170
2024-09-12,243146.0,196170
2024-09-13,245840.0,196170
2024-09-19,269308.0,196170
2024-09-20,279311.0,196170
2024-09-23,269308.0,196170
2024-09-24,271616.0,196170
2024-09-25,254304.0,196170
2024-09-26,262383.0,196170
2024-09-27,255458.0,196170
2024-09-30,251610.0,196170
2024-10-02,258536.0,196170
2024-10-04,273925.0,196170
2024-10-07,276618.0,196170
2024-10-08,283927.0,196170
2024-10-10,283927.0,196170
2024-10-11,297008.0,196170
2024-10-14,291237.0,196170
2024-10-15,297393.0,196170
2024-10-16,297008.0,196170
2024-10-17,295469.0,196170
2024-10-18,297393.0,196170
2024-10-21,305857.0,196170
2024-10-22,295085.0,196170
2024-10-23,292776.0,196170
2024-10-24,293930.0,196170
2024-10-25,287775.0,196170
2024-10-28,291622.0,196170
2024-10-29,297008.0,196170
2024-10-30,291622.0,196170
2024-10-31,289698.0,196170
2024-11-01,274309.0,196170
2024-11-04,299701.0,196170
2024-11-05,293161.0,196170
2024-11-06,301240.0,196170
2024-11-07,292391.0,196170
2024-11-08,336250.0,196170
2024-11-11,342791.0,196170
2024-11-12,338174.0,196170
2024-11-13,324324.0,196170
2024-11-14,339713.0,196170
2024-11-15,336635.0,196170
2024-11-18,313551.0,196170
2024-11-19,289314.0,196170
2024-11-20,269693.0,196170
2024-11-21,266615.0,196170
2024-11-22,224680.0,196170
2024-11-25,254688.0,196170
2024-11-26,228527.0,196170
2024-11-27,235067.0,196170
2024-11-28,232759.0,196170
2024-11-29,215446.0,196170
2024-12-02,232374.0,196170
2024-12-03,250072.0,196170
2024-12-04,244685.0,196170
2024-12-05,239299.0,196170
2024-12-06,235452.0,196170
2024-12-09,219293.0,196170
2024-12-10,244685.0,196170
2024-12-11,236991.0,196170
2024-12-12,240453.0,196170
2024-12-13,243916.0,196170
2024-12-16,238914.0,196170
2024-12-17,231989.0,196170
2024-12-18,228527.0,196170
2024-12-19,220448.0,196170
2024-12-20,213138.0,196170
2024-12-23,213138.0,196170
2024-12-24,227757.0,196170
2024-12-26,231989.0,196170
2024-12-27,231605.0,196170
2024-12-30,238145.0,196170
2025-01-02,230835.0,196170
2025-01-03,245070.0,196170
2025-01-06,242762.0,196170
2025-01-07,250841.0,196170
2025-01-08,238530.0,196170
2025-01-09,237760.0,196170
2025-01-10,238145.0,196170
2025-01-13,230066.0,196170
2025-01-14,236606.0,196170
2025-01-15,233528.0,196170
2025-01-16,240069.0,196170
2025-01-17,236606.0,196170
2025-01-20,245070.0,196170
2025-01-21,250072.0,196170
2025-01-22,263152.0,196170
2025-01-23,267000.0,196170
2025-01-24,278541.0,196170
2025-01-31,285851.0,196170
2025-02-03,271231.0,196170
2025-02-04,287775.0,196170
2025-02-05,289314.0,196170
2025-02-06,301625.0,196170
2025-02-07,301240.0,196170
2025-02-10,301625.0,196170
2025-02-11,290853.0,196170
2025-02-12,290468.0,196170
2025-02-13,285082.0,196170
2025-02-14,303164.0,196170
2025-02-17,306626.0,196170
2025-02-18,303933.0,196170
2025-02-19,297778.0,196170
2025-02-20,290853.0,196170
2025-02-21,301625.0,196170
2025-02-24,294700.0,196170
2025-02-25,302779.0,196170
2025-02-26,302779.0,196170
2025-02-27,308935.0,196170
2025-02-28,297778.0,196170
2025-03-04,307780.0,196170
2025-03-05,318553.0,196170
2025-03-06,300471.0,196170
2025-03-07,283543.0,196170
2025-03-10,286236.0,196170
2025-03-11,284697.0,196170
2025-03-12,277772.0,196170
2025-03-13,288544.0,196170
2025-03-14,301625.0,196170
2025-03-17,338174.0,196170
2025-03-18,341252.0,196170
2025-03-19,322400.0,196170
2025-03-20,287005.0,196170
2025-03-21,284697.0,196170
2025-03-24,286621.0,196170
2025-03-25,278541.0,196170
2025-03-26,278541.0,196170
2025-03-27,270847.0,196170
2025-03-28,271231.0,196170
2025-03-31,273925.0,196170
2025-04-01,285851.0,196170
2025-04-02,278926.0,196170
2025-04-03,280850.0,196170
2025-04-04,279311.0,196170
2025-04-07,258151.0,196170
2025-04-08,277387.0,196170
2025-04-09,267384.0,196170
2025-04-10,282389.0,196170
2025-04-11,288159.0,196170
2025-04-14,297778.0,196170
2025-04-15,292391.0,196170
2025-04-16,282004.0,196170
2025-04-17,289314.0,196170
2025-04-18,302394.0,196170
2025-04-21,297393.0,196170
2025-04-22,299317.0,196170
2025-04-23,299317.0,196170
2025-04-24,298932.0,196170
2025-04-25,283927.0,196170
2025-04-28,274694.0,196170
2025-04-29,279311.0,196170
2025-04-30,270077.0,196170
2025-05-02,274309.0,196170
2025-05-07,274309.0,196170
2025-05-08,271231.0,196170
2025-05-09,265461.0,196170
2025-05-12,258536.0,196170
2025-05-13,267769.0,196170
2025-05-14,257766.0,196170
2025-05-15,254688.0,196170
2025-05-16,244301.0,196170
2025-05-19,245840.0,196170
2025-05-20,244301.0,196170
2025-05-21,250841.0,196170
2025-05-22,248917.0,196170
2025-05-23,248533.0,196170
2025-05-26,255073.0,196170
2025-05-27,264691.0,196170
2025-05-28,256612.0,196170
2025-05-29,257381.0,196170
2025-05-30,253919.0,196170
2025-06-02,269308.0,196170
2025-06-04,293161.0,196170
2025-06-05,283543.0,196170
2025-06-09,298162.0,196170
2025-06-10,302394.0,196170
2025-06-11,313936.0,196170
2025-06-12,315860.0,196170
2025-06-13,296623.0,196170
2025-06-16,312012.0,196170
2025-06-17,305857.0,196170
2025-06-18,303933.0,196170
2025-06-19,297778.0,196170
2025-06-20,300086.0,196170
2025-06-23,292391.0,196170
2025-06-24,300086.0,196170
2025-06-25,300086.0,196170
2025-06-26,296239.0,196170
2025-06-27,292776.0,196170
2025-06-30,286236.0,196170
2025-07-01,286621.0,196170
2025-07-02,302010.0,196170
2025-07-03,306242.0,196170
2025-07-04,288929.0,196170
2025-07-07,320861.0,196170
2025-07-08,322400.0,196170
2025-07-09,325863.0,196170
2025-07-10,345484.0,196170
2025-07-11,337789.0,196170
2025-07-14,342406.0,196170
2025-07-15,360873.0,196170
2025-07-16,373953.0,196170
2025-07-17,375877.0,196170
2025-07-18,377031.0,196170
2025-07-21,371645.0,196170
2025-07-22,366259.0,196170
2025-07-23,368567.0,196170
2025-07-24,367028.0,196170
2025-07-25,355487.0,196170
2025-07-28,351639.0,196170
2025-07-29,351255.0,196170
2025-07-30,347407.0,196170
2025-07-31,349331.0,196170
2025-08-01,324708.0,196170
2025-08-04,332403.0,196170
2025-08-05,341636.0,196170
2025-08-06,338174.0,196170
2025-08-07,332403.0,196170
2025-08-08,330864.0,196170
2025-08-11,330864.0,196170
2025-08-12,334327.0,196170
2025-08-13,345484.0,196170
2025-08-14,336250.0,196170
2025-08-18,338174.0,196170
2025-08-19,328556.0,196170
2025-08-20,323939.0,196170
2025-08-21,312012.0,196170
2025-08-22,324708.0,196170
2025-08-25,337020.0,196170
2025-08-26,340482.0,196170
2025-08-27,325478.0,196170
2025-08-28,321631.0,196170
2025-08-29,337404.0,196170
2025-09-01,350100.0,196170
2025-09-02,355871.0,196170
2025-09-03,356641.0,196170
2025-09-04,359719.0,196170
2025-09-05,365874.0,196170
2025-09-08,367798.0,196170
2025-09-09,366644.0,196170
2025-09-10,373953.0,196170
2025-09-11,363951.0,196170
2025-09-12,378185.0,196170
2025-09-15,378185.0,196170
2025-09-16,379340.0,196170
2025-09-17,363951.0,196170
2025-09-18,364335.0,196170
2025-09-19,363566.0,196170
2025-09-22,390112.0,196170
2025-09-23,370876.0,196170
2025-09-24,357410.0,196170
2025-09-25,350100.0,196170
2025-09-26,343945.0,196170
2025-09-29,358564.0,196170
2025-09-30,352409.0,196170
2025-10-01,352409.0,196170
2025-10-02,362796.0,196170
2025-10-10,354717.0,196170
2025-10-13,341636.0,196170
2025-10-14,343175.0,196170
2025-10-15,342406.0,196170
2025-10-16,332403.0,196170
2025-10-17,333172.0,196170
2025-10-20,340482.0,196170
2025-10-21,340867.0,196170
2025-10-22,347407.0,196170
2025-10-23,348561.0,196170
2025-10-24,343175.0,196170
2025-10-27,372030.0,196170
2025-10-28,366259.0,196170
2025-10-29,358949.0,196170
2025-10-30,363181.0,196170
2025-10-31,375877.0,196170
2025-11-03,402423.0,196170
2025-11-04,422429.0,196170
2025-11-05,407040.0,196170
2025-11-06,420890.0,196170
2025-11-07,406270.0,196170
2025-11-10,401654.0,196170
2025-11-11,392420.0,196170
2025-11-12,420890.0,196170
2025-11-13,422429.0,196170
2025-11-14,426276.0,196170
2025-11-17,421659.0,196170
2025-11-18,430123.0,196170
2025-11-19,418582.0,196170
2025-11-20,428585.0,196170
2025-11-21,416273.0,196170
2025-11-24,405501.0,196170
2025-11-25,398576.0,196170
2025-11-26,398576.0,196170
2025-11-27,400884.0,196170
2025-11-28,410118.0,196170
2025-12-01,417043.0,196170
2025-12-02,400884.0,196170
2025-12-03,401654.0,196170
2025-12-04,399345.0,196170
2025-12-05,351255.0,196170
2025-12-08,352409.0,196170
2025-12-09,351639.0,196170
2025-12-10,351255.0,196170
2025-12-11,348946.0,196170
2025-12-12,333172.0,196170
2025-12-15,335481.0,196170
2025-12-16,325863.0,196170
2025-12-17,323939.0,196170
2025-12-18,331634.0,196170
2025-12-19,344714.0,196170
2025-12-22,338174.0,196170
2025-12-23,338174.0,196170
2025-12-24,330864.0,196170
2025-12-26,337789.0,196170
2025-12-29,350100.0,196170
2025-12-30,345868.0,196170
2026-01-02,351639.0,196170
2026-01-05,360488.0,196170
2026-01-06,364720.0,196170
2026-01-07,362412.0,196170
2026-01-08,368182.0,196170
2026-01-09,393190.0,196170
2026-01-12,365874.0,196170
2026-01-13,367413.0,196170
2026-01-14,359334.0,196170
2026-01-15,362027.0,196170
2026-01-16,398576.0,196170
2026-01-19,381648.0,196170
2026-01-20,370106.0,196170
2026-01-21,287390.0,196170
2026-01-22,284697.0,196170
2026-01-23,298162.0,196170
2026-01-26,312397.0,196170
2026-01-27,313936.0,196170
2026-01-28,334711.0,196170
2026-01-29,330864.0,196170
2026-01-30,317783.0,196170
2026-02-02,303164.0,196170
2026-02-03,310089.0,196170
2026-02-04,303933.0,196170
2026-02-05,289698.0,196170
2026-02-06,277772.0,196170
2026-02-09,297008.0,196170
2026-02-10,290853.0,196170
2026-02-11,296239.0,196170
2026-02-12,300086.0,196170
2026-02-13,293930.0,196170
2026-02-19,316629.0,196170
2026-02-20,309319.0,196170
2026-02-23,312397.0,196170
2026-02-24,313936.0,196170
2026-02-25,309319.0,196170
2026-02-26,310089.0,196170
2026-02-27,313551.0,196170
2026-03-03,294700.0,196170
2026-03-04,255458.0,196170
2026-03-05,286236.0,196170
2026-03-06,287005.0,196170
2026-03-09,282004.0,196170
2026-03-10,288929.0,196170
2026-03-11,277002.0,196170
2026-03-12,286621.0,196170
2026-03-13,278157.0,196170
2026-03-16,273155.0,196170
2026-03-17,272770.0,196170
2026-03-18,273155.0,196170
2026-03-19,277002.0,196170
2026-03-20,272001.0,196170
2026-03-23,254304.0,196170
2026-03-24,273540.0,196170
2026-03-25,275848.0,196170
2026-03-26,293161.0,196170
2026-03-27,293161.0,196170
2026-03-30,272770.0,196170
2026-03-31,262768.0,196170
2026-04-01,277002.0,196170
2026-04-02,270847.0,196170
2026-04-03,281234.0,196170
2026-04-06,278541.0,196170
2026-04-07,272386.0,196170
2026-04-08,288159.0,196170
2026-04-09,284697.0,196170
2026-04-10,278157.0,196170
2026-04-13,272001.0,196170
2026-04-14,271616.0,196170
2026-04-15,287005.0,196170
2026-04-16,284312.0,196170
2026-04-17,281619.0,196170
2026-04-20,285851.0,196170
2026-04-21,283927.0,196170
2026-04-22,276618.0,196170
2026-04-23,275079.0,196170
2026-04-24,283927.0,196170
2026-04-27,291622.0,196170
2026-04-28,289698.0,196170
2026-04-29,292391.0,196170
2026-04-30,283543.0,196170
2026-05-04,287005.0,196170
2026-05-06,279695.0,196170
2026-05-07,274309.0,196170
2026-05-08,261998.0,196170
2026-05-11,250072.0,196170
2026-05-12,263152.0,196170
2026-05-13,272386.0,196170
2026-05-14,296239.0,196170
2026-05-15,283927.0,196170
2026-05-18,275079.0,196170
2026-05-19,282004.0,196170
2026-05-20,276618.0,196170
2026-05-21,270462.0,196170
2026-05-22,280465.0,196170
2026-05-26,281234.0,196170
2026-05-27,297393.0,196170
2026-05-28,284312.0,196170
2026-05-29,283927.0,196170
2026-06-01,281619.0,196170
2026-06-02,274694.0,196170
2026-06-04,266615.0,196170
2026-06-05,255842.0,196170
2026-06-08,222756.0,196170
2026-06-09,251226.0,196170
2026-06-10,242377.0,196170
2026-06-11,267000.0,196170
2026-06-12,259305.0,196170
2026-06-15,268538.0,196170
2026-06-16,271231.0,196170
2026-06-17,287005.0,196170
2026-06-18,284312.0,196170
2026-06-19,272001.0,196170
2026-06-22,269693.0,196170
2026-06-23,256227.0,196170
2026-06-24,285851.0,196170
2026-06-25,288544.0,196170
2026-06-26,264306.0,196170
2026-06-29,287005.0,196170
2026-06-30,277772.0,196170
2026-07-01,275463.0,196170
2026-07-02,270462.0,196170
2026-07-03,262768.0,196170
2026-07-06,254688.0,196170
2026-07-07,259690.0,196170
2026-07-08,241223.0,196170
2026-07-09,230835.0,196170
2026-07-10,249302.0,196170
2026-07-13,243531.0,196170
2026-07-14,215061.0,196170
2026-07-15,221987.0,196170
2026-07-16,212753.0,196170
2026-07-20,207367.0,196170
2026-07-21,210060.0,196170
2026-07-22,206213.0,196170
2026-07-23,235837.0,196170
2026-07-24,231220.0,196170
2026-07-27,240069.0,196170
2026-07-28,228142.0,196170
2026-07-29,217370.0,196170
2026-07-30,215061.0,196170
2026-07-31,237376.0,196170
2026-08-03,244301.0,196170
2026-08-04,267000.0,196170
2026-08-05,277000.0,196170
2026-08-06,293500.0,196170
2026-08-07,305000.0,196170
2026-08-10,348000.0,196170
2026-08-11,327500.0,196170
2026-08-12,317500.0,196170
2026-08-13,317500.0,196170
2026-08-14,314000.0,196170
2026-08-18,298000.0,196170
2026-08-19,303500.0,196170
2026-08-20,339500.0,196170
2026-08-21,320000.0,196170
2026-08-24,320500.0,196170
2026-08-25,305500.0,196170
2026-08-26,311500.0,196170
2026-08-27,311500.0,196170
2026-08-28,320000.0,196170
2026-08-31,307500.0,196170
2015-07-24,114500.0,214450
2015-07-27,113600.0,214450
2015-07-28,102100.0,214450
2015-07-29,96500.0,214450
2015-07-30,85800.0,214450
2015-07-31,103600.0,214450
2015-08-03,103500.0,214450
2015-08-04,103900.0,214450
2015-08-05,101500.0,214450
2015-08-06,104500.0,214450
2015-08-07,108000.0,214450
2015-08-10,103000.0,214450
2015-08-11,101000.0,214450
2015-08-12,95000.0,214450
2015-08-13,96800.0,214450
2015-08-17,92700.0,214450
2015-08-18,90400.0,214450
2015-08-19,86100.0,214450
2015-08-20,90000.0,214450
2015-08-21,84600.0,214450
2015-08-24,63700.0,214450
2015-08-25,70600.0,214450
2015-08-26,80500.0,214450
2015-08-27,77300.0,214450
2015-08-28,78000.0,214450
2015-08-31,75300.0,214450
2015-09-01,73000.0,214450
2015-09-02,77400.0,214450
2015-09-03,77000.0,214450
2015-09-04,71200.0,214450
2015-09-07,67100.0,214450
2015-09-08,66800.0,214450
2015-09-09,68700.0,214450
2015-09-10,70400.0,214450
2015-09-11,70100.0,214450
2015-09-14,69300.0,214450
2015-09-15,78700.0,214450
2015-09-16,80300.0,214450
2015-09-17,78500.0,214450
2015-09-18,81000.0,214450
2015-09-21,86600.0,214450
2015-09-22,84300.0,214450
2015-09-23,79100.0,214450
2015-09-24,85000.0,214450
2015-09-25,84500.0,214450
2015-09-30,82100.0,214450
2015-10-01,80600.0,214450
2015-10-02,78000.0,214450
2015-10-05,78400.0,214450
2015-10-06,78600.0,214450
2015-10-07,73400.0,214450
2015-10-08,70900.0,214450
2015-10-12,68000.0,214450
2015-10-13,70000.0,214450
2015-10-14,68100.0,214450
2015-10-15,67200.0,214450
2015-10-16,67200.0,214450
2015-10-19,64600.0,214450
2015-10-20,69300.0,214450
2015-10-21,71600.0,214450
2015-10-22,68200.0,214450
2015-10-23,71000.0,214450
2015-10-26,73600.0,214450
2015-10-27,74000.0,214450
2015-10-28,74000.0,214450
2015-10-29,73900.0,214450
2015-10-30,71500.0,214450
2015-11-02,62100.0,214450
2015-11-03,65400.0,214450
2015-11-04,66700.0,214450
2015-11-05,70000.0,214450
2015-11-06,70000.0,214450
2015-11-09,66800.0,214450
2015-11-10,63800.0,214450
2015-11-11,66300.0,214450
2015-11-12,69500.0,214450
2015-11-13,68200.0,214450
2015-11-16,68200.0,214450
2015-11-17,72700.0,214450
2015-11-18,71600.0,214450
2015-11-19,75000.0,214450
2015-11-20,75400.0,214450
2015-11-23,75000.0,214450
2015-11-24,73000.0,214450
2015-11-25,73000.0,214450
2015-11-26,74000.0,214450
2015-11-27,74800.0,214450
2015-11-30,76500.0,214450
2015-12-01,76300.0,214450
2015-12-02,78500.0,214450
2015-12-03,77800.0,214450
2015-12-04,75500.0,214450
2015-12-07,73900.0,214450
2015-12-08,69600.0,214450
2015-12-09,68900.0,214450
2015-12-10,69500.0,214450
2015-12-11,68300.0,214450
2015-12-14,65400.0,214450
2015-12-15,66900.0,214450
2015-12-16,69000.0,214450
2015-12-17,69000.0,214450
2015-12-18,71800.0,214450
2015-12-21,72700.0,214450
2015-12-22,71800.0,214450
2015-12-23,69800.0,214450
2015-12-24,69300.0,214450
2015-12-28,68100.0,214450
2015-12-29,71000.0,214450
2015-12-30,73000.0,214450
2016-01-04,70500.0,214450
2016-01-05,70100.0,214450
2016-01-06,75500.0,214450
2016-01-07,73500.0,214450
2016-01-08,75400.0,214450
2016-01-11,73000.0,214450
2016-01-12,73900.0,214450
2016-01-13,74200.0,214450
2016-01-14,72600.0,214450
2016-01-15,72200.0,214450
2016-01-18,72500.0,214450
2016-01-19,72800.0,214450
2016-01-20,73200.0,214450
2016-01-21,76200.0,214450
2016-01-22,76000.0,214450
2016-01-25,78400.0,214450
2016-01-26,78500.0,214450
2016-01-27,77400.0,214450
2016-01-28,80400.0,214450
2016-01-29,82100.0,214450
2016-02-01,82700.0,214450
2016-02-02,81300.0,214450
2016-02-03,80600.0,214450
2016-02-04,77800.0,214450
2016-02-05,80500.0,214450
2016-02-11,76000.0,214450
2016-02-12,68000.0,214450
2016-02-15,69500.0,214450
2016-02-16,71500.0,214450
2016-02-17,69000.0,214450
2016-02-18,71600.0,214450
2016-02-19,72400.0,214450
2016-02-22,72400.0,214450
2016-02-23,69400.0,214450
2016-02-24,70200.0,214450
2016-02-25,70800.0,214450
2016-02-26,71600.0,214450
2016-02-29,70600.0,214450
2016-03-02,71400.0,214450
2016-03-03,71300.0,214450
2016-03-04,75300.0,214450
2016-03-07,73800.0,214450
2016-03-08,76800.0,214450
2016-03-09,75000.0,214450
2016-03-10,72800.0,214450
2016-03-11,72400.0,214450
2016-03-14,70600.0,214450
2016-03-15,70100.0,214450
2016-03-16,70700.0,214450
2016-03-17,70600.0,214450
2016-03-18,70600.0,214450
2016-03-21,71100.0,214450
2016-03-22,70300.0,214450
2016-03-23,68400.0,214450
2016-03-24,67100.0,214450
2016-03-25,67100.0,214450
2016-03-28,66200.0,214450
2016-03-29,66300.0,214450
2016-03-30,66800.0,214450
2016-03-31,65900.0,214450
2016-04-01,67200.0,214450
2016-04-04,68100.0,214450
2016-04-05,66900.0,214450
2016-04-06,65500.0,214450
2016-04-07,66000.0,214450
2016-04-08,66000.0,214450
2016-04-11,66200.0,214450
2016-04-12,64600.0,214450
2016-04-14,63500.0,214450
2016-04-15,62700.0,214450
2016-04-18,65800.0,214450
2016-04-19,65600.0,214450
2016-04-20,64900.0,214450
2016-04-21,64100.0,214450
2016-04-22,63500.0,214450
2016-04-25,63900.0,214450
2016-04-26,63300.0,214450
2016-04-27,62100.0,214450
2016-04-28,62500.0,214450
2016-04-29,61400.0,214450
2016-05-02,58900.0,214450
2016-05-03,61200.0,214450
2016-05-04,60300.0,214450
2016-05-09,58300.0,214450
2016-05-10,59000.0,214450
2016-05-11,61000.0,214450
2016-05-12,61200.0,214450
2016-05-13,59800.0,214450
2016-05-16,60000.0,214450
2016-05-17,59200.0,214450
2016-05-18,56800.0,214450
2016-05-19,54200.0,214450
2016-05-20,55000.0,214450
2016-05-23,57300.0,214450
2016-05-24,56000.0,214450
2016-05-25,55500.0,214450
2016-05-26,55200.0,214450
2016-05-27,55300.0,214450
2016-05-30,53900.0,214450
2016-05-31,54000.0,214450
2016-06-01,54800.0,214450
2016-06-02,56800.0,214450
2016-06-03,56500.0,214450
2016-06-07,56700.0,214450
2016-06-08,56400.0,214450
2016-06-09,58300.0,214450
2016-06-10,58900.0,214450
2016-06-13,57500.0,214450
2016-06-14,56800.0,214450
2016-06-15,56800.0,214450
2016-06-16,56800.0,214450
2016-06-17,56500.0,214450
2016-06-20,55900.0,214450
2016-06-21,57000.0,214450
2016-06-22,57300.0,214450
2016-06-23,55600.0,214450
2016-06-24,50800.0,214450
2016-06-27,51100.0,214450
2016-06-28,51400.0,214450
2016-06-29,52000.0,214450
2016-06-30,52700.0,214450
2016-07-01,53100.0,214450
2016-07-04,53000.0,214450
2016-07-05,54000.0,214450
2016-07-06,52600.0,214450
2016-07-07,52900.0,214450
2016-07-08,53900.0,214450
2016-07-11,55200.0,214450
2016-07-12,54200.0,214450
2016-07-13,54700.0,214450
2016-07-14,54200.0,214450
2016-07-15,54000.0,214450
2016-07-18,53000.0,214450
2016-07-19,53200.0,214450
2016-07-20,53100.0,214450
2016-07-21,54600.0,214450
2016-07-22,53800.0,214450
2016-07-25,53700.0,214450
2016-07-26,54100.0,214450
2016-07-27,55200.0,214450
2016-07-28,54800.0,214450
2016-07-29,55600.0,214450
2016-08-01,54200.0,214450
2016-08-02,53200.0,214450
2016-08-03,52300.0,214450
2016-08-04,52600.0,214450
2016-08-05,51800.0,214450
2016-08-08,52100.0,214450
2016-08-09,52500.0,214450
2016-08-10,53100.0,214450
2016-08-11,52200.0,214450
2016-08-12,54100.0,214450
2016-08-16,55700.0,214450
2016-08-17,55600.0,214450
2016-08-18,55600.0,214450
2016-08-19,54500.0,214450
2016-08-22,53000.0,214450
2016-08-23,53500.0,214450
2016-08-24,53200.0,214450
2016-08-25,52700.0,214450
2016-08-26,52300.0,214450
2016-08-29,51400.0,214450
2016-08-30,50400.0,214450
2016-08-31,49550.0,214450
2016-09-01,50600.0,214450
2016-09-02,51500.0,214450
2016-09-05,51500.0,214450
2016-09-06,51300.0,214450
2016-09-07,51900.0,214450
2016-09-08,51300.0,214450
2016-09-09,51500.0,214450
2016-09-12,50000.0,214450
2016-09-13,50400.0,214450
2016-09-19,49950.0,214450
2016-09-20,50200.0,214450
2016-09-21,50100.0,214450
2016-09-22,50800.0,214450
2016-09-23,51500.0,214450
2016-09-26,51100.0,214450
2016-09-27,51000.0,214450
2016-09-28,50000.0,214450
2016-09-29,50200.0,214450
2016-09-30,49250.0,214450
2016-10-04,47850.0,214450
2016-10-05,48000.0,214450
2016-10-06,48100.0,214450
2016-10-07,46900.0,214450
2016-10-10,44400.0,214450
2016-10-11,45400.0,214450
2016-10-12,45500.0,214450
2016-10-13,44750.0,214450
2016-10-14,45100.0,214450
2016-10-17,44450.0,214450
2016-10-18,44450.0,214450
2016-10-19,44650.0,214450
2016-10-20,44000.0,214450
2016-10-21,43050.0,214450
2016-10-24,43250.0,214450
2016-10-25,41500.0,214450
2016-10-26,42000.0,214450
2016-10-27,44500.0,214450
2016-10-28,44400.0,214450
2016-10-31,42550.0,214450
2016-11-01,43600.0,214450
2016-11-02,42850.0,214450
2016-11-03,42950.0,214450
2016-11-04,43850.0,214450
2016-11-07,44650.0,214450
2016-11-08,44300.0,214450
2016-11-09,42750.0,214450
2016-11-10,44500.0,214450
2016-11-11,44850.0,214450
2016-11-14,44200.0,214450
2016-11-15,43350.0,214450
2016-11-16,44200.0,214450
2016-11-17,43800.0,214450
2016-11-18,43550.0,214450
2016-11-21,41900.0,214450
2016-11-22,41000.0,214450
2016-11-23,39650.0,214450
2016-11-24,39400.0,214450
2016-11-25,40000.0,214450
2016-11-28,39800.0,214450
2016-11-29,39950.0,214450
2016-11-30,40450.0,214450
2016-12-01,40550.0,214450
2016-12-02,41100.0,214450
2016-12-05,40100.0,214450
2016-12-06,41350.0,214450
2016-12-07,41000.0,214450
2016-12-08,40700.0,214450
2016-12-09,41450.0,214450
2016-12-12,42100.0,214450
2016-12-13,42500.0,214450
2016-12-14,41950.0,214450
2016-12-15,43000.0,214450
2016-12-16,43250.0,214450
2016-12-19,42900.0,214450
2016-12-20,42150.0,214450
2016-12-21,39800.0,214450
2016-12-22,39800.0,214450
2016-12-23,39950.0,214450
2016-12-26,39650.0,214450
2016-12-27,39600.0,214450
2016-12-28,40700.0,214450
2016-12-29,40400.0,214450
2017-01-02,39850.0,214450
2017-01-03,39800.0,214450
2017-01-04,41050.0,214450
2017-01-05,42000.0,214450
2017-01-06,41800.0,214450
2017-01-09,40950.0,214450
2017-01-10,39750.0,214450
2017-01-11,39800.0,214450
2017-01-12,39250.0,214450
2017-01-13,39550.0,214450
2017-01-16,39050.0,214450
2017-01-17,39000.0,214450
2017-01-18,39200.0,214450
2017-01-19,39200.0,214450
2017-01-20,38250.0,214450
2017-01-23,37450.0,214450
2017-01-24,36200.0,214450
2017-01-25,35150.0,214450
2017-01-26,35450.0,214450
2017-01-31,35850.0,214450
2017-02-01,36400.0,214450
2017-02-02,36250.0,214450
2017-02-03,35300.0,214450
2017-02-06,36250.0,214450
2017-02-07,36500.0,214450
2017-02-08,36500.0,214450
2017-02-09,36100.0,214450
2017-02-10,35800.0,214450
2017-02-13,36050.0,214450
2017-02-14,36600.0,214450
2017-02-15,38100.0,214450
2017-02-16,37500.0,214450
2017-02-17,37700.0,214450
2017-02-20,37300.0,214450
2017-02-21,37450.0,214450
2017-02-22,37100.0,214450
2017-02-23,36900.0,214450
2017-02-24,36800.0,214450
2017-02-27,37800.0,214450
2017-02-28,37700.0,214450
2017-03-02,36900.0,214450
2017-03-03,35550.0,214450
2017-03-06,35700.0,214450
2017-03-07,35700.0,214450
2017-03-08,35400.0,214450
2017-03-09,34500.0,214450
2017-03-10,34150.0,214450
2017-03-13,34700.0,214450
2017-03-14,34100.0,214450
2017-03-15,32800.0,214450
2017-03-16,32700.0,214450
2017-03-17,33150.0,214450
2017-03-20,32400.0,214450
2017-03-21,32250.0,214450
2017-03-22,32600.0,214450
2017-03-23,33000.0,214450
2017-03-24,32800.0,214450
2017-03-27,32800.0,214450
2017-03-28,32700.0,214450
2017-03-29,32200.0,214450
2017-03-30,32000.0,214450
2017-03-31,32550.0,214450
2017-04-03,33950.0,214450
2017-04-04,33950.0,214450
2017-04-05,34350.0,214450
2017-04-06,33800.0,214450
2017-04-07,33800.0,214450
2017-04-10,33050.0,214450
2017-04-11,33050.0,214450
2017-04-12,32950.0,214450
2017-04-13,34100.0,214450
2017-04-14,33850.0,214450
2017-04-17,34850.0,214450
2017-04-18,35200.0,214450
2017-04-19,35150.0,214450
2017-04-20,34850.0,214450
2017-04-21,36100.0,214450
2017-04-24,35700.0,214450
2017-04-25,36050.0,214450
2017-04-26,36050.0,214450
2017-04-27,35900.0,214450
2017-04-28,35750.0,214450
2017-05-02,34700.0,214450
2017-05-04,35250.0,214450
2017-05-08,36950.0,214450
2017-05-10,36400.0,214450
2017-05-11,36400.0,214450
2017-05-12,35800.0,214450
2017-05-15,35500.0,214450
2017-05-16,35500.0,214450
2017-05-17,35400.0,214450
2017-05-18,35000.0,214450
2017-05-19,35800.0,214450
2017-05-22,35700.0,214450
2017-05-23,37950.0,214450
2017-05-24,39400.0,214450
2017-05-25,39100.0,214450
2017-05-26,40650.0,214450
2017-05-29,40600.0,214450
2017-05-30,39950.0,214450
2017-05-31,40400.0,214450
2017-06-01,40800.0,214450
2017-06-02,40350.0,214450
2017-06-05,40450.0,214450
2017-06-07,40500.0,214450
2017-06-08,40950.0,214450
2017-06-09,40950.0,214450
2017-06-12,42800.0,214450
2017-06-13,43600.0,214450
2017-06-14,42700.0,214450
2017-06-15,42800.0,214450
2017-06-16,41450.0,214450
2017-06-19,41900.0,214450
2017-06-20,41300.0,214450
2017-06-21,40200.0,214450
2017-06-22,40150.0,214450
2017-06-23,39950.0,214450
2017-06-26,39350.0,214450
2017-06-27,40100.0,214450
2017-06-28,39300.0,214450
2017-06-29,38700.0,214450
2017-06-30,39200.0,214450
2017-07-03,38500.0,214450
2017-07-04,39450.0,214450
2017-07-05,39900.0,214450
2017-07-06,39400.0,214450
2017-07-07,38650.0,214450
2017-07-10,37050.0,214450
2017-07-11,36800.0,214450
2017-07-12,37200.0,214450
2017-07-13,36450.0,214450
2017-07-14,36700.0,214450
2017-07-17,37850.0,214450
2017-07-18,37500.0,214450
2017-07-19,37550.0,214450
2017-07-20,37850.0,214450
2017-07-21,38100.0,214450
2017-07-24,37800.0,214450
2017-07-25,37050.0,214450
2017-07-26,37650.0,214450
2017-07-27,39150.0,214450
2017-07-28,38050.0,214450
2017-07-31,37300.0,214450
2017-08-01,38000.0,214450
2017-08-02,37800.0,214450
2017-08-03,36950.0,214450
2017-08-04,37700.0,214450
2017-08-07,38900.0,214450
2017-08-08,38850.0,214450
2017-08-09,38900.0,214450
2017-08-10,41700.0,214450
2017-08-11,42000.0,214450
2017-08-14,41400.0,214450
2017-08-16,42550.0,214450
2017-08-17,41850.0,214450
2017-08-18,40650.0,214450
2017-08-21,40350.0,214450
2017-08-22,40300.0,214450
2017-08-23,39950.0,214450
2017-08-24,42600.0,214450
2017-08-25,43050.0,214450
2017-08-28,43900.0,214450
2017-08-29,44300.0,214450
2017-08-30,44300.0,214450
2017-08-31,44700.0,214450
2017-09-01,48900.0,214450
2017-09-04,47950.0,214450
2017-09-05,46900.0,214450
2017-09-06,45250.0,214450
2017-09-07,45250.0,214450
2017-09-08,44250.0,214450
2017-09-11,44100.0,214450
2017-09-12,42350.0,214450
2017-09-13,41300.0,214450
2017-09-14,42150.0,214450
2017-09-15,41000.0,214450
2017-09-18,41000.0,214450
2017-09-19,42500.0,214450
2017-09-20,40900.0,214450
2017-09-21,39100.0,214450
2017-09-22,38200.0,214450
2017-09-25,37250.0,214450
2017-09-26,39050.0,214450
2017-09-27,38600.0,214450
2017-09-28,37950.0,214450
2017-09-29,39750.0,214450
2017-10-10,39500.0,214450
2017-10-11,41350.0,214450
2017-10-12,40550.0,214450
2017-10-13,41750.0,214450
2017-10-16,40850.0,214450
2017-10-17,42100.0,214450
2017-10-18,41900.0,214450
2017-10-19,42500.0,214450
2017-10-20,41850.0,214450
2017-10-23,42000.0,214450
2017-10-24,41850.0,214450
2017-10-25,44300.0,214450
2017-10-26,44500.0,214450
2017-10-27,46600.0,214450
2017-10-30,46400.0,214450
2017-10-31,44700.0,214450
2017-11-01,44000.0,214450
2017-11-02,45550.0,214450
2017-11-03,45650.0,214450
2017-11-06,45250.0,214450
2017-11-07,46850.0,214450
2017-11-08,47000.0,214450
2017-11-09,46500.0,214450
2017-11-10,45000.0,214450
2017-11-13,47350.0,214450
2017-11-14,49900.0,214450
2017-11-15,53400.0,214450
2017-11-16,53800.0,214450
2017-11-17,53600.0,214450
2017-11-20,53200.0,214450
2017-11-21,52100.0,214450
2017-11-22,49400.0,214450
2017-11-23,53100.0,214450
2017-11-24,53300.0,214450
2017-11-27,55000.0,214450
2017-11-28,53100.0,214450
2017-11-29,59700.0,214450
2017-11-30,57600.0,214450
2017-12-01,57600.0,214450
2017-12-04,55900.0,214450
2017-12-05,53200.0,214450
2017-12-06,50200.0,214450
2017-12-07,48950.0,214450
2017-12-08,48700.0,214450
2017-12-11,55100.0,214450
2017-12-12,56500.0,214450
2017-12-13,56200.0,214450
2017-12-14,55300.0,214450
2017-12-15,58000.0,214450
2017-12-18,57500.0,214450
2017-12-19,57200.0,214450
2017-12-20,57200.0,214450
2017-12-21,57300.0,214450
2017-12-22,59100.0,214450
2017-12-26,57900.0,214450
2017-12-27,58400.0,214450
2017-12-28,58900.0,214450
2018-01-02,63500.0,214450
2018-01-03,65200.0,214450
2018-01-04,61500.0,214450
2018-01-05,63300.0,214450
2018-01-08,66500.0,214450
2018-01-09,65400.0,214450
2018-01-10,69000.0,214450
2018-01-11,69000.0,214450
2018-01-12,68400.0,214450
2018-01-15,67000.0,214450
2018-01-16,67900.0,214450
2018-01-17,66400.0,214450
2018-01-18,67500.0,214450
2018-01-19,66300.0,214450
2018-01-22,67100.0,214450
2018-01-23,67000.0,214450
2018-01-24,65700.0,214450
2018-01-25,65700.0,214450
2018-01-26,67800.0,214450
2018-01-29,66300.0,214450
2018-01-30,61500.0,214450
2018-01-31,61800.0,214450
2018-02-01,62700.0,214450
2018-02-02,61000.0,214450
2018-02-05,57600.0,214450
2018-02-06,57100.0,214450
2018-02-07,55500.0,214450
2018-02-08,59900.0,214450
2018-02-09,58000.0,214450
2018-02-12,58600.0,214450
2018-02-13,57200.0,214450
2018-02-14,58500.0,214450
2018-02-19,61700.0,214450
2018-02-20,60200.0,214450
2018-02-21,60700.0,214450
2018-02-22,59900.0,214450
2018-02-23,61400.0,214450
2018-02-26,62500.0,214450
2018-02-27,61700.0,214450
2018-02-28,59100.0,214450
2018-03-02,59200.0,214450
2018-03-05,57900.0,214450
2018-03-06,59200.0,214450
2018-03-07,58400.0,214450
2018-03-08,58600.0,214450
2018-03-09,60600.0,214450
2018-03-12,60900.0,214450
2018-03-13,61200.0,214450
2018-03-14,58800.0,214450
2018-03-15,56800.0,214450
2018-03-16,56900.0,214450
2018-03-19,56000.0,214450
2018-03-20,57400.0,214450
2018-03-21,56900.0,214450
2018-03-22,55500.0,214450
2018-03-23,51700.0,214450
2018-03-26,53000.0,214450
2018-03-27,53300.0,214450
2018-03-28,52800.0,214450
2018-03-29,53800.0,214450
2018-03-30,54400.0,214450
2018-04-02,53700.0,214450
2018-04-03,55400.0,214450
2018-04-04,54300.0,214450
2018-04-05,54200.0,214450
2018-04-06,52600.0,214450
2018-04-09,54900.0,214450
2018-04-10,54500.0,214450
2018-04-11,55700.0,214450
2018-04-12,54200.0,214450
2018-04-13,54100.0,214450
2018-04-16,56600.0,214450
2018-04-17,55800.0,214450
2018-04-18,54800.0,214450
2018-04-19,51600.0,214450
2018-04-20,50800.0,214450
2018-04-23,48650.0,214450
2018-04-24,48250.0,214450
2018-04-25,47900.0,214450
2018-04-26,48800.0,214450
2018-04-27,48650.0,214450
2018-04-30,49400.0,214450
2018-05-02,48200.0,214450
2018-05-03,47200.0,214450
2018-05-04,45550.0,214450
2018-05-08,43700.0,214450
2018-05-09,45650.0,214450
2018-05-10,45250.0,214450
2018-05-11,45950.0,214450
2018-05-14,44050.0,214450
2018-05-15,44800.0,214450
2018-05-16,43300.0,214450
2018-05-17,43350.0,214450
2018-05-18,43400.0,214450
2018-05-21,43400.0,214450
2018-05-23,42750.0,214450
2018-05-24,43550.0,214450
2018-05-25,43050.0,214450
2018-05-28,42500.0,214450
2018-05-29,42200.0,214450
2018-05-30,42600.0,214450
2018-05-31,43150.0,214450
2018-06-01,43950.0,214450
2018-06-04,42550.0,214450
2018-06-05,42500.0,214450
2018-06-07,42850.0,214450
2018-06-08,42050.0,214450
2018-06-11,43300.0,214450
2018-06-12,43400.0,214450
2018-06-14,42500.0,214450
2018-06-15,41200.0,214450
2018-06-18,39900.0,214450
2018-06-19,38350.0,214450
2018-06-20,39150.0,214450
2018-06-21,38100.0,214450
2018-06-22,38600.0,214450
2018-06-25,39450.0,214450
2018-06-26,39650.0,214450
2018-06-27,38650.0,214450
2018-06-28,37800.0,214450
2018-06-29,38450.0,214450
2018-07-02,36550.0,214450
2018-07-03,36600.0,214450
2018-07-04,37850.0,214450
2018-07-05,40600.0,214450
2018-07-06,41700.0,214450
2018-07-09,41100.0,214450
2018-07-10,41850.0,214450
2018-07-11,40750.0,214450
2018-07-12,41500.0,214450
2018-07-13,42050.0,214450
2018-07-16,43350.0,214450
2018-07-17,42300.0,214450
2018-07-18,42100.0,214450
2018-07-19,40900.0,214450
2018-07-20,41100.0,214450
2018-07-23,39500.0,214450
2018-07-24,39850.0,214450
2018-07-25,38350.0,214450
2018-07-26,39150.0,214450
2018-07-27,39000.0,214450
2018-07-30,38200.0,214450
2018-07-31,38850.0,214450
2018-08-01,40000.0,214450
2018-08-02,39000.0,214450
2018-08-03,39400.0,214450
2018-08-06,40400.0,214450
2018-08-07,41300.0,214450
2018-08-08,41150.0,214450
2018-08-09,40600.0,214450
2018-08-10,40850.0,214450
2018-08-13,39200.0,214450
2018-08-14,39450.0,214450
2018-08-16,40000.0,214450
2018-08-17,41500.0,214450
2018-08-20,41450.0,214450
2018-08-21,42050.0,214450
2018-08-22,41850.0,214450
2018-08-23,42200.0,214450
2018-08-24,42900.0,214450
2018-08-27,42800.0,214450
2018-08-28,42200.0,214450
2018-08-29,42500.0,214450
2018-08-30,42300.0,214450
2018-08-31,43100.0,214450
2018-09-03,42950.0,214450
2018-09-04,43050.0,214450
2018-09-05,42250.0,214450
2018-09-06,41450.0,214450
2018-09-07,41850.0,214450
2018-09-10,41700.0,214450
2018-09-11,42200.0,214450
2018-09-12,42300.0,214450
2018-09-13,42450.0,214450
2018-09-14,42150.0,214450
2018-09-17,41600.0,214450
2018-09-18,42400.0,214450
2018-09-19,42800.0,214450
2018-09-20,44400.0,214450
2018-09-21,45200.0,214450
2018-09-27,45650.0,214450
2018-09-28,44850.0,214450
2018-10-01,44100.0,214450
2018-10-02,42000.0,214450
2018-10-04,42200.0,214450
2018-10-05,40000.0,214450
2018-10-08,39350.0,214450
2018-10-10,37750.0,214450
2018-10-11,35600.0,214450
2018-10-12,36500.0,214450
2018-10-15,34900.0,214450
2018-10-16,35450.0,214450
2018-10-17,36150.0,214450
2018-10-18,35600.0,214450
2018-10-19,36500.0,214450
2018-10-22,37350.0,214450
2018-10-23,37350.0,214450
2018-10-24,36700.0,214450
2018-10-25,35900.0,214450
2018-10-26,34150.0,214450
2018-10-29,33100.0,214450
2018-10-30,33200.0,214450
2018-10-31,32650.0,214450
2018-11-01,32800.0,214450
2018-11-02,34600.0,214450
2018-11-05,34500.0,214450
2018-11-06,34200.0,214450
2018-11-07,33550.0,214450
2018-11-08,33900.0,214450
2018-11-09,34000.0,214450
2018-11-12,32900.0,214450
2018-11-13,33250.0,214450
2018-11-14,32950.0,214450
2018-11-15,34100.0,214450
2018-11-16,34700.0,214450
2018-11-19,35200.0,214450
2018-11-20,34000.0,214450
2018-11-21,33700.0,214450
2018-11-22,34150.0,214450
2018-11-23,33250.0,214450
2018-11-26,33950.0,214450
2018-11-27,34500.0,214450
2018-11-28,34400.0,214450
2018-11-29,33800.0,214450
2018-11-30,33250.0,214450
2018-12-03,34150.0,214450
2018-12-04,34300.0,214450
2018-12-05,33750.0,214450
2018-12-06,33300.0,214450
2018-12-07,33300.0,214450
2018-12-10,32000.0,214450
2018-12-11,31800.0,214450
2018-12-12,32100.0,214450
2018-12-13,34250.0,214450
2018-12-14,33600.0,214450
2018-12-17,32700.0,214450
2018-12-18,32350.0,214450
2018-12-19,32200.0,214450
2018-12-20,31950.0,214450
2018-12-21,32000.0,214450
2018-12-24,32150.0,214450
2018-12-26,32200.0,214450
2018-12-27,32700.0,214450
2018-12-28,33650.0,214450
2019-01-02,32500.0,214450
2019-01-03,31500.0,214450
2019-01-04,31550.0,214450
2019-01-07,31650.0,214450
2019-01-08,32250.0,214450
2019-01-09,33050.0,214450
2019-01-10,32550.0,214450
2019-01-11,32600.0,214450
2019-01-14,32100.0,214450
2019-01-15,32850.0,214450
2019-01-16,32750.0,214450
2019-01-17,32800.0,214450
2019-01-18,32900.0,214450
2019-01-21,32800.0,214450
2019-01-22,32750.0,214450
2019-01-23,33200.0,214450
2019-01-24,33700.0,214450
2019-01-25,34000.0,214450
2019-01-28,33700.0,214450
2019-01-29,33300.0,214450
2019-01-30,33750.0,214450
2019-01-31,33650.0,214450
2019-02-01,33400.0,214450
2019-02-07,33150.0,214450
2019-02-08,32750.0,214450
2019-02-11,32700.0,214450
2019-02-12,32800.0,214450
2019-02-13,33650.0,214450
2019-02-14,33850.0,214450
2019-02-15,34700.0,214450
2019-02-18,40350.0,214450
2019-02-19,39450.0,214450
2019-02-20,39750.0,214450
2019-02-21,39400.0,214450
2019-02-22,39150.0,214450
2019-02-25,38150.0,214450
2019-02-26,38700.0,214450
2019-02-27,40500.0,214450
2019-02-28,38750.0,214450
2019-03-04,39300.0,214450
2019-03-05,38750.0,214450
2019-03-06,38500.0,214450
2019-03-07,38550.0,214450
2019-03-08,38200.0,214450
2019-03-11,38000.0,214450
2019-03-12,40250.0,214450
2019-03-13,39550.0,214450
2019-03-14,39500.0,214450
2019-03-15,38500.0,214450
2019-03-18,38100.0,214450
2019-03-19,38000.0,214450
2019-03-20,38000.0,214450
2019-03-21,37200.0,214450
2019-03-22,37900.0,214450
2019-03-25,36550.0,214450
2019-03-26,36900.0,214450
2019-03-27,37300.0,214450
2019-03-28,36800.0,214450
2019-03-29,38000.0,214450
2019-04-01,39600.0,214450
2019-04-02,40850.0,214450
2019-04-03,41450.0,214450
2019-04-04,42450.0,214450
2019-04-05,41650.0,214450
2019-04-08,43200.0,214450
2019-04-09,43000.0,214450
2019-04-10,41650.0,214450
2019-04-11,42000.0,214450
2019-04-12,41550.0,214450
2019-04-15,41500.0,214450
2019-04-16,41000.0,214450
2019-04-17,41600.0,214450
2019-04-18,40600.0,214450
2019-04-19,42800.0,214450
2019-04-22,41700.0,214450
2019-04-23,42200.0,214450
2019-04-24,41350.0,214450
2019-04-25,41300.0,214450
2019-04-26,40750.0,214450
2019-04-29,41750.0,214450
2019-04-30,40600.0,214450
2019-05-02,41700.0,214450
2019-05-03,41450.0,214450
2019-05-07,40700.0,214450
2019-05-08,40600.0,214450
2019-05-09,39200.0,214450
2019-05-10,39400.0,214450
2019-05-13,37900.0,214450
2019-05-14,38300.0,214450
2019-05-15,39450.0,214450
2019-05-16,38900.0,214450
2019-05-17,44150.0,214450
2019-05-20,43950.0,214450
2019-05-21,45150.0,214450
2019-05-22,44850.0,214450
2019-05-23,44700.0,214450
2019-05-24,44450.0,214450
2019-05-27,46150.0,214450
2019-05-28,50700.0,214450
2019-05-29,49350.0,214450
2019-05-30,47800.0,214450
2019-05-31,49500.0,214450
2019-06-03,48850.0,214450
2019-06-04,48850.0,214450
2019-06-05,49550.0,214450
2019-06-07,48750.0,214450
2019-06-10,49750.0,214450
2019-06-11,51700.0,214450
2019-06-12,49700.0,214450
2019-06-13,48600.0,214450
2019-06-14,48550.0,214450
2019-06-17,47950.0,214450
2019-06-18,46100.0,214450
2019-06-19,46000.0,214450
2019-06-20,46500.0,214450
2019-06-21,45800.0,214450
2019-06-24,44050.0,214450
2019-06-25,43450.0,214450
2019-06-26,43400.0,214450
2019-06-27,43100.0,214450
2019-06-28,41900.0,214450
2019-07-01,44000.0,214450
2019-07-02,43100.0,214450
2019-07-03,42000.0,214450
2019-07-04,42450.0,214450
2019-07-05,42200.0,214450
2019-07-08,40600.0,214450
2019-07-09,39650.0,214450
2019-07-10,40050.0,214450
2019-07-11,40700.0,214450
2019-07-12,41150.0,214450
2019-07-15,40850.0,214450
2019-07-16,41250.0,214450
2019-07-17,40600.0,214450
2019-07-18,39400.0,214450
2019-07-19,39800.0,214450
2019-07-22,38700.0,214450
2019-07-23,38000.0,214450
2019-07-24,37750.0,214450
2019-07-25,36750.0,214450
2019-07-26,37200.0,214450
2019-07-29,35850.0,214450
2019-07-30,36000.0,214450
2019-07-31,35400.0,214450
2019-08-01,35750.0,214450
2019-08-02,35050.0,214450
2019-08-05,32250.0,214450
2019-08-06,32750.0,214450
2019-08-07,33150.0,214450
2019-08-08,34500.0,214450
2019-08-09,34950.0,214450
2019-08-12,35400.0,214450
2019-08-13,34800.0,214450
2019-08-14,35550.0,214450
2019-08-16,34600.0,214450
2019-08-19,34750.0,214450
2019-08-20,36150.0,214450
2019-08-21,36350.0,214450
2019-08-22,34400.0,214450
2019-08-23,33950.0,214450
2019-08-26,31500.0,214450
2019-08-27,31650.0,214450
2019-08-28,33700.0,214450
2019-08-29,33550.0,214450
2019-08-30,34550.0,214450
2019-09-02,35000.0,214450
2019-09-03,34100.0,214450
2019-09-04,34450.0,214450
2019-09-05,34200.0,214450
2019-09-06,33800.0,214450
2019-09-09,33600.0,214450
2019-09-10,33600.0,214450
2019-09-11,34250.0,214450
2019-09-16,34750.0,214450
2019-09-17,35050.0,214450
2019-09-18,34850.0,214450
2019-09-19,34500.0,214450
2019-09-20,34300.0,214450
2019-09-23,33750.0,214450
2019-09-24,33800.0,214450
2019-09-25,33050.0,214450
2019-09-26,32850.0,214450
2019-09-27,32700.0,214450
2019-09-30,31850.0,214450
2019-10-01,33100.0,214450
2019-10-02,32350.0,214450
2019-10-04,32300.0,214450
2019-10-07,32500.0,214450
2019-10-08,33550.0,214450
2019-10-10,33050.0,214450
2019-10-11,33050.0,214450
2019-10-14,33950.0,214450
2019-10-15,34650.0,214450
2019-10-16,35250.0,214450
2019-10-17,34750.0,214450
2019-10-18,34100.0,214450
2019-10-21,33650.0,214450
2019-10-22,34250.0,214450
2019-10-23,34350.0,214450
2019-10-24,34250.0,214450
2019-10-25,33950.0,214450
2019-10-28,34700.0,214450
2019-10-29,34100.0,214450
2019-10-30,33800.0,214450
2019-10-31,33300.0,214450
2019-11-01,33950.0,214450
2019-11-04,35450.0,214450
2019-11-05,35450.0,214450
2019-11-06,36150.0,214450
2019-11-07,36200.0,214450
2019-11-08,35200.0,214450
2019-11-11,34950.0,214450
2019-11-12,34950.0,214450
2019-11-13,34850.0,214450
2019-11-14,34800.0,214450
2019-11-15,35300.0,214450
2019-11-18,35200.0,214450
2019-11-19,34350.0,214450
2019-11-20,33500.0,214450
2019-11-21,32650.0,214450
2019-11-22,32700.0,214450
2019-11-25,34200.0,214450
2019-11-26,33600.0,214450
2019-11-27,33900.0,214450
2019-11-28,34400.0,214450
2019-11-29,33700.0,214450
2019-12-02,33250.0,214450
2019-12-03,33250.0,214450
2019-12-04,33300.0,214450
2019-12-05,33650.0,214450
2019-12-06,35650.0,214450
2019-12-09,34800.0,214450
2019-12-10,34600.0,214450
2019-12-11,35500.0,214450
2019-12-12,36050.0,214450
2019-12-13,36500.0,214450
2019-12-16,35500.0,214450
2019-12-17,35900.0,214450
2019-12-18,35500.0,214450
2019-12-19,35200.0,214450
2019-12-20,34550.0,214450
2019-12-23,34100.0,214450
2019-12-24,34850.0,214450
2019-12-26,35600.0,214450
2019-12-27,35850.0,214450
2019-12-30,36400.0,214450
2020-01-02,35550.0,214450
2020-01-03,35200.0,214450
2020-01-06,33750.0,214450
2020-01-07,34150.0,214450
2020-01-08,32800.0,214450
2020-01-09,34400.0,214450
2020-01-10,35400.0,214450
2020-01-13,38050.0,214450
2020-01-14,37500.0,214450
2020-01-15,37750.0,214450
2020-01-16,39800.0,214450
2020-01-17,39400.0,214450
2020-01-20,40000.0,214450
2020-01-21,38100.0,214450
2020-01-22,40750.0,214450
2020-01-23,40300.0,214450
2020-01-28,38200.0,214450
2020-01-29,38600.0,214450
2020-01-30,37900.0,214450
2020-01-31,38850.0,214450
2020-02-03,38950.0,214450
2020-02-04,39400.0,214450
2020-02-05,40400.0,214450
2020-02-06,40300.0,214450
2020-02-07,39100.0,214450
2020-02-10,39900.0,214450
2020-02-11,39400.0,214450
2020-02-12,39100.0,214450
2020-02-13,38500.0,214450
2020-02-14,39700.0,214450
2020-02-17,38800.0,214450
2020-02-18,43850.0,214450
2020-02-19,45000.0,214450
2020-02-20,44450.0,214450
2020-02-21,44950.0,214450
2020-02-24,41850.0,214450
2020-02-25,44450.0,214450
2020-02-26,44950.0,214450
2020-02-27,42850.0,214450
2020-02-28,40650.0,214450
2020-03-02,44800.0,214450
2020-03-03,47300.0,214450
2020-03-04,47500.0,214450
2020-03-05,46650.0,214450
2020-03-06,45400.0,214450
2020-03-09,43450.0,214450
2020-03-10,43950.0,214450
2020-03-11,40500.0,214450
2020-03-12,37400.0,214450
2020-03-13,35250.0,214450
2020-03-16,33250.0,214450
2020-03-17,34450.0,214450
2020-03-18,32800.0,214450
2020-03-19,31500.0,214450
2020-03-20,33400.0,214450
2020-03-23,29700.0,214450
2020-03-24,33500.0,214450
2020-03-25,34400.0,214450
2020-03-26,34450.0,214450
2020-03-27,34600.0,214450
2020-03-30,35150.0,214450
2020-03-31,38900.0,214450
2020-04-01,36800.0,214450
2020-04-02,37350.0,214450
2020-04-03,39500.0,214450
2020-04-06,41400.0,214450
2020-04-07,41400.0,214450
2020-04-08,40050.0,214450
2020-04-09,39450.0,214450
2020-04-10,39050.0,214450
2020-04-13,38000.0,214450
2020-04-14,39400.0,214450
2020-04-16,39950.0,214450
2020-04-17,40100.0,214450
2020-04-20,40100.0,214450
2020-04-21,40200.0,214450
2020-04-22,40550.0,214450
2020-04-23,40650.0,214450
2020-04-24,39600.0,214450
2020-04-27,41800.0,214450
2020-04-28,41150.0,214450
2020-04-29,42600.0,214450
2020-05-04,42250.0,214450
2020-05-06,44400.0,214450
2020-05-07,46050.0,214450
2020-05-08,45400.0,214450
2020-05-11,47750.0,214450
2020-05-12,47950.0,214450
2020-05-13,49000.0,214450
2020-05-14,46600.0,214450
2020-05-15,50500.0,214450
2020-05-18,50800.0,214450
2020-05-19,50500.0,214450
2020-05-20,54300.0,214450
2020-05-21,54300.0,214450
2020-05-22,53500.0,214450
2020-05-25,54100.0,214450
2020-05-26,53200.0,214450
2020-05-27,51400.0,214450
2020-05-28,49750.0,214450
2020-05-29,52600.0,214450
2020-06-01,55700.0,214450
2020-06-02,56800.0,214450
2020-06-03,54100.0,214450
2020-06-04,54500.0,214450
2020-06-05,55300.0,214450
2020-06-08,57700.0,214450
2020-06-09,55700.0,214450
2020-06-10,60600.0,214450
2020-06-11,60200.0,214450
2020-06-12,59500.0,214450
2020-06-15,55900.0,214450
2020-06-16,57400.0,214450
2020-06-17,57400.0,214450
2020-06-18,59900.0,214450
2020-06-19,59600.0,214450
2020-06-22,58000.0,214450
2020-06-23,58800.0,214450
2020-06-24,58300.0,214450
2020-06-25,57300.0,214450
2020-06-26,59200.0,214450
2020-06-29,56200.0,214450
2020-06-30,54300.0,214450
2020-07-01,53000.0,214450
2020-07-02,56000.0,214450
2020-07-03,56300.0,214450
2020-07-06,54600.0,214450
2020-07-07,53800.0,214450
2020-07-08,56600.0,214450
2020-07-09,58100.0,214450
2020-07-10,55800.0,214450
2020-07-13,56800.0,214450
2020-07-14,54800.0,214450
2020-07-15,54700.0,214450
2020-07-16,54400.0,214450
2020-07-17,57100.0,214450
2020-07-20,56900.0,214450
2020-07-21,58100.0,214450
2020-07-22,58500.0,214450
2020-07-23,59400.0,214450
2020-07-24,58400.0,214450
2020-07-27,58600.0,214450
2020-07-28,60000.0,214450
2020-07-29,63300.0,214450
2020-07-30,62000.0,214450
2020-07-31,59300.0,214450
2020-08-03,59300.0,214450
2020-08-04,60000.0,214450
2020-08-05,61200.0,214450
2020-08-06,60500.0,214450
2020-08-07,61000.0,214450
2020-08-10,60500.0,214450
2020-08-11,60600.0,214450
2020-08-12,58800.0,214450
2020-08-13,60600.0,214450
2020-08-14,64400.0,214450
2020-08-18,67900.0,214450
2020-08-19,76200.0,214450
2020-08-20,73600.0,214450
2020-08-21,67900.0,214450
2020-08-24,70100.0,214450
2020-08-25,70700.0,214450
2020-08-26,70600.0,214450
2020-08-27,69700.0,214450
2020-08-28,68200.0,214450
2020-08-31,69500.0,214450
2020-09-01,69600.0,214450
2020-09-02,70000.0,214450
2020-09-03,73100.0,214450
2020-09-04,71000.0,214450
2020-09-07,69400.0,214450
2020-09-08,68100.0,214450
2020-09-09,65800.0,214450
2020-09-10,67600.0,214450
2020-09-11,67000.0,214450
2020-09-14,66900.0,214450
2020-09-15,68400.0,214450
2020-09-16,68700.0,214450
2020-09-17,68000.0,214450
2020-09-18,67800.0,214450
2020-09-21,66600.0,214450
2020-09-22,63500.0,214450
2020-09-23,63800.0,214450
2020-09-24,60500.0,214450
2020-09-25,58200.0,214450
2020-09-28,59700.0,214450
2020-09-29,62000.0,214450
2020-10-05,63300.0,214450
2020-10-06,63400.0,214450
2020-10-07,63000.0,214450
2020-10-08,63000.0,214450
2020-10-12,66400.0,214450
2020-10-13,67700.0,214450
2020-10-14,65400.0,214450
2020-10-15,64700.0,214450
2020-10-16,62900.0,214450
2020-10-19,61800.0,214450
2020-10-20,63900.0,214450
2020-10-21,64500.0,214450
2020-10-22,62200.0,214450
2020-10-23,61800.0,214450
2020-10-26,60500.0,214450
2020-10-27,61000.0,214450
2020-10-28,61700.0,214450
2020-10-29,61000.0,214450
2020-10-30,59800.0,214450
2020-11-02,59800.0,214450
2020-11-03,61500.0,214450
2020-11-04,62100.0,214450
2020-11-05,62800.0,214450
2020-11-06,61600.0,214450
2020-11-09,62300.0,214450
2020-11-10,62200.0,214450
2020-11-11,64700.0,214450
2020-11-12,62600.0,214450
2020-11-13,61300.0,214450
2020-11-16,60200.0,214450
2020-11-17,59000.0,214450
2020-11-18,60400.0,214450
2020-11-19,59300.0,214450
2020-11-20,60300.0,214450
2020-11-23,61300.0,214450
2020-11-24,60600.0,214450
2020-11-25,59700.0,214450
2020-11-26,59900.0,214450
2020-11-27,60800.0,214450
2020-11-30,59100.0,214450
2020-12-01,59100.0,214450
2020-12-02,57600.0,214450
2020-12-03,57100.0,214450
2020-12-04,56600.0,214450
2020-12-07,58100.0,214450
2020-12-08,57400.0,214450
2020-12-09,56900.0,214450
2020-12-10,57200.0,214450
2020-12-11,59800.0,214450
2020-12-14,59000.0,214450
2020-12-15,59000.0,214450
2020-12-16,58400.0,214450
2020-12-17,58800.0,214450
2020-12-18,59000.0,214450
2020-12-21,57300.0,214450
2020-12-22,56100.0,214450
2020-12-23,55600.0,214450
2020-12-24,56200.0,214450
2020-12-28,58500.0,214450
2020-12-29,57400.0,214450
2020-12-30,57200.0,214450
2021-01-04,57200.0,214450
2021-01-05,56700.0,214450
2021-01-06,55800.0,214450
2021-01-07,55800.0,214450
2021-01-08,53900.0,214450
2021-01-11,55200.0,214450
2021-01-12,55400.0,214450
2021-01-13,56400.0,214450
2021-01-14,56700.0,214450
2021-01-15,57000.0,214450
2021-01-18,56400.0,214450
2021-01-19,57100.0,214450
2021-01-20,59700.0,214450
2021-01-21,60600.0,214450
2021-01-22,60500.0,214450
2021-01-25,61500.0,214450
2021-01-26,61000.0,214450
2021-01-27,60500.0,214450
2021-01-28,61300.0,214450
2021-01-29,61600.0,214450
2021-02-01,64900.0,214450
2021-02-02,64900.0,214450
2021-02-03,63600.0,214450
2021-02-04,61500.0,214450
2021-02-05,62400.0,214450
2021-02-08,62500.0,214450
2021-02-09,63800.0,214450
2021-02-10,64700.0,214450
2021-02-15,64000.0,214450
2021-02-16,63200.0,214450
2021-02-17,62000.0,214450
2021-02-18,60800.0,214450
2021-02-19,60600.0,214450
2021-02-22,62800.0,214450
2021-02-23,60700.0,214450
2021-02-24,57700.0,214450
2021-02-25,58200.0,214450
2021-02-26,56200.0,214450
2021-03-02,56500.0,214450
2021-03-03,59300.0,214450
2021-03-04,60700.0,214450
2021-03-05,61300.0,214450
2021-03-08,59900.0,214450
2021-03-09,58800.0,214450
2021-03-10,58000.0,214450
2021-03-11,58800.0,214450
2021-03-12,58500.0,214450
2021-03-15,58400.0,214450
2021-03-16,61200.0,214450
2021-03-17,62300.0,214450
2021-03-18,61000.0,214450
2021-03-19,61500.0,214450
2021-03-22,62800.0,214450
2021-03-23,66500.0,214450
2021-03-24,70900.0,214450
2021-03-25,68100.0,214450
2021-03-26,68100.0,214450
2021-03-29,66400.0,214450
2021-03-30,67500.0,214450
2021-03-31,66300.0,214450
2021-04-01,70000.0,214450
2021-04-02,69900.0,214450
2021-04-05,69100.0,214450
2021-04-06,68600.0,214450
2021-04-07,68900.0,214450
2021-04-08,67800.0,214450
2021-04-09,69600.0,214450
2021-04-12,70200.0,214450
2021-04-13,73600.0,214450
2021-04-14,73600.0,214450
2021-04-15,73400.0,214450
2021-04-16,72100.0,214450
2021-04-19,70900.0,214450
2021-04-20,73700.0,214450
2021-04-21,73200.0,214450
2021-04-22,72600.0,214450
2021-04-23,72100.0,214450
2021-04-26,75100.0,214450
2021-04-27,75000.0,214450
2021-04-28,73500.0,214450
2021-04-29,70900.0,214450
2021-04-30,70000.0,214450
2021-05-03,69100.0,214450
2021-05-04,69000.0,214450
2021-05-06,69100.0,214450
2021-05-07,69400.0,214450
2021-05-10,69500.0,214450
2021-05-11,71300.0,214450
2021-05-12,70400.0,214450
2021-05-13,69700.0,214450
2021-05-14,73000.0,214450
2021-05-17,76500.0,214450
2021-05-18,79400.0,214450
2021-05-20,80100.0,214450
2021-05-21,79300.0,214450
2021-05-24,81400.0,214450
2021-05-25,83000.0,214450
2021-05-26,83000.0,214450
2021-05-27,83800.0,214450
2021-05-28,83300.0,214450
2021-05-31,84200.0,214450
2021-06-01,84400.0,214450
2021-06-02,82400.0,214450
2021-06-03,85000.0,214450
2021-06-04,81400.0,214450
2021-06-07,82900.0,214450
2021-06-08,84600.0,214450
2021-06-09,86500.0,214450
2021-06-10,90500.0,214450
2021-06-11,92300.0,214450
2021-06-14,93200.0,214450
2021-06-15,93700.0,214450
2021-06-16,93700.0,214450
2021-06-17,93200.0,214450
2021-06-18,93600.0,214450
2021-06-21,90400.0,214450
2021-06-22,90700.0,214450
2021-06-23,92000.0,214450
2021-06-24,88400.0,214450
2021-06-25,87800.0,214450
2021-06-28,89000.0,214450
2021-06-29,87800.0,214450
2021-06-30,90000.0,214450
2021-07-01,90200.0,214450
2021-07-02,88500.0,214450
2021-07-05,88700.0,214450
2021-07-06,86000.0,214450
2021-07-07,86700.0,214450
2021-07-08,86300.0,214450
2021-07-09,85200.0,214450
2021-07-12,85200.0,214450
2021-07-13,83800.0,214450
2021-07-14,84300.0,214450
2021-07-15,89800.0,214450
2021-07-16,88000.0,214450
2021-07-19,86100.0,214450
2021-07-20,84500.0,214450
2021-07-21,86300.0,214450
2021-07-22,85500.0,214450
2021-07-23,88400.0,214450
2021-07-26,85600.0,214450
2021-07-27,85900.0,214450
2021-07-28,84800.0,214450
2021-07-29,87600.0,214450
2021-07-30,88800.0,214450
2021-08-02,91100.0,214450
2021-08-03,90500.0,214450
2021-08-04,91400.0,214450
2021-08-05,89800.0,214450
2021-08-06,89700.0,214450
2021-08-09,90000.0,214450
2021-08-10,90300.0,214450
2021-08-11,94800.0,214450
2021-08-12,96900.0,214450
2021-08-13,97000.0,214450
2021-08-17,90300.0,214450
2021-08-18,94400.0,214450
2021-08-19,93600.0,214450
2021-08-20,90300.0,214450
2021-08-23,97200.0,214450
2021-08-24,98700.0,214450
2021-08-25,98700.0,214450
2021-08-26,99800.0,214450
2021-08-27,97800.0,214450
2021-08-30,96800.0,214450
2021-08-31,96900.0,214450
2021-09-01,97200.0,214450
2021-09-02,98500.0,214450
2021-09-03,96600.0,214450
2021-09-06,95400.0,214450
2021-09-07,94000.0,214450
2021-09-08,91700.0,214450
2021-09-09,92800.0,214450
2021-09-10,92900.0,214450
2021-09-13,91700.0,214450
2021-09-14,91800.0,214450
2021-09-15,93600.0,214450
2021-09-16,91300.0,214450
2021-09-17,91800.0,214450
2021-09-23,89300.0,214450
2021-09-24,89700.0,214450
2021-09-27,88100.0,214450
2021-09-28,86900.0,214450
2021-09-29,84900.0,214450
2021-09-30,84700.0,214450
2021-10-01,81900.0,214450
2021-10-05,80100.0,214450
2021-10-06,80200.0,214450
2021-10-07,84400.0,214450
2021-10-08,82500.0,214450
2021-10-12,83000.0,214450
2021-10-13,82800.0,214450
2021-10-14,86800.0,214450
2021-10-15,86700.0,214450
2021-10-18,86400.0,214450
2021-10-19,88500.0,214450
2021-10-20,90200.0,214450
2021-10-21,88900.0,214450
2021-10-22,88100.0,214450
2021-10-25,88500.0,214450
2021-10-26,90700.0,214450
2021-10-27,92800.0,214450
2021-10-28,92100.0,214450
2021-10-29,92000.0,214450
2021-11-01,90500.0,214450
2021-11-02,90700.0,214450
2021-11-03,88700.0,214450
2021-11-04,88200.0,214450
2021-11-05,88300.0,214450
2021-11-08,89300.0,214450
2021-11-09,87200.0,214450
2021-11-10,80400.0,214450
2021-11-11,79200.0,214450
2021-11-12,79900.0,214450
2021-11-15,79500.0,214450
2021-11-16,79800.0,214450
2021-11-17,78800.0,214450
2021-11-18,75600.0,214450
2021-11-19,76600.0,214450
2021-11-22,77000.0,214450
2021-11-23,77800.0,214450
2021-11-24,77700.0,214450
2021-11-25,79100.0,214450
2021-11-26,79000.0,214450
2021-11-29,78400.0,214450
2021-11-30,77200.0,214450
2021-12-01,75200.0,214450
2021-12-02,76200.0,214450
2021-12-03,78900.0,214450
2021-12-06,78200.0,214450
2021-12-07,79600.0,214450
2021-12-08,80200.0,214450
2021-12-09,81200.0,214450
2021-12-10,78500.0,214450
2021-12-13,77000.0,214450
2021-12-14,76800.0,214450
2021-12-15,77600.0,214450
2021-12-16,78600.0,214450
2021-12-17,76800.0,214450
2021-12-20,77000.0,214450
2021-12-21,79000.0,214450
2021-12-22,79300.0,214450
2021-12-23,78700.0,214450
2021-12-24,78000.0,214450
2021-12-27,80900.0,214450
2021-12-28,83500.0,214450
2021-12-29,82800.0,214450
2021-12-30,82000.0,214450
2022-01-03,82000.0,214450
2022-01-04,79800.0,214450
2022-01-05,78100.0,214450
2022-01-06,77600.0,214450
2022-01-07,78300.0,214450
2022-01-10,77900.0,214450
2022-01-11,78700.0,214450
2022-01-12,79800.0,214450
2022-01-13,78600.0,214450
2022-01-14,79000.0,214450
2022-01-17,78900.0,214450
2022-01-18,77200.0,214450
2022-01-19,76200.0,214450
2022-01-20,78000.0,214450
2022-01-21,76700.0,214450
2022-01-24,76500.0,214450
2022-01-25,75400.0,214450
2022-01-26,74600.0,214450
2022-01-27,73500.0,214450
2022-01-28,75400.0,214450
2022-02-03,76800.0,214450
2022-02-04,78100.0,214450
2022-02-07,76900.0,214450
2022-02-08,76600.0,214450
2022-02-09,81100.0,214450
2022-02-10,79100.0,214450
2022-02-11,78500.0,214450
2022-02-14,78100.0,214450
2022-02-15,76400.0,214450
2022-02-16,81200.0,214450
2022-02-17,86400.0,214450
2022-02-18,85100.0,214450
2022-02-21,87000.0,214450
2022-02-22,84400.0,214450
2022-02-23,86900.0,214450
2022-02-24,86100.0,214450
2022-02-25,87100.0,214450
2022-02-28,87400.0,214450
2022-03-02,86200.0,214450
2022-03-03,88200.0,214450
2022-03-04,87100.0,214450
2022-03-07,85700.0,214450
2022-03-08,85200.0,214450
2022-03-10,87800.0,214450
2022-03-11,88000.0,214450
2022-03-14,86300.0,214450
2022-03-15,88000.0,214450
2022-03-16,92100.0,214450
2022-03-17,92000.0,214450
2022-03-18,92000.0,214450
2022-03-21,91500.0,214450
2022-03-22,91300.0,214450
2022-03-23,91600.0,214450
2022-03-24,92000.0,214450
2022-03-25,91900.0,214450
2022-03-28,89900.0,214450
2022-03-29,90700.0,214450
2022-03-30,92800.0,214450
2022-03-31,91800.0,214450
2022-04-01,93000.0,214450
2022-04-04,93500.0,214450
2022-04-05,97000.0,214450
2022-04-06,96300.0,214450
2022-04-07,96800.0,214450
2022-04-08,98400.0,214450
2022-04-11,98300.0,214450
2022-04-12,97000.0,214450
2022-04-13,96800.0,214450
2022-04-14,95800.0,214450
2022-04-15,97300.0,214450
2022-04-18,96700.0,214450
2022-04-19,96900.0,214450
2022-04-20,96600.0,214450
2022-04-21,95100.0,214450
2022-04-22,94700.0,214450
2022-04-25,92000.0,214450
2022-04-26,93100.0,214450
2022-04-27,90600.0,214450
2022-04-28,91000.0,214450
2022-04-29,93000.0,214450
2022-05-02,90200.0,214450
2022-05-03,89900.0,214450
2022-05-04,88200.0,214450
2022-05-06,87500.0,214450
2022-05-09,84800.0,214450
2022-05-10,84700.0,214450
2022-05-11,85400.0,214450
2022-05-12,80600.0,214450
2022-05-13,82100.0,214450
2022-05-16,81700.0,214450
2022-05-17,81400.0,214450
2022-05-18,80200.0,214450
2022-05-19,79100.0,214450
2022-05-20,81600.0,214450
2022-05-23,81200.0,214450
2022-05-24,79600.0,214450
2022-05-25,84000.0,214450
2022-05-26,82500.0,214450
2022-05-27,82900.0,214450
2022-05-30,82900.0,214450
2022-05-31,82700.0,214450
2022-06-02,80200.0,214450
2022-06-03,80200.0,214450
2022-06-07,77900.0,214450
2022-06-08,77800.0,214450
2022-06-09,77300.0,214450
2022-06-10,76500.0,214450
2022-06-13,73400.0,214450
2022-06-14,73000.0,214450
2022-06-15,71700.0,214450
2022-06-16,71700.0,214450
2022-06-17,72200.0,214450
2022-06-20,70400.0,214450
2022-06-21,72800.0,214450
2022-06-22,70900.0,214450
2022-06-23,69500.0,214450
2022-06-24,73400.0,214450
2022-06-27,72300.0,214450
2022-06-28,71800.0,214450
2022-06-29,69700.0,214450
2022-06-30,67400.0,214450
2022-07-01,65700.0,214450
2022-07-04,65300.0,214450
2022-07-05,67700.0,214450
2022-07-06,65900.0,214450
2022-07-07,66400.0,214450
2022-07-08,65600.0,214450
2022-07-11,65500.0,214450
2022-07-12,62200.0,214450
2022-07-13,65000.0,214450
2022-07-14,66400.0,214450
2022-07-15,64400.0,214450
2022-07-18,66600.0,214450
2022-07-19,66200.0,214450
2022-07-20,67200.0,214450
2022-07-21,65600.0,214450
2022-07-22,65100.0,214450
2022-07-25,66800.0,214450
2022-07-26,71100.0,214450
2022-07-27,71300.0,214450
2022-07-28,71500.0,214450
2022-07-29,72600.0,214450
2022-08-01,71400.0,214450
2022-08-02,71400.0,214450
2022-08-03,71000.0,214450
2022-08-04,71600.0,214450
2022-08-05,72000.0,214450
2022-08-08,69700.0,214450
2022-08-09,69300.0,214450
2022-08-10,68200.0,214450
2022-08-11,69000.0,214450
2022-08-12,69000.0,214450
2022-08-16,71200.0,214450
2022-08-17,71700.0,214450
2022-08-18,72300.0,214450
2022-08-19,69800.0,214450
2022-08-22,67800.0,214450
2022-08-23,66400.0,214450
2022-08-24,66700.0,214450
2022-08-25,67600.0,214450
2022-08-26,66300.0,214450
2022-08-29,63600.0,214450
2022-08-30,67400.0,214450
2022-08-31,67500.0,214450
2022-09-01,65800.0,214450
2022-09-02,65500.0,214450
2022-09-05,64900.0,214450
2022-09-06,64800.0,214450
2022-09-07,63000.0,214450
2022-09-08,64100.0,214450
2022-09-13,65400.0,214450
2022-09-14,64500.0,214450
2022-09-15,63500.0,214450
2022-09-16,62400.0,214450
2022-09-19,62100.0,214450
2022-09-20,63200.0,214450
2022-09-21,62000.0,214450
2022-09-22,61300.0,214450
2022-09-23,60000.0,214450
2022-09-26,57500.0,214450
2022-09-27,58100.0,214450
2022-09-28,56700.0,214450
2022-09-29,56000.0,214450
2022-09-30,56600.0,214450
2022-10-04,60100.0,214450
2022-10-05,59600.0,214450
2022-10-06,60200.0,214450
2022-10-07,59700.0,214450
2022-10-11,57200.0,214450
2022-10-12,57100.0,214450
2022-10-13,55500.0,214450
2022-10-14,59000.0,214450
2022-10-17,58200.0,214450
2022-10-18,59100.0,214450
2022-10-19,58000.0,214450
2022-10-20,57900.0,214450
2022-10-21,58400.0,214450
2022-10-24,61500.0,214450
2022-10-25,61000.0,214450
2022-10-26,60600.0,214450
2022-10-27,61000.0,214450
2022-10-28,59900.0,214450
2022-10-31,61500.0,214450
2022-11-01,61400.0,214450
2022-11-02,61300.0,214450
2022-11-03,61300.0,214450
2022-11-04,61400.0,214450
2022-11-07,62100.0,214450
2022-11-08,63900.0,214450
2022-11-09,63500.0,214450
2022-11-10,63800.0,214450
2022-11-11,64600.0,214450
2022-11-14,62300.0,214450
2022-11-15,64000.0,214450
2022-11-16,65000.0,214450
2022-11-17,65100.0,214450
2022-11-18,66000.0,214450
2022-11-21,65500.0,214450
2022-11-22,64200.0,214450
2022-11-23,66600.0,214450
2022-11-24,66000.0,214450
2022-11-25,65500.0,214450
2022-11-28,63800.0,214450
2022-11-29,65900.0,214450
2022-11-30,67000.0,214450
2022-12-01,67400.0,214450
2022-12-02,66500.0,214450
2022-12-05,68900.0,214450
2022-12-06,67500.0,214450
2022-12-07,68800.0,214450
2022-12-08,66600.0,214450
2022-12-09,68700.0,214450
2022-12-12,67500.0,214450
2022-12-13,69200.0,214450
2022-12-14,69100.0,214450
2022-12-15,68700.0,214450
2022-12-16,67500.0,214450
2022-12-19,68800.0,214450
2022-12-20,68000.0,214450
2022-12-21,68700.0,214450
2022-12-22,70600.0,214450
2022-12-23,67800.0,214450
2022-12-26,70700.0,214450
2022-12-27,70100.0,214450
2022-12-28,71100.0,214450
2022-12-29,69900.0,214450
2023-01-02,68000.0,214450
2023-01-03,69200.0,214450
2023-01-04,69600.0,214450
2023-01-05,68000.0,214450
2023-01-06,66200.0,214450
2023-01-09,68400.0,214450
2023-01-10,67000.0,214450
2023-01-11,68400.0,214450
2023-01-12,68300.0,214450
2023-01-13,67600.0,214450
2023-01-16,68800.0,214450
2023-01-17,67500.0,214450
2023-01-18,71900.0,214450
2023-01-19,72600.0,214450
2023-01-20,77400.0,214450
2023-01-25,77300.0,214450
2023-01-26,76200.0,214450
2023-01-27,75900.0,214450
2023-01-30,74500.0,214450
2023-01-31,77200.0,214450
2023-02-01,77600.0,214450
2023-02-02,78100.0,214450
2023-02-03,77600.0,214450
2023-02-06,77000.0,214450
2023-02-07,77300.0,214450
2023-02-08,76400.0,214450
2023-02-09,77700.0,214450
2023-02-10,74500.0,214450
2023-02-13,74900.0,214450
2023-02-14,75700.0,214450
2023-02-15,74700.0,214450
2023-02-16,76800.0,214450
2023-02-17,75700.0,214450
2023-02-20,76600.0,214450
2023-02-21,75300.0,214450
2023-02-22,74100.0,214450
2023-02-23,74500.0,214450
2023-02-24,73200.0,214450
2023-02-27,73900.0,214450
2023-02-28,74400.0,214450
2023-03-02,74300.0,214450
2023-03-03,76700.0,214450
2023-03-06,75200.0,214450
2023-03-07,74700.0,214450
2023-03-08,73100.0,214450
2023-03-09,74200.0,214450
2023-03-10,71900.0,214450
2023-03-13,71800.0,214450
2023-03-14,70000.0,214450
2023-03-15,70100.0,214450
2023-03-16,71900.0,214450
2023-03-17,70600.0,214450
2023-03-20,71500.0,214450
2023-03-21,70200.0,214450
2023-03-22,69800.0,214450
2023-03-23,69800.0,214450
2023-03-24,69300.0,214450
2023-03-27,70800.0,214450
2023-03-28,69600.0,214450
2023-03-29,69700.0,214450
2023-03-30,70600.0,214450
2023-03-31,70200.0,214450
2023-04-03,75100.0,214450
2023-04-04,83700.0,214450
2023-04-05,87900.0,214450
2023-04-06,87100.0,214450
2023-04-07,86800.0,214450
2023-04-10,85500.0,214450
2023-04-11,88800.0,214450
2023-04-12,90600.0,214450
2023-04-13,90600.0,214450
2023-04-14,96200.0,214450
2023-04-17,98700.0,214450
2023-04-18,103100.0,214450
2023-04-19,102600.0,214450
2023-04-20,98400.0,214450
2023-04-21,99100.0,214450
2023-04-24,99800.0,214450
2023-04-25,99100.0,214450
2023-04-26,99000.0,214450
2023-04-27,99900.0,214450
2023-04-28,101000.0,214450
2023-05-02,103800.0,214450
2023-05-03,103500.0,214450
2023-05-04,100900.0,214450
2023-05-08,101800.0,214450
2023-05-09,100200.0,214450
2023-05-10,100200.0,214450
2023-05-11,101000.0,214450
2023-05-12,97500.0,214450
2023-05-15,102900.0,214450
2023-05-16,113200.0,214450
2023-05-17,118700.0,214450
2023-05-18,119400.0,214450
2023-05-19,117600.0,214450
2023-05-22,114500.0,214450
2023-05-23,116500.0,214450
2023-05-24,115900.0,214450
2023-05-25,113500.0,214450
2023-05-26,114800.0,214450
2023-05-30,113600.0,214450
2023-05-31,114700.0,214450
2023-06-01,120000.0,214450
2023-06-02,122500.0,214450
2023-06-05,122400.0,214450
2023-06-07,123500.0,214450
2023-06-08,123900.0,214450
2023-06-09,130000.0,214450
2023-06-12,134000.0,214450
2023-06-13,136100.0,214450
2023-06-14,134400.0,214450
2023-06-15,137100.0,214450
2023-06-16,138200.0,214450
2023-06-19,137000.0,214450
2023-06-20,139800.0,214450
2023-06-21,139500.0,214450
2023-06-22,139700.0,214450
2023-06-23,139500.0,214450
2023-06-26,138400.0,214450
2023-06-27,139900.0,214450
2023-06-28,139800.0,214450
2023-06-29,142300.0,214450
2023-06-30,143700.0,214450
2023-07-03,133000.0,214450
2023-07-04,133600.0,214450
2023-07-05,132700.0,214450
2023-07-06,129200.0,214450
2023-07-07,127700.0,214450
2023-07-10,125200.0,214450
2023-07-11,128300.0,214450
2023-07-12,130100.0,214450
2023-07-13,132300.0,214450
2023-07-14,130500.0,214450
2023-07-17,124900.0,214450
2023-07-18,124700.0,214450
2023-07-19,124400.0,214450
2023-07-20,126800.0,214450
2023-07-21,124500.0,214450
2023-07-24,131300.0,214450
2023-07-25,128300.0,214450
2023-07-26,118000.0,214450
2023-07-27,124200.0,214450
2023-07-28,126900.0,214450
2023-07-31,133200.0,214450
2023-08-01,134000.0,214450
2023-08-02,133200.0,214450
2023-08-03,134000.0,214450
2023-08-04,140100.0,214450
2023-08-07,138700.0,214450
2023-08-08,142300.0,214450
2023-08-09,140500.0,214450
2023-08-10,154400.0,214450
2023-08-11,149000.0,214450
2023-08-14,146900.0,214450
2023-08-16,142800.0,214450
2023-08-17,138800.0,214450
2023-08-18,136900.0,214450
2023-08-21,140400.0,214450
2023-08-22,139900.0,214450
2023-08-23,139200.0,214450
2023-08-24,143500.0,214450
2023-08-25,140800.0,214450
2023-08-28,141500.0,214450
2023-08-29,142900.0,214450
2023-08-30,140400.0,214450
2023-08-31,144900.0,214450
2023-09-01,132900.0,214450
2023-09-04,129100.0,214450
2023-09-05,126200.0,214450
2023-09-06,127700.0,214450
2023-09-07,125200.0,214450
2023-09-08,129500.0,214450
2023-09-11,129100.0,214450
2023-09-12,127000.0,214450
2023-09-13,123800.0,214450
2023-09-14,125200.0,214450
2023-09-15,128000.0,214450
2023-09-18,125200.0,214450
2023-09-19,124700.0,214450
2023-09-20,121900.0,214450
2023-09-21,118400.0,214450
2023-09-22,117600.0,214450
2023-09-25,119900.0,214450
2023-09-26,121200.0,214450
2023-09-27,126500.0,214450
2023-10-04,119200.0,214450
2023-10-05,121200.0,214450
2023-10-06,125100.0,214450
2023-10-10,115000.0,214450
2023-10-11,114800.0,214450
2023-10-12,120800.0,214450
2023-10-13,112400.0,214450
2023-10-16,113600.0,214450
2023-10-17,115200.0,214450
2023-10-18,112600.0,214450
2023-10-19,109600.0,214450
2023-10-20,106700.0,214450
2023-10-23,109200.0,214450
2023-10-24,113000.0,214450
2023-10-25,113800.0,214450
2023-10-26,110100.0,214450
2023-10-27,116600.0,214450
2023-10-30,119300.0,214450
2023-10-31,116400.0,214450
2023-11-01,119600.0,214450
2023-11-02,120500.0,214450
2023-11-03,118500.0,214450
2023-11-06,119600.0,214450
2023-11-07,114000.0,214450
2023-11-08,120100.0,214450
2023-11-09,124200.0,214450
2023-11-10,121700.0,214450
2023-11-13,117100.0,214450
2023-11-14,118800.0,214450
2023-11-15,115900.0,214450
2023-11-16,120500.0,214450
2023-11-17,115500.0,214450
2023-11-20,115800.0,214450
2023-11-21,112200.0,214450
2023-11-22,111200.0,214450
2023-11-23,113000.0,214450
2023-11-24,113000.0,214450
2023-11-27,110100.0,214450
2023-11-28,111800.0,214450
2023-11-29,110500.0,214450
2023-11-30,108400.0,214450
2023-12-01,106300.0,214450
2023-12-04,105000.0,214450
2023-12-05,105500.0,214450
2023-12-06,103400.0,214450
2023-12-07,101700.0,214450
2023-12-08,104500.0,214450
2023-12-11,106900.0,214450
2023-12-12,106300.0,214450
2023-12-13,104500.0,214450
2023-12-14,107700.0,214450
2023-12-15,105500.0,214450
2023-12-18,110100.0,214450
2023-12-19,111200.0,214450
2023-12-20,109200.0,214450
2023-12-21,109700.0,214450
2023-12-22,110000.0,214450
2023-12-26,108300.0,214450
2023-12-27,107600.0,214450
2023-12-28,109500.0,214450
2024-01-02,110600.0,214450
2024-01-03,109200.0,214450
2024-01-04,109500.0,214450
2024-01-05,106200.0,214450
2024-01-08,105700.0,214450
2024-01-09,113900.0,214450
2024-01-10,121100.0,214450
2024-01-11,120800.0,214450
2024-01-12,120300.0,214450
2024-01-15,119500.0,214450
2024-01-16,117500.0,214450
2024-01-17,113800.0,214450
2024-01-18,117000.0,214450
2024-01-19,117200.0,214450
2024-01-22,112200.0,214450
2024-01-23,113800.0,214450
2024-01-24,113000.0,214450
2024-01-25,112600.0,214450
2024-01-26,112400.0,214450
2024-01-29,107400.0,214450
2024-01-30,108300.0,214450
2024-01-31,105300.0,214450
2024-02-01,103800.0,214450
2024-02-02,101300.0,214450
2024-02-05,98300.0,214450
2024-02-06,101200.0,214450
2024-02-07,100000.0,214450
2024-02-08,103300.0,214450
2024-02-13,97200.0,214450
2024-02-14,95500.0,214450
2024-02-15,95800.0,214450
2024-02-16,96600.0,214450
2024-02-19,92000.0,214450
2024-02-20,91500.0,214450
2024-02-21,94600.0,214450
2024-02-22,92400.0,214450
2024-02-23,94700.0,214450
2024-02-26,95500.0,214450
2024-02-27,92000.0,214450
2024-02-28,95200.0,214450
2024-02-29,93900.0,214450
2024-03-04,92800.0,214450
2024-03-05,91800.0,214450
2024-03-06,92400.0,214450
2024-03-07,89700.0,214450
2024-03-08,89200.0,214450
2024-03-11,89100.0,214450
2024-03-12,90700.0,214450
2024-03-13,92700.0,214450
2024-03-14,93400.0,214450
2024-03-15,91300.0,214450
2024-03-18,92600.0,214450
2024-03-19,93700.0,214450
2024-03-20,92000.0,214450
2024-03-21,91000.0,214450
2024-03-22,91000.0,214450
2024-03-25,98700.0,214450
2024-03-26,97900.0,214450
2024-03-27,99800.0,214450
2024-03-28,99200.0,214450
2024-03-29,100900.0,214450
2024-04-01,108000.0,214450
2024-04-02,103500.0,214450
2024-04-03,108400.0,214450
2024-04-04,109900.0,214450
2024-04-05,113600.0,214450
2024-04-08,110700.0,214450
2024-04-09,118500.0,214450
2024-04-11,123800.0,214450
2024-04-12,127300.0,214450
2024-04-15,125900.0,214450
2024-04-16,124500.0,214450
2024-04-17,128000.0,214450
2024-04-18,126100.0,214450
2024-04-19,129500.0,214450
2024-04-22,124900.0,214450
2024-04-23,117700.0,214450
2024-04-24,115500.0,214450
2024-04-25,113300.0,214450
2024-04-26,118800.0,214450
2024-04-29,128500.0,214450
2024-04-30,127600.0,214450
2024-05-02,128600.0,214450
2024-05-03,139600.0,214450
2024-05-07,134900.0,214450
2024-05-08,135800.0,214450
2024-05-09,140800.0,214450
2024-05-10,143000.0,214450
2024-05-13,140400.0,214450
2024-05-14,146400.0,214450
2024-05-16,137300.0,214450
2024-05-17,137700.0,214450
2024-05-20,138000.0,214450
2024-05-21,135900.0,214450
2024-05-22,132400.0,214450
2024-05-23,135300.0,214450
2024-05-24,138200.0,214450
2024-05-27,136400.0,214450
2024-05-28,133300.0,214450
2024-05-29,134600.0,214450
2024-05-30,141100.0,214450
2024-05-31,146100.0,214450
2024-06-03,130700.0,214450
2024-06-04,130300.0,214450
2024-06-05,127700.0,214450
2024-06-07,130800.0,214450
2024-06-10,131500.0,214450
2024-06-11,127500.0,214450
2024-06-12,134800.0,214450
2024-06-13,137700.0,214450
2024-06-14,131800.0,214450
2024-06-17,139300.0,214450
2024-06-18,137900.0,214450
2024-06-19,138800.0,214450
2024-06-20,143800.0,214450
2024-06-21,143800.0,214450
2024-06-24,153600.0,214450
2024-06-25,148900.0,214450
2024-06-26,151800.0,214450
2024-06-27,156200.0,214450
2024-06-28,148800.0,214450
2024-07-01,149000.0,214450
2024-07-02,143700.0,214450
2024-07-03,139700.0,214450
2024-07-04,135800.0,214450
2024-07-05,139200.0,214450
2024-07-08,147700.0,214450
2024-07-09,149100.0,214450
2024-07-10,150200.0,214450
2024-07-11,148200.0,214450
2024-07-12,147800.0,214450
2024-07-15,150300.0,214450
2024-07-16,145800.0,214450
2024-07-17,143000.0,214450
2024-07-18,143700.0,214450
2024-07-19,141300.0,214450
2024-07-22,140400.0,214450
2024-07-23,144100.0,214450
2024-07-24,145000.0,214450
2024-07-25,139700.0,214450
2024-07-26,133000.0,214450
2024-07-29,138400.0,214450
2024-07-30,137000.0,214450
2024-07-31,134100.0,214450
2024-08-01,148000.0,214450
2024-08-02,143200.0,214450
2024-08-05,129900.0,214450
2024-08-06,145200.0,214450
2024-08-07,166900.0,214450
2024-08-08,171700.0,214450
2024-08-09,172000.0,214450
2024-08-12,174600.0,214450
2024-08-13,172300.0,214450
2024-08-14,184400.0,214450
2024-08-16,188100.0,214450
2024-08-19,181600.0,214450
2024-08-20,184300.0,214450
2024-08-21,182000.0,214450
2024-08-22,178600.0,214450
2024-08-23,179000.0,214450
2024-08-26,172000.0,214450
2024-08-27,174100.0,214450
2024-08-28,173000.0,214450
2024-08-29,169500.0,214450
2024-08-30,174500.0,214450
2024-09-02,175400.0,214450
2024-09-03,176400.0,214450
2024-09-04,167700.0,214450
2024-09-05,178000.0,214450
2024-09-06,186600.0,214450
2024-09-09,182800.0,214450
2024-09-10,188300.0,214450
2024-09-11,184600.0,214450
2024-09-12,183500.0,214450
2024-09-13,188100.0,214450
2024-09-19,193500.0,214450
2024-09-20,201000.0,214450
2024-09-23,198200.0,214450
2024-09-24,199600.0,214450
2024-09-25,194600.0,214450
2024-09-26,196100.0,214450
2024-09-27,192500.0,214450
2024-09-30,192700.0,214450
2024-10-02,192600.0,214450
2024-10-04,201000.0,214450
2024-10-07,214500.0,214450
2024-10-08,208000.0,214450
2024-10-10,212500.0,214450
2024-10-11,212000.0,214450
2024-10-14,215000.0,214450
2024-10-15,225000.0,214450
2024-10-16,224000.0,214450
2024-10-17,225000.0,214450
2024-10-18,227000.0,214450
2024-10-21,226500.0,214450
2024-10-22,230500.0,214450
2024-10-23,226500.0,214450
2024-10-24,229500.0,214450
2024-10-25,233000.0,214450
2024-10-28,233000.0,214450
2024-10-29,234500.0,214450
2024-10-30,234000.0,214450
2024-10-31,225500.0,214450
2024-11-01,213000.0,214450
2024-11-04,226500.0,214450
2024-11-05,224500.0,214450
2024-11-06,235500.0,214450
2024-11-07,223000.0,214450
2024-11-08,219000.0,214450
2024-11-11,221500.0,214450
2024-11-12,214000.0,214450
2024-11-13,219000.0,214450
2024-11-14,210000.0,214450
2024-11-15,219000.0,214450
2024-11-18,207500.0,214450
2024-11-19,195900.0,214450
2024-11-20,201000.0,214450
2024-11-21,200000.0,214450
2024-11-22,198400.0,214450
2024-11-25,199900.0,214450
2024-11-26,196200.0,214450
2024-11-27,207000.0,214450
2024-11-28,204500.0,214450
2024-11-29,198000.0,214450
2024-12-02,213500.0,214450
2024-12-03,219500.0,214450
2024-12-04,217000.0,214450
2024-12-05,219500.0,214450
2024-12-06,213500.0,214450
2024-12-09,211500.0,214450
2024-12-10,240000.0,214450
2024-12-11,232000.0,214450
2024-12-12,231500.0,214450
2024-12-13,245000.0,214450
2024-12-16,256000.0,214450
2024-12-17,259500.0,214450
2024-12-18,252500.0,214450
2024-12-19,258500.0,214450
2024-12-20,253500.0,214450
2024-12-23,256500.0,214450
2024-12-24,266500.0,214450
2024-12-26,262500.0,214450
2024-12-27,255500.0,214450
2024-12-30,262500.0,214450
2025-01-02,260500.0,214450
2025-01-03,260500.0,214450
2025-01-06,252500.0,214450
2025-01-07,257500.0,214450
2025-01-08,251500.0,214450
2025-01-09,251500.0,214450
2025-01-10,251000.0,214450
2025-01-13,247500.0,214450
2025-01-14,252000.0,214450
2025-01-15,250500.0,214450
2025-01-16,258000.0,214450
2025-01-17,263500.0,214450
2025-01-20,245000.0,214450
2025-01-21,247000.0,214450
2025-01-22,246000.0,214450
2025-01-23,241000.0,214450
2025-01-24,243500.0,214450
2025-01-31,241500.0,214450
2025-02-03,243500.0,214450
2025-02-04,250000.0,214450
2025-02-05,253000.0,214450
2025-02-06,270500.0,214450
2025-02-07,266000.0,214450
2025-02-10,273500.0,214450
2025-02-11,284500.0,214450
2025-02-12,282500.0,214450
2025-02-13,272500.0,214450
2025-02-14,286500.0,214450
2025-02-17,287000.0,214450
2025-02-18,294500.0,214450
2025-02-19,283500.0,214450
2025-02-20,276000.0,214450
2025-02-21,288000.0,214450
2025-02-24,283000.0,214450
2025-02-25,286500.0,214450
2025-02-26,294000.0,214450
2025-02-27,301000.0,214450
2025-02-28,291000.0,214450
2025-03-04,313000.0,214450
2025-03-05,316500.0,214450
2025-03-06,325000.0,214450
2025-03-07,305000.0,214450
2025-03-10,316500.0,214450
2025-03-11,318500.0,214450
2025-03-12,328000.0,214450
2025-03-13,324500.0,214450
2025-03-14,335500.0,214450
2025-03-17,326000.0,214450
2025-03-18,328500.0,214450
2025-03-19,315000.0,214450
2025-03-20,319500.0,214450
2025-03-21,327000.0,214450
2025-03-24,327000.0,214450
2025-03-25,319500.0,214450
2025-03-26,337500.0,214450
2025-03-27,332000.0,214450
2025-03-28,337500.0,214450
2025-03-31,332000.0,214450
2025-04-01,350000.0,214450
2025-04-02,349500.0,214450
2025-04-03,339500.0,214450
2025-04-04,335500.0,214450
2025-04-07,312000.0,214450
2025-04-08,320000.0,214450
2025-04-09,321000.0,214450
2025-04-10,348500.0,214450
2025-04-11,366000.0,214450
2025-04-14,366000.0,214450
2025-04-15,366500.0,214450
2025-04-16,359500.0,214450
2025-04-17,362500.0,214450
2025-04-18,367500.0,214450
2025-04-21,362000.0,214450
2025-04-22,358500.0,214450
2025-04-23,358000.0,214450
2025-04-24,375500.0,214450
2025-04-25,375500.0,214450
2025-04-28,376000.0,214450
2025-04-29,390000.0,214450
2025-04-30,376500.0,214450
2025-05-02,389500.0,214450
2025-05-07,380000.0,214450
2025-05-08,393500.0,214450
2025-05-09,401500.0,214450
2025-05-12,398000.0,214450
2025-05-13,398000.0,214450
2025-05-14,423500.0,214450
2025-05-15,410000.0,214450
2025-05-16,416000.0,214450
2025-05-19,422500.0,214450
2025-05-20,440000.0,214450
2025-05-21,439500.0,214450
2025-05-22,440500.0,214450
2025-05-23,450000.0,214450
2025-05-26,446000.0,214450
2025-05-27,449000.0,214450
2025-05-28,436000.0,214450
2025-05-29,443000.0,214450
2025-05-30,451000.0,214450
2025-06-02,473500.0,214450
2025-06-04,480000.0,214450
2025-06-05,479000.0,214450
2025-06-09,501000.0,214450
2025-06-10,520000.0,214450
2025-06-11,521000.0,214450
2025-06-12,523000.0,214450
2025-06-13,433500.0,214450
2025-06-16,458000.0,214450
2025-06-17,420000.0,214450
2025-06-18,432000.0,214450
2025-06-19,452000.0,214450
2025-06-20,457000.0,214450
2025-06-23,490000.0,214450
2025-06-24,475000.0,214450
2025-06-25,480500.0,214450
2025-06-26,499500.0,214450
2025-06-27,485500.0,214450
2025-06-30,493500.0,214450
2025-07-01,477000.0,214450
2025-07-02,470000.0,214450
2025-07-03,499500.0,214450
2025-07-04,492500.0,214450
2025-07-07,517000.0,214450
2025-07-08,588000.0,214450
2025-07-09,594000.0,214450
2025-07-10,561000.0,214450
2025-07-11,561000.0,214450
2025-07-14,566000.0,214450
2025-07-15,592000.0,214450
2025-07-16,574000.0,214450
2025-07-17,578000.0,214450
2025-07-18,567000.0,214450
2025-07-21,574000.0,214450
2025-07-22,572000.0,214450
2025-07-23,583000.0,214450
2025-07-24,579000.0,214450
2025-07-25,558000.0,214450
2025-07-28,547000.0,214450
2025-07-29,567000.0,214450
2025-07-30,550000.0,214450
2025-07-31,557000.0,214450
2025-08-01,551000.0,214450
2025-08-04,555000.0,214450
2025-08-05,564000.0,214450
2025-08-06,598000.0,214450
2025-08-07,608000.0,214450
2025-08-08,664000.0,214450
2025-08-11,680000.0,214450
2025-08-12,669000.0,214450
2025-08-13,665000.0,214450
2025-08-14,684000.0,214450
2025-08-18,668000.0,214450
2025-08-19,675000.0,214450
2025-08-20,653000.0,214450
2025-08-21,680000.0,214450
2025-08-22,700000.0,214450
2025-08-25,694000.0,214450
2025-08-26,711000.0,214450
2025-08-27,704000.0,214450
2025-08-28,684000.0,214450
2025-08-29,680000.0,214450
2025-09-01,659000.0,214450
2025-09-02,655000.0,214450
2025-09-03,622000.0,214450
2025-09-04,622000.0,214450
2025-09-05,630000.0,214450
2025-09-08,675000.0,214450
2025-09-09,672000.0,214450
2025-09-10,641000.0,214450
2025-09-11,653000.0,214450
2025-09-12,644000.0,214450
2025-09-15,626000.0,214450
2025-09-16,628000.0,214450
2025-09-17,619000.0,214450
2025-09-18,608000.0,214450
2025-09-19,597000.0,214450
2025-09-22,609000.0,214450
2025-09-23,580000.0,214450
2025-09-24,570000.0,214450
2025-09-25,547000.0,214450
2025-09-26,578000.0,214450
2025-09-29,580000.0,214450
2025-09-30,601000.0,214450
2025-10-01,567000.0,214450
2025-10-02,550000.0,214450
2025-10-10,542000.0,214450
2025-10-13,559000.0,214450
2025-10-14,534000.0,214450
2025-10-15,549000.0,214450
2025-10-16,563000.0,214450
2025-10-17,552000.0,214450
2025-10-20,602000.0,214450
2025-10-21,567000.0,214450
2025-10-22,563000.0,214450
2025-10-23,564000.0,214450
2025-10-24,548000.0,214450
2025-10-27,534000.0,214450
2025-10-28,536000.0,214450
2025-10-29,516000.0,214450
2025-10-30,544000.0,214450
2025-10-31,541000.0,214450
2025-11-03,540000.0,214450
2025-11-04,534000.0,214450
2025-11-05,508000.0,214450
2025-11-06,494000.0,214450
2025-11-07,488500.0,214450
2025-11-10,495500.0,214450
2025-11-11,440000.0,214450
2025-11-12,434500.0,214450
2025-11-13,448000.0,214450
2025-11-14,452000.0,214450
2025-11-17,460000.0,214450
2025-11-18,450500.0,214450
2025-11-19,447000.0,214450
2025-11-20,477000.0,214450
2025-11-21,461000.0,214450
2025-11-24,418000.0,214450
2025-11-25,407500.0,214450
2025-11-26,420000.0,214450
2025-11-27,442500.0,214450
2025-11-28,470000.0,214450
2025-12-01,398500.0,214450
2025-12-02,421000.0,214450
2025-12-03,412500.0,214450
2025-12-04,411000.0,214450
2025-12-05,401500.0,214450
2025-12-08,392500.0,214450
2025-12-09,389000.0,214450
2025-12-10,386000.0,214450
2025-12-11,384500.0,214450
2025-12-12,394000.0,214450
2025-12-15,380500.0,214450
2025-12-16,376500.0,214450
2025-12-17,374500.0,214450
2025-12-18,373000.0,214450
2025-12-19,381500.0,214450
2025-12-22,395500.0,214450
2025-12-23,398000.0,214450
2025-12-24,396000.0,214450
2025-12-26,378500.0,214450
2025-12-29,400500.0,214450
2025-12-30,403000.0,214450
2026-01-02,434000.0,214450
2026-01-05,419500.0,214450
2026-01-06,433000.0,214450
2026-01-07,432500.0,214450
2026-01-08,462500.0,214450
2026-01-09,486500.0,214450
2026-01-12,451500.0,214450
2026-01-13,430000.0,214450
2026-01-14,441000.0,214450
2026-01-15,425500.0,214450
2026-01-16,420500.0,214450
2026-01-19,419000.0,214450
2026-01-20,424500.0,214450
2026-01-21,428000.0,214450
2026-01-22,456000.0,214450
2026-01-23,473500.0,214450
2026-01-26,501000.0,214450
2026-01-27,491000.0,214450
2026-01-28,515000.0,214450
2026-01-29,534000.0,214450
2026-01-30,473500.0,214450
2026-02-02,422500.0,214450
2026-02-03,450000.0,214450
2026-02-04,439500.0,214450
2026-02-05,336500.0,214450
2026-02-06,340000.0,214450
2026-02-09,337000.0,214450
2026-02-10,336500.0,214450
2026-02-11,343500.0,214450
2026-02-12,348500.0,214450
2026-02-13,345000.0,214450
2026-02-19,353000.0,214450
2026-02-20,349000.0,214450
2026-02-23,355500.0,214450
2026-02-24,356500.0,214450
2026-02-25,347500.0,214450
2026-02-26,349500.0,214450
2026-02-27,349500.0,214450
2026-03-03,328500.0,214450
2026-03-04,288000.0,214450
2026-03-05,317000.0,214450
2026-03-06,333000.0,214450
2026-03-09,315500.0,214450
2026-03-10,320500.0,214450
2026-03-11,317500.0,214450
2026-03-12,313500.0,214450
2026-03-13,318000.0,214450
2026-03-16,308000.0,214450
2026-03-17,320000.0,214450
2026-03-18,321000.0,214450
2026-03-19,320500.0,214450
2026-03-20,325000.0,214450
2026-03-23,307500.0,214450
2026-03-24,312500.0,214450
2026-03-25,322500.0,214450
2026-03-26,309500.0,214450
2026-03-27,313500.0,214450
2026-03-30,303500.0,214450
2026-03-31,299000.0,214450
2026-04-01,313000.0,214450
2026-04-02,292500.0,214450
2026-04-03,290500.0,214450
2026-04-06,285500.0,214450
2026-04-07,282500.0,214450
2026-04-08,294500.0,214450
2026-04-09,297000.0,214450
2026-04-10,302000.0,214450
2026-04-13,296000.0,214450
2026-04-14,298500.0,214450
2026-04-15,298500.0,214450
2026-04-16,310000.0,214450
2026-04-17,312500.0,214450
2026-04-20,306000.0,214450
2026-04-21,302500.0,214450
2026-04-22,303500.0,214450
2026-04-23,310000.0,214450
2026-04-24,323000.0,214450
2026-04-27,332000.0,214450
2026-04-28,325000.0,214450
2026-04-29,322000.0,214450
2026-04-30,313500.0,214450
2026-05-04,339000.0,214450
2026-05-06,336000.0,214450
2026-05-07,332500.0,214450
2026-05-08,341000.0,214450
2026-05-11,328000.0,214450
2026-05-12,309500.0,214450
2026-05-13,314000.0,214450
2026-05-14,351000.0,214450
2026-05-15,328000.0,214450
2026-05-18,311500.0,214450
2026-05-19,305000.0,214450
2026-05-20,295000.0,214450
2026-05-21,293500.0,214450
2026-05-22,305000.0,214450
2026-05-26,312000.0,214450
2026-05-27,299000.0,214450
2026-05-28,297000.0,214450
2026-05-29,295000.0,214450
2026-06-01,298000.0,214450
2026-06-02,290500.0,214450
2026-06-04,296500.0,214450
2026-06-05,286500.0,214450
2026-06-08,259000.0,214450
2026-06-09,276000.0,214450
2026-06-10,281500.0,214450
2026-06-11,288500.0,214450
2026-06-12,289000.0,214450
2026-06-15,303500.0,214450
2026-06-16,295000.0,214450
2026-06-17,302000.0,214450
2026-06-18,298000.0,214450
2026-06-19,294000.0,214450
2026-06-22,293500.0,214450
2026-06-23,280000.0,214450
2026-06-24,304500.0,214450
2026-06-25,322500.0,214450
2026-06-26,324000.0,214450
2026-06-29,349000.0,214450
2026-06-30,363000.0,214450
2026-07-01,366500.0,214450
2026-07-02,360500.0,214450
2026-07-03,341000.0,214450
2026-07-06,314000.0,214450
2026-07-07,340500.0,214450
2026-07-08,327000.0,214450
2026-07-09,309000.0,214450
2026-07-10,319500.0,214450
2026-07-13,330500.0,214450
2026-07-14,318500.0,214450
2026-07-15,327500.0,214450
2026-07-16,336500.0,214450
2026-07-20,327000.0,214450
2026-07-21,341500.0,214450
2026-07-22,322500.0,214450
2026-07-23,360000.0,214450
2026-07-24,357000.0,214450
2026-07-27,370000.0,214450
2026-07-28,375500.0,214450
2026-07-29,391000.0,214450
2026-07-30,348000.0,214450
2026-07-31,338500.0,214450
2026-08-03,372000.0,214450
2026-08-04,384500.0,214450
2026-08-05,378000.0,214450
2026-08-06,394500.0,214450
2026-08-07,378500.0,214450
2026-08-10,410000.0,214450
2026-08-11,417000.0,214450
2026-08-12,408000.0,214450
2026-08-13,425500.0,214450
2026-08-14,398000.0,214450
2026-08-18,393000.0,214450
2026-08-19,391000.0,214450
2026-08-20,413500.0,214450
2026-08-21,400500.0,214450
2026-08-24,416000.0,214450
2026-08-25,414500.0,214450
2026-08-26,442000.0,214450
2026-08-27,432500.0,214450
2026-08-28,461500.0,214450
2026-08-31,426000.0,214450
2016-06-23,48800.0,237690
2016-06-24,44000.0,237690
2016-06-27,43800.0,237690
2016-06-28,44000.0,237690
2016-06-29,44100.0,237690
2016-06-30,43100.0,237690
2016-07-01,46150.0,237690
2016-07-04,45750.0,237690
2016-07-05,45700.0,237690
2016-07-06,46000.0,237690
2016-07-07,48800.0,237690
2016-07-08,48100.0,237690
2016-07-11,49400.0,237690
2016-07-12,49400.0,237690
2016-07-13,47250.0,237690
2016-07-14,47150.0,237690
2016-07-15,47500.0,237690
2016-07-18,47100.0,237690
2016-07-19,47050.0,237690
2016-07-20,48600.0,237690
2016-07-21,49950.0,237690
2016-07-22,51000.0,237690
2016-07-25,50000.0,237690
2016-07-26,51000.0,237690
2016-07-27,49500.0,237690
2016-07-28,49500.0,237690
2016-07-29,52000.0,237690
2016-08-01,53200.0,237690
2016-08-02,55500.0,237690
2016-08-03,56000.0,237690
2016-08-04,53800.0,237690
2016-08-05,53300.0,237690
2016-08-08,51900.0,237690
2016-08-09,51600.0,237690
2016-08-10,54100.0,237690
2016-08-11,53100.0,237690
2016-08-12,53400.0,237690
2016-08-16,52700.0,237690
2016-08-17,50800.0,237690
2016-08-18,50500.0,237690
2016-08-19,54700.0,237690
2016-08-22,55600.0,237690
2016-08-23,55300.0,237690
2016-08-24,52100.0,237690
2016-08-25,53800.0,237690
2016-08-26,53500.0,237690
2016-08-29,53300.0,237690
2016-08-30,53000.0,237690
2016-08-31,52300.0,237690
2016-09-01,53100.0,237690
2016-09-02,53500.0,237690
2016-09-05,52400.0,237690
2016-09-06,52200.0,237690
2016-09-07,51900.0,237690
2016-09-08,52000.0,237690
2016-09-09,52200.0,237690
2016-09-12,52400.0,237690
2016-09-13,50700.0,237690
2016-09-19,50400.0,237690
2016-09-20,51000.0,237690
2016-09-21,52500.0,237690
2016-09-22,51300.0,237690
2016-09-23,53000.0,237690
2016-09-26,52800.0,237690
2016-09-27,54500.0,237690
2016-09-28,57300.0,237690
2016-09-29,58000.0,237690
2016-09-30,56100.0,237690
2016-10-04,57800.0,237690
2016-10-05,57000.0,237690
2016-10-06,54300.0,237690
2016-10-07,53700.0,237690
2016-10-10,54200.0,237690
2016-10-11,54100.0,237690
2016-10-12,55000.0,237690
2016-10-13,53600.0,237690
2016-10-14,53900.0,237690
2016-10-17,51200.0,237690
2016-10-18,50200.0,237690
2016-10-19,50300.0,237690
2016-10-20,48700.0,237690
2016-10-21,49000.0,237690
2016-10-24,47300.0,237690
2016-10-25,46450.0,237690
2016-10-26,47900.0,237690
2016-10-27,50800.0,237690
2016-10-28,49750.0,237690
2016-10-31,47100.0,237690
2016-11-01,47050.0,237690
2016-11-02,43000.0,237690
2016-11-03,44000.0,237690
2016-11-04,44200.0,237690
2016-11-07,45750.0,237690
2016-11-08,44950.0,237690
2016-11-09,43450.0,237690
2016-11-10,48300.0,237690
2016-11-11,47800.0,237690
2016-11-14,45750.0,237690
2016-11-15,44450.0,237690
2016-11-16,45500.0,237690
2016-11-17,44400.0,237690
2016-11-18,43650.0,237690
2016-11-21,42050.0,237690
2016-11-22,42200.0,237690
2016-11-23,38850.0,237690
2016-11-24,36250.0,237690
2016-11-25,37650.0,237690
2016-11-28,40150.0,237690
2016-11-29,40850.0,237690
2016-11-30,40250.0,237690
2016-12-01,40950.0,237690
2016-12-02,39950.0,237690
2016-12-05,39450.0,237690
2016-12-06,41050.0,237690
2016-12-07,42700.0,237690
2016-12-08,43650.0,237690
2016-12-09,43100.0,237690
2016-12-12,43900.0,237690
2016-12-13,44850.0,237690
2016-12-14,44850.0,237690
2016-12-15,44850.0,237690
2016-12-16,45500.0,237690
2016-12-19,43900.0,237690
2016-12-20,43050.0,237690
2016-12-21,43800.0,237690
2016-12-22,44200.0,237690
2016-12-23,44650.0,237690
2016-12-26,44800.0,237690
2016-12-27,45700.0,237690
2016-12-28,46150.0,237690
2016-12-29,44850.0,237690
2017-01-02,43800.0,237690
2017-01-03,44950.0,237690
2017-01-04,46750.0,237690
2017-01-05,47400.0,237690
2017-01-06,47900.0,237690
2017-01-09,47200.0,237690
2017-01-10,47200.0,237690
2017-01-11,47950.0,237690
2017-01-12,47600.0,237690
2017-01-13,47500.0,237690
2017-01-16,47100.0,237690
2017-01-17,46050.0,237690
2017-01-18,45100.0,237690
2017-01-19,45000.0,237690
2017-01-20,46250.0,237690
2017-01-23,46500.0,237690
2017-01-24,46750.0,237690
2017-01-25,45800.0,237690
2017-01-26,44550.0,237690
2017-01-31,45000.0,237690
2017-02-01,46700.0,237690
2017-02-02,45750.0,237690
2017-02-03,44900.0,237690
2017-02-06,46000.0,237690
2017-02-07,45750.0,237690
2017-02-08,44850.0,237690
2017-02-09,41500.0,237690
2017-02-10,41800.0,237690
2017-02-13,41700.0,237690
2017-02-14,41750.0,237690
2017-02-15,43100.0,237690
2017-02-16,43500.0,237690
2017-02-17,43400.0,237690
2017-02-20,42900.0,237690
2017-02-21,41800.0,237690
2017-02-22,41750.0,237690
2017-02-23,41800.0,237690
2017-02-24,42550.0,237690
2017-02-27,42900.0,237690
2017-02-28,43550.0,237690
2017-03-02,43700.0,237690
2017-03-03,43000.0,237690
2017-03-06,43300.0,237690
2017-03-07,43200.0,237690
2017-03-08,42550.0,237690
2017-03-09,43750.0,237690
2017-03-10,43500.0,237690
2017-03-13,43100.0,237690
2017-03-14,42500.0,237690
2017-03-15,41450.0,237690
2017-03-16,42150.0,237690
2017-03-17,41800.0,237690
2017-03-20,42250.0,237690
2017-03-21,42000.0,237690
2017-03-22,41800.0,237690
2017-03-23,40650.0,237690
2017-03-24,39900.0,237690
2017-03-27,39850.0,237690
2017-03-28,40300.0,237690
2017-03-29,40200.0,237690
2017-03-30,39750.0,237690
2017-03-31,40800.0,237690
2017-04-03,43100.0,237690
2017-04-04,42400.0,237690
2017-04-05,42450.0,237690
2017-04-06,41450.0,237690
2017-04-07,41600.0,237690
2017-04-10,39800.0,237690
2017-04-11,41800.0,237690
2017-04-12,44300.0,237690
2017-04-13,45000.0,237690
2017-04-14,45700.0,237690
2017-04-17,45800.0,237690
2017-04-18,45700.0,237690
2017-04-19,45700.0,237690
2017-04-20,45950.0,237690
2017-04-21,46550.0,237690
2017-04-24,47000.0,237690
2017-04-25,45900.0,237690
2017-04-26,45700.0,237690
2017-04-27,45550.0,237690
2017-04-28,45750.0,237690
2017-05-02,45000.0,237690
2017-05-04,46550.0,237690
2017-05-08,47650.0,237690
2017-05-10,45750.0,237690
2017-05-11,47600.0,237690
2017-05-12,47250.0,237690
2017-05-15,47600.0,237690
2017-05-16,47500.0,237690
2017-05-17,46850.0,237690
2017-05-18,46800.0,237690
2017-05-19,47900.0,237690
2017-05-22,47800.0,237690
2017-05-23,47800.0,237690
2017-05-24,48100.0,237690
2017-05-25,48100.0,237690
2017-05-26,48400.0,237690
2017-05-29,47550.0,237690
2017-05-30,47400.0,237690
2017-05-31,48950.0,237690
2017-06-01,49000.0,237690
2017-06-02,49100.0,237690
2017-06-05,49400.0,237690
2017-06-07,49300.0,237690
2017-06-08,49800.0,237690
2017-06-09,49900.0,237690
2017-06-12,49300.0,237690
2017-06-13,48100.0,237690
2017-06-14,45900.0,237690
2017-06-15,44150.0,237690
2017-06-16,43350.0,237690
2017-06-19,43600.0,237690
2017-06-20,41850.0,237690
2017-06-21,42000.0,237690
2017-06-22,42850.0,237690
2017-06-23,43800.0,237690
2017-06-26,43200.0,237690
2017-06-27,42100.0,237690
2017-06-28,41100.0,237690
2017-06-29,42750.0,237690
2017-06-30,41550.0,237690
2017-07-03,40000.0,237690
2017-07-04,40350.0,237690
2017-07-05,40150.0,237690
2017-07-06,40050.0,237690
2017-07-07,39750.0,237690
2017-07-10,38600.0,237690
2017-07-11,39250.0,237690
2017-07-12,38500.0,237690
2017-07-13,39200.0,237690
2017-07-14,39000.0,237690
2017-07-17,39350.0,237690
2017-07-18,40500.0,237690
2017-07-19,40300.0,237690
2017-07-20,40200.0,237690
2017-07-21,39250.0,237690
2017-07-24,39050.0,237690
2017-07-25,38950.0,237690
2017-07-26,38700.0,237690
2017-07-27,40700.0,237690
2017-07-28,40100.0,237690
2017-07-31,39200.0,237690
2017-08-01,39550.0,237690
2017-08-02,38950.0,237690
2017-08-03,37400.0,237690
2017-08-04,36700.0,237690
2017-08-07,38950.0,237690
2017-08-08,38250.0,237690
2017-08-09,37850.0,237690
2017-08-10,38300.0,237690
2017-08-11,36750.0,237690
2017-08-14,36400.0,237690
2017-08-16,36200.0,237690
2017-08-17,36000.0,237690
2017-08-18,36500.0,237690
2017-08-21,35600.0,237690
2017-08-22,34250.0,237690
2017-08-23,34800.0,237690
2017-08-24,35500.0,237690
2017-08-25,35650.0,237690
2017-08-28,35700.0,237690
2017-08-29,35800.0,237690
2017-08-30,34950.0,237690
2017-08-31,34950.0,237690
2017-09-01,35950.0,237690
2017-09-04,34700.0,237690
2017-09-05,33500.0,237690
2017-09-06,33800.0,237690
2017-09-07,34050.0,237690
2017-09-08,33400.0,237690
2017-09-11,32900.0,237690
2017-09-12,31950.0,237690
2017-09-13,31450.0,237690
2017-09-14,31600.0,237690
2017-09-15,31550.0,237690
2017-09-18,32150.0,237690
2017-09-19,32400.0,237690
2017-09-20,34600.0,237690
2017-09-21,34300.0,237690
2017-09-22,33350.0,237690
2017-09-25,31700.0,237690
2017-09-26,32450.0,237690
2017-09-27,32050.0,237690
2017-09-28,32050.0,237690
2017-09-29,33000.0,237690
2017-10-10,32900.0,237690
2017-10-11,33650.0,237690
2017-10-12,34100.0,237690
2017-10-13,33050.0,237690
2017-10-16,32750.0,237690
2017-10-17,32500.0,237690
2017-10-18,34900.0,237690
2017-10-19,34300.0,237690
2017-10-20,35000.0,237690
2017-10-23,35850.0,237690
2017-10-24,34700.0,237690
2017-10-25,34650.0,237690
2017-10-26,33800.0,237690
2017-10-27,33400.0,237690
2017-10-30,33500.0,237690
2017-10-31,33000.0,237690
2017-11-01,34400.0,237690
2017-11-02,34050.0,237690
2017-11-03,32900.0,237690
2017-11-06,33300.0,237690
2017-11-07,33750.0,237690
2017-11-08,34650.0,237690
2017-11-09,34250.0,237690
2017-11-10,34800.0,237690
2017-11-13,35850.0,237690
2017-11-14,36500.0,237690
2017-11-15,36700.0,237690
2017-11-16,36000.0,237690
2017-11-17,34900.0,237690
2017-11-20,36050.0,237690
2017-11-21,36500.0,237690
2017-11-22,35050.0,237690
2017-11-23,36200.0,237690
2017-11-24,36400.0,237690
2017-11-27,36600.0,237690
2017-11-28,36200.0,237690
2017-11-29,36000.0,237690
2017-11-30,35100.0,237690
2017-12-01,36350.0,237690
2017-12-04,36600.0,237690
2017-12-05,33650.0,237690
2017-12-06,32050.0,237690
2017-12-07,32050.0,237690
2017-12-08,31450.0,237690
2017-12-11,32400.0,237690
2017-12-12,32250.0,237690
2017-12-13,32200.0,237690
2017-12-14,31700.0,237690
2017-12-15,31700.0,237690
2017-12-18,31000.0,237690
2017-12-19,30350.0,237690
2017-12-20,30950.0,237690
2017-12-21,30850.0,237690
2017-12-22,31650.0,237690
2017-12-26,32500.0,237690
2017-12-27,32800.0,237690
2017-12-28,33050.0,237690
2018-01-02,32200.0,237690
2018-01-03,32350.0,237690
2018-01-04,31700.0,237690
2018-01-05,32450.0,237690
2018-01-08,31950.0,237690
2018-01-09,31250.0,237690
2018-01-10,32150.0,237690
2018-01-11,36050.0,237690
2018-01-12,37350.0,237690
2018-01-15,37700.0,237690
2018-01-16,39000.0,237690
2018-01-17,38950.0,237690
2018-01-18,45500.0,237690
2018-01-19,45200.0,237690
2018-01-22,43850.0,237690
2018-01-23,45600.0,237690
2018-01-24,45800.0,237690
2018-01-25,45250.0,237690
2018-01-26,44000.0,237690
2018-01-29,44500.0,237690
2018-01-30,43200.0,237690
2018-01-31,43650.0,237690
2018-02-01,42700.0,237690
2018-02-02,43900.0,237690
2018-02-05,40400.0,237690
2018-02-06,38800.0,237690
2018-02-07,38000.0,237690
2018-02-08,41050.0,237690
2018-02-09,39500.0,237690
2018-02-12,40700.0,237690
2018-02-13,39200.0,237690
2018-02-14,40750.0,237690
2018-02-19,43050.0,237690
2018-02-20,42450.0,237690
2018-02-21,42600.0,237690
2018-02-22,41350.0,237690
2018-02-23,41350.0,237690
2018-02-26,41300.0,237690
2018-02-27,40000.0,237690
2018-02-28,39650.0,237690
2018-03-02,39550.0,237690
2018-03-05,39300.0,237690
2018-03-06,41350.0,237690
2018-03-07,40300.0,237690
2018-03-08,43100.0,237690
2018-03-09,44800.0,237690
2018-03-12,45000.0,237690
2018-03-13,45350.0,237690
2018-03-14,44300.0,237690
2018-03-15,44000.0,237690
2018-03-16,44050.0,237690
2018-03-19,42950.0,237690
2018-03-20,46700.0,237690
2018-03-21,47050.0,237690
2018-03-22,45000.0,237690
2018-03-23,43050.0,237690
2018-03-26,45600.0,237690
2018-03-27,45400.0,237690
2018-03-28,44800.0,237690
2018-03-29,45550.0,237690
2018-03-30,44200.0,237690
2018-04-02,42650.0,237690
2018-04-03,43600.0,237690
2018-04-04,44150.0,237690
2018-04-05,43800.0,237690
2018-04-06,45600.0,237690
2018-04-09,47200.0,237690
2018-04-10,47050.0,237690
2018-04-11,46550.0,237690
2018-04-12,44100.0,237690
2018-04-13,44700.0,237690
2018-04-16,44300.0,237690
2018-04-17,44750.0,237690
2018-04-18,43250.0,237690
2018-04-19,42150.0,237690
2018-04-20,42800.0,237690
2018-04-23,42250.0,237690
2018-04-24,40450.0,237690
2018-04-25,40450.0,237690
2018-04-26,40050.0,237690
2018-04-27,40450.0,237690
2018-04-30,39800.0,237690
2018-05-02,38200.0,237690
2018-05-03,38350.0,237690
2018-05-04,37300.0,237690
2018-05-08,35100.0,237690
2018-05-09,37700.0,237690
2018-05-10,36000.0,237690
2018-05-11,36000.0,237690
2018-05-14,35650.0,237690
2018-05-15,35400.0,237690
2018-05-16,35450.0,237690
2018-05-17,34350.0,237690
2018-05-18,33900.0,237690
2018-05-21,34700.0,237690
2018-05-23,34000.0,237690
2018-05-24,34650.0,237690
2018-05-25,35350.0,237690
2018-05-28,35350.0,237690
2018-05-29,34150.0,237690
2018-05-30,32650.0,237690
2018-05-31,35600.0,237690
2018-06-01,35800.0,237690
2018-06-04,35400.0,237690
2018-06-05,33850.0,237690
2018-06-07,34250.0,237690
2018-06-08,35000.0,237690
2018-06-11,35500.0,237690
2018-06-12,35800.0,237690
2018-06-14,34950.0,237690
2018-06-15,36200.0,237690
2018-06-18,34800.0,237690
2018-06-19,33300.0,237690
2018-06-20,34500.0,237690
2018-06-21,33800.0,237690
2018-06-22,34850.0,237690
2018-06-25,36300.0,237690
2018-06-26,36200.0,237690
2018-06-27,36050.0,237690
2018-06-28,35550.0,237690
2018-06-29,36750.0,237690
2018-07-02,35700.0,237690
2018-07-03,36400.0,237690
2018-07-04,37350.0,237690
2018-07-05,38900.0,237690
2018-07-06,40450.0,237690
2018-07-09,40200.0,237690
2018-07-10,39800.0,237690
2018-07-11,38900.0,237690
2018-07-12,41350.0,237690
2018-07-13,41350.0,237690
2018-07-16,41600.0,237690
2018-07-17,39800.0,237690
2018-07-18,37500.0,237690
2018-07-19,37650.0,237690
2018-07-20,37500.0,237690
2018-07-23,35450.0,237690
2018-07-24,34700.0,237690
2018-07-25,34550.0,237690
2018-07-26,34950.0,237690
2018-07-27,35150.0,237690
2018-07-30,33000.0,237690
2018-07-31,32800.0,237690
2018-08-01,33400.0,237690
2018-08-02,32800.0,237690
2018-08-03,32900.0,237690
2018-08-06,32900.0,237690
2018-08-07,32500.0,237690
2018-08-08,33650.0,237690
2018-08-09,33300.0,237690
2018-08-10,35700.0,237690
2018-08-13,33300.0,237690
2018-08-14,33400.0,237690
2018-08-16,32950.0,237690
2018-08-17,33600.0,237690
2018-08-20,33500.0,237690
2018-08-21,34350.0,237690
2018-08-22,33900.0,237690
2018-08-23,33600.0,237690
2018-08-24,33800.0,237690
2018-08-27,34450.0,237690
2018-08-28,34300.0,237690
2018-08-29,34650.0,237690
2018-08-30,34100.0,237690
2018-08-31,34800.0,237690
2018-09-03,35300.0,237690
2018-09-04,35600.0,237690
2018-09-05,35250.0,237690
2018-09-06,34500.0,237690
2018-09-07,33750.0,237690
2018-09-10,33750.0,237690
2018-09-11,33400.0,237690
2018-09-12,33850.0,237690
2018-09-13,33600.0,237690
2018-09-14,33450.0,237690
2018-09-17,32700.0,237690
2018-09-18,32800.0,237690
2018-09-19,33100.0,237690
2018-09-20,33700.0,237690
2018-09-21,33850.0,237690
2018-09-27,34350.0,237690
2018-09-28,30000.0,237690
2018-10-01,27300.0,237690
2018-10-02,26900.0,237690
2018-10-04,27750.0,237690
2018-10-05,27500.0,237690
2018-10-08,26300.0,237690
2018-10-10,25600.0,237690
2018-10-11,24350.0,237690
2018-10-12,25400.0,237690
2018-10-15,24550.0,237690
2018-10-16,24000.0,237690
2018-10-17,24200.0,237690
2018-10-18,23850.0,237690
2018-10-19,24850.0,237690
2018-10-22,24550.0,237690
2018-10-23,23700.0,237690
2018-10-24,22950.0,237690
2018-10-25,22700.0,237690
2018-10-26,21200.0,237690
2018-10-29,20400.0,237690
2018-10-30,21200.0,237690
2018-10-31,21000.0,237690
2018-11-01,20800.0,237690
2018-11-02,22000.0,237690
2018-11-05,22100.0,237690
2018-11-06,21950.0,237690
2018-11-07,20850.0,237690
2018-11-08,21400.0,237690
2018-11-09,21750.0,237690
2018-11-12,20950.0,237690
2018-11-13,20650.0,237690
2018-11-14,20900.0,237690
2018-11-15,21650.0,237690
2018-11-16,21900.0,237690
2018-11-19,21900.0,237690
2018-11-20,21850.0,237690
2018-11-21,22200.0,237690
2018-11-22,22050.0,237690
2018-11-23,21350.0,237690
2018-11-26,21700.0,237690
2018-11-27,21750.0,237690
2018-11-28,21600.0,237690
2018-11-29,21450.0,237690
2018-11-30,21650.0,237690
2018-12-03,22200.0,237690
2018-12-04,21900.0,237690
2018-12-05,21550.0,237690
2018-12-06,20850.0,237690
2018-12-07,20850.0,237690
2018-12-10,20150.0,237690
2018-12-11,19500.0,237690
2018-12-12,19900.0,237690
2018-12-13,20150.0,237690
2018-12-14,20000.0,237690
2018-12-17,20150.0,237690
2018-12-18,19950.0,237690
2018-12-19,20250.0,237690
2018-12-20,19500.0,237690
2018-12-21,19500.0,237690
2018-12-24,19600.0,237690
2018-12-26,19800.0,237690
2018-12-27,20050.0,237690
2018-12-28,19800.0,237690
2019-01-02,19350.0,237690
2019-01-03,18600.0,237690
2019-01-04,18100.0,237690
2019-01-07,18100.0,237690
2019-01-08,17550.0,237690
2019-01-09,18200.0,237690
2019-01-10,18700.0,237690
2019-01-11,18850.0,237690
2019-01-14,18600.0,237690
2019-01-15,18900.0,237690
2019-01-16,18800.0,237690
2019-01-17,18450.0,237690
2019-01-18,18850.0,237690
2019-01-21,18700.0,237690
2019-01-22,18500.0,237690
2019-01-23,18600.0,237690
2019-01-24,19000.0,237690
2019-01-25,19350.0,237690
2019-01-28,19200.0,237690
2019-01-29,19000.0,237690
2019-01-30,19000.0,237690
2019-01-31,19050.0,237690
2019-02-01,19000.0,237690
2019-02-07,19500.0,237690
2019-02-08,20300.0,237690
2019-02-11,21500.0,237690
2019-02-12,21450.0,237690
2019-02-13,21550.0,237690
2019-02-14,21750.0,237690
2019-02-15,21250.0,237690
2019-02-18,22250.0,237690
2019-02-19,21900.0,237690
2019-02-20,22000.0,237690
2019-02-21,23200.0,237690
2019-02-22,22650.0,237690
2019-02-25,22550.0,237690
2019-02-26,22000.0,237690
2019-02-27,22150.0,237690
2019-02-28,22150.0,237690
2019-03-04,23200.0,237690
2019-03-05,23050.0,237690
2019-03-06,22550.0,237690
2019-03-07,22300.0,237690
2019-03-08,22550.0,237690
2019-03-11,22600.0,237690
2019-03-12,23300.0,237690
2019-03-13,24000.0,237690
2019-03-14,23350.0,237690
2019-03-15,23850.0,237690
2019-03-18,23700.0,237690
2019-03-19,23000.0,237690
2019-03-20,22250.0,237690
2019-03-21,22250.0,237690
2019-03-22,21700.0,237690
2019-03-25,21500.0,237690
2019-03-26,21900.0,237690
2019-03-27,22300.0,237690
2019-03-28,21750.0,237690
2019-03-29,22000.0,237690
2019-04-01,22200.0,237690
2019-04-02,22200.0,237690
2019-04-03,22000.0,237690
2019-04-04,22250.0,237690
2019-04-05,22150.0,237690
2019-04-08,21950.0,237690
2019-04-09,22200.0,237690
2019-04-10,22900.0,237690
2019-04-11,23000.0,237690
2019-04-12,23200.0,237690
2019-04-15,22600.0,237690
2019-04-16,22650.0,237690
2019-04-17,22700.0,237690
2019-04-18,21800.0,237690
2019-04-19,22200.0,237690
2019-04-22,21950.0,237690
2019-04-23,21950.0,237690
2019-04-24,22150.0,237690
2019-04-25,22450.0,237690
2019-04-26,22000.0,237690
2019-04-29,22000.0,237690
2019-04-30,22850.0,237690
2019-05-02,22850.0,237690
2019-05-03,22600.0,237690
2019-05-07,21850.0,237690
2019-05-08,21700.0,237690
2019-05-09,20600.0,237690
2019-05-10,20500.0,237690
2019-05-13,20350.0,237690
2019-05-14,20950.0,237690
2019-05-15,21250.0,237690
2019-05-16,20800.0,237690
2019-05-17,20850.0,237690
2019-05-20,19950.0,237690
2019-05-21,19750.0,237690
2019-05-22,20000.0,237690
2019-05-23,18900.0,237690
2019-05-24,18950.0,237690
2019-05-27,18300.0,237690
2019-05-28,18600.0,237690
2019-05-29,17850.0,237690
2019-05-30,17500.0,237690
2019-05-31,17800.0,237690
2019-06-03,17450.0,237690
2019-06-04,17250.0,237690
2019-06-05,17300.0,237690
2019-06-07,17850.0,237690
2019-06-10,17450.0,237690
2019-06-11,17900.0,237690
2019-06-12,18100.0,237690
2019-06-13,17950.0,237690
2019-06-14,17850.0,237690
2019-06-17,17500.0,237690
2019-06-18,17750.0,237690
2019-06-19,17700.0,237690
2019-06-20,18300.0,237690
2019-06-21,17650.0,237690
2019-06-24,18150.0,237690
2019-06-25,17950.0,237690
2019-06-26,17950.0,237690
2019-06-27,17400.0,237690
2019-06-28,17300.0,237690
2019-07-01,17450.0,237690
2019-07-02,17250.0,237690
2019-07-03,17300.0,237690
2019-07-04,17050.0,237690
2019-07-05,17100.0,237690
2019-07-08,16250.0,237690
2019-07-09,16150.0,237690
2019-07-10,16450.0,237690
2019-07-11,16800.0,237690
2019-07-12,17250.0,237690
2019-07-15,16900.0,237690
2019-07-16,16700.0,237690
2019-07-17,16300.0,237690
2019-07-18,16000.0,237690
2019-07-19,15950.0,237690
2019-07-22,15950.0,237690
2019-07-23,15800.0,237690
2019-07-24,15500.0,237690
2019-07-25,15050.0,237690
2019-07-26,14700.0,237690
2019-07-29,13950.0,237690
2019-07-30,14200.0,237690
2019-07-31,14150.0,237690
2019-08-01,14000.0,237690
2019-08-02,14250.0,237690
2019-08-05,13100.0,237690
2019-08-06,12800.0,237690
2019-08-07,13400.0,237690
2019-08-08,13900.0,237690
2019-08-09,14100.0,237690
2019-08-12,14050.0,237690
2019-08-13,13900.0,237690
2019-08-14,14100.0,237690
2019-08-16,13950.0,237690
2019-08-19,14000.0,237690
2019-08-20,14500.0,237690
2019-08-21,14650.0,237690
2019-08-22,14500.0,237690
2019-08-23,14250.0,237690
2019-08-26,13400.0,237690
2019-08-27,13400.0,237690
2019-08-28,14350.0,237690
2019-08-29,15650.0,237690
2019-08-30,15700.0,237690
2019-09-02,17000.0,237690
2019-09-03,18100.0,237690
2019-09-04,18900.0,237690
2019-09-05,18950.0,237690
2019-09-06,19600.0,237690
2019-09-09,19450.0,237690
2019-09-10,18050.0,237690
2019-09-11,18100.0,237690
2019-09-16,18650.0,237690
2019-09-17,18400.0,237690
2019-09-18,18100.0,237690
2019-09-19,18300.0,237690
2019-09-20,17550.0,237690
2019-09-23,17450.0,237690
2019-09-24,17450.0,237690
2019-09-25,17100.0,237690
2019-09-26,17300.0,237690
2019-09-27,17300.0,237690
2019-09-30,17450.0,237690
2019-10-01,17950.0,237690
2019-10-02,17950.0,237690
2019-10-04,17950.0,237690
2019-10-07,18400.0,237690
2019-10-08,17450.0,237690
2019-10-10,17600.0,237690
2019-10-11,17450.0,237690
2019-10-14,17950.0,237690
2019-10-15,18000.0,237690
2019-10-16,18250.0,237690
2019-10-17,18100.0,237690
2019-10-18,17500.0,237690
2019-10-21,17200.0,237690
2019-10-22,17000.0,237690
2019-10-23,17550.0,237690
2019-10-24,17500.0,237690
2019-10-25,17350.0,237690
2019-10-28,17500.0,237690
2019-10-29,18800.0,237690
2019-10-30,18350.0,237690
2019-10-31,18450.0,237690
2019-11-01,19600.0,237690
2019-11-04,19650.0,237690
2019-11-05,19550.0,237690
2019-11-06,19200.0,237690
2019-11-07,18950.0,237690
2019-11-08,19250.0,237690
2019-11-11,19250.0,237690
2019-11-12,19400.0,237690
2019-11-13,20500.0,237690
2019-11-14,21300.0,237690
2019-11-15,22250.0,237690
2019-11-18,22100.0,237690
2019-11-19,21750.0,237690
2019-11-20,21100.0,237690
2019-11-21,20600.0,237690
2019-11-22,20750.0,237690
2019-11-25,22400.0,237690
2019-11-26,23000.0,237690
2019-11-27,22800.0,237690
2019-11-28,23950.0,237690
2019-11-29,24700.0,237690
2019-12-02,25950.0,237690
2019-12-03,25150.0,237690
2019-12-04,26800.0,237690
2019-12-05,26650.0,237690
2019-12-06,28000.0,237690
2019-12-09,28000.0,237690
2019-12-10,26550.0,237690
2019-12-11,26450.0,237690
2019-12-12,26100.0,237690
2019-12-13,26450.0,237690
2019-12-16,26100.0,237690
2019-12-17,27600.0,237690
2019-12-18,27500.0,237690
2019-12-19,28000.0,237690
2019-12-20,27950.0,237690
2019-12-23,27950.0,237690
2019-12-24,27650.0,237690
2019-12-26,29400.0,237690
2019-12-27,29700.0,237690
2019-12-30,29800.0,237690
2020-01-02,29700.0,237690
2020-01-03,29050.0,237690
2020-01-06,27650.0,237690
2020-01-07,28500.0,237690
2020-01-08,27300.0,237690
2020-01-09,28650.0,237690
2020-01-10,28600.0,237690
2020-01-13,27200.0,237690
2020-01-14,26900.0,237690
2020-01-15,27300.0,237690
2020-01-16,28350.0,237690
2020-01-17,28050.0,237690
2020-01-20,27450.0,237690
2020-01-21,26650.0,237690
2020-01-22,29650.0,237690
2020-01-23,29000.0,237690
2020-01-28,29000.0,237690
2020-01-29,28650.0,237690
2020-01-30,28600.0,237690
2020-01-31,27600.0,237690
2020-02-03,27600.0,237690
2020-02-04,31000.0,237690
2020-02-05,30550.0,237690
2020-02-06,29700.0,237690
2020-02-07,28900.0,237690
2020-02-10,29350.0,237690
2020-02-11,29800.0,237690
2020-02-12,29200.0,237690
2020-02-13,30300.0,237690
2020-02-14,30000.0,237690
2020-02-17,29400.0,237690
2020-02-18,28250.0,237690
2020-02-19,28150.0,237690
2020-02-20,28200.0,237690
2020-02-21,27300.0,237690
2020-02-24,27550.0,237690
2020-02-25,30150.0,237690
2020-02-26,33000.0,237690
2020-02-27,31800.0,237690
2020-02-28,28900.0,237690
2020-03-02,30750.0,237690
2020-03-03,30300.0,237690
2020-03-04,32500.0,237690
2020-03-05,35050.0,237690
2020-03-06,36250.0,237690
2020-03-09,33800.0,237690
2020-03-10,33000.0,237690
2020-03-11,30300.0,237690
2020-03-12,30150.0,237690
2020-03-13,26700.0,237690
2020-03-16,22900.0,237690
2020-03-17,25800.0,237690
2020-03-18,25000.0,237690
2020-03-19,23500.0,237690
2020-03-20,27450.0,237690
2020-03-23,25250.0,237690
2020-03-24,27350.0,237690
2020-03-25,27550.0,237690
2020-03-26,27450.0,237690
2020-03-27,28950.0,237690
2020-03-30,30400.0,237690
2020-03-31,31450.0,237690
2020-04-01,32500.0,237690
2020-04-02,32300.0,237690
2020-04-03,34000.0,237690
2020-04-06,39200.0,237690
2020-04-07,40800.0,237690
2020-04-08,37400.0,237690
2020-04-09,36550.0,237690
2020-04-10,37550.0,237690
2020-04-13,35050.0,237690
2020-04-14,33650.0,237690
2020-04-16,33200.0,237690
2020-04-17,33200.0,237690
2020-04-20,34350.0,237690
2020-04-21,36950.0,237690
2020-04-22,37200.0,237690
2020-04-23,37300.0,237690
2020-04-24,34900.0,237690
2020-04-27,33950.0,237690
2020-04-28,33950.0,237690
2020-04-29,32900.0,237690
2020-05-04,34000.0,237690
2020-05-06,34950.0,237690
2020-05-07,37100.0,237690
2020-05-08,37300.0,237690
2020-05-11,35650.0,237690
2020-05-12,35400.0,237690
2020-05-13,39250.0,237690
2020-05-14,37850.0,237690
2020-05-15,36450.0,237690
2020-05-18,36450.0,237690
2020-05-19,36000.0,237690
2020-05-20,35900.0,237690
2020-05-21,36400.0,237690
2020-05-22,35500.0,237690
2020-05-25,35950.0,237690
2020-05-26,35950.0,237690
2020-05-27,35150.0,237690
2020-05-28,35000.0,237690
2020-05-29,36900.0,237690
2020-06-01,36700.0,237690
2020-06-02,37600.0,237690
2020-06-03,35450.0,237690
2020-06-04,35050.0,237690
2020-06-05,35450.0,237690
2020-06-08,35350.0,237690
2020-06-09,36500.0,237690
2020-06-10,37000.0,237690
2020-06-11,39850.0,237690
2020-06-12,40350.0,237690
2020-06-15,36900.0,237690
2020-06-16,41200.0,237690
2020-06-17,39200.0,237690
2020-06-18,38800.0,237690
2020-06-19,38600.0,237690
2020-06-22,40750.0,237690
2020-06-23,41550.0,237690
2020-06-24,44000.0,237690
2020-06-25,42050.0,237690
2020-06-26,44200.0,237690
2020-06-29,42300.0,237690
2020-06-30,40300.0,237690
2020-07-01,39300.0,237690
2020-07-02,39600.0,237690
2020-07-03,42350.0,237690
2020-07-06,50300.0,237690
2020-07-07,51400.0,237690
2020-07-08,50400.0,237690
2020-07-09,50200.0,237690
2020-07-10,45950.0,237690
2020-07-13,47050.0,237690
2020-07-14,48800.0,237690
2020-07-15,49200.0,237690
2020-07-16,48950.0,237690
2020-07-17,53000.0,237690
2020-07-20,53100.0,237690
2020-07-21,53700.0,237690
2020-07-22,58800.0,237690
2020-07-23,59200.0,237690
2020-07-24,57800.0,237690
2020-07-27,59700.0,237690
2020-07-28,60900.0,237690
2020-07-29,56700.0,237690
2020-07-30,56600.0,237690
2020-07-31,61200.0,237690
2020-08-03,62400.0,237690
2020-08-04,60200.0,237690
2020-08-05,60200.0,237690
2020-08-06,60500.0,237690
2020-08-07,59500.0,237690
2020-08-10,59800.0,237690
2020-08-11,59800.0,237690
2020-08-12,65000.0,237690
2020-08-13,63400.0,237690
2020-08-14,59100.0,237690
2020-08-18,56000.0,237690
2020-08-19,60400.0,237690
2020-08-20,58300.0,237690
2020-08-21,57200.0,237690
2020-08-24,60100.0,237690
2020-08-25,65700.0,237690
2020-08-26,65600.0,237690
2020-08-27,66200.0,237690
2020-08-28,64500.0,237690
2020-08-31,64800.0,237690
2020-09-01,63600.0,237690
2020-09-02,67000.0,237690
2020-09-03,65300.0,237690
2020-09-04,63700.0,237690
2020-09-07,63700.0,237690
2020-09-08,62100.0,237690
2020-09-09,61000.0,237690
2020-09-10,62800.0,237690
2020-09-11,61000.0,237690
2020-09-14,60800.0,237690
2020-09-15,63800.0,237690
2020-09-16,74600.0,237690
2020-09-17,72300.0,237690
2020-09-18,77200.0,237690
2020-09-21,73200.0,237690
2020-09-22,69900.0,237690
2020-09-23,73000.0,237690
2020-09-24,73000.0,237690
2020-09-25,71500.0,237690
2020-09-28,71300.0,237690
2020-09-29,71300.0,237690
2020-10-05,75100.0,237690
2020-10-06,74000.0,237690
2020-10-07,75000.0,237690
2020-10-08,73100.0,237690
2020-10-12,73600.0,237690
2020-10-13,73100.0,237690
2020-10-14,74700.0,237690
2020-10-15,73300.0,237690
2020-10-16,73300.0,237690
2020-10-19,67400.0,237690
2020-10-20,66700.0,237690
2020-10-21,64400.0,237690
2020-10-22,62100.0,237690
2020-10-23,62900.0,237690
2020-10-26,57400.0,237690
2020-10-27,58300.0,237690
2020-10-28,60400.0,237690
2020-10-29,62400.0,237690
2020-10-30,59800.0,237690
2020-11-02,62400.0,237690
2020-11-03,62800.0,237690
2020-11-04,64700.0,237690
2020-11-05,67700.0,237690
2020-11-06,65900.0,237690
2020-11-09,68300.0,237690
2020-11-10,68200.0,237690
2020-11-11,67600.0,237690
2020-11-12,65800.0,237690
2020-11-13,64500.0,237690
2020-11-16,63400.0,237690
2020-11-17,65000.0,237690
2020-11-18,76800.0,237690
2020-11-19,75700.0,237690
2020-11-20,71800.0,237690
2020-11-23,79000.0,237690
2020-11-24,75300.0,237690
2020-11-25,73400.0,237690
2020-11-26,74100.0,237690
2020-11-27,75900.0,237690
2020-11-30,78900.0,237690
2020-12-01,77900.0,237690
2020-12-02,81700.0,237690
2020-12-03,81200.0,237690
2020-12-04,105500.0,237690
2020-12-07,109400.0,237690
2020-12-08,111500.0,237690
2020-12-09,102600.0,237690
2020-12-10,104500.0,237690
2020-12-11,101500.0,237690
2020-12-14,104500.0,237690
2020-12-15,104500.0,237690
2020-12-16,107400.0,237690
2020-12-17,106700.0,237690
2020-12-18,109500.0,237690
2020-12-21,104200.0,237690
2020-12-22,101500.0,237690
2020-12-23,92000.0,237690
2020-12-24,94300.0,237690
2020-12-28,93500.0,237690
2020-12-29,101200.0,237690
2020-12-30,103800.0,237690
2021-01-04,103900.0,237690
2021-01-05,99900.0,237690
2021-01-06,99400.0,237690
2021-01-07,97700.0,237690
2021-01-08,96100.0,237690
2021-01-11,93100.0,237690
2021-01-12,91500.0,237690
2021-01-13,88000.0,237690
2021-01-14,89000.0,237690
2021-01-15,87300.0,237690
2021-01-18,84100.0,237690
2021-01-19,81900.0,237690
2021-01-20,86900.0,237690
2021-01-21,86200.0,237690
2021-01-22,90500.0,237690
2021-01-25,93000.0,237690
2021-01-26,90700.0,237690
2021-01-27,89300.0,237690
2021-01-28,85700.0,237690
2021-01-29,88600.0,237690
2021-02-01,90800.0,237690
2021-02-02,93800.0,237690
2021-02-03,94600.0,237690
2021-02-04,94000.0,237690
2021-02-05,93700.0,237690
2021-02-08,90000.0,237690
2021-02-09,89300.0,237690
2021-02-10,89700.0,237690
2021-02-15,89200.0,237690
2021-02-16,85500.0,237690
2021-02-17,83800.0,237690
2021-02-18,83000.0,237690
2021-02-19,83900.0,237690
2021-02-22,80100.0,237690
2021-02-23,76400.0,237690
2021-02-24,76200.0,237690
2021-02-25,80400.0,237690
2021-02-26,78000.0,237690
2021-03-02,79900.0,237690
2021-03-03,79000.0,237690
2021-03-04,76300.0,237690
2021-03-05,73900.0,237690
2021-03-08,69500.0,237690
2021-03-09,70400.0,237690
2021-03-10,70800.0,237690
2021-03-11,74500.0,237690
2021-03-12,77300.0,237690
2021-03-15,78200.0,237690
2021-03-16,82900.0,237690
2021-03-17,86700.0,237690
2021-03-18,86400.0,237690
2021-03-19,85500.0,237690
2021-03-22,80500.0,237690
2021-03-23,84200.0,237690
2021-03-24,86800.0,237690
2021-03-25,85300.0,237690
2021-03-26,84600.0,237690
2021-03-29,83700.0,237690
2021-03-30,84100.0,237690
2021-03-31,85300.0,237690
2021-04-01,85500.0,237690
2021-04-02,83500.0,237690
2021-04-05,82000.0,237690
2021-04-06,79800.0,237690
2021-04-07,80500.0,237690
2021-04-08,89900.0,237690
2021-04-09,93900.0,237690
2021-04-12,106200.0,237690
2021-04-13,104700.0,237690
2021-04-14,105800.0,237690
2021-04-15,111300.0,237690
2021-04-16,131300.0,237690
2021-04-19,133100.0,237690
2021-04-20,138800.0,237690
2021-04-21,131300.0,237690
2021-04-22,131100.0,237690
2021-04-23,139700.0,237690
2021-04-26,143500.0,237690
2021-04-27,123700.0,237690
2021-04-28,124100.0,237690
2021-04-29,111800.0,237690
2021-04-30,114100.0,237690
2021-05-03,115000.0,237690
2021-05-04,112500.0,237690
2021-05-06,111000.0,237690
2021-05-07,111700.0,237690
2021-05-10,127600.0,237690
2021-05-11,124100.0,237690
2021-05-12,118600.0,237690
2021-05-13,114000.0,237690
2021-05-14,116900.0,237690
2021-05-17,112100.0,237690
2021-05-18,121500.0,237690
2021-05-20,115800.0,237690
2021-05-21,115400.0,237690
2021-05-24,102000.0,237690
2021-05-25,112200.0,237690
2021-05-26,111500.0,237690
2021-05-27,115500.0,237690
2021-05-28,112000.0,237690
2021-05-31,113900.0,237690
2021-06-01,109100.0,237690
2021-06-02,108000.0,237690
2021-06-03,108500.0,237690
2021-06-04,109100.0,237690
2021-06-07,105500.0,237690
2021-06-08,105600.0,237690
2021-06-09,100000.0,237690
2021-06-10,103600.0,237690
2021-06-11,106400.0,237690
2021-06-14,106600.0,237690
2021-06-15,103000.0,237690
2021-06-16,106900.0,237690
2021-06-17,101000.0,237690
2021-06-18,100800.0,237690
2021-06-21,101700.0,237690
2021-06-22,102900.0,237690
2021-06-23,106000.0,237690
2021-06-24,102600.0,237690
2021-06-25,103700.0,237690
2021-06-28,109100.0,237690
2021-06-29,111800.0,237690
2021-06-30,112600.0,237690
2021-07-01,114300.0,237690
2021-07-02,119700.0,237690
2021-07-05,119800.0,237690
2021-07-06,111700.0,237690
2021-07-07,110600.0,237690
2021-07-08,108200.0,237690
2021-07-09,107800.0,237690
2021-07-12,105200.0,237690
2021-07-13,105500.0,237690
2021-07-14,104300.0,237690
2021-07-15,105000.0,237690
2021-07-16,108100.0,237690
2021-07-19,106200.0,237690
2021-07-20,107200.0,237690
2021-07-21,107100.0,237690
2021-07-22,104300.0,237690
2021-07-23,107000.0,237690
2021-07-26,103800.0,237690
2021-07-27,105100.0,237690
2021-07-28,106800.0,237690
2021-07-29,110000.0,237690
2021-07-30,107400.0,237690
2021-08-02,109200.0,237690
2021-08-03,109000.0,237690
2021-08-04,116300.0,237690
2021-08-05,119400.0,237690
2021-08-06,117500.0,237690
2021-08-09,110300.0,237690
2021-08-10,113200.0,237690
2021-08-11,112900.0,237690
2021-08-12,112900.0,237690
2021-08-13,111900.0,237690
2021-08-17,114300.0,237690
2021-08-18,112100.0,237690
2021-08-19,107700.0,237690
2021-08-20,101700.0,237690
2021-08-23,103900.0,237690
2021-08-24,105000.0,237690
2021-08-25,105100.0,237690
2021-08-26,102600.0,237690
2021-08-27,101000.0,237690
2021-08-30,100700.0,237690
2021-08-31,101700.0,237690
2021-09-01,101700.0,237690
2021-09-02,107400.0,237690
2021-09-03,117300.0,237690
2021-09-06,119000.0,237690
2021-09-07,119900.0,237690
2021-09-08,112200.0,237690
2021-09-09,112200.0,237690
2021-09-10,109200.0,237690
2021-09-13,105300.0,237690
2021-09-14,104200.0,237690
2021-09-15,103800.0,237690
2021-09-16,104000.0,237690
2021-09-17,104700.0,237690
2021-09-23,102200.0,237690
2021-09-24,101800.0,237690
2021-09-27,101600.0,237690
2021-09-28,99200.0,237690
2021-09-29,93300.0,237690
2021-09-30,94900.0,237690
2021-10-01,91500.0,237690
2021-10-05,85300.0,237690
2021-10-06,85200.0,237690
2021-10-07,88700.0,237690
2021-10-08,85600.0,237690
2021-10-12,83400.0,237690
2021-10-13,83400.0,237690
2021-10-14,88300.0,237690
2021-10-15,87000.0,237690
2021-10-18,83600.0,237690
2021-10-19,87000.0,237690
2021-10-20,86400.0,237690
2021-10-21,84100.0,237690
2021-10-22,85000.0,237690
2021-10-25,85000.0,237690
2021-10-26,86500.0,237690
2021-10-27,85000.0,237690
2021-10-28,87200.0,237690
2021-10-29,87500.0,237690
2021-11-01,92200.0,237690
2021-11-02,91000.0,237690
2021-11-03,94100.0,237690
2021-11-04,93200.0,237690
2021-11-05,89600.0,237690
2021-11-08,88000.0,237690
2021-11-09,86500.0,237690
2021-11-10,85600.0,237690
2021-11-11,85000.0,237690
2021-11-12,86500.0,237690
2021-11-15,88700.0,237690
2021-11-16,87000.0,237690
2021-11-17,86000.0,237690
2021-11-18,84700.0,237690
2021-11-19,90900.0,237690
2021-11-22,93900.0,237690
2021-11-23,90100.0,237690
2021-11-24,99100.0,237690
2021-11-25,115700.0,237690
2021-11-26,114900.0,237690
2021-11-29,115500.0,237690
2021-11-30,125400.0,237690
2021-12-01,126600.0,237690
2021-12-02,122000.0,237690
2021-12-03,128000.0,237690
2021-12-06,131700.0,237690
2021-12-07,124500.0,237690
2021-12-08,128000.0,237690
2021-12-09,130600.0,237690
2021-12-10,128700.0,237690
2021-12-13,126500.0,237690
2021-12-14,128900.0,237690
2021-12-15,131900.0,237690
2021-12-16,135700.0,237690
2021-12-17,134500.0,237690
2021-12-20,141000.0,237690
2021-12-21,137000.0,237690
2021-12-22,136100.0,237690
2021-12-23,139200.0,237690
2021-12-24,137900.0,237690
2021-12-27,137900.0,237690
2021-12-28,144500.0,237690
2021-12-29,142700.0,237690
2021-12-30,139200.0,237690
2022-01-03,139700.0,237690
2022-01-04,130200.0,237690
2022-01-05,130800.0,237690
2022-01-06,123600.0,237690
2022-01-07,126500.0,237690
2022-01-10,124300.0,237690
2022-01-11,124300.0,237690
2022-01-12,131600.0,237690
2022-01-13,127800.0,237690
2022-01-14,127300.0,237690
2022-01-17,125200.0,237690
2022-01-18,121800.0,237690
2022-01-19,120500.0,237690
2022-01-20,125600.0,237690
2022-01-21,119900.0,237690
2022-01-24,115000.0,237690
2022-01-25,110300.0,237690
2022-01-26,109400.0,237690
2022-01-27,103000.0,237690
2022-01-28,105500.0,237690
2022-02-03,107700.0,237690
2022-02-04,106400.0,237690
2022-02-07,104200.0,237690
2022-02-08,104400.0,237690
2022-02-09,101700.0,237690
2022-02-10,101300.0,237690
2022-02-11,93900.0,237690
2022-02-14,94500.0,237690
2022-02-15,92700.0,237690
2022-02-16,97600.0,237690
2022-02-17,97300.0,237690
2022-02-18,98100.0,237690
2022-02-21,99000.0,237690
2022-02-22,96500.0,237690
2022-02-23,98800.0,237690
2022-02-24,94300.0,237690
2022-02-25,99000.0,237690
2022-02-28,99500.0,237690
2022-03-02,102400.0,237690
2022-03-03,103800.0,237690
2022-03-04,100200.0,237690
2022-03-07,98000.0,237690
2022-03-08,98800.0,237690
2022-03-10,100500.0,237690
2022-03-11,99600.0,237690
2022-03-14,94000.0,237690
2022-03-15,97000.0,237690
2022-03-16,100300.0,237690
2022-03-17,111300.0,237690
2022-03-18,111700.0,237690
2022-03-21,107900.0,237690
2022-03-22,109200.0,237690
2022-03-23,108400.0,237690
2022-03-24,107000.0,237690
2022-03-25,105900.0,237690
2022-03-28,103800.0,237690
2022-03-29,105200.0,237690
2022-03-30,104300.0,237690
2022-03-31,96800.0,237690
2022-04-01,97400.0,237690
2022-04-04,97700.0,237690
2022-04-05,97900.0,237690
2022-04-06,96300.0,237690
2022-04-07,94700.0,237690
2022-04-08,95400.0,237690
2022-04-11,92600.0,237690
2022-04-12,92300.0,237690
2022-04-13,95400.0,237690
2022-04-14,95500.0,237690
2022-04-15,96200.0,237690
2022-04-18,95400.0,237690
2022-04-19,96700.0,237690
2022-04-20,97000.0,237690
2022-04-21,96400.0,237690
2022-04-22,95000.0,237690
2022-04-25,92400.0,237690
2022-04-26,95800.0,237690
2022-04-27,94500.0,237690
2022-04-28,98100.0,237690
2022-04-29,98100.0,237690
2022-05-02,103100.0,237690
2022-05-03,103800.0,237690
2022-05-04,101400.0,237690
2022-05-06,97000.0,237690
2022-05-09,93100.0,237690
2022-05-10,92700.0,237690
2022-05-11,94900.0,237690
2022-05-12,91300.0,237690
2022-05-13,92900.0,237690
2022-05-16,93000.0,237690
2022-05-17,94900.0,237690
2022-05-18,93100.0,237690
2022-05-19,92500.0,237690
2022-05-20,94200.0,237690
2022-05-23,98000.0,237690
2022-05-24,96200.0,237690
2022-05-25,100000.0,237690
2022-05-26,100700.0,237690
2022-05-27,101400.0,237690
2022-05-30,102200.0,237690
2022-05-31,103800.0,237690
2022-06-02,104000.0,237690
2022-06-03,103000.0,237690
2022-06-07,99900.0,237690
2022-06-08,100600.0,237690
2022-06-09,100800.0,237690
2022-06-10,98600.0,237690
2022-06-13,92600.0,237690
2022-06-14,92500.0,237690
2022-06-15,89500.0,237690
2022-06-16,89100.0,237690
2022-06-17,87700.0,237690
2022-06-20,87700.0,237690
2022-06-21,92900.0,237690
2022-06-22,90000.0,237690
2022-06-23,88500.0,237690
2022-06-24,93300.0,237690
2022-06-27,93800.0,237690
2022-06-28,92400.0,237690
2022-06-29,89900.0,237690
2022-06-30,89900.0,237690
2022-07-01,87100.0,237690
2022-07-04,91800.0,237690
2022-07-05,92500.0,237690
2022-07-06,92700.0,237690
2022-07-07,96700.0,237690
2022-07-08,95100.0,237690
2022-07-11,96000.0,237690
2022-07-12,94400.0,237690
2022-07-13,94800.0,237690
2022-07-14,92900.0,237690
2022-07-15,93300.0,237690
2022-07-18,93600.0,237690
2022-07-19,94200.0,237690
2022-07-20,93500.0,237690
2022-07-21,91400.0,237690
2022-07-22,90600.0,237690
2022-07-25,90500.0,237690
2022-07-26,90300.0,237690
2022-07-27,90500.0,237690
2022-07-28,90000.0,237690
2022-07-29,90300.0,237690
2022-08-01,98200.0,237690
2022-08-02,97400.0,237690
2022-08-03,99900.0,237690
2022-08-04,106000.0,237690
2022-08-05,113700.0,237690
2022-08-08,110800.0,237690
2022-08-09,115500.0,237690
2022-08-10,112200.0,237690
2022-08-11,114000.0,237690
2022-08-12,110000.0,237690
2022-08-16,109800.0,237690
2022-08-17,105200.0,237690
2022-08-18,104100.0,237690
2022-08-19,102300.0,237690
2022-08-22,99000.0,237690
2022-08-23,96800.0,237690
2022-08-24,98200.0,237690
2022-08-25,99500.0,237690
2022-08-26,97800.0,237690
2022-08-29,95200.0,237690
2022-08-30,98500.0,237690
2022-08-31,98500.0,237690
2022-09-01,95400.0,237690
2022-09-02,94700.0,237690
2022-09-05,93100.0,237690
2022-09-06,93600.0,237690
2022-09-07,91200.0,237690
2022-09-08,95000.0,237690
2022-09-13,94400.0,237690
2022-09-14,89700.0,237690
2022-09-15,89500.0,237690
2022-09-16,87100.0,237690
2022-09-19,85800.0,237690
2022-09-20,89000.0,237690
2022-09-21,85000.0,237690
2022-09-22,84000.0,237690
2022-09-23,81100.0,237690
2022-09-26,79100.0,237690
2022-09-27,80300.0,237690
2022-09-28,81400.0,237690
2022-09-29,82400.0,237690
2022-09-30,82500.0,237690
2022-10-04,85500.0,237690
2022-10-05,83200.0,237690
2022-10-06,86000.0,237690
2022-10-07,84500.0,237690
2022-10-11,79400.0,237690
2022-10-12,79900.0,237690
2022-10-13,76900.0,237690
2022-10-14,82300.0,237690
2022-10-17,80600.0,237690
2022-10-18,83600.0,237690
2022-10-19,81800.0,237690
2022-10-20,81100.0,237690
2022-10-21,80500.0,237690
2022-10-24,82400.0,237690
2022-10-25,82400.0,237690
2022-10-26,82400.0,237690
2022-10-27,84600.0,237690
2022-10-28,84500.0,237690
2022-10-31,83300.0,237690
2022-11-01,76100.0,237690
2022-11-02,75100.0,237690
2022-11-03,72500.0,237690
2022-11-04,72800.0,237690
2022-11-07,74800.0,237690
2022-11-08,78200.0,237690
2022-11-09,78900.0,237690
2022-11-10,76500.0,237690
2022-11-11,80700.0,237690
2022-11-14,79500.0,237690
2022-11-15,82200.0,237690
2022-11-16,80700.0,237690
2022-11-17,81500.0,237690
2022-11-18,81900.0,237690
2022-11-21,81000.0,237690
2022-11-22,78700.0,237690
2022-11-23,78200.0,237690
2022-11-24,80000.0,237690
2022-11-25,77800.0,237690
2022-11-28,75200.0,237690
2022-11-29,76700.0,237690
2022-11-30,76400.0,237690
2022-12-01,77400.0,237690
2022-12-02,75900.0,237690
2022-12-05,78000.0,237690
2022-12-06,78700.0,237690
2022-12-07,82000.0,237690
2022-12-08,81800.0,237690
2022-12-09,83700.0,237690
2022-12-12,82500.0,237690
2022-12-13,83900.0,237690
2022-12-14,88800.0,237690
2022-12-15,89700.0,237690
2022-12-16,88900.0,237690
2022-12-19,88600.0,237690
2022-12-20,86300.0,237690
2022-12-21,89100.0,237690
2022-12-22,90900.0,237690
2022-12-23,87200.0,237690
2022-12-26,87200.0,237690
2022-12-27,89800.0,237690
2022-12-28,88300.0,237690
2022-12-29,87600.0,237690
2023-01-02,85300.0,237690
2023-01-03,84300.0,237690
2023-01-04,87200.0,237690
2023-01-05,87500.0,237690
2023-01-06,87300.0,237690
2023-01-09,85000.0,237690
2023-01-10,78900.0,237690
2023-01-11,81200.0,237690
2023-01-12,85700.0,237690
2023-01-13,85100.0,237690
2023-01-16,86700.0,237690
2023-01-17,83200.0,237690
2023-01-18,82600.0,237690
2023-01-19,82500.0,237690
2023-01-20,82000.0,237690
2023-01-25,82000.0,237690
2023-01-26,81800.0,237690
2023-01-27,81800.0,237690
2023-01-30,81300.0,237690
2023-01-31,81300.0,237690
2023-02-01,82100.0,237690
2023-02-02,82600.0,237690
2023-02-03,81000.0,237690
2023-02-06,81200.0,237690
2023-02-07,81000.0,237690
2023-02-08,81500.0,237690
2023-02-09,82200.0,237690
2023-02-10,79500.0,237690
2023-02-13,79400.0,237690
2023-02-14,80600.0,237690
2023-02-15,79600.0,237690
2023-02-16,81800.0,237690
2023-02-17,79800.0,237690
2023-02-20,81000.0,237690
2023-02-21,80400.0,237690
2023-02-22,79300.0,237690
2023-02-23,79900.0,237690
2023-02-24,78600.0,237690
2023-02-27,76100.0,237690
2023-02-28,78400.0,237690
2023-03-02,76600.0,237690
2023-03-03,78000.0,237690
2023-03-06,77900.0,237690
2023-03-07,79900.0,237690
2023-03-08,78500.0,237690
2023-03-09,81200.0,237690
2023-03-10,78000.0,237690
2023-03-13,77700.0,237690
2023-03-14,72900.0,237690
2023-03-15,73200.0,237690
2023-03-16,72200.0,237690
2023-03-17,75000.0,237690
2023-03-20,74300.0,237690
2023-03-21,75400.0,237690
2023-03-22,74600.0,237690
2023-03-23,73500.0,237690
2023-03-24,74500.0,237690
2023-03-27,75000.0,237690
2023-03-28,74700.0,237690
2023-03-29,73300.0,237690
2023-03-30,73900.0,237690
2023-03-31,74000.0,237690
2023-04-03,73400.0,237690
2023-04-04,76800.0,237690
2023-04-05,78500.0,237690
2023-04-06,79900.0,237690
2023-04-07,81300.0,237690
2023-04-10,81300.0,237690
2023-04-11,83300.0,237690
2023-04-12,85200.0,237690
2023-04-13,86500.0,237690
2023-04-14,87600.0,237690
2023-04-17,85000.0,237690
2023-04-18,84500.0,237690
2023-04-19,83600.0,237690
2023-04-20,80900.0,237690
2023-04-21,80800.0,237690
2023-04-24,79300.0,237690
2023-04-25,79100.0,237690
2023-04-26,78400.0,237690
2023-04-27,78600.0,237690
2023-04-28,79000.0,237690
2023-05-02,90000.0,237690
2023-05-03,89000.0,237690
2023-05-04,91800.0,237690
2023-05-08,89200.0,237690
2023-05-09,88400.0,237690
2023-05-10,85900.0,237690
2023-05-11,85000.0,237690
2023-05-12,82500.0,237690
2023-05-15,82500.0,237690
2023-05-16,82900.0,237690
2023-05-17,85000.0,237690
2023-05-18,85700.0,237690
2023-05-19,85200.0,237690
2023-05-22,87800.0,237690
2023-05-23,88500.0,237690
2023-05-24,88600.0,237690
2023-05-25,86700.0,237690
2023-05-26,87600.0,237690
2023-05-30,86000.0,237690
2023-05-31,86300.0,237690
2023-06-01,88800.0,237690
2023-06-02,87500.0,237690
2023-06-05,85500.0,237690
2023-06-07,85700.0,237690
2023-06-08,85700.0,237690
2023-06-09,85700.0,237690
2023-06-12,83500.0,237690
2023-06-13,83500.0,237690
2023-06-14,81900.0,237690
2023-06-15,81300.0,237690
2023-06-16,80700.0,237690
2023-06-19,81500.0,237690
2023-06-20,80100.0,237690
2023-06-21,78600.0,237690
2023-06-22,78400.0,237690
2023-06-23,78200.0,237690
2023-06-26,78400.0,237690
2023-06-27,78000.0,237690
2023-06-28,78200.0,237690
2023-06-29,77000.0,237690
2023-06-30,76900.0,237690
2023-07-03,78000.0,237690
2023-07-04,77700.0,237690
2023-07-05,76800.0,237690
2023-07-06,73800.0,237690
2023-07-07,72700.0,237690
2023-07-10,72600.0,237690
2023-07-11,73200.0,237690
2023-07-12,73600.0,237690
2023-07-13,74200.0,237690
2023-07-14,73100.0,237690
2023-07-17,73000.0,237690
2023-07-18,70900.0,237690
2023-07-19,74200.0,237690
2023-07-20,73800.0,237690
2023-07-21,77300.0,237690
2023-07-24,74700.0,237690
2023-07-25,74000.0,237690
2023-07-26,72500.0,237690
2023-07-27,74900.0,237690
2023-07-28,75100.0,237690
2023-07-31,75500.0,237690
2023-08-01,76800.0,237690
2023-08-02,75400.0,237690
2023-08-03,80300.0,237690
2023-08-04,79200.0,237690
2023-08-07,78800.0,237690
2023-08-08,74000.0,237690
2023-08-09,82200.0,237690
2023-08-10,82700.0,237690
2023-08-11,82600.0,237690
2023-08-14,82600.0,237690
2023-08-16,80200.0,237690
2023-08-17,81000.0,237690
2023-08-18,79500.0,237690
2023-08-21,81800.0,237690
2023-08-22,81200.0,237690
2023-08-23,80700.0,237690
2023-08-24,81600.0,237690
2023-08-25,81700.0,237690
2023-08-28,80600.0,237690
2023-08-29,81300.0,237690
2023-08-30,81300.0,237690
2023-08-31,81100.0,237690
2023-09-01,78700.0,237690
2023-09-04,80300.0,237690
2023-09-05,79700.0,237690
2023-09-06,79800.0,237690
2023-09-07,80000.0,237690
2023-09-08,81100.0,237690
2023-09-11,82700.0,237690
2023-09-12,81700.0,237690
2023-09-13,81100.0,237690
2023-09-14,82600.0,237690
2023-09-15,82500.0,237690
2023-09-18,82400.0,237690
2023-09-19,81800.0,237690
2023-09-20,80300.0,237690
2023-09-21,76900.0,237690
2023-09-22,77200.0,237690
2023-09-25,76100.0,237690
2023-09-26,74600.0,237690
2023-09-27,76400.0,237690
2023-10-04,74400.0,237690
2023-10-05,74500.0,237690
2023-10-06,76800.0,237690
2023-10-10,76500.0,237690
2023-10-11,76000.0,237690
2023-10-12,76000.0,237690
2023-10-13,73500.0,237690
2023-10-16,71400.0,237690
2023-10-17,72200.0,237690
2023-10-18,70600.0,237690
2023-10-19,69200.0,237690
2023-10-20,68400.0,237690
2023-10-23,69300.0,237690
2023-10-24,70900.0,237690
2023-10-25,69100.0,237690
2023-10-26,68700.0,237690
2023-10-27,68100.0,237690
2023-10-30,68100.0,237690
2023-10-31,68000.0,237690
2023-11-01,68200.0,237690
2023-11-02,70200.0,237690
2023-11-03,69200.0,237690
2023-11-06,72300.0,237690
2023-11-07,71200.0,237690
2023-11-08,71200.0,237690
2023-11-09,71900.0,237690
2023-11-10,71700.0,237690
2023-11-13,70200.0,237690
2023-11-14,70500.0,237690
2023-11-15,71500.0,237690
2023-11-16,71500.0,237690
2023-11-17,69300.0,237690
2023-11-20,69400.0,237690
2023-11-21,68700.0,237690
2023-11-22,68500.0,237690
2023-11-23,69000.0,237690
2023-11-24,66600.0,237690
2023-11-27,63600.0,237690
2023-11-28,63100.0,237690
2023-11-29,63900.0,237690
2023-11-30,65100.0,237690
2023-12-01,63600.0,237690
2023-12-04,63500.0,237690
2023-12-05,64300.0,237690
2023-12-06,62500.0,237690
2023-12-07,63200.0,237690
2023-12-08,61600.0,237690
2023-12-11,61900.0,237690
2023-12-12,62200.0,237690
2023-12-13,61400.0,237690
2023-12-14,62800.0,237690
2023-12-15,62100.0,237690
2023-12-18,62400.0,237690
2023-12-19,62800.0,237690
2023-12-20,62900.0,237690
2023-12-21,60500.0,237690
2023-12-22,62400.0,237690
2023-12-26,61500.0,237690
2023-12-27,63100.0,237690
2023-12-28,67800.0,237690
2024-01-02,67900.0,237690
2024-01-03,69500.0,237690
2024-01-04,65900.0,237690
2024-01-05,65000.0,237690
2024-01-08,64200.0,237690
2024-01-09,66600.0,237690
2024-01-10,65100.0,237690
2024-01-11,64800.0,237690
2024-01-12,63000.0,237690
2024-01-15,61700.0,237690
2024-01-16,62100.0,237690
2024-01-17,61400.0,237690
2024-01-18,60400.0,237690
2024-01-19,60600.0,237690
2024-01-22,61000.0,237690
2024-01-23,62200.0,237690
2024-01-24,61100.0,237690
2024-01-25,61200.0,237690
2024-01-26,61500.0,237690
2024-01-29,62800.0,237690
2024-01-30,63200.0,237690
2024-01-31,61900.0,237690
2024-02-01,63400.0,237690
2024-02-02,61200.0,237690
2024-02-05,62500.0,237690
2024-02-06,61700.0,237690
2024-02-07,62900.0,237690
2024-02-08,62100.0,237690
2024-02-13,63100.0,237690
2024-02-14,62300.0,237690
2024-02-15,62300.0,237690
2024-02-16,62600.0,237690
2024-02-19,63200.0,237690
2024-02-20,62900.0,237690
2024-02-21,62900.0,237690
2024-02-22,61700.0,237690
2024-02-23,66300.0,237690
2024-02-26,66100.0,237690
2024-02-27,63800.0,237690
2024-02-28,64400.0,237690
2024-02-29,63600.0,237690
2024-03-04,63900.0,237690
2024-03-05,66000.0,237690
2024-03-06,69000.0,237690
2024-03-07,68800.0,237690
2024-03-08,77500.0,237690
2024-03-11,76800.0,237690
2024-03-12,75800.0,237690
2024-03-13,72700.0,237690
2024-03-14,73500.0,237690
2024-03-15,77600.0,237690
2024-03-18,96300.0,237690
2024-03-19,89100.0,237690
2024-03-20,87700.0,237690
2024-03-21,93900.0,237690
2024-03-22,89800.0,237690
2024-03-25,92100.0,237690
2024-03-26,90400.0,237690
2024-03-27,88200.0,237690
2024-03-28,90400.0,237690
2024-03-29,88800.0,237690
2024-04-01,90100.0,237690
2024-04-02,81200.0,237690
2024-04-03,78700.0,237690
2024-04-04,79800.0,237690
2024-04-05,79800.0,237690
2024-04-08,79000.0,237690
2024-04-09,81100.0,237690
2024-04-11,80300.0,237690
2024-04-12,83300.0,237690
2024-04-15,82400.0,237690
2024-04-16,82000.0,237690
2024-04-17,80900.0,237690
2024-04-18,83300.0,237690
2024-04-19,82200.0,237690
2024-04-22,84400.0,237690
2024-04-23,87700.0,237690
2024-04-24,88600.0,237690
2024-04-25,86400.0,237690
2024-04-26,85700.0,237690
2024-04-29,88900.0,237690
2024-04-30,93400.0,237690
2024-05-02,88800.0,237690
2024-05-03,96500.0,237690
2024-05-07,99800.0,237690
2024-05-08,92800.0,237690
2024-05-09,92600.0,237690
2024-05-10,91200.0,237690
2024-05-13,91200.0,237690
2024-05-14,96000.0,237690
2024-05-16,96100.0,237690
2024-05-17,101800.0,237690
2024-05-20,100000.0,237690
2024-05-21,100100.0,237690
2024-05-22,98800.0,237690
2024-05-23,97500.0,237690
2024-05-24,94100.0,237690
2024-05-27,89500.0,237690
2024-05-28,93300.0,237690
2024-05-29,89500.0,237690
2024-05-30,91200.0,237690
2024-05-31,91000.0,237690
2024-06-03,90900.0,237690
2024-06-04,96300.0,237690
2024-06-05,94900.0,237690
2024-06-07,109600.0,237690
2024-06-10,104500.0,237690
2024-06-11,104800.0,237690
2024-06-12,94300.0,237690
2024-06-13,94200.0,237690
2024-06-14,92800.0,237690
2024-06-17,92400.0,237690
2024-06-18,92300.0,237690
2024-06-19,92300.0,237690
2024-06-20,92900.0,237690
2024-06-21,92800.0,237690
2024-06-24,87400.0,237690
2024-06-25,87100.0,237690
2024-06-26,86100.0,237690
2024-06-27,86900.0,237690
2024-06-28,85500.0,237690
2024-07-01,89800.0,237690
2024-07-02,87600.0,237690
2024-07-03,85100.0,237690
2024-07-04,83800.0,237690
2024-07-05,92100.0,237690
2024-07-08,92200.0,237690
2024-07-09,93300.0,237690
2024-07-10,96400.0,237690
2024-07-11,94400.0,237690
2024-07-12,94800.0,237690
2024-07-15,93900.0,237690
2024-07-16,92000.0,237690
2024-07-17,93100.0,237690
2024-07-18,96000.0,237690
2024-07-19,91000.0,237690
2024-07-22,89100.0,237690
2024-07-23,88500.0,237690
2024-07-24,91700.0,237690
2024-07-25,89000.0,237690
2024-07-26,93900.0,237690
2024-07-29,93300.0,237690
2024-07-30,94300.0,237690
2024-07-31,89200.0,237690
2024-08-01,88400.0,237690
2024-08-02,84300.0,237690
2024-08-05,74200.0,237690
2024-08-06,82700.0,237690
2024-08-07,88900.0,237690
2024-08-08,88700.0,237690
2024-08-09,90700.0,237690
2024-08-12,91100.0,237690
2024-08-13,89200.0,237690
2024-08-14,89200.0,237690
2024-08-16,95000.0,237690
2024-08-19,100300.0,237690
2024-08-20,98500.0,237690
2024-08-21,104900.0,237690
2024-08-22,102500.0,237690
2024-08-23,108100.0,237690
2024-08-26,114500.0,237690
2024-08-27,113500.0,237690
2024-08-28,115400.0,237690
2024-08-29,112700.0,237690
2024-08-30,115000.0,237690
2024-09-02,110600.0,237690
2024-09-03,105500.0,237690
2024-09-04,106700.0,237690
2024-09-05,99400.0,237690
2024-09-06,99900.0,237690
2024-09-09,100300.0,237690
2024-09-10,99500.0,237690
2024-09-11,96800.0,237690
2024-09-12,98900.0,237690
2024-09-13,101800.0,237690
2024-09-19,109500.0,237690
2024-09-20,117000.0,237690
2024-09-23,112600.0,237690
2024-09-24,108700.0,237690
2024-09-25,103300.0,237690
2024-09-26,104000.0,237690
2024-09-27,100100.0,237690
2024-09-30,100700.0,237690
2024-10-02,100500.0,237690
2024-10-04,106500.0,237690
2024-10-07,107200.0,237690
2024-10-08,107500.0,237690
2024-10-10,106100.0,237690
2024-10-11,108800.0,237690
2024-10-14,108500.0,237690
2024-10-15,109100.0,237690
2024-10-16,105600.0,237690
2024-10-17,103800.0,237690
2024-10-18,110000.0,237690
2024-10-21,109500.0,237690
2024-10-22,102600.0,237690
2024-10-23,99200.0,237690
2024-10-24,99000.0,237690
2024-10-25,97300.0,237690
2024-10-28,93100.0,237690
2024-10-29,94700.0,237690
2024-10-30,97400.0,237690
2024-10-31,100300.0,237690
2024-11-01,95700.0,237690
2024-11-04,100900.0,237690
2024-11-05,97600.0,237690
2024-11-06,98000.0,237690
2024-11-07,94200.0,237690
2024-11-08,94900.0,237690
2024-11-11,98600.0,237690
2024-11-12,95100.0,237690
2024-11-13,90700.0,237690
2024-11-14,90600.0,237690
2024-11-15,90600.0,237690
2024-11-18,87000.0,237690
2024-11-19,86200.0,237690
2024-11-20,83900.0,237690
2024-11-21,85700.0,237690
2024-11-22,83200.0,237690
2024-11-25,85200.0,237690
2024-11-26,83600.0,237690
2024-11-27,83200.0,237690
2024-11-28,89800.0,237690
2024-11-29,88000.0,237690
2024-12-02,89500.0,237690
2024-12-03,90000.0,237690
2024-12-04,87100.0,237690
2024-12-05,87400.0,237690
2024-12-06,83700.0,237690
2024-12-09,75600.0,237690
2024-12-10,81200.0,237690
2024-12-11,81600.0,237690
2024-12-12,83700.0,237690
2024-12-13,85400.0,237690
2024-12-16,89000.0,237690
2024-12-17,89300.0,237690
2024-12-18,89000.0,237690
2024-12-19,85100.0,237690
2024-12-20,84800.0,237690
2024-12-23,85300.0,237690
2024-12-24,86100.0,237690
2024-12-26,87000.0,237690
2024-12-27,86700.0,237690
2024-12-30,88900.0,237690
2025-01-02,85400.0,237690
2025-01-03,91500.0,237690
2025-01-06,91300.0,237690
2025-01-07,92000.0,237690
2025-01-08,88800.0,237690
2025-01-09,94200.0,237690
2025-01-10,93000.0,237690
2025-01-13,90400.0,237690
2025-01-14,90400.0,237690
2025-01-15,87800.0,237690
2025-01-16,90100.0,237690
2025-01-17,86800.0,237690
2025-01-20,85300.0,237690
2025-01-21,85800.0,237690
2025-01-22,88600.0,237690
2025-01-23,87400.0,237690
2025-01-24,87400.0,237690
2025-01-31,86800.0,237690
2025-02-03,80300.0,237690
2025-02-04,82800.0,237690
2025-02-05,82800.0,237690
2025-02-06,90000.0,237690
2025-02-07,89100.0,237690
2025-02-10,93400.0,237690
2025-02-11,89800.0,237690
2025-02-12,85800.0,237690
2025-02-13,85300.0,237690
2025-02-14,84400.0,237690
2025-02-17,84500.0,237690
2025-02-18,83600.0,237690
2025-02-19,82400.0,237690
2025-02-20,81000.0,237690
2025-02-21,82800.0,237690
2025-02-24,81500.0,237690
2025-02-25,82300.0,237690
2025-02-26,82000.0,237690
2025-02-27,79300.0,237690
2025-02-28,76500.0,237690
2025-03-04,77400.0,237690
2025-03-05,78900.0,237690
2025-03-06,78700.0,237690
2025-03-07,75100.0,237690
2025-03-10,75400.0,237690
2025-03-11,73300.0,237690
2025-03-12,74100.0,237690
2025-03-13,74400.0,237690
2025-03-14,75600.0,237690
2025-03-17,76200.0,237690
2025-03-18,77200.0,237690
2025-03-19,76200.0,237690
2025-03-20,75900.0,237690
2025-03-21,75800.0,237690
2025-03-24,77000.0,237690
2025-03-25,77200.0,237690
2025-03-26,77200.0,237690
2025-03-27,76200.0,237690
2025-03-28,74100.0,237690
2025-03-31,72100.0,237690
2025-04-01,75000.0,237690
2025-04-02,73000.0,237690
2025-04-03,74400.0,237690
2025-04-04,73900.0,237690
2025-04-07,67300.0,237690
2025-04-08,72800.0,237690
2025-04-09,68200.0,237690
2025-04-10,73400.0,237690
2025-04-11,76100.0,237690
2025-04-14,77500.0,237690
2025-04-15,78200.0,237690
2025-04-16,76000.0,237690
2025-04-17,76100.0,237690
2025-04-18,76600.0,237690
2025-04-21,75800.0,237690
2025-04-22,76300.0,237690
2025-04-23,76700.0,237690
2025-04-24,77400.0,237690
2025-04-25,77100.0,237690
2025-04-28,79300.0,237690
2025-04-29,78200.0,237690
2025-04-30,79000.0,237690
2025-05-02,78900.0,237690
2025-05-07,75000.0,237690
2025-05-08,75500.0,237690
2025-05-09,74600.0,237690
2025-05-12,71700.0,237690
2025-05-13,73600.0,237690
2025-05-14,74200.0,237690
2025-05-15,74600.0,237690
2025-05-16,72800.0,237690
2025-05-19,71600.0,237690
2025-05-20,73900.0,237690
2025-05-21,75700.0,237690
2025-05-22,75600.0,237690
2025-05-23,75500.0,237690
2025-05-26,76600.0,237690
2025-05-27,77500.0,237690
2025-05-28,76400.0,237690
2025-05-29,77500.0,237690
2025-05-30,79200.0,237690
2025-06-02,79500.0,237690
2025-06-04,78200.0,237690
2025-06-05,77200.0,237690
2025-06-09,80300.0,237690
2025-06-10,83200.0,237690
2025-06-11,83700.0,237690
2025-06-12,83000.0,237690
2025-06-13,81200.0,237690
2025-06-16,79900.0,237690
2025-06-17,79100.0,237690
2025-06-18,78000.0,237690
2025-06-19,77300.0,237690
2025-06-20,80800.0,237690
2025-06-23,78300.0,237690
2025-06-24,79100.0,237690
2025-06-25,79200.0,237690
2025-06-26,77700.0,237690
2025-06-27,76500.0,237690
2025-06-30,77000.0,237690
2025-07-01,84400.0,237690
2025-07-02,86200.0,237690
2025-07-03,88000.0,237690
2025-07-04,84800.0,237690
2025-07-07,84000.0,237690
2025-07-08,83700.0,237690
2025-07-09,82500.0,237690
2025-07-10,85600.0,237690
2025-07-11,83300.0,237690
2025-07-14,84400.0,237690
2025-07-15,85900.0,237690
2025-07-16,87900.0,237690
2025-07-17,88900.0,237690
2025-07-18,93900.0,237690
2025-07-21,93200.0,237690
2025-07-22,94300.0,237690
2025-07-23,94800.0,237690
2025-07-24,92700.0,237690
2025-07-25,89600.0,237690
2025-07-28,89200.0,237690
2025-07-29,87500.0,237690
2025-07-30,86100.0,237690
2025-07-31,87100.0,237690
2025-08-01,82700.0,237690
2025-08-04,87200.0,237690
2025-08-05,91000.0,237690
2025-08-06,90900.0,237690
2025-08-07,90000.0,237690
2025-08-08,89300.0,237690
2025-08-11,91800.0,237690
2025-08-12,90500.0,237690
2025-08-13,93700.0,237690
2025-08-14,92800.0,237690
2025-08-18,91600.0,237690
2025-08-19,89400.0,237690
2025-08-20,89400.0,237690
2025-08-21,88200.0,237690
2025-08-22,92000.0,237690
2025-08-25,92700.0,237690
2025-08-26,94300.0,237690
2025-08-27,94600.0,237690
2025-08-28,93500.0,237690
2025-08-29,92600.0,237690
2025-09-01,92800.0,237690
2025-09-02,95700.0,237690
2025-09-03,98700.0,237690
2025-09-04,99800.0,237690
2025-09-05,98000.0,237690
2025-09-08,98300.0,237690
2025-09-09,92600.0,237690
2025-09-10,93700.0,237690
2025-09-11,91400.0,237690
2025-09-12,95200.0,237690
2025-09-15,95300.0,237690
2025-09-16,93700.0,237690
2025-09-17,91600.0,237690
2025-09-18,91400.0,237690
2025-09-19,94000.0,237690
2025-09-22,94800.0,237690
2025-09-23,93300.0,237690
2025-09-24,92300.0,237690
2025-09-25,91000.0,237690
2025-09-26,88900.0,237690
2025-09-29,89600.0,237690
2025-09-30,89500.0,237690
2025-10-01,88500.0,237690
2025-10-02,88800.0,237690
2025-10-10,90300.0,237690
2025-10-13,94300.0,237690
2025-10-14,93000.0,237690
2025-10-15,95400.0,237690
2025-10-16,95200.0,237690
2025-10-17,96800.0,237690
2025-10-20,105700.0,237690
2025-10-21,94900.0,237690
2025-10-22,95200.0,237690
2025-10-23,90800.0,237690
2025-10-24,89500.0,237690
2025-10-27,94100.0,237690
2025-10-28,96700.0,237690
2025-10-29,100800.0,237690
2025-10-30,96800.0,237690
2025-10-31,101300.0,237690
2025-11-03,100700.0,237690
2025-11-04,101100.0,237690
2025-11-05,99700.0,237690
2025-11-06,99500.0,237690
2025-11-07,95800.0,237690
2025-11-10,96500.0,237690
2025-11-11,97000.0,237690
2025-11-12,100200.0,237690
2025-11-13,102000.0,237690
2025-11-14,104100.0,237690
2025-11-17,103400.0,237690
2025-11-18,101700.0,237690
2025-11-19,98700.0,237690
2025-11-20,102000.0,237690
2025-11-21,99800.0,237690
2025-11-24,98200.0,237690
2025-11-25,97800.0,237690
2025-11-26,103600.0,237690
2025-11-27,108200.0,237690
2025-11-28,117000.0,237690
2025-12-01,116700.0,237690
2025-12-02,117800.0,237690
2025-12-03,118900.0,237690
2025-12-04,117900.0,237690
2025-12-05,118000.0,237690
2025-12-08,125000.0,237690
2025-12-09,127500.0,237690
2025-12-10,125000.0,237690
2025-12-11,129300.0,237690
2025-12-12,127300.0,237690
2025-12-15,132100.0,237690
2025-12-16,131100.0,237690
2025-12-17,127800.0,237690
2025-12-18,128400.0,237690
2025-12-19,127700.0,237690
2025-12-22,125500.0,237690
2025-12-23,124900.0,237690
2025-12-24,124900.0,237690
2025-12-26,120900.0,237690
2025-12-29,120400.0,237690
2025-12-30,119200.0,237690
2026-01-02,115000.0,237690
2026-01-05,123800.0,237690
2026-01-06,126400.0,237690
2026-01-07,126700.0,237690
2026-01-08,128200.0,237690
2026-01-09,131800.0,237690
2026-01-12,127600.0,237690
2026-01-13,125800.0,237690
2026-01-14,125500.0,237690
2026-01-15,124900.0,237690
2026-01-16,122400.0,237690
2026-01-19,123600.0,237690
2026-01-20,123800.0,237690
2026-01-21,116900.0,237690
2026-01-22,120100.0,237690
2026-01-23,139600.0,237690
2026-01-26,149500.0,237690
2026-01-27,146500.0,237690
2026-01-28,150500.0,237690
2026-01-29,154600.0,237690
2026-01-30,159600.0,237690
2026-02-02,153500.0,237690
2026-02-03,160600.0,237690
2026-02-04,155900.0,237690
2026-02-05,150800.0,237690
2026-02-06,146700.0,237690
2026-02-09,154800.0,237690
2026-02-10,152400.0,237690
2026-02-11,147900.0,237690
2026-02-12,147700.0,237690
2026-02-13,146700.0,237690
2026-02-19,153500.0,237690
2026-02-20,150000.0,237690
2026-02-23,151100.0,237690
2026-02-24,148900.0,237690
2026-02-25,145000.0,237690
2026-02-26,147100.0,237690
2026-02-27,152300.0,237690
2026-03-03,155600.0,237690
2026-03-04,131500.0,237690
2026-03-05,148800.0,237690
2026-03-06,160000.0,237690
2026-03-09,162100.0,237690
2026-03-10,159600.0,237690
2026-03-11,158900.0,237690
2026-03-12,157400.0,237690
2026-03-13,160700.0,237690
2026-03-16,155100.0,237690
2026-03-17,153400.0,237690
2026-03-18,155800.0,237690
2026-03-19,149500.0,237690
2026-03-20,150800.0,237690
2026-03-23,142500.0,237690
2026-03-24,151000.0,237690
2026-03-25,159500.0,237690
2026-03-26,154800.0,237690
2026-03-27,159300.0,237690
2026-03-30,148800.0,237690
2026-03-31,144600.0,237690
2026-04-01,152800.0,237690
2026-04-02,143200.0,237690
2026-04-03,138100.0,237690
2026-04-06,136800.0,237690
2026-04-07,137000.0,237690
2026-04-08,140000.0,237690
2026-04-09,141100.0,237690
2026-04-10,143300.0,237690
2026-04-13,143700.0,237690
2026-04-14,143600.0,237690
2026-04-15,147500.0,237690
2026-04-16,146700.0,237690
2026-04-17,141000.0,237690
2026-04-20,141900.0,237690
2026-04-21,135800.0,237690
2026-04-22,141900.0,237690
2026-04-23,148000.0,237690
2026-04-24,148000.0,237690
2026-04-27,167500.0,237690
2026-04-28,168700.0,237690
2026-04-29,163400.0,237690
2026-04-30,152500.0,237690
2026-05-04,153800.0,237690
2026-05-06,150000.0,237690
2026-05-07,153800.0,237690
2026-05-08,156000.0,237690
2026-05-11,146000.0,237690
2026-05-12,146100.0,237690
2026-05-13,142600.0,237690
2026-05-14,142500.0,237690
2026-05-15,131400.0,237690
2026-05-18,124900.0,237690
2026-05-19,128600.0,237690
2026-05-20,124800.0,237690
2026-05-21,126800.0,237690
2026-05-22,139500.0,237690
2026-05-26,138600.0,237690
2026-05-27,139700.0,237690
2026-05-28,135400.0,237690
2026-05-29,134100.0,237690
2026-06-01,129500.0,237690
2026-06-02,123400.0,237690
2026-06-04,123500.0,237690
2026-06-05,119500.0,237690
2026-06-08,109500.0,237690
2026-06-09,118100.0,237690
2026-06-10,117800.0,237690
2026-06-11,123200.0,237690
2026-06-12,122000.0,237690
2026-06-15,123800.0,237690
2026-06-16,124100.0,237690
2026-06-17,133000.0,237690
2026-06-18,127000.0,237690
2026-06-19,121800.0,237690
2026-06-22,118500.0,237690
2026-06-23,115900.0,237690
2026-06-24,121000.0,237690
2026-06-25,122500.0,237690
2026-06-26,117400.0,237690
2026-06-29,135000.0,237690
2026-06-30,132200.0,237690
2026-07-01,131600.0,237690
2026-07-02,129700.0,237690
2026-07-03,130500.0,237690
2026-07-06,124500.0,237690
2026-07-07,128700.0,237690
2026-07-08,120200.0,237690
2026-07-09,119200.0,237690
2026-07-10,123600.0,237690
2026-07-13,125900.0,237690
2026-07-14,128100.0,237690
2026-07-15,123000.0,237690
2026-07-16,124300.0,237690
2026-07-20,113900.0,237690
2026-07-21,114000.0,237690
2026-07-22,113000.0,237690
2026-07-23,117900.0,237690
2026-07-24,116700.0,237690
2026-07-27,99900.0,237690
2026-07-28,98500.0,237690
2026-07-29,90600.0,237690
2026-07-30,84700.0,237690
2026-07-31,88500.0,237690
2026-08-03,94400.0,237690
2026-08-04,100700.0,237690
2026-08-05,100800.0,237690
2026-08-06,101300.0,237690
2026-08-07,100100.0,237690
2026-08-10,108000.0,237690
2026-08-11,108000.0,237690
2026-08-12,107000.0,237690
2026-08-13,107600.0,237690
2026-08-14,106400.0,237690
2026-08-18,100300.0,237690
2026-08-19,99300.0,237690
2026-08-20,110900.0,237690
2026-08-21,99700.0,237690
2026-08-24,110200.0,237690
2026-08-25,106700.0,237690
2026-08-26,110000.0,237690
2026-08-27,110900.0,237690
2026-08-28,110200.0,237690
2026-08-31,105200.0,237690
2016-08-10,9890.0,251340
2016-08-11,10025.0,251340
2016-08-12,9985.0,251340
2016-08-16,10015.0,251340
2016-08-17,10065.0,251340
2016-08-18,9985.0,251340
2016-08-19,9970.0,251340
2016-08-22,10080.0,251340
2016-08-23,10090.0,251340
2016-08-24,10075.0,251340
2016-08-25,10130.0,251340
2016-08-26,10170.0,251340
2016-08-29,10425.0,251340
2016-08-30,10330.0,251340
2016-08-31,10420.0,251340
2016-09-01,10200.0,251340
2016-09-02,10135.0,251340
2016-09-05,10105.0,251340
2016-09-06,10155.0,251340
2016-09-07,10240.0,251340
2016-09-08,10140.0,251340
2016-09-09,10220.0,251340
2016-09-12,10435.0,251340
2016-09-13,10405.0,251340
2016-09-19,10200.0,251340
2016-09-20,10095.0,251340
2016-09-21,10040.0,251340
2016-09-22,9910.0,251340
2016-09-23,9920.0,251340
2016-09-26,9970.0,251340
2016-09-27,9935.0,251340
2016-09-28,10030.0,251340
2016-09-29,9960.0,251340
2016-09-30,10150.0,251340
2016-10-04,10050.0,251340
2016-10-05,10115.0,251340
2016-10-06,10135.0,251340
2016-10-07,10315.0,251340
2016-10-10,10295.0,251340
2016-10-11,10345.0,251340
2016-10-12,10355.0,251340
2016-10-13,10445.0,251340
2016-10-14,10425.0,251340
2016-10-17,10455.0,251340
2016-10-18,10385.0,251340
2016-10-19,10325.0,251340
2016-10-20,10420.0,251340
2016-10-21,10525.0,251340
2016-10-24,10580.0,251340
2016-10-25,10675.0,251340
2016-10-26,10630.0,251340
2016-10-27,10390.0,251340
2016-10-28,10540.0,251340
2016-10-31,10720.0,251340
2016-11-01,10675.0,251340
2016-11-02,10940.0,251340
2016-11-03,10890.0,251340
2016-11-04,10885.0,251340
2016-11-07,10710.0,251340
2016-11-08,10700.0,251340
2016-11-09,11055.0,251340
2016-11-10,10570.0,251340
2016-11-11,10705.0,251340
2016-11-14,10775.0,251340
2016-11-15,10900.0,251340
2016-11-16,10710.0,251340
2016-11-17,10710.0,251340
2016-11-18,10855.0,251340
2016-11-21,11045.0,251340
2016-11-22,10980.0,251340
2016-11-23,11120.0,251340
2016-11-24,11210.0,251340
2016-11-25,11155.0,251340
2016-11-28,11265.0,251340
2016-11-29,11225.0,251340
2016-11-30,11205.0,251340
2016-12-01,11285.0,251340
2016-12-02,11450.0,251340
2016-12-05,11670.0,251340
2016-12-06,11505.0,251340
2016-12-07,11595.0,251340
2016-12-08,11490.0,251340
2016-12-09,11275.0,251340
2016-12-12,11080.0,251340
2016-12-13,10950.0,251340
2016-12-14,10940.0,251340
2016-12-15,10840.0,251340
2016-12-16,10835.0,251340
2016-12-19,10825.0,251340
2016-12-20,10990.0,251340
2016-12-21,11010.0,251340
2016-12-22,11085.0,251340
2016-12-23,10945.0,251340
2016-12-26,10990.0,251340
2016-12-27,10920.0,251340
2016-12-28,10660.0,251340
2016-12-29,10615.0,251340
2017-01-02,10715.0,251340
2017-01-03,10645.0,251340
2017-01-04,10595.0,251340
2017-01-05,10585.0,251340
2017-01-06,10600.0,251340
2017-01-09,10665.0,251340
2017-01-10,10825.0,251340
2017-01-11,10725.0,251340
2017-01-12,10840.0,251340
2017-01-13,10745.0,251340
2017-01-16,10845.0,251340
2017-01-17,10905.0,251340
2017-01-18,10860.0,251340
2017-01-19,10910.0,251340
2017-01-20,10980.0,251340
2017-01-23,11000.0,251340
2017-01-24,11075.0,251340
2017-01-25,11115.0,251340
2017-01-26,10995.0,251340
2017-01-31,10945.0,251340
2017-02-01,10835.0,251340
2017-02-02,10985.0,251340
2017-02-03,11030.0,251340
2017-02-06,10895.0,251340
2017-02-07,10955.0,251340
2017-02-08,10945.0,251340
2017-02-09,10935.0,251340
2017-02-10,10940.0,251340
2017-02-13,10870.0,251340
2017-02-14,10895.0,251340
2017-02-15,10775.0,251340
2017-02-16,10775.0,251340
2017-02-17,10745.0,251340
2017-02-20,10740.0,251340
2017-02-21,10675.0,251340
2017-02-22,10675.0,251340
2017-02-23,10765.0,251340
2017-02-24,10760.0,251340
2017-02-27,10805.0,251340
2017-02-28,10805.0,251340
2017-03-02,10860.0,251340
2017-03-03,11000.0,251340
2017-03-06,10920.0,251340
2017-03-07,10895.0,251340
2017-03-08,10960.0,251340
2017-03-09,10965.0,251340
2017-03-10,10745.0,251340
2017-03-13,10745.0,251340
2017-03-14,10805.0,251340
2017-03-15,10945.0,251340
2017-03-16,10835.0,251340
2017-03-17,10900.0,251340
2017-03-20,10945.0,251340
2017-03-21,10895.0,251340
2017-03-22,10910.0,251340
2017-03-23,10930.0,251340
2017-03-24,10885.0,251340
2017-03-27,10850.0,251340
2017-03-28,10775.0,251340
2017-03-29,10760.0,251340
2017-03-30,10755.0,251340
2017-03-31,10655.0,251340
2017-04-03,10450.0,251340
2017-04-04,10465.0,251340
2017-04-05,10430.0,251340
2017-04-06,10375.0,251340
2017-04-07,10350.0,251340
2017-04-10,10620.0,251340
2017-04-11,10525.0,251340
2017-04-12,10530.0,251340
2017-04-13,10480.0,251340
2017-04-14,10575.0,251340
2017-04-17,10400.0,251340
2017-04-18,10345.0,251340
2017-04-19,10315.0,251340
2017-04-20,10330.0,251340
2017-04-21,10345.0,251340
2017-04-24,10460.0,251340
2017-04-25,10350.0,251340
2017-04-26,10315.0,251340
2017-04-27,10405.0,251340
2017-04-28,10420.0,251340
2017-05-02,10405.0,251340
2017-05-04,10205.0,251340
2017-05-08,9980.0,251340
2017-05-10,10010.0,251340
2017-05-11,9935.0,251340
2017-05-12,10055.0,251340
2017-05-15,9995.0,251340
2017-05-16,10105.0,251340
2017-05-17,10090.0,251340
2017-05-18,10135.0,251340
2017-05-19,10090.0,251340
2017-05-22,10075.0,251340
2017-05-23,10040.0,251340
2017-05-24,9985.0,251340
2017-05-25,10015.0,251340
2017-05-26,9980.0,251340
2017-05-29,10055.0,251340
2017-05-30,9955.0,251340
2017-05-31,9875.0,251340
2017-06-01,9815.0,251340
2017-06-02,9770.0,251340
2017-06-05,9680.0,251340
2017-06-07,9600.0,251340
2017-06-08,9550.0,251340
2017-06-09,9495.0,251340
2017-06-12,9665.0,251340
2017-06-13,9545.0,251340
2017-06-14,9530.0,251340
2017-06-15,9525.0,251340
2017-06-16,9540.0,251340
2017-06-19,9430.0,251340
2017-06-20,9450.0,251340
2017-06-21,9465.0,251340
2017-06-22,9515.0,251340
2017-06-23,9460.0,251340
2017-06-26,9445.0,251340
2017-06-27,9385.0,251340
2017-06-28,9520.0,251340
2017-06-29,9455.0,251340
2017-06-30,9450.0,251340
2017-07-03,9545.0,251340
2017-07-04,9590.0,251340
2017-07-05,9535.0,251340
2017-07-06,9485.0,251340
2017-07-07,9505.0,251340
2017-07-10,9565.0,251340
2017-07-11,9610.0,251340
2017-07-12,9715.0,251340
2017-07-13,9655.0,251340
2017-07-14,9640.0,251340
2017-07-17,9505.0,251340
2017-07-18,9465.0,251340
2017-07-19,9345.0,251340
2017-07-20,9230.0,251340
2017-07-21,9300.0,251340
2017-07-24,9280.0,251340
2017-07-25,9410.0,251340
2017-07-26,9350.0,251340
2017-07-27,9340.0,251340
2017-07-28,9530.0,251340
2017-07-31,9555.0,251340
2017-08-01,9570.0,251340
2017-08-02,9500.0,251340
2017-08-03,9760.0,251340
2017-08-04,9775.0,251340
2017-08-07,9630.0,251340
2017-08-08,9580.0,251340
2017-08-09,9700.0,251340
2017-08-10,9695.0,251340
2017-08-11,9895.0,251340
2017-08-14,9830.0,251340
2017-08-16,9685.0,251340
2017-08-17,9560.0,251340
2017-08-18,9560.0,251340
2017-08-21,9610.0,251340
2017-08-22,9520.0,251340
2017-08-23,9555.0,251340
2017-08-24,9505.0,251340
2017-08-25,9465.0,251340
2017-08-28,9390.0,251340
2017-08-29,9390.0,251340
2017-08-30,9405.0,251340
2017-08-31,9330.0,251340
2017-09-01,9255.0,251340
2017-09-04,9400.0,251340
2017-09-05,9390.0,251340
2017-09-06,9300.0,251340
2017-09-07,9240.0,251340
2017-09-08,9265.0,251340
2017-09-11,9230.0,251340
2017-09-12,9165.0,251340
2017-09-13,9185.0,251340
2017-09-14,9040.0,251340
2017-09-15,8860.0,251340
2017-09-18,8755.0,251340
2017-09-19,8755.0,251340
2017-09-20,8830.0,251340
2017-09-21,8885.0,251340
2017-09-22,8960.0,251340
2017-09-25,8940.0,251340
2017-09-26,8900.0,251340
2017-09-27,8820.0,251340
2017-09-28,8890.0,251340
2017-09-29,8855.0,251340
2017-10-10,8790.0,251340
2017-10-11,8700.0,251340
2017-10-12,8615.0,251340
2017-10-13,8595.0,251340
2017-10-16,8555.0,251340
2017-10-17,8270.0,251340
2017-10-18,8270.0,251340
2017-10-19,8345.0,251340
2017-10-20,8260.0,251340
2017-10-23,8190.0,251340
2017-10-24,7975.0,251340
2017-10-25,7965.0,251340
2017-10-26,8145.0,251340
2017-10-27,7960.0,251340
2017-10-30,7940.0,251340
2017-10-31,7900.0,251340
2017-11-01,7900.0,251340
2017-11-02,7885.0,251340
2017-11-03,7765.0,251340
2017-11-06,7715.0,251340
2017-11-07,7815.0,251340
2017-11-08,7650.0,251340
2017-11-09,7660.0,251340
2017-11-10,7535.0,251340
2017-11-13,7220.0,251340
2017-11-14,6970.0,251340
2017-11-15,6780.0,251340
2017-11-16,6665.0,251340
2017-11-17,6730.0,251340
2017-11-20,6575.0,251340
2017-11-21,6570.0,251340
2017-11-22,6730.0,251340
2017-11-23,6515.0,251340
2017-11-24,6645.0,251340
2017-11-27,6690.0,251340
2017-11-28,6920.0,251340
2017-11-29,6835.0,251340
2017-11-30,6940.0,251340
2017-12-01,6720.0,251340
2017-12-04,6805.0,251340
2017-12-05,6950.0,251340
2017-12-06,7045.0,251340
2017-12-07,7185.0,251340
2017-12-08,7255.0,251340
2017-12-11,7020.0,251340
2017-12-12,7110.0,251340
2017-12-13,7005.0,251340
2017-12-14,7060.0,251340
2017-12-15,7035.0,251340
2017-12-18,7110.0,251340
2017-12-19,7115.0,251340
2017-12-20,7220.0,251340
2017-12-21,7350.0,251340
2017-12-22,7045.0,251340
2017-12-26,6960.0,251340
2017-12-27,6595.0,251340
2017-12-28,6540.0,251340
2018-01-02,6425.0,251340
2018-01-03,6350.0,251340
2018-01-04,6520.0,251340
2018-01-05,6275.0,251340
2018-01-08,6105.0,251340
2018-01-09,6190.0,251340
2018-01-10,6165.0,251340
2018-01-11,5905.0,251340
2018-01-12,5630.0,251340
2018-01-15,5440.0,251340
2018-01-16,5415.0,251340
2018-01-17,5570.0,251340
2018-01-18,5500.0,251340
2018-01-19,5710.0,251340
2018-01-22,5755.0,251340
2018-01-23,5585.0,251340
2018-01-24,5595.0,251340
2018-01-25,5595.0,251340
2018-01-26,5515.0,251340
2018-01-29,5395.0,251340
2018-01-30,5425.0,251340
2018-01-31,5515.0,251340
2018-02-01,5610.0,251340
2018-02-02,5645.0,251340
2018-02-05,5925.0,251340
2018-02-06,5875.0,251340
2018-02-07,6155.0,251340
2018-02-08,5840.0,251340
2018-02-09,6005.0,251340
2018-02-12,6015.0,251340
2018-02-13,6185.0,251340
2018-02-14,5980.0,251340
2018-02-19,5735.0,251340
2018-02-20,5855.0,251340
2018-02-21,5765.0,251340
2018-02-22,5795.0,251340
2018-02-23,5760.0,251340
2018-02-26,5745.0,251340
2018-02-27,5765.0,251340
2018-02-28,5890.0,251340
2018-03-02,5825.0,251340
2018-03-05,5935.0,251340
2018-03-06,5810.0,251340
2018-03-07,5960.0,251340
2018-03-08,5845.0,251340
2018-03-09,5795.0,251340
2018-03-12,5625.0,251340
2018-03-13,5630.0,251340
2018-03-14,5640.0,251340
2018-03-15,5625.0,251340
2018-03-16,5600.0,251340
2018-03-19,5710.0,251340
2018-03-20,5600.0,251340
2018-03-21,5640.0,251340
2018-03-22,5765.0,251340
2018-03-23,6140.0,251340
2018-03-26,5870.0,251340
2018-03-27,5875.0,251340
2018-03-28,5940.0,251340
2018-03-29,5765.0,251340
2018-03-30,5770.0,251340
2018-04-02,5805.0,251340
2018-04-03,5780.0,251340
2018-04-04,5830.0,251340
2018-04-05,5780.0,251340
2018-04-06,5780.0,251340
2018-04-09,5725.0,251340
2018-04-10,5720.0,251340
2018-04-11,5700.0,251340
2018-04-12,5790.0,251340
2018-04-13,5745.0,251340
2018-04-16,5715.0,251340
2018-04-17,5710.0,251340
2018-04-18,5770.0,251340
2018-04-19,5870.0,251340
2018-04-20,5855.0,251340
2018-04-23,5950.0,251340
2018-04-24,6035.0,251340
2018-04-25,6045.0,251340
2018-04-26,5965.0,251340
2018-04-27,5870.0,251340
2018-04-30,5990.0,251340
2018-05-02,6050.0,251340
2018-05-03,6110.0,251340
2018-05-04,6265.0,251340
2018-05-08,6535.0,251340
2018-05-09,6255.0,251340
2018-05-10,6280.0,251340
2018-05-11,6200.0,251340
2018-05-14,6340.0,251340
2018-05-15,6265.0,251340
2018-05-16,6285.0,251340
2018-05-17,6225.0,251340
2018-05-18,6120.0,251340
2018-05-21,6125.0,251340
2018-05-23,6140.0,251340
2018-05-24,6055.0,251340
2018-05-25,6000.0,251340
2018-05-28,5975.0,251340
2018-05-29,6120.0,251340
2018-05-30,6010.0,251340
2018-05-31,5985.0,251340
2018-06-01,5980.0,251340
2018-06-04,6060.0,251340
2018-06-05,6060.0,251340
2018-06-07,5965.0,251340
2018-06-08,6065.0,251340
2018-06-11,6055.0,251340
2018-06-12,6035.0,251340
2018-06-14,6120.0,251340
2018-06-15,6100.0,251340
2018-06-18,6305.0,251340
2018-06-19,6500.0,251340
2018-06-20,6240.0,251340
2018-06-21,6390.0,251340
2018-06-22,6305.0,251340
2018-06-25,6255.0,251340
2018-06-26,6280.0,251340
2018-06-27,6335.0,251340
2018-06-28,6460.0,251340
2018-06-29,6375.0,251340
2018-07-02,6610.0,251340
2018-07-03,6525.0,251340
2018-07-04,6515.0,251340
2018-07-05,6500.0,251340
2018-07-06,6330.0,251340
2018-07-09,6330.0,251340
2018-07-10,6340.0,251340
2018-07-11,6505.0,251340
2018-07-12,6370.0,251340
2018-07-13,6305.0,251340
2018-07-16,6335.0,251340
2018-07-17,6425.0,251340
2018-07-18,6495.0,251340
2018-07-19,6605.0,251340
2018-07-20,6665.0,251340
2018-07-23,7010.0,251340
2018-07-24,7020.0,251340
2018-07-25,7180.0,251340
2018-07-26,6975.0,251340
2018-07-27,6940.0,251340
2018-07-30,7045.0,251340
2018-07-31,6930.0,251340
2018-08-01,6720.0,251340
2018-08-02,6865.0,251340
2018-08-03,6770.0,251340
2018-08-06,6885.0,251340
2018-08-07,6820.0,251340
2018-08-08,6840.0,251340
2018-08-09,6750.0,251340
2018-08-10,6795.0,251340
2018-08-13,7065.0,251340
2018-08-14,6990.0,251340
2018-08-16,7000.0,251340
2018-08-17,6850.0,251340
2018-08-20,6900.0,251340
2018-08-21,6660.0,251340
2018-08-22,6720.0,251340
2018-08-23,6650.0,251340
2018-08-24,6550.0,251340
2018-08-27,6480.0,251340
2018-08-28,6550.0,251340
2018-08-29,6490.0,251340
2018-08-30,6490.0,251340
2018-08-31,6330.0,251340
2018-09-03,6340.0,251340
2018-09-04,6230.0,251340
2018-09-05,6345.0,251340
2018-09-06,6390.0,251340
2018-09-07,6375.0,251340
2018-09-10,6370.0,251340
2018-09-11,6300.0,251340
2018-09-12,6225.0,251340
2018-09-13,6190.0,251340
2018-09-14,6110.0,251340
2018-09-17,6145.0,251340
2018-09-18,6105.0,251340
2018-09-19,6110.0,251340
2018-09-20,6185.0,251340
2018-09-21,6150.0,251340
2018-09-27,6075.0,251340
2018-09-28,6170.0,251340
2018-10-01,6210.0,251340
2018-10-02,6430.0,251340
2018-10-04,6470.0,251340
2018-10-05,6605.0,251340
2018-10-08,6685.0,251340
2018-10-10,6780.0,251340
2018-10-11,7075.0,251340
2018-10-12,6785.0,251340
2018-10-15,6980.0,251340
2018-10-16,6870.0,251340
2018-10-17,6795.0,251340
2018-10-18,6920.0,251340
2018-10-19,6770.0,251340
2018-10-22,6715.0,251340
2018-10-23,6950.0,251340
2018-10-24,7130.0,251340
2018-10-25,7215.0,251340
2018-10-26,7445.0,251340
2018-10-29,7660.0,251340
2018-10-30,7505.0,251340
2018-10-31,7640.0,251340
2018-11-01,7640.0,251340
2018-11-02,7180.0,251340
2018-11-05,7170.0,251340
2018-11-06,7190.0,251340
2018-11-07,7310.0,251340
2018-11-08,7225.0,251340
2018-11-09,7365.0,251340
2018-11-12,7620.0,251340
2018-11-13,7605.0,251340
2018-11-14,7605.0,251340
2018-11-15,7390.0,251340
2018-11-16,7290.0,251340
2018-11-19,7110.0,251340
2018-11-20,7295.0,251340
2018-11-21,7210.0,251340
2018-11-22,7215.0,251340
2018-11-23,7330.0,251340
2018-11-26,7150.0,251340
2018-11-27,7115.0,251340
2018-11-28,7125.0,251340
2018-11-29,7230.0,251340
2018-11-30,7200.0,251340
2018-12-03,6955.0,251340
2018-12-04,7020.0,251340
2018-12-05,7110.0,251340
2018-12-06,7355.0,251340
2018-12-07,7235.0,251340
2018-12-10,7390.0,251340
2018-12-11,7500.0,251340
2018-12-12,7260.0,251340
2018-12-13,7255.0,251340
2018-12-14,7470.0,251340
2018-12-17,7485.0,251340
2018-12-18,7515.0,251340
2018-12-19,7310.0,251340
2018-12-20,7360.0,251340
2018-12-21,7260.0,251340
2018-12-24,7290.0,251340
2018-12-26,7235.0,251340
2018-12-27,7245.0,251340
2018-12-28,7240.0,251340
2019-01-02,7380.0,251340
2019-01-03,7575.0,251340
2019-01-04,7445.0,251340
2019-01-07,7375.0,251340
2019-01-08,7450.0,251340
2019-01-09,7360.0,251340
2019-01-10,7320.0,251340
2019-01-11,7310.0,251340
2019-01-14,7415.0,251340
2019-01-15,7330.0,251340
2019-01-16,7350.0,251340
2019-01-17,7465.0,251340
2019-01-18,7335.0,251340
2019-01-21,7385.0,251340
2019-01-22,7390.0,251340
2019-01-23,7410.0,251340
2019-01-24,7295.0,251340
2019-01-25,7215.0,251340
2019-01-28,7165.0,251340
2019-01-29,7165.0,251340
2019-01-30,7110.0,251340
2019-01-31,7065.0,251340
2019-02-01,7060.0,251340
2019-02-07,6915.0,251340
2019-02-08,6940.0,251340
2019-02-11,6860.0,251340
2019-02-12,6910.0,251340
2019-02-13,6805.0,251340
2019-02-14,6805.0,251340
2019-02-15,6840.0,251340
2019-02-18,6770.0,251340
2019-02-19,6730.0,251340
2019-02-20,6700.0,251340
2019-02-21,6740.0,251340
2019-02-22,6770.0,251340
2019-02-25,6700.0,251340
2019-02-26,6725.0,251340
2019-02-27,6665.0,251340
2019-02-28,6805.0,251340
2019-03-04,6605.0,251340
2019-03-05,6615.0,251340
2019-03-06,6690.0,251340
2019-03-07,6825.0,251340
2019-03-08,6830.0,251340
2019-03-11,6745.0,251340
2019-03-12,6555.0,251340
2019-03-13,6570.0,251340
2019-03-14,6635.0,251340
2019-03-15,6725.0,251340
2019-03-18,6700.0,251340
2019-03-19,6790.0,251340
2019-03-20,6770.0,251340
2019-03-21,6855.0,251340
2019-03-22,6840.0,251340
2019-03-25,7025.0,251340
2019-03-26,6930.0,251340
2019-03-27,7030.0,251340
2019-03-28,7120.0,251340
2019-03-29,6960.0,251340
2019-04-01,6935.0,251340
2019-04-02,6915.0,251340
2019-04-03,6790.0,251340
2019-04-04,6805.0,251340
2019-04-05,6850.0,251340
2019-04-08,6870.0,251340
2019-04-09,6840.0,251340
2019-04-10,6805.0,251340
2019-04-11,6760.0,251340
2019-04-12,6765.0,251340
2019-04-15,6775.0,251340
2019-04-16,6765.0,251340
2019-04-17,6765.0,251340
2019-04-18,6925.0,251340
2019-04-19,6820.0,251340
2019-04-22,6815.0,251340
2019-04-23,6820.0,251340
2019-04-24,6865.0,251340
2019-04-25,6925.0,251340
2019-04-26,7005.0,251340
2019-04-29,6895.0,251340
2019-04-30,6885.0,251340
2019-05-02,6870.0,251340
2019-05-03,6875.0,251340
2019-05-07,6970.0,251340
2019-05-08,7070.0,251340
2019-05-09,7265.0,251340
2019-05-10,7285.0,251340
2019-05-13,7485.0,251340
2019-05-14,7480.0,251340
2019-05-15,7265.0,251340
2019-05-16,7395.0,251340
2019-05-17,7450.0,251340
2019-05-20,7600.0,251340
2019-05-21,7585.0,251340
2019-05-22,7565.0,251340
2019-05-23,7710.0,251340
2019-05-24,7785.0,251340
2019-05-27,7790.0,251340
2019-05-28,7610.0,251340
2019-05-29,7785.0,251340
2019-05-30,7785.0,251340
2019-05-31,7685.0,251340
2019-06-03,7645.0,251340
2019-06-04,7630.0,251340
2019-06-05,7590.0,251340
2019-06-07,7545.0,251340
2019-06-10,7500.0,251340
2019-06-11,7405.0,251340
2019-06-12,7475.0,251340
2019-06-13,7440.0,251340
2019-06-14,7555.0,251340
2019-06-17,7600.0,251340
2019-06-18,7690.0,251340
2019-06-19,7625.0,251340
2019-06-20,7510.0,251340
2019-06-21,7590.0,251340
2019-06-24,7645.0,251340
2019-06-25,7700.0,251340
2019-06-26,7715.0,251340
2019-06-27,7955.0,251340
2019-06-28,8140.0,251340
2019-07-01,7905.0,251340
2019-07-02,7990.0,251340
2019-07-03,7995.0,251340
2019-07-04,8050.0,251340
2019-07-05,7960.0,251340
2019-07-08,8235.0,251340
2019-07-09,8420.0,251340
2019-07-10,8350.0,251340
2019-07-11,8215.0,251340
2019-07-12,8200.0,251340
2019-07-15,8255.0,251340
2019-07-16,8220.0,251340
2019-07-17,8315.0,251340
2019-07-18,8350.0,251340
2019-07-19,8170.0,251340
2019-07-22,8180.0,251340
2019-07-23,8255.0,251340
2019-07-24,8335.0,251340
2019-07-25,8415.0,251340
2019-07-26,8510.0,251340
2019-07-29,8800.0,251340
2019-07-30,8755.0,251340
2019-07-31,8695.0,251340
2019-08-01,8800.0,251340
2019-08-02,9150.0,251340
2019-08-05,9915.0,251340
2019-08-06,10095.0,251340
2019-08-07,9865.0,251340
2019-08-08,9515.0,251340
2019-08-09,9555.0,251340
2019-08-12,9550.0,251340
2019-08-13,9670.0,251340
2019-08-14,9485.0,251340
2019-08-16,9540.0,251340
2019-08-19,9480.0,251340
2019-08-20,9230.0,251340
2019-08-21,9055.0,251340
2019-08-22,9115.0,251340
2019-08-23,9190.0,251340
2019-08-26,9670.0,251340
2019-08-27,9580.0,251340
2019-08-28,9180.0,251340
2019-08-29,9225.0,251340
2019-08-30,9055.0,251340
2019-09-02,8855.0,251340
2019-09-03,8905.0,251340
2019-09-04,8750.0,251340
2019-09-05,8690.0,251340
2019-09-06,8715.0,251340
2019-09-09,8780.0,251340
2019-09-10,8860.0,251340
2019-09-11,8690.0,251340
2019-09-16,8525.0,251340
2019-09-17,8465.0,251340
2019-09-18,8500.0,251340
2019-09-19,8505.0,251340
2019-09-20,8480.0,251340
2019-09-23,8550.0,251340
2019-09-24,8850.0,251340
2019-09-25,8985.0,251340
2019-09-26,8855.0,251340
2019-09-27,8905.0,251340
2019-09-30,8940.0,251340
2019-10-01,8665.0,251340
2019-10-02,8820.0,251340
2019-10-04,8795.0,251340
2019-10-07,8465.0,251340
2019-10-08,8375.0,251340
2019-10-10,8405.0,251340
2019-10-11,8455.0,251340
2019-10-14,8280.0,251340
2019-10-15,8205.0,251340
2019-10-16,8135.0,251340
2019-10-17,8220.0,251340
2019-10-18,8295.0,251340
2019-10-21,8125.0,251340
2019-10-22,7930.0,251340
2019-10-23,7700.0,251340
2019-10-24,7745.0,251340
2019-10-25,7955.0,251340
2019-10-28,7970.0,251340
2019-10-29,7850.0,251340
2019-10-30,7880.0,251340
2019-10-31,7855.0,251340
2019-11-01,7785.0,251340
2019-11-04,7700.0,251340
2019-11-05,7620.0,251340
2019-11-06,7745.0,251340
2019-11-07,7790.0,251340
2019-11-08,7810.0,251340
2019-11-11,7910.0,251340
2019-11-12,7825.0,251340
2019-11-13,7940.0,251340
2019-11-14,7910.0,251340
2019-11-15,7775.0,251340
2019-11-18,7790.0,251340
2019-11-19,7945.0,251340
2019-11-20,8155.0,251340
2019-11-21,8320.0,251340
2019-11-22,8345.0,251340
2019-11-25,8120.0,251340
2019-11-26,8075.0,251340
2019-11-27,8120.0,251340
2019-11-28,8280.0,251340
2019-11-29,8400.0,251340
2019-12-02,8315.0,251340
2019-12-03,8450.0,251340
2019-12-04,8480.0,251340
2019-12-05,8560.0,251340
2019-12-06,8390.0,251340
2019-12-09,8390.0,251340
2019-12-10,8425.0,251340
2019-12-11,8445.0,251340
2019-12-12,8250.0,251340
2019-12-13,8165.0,251340
2019-12-16,8200.0,251340
2019-12-17,8065.0,251340
2019-12-18,8120.0,251340
2019-12-19,8080.0,251340
2019-12-20,8035.0,251340
2019-12-23,7960.0,251340
2019-12-24,8090.0,251340
2019-12-26,7880.0,251340
2019-12-27,7740.0,251340
2019-12-30,7610.0,251340
2020-01-02,7605.0,251340
2020-01-03,7725.0,251340
2020-01-06,7960.0,251340
2020-01-07,7790.0,251340
2020-01-08,8060.0,251340
2020-01-09,7695.0,251340
2020-01-10,7625.0,251340
2020-01-13,7575.0,251340
2020-01-14,7600.0,251340
2020-01-15,7625.0,251340
2020-01-16,7540.0,251340
2020-01-17,7545.0,251340
2020-01-20,7610.0,251340
2020-01-21,7720.0,251340
2020-01-22,7550.0,251340
2020-01-23,7625.0,251340
2020-01-28,7915.0,251340
2020-01-29,7820.0,251340
2020-01-30,7995.0,251340
2020-01-31,8130.0,251340
2020-02-03,8010.0,251340
2020-02-04,7850.0,251340
2020-02-05,7870.0,251340
2020-02-06,7695.0,251340
2020-02-07,7705.0,251340
2020-02-10,7650.0,251340
2020-02-11,7570.0,251340
2020-02-12,7535.0,251340
2020-02-13,7540.0,251340
2020-02-14,7560.0,251340
2020-02-17,7525.0,251340
2020-02-18,7645.0,251340
2020-02-19,7625.0,251340
2020-02-20,7675.0,251340
2020-02-21,7870.0,251340
2020-02-24,8195.0,251340
2020-02-25,7895.0,251340
2020-02-26,7885.0,251340
2020-02-27,8025.0,251340
2020-02-28,8325.0,251340
2020-03-02,8065.0,251340
2020-03-03,8105.0,251340
2020-03-04,7970.0,251340
2020-03-05,7860.0,251340
2020-03-06,7940.0,251340
2020-03-09,8250.0,251340
2020-03-10,8090.0,251340
2020-03-11,8455.0,251340
2020-03-12,8785.0,251340
2020-03-13,9275.0,251340
2020-03-16,9600.0,251340
2020-03-17,9165.0,251340
2020-03-18,9760.0,251340
2020-03-19,10605.0,251340
2020-03-20,9575.0,251340
2020-03-23,10190.0,251340
2020-03-24,9170.0,251340
2020-03-25,8830.0,251340
2020-03-26,8830.0,251340
2020-03-27,8685.0,251340
2020-03-30,8445.0,251340
2020-03-31,7970.0,251340
2020-04-01,8295.0,251340
2020-04-02,7990.0,251340
2020-04-03,7980.0,251340
2020-04-06,7640.0,251340
2020-04-07,7590.0,251340
2020-04-08,7655.0,251340
2020-04-09,7600.0,251340
2020-04-10,7635.0,251340
2020-04-13,7830.0,251340
2020-04-14,7605.0,251340
2020-04-16,7405.0,251340
2020-04-17,7280.0,251340
2020-04-20,7330.0,251340
2020-04-21,7400.0,251340
2020-04-22,7315.0,251340
2020-04-23,7270.0,251340
2020-04-24,7390.0,251340
2020-04-27,7225.0,251340
2020-04-28,7260.0,251340
2020-04-29,7280.0,251340
2020-05-04,7345.0,251340
2020-05-06,7120.0,251340
2020-05-07,7045.0,251340
2020-05-08,6835.0,251340
2020-05-11,6815.0,251340
2020-05-12,6835.0,251340
2020-05-13,6745.0,251340
2020-05-14,6770.0,251340
2020-05-15,6755.0,251340
2020-05-18,6820.0,251340
2020-05-19,6750.0,251340
2020-05-20,6650.0,251340
2020-05-21,6590.0,251340
2020-05-22,6670.0,251340
2020-05-25,6565.0,251340
2020-05-26,6460.0,251340
2020-05-27,6515.0,251340
2020-05-28,6670.0,251340
2020-05-29,6595.0,251340
2020-06-01,6290.0,251340
2020-06-02,6200.0,251340
2020-06-03,6220.0,251340
2020-06-04,6190.0,251340
2020-06-05,6110.0,251340
2020-06-08,6070.0,251340
2020-06-09,6060.0,251340
2020-06-10,6005.0,251340
2020-06-11,6010.0,251340
2020-06-12,6090.0,251340
2020-06-15,6505.0,251340
2020-06-16,6045.0,251340
2020-06-17,6070.0,251340
2020-06-18,6085.0,251340
2020-06-19,6055.0,251340
2020-06-22,5955.0,251340
2020-06-23,5930.0,251340
2020-06-24,5905.0,251340
2020-06-25,5975.0,251340
2020-06-26,5945.0,251340
2020-06-29,6095.0,251340
2020-06-30,6065.0,251340
2020-07-01,6165.0,251340
2020-07-02,6045.0,251340
2020-07-03,5960.0,251340
2020-07-06,5905.0,251340
2020-07-07,5900.0,251340
2020-07-08,5860.0,251340
2020-07-09,5820.0,251340
2020-07-10,5815.0,251340
2020-07-13,5760.0,251340
2020-07-14,5790.0,251340
2020-07-15,5765.0,251340
2020-07-16,5835.0,251340
2020-07-17,5765.0,251340
2020-07-20,5775.0,251340
2020-07-21,5695.0,251340
2020-07-22,5670.0,251340
2020-07-23,5585.0,251340
2020-07-24,5640.0,251340
2020-07-27,5595.0,251340
2020-07-28,5515.0,251340
2020-07-29,5525.0,251340
2020-07-30,5540.0,251340
2020-07-31,5525.0,251340
2020-08-03,5430.0,251340
2020-08-04,5385.0,251340
2020-08-05,5255.0,251340
2020-08-06,5205.0,251340
2020-08-07,5170.0,251340
2020-08-10,5155.0,251340
2020-08-11,5175.0,251340
2020-08-12,5285.0,251340
2020-08-13,5180.0,251340
2020-08-14,5340.0,251340
2020-08-18,5530.0,251340
2020-08-19,5410.0,251340
2020-08-20,5585.0,251340
2020-08-21,5560.0,251340
2020-08-24,5385.0,251340
2020-08-25,5265.0,251340
2020-08-26,5260.0,251340
2020-08-27,5290.0,251340
2020-08-28,5240.0,251340
2020-08-31,5210.0,251340
2020-09-01,5195.0,251340
2020-09-02,5075.0,251340
2020-09-03,5060.0,251340
2020-09-04,5145.0,251340
2020-09-07,5065.0,251340
2020-09-08,5040.0,251340
2020-09-09,5130.0,251340
2020-09-10,5065.0,251340
2020-09-11,5065.0,251340
2020-09-14,5025.0,251340
2020-09-15,4965.0,251340
2020-09-16,4980.0,251340
2020-09-17,5070.0,251340
2020-09-18,5000.0,251340
2020-09-21,5150.0,251340
2020-09-22,5320.0,251340
2020-09-23,5305.0,251340
2020-09-24,5580.0,251340
2020-09-25,5575.0,251340
2020-09-28,5335.0,251340
2020-09-29,5275.0,251340
2020-10-05,5210.0,251340
2020-10-06,5225.0,251340
2020-10-07,5190.0,251340
2020-10-08,5195.0,251340
2020-10-12,5170.0,251340
2020-10-13,5210.0,251340
2020-10-14,5315.0,251340
2020-10-15,5440.0,251340
2020-10-16,5490.0,251340
2020-10-19,5555.0,251340
2020-10-20,5500.0,251340
2020-10-21,5450.0,251340
2020-10-22,5625.0,251340
2020-10-23,5650.0,251340
2020-10-26,5860.0,251340
2020-10-27,5780.0,251340
2020-10-28,5595.0,251340
2020-10-29,5485.0,251340
2020-10-30,5700.0,251340
2020-11-02,5610.0,251340
2020-11-03,5490.0,251340
2020-11-04,5365.0,251340
2020-11-05,5265.0,251340
2020-11-06,5370.0,251340
2020-11-09,5295.0,251340
2020-11-10,5405.0,251340
2020-11-11,5370.0,251340
2020-11-12,5395.0,251340
2020-11-13,5370.0,251340
2020-11-16,5310.0,251340
2020-11-17,5385.0,251340
2020-11-18,5295.0,251340
2020-11-19,5215.0,251340
2020-11-20,5150.0,251340
2020-11-23,5125.0,251340
2020-11-24,5165.0,251340
2020-11-25,5185.0,251340
2020-11-26,5100.0,251340
2020-11-27,5015.0,251340
2020-11-30,5025.0,251340
2020-12-01,4980.0,251340
2020-12-02,4920.0,251340
2020-12-03,4835.0,251340
2020-12-04,4735.0,251340
2020-12-07,4565.0,251340
2020-12-08,4750.0,251340
2020-12-09,4710.0,251340
2020-12-10,4655.0,251340
2020-12-11,4610.0,251340
2020-12-14,4585.0,251340
2020-12-15,4590.0,251340
2020-12-16,4550.0,251340
2020-12-17,4525.0,251340
2020-12-18,4515.0,251340
2020-12-21,4440.0,251340
2020-12-22,4585.0,251340
2020-12-23,4605.0,251340
2020-12-24,4545.0,251340
2020-12-28,4510.0,251340
2020-12-29,4360.0,251340
2020-12-30,4350.0,251340
2021-01-04,4380.0,251340
2021-01-05,4380.0,251340
2021-01-06,4420.0,251340
2021-01-07,4385.0,251340
2021-01-08,4355.0,251340
2021-01-11,4355.0,251340
2021-01-12,4370.0,251340
2021-01-13,4370.0,251340
2021-01-14,4415.0,251340
2021-01-15,4515.0,251340
2021-01-18,4650.0,251340
2021-01-19,4570.0,251340
2021-01-20,4450.0,251340
2021-01-21,4460.0,251340
2021-01-22,4475.0,251340
2021-01-25,4330.0,251340
2021-01-26,4375.0,251340
2021-01-27,4430.0,251340
2021-01-28,4515.0,251340
2021-01-29,4655.0,251340
2021-02-01,4460.0,251340
2021-02-02,4455.0,251340
2021-02-03,4440.0,251340
2021-02-04,4495.0,251340
2021-02-05,4480.0,251340
2021-02-08,4520.0,251340
2021-02-09,4550.0,251340
2021-02-10,4535.0,251340
2021-02-15,4460.0,251340
2021-02-16,4535.0,251340
2021-02-17,4565.0,251340
2021-02-18,4620.0,251340
2021-02-19,4605.0,251340
2021-02-22,4705.0,251340
2021-02-23,4815.0,251340
2021-02-24,4965.0,251340
2021-02-25,4735.0,251340
2021-02-26,4875.0,251340
2021-03-02,4755.0,251340
2021-03-03,4720.0,251340
2021-03-04,4755.0,251340
2021-03-05,4740.0,251340
2021-03-08,4850.0,251340
2021-03-09,4885.0,251340
2021-03-10,4890.0,251340
2021-03-11,4785.0,251340
2021-03-12,4690.0,251340
2021-03-15,4720.0,251340
2021-03-16,4600.0,251340
2021-03-17,4595.0,251340
2021-03-18,4580.0,251340
2021-03-19,4585.0,251340
2021-03-22,4565.0,251340
2021-03-23,4590.0,251340
2021-03-24,4540.0,251340
2021-03-25,4550.0,251340
2021-03-26,4550.0,251340
2021-03-29,4575.0,251340
2021-03-30,4575.0,251340
2021-03-31,4600.0,251340
2021-04-01,4550.0,251340
2021-04-02,4550.0,251340
2021-04-05,4580.0,251340
2021-04-06,4605.0,251340
2021-04-07,4605.0,251340
2021-04-08,4540.0,251340
2021-04-09,4515.0,251340
2021-04-12,4470.0,251340
2021-04-13,4395.0,251340
2021-04-14,4385.0,251340
2021-04-15,4390.0,251340
2021-04-16,4355.0,251340
2021-04-19,4300.0,251340
2021-04-20,4320.0,251340
2021-04-21,4385.0,251340
2021-04-22,4375.0,251340
2021-04-23,4375.0,251340
2021-04-26,4360.0,251340
2021-04-27,4420.0,251340
2021-04-28,4550.0,251340
2021-04-29,4610.0,251340
2021-04-30,4635.0,251340
2021-05-03,4765.0,251340
2021-05-04,4720.0,251340
2021-05-06,4730.0,251340
2021-05-07,4675.0,251340
2021-05-10,4570.0,251340
2021-05-11,4680.0,251340
2021-05-12,4740.0,251340
2021-05-13,4815.0,251340
2021-05-14,4700.0,251340
2021-05-17,4700.0,251340
2021-05-18,4640.0,251340
2021-05-20,4630.0,251340
2021-05-21,4660.0,251340
2021-05-24,4750.0,251340
2021-05-25,4655.0,251340
2021-05-26,4655.0,251340
2021-05-27,4615.0,251340
2021-05-28,4620.0,251340
2021-05-31,4595.0,251340
2021-06-01,4595.0,251340
2021-06-02,4645.0,251340
2021-06-03,4595.0,251340
2021-06-04,4630.0,251340
2021-06-07,4640.0,251340
2021-06-08,4615.0,251340
2021-06-09,4685.0,251340
2021-06-10,4585.0,251340
2021-06-11,4590.0,251340
2021-06-14,4530.0,251340
2021-06-15,4545.0,251340
2021-06-16,4560.0,251340
2021-06-17,4535.0,251340
2021-06-18,4430.0,251340
2021-06-21,4450.0,251340
2021-06-22,4460.0,251340
2021-06-23,4420.0,251340
2021-06-24,4445.0,251340
2021-06-25,4475.0,251340
2021-06-28,4450.0,251340
2021-06-29,4425.0,251340
2021-06-30,4385.0,251340
2021-07-01,4360.0,251340
2021-07-02,4340.0,251340
2021-07-05,4270.0,251340
2021-07-06,4315.0,251340
2021-07-07,4305.0,251340
2021-07-08,4370.0,251340
2021-07-09,4380.0,251340
2021-07-12,4380.0,251340
2021-07-13,4345.0,251340
2021-07-14,4340.0,251340
2021-07-15,4275.0,251340
2021-07-16,4295.0,251340
2021-07-19,4295.0,251340
2021-07-20,4315.0,251340
2021-07-21,4315.0,251340
2021-07-22,4270.0,251340
2021-07-23,4260.0,251340
2021-07-26,4295.0,251340
2021-07-27,4310.0,251340
2021-07-28,4370.0,251340
2021-07-29,4330.0,251340
2021-07-30,4410.0,251340
2021-08-02,4340.0,251340
2021-08-03,4350.0,251340
2021-08-04,4290.0,251340
2021-08-05,4270.0,251340
2021-08-06,4260.0,251340
2021-08-09,4255.0,251340
2021-08-10,4290.0,251340
2021-08-11,4275.0,251340
2021-08-12,4295.0,251340
2021-08-13,4325.0,251340
2021-08-17,4420.0,251340
2021-08-18,4345.0,251340
2021-08-19,4450.0,251340
2021-08-20,4525.0,251340
2021-08-23,4395.0,251340
2021-08-24,4310.0,251340
2021-08-25,4290.0,251340
2021-08-26,4275.0,251340
2021-08-27,4275.0,251340
2021-08-30,4240.0,251340
2021-08-31,4200.0,251340
2021-09-01,4170.0,251340
2021-09-02,4190.0,251340
2021-09-03,4160.0,251340
2021-09-06,4160.0,251340
2021-09-07,4140.0,251340
2021-09-08,4215.0,251340
2021-09-09,4230.0,251340
2021-09-10,4200.0,251340
2021-09-13,4240.0,251340
2021-09-14,4185.0,251340
2021-09-15,4140.0,251340
2021-09-16,4145.0,251340
2021-09-17,4125.0,251340
2021-09-23,4125.0,251340
2021-09-24,4135.0,251340
2021-09-27,4160.0,251340
2021-09-28,4270.0,251340
2021-09-29,4300.0,251340
2021-09-30,4280.0,251340
2021-10-01,4375.0,251340
2021-10-05,4465.0,251340
2021-10-06,4580.0,251340
2021-10-07,4460.0,251340
2021-10-08,4495.0,251340
2021-10-12,4570.0,251340
2021-10-13,4505.0,251340
2021-10-14,4350.0,251340
2021-10-15,4340.0,251340
2021-10-18,4335.0,251340
2021-10-19,4265.0,251340
2021-10-20,4305.0,251340
2021-10-21,4355.0,251340
2021-10-22,4330.0,251340
2021-10-25,4325.0,251340
2021-10-26,4230.0,251340
2021-10-27,4250.0,251340
2021-10-28,4305.0,251340
2021-10-29,4345.0,251340
2021-11-01,4290.0,251340
2021-11-02,4245.0,251340
2021-11-03,4250.0,251340
2021-11-04,4240.0,251340
2021-11-05,4200.0,251340
2021-11-08,4225.0,251340
2021-11-09,4185.0,251340
2021-11-10,4300.0,251340
2021-11-11,4255.0,251340
2021-11-12,4175.0,251340
2021-11-15,4070.0,251340
2021-11-16,4050.0,251340
2021-11-17,4095.0,251340
2021-11-18,4080.0,251340
2021-11-19,4040.0,251340
2021-11-22,4060.0,251340
2021-11-23,4165.0,251340
2021-11-24,4125.0,251340
2021-11-25,4170.0,251340
2021-11-26,4205.0,251340
2021-11-29,4210.0,251340
2021-11-30,4280.0,251340
2021-12-01,4245.0,251340
2021-12-02,4265.0,251340
2021-12-03,4155.0,251340
2021-12-06,4210.0,251340
2021-12-07,4165.0,251340
2021-12-08,4125.0,251340
2021-12-09,4060.0,251340
2021-12-10,4130.0,251340
2021-12-13,4165.0,251340
2021-12-14,4170.0,251340
2021-12-15,4135.0,251340
2021-12-16,4115.0,251340
2021-12-17,4170.0,251340
2021-12-20,4190.0,251340
2021-12-21,4155.0,251340
2021-12-22,4150.0,251340
2021-12-23,4135.0,251340
2021-12-24,4130.0,251340
2021-12-27,4080.0,251340
2021-12-28,3975.0,251340
2021-12-29,4025.0,251340
2021-12-30,4015.0,251340
2022-01-03,4025.0,251340
2022-01-04,4085.0,251340
2022-01-05,4195.0,251340
2022-01-06,4330.0,251340
2022-01-07,4275.0,251340
2022-01-10,4370.0,251340
2022-01-11,4395.0,251340
2022-01-12,4260.0,251340
2022-01-13,4330.0,251340
2022-01-14,4405.0,251340
2022-01-17,4435.0,251340
2022-01-18,4500.0,251340
2022-01-19,4560.0,251340
2022-01-20,4415.0,251340
2022-01-21,4500.0,251340
2022-01-24,4615.0,251340
2022-01-25,4710.0,251340
2022-01-26,4790.0,251340
2022-01-27,5000.0,251340
2022-01-28,4845.0,251340
2022-02-03,4755.0,251340
2022-02-04,4710.0,251340
2022-02-07,4775.0,251340
2022-02-08,4800.0,251340
2022-02-09,4695.0,251340
2022-02-10,4800.0,251340
2022-02-11,4945.0,251340
2022-02-14,5000.0,251340
2022-02-15,5065.0,251340
2022-02-16,4810.0,251340
2022-02-17,4875.0,251340
2022-02-18,4820.0,251340
2022-02-21,4815.0,251340
2022-02-22,4885.0,251340
2022-02-23,4815.0,251340
2022-02-24,4980.0,251340
2022-02-25,4775.0,251340
2022-02-28,4745.0,251340
2022-03-02,4660.0,251340
2022-03-03,4545.0,251340
2022-03-04,4645.0,251340
2022-03-07,4745.0,251340
2022-03-08,4795.0,251340
2022-03-10,4620.0,251340
2022-03-11,4630.0,251340
2022-03-14,4755.0,251340
2022-03-15,4765.0,251340
2022-03-16,4615.0,251340
2022-03-17,4480.0,251340
2022-03-18,4440.0,251340
2022-03-21,4505.0,251340
2022-03-22,4485.0,251340
2022-03-23,4440.0,251340
2022-03-24,4460.0,251340
2022-03-25,4465.0,251340
2022-03-28,4535.0,251340
2022-03-29,4440.0,251340
2022-03-30,4425.0,251340
2022-03-31,4400.0,251340
2022-04-01,4440.0,251340
2022-04-04,4405.0,251340
2022-04-05,4385.0,251340
2022-04-06,4460.0,251340
2022-04-07,4490.0,251340
2022-04-08,4450.0,251340
2022-04-11,4570.0,251340
2022-04-12,4610.0,251340
2022-04-13,4505.0,251340
2022-04-14,4520.0,251340
2022-04-15,4560.0,251340
2022-04-18,4590.0,251340
2022-04-19,4480.0,251340
2022-04-20,4515.0,251340
2022-04-21,4525.0,251340
2022-04-22,4585.0,251340
2022-04-25,4700.0,251340
2022-04-26,4620.0,251340
2022-04-27,4710.0,251340
2022-04-28,4725.0,251340
2022-04-29,4620.0,251340
2022-05-02,4675.0,251340
2022-05-03,4630.0,251340
2022-05-04,4660.0,251340
2022-05-06,4765.0,251340
2022-05-09,4890.0,251340
2022-05-10,4925.0,251340
2022-05-11,4795.0,251340
2022-05-12,5025.0,251340
2022-05-13,4815.0,251340
2022-05-16,4835.0,251340
2022-05-17,4745.0,251340
2022-05-18,4680.0,251340
2022-05-19,4755.0,251340
2022-05-20,4605.0,251340
2022-05-23,4570.0,251340
2022-05-24,4715.0,251340
2022-05-25,4640.0,251340
2022-05-26,4665.0,251340
2022-05-27,4655.0,251340
2022-05-30,4570.0,251340
2022-05-31,4550.0,251340
2022-06-02,4580.0,251340
2022-06-03,4590.0,251340
2022-06-07,4725.0,251340
2022-06-08,4700.0,251340
2022-06-09,4660.0,251340
2022-06-10,4715.0,251340
2022-06-13,4925.0,251340
2022-06-14,4920.0,251340
2022-06-15,5055.0,251340
2022-06-16,5005.0,251340
2022-06-17,5040.0,251340
2022-06-20,5160.0,251340
2022-06-21,5095.0,251340
2022-06-22,5305.0,251340
2022-06-23,5480.0,251340
2022-06-24,5160.0,251340
2022-06-27,5065.0,251340
2022-06-28,5120.0,251340
2022-06-29,5240.0,251340
2022-06-30,5355.0,251340
2022-07-01,5470.0,251340
2022-07-04,5480.0,251340
2022-07-05,5230.0,251340
2022-07-06,5320.0,251340
2022-07-07,5195.0,251340
2022-07-08,5135.0,251340
2022-07-11,5145.0,251340
2022-07-12,5260.0,251340
2022-07-13,5105.0,251340
2022-07-14,5120.0,251340
2022-07-15,5125.0,251340
2022-07-18,5040.0,251340
2022-07-19,5015.0,251340
2022-07-20,4940.0,251340
2022-07-21,4930.0,251340
2022-07-22,4995.0,251340
2022-07-25,4975.0,251340
2022-07-26,4975.0,251340
2022-07-27,4935.0,251340
2022-07-28,4900.0,251340
2022-07-29,4865.0,251340
2022-08-01,4865.0,251340
2022-08-02,4885.0,251340
2022-08-03,4790.0,251340
2022-08-04,4700.0,251340
2022-08-05,4645.0,251340
2022-08-08,4660.0,251340
2022-08-09,4620.0,251340
2022-08-10,4725.0,251340
2022-08-11,4650.0,251340
2022-08-12,4680.0,251340
2022-08-16,4655.0,251340
2022-08-17,4685.0,251340
2022-08-18,4705.0,251340
2022-08-19,4800.0,251340
2022-08-22,4910.0,251340
2022-08-23,5010.0,251340
2022-08-24,4925.0,251340
2022-08-25,4810.0,251340
2022-08-26,4880.0,251340
2022-08-29,5045.0,251340
2022-08-30,4895.0,251340
2022-08-31,4835.0,251340
2022-09-01,4975.0,251340
2022-09-02,4970.0,251340
2022-09-05,5070.0,251340
2022-09-06,5045.0,251340
2022-09-07,5110.0,251340
2022-09-08,4980.0,251340
2022-09-13,4835.0,251340
2022-09-14,5010.0,251340
2022-09-15,5045.0,251340
2022-09-16,5125.0,251340
2022-09-19,5210.0,251340
2022-09-20,5175.0,251340
2022-09-21,5235.0,251340
2022-09-22,5255.0,251340
2022-09-23,5410.0,251340
2022-09-26,5630.0,251340
2022-09-27,5535.0,251340
2022-09-28,5720.0,251340
2022-09-29,5680.0,251340
2022-09-30,5730.0,251340
2022-10-04,5495.0,251340
2022-10-05,5645.0,251340
2022-10-06,5465.0,251340
2022-10-07,5565.0,251340
2022-10-11,5790.0,251340
2022-10-12,5710.0,251340
2022-10-13,5840.0,251340
2022-10-14,5580.0,251340
2022-10-17,5600.0,251340
2022-10-18,5450.0,251340
2022-10-19,5545.0,251340
2022-10-20,5670.0,251340
2022-10-21,5680.0,251340
2022-10-24,5490.0,251340
2022-10-25,5490.0,251340
2022-10-26,5515.0,251340
2022-10-27,5395.0,251340
2022-10-28,5475.0,251340
2022-10-31,5390.0,251340
2022-11-01,5390.0,251340
2022-11-02,5430.0,251340
2022-11-03,5505.0,251340
2022-11-04,5515.0,251340
2022-11-07,5450.0,251340
2022-11-08,5315.0,251340
2022-11-09,5335.0,251340
2022-11-10,5425.0,251340
2022-11-11,5110.0,251340
2022-11-14,5170.0,251340
2022-11-15,5005.0,251340
2022-11-16,5035.0,251340
2022-11-17,5085.0,251340
2022-11-18,5150.0,251340
2022-11-21,5265.0,251340
2022-11-22,5330.0,251340
2022-11-23,5205.0,251340
2022-11-24,5110.0,251340
2022-11-25,5185.0,251340
2022-11-28,5300.0,251340
2022-11-29,5195.0,251340
2022-11-30,5200.0,251340
2022-12-01,5095.0,251340
2022-12-02,5210.0,251340
2022-12-05,5180.0,251340
2022-12-06,5285.0,251340
2022-12-07,5290.0,251340
2022-12-08,5290.0,251340
2022-12-09,5240.0,251340
2022-12-12,5325.0,251340
2022-12-13,5300.0,251340
2022-12-14,5180.0,251340
2022-12-15,5280.0,251340
2022-12-16,5345.0,251340
2022-12-19,5335.0,251340
2022-12-20,5455.0,251340
2022-12-21,5410.0,251340
2022-12-22,5280.0,251340
2022-12-23,5485.0,251340
2022-12-26,5395.0,251340
2022-12-27,5315.0,251340
2022-12-28,5465.0,251340
2022-12-29,5565.0,251340
2023-01-02,5620.0,251340
2023-01-03,5595.0,251340
2023-01-04,5560.0,251340
2023-01-05,5610.0,251340
2023-01-06,5510.0,251340
2023-01-09,5410.0,251340
2023-01-10,5510.0,251340
2023-01-11,5375.0,251340
2023-01-12,5355.0,251340
2023-01-13,5380.0,251340
2023-01-16,5340.0,251340
2023-01-17,5450.0,251340
2023-01-18,5425.0,251340
2023-01-19,5415.0,251340
2023-01-20,5395.0,251340
2023-01-25,5280.0,251340
2023-01-26,5200.0,251340
2023-01-27,5195.0,251340
2023-01-30,5255.0,251340
2023-01-31,5240.0,251340
2023-02-01,5130.0,251340
2023-02-02,5010.0,251340
2023-02-03,4995.0,251340
2023-02-06,5055.0,251340
2023-02-07,4935.0,251340
2023-02-08,4885.0,251340
2023-02-09,4820.0,251340
2023-02-10,4890.0,251340
2023-02-13,4885.0,251340
2023-02-14,4815.0,251340
2023-02-15,4915.0,251340
2023-02-16,4700.0,251340
2023-02-17,4810.0,251340
2023-02-20,4660.0,251340
2023-02-21,4630.0,251340
2023-02-22,4760.0,251340
2023-02-23,4725.0,251340
2023-02-24,4775.0,251340
2023-02-27,4760.0,251340
2023-02-28,4675.0,251340
2023-03-02,4740.0,251340
2023-03-03,4600.0,251340
2023-03-06,4490.0,251340
2023-03-07,4500.0,251340
2023-03-08,4510.0,251340
2023-03-09,4555.0,251340
2023-03-10,4675.0,251340
2023-03-13,4610.0,251340
2023-03-14,4790.0,251340
2023-03-15,4630.0,251340
2023-03-16,4650.0,251340
2023-03-17,4570.0,251340
2023-03-20,4560.0,251340
2023-03-21,4560.0,251340
2023-03-22,4480.0,251340
2023-03-23,4490.0,251340
2023-03-24,4440.0,251340
2023-03-27,4420.0,251340
2023-03-28,4415.0,251340
2023-03-29,4340.0,251340
2023-03-30,4285.0,251340
2023-03-31,4260.0,251340
2023-04-03,4245.0,251340
2023-04-04,4235.0,251340
2023-04-05,4130.0,251340
2023-04-06,4165.0,251340
2023-04-07,4035.0,251340
2023-04-10,3925.0,251340
2023-04-11,3860.0,251340
2023-04-12,3940.0,251340
2023-04-13,3935.0,251340
2023-04-14,3880.0,251340
2023-04-17,3875.0,251340
2023-04-18,3885.0,251340
2023-04-19,3915.0,251340
2023-04-20,4040.0,251340
2023-04-21,4120.0,251340
2023-04-24,4200.0,251340
2023-04-25,4245.0,251340
2023-04-26,4260.0,251340
2023-04-27,4100.0,251340
2023-04-28,4105.0,251340
2023-05-02,4050.0,251340
2023-05-03,4155.0,251340
2023-05-04,4140.0,251340
2023-05-08,4160.0,251340
2023-05-09,4210.0,251340
2023-05-10,4260.0,251340
2023-05-11,4325.0,251340
2023-05-12,4330.0,251340
2023-05-15,4355.0,251340
2023-05-16,4310.0,251340
2023-05-17,4190.0,251340
2023-05-18,4210.0,251340
2023-05-19,4180.0,251340
2023-05-22,4110.0,251340
2023-05-23,4060.0,251340
2023-05-24,4085.0,251340
2023-05-25,4140.0,251340
2023-05-26,4155.0,251340
2023-05-30,4090.0,251340
2023-05-31,4050.0,251340
2023-06-01,4015.0,251340
2023-06-02,3995.0,251340
2023-06-05,4005.0,251340
2023-06-07,3935.0,251340
2023-06-08,3985.0,251340
2023-06-09,3905.0,251340
2023-06-12,3895.0,251340
2023-06-13,3820.0,251340
2023-06-14,3980.0,251340
2023-06-15,3960.0,251340
2023-06-16,3900.0,251340
2023-06-19,3890.0,251340
2023-06-20,3930.0,251340
2023-06-21,4000.0,251340
2023-06-22,3980.0,251340
2023-06-23,3990.0,251340
2023-06-26,3970.0,251340
2023-06-27,4015.0,251340
2023-06-28,4065.0,251340
2023-06-29,4075.0,251340
2023-06-30,4010.0,251340
2023-07-03,3860.0,251340
2023-07-04,3875.0,251340
2023-07-05,3845.0,251340
2023-07-06,3945.0,251340
2023-07-07,3945.0,251340
2023-07-10,3995.0,251340
2023-07-11,3875.0,251340
2023-07-12,3885.0,251340
2023-07-13,3840.0,251340
2023-07-14,3800.0,251340
2023-07-17,3795.0,251340
2023-07-18,3680.0,251340
2023-07-19,3575.0,251340
2023-07-20,3555.0,251340
2023-07-21,3515.0,251340
2023-07-24,3490.0,251340
2023-07-25,3365.0,251340
2023-07-26,3510.0,251340
2023-07-27,3630.0,251340
2023-07-28,3500.0,251340
2023-07-31,3380.0,251340
2023-08-01,3390.0,251340
2023-08-02,3545.0,251340
2023-08-03,3450.0,251340
2023-08-04,3485.0,251340
2023-08-07,3620.0,251340
2023-08-08,3630.0,251340
2023-08-09,3535.0,251340
2023-08-10,3525.0,251340
2023-08-11,3560.0,251340
2023-08-14,3630.0,251340
2023-08-16,3725.0,251340
2023-08-17,3645.0,251340
2023-08-18,3685.0,251340
2023-08-21,3605.0,251340
2023-08-22,3565.0,251340
2023-08-23,3640.0,251340
2023-08-24,3560.0,251340
2023-08-25,3560.0,251340
2023-08-28,3530.0,251340
2023-08-29,3520.0,251340
2023-08-30,3505.0,251340
2023-08-31,3505.0,251340
2023-09-01,3560.0,251340
2023-09-04,3570.0,251340
2023-09-05,3595.0,251340
2023-09-06,3635.0,251340
2023-09-07,3690.0,251340
2023-09-08,3645.0,251340
2023-09-11,3665.0,251340
2023-09-12,3705.0,251340
2023-09-13,3760.0,251340
2023-09-14,3685.0,251340
2023-09-15,3690.0,251340
2023-09-18,3720.0,251340
2023-09-19,3745.0,251340
2023-09-20,3720.0,251340
2023-09-21,3805.0,251340
2023-09-22,3810.0,251340
2023-09-25,3885.0,251340
2023-09-26,3950.0,251340
2023-09-27,3885.0,251340
2023-10-04,4050.0,251340
2023-10-05,4065.0,251340
2023-10-06,4005.0,251340
2023-10-10,4115.0,251340
2023-10-11,3985.0,251340
2023-10-12,3875.0,251340
2023-10-13,3950.0,251340
2023-10-16,3985.0,251340
2023-10-17,3950.0,251340
2023-10-18,4015.0,251340
2023-10-19,4135.0,251340
2023-10-20,4210.0,251340
2023-10-23,4225.0,251340
2023-10-24,4085.0,251340
2023-10-25,4220.0,251340
2023-10-26,4385.0,251340
2023-10-27,4325.0,251340
2023-10-30,4290.0,251340
2023-10-31,4440.0,251340
2023-11-01,4450.0,251340
2023-11-02,4210.0,251340
2023-11-03,4180.0,251340
2023-11-06,3595.0,251340
2023-11-07,3790.0,251340
2023-11-08,3890.0,251340
2023-11-09,3920.0,251340
2023-11-10,4005.0,251340
2023-11-13,4070.0,251340
2023-11-14,3955.0,251340
2023-11-15,3885.0,251340
2023-11-16,3905.0,251340
2023-11-17,3980.0,251340
2023-11-20,3885.0,251340
2023-11-21,3880.0,251340
2023-11-22,3915.0,251340
2023-11-23,3890.0,251340
2023-11-24,3920.0,251340
2023-11-27,3950.0,251340
2023-11-28,3895.0,251340
2023-11-29,3855.0,251340
2023-11-30,3810.0,251340
2023-12-01,3820.0,251340
2023-12-04,3810.0,251340
2023-12-05,3885.0,251340
2023-12-06,3850.0,251340
2023-12-07,3895.0,251340
2023-12-08,3775.0,251340
2023-12-11,3755.0,251340
2023-12-12,3730.0,251340
2023-12-13,3785.0,251340
2023-12-14,3705.0,251340
2023-12-15,3695.0,251340
2023-12-18,3625.0,251340
2023-12-19,3575.0,251340
2023-12-20,3565.0,251340
2023-12-21,3590.0,251340
2023-12-22,3630.0,251340
2023-12-26,3660.0,251340
2023-12-27,3585.0,251340
2023-12-28,3550.0,251340
2024-01-02,3525.0,251340
2024-01-03,3605.0,251340
2024-01-04,3630.0,251340
2024-01-05,3565.0,251340
2024-01-08,3575.0,251340
2024-01-09,3555.0,251340
2024-01-10,3605.0,251340
2024-01-11,3555.0,251340
2024-01-12,3630.0,251340
2024-01-15,3685.0,251340
2024-01-16,3705.0,251340
2024-01-17,3790.0,251340
2024-01-18,3765.0,251340
2024-01-19,3790.0,251340
2024-01-22,3845.0,251340
2024-01-23,3840.0,251340
2024-01-24,3870.0,251340
2024-01-25,3925.0,251340
2024-01-26,3815.0,251340
2024-01-29,3900.0,251340
2024-01-30,3885.0,251340
2024-01-31,3985.0,251340
2024-02-01,3955.0,251340
2024-02-02,3850.0,251340
2024-02-05,3915.0,251340
2024-02-06,3925.0,251340
2024-02-07,3885.0,251340
2024-02-08,3790.0,251340
2024-02-13,3705.0,251340
2024-02-14,3685.0,251340
2024-02-15,3670.0,251340
2024-02-16,3655.0,251340
2024-02-19,3645.0,251340
2024-02-20,3620.0,251340
2024-02-21,3610.0,251340
2024-02-22,3590.0,251340
2024-02-23,3575.0,251340
2024-02-26,3560.0,251340
2024-02-27,3615.0,251340
2024-02-28,3560.0,251340
2024-02-29,3530.0,251340
2024-03-04,3465.0,251340
2024-03-05,3490.0,251340
2024-03-06,3470.0,251340
2024-03-07,3500.0,251340
2024-03-08,3425.0,251340
2024-03-11,3405.0,251340
2024-03-12,3325.0,251340
2024-03-13,3335.0,251340
2024-03-14,3335.0,251340
2024-03-15,3380.0,251340
2024-03-18,3320.0,251340
2024-03-19,3315.0,251340
2024-03-20,3325.0,251340
2024-03-21,3250.0,251340
2024-03-22,3245.0,251340
2024-03-25,3180.0,251340
2024-03-26,3160.0,251340
2024-03-27,3185.0,251340
2024-03-28,3195.0,251340
2024-03-29,3230.0,251340
2024-04-01,3225.0,251340
2024-04-02,3330.0,251340
2024-04-03,3395.0,251340
2024-04-04,3385.0,251340
2024-04-05,3445.0,251340
2024-04-08,3465.0,251340
2024-04-09,3475.0,251340
2024-04-11,3475.0,251340
2024-04-12,3485.0,251340
2024-04-15,3495.0,251340
2024-04-16,3575.0,251340
2024-04-17,3605.0,251340
2024-04-18,3490.0,251340
2024-04-19,3535.0,251340
2024-04-22,3495.0,251340
2024-04-23,3500.0,251340
2024-04-24,3410.0,251340
2024-04-25,3460.0,251340
2024-04-26,3445.0,251340
2024-04-29,3395.0,251340
2024-04-30,3390.0,251340
2024-05-02,3410.0,251340
2024-05-03,3430.0,251340
2024-05-07,3410.0,251340
2024-05-08,3405.0,251340
2024-05-09,3430.0,251340
2024-05-10,3460.0,251340
2024-05-13,3525.0,251340
2024-05-14,3495.0,251340
2024-05-16,3470.0,251340
2024-05-17,3640.0,251340
2024-05-20,3625.0,251340
2024-05-21,3620.0,251340
2024-05-22,3615.0,251340
2024-05-23,3630.0,251340
2024-05-24,3660.0,251340
2024-05-27,3605.0,251340
2024-05-28,3605.0,251340
2024-05-29,3675.0,251340
2024-05-30,3700.0,251340
2024-05-31,3665.0,251340
2024-06-03,3640.0,251340
2024-06-04,3600.0,251340
2024-06-05,3550.0,251340
2024-06-07,3450.0,251340
2024-06-10,3495.0,251340
2024-06-11,3450.0,251340
2024-06-12,3450.0,251340
2024-06-13,3465.0,251340
2024-06-14,3515.0,251340
2024-06-17,3525.0,251340
2024-06-18,3520.0,251340
2024-06-19,3520.0,251340
2024-06-20,3530.0,251340
2024-06-21,3535.0,251340
2024-06-24,3590.0,251340
2024-06-25,3575.0,251340
2024-06-26,3590.0,251340
2024-06-27,3590.0,251340
2024-06-28,3585.0,251340
2024-07-01,3520.0,251340
2024-07-02,3615.0,251340
2024-07-03,3525.0,251340
2024-07-04,3490.0,251340
2024-07-05,3420.0,251340
2024-07-08,3385.0,251340
2024-07-09,3385.0,251340
2024-07-10,3395.0,251340
2024-07-11,3425.0,251340
2024-07-12,3445.0,251340
2024-07-15,3435.0,251340
2024-07-16,3490.0,251340
2024-07-17,3555.0,251340
2024-07-18,3575.0,251340
2024-07-19,3540.0,251340
2024-07-22,3635.0,251340
2024-07-23,3620.0,251340
2024-07-24,3605.0,251340
2024-07-25,3680.0,251340
2024-07-26,3690.0,251340
2024-07-29,3630.0,251340
2024-07-30,3635.0,251340
2024-07-31,3635.0,251340
2024-08-01,3580.0,251340
2024-08-02,3745.0,251340
2024-08-05,4160.0,251340
2024-08-06,3870.0,251340
2024-08-07,3795.0,251340
2024-08-08,3820.0,251340
2024-08-09,3710.0,251340
2024-08-12,3695.0,251340
2024-08-13,3720.0,251340
2024-08-14,3670.0,251340
2024-08-16,3595.0,251340
2024-08-19,3650.0,251340
2024-08-20,3610.0,251340
2024-08-21,3665.0,251340
2024-08-22,3680.0,251340
2024-08-23,3660.0,251340
2024-08-26,3705.0,251340
2024-08-27,3730.0,251340
2024-08-28,3725.0,251340
2024-08-29,3760.0,251340
2024-08-30,3680.0,251340
2024-09-02,3665.0,251340
2024-09-03,3730.0,251340
2024-09-04,3895.0,251340
2024-09-05,3920.0,251340
2024-09-06,4035.0,251340
2024-09-09,3985.0,251340
2024-09-10,4060.0,251340
2024-09-11,4035.0,251340
2024-09-12,3890.0,251340
2024-09-13,3880.0,251340
2024-09-19,3830.0,251340
2024-09-20,3765.0,251340
2024-09-23,3710.0,251340
2024-09-24,3635.0,251340
2024-09-25,3705.0,251340
2024-09-26,3595.0,251340
2024-09-27,3625.0,251340
2024-09-30,3675.0,251340
2024-10-02,3660.0,251340
2024-10-04,3610.0,251340
2024-10-07,3565.0,251340
2024-10-08,3565.0,251340
2024-10-10,3580.0,251340
2024-10-11,3625.0,251340
2024-10-14,3640.0,251340
2024-10-15,3615.0,251340
2024-10-16,3665.0,251340
2024-10-17,3675.0,251340
2024-10-18,3740.0,251340
2024-10-21,3685.0,251340
2024-10-22,3805.0,251340
2024-10-23,3750.0,251340
2024-10-24,3805.0,251340
2024-10-25,3840.0,251340
2024-10-28,3750.0,251340
2024-10-29,3715.0,251340
2024-10-30,3760.0,251340
2024-10-31,3730.0,251340
2024-11-01,3820.0,251340
2024-11-04,3620.0,251340
2024-11-05,3660.0,251340
2024-11-06,3715.0,251340
2024-11-07,3785.0,251340
2024-11-08,3715.0,251340
2024-11-11,3770.0,251340
2024-11-12,3830.0,251340
2024-11-13,3965.0,251340
2024-11-14,4015.0,251340
2024-11-15,3975.0,251340
2024-11-18,3940.0,251340
2024-11-19,4020.0,251340
2024-11-20,4055.0,251340
2024-11-21,4050.0,251340
2024-11-22,4140.0,251340
2024-11-25,3955.0,251340
2024-11-26,4030.0,251340
2024-11-27,4055.0,251340
2024-11-28,4040.0,251340
2024-11-29,4155.0,251340
2024-12-02,4140.0,251340
2024-12-03,4040.0,251340
2024-12-04,4110.0,251340
2024-12-05,4130.0,251340
2024-12-06,4165.0,251340
2024-12-09,4375.0,251340
2024-12-10,4160.0,251340
2024-12-11,4145.0,251340
2024-12-12,4070.0,251340
2024-12-13,4050.0,251340
2024-12-16,4050.0,251340
2024-12-17,4095.0,251340
2024-12-18,4070.0,251340
2024-12-19,4180.0,251340
2024-12-20,4280.0,251340
2024-12-23,4215.0,251340
2024-12-24,4185.0,251340
2024-12-26,4200.0,251340
2024-12-27,4250.0,251340
2024-12-30,4160.0,251340
2025-01-02,4145.0,251340
2025-01-03,3990.0,251340
2025-01-06,3925.0,251340
2025-01-07,3920.0,251340
2025-01-08,3905.0,251340
2025-01-09,3905.0,251340
2025-01-10,3940.0,251340
2025-01-13,4010.0,251340
2025-01-14,3935.0,251340
2025-01-15,3975.0,251340
2025-01-16,3890.0,251340
2025-01-17,3890.0,251340
2025-01-20,3860.0,251340
2025-01-21,3860.0,251340
2025-01-22,3820.0,251340
2025-01-23,3845.0,251340
2025-01-24,3810.0,251340
2025-01-31,3810.0,251340
2025-02-03,3970.0,251340
2025-02-04,3865.0,251340
2025-02-05,3800.0,251340
2025-02-06,3745.0,251340
2025-02-07,3730.0,251340
2025-02-10,3700.0,251340
2025-02-11,3715.0,251340
2025-02-12,3725.0,251340
2025-02-13,3720.0,251340
2025-02-14,3655.0,251340
2025-02-17,3600.0,251340
2025-02-18,3590.0,251340
2025-02-19,3565.0,251340
2025-02-20,3615.0,251340
2025-02-21,3570.0,251340
2025-02-24,3560.0,251340
2025-02-25,3580.0,251340
2025-02-26,3575.0,251340
2025-02-27,3555.0,251340
2025-02-28,3705.0,251340
2025-03-04,3725.0,251340
2025-03-05,3695.0,251340
2025-03-06,3775.0,251340
2025-03-07,3825.0,251340
2025-03-10,3845.0,251340
2025-03-11,3880.0,251340
2025-03-12,3850.0,251340
2025-03-13,3895.0,251340
2025-03-14,3840.0,251340
2025-03-17,3745.0,251340
2025-03-18,3725.0,251340
2025-03-19,3775.0,251340
2025-03-20,3875.0,251340
2025-03-21,3940.0,251340
2025-03-24,3910.0,251340
2025-03-25,3970.0,251340
2025-03-26,3930.0,251340
2025-03-27,3995.0,251340
2025-03-28,4065.0,251340
2025-03-31,4190.0,251340
2025-04-01,4070.0,251340
2025-04-02,4130.0,251340
2025-04-03,4135.0,251340
2025-04-04,4105.0,251340
2025-04-07,4345.0,251340
2025-04-08,4285.0,251340
2025-04-09,4400.0,251340
2025-04-10,4110.0,251340
2025-04-11,4040.0,251340
2025-04-14,3960.0,251340
2025-04-15,3960.0,251340
2025-04-16,4070.0,251340
2025-04-17,3975.0,251340
2025-04-18,3935.0,251340
2025-04-21,3965.0,251340
2025-04-22,3965.0,251340
2025-04-23,3875.0,251340
2025-04-24,3890.0,251340
2025-04-25,3885.0,251340
2025-04-28,3940.0,251340
2025-04-29,3900.0,251340
2025-04-30,3965.0,251340
2025-05-02,3915.0,251340
2025-05-07,3940.0,251340
2025-05-08,3910.0,251340
2025-05-09,3960.0,251340
2025-05-12,3950.0,251340
2025-05-13,3910.0,251340
2025-05-14,3885.0,251340
2025-05-15,3920.0,251340
2025-05-16,3965.0,251340
2025-05-19,4035.0,251340
2025-05-20,4050.0,251340
2025-05-21,4000.0,251340
2025-05-22,4010.0,251340
2025-05-23,4015.0,251340
2025-05-26,3960.0,251340
2025-05-27,3930.0,251340
2025-05-28,3920.0,251340
2025-05-29,3865.0,251340
2025-05-30,3885.0,251340
2025-06-02,3840.0,251340
2025-06-04,3815.0,251340
2025-06-05,3790.0,251340
2025-06-09,3750.0,251340
2025-06-10,3685.0,251340
2025-06-11,3595.0,251340
2025-06-12,3585.0,251340
2025-06-13,3700.0,251340
2025-06-16,3670.0,251340
2025-06-17,3685.0,251340
2025-06-18,3685.0,251340
2025-06-19,3665.0,251340
2025-06-20,3600.0,251340
2025-06-23,3650.0,251340
2025-06-24,3570.0,251340
2025-06-25,3575.0,251340
2025-06-26,3615.0,251340
2025-06-27,3640.0,251340
2025-06-30,3645.0,251340
2025-07-01,3660.0,251340
2025-07-02,3630.0,251340
2025-07-03,3570.0,251340
2025-07-04,3675.0,251340
2025-07-07,3645.0,251340
2025-07-08,3625.0,251340
2025-07-09,3605.0,251340
2025-07-10,3555.0,251340
2025-07-11,3540.0,251340
2025-07-14,3535.0,251340
2025-07-15,3455.0,251340
2025-07-16,3450.0,251340
2025-07-17,3385.0,251340
2025-07-18,3360.0,251340
2025-07-21,3360.0,251340
2025-07-22,3410.0,251340
2025-07-23,3390.0,251340
2025-07-24,3395.0,251340
2025-07-25,3420.0,251340
2025-07-28,3410.0,251340
2025-07-29,3430.0,251340
2025-07-30,3440.0,251340
2025-07-31,3430.0,251340
2025-08-01,3595.0,251340
2025-08-04,3530.0,251340
2025-08-05,3450.0,251340
2025-08-06,3425.0,251340
2025-08-07,3430.0,251340
2025-08-08,3415.0,251340
2025-08-11,3390.0,251340
2025-08-12,3420.0,251340
2025-08-13,3355.0,251340
2025-08-14,3350.0,251340
2025-08-18,3440.0,251340
2025-08-19,3480.0,251340
2025-08-20,3510.0,251340
2025-08-21,3530.0,251340
2025-08-22,3510.0,251340
2025-08-25,3430.0,251340
2025-08-26,3415.0,251340
2025-08-27,3420.0,251340
2025-08-28,3445.0,251340
2025-08-29,3465.0,251340
2025-09-01,3500.0,251340
2025-09-02,3465.0,251340
2025-09-03,3460.0,251340
2025-09-04,3430.0,251340
2025-09-05,3395.0,251340
2025-09-08,3360.0,251340
2025-09-09,3340.0,251340
2025-09-10,3310.0,251340
2025-09-11,3310.0,251340
2025-09-12,3240.0,251340
2025-09-15,3230.0,251340
2025-09-16,3225.0,251340
2025-09-17,3265.0,251340
2025-09-18,3225.0,251340
2025-09-19,3200.0,251340
2025-09-22,3135.0,251340
2025-09-23,3150.0,251340
2025-09-24,3200.0,251340
2025-09-25,3245.0,251340
2025-09-26,3310.0,251340
2025-09-29,3265.0,251340
2025-09-30,3280.0,251340
2025-10-01,3270.0,251340
2025-10-02,3240.0,251340
2025-10-10,3225.0,251340
2025-10-13,3230.0,251340
2025-10-14,3290.0,251340
2025-10-15,3240.0,251340
2025-10-16,3220.0,251340
2025-10-17,3205.0,251340
2025-10-20,3120.0,251340
2025-10-21,3135.0,251340
2025-10-22,3095.0,251340
2025-10-23,3130.0,251340
2025-10-24,3075.0,251340
2025-10-27,2965.0,251340
2025-10-28,2965.0,251340
2025-10-29,2975.0,251340
2025-10-30,3010.0,251340
2025-10-31,2970.0,251340
2025-11-03,2905.0,251340
2025-11-04,2840.0,251340
2025-11-05,2920.0,251340
2025-11-06,2925.0,251340
2025-11-07,3010.0,251340
2025-11-10,2985.0,251340
2025-11-11,3010.0,251340
2025-11-12,2890.0,251340
2025-11-13,2840.0,251340
2025-11-14,2910.0,251340
2025-11-17,2890.0,251340
2025-11-18,2955.0,251340
2025-11-19,2995.0,251340
2025-11-20,2915.0,251340
2025-11-21,3015.0,251340
2025-11-24,3070.0,251340
2025-11-25,3080.0,251340
2025-11-26,3000.0,251340
2025-11-27,2995.0,251340
2025-11-28,2850.0,251340
2025-12-01,2805.0,251340
2025-12-02,2805.0,251340
2025-12-03,2810.0,251340
2025-12-04,2830.0,251340
2025-12-05,2875.0,251340
2025-12-08,2845.0,251340
2025-12-09,2840.0,251340
2025-12-10,2830.0,251340
2025-12-11,2845.0,251340
2025-12-12,2865.0,251340
2025-12-15,2870.0,251340
2025-12-16,2950.0,251340
2025-12-17,2960.0,251340
2025-12-18,3010.0,251340
2025-12-19,2970.0,251340
2025-12-22,2935.0,251340
2025-12-23,2950.0,251340
2025-12-24,2965.0,251340
2025-12-26,2935.0,251340
2025-12-29,2900.0,251340
2025-12-30,2930.0,251340
2026-01-02,2860.0,251340
2026-01-05,2835.0,251340
2026-01-06,2820.0,251340
2026-01-07,2845.0,251340
2026-01-08,2855.0,251340
2026-01-09,2845.0,251340
2026-01-12,2860.0,251340
2026-01-13,2860.0,251340
2026-01-14,2885.0,251340
2026-01-15,2865.0,251340
2026-01-16,2840.0,251340
2026-01-19,2810.0,251340
2026-01-20,2800.0,251340
2026-01-21,2930.0,251340
2026-01-22,2845.0,251340
2026-01-23,2720.0,251340
2026-01-26,2410.0,251340
2026-01-27,2340.0,251340
2026-01-28,2165.0,251340
2026-01-29,2110.0,251340
2026-01-30,2160.0,251340
2026-02-02,2280.0,251340
2026-02-03,2175.0,251340
2026-02-04,2190.0,251340
2026-02-05,2285.0,251340
2026-02-06,2355.0,251340
2026-02-09,2235.0,251340
2026-02-10,2285.0,251340
2026-02-11,2280.0,251340
2026-02-12,2250.0,251340
2026-02-13,2295.0,251340
2026-02-19,2130.0,251340
2026-02-20,2140.0,251340
2026-02-23,2170.0,251340
2026-02-24,2150.0,251340
2026-02-25,2150.0,251340
2026-02-26,2055.0,251340
2026-02-27,2050.0,251340
2026-03-03,2150.0,251340
2026-03-04,2505.0,251340
2026-03-05,2120.0,251340
2026-03-06,1999.0,251340
2026-03-09,2065.0,251340
2026-03-10,2010.0,251340
2026-03-11,2050.0,251340
2026-03-12,2045.0,251340
2026-03-13,2035.0,251340
2026-03-16,2065.0,251340
2026-03-17,2070.0,251340
2026-03-18,2000.0,251340
2026-03-19,2050.0,251340
2026-03-20,2015.0,251340
2026-03-23,2135.0,251340
2026-03-24,2080.0,251340
2026-03-25,2005.0,251340
2026-03-26,2045.0,251340
2026-03-27,2035.0,251340
2026-03-30,2105.0,251340
2026-03-31,2215.0,251340
2026-04-01,2080.0,251340
2026-04-02,2210.0,251340
2026-04-03,2205.0,251340
2026-04-06,2240.0,251340
2026-04-07,2250.0,251340
2026-04-08,2120.0,251340
2026-04-09,2155.0,251340
2026-04-10,2145.0,251340
2026-04-13,2145.0,251340
2026-04-14,2125.0,251340
2026-04-15,2050.0,251340
2026-04-16,2030.0,251340
2026-04-17,2030.0,251340
2026-04-20,2015.0,251340
2026-04-21,1995.0,251340
2026-04-22,2000.0,251340
2026-04-23,2015.0,251340
2026-04-24,1958.0,251340
2026-04-27,1923.0,251340
2026-04-28,1945.0,251340
2026-04-29,1938.0,251340
2026-04-30,1997.0,251340
2026-05-04,1965.0,251340
2026-05-06,1961.0,251340
2026-05-07,1979.0,251340
2026-05-08,1973.0,251340
2026-05-11,1980.0,251340
2026-05-12,2030.0,251340
2026-05-13,2030.0,251340
2026-05-14,1993.0,251340
2026-05-15,2095.0,251340
2026-05-18,2140.0,251340
2026-05-19,2180.0,251340
2026-05-20,2245.0,251340
2026-05-21,2120.0,251340
2026-05-22,1980.0,251340
2026-05-26,1957.0,251340
2026-05-27,2005.0,251340
2026-05-28,2040.0,251340
2026-05-29,2080.0,251340
2026-06-01,2125.0,251340
2026-06-02,2175.0,251340
2026-06-04,2090.0,251340
2026-06-05,2215.0,251340
2026-06-08,2440.0,251340
2026-06-09,2285.0,251340
2026-06-10,2300.0,251340
2026-06-11,2140.0,251340
2026-06-12,2100.0,251340
2026-06-15,2070.0,251340
2026-06-16,2135.0,251340
2026-06-17,2085.0,251340
2026-06-18,2140.0,251340
2026-06-19,2220.0,251340
2026-06-22,2160.0,251340
2026-06-23,2355.0,251340
2026-06-24,2295.0,251340
2026-06-25,2345.0,251340
2026-06-26,2455.0,251340
2026-06-29,2220.0,251340
2026-06-30,2245.0,251340
2026-07-01,2230.0,251340
2026-07-02,2385.0,251340
2026-07-03,2420.0,251340
2026-07-06,2500.0,251340
2026-07-07,2535.0,251340
2026-07-08,2700.0,251340
2026-07-09,2665.0,251340
2026-07-10,2545.0,251340
2026-07-13,2650.0,251340
2026-07-14,2720.0,251340
2026-07-15,2525.0,251340
2026-07-16,2675.0,251340
2026-07-20,2855.0,251340
2026-07-21,2850.0,251340
2026-07-22,2895.0,251340
2026-07-23,2685.0,251340
2026-07-24,2860.0,251340
2026-07-27,2765.0,251340
2026-07-28,3005.0,251340
2026-07-29,3180.0,251340
2026-07-30,3340.0,251340
2026-07-31,2880.0,251340
2026-08-03,2770.0,251340
2026-08-04,2580.0,251340
2026-08-05,2540.0,251340
2026-08-06,2525.0,251340
2026-08-07,2520.0,251340
2026-08-10,2310.0,251340
2026-08-11,2305.0,251340
2026-08-12,2320.0,251340
2026-08-13,2310.0,251340
2026-08-14,2305.0,251340
2026-08-18,2410.0,251340
2026-08-19,2405.0,251340
2026-08-20,2335.0,251340
2026-08-21,2470.0,251340
2026-08-24,2415.0,251340
2026-08-25,2375.0,251340
2026-08-26,2400.0,251340
2026-08-27,2350.0,251340
2026-08-28,2350.0,251340
2026-08-31,2370.0,251340
2021-09-29,4833.0,257720
2021-09-30,4442.0,257720
2021-10-01,3967.0,257720
2021-10-05,3708.0,257720
2021-10-06,3425.0,257720
2021-10-07,3433.0,257720
2021-10-08,3283.0,257720
2021-10-12,3183.0,257720
2021-10-13,3183.0,257720
2021-10-14,3350.0,257720
2021-10-15,3333.0,257720
2021-10-18,3342.0,257720
2021-10-19,3667.0,257720
2021-10-20,3567.0,257720
2021-10-21,3700.0,257720
2021-10-22,3767.0,257720
2021-10-25,3600.0,257720
2021-10-26,3558.0,257720
2021-10-27,3400.0,257720
2021-10-28,3392.0,257720
2021-10-29,3258.0,257720
2021-11-01,3267.0,257720
2021-11-02,3375.0,257720
2021-11-03,3267.0,257720
2021-11-04,3192.0,257720
2021-11-05,3117.0,257720
2021-11-08,3058.0,257720
2021-11-09,3200.0,257720
2021-11-10,3125.0,257720
2021-11-11,3133.0,257720
2021-11-12,3133.0,257720
2021-11-15,3192.0,257720
2021-11-16,3417.0,257720
2021-11-17,3467.0,257720
2021-11-18,3300.0,257720
2021-11-19,3350.0,257720
2021-11-22,3283.0,257720
2021-11-23,3408.0,257720
2021-11-24,3317.0,257720
2021-11-25,3408.0,257720
2021-11-26,3342.0,257720
2021-11-29,3242.0,257720
2021-11-30,3083.0,257720
2021-12-01,3142.0,257720
2021-12-02,3167.0,257720
2021-12-03,3367.0,257720
2021-12-06,3500.0,257720
2021-12-07,3383.0,257720
2021-12-08,3367.0,257720
2021-12-09,3392.0,257720
2021-12-10,3433.0,257720
2021-12-13,3375.0,257720
2021-12-14,3283.0,257720
2021-12-15,3317.0,257720
2021-12-16,3283.0,257720
2021-12-17,3283.0,257720
2021-12-20,3175.0,257720
2021-12-21,3250.0,257720
2021-12-22,3242.0,257720
2021-12-23,3233.0,257720
2021-12-24,3208.0,257720
2021-12-27,3217.0,257720
2021-12-28,3208.0,257720
2021-12-29,3275.0,257720
2021-12-30,3217.0,257720
2022-01-03,3233.0,257720
2022-01-04,3250.0,257720
2022-01-05,3200.0,257720
2022-01-06,3092.0,257720
2022-01-07,3117.0,257720
2022-01-10,3100.0,257720
2022-01-11,3067.0,257720
2022-01-12,3117.0,257720
2022-01-13,3092.0,257720
2022-01-14,3083.0,257720
2022-01-17,3075.0,257720
2022-01-18,3133.0,257720
2022-01-19,3175.0,257720
2022-01-20,3225.0,257720
2022-01-21,3150.0,257720
2022-01-24,3067.0,257720
2022-01-25,2975.0,257720
2022-01-26,3033.0,257720
2022-01-27,2992.0,257720
2022-01-28,3000.0,257720
2022-02-03,3025.0,257720
2022-02-04,3050.0,257720
2022-02-07,3083.0,257720
2022-02-08,3108.0,257720
2022-02-09,3117.0,257720
2022-02-10,3050.0,257720
2022-02-11,3000.0,257720
2022-02-14,2867.0,257720
2022-02-15,2867.0,257720
2022-02-16,2950.0,257720
2022-02-17,3017.0,257720
2022-02-18,3158.0,257720
2022-02-21,3225.0,257720
2022-02-22,3067.0,257720
2022-02-23,3033.0,257720
2022-02-24,2917.0,257720
2022-02-25,2958.0,257720
2022-02-28,2942.0,257720
2022-03-02,2983.0,257720
2022-03-03,3008.0,257720
2022-03-04,2975.0,257720
2022-03-07,2883.0,257720
2022-03-08,2825.0,257720
2022-03-10,2858.0,257720
2022-03-11,2867.0,257720
2022-03-14,2817.0,257720
2022-03-15,2800.0,257720
2022-03-16,2833.0,257720
2022-03-17,2925.0,257720
2022-03-18,2925.0,257720
2022-03-21,2908.0,257720
2022-03-22,2933.0,257720
2022-03-23,2967.0,257720
2022-03-24,2967.0,257720
2022-03-25,2967.0,257720
2022-03-28,2942.0,257720
2022-03-29,2933.0,257720
2022-03-30,3000.0,257720
2022-03-31,2992.0,257720
2022-04-01,2983.0,257720
2022-04-04,3058.0,257720
2022-04-05,3017.0,257720
2022-04-06,2975.0,257720
2022-04-07,2983.0,257720
2022-04-08,2992.0,257720
2022-04-11,2983.0,257720
2022-04-12,2917.0,257720
2022-04-13,2942.0,257720
2022-04-14,2925.0,257720
2022-04-15,2992.0,257720
2022-04-18,2983.0,257720
2022-04-19,3017.0,257720
2022-04-20,3008.0,257720
2022-04-21,3017.0,257720
2022-04-22,2958.0,257720
2022-04-25,2867.0,257720
2022-04-26,2850.0,257720
2022-04-27,2800.0,257720
2022-04-28,2842.0,257720
2022-04-29,2958.0,257720
2022-05-02,2967.0,257720
2022-05-03,2925.0,257720
2022-05-04,2858.0,257720
2022-05-06,2808.0,257720
2022-05-09,2783.0,257720
2022-05-10,2692.0,257720
2022-05-11,2667.0,257720
2022-05-12,2483.0,257720
2022-05-13,2500.0,257720
2022-05-16,2492.0,257720
2022-05-17,2492.0,257720
2022-05-18,2567.0,257720
2022-05-19,2533.0,257720
2022-05-20,2600.0,257720
2022-05-23,2592.0,257720
2022-05-24,2517.0,257720
2022-05-25,2467.0,257720
2022-05-26,2475.0,257720
2022-05-27,2475.0,257720
2022-05-30,2508.0,257720
2022-05-31,2533.0,257720
2022-06-02,2525.0,257720
2022-06-03,2592.0,257720
2022-06-07,2558.0,257720
2022-06-08,2567.0,257720
2022-06-09,2508.0,257720
2022-06-10,2500.0,257720
2022-06-13,2350.0,257720
2022-06-14,2258.0,257720
2022-06-15,2117.0,257720
2022-06-16,2158.0,257720
2022-06-17,2175.0,257720
2022-06-20,2025.0,257720
2022-06-21,2625.0,257720
2022-06-22,2775.0,257720
2022-06-23,2517.0,257720
2022-06-24,3267.0,257720
2022-06-27,3292.0,257720
2022-06-28,3358.0,257720
2022-06-29,3508.0,257720
2022-06-30,4467.0,257720
2022-07-01,4000.0,257720
2022-07-04,4250.0,257720
2022-07-05,4383.0,257720
2022-07-06,4508.0,257720
2022-07-07,4267.0,257720
2022-07-08,4425.0,257720
2022-07-11,4450.0,257720
2022-07-12,4233.0,257720
2022-07-13,4075.0,257720
2022-07-14,5290.0,257720
2022-07-15,6870.0,257720
2022-07-18,6870.0,257720
2022-07-19,5070.0,257720
2022-07-20,4995.0,257720
2022-07-21,4570.0,257720
2022-07-22,4405.0,257720
2022-07-25,4150.0,257720
2022-07-26,4075.0,257720
2022-07-27,3975.0,257720
2022-07-28,3765.0,257720
2022-07-29,3155.0,257720
2022-08-01,3040.0,257720
2022-08-02,2870.0,257720
2022-08-03,2880.0,257720
2022-08-04,2790.0,257720
2022-08-05,2770.0,257720
2022-08-08,2725.0,257720
2022-08-09,2735.0,257720
2022-08-10,2635.0,257720
2022-08-11,2660.0,257720
2022-08-12,2635.0,257720
2022-08-16,2660.0,257720
2022-08-17,2750.0,257720
2022-08-18,2840.0,257720
2022-08-19,2770.0,257720
2022-08-22,2655.0,257720
2022-08-23,2555.0,257720
2022-08-24,2535.0,257720
2022-08-25,2610.0,257720
2022-08-26,2570.0,257720
2022-08-29,2465.0,257720
2022-08-30,2475.0,257720
2022-08-31,2575.0,257720
2022-09-01,2510.0,257720
2022-09-02,2450.0,257720
2022-09-05,2380.0,257720
2022-09-06,2380.0,257720
2022-09-07,2290.0,257720
2022-09-08,2255.0,257720
2022-09-13,2380.0,257720
2022-09-14,2340.0,257720
2022-09-15,2295.0,257720
2022-09-16,2240.0,257720
2022-09-19,2165.0,257720
2022-09-20,2215.0,257720
2022-09-21,2175.0,257720
2022-09-22,2150.0,257720
2022-09-23,2095.0,257720
2022-09-26,2000.0,257720
2022-09-27,2010.0,257720
2022-09-28,1930.0,257720
2022-09-29,1915.0,257720
2022-09-30,1910.0,257720
2022-10-04,1975.0,257720
2022-10-05,1900.0,257720
2022-10-06,1965.0,257720
2022-10-07,1915.0,257720
2022-10-11,1790.0,257720
2022-10-12,1785.0,257720
2022-10-13,1715.0,257720
2022-10-14,1800.0,257720
2022-10-17,1845.0,257720
2022-10-18,1860.0,257720
2022-10-19,1850.0,257720
2022-10-20,1860.0,257720
2022-10-21,1820.0,257720
2022-10-24,1890.0,257720
2022-10-25,2455.0,257720
2022-10-26,2455.0,257720
2022-10-27,2455.0,257720
2022-10-28,2320.0,257720
2022-10-31,2270.0,257720
2022-11-01,2250.0,257720
2022-11-02,2215.0,257720
2022-11-03,2190.0,257720
2022-11-04,2280.0,257720
2022-11-07,2290.0,257720
2022-11-08,2360.0,257720
2022-11-09,2295.0,257720
2022-11-10,2210.0,257720
2022-11-11,2310.0,257720
2022-11-14,2370.0,257720
2022-11-15,2405.0,257720
2022-11-16,2425.0,257720
2022-11-17,2345.0,257720
2022-11-18,2385.0,257720
2022-11-21,2300.0,257720
2022-11-22,2220.0,257720
2022-11-23,2230.0,257720
2022-11-24,2315.0,257720
2022-11-25,2265.0,257720
2022-11-28,2150.0,257720
2022-11-29,2200.0,257720
2022-11-30,2190.0,257720
2022-12-01,2260.0,257720
2022-12-02,2280.0,257720
2022-12-05,2390.0,257720
2022-12-06,2330.0,257720
2022-12-07,2655.0,257720
2022-12-08,2700.0,257720
2022-12-09,2765.0,257720
2022-12-12,2625.0,257720
2022-12-13,2540.0,257720
2022-12-14,2740.0,257720
2022-12-15,2800.0,257720
2022-12-16,3065.0,257720
2022-12-19,2890.0,257720
2022-12-20,3180.0,257720
2022-12-21,3220.0,257720
2022-12-22,3285.0,257720
2022-12-23,2875.0,257720
2022-12-26,2730.0,257720
2022-12-27,2750.0,257720
2022-12-28,2550.0,257720
2022-12-29,2455.0,257720
2023-01-02,2400.0,257720
2023-01-03,2425.0,257720
2023-01-04,2505.0,257720
2023-01-05,2425.0,257720
2023-01-06,2510.0,257720
2023-01-09,2585.0,257720
2023-01-10,2540.0,257720
2023-01-11,2600.0,257720
2023-01-12,2580.0,257720
2023-01-13,2555.0,257720
2023-01-16,2620.0,257720
2023-01-17,2580.0,257720
2023-01-18,2560.0,257720
2023-01-19,2895.0,257720
2023-01-20,2930.0,257720
2023-01-25,2975.0,257720
2023-01-26,2965.0,257720
2023-01-27,3035.0,257720
2023-01-30,2850.0,257720
2023-01-31,2830.0,257720
2023-02-01,2930.0,257720
2023-02-02,3020.0,257720
2023-02-03,3020.0,257720
2023-02-06,3310.0,257720
2023-02-07,3285.0,257720
2023-02-08,3460.0,257720
2023-02-09,3210.0,257720
2023-02-10,3240.0,257720
2023-02-13,3100.0,257720
2023-02-14,3090.0,257720
2023-02-15,3295.0,257720
2023-02-16,3385.0,257720
2023-02-17,3190.0,257720
2023-02-20,3155.0,257720
2023-02-21,3320.0,257720
2023-02-22,3170.0,257720
2023-02-23,3250.0,257720
2023-02-24,3515.0,257720
2023-02-27,3490.0,257720
2023-02-28,3820.0,257720
2023-03-02,3800.0,257720
2023-03-03,3700.0,257720
2023-03-06,3615.0,257720
2023-03-07,3435.0,257720
2023-03-08,3645.0,257720
2023-03-09,3470.0,257720
2023-03-10,3165.0,257720
2023-03-13,3195.0,257720
2023-03-14,3000.0,257720
2023-03-15,3155.0,257720
2023-03-16,3105.0,257720
2023-03-17,3240.0,257720
2023-03-20,3270.0,257720
2023-03-21,3285.0,257720
2023-03-22,3185.0,257720
2023-03-23,3105.0,257720
2023-03-24,3200.0,257720
2023-03-27,3205.0,257720
2023-03-28,3200.0,257720
2023-03-29,3330.0,257720
2023-03-30,3325.0,257720
2023-03-31,3385.0,257720
2023-04-03,3315.0,257720
2023-04-04,3230.0,257720
2023-04-05,3220.0,257720
2023-04-06,3065.0,257720
2023-04-07,3045.0,257720
2023-04-10,2945.0,257720
2023-04-11,2955.0,257720
2023-04-12,2920.0,257720
2023-04-13,2880.0,257720
2023-04-14,2915.0,257720
2023-04-17,2880.0,257720
2023-04-18,3350.0,257720
2023-04-19,3555.0,257720
2023-04-20,3450.0,257720
2023-04-21,3365.0,257720
2023-04-24,3275.0,257720
2023-04-25,3325.0,257720
2023-04-26,3255.0,257720
2023-04-27,3215.0,257720
2023-04-28,3150.0,257720
2023-05-02,3240.0,257720
2023-05-03,3140.0,257720
2023-05-04,3075.0,257720
2023-05-08,3075.0,257720
2023-05-09,3855.0,257720
2023-05-10,4545.0,257720
2023-05-11,4470.0,257720
2023-05-12,4595.0,257720
2023-05-15,4915.0,257720
2023-05-16,4885.0,257720
2023-05-17,5140.0,257720
2023-05-18,4795.0,257720
2023-05-19,4685.0,257720
2023-05-22,4720.0,257720
2023-05-23,4895.0,257720
2023-05-24,5040.0,257720
2023-05-25,5400.0,257720
2023-05-26,5190.0,257720
2023-05-30,5310.0,257720
2023-05-31,5670.0,257720
2023-06-01,5980.0,257720
2023-06-02,5980.0,257720
2023-06-05,5880.0,257720
2023-06-07,5730.0,257720
2023-06-08,5780.0,257720
2023-06-09,6370.0,257720
2023-06-12,6110.0,257720
2023-06-13,6210.0,257720
2023-06-14,6310.0,257720
2023-06-15,6700.0,257720
2023-06-16,6720.0,257720
2023-06-19,7100.0,257720
2023-06-20,7030.0,257720
2023-06-21,6780.0,257720
2023-06-22,6530.0,257720
2023-06-23,6760.0,257720
2023-06-26,6440.0,257720
2023-06-27,7350.0,257720
2023-06-28,7110.0,257720
2023-06-29,7400.0,257720
2023-06-30,7090.0,257720
2023-07-03,7830.0,257720
2023-07-04,7910.0,257720
2023-07-05,7670.0,257720
2023-07-06,7770.0,257720
2023-07-07,7490.0,257720
2023-07-10,7360.0,257720
2023-07-11,7680.0,257720
2023-07-12,7480.0,257720
2023-07-13,7230.0,257720
2023-07-14,7150.0,257720
2023-07-17,7160.0,257720
2023-07-18,7790.0,257720
2023-07-19,7140.0,257720
2023-07-20,7080.0,257720
2023-07-21,6870.0,257720
2023-07-24,6630.0,257720
2023-07-25,6560.0,257720
2023-07-26,6380.0,257720
2023-07-27,6830.0,257720
2023-07-28,7050.0,257720
2023-07-31,7500.0,257720
2023-08-01,7610.0,257720
2023-08-02,7940.0,257720
2023-08-03,7760.0,257720
2023-08-04,9000.0,257720
2023-08-07,9050.0,257720
2023-08-08,9100.0,257720
2023-08-09,8680.0,257720
2023-08-10,8440.0,257720
2023-08-11,8080.0,257720
2023-08-14,8450.0,257720
2023-08-16,7800.0,257720
2023-08-17,7750.0,257720
2023-08-18,7950.0,257720
2023-08-21,8000.0,257720
2023-08-22,8580.0,257720
2023-08-23,8340.0,257720
2023-08-24,8300.0,257720
2023-08-25,8310.0,257720
2023-08-28,7970.0,257720
2023-08-29,7960.0,257720
2023-08-30,8240.0,257720
2023-08-31,8280.0,257720
2023-09-01,8360.0,257720
2023-09-04,8490.0,257720
2023-09-05,8970.0,257720
2023-09-06,8900.0,257720
2023-09-07,8280.0,257720
2023-09-08,8300.0,257720
2023-09-11,8420.0,257720
2023-09-12,7970.0,257720
2023-09-13,7830.0,257720
2023-09-14,7830.0,257720
2023-09-15,8020.0,257720
2023-09-18,8520.0,257720
2023-09-19,9130.0,257720
2023-09-20,9080.0,257720
2023-09-21,8730.0,257720
2023-09-22,9370.0,257720
2023-09-25,8980.0,257720
2023-09-26,9010.0,257720
2023-09-27,9350.0,257720
2023-10-04,9180.0,257720
2023-10-05,9120.0,257720
2023-10-06,9820.0,257720
2023-10-10,9500.0,257720
2023-10-11,9960.0,257720
2023-10-12,10310.0,257720
2023-10-13,10240.0,257720
2023-10-16,8800.0,257720
2023-10-17,8570.0,257720
2023-10-18,8480.0,257720
2023-10-19,8060.0,257720
2023-10-20,7890.0,257720
2023-10-23,8370.0,257720
2023-10-24,8270.0,257720
2023-10-25,8250.0,257720
2023-10-26,7830.0,257720
2023-10-27,7920.0,257720
2023-10-30,7700.0,257720
2023-10-31,7850.0,257720
2023-11-01,7460.0,257720
2023-11-02,7990.0,257720
2023-11-03,7980.0,257720
2023-11-06,7890.0,257720
2023-11-07,8470.0,257720
2023-11-08,8880.0,257720
2023-11-09,8600.0,257720
2023-11-10,8600.0,257720
2023-11-13,8100.0,257720
2023-11-14,8330.0,257720
2023-11-15,8670.0,257720
2023-11-16,9180.0,257720
2023-11-17,9160.0,257720
2023-11-20,8790.0,257720
2023-11-21,9200.0,257720
2023-11-22,8860.0,257720
2023-11-23,8780.0,257720
2023-11-24,8630.0,257720
2023-11-27,8290.0,257720
2023-11-28,8180.0,257720
2023-11-29,8210.0,257720
2023-11-30,8560.0,257720
2023-12-01,8160.0,257720
2023-12-04,7790.0,257720
2023-12-05,7800.0,257720
2023-12-06,7960.0,257720
2023-12-07,7850.0,257720
2023-12-08,8270.0,257720
2023-12-11,8090.0,257720
2023-12-12,8120.0,257720
2023-12-13,7880.0,257720
2023-12-14,8050.0,257720
2023-12-15,7900.0,257720
2023-12-18,8200.0,257720
2023-12-19,8210.0,257720
2023-12-20,8060.0,257720
2023-12-21,8110.0,257720
2023-12-22,7620.0,257720
2023-12-26,7570.0,257720
2023-12-27,7500.0,257720
2023-12-28,7710.0,257720
2024-01-02,7830.0,257720
2024-01-03,7970.0,257720
2024-01-04,7850.0,257720
2024-01-05,7970.0,257720
2024-01-08,8000.0,257720
2024-01-09,8640.0,257720
2024-01-10,8940.0,257720
2024-01-11,8870.0,257720
2024-01-12,8500.0,257720
2024-01-15,8730.0,257720
2024-01-16,8700.0,257720
2024-01-17,8570.0,257720
2024-01-18,9320.0,257720
2024-01-19,9040.0,257720
2024-01-22,8420.0,257720
2024-01-23,8710.0,257720
2024-01-24,8840.0,257720
2024-01-25,8680.0,257720
2024-01-26,8040.0,257720
2024-01-29,7910.0,257720
2024-01-30,8010.0,257720
2024-01-31,7940.0,257720
2024-02-01,8230.0,257720
2024-02-02,8300.0,257720
2024-02-05,8290.0,257720
2024-02-06,8160.0,257720
2024-02-07,8290.0,257720
2024-02-08,8030.0,257720
2024-02-13,8140.0,257720
2024-02-14,8670.0,257720
2024-02-15,8420.0,257720
2024-02-16,8320.0,257720
2024-02-19,8170.0,257720
2024-02-20,8130.0,257720
2024-02-21,10400.0,257720
2024-02-22,9770.0,257720
2024-02-23,10010.0,257720
2024-02-26,9740.0,257720
2024-02-27,8970.0,257720
2024-02-28,9140.0,257720
2024-02-29,9260.0,257720
2024-03-04,9230.0,257720
2024-03-05,9230.0,257720
2024-03-06,9330.0,257720
2024-03-07,8980.0,257720
2024-03-08,9420.0,257720
2024-03-11,9560.0,257720
2024-03-12,9350.0,257720
2024-03-13,9250.0,257720
2024-03-14,9030.0,257720
2024-03-15,8910.0,257720
2024-03-18,9570.0,257720
2024-03-19,9650.0,257720
2024-03-20,10750.0,257720
2024-03-21,10820.0,257720
2024-03-22,11540.0,257720
2024-03-25,11250.0,257720
2024-03-26,11920.0,257720
2024-03-27,11760.0,257720
2024-03-28,11410.0,257720
2024-03-29,11780.0,257720
2024-04-01,12900.0,257720
2024-04-02,12600.0,257720
2024-04-03,12910.0,257720
2024-04-04,12450.0,257720
2024-04-05,12300.0,257720
2024-04-08,11840.0,257720
2024-04-09,12490.0,257720
2024-04-11,12610.0,257720
2024-04-12,13760.0,257720
2024-04-15,12830.0,257720
2024-04-16,12650.0,257720
2024-04-17,12800.0,257720
2024-04-18,13260.0,257720
2024-04-19,12810.0,257720
2024-04-22,12840.0,257720
2024-04-23,13100.0,257720
2024-04-24,13260.0,257720
2024-04-25,13040.0,257720
2024-04-26,13610.0,257720
2024-04-29,14280.0,257720
2024-04-30,14800.0,257720
2024-05-02,14850.0,257720
2024-05-03,15100.0,257720
2024-05-07,15960.0,257720
2024-05-08,15560.0,257720
2024-05-09,20200.0,257720
2024-05-10,26250.0,257720
2024-05-13,26650.0,257720
2024-05-14,27000.0,257720
2024-05-16,28900.0,257720
2024-05-17,29550.0,257720
2024-05-20,30300.0,257720
2024-05-21,32000.0,257720
2024-05-22,29950.0,257720
2024-05-23,31450.0,257720
2024-05-24,33950.0,257720
2024-05-27,36400.0,257720
2024-05-28,38950.0,257720
2024-05-29,39200.0,257720
2024-05-30,39000.0,257720
2024-05-31,37750.0,257720
2024-06-03,43100.0,257720
2024-06-04,42350.0,257720
2024-06-05,41500.0,257720
2024-06-07,44000.0,257720
2024-06-10,45300.0,257720
2024-06-11,46900.0,257720
2024-06-12,50300.0,257720
2024-06-13,50700.0,257720
2024-06-14,51200.0,257720
2024-06-17,49050.0,257720
2024-06-18,51300.0,257720
2024-06-19,50700.0,257720
2024-06-20,50000.0,257720
2024-06-21,52800.0,257720
2024-06-24,50900.0,257720
2024-06-25,48550.0,257720
2024-06-26,49750.0,257720
2024-06-27,47950.0,257720
2024-06-28,47000.0,257720
2024-07-01,43250.0,257720
2024-07-02,43750.0,257720
2024-07-03,44550.0,257720
2024-07-04,43350.0,257720
2024-07-05,41400.0,257720
2024-07-08,44300.0,257720
2024-07-09,45000.0,257720
2024-07-10,46050.0,257720
2024-07-11,48400.0,257720
2024-07-12,42450.0,257720
2024-07-15,43550.0,257720
2024-07-16,40700.0,257720
2024-07-17,42700.0,257720
2024-07-18,42000.0,257720
2024-07-19,43500.0,257720
2024-07-22,44800.0,257720
2024-07-23,47400.0,257720
2024-07-24,46650.0,257720
2024-07-25,42400.0,257720
2024-07-26,42050.0,257720
2024-07-29,45900.0,257720
2024-07-30,44900.0,257720
2024-07-31,44300.0,257720
2024-08-01,46000.0,257720
2024-08-02,42050.0,257720
2024-08-05,36250.0,257720
2024-08-06,41750.0,257720
2024-08-07,41900.0,257720
2024-08-08,43450.0,257720
2024-08-09,45250.0,257720
2024-08-12,44550.0,257720
2024-08-13,42450.0,257720
2024-08-14,40400.0,257720
2024-08-16,45200.0,257720
2024-08-19,45400.0,257720
2024-08-20,44350.0,257720
2024-08-21,42200.0,257720
2024-08-22,41950.0,257720
2024-08-23,42700.0,257720
2024-08-26,39800.0,257720
2024-08-27,39550.0,257720
2024-08-28,39250.0,257720
2024-08-29,36600.0,257720
2024-08-30,38600.0,257720
2024-09-02,40950.0,257720
2024-09-03,42650.0,257720
2024-09-04,41300.0,257720
2024-09-05,40400.0,257720
2024-09-06,39400.0,257720
2024-09-09,43400.0,257720
2024-09-10,42550.0,257720
2024-09-11,40850.0,257720
2024-09-12,44150.0,257720
2024-09-13,44200.0,257720
2024-09-19,45450.0,257720
2024-09-20,45950.0,257720
2024-09-23,46200.0,257720
2024-09-24,45150.0,257720
2024-09-25,43900.0,257720
2024-09-26,44700.0,257720
2024-09-27,43850.0,257720
2024-09-30,46200.0,257720
2024-10-02,42400.0,257720
2024-10-04,42850.0,257720
2024-10-07,43800.0,257720
2024-10-08,41700.0,257720
2024-10-10,43050.0,257720
2024-10-11,41050.0,257720
2024-10-14,40000.0,257720
2024-10-15,41750.0,257720
2024-10-16,39600.0,257720
2024-10-17,40100.0,257720
2024-10-18,40000.0,257720
2024-10-21,41300.0,257720
2024-10-22,39000.0,257720
2024-10-23,37350.0,257720
2024-10-24,37900.0,257720
2024-10-25,35950.0,257720
2024-10-28,37800.0,257720
2024-10-29,37800.0,257720
2024-10-30,38700.0,257720
2024-10-31,38200.0,257720
2024-11-01,36750.0,257720
2024-11-04,40650.0,257720
2024-11-05,39250.0,257720
2024-11-06,40500.0,257720
2024-11-07,40400.0,257720
2024-11-08,41250.0,257720
2024-11-11,38200.0,257720
2024-11-12,34850.0,257720
2024-11-13,36500.0,257720
2024-11-14,28250.0,257720
2024-11-15,28050.0,257720
2024-11-18,27650.0,257720
2024-11-19,26750.0,257720
2024-11-20,27400.0,257720
2024-11-21,26600.0,257720
2024-11-22,25750.0,257720
2024-11-25,26250.0,257720
2024-11-26,24850.0,257720
2024-11-27,25850.0,257720
2024-11-28,25550.0,257720
2024-11-29,24500.0,257720
2024-12-02,25100.0,257720
2024-12-03,28200.0,257720
2024-12-04,27000.0,257720
2024-12-05,26250.0,257720
2024-12-06,25650.0,257720
2024-12-09,23550.0,257720
2024-12-10,26600.0,257720
2024-12-11,28450.0,257720
2024-12-12,28400.0,257720
2024-12-13,30100.0,257720
2024-12-16,30300.0,257720
2024-12-17,30850.0,257720
2024-12-18,29500.0,257720
2024-12-19,31750.0,257720
2024-12-20,31750.0,257720
2024-12-23,31100.0,257720
2024-12-24,31750.0,257720
2024-12-26,31700.0,257720
2024-12-27,30700.0,257720
2024-12-30,32700.0,257720
2025-01-02,33700.0,257720
2025-01-03,34550.0,257720
2025-01-06,33450.0,257720
2025-01-07,34050.0,257720
2025-01-08,33000.0,257720
2025-01-09,33100.0,257720
2025-01-10,31850.0,257720
2025-01-13,31600.0,257720
2025-01-14,30700.0,257720
2025-01-15,31000.0,257720
2025-01-16,33900.0,257720
2025-01-17,33900.0,257720
2025-01-20,32400.0,257720
2025-01-21,33600.0,257720
2025-01-22,32700.0,257720
2025-01-23,31650.0,257720
2025-01-24,31750.0,257720
2025-01-31,30850.0,257720
2025-02-03,29200.0,257720
2025-02-04,29950.0,257720
2025-02-05,29050.0,257720
2025-02-06,28600.0,257720
2025-02-07,28550.0,257720
2025-02-10,28350.0,257720
2025-02-11,27900.0,257720
2025-02-12,28750.0,257720
2025-02-13,30450.0,257720
2025-02-14,30950.0,257720
2025-02-17,31200.0,257720
2025-02-18,31650.0,257720
2025-02-19,32300.0,257720
2025-02-20,31500.0,257720
2025-02-21,33800.0,257720
2025-02-24,35950.0,257720
2025-02-25,34650.0,257720
2025-02-26,26700.0,257720
2025-02-27,25800.0,257720
2025-02-28,26650.0,257720
2025-03-04,25750.0,257720
2025-03-05,26050.0,257720
2025-03-06,25600.0,257720
2025-03-07,25250.0,257720
2025-03-10,24300.0,257720
2025-03-11,24400.0,257720
2025-03-12,25100.0,257720
2025-03-13,26650.0,257720
2025-03-14,26800.0,257720
2025-03-17,26700.0,257720
2025-03-18,26350.0,257720
2025-03-19,26650.0,257720
2025-03-20,28650.0,257720
2025-03-21,28400.0,257720
2025-03-24,28350.0,257720
2025-03-25,27050.0,257720
2025-03-26,27350.0,257720
2025-03-27,25950.0,257720
2025-03-28,26000.0,257720
2025-03-31,24450.0,257720
2025-04-01,27000.0,257720
2025-04-02,28500.0,257720
2025-04-03,26800.0,257720
2025-04-04,28300.0,257720
2025-04-07,26400.0,257720
2025-04-08,27000.0,257720
2025-04-09,27050.0,257720
2025-04-10,29500.0,257720
2025-04-11,31150.0,257720
2025-04-14,32100.0,257720
2025-04-15,32000.0,257720
2025-04-16,32600.0,257720
2025-04-17,34300.0,257720
2025-04-18,33850.0,257720
2025-04-21,33100.0,257720
2025-04-22,33200.0,257720
2025-04-23,31750.0,257720
2025-04-24,31850.0,257720
2025-04-25,34750.0,257720
2025-04-28,35400.0,257720
2025-04-29,36400.0,257720
2025-04-30,35750.0,257720
2025-05-02,36950.0,257720
2025-05-07,37100.0,257720
2025-05-08,41300.0,257720
2025-05-09,42650.0,257720
2025-05-12,40600.0,257720
2025-05-13,38900.0,257720
2025-05-14,37850.0,257720
2025-05-15,37550.0,257720
2025-05-16,37950.0,257720
2025-05-19,36900.0,257720
2025-05-20,41200.0,257720
2025-05-21,39800.0,257720
2025-05-22,38750.0,257720
2025-05-23,39950.0,257720
2025-05-26,42300.0,257720
2025-05-27,41750.0,257720
2025-05-28,44850.0,257720
2025-05-29,47200.0,257720
2025-05-30,47200.0,257720
2025-06-02,51900.0,257720
2025-06-04,51800.0,257720
2025-06-05,51300.0,257720
2025-06-09,51700.0,257720
2025-06-10,51800.0,257720
2025-06-11,61800.0,257720
2025-06-12,55400.0,257720
2025-06-13,54100.0,257720
2025-06-16,54600.0,257720
2025-06-17,55300.0,257720
2025-06-18,56700.0,257720
2025-06-19,55600.0,257720
2025-06-20,57100.0,257720
2025-06-23,57600.0,257720
2025-06-24,57800.0,257720
2025-06-25,56200.0,257720
2025-06-26,56600.0,257720
2025-06-27,55800.0,257720
2025-06-30,61700.0,257720
2025-07-01,61200.0,257720
2025-07-02,55900.0,257720
2025-07-03,52900.0,257720
2025-07-04,49850.0,257720
2025-07-07,51700.0,257720
2025-07-08,53600.0,257720
2025-07-09,54600.0,257720
2025-07-10,54600.0,257720
2025-07-11,54400.0,257720
2025-07-14,54200.0,257720
2025-07-15,56100.0,257720
2025-07-16,52900.0,257720
2025-07-17,52800.0,257720
2025-07-18,50600.0,257720
2025-07-21,51000.0,257720
2025-07-22,50700.0,257720
2025-07-23,51000.0,257720
2025-07-24,49950.0,257720
2025-07-25,49850.0,257720
2025-07-28,48500.0,257720
2025-07-29,49400.0,257720
2025-07-30,50300.0,257720
2025-07-31,51700.0,257720
2025-08-01,48350.0,257720
2025-08-04,49200.0,257720
2025-08-05,51700.0,257720
2025-08-06,51700.0,257720
2025-08-07,52400.0,257720
2025-08-08,53700.0,257720
2025-08-11,43800.0,257720
2025-08-12,43000.0,257720
2025-08-13,43650.0,257720
2025-08-14,45550.0,257720
2025-08-18,45350.0,257720
2025-08-19,44700.0,257720
2025-08-20,45550.0,257720
2025-08-21,47450.0,257720
2025-08-22,47150.0,257720
2025-08-25,46400.0,257720
2025-08-26,47000.0,257720
2025-08-27,46000.0,257720
2025-08-28,45700.0,257720
2025-08-29,44900.0,257720
2025-09-01,44150.0,257720
2025-09-02,43600.0,257720
2025-09-03,42700.0,257720
2025-09-04,43100.0,257720
2025-09-05,42000.0,257720
2025-09-08,42600.0,257720
2025-09-09,42450.0,257720
2025-09-10,41850.0,257720
2025-09-11,42250.0,257720
2025-09-12,41750.0,257720
2025-09-15,41850.0,257720
2025-09-16,43000.0,257720
2025-09-17,44200.0,257720
2025-09-18,45800.0,257720
2025-09-19,46200.0,257720
2025-09-22,46250.0,257720
2025-09-23,46050.0,257720
2025-09-24,45300.0,257720
2025-09-25,44750.0,257720
2025-09-26,44550.0,257720
2025-09-29,46200.0,257720
2025-09-30,45800.0,257720
2025-10-01,47400.0,257720
2025-10-02,47250.0,257720
2025-10-10,46300.0,257720
2025-10-13,46150.0,257720
2025-10-14,42750.0,257720
2025-10-15,43350.0,257720
2025-10-16,43050.0,257720
2025-10-17,42850.0,257720
2025-10-20,43950.0,257720
2025-10-21,42750.0,257720
2025-10-22,43250.0,257720
2025-10-23,45650.0,257720
2025-10-24,44500.0,257720
2025-10-27,43850.0,257720
2025-10-28,45450.0,257720
2025-10-29,43750.0,257720
2025-10-30,45650.0,257720
2025-10-31,45000.0,257720
2025-11-03,45250.0,257720
2025-11-04,44550.0,257720
2025-11-05,42600.0,257720
2025-11-06,39700.0,257720
2025-11-07,39900.0,257720
2025-11-10,44200.0,257720
2025-11-11,41250.0,257720
2025-11-12,42200.0,257720
2025-11-13,42650.0,257720
2025-11-14,44300.0,257720
2025-11-17,45100.0,257720
2025-11-18,44900.0,257720
2025-11-19,46500.0,257720
2025-11-20,46700.0,257720
2025-11-21,45900.0,257720
2025-11-24,46650.0,257720
2025-11-25,44750.0,257720
2025-11-26,44650.0,257720
2025-11-27,43600.0,257720
2025-11-28,45400.0,257720
2025-12-01,43900.0,257720
2025-12-02,45100.0,257720
2025-12-03,43900.0,257720
2025-12-04,42650.0,257720
2025-12-05,41850.0,257720
2025-12-08,41900.0,257720
2025-12-09,41150.0,257720
2025-12-10,41900.0,257720
2025-12-11,41200.0,257720
2025-12-12,40750.0,257720
2025-12-15,41550.0,257720
2025-12-16,42600.0,257720
2025-12-17,41300.0,257720
2025-12-18,40200.0,257720
2025-12-19,40550.0,257720
2025-12-22,40750.0,257720
2025-12-23,39650.0,257720
2025-12-24,39000.0,257720
2025-12-26,37900.0,257720
2025-12-29,38200.0,257720
2025-12-30,38650.0,257720
2026-01-02,40350.0,257720
2026-01-05,40000.0,257720
2026-01-06,40550.0,257720
2026-01-07,41950.0,257720
2026-01-08,42450.0,257720
2026-01-09,43650.0,257720
2026-01-12,41950.0,257720
2026-01-13,41750.0,257720
2026-01-14,43450.0,257720
2026-01-15,43000.0,257720
2026-01-16,42050.0,257720
2026-01-19,39950.0,257720
2026-01-20,43700.0,257720
2026-01-21,47650.0,257720
2026-01-22,48600.0,257720
2026-01-23,49300.0,257720
2026-01-26,52500.0,257720
2026-01-27,51100.0,257720
2026-01-28,51300.0,257720
2026-01-29,54200.0,257720
2026-01-30,53000.0,257720
2026-02-02,52000.0,257720
2026-02-03,45850.0,257720
2026-02-04,44900.0,257720
2026-02-05,43300.0,257720
2026-02-06,41300.0,257720
2026-02-09,44250.0,257720
2026-02-10,43500.0,257720
2026-02-11,43050.0,257720
2026-02-12,43100.0,257720
2026-02-13,43000.0,257720
2026-02-19,44200.0,257720
2026-02-20,43500.0,257720
2026-02-23,45000.0,257720
2026-02-24,45050.0,257720
2026-02-25,43850.0,257720
2026-02-26,42200.0,257720
2026-02-27,43850.0,257720
2026-03-03,41250.0,257720
2026-03-04,35950.0,257720
2026-03-05,38750.0,257720
2026-03-06,40050.0,257720
2026-03-09,36150.0,257720
2026-03-10,38450.0,257720
2026-03-11,37650.0,257720
2026-03-12,36650.0,257720
2026-03-13,36500.0,257720
2026-03-16,35200.0,257720
2026-03-17,38000.0,257720
2026-03-18,38050.0,257720
2026-03-19,36500.0,257720
2026-03-20,38500.0,257720
2026-03-23,38000.0,257720
2026-03-24,39000.0,257720
2026-03-25,38350.0,257720
2026-03-26,36600.0,257720
2026-03-27,38800.0,257720
2026-03-30,37400.0,257720
2026-03-31,38150.0,257720
2026-04-01,40000.0,257720
2026-04-02,39150.0,257720
2026-04-03,39300.0,257720
2026-04-06,37750.0,257720
2026-04-07,38900.0,257720
2026-04-08,41250.0,257720
2026-04-09,43050.0,257720
2026-04-10,42650.0,257720
2026-04-13,46900.0,257720
2026-04-14,46350.0,257720
2026-04-15,46800.0,257720
2026-04-16,46900.0,257720
2026-04-17,47100.0,257720
2026-04-20,47150.0,257720
2026-04-21,48700.0,257720
2026-04-22,48600.0,257720
2026-04-23,47850.0,257720
2026-04-24,48800.0,257720
2026-04-27,45150.0,257720
2026-04-28,44650.0,257720
2026-04-29,45000.0,257720
2026-04-30,44000.0,257720
2026-05-04,43400.0,257720
2026-05-06,43450.0,257720
2026-05-07,44800.0,257720
2026-05-08,45050.0,257720
2026-05-11,44250.0,257720
2026-05-12,41700.0,257720
2026-05-13,40650.0,257720
2026-05-14,41150.0,257720
2026-05-15,38600.0,257720
2026-05-18,39050.0,257720
2026-05-19,40050.0,257720
2026-05-20,37900.0,257720
2026-05-21,37550.0,257720
2026-05-22,38800.0,257720
2026-05-26,38050.0,257720
2026-05-27,37250.0,257720
2026-05-28,37050.0,257720
2026-05-29,36150.0,257720
2026-06-01,35750.0,257720
2026-06-02,35500.0,257720
2026-06-04,36200.0,257720
2026-06-05,34100.0,257720
2026-06-08,33000.0,257720
2026-06-09,33300.0,257720
2026-06-10,34500.0,257720
2026-06-11,35400.0,257720
2026-06-12,34650.0,257720
2026-06-15,35800.0,257720
2026-06-16,35050.0,257720
2026-06-17,35050.0,257720
2026-06-18,33800.0,257720
2026-06-19,33200.0,257720
2026-06-22,34700.0,257720
2026-06-23,34000.0,257720
2026-06-24,33600.0,257720
2026-06-25,32150.0,257720
2026-06-26,30400.0,257720
2026-06-29,32650.0,257720
2026-06-30,31650.0,257720
2026-07-01,35550.0,257720
2026-07-02,34950.0,257720
2026-07-03,36100.0,257720
2026-07-06,37300.0,257720
2026-07-07,38500.0,257720
2026-07-08,36000.0,257720
2026-07-09,35550.0,257720
2026-07-10,37600.0,257720
2026-07-13,38350.0,257720
2026-07-14,36500.0,257720
2026-07-15,36500.0,257720
2026-07-16,36050.0,257720
2026-07-20,34450.0,257720
2026-07-21,35650.0,257720
2026-07-22,35000.0,257720
2026-07-23,36400.0,257720
2026-07-24,35250.0,257720
2026-07-27,38400.0,257720
2026-07-28,36500.0,257720
2026-07-29,34600.0,257720
2026-07-30,33050.0,257720
2026-07-31,33950.0,257720
2026-08-03,34500.0,257720
2026-08-04,37350.0,257720
2026-08-05,37100.0,257720
2026-08-06,39350.0,257720
2026-08-07,39300.0,257720
2026-08-10,38400.0,257720
2026-08-11,40050.0,257720
2026-08-12,45250.0,257720
2026-08-13,40800.0,257720
2026-08-14,42850.0,257720
2026-08-18,44500.0,257720
2026-08-19,45300.0,257720
2026-08-20,45950.0,257720
2026-08-21,47650.0,257720
2026-08-24,49450.0,257720
2026-08-25,51900.0,257720
2026-08-26,51800.0,257720
2026-08-27,49150.0,257720
2026-08-28,53300.0,257720
2026-08-31,54200.0,257720
2022-10-07,11100.0,441270
2022-10-11,8680.0,441270
2022-10-12,9100.0,441270
2022-10-13,8460.0,441270
2022-10-14,8410.0,441270
2022-10-17,8390.0,441270
2022-10-18,8120.0,441270
2022-10-19,8030.0,441270
2022-10-20,8700.0,441270
2022-10-21,8450.0,441270
2022-10-24,8380.0,441270
2022-10-25,8560.0,441270
2022-10-26,7590.0,441270
2022-10-27,7520.0,441270
2022-10-28,7730.0,441270
2022-10-31,7570.0,441270
2022-11-01,7290.0,441270
2022-11-02,7110.0,441270
2022-11-03,7090.0,441270
2022-11-04,6800.0,441270
2022-11-07,6850.0,441270
2022-11-08,7000.0,441270
2022-11-09,6960.0,441270
2022-11-10,6760.0,441270
2022-11-11,6960.0,441270
2022-11-14,7000.0,441270
2022-11-15,7390.0,441270
2022-11-16,7230.0,441270
2022-11-17,6880.0,441270
2022-11-18,6740.0,441270
2022-11-21,6650.0,441270
2022-11-22,6730.0,441270
2022-11-23,6920.0,441270
2022-11-24,7400.0,441270
2022-11-25,7380.0,441270
2022-11-28,7190.0,441270
2022-11-29,7100.0,441270
2022-11-30,7320.0,441270
2022-12-01,7450.0,441270
2022-12-02,7370.0,441270
2022-12-05,7360.0,441270
2022-12-06,7300.0,441270
2022-12-07,7200.0,441270
2022-12-08,7150.0,441270
2022-12-09,7300.0,441270
2022-12-12,7190.0,441270
2022-12-13,7030.0,441270
2022-12-14,7040.0,441270
2022-12-15,7010.0,441270
2022-12-16,7000.0,441270
2022-12-19,6850.0,441270
2022-12-20,6690.0,441270
2022-12-21,6710.0,441270
2022-12-22,6610.0,441270
2022-12-23,6400.0,441270
2022-12-26,6660.0,441270
2022-12-27,6420.0,441270
2022-12-28,6360.0,441270
2022-12-29,6160.0,441270
2023-01-02,6190.0,441270
2023-01-03,6180.0,441270
2023-01-04,6470.0,441270
2023-01-05,6500.0,441270
2023-01-06,6770.0,441270
2023-01-09,6810.0,441270
2023-01-10,6740.0,441270
2023-01-11,6770.0,441270
2023-01-12,6880.0,441270
2023-01-13,6990.0,441270
2023-01-16,7130.0,441270
2023-01-17,7200.0,441270
2023-01-18,7270.0,441270
2023-01-19,7330.0,441270
2023-01-20,7270.0,441270
2023-01-25,7490.0,441270
2023-01-26,7670.0,441270
2023-01-27,7630.0,441270
2023-01-30,7650.0,441270
2023-01-31,7700.0,441270
2023-02-01,7600.0,441270
2023-02-02,7460.0,441270
2023-02-03,7450.0,441270
2023-02-06,7320.0,441270
2023-02-07,7700.0,441270
2023-02-08,8070.0,441270
2023-02-09,8030.0,441270
2023-02-10,7860.0,441270
2023-02-13,7320.0,441270
2023-02-14,7660.0,441270
2023-02-15,7420.0,441270
2023-02-16,7990.0,441270
2023-02-17,7900.0,441270
2023-02-20,8130.0,441270
2023-02-21,8380.0,441270
2023-02-22,8430.0,441270
2023-02-23,8360.0,441270
2023-02-24,8120.0,441270
2023-02-27,8100.0,441270
2023-02-28,8070.0,441270
2023-03-02,8220.0,441270
2023-03-03,8250.0,441270
2023-03-06,8110.0,441270
2023-03-07,8440.0,441270
2023-03-08,8240.0,441270
2023-03-09,8570.0,441270
2023-03-10,8000.0,441270
2023-03-13,7720.0,441270
2023-03-14,7440.0,441270
2023-03-15,7590.0,441270
2023-03-16,7380.0,441270
2023-03-17,8000.0,441270
2023-03-20,8210.0,441270
2023-03-21,8010.0,441270
2023-03-22,8480.0,441270
2023-03-23,8380.0,441270
2023-03-24,8500.0,441270
2023-03-27,8520.0,441270
2023-03-28,9740.0,441270
2023-03-29,10380.0,441270
2023-03-30,10400.0,441270
2023-03-31,10000.0,441270
2023-04-03,10090.0,441270
2023-04-04,10130.0,441270
2023-04-05,10200.0,441270
2023-04-06,10250.0,441270
2023-04-07,10450.0,441270
2023-04-10,10060.0,441270
2023-04-11,10050.0,441270
2023-04-12,10010.0,441270
2023-04-13,10220.0,441270
2023-04-14,9960.0,441270
2023-04-17,10300.0,441270
2023-04-18,11170.0,441270
2023-04-19,11670.0,441270
2023-04-20,10380.0,441270
2023-04-21,10000.0,441270
2023-04-24,10170.0,441270
2023-04-25,10220.0,441270
2023-04-26,10360.0,441270
2023-04-27,10120.0,441270
2023-04-28,9940.0,441270
2023-05-02,10090.0,441270
2023-05-03,10110.0,441270
2023-05-04,10370.0,441270
2023-05-08,10530.0,441270
2023-05-09,10370.0,441270
2023-05-10,10120.0,441270
2023-05-11,10020.0,441270
2023-05-12,10080.0,441270
2023-05-15,10000.0,441270
2023-05-16,10940.0,441270
2023-05-17,10760.0,441270
2023-05-18,10970.0,441270
2023-05-19,10330.0,441270
2023-05-22,10220.0,441270
2023-05-23,10180.0,441270
2023-05-24,10100.0,441270
2023-05-25,9980.0,441270
2023-05-26,10040.0,441270
2023-05-30,10230.0,441270
2023-05-31,9980.0,441270
2023-06-01,10050.0,441270
2023-06-02,10150.0,441270
2023-06-05,10290.0,441270
2023-06-07,10040.0,441270
2023-06-08,10090.0,441270
2023-06-09,10040.0,441270
2023-06-12,10000.0,441270
2023-06-13,10090.0,441270
2023-06-14,9870.0,441270
2023-06-15,9700.0,441270
2023-06-16,9860.0,441270
2023-06-19,9600.0,441270
2023-06-20,9420.0,441270
2023-06-21,9180.0,441270
2023-06-22,9170.0,441270
2023-06-23,9080.0,441270
2023-06-26,9160.0,441270
2023-06-27,9160.0,441270
2023-06-28,9000.0,441270
2023-06-29,9100.0,441270
2023-06-30,8880.0,441270
2023-07-03,9300.0,441270
2023-07-04,9390.0,441270
2023-07-05,9340.0,441270
2023-07-06,9200.0,441270
2023-07-07,8780.0,441270
2023-07-10,8390.0,441270
2023-07-11,8290.0,441270
2023-07-12,8400.0,441270
2023-07-13,8280.0,441270
2023-07-14,8090.0,441270
2023-07-17,8050.0,441270
2023-07-18,8570.0,441270
2023-07-19,8710.0,441270
2023-07-20,8500.0,441270
2023-07-21,8460.0,441270
2023-07-24,8270.0,441270
2023-07-25,8000.0,441270
2023-07-26,7780.0,441270
2023-07-27,7880.0,441270
2023-07-28,7700.0,441270
2023-07-31,7870.0,441270
2023-08-01,8670.0,441270
2023-08-02,8250.0,441270
2023-08-03,8020.0,441270
2023-08-04,8300.0,441270
2023-08-07,8230.0,441270
2023-08-08,8220.0,441270
2023-08-09,8130.0,441270
2023-08-10,7970.0,441270
2023-08-11,8320.0,441270
2023-08-14,8320.0,441270
2023-08-16,7890.0,441270
2023-08-17,8060.0,441270
2023-08-18,7840.0,441270
2023-08-21,7780.0,441270
2023-08-22,7550.0,441270
2023-08-23,7420.0,441270
2023-08-24,7450.0,441270
2023-08-25,7410.0,441270
2023-08-28,7390.0,441270
2023-08-29,7430.0,441270
2023-08-30,7630.0,441270
2023-08-31,7900.0,441270
2023-09-01,8290.0,441270
2023-09-04,8210.0,441270
2023-09-05,8210.0,441270
2023-09-06,8260.0,441270
2023-09-07,8290.0,441270
2023-09-08,8350.0,441270
2023-09-11,8340.0,441270
2023-09-12,8330.0,441270
2023-09-13,8060.0,441270
2023-09-14,7540.0,441270
2023-09-15,7920.0,441270
2023-09-18,7820.0,441270
2023-09-19,8040.0,441270
2023-09-20,8180.0,441270
2023-09-21,7840.0,441270
2023-09-22,7620.0,441270
2023-09-25,7590.0,441270
2023-09-26,7730.0,441270
2023-09-27,7660.0,441270
2023-10-04,7410.0,441270
2023-10-05,7000.0,441270
2023-10-06,7000.0,441270
2023-10-10,6910.0,441270
2023-10-11,7140.0,441270
2023-10-12,7690.0,441270
2023-10-13,7590.0,441270
2023-10-16,7590.0,441270
2023-10-17,8430.0,441270
2023-10-18,7920.0,441270
2023-10-19,8210.0,441270
2023-10-20,8190.0,441270
2023-10-23,8200.0,441270
2023-10-24,8460.0,441270
2023-10-25,8500.0,441270
2023-10-26,8400.0,441270
2023-10-27,8340.0,441270
2023-10-30,8170.0,441270
2023-10-31,8060.0,441270
2023-11-01,7910.0,441270
2023-11-02,8560.0,441270
2023-11-03,8840.0,441270
2023-11-06,8650.0,441270
2023-11-07,8180.0,441270
2023-11-08,7550.0,441270
2023-11-09,7860.0,441270
2023-11-10,7950.0,441270
2023-11-13,7680.0,441270
2023-11-14,8120.0,441270
2023-11-15,8100.0,441270
2023-11-16,8170.0,441270
2023-11-17,7940.0,441270
2023-11-20,8090.0,441270
2023-11-21,8580.0,441270
2023-11-22,8400.0,441270
2023-11-23,8400.0,441270
2023-11-24,8280.0,441270
2023-11-27,8040.0,441270
2023-11-28,8100.0,441270
2023-11-29,8200.0,441270
2023-11-30,8120.0,441270
2023-12-01,8020.0,441270
2023-12-04,7830.0,441270
2023-12-05,7650.0,441270
2023-12-06,7950.0,441270
2023-12-07,7800.0,441270
2023-12-08,7850.0,441270
2023-12-11,8220.0,441270
2023-12-12,8380.0,441270
2023-12-13,8190.0,441270
2023-12-14,8470.0,441270
2023-12-15,8290.0,441270
2023-12-18,8420.0,441270
2023-12-19,8400.0,441270
2023-12-20,8240.0,441270
2023-12-21,8170.0,441270
2023-12-22,8640.0,441270
2023-12-26,8500.0,441270
2023-12-27,9100.0,441270
2023-12-28,9010.0,441270
2024-01-02,9250.0,441270
2024-01-03,9290.0,441270
2024-01-04,9280.0,441270
2024-01-05,9150.0,441270
2024-01-08,9100.0,441270
2024-01-09,9200.0,441270
2024-01-10,9030.0,441270
2024-01-11,9050.0,441270
2024-01-12,8840.0,441270
2024-01-15,8910.0,441270
2024-01-16,8740.0,441270
2024-01-17,8450.0,441270
2024-01-18,8640.0,441270
2024-01-19,8890.0,441270
2024-01-22,9180.0,441270
2024-01-23,9190.0,441270
2024-01-24,10700.0,441270
2024-01-25,10590.0,441270
2024-01-26,10440.0,441270
2024-01-29,9600.0,441270
2024-01-30,9410.0,441270
2024-01-31,8800.0,441270
2024-02-01,8520.0,441270
2024-02-02,8650.0,441270
2024-02-05,8800.0,441270
2024-02-06,8690.0,441270
2024-02-07,8480.0,441270
2024-02-08,9820.0,441270
2024-02-13,9890.0,441270
2024-02-14,9790.0,441270
2024-02-15,9930.0,441270
2024-02-16,10210.0,441270
2024-02-19,9560.0,441270
2024-02-20,9410.0,441270
2024-02-21,9220.0,441270
2024-02-22,9140.0,441270
2024-02-23,9260.0,441270
2024-02-26,9210.0,441270
2024-02-27,9010.0,441270
2024-02-28,9100.0,441270
2024-02-29,9130.0,441270
2024-03-04,9160.0,441270
2024-03-05,9250.0,441270
2024-03-06,9070.0,441270
2024-03-07,8920.0,441270
2024-03-08,9340.0,441270
2024-03-11,9480.0,441270
2024-03-12,9340.0,441270
2024-03-13,9680.0,441270
2024-03-14,9480.0,441270
2024-03-15,9290.0,441270
2024-03-18,9280.0,441270
2024-03-19,9290.0,441270
2024-03-20,9180.0,441270
2024-03-21,8980.0,441270
2024-03-22,8890.0,441270
2024-03-25,8930.0,441270
2024-03-26,8840.0,441270
2024-03-27,9090.0,441270
2024-03-28,8990.0,441270
2024-03-29,8800.0,441270
2024-04-01,8870.0,441270
2024-04-02,8830.0,441270
2024-04-03,8600.0,441270
2024-04-04,8870.0,441270
2024-04-05,8770.0,441270
2024-04-08,8280.0,441270
2024-04-09,8170.0,441270
2024-04-11,8250.0,441270
2024-04-12,8290.0,441270
2024-04-15,7970.0,441270
2024-04-16,7740.0,441270
2024-04-17,7820.0,441270
2024-04-18,8000.0,441270
2024-04-19,8040.0,441270
2024-04-22,8440.0,441270
2024-04-23,8270.0,441270
2024-04-24,8600.0,441270
2024-04-25,8580.0,441270
2024-04-26,8500.0,441270
2024-04-29,8530.0,441270
2024-04-30,8620.0,441270
2024-05-02,8680.0,441270
2024-05-03,8600.0,441270
2024-05-07,8810.0,441270
2024-05-08,8700.0,441270
2024-05-09,8480.0,441270
2024-05-10,8370.0,441270
2024-05-13,9890.0,441270
2024-05-14,10100.0,441270
2024-05-16,10350.0,441270
2024-05-17,10180.0,441270
2024-05-20,10670.0,441270
2024-05-21,10800.0,441270
2024-05-22,11130.0,441270
2024-05-23,10760.0,441270
2024-05-24,10510.0,441270
2024-05-27,10640.0,441270
2024-05-28,10210.0,441270
2024-05-29,10240.0,441270
2024-05-30,10150.0,441270
2024-05-31,10090.0,441270
2024-06-03,10200.0,441270
2024-06-04,9480.0,441270
2024-06-05,9600.0,441270
2024-06-07,10060.0,441270
2024-06-10,9840.0,441270
2024-06-11,9180.0,441270
2024-06-12,9250.0,441270
2024-06-13,9300.0,441270
2024-06-14,9300.0,441270
2024-06-17,9120.0,441270
2024-06-18,9000.0,441270
2024-06-19,8990.0,441270
2024-06-20,9020.0,441270
2024-06-21,8800.0,441270
2024-06-24,8750.0,441270
2024-06-25,8730.0,441270
2024-06-26,8890.0,441270
2024-06-27,8710.0,441270
2024-06-28,9070.0,441270
2024-07-01,9380.0,441270
2024-07-02,9230.0,441270
2024-07-03,8800.0,441270
2024-07-04,9040.0,441270
2024-07-05,9130.0,441270
2024-07-08,9300.0,441270
2024-07-09,9580.0,441270
2024-07-10,9310.0,441270
2024-07-11,9420.0,441270
2024-07-12,9210.0,441270
2024-07-15,9350.0,441270
2024-07-16,9550.0,441270
2024-07-17,9110.0,441270
2024-07-18,8970.0,441270
2024-07-19,9010.0,441270
2024-07-22,8710.0,441270
2024-07-23,7920.0,441270
2024-07-24,8200.0,441270
2024-07-25,8020.0,441270
2024-07-26,8000.0,441270
2024-07-29,8200.0,441270
2024-07-30,7980.0,441270
2024-07-31,7890.0,441270
2024-08-01,8170.0,441270
2024-08-02,7840.0,441270
2024-08-05,6700.0,441270
2024-08-06,7170.0,441270
2024-08-07,7440.0,441270
2024-08-08,7270.0,441270
2024-08-09,7440.0,441270
2024-08-12,7420.0,441270
2024-08-13,7140.0,441270
2024-08-14,7190.0,441270
2024-08-16,7140.0,441270
2024-08-19,6780.0,441270
2024-08-20,7260.0,441270
2024-08-21,7080.0,441270
2024-08-22,6900.0,441270
2024-08-23,6780.0,441270
2024-08-26,6690.0,441270
2024-08-27,6610.0,441270
2024-08-28,6440.0,441270
2024-08-29,6410.0,441270
2024-08-30,6620.0,441270
2024-09-02,6490.0,441270
2024-09-03,6150.0,441270
2024-09-04,5910.0,441270
2024-09-05,5630.0,441270
2024-09-06,5400.0,441270
2024-09-09,5640.0,441270
2024-09-10,5510.0,441270
2024-09-11,5300.0,441270
2024-09-12,5590.0,441270
2024-09-13,5590.0,441270
2024-09-19,5510.0,441270
2024-09-20,5510.0,441270
2024-09-23,5850.0,441270
2024-09-24,5910.0,441270
2024-09-25,5960.0,441270
2024-09-26,6280.0,441270
2024-09-27,6340.0,441270
2024-09-30,6060.0,441270
2024-10-02,6020.0,441270
2024-10-04,5950.0,441270
2024-10-07,6250.0,441270
2024-10-08,6220.0,441270
2024-10-10,6140.0,441270
2024-10-11,6110.0,441270
2024-10-14,6120.0,441270
2024-10-15,6670.0,441270
2024-10-16,6850.0,441270
2024-10-17,7080.0,441270
2024-10-18,7080.0,441270
2024-10-21,6790.0,441270
2024-10-22,6490.0,441270
2024-10-23,6360.0,441270
2024-10-24,5970.0,441270
2024-10-25,5770.0,441270
2024-10-28,5660.0,441270
2024-10-29,5830.0,441270
2024-10-30,5500.0,441270
2024-10-31,5930.0,441270
2024-11-01,5920.0,441270
2024-11-04,6160.0,441270
2024-11-05,6230.0,441270
2024-11-06,5980.0,441270
2024-11-07,5860.0,441270
2024-11-08,5780.0,441270
2024-11-11,5430.0,441270
2024-11-12,5360.0,441270
2024-11-13,5080.0,441270
2024-11-14,4750.0,441270
2024-11-15,4635.0,441270
2024-11-18,4390.0,441270
2024-11-19,4400.0,441270
2024-11-20,4690.0,441270
2024-11-21,5360.0,441270
2024-11-22,5160.0,441270
2024-11-25,5260.0,441270
2024-11-26,4945.0,441270
2024-11-27,4600.0,441270
2024-11-28,4420.0,441270
2024-11-29,4215.0,441270
2024-12-02,4315.0,441270
2024-12-03,4480.0,441270
2024-12-04,4390.0,441270
2024-12-05,4395.0,441270
2024-12-06,4295.0,441270
2024-12-09,3835.0,441270
2024-12-10,4120.0,441270
2024-12-11,4385.0,441270
2024-12-12,4540.0,441270
2024-12-13,4595.0,441270
2024-12-16,4650.0,441270
2024-12-17,4850.0,441270
2024-12-18,4920.0,441270
2024-12-19,4735.0,441270
2024-12-20,4405.0,441270
2024-12-23,4755.0,441270
2024-12-24,5150.0,441270
2024-12-26,5070.0,441270
2024-12-27,5310.0,441270
2024-12-30,5280.0,441270
2025-01-02,5340.0,441270
2025-01-03,5470.0,441270
2025-01-06,5430.0,441270
2025-01-07,5220.0,441270
2025-01-08,5790.0,441270
2025-01-09,5380.0,441270
2025-01-10,5760.0,441270
2025-01-13,5580.0,441270
2025-01-14,5680.0,441270
2025-01-15,5580.0,441270
2025-01-16,5640.0,441270
2025-01-17,5560.0,441270
2025-01-20,5500.0,441270
2025-01-21,5540.0,441270
2025-01-22,5550.0,441270
2025-01-23,5380.0,441270
2025-01-24,5040.0,441270
2025-01-31,5010.0,441270
2025-02-03,4870.0,441270
2025-02-04,5020.0,441270
2025-02-05,5100.0,441270
2025-02-06,5440.0,441270
2025-02-07,5370.0,441270
2025-02-10,6130.0,441270
2025-02-11,6220.0,441270
2025-02-12,5960.0,441270
2025-02-13,5980.0,441270
2025-02-14,5800.0,441270
2025-02-17,6060.0,441270
2025-02-18,5960.0,441270
2025-02-19,5950.0,441270
2025-02-20,5850.0,441270
2025-02-21,5770.0,441270
2025-02-24,6010.0,441270
2025-02-25,5820.0,441270
2025-02-26,5990.0,441270
2025-02-27,5850.0,441270
2025-02-28,5730.0,441270
2025-03-04,5870.0,441270
2025-03-05,5880.0,441270
2025-03-06,5670.0,441270
2025-03-07,5410.0,441270
2025-03-10,5330.0,441270
2025-03-11,5160.0,441270
2025-03-12,5290.0,441270
2025-03-13,5250.0,441270
2025-03-14,5450.0,441270
2025-03-17,5310.0,441270
2025-03-18,5260.0,441270
2025-03-19,5270.0,441270
2025-03-20,5270.0,441270
2025-03-21,5300.0,441270
2025-03-24,5100.0,441270
2025-03-25,5010.0,441270
2025-03-26,5080.0,441270
2025-03-27,4955.0,441270
2025-03-28,4805.0,441270
2025-03-31,4800.0,441270
2025-04-01,4800.0,441270
2025-04-02,4555.0,441270
2025-04-03,4660.0,441270
2025-04-04,4520.0,441270
2025-04-07,4180.0,441270
2025-04-08,4105.0,441270
2025-04-09,3870.0,441270
2025-04-10,4245.0,441270
2025-04-11,4395.0,441270
2025-04-14,4905.0,441270
2025-04-15,4990.0,441270
2025-04-16,4995.0,441270
2025-04-17,5100.0,441270
2025-04-18,5290.0,441270
2025-04-21,5100.0,441270
2025-04-22,5110.0,441270
2025-04-23,5170.0,441270
2025-04-24,5280.0,441270
2025-04-25,5400.0,441270
2025-04-28,5340.0,441270
2025-04-29,5410.0,441270
2025-04-30,5280.0,441270
2025-05-02,5250.0,441270
2025-05-07,5530.0,441270
2025-05-08,5800.0,441270
2025-05-09,5650.0,441270
2025-05-12,5620.0,441270
2025-05-13,5700.0,441270
2025-05-14,5770.0,441270
2025-05-15,5830.0,441270
2025-05-16,5700.0,441270
2025-05-19,5700.0,441270
2025-05-20,5710.0,441270
2025-05-21,5900.0,441270
2025-05-22,6000.0,441270
2025-05-23,5680.0,441270
2025-05-26,5390.0,441270
2025-05-27,5290.0,441270
2025-05-28,5330.0,441270
2025-05-29,5250.0,441270
2025-05-30,5190.0,441270
2025-06-02,5210.0,441270
2025-06-04,5250.0,441270
2025-06-05,5310.0,441270
2025-06-09,5350.0,441270
2025-06-10,5400.0,441270
2025-06-11,5390.0,441270
2025-06-12,5400.0,441270
2025-06-13,5190.0,441270
2025-06-16,5220.0,441270
2025-06-17,5310.0,441270
2025-06-18,5430.0,441270
2025-06-19,5440.0,441270
2025-06-20,5700.0,441270
2025-06-23,5500.0,441270
2025-06-24,5900.0,441270
2025-06-25,6700.0,441270
2025-06-26,6910.0,441270
2025-06-27,6770.0,441270
2025-06-30,6570.0,441270
2025-07-01,6560.0,441270
2025-07-02,6800.0,441270
2025-07-03,6960.0,441270
2025-07-04,6880.0,441270
2025-07-07,7990.0,441270
2025-07-08,6410.0,441270
2025-07-09,6390.0,441270
2025-07-10,6660.0,441270
2025-07-11,7090.0,441270
2025-07-14,7140.0,441270
2025-07-15,9280.0,441270
2025-07-16,10720.0,441270
2025-07-17,10340.0,441270
2025-07-18,11350.0,441270
2025-07-21,12100.0,441270
2025-07-22,11630.0,441270
2025-07-23,11220.0,441270
2025-07-24,10550.0,441270
2025-07-25,11050.0,441270
2025-07-28,10780.0,441270
2025-07-29,10780.0,441270
2025-07-30,10810.0,441270
2025-07-31,11400.0,441270
2025-08-01,10880.0,441270
2025-08-04,10510.0,441270
2025-08-05,10880.0,441270
2025-08-06,10420.0,441270
2025-08-07,10300.0,441270
2025-08-08,9890.0,441270
2025-08-11,10260.0,441270
2025-08-12,9910.0,441270
2025-08-13,10170.0,441270
2025-08-14,9650.0,441270
2025-08-18,10430.0,441270
2025-08-19,10680.0,441270
2025-08-20,10230.0,441270
2025-08-21,10030.0,441270
2025-08-22,10100.0,441270
2025-08-25,10970.0,441270
2025-08-26,11500.0,441270
2025-08-27,11570.0,441270
2025-08-28,11800.0,441270
2025-08-29,11180.0,441270
2025-09-01,11820.0,441270
2025-09-02,11580.0,441270
2025-09-03,13470.0,441270
2025-09-04,13840.0,441270
2025-09-05,13250.0,441270
2025-09-08,13460.0,441270
2025-09-09,12920.0,441270
2025-09-10,12900.0,441270
2025-09-11,12630.0,441270
2025-09-12,12360.0,441270
2025-09-15,12470.0,441270
2025-09-16,12230.0,441270
2025-09-17,11980.0,441270
2025-09-18,11990.0,441270
2025-09-19,12640.0,441270
2025-09-22,11960.0,441270
2025-09-23,11280.0,441270
2025-09-24,11170.0,441270
2025-09-25,10930.0,441270
2025-09-26,10610.0,441270
2025-09-29,11090.0,441270
2025-09-30,11220.0,441270
2025-10-01,11340.0,441270
2025-10-02,11040.0,441270
2025-10-10,10730.0,441270
2025-10-13,10220.0,441270
2025-10-14,9820.0,441270
2025-10-15,10100.0,441270
2025-10-16,9900.0,441270
2025-10-17,9580.0,441270
2025-10-20,9360.0,441270
2025-10-21,9480.0,441270
2025-10-22,9140.0,441270
2025-10-23,9010.0,441270
2025-10-24,8850.0,441270
2025-10-27,9050.0,441270
2025-10-28,9040.0,441270
2025-10-29,9010.0,441270
2025-10-30,8570.0,441270
2025-10-31,8730.0,441270
2025-11-03,9040.0,441270
2025-11-04,9270.0,441270
2025-11-05,8960.0,441270
2025-11-06,9730.0,441270
2025-11-07,9360.0,441270
2025-11-10,9940.0,441270
2025-11-11,9580.0,441270
2025-11-12,9690.0,441270
2025-11-13,9620.0,441270
2025-11-14,9440.0,441270
2025-11-17,9340.0,441270
2025-11-18,8700.0,441270
2025-11-19,8950.0,441270
2025-11-20,8330.0,441270
2025-11-21,8200.0,441270
2025-11-24,8060.0,441270
2025-11-25,8330.0,441270
2025-11-26,9120.0,441270
2025-11-27,9640.0,441270
2025-11-28,9580.0,441270
2025-12-01,9400.0,441270
2025-12-02,9550.0,441270
2025-12-03,9620.0,441270
2025-12-04,9210.0,441270
2025-12-05,9120.0,441270
2025-12-08,9080.0,441270
2025-12-09,9000.0,441270
2025-12-10,9700.0,441270
2025-12-11,9880.0,441270
2025-12-12,10200.0,441270
2025-12-15,10000.0,441270
2025-12-16,9410.0,441270
2025-12-17,9430.0,441270
2025-12-18,10160.0,441270
2025-12-19,9960.0,441270
2025-12-22,9720.0,441270
2025-12-23,9390.0,441270
2025-12-24,9510.0,441270
2025-12-26,9590.0,441270
2025-12-29,9680.0,441270
2025-12-30,9830.0,441270
2026-01-02,10800.0,441270
2026-01-05,11300.0,441270
2026-01-06,11260.0,441270
2026-01-07,10630.0,441270
2026-01-08,10270.0,441270
2026-01-09,10600.0,441270
2026-01-12,10450.0,441270
2026-01-13,9980.0,441270
2026-01-14,9800.0,441270
2026-01-15,9450.0,441270
2026-01-16,9190.0,441270
2026-01-19,8970.0,441270
2026-01-20,9010.0,441270
2026-01-21,8810.0,441270
2026-01-22,9090.0,441270
2026-01-23,9330.0,441270
2026-01-26,9600.0,441270
2026-01-27,9420.0,441270
2026-01-28,9460.0,441270
2026-01-29,9520.0,441270
2026-01-30,9500.0,441270
2026-02-02,9290.0,441270
2026-02-03,10420.0,441270
2026-02-04,10050.0,441270
2026-02-05,9710.0,441270
2026-02-06,9450.0,441270
2026-02-09,10340.0,441270
2026-02-10,10940.0,441270
2026-02-11,10750.0,441270
2026-02-12,11670.0,441270
2026-02-13,10760.0,441270
2026-02-19,10730.0,441270
2026-02-20,10270.0,441270
2026-02-23,10570.0,441270
2026-02-24,10380.0,441270
2026-02-25,9910.0,441270
2026-02-26,9960.0,441270
2026-02-27,9830.0,441270
2026-03-03,9100.0,441270
2026-03-04,7910.0,441270
2026-03-05,8610.0,441270
2026-03-06,8590.0,441270
2026-03-09,8000.0,441270
2026-03-10,9010.0,441270
2026-03-11,10190.0,441270
2026-03-12,9920.0,441270
2026-03-13,11020.0,441270
2026-03-16,10850.0,441270
2026-03-17,10550.0,441270
2026-03-18,10990.0,441270
2026-03-19,10650.0,441270
2026-03-20,11560.0,441270
2026-03-23,11200.0,441270
2026-03-24,10700.0,441270
2026-03-25,10850.0,441270
2026-03-26,10480.0,441270
2026-03-27,10460.0,441270
2026-03-30,10040.0,441270
2026-03-31,9580.0,441270
2026-04-01,10350.0,441270
2026-04-02,9480.0,441270
2026-04-03,9460.0,441270
2026-04-06,9120.0,441270
2026-04-07,9070.0,441270
2026-04-08,9330.0,441270
2026-04-09,9590.0,441270
2026-04-10,9860.0,441270
2026-04-13,9880.0,441270
2026-04-14,10230.0,441270
2026-04-15,10050.0,441270
2026-04-16,11200.0,441270
2026-04-17,12000.0,441270
2026-04-20,11670.0,441270
2026-04-21,11560.0,441270
2026-04-22,11350.0,441270
2026-04-23,10740.0,441270
2026-04-24,10740.0,441270
2026-04-27,10790.0,441270
2026-04-28,10450.0,441270
2026-04-29,10430.0,441270
2026-04-30,10380.0,441270
2026-05-04,10940.0,441270
2026-05-06,10780.0,441270
2026-05-07,10350.0,441270
2026-05-08,10510.0,441270
2026-05-11,10400.0,441270
2026-05-12,10090.0,441270
2026-05-13,10650.0,441270
2026-05-14,10500.0,441270
2026-05-15,9940.0,441270
2026-05-18,9760.0,441270
2026-05-19,9900.0,441270
2026-05-20,9400.0,441270
2026-05-21,9700.0,441270
2026-05-22,10370.0,441270
2026-05-26,10600.0,441270
2026-05-27,9640.0,441270
2026-05-28,9520.0,441270
2026-05-29,9070.0,441270
2026-06-01,8400.0,441270
2026-06-02,8350.0,441270
2026-06-04,8110.0,441270
2026-06-05,8000.0,441270
2026-06-08,7260.0,441270
2026-06-09,7490.0,441270
2026-06-10,7270.0,441270
2026-06-11,7260.0,441270
2026-06-12,7650.0,441270
2026-06-15,7970.0,441270
2026-06-16,8000.0,441270
2026-06-17,7880.0,441270
2026-06-18,7560.0,441270
2026-06-19,7400.0,441270
2026-06-22,7160.0,441270
2026-06-23,6570.0,441270
2026-06-24,6490.0,441270
2026-06-25,6270.0,441270
2026-06-26,5640.0,441270
2026-06-29,6410.0,441270
2026-06-30,6290.0,441270
2026-07-01,6860.0,441270
2026-07-02,6410.0,441270
2026-07-03,7460.0,441270
2026-07-06,6470.0,441270
2026-07-07,6180.0,441270
2026-07-08,5900.0,441270
2026-07-09,5900.0,441270
2026-07-10,6470.0,441270
2026-07-13,6140.0,441270
2026-07-14,6050.0,441270
2026-07-15,6910.0,441270
2026-07-16,6860.0,441270
2026-07-20,6580.0,441270
2026-07-21,6830.0,441270
2026-07-22,6810.0,441270
2026-07-23,6860.0,441270
2026-07-24,6800.0,441270
2026-07-27,6730.0,441270
2026-07-28,6160.0,441270
2026-07-29,5940.0,441270
2026-07-30,5950.0,441270
2026-07-31,7060.0,441270
2026-08-03,7270.0,441270
2026-08-04,7980.0,441270
2026-08-05,8470.0,441270
2026-08-06,8300.0,441270
2026-08-07,8700.0,441270
2026-08-10,9160.0,441270
2026-08-11,8930.0,441270
2026-08-12,8730.0,441270
2026-08-13,9100.0,441270
2026-08-14,8740.0,441270
2026-08-18,7660.0,441270
2026-08-19,7090.0,441270
2026-08-20,7120.0,441270
2026-08-21,6880.0,441270
2026-08-24,6710.0,441270
2026-08-25,6920.0,441270
2026-08-26,6880.0,441270
2026-08-27,8080.0,441270
2026-08-28,8180.0,441270
2026-08-31,8320.0,441270
