date,foreign_net_value,foreign_ownership_ratio,indiv_net_value,inst_net_value,kospi_close,kospi_market_cap,kospi_trading_value,other_corp_net_value
2020-01-02,,,,,2175.17,1461424793589993.0,4638167.0,
2020-01-03,,,,,2176.46,1462298971774498.0,5763662.0,
2020-01-06,,,,,2155.07,1448385085188395.0,5156540.0,
2020-01-07,,,,,2175.54,1462298814406954.0,5143511.0,
2020-01-08,,,,,2151.31,1446631314388659.0,8750722.0,
2020-01-09,,,,,2186.45,1470805018622162.0,7261591.0,
2020-01-10,,,,,2206.39,1484063380523097.0,6459299.0,
2020-01-13,,,,,2229.26,1499967180669582.0,6214780.0,
2020-01-14,,,,,2238.88,1506534496285997.0,7294227.0,
2020-01-15,,,,,2230.98,1501047629018491.0,5946351.0,
2020-01-16,,,,,2248.05,1513149909207655.0,6204474.0,
2020-01-17,,,,,2250.57,1515299753695611.0,5444383.0,
2020-01-20,,,,,2262.64,1524384083509849.0,5950403.0,
2020-01-21,,,,,2239.69,1508408627687428.0,5569550.0,
2020-01-22,,,,,2267.25,1526798959055386.0,6365617.0,
2020-01-23,,,,,2246.13,1512629061905415.0,6790103.0,
2020-01-28,,,,,2176.72,1466083102897148.0,8818232.0,
2020-01-29,,,,,2185.28,1472171521931855.0,6589949.0,
2020-01-30,,,,,2148.0,1446505817054810.0,7105203.0,
2020-01-31,,,,,2119.01,1427047754939819.0,7226687.0,
2020-02-03,,,,,2118.88,1427133301985757.0,8068704.0,
2020-02-04,,,,,2157.9,1454235584223968.0,7791178.0,
2020-02-05,,,,,2165.63,1460243894885127.0,7736275.0,
2020-02-06,,,,,2227.94,1501460505978003.0,8334737.0,
2020-02-07,,,,,2211.95,1491013321310687.0,8813174.0,
2020-02-10,,,,,2201.07,1483846707096682.0,5471061.0,
2020-02-11,,,,,2223.12,1498338521859173.0,6611195.0,
2020-02-12,,,,,2238.38,1508346241846750.0,6892197.0,
2020-02-13,,,,,2232.96,1505295816622192.0,8121197.0,
2020-02-14,,,,,2243.59,1511254622615908.0,6379565.0,
2020-02-17,,,,,2242.17,1510109679102093.0,5639200.0,
2020-02-18,,,,,2208.88,1487436220977309.0,6411451.0,
2020-02-19,,,,,2210.34,1488454958761049.0,7107033.0,
2020-02-20,,,,,2195.5,1478574047802416.0,7677672.0,
2020-02-21,,,,,2162.84,1456692607497773.0,7105856.0,
2020-02-24,,,,,2079.04,1400516367868853.0,9315474.0,
2020-02-25,,,,,2103.61,1417275415217287.0,8952278.0,
2020-02-26,,,,,2076.77,1398569205665041.0,8060327.0,
2020-02-27,,,,,2054.89,1383776360997792.0,7241174.0,
2020-02-28,,,,,1987.01,1337716963290314.0,9927960.0,
2020-03-02,,,,,2002.51,1348109552183221.0,7811002.0,
2020-03-03,,,,,2014.15,1356176459905865.0,8687846.0,
2020-03-04,,,,,2059.33,1386938608490669.0,7829192.0,
2020-03-05,,,,,2085.26,1404684361584030.0,7954349.0,
2020-03-06,,,,,2040.22,1373917955358746.0,7233537.0,
2020-03-09,,,,,1954.77,1316427699384929.0,8796943.0,
2020-03-10,,,,,1962.93,1321480461086756.0,9133693.0,
2020-03-11,,,,,1908.27,1284895600563685.0,8598096.0,
2020-03-12,,,,,1834.33,1235351151777928.0,11309953.0,
2020-03-13,,,,,1771.44,1193686836834111.0,13376937.0,
2020-03-16,,,,,1714.86,1155216110560059.0,8593833.0,
2020-03-17,,,,,1672.44,1126202983998029.0,9709076.0,
2020-03-18,,,,,1591.2,1071788837300586.0,9576387.0,
2020-03-19,,,,,1457.64,982169749104868.0,11932492.0,
2020-03-20,,,,,1566.15,1054892888467243.0,10632970.0,
2020-03-23,,,,,1482.46,998450497948322.0,9645271.0,
2020-03-24,,,,,1609.97,1083695461251076.0,10481447.0,
2020-03-25,,,,,1704.76,1147712134896263.0,12612287.0,
2020-03-26,,,,,1686.24,1135741554179897.0,12374197.0,
2020-03-27,,,,,1717.73,1156581472275771.0,12851932.0,
2020-03-30,,,,,1717.12,1155630476602887.0,9081049.0,
2020-03-31,,,,,1754.64,1179728722560726.0,13905369.0,
2020-04-01,,,,,1685.46,1133944054487121.0,12110507.0,
2020-04-02,,,,,1724.86,1159987256045893.0,10152244.0,
2020-04-03,,,,,1725.44,1160743273084198.0,10153714.0,
2020-04-06,,,,,1791.88,1205000551883535.0,10957483.0,
2020-04-07,,,,,1823.6,1226518732401875.0,11628935.0,
2020-04-08,,,,,1807.14,1215858624385370.0,11126542.0,
2020-04-09,,,,,1836.21,1235327684208445.0,10517358.0,
2020-04-10,,,,,1860.7,1251445975432980.0,12009988.0,
2020-04-13,,,,,1825.76,1228226157795454.0,9516704.0,
2020-04-14,,,,,1857.08,1248940314010211.0,9995854.0,
2020-04-16,,,,,1857.07,1248881506244681.0,10710793.0,
2020-04-17,,,,,1914.53,1287911930998779.0,14127722.0,
2020-04-20,,,,,1898.36,1276932686171999.0,11915932.0,
2020-04-21,,,,,1879.38,1263694525894965.0,13863164.0,
2020-04-22,,,,,1896.15,1274786181055578.0,9428672.0,
2020-04-23,,,,,1914.73,1287024851033628.0,9124271.0,
2020-04-24,,,,,1889.01,1271159366876740.0,9647344.0,
2020-04-27,,,,,1922.77,1293318256998546.0,8171668.0,
2020-04-28,,,,,1934.09,1300504429056374.0,10375078.0,
2020-04-29,,,,,1947.56,1309179248330950.0,10525128.0,
2020-05-04,,,,,1895.37,1274213042153076.0,10261902.0,
2020-05-06,,,,,1928.76,1296556106111278.0,8550700.0,
2020-05-07,,,,,1928.61,1296095632739743.0,7383335.0,
2020-05-08,,,,,1945.82,1307404235915187.0,7941567.0,
2020-05-11,,,,,1935.4,1300769233598186.0,7752760.0,
2020-05-12,,,,,1922.17,1291568129833589.0,9681896.0,
2020-05-13,,,,,1940.42,1303464008136505.0,9012307.0,
2020-05-14,,,,,1924.96,1292884145462489.0,9469021.0,
2020-05-15,,,,,1927.28,1294619578424819.0,9723312.0,
2020-05-18,,,,,1937.11,1301926005473237.0,9394306.0,
2020-05-19,,,,,1980.61,1331835811527638.0,11918300.0,
2020-05-20,,,,,1989.64,1337699454438994.0,8248632.0,
2020-05-21,,,,,1998.31,1343561077622969.0,8636997.0,
2020-05-22,,,,,1970.13,1324302793166826.0,9509771.0,
2020-05-25,,,,,1994.6,1340826177203951.0,7960324.0,
2020-05-26,,,,,2029.78,1363735033916035.0,12545313.0,
2020-05-27,,,,,2031.2,1364678862910216.0,12635098.0,
2020-05-28,,,,,2028.54,1363293486469432.0,14479213.0,
2020-05-29,,,,,2029.6,1363450451367235.0,14084590.0,
2020-06-01,,,,,2065.08,1387477878880702.0,9839657.0,
2020-06-02,,,,,2087.19,1402057228354535.0,10232916.0,
2020-06-03,,,,,2147.0,1442871666450862.0,16998832.0,
2020-06-04,,,,,2151.18,1446260119584246.0,16034002.0,
2020-06-05,,,,,2181.87,1466769477352700.0,12778905.0,
2020-06-08,,,,,2184.29,1468714983884430.0,13145519.0,
2020-06-09,,,,,2188.92,1472051666137017.0,14689860.0,
2020-06-10,,,,,2195.69,1476712867540628.0,12888183.0,
2020-06-11,,,,,2176.78,1464392589642064.0,16987057.0,
2020-06-12,,,,,2132.3,1434087757539005.0,14960780.0,
2020-06-15,,,,,2030.82,1366175254025951.0,18242464.0,
2020-06-16,,,,,2138.05,1437701364296343.0,13837056.0,
2020-06-17,,,,,2141.05,1440025501583959.0,15458440.0,
2020-06-18,,,,,2133.48,1435518023343328.0,11089871.0,
2020-06-19,,,,,2141.32,1441080602939928.0,12300498.0,
2020-06-22,,,,,2126.73,1430718937268391.0,10098315.0,
2020-06-23,,,,,2131.24,1433435233461333.0,13496081.0,
2020-06-24,,,,,2161.51,1453951200553877.0,13324797.0,
2020-06-25,,,,,2112.37,1420866478316469.0,10692627.0,
2020-06-26,,,,,2134.65,1436168481341002.0,9821159.0,
2020-06-29,,,,,2093.48,1408463551776580.0,9025867.0,
2020-06-30,,,,,2108.33,1418860741475329.0,11699082.0,
2020-07-01,,,,,2106.7,1417280238019280.0,10232631.0,
2020-07-02,,,,,2135.37,1445664482444930.0,10745168.0,
2020-07-03,,,,,2152.41,1456812255014887.0,8649543.0,
2020-07-06,,,,,2187.93,1480948171498278.0,11656294.0,
2020-07-07,,,,,2164.17,1465179698333403.0,14858393.0,
2020-07-08,,,,,2158.88,1460994855195639.0,11567569.0,
2020-07-09,,,,,2167.9,1467208749209185.0,12029949.0,
2020-07-10,,,,,2150.25,1455781560911370.0,12048058.0,
2020-07-13,,,,,2186.06,1479593285922319.0,10462265.0,
2020-07-14,,,,,2183.61,1477856002350806.0,11633360.0,
2020-07-15,,,,,2201.88,1490240355001560.0,13641396.0,
2020-07-16,,,,,2183.76,1478307592869367.0,11304254.0,
2020-07-17,,,,,2201.19,1490180654286876.0,10191102.0,
2020-07-20,,,,,2198.2,1488358383872006.0,12025004.0,
2020-07-21,,,,,2228.83,1509515194204624.0,15759332.0,
2020-07-22,,,,,2228.66,1509717832642203.0,15651892.0,
2020-07-23,,,,,2216.19,1501425781726753.0,16328982.0,
2020-07-24,,,,,2200.44,1490986231772619.0,17156946.0,
2020-07-27,,,,,2217.86,1502710705541910.0,14256877.0,
2020-07-28,,,,,2256.99,1530086533583406.0,17516981.0,
2020-07-29,,,,,2263.16,1536196696120976.0,15500571.0,
2020-07-30,,,,,2267.01,1539287192950517.0,13550209.0,
2020-07-31,,,,,2249.37,1526798727989548.0,13002293.0,
2020-08-03,,,,,2251.04,1528025690762966.0,13612906.0,
2020-08-04,,,,,2279.97,1548269501517691.0,15287235.0,
2020-08-05,,,,,2311.86,1569777969023678.0,17883091.0,
2020-08-06,,,,,2342.61,1590672220686184.0,17831685.0,
2020-08-07,,,,,2351.67,1598022872221562.0,17585764.0,
2020-08-10,,,,,2386.38,1621675150702310.0,19511321.0,
2020-08-11,,,,,2418.67,1643244636026510.0,19680402.0,
2020-08-12,,,,,2432.35,1652303924857376.0,16680055.0,
2020-08-13,,,,,2437.53,1656293275231288.0,18250022.0,
2020-08-14,,,,,2407.49,1636857790126833.0,16595686.0,
2020-08-18,,,,,2348.24,1596724896699329.0,17572479.0,
2020-08-19,,,,,2360.54,1604983684782229.0,12367503.0,
2020-08-20,,,,,2274.22,1546235567296680.0,17101785.0,
2020-08-21,,,,,2304.59,1566780398603402.0,14111672.0,
2020-08-24,,,,,2329.83,1583436465121661.0,11654192.0,
2020-08-25,,,,,2366.73,1608120252926561.0,13567979.0,
2020-08-26,,,,,2369.32,1610120509376745.0,14435847.0,
2020-08-27,,,,,2344.45,1593246017303196.0,15184934.0,
2020-08-28,,,,,2353.8,1599550088938588.0,15539938.0,
2020-08-31,,,,,2326.17,1581099787409825.0,19494383.0,
2020-09-01,,,,,2349.55,1596297722994903.0,16664315.0,
2020-09-02,,,,,2364.37,1605940739103531.0,15793103.0,
2020-09-03,,,,,2395.9,1627702404391316.0,17420976.0,
2020-09-04,,,,,2368.25,1609097990279875.0,19692978.0,
2020-09-07,,,,,2384.22,1620531147584954.0,17183375.0,
2020-09-08,,,,,2401.91,1633223139885418.0,17297863.0,
2020-09-09,,,,,2375.81,1615470588593288.0,15502530.0,
2020-09-10,,,,,2396.48,1630210829012952.0,15782939.0,
2020-09-11,,,,,2396.69,1630532301019895.0,12068892.0,
2020-09-14,,,,,2427.91,1652166907017391.0,12021767.0,
2020-09-15,,,,,2443.58,1662644696534407.0,11840594.0,
2020-09-16,,,,,2435.92,1657263234612989.0,11855356.0,
2020-09-17,,,,,2406.17,1636916706307134.0,14235035.0,
2020-09-18,,,,,2412.4,1640898100271018.0,13965196.0,
2020-09-21,,,,,2389.39,1625769302772281.0,14215076.0,
2020-09-22,,,,,2332.59,1587733595560952.0,17896725.0,
2020-09-23,,,,,2333.24,1587924102514894.0,13562935.0,
2020-09-24,,,,,2272.7,1547321102894255.0,12469005.0,
2020-09-25,,,,,2278.79,1551915293505294.0,10181604.0,
2020-09-28,,,,,2308.08,1571128314429551.0,8971171.0,
2020-09-29,,,,,2327.89,1584465079441896.0,9487146.0,
2020-10-05,,,,,2358.0,1604627371598546.0,10682774.0,
2020-10-06,,,,,2365.9,1609944298087034.0,11131424.0,
2020-10-07,,,,,2386.94,1624292281536511.0,8971100.0,
2020-10-08,,,,,2391.96,1628133500468590.0,12530442.0,
2020-10-12,,,,,2403.73,1636302268568863.0,10693282.0,
2020-10-13,,,,,2403.15,1636705769564671.0,10203177.0,
2020-10-14,,,,,2380.48,1621936204288970.0,11018495.0,
2020-10-15,,,,,2361.21,1617478082483597.0,13029475.0,
2020-10-16,,,,,2341.53,1604041752351323.0,11141460.0,
2020-10-19,,,,,2346.74,1607299315745084.0,10490729.0,
2020-10-20,,,,,2358.41,1616230745099862.0,11833547.0,
2020-10-21,,,,,2370.86,1624489276959617.0,9864097.0,
2020-10-22,,,,,2355.05,1614311508932465.0,9774988.0,
2020-10-23,,,,,2360.81,1618108162219142.0,10724121.0,
2020-10-26,,,,,2343.91,1607185398283116.0,11654273.0,
2020-10-27,,,,,2330.84,1598388909961950.0,11269186.0,
2020-10-28,,,,,2345.26,1607471156017429.0,8941027.0,
2020-10-29,,,,,2326.67,1594058108729745.0,10357788.0,
2020-10-30,,,,,2267.15,1553004436321479.0,11782117.0,
2020-11-02,,,,,2300.16,1575793149855746.0,8514452.0,
2020-11-03,,,,,2343.31,1605475497111717.0,10874229.0,
2020-11-04,,,,,2357.32,1614836760091792.0,14835038.0,
2020-11-05,,,,,2413.79,1653392888446002.0,12578752.0,
2020-11-06,,,,,2416.5,1655495906955745.0,12579332.0,
2020-11-09,,,,,2447.2,1676944568916187.0,14847225.0,
2020-11-10,,,,,2452.83,1681030953363295.0,17981336.0,
2020-11-11,,,,,2485.87,1703946066895422.0,18307325.0,
2020-11-12,,,,,2475.62,1698329618456244.0,16420009.0,
2020-11-13,,,,,2493.87,1710439788437341.0,17043855.0,
2020-11-16,,,,,2543.03,1744282188041007.0,19088399.0,
2020-11-17,,,,,2539.15,1742186196159940.0,17795513.0,
2020-11-18,,,,,2545.64,1746416815167178.0,13554047.0,
2020-11-19,,,,,2547.42,1747598155153766.0,12515007.0,
2020-11-20,,,,,2553.5,1752065079766571.0,12266185.0,
2020-11-23,,,,,2602.59,1786992047787319.0,15763526.0,
2020-11-24,,,,,2617.76,1797825354983515.0,16886574.0,
2020-11-25,,,,,2601.54,1786075295495671.0,21795847.0,
2020-11-26,,,,,2625.91,1803103424613782.0,12714565.0,
2020-11-27,,,,,2633.45,1808171429285452.8,12641691.0,
2020-11-30,,,,,2591.34,1779635399547144.0,21231831.0,
2020-12-01,,,,,2634.25,1809494578238152.8,15947293.0,
2020-12-02,,,,,2675.9,1838364843453852.0,17506705.0,
2020-12-03,,,,,2696.22,1852628727864506.0,15605053.0,
2020-12-04,,,,,2731.45,1877444703497804.8,19875836.0,
2020-12-07,,,,,2745.44,1888221381669924.8,17933011.0,
2020-12-08,,,,,2700.93,1857599327331940.0,17157198.0,
2020-12-09,,,,,2755.47,1894556865472972.0,17007606.0,
2020-12-10,,,,,2746.46,1889374447167520.8,20630646.0,
2020-12-11,,,,,2770.06,1906299604955606.0,18329100.0,
2020-12-14,,,,,2762.2,1901627365336434.0,17012253.0,
2020-12-15,,,,,2756.82,1897677116864840.8,15537969.0,
2020-12-16,,,,,2771.79,1907811219051220.0,13649676.0,
2020-12-17,,,,,2770.43,1906419279762760.0,16275328.0,
2020-12-18,,,,,2772.18,1907350242179315.2,19166224.0,
2020-12-21,,,,,2778.65,1911737300659012.8,18972230.0,
2020-12-22,,,,,2733.68,1881809988083712.8,19881377.0,
2020-12-23,,,,,2759.82,1901461519264268.8,20281217.0,
2020-12-24,,,,,2806.86,1936826862099535.2,19984695.0,
2020-12-28,,,,,2808.6,1938374378317299.2,24197780.0,
2020-12-29,,,,,2820.51,1944111085790440.0,19299049.0,
2020-12-30,,,,,2873.47,1980543161609060.8,17928854.0,
2021-01-04,,,,,2944.45,2028846031822322.0,25011393.0,
2021-01-05,,,,,2990.57,2059743507955076.0,26548380.0,
2021-01-06,,,,,2968.21,2044102754101964.8,29909396.0,
2021-01-07,,,,,3031.68,2086578562420456.8,27182807.0,
2021-01-08,,,,,3152.18,2170537648432200.0,40909490.0,
2021-01-11,,,,,3148.45,2171629411681152.0,44433772.0,
2021-01-12,,,,,3125.95,2155702540092842.0,31407397.0,
2021-01-13,,,,,3148.29,2169378970346016.8,24725590.0,
2021-01-14,,,,,3149.93,2170678334111478.0,24122956.0,
2021-01-15,,,,,3085.9,2127886649457744.0,23162291.0,
2021-01-18,,,,,3013.93,2077227073333738.0,23186884.0,
2021-01-19,,,,,3092.66,2131564250218192.8,24190452.0,
2021-01-20,,,,,3114.55,2146526770490918.0,24628056.0,
2021-01-21,,,,,3160.84,2179020942615826.0,25279964.0,
2021-01-22,,,,,3140.63,2165993242815528.8,24305355.0,
2021-01-25,,,,,3208.99,2212081518869122.0,21172002.0,
2021-01-26,,,,,3140.31,2165657736775636.8,21874953.0,
2021-01-27,,,,,3122.56,2152860459848356.0,20147107.0,
2021-01-28,,,,,3069.05,2115667110355292.0,23007882.0,
2021-01-29,,,,,2976.21,2051302353271175.2,24350307.0,
2021-02-01,,,,,3056.53,2104888954816738.0,20724667.0,
2021-02-02,,,,,3096.81,2134009403459454.0,19143871.0,
2021-02-03,,,,,3129.68,2158359679083774.0,22427782.0,
2021-02-04,,,,,3087.55,2130412928710911.2,20648472.0,
2021-02-05,,,,,3120.63,2154425469151224.8,19789811.0,
2021-02-08,,,,,3091.24,2132984548746042.0,19312219.0,
2021-02-09,,,,,3084.67,2129174907762155.2,18389342.0,
2021-02-10,,,,,3100.58,2140181514038552.8,18333691.0,
2021-02-15,,,,,3147.0,2172563782469364.8,16944151.0,
2021-02-16,,,,,3163.25,2184114152468824.8,17171320.0,
2021-02-17,,,,,3133.73,2162973198427128.8,16846120.0,
2021-02-18,,,,,3086.66,2130240935938040.8,18141179.0,
2021-02-19,,,,,3107.62,2145756604250516.8,19720469.0,
2021-02-22,,,,,3079.75,2126152211329052.0,18224657.0,
2021-02-23,,,,,3070.09,2118916098492828.0,17661157.0,
2021-02-24,,,,,2994.98,2067821071640024.8,21519850.0,
2021-02-25,,,,,3099.69,2139066412507336.8,17213950.0,
2021-02-26,,,,,3012.95,2079822287070835.2,21504876.0,
2021-03-02,,,,,3043.87,2100892199621892.8,18852145.0,
2021-03-03,,,,,3082.99,2127504522315287.2,14714276.0,
2021-03-04,,,,,3043.49,2100388462377852.8,17149583.0,
2021-03-05,,,,,3026.26,2089548989257272.0,16767185.0,
2021-03-08,,,,,2996.11,2069285179140615.2,15786853.0,
2021-03-09,,,,,2976.12,2056078962922379.2,18419498.0,
2021-03-10,,,,,2958.12,2043540145851599.2,13586638.0,
2021-03-11,,,,,3013.7,2081131559971260.0,16024119.0,
2021-03-12,,,,,3054.39,2108739011909016.8,13112978.0,
2021-03-15,,,,,3045.71,2103490189792940.8,12580943.0,
2021-03-16,,,,,3067.17,2118221347601128.0,12930136.0,
2021-03-17,,,,,3047.5,2104611972192955.2,13933301.0,
2021-03-18,,,,,3066.01,2131746121858928.0,15133171.0,
2021-03-19,,,,,3039.53,2113198643275980.0,16337600.0,
2021-03-22,,,,,3035.46,2111019308765515.2,13348889.0,
2021-03-23,,,,,3004.74,2090378385217372.0,16167128.0,
2021-03-24,,,,,2996.35,2088782704503124.0,13400024.0,
2021-03-25,,,,,3008.33,2097224018661288.0,13434687.0,
2021-03-26,,,,,3041.01,2119963830368040.0,15837825.0,
2021-03-29,,,,,3036.04,2116791654414624.8,16736098.0,
2021-03-30,,,,,3070.0,2139668811269600.0,14149217.0,
2021-03-31,,,,,3061.42,2133373184071420.0,14537437.0,
2021-04-01,,,,,3087.4,2151569268949112.8,14035773.0,
2021-04-02,,,,,3112.8,2169819699262115.2,13442350.0,
2021-04-05,,,,,3120.83,2175988044851232.0,13010540.0,
2021-04-06,,,,,3127.08,2180839058094976.8,13676601.0,
2021-04-07,,,,,3137.41,2187857005749112.8,14490176.0,
2021-04-08,,,,,3143.26,2190897559366098.0,17080031.0,
2021-04-09,,,,,3131.88,2183407707650182.0,15093694.0,
2021-04-12,,,,,3135.59,2186336551999583.2,13288261.0,
2021-04-13,,,,,3169.08,2209344454288867.2,16363773.0,
2021-04-14,,,,,3182.38,2219837253267234.0,15552014.0,
2021-04-15,,,,,3194.33,2227893248796766.0,17671286.0,
2021-04-16,,,,,3198.62,2230863450838991.2,15542110.0,
2021-04-19,,,,,3198.84,2231246757792884.0,15378168.0,
2021-04-20,,,,,3220.7,2246496867121595.2,14508206.0,
2021-04-21,,,,,3171.66,2212715485501855.2,16916024.0,
2021-04-22,,,,,3177.52,2217699634428376.0,14862861.0,
2021-04-23,,,,,3186.1,2223584747475283.2,15653205.0,
2021-04-26,,,,,3217.53,2244296747569999.2,15753767.0,
2021-04-27,,,,,3215.42,2242791905590759.2,17177221.0,
2021-04-28,,,,,3181.47,2219525997361583.2,18379828.0,
2021-04-29,,,,,3174.07,2214470771412016.8,19126666.0,
2021-04-30,,,,,3147.86,2196644814285860.0,19207526.0,
2021-05-03,,,,,3127.2,2183279571124176.0,16975830.0,
2021-05-04,,,,,3147.37,2197169421502548.0,15962437.0,
2021-05-06,,,,,3178.74,2218596988562242.0,16626445.0,
2021-05-07,,,,,3197.2,2231754453117400.0,15206303.0,
2021-05-10,,,,,3249.3,2267392610116002.0,17187181.0,
2021-05-11,,,,,3209.43,2250813285698176.8,21883489.0,
2021-05-12,,,,,3161.66,2217704460453976.0,22458066.0,
2021-05-13,,,,,3122.11,2187284901026347.2,21059803.0,
2021-05-14,,,,,3153.32,2209898269932238.0,14493543.0,
2021-05-17,,,,,3134.52,2197146070810276.8,14552523.0,
2021-05-18,,,,,3173.05,2223050433761388.8,13898610.0,
2021-05-20,,,,,3162.28,2215262488943068.0,13719656.0,
2021-05-21,,,,,3156.42,2211878673922714.0,14789457.0,
2021-05-24,,,,,3144.3,2203296528265226.0,11604047.0,
2021-05-25,,,,,3171.32,2222161157628694.0,11728027.0,
2021-05-26,,,,,3168.43,2220195701874650.0,13173015.0,
2021-05-27,,,,,3165.51,2213264037358092.8,20682335.0,
2021-05-28,,,,,3188.73,2229262136164056.8,13533299.0,
2021-05-31,,,,,3203.92,2240204442357739.2,14017446.0,
2021-06-01,,,,,3221.87,2252414411981180.0,15270803.0,
2021-06-02,,,,,3224.23,2253801396792756.0,17740841.0,
2021-06-03,,,,,3247.43,2271047146370102.0,16890461.0,
2021-06-04,,,,,3240.08,2266301575442776.0,16051031.0,
2021-06-07,,,,,3252.12,2274803755886820.0,19023221.0,
2021-06-08,,,,,3247.83,2271737873708297.0,19352173.0,
2021-06-09,,,,,3216.18,2250239307892508.8,17164709.0,
2021-06-10,,,,,3224.64,2255706784028795.0,19170539.0,
2021-06-11,,,,,3249.32,2272865086057899.0,17956256.0,
2021-06-14,,,,,3252.13,2274655820005211.0,15262485.0,
2021-06-15,,,,,3258.63,2279093890070678.0,14838275.0,
2021-06-16,,,,,3278.68,2293095236719969.0,16297981.0,
2021-06-17,,,,,3264.96,2283628537465567.0,14672132.0,
2021-06-18,,,,,3267.93,2285587401970588.0,17492731.0,
2021-06-21,,,,,3240.79,2266650210510417.0,17291259.0,
2021-06-22,,,,,3263.88,2283310826631788.0,15512033.0,
2021-06-23,,,,,3276.19,2292900832121707.0,17865268.0,
2021-06-24,,,,,3286.1,2300141383127961.0,21426510.0,
2021-06-25,,,,,3302.84,2312030311092176.0,18618608.0,
2021-06-28,,,,,3301.89,2311642030646070.0,13796055.0,
2021-06-29,,,,,3286.68,2300482290686251.0,15509502.0,
2021-06-30,,,,,3296.68,2307579219297640.0,15646662.0,
2021-07-01,,,,,3282.06,2297428890483759.0,16075974.0,
2021-07-02,,,,,3281.78,2296886523040171.0,15437887.0,
2021-07-05,,,,,3293.21,2305240405381368.0,14529926.0,
2021-07-06,,,,,3305.21,2314417369845986.0,14686383.0,
2021-07-07,,,,,3285.34,2300642185602643.0,14507060.0,
2021-07-08,,,,,3252.68,2277841603600861.0,16870624.0,
2021-07-09,,,,,3217.95,2253697507876528.0,16473105.0,
2021-07-12,,,,,3246.47,2273494421274092.0,11280079.0,
2021-07-13,,,,,3271.38,2290584923288806.0,13494445.0,
2021-07-14,,,,,3264.81,2286388813170516.0,12993100.0,
2021-07-15,,,,,3286.22,2301050677859845.0,13683900.0,
2021-07-16,,,,,3276.91,2304505794912590.0,14781318.0,
2021-07-19,,,,,3244.04,2281788152500030.0,12855281.0,
2021-07-20,,,,,3232.7,2273800449712422.0,15292372.0,
2021-07-21,,,,,3215.91,2262423629944087.0,14864747.0,
2021-07-22,,,,,3250.21,2286455396722820.0,13039249.0,
2021-07-23,,,,,3254.42,2288976880025907.0,13209383.0,
2021-07-26,,,,,3224.95,2268644077336709.0,12212490.0,
2021-07-27,,,,,3232.53,2273599243456935.0,12348469.0,
2021-07-28,,,,,3236.86,2276373997484781.0,11979296.0,
2021-07-29,,,,,3242.65,2280494338742598.0,10491306.0,
2021-07-30,,,,,3202.32,2252545492371046.0,12808243.0,
2021-08-02,,,,,3223.04,2267461202539862.0,10237986.0,
2021-08-03,,,,,3237.14,2278025799127965.0,12491381.0,
2021-08-04,,,,,3280.38,2308134804816621.0,12357119.0,
2021-08-05,,,,,3276.13,2305637212303987.0,11877709.0,
2021-08-06,,,,,3270.36,2334628994435797.0,15455403.0,
2021-08-09,,,,,3260.42,2329309985095962.0,15732538.0,
2021-08-10,,,,,3243.19,2339206516232064.0,21657925.0,
2021-08-11,,,,,3220.62,2322607459499686.0,19193401.0,
2021-08-12,,,,,3208.38,2313093348371439.0,20403905.0,
2021-08-13,,,,,3171.29,2285376012401448.0,20201969.0,
2021-08-17,,,,,3143.09,2265401557347119.0,22241588.0,
2021-08-18,,,,,3158.93,2276820395047858.0,16752626.0,
2021-08-19,,,,,3097.83,2235216707932198.0,17170843.0,
2021-08-20,,,,,3060.51,2209662899424604.0,16450579.0,
2021-08-23,,,,,3090.21,2230738568501348.8,13424032.0,
2021-08-24,,,,,3138.3,2266706991674068.0,14946073.0,
2021-08-25,,,,,3146.81,2272311234888854.0,13365595.0,
2021-08-26,,,,,3128.53,2259280093653567.0,13335287.0,
2021-08-27,,,,,3133.9,2262422711844216.0,11039934.0,
2021-08-30,,,,,3144.19,2269580865742036.0,11758710.0,
2021-08-31,,,,,3199.27,2309062612929983.0,15863630.0,
2021-09-01,,,,,3207.02,2317655771978632.0,13537907.0,
2021-09-02,,,,,3175.85,2297103341723483.0,15378375.0,
2021-09-03,,,,,3201.06,2315800431016042.0,13110992.0,
2021-09-06,,,,,3203.33,2318348873606184.0,12313477.0,
2021-09-07,,,,,3187.42,2306637033277544.0,11943337.0,
2021-09-08,,,,,3162.99,2290248707246099.0,17302711.0,
2021-09-09,,,,,3114.7,2256111111642365.0,17787104.0,
2021-09-10,,,,,3125.76,2262866816661640.0,13566490.0,
2021-09-13,,,,,3127.86,2264159333328919.0,13505433.0,
2021-09-14,,,,,3148.83,2280258288758879.0,15787292.0,
2021-09-15,,,,,3153.4,2284157740769828.0,12162693.0,
2021-09-16,,,,,3130.09,2267220040394942.0,12259518.0,
2021-09-17,,,,,3140.51,2284484860912835.0,14937657.0,
2021-09-23,,,,,3127.58,2275325269712385.0,14009138.0,
2021-09-24,,,,,3125.24,2273591460336983.0,12558236.0,
2021-09-27,,,,,3133.64,2279894817910380.0,12266966.0,
2021-09-28,,,,,3097.92,2254315886464543.0,14658731.0,
2021-09-29,,,,,3060.27,2226722696682184.8,15137007.0,
2021-09-30,,,,,3068.82,2231957338378780.0,14942853.0,
2021-10-01,,,,,3019.18,2195489101771914.0,12944006.0,
2021-10-05,,,,,2962.17,2153672546490338.0,15315537.0,
2021-10-06,,,,,2908.31,2114932681003112.8,15668592.0,
2021-10-07,,,,,2959.46,2151410767360808.8,11906736.0,
2021-10-08,,,,,2956.3,2150115811292972.8,12634091.0,
2021-10-12,,,,,2916.38,2120560982087748.8,12767649.0,
2021-10-13,,,,,2944.41,2141374217004803.2,12294514.0,
2021-10-14,,,,,2988.64,2172764571489626.0,12064564.0,
2021-10-15,,,,,3015.06,2192125724879263.2,12540973.0,
2021-10-18,,,,,3006.68,2186010001816396.8,10649948.0,
2021-10-19,,,,,3029.04,2202301797123014.0,10112026.0,
2021-10-20,,,,,3013.13,2191094043358948.0,11178213.0,
2021-10-21,,,,,3007.33,2185679891266018.0,10572398.0,
2021-10-22,,,,,3006.16,2184542201010108.0,9047262.0,
2021-10-25,,,,,3020.54,2194484567353427.2,10489293.0,
2021-10-26,,,,,3049.08,2215757779840432.8,9512681.0,
2021-10-27,,,,,3025.49,2198753266106800.8,10220672.0,
2021-10-28,,,,,3009.55,2188063339084740.0,12367618.0,
2021-10-29,,,,,2970.68,2159375927406380.0,11035682.0,
2021-11-01,,,,,2978.94,2166070209519304.8,9410799.0,
2021-11-02,,,,,3013.49,2191376531144535.2,9662968.0,
2021-11-03,,,,,2975.71,2189540503438220.8,12438267.0,
2021-11-04,,,,,2983.22,2195428830265028.8,14658519.0,
2021-11-05,,,,,2969.27,2185189385744004.0,12669722.0,
2021-11-08,,,,,2960.2,2178020380431059.2,10388089.0,
2021-11-09,,,,,2962.46,2180787959345307.2,9684977.0,
2021-11-10,,,,,2930.17,2157022729552783.2,9663221.0,
2021-11-11,,,,,2924.92,2153082343088190.0,13468395.0,
2021-11-12,,,,,2968.8,2185439467790075.2,12472956.0,
2021-11-15,,,,,2999.52,2207950545172823.2,11402053.0,
2021-11-16,,,,,2997.21,2208638226067564.0,11101212.0,
2021-11-17,,,,,2962.42,2183852304105739.2,10661680.0,
2021-11-18,,,,,2947.38,2173103104811822.0,10119317.0,
2021-11-19,,,,,2971.02,2192237374729624.0,11002168.0,
2021-11-22,,,,,3013.25,2225325424858351.2,12945532.0,
2021-11-23,,,,,2997.33,2213806547623648.8,10830503.0,
2021-11-24,,,,,2994.29,2210804289074574.0,10963458.0,
2021-11-25,,,,,2980.27,2199950623164320.8,9401090.0,
2021-11-26,,,,,2936.44,2167444597231403.2,11901297.0,
2021-11-29,,,,,2909.32,2148359052554220.0,13092783.0,
2021-11-30,,,,,2839.01,2095821072303232.8,19852270.0,
2021-12-01,,,,,2899.72,2143338151523723.2,12534484.0,
2021-12-02,,,,,2945.27,2176914270109684.0,11918441.0,
2021-12-03,,,,,2968.33,2192835466339470.0,10344372.0,
2021-12-06,,,,,2973.25,2197379063665010.0,9657402.0,
2021-12-07,,,,,2991.72,2211216990567170.0,10215647.0,
2021-12-08,,,,,3001.8,2218153437117398.0,11115220.0,
2021-12-09,,,,,3029.57,2238777012136812.0,12614031.0,
2021-12-10,,,,,3010.23,2225643249770856.0,8434890.0,
2021-12-13,,,,,3001.66,2219441356915143.2,8629448.0,
2021-12-14,,,,,2987.95,2209778033875156.8,9856789.0,
2021-12-15,,,,,2989.39,2210896374852491.2,8253059.0,
2021-12-16,,,,,3006.41,2223256395913792.0,8524314.0,
2021-12-17,,,,,3017.73,2231055479151032.8,11650002.0,
2021-12-20,,,,,2963.0,2191456183748063.2,8621305.0,
2021-12-21,,,,,2975.03,2200896109564335.2,9108501.0,
2021-12-22,,,,,2984.48,2208300470743887.2,8835649.0,
2021-12-23,,,,,2998.17,2218653456865532.0,9319626.0,
2021-12-24,,,,,3012.43,2230019405753960.8,8583472.0,
2021-12-27,,,,,2999.55,2221527069263787.2,8280394.0,
2021-12-28,,,,,3020.24,2237623537207572.0,12096893.0,
2021-12-29,,,,,2993.29,2215462631908994.0,10908667.0,
2021-12-30,,,,,2977.65,2203366545861792.0,8727458.0,
2022-01-03,,,,,2988.77,2211373367405162.0,8193887.0,
2022-01-04,,,,,2989.24,2212087919930192.8,9991473.0,
2022-01-05,,,,,2953.97,2186715367040906.0,15428422.0,
2022-01-06,,,,,2920.53,2162437324139180.0,13297135.0,
2022-01-07,,,,,2954.89,2187560533655431.2,10582421.0,
2022-01-10,,,,,2926.72,2166763874659560.8,10397827.0,
2022-01-11,,,,,2927.38,2168032047197388.0,10646541.0,
2022-01-12,,,,,2972.48,2200967250234564.8,10895354.0,
2022-01-13,,,,,2962.09,2193799600084399.2,11458978.0,
2022-01-14,,,,,2921.92,2164996762680052.0,10799738.0,
2022-01-17,,,,,2890.1,2141590250888778.0,10396512.0,
2022-01-18,,,,,2864.24,2121897005983564.8,10040965.0,
2022-01-19,,,,,2842.28,2105223650395608.8,9649066.0,
2022-01-20,,,,,2862.68,2119405877913356.0,8872018.0,
2022-01-21,,,,,2834.29,2098926813130747.2,10718107.0,
2022-01-24,,,,,2792.0,2068283398049318.0,9304491.0,
2022-01-25,,,,,2720.39,2016270363983016.8,11700945.0,
2022-01-26,,,,,2709.24,2007683221764372.8,8978726.0,
2022-01-27,,,,,2614.49,2056788548809842.0,20548835.0,
2022-01-28,,,,,2663.34,2094859102056596.8,13753057.0,
2022-02-03,,,,,2707.82,2129673299167339.2,12472536.0,
2022-02-04,,,,,2750.26,2162189762255563.2,11393256.0,
2022-02-07,,,,,2745.06,2157575112311000.8,11291947.0,
2022-02-08,,,,,2746.47,2158494533769066.0,11785877.0,
2022-02-09,,,,,2768.85,2176095837885618.0,10337571.0,
2022-02-10,,,,,2771.93,2179937246898060.0,12776154.0,
2022-02-11,,,,,2747.71,2161381267104131.2,10992603.0,
2022-02-14,,,,,2704.48,2126853150258932.0,11579386.0,
2022-02-15,,,,,2676.54,2104887624455163.2,9435833.0,
2022-02-16,,,,,2729.68,2146197286328092.8,8389883.0,
2022-02-17,,,,,2744.09,2157575548333267.2,11812904.0,
2022-02-18,,,,,2744.52,2157425759339174.0,8508342.0,
2022-02-21,,,,,2743.8,2156626849427472.0,7896733.0,
2022-02-22,,,,,2706.79,2127945075614036.8,10590490.0,
2022-02-23,,,,,2719.53,2137367310079115.2,9138533.0,
2022-02-24,,,,,2648.8,2082126695008451.2,13586138.0,
2022-02-25,,,,,2676.76,2103963329468180.8,12221012.0,
2022-02-28,,,,,2699.18,2120187753790735.2,12894247.0,
2022-03-02,,,,,2703.52,2123032519762488.0,10996672.0,
2022-03-03,,,,,2747.08,2156827001822798.0,10592861.0,
2022-03-04,,,,,2713.43,2132467179182464.0,12427423.0,
2022-03-07,,,,,2651.31,2083197353454298.0,12089299.0,
2022-03-08,,,,,2622.4,2060695939934308.0,11679452.0,
2022-03-10,,,,,2680.32,2105097713891886.0,13694703.0,
2022-03-11,,,,,2661.28,2090547969326350.0,12363206.0,
2022-03-14,,,,,2645.65,2078071440843771.2,12037826.0,
2022-03-15,,,,,2621.53,2059389989838311.2,9583002.0,
2022-03-16,,,,,2659.23,2088519367582144.8,9310850.0,
2022-03-17,,,,,2694.51,2116541926948248.0,11900904.0,
2022-03-18,,,,,2707.02,2125657537077496.0,11442603.0,
2022-03-21,,,,,2686.05,2109394247134395.2,8693849.0,
2022-03-22,,,,,2710.0,2127002889531032.8,9367506.0,
2022-03-23,,,,,2735.05,2146408436495134.0,11838671.0,
2022-03-24,,,,,2729.66,2142618010591244.8,13177858.0,
2022-03-25,,,,,2729.98,2143377809045015.2,10824995.0,
2022-03-28,,,,,2729.56,2143333163570399.2,9801744.0,
2022-03-29,,,,,2741.07,2152615774344990.0,10020299.0,
2022-03-30,,,,,2746.74,2156901356214342.0,11099514.0,
2022-03-31,,,,,2757.65,2164962823835124.8,9729367.0,
2022-04-01,,,,,2739.85,2151279537772232.8,10689584.0,
2022-04-04,,,,,2757.9,2164964281624620.0,9744917.0,
2022-04-05,,,,,2759.2,2165864596150540.8,9933180.0,
2022-04-06,,,,,2735.03,2147029118770552.0,11014544.0,
2022-04-07,,,,,2695.86,2116922778652258.0,12291042.0,
2022-04-08,,,,,2700.39,2119201356321410.0,10296234.0,
2022-04-11,,,,,2693.1,2113756558191032.0,8831630.0,
2022-04-12,,,,,2666.76,2092582276727403.2,9853720.0,
2022-04-13,,,,,2716.49,2131314721277679.2,9645445.0,
2022-04-14,,,,,2716.71,2130735885151352.0,11419812.0,
2022-04-15,,,,,2696.06,2114429291228787.2,9570267.0,
2022-04-18,,,,,2693.21,2112795552269402.0,9050332.0,
2022-04-19,,,,,2718.89,2133070295974238.0,9779975.0,
2022-04-20,,,,,2718.69,2132905874908170.0,12283912.0,
2022-04-21,,,,,2728.21,2140416800601660.8,11482591.0,
2022-04-22,,,,,2704.71,2122781766112951.2,12120588.0,
2022-04-25,,,,,2657.13,2085607418867234.0,11698115.0,
2022-04-26,,,,,2668.31,2093885341172675.2,10807853.0,
2022-04-27,,,,,2639.06,2070445707797211.2,12558710.0,
2022-04-28,,,,,2667.49,2097782079596384.8,12463396.0,
2022-04-29,,,,,2695.05,2119864985287662.0,12664752.0,
2022-05-02,,,,,2687.45,2114441739696343.2,9075648.0,
2022-05-03,,,,,2680.46,2109346130641559.2,9199338.0,
2022-05-04,,,,,2677.57,2107550082906536.0,9903933.0,
2022-05-06,,,,,2644.51,2081320428498684.8,10595418.0,
2022-05-09,,,,,2610.81,2055162928601455.2,9289660.0,
2022-05-10,,,,,2596.56,2043673172912280.8,10842463.0,
2022-05-11,,,,,2592.27,2040258394405099.2,8608259.0,
2022-05-12,,,,,2550.08,2007195727129312.8,12167915.0,
2022-05-13,,,,,2604.24,2049292684237124.8,10342060.0,
2022-05-16,,,,,2596.58,2043528753449264.0,8528536.0,
2022-05-17,,,,,2620.44,2062679874226356.8,9658877.0,
2022-05-18,,,,,2625.98,2067575121982239.2,10047167.0,
2022-05-19,,,,,2592.34,2041376481460926.0,9883989.0,
2022-05-20,,,,,2639.29,2077558135734500.0,9634339.0,
2022-05-23,,,,,2647.38,2083210177353740.8,7815203.0,
2022-05-24,,,,,2605.87,2050778684655991.2,8703525.0,
2022-05-25,,,,,2617.22,2059889815729458.0,8353418.0,
2022-05-26,,,,,2612.45,2056303508275262.0,8613523.0,
2022-05-27,,,,,2638.05,2076115880771690.0,8028158.0,
2022-05-30,,,,,2669.66,2101290667111063.2,7473951.0,
2022-05-31,,,,,2685.9,2113784328537123.2,13970895.0,
2022-06-02,,,,,2658.99,2092789270563648.8,7860485.0,
2022-06-03,,,,,2670.65,2101703361724826.0,7566757.0,
2022-06-07,,,,,2626.34,2067165430942135.2,8948923.0,
2022-06-08,,,,,2626.15,2066742737105468.8,7964335.0,
2022-06-09,,,,,2625.44,2066451297057888.0,10857975.0,
2022-06-10,,,,,2595.87,2043213222024130.0,8285964.0,
2022-06-13,,,,,2504.51,1972203677735303.2,10335873.0,
2022-06-14,,,,,2492.97,1962993357171067.2,9992819.0,
2022-06-15,,,,,2447.38,1926857817400711.2,9936928.0,
2022-06-16,,,,,2451.41,1931070977616452.0,9588186.0,
2022-06-17,,,,,2440.93,1921148559919856.0,11201571.0,
2022-06-20,,,,,2391.03,1881482847958622.0,9092289.0,
2022-06-21,,,,,2408.93,1894965517033471.2,7440755.0,
2022-06-22,,,,,2342.81,1843888861974790.0,8690134.0,
2022-06-23,,,,,2314.32,1821183820152396.0,10212365.0,
2022-06-24,,,,,2366.6,1862320799525167.2,8469155.0,
2022-06-27,,,,,2401.92,1890525944714878.0,7656358.0,
2022-06-28,,,,,2422.09,1906214561249120.8,7193433.0,
2022-06-29,,,,,2377.99,1871275785944460.0,7965810.0,
2022-06-30,,,,,2332.64,1835493487294140.0,8923480.0,
2022-07-01,,,,,2305.42,1814290027911482.0,8687669.0,
2022-07-04,,,,,2300.34,1810669975467947.2,7339364.0,
2022-07-05,,,,,2341.78,1842519184614780.0,6890579.0,
2022-07-06,,,,,2292.01,1804225454331244.8,8919471.0,
2022-07-07,,,,,2334.27,1837885177758676.0,7652635.0,
2022-07-08,,,,,2350.61,1850893574322830.0,7008117.0,
2022-07-11,,,,,2340.27,1843259953057436.8,6301233.0,
2022-07-12,,,,,2317.76,1824994120120650.0,6369257.0,
2022-07-13,,,,,2328.61,1832979141831764.8,5998501.0,
2022-07-14,,,,,2322.32,1829593431864512.0,6539856.0,
2022-07-15,,,,,2330.98,1837255296447759.2,7383211.0,
2022-07-18,,,,,2375.25,1873107660090224.8,7104661.0,
2022-07-19,,,,,2370.97,1869397059664922.0,6556190.0,
2022-07-20,,,,,2386.85,1881643042748411.2,7434803.0,
2022-07-21,,,,,2409.16,1899062118323927.2,6309070.0,
2022-07-22,,,,,2393.14,1886496918197095.2,6973850.0,
2022-07-25,,,,,2403.69,1894263511279219.2,5959859.0,
2022-07-26,,,,,2412.96,1901214430487026.0,6240741.0,
2022-07-27,,,,,2415.53,1903522364034007.2,7049802.0,
2022-07-28,,,,,2435.27,1919419876553480.8,9196434.0,
2022-07-29,,,,,2451.5,1931903737357024.8,10256338.0,
2022-08-01,,,,,2452.25,1932452046409936.0,7509597.0,
2022-08-02,,,,,2439.62,1922819213953983.2,7266264.0,
2022-08-03,,,,,2461.45,1939571960420947.2,6751538.0,
2022-08-04,,,,,2473.11,1948549233283342.0,7506315.0,
2022-08-05,,,,,2490.8,1962992757832162.0,7561092.0,
2022-08-08,,,,,2493.1,1964010918476120.0,7613758.0,
2022-08-09,,,,,2503.46,1971839855165800.0,8940803.0,
2022-08-10,,,,,2480.88,1953610456318536.0,9029482.0,
2022-08-11,,,,,2523.78,1986815488633416.0,9710839.0,
2022-08-12,,,,,2527.94,1990518587977843.2,8028576.0,
2022-08-16,,,,,2533.52,1995548135068567.2,8064107.0,
2022-08-17,,,,,2516.47,1982238266258542.0,7153680.0,
2022-08-18,,,,,2508.05,1976095948344075.2,7105984.0,
2022-08-19,,,,,2492.69,1963842895285751.2,7138647.0,
2022-08-22,,,,,2462.5,1940547399248450.0,6108018.0,
2022-08-23,,,,,2435.34,1919622194463391.2,7560708.0,
2022-08-24,,,,,2447.45,1928432688428128.0,8119783.0,
2022-08-25,,,,,2477.26,1951737898290960.8,7286329.0,
2022-08-26,,,,,2481.03,1955296364048495.2,8628665.0,
2022-08-29,,,,,2426.89,1913225190390959.2,7891467.0,
2022-08-30,,,,,2450.93,1932045596372975.2,6826615.0,
2022-08-31,,,,,2472.05,1948130001179758.0,9562592.0,
2022-09-01,,,,,2415.61,1904334718445548.8,8452317.0,
2022-09-02,,,,,2409.41,1899054382872987.2,7214619.0,
2022-09-05,,,,,2403.68,1893408647987571.2,6277833.0,
2022-09-06,,,,,2410.02,1898174385827712.8,5476236.0,
2022-09-07,,,,,2376.46,1872365971054935.2,7530889.0,
2022-09-08,,,,,2384.28,1879133852167728.0,9208735.0,
2022-09-13,,,,,2449.54,1930515174838395.2,9165153.0,
2022-09-14,,,,,2411.42,1900212542914100.0,7625505.0,
2022-09-15,,,,,2401.83,1892386624724827.2,7432763.0,
2022-09-16,,,,,2382.78,1877514132114876.0,8690463.0,
2022-09-19,,,,,2355.66,1856704765996991.2,6885918.0,
2022-09-20,,,,,2367.85,1865526657055415.2,7013236.0,
2022-09-21,,,,,2347.21,1849097413146355.2,6269073.0,
2022-09-22,,,,,2332.31,1837164889827236.0,7413267.0,
2022-09-23,,,,,2290.0,1804499959619003.2,7416795.0,
2022-09-26,,,,,2220.94,1750077523563214.0,9461817.0,
2022-09-27,,,,,2223.86,1752262100804213.0,8005556.0,
2022-09-28,,,,,2169.29,1709335980404834.0,9208349.0,
2022-09-29,,,,,2170.93,1710780971078342.0,7240707.0,
2022-09-30,,,,,2155.49,1698450563093902.0,7923750.0,
2022-10-04,,,,,2209.38,1741825454562391.0,7500281.0,
2022-10-05,,,,,2215.22,1747613733710207.0,9509079.0,
2022-10-06,,,,,2237.86,1765200352212336.0,6850065.0,
2022-10-07,,,,,2232.84,1761987170795059.0,7831443.0,
2022-10-11,,,,,2192.07,1729423094606371.0,7867859.0,
2022-10-12,,,,,2202.47,1737572148230686.0,7409130.0,
2022-10-13,,,,,2162.87,1707061504353616.0,7169779.0,
2022-10-14,,,,,2212.55,1745972217446313.0,7161818.0,
2022-10-17,,,,,2219.71,1752293076152610.0,6526810.0,
2022-10-18,,,,,2249.95,1775708705627780.0,7249919.0,
2022-10-19,,,,,2237.44,1765921332647701.0,7738879.0,
2022-10-20,,,,,2218.09,1751305187782541.0,8325030.0,
2022-10-21,,,,,2213.12,1747594294440067.0,6228174.0,
2022-10-24,,,,,2236.16,1765515578068974.0,6846985.0,
2022-10-25,,,,,2235.07,1765049717542871.0,7030016.0,
2022-10-26,,,,,2249.56,1776494530682277.0,7492742.0,
2022-10-27,,,,,2288.78,1806510988109388.0,8435336.0,
2022-10-28,,,,,2268.4,1789451213963740.0,8289370.0,
2022-10-31,,,,,2293.61,1810255609225880.0,8679296.0,
2022-11-01,,,,,2335.22,1842767622771327.2,9476615.0,
2022-11-02,,,,,2336.87,1844237342130276.8,9568100.0,
2022-11-03,,,,,2329.17,1838688384000327.2,9273251.0,
2022-11-04,,,,,2348.43,1853798828434407.2,7927339.0,
2022-11-07,,,,,2371.79,1872576585237971.2,8059881.0,
2022-11-08,,,,,2399.04,1894800321379919.2,8601453.0,
2022-11-09,,,,,2424.41,1915468946843984.8,9342671.0,
2022-11-10,,,,,2402.23,1897654097331496.8,9344425.0,
2022-11-11,,,,,2483.16,1960950352852828.0,13917647.0,
2022-11-14,,,,,2474.65,1954401824877020.0,11216385.0,
2022-11-15,,,,,2480.33,1959323044758419.2,9308852.0,
2022-11-16,,,,,2477.45,1959009890979868.8,9880428.0,
2022-11-17,,,,,2442.9,1931710185304086.0,8556988.0,
2022-11-18,,,,,2444.48,1932865880577499.2,7444437.0,
2022-11-21,,,,,2419.5,1912994304976186.0,7049427.0,
2022-11-22,,,,,2405.27,1901129947451712.8,7253675.0,
2022-11-23,,,,,2418.01,1911397948867668.8,7477108.0,
2022-11-24,,,,,2441.33,1929930652968710.0,6849558.0,
2022-11-25,,,,,2437.86,1926846986556735.2,6347578.0,
2022-11-28,,,,,2408.27,1903723176182007.2,6462501.0,
2022-11-29,,,,,2433.39,1923006247934228.8,6533346.0,
2022-11-30,,,,,2472.53,1953840810263050.0,12469429.0,
2022-12-01,,,,,2479.84,1959622742842372.8,8850099.0,
2022-12-02,,,,,2434.33,1924204751365239.2,7328393.0,
2022-12-05,,,,,2419.32,1911915922637855.2,7717406.0,
2022-12-06,,,,,2393.16,1891336961499674.0,6477022.0,
2022-12-07,,,,,2382.81,1882795765140146.0,6080662.0,
2022-12-08,,,,,2371.08,1873438918318868.8,7552996.0,
2022-12-09,,,,,2389.04,1888379555760614.0,7220197.0,
2022-12-12,,,,,2373.02,1875700660827307.2,5822259.0,
2022-12-13,,,,,2372.4,1874838727660788.0,6659361.0,
2022-12-14,,,,,2399.25,1895655040773680.8,5724107.0,
2022-12-15,,,,,2360.97,1865842784271843.2,6134217.0,
2022-12-16,,,,,2360.02,1865107455187511.2,7206180.0,
2022-12-19,,,,,2352.17,1859031540760755.2,5018051.0,
2022-12-20,,,,,2333.29,1844296008436715.2,5335838.0,
2022-12-21,,,,,2328.95,1840550908652687.2,5102489.0,
2022-12-22,,,,,2356.73,1863411614401840.0,9460858.0,
2022-12-23,,,,,2313.69,1829395536163727.2,5935798.0,
2022-12-26,,,,,2317.14,1831727639591539.2,5205750.0,
2022-12-27,,,,,2332.79,1844141209320556.8,7126994.0,
2022-12-28,,,,,2280.45,1801877942940295.2,7566892.0,
2022-12-29,,,,,2236.4,1767235220931085.0,6036542.0,
2023-01-02,,,,,2225.67,1759241799519040.0,5200137.0,
2023-01-03,,,,,2218.68,1753771077018843.0,6149082.0,
2023-01-04,,,,,2255.98,1783808765569816.0,6487597.0,
2023-01-05,,,,,2264.65,1791816776272757.0,7521178.0,
2023-01-06,,,,,2289.97,1811418923114710.0,6764112.0,
2023-01-09,,,,,2350.19,1858632832938702.0,7028980.0,
2023-01-10,,,,,2351.31,1859599298527136.8,6702908.0,
2023-01-11,,,,,2359.53,1865737441088174.0,6297145.0,
2023-01-12,,,,,2365.1,1870238983001540.8,7837776.0,
2023-01-13,,,,,2386.09,1886570606528872.0,6976741.0,
2023-01-16,,,,,2399.86,1897375181962087.2,6532806.0,
2023-01-17,,,,,2379.39,1881433258560147.2,6314017.0,
2023-01-18,,,,,2368.32,1872694001860234.0,5498577.0,
2023-01-19,,,,,2380.34,1882551676807928.8,5448179.0,
2023-01-20,,,,,2395.26,1895790658564122.0,5025541.0,
2023-01-25,,,,,2428.57,1922275331006548.8,6665406.0,
2023-01-26,,,,,2468.65,1953918425527295.2,8206399.0,
2023-01-27,,,,,2484.02,1966558578500388.8,9092447.0,
2023-01-30,,,,,2450.47,1940151030295828.0,9220413.0,
2023-01-31,,,,,2425.08,1918934214743307.2,10394784.0,
2023-02-01,,,,,2449.8,1938780673481178.0,8596021.0,
2023-02-02,,,,,2468.88,1953996214062839.2,9121678.0,
2023-02-03,,,,,2480.4,1963172031301668.8,8027061.0,
2023-02-06,,,,,2438.19,1929318577658651.2,7671311.0,
2023-02-07,,,,,2451.71,1939610902822855.2,7594011.0,
2023-02-08,,,,,2483.64,1965482079981468.0,8001678.0,
2023-02-09,,,,,2481.52,1963858470722852.0,8986377.0,
2023-02-10,,,,,2469.73,1954699936947872.0,8402619.0,
2023-02-13,,,,,2452.7,1942812751685928.8,7371041.0,
2023-02-14,,,,,2465.64,1953249936043947.2,6738874.0,
2023-02-15,,,,,2427.9,1923761984206842.0,8758718.0,
2023-02-16,,,,,2475.48,1961021978369659.2,9170363.0,
2023-02-17,,,,,2451.21,1941744158386502.0,8364504.0,
2023-02-20,,,,,2455.12,1944743466978690.0,7535474.0,
2023-02-21,,,,,2458.96,1943888913979410.0,7333623.0,
2023-02-22,,,,,2417.68,1911701229124747.2,8386250.0,
2023-02-23,,,,,2439.09,1928501536241600.0,7451977.0,
2023-02-24,,,,,2423.61,1915633306309892.8,6991100.0,
2023-02-27,,,,,2402.64,1898711780871791.2,6598230.0,
2023-02-28,,,,,2412.85,1906496015272827.2,9274200.0,
2023-03-02,,,,,2427.85,1918505110373528.8,9660274.0,
2023-03-03,,,,,2432.07,1921472037049278.0,7845380.0,
2023-03-06,,,,,2462.62,1945884266663628.0,9781226.0,
2023-03-07,,,,,2463.35,1945941991553062.0,10732466.0,
2023-03-08,,,,,2431.91,1922025068502531.2,9967055.0,
2023-03-09,,,,,2419.09,1911583468201648.0,10357639.0,
2023-03-10,,,,,2394.59,1892450859293944.0,7875520.0,
2023-03-13,,,,,2410.6,1904640758031550.0,7702302.0,
2023-03-14,,,,,2348.97,1856250945275278.0,7794604.0,
2023-03-15,,,,,2379.72,1880140744498524.0,7591756.0,
2023-03-16,,,,,2377.91,1878507613036092.0,7865787.0,
2023-03-17,,,,,2395.69,1893380948607248.8,8617060.0,
2023-03-20,,,,,2379.2,1879711532221878.0,6072911.0,
2023-03-21,,,,,2388.35,1886502691939232.0,7269040.0,
2023-03-22,,,,,2416.96,1908726634719028.0,7890323.0,
2023-03-23,,,,,2424.48,1914529715835900.0,10367437.0,
2023-03-24,,,,,2414.96,1907314609899919.2,9248184.0,
2023-03-27,,,,,2409.22,1902810299354672.0,8534650.0,
2023-03-28,,,,,2434.94,1923151536114984.8,8812618.0,
2023-03-29,,,,,2443.92,1930378482206591.2,8829889.0,
2023-03-30,,,,,2453.16,1937575538312040.8,10846640.0,
2023-03-31,,,,,2476.86,1957926358388616.0,12903370.0,
2023-04-03,,,,,2472.34,1954443677108912.8,11300346.0,
2023-04-04,,,,,2480.51,1960644519068079.2,13496867.0,
2023-04-05,,,,,2495.21,1972182473615840.8,9811877.0,
2023-04-06,,,,,2459.23,1943849428822128.8,11332653.0,
2023-04-07,,,,,2490.41,1969009466863068.8,11250171.0,
2023-04-10,,,,,2512.08,1986876446769952.8,13539855.0,
2023-04-11,,,,,2547.86,2014288065974223.2,14050595.0,
2023-04-12,,,,,2550.64,2016495718468032.8,14426259.0,
2023-04-13,,,,,2561.66,2024512511224487.2,11996436.0,
2023-04-14,,,,,2571.49,2032335488318426.0,13088201.0,
2023-04-17,,,,,2575.91,2036226925706043.2,12793678.0,
2023-04-18,,,,,2571.09,2032968741986688.0,14106396.0,
2023-04-19,,,,,2575.08,2036483235961876.8,12750865.0,
2023-04-20,,,,,2563.11,2026470351235575.2,12415524.0,
2023-04-21,,,,,2544.4,2012374091597670.0,12614673.0,
2023-04-24,,,,,2523.5,1996621732458124.8,11589467.0,
2023-04-25,,,,,2489.02,1967147727128900.0,13681150.0,
2023-04-26,,,,,2484.83,1964553908314712.0,12397514.0,
2023-04-27,,,,,2495.81,1974101089770740.8,11142115.0,
2023-04-28,,,,,2501.53,1979839469128982.0,14024831.0,
2023-05-02,,,,,2524.39,1997496492608915.2,9942387.0,
2023-05-03,,,,,2501.4,1979410344840207.2,9865861.0,
2023-05-04,,,,,2500.94,1978572080421787.2,10020006.0,
2023-05-08,,,,,2513.21,1989045053273087.2,9213044.0,
2023-05-09,,,,,2510.06,1986578323550486.0,9351367.0,
2023-05-10,,,,,2496.51,1976264332781152.0,8906697.0,
2023-05-11,,,,,2491.0,1971727644861108.8,9002407.0,
2023-05-12,,,,,2475.42,1959471273376324.0,8589238.0,
2023-05-15,,,,,2479.35,1962067053701407.2,6920285.0,
2023-05-16,,,,,2480.24,1963631010474388.8,8086956.0,
2023-05-17,,,,,2494.66,1975030171147455.2,7218306.0,
2023-05-18,,,,,2515.4,1992171060284570.0,7782864.0,
2023-05-19,,,,,2537.79,2010735982943882.0,9199949.0,
2023-05-22,,,,,2557.08,2025540376904414.0,8214575.0,
2023-05-23,,,,,2567.55,2033435645642930.0,7443353.0,
2023-05-24,,,,,2567.45,2032739545215492.8,7900596.0,
2023-05-25,,,,,2554.69,2022841850227514.0,9416539.0,
2023-05-26,,,,,2558.81,2027393063603788.0,9401899.0,
2023-05-30,,,,,2585.52,2048101558653343.2,11066254.0,
2023-05-31,,,,,2577.12,2039961429934852.0,15135111.0,
2023-06-01,,,,,2569.17,2034185276404731.2,9168502.0,
2023-06-02,,,,,2601.36,2059938045733047.2,9383535.0,
2023-06-05,,,,,2615.41,2070761231989574.0,8566307.0,
2023-06-07,,,,,2615.6,2070757365300596.0,10152915.0,
2023-06-08,,,,,2610.85,2067265951520122.0,11473710.0,
2023-06-09,,,,,2641.16,2091571202657558.0,11128065.0,
2023-06-12,,,,,2629.35,2082259638214132.0,9365137.0,
2023-06-13,,,,,2637.95,2092104300796508.0,11153307.0,
2023-06-14,,,,,2619.08,2077106421774783.2,13100475.0,
2023-06-15,,,,,2608.54,2068930296159040.0,11513807.0,
2023-06-16,,,,,2625.79,2083070962834296.8,12620602.0,
2023-06-19,,,,,2609.5,2069459013219872.8,11096633.0,
2023-06-20,,,,,2604.91,2066709392982495.2,10880372.0,
2023-06-21,,,,,2582.63,2049490170676983.2,10654263.0,
2023-06-22,,,,,2593.7,2058310973700555.2,8937920.0,
2023-06-23,,,,,2570.1,2039950788327824.8,8548517.0,
2023-06-26,,,,,2582.2,2050227831614436.0,8437663.0,
2023-06-27,,,,,2581.39,2049390122781708.8,8592192.0,
2023-06-28,,,,,2564.19,2036006512301900.8,8814329.0,
2023-06-29,,,,,2550.02,2024884368206492.8,8824942.0,
2023-06-30,,,,,2564.28,2035090950255639.2,8209121.0,
2023-07-03,,,,,2602.47,2065043586311662.0,8973590.0,
2023-07-04,,,,,2593.31,2057900764652467.2,9160796.0,
2023-07-05,,,,,2579.0,2046820450881864.8,10257664.0,
2023-07-06,,,,,2556.29,2028715707609856.8,10291029.0,
2023-07-07,,,,,2526.71,2005107083038451.2,10367353.0,
2023-07-10,,,,,2520.7,2000075614664244.0,9698696.0,
2023-07-11,,,,,2562.49,2033589693802315.2,10596471.0,
2023-07-12,,,,,2574.72,2043134138621224.8,13229938.0,
2023-07-13,,,,,2591.23,2056144809692996.8,13258010.0,
2023-07-14,,,,,2628.3,2085155474574010.0,14285300.0,
2023-07-17,,,,,2619.0,2077680979796136.8,11732182.0,
2023-07-18,,,,,2607.62,2068793755872192.8,12003817.0,
2023-07-19,,,,,2608.24,2069336033687290.0,11231686.0,
2023-07-20,,,,,2600.23,2063004507308507.2,9473224.0,
2023-07-21,,,,,2609.76,2069758933412275.2,12258800.0,
2023-07-24,,,,,2628.53,2083819624716787.2,19050421.0,
2023-07-25,,,,,2636.46,2090016052441822.0,19204605.0,
2023-07-26,,,,,2592.36,2054936941256622.0,36348206.0,
2023-07-27,,,,,2603.81,2064695783012002.0,24076449.0,
2023-07-28,,,,,2608.32,2068133763181406.0,16807324.0,
2023-07-31,,,,,2632.58,2085912205406964.8,15688014.0,
2023-08-01,,,,,2667.07,2113135323242811.2,15851941.0,
2023-08-02,,,,,2616.47,2073668620072458.0,16001904.0,
2023-08-03,,,,,2605.39,2064281827431858.0,14921529.0,
2023-08-04,,,,,2602.8,2061747668228012.8,10971353.0,
2023-08-07,,,,,2580.71,2044894112432768.0,11894471.0,
2023-08-08,,,,,2573.98,2039632194238016.8,12435382.0,
2023-08-09,,,,,2605.12,2064557282952060.0,10326262.0,
2023-08-10,,,,,2601.56,2061336432491364.0,11349005.0,
2023-08-11,,,,,2591.26,2053371190885500.8,10513466.0,
2023-08-14,,,,,2570.87,2037188539913534.0,9995329.0,
2023-08-16,,,,,2525.64,2001820771407344.0,12025529.0,
2023-08-17,,,,,2519.85,1997270646126948.0,10727642.0,
2023-08-18,,,,,2504.5,1985148457311986.0,10776836.0,
2023-08-21,,,,,2508.8,1988814382258267.2,8524818.0,
2023-08-22,,,,,2515.74,1994100740867846.0,9270272.0,
2023-08-23,,,,,2505.5,1986575329001002.0,8577994.0,
2023-08-24,,,,,2537.68,2012082432960052.0,10099466.0,
2023-08-25,,,,,2519.14,1997701491140052.0,8302851.0,
2023-08-28,,,,,2543.41,2015825900484564.0,8221906.0,
2023-08-29,,,,,2552.16,2022518944004772.8,8275017.0,
2023-08-30,,,,,2561.22,2029672344990078.0,7765445.0,
2023-08-31,,,,,2556.27,2025220695461871.2,11334961.0,
2023-09-01,,,,,2563.71,2033321986422776.0,10029746.0,
2023-09-04,,,,,2584.55,2050034095713728.0,8699609.0,
2023-09-05,,,,,2582.18,2048141824784019.2,7590069.0,
2023-09-06,,,,,2563.34,2033216059472071.2,7626693.0,
2023-09-07,,,,,2548.26,2021630331132979.2,8325827.0,
2023-09-08,,,,,2547.68,2020844443791382.0,7718993.0,
2023-09-11,,,,,2556.88,2027845902421820.0,8340733.0,
2023-09-12,,,,,2536.58,2012514265092078.0,8927207.0,
2023-09-13,,,,,2534.7,2011458185180640.0,9270999.0,
2023-09-14,,,,,2572.89,2041171663656079.2,9577503.0,
2023-09-15,,,,,2601.28,2063455243040380.8,11995227.0,
2023-09-18,,,,,2574.72,2042003996189398.0,8772091.0,
2023-09-19,,,,,2559.21,2030125918133751.2,7827325.0,
2023-09-20,,,,,2559.74,2030281560024884.8,7571716.0,
2023-09-21,,,,,2514.97,1995558490661582.0,7803097.0,
2023-09-22,,,,,2508.13,1988872132588095.2,7063028.0,
2023-09-25,,,,,2495.76,1979048154958762.0,7459545.0,
2023-09-26,,,,,2462.97,1953462572892867.2,7060837.0,
2023-09-27,,,,,2465.07,1955817974945696.8,6761281.0,
2023-10-04,,,,,2405.69,1909055583650352.8,10244656.0,
2023-10-05,,,,,2403.6,1912222092363540.0,9141361.0,
2023-10-06,,,,,2408.73,1916147548142908.8,6522751.0,
2023-10-10,,,,,2402.58,1912039050695451.2,9505946.0,
2023-10-11,,,,,2450.08,1949663797057904.8,9140843.0,
2023-10-12,,,,,2479.82,1973336798717055.2,8929118.0,
2023-10-13,,,,,2456.15,1955250761144788.0,7164460.0,
2023-10-16,,,,,2436.24,1939007776711860.0,8393100.0,
2023-10-17,,,,,2460.17,1958109580200440.8,7711250.0,
2023-10-18,,,,,2462.6,1960050710811028.0,8897571.0,
2023-10-19,,,,,2415.8,1923750595952743.2,9054474.0,
2023-10-20,,,,,2375.0,1892280648037690.0,9295958.0,
2023-10-23,,,,,2357.02,1877779359812775.2,7117567.0,
2023-10-24,,,,,2383.51,1898106189983308.8,7949285.0,
2023-10-25,,,,,2363.17,1882419020271508.0,7832203.0,
2023-10-26,,,,,2299.08,1832032727433878.0,9251519.0,
2023-10-27,,,,,2302.81,1834541640781010.0,8009948.0,
2023-10-30,,,,,2310.55,1840684678719156.0,6954633.0,
2023-10-31,,,,,2277.99,1815424104493218.0,8233073.0,
2023-11-01,,,,,2301.56,1835317635644088.0,6739278.0,
2023-11-02,,,,,2343.12,1868116867300456.0,7679305.0,
2023-11-03,,,,,2368.34,1887967827119667.2,8040958.0,
2023-11-06,,,,,2502.37,1991919718242366.0,15225480.0,
2023-11-07,,,,,2443.96,1947075246916667.2,12086570.0,
2023-11-08,,,,,2421.62,1929362639610315.2,7667332.0,
2023-11-09,,,,,2427.08,1933622735939370.0,7288448.0,
2023-11-10,,,,,2409.66,1923177297058820.0,5825602.0,
2023-11-13,,,,,2403.76,1918619318859372.8,5934173.0,
2023-11-14,,,,,2433.25,1942197247569900.8,6382101.0,
2023-11-15,,,,,2486.67,1984033040962156.0,9328219.0,
2023-11-16,,,,,2488.18,1985488314205202.0,6806414.0,
2023-11-17,,,,,2469.85,1974347791077874.0,8129523.0,
2023-11-20,,,,,2491.2,1990537959330634.0,6586445.0,
2023-11-21,,,,,2510.42,2005723541732152.0,7713377.0,
2023-11-22,,,,,2511.7,2006109849579440.8,7755316.0,
2023-11-23,,,,,2514.96,2009135899576999.2,6577868.0,
2023-11-24,,,,,2496.63,1995161445843404.0,6537961.0,
2023-11-27,,,,,2495.66,1994294784796634.0,8376476.0,
2023-11-28,,,,,2521.76,2017729235777968.8,8753424.0,
2023-11-29,,,,,2519.81,2015729696100694.0,9428200.0,
2023-11-30,,,,,2535.29,2027777361360739.2,11992488.0,
2023-12-01,,,,,2505.01,2004297452965198.0,8837750.0,
2023-12-04,,,,,2514.95,2012605764241432.0,8772367.0,
2023-12-05,,,,,2494.28,1995841254871312.0,8300522.0,
2023-12-06,,,,,2495.38,1996748972275816.8,7685320.0,
2023-12-07,,,,,2492.07,1993881026629664.8,8127636.0,
2023-12-08,,,,,2517.85,2014785074596234.0,7916793.0,
2023-12-11,,,,,2525.36,2021014751891688.8,8260508.0,
2023-12-12,,,,,2535.27,2029469553428360.0,7732530.0,
2023-12-13,,,,,2510.66,2010099879260123.2,7513617.0,
2023-12-14,,,,,2544.18,2036471107001660.0,12960671.0,
2023-12-15,,,,,2563.56,2052134143905219.2,12873295.0,
2023-12-18,,,,,2566.86,2053934297383476.0,10181568.0,
2023-12-19,,,,,2568.55,2054764998811186.0,8418111.0,
2023-12-20,,,,,2614.3,2091168204270216.0,11202543.0,
2023-12-21,,,,,2600.02,2080482827882262.0,9467809.0,
2023-12-22,,,,,2599.51,2082855844704432.0,8848288.0,
2023-12-26,,,,,2602.59,2085608165140366.0,9582766.0,
2023-12-27,,,,,2613.5,2093997127111758.0,10359764.0,
2023-12-28,,,,,2655.28,2126372515851046.0,9418930.0,
2024-01-02,,,,,2669.81,2147223894556880.8,9628190.0,
2024-01-03,,,,,2607.31,2096573473823720.8,10121578.0,
2024-01-04,,,,,2587.02,2081862659594752.0,8992274.0,
2024-01-05,,,,,2578.08,2075148802709824.0,8384473.0,
2024-01-08,,,,,2567.82,2067290656237408.0,6763632.0,
2024-01-09,,,,,2561.24,2061575745648288.8,8896714.0,
2024-01-10,,,,,2541.98,2045533566125824.0,8795835.0,
2024-01-11,,,,,2540.27,2043896294511727.2,13669890.0,
2024-01-12,,,,,2525.05,2047248114238732.8,8368766.0,
2024-01-15,,,,,2525.99,2047779701417268.0,8182707.0,
2024-01-16,,,,,2497.59,2024555060865416.0,8828509.0,
2024-01-17,,,,,2435.9,1975074608228092.0,11281598.0,
2024-01-18,,,,,2440.04,1978349880698514.0,8300178.0,
2024-01-19,,,,,2472.74,2005853267137231.2,9174537.0,
2024-01-22,,,,,2464.35,1999139797919650.0,8419916.0,
2024-01-23,,,,,2478.61,2010744285970351.2,8029400.0,
2024-01-24,,,,,2469.69,2003932327419686.0,7446527.0,
2024-01-25,,,,,2470.34,2003599594512515.2,8124338.0,
2024-01-26,,,,,2478.56,2009937343154268.8,7144493.0,
2024-01-29,,,,,2500.65,2034462573480314.0,8958521.0,
2024-01-30,,,,,2498.81,2032788176215422.0,8734431.0,
2024-01-31,,,,,2497.09,2030032668710527.2,9000430.0,
2024-02-01,,,,,2542.46,2067112301934090.0,13462482.0,
2024-02-02,,,,,2615.31,2126219526202082.0,14368150.0,
2024-02-05,,,,,2591.31,2107741572677307.2,12476233.0,
2024-02-06,,,,,2576.2,2095645930554876.0,10386506.0,
2024-02-07,,,,,2609.58,2123763208093908.0,11491680.0,
2024-02-08,,,,,2620.32,2132384707693318.0,12493448.0,
2024-02-13,,,,,2649.64,2157419255239932.8,13294429.0,
2024-02-14,,,,,2620.42,2134335214502236.8,10107666.0,
2024-02-15,,,,,2613.8,2128007409746468.0,10691024.0,
2024-02-16,,,,,2648.76,2156678843913596.0,10221804.0,
2024-02-19,,,,,2680.26,2182000859841736.0,9820891.0,
2024-02-20,,,,,2657.79,2164246683674156.0,9999238.0,
2024-02-21,,,,,2653.31,2160613141082502.0,9150151.0,
2024-02-22,,,,,2664.27,2169296821127555.2,10278919.0,
2024-02-23,,,,,2667.7,2172012827862754.0,10282074.0,
2024-02-26,,,,,2647.08,2154285533222444.0,10950641.0,
2024-02-27,,,,,2625.05,2138605308580859.2,12634502.0,
2024-02-28,,,,,2652.29,2160300898648426.0,10266443.0,
2024-02-29,,,,,2642.36,2154501763495998.0,12975398.0,
2024-03-04,,,,,2674.27,2180068721681928.0,12680158.0,
2024-03-05,,,,,2649.4,2159737907605954.0,12207053.0,
2024-03-06,,,,,2641.49,2152385363230447.2,10533006.0,
2024-03-07,,,,,2647.62,2157093122013548.8,10871921.0,
2024-03-08,,,,,2680.35,2183434413990576.0,11479441.0,
2024-03-11,,,,,2659.84,2165991239911812.8,8856059.0,
2024-03-12,,,,,2681.81,2183694627398136.8,9731031.0,
2024-03-13,,,,,2693.57,2193638398555052.8,10957571.0,
2024-03-14,,,,,2718.76,2214176883564676.0,14142603.0,
2024-03-15,,,,,2666.84,2171246910784166.0,13235768.0,
2024-03-18,,,,,2685.84,2186414425213828.8,9523806.0,
2024-03-19,,,,,2656.17,2162284635365968.0,10702805.0,
2024-03-20,,,,,2690.14,2190991693310006.0,12739395.0,
2024-03-21,,,,,2754.86,2244169943853590.0,14013557.0,
2024-03-22,,,,,2748.56,2240018470676891.2,11532687.0,
2024-03-25,,,,,2737.57,2230450709812806.0,9979717.0,
2024-03-26,,,,,2757.09,2248074960180936.0,12188273.0,
2024-03-27,,,,,2755.11,2246759368908432.0,12461944.0,
2024-03-28,,,,,2745.82,2239561710047378.0,11925009.0,
2024-03-29,,,,,2746.63,2240537707931380.0,11190103.0,
2024-04-01,,,,,2747.86,2241082877779755.2,10066835.0,
2024-04-02,,,,,2753.16,2247045532300400.8,13116888.0,
2024-04-03,,,,,2706.97,2209038426589524.0,13257040.0,
2024-04-04,,,,,2742.0,2238039850882680.0,11978194.0,
2024-04-05,,,,,2714.21,2215451533029408.8,11293864.0,
2024-04-08,,,,,2717.65,2218358194498119.2,10560913.0,
2024-04-09,,,,,2705.16,2207593683288588.0,10037705.0,
2024-04-11,,,,,2706.96,2209845127261172.8,12789893.0,
2024-04-12,,,,,2681.82,2189191729846839.2,11903471.0,
2024-04-15,,,,,2670.43,2179146668534823.2,10506647.0,
2024-04-16,,,,,2609.63,2129095533863436.8,12257739.0,
2024-04-17,,,,,2584.18,2108636206256260.0,9779318.0,
2024-04-18,,,,,2634.7,2148591606593171.2,10571080.0,
2024-04-19,,,,,2591.86,2113960517731474.0,14044807.0,
2024-04-22,,,,,2629.44,2143157215871340.0,11021071.0,
2024-04-23,,,,,2623.02,2137640962658347.2,9948338.0,
2024-04-24,,,,,2675.75,2180629130374120.8,10227695.0,
2024-04-25,,,,,2628.62,2142440794883830.0,8987959.0,
2024-04-26,,,,,2656.33,2164477450575646.0,10148866.0,
2024-04-29,,,,,2687.44,2189691725743463.2,10491388.0,
2024-04-30,,,,,2692.06,2193843858061216.0,11347130.0,
2024-05-02,,,,,2683.65,2186876849586271.2,9059053.0,
2024-05-03,,,,,2676.63,2180854242187852.0,7850447.0,
2024-05-07,,,,,2734.36,2228259503005163.2,11153672.0,
2024-05-08,,,,,2745.05,2243933670998562.0,10293633.0,
2024-05-09,,,,,2712.14,2216794075957826.0,11102793.0,
2024-05-10,,,,,2727.63,2226624818720776.0,11566879.0,
2024-05-13,,,,,2727.21,2226373173373836.8,13054660.0,
2024-05-14,,,,,2730.34,2228236340852444.0,9491100.0,
2024-05-16,,,,,2753.0,2246492512784154.0,13253186.0,
2024-05-17,,,,,2724.62,2223763413963692.0,11008339.0,
2024-05-20,,,,,2742.14,2237911831916096.8,12502254.0,
2024-05-21,,,,,2724.18,2223367539795622.0,10490361.0,
2024-05-22,,,,,2723.46,2223391187575664.0,12378510.0,
2024-05-23,,,,,2721.81,2222186906186078.0,11449262.0,
2024-05-24,,,,,2687.6,2193712334095006.0,12363445.0,
2024-05-27,,,,,2722.99,2222058046281292.0,15847768.0,
2024-05-28,,,,,2722.85,2221981776231336.8,11586996.0,
2024-05-29,,,,,2677.3,2184383957054232.8,13076461.0,
2024-05-30,,,,,2635.44,2150594911810807.2,11132063.0,
2024-05-31,,,,,2636.52,2151017465412147.2,16353907.0,
2024-06-03,,,,,2682.52,2188764087625754.0,13995552.0,
2024-06-04,,,,,2662.1,2171834477055724.0,12649033.0,
2024-06-05,,,,,2689.5,2194822320470816.8,13624988.0,
2024-06-07,,,,,2722.67,2221091055961770.0,12465270.0,
2024-06-10,,,,,2701.17,2203848894691708.8,11327687.0,
2024-06-11,,,,,2705.32,2206744123013164.0,11776520.0,
2024-06-12,,,,,2728.17,2224929133048683.2,11839576.0,
2024-06-13,,,,,2754.89,2247116756582044.8,19135858.0,
2024-06-14,,,,,2758.42,2250826809499794.0,16187046.0,
2024-06-17,,,,,2744.1,2237952930934220.8,12457646.0,
2024-06-18,,,,,2763.92,2254082532058439.0,13269478.0,
2024-06-19,,,,,2797.33,2280984107505914.0,14069564.0,
2024-06-20,,,,,2807.63,2289946832082912.0,13576970.0,
2024-06-21,,,,,2784.26,2270593310209150.0,14492985.0,
2024-06-24,,,,,2764.73,2257243669014962.0,11082707.0,
2024-06-25,,,,,2774.39,2265008233505110.0,11767748.0,
2024-06-26,,,,,2792.05,2279120474336608.0,11325143.0,
2024-06-27,,,,,2784.06,2273422810716470.0,10271109.0,
2024-06-28,,,,,2797.82,2283888693661471.0,11020138.0,
2024-07-01,,,,,2804.31,2289631234045977.0,9945337.0,
2024-07-02,,,,,2780.86,2270445338129264.0,11648477.0,
2024-07-03,,,,,2794.01,2281636129094657.0,10243957.0,
2024-07-04,,,,,2824.94,2307278993396211.0,13067110.0,
2024-07-05,,,,,2862.23,2338315470421830.0,13142275.0,
2024-07-08,,,,,2857.76,2335361801343077.0,9938577.0,
2024-07-09,,,,,2867.38,2339688644048581.0,11241864.0,
2024-07-10,,,,,2867.99,2340811915381735.0,11841459.0,
2024-07-11,,,,,2891.35,2363627178724968.0,14649701.0,
2024-07-12,,,,,2857.0,2329431205423023.0,14085703.0,
2024-07-15,,,,,2860.92,2334446313431494.0,12165673.0,
2024-07-16,,,,,2866.09,2338465518826864.0,12660326.0,
2024-07-17,,,,,2843.29,2320318934867633.0,13923509.0,
2024-07-18,,,,,2824.35,2304940336748129.0,15548196.0,
2024-07-19,,,,,2795.46,2280949590315269.0,9585235.0,
2024-07-22,,,,,2763.51,2255636583508568.0,10499644.0,
2024-07-23,,,,,2774.29,2265131154015696.0,11526842.0,
2024-07-24,,,,,2758.71,2251624859143664.0,11053910.0,
2024-07-25,,,,,2710.65,2212260228637284.8,13673709.0,
2024-07-26,,,,,2731.9,2228963595217386.0,12971732.0,
2024-07-29,,,,,2765.53,2257406067431641.0,10963603.0,
2024-07-30,,,,,2738.19,2235428827339088.0,10199651.0,
2024-07-31,,,,,2770.69,2262832341048634.0,12197992.0,
2024-08-01,,,,,2777.68,2268412040496396.0,10904975.0,
2024-08-02,,,,,2676.19,2189768948287380.0,13102123.0,
2024-08-05,,,,,2441.55,1997745882924562.0,18781701.0,
2024-08-06,,,,,2522.15,2063686210909231.2,15535849.0,
2024-08-07,,,,,2568.41,2102251051407106.0,13081660.0,
2024-08-08,,,,,2556.73,2092077568084576.8,11463675.0,
2024-08-09,,,,,2588.43,2118139215572282.0,9721687.0,
2024-08-12,,,,,2618.3,2142430302010892.0,7601222.0,
2024-08-13,,,,,2621.5,2145433739879246.0,8965946.0,
2024-08-14,,,,,2644.5,2164754882564239.2,8867077.0,
2024-08-16,,,,,2697.23,2208881287865466.0,11192930.0,
2024-08-19,,,,,2674.36,2189820559401236.0,9262568.0,
2024-08-20,,,,,2696.63,2206940381891250.0,8954163.0,
2024-08-21,,,,,2701.13,2210561175693671.2,9378558.0,
2024-08-22,,,,,2707.67,2215412798846490.0,8946317.0,
2024-08-23,,,,,2701.69,2210797298505351.2,8285768.0,
2024-08-26,,,,,2698.01,2206549658882071.2,9087411.0,
2024-08-27,,,,,2689.25,2199479583926951.2,8050720.0,
2024-08-28,,,,,2689.83,2200592606674384.8,10567478.0,
2024-08-29,,,,,2662.28,2178258767290179.2,11464720.0,
2024-08-30,,,,,2674.31,2187461755865038.0,10340761.0,
2024-09-02,,,,,2681.0,2192680031182319.2,8669963.0,
2024-09-03,,,,,2664.63,2178330436205580.8,8978417.0,
2024-09-04,,,,,2580.8,2109693404841243.2,11370290.0,
2024-09-05,,,,,2575.5,2103967317605974.0,10189751.0,
2024-09-06,,,,,2544.28,2079144168315112.0,8685310.0,
2024-09-09,,,,,2535.93,2071956884756336.8,7454381.0,
2024-09-10,,,,,2523.43,2061808623287734.0,8421867.0,
2024-09-11,,,,,2513.37,2051977998276998.0,9623016.0,
2024-09-12,,,,,2572.09,2099101129801418.0,11282357.0,
2024-09-13,,,,,2575.41,2101346639321967.2,8422029.0,
2024-09-19,,,,,2580.8,2106110321613510.0,12871059.0,
2024-09-20,,,,,2593.37,2116582292566160.8,14276593.0,
2024-09-23,,,,,2602.01,2122839424585600.0,9526459.0,
2024-09-24,,,,,2631.68,2146552075310106.0,10338361.0,
2024-09-25,,,,,2596.32,2118800293629688.8,11671497.0,
2024-09-26,,,,,2671.57,2179114311367054.0,11602406.0,
2024-09-27,,,,,2649.78,2162827763884496.0,11987018.0,
2024-09-30,,,,,2593.27,2115975531403172.8,10806867.0,
2024-10-02,,,,,2561.69,2091253055072236.8,9607877.0,
2024-10-04,,,,,2569.71,2097299169852460.8,10016557.0,
2024-10-07,,,,,2610.38,2129898509102692.0,10378944.0,
2024-10-08,,,,,2594.36,2116186427772118.0,9168276.0,
2024-10-10,,,,,2599.16,2118769902148872.0,13867594.0,
2024-10-11,,,,,2596.91,2116899470457183.2,9548436.0,
2024-10-14,,,,,2623.29,2138449589891612.8,8525414.0,
2024-10-15,,,,,2633.45,2147319522898363.2,10054356.0,
2024-10-16,,,,,2610.36,2129276601242486.0,10053097.0,
2024-10-17,,,,,2609.3,2127416627409576.0,9953645.0,
2024-10-18,,,,,2593.82,2115279710372210.0,8274854.0,
2024-10-21,,,,,2604.92,2124505397404487.2,7757214.0,
2024-10-22,,,,,2570.7,2096600928094996.8,8958061.0,
2024-10-23,,,,,2599.62,2120697375665930.0,9430155.0,
2024-10-24,,,,,2581.03,2104042768297716.0,9733937.0,
2024-10-25,,,,,2583.27,2105651493083676.0,10286877.0,
2024-10-28,,,,,2612.43,2129841276048608.8,9133006.0,
2024-10-29,,,,,2617.8,2134424479869187.2,9341171.0,
2024-10-30,,,,,2593.79,2114675137976876.8,9067046.0,
2024-10-31,,,,,2556.15,2083807734485504.8,10980673.0,
2024-11-01,,,,,2542.36,2072677282762738.0,7944318.0,
2024-11-04,,,,,2588.97,2110215065385316.8,8064749.0,
2024-11-05,,,,,2576.88,2100113789116178.0,7716008.0,
2024-11-06,,,,,2563.51,2089044036625020.8,11791888.0,
2024-11-07,,,,,2564.63,2089840468646244.0,10809704.0,
2024-11-08,,,,,2561.15,2087229089933475.2,9921212.0,
2024-11-11,,,,,2531.66,2062998743903726.0,11290168.0,
2024-11-12,,,,,2482.57,2022644867370756.8,12848018.0,
2024-11-13,,,,,2417.08,1970663209161735.2,11208360.0,
2024-11-14,,,,,2418.86,1972611776340116.8,13017388.0,
2024-11-15,,,,,2416.86,1973513509553940.0,12365759.0,
2024-11-18,,,,,2469.07,2017377526672606.0,10621301.0,
2024-11-19,,,,,2471.95,2019146278738576.0,9085861.0,
2024-11-20,,,,,2482.29,2033134230437159.2,7820085.0,
2024-11-21,,,,,2480.63,2032824142509323.2,8356409.0,
2024-11-22,,,,,2501.24,2048900260074806.0,8017171.0,
2024-11-25,,,,,2534.34,2075112931767044.0,13495228.0,
2024-11-26,,,,,2520.36,2064372965736248.0,8709923.0,
2024-11-27,,,,,2503.06,2049072449824867.2,8586049.0,
2024-11-28,,,,,2504.67,2050357986144084.8,7572753.0,
2024-11-29,,,,,2455.91,2011421418734674.0,9106482.0,
2024-12-02,,,,,2454.48,2009713877727404.0,7591740.0,
2024-12-03,,,,,2500.1,2046261046449732.0,9145173.0,
2024-12-04,,,,,2464.0,2016934529725719.2,13296925.0,
2024-12-05,,,,,2441.85,1999305298106164.0,9720716.0,
2024-12-06,,,,,2428.16,1988510021328156.0,10726880.0,
2024-12-09,,,,,2360.58,1933161934819931.2,10004535.0,
2024-12-10,,,,,2417.84,1979769346742696.0,9303804.0,
2024-12-11,,,,,2442.51,1999754741961752.0,7745861.0,
2024-12-12,,,,,2482.12,2032250619015376.0,12259144.0,
2024-12-13,,,,,2494.46,2042115883546408.0,8849455.0,
2024-12-16,,,,,2488.97,2037825063390027.2,8466422.0,
2024-12-17,,,,,2456.81,2010343832541547.2,9284836.0,
2024-12-18,,,,,2484.43,2033135712509950.0,8338566.0,
2024-12-19,,,,,2435.93,1993417137823852.8,8443750.0,
2024-12-20,,,,,2404.15,1967064816798788.0,9347348.0,
2024-12-23,,,,,2442.01,1998047401443676.0,7375540.0,
2024-12-24,,,,,2440.52,1997825853682132.8,6740790.0,
2024-12-26,,,,,2429.67,1989005161072952.8,6410407.0,
2024-12-27,,,,,2404.77,1966956732701404.8,6339607.0,
2024-12-30,,,,,2399.49,1963328801432072.8,5315451.0,
2025-01-02,-309872.0,,841508.0,-626354.0,2398.94,1963454272081159.2,6958649.0,94718.0
2025-01-03,280301.0,,-584079.0,197422.0,2441.92,1998126924797076.8,8230070.0,106356.0
2025-01-06,298169.0,,-327003.0,-107439.0,2488.64,2036394312458755.2,8142308.0,136273.0
2025-01-07,201229.0,,-29588.0,-273253.0,2492.1,2038522932687508.0,9405964.0,101612.0
2025-01-08,206743.0,,-190625.0,-80750.0,2521.05,2062626681696110.0,10391058.0,64633.0
2025-01-09,731013.0,,-208346.0,-617995.0,2521.9,2063837692886240.0,11524454.0,95328.0
2025-01-10,19677.0,,492068.0,-573566.0,2515.78,2058638841592924.0,9691008.0,61821.0
2025-01-13,-851257.0,,844886.0,-93602.0,2489.56,2036397074805700.0,9049053.0,99974.0
2025-01-14,-272385.0,,392502.0,-179445.0,2497.4,2042488521677972.0,8199245.0,59328.0
2025-01-15,38350.0,,255987.0,-370463.0,2496.81,2041769170734816.0,9176244.0,76127.0
2025-01-16,618780.0,,-603264.0,43976.0,2527.49,2065809157709104.0,9432261.0,-59491.0
2025-01-17,-130083.0,,382414.0,-305716.0,2523.55,2062320503702578.0,10011840.0,53385.0
2025-01-20,-402055.0,,318979.0,2097.0,2520.05,2059663885223968.0,8663519.0,80979.0
2025-01-21,-171232.0,,233456.0,-144606.0,2518.03,2058259490075974.0,9323574.0,82382.0
2025-01-22,350918.0,,-799410.0,399982.0,2547.06,2081713985266172.8,11074515.0,48510.0
2025-01-23,-619229.0,,891989.0,-350065.0,2515.49,2056088891657315.2,9907821.0,77305.0
2025-01-24,350709.0,,-145284.0,-288638.0,2536.8,2073049460254918.0,10179284.0,83213.0
2025-01-31,-1218091.0,,1157537.0,145425.0,2517.37,2057132279189022.0,13759431.0,-84871.0
2025-02-03,-889968.0,,1410117.0,-616125.0,2453.95,2005228762346524.8,11649963.0,95976.0
2025-02-04,16776.0,,-289331.0,143806.0,2481.69,2028588344752300.0,11000938.0,128749.0
2025-02-05,42988.0,,-13737.0,-125787.0,2509.27,2056473640972619.2,9949595.0,96537.0
2025-02-06,414173.0,,-636736.0,116140.0,2536.75,2078576667689643.2,11863048.0,106424.0
2025-02-07,-233604.0,,400687.0,-300045.0,2521.92,2066649815662131.2,10240141.0,132962.0
2025-02-10,-243554.0,,59376.0,86789.0,2521.27,2067049975510715.2,10582466.0,97389.0
2025-02-11,179260.0,,-407084.0,119682.0,2539.05,2081311465922200.0,11023156.0,108142.0
2025-02-12,375199.0,,-151033.0,-297962.0,2548.39,2088883959979358.0,13668984.0,73796.0
2025-02-13,-131040.0,,-484993.0,602288.0,2583.17,2116865565381814.0,17104156.0,13746.0
2025-02-14,-272383.0,,-47430.0,299955.0,2591.05,2123295637182044.0,13917626.0,19857.0
2025-02-17,-215242.0,,19988.0,174973.0,2610.42,2138576064568082.0,11017333.0,20281.0
2025-02-18,25299.0,,-121874.0,83841.0,2626.81,2152414939585228.8,12618242.0,12734.0
2025-02-19,402874.0,,-1139166.0,683979.0,2671.52,2190321476628339.2,14851622.0,52313.0
2025-02-20,-267629.0,,389845.0,-228793.0,2654.06,2176898820918304.0,14551191.0,106577.0
2025-02-21,-201586.0,,92602.0,12934.0,2654.58,2176175331210928.0,11381060.0,96050.0
2025-02-24,-201605.0,,444308.0,-355347.0,2645.27,2167788263381008.8,10802085.0,112644.0
2025-02-25,-299690.0,,421674.0,-225058.0,2630.29,2155255658945223.2,10508476.0,103073.0
2025-02-26,-300370.0,,34107.0,167184.0,2641.09,2163540431082131.2,11218720.0,99079.0
2025-02-27,-155859.0,,578092.0,-458209.0,2621.75,2147708334692199.2,10802121.0,35976.0
2025-02-28,-1564156.0,,2277108.0,-806218.0,2532.78,2074378682303204.8,15637225.0,93266.0
2025-03-04,-178171.0,,276993.0,-249191.0,2528.92,2071277908689396.8,13115384.0,150369.0
2025-03-05,-269321.0,,281415.0,-103129.0,2558.13,2094580712219600.0,13021642.0,91034.0
2025-03-06,109763.0,,-173631.0,50739.0,2576.16,2105642393608408.8,11319665.0,13130.0
2025-03-07,77913.0,,-53271.0,-145539.0,2563.48,2095892197484635.2,12155165.0,120897.0
2025-03-10,-427667.0,,325296.0,34492.0,2570.39,2101439969373815.2,9881354.0,67880.0
2025-03-11,-1515491.0,,549711.0,-299308.0,2537.6,2074862207732268.0,10917541.0,1265088.0
2025-03-12,387521.0,,-366776.0,-111162.0,2574.82,2105091420669291.2,12284769.0,90417.0
2025-03-13,-512923.0,,-6971.0,399275.0,2573.64,2103969035866234.0,13112911.0,120620.0
2025-03-14,-221824.0,,263780.0,-150979.0,2566.36,2100287748455670.0,9941800.0,109023.0
2025-03-17,589068.0,,-1106038.0,440075.0,2610.69,2137307329817924.0,11995073.0,76895.0
2025-03-18,504642.0,,-593724.0,3980.0,2612.34,2138918441303968.8,12034579.0,85102.0
2025-03-19,313281.0,,-578667.0,178149.0,2628.62,2153080834445234.0,11841495.0,87237.0
2025-03-20,537323.0,,-621392.0,-8290.0,2637.1,2160968151053248.0,11989258.0,92359.0
2025-03-21,845664.0,,-380352.0,-563712.0,2643.13,2166240031337451.2,14188128.0,98400.0
2025-03-24,17425.0,,-3400.0,-117221.0,2632.07,2156710253624274.0,6924064.0,103196.0
2025-03-25,-81457.0,,111775.0,-108441.0,2615.81,2143539656810207.2,8305060.0,78123.0
2025-03-26,336913.0,,-561765.0,143684.0,2643.94,2166757904270967.2,7655330.0,81169.0
2025-03-27,115537.0,,178285.0,-398153.0,2607.15,2137689097655124.0,7676249.0,104331.0
2025-03-28,-606644.0,,792320.0,-289236.0,2557.98,2097055968124136.0,7150422.0,103560.0
2025-03-31,-1585109.0,,1126638.0,330335.0,2481.12,2033508107511968.0,8236353.0,128136.0
2025-04-01,-448491.0,,144910.0,194636.0,2521.39,2066091544186739.2,6939450.0,108945.0
2025-04-02,-762117.0,,637790.0,34440.0,2505.86,2053517297572435.2,7316125.0,89888.0
2025-04-03,-1393758.0,,1073215.0,181344.0,2486.7,2037334829405671.2,8267471.0,139198.0
2025-04-04,-1738502.0,,1503917.0,156710.0,2465.42,2019896586676231.2,10742834.0,77875.0
2025-04-07,-2174266.0,,2111687.0,-104503.0,2328.2,1907591512851795.2,10505493.0,167082.0
2025-04-08,-638061.0,,783368.0,-298656.0,2334.23,1912870141561464.8,9122474.0,153349.0
2025-04-09,-1020699.0,,1401277.0,-532973.0,2293.7,1880172676575802.0,9560333.0,152395.0
2025-04-10,343723.0,,-1445237.0,1032346.0,2445.06,2002786361478506.0,11055426.0,69167.0
2025-04-11,-625633.0,,668507.0,-182374.0,2432.72,1991847800076662.0,7687103.0,139500.0
2025-04-14,-234627.0,,254679.0,-77384.0,2455.89,2011102252591424.0,6687794.0,57332.0
2025-04-15,-172911.0,,-99795.0,196990.0,2477.41,2027996669924308.8,6510809.0,75716.0
2025-04-16,-474618.0,,456303.0,-73960.0,2447.43,2004854313353399.2,6725688.0,92276.0
2025-04-17,-310050.0,,-58393.0,267323.0,2470.41,2023188315630384.8,6606299.0,101119.0
2025-04-18,-113530.0,,13346.0,50089.0,2483.42,2033957406882575.2,5649647.0,50096.0
2025-04-21,-308433.0,,294067.0,-65541.0,2488.42,2038270654755274.0,5239733.0,79907.0
2025-04-22,-212528.0,,276802.0,-133738.0,2486.64,2036867826267906.0,6182471.0,69464.0
2025-04-23,-176263.0,,-688293.0,804448.0,2525.56,2068411537802202.0,7764180.0,60109.0
2025-04-24,-39139.0,,112149.0,-157500.0,2522.33,2066148877318083.2,7272322.0,84490.0
2025-04-25,631740.0,,-836956.0,529506.0,2546.3,2085721220951884.8,8760600.0,-324290.0
2025-04-28,-3749.0,,-13175.0,-28081.0,2548.86,2087208356086974.0,7803355.0,45005.0
2025-04-29,708382.0,,-70502.0,-704684.0,2565.42,2100881633409068.8,9215174.0,66804.0
2025-04-30,-181363.0,,424984.0,-351558.0,2556.61,2094129065499498.0,8435602.0,107937.0
2025-05-02,-106474.0,,-204771.0,218577.0,2559.79,2095822345518174.0,8327449.0,92669.0
2025-05-07,415474.0,,-389978.0,-56765.0,2573.8,2106864657755092.8,8935449.0,31269.0
2025-05-08,133670.0,,95558.0,-301229.0,2579.48,2111359746379270.0,10270131.0,72002.0
2025-05-09,65701.0,,231506.0,-365869.0,2577.27,2110382907460644.0,8034853.0,68661.0
2025-05-12,-31787.0,,-325046.0,302533.0,2607.33,2135960504101416.8,8527540.0,54300.0
2025-05-13,190889.0,,-191129.0,-56458.0,2608.42,2139365845830776.0,8746089.0,56697.0
2025-05-14,489822.0,,-1027646.0,534586.0,2640.57,2165384001366960.0,8893192.0,3238.0
2025-05-15,258003.0,,160724.0,-473391.0,2621.36,2150748687253872.8,7254025.0,54664.0
2025-05-16,174443.0,,-224470.0,47590.0,2626.87,2154435500387806.0,8025032.0,2437.0
2025-05-19,-36692.0,,290345.0,-273117.0,2603.42,2134853767220355.2,6752438.0,19465.0
2025-05-20,-143229.0,,100201.0,25134.0,2601.8,2133507447170795.2,7661430.0,17894.0
2025-05-21,212583.0,,-291017.0,30598.0,2625.58,2151605513502848.0,7441129.0,47836.0
2025-05-22,-74174.0,,814800.0,-688061.0,2593.67,2126011918881695.2,8965468.0,-52566.0
2025-05-23,144073.0,,233432.0,-418549.0,2592.09,2124299597613703.2,8659674.0,41043.0
2025-05-26,280648.0,,-515097.0,261615.0,2644.4,2166285731881608.0,8342810.0,-27166.0
2025-05-27,-84478.0,,91756.0,-50744.0,2637.22,2160239944298804.0,7908808.0,43465.0
2025-05-28,323313.0,,-1026366.0,771121.0,2670.15,2188074979266972.0,11238814.0,-68068.0
2025-05-29,318089.0,,-998947.0,755765.0,2720.64,2229208577577636.0,10895570.0,-74907.0
2025-05-30,-587285.0,,701075.0,-140021.0,2697.67,2210646190920267.2,14803606.0,26231.0
2025-06-02,106582.0,,189525.0,-311737.0,2698.97,2211661469940351.2,8062944.0,15630.0
2025-06-04,1097153.0,,-1254732.0,184911.0,2770.84,2270569997770892.0,12106350.0,-27332.0
2025-06-05,974785.0,,-1137794.0,187628.0,2812.05,2302942060259452.0,13293000.0,-24619.0
2025-06-09,1030673.0,,-29155.0,-991606.0,2855.77,2337790728639509.0,14030331.0,-9912.0
2025-06-10,899536.0,,-597793.0,-294021.0,2871.85,2350164580015300.0,14289818.0,-7722.0
2025-06-11,176221.0,,-304649.0,159118.0,2907.04,2378921384948741.0,12475003.0,-30690.0
2025-06-12,415338.0,,16813.0,-431457.0,2920.03,2389048717129180.0,17344656.0,-694.0
2025-06-13,185587.0,,456593.0,-673947.0,2894.62,2369323120142404.0,17462764.0,31768.0
2025-06-16,-295328.0,,129101.0,132320.0,2946.66,2410638877644740.0,14401114.0,33907.0
2025-06-17,-86324.0,,378154.0,-264426.0,2950.3,2414138075097102.0,17915935.0,-27403.0
2025-06-18,318334.0,,-440151.0,74249.0,2972.19,2432540489952913.0,14668323.0,47568.0
2025-06-19,-71833.0,,395612.0,-367502.0,2977.74,2436368787253298.0,13786566.0,43724.0
2025-06-20,617684.0,,-555226.0,-58747.0,3021.84,2471814406598870.0,17974844.0,-3711.0
2025-06-23,-316081.0,,1383497.0,-979746.0,3014.47,2465283335804106.0,17879770.0,-87669.0
2025-06-24,476784.0,,-560033.0,227251.0,3103.64,2538235150827130.0,19107340.0,-144002.0
2025-06-25,-86132.0,,956484.0,-831110.0,3108.25,2543092930441839.0,19662628.0,-39242.0
2025-06-26,-550226.0,,1068567.0,-670350.0,3079.56,2519593951599544.0,17030574.0,152009.0
2025-06-27,-811545.0,,560857.0,225344.0,3055.94,2500663765269373.0,13970283.0,25344.0
2025-06-30,-646718.0,,228518.0,411059.0,3071.7,2512091649124343.0,13333814.0,7142.0
2025-07-01,190469.0,,-580189.0,364617.0,3089.65,2527488234089640.0,15184804.0,25103.0
2025-07-02,-282201.0,,329078.0,-45804.0,3075.06,2516192194451781.0,14829870.0,-1073.0
2025-07-03,657912.0,,-1236818.0,533579.0,3116.27,2551106276337041.0,14883214.0,45327.0
2025-07-04,194926.0,,632895.0,-799995.0,3054.28,2501091815119605.0,13571164.0,-27826.0
2025-07-07,-80188.0,,110191.0,-45926.0,3059.47,2504046206230287.0,10204543.0,15923.0
2025-07-08,248656.0,,-273893.0,-14430.0,3114.95,2548966093022255.0,13491405.0,39667.0
2025-07-09,-419007.0,,566092.0,-193429.0,3133.74,2563422971103981.0,12654910.0,46344.0
2025-07-10,504383.0,,-512973.0,-56375.0,3183.23,2603739245288003.0,14124821.0,64965.0
2025-07-11,373791.0,,351626.0,-330577.0,3175.77,2598982928438423.0,13342066.0,-394839.0
2025-07-14,331948.0,,-189449.0,-225395.0,3202.03,2620057063000663.0,11565586.0,82896.0
2025-07-15,270169.0,,-241103.0,-119721.0,3215.28,2631087507465974.0,12238772.0,90655.0
2025-07-16,63576.0,,690986.0,-845652.0,3186.38,2608342484105158.0,11328776.0,91091.0
2025-07-17,105955.0,,-338172.0,93297.0,3192.29,2613900035981381.0,15365406.0,138920.0
2025-07-18,244888.0,,-295396.0,-66201.0,3188.07,2610008447251791.0,11939230.0,116708.0
2025-07-21,902568.0,,-1008911.0,32377.0,3210.81,2632829588919004.0,10662279.0,73966.0
2025-07-22,-126118.0,,675630.0,-616418.0,3169.94,2599056209995773.0,11604659.0,66906.0
2025-07-23,436990.0,,-688044.0,165135.0,3183.77,2610788646131533.0,12201365.0,85920.0
2025-07-24,766357.0,,-809308.0,-42375.0,3190.45,2615776094044113.0,12993187.0,85326.0
2025-07-25,326612.0,,-432125.0,19749.0,3196.05,2621558325609622.0,9822238.0,85764.0
2025-07-28,483589.0,,-994989.0,470792.0,3209.52,2634028944917939.0,13872945.0,40607.0
2025-07-29,590701.0,,-667150.0,-39472.0,3230.57,2651327886580283.0,12769213.0,115921.0
2025-07-30,593817.0,,-812746.0,134558.0,3254.47,2671786675912336.0,12968500.0,84370.0
2025-07-31,407960.0,,407834.0,-945446.0,3245.44,2662743380814128.0,16455572.0,129652.0
2025-08-01,-648776.0,,1912329.0,-1315581.0,3119.41,2563576815036689.0,15281249.0,52028.0
2025-08-04,75878.0,,-290724.0,161919.0,3147.75,2587242951270715.0,9724691.0,52927.0
2025-08-05,315503.0,,-530961.0,90412.0,3198.0,2627767157184861.0,10950201.0,125046.0
2025-08-06,287868.0,,97359.0,-460888.0,3198.14,2627785497278353.0,11128302.0,75662.0
2025-08-07,5280.0,,-172503.0,47952.0,3227.68,2652059094215135.0,11201368.0,119271.0
2025-08-08,-120354.0,,237706.0,-230731.0,3210.01,2640295716796715.0,11401117.0,113378.0
2025-08-11,231906.0,,-149123.0,-244421.0,3206.77,2637340169715307.0,10338941.0,161638.0
2025-08-12,-1902.0,,136956.0,-244366.0,3189.91,2623723769032037.0,10165450.0,109313.0
2025-08-13,633876.0,,-689326.0,-37718.0,3224.37,2652083637181810.0,10352060.0,93168.0
2025-08-14,-53969.0,,13429.0,-83217.0,3225.66,2652623803641114.0,10002173.0,123758.0
2025-08-18,-452515.0,,539633.0,-150767.0,3177.28,2612867377572908.0,8941932.0,63649.0
2025-08-19,-430562.0,,215813.0,102424.0,3151.56,2592063275359109.0,8624170.0,112325.0
2025-08-20,-123088.0,,-526777.0,556371.0,3130.09,2574971562273452.0,11773563.0,93494.0
2025-08-21,-47476.0,,-200567.0,137858.0,3141.74,2584834308775292.0,10893275.0,110184.0
2025-08-22,188759.0,,-370690.0,54179.0,3168.73,2606520880531289.0,8337524.0,127751.0
2025-08-25,125939.0,,-343348.0,97601.0,3209.86,2639930147123357.0,8091673.0,119807.0
2025-08-26,-693333.0,,987752.0,-391315.0,3179.36,2614613563218803.0,12954910.0,96896.0
2025-08-27,-164676.0,,150310.0,-97632.0,3187.16,2621003592123119.0,8851872.0,111998.0
2025-08-28,-25073.0,,-237108.0,171125.0,3196.32,2627849618885572.0,9875760.0,91057.0
2025-08-29,-438478.0,,321501.0,38443.0,3186.01,2619011116578555.0,8969308.0,78534.0
2025-09-01,-284334.0,,448324.0,-262944.0,3142.93,2583440143168908.0,8003231.0,98954.0
2025-09-02,406323.0,,-265085.0,-228432.0,3172.35,2608214267274218.0,8676468.0,87194.0
2025-09-03,447959.0,,-13206.0,-537336.0,3184.42,2618478732744148.0,8811869.0,102583.0
2025-09-04,210580.0,,-304103.0,-14696.0,3200.83,2631602507638663.0,7977947.0,108218.0
2025-09-05,-104266.0,,-141128.0,159729.0,3205.12,2636841421046516.0,10942042.0,85665.0
2025-09-08,199749.0,,-338943.0,30994.0,3219.59,2648880278485327.0,8217818.0,108200.0
2025-09-09,666893.0,,-1002504.0,241013.0,3260.05,2682471396020302.0,10628641.0,94598.0
2025-09-10,1393097.0,,-2244503.0,845134.0,3314.53,2726778752216321.0,13703545.0,6272.0
2025-09-11,313230.0,,-1054897.0,685146.0,3344.2,2750487884332290.0,14947009.0,56521.0
2025-09-12,1454860.0,,-1977706.0,492112.0,3395.54,2792432470702270.0,13932277.0,30735.0
2025-09-15,273664.0,,63464.0,-350062.0,3407.31,2802795681701775.0,12792738.0,12934.0
2025-09-16,1793620.0,,-1534301.0,-137537.0,3449.62,2838180010916733.0,14058945.0,-121782.0
2025-09-17,-26058.0,,348303.0,-397951.0,3413.4,2808274005979516.0,11611597.0,75706.0
2025-09-18,310767.0,,-624862.0,238464.0,3461.3,2848188126349412.0,12409117.0,75632.0
2025-09-19,-325768.0,,815809.0,-621063.0,3445.24,2834490035669669.0,15111283.0,131022.0
2025-09-22,589209.0,,-507449.0,-34536.0,3468.65,2855488314793656.0,11996187.0,-47224.0
2025-09-23,288209.0,,68150.0,-408635.0,3486.19,2869842571401625.0,12152383.0,52276.0
2025-09-24,-233500.0,,294831.0,-79537.0,3472.14,2858429845707367.0,11806998.0,18206.0
2025-09-25,210762.0,,-262168.0,8866.0,3471.11,2857634253445223.0,12640781.0,42540.0
2025-09-26,-521574.0,,1336171.0,-779211.0,3386.05,2787520691990662.0,12606212.0,-35385.0
2025-09-29,391493.0,,-610671.0,234016.0,3431.21,2824950733618843.0,10008859.0,-14839.0
2025-09-30,9673.0,,137070.0,-218009.0,3424.6,2817769969229231.0,11157443.0,71266.0
2025-10-01,826452.0,,-926126.0,87283.0,3455.83,2845543746980053.0,12344643.0,12390.0
2025-10-02,3183264.0,,-3040821.0,-188550.0,3549.21,2922226398313787.0,19456117.0,46107.0
2025-10-10,976376.0,,-87405.0,-926513.0,3610.6,2974646441764439.0,19600845.0,37542.0
2025-10-13,-845073.0,,1822538.0,-1030500.0,3584.55,2952828804530513.0,14270856.0,53036.0
2025-10-14,444456.0,,536854.0,-1103041.0,3561.81,2933878249069508.0,18926398.0,121731.0
2025-10-15,170146.0,,-691375.0,457400.0,3657.28,3011908107364069.0,13879932.0,63829.0
2025-10-16,666107.0,,-1068636.0,436456.0,3748.37,3086315775634677.0,17664818.0,-33926.0
2025-10-17,460787.0,,66269.0,-584073.0,3748.89,3086895728948205.0,17268693.0,57017.0
2025-10-20,-236011.0,,-167208.0,378993.0,3814.69,3141020446206737.0,14190573.0,24226.0
2025-10-21,-44233.0,,375228.0,-312473.0,3823.84,3150160277294047.0,19373491.0,-18521.0
2025-10-22,-665643.0,,127115.0,492578.0,3883.68,3197177009086480.0,15451169.0,45950.0
2025-10-23,-396900.0,,981327.0,-656991.0,3845.56,3164799754839550.0,16255706.0,72565.0
2025-10-24,597009.0,,-1881157.0,1239200.0,3941.59,3242987677820676.0,17800794.0,44948.0
2025-10-27,628230.0,,-204496.0,-363170.0,4042.83,3325893588152838.0,20122806.0,-60564.0
2025-10-28,-1649040.0,,2212024.0,-577651.0,4010.41,3298578950794474.0,19719873.0,14667.0
2025-10-29,-121886.0,,146088.0,19071.0,4081.15,3357610183598751.0,22033182.0,-43273.0
2025-10-30,-154123.0,,1756696.0,-1633274.0,4086.89,3364689797640767.0,24198287.0,30701.0
2025-10-31,1351115.0,,154027.0,-1516744.0,4107.5,3383447874399935.0,22950425.0,11603.0
2025-11-03,-828311.0,,1142509.0,-306903.0,4221.87,3477046106115597.0,22728715.0,-7295.0
2025-11-04,-2257769.0,,3324389.0,-1102780.0,4121.74,3392104995408260.0,20785687.0,36159.0
2025-11-05,-1955159.0,,2551099.0,-207929.0,4004.42,3294411883299844.0,29186234.0,-388011.0
2025-11-06,-1690743.0,,1134013.0,562172.0,4026.45,3311622923440594.0,21483949.0,-5442.0
2025-11-07,-395647.0,,971908.0,-610505.0,3953.76,3252007791121429.0,18794296.0,34244.0
2025-11-10,-199721.0,,-893064.0,1076170.0,4073.24,3349850858814010.0,16685676.0,16614.0
2025-11-11,106760.0,,-4454.0,-130873.0,4106.39,3378037314926242.0,20118819.0,28567.0
2025-11-12,-405821.0,,-302871.0,702440.0,4150.39,3413518794879764.0,15670659.0,6251.0
2025-11-13,1045149.0,,-8452.0,-1010979.0,4170.63,3430213936916230.0,17517048.0,-25718.0
2025-11-14,-2276739.0,,4088074.0,-1824496.0,4011.57,3298648291977145.0,17968602.0,13162.0
2025-11-17,485007.0,,-388549.0,-73988.0,4089.25,3363116830407584.0,14352977.0,-22470.0
2025-11-18,-500588.0,,1570740.0,-1054009.0,3953.62,3251067247971822.0,14077478.0,-16143.0
2025-11-19,-1064063.0,,446803.0,628269.0,3929.51,3230586001015168.0,14586911.0,-11009.0
2025-11-20,701854.0,,-1466409.0,843319.0,4004.85,3293299591248162.0,15143579.0,-78764.0
2025-11-21,-2767037.0,,2866049.0,-183212.0,3853.26,3168593846191949.0,14166906.0,84201.0
2025-11-24,-801776.0,,-338499.0,1150194.0,3846.06,3169272356467234.0,21411253.0,-9920.0
2025-11-25,8634.0,,36010.0,-45992.0,3857.78,3180590413000717.0,13275808.0,1349.0
2025-11-26,269960.0,,-1827072.0,1490192.0,3960.87,3265922270499562.0,15777743.0,66920.0
2025-11-27,155844.0,,-447621.0,240477.0,3986.91,3286294870613815.0,13008961.0,51300.0
2025-11-28,-2285815.0,,1788080.0,498611.0,3926.59,3235761043400269.0,11927326.0,-876.0
2025-12-01,213828.0,,299151.0,-492886.0,3920.37,3232050936063668.0,11805573.0,-20093.0
2025-12-02,1248948.0,,-1593970.0,363841.0,3994.93,3293510638975859.0,12439175.0,-18819.0
2025-12-03,-175426.0,,-897544.0,1178004.0,4036.3,3326804886983061.0,13375748.0,-105034.0
2025-12-04,-657848.0,,809651.0,-181036.0,4028.51,3321694379554629.0,13716193.0,29233.0
2025-12-05,1020265.0,,-2133617.0,1118887.0,4100.05,3380661222188895.0,16308815.0,-5534.0
2025-12-08,274023.0,,-215887.0,-146931.0,4154.85,3424712364436096.0,15207839.0,88795.0
2025-12-09,-180874.0,,268963.0,-86782.0,4143.55,3415203834522782.0,13328759.0,-1308.0
2025-12-10,557194.0,,72273.0,-648656.0,4135.0,3408198244933671.0,12625783.0,19188.0
2025-12-11,387143.0,,756322.0,-1168442.0,4110.62,3389085400995160.0,20308403.0,24978.0
2025-12-12,150544.0,,-1477584.0,1316223.0,4167.16,3435670897662502.0,16545775.0,10817.0
2025-12-15,-1014918.0,,1955382.0,-922983.0,4090.59,3373508123630625.0,15438300.0,-17481.0
2025-12-16,-1092440.0,,1795016.0,-713471.0,3999.13,3298788270153600.0,16525588.0,10895.0
2025-12-17,-119486.0,,-201584.0,286361.0,4056.41,3348121946855785.0,12968280.0,34708.0
2025-12-18,-317918.0,,887502.0,-696877.0,3994.51,3297132526737519.0,13077588.0,127293.0
2025-12-19,-755787.0,,14001.0,698353.0,4020.55,3318795642740196.0,16470368.0,43433.0
2025-12-22,1100289.0,,-2770085.0,1697500.0,4105.93,3389012795126445.0,13013702.0,-27704.0
2025-12-23,924815.0,,-1123542.0,198540.0,4117.32,3398648765464528.0,13460734.0,187.0
2025-12-24,530521.0,,-193440.0,-351885.0,4108.62,3391545827207752.0,12114977.0,14804.0
2025-12-26,1800535.0,,-1873160.0,-7313.0,4129.68,3409552385683355.0,16273592.0,79938.0
2025-12-29,274481.0,,170633.0,-368717.0,4220.56,3483297659265304.0,14535158.0,-76397.0
2025-12-30,-505300.0,,1126440.0,-688734.0,4214.17,3477839534742714.0,13213492.0,67595.0
2026-01-02,604932.0,,184797.0,-875409.0,4309.63,3558736495078057.0,17521809.0,85680.0
2026-01-05,2135927.0,,-1060608.0,-1162313.0,4457.52,3683501014645836.0,22783803.0,86994.0
2026-01-06,-627489.0,,939941.0,-390541.0,4525.48,3738188652369777.5,25518237.0,78088.0
2026-01-07,1253625.0,,177274.0,-1457892.0,4551.06,3759722548753831.0,29139900.0,26993.0
2026-01-08,-93096.0,,1524736.0,-1689577.0,4552.37,3759062721637169.0,27476982.0,257937.0
2026-01-09,-1502663.0,,336415.0,899821.0,4586.32,3790229810382983.0,23478838.0,266428.0
2026-01-12,-376707.0,,148261.0,-38685.0,4624.79,3822227585757325.0,23073768.0,267131.0
2026-01-13,-230567.0,,-596038.0,615505.0,4692.64,3877443681591208.0,25240608.0,211099.0
2026-01-14,-357417.0,,3415.0,125239.0,4723.1,3903166781496608.0,24217478.0,228763.0
2026-01-15,385184.0,,-1285546.0,673489.0,4797.55,3966237189276504.0,23826144.0,226873.0
2026-01-16,439405.0,,-314259.0,-353171.0,4840.74,4004879773934139.0,26948188.0,228025.0
2026-01-19,502373.0,,-239670.0,-497516.0,4904.66,4056832202296880.0,25214738.0,234814.0
2026-01-20,133984.0,,872382.0,-1200545.0,4885.75,4038612917321369.5,27148847.0,194178.0
2026-01-21,516341.0,,-367766.0,-381552.0,4909.93,4061917379318616.0,30093032.0,232977.0
2026-01-22,-226264.0,,347012.0,-374000.0,4952.53,4095874148435200.0,32919611.0,253252.0
2026-01-23,172239.0,,-217022.0,-81202.0,4990.07,4125555096685080.0,30017138.0,125985.0
2026-01-26,-163296.0,,3554502.0,-3414882.0,4949.59,4093032390767832.0,22842957.0,23675.0
2026-01-27,925220.0,,-23147.0,-899916.0,5084.85,4203734778009835.0,28496381.0,-2157.0
2026-01-28,369282.0,,3262219.0,-3489468.0,5170.81,4276044578125425.0,30856467.0,-142032.0
2026-01-29,-1500385.0,,3371592.0,-1993751.0,5221.25,4315677778298127.0,35870201.0,122544.0
2026-01-30,-1949628.0,,4083588.0,-2328055.0,5224.36,4318647135951041.5,35493399.0,194095.0
2026-02-02,-2489186.0,,5268908.0,-2889940.0,4949.67,4091111654386489.0,32090618.0,110218.0
2026-02-03,745376.0,,-2885178.0,2070462.0,5288.08,4372100336340857.5,30015962.0,69341.0
2026-02-04,-993770.0,,-351578.0,1170169.0,5371.1,4438841137256351.0,30433498.0,175178.0
2026-02-05,-5073670.0,,8154850.0,-3425569.0,5163.57,4264766371309451.0,32385641.0,344390.0
2026-02-06,-3162705.0,,2440797.0,509044.0,5089.14,4203477721125180.0,29912342.0,212864.0
2026-02-09,501395.0,,-3689198.0,3027332.0,5298.04,4374057800206435.0,26454139.0,160471.0
2026-02-10,159554.0,,-467377.0,119710.0,5301.69,4376615585478883.0,23275930.0,188113.0
2026-02-11,905526.0,,-1472360.0,389912.0,5354.49,4421255293234541.0,25625897.0,176923.0
2026-02-12,3159894.0,,-4303988.0,1044122.0,5522.27,4560825989035452.0,32322625.0,99972.0
2026-02-13,-940583.0,,1792993.0,-998369.0,5507.01,4553532159039352.0,30820999.0,145959.0
2026-02-19,-872276.0,,-683740.0,1394876.0,5677.25,4696588119553641.0,28945961.0,161140.0
2026-02-20,-712880.0,,-345127.0,903343.0,5808.53,4803601345750885.0,33119679.0,154665.0
2026-02-23,-1179826.0,,2368275.0,-1365589.0,5846.09,4820058734017212.0,32044129.0,177140.0
2026-02-24,-71799.0,,-2346245.0,2290811.0,5969.64,4922736641351075.0,31372731.0,127234.0
2026-02-25,-1342592.0,,1472150.0,184620.0,6083.86,5016888866747315.0,35284563.0,-314178.0
2026-02-26,-1963177.0,,1366138.0,337336.0,6307.27,5199961588788373.0,38930015.0,259703.0
2026-02-27,-7029834.0,,7543032.0,-773649.0,6244.13,5146373107791624.0,54939339.0,260451.0
2026-03-03,-5007741.0,,6876204.0,-2238112.0,5791.91,4769433446422237.0,52800573.0,369650.0
2026-03-04,350351.0,,-735753.0,121624.0,5093.54,4194946818672921.0,62882735.0,263778.0
2026-03-05,-80797.0,,1994941.0,-1957617.0,5583.9,4604357689057424.0,45308990.0,43474.0
2026-03-06,-1938464.0,,3316592.0,-1497234.0,5584.87,4605057307856441.0,31402462.0,119105.0
2026-03-09,-3178104.0,,5336999.0,-2296027.0,5251.87,4331264221607092.0,33163873.0,137132.0
2026-03-10,1097418.0,,-1780867.0,776082.0,5532.59,4567316826262150.0,28713303.0,-92633.0
2026-03-11,-221870.0,,-121945.0,339932.0,5609.95,4633384475718061.0,26619234.0,3883.0
2026-03-12,-2349978.0,,2753385.0,-499372.0,5583.25,4608099993232712.0,23698184.0,95964.0
2026-03-13,-1400599.0,,2827818.0,-1500025.0,5487.24,4530330570592410.0,23719676.0,72806.0
2026-03-16,-845713.0,,835091.0,-38405.0,5549.85,4583556928432968.0,21760270.0,49027.0
2026-03-17,-74160.0,,-446635.0,468512.0,5640.48,4657727421660004.0,22303804.0,52283.0
2026-03-18,946278.0,,-4241848.0,3415253.0,5925.03,4892835711927923.0,26851759.0,-119683.0
2026-03-19,-1885402.0,,3491869.0,-1761670.0,5763.22,4757685123364079.0,22994678.0,155203.0
2026-03-20,-1278069.0,,2573411.0,-1335677.0,5781.2,4768189155100582.0,34025854.0,40336.0
2026-03-23,-3727801.0,,8815644.0,-5567273.0,5405.75,4459320431723521.0,27243225.0,479430.0
2026-03-24,-1945769.0,,513964.0,1184577.0,5553.92,4580524886581023.0,24932388.0,247227.0
2026-03-25,-1304772.0,,-1744798.0,2718732.0,5642.21,4651600138064310.0,24642072.0,330838.0
2026-03-26,-2877435.0,,3827072.0,-1087541.0,5460.46,4499612828479672.0,25615327.0,137904.0
2026-03-27,-3399898.0,,2971972.0,-13737.0,5438.87,4482729458029577.5,23659342.0,441663.0
2026-03-30,-2078030.0,,1560944.0,136733.0,5277.3,4347926048851371.0,20827490.0,380352.0
2026-03-31,-3804203.0,,3247942.0,156456.0,5052.46,4159085895028021.0,29837663.0,399806.0
2026-04-01,-697987.0,,-4146244.0,4413667.0,5478.7,4512166156057644.0,28902428.0,430564.0
2026-04-02,-68009.0,,1984507.0,-2330205.0,5234.05,4308380470893253.0,33290078.0,413707.0
2026-04-03,756956.0,,-2268527.0,976498.0,5377.3,4427756587456585.0,22234607.0,535073.0
2026-04-06,-157773.0,,-878913.0,679800.0,5450.33,4489659930916441.0,21761182.0,356885.0
2026-04-07,382780.0,,-334636.0,-400798.0,5494.78,4526464918181477.0,23719394.0,352653.0
2026-04-08,2099552.0,,-6619107.0,3722028.0,5872.34,4836941534208473.0,36306961.0,797526.0
2026-04-09,1911801.0,,377688.0,-2620145.0,5778.01,4759726731566801.0,33473404.0,330655.0
2026-04-10,1082540.0,,-1461995.0,13211.0,5858.87,4825746498368875.0,23746055.0,366243.0
2026-04-13,-479910.0,,961798.0,-885003.0,5808.62,4781539435053419.0,21456576.0,403115.0
2026-04-14,885497.0,,-2762703.0,1584377.0,5967.75,4894528506626196.0,27128584.0,292829.0
2026-04-15,600730.0,,-917958.0,-92993.0,6091.39,4995512345144474.0,31615609.0,410221.0
2026-04-16,561303.0,,-1649339.0,820899.0,6226.05,5106020840373396.0,27046823.0,267137.0
2026-04-17,-2029683.0,,1772128.0,-148905.0,6191.92,5076379137907436.0,24619562.0,406460.0
2026-04-20,-264492.0,,-262330.0,254261.0,6219.09,5097490312334976.0,23576476.0,272561.0
2026-04-21,1266777.0,,-1713034.0,595623.0,6388.47,5236207009794765.0,31105972.0,-149365.0
2026-04-22,-213102.0,,1680655.0,-1342843.0,6417.93,5260014101328972.0,31029075.0,-124710.0
2026-04-23,-97158.0,,1340071.0,-1161843.0,6475.81,5308398010558094.0,40604235.0,-81070.0
2026-04-24,-1897614.0,,1399318.0,521248.0,6475.63,5305337787341562.0,30202933.0,-22952.0
2026-04-27,879355.0,,-1215080.0,299519.0,6615.03,5421554158979603.0,33410305.0,36206.0
2026-04-28,-229149.0,,672467.0,-451554.0,6641.02,5443059491427780.0,37622679.0,8236.0
2026-04-29,-569263.0,,421692.0,225150.0,6690.9,5485580895085869.0,31453311.0,-77579.0
2026-04-30,-1273613.0,,1900537.0,-633799.0,6598.87,5407467825453161.0,35808594.0,6875.0
2026-05-04,2981498.0,,-5101169.0,2226906.0,6936.99,5685804113404671.0,42696033.0,-107235.0
2026-05-06,2878266.0,,362274.0,-2988962.0,7384.56,6057599952293655.0,60000375.0,-251578.0
2026-05-07,-6705386.0,,6741301.0,125933.0,7490.05,6138256450573765.0,51112463.0,-161848.0
2026-05-08,-5131215.0,,4675436.0,392317.0,7498.0,6143249543274176.0,40792656.0,63461.0
2026-05-11,-2890275.0,,3546983.0,-660353.0,7822.24,6410880164759142.0,51843449.0,3645.0
2026-05-12,-5499889.0,,7674575.0,-2391057.0,7643.15,6261455440849913.0,67114560.0,216372.0
2026-05-13,-3758297.0,,2070835.0,1587314.0,7844.01,6423360481437913.0,50464007.0,100148.0
2026-05-14,-2080345.0,,2256661.0,-277787.0,7981.41,6536711923065213.0,51696927.0,101470.0
2026-05-15,-5608391.0,,8967850.0,-3507934.0,7493.18,6134715796296273.0,59548489.0,148475.0
2026-05-18,-3579283.0,,2107841.0,1416465.0,7516.04,6156484427584551.0,44609164.0,54977.0
2026-05-19,-5669311.0,,6166224.0,-404437.0,7271.66,5956875323127522.0,37960990.0,-92476.0
2026-05-20,-2891048.0,,1729248.0,1006783.0,7208.95,5903882554220457.0,40401033.0,155017.0
2026-05-21,-282031.0,,-2892261.0,3186452.0,7815.59,6396239933828635.0,43187054.0,-12160.0
2026-05-22,-1835284.0,,1224101.0,488933.0,7847.71,6421467815781786.0,31229425.0,122249.0
2026-05-26,-66200.0,,427180.0,-298021.0,8047.51,6580529390679650.0,40802699.0,-62958.0
2026-05-27,39842.0,,2340661.0,-2280245.0,8228.7,6727882016628621.0,56832099.0,-100258.0
2026-05-28,-2755268.0,,4947039.0,-2308175.0,8185.29,6691609257206768.0,53241794.0,116404.0
2026-05-29,-914974.0,,-1375142.0,2238375.0,8476.15,6933143272189571.0,80332511.0,51741.0
2026-06-01,-2845295.0,,1811532.0,1015466.0,8788.38,7204509360750407.0,74330045.0,18297.0
2026-06-02,-6304766.0,,8027079.0,-1903215.0,8801.49,7215300729898488.0,69109666.0,180902.0
2026-06-04,-6657245.0,,6070743.0,436912.0,8639.41,7073751550116092.0,47638553.0,149590.0
2026-06-05,-2774532.0,,6466087.0,-3682373.0,8160.59,6685559129584654.0,48519528.0,-9182.0
2026-06-08,-60563.0,,3061102.0,-3246645.0,7484.41,6132411531476562.0,48338891.0,246107.0
2026-06-09,-2052713.0,,-626840.0,2564870.0,8096.93,6625921096905701.0,46715419.0,114683.0
2026-06-10,-2696507.0,,5976761.0,-3500742.0,7730.82,6324686062638699.0,39944843.0,220488.0
2026-06-11,-1241614.0,,2437988.0,-1227921.0,7763.95,6352556164234073.0,46400773.0,31548.0
2026-06-12,2276747.0,,-5882616.0,3771140.0,8123.62,6649271029629422.0,52257644.0,-165271.0
2026-06-15,1272373.0,,-1171953.0,-96343.0,8545.98,6992867781984873.0,39992232.0,-4076.0
2026-06-16,1459464.0,,-2538029.0,1136552.0,8726.6,7142513389095564.0,40568508.0,-57988.0
2026-06-17,-896460.0,,614265.0,405478.0,8864.24,7253100053919731.0,35846048.0,-123283.0
2026-06-18,1429601.0,,-645478.0,-672992.0,9063.84,7413247265338499.0,50780257.0,-111131.0
2026-06-19,-215469.0,,2122922.0,-1843950.0,9052.42,7398874682927318.0,67255170.0,-63503.0
2026-06-22,-1971001.0,,2312467.0,-392424.0,9114.55,7449592792676141.0,41909520.0,50957.0
2026-06-23,-3955955.0,,11413391.0,-7614023.0,8203.84,6706835470356674.0,61428586.0,156587.0
2026-06-24,-4365794.0,,3581533.0,681116.0,8471.02,6927816045835479.0,55499071.0,103144.0
2026-06-25,105281.0,,-3850994.0,3792301.0,8930.3,7310414588574390.0,51973680.0,-46588.0
2026-06-26,-4227274.0,,11190150.0,-7204280.0,8411.21,6885382217962999.0,53997506.0,241405.0
2026-06-29,-7458254.0,,5310869.0,2008830.0,8394.65,6864567783312275.0,42684474.0,138555.0
2026-06-30,-3653302.0,,852152.0,2727992.0,8476.48,6929540848101061.0,42099366.0,73158.0
2026-07-01,-1840054.0,,2587934.0,-924669.0,8303.41,6785431956394503.0,39998686.0,176789.0
2026-07-02,-4195538.0,,8598414.0,-4668333.0,7648.09,6251410554182236.0,49900911.0,265457.0
2026-07-03,-2162548.0,,-2402891.0,4494403.0,8088.34,6617011062826598.0,45492055.0,71036.0
2026-07-06,-1608730.0,,3212292.0,-1747810.0,8051.33,6591595226499214.0,32002818.0,144249.0
2026-07-07,-2801469.0,,4229450.0,-1538232.0,7656.31,6266412200628105.0,40717403.0,110250.0
2026-07-08,412312.0,,306683.0,-714710.0,7246.79,5931056230750011.0,42465431.0,-4286.0
2026-07-09,239024.0,,-1380873.0,1257887.0,7291.91,5964859973661527.0,39556658.0,-116038.0
2026-07-10,-303840.0,,-775512.0,1055972.0,7475.94,6118604296140554.0,31576971.0,23380.0
2026-07-13,-1660180.0,,5216007.0,-3632722.0,6806.93,5572485079774514.0,40143820.0,76895.0
2026-07-14,1174956.0,,-4565187.0,3428960.0,6856.83,5616749703745019.0,46697967.0,-38730.0
2026-07-15,2571976.0,,-3309336.0,730061.0,7284.41,5961100249061447.0,34488296.0,7299.0
2026-07-16,-1322577.0,,4709273.0,-3486131.0,6820.6,5576917784678867.0,29820663.0,99435.0
2026-07-20,810153.0,,949233.0,-1841496.0,6516.27,5331388995510400.0,29690576.0,82110.0
2026-07-21,528964.0,,-1634601.0,1167711.0,6747.95,5525145833613097.0,24810735.0,-62074.0
2026-07-22,2579220.0,,-1371450.0,-1240361.0,6797.7,5568155813322949.0,28574069.0,32591.0
2026-07-23,2239054.0,,-2271831.0,13610.0,7096.89,5814274124976124.0,26856061.0,19166.0
2026-07-24,-3329128.0,,6338592.0,-3045010.0,6690.62,5479519588763190.0,30991959.0,35546.0
2026-07-27,-2730305.0,,2272889.0,447360.0,6755.75,5533628393014013.0,24294696.0,10056.0
2026-07-28,-4574004.0,,5929305.0,-1457548.0,6023.66,4933296613154775.0,36073927.0,102247.0
2026-07-29,-1327944.0,,-1405941.0,2611371.0,5663.24,4669101404020380.0,49217357.0,122515.0
2026-07-30,1399190.0,,-1145540.0,-300145.0,5593.56,4611484788421978.0,38320902.0,46495.0
2026-07-31,7380848.0,,-9920820.0,2611228.0,6595.45,5445193657915115.0,49567651.0,-71256.0
2026-08-03,-2975018.0,,5133667.0,-2324512.0,6257.45,5164875740754784.0,26334640.0,165862.0
2026-08-04,-504076.0,,1015082.0,-552822.0,6358.95,5244933979108344.0,28210782.0,41817.0
2026-08-05,,,,,6598.26,5442571759274486.0,25657754.0,
2026-08-06,,,,,6328.94,,6880293.0,
2026-08-07,,,,,6258.77,,24730513.0,
2026-08-10,,,,,6299.66,,19012123.0,
2026-08-11,,,,,6345.53,,21960668.0,
2026-08-12,,,,,6579.04,,27099499.0,
2026-08-13,,,,,6813.34,,34833076.0,
2026-08-14,,,,,6977.94,5757722808159455.0,27196790.0,
2026-08-18,,,,,6869.83,,29905562.0,
2026-08-19,,,,,6471.17,,23117061.0,
2026-08-20,,,,,6852.58,,28214478.0,
2026-08-21,,,,,6912.95,,28897810.0,
2026-08-24,,,,,6696.96,,26164058.0,
2026-08-25,,,,,6742.74,,24091208.0,
2026-08-26,,,,,6808.21,,22919345.0,
2026-08-27,,,,,6912.37,5702233068482828.0,22943592.0,
2026-08-28,,,,,6788.88,5596620931771596.0,21637450.0,
2026-08-31,,,,,6820.02,5620144799211133.0,27542000.0,
2026-09-01,,,,,6835.8,5635936063700787.0,19203446.0,
2026-09-02,,,,,6562.72,5413162293146859.0,18776771.0,
2026-09-03,,,,,6579.48,5425641785195420.0,22165010.0,
2026-09-04,,,,,6687.21,5517718853072350.0,17723650.0,
2026-09-07,,,,,6995.39,5770433858098631.0,21762301.0,
2026-09-08,,,,,6954.52,5736010850457280.0,26187833.0,
2026-09-09,,,,,7051.64,5812891818111901.0,22625773.0,
2026-09-10,,,,,7033.92,5802946661777357.0,28927893.0,
2026-09-11,,,,,6909.91,5695912887005209.0,19674136.0,
2026-09-14,,,,,6684.37,5507134378726599.0,21584368.0,
2026-09-15,,,,,6627.26,5464318427274415.0,17125579.0,
2026-09-16,,,,,6717.97021484375,5542580745359632.0,16685829.125131,
2026-09-17,,,,,6715.41015625,5539548084568661.0,17144039.218537,
2026-09-18,,,,,6894.22998046875,5684350905680993.0,28104963.033556,
2026-09-21,,,,,7007.72021484375,5784648487817472.0,20811214.676966,
2026-09-22,,,,,,5795141020080960.0,23594110.841842,
2026-09-23,,,,,7047.7099609375,,,
