date,close,code
2014-06-25,2904.0,036810
2014-06-26,2909.0,036810
2014-06-27,2899.0,036810
2014-06-30,2840.0,036810
2014-07-01,2826.0,036810
2014-07-02,2831.0,036810
2014-07-03,2850.0,036810
2014-07-04,2869.0,036810
2014-07-07,2840.0,036810
2014-07-08,2948.0,036810
2014-07-09,2978.0,036810
2014-07-10,2948.0,036810
2014-07-11,2934.0,036810
2014-07-14,2934.0,036810
2014-07-15,2919.0,036810
2014-07-16,2894.0,036810
2014-07-17,2831.0,036810
2014-07-18,2840.0,036810
2014-07-21,2860.0,036810
2014-07-22,2855.0,036810
2014-07-23,2766.0,036810
2014-07-24,2746.0,036810
2014-07-25,2751.0,036810
2014-07-28,2791.0,036810
2014-07-29,2746.0,036810
2014-07-30,2688.0,036810
2014-07-31,2668.0,036810
2014-08-01,2653.0,036810
2014-08-04,2585.0,036810
2014-08-05,2530.0,036810
2014-08-06,2560.0,036810
2014-08-07,2604.0,036810
2014-08-08,2624.0,036810
2014-08-11,2595.0,036810
2014-08-12,2614.0,036810
2014-08-13,2600.0,036810
2014-08-14,2575.0,036810
2014-08-18,2585.0,036810
2014-08-19,2565.0,036810
2014-08-20,2525.0,036810
2014-08-21,2525.0,036810
2014-08-22,2452.0,036810
2014-08-25,2525.0,036810
2014-08-26,2501.0,036810
2014-08-27,2397.0,036810
2014-08-28,2442.0,036810
2014-08-29,2407.0,036810
2014-09-01,2359.0,036810
2014-09-02,2402.0,036810
2014-09-03,2407.0,036810
2014-09-04,2334.0,036810
2014-09-05,2354.0,036810
2014-09-11,2392.0,036810
2014-09-12,2339.0,036810
2014-09-15,2251.0,036810
2014-09-16,2251.0,036810
2014-09-17,2181.0,036810
2014-09-18,2221.0,036810
2014-09-19,2319.0,036810
2014-09-22,2309.0,036810
2014-09-23,2314.0,036810
2014-09-24,2374.0,036810
2014-09-25,2364.0,036810
2014-09-26,2427.0,036810
2014-09-29,2374.0,036810
2014-09-30,2387.0,036810
2014-10-01,2349.0,036810
2014-10-02,2344.0,036810
2014-10-06,2374.0,036810
2014-10-07,2417.0,036810
2014-10-08,2515.0,036810
2014-10-10,2555.0,036810
2014-10-13,2540.0,036810
2014-10-14,2545.0,036810
2014-10-15,2614.0,036810
2014-10-16,2580.0,036810
2014-10-17,2663.0,036810
2014-10-20,2595.0,036810
2014-10-21,2550.0,036810
2014-10-22,2609.0,036810
2014-10-23,2609.0,036810
2014-10-24,2663.0,036810
2014-10-27,2609.0,036810
2014-10-28,2535.0,036810
2014-10-29,2520.0,036810
2014-10-30,2580.0,036810
2014-10-31,2585.0,036810
2014-11-03,2648.0,036810
2014-11-04,2663.0,036810
2014-11-05,2698.0,036810
2014-11-06,2678.0,036810
2014-11-07,2668.0,036810
2014-11-10,2643.0,036810
2014-11-11,2624.0,036810
2014-11-12,2643.0,036810
2014-11-13,2658.0,036810
2014-11-14,2653.0,036810
2014-11-17,2614.0,036810
2014-11-18,2595.0,036810
2014-11-19,2595.0,036810
2014-11-20,2550.0,036810
2014-11-21,2545.0,036810
2014-11-24,2472.0,036810
2014-11-25,2447.0,036810
2014-11-26,2482.0,036810
2014-11-27,2496.0,036810
2014-11-28,2457.0,036810
2014-12-01,2354.0,036810
2014-12-02,2442.0,036810
2014-12-03,2491.0,036810
2014-12-04,2535.0,036810
2014-12-05,2530.0,036810
2014-12-08,2525.0,036810
2014-12-09,2535.0,036810
2014-12-10,2496.0,036810
2014-12-11,2491.0,036810
2014-12-12,2501.0,036810
2014-12-15,2525.0,036810
2014-12-16,2397.0,036810
2014-12-17,2417.0,036810
2014-12-18,2299.0,036810
2014-12-19,2407.0,036810
2014-12-22,2402.0,036810
2014-12-23,2417.0,036810
2014-12-24,2457.0,036810
2014-12-26,2501.0,036810
2014-12-29,2530.0,036810
2014-12-30,2580.0,036810
2015-01-02,2678.0,036810
2015-01-05,2693.0,036810
2015-01-06,2688.0,036810
2015-01-07,2737.0,036810
2015-01-08,2771.0,036810
2015-01-09,2791.0,036810
2015-01-12,2771.0,036810
2015-01-13,2761.0,036810
2015-01-14,2693.0,036810
2015-01-15,2776.0,036810
2015-01-16,2781.0,036810
2015-01-19,2776.0,036810
2015-01-20,2776.0,036810
2015-01-21,2855.0,036810
2015-01-22,2831.0,036810
2015-01-23,2845.0,036810
2015-01-26,2835.0,036810
2015-01-27,2806.0,036810
2015-01-28,2840.0,036810
2015-01-29,2826.0,036810
2015-01-30,2732.0,036810
2015-02-02,2737.0,036810
2015-02-03,2693.0,036810
2015-02-04,2653.0,036810
2015-02-05,2545.0,036810
2015-02-06,2600.0,036810
2015-02-09,2638.0,036810
2015-02-10,2678.0,036810
2015-02-11,2718.0,036810
2015-02-12,2619.0,036810
2015-02-13,2633.0,036810
2015-02-16,2653.0,036810
2015-02-17,2688.0,036810
2015-02-23,2708.0,036810
2015-02-24,2756.0,036810
2015-02-25,2742.0,036810
2015-02-26,2722.0,036810
2015-02-27,2718.0,036810
2015-03-02,2727.0,036810
2015-03-03,2737.0,036810
2015-03-04,2732.0,036810
2015-03-05,2737.0,036810
2015-03-06,2742.0,036810
2015-03-09,2732.0,036810
2015-03-10,2658.0,036810
2015-03-11,2683.0,036810
2015-03-12,2693.0,036810
2015-03-13,2756.0,036810
2015-03-16,2929.0,036810
2015-03-17,2914.0,036810
2015-03-18,2914.0,036810
2015-03-19,2869.0,036810
2015-03-20,3017.0,036810
2015-03-23,3238.0,036810
2015-03-24,3238.0,036810
2015-03-25,3057.0,036810
2015-03-26,3101.0,036810
2015-03-27,3096.0,036810
2015-03-30,3066.0,036810
2015-03-31,3052.0,036810
2015-04-01,3047.0,036810
2015-04-02,2948.0,036810
2015-04-03,3047.0,036810
2015-04-06,3047.0,036810
2015-04-07,3066.0,036810
2015-04-08,3071.0,036810
2015-04-09,3076.0,036810
2015-04-10,3223.0,036810
2015-04-13,3376.0,036810
2015-04-14,3415.0,036810
2015-04-15,3415.0,036810
2015-04-16,3568.0,036810
2015-04-17,3656.0,036810
2015-04-20,3607.0,036810
2015-04-21,3563.0,036810
2015-04-22,3523.0,036810
2015-04-23,3489.0,036810
2015-04-24,3533.0,036810
2015-04-27,3548.0,036810
2015-04-28,3513.0,036810
2015-04-29,3499.0,036810
2015-04-30,3479.0,036810
2015-05-04,3415.0,036810
2015-05-06,3396.0,036810
2015-05-07,3440.0,036810
2015-05-08,3568.0,036810
2015-05-11,3563.0,036810
2015-05-12,3671.0,036810
2015-05-13,3852.0,036810
2015-05-14,4123.0,036810
2015-05-15,4658.0,036810
2015-05-18,5012.0,036810
2015-05-19,5032.0,036810
2015-05-20,5092.0,036810
2015-05-21,5111.0,036810
2015-05-22,4964.0,036810
2015-05-26,4914.0,036810
2015-05-27,4909.0,036810
2015-05-28,4934.0,036810
2015-05-29,4914.0,036810
2015-06-01,5652.0,036810
2015-06-02,5819.0,036810
2015-06-03,5701.0,036810
2015-06-04,5622.0,036810
2015-06-05,5563.0,036810
2015-06-08,5897.0,036810
2015-06-09,5897.0,036810
2015-06-10,5662.0,036810
2015-06-11,5819.0,036810
2015-06-12,6389.0,036810
2015-06-15,6901.0,036810
2015-06-16,7353.0,036810
2015-06-17,7057.0,036810
2015-06-18,7569.0,036810
2015-06-19,6881.0,036810
2015-06-22,6566.0,036810
2015-06-23,6330.0,036810
2015-06-24,6487.0,036810
2015-06-25,6605.0,036810
2015-06-26,5957.0,036810
2015-06-29,5563.0,036810
2015-06-30,5779.0,036810
2015-07-01,5897.0,036810
2015-07-02,5652.0,036810
2015-07-03,5730.0,036810
2015-07-06,5258.0,036810
2015-07-07,5062.0,036810
2015-07-08,4767.0,036810
2015-07-09,4826.0,036810
2015-07-10,4816.0,036810
2015-07-13,4974.0,036810
2015-07-14,4964.0,036810
2015-07-15,4718.0,036810
2015-07-16,4851.0,036810
2015-07-17,4816.0,036810
2015-07-20,5662.0,036810
2015-07-21,5534.0,036810
2015-07-22,5357.0,036810
2015-07-23,5140.0,036810
2015-07-24,5042.0,036810
2015-07-27,4409.0,036810
2015-07-28,4374.0,036810
2015-07-29,4226.0,036810
2015-07-30,4050.0,036810
2015-07-31,4319.0,036810
2015-08-03,3932.0,036810
2015-08-04,4059.0,036810
2015-08-05,4384.0,036810
2015-08-06,4550.0,036810
2015-08-07,4767.0,036810
2015-08-10,4595.0,036810
2015-08-11,4447.0,036810
2015-08-12,4334.0,036810
2015-08-13,4452.0,036810
2015-08-17,4261.0,036810
2015-08-18,4128.0,036810
2015-08-19,4010.0,036810
2015-08-20,3814.0,036810
2015-08-21,3804.0,036810
2015-08-24,3391.0,036810
2015-08-25,3518.0,036810
2015-08-26,3715.0,036810
2015-08-27,3804.0,036810
2015-08-28,4074.0,036810
2015-08-31,4158.0,036810
2015-09-01,4020.0,036810
2015-09-02,4173.0,036810
2015-09-03,4118.0,036810
2015-09-04,4055.0,036810
2015-09-07,4064.0,036810
2015-09-08,3927.0,036810
2015-09-09,4256.0,036810
2015-09-10,4314.0,036810
2015-09-11,4314.0,036810
2015-09-14,4196.0,036810
2015-09-15,4281.0,036810
2015-09-16,4286.0,036810
2015-09-17,4221.0,036810
2015-09-18,4231.0,036810
2015-09-21,4221.0,036810
2015-09-22,4354.0,036810
2015-09-23,4256.0,036810
2015-09-24,4256.0,036810
2015-09-25,4153.0,036810
2015-09-30,4211.0,036810
2015-10-01,4163.0,036810
2015-10-02,4158.0,036810
2015-10-05,4143.0,036810
2015-10-06,4196.0,036810
2015-10-07,4379.0,036810
2015-10-08,4954.0,036810
2015-10-12,5101.0,036810
2015-10-13,4934.0,036810
2015-10-14,4447.0,036810
2015-10-15,4487.0,036810
2015-10-16,4472.0,036810
2015-10-19,4462.0,036810
2015-10-20,4452.0,036810
2015-10-21,4540.0,036810
2015-10-22,4384.0,036810
2015-10-23,4334.0,036810
2015-10-26,4231.0,036810
2015-10-27,4231.0,036810
2015-10-28,4133.0,036810
2015-10-29,4083.0,036810
2015-10-30,4201.0,036810
2015-11-02,4187.0,036810
2015-11-03,4271.0,036810
2015-11-04,4182.0,036810
2015-11-05,4128.0,036810
2015-11-06,3932.0,036810
2015-11-09,3548.0,036810
2015-11-10,3302.0,036810
2015-11-11,3617.0,036810
2015-11-12,3696.0,036810
2015-11-13,3735.0,036810
2015-11-16,3725.0,036810
2015-11-17,3848.0,036810
2015-11-18,3941.0,036810
2015-11-19,3965.0,036810
2015-11-20,3961.0,036810
2015-11-23,3862.0,036810
2015-11-24,3857.0,036810
2015-11-25,3794.0,036810
2015-11-26,4069.0,036810
2015-11-27,4025.0,036810
2015-11-30,4035.0,036810
2015-12-01,4059.0,036810
2015-12-02,3990.0,036810
2015-12-03,3975.0,036810
2015-12-04,3912.0,036810
2015-12-07,4128.0,036810
2015-12-08,4030.0,036810
2015-12-09,4030.0,036810
2015-12-10,3975.0,036810
2015-12-11,3961.0,036810
2015-12-14,3749.0,036810
2015-12-15,3784.0,036810
2015-12-16,4078.0,036810
2015-12-17,4055.0,036810
2015-12-18,4276.0,036810
2015-12-21,4246.0,036810
2015-12-22,4221.0,036810
2015-12-23,4191.0,036810
2015-12-24,4319.0,036810
2015-12-28,4211.0,036810
2015-12-29,4182.0,036810
2015-12-30,4276.0,036810
2016-01-04,4369.0,036810
2016-01-05,4437.0,036810
2016-01-06,4359.0,036810
2016-01-07,4196.0,036810
2016-01-08,4158.0,036810
2016-01-11,4168.0,036810
2016-01-12,4030.0,036810
2016-01-13,4088.0,036810
2016-01-14,3980.0,036810
2016-01-15,3882.0,036810
2016-01-18,3857.0,036810
2016-01-19,3799.0,036810
2016-01-20,3626.0,036810
2016-01-21,3749.0,036810
2016-01-22,3784.0,036810
2016-01-25,3814.0,036810
2016-01-26,3862.0,036810
2016-01-27,3848.0,036810
2016-01-28,3872.0,036810
2016-01-29,3852.0,036810
2016-02-01,3862.0,036810
2016-02-02,3735.0,036810
2016-02-03,3696.0,036810
2016-02-04,3833.0,036810
2016-02-05,3892.0,036810
2016-02-11,3769.0,036810
2016-02-12,3533.0,036810
2016-02-15,3528.0,036810
2016-02-16,3528.0,036810
2016-02-17,3558.0,036810
2016-02-18,3656.0,036810
2016-02-19,3656.0,036810
2016-02-22,3626.0,036810
2016-02-23,3602.0,036810
2016-02-24,3518.0,036810
2016-02-25,3636.0,036810
2016-02-26,3744.0,036810
2016-02-29,3799.0,036810
2016-03-02,3774.0,036810
2016-03-03,3769.0,036810
2016-03-04,3784.0,036810
2016-03-07,3784.0,036810
2016-03-08,3784.0,036810
2016-03-09,3814.0,036810
2016-03-10,3754.0,036810
2016-03-11,3720.0,036810
2016-03-14,3784.0,036810
2016-03-15,3749.0,036810
2016-03-16,3725.0,036810
2016-03-17,3739.0,036810
2016-03-18,3799.0,036810
2016-03-21,3951.0,036810
2016-03-22,3937.0,036810
2016-03-23,3951.0,036810
2016-03-24,3951.0,036810
2016-03-25,4640.0,036810
2016-03-28,4738.0,036810
2016-03-29,4668.0,036810
2016-03-30,4605.0,036810
2016-03-31,4482.0,036810
2016-04-01,4334.0,036810
2016-04-04,4364.0,036810
2016-04-05,4281.0,036810
2016-04-06,4447.0,036810
2016-04-07,4359.0,036810
2016-04-08,4437.0,036810
2016-04-11,4452.0,036810
2016-04-12,4354.0,036810
2016-04-14,4374.0,036810
2016-04-15,4447.0,036810
2016-04-18,4502.0,036810
2016-04-19,4570.0,036810
2016-04-20,4452.0,036810
2016-04-21,4236.0,036810
2016-04-22,4329.0,036810
2016-04-25,4374.0,036810
2016-04-26,4319.0,036810
2016-04-27,4324.0,036810
2016-04-28,4427.0,036810
2016-04-29,4531.0,036810
2016-05-02,4457.0,036810
2016-05-03,4432.0,036810
2016-05-04,4281.0,036810
2016-05-09,4045.0,036810
2016-05-10,4153.0,036810
2016-05-11,4168.0,036810
2016-05-12,4177.0,036810
2016-05-13,4246.0,036810
2016-05-16,4093.0,036810
2016-05-17,3927.0,036810
2016-05-18,3799.0,036810
2016-05-19,3804.0,036810
2016-05-20,3809.0,036810
2016-05-23,3932.0,036810
2016-05-24,3941.0,036810
2016-05-25,3922.0,036810
2016-05-26,3828.0,036810
2016-05-27,3961.0,036810
2016-05-30,3927.0,036810
2016-05-31,3946.0,036810
2016-06-01,3946.0,036810
2016-06-02,4030.0,036810
2016-06-03,3970.0,036810
2016-06-07,3965.0,036810
2016-06-08,4000.0,036810
2016-06-09,4030.0,036810
2016-06-10,4010.0,036810
2016-06-13,3965.0,036810
2016-06-14,3922.0,036810
2016-06-15,3912.0,036810
2016-06-16,3774.0,036810
2016-06-17,3715.0,036810
2016-06-20,3774.0,036810
2016-06-21,3975.0,036810
2016-06-22,3946.0,036810
2016-06-23,3946.0,036810
2016-06-24,3686.0,036810
2016-06-27,3641.0,036810
2016-06-28,3784.0,036810
2016-06-29,3872.0,036810
2016-06-30,3867.0,036810
2016-07-01,3922.0,036810
2016-07-04,4010.0,036810
2016-07-05,3990.0,036810
2016-07-06,3907.0,036810
2016-07-07,4020.0,036810
2016-07-08,4349.0,036810
2016-07-11,4211.0,036810
2016-07-12,4216.0,036810
2016-07-13,4216.0,036810
2016-07-14,4324.0,036810
2016-07-15,4246.0,036810
2016-07-18,4334.0,036810
2016-07-19,4324.0,036810
2016-07-20,4432.0,036810
2016-07-21,4394.0,036810
2016-07-22,4374.0,036810
2016-07-25,4309.0,036810
2016-07-26,4261.0,036810
2016-07-27,4276.0,036810
2016-07-28,4281.0,036810
2016-07-29,4177.0,036810
2016-08-01,4300.0,036810
2016-08-02,4384.0,036810
2016-08-03,4497.0,036810
2016-08-04,4487.0,036810
2016-08-05,4580.0,036810
2016-08-08,4615.0,036810
2016-08-09,4615.0,036810
2016-08-10,4575.0,036810
2016-08-11,4422.0,036810
2016-08-12,4432.0,036810
2016-08-16,4256.0,036810
2016-08-17,4177.0,036810
2016-08-18,4300.0,036810
2016-08-19,4349.0,036810
2016-08-22,4226.0,036810
2016-08-23,4389.0,036810
2016-08-24,4414.0,036810
2016-08-25,4374.0,036810
2016-08-26,4251.0,036810
2016-08-29,3965.0,036810
2016-08-30,4015.0,036810
2016-08-31,3882.0,036810
2016-09-01,3882.0,036810
2016-09-02,4010.0,036810
2016-09-05,3965.0,036810
2016-09-06,4143.0,036810
2016-09-07,4055.0,036810
2016-09-08,3882.0,036810
2016-09-09,3862.0,036810
2016-09-12,3804.0,036810
2016-09-13,3804.0,036810
2016-09-19,3877.0,036810
2016-09-20,3872.0,036810
2016-09-21,3852.0,036810
2016-09-22,3932.0,036810
2016-09-23,3941.0,036810
2016-09-26,3862.0,036810
2016-09-27,3917.0,036810
2016-09-28,3956.0,036810
2016-09-29,3970.0,036810
2016-09-30,3902.0,036810
2016-10-04,4064.0,036810
2016-10-05,4055.0,036810
2016-10-06,4059.0,036810
2016-10-07,4055.0,036810
2016-10-10,4113.0,036810
2016-10-11,4020.0,036810
2016-10-12,4005.0,036810
2016-10-13,3872.0,036810
2016-10-14,3828.0,036810
2016-10-17,3857.0,036810
2016-10-18,3843.0,036810
2016-10-19,3809.0,036810
2016-10-20,3814.0,036810
2016-10-21,3774.0,036810
2016-10-24,3754.0,036810
2016-10-25,3705.0,036810
2016-10-26,3710.0,036810
2016-10-27,3774.0,036810
2016-10-28,3804.0,036810
2016-10-31,3696.0,036810
2016-11-01,3715.0,036810
2016-11-02,3592.0,036810
2016-11-03,3597.0,036810
2016-11-04,3626.0,036810
2016-11-07,3720.0,036810
2016-11-08,3715.0,036810
2016-11-09,3484.0,036810
2016-11-10,3597.0,036810
2016-11-11,3774.0,036810
2016-11-14,3867.0,036810
2016-11-15,3907.0,036810
2016-11-16,3892.0,036810
2016-11-17,3907.0,036810
2016-11-18,3882.0,036810
2016-11-21,3867.0,036810
2016-11-22,3882.0,036810
2016-11-23,3838.0,036810
2016-11-24,3818.0,036810
2016-11-25,3814.0,036810
2016-11-28,3789.0,036810
2016-11-29,3794.0,036810
2016-11-30,3956.0,036810
2016-12-01,3838.0,036810
2016-12-02,3867.0,036810
2016-12-05,3696.0,036810
2016-12-06,3730.0,036810
2016-12-07,3720.0,036810
2016-12-08,3735.0,036810
2016-12-09,3735.0,036810
2016-12-12,3814.0,036810
2016-12-13,3912.0,036810
2016-12-14,3951.0,036810
2016-12-15,3922.0,036810
2016-12-16,4064.0,036810
2016-12-19,4064.0,036810
2016-12-20,4103.0,036810
2016-12-21,4108.0,036810
2016-12-22,4040.0,036810
2016-12-23,4083.0,036810
2016-12-26,4128.0,036810
2016-12-27,4098.0,036810
2016-12-28,4158.0,036810
2016-12-29,4153.0,036810
2017-01-02,4266.0,036810
2017-01-03,4236.0,036810
2017-01-04,4153.0,036810
2017-01-05,4158.0,036810
2017-01-06,4163.0,036810
2017-01-09,4182.0,036810
2017-01-10,4148.0,036810
2017-01-11,4143.0,036810
2017-01-12,4118.0,036810
2017-01-13,4010.0,036810
2017-01-16,4015.0,036810
2017-01-17,3907.0,036810
2017-01-18,3922.0,036810
2017-01-19,3922.0,036810
2017-01-20,3951.0,036810
2017-01-23,3902.0,036810
2017-01-24,3937.0,036810
2017-01-25,3897.0,036810
2017-01-26,4113.0,036810
2017-01-31,4133.0,036810
2017-02-01,4187.0,036810
2017-02-02,4113.0,036810
2017-02-03,4025.0,036810
2017-02-06,4005.0,036810
2017-02-07,4069.0,036810
2017-02-08,4108.0,036810
2017-02-09,4226.0,036810
2017-02-10,4221.0,036810
2017-02-13,4191.0,036810
2017-02-14,4138.0,036810
2017-02-15,4191.0,036810
2017-02-16,4359.0,036810
2017-02-17,4374.0,036810
2017-02-20,4417.0,036810
2017-02-21,4457.0,036810
2017-02-22,4324.0,036810
2017-02-23,4296.0,036810
2017-02-24,4296.0,036810
2017-02-27,4236.0,036810
2017-02-28,4296.0,036810
2017-03-02,4374.0,036810
2017-03-03,4304.0,036810
2017-03-06,4422.0,036810
2017-03-07,4422.0,036810
2017-03-08,4472.0,036810
2017-03-09,4580.0,036810
2017-03-10,4540.0,036810
2017-03-13,4522.0,036810
2017-03-14,4497.0,036810
2017-03-15,4447.0,036810
2017-03-16,4477.0,036810
2017-03-17,4492.0,036810
2017-03-20,4427.0,036810
2017-03-21,4374.0,036810
2017-03-22,4266.0,036810
2017-03-23,4276.0,036810
2017-03-24,4399.0,036810
2017-03-27,4409.0,036810
2017-03-28,4531.0,036810
2017-03-29,5258.0,036810
2017-03-30,5278.0,036810
2017-03-31,5111.0,036810
2017-04-03,5298.0,036810
2017-04-04,4964.0,036810
2017-04-05,5150.0,036810
2017-04-06,5288.0,036810
2017-04-07,5288.0,036810
2017-04-10,4964.0,036810
2017-04-11,4909.0,036810
2017-04-12,4983.0,036810
2017-04-13,5082.0,036810
2017-04-14,5022.0,036810
2017-04-17,5219.0,036810
2017-04-18,5150.0,036810
2017-04-19,5396.0,036810
2017-04-20,5082.0,036810
2017-04-21,5012.0,036810
2017-04-24,4743.0,036810
2017-04-25,4753.0,036810
2017-04-26,4870.0,036810
2017-04-27,4757.0,036810
2017-04-28,4728.0,036810
2017-05-02,4762.0,036810
2017-05-04,4974.0,036810
2017-05-08,4944.0,036810
2017-05-10,5022.0,036810
2017-05-11,5150.0,036810
2017-05-12,5082.0,036810
2017-05-15,5003.0,036810
2017-05-16,4894.0,036810
2017-05-17,4851.0,036810
2017-05-18,4856.0,036810
2017-05-19,4894.0,036810
2017-05-22,4791.0,036810
2017-05-23,4944.0,036810
2017-05-24,4944.0,036810
2017-05-25,5003.0,036810
2017-05-26,4944.0,036810
2017-05-29,4836.0,036810
2017-05-30,4890.0,036810
2017-05-31,4875.0,036810
2017-06-01,4993.0,036810
2017-06-02,4944.0,036810
2017-06-05,4899.0,036810
2017-06-07,5042.0,036810
2017-06-08,5101.0,036810
2017-06-09,5052.0,036810
2017-06-12,4954.0,036810
2017-06-13,4890.0,036810
2017-06-14,4776.0,036810
2017-06-15,4673.0,036810
2017-06-16,4757.0,036810
2017-06-19,4743.0,036810
2017-06-20,4658.0,036810
2017-06-21,4610.0,036810
2017-06-22,4658.0,036810
2017-06-23,4728.0,036810
2017-06-26,4713.0,036810
2017-06-27,4762.0,036810
2017-06-28,4821.0,036810
2017-06-29,5012.0,036810
2017-06-30,5012.0,036810
2017-07-03,4974.0,036810
2017-07-04,5111.0,036810
2017-07-05,5150.0,036810
2017-07-06,4924.0,036810
2017-07-07,4841.0,036810
2017-07-10,4738.0,036810
2017-07-11,4698.0,036810
2017-07-12,4811.0,036810
2017-07-13,4816.0,036810
2017-07-14,4748.0,036810
2017-07-17,4762.0,036810
2017-07-18,4934.0,036810
2017-07-19,5012.0,036810
2017-07-20,5062.0,036810
2017-07-21,4993.0,036810
2017-07-24,5209.0,036810
2017-07-25,4993.0,036810
2017-07-26,4983.0,036810
2017-07-27,4993.0,036810
2017-07-28,4885.0,036810
2017-07-31,5131.0,036810
2017-08-01,5092.0,036810
2017-08-02,5180.0,036810
2017-08-03,4806.0,036810
2017-08-04,4683.0,036810
2017-08-07,4688.0,036810
2017-08-08,4801.0,036810
2017-08-09,4640.0,036810
2017-08-10,4462.0,036810
2017-08-11,4595.0,036810
2017-08-14,4644.0,036810
2017-08-16,4831.0,036810
2017-08-17,4841.0,036810
2017-08-18,4791.0,036810
2017-08-21,4801.0,036810
2017-08-22,4796.0,036810
2017-08-23,4718.0,036810
2017-08-24,4801.0,036810
2017-08-25,4811.0,036810
2017-08-28,4791.0,036810
2017-08-29,4683.0,036810
2017-08-30,4698.0,036810
2017-08-31,4688.0,036810
2017-09-01,4811.0,036810
2017-09-04,4728.0,036810
2017-09-05,4668.0,036810
2017-09-06,4644.0,036810
2017-09-07,4635.0,036810
2017-09-08,4625.0,036810
2017-09-11,4575.0,036810
2017-09-12,4535.0,036810
2017-09-13,4502.0,036810
2017-09-14,4422.0,036810
2017-09-15,4236.0,036810
2017-09-18,4437.0,036810
2017-09-19,4487.0,036810
2017-09-20,4432.0,036810
2017-09-21,4364.0,036810
2017-09-22,4246.0,036810
2017-09-25,3927.0,036810
2017-09-26,4020.0,036810
2017-09-27,4055.0,036810
2017-09-28,3990.0,036810
2017-09-29,4128.0,036810
2017-10-10,4030.0,036810
2017-10-11,4187.0,036810
2017-10-12,4138.0,036810
2017-10-13,4069.0,036810
2017-10-16,3912.0,036810
2017-10-17,3946.0,036810
2017-10-18,3877.0,036810
2017-10-19,4030.0,036810
2017-10-20,4020.0,036810
2017-10-23,3937.0,036810
2017-10-24,4010.0,036810
2017-10-25,4025.0,036810
2017-10-26,3980.0,036810
2017-10-27,3937.0,036810
2017-10-30,4025.0,036810
2017-10-31,4191.0,036810
2017-11-01,4404.0,036810
2017-11-02,4276.0,036810
2017-11-03,4216.0,036810
2017-11-06,4339.0,036810
2017-11-07,4334.0,036810
2017-11-08,4319.0,036810
2017-11-09,4324.0,036810
2017-11-10,4329.0,036810
2017-11-13,4432.0,036810
2017-11-14,4442.0,036810
2017-11-15,4487.0,036810
2017-11-16,4507.0,036810
2017-11-17,4688.0,036810
2017-11-20,4698.0,036810
2017-11-21,4762.0,036810
2017-11-22,4934.0,036810
2017-11-23,5111.0,036810
2017-11-24,5209.0,036810
2017-11-27,5111.0,036810
2017-11-28,5111.0,036810
2017-11-29,5465.0,036810
2017-11-30,5721.0,036810
2017-12-01,5878.0,036810
2017-12-04,5760.0,036810
2017-12-05,6163.0,036810
2017-12-06,6585.0,036810
2017-12-07,6881.0,036810
2017-12-08,6557.0,036810
2017-12-11,6901.0,036810
2017-12-12,6537.0,036810
2017-12-13,6193.0,036810
2017-12-14,6193.0,036810
2017-12-15,6055.0,036810
2017-12-18,5789.0,036810
2017-12-19,5947.0,036810
2017-12-20,5583.0,036810
2017-12-21,5514.0,036810
2017-12-22,5563.0,036810
2017-12-26,5318.0,036810
2017-12-27,5534.0,036810
2017-12-28,5347.0,036810
2018-01-02,5436.0,036810
2018-01-03,5681.0,036810
2018-01-04,5770.0,036810
2018-01-05,5662.0,036810
2018-01-08,5593.0,036810
2018-01-09,5583.0,036810
2018-01-10,5701.0,036810
2018-01-11,5691.0,036810
2018-01-12,5504.0,036810
2018-01-15,5485.0,036810
2018-01-16,5996.0,036810
2018-01-17,6222.0,036810
2018-01-18,6389.0,036810
2018-01-19,5897.0,036810
2018-01-22,5770.0,036810
2018-01-23,5730.0,036810
2018-01-24,5809.0,036810
2018-01-25,5897.0,036810
2018-01-26,5868.0,036810
2018-01-29,5652.0,036810
2018-01-30,5632.0,036810
2018-01-31,5455.0,036810
2018-02-01,5681.0,036810
2018-02-02,5573.0,036810
2018-02-05,5239.0,036810
2018-02-06,4983.0,036810
2018-02-07,5111.0,036810
2018-02-08,5583.0,036810
2018-02-09,5553.0,036810
2018-02-12,5553.0,036810
2018-02-13,5337.0,036810
2018-02-14,5632.0,036810
2018-02-19,5681.0,036810
2018-02-20,5612.0,036810
2018-02-21,5701.0,036810
2018-02-22,5504.0,036810
2018-02-23,5730.0,036810
2018-02-26,5730.0,036810
2018-02-27,5662.0,036810
2018-02-28,5504.0,036810
2018-03-02,5406.0,036810
2018-03-05,5219.0,036810
2018-03-06,5367.0,036810
2018-03-07,5209.0,036810
2018-03-08,5367.0,036810
2018-03-09,5553.0,036810
2018-03-12,5642.0,036810
2018-03-13,5563.0,036810
2018-03-14,5652.0,036810
2018-03-15,5553.0,036810
2018-03-16,5553.0,036810
2018-03-19,5475.0,036810
2018-03-20,5514.0,036810
2018-03-21,5573.0,036810
2018-03-22,5760.0,036810
2018-03-23,5357.0,036810
2018-03-26,5455.0,036810
2018-03-27,5593.0,036810
2018-03-28,5544.0,036810
2018-03-29,5553.0,036810
2018-03-30,5897.0,036810
2018-04-02,5779.0,036810
2018-04-03,5524.0,036810
2018-04-04,5376.0,036810
2018-04-05,5436.0,036810
2018-04-06,5337.0,036810
2018-04-09,5406.0,036810
2018-04-10,5396.0,036810
2018-04-11,5426.0,036810
2018-04-12,5534.0,036810
2018-04-13,5553.0,036810
2018-04-16,5701.0,036810
2018-04-17,5622.0,036810
2018-04-18,5544.0,036810
2018-04-19,5858.0,036810
2018-04-20,5711.0,036810
2018-04-23,5534.0,036810
2018-04-24,5465.0,036810
2018-04-25,5347.0,036810
2018-04-26,5396.0,036810
2018-04-27,5436.0,036810
2018-04-30,5347.0,036810
2018-05-02,5416.0,036810
2018-05-03,5603.0,036810
2018-05-04,5593.0,036810
2018-05-08,5770.0,036810
2018-05-09,6065.0,036810
2018-05-10,6163.0,036810
2018-05-11,6713.0,036810
2018-05-14,6675.0,036810
2018-05-15,6979.0,036810
2018-05-16,6999.0,036810
2018-05-17,6575.0,036810
2018-05-18,7185.0,036810
2018-05-21,7127.0,036810
2018-05-23,7028.0,036810
2018-05-24,6683.0,036810
2018-05-25,6693.0,036810
2018-05-28,6821.0,036810
2018-05-29,6566.0,036810
2018-05-30,6497.0,036810
2018-05-31,6683.0,036810
2018-06-01,6349.0,036810
2018-06-04,6340.0,036810
2018-06-05,6321.0,036810
2018-06-07,6537.0,036810
2018-06-08,6251.0,036810
2018-06-11,6193.0,036810
2018-06-12,6212.0,036810
2018-06-14,6281.0,036810
2018-06-15,6025.0,036810
2018-06-18,5603.0,036810
2018-06-19,5514.0,036810
2018-06-20,5809.0,036810
2018-06-21,5809.0,036810
2018-06-22,5730.0,036810
2018-06-25,5721.0,036810
2018-06-26,5583.0,036810
2018-06-27,5681.0,036810
2018-06-28,5534.0,036810
2018-06-29,5612.0,036810
2018-07-02,5239.0,036810
2018-07-03,5308.0,036810
2018-07-04,5386.0,036810
2018-07-05,5288.0,036810
2018-07-06,5436.0,036810
2018-07-09,5544.0,036810
2018-07-10,5612.0,036810
2018-07-11,5612.0,036810
2018-07-12,5711.0,036810
2018-07-13,5721.0,036810
2018-07-16,5671.0,036810
2018-07-17,5671.0,036810
2018-07-18,5662.0,036810
2018-07-19,5583.0,036810
2018-07-20,5632.0,036810
2018-07-23,5121.0,036810
2018-07-24,5327.0,036810
2018-07-25,5298.0,036810
2018-07-26,5544.0,036810
2018-07-27,5750.0,036810
2018-07-30,5760.0,036810
2018-07-31,5799.0,036810
2018-08-01,6094.0,036810
2018-08-02,5996.0,036810
2018-08-03,6045.0,036810
2018-08-06,5976.0,036810
2018-08-07,6055.0,036810
2018-08-08,6015.0,036810
2018-08-09,5976.0,036810
2018-08-10,5917.0,036810
2018-08-13,5593.0,036810
2018-08-14,5730.0,036810
2018-08-16,5622.0,036810
2018-08-17,5494.0,036810
2018-08-20,5544.0,036810
2018-08-21,5662.0,036810
2018-08-22,5721.0,036810
2018-08-23,5642.0,036810
2018-08-24,5721.0,036810
2018-08-27,5681.0,036810
2018-08-28,5740.0,036810
2018-08-29,5976.0,036810
2018-08-30,5986.0,036810
2018-08-31,6005.0,036810
2018-09-03,6035.0,036810
2018-09-04,6075.0,036810
2018-09-05,5927.0,036810
2018-09-06,5966.0,036810
2018-09-07,5839.0,036810
2018-09-10,5671.0,036810
2018-09-11,5642.0,036810
2018-09-12,5622.0,036810
2018-09-13,5544.0,036810
2018-09-14,5642.0,036810
2018-09-17,5504.0,036810
2018-09-18,5494.0,036810
2018-09-19,5347.0,036810
2018-09-20,5396.0,036810
2018-09-21,5298.0,036810
2018-09-27,5288.0,036810
2018-09-28,5180.0,036810
2018-10-01,5455.0,036810
2018-10-02,5298.0,036810
2018-10-04,5092.0,036810
2018-10-05,4885.0,036810
2018-10-08,4870.0,036810
2018-10-10,4781.0,036810
2018-10-11,4531.0,036810
2018-10-12,4668.0,036810
2018-10-15,4531.0,036810
2018-10-16,4590.0,036810
2018-10-17,4753.0,036810
2018-10-18,4748.0,036810
2018-10-19,4678.0,036810
2018-10-22,4713.0,036810
2018-10-23,4540.0,036810
2018-10-24,4457.0,036810
2018-10-25,4216.0,036810
2018-10-26,4030.0,036810
2018-10-29,3784.0,036810
2018-10-30,3848.0,036810
2018-10-31,4035.0,036810
2018-11-01,4035.0,036810
2018-11-02,4221.0,036810
2018-11-05,4177.0,036810
2018-11-06,4256.0,036810
2018-11-07,4226.0,036810
2018-11-08,4296.0,036810
2018-11-09,4236.0,036810
2018-11-12,4168.0,036810
2018-11-13,4113.0,036810
2018-11-14,4286.0,036810
2018-11-15,4512.0,036810
2018-11-16,4462.0,036810
2018-11-19,4432.0,036810
2018-11-20,4286.0,036810
2018-11-21,4196.0,036810
2018-11-22,4138.0,036810
2018-11-23,4010.0,036810
2018-11-26,4153.0,036810
2018-11-27,4158.0,036810
2018-11-28,4191.0,036810
2018-11-29,4216.0,036810
2018-11-30,4158.0,036810
2018-12-03,4177.0,036810
2018-12-04,4133.0,036810
2018-12-05,4064.0,036810
2018-12-06,3833.0,036810
2018-12-07,3956.0,036810
2018-12-10,3823.0,036810
2018-12-11,3764.0,036810
2018-12-12,3862.0,036810
2018-12-13,3932.0,036810
2018-12-14,3809.0,036810
2018-12-17,3804.0,036810
2018-12-18,3715.0,036810
2018-12-19,3696.0,036810
2018-12-20,3631.0,036810
2018-12-21,3631.0,036810
2018-12-24,3671.0,036810
2018-12-26,3636.0,036810
2018-12-27,3656.0,036810
2018-12-28,3730.0,036810
2019-01-02,3646.0,036810
2019-01-03,3317.0,036810
2019-01-04,3312.0,036810
2019-01-07,3474.0,036810
2019-01-08,3568.0,036810
2019-01-09,3666.0,036810
2019-01-10,3676.0,036810
2019-01-11,3715.0,036810
2019-01-14,3686.0,036810
2019-01-15,3700.0,036810
2019-01-16,3720.0,036810
2019-01-17,3852.0,036810
2019-01-18,3892.0,036810
2019-01-21,4015.0,036810
2019-01-22,3965.0,036810
2019-01-23,4020.0,036810
2019-01-24,4103.0,036810
2019-01-25,4226.0,036810
2019-01-28,4168.0,036810
2019-01-29,4158.0,036810
2019-01-30,4974.0,036810
2019-01-31,5367.0,036810
2019-02-01,5298.0,036810
2019-02-07,5092.0,036810
2019-02-08,5209.0,036810
2019-02-11,5111.0,036810
2019-02-12,6035.0,036810
2019-02-13,6035.0,036810
2019-02-14,6379.0,036810
2019-02-15,6222.0,036810
2019-02-18,6163.0,036810
2019-02-19,6045.0,036810
2019-02-20,6183.0,036810
2019-02-21,6241.0,036810
2019-02-22,6222.0,036810
2019-02-25,6271.0,036810
2019-02-26,6349.0,036810
2019-02-27,6321.0,036810
2019-02-28,5897.0,036810
2019-03-04,6133.0,036810
2019-03-05,5976.0,036810
2019-03-06,5986.0,036810
2019-03-07,5779.0,036810
2019-03-08,5652.0,036810
2019-03-11,5662.0,036810
2019-03-12,6005.0,036810
2019-03-13,6045.0,036810
2019-03-14,6409.0,036810
2019-03-15,6487.0,036810
2019-03-18,6291.0,036810
2019-03-19,6251.0,036810
2019-03-20,6143.0,036810
2019-03-21,6645.0,036810
2019-03-22,6547.0,036810
2019-03-25,6281.0,036810
2019-03-26,6487.0,036810
2019-03-27,6241.0,036810
2019-03-28,5848.0,036810
2019-03-29,5986.0,036810
2019-04-01,6025.0,036810
2019-04-02,5789.0,036810
2019-04-03,6241.0,036810
2019-04-04,6349.0,036810
2019-04-05,7461.0,036810
2019-04-08,7618.0,036810
2019-04-09,7441.0,036810
2019-04-10,7264.0,036810
2019-04-11,7245.0,036810
2019-04-12,7579.0,036810
2019-04-15,7323.0,036810
2019-04-16,7127.0,036810
2019-04-17,7019.0,036810
2019-04-18,6841.0,036810
2019-04-19,6881.0,036810
2019-04-22,7264.0,036810
2019-04-23,7175.0,036810
2019-04-24,7549.0,036810
2019-04-25,7628.0,036810
2019-04-26,7353.0,036810
2019-04-29,7883.0,036810
2019-04-30,7756.0,036810
2019-05-02,7647.0,036810
2019-05-03,7539.0,036810
2019-05-07,7519.0,036810
2019-05-08,6939.0,036810
2019-05-09,6517.0,036810
2019-05-10,6615.0,036810
2019-05-13,6231.0,036810
2019-05-14,6557.0,036810
2019-05-15,6949.0,036810
2019-05-16,7618.0,036810
2019-05-17,8218.0,036810
2019-05-20,7697.0,036810
2019-05-21,7687.0,036810
2019-05-22,7608.0,036810
2019-05-23,7500.0,036810
2019-05-24,7647.0,036810
2019-05-27,6615.0,036810
2019-05-28,6547.0,036810
2019-05-29,6783.0,036810
2019-05-30,6901.0,036810
2019-05-31,6949.0,036810
2019-06-03,6901.0,036810
2019-06-04,6831.0,036810
2019-06-05,7667.0,036810
2019-06-07,8178.0,036810
2019-06-10,8257.0,036810
2019-06-11,8542.0,036810
2019-06-12,8355.0,036810
2019-06-13,8493.0,036810
2019-06-14,8178.0,036810
2019-06-17,8168.0,036810
2019-06-18,7972.0,036810
2019-06-19,7706.0,036810
2019-06-20,7814.0,036810
2019-06-21,7687.0,036810
2019-06-24,7618.0,036810
2019-06-25,7274.0,036810
2019-06-26,7461.0,036810
2019-06-27,7431.0,036810
2019-06-28,7598.0,036810
2019-07-01,7588.0,036810
2019-07-02,8119.0,036810
2019-07-03,8129.0,036810
2019-07-04,8070.0,036810
2019-07-05,7687.0,036810
2019-07-08,6811.0,036810
2019-07-09,6635.0,036810
2019-07-10,7019.0,036810
2019-07-11,7293.0,036810
2019-07-12,7274.0,036810
2019-07-15,7362.0,036810
2019-07-16,8158.0,036810
2019-07-17,7923.0,036810
2019-07-18,8110.0,036810
2019-07-19,7824.0,036810
2019-07-22,7942.0,036810
2019-07-23,7569.0,036810
2019-07-24,7175.0,036810
2019-07-25,7303.0,036810
2019-07-26,7077.0,036810
2019-07-29,6399.0,036810
2019-07-30,6841.0,036810
2019-07-31,7038.0,036810
2019-08-01,6851.0,036810
2019-08-02,7087.0,036810
2019-08-05,6802.0,036810
2019-08-06,6665.0,036810
2019-08-07,6693.0,036810
2019-08-08,6891.0,036810
2019-08-09,7303.0,036810
2019-08-12,7215.0,036810
2019-08-13,7274.0,036810
2019-08-14,7205.0,036810
2019-08-16,6783.0,036810
2019-08-19,6881.0,036810
2019-08-20,7185.0,036810
2019-08-21,7107.0,036810
2019-08-22,6920.0,036810
2019-08-23,6939.0,036810
2019-08-26,6615.0,036810
2019-08-27,6605.0,036810
2019-08-28,6655.0,036810
2019-08-29,6448.0,036810
2019-08-30,6507.0,036810
2019-09-02,6497.0,036810
2019-09-03,6655.0,036810
2019-09-04,6910.0,036810
2019-09-05,7028.0,036810
2019-09-06,6979.0,036810
2019-09-09,6783.0,036810
2019-09-10,6675.0,036810
2019-09-11,6645.0,036810
2019-09-16,6831.0,036810
2019-09-17,6753.0,036810
2019-09-18,6773.0,036810
2019-09-19,6989.0,036810
2019-09-20,6999.0,036810
2019-09-23,7038.0,036810
2019-09-24,7019.0,036810
2019-09-25,6773.0,036810
2019-09-26,6802.0,036810
2019-09-27,6773.0,036810
2019-09-30,6655.0,036810
2019-10-01,6703.0,036810
2019-10-02,6703.0,036810
2019-10-04,6625.0,036810
2019-10-07,6448.0,036810
2019-10-08,6743.0,036810
2019-10-10,6497.0,036810
2019-10-11,6615.0,036810
2019-10-14,6989.0,036810
2019-10-15,7038.0,036810
2019-10-16,7146.0,036810
2019-10-17,7009.0,036810
2019-10-18,6949.0,036810
2019-10-21,6989.0,036810
2019-10-22,6999.0,036810
2019-10-23,6831.0,036810
2019-10-24,6949.0,036810
2019-10-25,7421.0,036810
2019-10-28,7323.0,036810
2019-10-29,7382.0,036810
2019-10-30,6979.0,036810
2019-10-31,6939.0,036810
2019-11-01,6910.0,036810
2019-11-04,6939.0,036810
2019-11-05,6881.0,036810
2019-11-06,6811.0,036810
2019-11-07,6733.0,036810
2019-11-08,6635.0,036810
2019-11-11,6575.0,036810
2019-11-12,6773.0,036810
2019-11-13,6713.0,036810
2019-11-14,6547.0,036810
2019-11-15,6693.0,036810
2019-11-18,6773.0,036810
2019-11-19,6733.0,036810
2019-11-20,6625.0,036810
2019-11-21,6477.0,036810
2019-11-22,6487.0,036810
2019-11-25,6585.0,036810
2019-11-26,6763.0,036810
2019-11-27,6655.0,036810
2019-11-28,6585.0,036810
2019-11-29,6203.0,036810
2019-12-02,6183.0,036810
2019-12-03,6085.0,036810
2019-12-04,6005.0,036810
2019-12-05,5996.0,036810
2019-12-06,6094.0,036810
2019-12-09,6133.0,036810
2019-12-10,6015.0,036810
2019-12-11,6143.0,036810
2019-12-12,6133.0,036810
2019-12-13,6547.0,036810
2019-12-16,7038.0,036810
2019-12-17,7225.0,036810
2019-12-18,7225.0,036810
2019-12-19,7245.0,036810
2019-12-20,7313.0,036810
2019-12-23,7293.0,036810
2019-12-24,7372.0,036810
2019-12-26,7461.0,036810
2019-12-27,7510.0,036810
2019-12-30,7618.0,036810
2020-01-02,7844.0,036810
2020-01-03,7942.0,036810
2020-01-06,8228.0,036810
2020-01-07,7923.0,036810
2020-01-08,8041.0,036810
2020-01-09,9190.0,036810
2020-01-10,8650.0,036810
2020-01-13,8582.0,036810
2020-01-14,8552.0,036810
2020-01-15,8346.0,036810
2020-01-16,9054.0,036810
2020-01-17,8906.0,036810
2020-01-20,8896.0,036810
2020-01-21,8680.0,036810
2020-01-22,9142.0,036810
2020-01-23,9014.0,036810
2020-01-28,8719.0,036810
2020-01-29,8680.0,036810
2020-01-30,8690.0,036810
2020-01-31,8316.0,036810
2020-02-03,8650.0,036810
2020-02-04,8828.0,036810
2020-02-05,8394.0,036810
2020-02-06,8512.0,036810
2020-02-07,8690.0,036810
2020-02-10,8630.0,036810
2020-02-11,8680.0,036810
2020-02-12,9092.0,036810
2020-02-13,9063.0,036810
2020-02-14,9289.0,036810
2020-02-17,9280.0,036810
2020-02-18,9054.0,036810
2020-02-19,9466.0,036810
2020-02-20,9240.0,036810
2020-02-21,8964.0,036810
2020-02-24,8650.0,036810
2020-02-25,8710.0,036810
2020-02-26,8384.0,036810
2020-02-27,8110.0,036810
2020-02-28,7628.0,036810
2020-03-02,7942.0,036810
2020-03-03,7932.0,036810
2020-03-04,8139.0,036810
2020-03-05,8286.0,036810
2020-03-06,8060.0,036810
2020-03-09,7539.0,036810
2020-03-10,7756.0,036810
2020-03-11,7471.0,036810
2020-03-12,7028.0,036810
2020-03-13,6457.0,036810
2020-03-16,5858.0,036810
2020-03-17,5829.0,036810
2020-03-18,5111.0,036810
2020-03-19,4064.0,036810
2020-03-20,4718.0,036810
2020-03-23,4658.0,036810
2020-03-24,5327.0,036810
2020-03-25,5652.0,036810
2020-03-26,5770.0,036810
2020-03-27,5996.0,036810
2020-03-30,6075.0,036810
2020-03-31,6193.0,036810
2020-04-01,6173.0,036810
2020-04-02,6379.0,036810
2020-04-03,6369.0,036810
2020-04-06,6753.0,036810
2020-04-07,7117.0,036810
2020-04-08,7067.0,036810
2020-04-09,7077.0,036810
2020-04-10,6979.0,036810
2020-04-13,6547.0,036810
2020-04-14,6910.0,036810
2020-04-16,7057.0,036810
2020-04-17,7215.0,036810
2020-04-20,7146.0,036810
2020-04-21,7097.0,036810
2020-04-22,7057.0,036810
2020-04-23,7637.0,036810
2020-04-24,7746.0,036810
2020-04-27,7864.0,036810
2020-04-28,7736.0,036810
2020-04-29,7874.0,036810
2020-05-04,7913.0,036810
2020-05-06,8090.0,036810
2020-05-07,8286.0,036810
2020-05-08,8296.0,036810
2020-05-11,8119.0,036810
2020-05-12,8139.0,036810
2020-05-13,8080.0,036810
2020-05-14,8129.0,036810
2020-05-15,8856.0,036810
2020-05-18,9172.0,036810
2020-05-19,9162.0,036810
2020-05-20,11305.0,036810
2020-05-21,11501.0,036810
2020-05-22,12632.0,036810
2020-05-25,13516.0,036810
2020-05-26,13664.0,036810
2020-05-27,13124.0,036810
2020-05-28,13172.0,036810
2020-05-29,12779.0,036810
2020-06-01,15335.0,036810
2020-06-02,15729.0,036810
2020-06-03,15335.0,036810
2020-06-04,16073.0,036810
2020-06-05,17154.0,036810
2020-06-08,20053.0,036810
2020-06-09,18973.0,036810
2020-06-10,18973.0,036810
2020-06-11,19022.0,036810
2020-06-12,20644.0,036810
2020-06-15,20644.0,036810
2020-06-16,23642.0,036810
2020-06-17,25903.0,036810
2020-06-18,26149.0,036810
2020-06-19,27673.0,036810
2020-06-22,29099.0,036810
2020-06-23,29688.0,036810
2020-06-24,32146.0,036810
2020-06-25,35292.0,036810
2020-06-26,28509.0,036810
2020-06-29,28607.0,036810
2020-06-30,24577.0,036810
2020-07-01,22954.0,036810
2020-07-02,25559.0,036810
2020-07-03,28951.0,036810
2020-07-06,29541.0,036810
2020-07-07,28312.0,036810
2020-07-08,28459.0,036810
2020-07-09,28066.0,036810
2020-07-10,27378.0,036810
2020-07-13,27820.0,036810
2020-07-14,26838.0,036810
2020-07-15,26002.0,036810
2020-07-16,25559.0,036810
2020-07-17,25854.0,036810
2020-07-20,24085.0,036810
2020-07-21,25363.0,036810
2020-07-22,27083.0,036810
2020-07-23,26936.0,036810
2020-07-24,25854.0,036810
2020-07-27,27476.0,036810
2020-07-28,27230.0,036810
2020-07-29,26149.0,036810
2020-07-30,28017.0,036810
2020-07-31,26936.0,036810
2020-08-03,24577.0,036810
2020-08-04,23741.0,036810
2020-08-05,24035.0,036810
2020-08-06,23642.0,036810
2020-08-07,23741.0,036810
2020-08-10,24331.0,036810
2020-08-11,23839.0,036810
2020-08-12,22954.0,036810
2020-08-13,23102.0,036810
2020-08-14,23200.0,036810
2020-08-18,21283.0,036810
2020-08-19,22806.0,036810
2020-08-20,21184.0,036810
2020-08-21,20889.0,036810
2020-08-24,21774.0,036810
2020-08-25,21578.0,036810
2020-08-26,20840.0,036810
2020-08-27,20398.0,036810
2020-08-28,20497.0,036810
2020-08-31,22856.0,036810
2020-09-01,24133.0,036810
2020-09-02,24281.0,036810
2020-09-03,23937.0,036810
2020-09-04,22806.0,036810
2020-09-07,22512.0,036810
2020-09-08,23102.0,036810
2020-09-09,22512.0,036810
2020-09-10,23986.0,036810
2020-09-11,24675.0,036810
2020-09-14,24331.0,036810
2020-09-15,24331.0,036810
2020-09-16,23003.0,036810
2020-09-17,22905.0,036810
2020-09-18,22364.0,036810
2020-09-21,21676.0,036810
2020-09-22,21676.0,036810
2020-09-23,22512.0,036810
2020-09-24,21578.0,036810
2020-09-25,21283.0,036810
2020-09-28,22070.0,036810
2020-09-29,21725.0,036810
2020-10-05,21725.0,036810
2020-10-06,22610.0,036810
2020-10-07,22512.0,036810
2020-10-08,22266.0,036810
2020-10-12,23937.0,036810
2020-10-13,24035.0,036810
2020-10-14,23200.0,036810
2020-10-15,22266.0,036810
2020-10-16,22118.0,036810
2020-10-19,21234.0,036810
2020-10-20,21381.0,036810
2020-10-21,21480.0,036810
2020-10-22,20595.0,036810
2020-10-23,19709.0,036810
2020-10-26,18334.0,036810
2020-10-27,18874.0,036810
2020-10-28,19661.0,036810
2020-10-29,19809.0,036810
2020-10-30,19563.0,036810
2020-11-02,19709.0,036810
2020-11-03,20103.0,036810
2020-11-04,20497.0,036810
2020-11-05,21381.0,036810
2020-11-06,21283.0,036810
2020-11-09,21332.0,036810
2020-11-10,21725.0,036810
2020-11-11,21430.0,036810
2020-11-12,21627.0,036810
2020-11-13,21676.0,036810
2020-11-16,22560.0,036810
2020-11-17,21922.0,036810
2020-11-18,22070.0,036810
2020-11-19,22758.0,036810
2020-11-20,22708.0,036810
2020-11-23,22560.0,036810
2020-11-24,23150.0,036810
2020-11-25,22560.0,036810
2020-11-26,23691.0,036810
2020-11-27,23691.0,036810
2020-11-30,23691.0,036810
2020-12-01,23937.0,036810
2020-12-02,23937.0,036810
2020-12-03,23396.0,036810
2020-12-04,23593.0,036810
2020-12-07,23495.0,036810
2020-12-08,24773.0,036810
2020-12-09,24331.0,036810
2020-12-10,27328.0,036810
2020-12-11,27476.0,036810
2020-12-14,27820.0,036810
2020-12-15,27182.0,036810
2020-12-16,26198.0,036810
2020-12-17,26690.0,036810
2020-12-18,26592.0,036810
2020-12-21,25903.0,036810
2020-12-22,24527.0,036810
2020-12-23,24232.0,036810
2020-12-24,24477.0,036810
2020-12-28,24035.0,036810
2020-12-29,25067.0,036810
2020-12-30,26198.0,036810
2021-01-04,30180.0,036810
2021-01-05,31802.0,036810
2021-01-06,31458.0,036810
2021-01-07,31360.0,036810
2021-01-08,31261.0,036810
2021-01-11,31064.0,036810
2021-01-12,30671.0,036810
2021-01-13,30868.0,036810
2021-01-14,31704.0,036810
2021-01-15,31752.0,036810
2021-01-18,30229.0,036810
2021-01-19,30573.0,036810
2021-01-20,31556.0,036810
2021-01-21,31310.0,036810
2021-01-22,31458.0,036810
2021-01-25,32687.0,036810
2021-01-26,32146.0,036810
2021-01-27,31212.0,036810
2021-01-28,29245.0,036810
2021-01-29,27427.0,036810
2021-02-01,28213.0,036810
2021-02-02,28853.0,036810
2021-02-03,30032.0,036810
2021-02-04,30081.0,036810
2021-02-05,32981.0,036810
2021-02-08,31458.0,036810
2021-02-09,31802.0,036810
2021-02-10,31458.0,036810
2021-02-15,32392.0,036810
2021-02-16,34505.0,036810
2021-02-17,33423.0,036810
2021-02-18,32490.0,036810
2021-02-19,34013.0,036810
2021-02-22,33423.0,036810
2021-02-23,33375.0,036810
2021-02-24,31162.0,036810
2021-02-25,32392.0,036810
2021-02-26,31162.0,036810
2021-03-02,31605.0,036810
2021-03-03,31162.0,036810
2021-03-04,30327.0,036810
2021-03-05,29688.0,036810
2021-03-08,29934.0,036810
2021-03-09,29885.0,036810
2021-03-10,29099.0,036810
2021-03-11,29393.0,036810
2021-03-12,30130.0,036810
2021-03-15,29983.0,036810
2021-03-16,30671.0,036810
2021-03-17,29983.0,036810
2021-03-18,29934.0,036810
2021-03-19,29885.0,036810
2021-03-22,29934.0,036810
2021-03-23,29491.0,036810
2021-03-24,29295.0,036810
2021-03-25,28951.0,036810
2021-03-26,28017.0,036810
2021-03-29,27378.0,036810
2021-03-30,28361.0,036810
2021-03-31,27820.0,036810
2021-04-01,28263.0,036810
2021-04-02,28557.0,036810
2021-04-05,28951.0,036810
2021-04-06,29491.0,036810
2021-04-07,28999.0,036810
2021-04-08,28459.0,036810
2021-04-09,28213.0,036810
2021-04-12,27919.0,036810
2021-04-13,28410.0,036810
2021-04-14,28263.0,036810
2021-04-15,27968.0,036810
2021-04-16,28263.0,036810
2021-04-19,29295.0,036810
2021-04-20,29491.0,036810
2021-04-21,29885.0,036810
2021-04-22,29344.0,036810
2021-04-23,29491.0,036810
2021-04-26,29835.0,036810
2021-04-27,29049.0,036810
2021-04-28,27968.0,036810
2021-04-29,27525.0,036810
2021-04-30,27919.0,036810
2021-05-03,27525.0,036810
2021-05-04,27525.0,036810
2021-05-06,27525.0,036810
2021-05-07,27328.0,036810
2021-05-10,27378.0,036810
2021-05-11,26738.0,036810
2021-05-12,26149.0,036810
2021-05-13,25952.0,036810
2021-05-14,26838.0,036810
2021-05-17,26984.0,036810
2021-05-18,27820.0,036810
2021-05-20,27820.0,036810
2021-05-21,27427.0,036810
2021-05-24,27034.0,036810
2021-05-25,27673.0,036810
2021-05-26,28361.0,036810
2021-05-27,28557.0,036810
2021-05-28,28607.0,036810
2021-05-31,29344.0,036810
2021-06-01,28901.0,036810
2021-06-02,29049.0,036810
2021-06-03,29443.0,036810
2021-06-04,29147.0,036810
2021-06-07,29639.0,036810
2021-06-08,29295.0,036810
2021-06-09,28901.0,036810
2021-06-10,28655.0,036810
2021-06-11,27624.0,036810
2021-06-14,26788.0,036810
2021-06-15,26886.0,036810
2021-06-16,26542.0,036810
2021-06-17,26640.0,036810
2021-06-18,26690.0,036810
2021-06-21,25854.0,036810
2021-06-22,25461.0,036810
2021-06-23,25412.0,036810
2021-06-24,25215.0,036810
2021-06-25,26050.0,036810
2021-06-28,26198.0,036810
2021-06-29,26100.0,036810
2021-06-30,26493.0,036810
2021-07-01,26149.0,036810
2021-07-02,25657.0,036810
2021-07-05,25854.0,036810
2021-07-06,26002.0,036810
2021-07-07,25805.0,036810
2021-07-08,25461.0,036810
2021-07-09,27820.0,036810
2021-07-12,27525.0,036810
2021-07-13,26936.0,036810
2021-07-14,26640.0,036810
2021-07-15,28312.0,036810
2021-07-16,27427.0,036810
2021-07-19,26738.0,036810
2021-07-20,26838.0,036810
2021-07-21,25952.0,036810
2021-07-22,26394.0,036810
2021-07-23,26100.0,036810
2021-07-26,26149.0,036810
2021-07-27,26542.0,036810
2021-07-28,26248.0,036810
2021-07-29,26002.0,036810
2021-07-30,26050.0,036810
2021-08-02,26592.0,036810
2021-08-03,27083.0,036810
2021-08-04,27328.0,036810
2021-08-05,27230.0,036810
2021-08-06,27230.0,036810
2021-08-09,28361.0,036810
2021-08-10,27820.0,036810
2021-08-11,26738.0,036810
2021-08-12,26886.0,036810
2021-08-13,27280.0,036810
2021-08-17,27574.0,036810
2021-08-18,27328.0,036810
2021-08-19,26296.0,036810
2021-08-20,25707.0,036810
2021-08-23,25854.0,036810
2021-08-24,27182.0,036810
2021-08-25,26788.0,036810
2021-08-26,26394.0,036810
2021-08-27,26444.0,036810
2021-08-30,26542.0,036810
2021-08-31,27525.0,036810
2021-09-01,27427.0,036810
2021-09-02,27230.0,036810
2021-09-03,27968.0,036810
2021-09-06,28164.0,036810
2021-09-07,28017.0,036810
2021-09-08,27230.0,036810
2021-09-09,26640.0,036810
2021-09-10,26788.0,036810
2021-09-13,26198.0,036810
2021-09-14,26346.0,036810
2021-09-15,26444.0,036810
2021-09-16,26149.0,036810
2021-09-17,26936.0,036810
2021-09-23,27132.0,036810
2021-09-24,27919.0,036810
2021-09-27,27132.0,036810
2021-09-28,26346.0,036810
2021-09-29,26002.0,036810
2021-09-30,26248.0,036810
2021-10-01,25657.0,036810
2021-10-05,25608.0,036810
2021-10-06,24281.0,036810
2021-10-07,24723.0,036810
2021-10-08,23839.0,036810
2021-10-12,22806.0,036810
2021-10-13,22708.0,036810
2021-10-14,23691.0,036810
2021-10-15,24085.0,036810
2021-10-18,24085.0,036810
2021-10-19,24331.0,036810
2021-10-20,24232.0,036810
2021-10-21,23789.0,036810
2021-10-22,24035.0,036810
2021-10-25,24183.0,036810
2021-10-26,24871.0,036810
2021-10-27,24675.0,036810
2021-10-28,25067.0,036810
2021-10-29,25067.0,036810
2021-11-01,24723.0,036810
2021-11-02,25019.0,036810
2021-11-03,24577.0,036810
2021-11-04,24527.0,036810
2021-11-05,24871.0,036810
2021-11-08,24821.0,036810
2021-11-09,24625.0,036810
2021-11-10,23741.0,036810
2021-11-11,23298.0,036810
2021-11-12,23888.0,036810
2021-11-15,25067.0,036810
2021-11-16,24675.0,036810
2021-11-17,24281.0,036810
2021-11-18,23789.0,036810
2021-11-19,25019.0,036810
2021-11-22,25707.0,036810
2021-11-23,24871.0,036810
2021-11-24,24281.0,036810
2021-11-25,23691.0,036810
2021-11-26,23150.0,036810
2021-11-29,22168.0,036810
2021-11-30,21528.0,036810
2021-12-01,22315.0,036810
2021-12-02,24429.0,036810
2021-12-03,24821.0,036810
2021-12-06,25067.0,036810
2021-12-07,25657.0,036810
2021-12-08,25657.0,036810
2021-12-09,25166.0,036810
2021-12-10,24477.0,036810
2021-12-13,24429.0,036810
2021-12-14,24625.0,036810
2021-12-15,24331.0,036810
2021-12-16,24477.0,036810
2021-12-17,23986.0,036810
2021-12-20,23593.0,036810
2021-12-21,24379.0,036810
2021-12-22,24281.0,036810
2021-12-23,24577.0,036810
2021-12-24,25510.0,036810
2021-12-27,24821.0,036810
2021-12-28,24920.0,036810
2021-12-29,24577.0,036810
2021-12-30,24920.0,036810
2022-01-03,25952.0,036810
2022-01-04,25952.0,036810
2022-01-05,24920.0,036810
2022-01-06,24331.0,036810
2022-01-07,24871.0,036810
2022-01-10,24331.0,036810
2022-01-11,23986.0,036810
2022-01-12,24429.0,036810
2022-01-13,23888.0,036810
2022-01-14,23839.0,036810
2022-01-17,23642.0,036810
2022-01-18,22708.0,036810
2022-01-19,22806.0,036810
2022-01-20,23102.0,036810
2022-01-21,22659.0,036810
2022-01-24,22758.0,036810
2022-01-25,22560.0,036810
2022-01-26,22462.0,036810
2022-01-27,21578.0,036810
2022-01-28,22168.0,036810
2022-02-03,22414.0,036810
2022-02-04,22708.0,036810
2022-02-07,22216.0,036810
2022-02-08,21528.0,036810
2022-02-09,21922.0,036810
2022-02-10,21824.0,036810
2022-02-11,21627.0,036810
2022-02-14,20644.0,036810
2022-02-15,20299.0,036810
2022-02-16,21283.0,036810
2022-02-17,20889.0,036810
2022-02-18,20988.0,036810
2022-02-21,20889.0,036810
2022-02-22,20299.0,036810
2022-02-23,20398.0,036810
2022-02-24,19955.0,036810
2022-02-25,20398.0,036810
2022-02-28,20349.0,036810
2022-03-02,20497.0,036810
2022-03-03,21135.0,036810
2022-03-04,20497.0,036810
2022-03-07,19857.0,036810
2022-03-08,19563.0,036810
2022-03-10,20742.0,036810
2022-03-11,20595.0,036810
2022-03-14,20005.0,036810
2022-03-15,19809.0,036810
2022-03-16,20595.0,036810
2022-03-17,20840.0,036810
2022-03-18,21135.0,036810
2022-03-21,21037.0,036810
2022-03-22,21135.0,036810
2022-03-23,21086.0,036810
2022-03-24,21578.0,036810
2022-03-25,22070.0,036810
2022-03-28,22659.0,036810
2022-03-29,22659.0,036810
2022-03-30,22708.0,036810
2022-03-31,22512.0,036810
2022-04-01,22070.0,036810
2022-04-04,22560.0,036810
2022-04-05,22806.0,036810
2022-04-06,22070.0,036810
2022-04-07,22020.0,036810
2022-04-08,22020.0,036810
2022-04-11,21480.0,036810
2022-04-12,21234.0,036810
2022-04-13,21627.0,036810
2022-04-14,21430.0,036810
2022-04-15,21234.0,036810
2022-04-18,21332.0,036810
2022-04-19,22118.0,036810
2022-04-20,22414.0,036810
2022-04-21,22610.0,036810
2022-04-22,22020.0,036810
2022-04-25,21332.0,036810
2022-04-26,21824.0,036810
2022-04-27,21430.0,036810
2022-04-28,21578.0,036810
2022-04-29,21922.0,036810
2022-05-02,21480.0,036810
2022-05-03,21922.0,036810
2022-05-04,21480.0,036810
2022-05-06,20742.0,036810
2022-05-09,20103.0,036810
2022-05-10,19661.0,036810
2022-05-11,20053.0,036810
2022-05-12,19317.0,036810
2022-05-13,19759.0,036810
2022-05-16,19513.0,036810
2022-05-17,18825.0,036810
2022-05-18,18678.0,036810
2022-05-19,18382.0,036810
2022-05-20,19022.0,036810
2022-05-23,19071.0,036810
2022-05-24,18530.0,036810
2022-05-25,18628.0,036810
2022-05-26,18727.0,036810
2022-05-27,18727.0,036810
2022-05-30,18973.0,036810
2022-05-31,18923.0,036810
2022-06-02,18874.0,036810
2022-06-03,19857.0,036810
2022-06-07,19415.0,036810
2022-06-08,19317.0,036810
2022-06-09,18973.0,036810
2022-06-10,19022.0,036810
2022-06-13,17547.0,036810
2022-06-14,17154.0,036810
2022-06-15,16220.0,036810
2022-06-16,16711.0,036810
2022-06-17,16121.0,036810
2022-06-20,14991.0,036810
2022-06-21,15089.0,036810
2022-06-22,13910.0,036810
2022-06-23,13664.0,036810
2022-06-24,14647.0,036810
2022-06-27,15139.0,036810
2022-06-28,15089.0,036810
2022-06-29,14843.0,036810
2022-06-30,14303.0,036810
2022-07-01,13812.0,036810
2022-07-04,14008.0,036810
2022-07-05,14499.0,036810
2022-07-06,14057.0,036810
2022-07-07,14303.0,036810
2022-07-08,14401.0,036810
2022-07-11,14156.0,036810
2022-07-12,13468.0,036810
2022-07-13,14057.0,036810
2022-07-14,13910.0,036810
2022-07-15,14008.0,036810
2022-07-18,14696.0,036810
2022-07-19,14843.0,036810
2022-07-20,14795.0,036810
2022-07-21,15139.0,036810
2022-07-22,14942.0,036810
2022-07-25,14795.0,036810
2022-07-26,15040.0,036810
2022-07-27,15286.0,036810
2022-07-28,15187.0,036810
2022-07-29,15335.0,036810
2022-08-01,15139.0,036810
2022-08-02,15040.0,036810
2022-08-03,15237.0,036810
2022-08-04,15335.0,036810
2022-08-05,15483.0,036810
2022-08-08,15040.0,036810
2022-08-09,14745.0,036810
2022-08-10,14254.0,036810
2022-08-11,14893.0,036810
2022-08-12,15139.0,036810
2022-08-16,15040.0,036810
2022-08-17,14549.0,036810
2022-08-18,14647.0,036810
2022-08-19,14254.0,036810
2022-08-22,13860.0,036810
2022-08-23,13664.0,036810
2022-08-24,14008.0,036810
2022-08-25,14450.0,036810
2022-08-26,14204.0,036810
2022-08-29,13762.0,036810
2022-08-30,14303.0,036810
2022-08-31,14303.0,036810
2022-09-01,13614.0,036810
2022-09-02,13516.0,036810
2022-09-05,13074.0,036810
2022-09-06,13664.0,036810
2022-09-07,12878.0,036810
2022-09-08,13024.0,036810
2022-09-13,14008.0,036810
2022-09-14,13368.0,036810
2022-09-15,13024.0,036810
2022-09-16,12878.0,036810
2022-09-19,12730.0,036810
2022-09-20,13074.0,036810
2022-09-21,13024.0,036810
2022-09-22,12681.0,036810
2022-09-23,12337.0,036810
2022-09-26,11403.0,036810
2022-09-27,11796.0,036810
2022-09-28,11157.0,036810
2022-09-29,10961.0,036810
2022-09-30,10715.0,036810
2022-10-04,11599.0,036810
2022-10-05,11403.0,036810
2022-10-06,12091.0,036810
2022-10-07,12091.0,036810
2022-10-11,11599.0,036810
2022-10-12,11796.0,036810
2022-10-13,11157.0,036810
2022-10-14,11649.0,036810
2022-10-17,11353.0,036810
2022-10-18,11501.0,036810
2022-10-19,11107.0,036810
2022-10-20,10862.0,036810
2022-10-21,10813.0,036810
2022-10-24,11599.0,036810
2022-10-25,11943.0,036810
2022-10-26,12533.0,036810
2022-10-27,12976.0,036810
2022-10-28,12632.0,036810
2022-10-31,13270.0,036810
2022-11-01,13320.0,036810
2022-11-02,13074.0,036810
2022-11-03,13024.0,036810
2022-11-04,12730.0,036810
2022-11-07,12976.0,036810
2022-11-08,13910.0,036810
2022-11-09,14204.0,036810
2022-11-10,13614.0,036810
2022-11-11,14549.0,036810
2022-11-14,14156.0,036810
2022-11-15,15237.0,036810
2022-11-16,15385.0,036810
2022-11-17,16957.0,036810
2022-11-18,16466.0,036810
2022-11-21,15875.0,036810
2022-11-22,15483.0,036810
2022-11-23,15679.0,036810
2022-11-24,16515.0,036810
2022-11-25,16318.0,036810
2022-11-28,15483.0,036810
2022-11-29,16220.0,036810
2022-11-30,15827.0,036810
2022-12-01,16564.0,036810
2022-12-02,15925.0,036810
2022-12-05,16859.0,036810
2022-12-06,16613.0,036810
2022-12-07,16564.0,036810
2022-12-08,16121.0,036810
2022-12-09,16711.0,036810
2022-12-12,16023.0,036810
2022-12-13,16121.0,036810
2022-12-14,16908.0,036810
2022-12-15,16417.0,036810
2022-12-16,16023.0,036810
2022-12-19,16121.0,036810
2022-12-20,15679.0,036810
2022-12-21,15925.0,036810
2022-12-22,16318.0,036810
2022-12-23,15581.0,036810
2022-12-26,15875.0,036810
2022-12-27,15827.0,036810
2022-12-28,15187.0,036810
2022-12-29,15335.0,036810
2023-01-02,15089.0,036810
2023-01-03,15335.0,036810
2023-01-04,15827.0,036810
2023-01-05,15875.0,036810
2023-01-06,16466.0,036810
2023-01-09,16564.0,036810
2023-01-10,16220.0,036810
2023-01-11,16711.0,036810
2023-01-12,16269.0,036810
2023-01-13,16515.0,036810
2023-01-16,16318.0,036810
2023-01-17,15925.0,036810
2023-01-18,16073.0,036810
2023-01-19,16171.0,036810
2023-01-20,16171.0,036810
2023-01-25,20988.0,036810
2023-01-26,22610.0,036810
2023-01-27,22610.0,036810
2023-01-30,22806.0,036810
2023-01-31,22414.0,036810
2023-02-01,21872.0,036810
2023-02-02,22512.0,036810
2023-02-03,21234.0,036810
2023-02-06,21135.0,036810
2023-02-07,21283.0,036810
2023-02-08,21725.0,036810
2023-02-09,22020.0,036810
2023-02-10,21824.0,036810
2023-02-13,21578.0,036810
2023-02-14,21922.0,036810
2023-02-15,21135.0,036810
2023-02-16,22216.0,036810
2023-02-17,21234.0,036810
2023-02-20,21332.0,036810
2023-02-21,20791.0,036810
2023-02-22,20447.0,036810
2023-02-23,20693.0,036810
2023-02-24,21086.0,036810
2023-02-27,20349.0,036810
2023-02-28,20693.0,036810
2023-03-02,21135.0,036810
2023-03-03,20742.0,036810
2023-03-06,21922.0,036810
2023-03-07,20889.0,036810
2023-03-08,20349.0,036810
2023-03-09,20053.0,036810
2023-03-10,19346.0,036810
2023-03-13,19601.0,036810
2023-03-14,18933.0,036810
2023-03-15,19759.0,036810
2023-03-16,21037.0,036810
2023-03-17,21234.0,036810
2023-03-20,21037.0,036810
2023-03-21,20742.0,036810
2023-03-22,21725.0,036810
2023-03-23,21283.0,036810
2023-03-24,22364.0,036810
2023-03-27,22610.0,036810
2023-03-28,23052.0,036810
2023-03-29,22954.0,036810
2023-03-30,24133.0,036810
2023-03-31,25215.0,036810
2023-04-03,25510.0,036810
2023-04-04,25756.0,036810
2023-04-05,25166.0,036810
2023-04-06,24577.0,036810
2023-04-07,25461.0,036810
2023-04-10,25756.0,036810
2023-04-11,26346.0,036810
2023-04-12,24625.0,036810
2023-04-13,24675.0,036810
2023-04-14,24379.0,036810
2023-04-17,24429.0,036810
2023-04-18,23249.0,036810
2023-04-19,23150.0,036810
2023-04-20,22659.0,036810
2023-04-21,22659.0,036810
2023-04-24,22659.0,036810
2023-04-25,21971.0,036810
2023-04-26,21872.0,036810
2023-04-27,21971.0,036810
2023-04-28,21480.0,036810
2023-05-02,21627.0,036810
2023-05-03,21578.0,036810
2023-05-04,21135.0,036810
2023-05-08,23741.0,036810
2023-05-09,22806.0,036810
2023-05-10,22512.0,036810
2023-05-11,21922.0,036810
2023-05-12,21824.0,036810
2023-05-15,21528.0,036810
2023-05-16,21234.0,036810
2023-05-17,21774.0,036810
2023-05-18,22315.0,036810
2023-05-19,23691.0,036810
2023-05-22,23347.0,036810
2023-05-23,23396.0,036810
2023-05-24,23642.0,036810
2023-05-25,23495.0,036810
2023-05-26,23445.0,036810
2023-05-30,24331.0,036810
2023-05-31,23937.0,036810
2023-06-01,23593.0,036810
2023-06-02,23102.0,036810
2023-06-05,23052.0,036810
2023-06-07,22954.0,036810
2023-06-08,23200.0,036810
2023-06-09,23396.0,036810
2023-06-12,23298.0,036810
2023-06-13,23445.0,036810
2023-06-14,22610.0,036810
2023-06-15,23298.0,036810
2023-06-16,23200.0,036810
2023-06-19,22758.0,036810
2023-06-20,22806.0,036810
2023-06-21,21971.0,036810
2023-06-22,21676.0,036810
2023-06-23,21578.0,036810
2023-06-26,21922.0,036810
2023-06-27,21824.0,036810
2023-06-28,21824.0,036810
2023-06-29,21824.0,036810
2023-06-30,21430.0,036810
2023-07-03,23150.0,036810
2023-07-04,23445.0,036810
2023-07-05,19857.0,036810
2023-07-06,18452.0,036810
2023-07-07,18382.0,036810
2023-07-10,17920.0,036810
2023-07-11,18461.0,036810
2023-07-12,18864.0,036810
2023-07-13,19385.0,036810
2023-07-14,20201.0,036810
2023-07-17,20644.0,036810
2023-07-18,24035.0,036810
2023-07-19,25952.0,036810
2023-07-20,26886.0,036810
2023-07-21,28164.0,036810
2023-07-24,27182.0,036810
2023-07-25,26984.0,036810
2023-07-26,25510.0,036810
2023-07-27,26149.0,036810
2023-07-28,27673.0,036810
2023-07-31,27230.0,036810
2023-08-01,27476.0,036810
2023-08-02,25215.0,036810
2023-08-03,24920.0,036810
2023-08-04,24675.0,036810
2023-08-07,24429.0,036810
2023-08-08,24085.0,036810
2023-08-09,24133.0,036810
2023-08-10,23396.0,036810
2023-08-11,23150.0,036810
2023-08-14,22659.0,036810
2023-08-16,22020.0,036810
2023-08-17,22168.0,036810
2023-08-18,21774.0,036810
2023-08-21,21824.0,036810
2023-08-22,21135.0,036810
2023-08-23,21037.0,036810
2023-08-24,21135.0,036810
2023-08-25,20349.0,036810
2023-08-28,20545.0,036810
2023-08-29,20988.0,036810
2023-08-30,21135.0,036810
2023-08-31,20988.0,036810
2023-09-01,22315.0,036810
2023-09-04,21184.0,036810
2023-09-05,21381.0,036810
2023-09-06,21037.0,036810
2023-09-07,20988.0,036810
2023-09-08,20545.0,036810
2023-09-11,20103.0,036810
2023-09-12,20299.0,036810
2023-09-13,20103.0,036810
2023-09-14,21332.0,036810
2023-09-15,21528.0,036810
2023-09-18,20398.0,036810
2023-09-19,20201.0,036810
2023-09-20,20251.0,036810
2023-09-21,19002.0,036810
2023-09-22,19435.0,036810
2023-09-25,19907.0,036810
2023-09-26,19366.0,036810
2023-09-27,19592.0,036810
2023-10-04,18894.0,036810
2023-10-05,18933.0,036810
2023-10-06,19267.0,036810
2023-10-10,19091.0,036810
2023-10-11,19641.0,036810
2023-10-12,19709.0,036810
2023-10-13,19503.0,036810
2023-10-16,19425.0,036810
2023-10-17,20153.0,036810
2023-10-18,19543.0,036810
2023-10-19,18923.0,036810
2023-10-20,18481.0,036810
2023-10-23,18373.0,036810
2023-10-24,19041.0,036810
2023-10-25,19061.0,036810
2023-10-26,18402.0,036810
2023-10-27,17950.0,036810
2023-10-30,17822.0,036810
2023-10-31,17036.0,036810
2023-11-01,17498.0,036810
2023-11-02,20939.0,036810
2023-11-03,20791.0,036810
2023-11-06,21430.0,036810
2023-11-07,21725.0,036810
2023-11-08,21676.0,036810
2023-11-09,21774.0,036810
2023-11-10,21627.0,036810
2023-11-13,21184.0,036810
2023-11-14,21430.0,036810
2023-11-15,21971.0,036810
2023-11-16,23052.0,036810
2023-11-17,22708.0,036810
2023-11-20,22708.0,036810
2023-11-21,22708.0,036810
2023-11-22,23544.0,036810
2023-11-23,22659.0,036810
2023-11-24,22610.0,036810
2023-11-27,23003.0,036810
2023-11-28,23298.0,036810
2023-11-29,23052.0,036810
2023-11-30,23445.0,036810
2023-12-01,25559.0,036810
2023-12-04,25952.0,036810
2023-12-05,23642.0,036810
2023-12-06,25412.0,036810
2023-12-07,24379.0,036810
2023-12-08,25067.0,036810
2023-12-11,26050.0,036810
2023-12-12,25854.0,036810
2023-12-13,25854.0,036810
2023-12-14,25608.0,036810
2023-12-15,25461.0,036810
2023-12-18,25412.0,036810
2023-12-19,24675.0,036810
2023-12-20,23691.0,036810
2023-12-21,24035.0,036810
2023-12-22,23937.0,036810
2023-12-26,23544.0,036810
2023-12-27,23839.0,036810
2023-12-28,24232.0,036810
2024-01-02,24379.0,036810
2024-01-03,24133.0,036810
2024-01-04,23888.0,036810
2024-01-05,23593.0,036810
2024-01-08,23544.0,036810
2024-01-09,23544.0,036810
2024-01-10,22954.0,036810
2024-01-11,23102.0,036810
2024-01-12,22708.0,036810
2024-01-15,22414.0,036810
2024-01-16,22118.0,036810
2024-01-17,21725.0,036810
2024-01-18,21528.0,036810
2024-01-19,22070.0,036810
2024-01-22,22806.0,036810
2024-01-23,22610.0,036810
2024-01-24,23544.0,036810
2024-01-25,23150.0,036810
2024-01-26,22659.0,036810
2024-01-29,21971.0,036810
2024-01-30,21627.0,036810
2024-01-31,21184.0,036810
2024-02-01,20644.0,036810
2024-02-02,22414.0,036810
2024-02-05,22708.0,036810
2024-02-06,22462.0,036810
2024-02-07,21774.0,036810
2024-02-08,21528.0,036810
2024-02-13,21528.0,036810
2024-02-14,21627.0,036810
2024-02-15,21480.0,036810
2024-02-16,21528.0,036810
2024-02-19,21184.0,036810
2024-02-20,22462.0,036810
2024-02-21,21971.0,036810
2024-02-22,24085.0,036810
2024-02-23,22610.0,036810
2024-02-26,22512.0,036810
2024-02-27,21872.0,036810
2024-02-28,22610.0,036810
2024-02-29,22118.0,036810
2024-03-04,23052.0,036810
2024-03-05,23003.0,036810
2024-03-06,23298.0,036810
2024-03-07,22806.0,036810
2024-03-08,22708.0,036810
2024-03-11,22610.0,036810
2024-03-12,23396.0,036810
2024-03-13,23544.0,036810
2024-03-14,22954.0,036810
2024-03-15,23052.0,036810
2024-03-18,23200.0,036810
2024-03-19,23249.0,036810
2024-03-20,23544.0,036810
2024-03-21,23347.0,036810
2024-03-22,22512.0,036810
2024-03-25,22216.0,036810
2024-03-26,22020.0,036810
2024-03-27,21872.0,036810
2024-03-28,21774.0,036810
2024-03-29,22266.0,036810
2024-04-01,22118.0,036810
2024-04-02,22806.0,036810
2024-04-03,22118.0,036810
2024-04-04,22806.0,036810
2024-04-05,23642.0,036810
2024-04-08,23642.0,036810
2024-04-09,27427.0,036810
2024-04-11,27280.0,036810
2024-04-12,27771.0,036810
2024-04-15,31752.0,036810
2024-04-16,30032.0,036810
2024-04-17,30081.0,036810
2024-04-18,30671.0,036810
2024-04-19,29590.0,036810
2024-04-22,29147.0,036810
2024-04-23,28164.0,036810
2024-04-24,29197.0,036810
2024-04-25,30376.0,036810
2024-04-26,31998.0,036810
2024-04-29,33129.0,036810
2024-04-30,32687.0,036810
2024-05-02,32146.0,036810
2024-05-03,30622.0,036810
2024-05-07,32637.0,036810
2024-05-08,31949.0,036810
2024-05-09,31408.0,036810
2024-05-10,29885.0,036810
2024-05-13,29147.0,036810
2024-05-14,30573.0,036810
2024-05-16,31212.0,036810
2024-05-17,31458.0,036810
2024-05-20,32342.0,036810
2024-05-21,32146.0,036810
2024-05-22,31605.0,036810
2024-05-23,31949.0,036810
2024-05-24,31016.0,036810
2024-05-27,31016.0,036810
2024-05-28,34849.0,036810
2024-05-29,33669.0,036810
2024-05-30,33523.0,036810
2024-05-31,34161.0,036810
2024-06-03,36226.0,036810
2024-06-04,35390.0,036810
2024-06-05,35194.0,036810
2024-06-07,37553.0,036810
2024-06-10,38929.0,036810
2024-06-11,39519.0,036810
2024-06-12,39912.0,036810
2024-06-13,36717.0,036810
2024-06-14,36766.0,036810
2024-06-17,36963.0,036810
2024-06-18,36029.0,036810
2024-06-19,35440.0,036810
2024-06-20,34407.0,036810
2024-06-21,33817.0,036810
2024-06-24,35440.0,036810
2024-06-25,36373.0,036810
2024-06-26,36668.0,036810
2024-06-27,37799.0,036810
2024-06-28,37799.0,036810
2024-07-01,36914.0,036810
2024-07-02,35684.0,036810
2024-07-03,35488.0,036810
2024-07-04,37061.0,036810
2024-07-05,37061.0,036810
2024-07-08,37061.0,036810
2024-07-09,36226.0,036810
2024-07-10,34997.0,036810
2024-07-11,34505.0,036810
2024-07-12,33473.0,036810
2024-07-15,32441.0,036810
2024-07-16,31998.0,036810
2024-07-17,30474.0,036810
2024-07-18,30966.0,036810
2024-07-19,30229.0,036810
2024-07-22,29590.0,036810
2024-07-23,29835.0,036810
2024-07-24,30474.0,036810
2024-07-25,28803.0,036810
2024-07-26,28017.0,036810
2024-07-29,28361.0,036810
2024-07-30,27328.0,036810
2024-07-31,29295.0,036810
2024-08-01,31114.0,036810
2024-08-02,28803.0,036810
2024-08-05,23347.0,036810
2024-08-06,25313.0,036810
2024-08-07,27574.0,036810
2024-08-08,28361.0,036810
2024-08-09,28066.0,036810
2024-08-12,27919.0,036810
2024-08-13,27427.0,036810
2024-08-14,27869.0,036810
2024-08-16,28312.0,036810
2024-08-19,28312.0,036810
2024-08-20,28213.0,036810
2024-08-21,28263.0,036810
2024-08-22,27378.0,036810
2024-08-23,26984.0,036810
2024-08-26,26738.0,036810
2024-08-27,26296.0,036810
2024-08-28,27083.0,036810
2024-08-29,26984.0,036810
2024-08-30,26542.0,036810
2024-09-02,25756.0,036810
2024-09-03,25903.0,036810
2024-09-04,24477.0,036810
2024-09-05,23544.0,036810
2024-09-06,22610.0,036810
2024-09-09,22758.0,036810
2024-09-10,22659.0,036810
2024-09-11,23052.0,036810
2024-09-12,24183.0,036810
2024-09-13,23150.0,036810
2024-09-19,22020.0,036810
2024-09-20,21627.0,036810
2024-09-23,21872.0,036810
2024-09-24,22216.0,036810
2024-09-25,21774.0,036810
2024-09-26,22610.0,036810
2024-09-27,22168.0,036810
2024-09-30,21332.0,036810
2024-10-02,21037.0,036810
2024-10-04,20742.0,036810
2024-10-07,21234.0,036810
2024-10-08,20595.0,036810
2024-10-10,20005.0,036810
2024-10-11,19857.0,036810
2024-10-14,20053.0,036810
2024-10-15,21922.0,036810
2024-10-16,20939.0,036810
2024-10-17,19857.0,036810
2024-10-18,18432.0,036810
2024-10-21,18274.0,036810
2024-10-22,17272.0,036810
2024-10-23,17822.0,036810
2024-10-24,17085.0,036810
2024-10-25,16957.0,036810
2024-10-28,17508.0,036810
2024-10-29,18137.0,036810
2024-10-30,17556.0,036810
2024-10-31,18334.0,036810
2024-11-01,17792.0,036810
2024-11-04,18186.0,036810
2024-11-05,18038.0,036810
2024-11-06,17626.0,036810
2024-11-07,17400.0,036810
2024-11-08,17360.0,036810
2024-11-11,17498.0,036810
2024-11-12,16652.0,036810
2024-11-13,16063.0,036810
2024-11-14,15984.0,036810
2024-11-15,16564.0,036810
2024-11-18,16554.0,036810
2024-11-19,16229.0,036810
2024-11-20,15955.0,036810
2024-11-21,16888.0,036810
2024-11-22,16820.0,036810
2024-11-25,17420.0,036810
2024-11-26,17586.0,036810
2024-11-27,16898.0,036810
2024-11-28,16859.0,036810
2024-11-29,16220.0,036810
2024-12-02,16171.0,036810
2024-12-03,15974.0,036810
2024-12-04,15237.0,036810
2024-12-05,15905.0,036810
2024-12-06,15149.0,036810
2024-12-09,13949.0,036810
2024-12-10,14450.0,036810
2024-12-11,15247.0,036810
2024-12-12,15571.0,036810
2024-12-13,15827.0,036810
2024-12-16,15767.0,036810
2024-12-17,16141.0,036810
2024-12-18,16357.0,036810
2024-12-19,15817.0,036810
2024-12-20,15187.0,036810
2024-12-23,16053.0,036810
2024-12-24,15925.0,036810
2024-12-26,15857.0,036810
2024-12-27,15480.0,036810
2024-12-30,15599.0,036810
2025-01-02,15629.0,036810
2025-01-03,16293.0,036810
2025-01-06,16878.0,036810
2025-01-07,16452.0,036810
2025-01-08,18167.0,036810
2025-01-09,17552.0,036810
2025-01-10,16848.0,036810
2025-01-13,17027.0,036810
2025-01-14,17423.0,036810
2025-01-15,17057.0,036810
2025-01-16,18138.0,036810
2025-01-17,18326.0,036810
2025-01-20,18524.0,036810
2025-01-21,18574.0,036810
2025-01-22,18643.0,036810
2025-01-23,18346.0,036810
2025-01-24,18921.0,036810
2025-01-31,17622.0,036810
2025-02-03,16303.0,036810
2025-02-04,16412.0,036810
2025-02-05,16600.0,036810
2025-02-06,17235.0,036810
2025-02-07,18167.0,036810
2025-02-10,18713.0,036810
2025-02-11,19813.0,036810
2025-02-12,19982.0,036810
2025-02-13,19685.0,036810
2025-02-14,20676.0,036810
2025-02-17,21271.0,036810
2025-02-18,21420.0,036810
2025-02-19,21618.0,036810
2025-02-20,21073.0,036810
2025-02-21,22908.0,036810
2025-02-24,23602.0,036810
2025-02-25,22511.0,036810
2025-02-26,22313.0,036810
2025-02-27,21767.0,036810
2025-02-28,21321.0,036810
2025-03-04,21916.0,036810
2025-03-05,21470.0,036810
2025-03-06,20131.0,036810
2025-03-07,20032.0,036810
2025-03-10,19605.0,036810
2025-03-11,19199.0,036810
2025-03-12,21222.0,036810
2025-03-13,20577.0,036810
2025-03-14,21222.0,036810
2025-03-17,22164.0,036810
2025-03-18,22213.0,036810
2025-03-19,22313.0,036810
2025-03-20,22164.0,036810
2025-03-21,21519.0,036810
2025-03-24,21023.0,036810
2025-03-25,20329.0,036810
2025-03-26,20627.0,036810
2025-03-27,20081.0,036810
2025-03-28,19823.0,036810
2025-03-31,18544.0,036810
2025-04-01,19298.0,036810
2025-04-02,18951.0,036810
2025-04-03,18643.0,036810
2025-04-04,17919.0,036810
2025-04-07,16224.0,036810
2025-04-08,16471.0,036810
2025-04-09,15986.0,036810
2025-04-10,17166.0,036810
2025-04-11,17295.0,036810
2025-04-14,17929.0,036810
2025-04-15,18742.0,036810
2025-04-16,17979.0,036810
2025-04-17,18167.0,036810
2025-04-18,18167.0,036810
2025-04-21,18177.0,036810
2025-04-22,17880.0,036810
2025-04-23,18623.0,036810
2025-04-24,18316.0,036810
2025-04-25,18475.0,036810
2025-04-28,17909.0,036810
2025-04-29,17900.0,036810
2025-04-30,17523.0,036810
2025-05-02,17820.0,036810
2025-05-07,18465.0,036810
2025-05-08,18306.0,036810
2025-05-09,17999.0,036810
2025-05-12,18703.0,036810
2025-05-13,18693.0,036810
2025-05-14,19179.0,036810
2025-05-15,18663.0,036810
2025-05-16,18524.0,036810
2025-05-19,18028.0,036810
2025-05-20,17979.0,036810
2025-05-21,17771.0,036810
2025-05-22,17106.0,036810
2025-05-23,16729.0,036810
2025-05-26,17225.0,036810
2025-05-27,16957.0,036810
2025-05-28,17354.0,036810
2025-05-29,17404.0,036810
2025-05-30,17156.0,036810
2025-06-02,17017.0,036810
2025-06-04,17364.0,036810
2025-06-05,17661.0,036810
2025-06-09,17671.0,036810
2025-06-10,17503.0,036810
2025-06-11,18147.0,036810
2025-06-12,18138.0,036810
2025-06-13,17582.0,036810
2025-06-16,17146.0,036810
2025-06-17,16898.0,036810
2025-06-18,16888.0,036810
2025-06-19,16690.0,036810
2025-06-20,16819.0,036810
2025-06-23,16214.0,036810
2025-06-24,17066.0,036810
2025-06-25,17771.0,036810
2025-06-26,17840.0,036810
2025-06-27,18048.0,036810
2025-06-30,18415.0,036810
2025-07-01,18138.0,036810
2025-07-02,17999.0,036810
2025-07-03,21023.0,036810
2025-07-04,20180.0,036810
2025-07-07,19754.0,036810
2025-07-08,19308.0,036810
2025-07-09,19090.0,036810
2025-07-10,19328.0,036810
2025-07-11,19823.0,036810
2025-07-14,20280.0,036810
2025-07-15,21668.0,036810
2025-07-16,22313.0,036810
2025-07-17,22015.0,036810
2025-07-18,20726.0,036810
2025-07-21,20527.0,036810
2025-07-22,19982.0,036810
2025-07-23,19615.0,036810
2025-07-24,19704.0,036810
2025-07-25,19625.0,036810
2025-07-28,23007.0,036810
2025-07-29,23106.0,036810
2025-07-30,23899.0,036810
2025-07-31,23255.0,036810
2025-08-01,21866.0,036810
2025-08-04,21866.0,036810
2025-08-05,21618.0,036810
2025-08-06,21271.0,036810
2025-08-07,21519.0,036810
2025-08-08,21618.0,036810
2025-08-11,22065.0,036810
2025-08-12,21569.0,036810
2025-08-13,21965.0,036810
2025-08-14,22114.0,036810
2025-08-18,20825.0,036810
2025-08-19,20527.0,036810
2025-08-20,20379.0,036810
2025-08-21,20329.0,036810
2025-08-22,20081.0,036810
2025-08-25,20230.0,036810
2025-08-26,20428.0,036810
2025-08-27,20875.0,036810
2025-08-28,21470.0,036810
2025-08-29,21519.0,036810
2025-09-01,20627.0,036810
2025-09-02,21222.0,036810
2025-09-03,24940.0,036810
2025-09-04,24990.0,036810
2025-09-05,26428.0,036810
2025-09-08,27767.0,036810
2025-09-09,27965.0,036810
2025-09-10,28709.0,036810
2025-09-11,28064.0,036810
2025-09-12,28163.0,036810
2025-09-15,30940.0,036810
2025-09-16,31932.0,036810
2025-09-17,33419.0,036810
2025-09-18,32973.0,036810
2025-09-19,32924.0,036810
2025-09-22,32725.0,036810
2025-09-23,32577.0,036810
2025-09-24,32279.0,036810
2025-09-25,30345.0,036810
2025-09-26,29056.0,036810
2025-09-29,28659.0,036810
2025-09-30,29254.0,036810
2025-10-01,29750.0,036810
2025-10-02,30990.0,036810
2025-10-10,32824.0,036810
2025-10-13,34262.0,036810
2025-10-14,32973.0,036810
2025-10-15,34114.0,036810
2025-10-16,37188.0,036810
2025-10-17,33618.0,036810
2025-10-20,34411.0,036810
2025-10-21,32676.0,036810
2025-10-22,33767.0,036810
2025-10-23,33469.0,036810
2025-10-24,38279.0,036810
2025-10-27,36791.0,036810
2025-10-28,36147.0,036810
2025-10-29,36196.0,036810
2025-10-30,35502.0,036810
2025-10-31,36395.0,036810
2025-11-03,36593.0,036810
2025-11-04,35601.0,036810
2025-11-05,33519.0,036810
2025-11-06,33767.0,036810
2025-11-07,32577.0,036810
2025-11-10,32924.0,036810
2025-11-11,33717.0,036810
2025-11-12,36494.0,036810
2025-11-13,35552.0,036810
2025-11-14,32676.0,036810
2025-11-17,33568.0,036810
2025-11-18,31634.0,036810
2025-11-19,30147.0,036810
2025-11-20,29552.0,036810
2025-11-21,26874.0,036810
2025-11-24,27271.0,036810
2025-11-25,27568.0,036810
2025-11-26,27717.0,036810
2025-11-27,27321.0,036810
2025-11-28,28213.0,036810
2025-12-01,28907.0,036810
2025-12-02,28957.0,036810
2025-12-03,29106.0,036810
2025-12-04,27618.0,036810
2025-12-05,27618.0,036810
2025-12-08,27916.0,036810
2025-12-09,27420.0,036810
2025-12-10,27172.0,036810
2025-12-11,26874.0,036810
2025-12-12,27370.0,036810
2025-12-15,26775.0,036810
2025-12-16,26031.0,036810
2025-12-17,27568.0,036810
2025-12-18,29205.0,036810
2025-12-19,29998.0,036810
2025-12-22,33816.0,036810
2025-12-23,33469.0,036810
2025-12-24,34411.0,036810
2025-12-26,35800.0,036810
2025-12-29,34300.0,036810
2025-12-30,30650.0,036810
2026-01-02,31700.0,036810
2026-01-05,31800.0,036810
2026-01-06,31700.0,036810
2026-01-07,30200.0,036810
2026-01-08,30000.0,036810
2026-01-09,29100.0,036810
2026-01-12,30100.0,036810
2026-01-13,31200.0,036810
2026-01-14,30400.0,036810
2026-01-15,30600.0,036810
2026-01-16,30650.0,036810
2026-01-19,32100.0,036810
2026-01-20,31500.0,036810
2026-01-21,31400.0,036810
2026-01-22,38800.0,036810
2026-01-23,36150.0,036810
2026-01-26,37950.0,036810
2026-01-27,39900.0,036810
2026-01-28,49550.0,036810
2026-01-29,48650.0,036810
2026-01-30,47000.0,036810
2026-02-02,42750.0,036810
2026-02-03,44450.0,036810
2026-02-04,43500.0,036810
2026-02-05,40700.0,036810
2026-02-06,40100.0,036810
2026-02-09,45050.0,036810
2026-02-10,43500.0,036810
2026-02-11,42100.0,036810
2026-02-12,43300.0,036810
2026-02-13,42800.0,036810
2026-02-19,43850.0,036810
2026-02-20,43750.0,036810
2026-02-23,41150.0,036810
2026-02-24,41350.0,036810
2026-02-25,40500.0,036810
2026-02-26,42650.0,036810
2026-02-27,44050.0,036810
2026-03-03,38700.0,036810
2026-03-04,31100.0,036810
2026-03-05,37250.0,036810
2026-03-06,39500.0,036810
2026-03-09,35000.0,036810
2026-03-10,37450.0,036810
2026-03-11,37050.0,036810
2026-03-12,45000.0,036810
2026-03-13,44550.0,036810
2026-03-16,42300.0,036810
2026-03-17,43250.0,036810
2026-03-18,44050.0,036810
2026-03-19,43000.0,036810
2026-03-20,42500.0,036810
2026-03-23,39550.0,036810
2026-03-24,42200.0,036810
2026-03-25,42150.0,036810
2026-03-26,39550.0,036810
2026-03-27,38950.0,036810
2026-03-30,38550.0,036810
2026-03-31,36500.0,036810
2026-04-01,39000.0,036810
2026-04-02,36050.0,036810
2026-04-03,37000.0,036810
2026-04-06,37200.0,036810
2026-04-07,37700.0,036810
2026-04-08,41150.0,036810
2026-04-09,40350.0,036810
2026-04-10,39450.0,036810
2026-04-13,39500.0,036810
2026-04-14,43200.0,036810
2026-04-15,42900.0,036810
2026-04-16,42850.0,036810
2026-04-17,43650.0,036810
2026-04-20,44200.0,036810
2026-04-21,44900.0,036810
2026-04-22,45000.0,036810
2026-04-23,43850.0,036810
2026-04-24,45850.0,036810
2026-04-27,45300.0,036810
2026-04-28,43700.0,036810
2026-04-29,43200.0,036810
2026-04-30,42500.0,036810
2026-05-04,43700.0,036810
2026-05-06,44100.0,036810
2026-05-07,42850.0,036810
2026-05-08,42200.0,036810
2026-05-11,41700.0,036810
2026-05-12,37900.0,036810
2026-05-13,38000.0,036810
2026-05-14,37600.0,036810
2026-05-15,34200.0,036810
2026-05-18,34700.0,036810
2026-05-19,33950.0,036810
2026-05-20,33200.0,036810
2026-05-21,34950.0,036810
2026-05-22,36150.0,036810
2026-05-26,36000.0,036810
2026-05-27,33600.0,036810
2026-05-28,32050.0,036810
2026-05-29,30500.0,036810
2026-06-01,30950.0,036810
2026-06-02,30000.0,036810
2026-06-04,31700.0,036810
2026-06-05,29100.0,036810
2026-06-08,26700.0,036810
2026-06-09,29650.0,036810
2026-06-10,29050.0,036810
2026-06-11,31600.0,036810
2026-06-12,33200.0,036810
2026-06-15,33500.0,036810
2026-06-16,31750.0,036810
2026-06-17,32400.0,036810
2026-06-18,31350.0,036810
2026-06-19,30100.0,036810
2026-06-22,30250.0,036810
2026-06-23,26450.0,036810
2026-06-24,26400.0,036810
2026-06-25,25650.0,036810
2026-06-26,24250.0,036810
2026-06-29,25900.0,036810
2026-06-30,26250.0,036810
2026-07-01,26500.0,036810
2026-07-02,23100.0,036810
2026-07-03,23950.0,036810
2026-07-06,23250.0,036810
2026-07-07,22250.0,036810
2026-07-08,20750.0,036810
2026-07-09,21250.0,036810
2026-07-10,22850.0,036810
2026-07-13,22050.0,036810
2026-07-14,21450.0,036810
2026-07-15,23100.0,036810
2026-07-16,21750.0,036810
2026-07-20,20200.0,036810
2026-07-21,20350.0,036810
2026-07-22,19880.0,036810
2026-07-23,20900.0,036810
2026-07-24,19400.0,036810
2026-07-27,20350.0,036810
2026-07-28,17890.0,036810
2026-07-29,16040.0,036810
2026-07-30,15390.0,036810
2026-07-31,18410.0,036810
2026-08-03,19280.0,036810
2026-08-04,19900.0,036810
2026-08-05,21100.0,036810
2026-08-06,20750.0,036810
2026-08-07,19990.0,036810
2026-08-10,22800.0,036810
2026-08-11,22800.0,036810
2026-08-12,26150.0,036810
2026-08-13,27150.0,036810
2026-08-14,27450.0,036810
2026-08-18,24100.0,036810
2026-08-19,23450.0,036810
2026-08-20,23700.0,036810
2026-08-21,22650.0,036810
2026-08-24,22600.0,036810
2026-08-25,27300.0,036810
2026-08-26,25650.0,036810
2026-08-27,25200.0,036810
2026-08-28,24650.0,036810
2026-08-31,26900.0,036810
2026-09-01,28100.0,036810
2026-09-02,27400.0,036810
2026-09-03,25550.0,036810
2026-09-04,25550.0,036810
2026-09-07,25500.0,036810
2026-09-08,25050.0,036810
2026-09-09,25800.0,036810
2026-09-10,26350.0,036810
2026-09-11,26350.0,036810
2026-09-14,25750.0,036810
2014-06-25,4514.0,124500
2014-06-26,4729.0,124500
2014-06-27,4471.0,124500
2014-06-30,4342.0,124500
2014-07-01,4858.0,124500
2014-07-02,5503.0,124500
2014-07-03,4858.0,124500
2014-07-04,4493.0,124500
2014-07-07,5073.0,124500
2014-07-08,5589.0,124500
2014-07-09,4901.0,124500
2014-07-10,5138.0,124500
2014-07-11,5740.0,124500
2014-07-14,4880.0,124500
2014-07-15,5009.0,124500
2014-07-16,4772.0,124500
2014-07-17,4514.0,124500
2014-07-18,4342.0,124500
2014-07-21,4514.0,124500
2014-07-22,4708.0,124500
2014-07-23,4450.0,124500
2014-07-24,4622.0,124500
2014-07-25,5202.0,124500
2014-07-28,4665.0,124500
2014-07-29,4837.0,124500
2014-07-30,4966.0,124500
2014-07-31,4579.0,124500
2014-08-01,4579.0,124500
2014-08-04,5030.0,124500
2014-08-05,4493.0,124500
2014-08-06,4321.0,124500
2014-08-07,4299.0,124500
2014-08-08,4085.0,124500
2014-08-11,4085.0,124500
2014-08-12,3999.0,124500
2014-08-13,3870.0,124500
2014-08-14,3870.0,124500
2014-08-18,3870.0,124500
2014-08-19,4385.0,124500
2014-08-20,4097.0,124500
2014-08-21,4342.0,124500
2014-08-22,4102.0,124500
2014-08-25,4102.0,124500
2014-08-26,4102.0,124500
2014-08-27,4471.0,124500
2014-08-28,3805.0,124500
2014-08-29,3805.0,124500
2014-09-01,3805.0,124500
2014-09-02,4364.0,124500
2014-09-03,4364.0,124500
2014-09-04,4299.0,124500
2014-09-05,4923.0,124500
2014-09-11,4536.0,124500
2014-09-12,4944.0,124500
2014-09-15,4729.0,124500
2014-09-16,4729.0,124500
2014-09-17,4729.0,124500
2014-09-18,4299.0,124500
2014-09-19,4299.0,124500
2014-09-22,4256.0,124500
2014-09-23,4256.0,124500
2014-09-24,4256.0,124500
2014-09-25,4214.0,124500
2014-09-26,4643.0,124500
2014-09-29,4299.0,124500
2014-09-30,4643.0,124500
2014-10-01,4385.0,124500
2014-10-02,4261.0,124500
2014-10-06,4214.0,124500
2014-10-07,4214.0,124500
2014-10-08,4171.0,124500
2014-10-10,4171.0,124500
2014-10-13,4299.0,124500
2014-10-14,4299.0,124500
2014-10-15,4140.0,124500
2014-10-16,4140.0,124500
2014-10-17,4140.0,124500
2014-10-20,4085.0,124500
2014-10-21,4042.0,124500
2014-10-22,4085.0,124500
2014-10-23,4085.0,124500
2014-10-24,4042.0,124500
2014-10-27,4042.0,124500
2014-10-28,4037.0,124500
2014-10-29,3999.0,124500
2014-10-30,3999.0,124500
2014-10-31,3999.0,124500
2014-11-03,3999.0,124500
2014-11-04,3999.0,124500
2014-11-05,4514.0,124500
2014-11-06,4261.0,124500
2014-11-07,4261.0,124500
2014-11-10,4261.0,124500
2014-11-11,4261.0,124500
2014-11-12,4261.0,124500
2014-11-13,4261.0,124500
2014-11-14,4261.0,124500
2014-11-17,4261.0,124500
2014-11-18,4261.0,124500
2014-11-19,4261.0,124500
2014-11-20,4299.0,124500
2014-11-21,4299.0,124500
2014-11-24,4493.0,124500
2014-11-25,4493.0,124500
2014-11-26,4493.0,124500
2014-11-27,4493.0,124500
2014-11-28,4493.0,124500
2014-12-01,4493.0,124500
2014-12-02,4493.0,124500
2014-12-03,4493.0,124500
2014-12-04,4493.0,124500
2014-12-05,4493.0,124500
2014-12-08,4493.0,124500
2014-12-09,4493.0,124500
2014-12-10,4493.0,124500
2014-12-11,4342.0,124500
2014-12-12,4342.0,124500
2014-12-15,4214.0,124500
2014-12-16,4214.0,124500
2014-12-17,4385.0,124500
2014-12-18,4385.0,124500
2014-12-19,4385.0,124500
2014-12-22,10000.0,124500
2014-12-23,3770.0,124500
2014-12-24,3693.0,124500
2014-12-26,3564.0,124500
2014-12-29,3323.0,124500
2014-12-30,3525.0,124500
2015-01-02,3581.0,124500
2015-01-05,3611.0,124500
2015-01-06,3886.0,124500
2015-01-07,3899.0,124500
2015-01-08,3860.0,124500
2015-01-09,4131.0,124500
2015-01-12,4750.0,124500
2015-01-13,4707.0,124500
2015-01-14,4621.0,124500
2015-01-15,4643.0,124500
2015-01-16,4944.0,124500
2015-01-19,5675.0,124500
2015-01-20,5932.0,124500
2015-01-21,6233.0,124500
2015-01-22,6706.0,124500
2015-01-23,6857.0,124500
2015-01-26,6749.0,124500
2015-01-27,6642.0,124500
2015-01-28,6986.0,124500
2015-01-29,6728.0,124500
2015-01-30,6599.0,124500
2015-02-02,6792.0,124500
2015-02-03,6749.0,124500
2015-02-04,6857.0,124500
2015-02-05,7867.0,124500
2015-02-06,7781.0,124500
2015-02-09,7265.0,124500
2015-02-10,6921.0,124500
2015-02-11,7330.0,124500
2015-02-12,7179.0,124500
2015-02-13,7179.0,124500
2015-02-16,7115.0,124500
2015-02-17,7115.0,124500
2015-02-23,7244.0,124500
2015-02-24,7287.0,124500
2015-02-25,7201.0,124500
2015-02-26,7609.0,124500
2015-02-27,8147.0,124500
2015-03-02,7910.0,124500
2015-03-03,9092.0,124500
2015-03-04,9243.0,124500
2015-03-05,9028.0,124500
2015-03-06,9587.0,124500
2015-03-09,9501.0,124500
2015-03-10,9221.0,124500
2015-03-11,9114.0,124500
2015-03-12,9286.0,124500
2015-03-13,9759.0,124500
2015-03-16,9393.0,124500
2015-03-17,9135.0,124500
2015-03-18,9243.0,124500
2015-03-19,9587.0,124500
2015-03-20,10210.0,124500
2015-03-23,9995.0,124500
2015-03-24,9995.0,124500
2015-03-25,9995.0,124500
2015-03-26,10253.0,124500
2015-03-27,10253.0,124500
2015-03-30,10339.0,124500
2015-03-31,10683.0,124500
2015-04-01,10855.0,124500
2015-04-02,11350.0,124500
2015-04-03,11350.0,124500
2015-04-06,11392.0,124500
2015-04-07,11478.0,124500
2015-04-08,11801.0,124500
2015-04-09,11930.0,124500
2015-04-10,12209.0,124500
2015-04-13,12317.0,124500
2015-04-14,12080.0,124500
2015-04-15,11951.0,124500
2015-04-16,11607.0,124500
2015-04-17,11736.0,124500
2015-04-20,11887.0,124500
2015-04-21,11758.0,124500
2015-04-22,11392.0,124500
2015-04-23,10748.0,124500
2015-04-24,10855.0,124500
2015-04-27,10877.0,124500
2015-04-28,10576.0,124500
2015-04-29,10318.0,124500
2015-04-30,10425.0,124500
2015-05-04,10210.0,124500
2015-05-06,10189.0,124500
2015-05-07,10361.0,124500
2015-05-08,10984.0,124500
2015-05-11,11994.0,124500
2015-05-12,11973.0,124500
2015-05-13,11629.0,124500
2015-05-14,11607.0,124500
2015-05-15,11478.0,124500
2015-05-18,11607.0,124500
2015-05-19,11307.0,124500
2015-05-20,11801.0,124500
2015-05-21,11672.0,124500
2015-05-22,11543.0,124500
2015-05-26,11156.0,124500
2015-05-27,11199.0,124500
2015-05-28,11049.0,124500
2015-05-29,10834.0,124500
2015-06-01,9436.0,124500
2015-06-02,9092.0,124500
2015-06-03,8383.0,124500
2015-06-04,8190.0,124500
2015-06-05,8598.0,124500
2015-06-08,8684.0,124500
2015-06-09,8491.0,124500
2015-06-10,8469.0,124500
2015-06-11,8168.0,124500
2015-06-12,8061.0,124500
2015-06-15,7953.0,124500
2015-06-16,7932.0,124500
2015-06-17,7545.0,124500
2015-06-18,7932.0,124500
2015-06-19,8340.0,124500
2015-06-22,8469.0,124500
2015-06-23,8362.0,124500
2015-06-24,8877.0,124500
2015-06-25,8813.0,124500
2015-06-26,8770.0,124500
2015-06-29,8555.0,124500
2015-06-30,8340.0,124500
2015-07-01,8254.0,124500
2015-07-02,7953.0,124500
2015-07-03,8211.0,124500
2015-07-06,8061.0,124500
2015-07-07,7652.0,124500
2015-07-08,8190.0,124500
2015-07-09,8555.0,124500
2015-07-10,8426.0,124500
2015-07-13,8727.0,124500
2015-07-14,8555.0,124500
2015-07-15,8533.0,124500
2015-07-16,8448.0,124500
2015-07-17,8813.0,124500
2015-07-20,8684.0,124500
2015-07-21,8555.0,124500
2015-07-22,8340.0,124500
2015-07-23,8340.0,124500
2015-07-24,8383.0,124500
2015-07-27,9200.0,124500
2015-07-28,8985.0,124500
2015-07-29,9006.0,124500
2015-07-30,9028.0,124500
2015-07-31,9307.0,124500
2015-08-03,9436.0,124500
2015-08-04,9436.0,124500
2015-08-05,9372.0,124500
2015-08-06,9221.0,124500
2015-08-07,8856.0,124500
2015-08-10,9006.0,124500
2015-08-11,9350.0,124500
2015-08-12,9372.0,124500
2015-08-13,9071.0,124500
2015-08-17,8748.0,124500
2015-08-18,6943.0,124500
2015-08-19,5567.0,124500
2015-08-20,5245.0,124500
2015-08-21,5159.0,124500
2015-08-24,5524.0,124500
2015-08-25,6298.0,124500
2015-08-26,6341.0,124500
2015-08-27,6298.0,124500
2015-08-28,6384.0,124500
2015-08-31,6212.0,124500
2015-09-01,6083.0,124500
2015-09-02,5997.0,124500
2015-09-03,5803.0,124500
2015-09-04,5503.0,124500
2015-09-07,5524.0,124500
2015-09-08,5460.0,124500
2015-09-09,5460.0,124500
2015-09-10,5546.0,124500
2015-09-11,6061.0,124500
2015-09-14,5889.0,124500
2015-09-15,6018.0,124500
2015-09-16,5975.0,124500
2015-09-17,5975.0,124500
2015-09-18,6083.0,124500
2015-09-21,5911.0,124500
2015-09-22,5932.0,124500
2015-09-23,5932.0,124500
2015-09-24,5782.0,124500
2015-09-25,5975.0,124500
2015-09-30,5889.0,124500
2015-10-01,5889.0,124500
2015-10-02,5975.0,124500
2015-10-05,5932.0,124500
2015-10-06,5803.0,124500
2015-10-07,5717.0,124500
2015-10-08,5717.0,124500
2015-10-12,5632.0,124500
2015-10-13,5675.0,124500
2015-10-14,5675.0,124500
2015-10-15,5760.0,124500
2015-10-16,5760.0,124500
2015-10-19,5997.0,124500
2015-10-20,5997.0,124500
2015-10-21,5932.0,124500
2015-10-22,5846.0,124500
2015-10-23,5717.0,124500
2015-10-26,5739.0,124500
2015-10-27,5717.0,124500
2015-10-28,5932.0,124500
2015-10-29,5932.0,124500
2015-10-30,5954.0,124500
2015-11-02,5932.0,124500
2015-11-03,5932.0,124500
2015-11-04,5868.0,124500
2015-11-05,5825.0,124500
2015-11-06,5803.0,124500
2015-11-09,5846.0,124500
2015-11-10,6018.0,124500
2015-11-11,5954.0,124500
2015-11-12,5524.0,124500
2015-11-13,4793.0,124500
2015-11-16,5073.0,124500
2015-11-17,5438.0,124500
2015-11-18,5932.0,124500
2015-11-19,5997.0,124500
2015-11-20,6018.0,124500
2015-11-23,6018.0,124500
2015-11-24,5846.0,124500
2015-11-25,5868.0,124500
2015-11-26,5954.0,124500
2015-11-27,5889.0,124500
2015-11-30,5803.0,124500
2015-12-01,5803.0,124500
2015-12-02,5846.0,124500
2015-12-03,5911.0,124500
2015-12-04,5846.0,124500
2015-12-07,5760.0,124500
2015-12-08,5803.0,124500
2015-12-09,5760.0,124500
2015-12-10,5524.0,124500
2015-12-11,5417.0,124500
2015-12-14,5309.0,124500
2015-12-15,5288.0,124500
2015-12-16,5417.0,124500
2015-12-17,5438.0,124500
2015-12-18,5245.0,124500
2015-12-21,5245.0,124500
2015-12-22,5116.0,124500
2015-12-23,5030.0,124500
2015-12-24,5073.0,124500
2015-12-28,5266.0,124500
2015-12-29,5760.0,124500
2015-12-30,5932.0,124500
2016-01-04,5889.0,124500
2016-01-05,5911.0,124500
2016-01-06,5803.0,124500
2016-01-07,5975.0,124500
2016-01-08,5975.0,124500
2016-01-11,5889.0,124500
2016-01-12,5481.0,124500
2016-01-13,5610.0,124500
2016-01-14,5460.0,124500
2016-01-15,5374.0,124500
2016-01-18,5288.0,124500
2016-01-19,5417.0,124500
2016-01-20,5438.0,124500
2016-01-21,5245.0,124500
2016-01-22,5223.0,124500
2016-01-25,5331.0,124500
2016-01-26,5223.0,124500
2016-01-27,5266.0,124500
2016-01-28,5202.0,124500
2016-01-29,5374.0,124500
2016-02-01,5632.0,124500
2016-02-02,5696.0,124500
2016-02-03,5610.0,124500
2016-02-04,5567.0,124500
2016-02-05,5803.0,124500
2016-02-11,5589.0,124500
2016-02-12,5331.0,124500
2016-02-15,5352.0,124500
2016-02-16,5288.0,124500
2016-02-17,5309.0,124500
2016-02-18,5395.0,124500
2016-02-19,5503.0,124500
2016-02-22,5546.0,124500
2016-02-23,5524.0,124500
2016-02-24,5352.0,124500
2016-02-25,5503.0,124500
2016-02-26,5589.0,124500
2016-02-29,5717.0,124500
2016-03-02,5760.0,124500
2016-03-03,5653.0,124500
2016-03-04,5589.0,124500
2016-03-07,5653.0,124500
2016-03-08,5589.0,124500
2016-03-09,5589.0,124500
2016-03-10,5610.0,124500
2016-03-11,5524.0,124500
2016-03-14,5589.0,124500
2016-03-15,5739.0,124500
2016-03-16,5782.0,124500
2016-03-17,5911.0,124500
2016-03-18,6470.0,124500
2016-03-21,6233.0,124500
2016-03-22,5954.0,124500
2016-03-23,6083.0,124500
2016-03-24,6319.0,124500
2016-03-25,6083.0,124500
2016-03-28,6169.0,124500
2016-03-29,5954.0,124500
2016-03-30,5997.0,124500
2016-03-31,5610.0,124500
2016-04-01,5653.0,124500
2016-04-04,5717.0,124500
2016-04-05,5589.0,124500
2016-04-06,5696.0,124500
2016-04-07,5696.0,124500
2016-04-08,5717.0,124500
2016-04-11,5739.0,124500
2016-04-12,5696.0,124500
2016-04-14,5760.0,124500
2016-04-15,5632.0,124500
2016-04-18,5395.0,124500
2016-04-19,5460.0,124500
2016-04-20,5460.0,124500
2016-04-21,5481.0,124500
2016-04-22,5546.0,124500
2016-04-25,5503.0,124500
2016-04-26,5546.0,124500
2016-04-27,5223.0,124500
2016-04-28,5073.0,124500
2016-04-29,5094.0,124500
2016-05-02,5051.0,124500
2016-05-03,5030.0,124500
2016-05-04,5159.0,124500
2016-05-09,5202.0,124500
2016-05-10,5137.0,124500
2016-05-11,5159.0,124500
2016-05-12,5180.0,124500
2016-05-13,5288.0,124500
2016-05-16,5223.0,124500
2016-05-17,5094.0,124500
2016-05-18,4772.0,124500
2016-05-19,4750.0,124500
2016-05-20,4858.0,124500
2016-05-23,4858.0,124500
2016-05-24,4686.0,124500
2016-05-25,4729.0,124500
2016-05-26,4686.0,124500
2016-05-27,4557.0,124500
2016-05-30,4514.0,124500
2016-05-31,4578.0,124500
2016-06-01,4557.0,124500
2016-06-02,4600.0,124500
2016-06-03,4664.0,124500
2016-06-07,4729.0,124500
2016-06-08,4729.0,124500
2016-06-09,4664.0,124500
2016-06-10,4342.0,124500
2016-06-13,4290.0,124500
2016-06-14,4277.0,124500
2016-06-15,4294.0,124500
2016-06-16,4204.0,124500
2016-06-17,4578.0,124500
2016-06-20,4750.0,124500
2016-06-21,4600.0,124500
2016-06-22,4858.0,124500
2016-06-23,4664.0,124500
2016-06-24,4643.0,124500
2016-06-27,4600.0,124500
2016-06-28,4664.0,124500
2016-06-29,4944.0,124500
2016-06-30,5030.0,124500
2016-07-01,5073.0,124500
2016-07-04,5030.0,124500
2016-07-05,5116.0,124500
2016-07-06,5030.0,124500
2016-07-07,4901.0,124500
2016-07-08,4793.0,124500
2016-07-11,4858.0,124500
2016-07-12,5008.0,124500
2016-07-13,4879.0,124500
2016-07-14,4879.0,124500
2016-07-15,4944.0,124500
2016-07-18,4944.0,124500
2016-07-19,5288.0,124500
2016-07-20,5739.0,124500
2016-07-21,6040.0,124500
2016-07-22,6233.0,124500
2016-07-25,8104.0,124500
2016-07-26,8039.0,124500
2016-07-27,8211.0,124500
2016-07-28,7523.0,124500
2016-07-29,7781.0,124500
2016-08-01,8125.0,124500
2016-08-02,7695.0,124500
2016-08-03,7867.0,124500
2016-08-04,7523.0,124500
2016-08-05,7136.0,124500
2016-08-08,7042.0,124500
2016-08-09,6835.0,124500
2016-08-10,6861.0,124500
2016-08-11,6870.0,124500
2016-08-12,7042.0,124500
2016-08-16,7102.0,124500
2016-08-17,6964.0,124500
2016-08-18,6801.0,124500
2016-08-19,6767.0,124500
2016-08-22,6706.0,124500
2016-08-23,6646.0,124500
2016-08-24,6758.0,124500
2016-08-25,6672.0,124500
2016-08-26,6440.0,124500
2016-08-29,6130.0,124500
2016-08-30,5993.0,124500
2016-08-31,5743.0,124500
2016-09-01,5769.0,124500
2016-09-02,5288.0,124500
2016-09-05,5116.0,124500
2016-09-06,4944.0,124500
2016-09-07,4823.0,124500
2016-09-08,4840.0,124500
2016-09-09,4935.0,124500
2016-09-12,4875.0,124500
2016-09-13,4987.0,124500
2016-09-19,5021.0,124500
2016-09-20,5021.0,124500
2016-09-21,5116.0,124500
2016-09-22,5374.0,124500
2016-09-23,5399.0,124500
2016-09-26,5374.0,124500
2016-09-27,5227.0,124500
2016-09-28,5167.0,124500
2016-09-29,5167.0,124500
2016-09-30,5159.0,124500
2016-10-04,5176.0,124500
2016-10-05,5245.0,124500
2016-10-06,5331.0,124500
2016-10-07,5270.0,124500
2016-10-10,5219.0,124500
2016-10-11,5245.0,124500
2016-10-12,5279.0,124500
2016-10-13,5288.0,124500
2016-10-14,5245.0,124500
2016-10-17,5150.0,124500
2016-10-18,5073.0,124500
2016-10-19,4909.0,124500
2016-10-20,4918.0,124500
2016-10-21,4978.0,124500
2016-10-24,4969.0,124500
2016-10-25,4858.0,124500
2016-10-26,4729.0,124500
2016-10-27,4737.0,124500
2016-10-28,4686.0,124500
2016-10-31,4514.0,124500
2016-11-01,4634.0,124500
2016-11-02,4368.0,124500
2016-11-03,4333.0,124500
2016-11-04,4282.0,124500
2016-11-07,4269.0,124500
2016-11-08,4299.0,124500
2016-11-09,3993.0,124500
2016-11-10,4183.0,124500
2016-11-11,4183.0,124500
2016-11-14,4196.0,124500
2016-11-15,4140.0,124500
2016-11-16,4247.0,124500
2016-11-17,4247.0,124500
2016-11-18,4243.0,124500
2016-11-21,4140.0,124500
2016-11-22,4208.0,124500
2016-11-23,4084.0,124500
2016-11-24,4110.0,124500
2016-11-25,4024.0,124500
2016-11-28,4024.0,124500
2016-11-29,4178.0,124500
2016-11-30,4294.0,124500
2016-12-01,4269.0,124500
2016-12-02,4217.0,124500
2016-12-05,4221.0,124500
2016-12-06,4127.0,124500
2016-12-07,4213.0,124500
2016-12-08,4217.0,124500
2016-12-09,4286.0,124500
2016-12-12,4342.0,124500
2016-12-13,4325.0,124500
2016-12-14,4234.0,124500
2016-12-15,4277.0,124500
2016-12-16,4256.0,124500
2016-12-19,4359.0,124500
2016-12-20,4359.0,124500
2016-12-21,4359.0,124500
2016-12-22,4402.0,124500
2016-12-23,4540.0,124500
2016-12-26,4711.0,124500
2016-12-27,4780.0,124500
2016-12-28,4686.0,124500
2016-12-29,4625.0,124500
2017-01-02,4634.0,124500
2017-01-03,4729.0,124500
2017-01-04,4780.0,124500
2017-01-05,4883.0,124500
2017-01-06,4883.0,124500
2017-01-09,4858.0,124500
2017-01-10,4694.0,124500
2017-01-11,4772.0,124500
2017-01-12,4797.0,124500
2017-01-13,4806.0,124500
2017-01-16,4668.0,124500
2017-01-17,4600.0,124500
2017-01-18,4505.0,124500
2017-01-19,4514.0,124500
2017-01-20,4471.0,124500
2017-01-23,4522.0,124500
2017-01-24,4445.0,124500
2017-01-25,4445.0,124500
2017-01-26,4522.0,124500
2017-01-31,4522.0,124500
2017-02-01,4557.0,124500
2017-02-02,4617.0,124500
2017-02-03,4557.0,124500
2017-02-06,4574.0,124500
2017-02-07,4479.0,124500
2017-02-08,4488.0,124500
2017-02-09,4531.0,124500
2017-02-10,4471.0,124500
2017-02-13,3374.0,124500
2017-02-14,3417.0,124500
2017-02-15,3465.0,124500
2017-02-16,3486.0,124500
2017-02-17,3503.0,124500
2017-02-20,3525.0,124500
2017-02-21,3529.0,124500
2017-02-22,3370.0,124500
2017-02-23,3353.0,124500
2017-02-24,3405.0,124500
2017-02-27,3230.0,124500
2017-02-28,3445.0,124500
2017-03-02,3605.0,124500
2017-03-03,3490.0,124500
2017-03-06,3400.0,124500
2017-03-07,3335.0,124500
2017-03-08,3350.0,124500
2017-03-09,3510.0,124500
2017-03-10,3540.0,124500
2017-03-13,3525.0,124500
2017-03-14,3540.0,124500
2017-03-15,3840.0,124500
2017-03-16,3840.0,124500
2017-03-17,3865.0,124500
2017-03-20,4020.0,124500
2017-03-21,4020.0,124500
2017-03-22,3800.0,124500
2017-03-23,4000.0,124500
2017-03-24,3930.0,124500
2017-03-27,3750.0,124500
2017-03-28,3660.0,124500
2017-03-29,3795.0,124500
2017-03-30,3835.0,124500
2017-03-31,3755.0,124500
2017-04-03,3705.0,124500
2017-04-04,3730.0,124500
2017-04-05,3750.0,124500
2017-04-06,3750.0,124500
2017-04-07,3620.0,124500
2017-04-10,3440.0,124500
2017-04-11,3380.0,124500
2017-04-12,3490.0,124500
2017-04-13,3610.0,124500
2017-04-14,3580.0,124500
2017-04-17,3550.0,124500
2017-04-18,3600.0,124500
2017-04-19,3605.0,124500
2017-04-20,4685.0,124500
2017-04-21,4485.0,124500
2017-04-24,4310.0,124500
2017-04-25,4320.0,124500
2017-04-26,4210.0,124500
2017-04-27,4100.0,124500
2017-04-28,3900.0,124500
2017-05-02,3870.0,124500
2017-05-04,3930.0,124500
2017-05-08,3920.0,124500
2017-05-10,3825.0,124500
2017-05-11,3790.0,124500
2017-05-12,3815.0,124500
2017-05-15,3820.0,124500
2017-05-16,3820.0,124500
2017-05-17,3995.0,124500
2017-05-18,3835.0,124500
2017-05-19,3825.0,124500
2017-05-22,3840.0,124500
2017-05-23,3855.0,124500
2017-05-24,3835.0,124500
2017-05-25,3785.0,124500
2017-05-26,3825.0,124500
2017-05-29,3815.0,124500
2017-05-30,3830.0,124500
2017-05-31,3890.0,124500
2017-06-01,3990.0,124500
2017-06-02,3960.0,124500
2017-06-05,3945.0,124500
2017-06-07,3915.0,124500
2017-06-08,3900.0,124500
2017-06-09,3900.0,124500
2017-06-12,3900.0,124500
2017-06-13,4015.0,124500
2017-06-14,4015.0,124500
2017-06-15,4055.0,124500
2017-06-16,4000.0,124500
2017-06-19,3915.0,124500
2017-06-20,3875.0,124500
2017-06-21,3710.0,124500
2017-06-22,3740.0,124500
2017-06-23,3770.0,124500
2017-06-26,3860.0,124500
2017-06-27,3805.0,124500
2017-06-28,3845.0,124500
2017-06-29,3895.0,124500
2017-06-30,3895.0,124500
2017-07-03,3930.0,124500
2017-07-04,3940.0,124500
2017-07-05,3900.0,124500
2017-07-06,3880.0,124500
2017-07-07,3995.0,124500
2017-07-10,3935.0,124500
2017-07-11,3940.0,124500
2017-07-12,3945.0,124500
2017-07-13,3910.0,124500
2017-07-14,3845.0,124500
2017-07-17,3865.0,124500
2017-07-18,3870.0,124500
2017-07-19,3875.0,124500
2017-07-20,3885.0,124500
2017-07-21,3885.0,124500
2017-07-24,3890.0,124500
2017-07-25,3890.0,124500
2017-07-26,3890.0,124500
2017-07-27,3915.0,124500
2017-07-28,3775.0,124500
2017-07-31,3775.0,124500
2017-08-01,3775.0,124500
2017-08-02,3780.0,124500
2017-08-03,3680.0,124500
2017-08-04,3690.0,124500
2017-08-07,3810.0,124500
2017-08-08,3790.0,124500
2017-08-09,3670.0,124500
2017-08-10,3730.0,124500
2017-08-11,3700.0,124500
2017-08-14,3700.0,124500
2017-08-16,3820.0,124500
2017-08-17,3875.0,124500
2017-08-18,3830.0,124500
2017-08-21,3830.0,124500
2017-08-22,3700.0,124500
2017-08-23,3765.0,124500
2017-08-24,3750.0,124500
2017-08-25,3755.0,124500
2017-08-28,3785.0,124500
2017-08-29,3785.0,124500
2017-08-30,3785.0,124500
2017-08-31,3740.0,124500
2017-09-01,3760.0,124500
2017-09-04,3675.0,124500
2017-09-05,3630.0,124500
2017-09-06,3650.0,124500
2017-09-07,3730.0,124500
2017-09-08,3730.0,124500
2017-09-11,3705.0,124500
2017-09-12,3750.0,124500
2017-09-13,3715.0,124500
2017-09-14,3655.0,124500
2017-09-15,3630.0,124500
2017-09-18,3640.0,124500
2017-09-19,3645.0,124500
2017-09-20,3510.0,124500
2017-09-21,3390.0,124500
2017-09-22,3305.0,124500
2017-09-25,3255.0,124500
2017-09-26,3250.0,124500
2017-09-27,3350.0,124500
2017-09-28,3420.0,124500
2017-09-29,3535.0,124500
2017-10-10,3435.0,124500
2017-10-11,3380.0,124500
2017-10-12,3460.0,124500
2017-10-13,3375.0,124500
2017-10-16,3355.0,124500
2017-10-17,3330.0,124500
2017-10-18,3320.0,124500
2017-10-19,3305.0,124500
2017-10-20,3270.0,124500
2017-10-23,3390.0,124500
2017-10-24,3400.0,124500
2017-10-25,3375.0,124500
2017-10-26,3285.0,124500
2017-10-27,3300.0,124500
2017-10-30,3300.0,124500
2017-10-31,3290.0,124500
2017-11-01,3275.0,124500
2017-11-02,3265.0,124500
2017-11-03,3265.0,124500
2017-11-06,3235.0,124500
2017-11-07,3285.0,124500
2017-11-08,3300.0,124500
2017-11-09,3235.0,124500
2017-11-10,3210.0,124500
2017-11-13,3180.0,124500
2017-11-14,3170.0,124500
2017-11-15,3095.0,124500
2017-11-16,3130.0,124500
2017-11-17,3100.0,124500
2017-11-20,3100.0,124500
2017-11-21,3100.0,124500
2017-11-22,3105.0,124500
2017-11-23,3105.0,124500
2017-11-24,3170.0,124500
2017-11-27,3165.0,124500
2017-11-28,3125.0,124500
2017-11-29,3105.0,124500
2017-11-30,3110.0,124500
2017-12-01,3155.0,124500
2017-12-04,3085.0,124500
2017-12-05,3050.0,124500
2017-12-06,3110.0,124500
2017-12-07,3125.0,124500
2017-12-08,3050.0,124500
2017-12-11,2995.0,124500
2017-12-12,2995.0,124500
2017-12-13,3025.0,124500
2017-12-14,3020.0,124500
2017-12-15,3050.0,124500
2017-12-18,2940.0,124500
2017-12-19,2990.0,124500
2017-12-20,3005.0,124500
2017-12-21,3000.0,124500
2017-12-22,2885.0,124500
2017-12-26,2945.0,124500
2017-12-27,3000.0,124500
2017-12-28,2945.0,124500
2018-01-02,2845.0,124500
2018-01-03,2900.0,124500
2018-01-04,2905.0,124500
2018-01-05,2885.0,124500
2018-01-08,2895.0,124500
2018-01-09,2820.0,124500
2018-01-10,2820.0,124500
2018-01-11,2785.0,124500
2018-01-12,2790.0,124500
2018-01-15,2790.0,124500
2018-01-16,2830.0,124500
2018-01-17,2915.0,124500
2018-01-18,3060.0,124500
2018-01-19,3160.0,124500
2018-01-22,3100.0,124500
2018-01-23,3570.0,124500
2018-01-24,3580.0,124500
2018-01-25,3620.0,124500
2018-01-26,3600.0,124500
2018-01-29,3570.0,124500
2018-01-30,3455.0,124500
2018-01-31,3760.0,124500
2018-02-01,4190.0,124500
2018-02-02,4460.0,124500
2018-02-05,4490.0,124500
2018-02-06,4580.0,124500
2018-02-07,4680.0,124500
2018-02-08,4920.0,124500
2018-02-09,4975.0,124500
2018-02-12,4935.0,124500
2018-02-13,4600.0,124500
2018-02-14,4670.0,124500
2018-02-19,4690.0,124500
2018-02-20,4620.0,124500
2018-02-21,4710.0,124500
2018-02-22,4770.0,124500
2018-02-23,4770.0,124500
2018-02-26,4755.0,124500
2018-02-27,4655.0,124500
2018-02-28,4450.0,124500
2018-03-02,4400.0,124500
2018-03-05,4600.0,124500
2018-03-06,4635.0,124500
2018-03-07,4510.0,124500
2018-03-08,4450.0,124500
2018-03-09,4570.0,124500
2018-03-12,4595.0,124500
2018-03-13,4540.0,124500
2018-03-14,4740.0,124500
2018-03-15,4780.0,124500
2018-03-16,4810.0,124500
2018-03-19,4880.0,124500
2018-03-20,4875.0,124500
2018-03-21,4895.0,124500
2018-03-22,4760.0,124500
2018-03-23,4500.0,124500
2018-03-26,4500.0,124500
2018-03-27,4695.0,124500
2018-03-28,4595.0,124500
2018-03-29,4500.0,124500
2018-03-30,4565.0,124500
2018-04-02,4620.0,124500
2018-04-03,4720.0,124500
2018-04-04,4600.0,124500
2018-04-05,4495.0,124500
2018-04-06,4500.0,124500
2018-04-09,4415.0,124500
2018-04-10,4445.0,124500
2018-04-11,4390.0,124500
2018-04-12,4230.0,124500
2018-04-13,4310.0,124500
2018-04-16,4330.0,124500
2018-04-17,4350.0,124500
2018-04-18,4325.0,124500
2018-04-19,4125.0,124500
2018-04-20,4385.0,124500
2018-04-23,4360.0,124500
2018-04-24,4360.0,124500
2018-04-25,4360.0,124500
2018-04-26,4280.0,124500
2018-04-27,4400.0,124500
2018-04-30,4375.0,124500
2018-05-02,4190.0,124500
2018-05-03,4200.0,124500
2018-05-04,4210.0,124500
2018-05-08,4065.0,124500
2018-05-09,4015.0,124500
2018-05-10,4040.0,124500
2018-05-11,3990.0,124500
2018-05-14,3875.0,124500
2018-05-15,3820.0,124500
2018-05-16,3700.0,124500
2018-05-17,3800.0,124500
2018-05-18,3835.0,124500
2018-05-21,3760.0,124500
2018-05-23,3770.0,124500
2018-05-24,3725.0,124500
2018-05-25,3635.0,124500
2018-05-28,3795.0,124500
2018-05-29,3725.0,124500
2018-05-30,3640.0,124500
2018-05-31,3640.0,124500
2018-06-01,3650.0,124500
2018-06-04,3660.0,124500
2018-06-05,3545.0,124500
2018-06-07,3345.0,124500
2018-06-08,3360.0,124500
2018-06-11,3360.0,124500
2018-06-12,3300.0,124500
2018-06-14,3200.0,124500
2018-06-15,3250.0,124500
2018-06-18,2910.0,124500
2018-06-19,2910.0,124500
2018-06-20,3010.0,124500
2018-06-21,3080.0,124500
2018-06-22,3215.0,124500
2018-06-25,3180.0,124500
2018-06-26,3105.0,124500
2018-06-27,3200.0,124500
2018-06-28,3175.0,124500
2018-06-29,3040.0,124500
2018-07-02,3060.0,124500
2018-07-03,3150.0,124500
2018-07-04,3160.0,124500
2018-07-05,3010.0,124500
2018-07-06,3015.0,124500
2018-07-09,2860.0,124500
2018-07-10,2885.0,124500
2018-07-11,3375.0,124500
2018-07-12,3395.0,124500
2018-07-13,3415.0,124500
2018-07-16,3375.0,124500
2018-07-17,3340.0,124500
2018-07-18,3260.0,124500
2018-07-19,3290.0,124500
2018-07-20,3300.0,124500
2018-07-23,3280.0,124500
2018-07-24,3170.0,124500
2018-07-25,3300.0,124500
2018-07-26,3325.0,124500
2018-07-27,3350.0,124500
2018-07-30,3295.0,124500
2018-07-31,3335.0,124500
2018-08-01,3355.0,124500
2018-08-02,3380.0,124500
2018-08-03,3400.0,124500
2018-08-06,3865.0,124500
2018-08-07,3830.0,124500
2018-08-08,3815.0,124500
2018-08-09,4060.0,124500
2018-08-10,4330.0,124500
2018-08-13,5620.0,124500
2018-08-14,5000.0,124500
2018-08-16,4850.0,124500
2018-08-17,4780.0,124500
2018-08-20,4860.0,124500
2018-08-21,4990.0,124500
2018-08-22,4995.0,124500
2018-08-23,5080.0,124500
2018-08-24,5070.0,124500
2018-08-27,4900.0,124500
2018-08-28,5110.0,124500
2018-08-29,5000.0,124500
2018-08-30,5050.0,124500
2018-08-31,4925.0,124500
2018-09-03,4940.0,124500
2018-09-04,4995.0,124500
2018-09-05,5150.0,124500
2018-09-06,5360.0,124500
2018-09-07,5360.0,124500
2018-09-10,5210.0,124500
2018-09-11,5130.0,124500
2018-09-12,5100.0,124500
2018-09-13,5160.0,124500
2018-09-14,5150.0,124500
2018-09-17,5300.0,124500
2018-09-18,5120.0,124500
2018-09-19,5030.0,124500
2018-09-20,5070.0,124500
2018-09-21,5140.0,124500
2018-09-27,5150.0,124500
2018-09-28,5120.0,124500
2018-10-01,5090.0,124500
2018-10-02,4980.0,124500
2018-10-04,4950.0,124500
2018-10-05,4945.0,124500
2018-10-08,4905.0,124500
2018-10-10,4890.0,124500
2018-10-11,4610.0,124500
2018-10-12,4850.0,124500
2018-10-15,4840.0,124500
2018-10-16,4930.0,124500
2018-10-17,5030.0,124500
2018-10-18,5020.0,124500
2018-10-19,5070.0,124500
2018-10-22,5150.0,124500
2018-10-23,5080.0,124500
2018-10-24,4835.0,124500
2018-10-25,4700.0,124500
2018-10-26,4825.0,124500
2018-10-29,4900.0,124500
2018-10-30,4970.0,124500
2018-10-31,5350.0,124500
2018-11-01,5300.0,124500
2018-11-02,5110.0,124500
2018-11-05,4870.0,124500
2018-11-06,4820.0,124500
2018-11-07,4610.0,124500
2018-11-08,4700.0,124500
2018-11-09,4550.0,124500
2018-11-12,4360.0,124500
2018-11-13,4260.0,124500
2018-11-14,4140.0,124500
2018-11-15,4225.0,124500
2018-11-16,4325.0,124500
2018-11-19,4330.0,124500
2018-11-20,4285.0,124500
2018-11-21,4210.0,124500
2018-11-22,4285.0,124500
2018-11-23,4360.0,124500
2018-11-26,4230.0,124500
2018-11-27,4180.0,124500
2018-11-28,4385.0,124500
2018-11-29,4555.0,124500
2018-11-30,4350.0,124500
2018-12-03,4395.0,124500
2018-12-04,4215.0,124500
2018-12-05,4110.0,124500
2018-12-06,4010.0,124500
2018-12-07,3860.0,124500
2018-12-10,3690.0,124500
2018-12-11,3660.0,124500
2018-12-12,3660.0,124500
2018-12-13,3625.0,124500
2018-12-14,3410.0,124500
2018-12-17,3485.0,124500
2018-12-18,3370.0,124500
2018-12-19,3510.0,124500
2018-12-20,3395.0,124500
2018-12-21,3395.0,124500
2018-12-24,3595.0,124500
2018-12-26,3385.0,124500
2018-12-27,3315.0,124500
2018-12-28,3410.0,124500
2019-01-02,3170.0,124500
2019-01-03,3140.0,124500
2019-01-04,3325.0,124500
2019-01-07,3255.0,124500
2019-01-08,3310.0,124500
2019-01-09,3390.0,124500
2019-01-10,3485.0,124500
2019-01-11,3520.0,124500
2019-01-14,3480.0,124500
2019-01-15,3520.0,124500
2019-01-16,3520.0,124500
2019-01-17,3520.0,124500
2019-01-18,3595.0,124500
2019-01-21,3575.0,124500
2019-01-22,3750.0,124500
2019-01-23,3645.0,124500
2019-01-24,3635.0,124500
2019-01-25,3630.0,124500
2019-01-28,3675.0,124500
2019-01-29,3605.0,124500
2019-01-30,3625.0,124500
2019-01-31,3680.0,124500
2019-02-01,3735.0,124500
2019-02-07,3890.0,124500
2019-02-08,3920.0,124500
2019-02-11,4125.0,124500
2019-02-12,4125.0,124500
2019-02-13,4130.0,124500
2019-02-14,4130.0,124500
2019-02-15,4190.0,124500
2019-02-18,4170.0,124500
2019-02-19,4175.0,124500
2019-02-20,4175.0,124500
2019-02-21,4205.0,124500
2019-02-22,4185.0,124500
2019-02-25,4395.0,124500
2019-02-26,4350.0,124500
2019-02-27,4150.0,124500
2019-02-28,4150.0,124500
2019-03-04,4490.0,124500
2019-03-05,4520.0,124500
2019-03-06,4510.0,124500
2019-03-07,4510.0,124500
2019-03-08,4490.0,124500
2019-03-11,4620.0,124500
2019-03-12,4685.0,124500
2019-03-13,4780.0,124500
2019-03-14,4900.0,124500
2019-03-15,4795.0,124500
2019-03-18,5170.0,124500
2019-03-19,5040.0,124500
2019-03-20,5150.0,124500
2019-03-21,5110.0,124500
2019-03-22,5070.0,124500
2019-03-25,4950.0,124500
2019-03-26,4930.0,124500
2019-03-27,4750.0,124500
2019-03-28,4750.0,124500
2019-03-29,4670.0,124500
2019-04-01,4895.0,124500
2019-04-02,4990.0,124500
2019-04-03,4955.0,124500
2019-04-04,5090.0,124500
2019-04-05,5080.0,124500
2019-04-08,5080.0,124500
2019-04-09,5060.0,124500
2019-04-10,5070.0,124500
2019-04-11,5070.0,124500
2019-04-12,5070.0,124500
2019-04-15,5040.0,124500
2019-04-16,4940.0,124500
2019-04-17,5000.0,124500
2019-04-18,5040.0,124500
2019-04-19,5050.0,124500
2019-04-22,5010.0,124500
2019-04-23,5040.0,124500
2019-04-24,5010.0,124500
2019-04-25,5020.0,124500
2019-04-26,5000.0,124500
2019-04-29,5000.0,124500
2019-04-30,4985.0,124500
2019-05-02,5180.0,124500
2019-05-03,5160.0,124500
2019-05-07,5300.0,124500
2019-05-08,5090.0,124500
2019-05-09,4910.0,124500
2019-05-10,5040.0,124500
2019-05-13,5040.0,124500
2019-05-14,4990.0,124500
2019-05-15,5000.0,124500
2019-05-16,4915.0,124500
2019-05-17,4820.0,124500
2019-05-20,4650.0,124500
2019-05-21,4680.0,124500
2019-05-22,4675.0,124500
2019-05-23,4665.0,124500
2019-05-24,4620.0,124500
2019-05-27,4560.0,124500
2019-05-28,4735.0,124500
2019-05-29,4530.0,124500
2019-05-30,4585.0,124500
2019-05-31,4695.0,124500
2019-06-03,4700.0,124500
2019-06-04,4635.0,124500
2019-06-05,4780.0,124500
2019-06-07,4950.0,124500
2019-06-10,5050.0,124500
2019-06-11,5020.0,124500
2019-06-12,5040.0,124500
2019-06-13,4920.0,124500
2019-06-14,4995.0,124500
2019-06-17,5240.0,124500
2019-06-18,5070.0,124500
2019-06-19,4960.0,124500
2019-06-20,5010.0,124500
2019-06-21,5090.0,124500
2019-06-24,5050.0,124500
2019-06-25,5010.0,124500
2019-06-26,5240.0,124500
2019-06-27,5230.0,124500
2019-06-28,5050.0,124500
2019-07-01,4780.0,124500
2019-07-02,4855.0,124500
2019-07-03,4760.0,124500
2019-07-04,4790.0,124500
2019-07-05,4765.0,124500
2019-07-08,4740.0,124500
2019-07-09,4700.0,124500
2019-07-10,4940.0,124500
2019-07-11,4860.0,124500
2019-07-12,4800.0,124500
2019-07-15,4860.0,124500
2019-07-16,4875.0,124500
2019-07-17,4885.0,124500
2019-07-18,4800.0,124500
2019-07-19,4870.0,124500
2019-07-22,4895.0,124500
2019-07-23,4835.0,124500
2019-07-24,4795.0,124500
2019-07-25,4560.0,124500
2019-07-26,4540.0,124500
2019-07-29,4290.0,124500
2019-07-30,4250.0,124500
2019-07-31,4200.0,124500
2019-08-01,4170.0,124500
2019-08-02,4165.0,124500
2019-08-05,3830.0,124500
2019-08-06,3650.0,124500
2019-08-07,3925.0,124500
2019-08-08,3990.0,124500
2019-08-09,4130.0,124500
2019-08-12,4160.0,124500
2019-08-13,4145.0,124500
2019-08-14,4195.0,124500
2019-08-16,4290.0,124500
2019-08-19,4320.0,124500
2019-08-20,4360.0,124500
2019-08-21,4370.0,124500
2019-08-22,4400.0,124500
2019-08-23,4390.0,124500
2019-08-26,4275.0,124500
2019-08-27,4335.0,124500
2019-08-28,4350.0,124500
2019-08-29,4340.0,124500
2019-08-30,4460.0,124500
2019-09-02,4460.0,124500
2019-09-03,4450.0,124500
2019-09-04,4445.0,124500
2019-09-05,4445.0,124500
2019-09-06,4445.0,124500
2019-09-09,4460.0,124500
2019-09-10,4460.0,124500
2019-09-11,4480.0,124500
2019-09-16,4500.0,124500
2019-09-17,4540.0,124500
2019-09-18,4550.0,124500
2019-09-19,4675.0,124500
2019-09-20,4690.0,124500
2019-09-23,4735.0,124500
2019-09-24,4705.0,124500
2019-09-25,4650.0,124500
2019-09-26,4535.0,124500
2019-09-27,4645.0,124500
2019-09-30,4630.0,124500
2019-10-01,4475.0,124500
2019-10-02,4275.0,124500
2019-10-04,4090.0,124500
2019-10-07,4145.0,124500
2019-10-08,4260.0,124500
2019-10-10,4280.0,124500
2019-10-11,4280.0,124500
2019-10-14,4320.0,124500
2019-10-15,4390.0,124500
2019-10-16,4370.0,124500
2019-10-17,4400.0,124500
2019-10-18,4360.0,124500
2019-10-21,4425.0,124500
2019-10-22,4265.0,124500
2019-10-23,4380.0,124500
2019-10-24,4360.0,124500
2019-10-25,4330.0,124500
2019-10-28,4375.0,124500
2019-10-29,4425.0,124500
2019-10-30,4465.0,124500
2019-10-31,4465.0,124500
2019-11-01,4480.0,124500
2019-11-04,4650.0,124500
2019-11-05,4685.0,124500
2019-11-06,4685.0,124500
2019-11-07,4685.0,124500
2019-11-08,4700.0,124500
2019-11-11,4770.0,124500
2019-11-12,4900.0,124500
2019-11-13,5200.0,124500
2019-11-14,5180.0,124500
2019-11-15,4940.0,124500
2019-11-18,5210.0,124500
2019-11-19,5390.0,124500
2019-11-20,5300.0,124500
2019-11-21,5250.0,124500
2019-11-22,5350.0,124500
2019-11-25,5670.0,124500
2019-11-26,6000.0,124500
2019-11-27,6370.0,124500
2019-11-28,6730.0,124500
2019-11-29,7210.0,124500
2019-12-02,7110.0,124500
2019-12-03,7110.0,124500
2019-12-04,7400.0,124500
2019-12-05,6590.0,124500
2019-12-06,6710.0,124500
2019-12-09,6340.0,124500
2019-12-10,6880.0,124500
2019-12-11,6560.0,124500
2019-12-12,6660.0,124500
2019-12-13,6540.0,124500
2019-12-16,6870.0,124500
2019-12-17,6720.0,124500
2019-12-18,6690.0,124500
2019-12-19,6580.0,124500
2019-12-20,6400.0,124500
2019-12-23,6110.0,124500
2019-12-24,6040.0,124500
2019-12-26,6320.0,124500
2019-12-27,6530.0,124500
2019-12-30,6850.0,124500
2020-01-02,6860.0,124500
2020-01-03,6760.0,124500
2020-01-06,6730.0,124500
2020-01-07,7150.0,124500
2020-01-08,6720.0,124500
2020-01-09,6960.0,124500
2020-01-10,6520.0,124500
2020-01-13,6450.0,124500
2020-01-14,6280.0,124500
2020-01-15,6370.0,124500
2020-01-16,6280.0,124500
2020-01-17,6110.0,124500
2020-01-20,6090.0,124500
2020-01-21,6040.0,124500
2020-01-22,6100.0,124500
2020-01-23,6130.0,124500
2020-01-28,5990.0,124500
2020-01-29,6110.0,124500
2020-01-30,5900.0,124500
2020-01-31,5560.0,124500
2020-02-03,5840.0,124500
2020-02-04,6050.0,124500
2020-02-05,5980.0,124500
2020-02-06,6030.0,124500
2020-02-07,6020.0,124500
2020-02-10,5910.0,124500
2020-02-11,5920.0,124500
2020-02-12,6130.0,124500
2020-02-13,6100.0,124500
2020-02-14,6050.0,124500
2020-02-17,6530.0,124500
2020-02-18,6200.0,124500
2020-02-19,6350.0,124500
2020-02-20,6240.0,124500
2020-02-21,6200.0,124500
2020-02-24,6470.0,124500
2020-02-25,6270.0,124500
2020-02-26,6570.0,124500
2020-02-27,6240.0,124500
2020-02-28,5920.0,124500
2020-03-02,5970.0,124500
2020-03-03,5890.0,124500
2020-03-04,6040.0,124500
2020-03-05,6100.0,124500
2020-03-06,6000.0,124500
2020-03-09,6440.0,124500
2020-03-10,5930.0,124500
2020-03-11,6110.0,124500
2020-03-12,5540.0,124500
2020-03-13,4955.0,124500
2020-03-16,4650.0,124500
2020-03-17,4620.0,124500
2020-03-18,4100.0,124500
2020-03-19,3280.0,124500
2020-03-20,3620.0,124500
2020-03-23,3400.0,124500
2020-03-24,3660.0,124500
2020-03-25,3950.0,124500
2020-03-26,4100.0,124500
2020-03-27,4100.0,124500
2020-03-30,4290.0,124500
2020-03-31,4465.0,124500
2020-04-01,4450.0,124500
2020-04-02,4450.0,124500
2020-04-03,4650.0,124500
2020-04-06,5270.0,124500
2020-04-07,5330.0,124500
2020-04-08,5250.0,124500
2020-04-09,5300.0,124500
2020-04-10,5150.0,124500
2020-04-13,4995.0,124500
2020-04-14,5090.0,124500
2020-04-16,5250.0,124500
2020-04-17,5280.0,124500
2020-04-20,5380.0,124500
2020-04-21,5250.0,124500
2020-04-22,5430.0,124500
2020-04-23,5950.0,124500
2020-04-24,5600.0,124500
2020-04-27,5670.0,124500
2020-04-28,5600.0,124500
2020-04-29,5500.0,124500
2020-05-04,5460.0,124500
2020-05-06,5530.0,124500
2020-05-07,5590.0,124500
2020-05-08,5540.0,124500
2020-05-11,5630.0,124500
2020-05-12,6000.0,124500
2020-05-13,5990.0,124500
2020-05-14,5890.0,124500
2020-05-15,5930.0,124500
2020-05-18,5960.0,124500
2020-05-19,5830.0,124500
2020-05-20,5700.0,124500
2020-05-21,5750.0,124500
2020-05-22,6000.0,124500
2020-05-25,5910.0,124500
2020-05-26,5800.0,124500
2020-05-27,5560.0,124500
2020-05-28,5890.0,124500
2020-05-29,5630.0,124500
2020-06-01,5740.0,124500
2020-06-02,5900.0,124500
2020-06-03,5770.0,124500
2020-06-04,5970.0,124500
2020-06-05,5970.0,124500
2020-06-08,6210.0,124500
2020-06-09,6100.0,124500
2020-06-10,6000.0,124500
2020-06-11,5840.0,124500
2020-06-12,5610.0,124500
2020-06-15,4990.0,124500
2020-06-16,5230.0,124500
2020-06-17,5210.0,124500
2020-06-18,5140.0,124500
2020-06-19,5200.0,124500
2020-06-22,5250.0,124500
2020-06-23,5590.0,124500
2020-06-24,5630.0,124500
2020-06-25,5460.0,124500
2020-06-26,5290.0,124500
2020-06-29,5270.0,124500
2020-06-30,5250.0,124500
2020-07-01,5090.0,124500
2020-07-02,5200.0,124500
2020-07-03,5180.0,124500
2020-07-06,5230.0,124500
2020-07-07,5240.0,124500
2020-07-08,5190.0,124500
2020-07-09,5370.0,124500
2020-07-10,5260.0,124500
2020-07-13,5360.0,124500
2020-07-14,5370.0,124500
2020-07-15,5780.0,124500
2020-07-16,5730.0,124500
2020-07-17,5820.0,124500
2020-07-20,6060.0,124500
2020-07-21,6090.0,124500
2020-07-22,5970.0,124500
2020-07-23,5720.0,124500
2020-07-24,5720.0,124500
2020-07-27,6100.0,124500
2020-07-28,6030.0,124500
2020-07-29,6030.0,124500
2020-07-30,6020.0,124500
2020-07-31,6010.0,124500
2020-08-03,6100.0,124500
2020-08-04,6020.0,124500
2020-08-05,6190.0,124500
2020-08-06,6050.0,124500
2020-08-07,6070.0,124500
2020-08-10,6250.0,124500
2020-08-11,6170.0,124500
2020-08-12,5680.0,124500
2020-08-13,5650.0,124500
2020-08-14,5680.0,124500
2020-08-18,5190.0,124500
2020-08-19,5210.0,124500
2020-08-20,5050.0,124500
2020-08-21,5200.0,124500
2020-08-24,5390.0,124500
2020-08-25,5410.0,124500
2020-08-26,5550.0,124500
2020-08-27,5770.0,124500
2020-08-28,5700.0,124500
2020-08-31,5560.0,124500
2020-09-01,5540.0,124500
2020-09-02,5650.0,124500
2020-09-03,5550.0,124500
2020-09-04,5400.0,124500
2020-09-07,5390.0,124500
2020-09-08,5380.0,124500
2020-09-09,5270.0,124500
2020-09-10,5370.0,124500
2020-09-11,5620.0,124500
2020-09-14,5590.0,124500
2020-09-15,5570.0,124500
2020-09-16,5620.0,124500
2020-09-17,5600.0,124500
2020-09-18,5610.0,124500
2020-09-21,5440.0,124500
2020-09-22,5270.0,124500
2020-09-23,5340.0,124500
2020-09-24,5120.0,124500
2020-09-25,5130.0,124500
2020-09-28,5300.0,124500
2020-09-29,5410.0,124500
2020-10-05,5420.0,124500
2020-10-06,5410.0,124500
2020-10-07,5500.0,124500
2020-10-08,5490.0,124500
2020-10-12,5480.0,124500
2020-10-13,5410.0,124500
2020-10-14,5390.0,124500
2020-10-15,5310.0,124500
2020-10-16,5240.0,124500
2020-10-19,5230.0,124500
2020-10-20,5300.0,124500
2020-10-21,5390.0,124500
2020-10-22,5280.0,124500
2020-10-23,5260.0,124500
2020-10-26,5180.0,124500
2020-10-27,5160.0,124500
2020-10-28,5200.0,124500
2020-10-29,5230.0,124500
2020-10-30,5130.0,124500
2020-11-02,5190.0,124500
2020-11-03,5240.0,124500
2020-11-04,5240.0,124500
2020-11-05,5290.0,124500
2020-11-06,5330.0,124500
2020-11-09,5370.0,124500
2020-11-10,5310.0,124500
2020-11-11,5310.0,124500
2020-11-12,5310.0,124500
2020-11-13,5260.0,124500
2020-11-16,5270.0,124500
2020-11-17,5340.0,124500
2020-11-18,5400.0,124500
2020-11-19,5350.0,124500
2020-11-20,5500.0,124500
2020-11-23,5440.0,124500
2020-11-24,5450.0,124500
2020-11-25,5350.0,124500
2020-11-26,5430.0,124500
2020-11-27,5400.0,124500
2020-11-30,5500.0,124500
2020-12-01,5520.0,124500
2020-12-02,5480.0,124500
2020-12-03,5420.0,124500
2020-12-04,5380.0,124500
2020-12-07,5490.0,124500
2020-12-08,5400.0,124500
2020-12-09,5400.0,124500
2020-12-10,5300.0,124500
2020-12-11,5300.0,124500
2020-12-14,5250.0,124500
2020-12-15,5240.0,124500
2020-12-16,5280.0,124500
2020-12-17,5360.0,124500
2020-12-18,5330.0,124500
2020-12-21,5230.0,124500
2020-12-22,5190.0,124500
2020-12-23,5150.0,124500
2020-12-24,5170.0,124500
2020-12-28,5150.0,124500
2020-12-29,5240.0,124500
2020-12-30,5240.0,124500
2021-01-04,5210.0,124500
2021-01-05,5240.0,124500
2021-01-06,5300.0,124500
2021-01-07,5310.0,124500
2021-01-08,5240.0,124500
2021-01-11,5070.0,124500
2021-01-12,5070.0,124500
2021-01-13,5050.0,124500
2021-01-14,5050.0,124500
2021-01-15,5070.0,124500
2021-01-18,5480.0,124500
2021-01-19,5620.0,124500
2021-01-20,5480.0,124500
2021-01-21,5690.0,124500
2021-01-22,5630.0,124500
2021-01-25,5540.0,124500
2021-01-26,5580.0,124500
2021-01-27,5530.0,124500
2021-01-28,5430.0,124500
2021-01-29,5200.0,124500
2021-02-01,5300.0,124500
2021-02-02,5580.0,124500
2021-02-03,5590.0,124500
2021-02-04,5620.0,124500
2021-02-05,5520.0,124500
2021-02-08,5540.0,124500
2021-02-09,5480.0,124500
2021-02-10,5460.0,124500
2021-02-15,5620.0,124500
2021-02-16,5660.0,124500
2021-02-17,5800.0,124500
2021-02-18,5760.0,124500
2021-02-19,5690.0,124500
2021-02-22,5530.0,124500
2021-02-23,5720.0,124500
2021-02-24,5460.0,124500
2021-02-25,5810.0,124500
2021-02-26,5510.0,124500
2021-03-02,5530.0,124500
2021-03-03,5640.0,124500
2021-03-04,5580.0,124500
2021-03-05,5590.0,124500
2021-03-08,5700.0,124500
2021-03-09,5530.0,124500
2021-03-10,5430.0,124500
2021-03-11,5620.0,124500
2021-03-12,5850.0,124500
2021-03-15,5740.0,124500
2021-03-16,5700.0,124500
2021-03-17,5810.0,124500
2021-03-18,5770.0,124500
2021-03-19,5650.0,124500
2021-03-22,5730.0,124500
2021-03-23,5550.0,124500
2021-03-24,5580.0,124500
2021-03-25,5530.0,124500
2021-03-26,5500.0,124500
2021-03-29,5330.0,124500
2021-03-30,5260.0,124500
2021-03-31,5280.0,124500
2021-04-01,5290.0,124500
2021-04-02,5350.0,124500
2021-04-05,5450.0,124500
2021-04-06,6430.0,124500
2021-04-07,6630.0,124500
2021-04-08,6480.0,124500
2021-04-09,6460.0,124500
2021-04-12,6250.0,124500
2021-04-13,6320.0,124500
2021-04-14,6350.0,124500
2021-04-15,6350.0,124500
2021-04-16,6260.0,124500
2021-04-19,6090.0,124500
2021-04-20,6280.0,124500
2021-04-21,6390.0,124500
2021-04-22,6280.0,124500
2021-04-23,6170.0,124500
2021-04-26,6330.0,124500
2021-04-27,6200.0,124500
2021-04-28,5950.0,124500
2021-04-29,5870.0,124500
2021-04-30,5890.0,124500
2021-05-03,5690.0,124500
2021-05-04,5690.0,124500
2021-05-06,5790.0,124500
2021-05-07,5820.0,124500
2021-05-10,5940.0,124500
2021-05-11,5910.0,124500
2021-05-12,5800.0,124500
2021-05-13,5750.0,124500
2021-05-14,5750.0,124500
2021-05-17,5630.0,124500
2021-05-18,5690.0,124500
2021-05-20,5910.0,124500
2021-05-21,5810.0,124500
2021-05-24,6000.0,124500
2021-05-25,5940.0,124500
2021-05-26,5990.0,124500
2021-05-27,5860.0,124500
2021-05-28,5920.0,124500
2021-05-31,5930.0,124500
2021-06-01,6000.0,124500
2021-06-02,5990.0,124500
2021-06-03,5950.0,124500
2021-06-04,6210.0,124500
2021-06-07,6390.0,124500
2021-06-08,6290.0,124500
2021-06-09,6750.0,124500
2021-06-10,7370.0,124500
2021-06-11,7640.0,124500
2021-06-14,6900.0,124500
2021-06-15,6920.0,124500
2021-06-16,6560.0,124500
2021-06-17,6600.0,124500
2021-06-18,6520.0,124500
2021-06-21,6350.0,124500
2021-06-22,6260.0,124500
2021-06-23,6240.0,124500
2021-06-24,6220.0,124500
2021-06-25,6210.0,124500
2021-06-28,6370.0,124500
2021-06-29,6300.0,124500
2021-06-30,6290.0,124500
2021-07-01,6210.0,124500
2021-07-02,6200.0,124500
2021-07-05,6210.0,124500
2021-07-06,6350.0,124500
2021-07-07,6440.0,124500
2021-07-08,6300.0,124500
2021-07-09,6340.0,124500
2021-07-12,6460.0,124500
2021-07-13,6430.0,124500
2021-07-14,6270.0,124500
2021-07-15,6320.0,124500
2021-07-16,6350.0,124500
2021-07-19,6540.0,124500
2021-07-20,6450.0,124500
2021-07-21,6290.0,124500
2021-07-22,6240.0,124500
2021-07-23,6430.0,124500
2021-07-26,6270.0,124500
2021-07-27,6250.0,124500
2021-07-28,6000.0,124500
2021-07-29,5920.0,124500
2021-07-30,5860.0,124500
2021-08-02,5720.0,124500
2021-08-03,5800.0,124500
2021-08-04,6000.0,124500
2021-08-05,5970.0,124500
2021-08-06,6000.0,124500
2021-08-09,5970.0,124500
2021-08-10,5810.0,124500
2021-08-11,5660.0,124500
2021-08-12,5740.0,124500
2021-08-13,5580.0,124500
2021-08-17,5300.0,124500
2021-08-18,5330.0,124500
2021-08-19,5140.0,124500
2021-08-20,4990.0,124500
2021-08-23,5150.0,124500
2021-08-24,5350.0,124500
2021-08-25,5350.0,124500
2021-08-26,5290.0,124500
2021-08-27,5310.0,124500
2021-08-30,5350.0,124500
2021-08-31,5300.0,124500
2021-09-01,5430.0,124500
2021-09-02,5380.0,124500
2021-09-03,5360.0,124500
2021-09-06,5250.0,124500
2021-09-07,5240.0,124500
2021-09-08,5120.0,124500
2021-09-09,5070.0,124500
2021-09-10,5080.0,124500
2021-09-13,5000.0,124500
2021-09-14,5040.0,124500
2021-09-15,5030.0,124500
2021-09-16,5050.0,124500
2021-09-17,5000.0,124500
2021-09-23,5010.0,124500
2021-09-24,4965.0,124500
2021-09-27,4920.0,124500
2021-09-28,4770.0,124500
2021-09-29,4615.0,124500
2021-09-30,4675.0,124500
2021-10-01,4470.0,124500
2021-10-05,4300.0,124500
2021-10-06,4230.0,124500
2021-10-07,4555.0,124500
2021-10-08,4500.0,124500
2021-10-12,4280.0,124500
2021-10-13,4375.0,124500
2021-10-14,4575.0,124500
2021-10-15,4605.0,124500
2021-10-18,4625.0,124500
2021-10-19,4635.0,124500
2021-10-20,4805.0,124500
2021-10-21,4785.0,124500
2021-10-22,4700.0,124500
2021-10-25,4665.0,124500
2021-10-26,4730.0,124500
2021-10-27,4725.0,124500
2021-10-28,4780.0,124500
2021-10-29,4780.0,124500
2021-11-01,4870.0,124500
2021-11-02,4945.0,124500
2021-11-03,4890.0,124500
2021-11-04,4860.0,124500
2021-11-05,4780.0,124500
2021-11-08,4810.0,124500
2021-11-09,4780.0,124500
2021-11-10,4670.0,124500
2021-11-11,4675.0,124500
2021-11-12,4740.0,124500
2021-11-15,4775.0,124500
2021-11-16,5030.0,124500
2021-11-17,5130.0,124500
2021-11-18,5150.0,124500
2021-11-19,5150.0,124500
2021-11-22,5130.0,124500
2021-11-23,5180.0,124500
2021-11-24,5050.0,124500
2021-11-25,4865.0,124500
2021-11-26,4925.0,124500
2021-11-29,4875.0,124500
2021-11-30,4635.0,124500
2021-12-01,4720.0,124500
2021-12-02,4775.0,124500
2021-12-03,4890.0,124500
2021-12-06,4940.0,124500
2021-12-07,4965.0,124500
2021-12-08,4985.0,124500
2021-12-09,4990.0,124500
2021-12-10,4990.0,124500
2021-12-13,4925.0,124500
2021-12-14,5040.0,124500
2021-12-15,5020.0,124500
2021-12-16,5070.0,124500
2021-12-17,5070.0,124500
2021-12-20,5000.0,124500
2021-12-21,4935.0,124500
2021-12-22,4995.0,124500
2021-12-23,4955.0,124500
2021-12-24,4985.0,124500
2021-12-27,4995.0,124500
2021-12-28,5000.0,124500
2021-12-29,5000.0,124500
2021-12-30,5010.0,124500
2022-01-03,5040.0,124500
2022-01-04,5040.0,124500
2022-01-05,4940.0,124500
2022-01-06,4900.0,124500
2022-01-07,4905.0,124500
2022-01-10,4850.0,124500
2022-01-11,4700.0,124500
2022-01-12,4880.0,124500
2022-01-13,4880.0,124500
2022-01-14,4860.0,124500
2022-01-17,4805.0,124500
2022-01-18,4740.0,124500
2022-01-19,4610.0,124500
2022-01-20,4695.0,124500
2022-01-21,4820.0,124500
2022-01-24,4600.0,124500
2022-01-25,4510.0,124500
2022-01-26,4565.0,124500
2022-01-27,4375.0,124500
2022-01-28,4520.0,124500
2022-02-03,4645.0,124500
2022-02-04,4690.0,124500
2022-02-07,4680.0,124500
2022-02-08,4600.0,124500
2022-02-09,4625.0,124500
2022-02-10,4670.0,124500
2022-02-11,4570.0,124500
2022-02-14,4475.0,124500
2022-02-15,4465.0,124500
2022-02-16,4570.0,124500
2022-02-17,4585.0,124500
2022-02-18,4615.0,124500
2022-02-21,4760.0,124500
2022-02-22,4805.0,124500
2022-02-23,4985.0,124500
2022-02-24,5880.0,124500
2022-02-25,5450.0,124500
2022-02-28,5240.0,124500
2022-03-02,5280.0,124500
2022-03-03,5320.0,124500
2022-03-04,5240.0,124500
2022-03-07,5340.0,124500
2022-03-08,5130.0,124500
2022-03-10,5110.0,124500
2022-03-11,5210.0,124500
2022-03-14,5330.0,124500
2022-03-15,5300.0,124500
2022-03-16,5290.0,124500
2022-03-17,5280.0,124500
2022-03-18,5300.0,124500
2022-03-21,5340.0,124500
2022-03-22,5410.0,124500
2022-03-23,5560.0,124500
2022-03-24,5330.0,124500
2022-03-25,5250.0,124500
2022-03-28,5250.0,124500
2022-03-29,5250.0,124500
2022-03-30,5020.0,124500
2022-03-31,5210.0,124500
2022-04-01,5290.0,124500
2022-04-04,5350.0,124500
2022-04-05,5310.0,124500
2022-04-06,5280.0,124500
2022-04-07,5160.0,124500
2022-04-08,5160.0,124500
2022-04-11,5220.0,124500
2022-04-12,5340.0,124500
2022-04-13,5370.0,124500
2022-04-14,5370.0,124500
2022-04-15,5340.0,124500
2022-04-18,5360.0,124500
2022-04-19,5340.0,124500
2022-04-20,5240.0,124500
2022-04-21,5270.0,124500
2022-04-22,5270.0,124500
2022-04-25,5150.0,124500
2022-04-26,5150.0,124500
2022-04-27,5090.0,124500
2022-04-28,5110.0,124500
2022-04-29,5190.0,124500
2022-05-02,5150.0,124500
2022-05-03,5160.0,124500
2022-05-04,5090.0,124500
2022-05-06,5030.0,124500
2022-05-09,4915.0,124500
2022-05-10,4865.0,124500
2022-05-11,4850.0,124500
2022-05-12,4745.0,124500
2022-05-13,4740.0,124500
2022-05-16,4750.0,124500
2022-05-17,4850.0,124500
2022-05-18,4920.0,124500
2022-05-19,4825.0,124500
2022-05-20,4860.0,124500
2022-05-23,4860.0,124500
2022-05-24,4800.0,124500
2022-05-25,4870.0,124500
2022-05-26,4875.0,124500
2022-05-27,4860.0,124500
2022-05-30,4880.0,124500
2022-05-31,4920.0,124500
2022-06-02,4930.0,124500
2022-06-03,4930.0,124500
2022-06-07,4845.0,124500
2022-06-08,4910.0,124500
2022-06-09,4865.0,124500
2022-06-10,4860.0,124500
2022-06-13,4860.0,124500
2022-06-14,4735.0,124500
2022-06-15,4520.0,124500
2022-06-16,4445.0,124500
2022-06-17,4450.0,124500
2022-06-20,4290.0,124500
2022-06-21,4155.0,124500
2022-06-22,3945.0,124500
2022-06-23,3590.0,124500
2022-06-24,3820.0,124500
2022-06-27,4125.0,124500
2022-06-28,4095.0,124500
2022-06-29,4080.0,124500
2022-06-30,4005.0,124500
2022-07-01,4035.0,124500
2022-07-04,4045.0,124500
2022-07-05,4125.0,124500
2022-07-06,4035.0,124500
2022-07-07,4070.0,124500
2022-07-08,4155.0,124500
2022-07-11,4100.0,124500
2022-07-12,4000.0,124500
2022-07-13,3990.0,124500
2022-07-14,3900.0,124500
2022-07-15,3930.0,124500
2022-07-18,4165.0,124500
2022-07-19,4205.0,124500
2022-07-20,4190.0,124500
2022-07-21,4305.0,124500
2022-07-22,4280.0,124500
2022-07-25,4200.0,124500
2022-07-26,4265.0,124500
2022-07-27,4280.0,124500
2022-07-28,4280.0,124500
2022-07-29,4310.0,124500
2022-08-01,4255.0,124500
2022-08-02,4270.0,124500
2022-08-03,4240.0,124500
2022-08-04,4280.0,124500
2022-08-05,4285.0,124500
2022-08-08,4245.0,124500
2022-08-09,4240.0,124500
2022-08-10,4335.0,124500
2022-08-11,4360.0,124500
2022-08-12,4360.0,124500
2022-08-16,4320.0,124500
2022-08-17,4160.0,124500
2022-08-18,4210.0,124500
2022-08-19,4200.0,124500
2022-08-22,4145.0,124500
2022-08-23,4015.0,124500
2022-08-24,4040.0,124500
2022-08-25,4075.0,124500
2022-08-26,4080.0,124500
2022-08-29,3935.0,124500
2022-08-30,4070.0,124500
2022-08-31,4035.0,124500
2022-09-01,4000.0,124500
2022-09-02,4020.0,124500
2022-09-05,4010.0,124500
2022-09-06,3985.0,124500
2022-09-07,4030.0,124500
2022-09-08,3910.0,124500
2022-09-13,3910.0,124500
2022-09-14,3945.0,124500
2022-09-15,3990.0,124500
2022-09-16,3955.0,124500
2022-09-19,3790.0,124500
2022-09-20,3780.0,124500
2022-09-21,3785.0,124500
2022-09-22,3810.0,124500
2022-09-23,3800.0,124500
2022-09-26,3680.0,124500
2022-09-27,3680.0,124500
2022-09-28,3630.0,124500
2022-09-29,3615.0,124500
2022-09-30,3530.0,124500
2022-10-04,3575.0,124500
2022-10-05,3600.0,124500
2022-10-06,3580.0,124500
2022-10-07,3675.0,124500
2022-10-11,3540.0,124500
2022-10-12,3540.0,124500
2022-10-13,3425.0,124500
2022-10-14,3505.0,124500
2022-10-17,3555.0,124500
2022-10-18,3710.0,124500
2022-10-19,3625.0,124500
2022-10-20,3585.0,124500
2022-10-21,3585.0,124500
2022-10-24,3635.0,124500
2022-10-25,3650.0,124500
2022-10-26,3665.0,124500
2022-10-27,3735.0,124500
2022-10-28,3730.0,124500
2022-10-31,3685.0,124500
2022-11-01,3740.0,124500
2022-11-02,3820.0,124500
2022-11-03,3765.0,124500
2022-11-04,3750.0,124500
2022-11-07,3770.0,124500
2022-11-08,3875.0,124500
2022-11-09,3870.0,124500
2022-11-10,3815.0,124500
2022-11-11,3900.0,124500
2022-11-14,3910.0,124500
2022-11-15,3955.0,124500
2022-11-16,4005.0,124500
2022-11-17,3900.0,124500
2022-11-18,3855.0,124500
2022-11-21,3855.0,124500
2022-11-22,3795.0,124500
2022-11-23,3900.0,124500
2022-11-24,3900.0,124500
2022-11-25,3880.0,124500
2022-11-28,3765.0,124500
2022-11-29,3790.0,124500
2022-11-30,3810.0,124500
2022-12-01,3900.0,124500
2022-12-02,3910.0,124500
2022-12-05,3950.0,124500
2022-12-06,3895.0,124500
2022-12-07,3885.0,124500
2022-12-08,3930.0,124500
2022-12-09,4000.0,124500
2022-12-12,4000.0,124500
2022-12-13,3965.0,124500
2022-12-14,4020.0,124500
2022-12-15,3940.0,124500
2022-12-16,3880.0,124500
2022-12-19,3865.0,124500
2022-12-20,3725.0,124500
2022-12-21,3800.0,124500
2022-12-22,3830.0,124500
2022-12-23,3785.0,124500
2022-12-26,3595.0,124500
2022-12-27,3585.0,124500
2022-12-28,3645.0,124500
2022-12-29,3590.0,124500
2023-01-02,3625.0,124500
2023-01-03,3715.0,124500
2023-01-04,3780.0,124500
2023-01-05,3855.0,124500
2023-01-06,3840.0,124500
2023-01-09,3920.0,124500
2023-01-10,3965.0,124500
2023-01-11,3980.0,124500
2023-01-12,4010.0,124500
2023-01-13,4040.0,124500
2023-01-16,4120.0,124500
2023-01-17,4120.0,124500
2023-01-18,4065.0,124500
2023-01-19,4070.0,124500
2023-01-20,4095.0,124500
2023-01-25,4170.0,124500
2023-01-26,4185.0,124500
2023-01-27,4200.0,124500
2023-01-30,4250.0,124500
2023-01-31,4240.0,124500
2023-02-01,4210.0,124500
2023-02-02,4260.0,124500
2023-02-03,4230.0,124500
2023-02-06,4225.0,124500
2023-02-07,4240.0,124500
2023-02-08,4250.0,124500
2023-02-09,4545.0,124500
2023-02-10,4205.0,124500
2023-02-13,4380.0,124500
2023-02-14,4250.0,124500
2023-02-15,4180.0,124500
2023-02-16,4165.0,124500
2023-02-17,4135.0,124500
2023-02-20,4140.0,124500
2023-02-21,4120.0,124500
2023-02-22,4005.0,124500
2023-02-23,4010.0,124500
2023-02-24,4055.0,124500
2023-02-27,4000.0,124500
2023-02-28,4150.0,124500
2023-03-02,4115.0,124500
2023-03-03,4055.0,124500
2023-03-06,4005.0,124500
2023-03-07,4050.0,124500
2023-03-08,4280.0,124500
2023-03-09,4440.0,124500
2023-03-10,4200.0,124500
2023-03-13,4080.0,124500
2023-03-14,4585.0,124500
2023-03-15,4705.0,124500
2023-03-16,4775.0,124500
2023-03-17,4835.0,124500
2023-03-20,4800.0,124500
2023-03-21,4620.0,124500
2023-03-22,4475.0,124500
2023-03-23,4465.0,124500
2023-03-24,4365.0,124500
2023-03-27,4335.0,124500
2023-03-28,4320.0,124500
2023-03-29,4390.0,124500
2023-03-30,4400.0,124500
2023-03-31,4330.0,124500
2023-04-03,4340.0,124500
2023-04-04,4545.0,124500
2023-04-05,4630.0,124500
2023-04-06,4670.0,124500
2023-04-07,4525.0,124500
2023-04-10,4455.0,124500
2023-04-11,4415.0,124500
2023-04-12,4455.0,124500
2023-04-13,4455.0,124500
2023-04-14,4615.0,124500
2023-04-17,4535.0,124500
2023-04-18,4385.0,124500
2023-04-19,4410.0,124500
2023-04-20,4170.0,124500
2023-04-21,4105.0,124500
2023-04-24,4000.0,124500
2023-04-25,4010.0,124500
2023-04-26,3870.0,124500
2023-04-27,3815.0,124500
2023-04-28,3835.0,124500
2023-05-02,3930.0,124500
2023-05-03,4025.0,124500
2023-05-04,3995.0,124500
2023-05-08,4000.0,124500
2023-05-09,4015.0,124500
2023-05-10,4105.0,124500
2023-05-11,4070.0,124500
2023-05-12,3990.0,124500
2023-05-15,4005.0,124500
2023-05-16,4020.0,124500
2023-05-17,4045.0,124500
2023-05-18,4050.0,124500
2023-05-19,4075.0,124500
2023-05-22,4090.0,124500
2023-05-23,4060.0,124500
2023-05-24,4040.0,124500
2023-05-25,3960.0,124500
2023-05-26,3890.0,124500
2023-05-30,3980.0,124500
2023-05-31,4000.0,124500
2023-06-01,4130.0,124500
2023-06-02,4105.0,124500
2023-06-05,4080.0,124500
2023-06-07,4065.0,124500
2023-06-08,4000.0,124500
2023-06-09,4065.0,124500
2023-06-12,4040.0,124500
2023-06-13,4025.0,124500
2023-06-14,4010.0,124500
2023-06-15,3995.0,124500
2023-06-16,3965.0,124500
2023-06-19,3940.0,124500
2023-06-20,3915.0,124500
2023-06-21,3905.0,124500
2023-06-22,4060.0,124500
2023-06-23,4115.0,124500
2023-06-26,4185.0,124500
2023-06-27,4205.0,124500
2023-06-28,4230.0,124500
2023-06-29,4255.0,124500
2023-06-30,3995.0,124500
2023-07-03,3950.0,124500
2023-07-04,3930.0,124500
2023-07-05,3905.0,124500
2023-07-06,3810.0,124500
2023-07-07,3860.0,124500
2023-07-10,3930.0,124500
2023-07-11,3935.0,124500
2023-07-12,3930.0,124500
2023-07-13,3925.0,124500
2023-07-14,3875.0,124500
2023-07-17,3960.0,124500
2023-07-18,3865.0,124500
2023-07-19,3910.0,124500
2023-07-20,3910.0,124500
2023-07-21,3950.0,124500
2023-07-24,3935.0,124500
2023-07-25,3910.0,124500
2023-07-26,3580.0,124500
2023-07-27,3750.0,124500
2023-07-28,3845.0,124500
2023-07-31,3840.0,124500
2023-08-01,3810.0,124500
2023-08-02,3800.0,124500
2023-08-03,3685.0,124500
2023-08-04,3680.0,124500
2023-08-07,3750.0,124500
2023-08-08,3675.0,124500
2023-08-09,3725.0,124500
2023-08-10,3690.0,124500
2023-08-11,3745.0,124500
2023-08-14,3750.0,124500
2023-08-16,3640.0,124500
2023-08-17,3570.0,124500
2023-08-18,3660.0,124500
2023-08-21,3785.0,124500
2023-08-22,3775.0,124500
2023-08-23,3890.0,124500
2023-08-24,3890.0,124500
2023-08-25,3815.0,124500
2023-08-28,3810.0,124500
2023-08-29,3850.0,124500
2023-08-30,3855.0,124500
2023-08-31,3830.0,124500
2023-09-01,3830.0,124500
2023-09-04,3850.0,124500
2023-09-05,3855.0,124500
2023-09-06,3795.0,124500
2023-09-07,3835.0,124500
2023-09-08,3805.0,124500
2023-09-11,3790.0,124500
2023-09-12,3805.0,124500
2023-09-13,3785.0,124500
2023-09-14,3800.0,124500
2023-09-15,3900.0,124500
2023-09-18,3855.0,124500
2023-09-19,3755.0,124500
2023-09-20,3750.0,124500
2023-09-21,3705.0,124500
2023-09-22,3650.0,124500
2023-09-25,3790.0,124500
2023-09-26,3685.0,124500
2023-09-27,3655.0,124500
2023-10-04,3540.0,124500
2023-10-05,3595.0,124500
2023-10-06,3650.0,124500
2023-10-10,3655.0,124500
2023-10-11,3630.0,124500
2023-10-12,3630.0,124500
2023-10-13,3550.0,124500
2023-10-16,3530.0,124500
2023-10-17,3505.0,124500
2023-10-18,3535.0,124500
2023-10-19,3440.0,124500
2023-10-20,3395.0,124500
2023-10-23,3460.0,124500
2023-10-24,3400.0,124500
2023-10-25,3385.0,124500
2023-10-26,3255.0,124500
2023-10-27,3235.0,124500
2023-10-30,3360.0,124500
2023-10-31,3495.0,124500
2023-11-01,3595.0,124500
2023-11-02,3505.0,124500
2023-11-03,3530.0,124500
2023-11-06,3540.0,124500
2023-11-07,3500.0,124500
2023-11-08,3680.0,124500
2023-11-09,3640.0,124500
2023-11-10,3625.0,124500
2023-11-13,3585.0,124500
2023-11-14,3730.0,124500
2023-11-15,3765.0,124500
2023-11-16,3770.0,124500
2023-11-17,3720.0,124500
2023-11-20,3865.0,124500
2023-11-21,3895.0,124500
2023-11-22,3940.0,124500
2023-11-23,3930.0,124500
2023-11-24,3975.0,124500
2023-11-27,3860.0,124500
2023-11-28,3890.0,124500
2023-11-29,4475.0,124500
2023-11-30,4300.0,124500
2023-12-01,4645.0,124500
2023-12-04,5380.0,124500
2023-12-05,5080.0,124500
2023-12-06,5440.0,124500
2023-12-07,5550.0,124500
2023-12-08,6280.0,124500
2023-12-11,6110.0,124500
2023-12-12,6480.0,124500
2023-12-13,6410.0,124500
2023-12-14,6140.0,124500
2023-12-15,7980.0,124500
2023-12-18,7980.0,124500
2023-12-19,8730.0,124500
2023-12-20,7680.0,124500
2023-12-21,7290.0,124500
2023-12-22,7070.0,124500
2023-12-26,6600.0,124500
2023-12-27,7100.0,124500
2023-12-28,7440.0,124500
2024-01-02,7430.0,124500
2024-01-03,7200.0,124500
2024-01-04,7180.0,124500
2024-01-05,6850.0,124500
2024-01-08,6650.0,124500
2024-01-09,6920.0,124500
2024-01-10,6600.0,124500
2024-01-11,6780.0,124500
2024-01-12,6280.0,124500
2024-01-15,6740.0,124500
2024-01-16,7380.0,124500
2024-01-17,7650.0,124500
2024-01-18,8710.0,124500
2024-01-19,8660.0,124500
2024-01-22,10320.0,124500
2024-01-23,10000.0,124500
2024-01-24,9800.0,124500
2024-01-25,12170.0,124500
2024-01-26,11770.0,124500
2024-01-29,11700.0,124500
2024-01-30,12000.0,124500
2024-01-31,10700.0,124500
2024-02-01,10770.0,124500
2024-02-02,10600.0,124500
2024-02-05,9550.0,124500
2024-02-06,9550.0,124500
2024-02-07,9470.0,124500
2024-02-08,10840.0,124500
2024-02-13,10720.0,124500
2024-02-14,10810.0,124500
2024-02-15,11200.0,124500
2024-02-16,11420.0,124500
2024-02-19,11510.0,124500
2024-02-20,11150.0,124500
2024-02-21,11500.0,124500
2024-02-22,10020.0,124500
2024-02-23,10010.0,124500
2024-02-26,10610.0,124500
2024-02-27,11270.0,124500
2024-02-28,11060.0,124500
2024-02-29,10800.0,124500
2024-03-04,11130.0,124500
2024-03-05,10700.0,124500
2024-03-06,10030.0,124500
2024-03-07,9510.0,124500
2024-03-08,9020.0,124500
2024-03-11,9020.0,124500
2024-03-12,9170.0,124500
2024-03-13,9060.0,124500
2024-03-14,8920.0,124500
2024-03-15,9260.0,124500
2024-03-18,8950.0,124500
2024-03-19,8960.0,124500
2024-03-20,8750.0,124500
2024-03-21,8850.0,124500
2024-03-22,8240.0,124500
2024-03-25,8200.0,124500
2024-03-26,8840.0,124500
2024-03-27,8390.0,124500
2024-03-28,6360.0,124500
2024-03-29,5900.0,124500
2024-04-01,6290.0,124500
2024-04-02,6280.0,124500
2024-04-03,6260.0,124500
2024-04-04,6190.0,124500
2024-04-05,6060.0,124500
2024-04-08,5910.0,124500
2024-04-09,5870.0,124500
2024-04-11,5780.0,124500
2024-04-12,5670.0,124500
2024-04-15,5710.0,124500
2024-04-16,5510.0,124500
2024-04-17,5240.0,124500
2024-04-18,5150.0,124500
2024-04-19,5190.0,124500
2024-04-22,5190.0,124500
2024-04-23,5060.0,124500
2024-04-24,5250.0,124500
2024-04-25,5080.0,124500
2024-04-26,5070.0,124500
2024-04-29,5110.0,124500
2024-04-30,5120.0,124500
2024-05-02,4975.0,124500
2024-05-03,5180.0,124500
2024-05-07,5020.0,124500
2024-05-08,5030.0,124500
2024-05-09,4945.0,124500
2024-05-10,4895.0,124500
2024-05-13,4820.0,124500
2024-05-14,4835.0,124500
2024-05-16,4750.0,124500
2024-05-17,4810.0,124500
2024-05-20,4780.0,124500
2024-05-21,4795.0,124500
2024-05-22,4765.0,124500
2024-05-23,4695.0,124500
2024-05-24,4615.0,124500
2024-05-27,4500.0,124500
2024-05-28,4490.0,124500
2024-05-29,4385.0,124500
2024-05-30,4380.0,124500
2024-05-31,4375.0,124500
2024-06-03,4415.0,124500
2024-06-04,4390.0,124500
2024-06-05,4305.0,124500
2024-06-07,4280.0,124500
2024-06-10,4200.0,124500
2024-06-11,4145.0,124500
2024-06-12,4150.0,124500
2024-06-13,4045.0,124500
2024-06-14,4050.0,124500
2024-06-17,4025.0,124500
2024-06-18,4040.0,124500
2024-06-19,3990.0,124500
2024-06-20,3900.0,124500
2024-06-21,4210.0,124500
2024-06-24,4095.0,124500
2024-06-25,4065.0,124500
2024-06-26,4070.0,124500
2024-06-27,4215.0,124500
2024-06-28,4265.0,124500
2024-07-01,4285.0,124500
2024-07-02,4415.0,124500
2024-07-03,4430.0,124500
2024-07-04,4480.0,124500
2024-07-05,4325.0,124500
2024-07-08,4325.0,124500
2024-07-09,4180.0,124500
2024-07-10,4020.0,124500
2024-07-11,4100.0,124500
2024-07-12,4310.0,124500
2024-07-15,4560.0,124500
2024-07-16,4625.0,124500
2024-07-17,4445.0,124500
2024-07-18,4700.0,124500
2024-07-19,4500.0,124500
2024-07-22,4555.0,124500
2024-07-23,4550.0,124500
2024-07-24,4540.0,124500
2024-07-25,4485.0,124500
2024-07-26,4695.0,124500
2024-07-29,4575.0,124500
2024-07-30,4350.0,124500
2024-07-31,4390.0,124500
2024-08-01,4445.0,124500
2024-08-02,4235.0,124500
2024-08-05,3835.0,124500
2024-08-06,3970.0,124500
2024-08-07,4150.0,124500
2024-08-08,4095.0,124500
2024-08-09,4255.0,124500
2024-08-12,4290.0,124500
2024-08-13,4290.0,124500
2024-08-14,4430.0,124500
2024-08-16,4475.0,124500
2024-08-19,4480.0,124500
2024-08-20,4760.0,124500
2024-08-21,4735.0,124500
2024-08-22,4800.0,124500
2024-08-23,4920.0,124500
2024-08-26,4830.0,124500
2024-08-27,4780.0,124500
2024-08-28,4600.0,124500
2024-08-29,4605.0,124500
2024-08-30,4595.0,124500
2024-09-02,4635.0,124500
2024-09-03,4910.0,124500
2024-09-04,4595.0,124500
2024-09-05,4635.0,124500
2024-09-06,4580.0,124500
2024-09-09,4595.0,124500
2024-09-10,4560.0,124500
2024-09-11,4565.0,124500
2024-09-12,4570.0,124500
2024-09-13,4880.0,124500
2024-09-19,4910.0,124500
2024-09-20,5720.0,124500
2024-09-23,5760.0,124500
2024-09-24,5890.0,124500
2024-09-25,5940.0,124500
2024-09-26,5970.0,124500
2024-09-27,6340.0,124500
2024-09-30,6190.0,124500
2024-10-02,6330.0,124500
2024-10-04,7290.0,124500
2024-10-07,6580.0,124500
2024-10-08,6610.0,124500
2024-10-10,6500.0,124500
2024-10-11,6390.0,124500
2024-10-14,6400.0,124500
2024-10-15,6390.0,124500
2024-10-16,6350.0,124500
2024-10-17,6370.0,124500
2024-10-18,6670.0,124500
2024-10-21,6790.0,124500
2024-10-22,6490.0,124500
2024-10-23,6380.0,124500
2024-10-24,6170.0,124500
2024-10-25,6300.0,124500
2024-10-28,6120.0,124500
2024-10-29,6200.0,124500
2024-10-30,6680.0,124500
2024-10-31,6460.0,124500
2024-11-01,6180.0,124500
2024-11-04,6120.0,124500
2024-11-05,6080.0,124500
2024-11-06,6300.0,124500
2024-11-07,6170.0,124500
2024-11-08,6500.0,124500
2024-11-11,6410.0,124500
2024-11-12,6200.0,124500
2024-11-13,6180.0,124500
2024-11-14,5960.0,124500
2024-11-15,5910.0,124500
2024-11-18,5740.0,124500
2024-11-19,6040.0,124500
2024-11-20,5800.0,124500
2024-11-21,5740.0,124500
2024-11-22,5740.0,124500
2024-11-25,5900.0,124500
2024-11-26,5920.0,124500
2024-11-27,5940.0,124500
2024-11-28,5800.0,124500
2024-11-29,5410.0,124500
2024-12-02,5510.0,124500
2024-12-03,6020.0,124500
2024-12-04,5880.0,124500
2024-12-05,5450.0,124500
2024-12-06,5320.0,124500
2024-12-09,4855.0,124500
2024-12-10,5070.0,124500
2024-12-11,5250.0,124500
2024-12-12,5680.0,124500
2024-12-13,5790.0,124500
2024-12-16,5570.0,124500
2024-12-17,5470.0,124500
2024-12-18,6020.0,124500
2024-12-19,5720.0,124500
2024-12-20,5490.0,124500
2024-12-23,5670.0,124500
2024-12-24,5540.0,124500
2024-12-26,5460.0,124500
2024-12-27,5330.0,124500
2024-12-30,5200.0,124500
2025-01-02,5210.0,124500
2025-01-03,5520.0,124500
2025-01-06,5670.0,124500
2025-01-07,5610.0,124500
2025-01-08,5420.0,124500
2025-01-09,5380.0,124500
2025-01-10,5360.0,124500
2025-01-13,5150.0,124500
2025-01-14,5130.0,124500
2025-01-15,5030.0,124500
2025-01-16,5020.0,124500
2025-01-17,5030.0,124500
2025-01-20,5100.0,124500
2025-01-21,4920.0,124500
2025-01-22,4690.0,124500
2025-01-23,4885.0,124500
2025-01-24,4855.0,124500
2025-01-31,4905.0,124500
2025-02-03,4985.0,124500
2025-02-04,5030.0,124500
2025-02-05,5470.0,124500
2025-02-06,5380.0,124500
2025-02-07,5420.0,124500
2025-02-10,5330.0,124500
2025-02-11,5390.0,124500
2025-02-12,5490.0,124500
2025-02-13,5430.0,124500
2025-02-14,5750.0,124500
2025-02-17,6850.0,124500
2025-02-18,6430.0,124500
2025-02-19,6350.0,124500
2025-02-20,6220.0,124500
2025-02-21,6200.0,124500
2025-02-24,6370.0,124500
2025-02-25,6270.0,124500
2025-02-26,6190.0,124500
2025-02-27,6400.0,124500
2025-02-28,6110.0,124500
2025-03-04,6000.0,124500
2025-03-05,6090.0,124500
2025-03-06,6020.0,124500
2025-03-07,6170.0,124500
2025-03-10,6350.0,124500
2025-03-11,6280.0,124500
2025-03-12,6380.0,124500
2025-03-13,6290.0,124500
2025-03-14,6320.0,124500
2025-03-17,6600.0,124500
2025-03-18,6830.0,124500
2025-03-19,6970.0,124500
2025-03-20,6800.0,124500
2025-03-21,6460.0,124500
2025-03-24,6480.0,124500
2025-03-25,6090.0,124500
2025-03-26,6210.0,124500
2025-03-27,6170.0,124500
2025-03-28,6240.0,124500
2025-03-31,5980.0,124500
2025-04-01,6340.0,124500
2025-04-02,6190.0,124500
2025-04-03,6000.0,124500
2025-04-04,6110.0,124500
2025-04-07,5820.0,124500
2025-04-08,5670.0,124500
2025-04-09,5470.0,124500
2025-04-10,5570.0,124500
2025-04-11,6020.0,124500
2025-04-14,6440.0,124500
2025-04-15,6320.0,124500
2025-04-16,6300.0,124500
2025-04-17,6580.0,124500
2025-04-18,6460.0,124500
2025-04-21,6950.0,124500
2025-04-22,6710.0,124500
2025-04-23,6510.0,124500
2025-04-24,6430.0,124500
2025-04-25,6410.0,124500
2025-04-28,6240.0,124500
2025-04-29,6520.0,124500
2025-04-30,6740.0,124500
2025-05-02,6440.0,124500
2025-05-07,6710.0,124500
2025-05-08,6910.0,124500
2025-05-09,6930.0,124500
2025-05-12,7850.0,124500
2025-05-13,8210.0,124500
2025-05-14,8210.0,124500
2025-05-15,8700.0,124500
2025-05-16,9000.0,124500
2025-05-19,8670.0,124500
2025-05-20,9050.0,124500
2025-05-21,10310.0,124500
2025-05-22,10140.0,124500
2025-05-23,9860.0,124500
2025-05-26,11500.0,124500
2025-05-27,11280.0,124500
2025-05-28,11250.0,124500
2025-05-29,11970.0,124500
2025-05-30,11370.0,124500
2025-06-02,11030.0,124500
2025-06-04,12030.0,124500
2025-06-05,14700.0,124500
2025-06-09,15840.0,124500
2025-06-10,17430.0,124500
2025-06-11,21150.0,124500
2025-06-12,22750.0,124500
2025-06-13,22200.0,124500
2025-06-16,26500.0,124500
2025-06-17,27300.0,124500
2025-06-18,28700.0,124500
2025-06-19,30000.0,124500
2025-06-20,28900.0,124500
2025-06-23,30750.0,124500
2025-06-24,32500.0,124500
2025-06-25,28750.0,124500
2025-06-26,24400.0,124500
2025-06-27,24500.0,124500
2025-06-30,25100.0,124500
2025-07-01,25400.0,124500
2025-07-02,25050.0,124500
2025-07-03,24250.0,124500
2025-07-04,23600.0,124500
2025-07-07,24350.0,124500
2025-07-08,21300.0,124500
2025-07-09,21600.0,124500
2025-07-10,21750.0,124500
2025-07-11,21350.0,124500
2025-07-14,19820.0,124500
2025-07-15,19900.0,124500
2025-07-16,19640.0,124500
2025-07-17,18000.0,124500
2025-07-18,18130.0,124500
2025-07-21,19260.0,124500
2025-07-22,18420.0,124500
2025-07-23,18200.0,124500
2025-07-24,18200.0,124500
2025-07-25,19330.0,124500
2025-07-28,18650.0,124500
2025-07-29,17960.0,124500
2025-07-30,17140.0,124500
2025-07-31,17440.0,124500
2025-08-01,16260.0,124500
2025-08-04,16390.0,124500
2025-08-05,16830.0,124500
2025-08-06,16510.0,124500
2025-08-07,17160.0,124500
2025-08-08,17050.0,124500
2025-08-11,17790.0,124500
2025-08-12,18360.0,124500
2025-08-13,17560.0,124500
2025-08-14,17940.0,124500
2025-08-18,16750.0,124500
2025-08-19,16390.0,124500
2025-08-20,15390.0,124500
2025-08-21,15200.0,124500
2025-08-22,15370.0,124500
2025-08-25,15790.0,124500
2025-08-26,15140.0,124500
2025-08-27,14990.0,124500
2025-08-28,14900.0,124500
2025-08-29,14500.0,124500
2025-09-01,14240.0,124500
2025-09-02,14480.0,124500
2025-09-03,16970.0,124500
2025-09-04,17920.0,124500
2025-09-05,17380.0,124500
2025-09-08,18700.0,124500
2025-09-09,18790.0,124500
2025-09-10,18830.0,124500
2025-09-11,18350.0,124500
2025-09-12,18420.0,124500
2025-09-15,18510.0,124500
2025-09-16,18490.0,124500
2025-09-17,17640.0,124500
2025-09-18,17500.0,124500
2025-09-19,17020.0,124500
2025-09-22,16070.0,124500
2025-09-23,16260.0,124500
2025-09-24,17970.0,124500
2025-09-25,17610.0,124500
2025-09-26,16770.0,124500
2025-09-29,18860.0,124500
2025-09-30,17680.0,124500
2025-10-01,17710.0,124500
2025-10-02,18610.0,124500
2025-10-10,22600.0,124500
2025-10-13,23450.0,124500
2025-10-14,21500.0,124500
2025-10-15,21750.0,124500
2025-10-16,19480.0,124500
2025-10-17,19040.0,124500
2025-10-20,18680.0,124500
2025-10-21,18920.0,124500
2025-10-22,18080.0,124500
2025-10-23,19580.0,124500
2025-10-24,19780.0,124500
2025-10-27,20300.0,124500
2025-10-28,20550.0,124500
2025-10-29,19480.0,124500
2025-10-30,18700.0,124500
2025-10-31,18700.0,124500
2025-11-03,19240.0,124500
2025-11-04,19270.0,124500
2025-11-05,18760.0,124500
2025-11-06,19990.0,124500
2025-11-07,19700.0,124500
2025-11-10,21500.0,124500
2025-11-11,22050.0,124500
2025-11-12,22200.0,124500
2025-11-13,23100.0,124500
2025-11-14,21650.0,124500
2025-11-17,20000.0,124500
2025-11-18,19890.0,124500
2025-11-19,19780.0,124500
2025-11-20,20550.0,124500
2025-11-21,19980.0,124500
2025-11-24,20550.0,124500
2025-11-25,20900.0,124500
2025-11-26,21350.0,124500
2025-11-27,20400.0,124500
2025-11-28,20550.0,124500
2025-12-01,21400.0,124500
2025-12-02,21000.0,124500
2025-12-03,20450.0,124500
2025-12-04,20850.0,124500
2025-12-05,20550.0,124500
2025-12-08,20050.0,124500
2025-12-09,22000.0,124500
2025-12-10,25750.0,124500
2025-12-11,26850.0,124500
2025-12-12,26450.0,124500
2025-12-15,25350.0,124500
2025-12-16,22850.0,124500
2025-12-17,22100.0,124500
2025-12-18,21750.0,124500
2025-12-19,23950.0,124500
2025-12-22,28500.0,124500
2025-12-23,31050.0,124500
2025-12-24,33200.0,124500
2025-12-26,33900.0,124500
2025-12-29,31900.0,124500
2025-12-30,30300.0,124500
2026-01-02,31200.0,124500
2026-01-05,30700.0,124500
2026-01-06,33950.0,124500
2026-01-07,32600.0,124500
2026-01-08,31950.0,124500
2026-01-09,33050.0,124500
2026-01-12,35900.0,124500
2026-01-13,37000.0,124500
2026-01-14,33600.0,124500
2026-01-15,33750.0,124500
2026-01-16,32200.0,124500
2026-01-19,31000.0,124500
2026-01-20,32250.0,124500
2026-01-21,32650.0,124500
2026-01-22,33500.0,124500
2026-01-23,40000.0,124500
2026-01-26,43600.0,124500
2026-01-27,48300.0,124500
2026-01-28,49700.0,124500
2026-01-29,48500.0,124500
2026-01-30,53800.0,124500
2026-02-02,47250.0,124500
2026-02-03,50800.0,124500
2026-02-04,51200.0,124500
2026-02-05,50100.0,124500
2026-02-06,45450.0,124500
2026-02-09,48800.0,124500
2026-02-10,49800.0,124500
2026-02-11,49450.0,124500
2026-02-12,49600.0,124500
2026-02-13,48800.0,124500
2026-02-19,47550.0,124500
2026-02-20,47700.0,124500
2026-02-23,51900.0,124500
2026-02-24,53100.0,124500
2026-02-25,55000.0,124500
2026-02-26,59200.0,124500
2026-02-27,58500.0,124500
2026-03-03,58100.0,124500
2026-03-04,47900.0,124500
2026-03-05,60800.0,124500
2026-03-06,59600.0,124500
2026-03-09,55900.0,124500
2026-03-10,62300.0,124500
2026-03-11,67200.0,124500
2026-03-12,71900.0,124500
2026-03-13,70500.0,124500
2026-03-16,69400.0,124500
2026-03-17,70100.0,124500
2026-03-18,67000.0,124500
2026-03-19,65200.0,124500
2026-03-20,61500.0,124500
2026-03-23,52100.0,124500
2026-03-24,55600.0,124500
2026-03-25,51200.0,124500
2026-03-26,48000.0,124500
2026-03-27,46900.0,124500
2026-03-30,46200.0,124500
2026-03-31,45650.0,124500
2026-04-01,49650.0,124500
2026-04-02,47750.0,124500
2026-04-03,46550.0,124500
2026-04-06,46600.0,124500
2026-04-07,43750.0,124500
2026-04-08,48550.0,124500
2026-04-09,49750.0,124500
2026-04-10,52000.0,124500
2026-04-13,50900.0,124500
2026-04-14,53100.0,124500
2026-04-15,54000.0,124500
2026-04-16,53500.0,124500
2026-04-17,53200.0,124500
2026-04-20,50500.0,124500
2026-04-21,46700.0,124500
2026-04-22,47600.0,124500
2026-04-23,46850.0,124500
2026-04-24,46250.0,124500
2026-04-27,54000.0,124500
2026-04-28,52000.0,124500
2026-04-29,54800.0,124500
2026-04-30,54100.0,124500
2026-05-04,61900.0,124500
2026-05-06,60200.0,124500
2026-05-07,57800.0,124500
2026-05-08,58100.0,124500
2026-05-11,56600.0,124500
2026-05-12,54600.0,124500
2026-05-13,54800.0,124500
2026-05-14,53100.0,124500
2026-05-15,51200.0,124500
2026-05-18,49600.0,124500
2026-05-19,45900.0,124500
2026-05-20,43200.0,124500
2026-05-21,48100.0,124500
2026-05-22,52200.0,124500
2026-05-26,49650.0,124500
2026-05-27,47800.0,124500
2026-05-28,45850.0,124500
2026-05-29,43850.0,124500
2026-06-01,43950.0,124500
2026-06-02,43300.0,124500
2026-06-04,43100.0,124500
2026-06-05,43000.0,124500
2026-06-08,39950.0,124500
2026-06-09,45050.0,124500
2026-06-10,43400.0,124500
2026-06-11,43400.0,124500
2026-06-12,43700.0,124500
2026-06-15,41900.0,124500
2026-06-16,35200.0,124500
2026-06-17,36350.0,124500
2026-06-18,33150.0,124500
2026-06-19,31200.0,124500
2026-06-22,29650.0,124500
2026-06-23,26450.0,124500
2026-06-24,24800.0,124500
2026-06-25,21800.0,124500
2026-06-26,21500.0,124500
2026-06-29,23950.0,124500
2026-06-30,24200.0,124500
2026-07-01,23400.0,124500
2026-07-02,21500.0,124500
2026-07-03,22900.0,124500
2026-07-06,21900.0,124500
2026-07-07,21250.0,124500
2026-07-08,19610.0,124500
2026-07-09,20050.0,124500
2026-07-10,21250.0,124500
2026-07-13,19890.0,124500
2026-07-14,20000.0,124500
2026-07-15,21650.0,124500
2026-07-16,20400.0,124500
2026-07-20,19200.0,124500
2026-07-21,19350.0,124500
2026-07-22,20100.0,124500
2026-07-23,23500.0,124500
2026-07-24,21050.0,124500
2026-07-27,21950.0,124500
2026-07-28,19920.0,124500
2026-07-29,18690.0,124500
2026-07-30,18460.0,124500
2026-07-31,21050.0,124500
2026-08-03,22900.0,124500
2026-08-04,23300.0,124500
2026-08-05,23450.0,124500
2026-08-06,25300.0,124500
2026-08-07,22700.0,124500
2026-08-10,26450.0,124500
2026-08-11,28150.0,124500
2026-08-12,27300.0,124500
2026-08-13,27150.0,124500
2026-08-14,27000.0,124500
2026-08-18,25900.0,124500
2026-08-19,25550.0,124500
2026-08-20,31350.0,124500
2026-08-21,32550.0,124500
2026-08-24,37900.0,124500
2026-08-25,40500.0,124500
2026-08-26,39750.0,124500
2026-08-27,37750.0,124500
2026-08-28,38800.0,124500
2026-08-31,35900.0,124500
2026-09-01,33550.0,124500
2026-09-02,33750.0,124500
2026-09-03,32700.0,124500
2026-09-04,35650.0,124500
2026-09-07,34100.0,124500
2026-09-08,31200.0,124500
2026-09-09,32100.0,124500
2026-09-10,32300.0,124500
2026-09-11,32100.0,124500
2026-09-14,31850.0,124500
