date,news_sentiment_index
2005-01-01,95.36
2005-01-02,96.87
2005-01-03,100.85
2005-01-04,101.3
2005-01-05,101.79
2005-01-06,101.24
2005-01-07,101.93
2005-01-08,101.92
2005-01-09,100.74
2005-01-10,100.58
2005-01-11,101.93
2005-01-12,102.05
2005-01-13,104.16
2005-01-14,105.76
2005-01-15,105.9
2005-01-16,107.09
2005-01-17,109.09
2005-01-18,110.97
2005-01-19,112.86
2005-01-20,111.41
2005-01-21,111.54
2005-01-22,111.22
2005-01-23,110.54
2005-01-24,108.93
2005-01-25,104.94
2005-01-26,104.45
2005-01-27,105.28
2005-01-28,103.56
2005-01-29,103.39
2005-01-30,103.76
2005-01-31,103.07
2005-02-01,105.52
2005-02-02,104.95
2005-02-03,105.56
2005-02-04,108.89
2005-02-05,109.2
2005-02-06,109.88
2005-02-07,110.47
2005-02-08,110.59
2005-02-09,111.76
2005-02-10,113.17
2005-02-11,110.33
2005-02-12,111.4
2005-02-13,110.46
2005-02-14,113.58
2005-02-15,113.74
2005-02-16,112.77
2005-02-17,112.06
2005-02-18,112.6
2005-02-19,112.12
2005-02-20,112.29
2005-02-21,110.95
2005-02-22,108.54
2005-02-23,105.61
2005-02-24,105.96
2005-02-25,107.51
2005-02-26,107.2
2005-02-27,106.5
2005-02-28,105.31
2005-03-01,106.86
2005-03-02,110.8
2005-03-03,111.84
2005-03-04,111.04
2005-03-05,111.09
2005-03-06,111.71
2005-03-07,110.69
2005-03-08,108.84
2005-03-09,107.07
2005-03-10,105.36
2005-03-11,106.08
2005-03-12,106.21
2005-03-13,106.15
2005-03-14,107.96
2005-03-15,109.35
2005-03-16,108.33
2005-03-17,106.65
2005-03-18,103.48
2005-03-19,102.97
2005-03-20,100.44
2005-03-21,97.72
2005-03-22,95.54
2005-03-23,95.38
2005-03-24,95.26
2005-03-25,95.0
2005-03-26,95.59
2005-03-27,97.98
2005-03-28,100.28
2005-03-29,100.59
2005-03-30,99.2
2005-03-31,100.6
2005-04-01,102.58
2005-04-02,102.19
2005-04-03,104.32
2005-04-04,103.57
2005-04-05,105.14
2005-04-06,107.8
2005-04-07,109.77
2005-04-08,109.65
2005-04-09,109.38
2005-04-10,108.07
2005-04-11,107.35
2005-04-12,107.68
2005-04-13,107.83
2005-04-14,103.84
2005-04-15,99.22
2005-04-16,98.86
2005-04-17,97.53
2005-04-18,93.91
2005-04-19,94.46
2005-04-20,95.4
2005-04-21,95.96
2005-04-22,98.89
2005-04-23,99.01
2005-04-24,97.66
2005-04-25,100.43
2005-04-26,99.34
2005-04-27,96.78
2005-04-28,96.76
2005-04-29,93.02
2005-04-30,93.52
2005-05-01,92.08
2005-05-02,94.2
2005-05-03,95.04
2005-05-04,96.01
2005-05-05,96.2
2005-05-06,100.27
2005-05-07,100.55
2005-05-08,103.25
2005-05-09,102.17
2005-05-10,100.32
2005-05-11,98.93
2005-05-12,99.88
2005-05-13,97.59
2005-05-14,96.74
2005-05-15,97.21
2005-05-16,98.35
2005-05-17,98.42
2005-05-18,97.32
2005-05-19,98.24
2005-05-20,99.34
2005-05-21,99.84
2005-05-22,101.06
2005-05-23,100.91
2005-05-24,101.65
2005-05-25,104.61
2005-05-26,104.08
2005-05-27,107.48
2005-05-28,107.87
2005-05-29,108.47
2005-05-30,106.61
2005-05-31,106.57
2005-06-01,105.73
2005-06-02,106.15
2005-06-03,105.76
2005-06-04,105.39
2005-06-05,103.49
2005-06-06,102.62
2005-06-07,103.39
2005-06-08,105.69
2005-06-09,104.13
2005-06-10,101.88
2005-06-11,102.08
2005-06-12,102.19
2005-06-13,102.64
2005-06-14,100.67
2005-06-15,98.74
2005-06-16,99.97
2005-06-17,100.49
2005-06-18,99.81
2005-06-19,99.21
2005-06-20,100.44
2005-06-21,99.6
2005-06-22,99.79
2005-06-23,100.63
2005-06-24,99.88
2005-06-25,99.9
2005-06-26,99.42
2005-06-27,98.18
2005-06-28,99.95
2005-06-29,101.76
2005-06-30,101.05
2005-07-01,103.43
2005-07-02,104.07
2005-07-03,105.79
2005-07-04,108.12
2005-07-05,109.82
2005-07-06,109.2
2005-07-07,109.68
2005-07-08,107.14
2005-07-09,106.88
2005-07-10,105.83
2005-07-11,107.14
2005-07-12,106.95
2005-07-13,107.37
2005-07-14,108.24
2005-07-15,109.43
2005-07-16,109.64
2005-07-17,112.12
2005-07-18,109.56
2005-07-19,109.74
2005-07-20,110.1
2005-07-21,107.71
2005-07-22,105.21
2005-07-23,104.98
2005-07-24,102.28
2005-07-25,104.8
2005-07-26,103.74
2005-07-27,104.79
2005-07-28,107.75
2005-07-29,109.72
2005-07-30,110.0
2005-07-31,110.68
2005-08-01,111.19
2005-08-02,111.18
2005-08-03,109.43
2005-08-04,105.91
2005-08-05,102.01
2005-08-06,101.71
2005-08-07,100.28
2005-08-08,96.2
2005-08-09,95.84
2005-08-10,95.21
2005-08-11,98.02
2005-08-12,102.18
2005-08-13,102.2
2005-08-14,103.36
2005-08-15,103.78
2005-08-16,103.89
2005-08-17,102.2
2005-08-18,98.09
2005-08-19,96.64
2005-08-20,96.73
2005-08-21,95.14
2005-08-22,96.79
2005-08-23,96.73
2005-08-24,95.85
2005-08-25,96.75
2005-08-26,95.8
2005-08-27,95.23
2005-08-28,93.54
2005-08-29,88.3
2005-08-30,88.11
2005-08-31,89.1
2005-09-01,91.0
2005-09-02,94.26
2005-09-03,94.49
2005-09-04,98.96
2005-09-05,103.73
2005-09-06,104.66
2005-09-07,109.02
2005-09-08,110.48
2005-09-09,110.68
2005-09-10,111.34
2005-09-11,110.83
2005-09-12,112.85
2005-09-13,112.71
2005-09-14,110.28
2005-09-15,106.27
2005-09-16,105.75
2005-09-17,105.92
2005-09-18,105.9
2005-09-19,104.35
2005-09-20,108.96
2005-09-21,108.78
2005-09-22,111.56
2005-09-23,107.91
2005-09-24,106.79
2005-09-25,105.98
2005-09-26,107.15
2005-09-27,104.01
2005-09-28,105.56
2005-09-29,105.43
2005-09-30,110.25
2005-10-01,111.23
2005-10-02,111.75
2005-10-03,110.29
2005-10-04,111.25
2005-10-05,110.03
2005-10-06,108.43
2005-10-07,105.04
2005-10-08,103.88
2005-10-09,103.26
2005-10-10,106.32
2005-10-11,105.55
2005-10-12,105.31
2005-10-13,107.19
2005-10-14,108.24
2005-10-15,108.82
2005-10-16,108.61
2005-10-17,105.77
2005-10-18,105.92
2005-10-19,104.26
2005-10-20,104.37
2005-10-21,103.61
2005-10-22,103.61
2005-10-23,105.11
2005-10-24,105.05
2005-10-25,104.56
2005-10-26,105.09
2005-10-27,105.59
2005-10-28,103.52
2005-10-29,103.42
2005-10-30,102.45
2005-10-31,102.82
2005-11-01,104.52
2005-11-02,106.74
2005-11-03,108.3
2005-11-04,111.43
2005-11-05,111.31
2005-11-06,111.18
2005-11-07,110.89
2005-11-08,110.92
2005-11-09,109.96
2005-11-10,108.09
2005-11-11,109.47
2005-11-12,109.85
2005-11-13,112.11
2005-11-14,113.31
2005-11-15,112.08
2005-11-16,112.91
2005-11-17,115.44
2005-11-18,116.38
2005-11-19,116.78
2005-11-20,117.76
2005-11-21,119.62
2005-11-22,119.64
2005-11-23,119.82
2005-11-24,119.7
2005-11-25,120.46
2005-11-26,120.28
2005-11-27,120.06
2005-11-28,118.99
2005-11-29,119.26
2005-11-30,120.23
2005-12-01,119.94
2005-12-02,118.3
2005-12-03,118.32
2005-12-04,116.47
2005-12-05,118.18
2005-12-06,118.8
2005-12-07,117.28
2005-12-08,115.06
2005-12-09,112.68
2005-12-10,112.66
2005-12-11,111.65
2005-12-12,110.12
2005-12-13,110.03
2005-12-14,110.85
2005-12-15,112.85
2005-12-16,110.13
2005-12-17,109.28
2005-12-18,109.9
2005-12-19,109.07
2005-12-20,108.53
2005-12-21,109.1
2005-12-22,108.1
2005-12-23,111.65
2005-12-24,112.5
2005-12-25,113.14
2005-12-26,115.06
2005-12-27,116.92
2005-12-28,116.77
2005-12-29,118.59
2005-12-30,120.15
2005-12-31,120.28
2006-01-01,121.08
2006-01-02,122.42
2006-01-03,121.32
2006-01-04,120.02
2006-01-05,117.35
2006-01-06,117.36
2006-01-07,117.35
2006-01-08,117.07
2006-01-09,114.47
2006-01-10,113.28
2006-01-11,114.07
2006-01-12,116.5
2006-01-13,116.81
2006-01-14,116.06
2006-01-15,115.49
2006-01-16,117.85
2006-01-17,116.95
2006-01-18,112.49
2006-01-19,110.18
2006-01-20,104.77
2006-01-21,104.54
2006-01-22,103.2
2006-01-23,94.3
2006-01-24,94.48
2006-01-25,100.23
2006-01-26,99.88
2006-01-27,104.93
2006-01-28,105.46
2006-01-29,105.95
2006-01-30,111.14
2006-01-31,112.47
2006-02-01,105.43
2006-02-02,104.5
2006-02-03,98.57
2006-02-04,97.97
2006-02-05,96.57
2006-02-06,95.99
2006-02-07,94.51
2006-02-08,98.31
2006-02-09,99.99
2006-02-10,103.44
2006-02-11,103.97
2006-02-12,105.39
2006-02-13,104.12
2006-02-14,103.83
2006-02-15,102.18
2006-02-16,100.71
2006-02-17,98.98
2006-02-18,98.57
2006-02-19,99.09
2006-02-20,103.44
2006-02-21,103.23
2006-02-22,103.17
2006-02-23,103.4
2006-02-24,104.47
2006-02-25,104.93
2006-02-26,106.34
2006-02-27,103.5
2006-02-28,100.84
2006-03-01,100.19
2006-03-02,100.78
2006-03-03,98.24
2006-03-04,97.7
2006-03-05,96.11
2006-03-06,95.97
2006-03-07,97.29
2006-03-08,98.74
2006-03-09,98.03
2006-03-10,100.7
2006-03-11,101.19
2006-03-12,102.13
2006-03-13,103.83
2006-03-14,105.68
2006-03-15,104.98
2006-03-16,104.72
2006-03-17,103.94
2006-03-18,103.8
2006-03-19,102.68
2006-03-20,101.85
2006-03-21,101.78
2006-03-22,99.25
2006-03-23,99.47
2006-03-24,99.44
2006-03-25,99.06
2006-03-26,99.14
2006-03-27,96.66
2006-03-28,93.55
2006-03-29,94.56
2006-03-30,94.5
2006-03-31,95.89
2006-04-01,96.2
2006-04-02,96.34
2006-04-03,101.62
2006-04-04,102.97
2006-04-05,104.98
2006-04-06,105.01
2006-04-07,104.74
2006-04-08,104.53
2006-04-09,104.07
2006-04-10,99.25
2006-04-11,97.0
2006-04-12,94.62
2006-04-13,94.3
2006-04-14,96.27
2006-04-15,96.71
2006-04-16,97.72
2006-04-17,100.16
2006-04-18,102.76
2006-04-19,104.99
2006-04-20,104.98
2006-04-21,103.66
2006-04-22,103.79
2006-04-23,102.71
2006-04-24,96.94
2006-04-25,96.12
2006-04-26,96.79
2006-04-27,96.37
2006-04-28,92.48
2006-04-29,91.28
2006-04-30,90.81
2006-05-01,93.34
2006-05-02,93.41
2006-05-03,93.03
2006-05-04,91.83
2006-05-05,94.57
2006-05-06,96.27
2006-05-07,96.19
2006-05-08,99.04
2006-05-09,99.75
2006-05-10,99.27
2006-05-11,101.71
2006-05-12,101.54
2006-05-13,101.1
2006-05-14,101.35
2006-05-15,98.19
2006-05-16,94.46
2006-05-17,94.11
2006-05-18,89.54
2006-05-19,87.03
2006-05-20,86.76
2006-05-21,86.07
2006-05-22,84.34
2006-05-23,86.04
2006-05-24,85.48
2006-05-25,87.79
2006-05-26,87.93
2006-05-27,88.38
2006-05-28,88.06
2006-05-29,91.9
2006-05-30,91.67
2006-05-31,91.75
2006-06-01,92.1
2006-06-02,93.06
2006-06-03,92.83
2006-06-04,93.2
2006-06-05,90.85
2006-06-06,89.43
2006-06-07,86.6
2006-06-08,83.4
2006-06-09,83.35
2006-06-10,83.58
2006-06-11,83.04
2006-06-12,84.0
2006-06-13,84.15
2006-06-14,87.22
2006-06-15,89.51
2006-06-16,92.03
2006-06-17,92.72
2006-06-18,94.26
2006-06-19,94.64
2006-06-20,95.44
2006-06-21,94.28
2006-06-22,95.77
2006-06-23,90.07
2006-06-24,89.23
2006-06-25,87.11
2006-06-26,85.24
2006-06-27,88.43
2006-06-28,89.27
2006-06-29,90.86
2006-06-30,95.99
2006-07-01,96.68
2006-07-02,98.49
2006-07-03,100.61
2006-07-04,98.85
2006-07-05,98.4
2006-07-06,94.35
2006-07-07,92.57
2006-07-08,91.68
2006-07-09,93.13
2006-07-10,92.14
2006-07-11,91.51
2006-07-12,91.39
2006-07-13,92.83
2006-07-14,89.11
2006-07-15,87.46
2006-07-16,82.53
2006-07-17,78.62
2006-07-18,75.89
2006-07-19,74.0
2006-07-20,76.1
2006-07-21,79.66
2006-07-22,80.87
2006-07-23,82.98
2006-07-24,85.99
2006-07-25,89.4
2006-07-26,92.32
2006-07-27,91.61
2006-07-28,92.88
2006-07-29,93.25
2006-07-30,93.47
2006-07-31,92.39
2006-08-01,91.51
2006-08-02,90.26
2006-08-03,89.29
2006-08-04,87.05
2006-08-05,87.04
2006-08-06,86.31
2006-08-07,87.77
2006-08-08,89.35
2006-08-09,90.23
2006-08-10,90.32
2006-08-11,91.24
2006-08-12,90.79
2006-08-13,91.69
2006-08-14,92.02
2006-08-15,92.04
2006-08-16,91.96
2006-08-17,93.31
2006-08-18,93.08
2006-08-19,93.61
2006-08-20,94.59
2006-08-21,94.74
2006-08-22,94.51
2006-08-23,96.07
2006-08-24,95.79
2006-08-25,97.8
2006-08-26,97.45
2006-08-27,95.67
2006-08-28,94.17
2006-08-29,94.25
2006-08-30,92.23
2006-08-31,93.59
2006-09-01,93.5
2006-09-02,94.13
2006-09-03,98.03
2006-09-04,101.93
2006-09-05,102.35
2006-09-06,104.14
2006-09-07,103.2
2006-09-08,102.53
2006-09-09,101.93
2006-09-10,100.3
2006-09-11,98.13
2006-09-12,97.2
2006-09-13,97.45
2006-09-14,99.5
2006-09-15,101.47
2006-09-16,102.11
2006-09-17,103.17
2006-09-18,105.01
2006-09-19,106.69
2006-09-20,104.96
2006-09-21,103.73
2006-09-22,100.07
2006-09-23,99.82
2006-09-24,98.25
2006-09-25,98.28
2006-09-26,96.88
2006-09-27,98.23
2006-09-28,99.01
2006-09-29,101.6
2006-09-30,101.78
2006-10-01,102.78
2006-10-02,102.17
2006-10-03,101.08
2006-10-04,97.63
2006-10-05,95.88
2006-10-06,95.17
2006-10-07,95.28
2006-10-08,94.44
2006-10-09,84.45
2006-10-10,86.35
2006-10-11,89.17
2006-10-12,90.03
2006-10-13,91.5
2006-10-14,91.52
2006-10-15,90.65
2006-10-16,99.17
2006-10-17,99.98
2006-10-18,99.59
2006-10-19,100.08
2006-10-20,101.83
2006-10-21,102.0
2006-10-22,102.54
2006-10-23,101.73
2006-10-24,103.3
2006-10-25,105.18
2006-10-26,106.58
2006-10-27,105.87
2006-10-28,105.85
2006-10-29,103.77
2006-10-30,100.17
2006-10-31,99.61
2006-11-01,99.39
2006-11-02,100.3
2006-11-03,98.26
2006-11-04,97.55
2006-11-05,97.91
2006-11-06,99.21
2006-11-07,99.65
2006-11-08,98.52
2006-11-09,97.43
2006-11-10,97.5
2006-11-11,97.98
2006-11-12,99.75
2006-11-13,100.29
2006-11-14,98.88
2006-11-15,97.62
2006-11-16,96.66
2006-11-17,95.53
2006-11-18,95.33
2006-11-19,94.28
2006-11-20,93.45
2006-11-21,93.5
2006-11-22,95.9
2006-11-23,94.94
2006-11-24,94.54
2006-11-25,95.86
2006-11-26,96.42
2006-11-27,97.21
2006-11-28,98.77
2006-11-29,100.51
2006-11-30,103.51
2006-12-01,105.95
2006-12-02,105.41
2006-12-03,107.2
2006-12-04,107.53
2006-12-05,106.26
2006-12-06,101.28
2006-12-07,97.99
2006-12-08,94.76
2006-12-09,93.87
2006-12-10,91.8
2006-12-11,90.62
2006-12-12,87.77
2006-12-13,91.56
2006-12-14,93.9
2006-12-15,97.36
2006-12-16,97.65
2006-12-17,97.14
2006-12-18,99.16
2006-12-19,103.23
2006-12-20,103.96
2006-12-21,104.07
2006-12-22,102.87
2006-12-23,103.21
2006-12-24,103.13
2006-12-25,102.34
2006-12-26,100.52
2006-12-27,97.42
2006-12-28,98.08
2006-12-29,98.02
2006-12-30,97.46
2006-12-31,97.72
2007-01-01,98.84
2007-01-02,101.62
2007-01-03,102.69
2007-01-04,98.54
2007-01-05,97.07
2007-01-06,96.25
2007-01-07,96.28
2007-01-08,91.8
2007-01-09,89.17
2007-01-10,86.94
2007-01-11,89.82
2007-01-12,93.19
2007-01-13,93.88
2007-01-14,93.13
2007-01-15,95.39
2007-01-16,95.57
2007-01-17,95.65
2007-01-18,94.18
2007-01-19,88.0
2007-01-20,88.28
2007-01-21,86.92
2007-01-22,85.78
2007-01-23,84.31
2007-01-24,87.23
2007-01-25,88.13
2007-01-26,91.77
2007-01-27,91.42
2007-01-28,91.99
2007-01-29,92.35
2007-01-30,93.13
2007-01-31,90.54
2007-02-01,90.12
2007-02-02,92.18
2007-02-03,92.47
2007-02-04,93.54
2007-02-05,94.03
2007-02-06,96.53
2007-02-07,99.8
2007-02-08,98.91
2007-02-09,97.21
2007-02-10,96.7
2007-02-11,96.35
2007-02-12,94.98
2007-02-13,94.67
2007-02-14,95.24
2007-02-15,97.02
2007-02-16,96.74
2007-02-17,97.09
2007-02-18,98.18
2007-02-19,100.87
2007-02-20,99.05
2007-02-21,96.99
2007-02-22,97.79
2007-02-23,97.57
2007-02-24,97.35
2007-02-25,97.19
2007-02-26,97.81
2007-02-27,98.03
2007-02-28,93.15
2007-03-01,90.24
2007-03-02,91.11
2007-03-03,91.35
2007-03-04,91.1
2007-03-05,88.69
2007-03-06,89.52
2007-03-07,95.78
2007-03-08,97.91
2007-03-09,96.6
2007-03-10,95.97
2007-03-11,96.49
2007-03-12,96.64
2007-03-13,94.41
2007-03-14,89.52
2007-03-15,88.79
2007-03-16,90.85
2007-03-17,91.74
2007-03-18,92.09
2007-03-19,94.84
2007-03-20,97.67
2007-03-21,101.2
2007-03-22,101.41
2007-03-23,101.03
2007-03-24,100.91
2007-03-25,102.0
2007-03-26,100.64
2007-03-27,99.59
2007-03-28,100.99
2007-03-29,102.19
2007-03-30,103.38
2007-03-31,102.86
2007-04-01,101.64
2007-04-02,103.42
2007-04-03,102.99
2007-04-04,103.49
2007-04-05,103.27
2007-04-06,103.33
2007-04-07,103.78
2007-04-08,104.45
2007-04-09,105.71
2007-04-10,107.93
2007-04-11,108.36
2007-04-12,108.63
2007-04-13,107.05
2007-04-14,106.65
2007-04-15,106.6
2007-04-16,105.7
2007-04-17,104.66
2007-04-18,103.99
2007-04-19,103.89
2007-04-20,105.73
2007-04-21,106.46
2007-04-22,105.49
2007-04-23,106.36
2007-04-24,107.28
2007-04-25,107.17
2007-04-26,107.64
2007-04-27,107.23
2007-04-28,105.95
2007-04-29,106.68
2007-04-30,105.16
2007-05-01,104.47
2007-05-02,104.58
2007-05-03,104.08
2007-05-04,103.71
2007-05-05,104.94
2007-05-06,104.83
2007-05-07,107.17
2007-05-08,106.91
2007-05-09,106.16
2007-05-10,107.15
2007-05-11,107.93
2007-05-12,107.54
2007-05-13,108.7
2007-05-14,107.08
2007-05-15,107.1
2007-05-16,106.74
2007-05-17,106.47
2007-05-18,105.63
2007-05-19,105.52
2007-05-20,103.4
2007-05-21,101.57
2007-05-22,104.25
2007-05-23,105.52
2007-05-24,104.79
2007-05-25,103.29
2007-05-26,103.28
2007-05-27,103.33
2007-05-28,106.73
2007-05-29,104.01
2007-05-30,105.64
2007-05-31,107.13
2007-06-01,111.26
2007-06-02,112.13
2007-06-03,112.61
2007-06-04,111.92
2007-06-05,111.81
2007-06-06,110.3
2007-06-07,110.94
2007-06-08,108.36
2007-06-09,107.58
2007-06-10,108.8
2007-06-11,107.89
2007-06-12,108.77
2007-06-13,108.72
2007-06-14,107.25
2007-06-15,108.26
2007-06-16,108.83
2007-06-17,108.21
2007-06-18,110.66
2007-06-19,110.56
2007-06-20,110.27
2007-06-21,109.6
2007-06-22,108.03
2007-06-23,107.47
2007-06-24,106.39
2007-06-25,103.74
2007-06-26,102.78
2007-06-27,101.44
2007-06-28,101.49
2007-06-29,101.29
2007-06-30,101.38
2007-07-01,101.86
2007-07-02,103.41
2007-07-03,105.82
2007-07-04,108.96
2007-07-05,110.94
2007-07-06,112.86
2007-07-07,113.5
2007-07-08,115.59
2007-07-09,115.59
2007-07-10,116.47
2007-07-11,115.71
2007-07-12,115.6
2007-07-13,116.51
2007-07-14,116.27
2007-07-15,114.78
2007-07-16,113.96
2007-07-17,109.97
2007-07-18,109.6
2007-07-19,109.5
2007-07-20,107.93
2007-07-21,107.92
2007-07-22,106.47
2007-07-23,106.6
2007-07-24,108.29
2007-07-25,110.19
2007-07-26,110.98
2007-07-27,107.29
2007-07-28,106.22
2007-07-29,107.18
2007-07-30,106.56
2007-07-31,109.1
2007-08-01,105.37
2007-08-02,102.16
2007-08-03,104.12
2007-08-04,103.99
2007-08-05,103.3
2007-08-06,102.37
2007-08-07,100.75
2007-08-08,105.34
2007-08-09,107.28
2007-08-10,103.77
2007-08-11,103.97
2007-08-12,104.56
2007-08-13,104.58
2007-08-14,100.94
2007-08-15,92.66
2007-08-16,84.98
2007-08-17,83.92
2007-08-18,84.41
2007-08-19,81.07
2007-08-20,82.85
2007-08-21,85.23
2007-08-22,88.79
2007-08-23,94.69
2007-08-24,98.46
2007-08-25,98.87
2007-08-26,102.02
2007-08-27,100.57
2007-08-28,99.22
2007-08-29,99.21
2007-08-30,99.18
2007-08-31,101.86
2007-09-01,102.32
2007-09-02,104.3
2007-09-03,105.72
2007-09-04,106.71
2007-09-05,105.77
2007-09-06,105.11
2007-09-07,103.89
2007-09-08,103.24
2007-09-09,103.39
2007-09-10,99.71
2007-09-11,99.65
2007-09-12,98.75
2007-09-13,99.87
2007-09-14,101.71
2007-09-15,101.95
2007-09-16,99.34
2007-09-17,102.39
2007-09-18,100.8
2007-09-19,104.5
2007-09-20,104.4
2007-09-21,103.67
2007-09-22,104.27
2007-09-23,106.03
2007-09-24,104.84
2007-09-25,106.59
2007-09-26,100.4
2007-09-27,102.37
2007-09-28,102.22
2007-09-29,101.97
2007-09-30,104.06
2007-10-01,106.22
2007-10-02,110.07
2007-10-03,112.0
2007-10-04,113.15
2007-10-05,114.18
2007-10-06,113.98
2007-10-07,112.93
2007-10-08,114.15
2007-10-09,112.04
2007-10-10,114.29
2007-10-11,113.55
2007-10-12,112.35
2007-10-13,112.62
2007-10-14,112.67
2007-10-15,112.41
2007-10-16,109.9
2007-10-17,106.42
2007-10-18,105.94
2007-10-19,102.96
2007-10-20,101.77
2007-10-21,99.53
2007-10-22,96.06
2007-10-23,99.21
2007-10-24,101.27
2007-10-25,101.52
2007-10-26,102.6
2007-10-27,103.12
2007-10-28,103.58
2007-10-29,106.91
2007-10-30,106.17
2007-10-31,104.19
2007-11-01,103.19
2007-11-02,102.91
2007-11-03,103.34
2007-11-04,103.65
2007-11-05,100.88
2007-11-06,100.78
2007-11-07,102.1
2007-11-08,100.94
2007-11-09,101.61
2007-11-10,101.26
2007-11-11,101.24
2007-11-12,99.24
2007-11-13,96.05
2007-11-14,96.46
2007-11-15,97.17
2007-11-16,94.63
2007-11-17,94.05
2007-11-18,93.5
2007-11-19,95.06
2007-11-20,93.58
2007-11-21,90.75
2007-11-22,88.68
2007-11-23,87.74
2007-11-24,87.97
2007-11-25,87.89
2007-11-26,91.06
2007-11-27,93.25
2007-11-28,95.45
2007-11-29,98.0
2007-11-30,102.68
2007-12-01,102.73
2007-12-02,104.28
2007-12-03,104.4
2007-12-04,106.16
2007-12-05,105.67
2007-12-06,104.88
2007-12-07,103.43
2007-12-08,104.18
2007-12-09,104.7
2007-12-10,102.33
2007-12-11,101.53
2007-12-12,100.98
2007-12-13,102.09
2007-12-14,102.4
2007-12-15,101.55
2007-12-16,99.39
2007-12-17,97.51
2007-12-18,96.7
2007-12-19,97.31
2007-12-20,98.33
2007-12-21,99.53
2007-12-22,100.36
2007-12-23,103.24
2007-12-24,106.56
2007-12-25,103.86
2007-12-26,104.77
2007-12-27,104.7
2007-12-28,104.74
2007-12-29,105.04
2007-12-30,105.32
2007-12-31,103.4
2008-01-01,107.15
2008-01-02,107.98
2008-01-03,104.78
2008-01-04,103.33
2008-01-05,102.4
2008-01-06,101.01
2008-01-07,100.65
2008-01-08,99.89
2008-01-09,98.15
2008-01-10,100.77
2008-01-11,101.72
2008-01-12,101.85
2008-01-13,101.9
2008-01-14,104.54
2008-01-15,105.49
2008-01-16,102.47
2008-01-17,101.84
2008-01-18,99.57
2008-01-19,97.98
2008-01-20,97.37
2008-01-21,93.6
2008-01-22,87.28
2008-01-23,89.43
2008-01-24,92.83
2008-01-25,94.63
2008-01-26,96.07
2008-01-27,97.22
2008-01-28,97.96
2008-01-29,102.92
2008-01-30,100.83
2008-01-31,94.77
2008-02-01,93.59
2008-02-02,93.82
2008-02-03,93.18
2008-02-04,97.85
2008-02-05,95.86
2008-02-06,96.35
2008-02-07,98.37
2008-02-08,99.62
2008-02-09,99.63
2008-02-10,99.04
2008-02-11,91.0
2008-02-12,94.55
2008-02-13,96.52
2008-02-14,99.02
2008-02-15,98.33
2008-02-16,98.18
2008-02-17,98.53
2008-02-18,99.83
2008-02-19,100.34
2008-02-20,99.96
2008-02-21,98.17
2008-02-22,96.9
2008-02-23,96.71
2008-02-24,95.83
2008-02-25,96.66
2008-02-26,96.84
2008-02-27,97.93
2008-02-28,96.39
2008-02-29,97.41
2008-03-01,97.4
2008-03-02,96.93
2008-03-03,94.33
2008-03-04,92.1
2008-03-05,91.01
2008-03-06,91.92
2008-03-07,88.24
2008-03-08,87.18
2008-03-09,86.11
2008-03-10,85.0
2008-03-11,84.37
2008-03-12,84.33
2008-03-13,81.33
2008-03-14,81.95
2008-03-15,82.13
2008-03-16,81.51
2008-03-17,79.23
2008-03-18,78.46
2008-03-19,78.75
2008-03-20,80.66
2008-03-21,85.16
2008-03-22,87.19
2008-03-23,88.42
2008-03-24,93.25
2008-03-25,96.04
2008-03-26,96.06
2008-03-27,97.2
2008-03-28,97.03
2008-03-29,95.88
2008-03-30,96.62
2008-03-31,97.79
2008-04-01,98.02
2008-04-02,100.29
2008-04-03,102.22
2008-04-04,104.02
2008-04-05,104.3
2008-04-06,104.26
2008-04-07,105.03
2008-04-08,104.26
2008-04-09,102.01
2008-04-10,101.36
2008-04-11,100.13
2008-04-12,100.49
2008-04-13,102.31
2008-04-14,99.72
2008-04-15,100.1
2008-04-16,101.06
2008-04-17,101.11
2008-04-18,100.98
2008-04-19,100.58
2008-04-20,100.72
2008-04-21,103.81
2008-04-22,102.5
2008-04-23,102.45
2008-04-24,103.56
2008-04-25,103.86
2008-04-26,103.59
2008-04-27,102.97
2008-04-28,102.1
2008-04-29,105.58
2008-04-30,105.45
2008-05-01,101.87
2008-05-02,103.09
2008-05-03,103.33
2008-05-04,102.9
2008-05-05,100.6
2008-05-06,99.77
2008-05-07,99.98
2008-05-08,101.1
2008-05-09,96.73
2008-05-10,95.74
2008-05-11,96.22
2008-05-12,95.45
2008-05-13,93.17
2008-05-14,93.26
2008-05-15,95.68
2008-05-16,97.69
2008-05-17,99.02
2008-05-18,99.79
2008-05-19,101.4
2008-05-20,100.08
2008-05-21,97.25
2008-05-22,93.18
2008-05-23,91.77
2008-05-24,90.7
2008-05-25,86.19
2008-05-26,83.64
2008-05-27,84.75
2008-05-28,85.98
2008-05-29,86.56
2008-05-30,86.15
2008-05-31,85.49
2008-06-01,87.71
2008-06-02,89.39
2008-06-03,86.75
2008-06-04,87.74
2008-06-05,88.25
2008-06-06,87.73
2008-06-07,87.22
2008-06-08,86.33
2008-06-09,84.03
2008-06-10,82.16
2008-06-11,79.04
2008-06-12,75.76
2008-06-13,72.03
2008-06-14,70.13
2008-06-15,65.0
2008-06-16,64.35
2008-06-17,66.13
2008-06-18,65.7
2008-06-19,67.1
2008-06-20,69.49
2008-06-21,71.74
2008-06-22,78.47
2008-06-23,79.48
2008-06-24,79.56
2008-06-25,80.67
2008-06-26,83.63
2008-06-27,83.54
2008-06-28,83.37
2008-06-29,80.01
2008-06-30,79.83
2008-07-01,80.02
2008-07-02,77.13
2008-07-03,72.9
2008-07-04,72.09
2008-07-05,71.93
2008-07-06,71.85
2008-07-07,71.78
2008-07-08,68.4
2008-07-09,69.25
2008-07-10,70.41
2008-07-11,73.08
2008-07-12,73.21
2008-07-13,75.42
2008-07-14,77.36
2008-07-15,79.37
2008-07-16,79.63
2008-07-17,83.59
2008-07-18,80.09
2008-07-19,80.36
2008-07-20,79.9
2008-07-21,80.38
2008-07-22,81.92
2008-07-23,84.55
2008-07-24,85.48
2008-07-25,87.82
2008-07-26,87.85
2008-07-27,87.91
2008-07-28,88.33
2008-07-29,88.62
2008-07-30,88.49
2008-07-31,85.71
2008-08-01,83.37
2008-08-02,83.15
2008-08-03,82.41
2008-08-04,78.73
2008-08-05,77.23
2008-08-06,76.38
2008-08-07,74.7
2008-08-08,75.33
2008-08-09,75.88
2008-08-10,75.67
2008-08-11,79.75
2008-08-12,83.02
2008-08-13,83.53
2008-08-14,85.06
2008-08-15,85.97
2008-08-16,86.38
2008-08-17,88.24
2008-08-18,85.27
2008-08-19,81.15
2008-08-20,79.95
2008-08-21,76.42
2008-08-22,73.19
2008-08-23,72.43
2008-08-24,71.51
2008-08-25,72.42
2008-08-26,71.38
2008-08-27,71.64
2008-08-28,75.0
2008-08-29,76.69
2008-08-30,76.12
2008-08-31,76.44
2008-09-01,71.48
2008-09-02,70.12
2008-09-03,68.77
2008-09-04,68.23
2008-09-05,68.89
2008-09-06,68.92
2008-09-07,66.46
2008-09-08,73.06
2008-09-09,77.73
2008-09-10,78.55
2008-09-11,79.05
2008-09-12,81.16
2008-09-13,81.7
2008-09-14,84.22
2008-09-15,78.04
2008-09-16,69.08
2008-09-17,68.42
2008-09-18,65.15
2008-09-19,61.86
2008-09-20,61.92
2008-09-21,61.17
2008-09-22,65.44
2008-09-23,72.25
2008-09-24,74.27
2008-09-25,76.77
2008-09-26,77.34
2008-09-27,76.98
2008-09-28,80.33
2008-09-29,78.05
2008-09-30,73.8
2008-10-01,72.0
2008-10-02,68.35
2008-10-03,65.12
2008-10-04,64.63
2008-10-05,62.41
2008-10-06,58.49
2008-10-07,59.39
2008-10-08,55.68
2008-10-09,56.2
2008-10-10,55.7
2008-10-11,55.09
2008-10-12,53.73
2008-10-13,57.79
2008-10-14,63.05
2008-10-15,64.94
2008-10-16,62.36
2008-10-17,62.53
2008-10-18,63.0
2008-10-19,64.2
2008-10-20,64.03
2008-10-21,60.52
2008-10-22,58.28
2008-10-23,58.86
2008-10-24,58.6
2008-10-25,58.05
2008-10-26,57.46
2008-10-27,56.7
2008-10-28,58.39
2008-10-29,61.46
2008-10-30,67.56
2008-10-31,71.24
2008-11-01,72.19
2008-11-02,72.0
2008-11-03,75.06
2008-11-04,76.43
2008-11-05,78.86
2008-11-06,76.06
2008-11-07,76.08
2008-11-08,76.24
2008-11-09,76.77
2008-11-10,73.8
2008-11-11,69.39
2008-11-12,63.92
2008-11-13,62.24
2008-11-14,62.88
2008-11-15,62.82
2008-11-16,63.15
2008-11-17,62.37
2008-11-18,62.22
2008-11-19,61.83
2008-11-20,61.1
2008-11-21,60.22
2008-11-22,60.35
2008-11-23,59.23
2008-11-24,59.81
2008-11-25,61.2
2008-11-26,65.43
2008-11-27,68.55
2008-11-28,69.79
2008-11-29,70.19
2008-11-30,72.81
2008-12-01,72.82
2008-12-02,71.16
2008-12-03,69.66
2008-12-04,68.6
2008-12-05,68.24
2008-12-06,68.21
2008-12-07,68.52
2008-12-08,69.7
2008-12-09,72.08
2008-12-10,74.44
2008-12-11,76.57
2008-12-12,76.07
2008-12-13,75.6
2008-12-14,75.86
2008-12-15,78.74
2008-12-16,79.25
2008-12-17,80.31
2008-12-18,81.83
2008-12-19,84.88
2008-12-20,86.27
2008-12-21,85.41
2008-12-22,84.32
2008-12-23,82.13
2008-12-24,77.96
2008-12-25,73.39
2008-12-26,70.54
2008-12-27,69.44
2008-12-28,69.09
2008-12-29,66.85
2008-12-30,66.77
2008-12-31,67.66
2009-01-01,69.82
2009-01-02,74.05
2009-01-03,75.3
2009-01-04,78.57
2009-01-05,82.23
2009-01-06,86.5
2009-01-07,89.32
2009-01-08,91.95
2009-01-09,87.28
2009-01-10,86.36
2009-01-11,83.91
2009-01-12,80.57
2009-01-13,80.19
2009-01-14,79.29
2009-01-15,74.65
2009-01-16,76.57
2009-01-17,76.72
2009-01-18,76.89
2009-01-19,79.1
2009-01-20,75.46
2009-01-21,71.23
2009-01-22,72.83
2009-01-23,69.41
2009-01-24,68.79
2009-01-25,68.06
2009-01-26,64.37
2009-01-27,63.52
2009-01-28,70.1
2009-01-29,72.97
2009-01-30,75.44
2009-01-31,75.91
2009-02-01,75.95
2009-02-02,76.34
2009-02-03,78.55
2009-02-04,79.59
2009-02-05,78.96
2009-02-06,82.28
2009-02-07,83.95
2009-02-08,85.69
2009-02-09,87.13
2009-02-10,88.53
2009-02-11,85.42
2009-02-12,83.11
2009-02-13,82.14
2009-02-14,81.28
2009-02-15,81.67
2009-02-16,82.69
2009-02-17,80.19
2009-02-18,79.79
2009-02-19,82.99
2009-02-20,81.0
2009-02-21,80.56
2009-02-22,78.57
2009-02-23,78.22
2009-02-24,78.23
2009-02-25,78.18
2009-02-26,77.52
2009-02-27,78.48
2009-02-28,78.11
2009-03-01,77.96
2009-03-02,75.62
2009-03-03,76.81
2009-03-04,79.81
2009-03-05,79.99
2009-03-06,80.04
2009-03-07,80.74
2009-03-08,80.53
2009-03-09,82.72
2009-03-10,85.24
2009-03-11,84.77
2009-03-12,85.45
2009-03-13,86.64
2009-03-14,86.84
2009-03-15,90.97
2009-03-16,91.22
2009-03-17,91.55
2009-03-18,91.09
2009-03-19,90.72
2009-03-20,93.44
2009-03-21,93.92
2009-03-22,93.37
2009-03-23,95.06
2009-03-24,95.92
2009-03-25,97.19
2009-03-26,100.52
2009-03-27,97.62
2009-03-28,97.53
2009-03-29,97.61
2009-03-30,96.65
2009-03-31,95.93
2009-04-01,95.49
2009-04-02,95.96
2009-04-03,97.61
2009-04-04,97.61
2009-04-05,93.59
2009-04-06,95.47
2009-04-07,95.81
2009-04-08,95.38
2009-04-09,95.89
2009-04-10,96.8
2009-04-11,96.98
2009-04-12,101.18
2009-04-13,101.36
2009-04-14,102.19
2009-04-15,102.55
2009-04-16,100.59
2009-04-17,100.99
2009-04-18,100.85
2009-04-19,98.73
2009-04-20,98.06
2009-04-21,96.64
2009-04-22,98.46
2009-04-23,99.25
2009-04-24,98.7
2009-04-25,98.99
2009-04-26,100.98
2009-04-27,100.8
2009-04-28,99.27
2009-04-29,98.86
2009-04-30,98.11
2009-05-01,96.48
2009-05-02,96.43
2009-05-03,97.61
2009-05-04,98.03
2009-05-05,99.63
2009-05-06,100.66
2009-05-07,102.15
2009-05-08,104.18
2009-05-09,104.91
2009-05-10,104.31
2009-05-11,104.26
2009-05-12,104.07
2009-05-13,102.43
2009-05-14,100.17
2009-05-15,99.78
2009-05-16,98.53
2009-05-17,98.55
2009-05-18,98.65
2009-05-19,100.38
2009-05-20,100.37
2009-05-21,100.69
2009-05-22,98.64
2009-05-23,98.86
2009-05-24,98.24
2009-05-25,95.89
2009-05-26,94.05
2009-05-27,94.05
2009-05-28,94.59
2009-05-29,97.53
2009-05-30,97.63
2009-05-31,98.53
2009-06-01,98.8
2009-06-02,100.03
2009-06-03,100.86
2009-06-04,100.38
2009-06-05,99.37
2009-06-06,99.58
2009-06-07,100.01
2009-06-08,101.43
2009-06-09,101.11
2009-06-10,101.26
2009-06-11,101.51
2009-06-12,102.1
2009-06-13,101.68
2009-06-14,100.05
2009-06-15,98.83
2009-06-16,98.32
2009-06-17,97.95
2009-06-18,97.46
2009-06-19,96.99
2009-06-20,97.64
2009-06-21,96.79
2009-06-22,99.26
2009-06-23,97.89
2009-06-24,98.61
2009-06-25,101.78
2009-06-26,102.98
2009-06-27,103.15
2009-06-28,104.36
2009-06-29,103.68
2009-06-30,106.2
2009-07-01,106.09
2009-07-02,105.17
2009-07-03,104.21
2009-07-04,104.07
2009-07-05,104.13
2009-07-06,105.93
2009-07-07,106.81
2009-07-08,105.03
2009-07-09,103.94
2009-07-10,103.66
2009-07-11,103.48
2009-07-12,104.45
2009-07-13,100.98
2009-07-14,98.29
2009-07-15,100.55
2009-07-16,103.18
2009-07-17,105.03
2009-07-18,105.84
2009-07-19,104.82
2009-07-20,107.29
2009-07-21,109.87
2009-07-22,110.58
2009-07-23,110.0
2009-07-24,112.86
2009-07-25,112.89
2009-07-26,113.57
2009-07-27,115.04
2009-07-28,114.63
2009-07-29,114.35
2009-07-30,112.91
2009-07-31,111.07
2009-08-01,110.15
2009-08-02,109.5
2009-08-03,108.21
2009-08-04,107.3
2009-08-05,105.57
2009-08-06,105.72
2009-08-07,104.15
2009-08-08,104.45
2009-08-09,106.27
2009-08-10,105.01
2009-08-11,104.64
2009-08-12,103.42
2009-08-13,103.12
2009-08-14,103.92
2009-08-15,103.82
2009-08-16,102.0
2009-08-17,99.64
2009-08-18,99.96
2009-08-19,102.37
2009-08-20,103.52
2009-08-21,103.77
2009-08-22,104.18
2009-08-23,105.11
2009-08-24,109.12
2009-08-25,109.4
2009-08-26,110.11
2009-08-27,109.29
2009-08-28,108.72
2009-08-29,108.5
2009-08-30,108.25
2009-08-31,106.25
2009-09-01,107.64
2009-09-02,107.65
2009-09-03,107.9
2009-09-04,106.41
2009-09-05,105.6
2009-09-06,105.83
2009-09-07,107.1
2009-09-08,106.74
2009-09-09,105.59
2009-09-10,106.53
2009-09-11,108.52
2009-09-12,108.99
2009-09-13,109.11
2009-09-14,107.93
2009-09-15,107.34
2009-09-16,109.57
2009-09-17,109.81
2009-09-18,109.62
2009-09-19,110.17
2009-09-20,111.89
2009-09-21,114.63
2009-09-22,115.64
2009-09-23,112.49
2009-09-24,110.67
2009-09-25,108.79
2009-09-26,108.86
2009-09-27,106.52
2009-09-28,104.35
2009-09-29,104.08
2009-09-30,104.0
2009-10-01,103.18
2009-10-02,103.22
2009-10-03,101.95
2009-10-04,102.18
2009-10-05,100.27
2009-10-06,98.55
2009-10-07,98.4
2009-10-08,98.49
2009-10-09,100.9
2009-10-10,101.83
2009-10-11,100.47
2009-10-12,100.89
2009-10-13,101.48
2009-10-14,104.54
2009-10-15,106.55
2009-10-16,103.8
2009-10-17,103.73
2009-10-18,104.35
2009-10-19,105.47
2009-10-20,106.22
2009-10-21,104.92
2009-10-22,103.2
2009-10-23,106.78
2009-10-24,106.98
2009-10-25,109.45
2009-10-26,111.72
2009-10-27,111.0
2009-10-28,110.83
2009-10-29,110.5
2009-10-30,111.85
2009-10-31,111.73
2009-11-01,110.12
2009-11-02,107.35
2009-11-03,107.87
2009-11-04,108.67
2009-11-05,108.81
2009-11-06,107.0
2009-11-07,106.32
2009-11-08,107.03
2009-11-09,108.04
2009-11-10,107.96
2009-11-11,107.31
2009-11-12,108.13
2009-11-13,105.31
2009-11-14,105.24
2009-11-15,104.4
2009-11-16,103.21
2009-11-17,102.97
2009-11-18,102.53
2009-11-19,103.5
2009-11-20,106.0
2009-11-21,106.35
2009-11-22,107.18
2009-11-23,109.06
2009-11-24,108.67
2009-11-25,108.83
2009-11-26,107.02
2009-11-27,100.62
2009-11-28,99.31
2009-11-29,99.1
2009-11-30,99.82
2009-12-01,100.42
2009-12-02,100.7
2009-12-03,100.99
2009-12-04,107.43
2009-12-05,109.65
2009-12-06,110.54
2009-12-07,110.06
2009-12-08,112.03
2009-12-09,112.55
2009-12-10,114.93
2009-12-11,114.12
2009-12-12,114.16
2009-12-13,114.59
2009-12-14,116.83
2009-12-15,117.41
2009-12-16,117.93
2009-12-17,117.21
2009-12-18,117.97
2009-12-19,117.06
2009-12-20,116.44
2009-12-21,114.84
2009-12-22,113.87
2009-12-23,114.5
2009-12-24,114.67
2009-12-25,112.82
2009-12-26,113.58
2009-12-27,115.76
2009-12-28,116.14
2009-12-29,116.27
2009-12-30,112.81
2009-12-31,111.02
2010-01-01,111.41
2010-01-02,111.86
2010-01-03,110.79
2010-01-04,111.91
2010-01-05,112.3
2010-01-06,114.42
2010-01-07,116.75
2010-01-08,117.21
2010-01-09,116.72
2010-01-10,116.93
2010-01-11,116.12
2010-01-12,115.15
2010-01-13,113.47
2010-01-14,113.76
2010-01-15,115.99
2010-01-16,115.38
2010-01-17,113.61
2010-01-18,112.92
2010-01-19,112.58
2010-01-20,114.34
2010-01-21,114.12
2010-01-22,110.46
2010-01-23,109.94
2010-01-24,112.16
2010-01-25,111.33
2010-01-26,109.14
2010-01-27,108.28
2010-01-28,108.2
2010-01-29,109.51
2010-01-30,109.65
2010-01-31,106.69
2010-02-01,105.9
2010-02-02,107.67
2010-02-03,108.3
2010-02-04,105.67
2010-02-05,101.98
2010-02-06,101.8
2010-02-07,99.58
2010-02-08,97.93
2010-02-09,97.46
2010-02-10,96.22
2010-02-11,96.31
2010-02-12,99.03
2010-02-13,99.75
2010-02-14,102.24
2010-02-15,104.55
2010-02-16,104.61
2010-02-17,106.2
2010-02-18,109.1
2010-02-19,108.61
2010-02-20,108.52
2010-02-21,109.69
2010-02-22,110.12
2010-02-23,109.99
2010-02-24,108.21
2010-02-25,104.91
2010-02-26,107.49
2010-02-27,107.92
2010-02-28,106.44
2010-03-01,104.87
2010-03-02,106.18
2010-03-03,106.3
2010-03-04,109.11
2010-03-05,107.95
2010-03-06,107.59
2010-03-07,108.25
2010-03-08,110.92
2010-03-09,110.61
2010-03-10,110.5
2010-03-11,107.98
2010-03-12,107.66
2010-03-13,107.28
2010-03-14,108.28
2010-03-15,105.67
2010-03-16,104.32
2010-03-17,106.32
2010-03-18,107.7
2010-03-19,108.17
2010-03-20,108.85
2010-03-21,108.63
2010-03-22,109.18
2010-03-23,110.84
2010-03-24,108.66
2010-03-25,107.95
2010-03-26,106.84
2010-03-27,105.42
2010-03-28,106.02
2010-03-29,106.15
2010-03-30,105.88
2010-03-31,106.92
2010-04-01,110.25
2010-04-02,111.99
2010-04-03,113.03
2010-04-04,111.5
2010-04-05,110.87
2010-04-06,110.51
2010-04-07,111.36
2010-04-08,110.4
2010-04-09,108.11
2010-04-10,107.09
2010-04-11,108.05
2010-04-12,109.05
2010-04-13,109.13
2010-04-14,110.41
2010-04-15,109.87
2010-04-16,111.74
2010-04-17,111.78
2010-04-18,110.61
2010-04-19,109.9
2010-04-20,109.35
2010-04-21,107.86
2010-04-22,108.46
2010-04-23,108.02
2010-04-24,108.94
2010-04-25,110.27
2010-04-26,111.72
2010-04-27,112.96
2010-04-28,113.13
2010-04-29,113.17
2010-04-30,116.86
2010-05-01,116.86
2010-05-02,117.44
2010-05-03,117.13
2010-05-04,117.17
2010-05-05,116.88
2010-05-06,115.23
2010-05-07,108.63
2010-05-08,107.85
2010-05-09,106.37
2010-05-10,106.78
2010-05-11,106.42
2010-05-12,106.92
2010-05-13,110.4
2010-05-14,114.75
2010-05-15,116.08
2010-05-16,118.16
2010-05-17,115.82
2010-05-18,113.7
2010-05-19,111.6
2010-05-20,105.57
2010-05-21,101.23
2010-05-22,98.73
2010-05-23,95.31
2010-05-24,95.17
2010-05-25,92.62
2010-05-26,94.99
2010-05-27,100.25
2010-05-28,103.02
2010-05-29,104.02
2010-05-30,105.44
2010-05-31,107.12
2010-06-01,111.39
2010-06-02,109.61
2010-06-03,109.59
2010-06-04,109.65
2010-06-05,109.53
2010-06-06,109.18
2010-06-07,107.41
2010-06-08,107.67
2010-06-09,108.78
2010-06-10,107.46
2010-06-11,106.97
2010-06-12,107.51
2010-06-13,108.07
2010-06-14,111.46
2010-06-15,111.71
2010-06-16,112.85
2010-06-17,114.18
2010-06-18,115.58
2010-06-19,115.29
2010-06-20,113.79
2010-06-21,114.02
2010-06-22,112.84
2010-06-23,112.28
2010-06-24,111.41
2010-06-25,106.1
2010-06-26,104.72
2010-06-27,105.69
2010-06-28,103.31
2010-06-29,103.89
2010-06-30,103.06
2010-07-01,104.96
2010-07-02,108.39
2010-07-03,109.28
2010-07-04,107.49
2010-07-05,108.18
2010-07-06,107.11
2010-07-07,107.03
2010-07-08,105.63
2010-07-09,104.72
2010-07-10,104.88
2010-07-11,106.2
2010-07-12,106.77
2010-07-13,108.24
2010-07-14,111.07
2010-07-15,109.23
2010-07-16,110.39
2010-07-17,110.64
2010-07-18,111.08
2010-07-19,109.82
2010-07-20,109.25
2010-07-21,108.75
2010-07-22,110.34
2010-07-23,110.55
2010-07-24,110.74
2010-07-25,110.04
2010-07-26,111.17
2010-07-27,111.8
2010-07-28,108.7
2010-07-29,108.15
2010-07-30,108.51
2010-07-31,108.19
2010-08-01,110.02
2010-08-02,110.43
2010-08-03,109.57
2010-08-04,111.1
2010-08-05,109.98
2010-08-06,107.33
2010-08-07,106.95
2010-08-08,105.21
2010-08-09,104.4
2010-08-10,103.42
2010-08-11,100.26
2010-08-12,99.3
2010-08-13,100.88
2010-08-14,100.93
2010-08-15,99.46
2010-08-16,97.17
2010-08-17,97.23
2010-08-18,99.55
2010-08-19,101.43
2010-08-20,100.86
2010-08-21,101.56
2010-08-22,104.29
2010-08-23,106.04
2010-08-24,106.87
2010-08-25,106.49
2010-08-26,106.5
2010-08-27,108.27
2010-08-28,108.02
2010-08-29,104.45
2010-08-30,105.44
2010-08-31,105.48
2010-09-01,108.8
2010-09-02,109.23
2010-09-03,108.57
2010-09-04,108.46
2010-09-05,112.65
2010-09-06,112.33
2010-09-07,111.97
2010-09-08,107.6
2010-09-09,107.41
2010-09-10,108.3
2010-09-11,109.61
2010-09-12,106.49
2010-09-13,107.54
2010-09-14,109.26
2010-09-15,111.87
2010-09-16,113.28
2010-09-17,112.77
2010-09-18,111.76
2010-09-19,114.21
2010-09-20,111.86
2010-09-21,112.07
2010-09-22,111.42
2010-09-23,108.08
2010-09-24,108.55
2010-09-25,109.25
2010-09-26,106.87
2010-09-27,106.62
2010-09-28,104.83
2010-09-29,105.31
2010-09-30,104.99
2010-10-01,106.37
2010-10-02,106.13
2010-10-03,107.35
2010-10-04,107.91
2010-10-05,107.1
2010-10-06,108.76
2010-10-07,109.11
2010-10-08,106.43
2010-10-09,106.18
2010-10-10,104.54
2010-10-11,103.87
2010-10-12,104.72
2010-10-13,103.19
2010-10-14,104.89
2010-10-15,105.94
2010-10-16,106.04
2010-10-17,105.95
2010-10-18,106.44
2010-10-19,107.99
2010-10-20,107.92
2010-10-21,106.74
2010-10-22,108.11
2010-10-23,107.46
2010-10-24,109.46
2010-10-25,111.15
2010-10-26,112.28
2010-10-27,113.07
2010-10-28,113.88
2010-10-29,110.23
2010-10-30,109.92
2010-10-31,108.85
2010-11-01,109.46
2010-11-02,107.98
2010-11-03,108.47
2010-11-04,109.27
2010-11-05,113.12
2010-11-06,114.18
2010-11-07,116.39
2010-11-08,113.75
2010-11-09,114.97
2010-11-10,115.91
2010-11-11,115.83
2010-11-12,113.17
2010-11-13,112.79
2010-11-14,110.72
2010-11-15,110.56
2010-11-16,107.62
2010-11-17,102.99
2010-11-18,102.37
2010-11-19,104.53
2010-11-20,105.11
2010-11-21,105.01
2010-11-22,107.06
2010-11-23,108.15
2010-11-24,109.31
2010-11-25,110.37
2010-11-26,108.55
2010-11-27,108.25
2010-11-28,107.49
2010-11-29,107.23
2010-11-30,107.14
2010-12-01,110.3
2010-12-02,110.79
2010-12-03,113.39
2010-12-04,112.04
2010-12-05,113.48
2010-12-06,113.47
2010-12-07,115.21
2010-12-08,113.18
2010-12-09,112.6
2010-12-10,110.87
2010-12-11,112.21
2010-12-12,111.53
2010-12-13,110.88
2010-12-14,111.67
2010-12-15,113.84
2010-12-16,113.61
2010-12-17,115.17
2010-12-18,115.55
2010-12-19,114.81
2010-12-20,113.11
2010-12-21,112.78
2010-12-22,109.65
2010-12-23,109.05
2010-12-24,106.09
2010-12-25,105.22
2010-12-26,105.94
2010-12-27,107.15
2010-12-28,106.15
2010-12-29,108.0
2010-12-30,106.85
2010-12-31,107.99
2011-01-01,109.09
2011-01-02,110.58
2011-01-03,113.87
2011-01-04,115.62
2011-01-05,116.75
2011-01-06,118.67
2011-01-07,119.86
2011-01-08,120.0
2011-01-09,118.83
2011-01-10,117.49
2011-01-11,116.89
2011-01-12,115.82
2011-01-13,114.94
2011-01-14,112.76
2011-01-15,112.36
2011-01-16,112.42
2011-01-17,112.06
2011-01-18,110.71
2011-01-19,110.76
2011-01-20,112.18
2011-01-21,112.39
2011-01-22,112.19
2011-01-23,112.55
2011-01-24,112.48
2011-01-25,111.84
2011-01-26,110.8
2011-01-27,111.97
2011-01-28,114.79
2011-01-29,115.34
2011-01-30,115.17
2011-01-31,112.41
2011-02-01,113.19
2011-02-02,112.84
2011-02-03,109.36
2011-02-04,106.56
2011-02-05,106.86
2011-02-06,106.53
2011-02-07,111.38
2011-02-08,110.15
2011-02-09,110.58
2011-02-10,109.71
2011-02-11,107.25
2011-02-12,105.84
2011-02-13,105.33
2011-02-14,103.67
2011-02-15,104.24
2011-02-16,102.08
2011-02-17,100.66
2011-02-18,103.22
2011-02-19,100.2
2011-02-20,99.82
2011-02-21,98.96
2011-02-22,94.55
2011-02-23,94.27
2011-02-24,94.64
2011-02-25,94.0
2011-02-26,96.7
2011-02-27,96.59
2011-02-28,94.94
2011-03-01,97.72
2011-03-02,99.78
2011-03-03,103.74
2011-03-04,104.34
2011-03-05,104.84
2011-03-06,104.24
2011-03-07,105.41
2011-03-08,105.82
2011-03-09,105.55
2011-03-10,100.71
2011-03-11,95.34
2011-03-12,92.05
2011-03-13,89.88
2011-03-14,85.28
2011-03-15,82.3
2011-03-16,80.17
2011-03-17,80.46
2011-03-18,84.07
2011-03-19,86.45
2011-03-20,85.78
2011-03-21,91.81
2011-03-22,94.01
2011-03-23,96.29
2011-03-24,98.65
2011-03-25,98.67
2011-03-26,99.19
2011-03-27,102.01
2011-03-28,101.65
2011-03-29,104.08
2011-03-30,104.36
2011-03-31,103.8
2011-04-01,105.61
2011-04-02,106.17
2011-04-03,108.92
2011-04-04,108.82
2011-04-05,108.72
2011-04-06,109.23
2011-04-07,109.41
2011-04-08,108.82
2011-04-09,108.64
2011-04-10,106.87
2011-04-11,107.21
2011-04-12,105.87
2011-04-13,103.6
2011-04-14,103.87
2011-04-15,103.26
2011-04-16,102.96
2011-04-17,100.9
2011-04-18,100.12
2011-04-19,100.35
2011-04-20,104.23
2011-04-21,106.4
2011-04-22,107.24
2011-04-23,107.32
2011-04-24,109.62
2011-04-25,111.06
2011-04-26,111.47
2011-04-27,109.92
2011-04-28,109.52
2011-04-29,108.97
2011-04-30,108.54
2011-05-01,108.42
2011-05-02,108.56
2011-05-03,108.94
2011-05-04,108.92
2011-05-05,106.22
2011-05-06,103.28
2011-05-07,103.56
2011-05-08,103.15
2011-05-09,100.32
2011-05-10,99.83
2011-05-11,100.45
2011-05-12,102.0
2011-05-13,104.05
2011-05-14,103.52
2011-05-15,103.42
2011-05-16,106.02
2011-05-17,106.58
2011-05-18,105.45
2011-05-19,105.25
2011-05-20,105.29
2011-05-21,106.16
2011-05-22,103.63
2011-05-23,99.23
2011-05-24,97.13
2011-05-25,96.86
2011-05-26,97.33
2011-05-27,98.41
2011-05-28,98.58
2011-05-29,101.44
2011-05-30,104.93
2011-05-31,106.38
2011-06-01,105.97
2011-06-02,104.31
2011-06-03,103.25
2011-06-04,102.75
2011-06-05,101.45
2011-06-06,100.56
2011-06-07,99.9
2011-06-08,98.9
2011-06-09,98.28
2011-06-10,97.21
2011-06-11,96.82
2011-06-12,97.26
2011-06-13,96.52
2011-06-14,97.53
2011-06-15,98.59
2011-06-16,99.78
2011-06-17,98.96
2011-06-18,98.55
2011-06-19,98.76
2011-06-20,98.06
2011-06-21,97.28
2011-06-22,98.18
2011-06-23,98.34
2011-06-24,100.24
2011-06-25,101.23
2011-06-26,101.91
2011-06-27,104.05
2011-06-28,104.29
2011-06-29,103.5
2011-06-30,105.39
2011-07-01,107.71
2011-07-02,108.3
2011-07-03,109.18
2011-07-04,110.75
2011-07-05,110.56
2011-07-06,111.15
2011-07-07,111.31
2011-07-08,110.21
2011-07-09,109.97
2011-07-10,109.24
2011-07-11,106.89
2011-07-12,104.86
2011-07-13,104.79
2011-07-14,102.92
2011-07-15,102.73
2011-07-16,101.71
2011-07-17,104.06
2011-07-18,106.28
2011-07-19,109.51
2011-07-20,110.46
2011-07-21,109.62
2011-07-22,110.12
2011-07-23,111.29
2011-07-24,108.08
2011-07-25,106.78
2011-07-26,105.79
2011-07-27,102.18
2011-07-28,101.31
2011-07-29,99.93
2011-07-30,99.67
2011-07-31,99.9
2011-08-01,100.35
2011-08-02,99.25
2011-08-03,98.46
2011-08-04,98.41
2011-08-05,91.44
2011-08-06,88.65
2011-08-07,84.61
2011-08-08,76.79
2011-08-09,70.67
2011-08-10,70.11
2011-08-11,68.87
2011-08-12,72.85
2011-08-13,75.04
2011-08-14,74.92
2011-08-15,79.32
2011-08-16,86.25
2011-08-17,86.34
2011-08-18,85.91
2011-08-19,82.97
2011-08-20,82.24
2011-08-21,84.18
2011-08-22,82.73
2011-08-23,82.62
2011-08-24,84.06
2011-08-25,86.45
2011-08-26,92.02
2011-08-27,92.56
2011-08-28,93.79
2011-08-29,98.04
2011-08-30,97.1
2011-08-31,98.1
2011-09-01,98.98
2011-09-02,98.98
2011-09-03,99.37
2011-09-04,100.78
2011-09-05,98.81
2011-09-06,98.53
2011-09-07,98.64
2011-09-08,97.12
2011-09-09,96.19
2011-09-10,96.22
2011-09-11,94.99
2011-09-12,95.5
2011-09-13,94.43
2011-09-14,89.69
2011-09-15,88.21
2011-09-16,90.02
2011-09-17,89.8
2011-09-18,84.08
2011-09-19,81.77
2011-09-20,81.03
2011-09-21,84.06
2011-09-22,83.21
2011-09-23,76.52
2011-09-24,75.96
2011-09-25,80.17
2011-09-26,79.93
2011-09-27,83.23
2011-09-28,83.31
2011-09-29,85.71
2011-09-30,90.37
2011-10-01,89.75
2011-10-02,88.63
2011-10-03,90.24
2011-10-04,86.97
2011-10-05,84.11
2011-10-06,85.22
2011-10-07,89.85
2011-10-08,91.31
2011-10-09,92.33
2011-10-10,95.74
2011-10-11,100.28
2011-10-12,102.71
2011-10-13,102.51
2011-10-14,97.85
2011-10-15,97.36
2011-10-16,99.82
2011-10-17,100.0
2011-10-18,98.53
2011-10-19,100.0
2011-10-20,98.4
2011-10-21,102.06
2011-10-22,103.06
2011-10-23,102.79
2011-10-24,103.99
2011-10-25,104.69
2011-10-26,102.67
2011-10-27,102.66
2011-10-28,103.42
2011-10-29,102.44
2011-10-30,100.52
2011-10-31,97.84
2011-11-01,96.04
2011-11-02,96.55
2011-11-03,94.6
2011-11-04,91.35
2011-11-05,91.16
2011-11-06,90.62
2011-11-07,92.64
2011-11-08,94.6
2011-11-09,94.95
2011-11-10,95.36
2011-11-11,96.27
2011-11-12,96.94
2011-11-13,101.13
2011-11-14,101.92
2011-11-15,100.43
2011-11-16,100.0
2011-11-17,103.47
2011-11-18,100.84
2011-11-19,101.09
2011-11-20,97.91
2011-11-21,94.14
2011-11-22,96.37
2011-11-23,95.57
2011-11-24,92.99
2011-11-25,93.86
2011-11-26,93.29
2011-11-27,92.32
2011-11-28,94.43
2011-11-29,94.13
2011-11-30,94.66
2011-12-01,97.94
2011-12-02,99.81
2011-12-03,99.64
2011-12-04,100.78
2011-12-05,101.05
2011-12-06,99.41
2011-12-07,100.7
2011-12-08,98.23
2011-12-09,95.03
2011-12-10,95.23
2011-12-11,95.71
2011-12-12,96.06
2011-12-13,96.58
2011-12-14,94.8
2011-12-15,94.31
2011-12-16,97.37
2011-12-17,97.43
2011-12-18,96.49
2011-12-19,91.6
2011-12-20,90.4
2011-12-21,94.03
2011-12-22,95.67
2011-12-23,97.57
2011-12-24,97.3
2011-12-25,98.31
2011-12-26,102.33
2011-12-27,104.15
2011-12-28,99.24
2011-12-29,97.77
2011-12-30,94.84
2011-12-31,95.68
2012-01-01,95.77
2012-01-02,97.47
2012-01-03,98.78
2012-01-04,100.18
2012-01-05,101.24
2012-01-06,102.88
2012-01-07,102.62
2012-01-08,102.76
2012-01-09,99.98
2012-01-10,100.17
2012-01-11,100.39
2012-01-12,100.95
2012-01-13,101.29
2012-01-14,99.87
2012-01-15,100.07
2012-01-16,101.83
2012-01-17,102.1
2012-01-18,102.25
2012-01-19,103.29
2012-01-20,102.86
2012-01-21,105.21
2012-01-22,107.0
2012-01-23,108.3
2012-01-24,104.64
2012-01-25,106.02
2012-01-26,102.29
2012-01-27,101.94
2012-01-28,101.08
2012-01-29,100.39
2012-01-30,99.89
2012-01-31,100.18
2012-02-01,97.48
2012-02-02,100.0
2012-02-03,100.09
2012-02-04,99.93
2012-02-05,98.13
2012-02-06,97.58
2012-02-07,97.92
2012-02-08,99.64
2012-02-09,95.84
2012-02-10,93.86
2012-02-11,93.93
2012-02-12,94.88
2012-02-13,94.24
2012-02-14,95.43
2012-02-15,96.36
2012-02-16,97.58
2012-02-17,98.38
2012-02-18,98.18
2012-02-19,99.09
2012-02-20,100.11
2012-02-21,98.56
2012-02-22,98.88
2012-02-23,99.2
2012-02-24,98.34
2012-02-25,98.71
2012-02-26,97.8
2012-02-27,95.54
2012-02-28,96.19
2012-02-29,96.2
2012-03-01,99.62
2012-03-02,103.28
2012-03-03,101.96
2012-03-04,102.96
2012-03-05,105.84
2012-03-06,105.71
2012-03-07,103.06
2012-03-08,101.49
2012-03-09,100.7
2012-03-10,101.36
2012-03-11,100.21
2012-03-12,99.95
2012-03-13,101.93
2012-03-14,105.23
2012-03-15,105.62
2012-03-16,103.53
2012-03-17,104.38
2012-03-18,105.63
2012-03-19,106.93
2012-03-20,106.6
2012-03-21,104.33
2012-03-22,103.75
2012-03-23,104.04
2012-03-24,103.44
2012-03-25,103.77
2012-03-26,102.62
2012-03-27,102.54
2012-03-28,104.63
2012-03-29,104.91
2012-03-30,107.72
2012-03-31,108.02
2012-04-01,107.04
2012-04-02,106.67
2012-04-03,108.46
2012-04-04,107.5
2012-04-05,107.7
2012-04-06,108.0
2012-04-07,108.29
2012-04-08,109.47
2012-04-09,107.84
2012-04-10,105.0
2012-04-11,103.5
2012-04-12,101.41
2012-04-13,99.29
2012-04-14,98.57
2012-04-15,98.97
2012-04-16,99.5
2012-04-17,99.87
2012-04-18,102.15
2012-04-19,101.62
2012-04-20,97.86
2012-04-21,97.36
2012-04-22,96.61
2012-04-23,95.37
2012-04-24,94.94
2012-04-25,94.87
2012-04-26,97.88
2012-04-27,103.32
2012-04-28,104.53
2012-04-29,104.79
2012-04-30,107.33
2012-05-01,106.77
2012-05-02,107.23
2012-05-03,105.75
2012-05-04,102.53
2012-05-05,102.27
2012-05-06,96.73
2012-05-07,92.86
2012-05-08,95.04
2012-05-09,92.84
2012-05-10,93.14
2012-05-11,93.16
2012-05-12,92.7
2012-05-13,96.12
2012-05-14,97.89
2012-05-15,95.02
2012-05-16,93.65
2012-05-17,91.85
2012-05-18,87.07
2012-05-19,86.49
2012-05-20,85.38
2012-05-21,85.94
2012-05-22,87.33
2012-05-23,88.24
2012-05-24,90.06
2012-05-25,96.02
2012-05-26,97.04
2012-05-27,98.99
2012-05-28,97.85
2012-05-29,98.05
2012-05-30,98.89
2012-05-31,97.91
2012-06-01,96.63
2012-06-02,96.13
2012-06-03,95.81
2012-06-04,94.25
2012-06-05,92.76
2012-06-06,90.42
2012-06-07,92.41
2012-06-08,92.38
2012-06-09,91.9
2012-06-10,91.7
2012-06-11,95.32
2012-06-12,95.6
2012-06-13,97.73
2012-06-14,97.16
2012-06-15,95.03
2012-06-16,95.69
2012-06-17,96.7
2012-06-18,98.04
2012-06-19,99.46
2012-06-20,100.59
2012-06-21,99.23
2012-06-22,99.96
2012-06-23,100.1
2012-06-24,99.07
2012-06-25,95.11
2012-06-26,92.07
2012-06-27,89.23
2012-06-28,88.51
2012-06-29,90.79
2012-06-30,90.79
2012-07-01,92.39
2012-07-02,93.98
2012-07-03,95.89
2012-07-04,98.76
2012-07-05,100.34
2012-07-06,99.89
2012-07-07,99.56
2012-07-08,98.54
2012-07-09,97.61
2012-07-10,96.31
2012-07-11,94.01
2012-07-12,91.02
2012-07-13,88.24
2012-07-14,87.87
2012-07-15,86.68
2012-07-16,86.77
2012-07-17,85.47
2012-07-18,84.49
2012-07-19,86.22
2012-07-20,87.86
2012-07-21,88.16
2012-07-22,89.2
2012-07-23,87.09
2012-07-24,88.2
2012-07-25,87.91
2012-07-26,87.76
2012-07-27,89.73
2012-07-28,90.15
2012-07-29,88.94
2012-07-30,91.32
2012-07-31,91.53
2012-08-01,90.96
2012-08-02,91.78
2012-08-03,88.07
2012-08-04,88.12
2012-08-05,88.74
2012-08-06,89.12
2012-08-07,91.02
2012-08-08,93.75
2012-08-09,94.89
2012-08-10,96.01
2012-08-11,95.5
2012-08-12,95.28
2012-08-13,94.16
2012-08-14,94.13
2012-08-15,91.67
2012-08-16,89.46
2012-08-17,88.84
2012-08-18,89.09
2012-08-19,87.09
2012-08-20,87.34
2012-08-21,85.28
2012-08-22,87.27
2012-08-23,87.82
2012-08-24,88.51
2012-08-25,88.39
2012-08-26,89.39
2012-08-27,87.39
2012-08-28,88.08
2012-08-29,89.93
2012-08-30,87.41
2012-08-31,88.46
2012-09-01,87.32
2012-09-02,88.28
2012-09-03,90.35
2012-09-04,89.02
2012-09-05,87.25
2012-09-06,89.42
2012-09-07,92.03
2012-09-08,93.34
2012-09-09,92.86
2012-09-10,94.14
2012-09-11,95.05
2012-09-12,96.6
2012-09-13,97.93
2012-09-14,100.21
2012-09-15,100.84
2012-09-16,104.38
2012-09-17,103.25
2012-09-18,105.19
2012-09-19,104.79
2012-09-20,103.99
2012-09-21,100.85
2012-09-22,100.95
2012-09-23,98.82
2012-09-24,99.04
2012-09-25,98.51
2012-09-26,97.33
2012-09-27,94.08
2012-09-28,89.77
2012-09-29,89.28
2012-09-30,89.64
2012-10-01,87.76
2012-10-02,84.73
2012-10-03,82.21
2012-10-04,86.17
2012-10-05,90.59
2012-10-06,91.1
2012-10-07,89.37
2012-10-08,90.24
2012-10-09,90.97
2012-10-10,92.74
2012-10-11,91.46
2012-10-12,89.54
2012-10-13,89.63
2012-10-14,91.02
2012-10-15,90.43
2012-10-16,91.59
2012-10-17,92.83
2012-10-18,92.52
2012-10-19,91.23
2012-10-20,91.99
2012-10-21,92.92
2012-10-22,94.22
2012-10-23,93.64
2012-10-24,93.36
2012-10-25,96.65
2012-10-26,97.17
2012-10-27,96.11
2012-10-28,95.12
2012-10-29,93.9
2012-10-30,95.0
2012-10-31,95.49
2012-11-01,94.08
2012-11-02,96.28
2012-11-03,96.43
2012-11-04,97.04
2012-11-05,97.69
2012-11-06,98.75
2012-11-07,99.72
2012-11-08,99.41
2012-11-09,96.69
2012-11-10,97.2
2012-11-11,98.09
2012-11-12,99.5
2012-11-13,98.42
2012-11-14,97.1
2012-11-15,93.22
2012-11-16,91.38
2012-11-17,89.94
2012-11-18,89.13
2012-11-19,89.52
2012-11-20,89.98
2012-11-21,89.34
2012-11-22,93.82
2012-11-23,97.72
2012-11-24,99.45
2012-11-25,100.13
2012-11-26,99.36
2012-11-27,100.2
2012-11-28,102.57
2012-11-29,103.76
2012-11-30,101.35
2012-12-01,101.48
2012-12-02,100.14
2012-12-03,98.96
2012-12-04,97.26
2012-12-05,98.11
2012-12-06,95.83
2012-12-07,99.03
2012-12-08,98.47
2012-12-09,98.54
2012-12-10,100.95
2012-12-11,101.01
2012-12-12,98.61
2012-12-13,101.52
2012-12-14,101.26
2012-12-15,101.01
2012-12-16,102.59
2012-12-17,101.02
2012-12-18,101.24
2012-12-19,101.03
2012-12-20,99.04
2012-12-21,99.04
2012-12-22,98.82
2012-12-23,99.26
2012-12-24,96.68
2012-12-25,96.53
2012-12-26,97.26
2012-12-27,97.05
2012-12-28,97.29
2012-12-29,97.53
2012-12-30,95.37
2012-12-31,96.26
2013-01-01,96.96
2013-01-02,97.67
2013-01-03,97.95
2013-01-04,96.33
2013-01-05,96.16
2013-01-06,99.19
2013-01-07,101.27
2013-01-08,101.58
2013-01-09,101.26
2013-01-10,101.46
2013-01-11,101.76
2013-01-12,101.16
2013-01-13,99.57
2013-01-14,100.01
2013-01-15,100.19
2013-01-16,99.95
2013-01-17,99.31
2013-01-18,100.17
2013-01-19,100.83
2013-01-20,99.27
2013-01-21,98.06
2013-01-22,98.51
2013-01-23,98.15
2013-01-24,96.76
2013-01-25,94.9
2013-01-26,95.41
2013-01-27,96.58
2013-01-28,94.35
2013-01-29,93.67
2013-01-30,94.95
2013-01-31,96.35
2013-02-01,96.07
2013-02-02,96.36
2013-02-03,95.71
2013-02-04,98.04
2013-02-05,95.29
2013-02-06,93.78
2013-02-07,91.91
2013-02-08,91.16
2013-02-09,91.08
2013-02-10,92.18
2013-02-11,89.95
2013-02-12,90.42
2013-02-13,89.52
2013-02-14,91.8
2013-02-15,92.85
2013-02-16,91.87
2013-02-17,90.06
2013-02-18,91.9
2013-02-19,94.42
2013-02-20,96.88
2013-02-21,96.19
2013-02-22,96.65
2013-02-23,96.65
2013-02-24,97.38
2013-02-25,97.36
2013-02-26,95.63
2013-02-27,94.75
2013-02-28,93.78
2013-03-01,93.38
2013-03-02,93.65
2013-03-03,95.39
2013-03-04,95.49
2013-03-05,96.38
2013-03-06,96.02
2013-03-07,96.43
2013-03-08,96.62
2013-03-09,96.83
2013-03-10,94.75
2013-03-11,92.8
2013-03-12,91.9
2013-03-13,89.32
2013-03-14,88.92
2013-03-15,90.32
2013-03-16,90.46
2013-03-17,91.82
2013-03-18,92.68
2013-03-19,93.84
2013-03-20,96.81
2013-03-21,98.36
2013-03-22,97.69
2013-03-23,97.23
2013-03-24,97.57
2013-03-25,100.39
2013-03-26,100.3
2013-03-27,100.71
2013-03-28,99.73
2013-03-29,100.12
2013-03-30,100.9
2013-03-31,102.25
2013-04-01,101.92
2013-04-02,100.87
2013-04-03,100.38
2013-04-04,99.29
2013-04-05,98.41
2013-04-06,97.08
2013-04-07,95.59
2013-04-08,93.22
2013-04-09,91.86
2013-04-10,91.12
2013-04-11,91.97
2013-04-12,91.25
2013-04-13,92.14
2013-04-14,89.63
2013-04-15,89.09
2013-04-16,90.33
2013-04-17,89.76
2013-04-18,89.87
2013-04-19,88.86
2013-04-20,88.34
2013-04-21,88.97
2013-04-22,91.01
2013-04-23,91.1
2013-04-24,93.5
2013-04-25,95.47
2013-04-26,95.37
2013-04-27,95.22
2013-04-28,96.5
2013-04-29,94.8
2013-04-30,94.07
2013-05-01,91.11
2013-05-02,90.49
2013-05-03,92.38
2013-05-04,93.14
2013-05-05,93.18
2013-05-06,95.35
2013-05-07,96.6
2013-05-08,98.55
2013-05-09,99.38
2013-05-10,97.71
2013-05-11,97.25
2013-05-12,97.05
2013-05-13,96.73
2013-05-14,99.17
2013-05-15,100.4
2013-05-16,98.87
2013-05-17,99.76
2013-05-18,101.09
2013-05-19,100.75
2013-05-20,100.45
2013-05-21,98.79
2013-05-22,97.58
2013-05-23,96.17
2013-05-24,96.98
2013-05-25,96.12
2013-05-26,96.88
2013-05-27,97.16
2013-05-28,95.27
2013-05-29,96.02
2013-05-30,97.88
2013-05-31,97.99
2013-06-01,97.01
2013-06-02,94.21
2013-06-03,93.3
2013-06-04,94.61
2013-06-05,92.62
2013-06-06,91.5
2013-06-07,87.65
2013-06-08,87.82
2013-06-09,90.07
2013-06-10,89.84
2013-06-11,87.92
2013-06-12,85.83
2013-06-13,84.39
2013-06-14,87.37
2013-06-15,86.78
2013-06-16,86.4
2013-06-17,86.18
2013-06-18,87.35
2013-06-19,90.61
2013-06-20,92.34
2013-06-21,89.37
2013-06-22,89.97
2013-06-23,88.96
2013-06-24,88.02
2013-06-25,85.48
2013-06-26,86.42
2013-06-27,89.62
2013-06-28,95.25
2013-06-29,95.47
2013-06-30,97.58
2013-07-01,98.54
2013-07-02,100.14
2013-07-03,97.82
2013-07-04,96.75
2013-07-05,94.58
2013-07-06,94.52
2013-07-07,92.95
2013-07-08,92.13
2013-07-09,92.6
2013-07-10,93.5
2013-07-11,93.73
2013-07-12,94.34
2013-07-13,93.68
2013-07-14,93.18
2013-07-15,93.71
2013-07-16,92.92
2013-07-17,94.45
2013-07-18,92.66
2013-07-19,91.56
2013-07-20,92.23
2013-07-21,93.23
2013-07-22,93.95
2013-07-23,95.53
2013-07-24,95.56
2013-07-25,97.45
2013-07-26,99.99
2013-07-27,100.65
2013-07-28,99.32
2013-07-29,99.19
2013-07-30,99.12
2013-07-31,99.31
2013-08-01,99.25
2013-08-02,96.94
2013-08-03,96.78
2013-08-04,99.5
2013-08-05,101.31
2013-08-06,102.26
2013-08-07,99.94
2013-08-08,99.96
2013-08-09,100.35
2013-08-10,99.17
2013-08-11,97.42
2013-08-12,94.74
2013-08-13,92.74
2013-08-14,93.69
2013-08-15,90.93
2013-08-16,88.95
2013-08-17,88.42
2013-08-18,89.71
2013-08-19,89.65
2013-08-20,88.32
2013-08-21,86.25
2013-08-22,85.01
2013-08-23,88.1
2013-08-24,88.04
2013-08-25,84.67
2013-08-26,86.23
2013-08-27,87.08
2013-08-28,88.0
2013-08-29,91.63
2013-08-30,90.15
2013-08-31,91.3
2013-09-01,94.28
2013-09-02,95.15
2013-09-03,96.62
2013-09-04,97.84
2013-09-05,98.19
2013-09-06,100.77
2013-09-07,101.25
2013-09-08,102.28
2013-09-09,104.13
2013-09-10,106.46
2013-09-11,108.65
2013-09-12,109.55
2013-09-13,109.26
2013-09-14,109.86
2013-09-15,110.83
2013-09-16,109.19
2013-09-17,107.3
2013-09-18,106.09
2013-09-19,103.46
2013-09-20,101.66
2013-09-21,101.18
2013-09-22,99.55
2013-09-23,98.57
2013-09-24,96.33
2013-09-25,96.47
2013-09-26,97.98
2013-09-27,101.08
2013-09-28,100.98
2013-09-29,101.31
2013-09-30,102.54
2013-10-01,102.88
2013-10-02,102.33
2013-10-03,101.44
2013-10-04,98.48
2013-10-05,98.21
2013-10-06,96.55
2013-10-07,93.95
2013-10-08,93.59
2013-10-09,91.03
2013-10-10,91.48
2013-10-11,92.02
2013-10-12,91.97
2013-10-13,94.77
2013-10-14,94.4
2013-10-15,94.92
2013-10-16,97.47
2013-10-17,96.67
2013-10-18,94.26
2013-10-19,94.35
2013-10-20,92.08
2013-10-21,93.03
2013-10-22,92.96
2013-10-23,94.66
2013-10-24,94.94
2013-10-25,95.9
2013-10-26,96.02
2013-10-27,96.24
2013-10-28,96.67
2013-10-29,97.11
2013-10-30,97.04
2013-10-31,96.05
2013-11-01,95.75
2013-11-02,96.24
2013-11-03,96.62
2013-11-04,95.91
2013-11-05,97.03
2013-11-06,97.11
2013-11-07,98.77
2013-11-08,99.37
2013-11-09,98.31
2013-11-10,98.84
2013-11-11,98.57
2013-11-12,99.36
2013-11-13,99.61
2013-11-14,98.81
2013-11-15,99.6
2013-11-16,100.09
2013-11-17,99.83
2013-11-18,101.48
2013-11-19,99.99
2013-11-20,98.69
2013-11-21,98.09
2013-11-22,98.86
2013-11-23,98.39
2013-11-24,100.04
2013-11-25,99.84
2013-11-26,100.62
2013-11-27,101.98
2013-11-28,105.67
2013-11-29,106.5
2013-11-30,107.08
2013-12-01,105.32
2013-12-02,104.39
2013-12-03,102.15
2013-12-04,100.67
2013-12-05,99.81
2013-12-06,99.85
2013-12-07,99.11
2013-12-08,98.87
2013-12-09,99.55
2013-12-10,100.04
2013-12-11,99.4
2013-12-12,97.49
2013-12-13,95.3
2013-12-14,94.96
2013-12-15,94.35
2013-12-16,93.74
2013-12-17,95.71
2013-12-18,95.72
2013-12-19,97.15
2013-12-20,98.75
2013-12-21,99.88
2013-12-22,100.0
2013-12-23,101.16
2013-12-24,100.43
2013-12-25,98.92
2013-12-26,97.69
2013-12-27,96.99
2013-12-28,95.11
2013-12-29,96.1
2013-12-30,93.82
2013-12-31,91.31
2014-01-01,95.34
2014-01-02,95.52
2014-01-03,92.8
2014-01-04,92.83
2014-01-05,91.27
2014-01-06,92.57
2014-01-07,94.41
2014-01-08,92.08
2014-01-09,92.37
2014-01-10,95.03
2014-01-11,95.54
2014-01-12,97.39
2014-01-13,97.67
2014-01-14,98.27
2014-01-15,99.32
2014-01-16,100.77
2014-01-17,101.06
2014-01-18,100.9
2014-01-19,97.09
2014-01-20,95.23
2014-01-21,94.76
2014-01-22,93.56
2014-01-23,93.56
2014-01-24,90.29
2014-01-25,89.71
2014-01-26,90.34
2014-01-27,89.94
2014-01-28,88.06
2014-01-29,88.59
2014-01-30,85.03
2014-01-31,85.93
2014-02-01,86.73
2014-02-02,86.99
2014-02-03,86.85
2014-02-04,86.17
2014-02-05,86.17
2014-02-06,88.6
2014-02-07,89.45
2014-02-08,89.76
2014-02-09,90.35
2014-02-10,92.02
2014-02-11,94.71
2014-02-12,97.11
2014-02-13,97.28
2014-02-14,97.19
2014-02-15,97.59
2014-02-16,96.45
2014-02-17,97.25
2014-02-18,98.72
2014-02-19,97.91
2014-02-20,98.38
2014-02-21,100.98
2014-02-22,101.35
2014-02-23,105.42
2014-02-24,106.07
2014-02-25,106.72
2014-02-26,105.19
2014-02-27,104.08
2014-02-28,103.27
2014-03-01,103.78
2014-03-02,105.55
2014-03-03,106.11
2014-03-04,103.68
2014-03-05,106.0
2014-03-06,107.93
2014-03-07,108.2
2014-03-08,107.85
2014-03-09,104.98
2014-03-10,103.5
2014-03-11,104.38
2014-03-12,102.25
2014-03-13,99.93
2014-03-14,97.73
2014-03-15,97.08
2014-03-16,97.09
2014-03-17,95.52
2014-03-18,97.69
2014-03-19,96.87
2014-03-20,96.78
2014-03-21,99.45
2014-03-22,100.17
2014-03-23,104.06
2014-03-24,107.51
2014-03-25,105.36
2014-03-26,107.43
2014-03-27,110.56
2014-03-28,108.59
2014-03-29,109.74
2014-03-30,107.43
2014-03-31,106.03
2014-04-01,106.38
2014-04-02,107.67
2014-04-03,107.14
2014-04-04,107.55
2014-04-05,106.94
2014-04-06,105.92
2014-04-07,107.13
2014-04-08,106.84
2014-04-09,104.74
2014-04-10,103.58
2014-04-11,102.01
2014-04-12,100.3
2014-04-13,100.98
2014-04-14,99.23
2014-04-15,99.92
2014-04-16,100.98
2014-04-17,101.57
2014-04-18,104.05
2014-04-19,105.76
2014-04-20,106.05
2014-04-21,107.02
2014-04-22,106.66
2014-04-23,106.19
2014-04-24,106.44
2014-04-25,104.81
2014-04-26,105.07
2014-04-27,102.4
2014-04-28,101.79
2014-04-29,103.18
2014-04-30,102.84
2014-05-01,100.7
2014-05-02,101.21
2014-05-03,100.81
2014-05-04,102.03
2014-05-05,100.53
2014-05-06,97.26
2014-05-07,95.31
2014-05-08,96.74
2014-05-09,95.88
2014-05-10,95.71
2014-05-11,95.98
2014-05-12,98.28
2014-05-13,99.89
2014-05-14,102.14
2014-05-15,103.03
2014-05-16,104.4
2014-05-17,105.02
2014-05-18,106.05
2014-05-19,106.02
2014-05-20,105.41
2014-05-21,104.86
2014-05-22,105.09
2014-05-23,105.88
2014-05-24,105.75
2014-05-25,105.84
2014-05-26,106.4
2014-05-27,107.05
2014-05-28,108.13
2014-05-29,108.73
2014-05-30,106.28
2014-05-31,105.13
2014-06-01,105.76
2014-06-02,104.84
2014-06-03,106.3
2014-06-04,106.74
2014-06-05,104.07
2014-06-06,103.26
2014-06-07,104.1
2014-06-08,102.54
2014-06-09,102.53
2014-06-10,101.27
2014-06-11,99.38
2014-06-12,99.89
2014-06-13,101.77
2014-06-14,101.48
2014-06-15,100.87
2014-06-16,101.13
2014-06-17,101.12
2014-06-18,101.17
2014-06-19,102.69
2014-06-20,101.28
2014-06-21,100.75
2014-06-22,102.42
2014-06-23,102.57
2014-06-24,100.89
2014-06-25,100.71
2014-06-26,99.13
2014-06-27,98.59
2014-06-28,98.58
2014-06-29,98.16
2014-06-30,99.17
2014-07-01,101.84
2014-07-02,103.3
2014-07-03,105.06
2014-07-04,108.01
2014-07-05,109.33
2014-07-06,106.43
2014-07-07,105.44
2014-07-08,100.79
2014-07-09,98.51
2014-07-10,98.45
2014-07-11,96.67
2014-07-12,95.54
2014-07-13,98.1
2014-07-14,98.67
2014-07-15,102.26
2014-07-16,103.15
2014-07-17,103.96
2014-07-18,104.0
2014-07-19,104.44
2014-07-20,104.74
2014-07-21,104.63
2014-07-22,105.0
2014-07-23,107.06
2014-07-24,105.59
2014-07-25,106.78
2014-07-26,107.57
2014-07-27,106.92
2014-07-28,106.53
2014-07-29,105.15
2014-07-30,104.91
2014-07-31,103.93
2014-08-01,103.55
2014-08-02,102.61
2014-08-03,105.07
2014-08-04,105.86
2014-08-05,107.05
2014-08-06,106.96
2014-08-07,108.13
2014-08-08,107.36
2014-08-09,107.58
2014-08-10,104.02
2014-08-11,103.61
2014-08-12,104.48
2014-08-13,104.57
2014-08-14,104.17
2014-08-15,106.29
2014-08-16,106.95
2014-08-17,110.42
2014-08-18,110.08
2014-08-19,109.52
2014-08-20,110.68
2014-08-21,111.57
2014-08-22,109.69
2014-08-23,109.41
2014-08-24,107.66
2014-08-25,107.08
2014-08-26,106.84
2014-08-27,106.07
2014-08-28,106.12
2014-08-29,108.37
2014-08-30,108.82
2014-08-31,109.95
2014-09-01,109.37
2014-09-02,107.56
2014-09-03,105.57
2014-09-04,103.35
2014-09-05,100.68
2014-09-06,100.11
2014-09-07,98.72
2014-09-08,98.67
2014-09-09,101.19
2014-09-10,98.93
2014-09-11,100.91
2014-09-12,100.86
2014-09-13,100.03
2014-09-14,98.35
2014-09-15,99.05
2014-09-16,97.69
2014-09-17,102.0
2014-09-18,102.82
2014-09-19,106.38
2014-09-20,108.24
2014-09-21,108.03
2014-09-22,107.2
2014-09-23,106.22
2014-09-24,103.78
2014-09-25,102.28
2014-09-26,99.67
2014-09-27,98.16
2014-09-28,100.17
2014-09-29,101.44
2014-09-30,102.85
2014-10-01,103.39
2014-10-02,102.92
2014-10-03,102.01
2014-10-04,103.18
2014-10-05,100.82
2014-10-06,101.1
2014-10-07,98.07
2014-10-08,97.16
2014-10-09,96.83
2014-10-10,95.51
2014-10-11,94.04
2014-10-12,91.83
2014-10-13,88.7
2014-10-14,91.09
2014-10-15,90.71
2014-10-16,90.04
2014-10-17,90.07
2014-10-18,89.55
2014-10-19,92.49
2014-10-20,93.88
2014-10-21,92.01
2014-10-22,93.73
2014-10-23,97.04
2014-10-24,97.08
2014-10-25,97.44
2014-10-26,98.14
2014-10-27,99.17
2014-10-28,100.66
2014-10-29,102.81
2014-10-30,99.21
2014-10-31,101.55
2014-11-01,102.81
2014-11-02,102.15
2014-11-03,100.86
2014-11-04,100.37
2014-11-05,99.32
2014-11-06,101.76
2014-11-07,101.91
2014-11-08,100.97
2014-11-09,100.91
2014-11-10,102.71
2014-11-11,104.92
2014-11-12,105.21
2014-11-13,105.92
2014-11-14,106.77
2014-11-15,108.52
2014-11-16,108.5
2014-11-17,107.78
2014-11-18,106.38
2014-11-19,104.51
2014-11-20,103.85
2014-11-21,104.64
2014-11-22,102.73
2014-11-23,104.5
2014-11-24,106.96
2014-11-25,108.32
2014-11-26,109.64
2014-11-27,110.02
2014-11-28,108.16
2014-11-29,107.27
2014-11-30,105.79
2014-12-01,103.64
2014-12-02,101.24
2014-12-03,101.42
2014-12-04,101.9
2014-12-05,103.39
2014-12-06,104.94
2014-12-07,105.33
2014-12-08,106.06
2014-12-09,106.6
2014-12-10,104.15
2014-12-11,102.78
2014-12-12,101.7
2014-12-13,100.78
2014-12-14,99.86
2014-12-15,98.1
2014-12-16,96.61
2014-12-17,96.86
2014-12-18,96.76
2014-12-19,97.23
2014-12-20,97.14
2014-12-21,96.58
2014-12-22,99.31
2014-12-23,101.93
2014-12-24,102.53
2014-12-25,101.11
2014-12-26,98.49
2014-12-27,97.88
2014-12-28,98.63
2014-12-29,96.2
2014-12-30,95.37
2014-12-31,93.37
2015-01-01,93.76
2015-01-02,96.33
2015-01-03,96.55
2015-01-04,98.09
2015-01-05,97.86
2015-01-06,96.86
2015-01-07,96.49
2015-01-08,99.39
2015-01-09,100.03
2015-01-10,101.3
2015-01-11,99.99
2015-01-12,101.07
2015-01-13,102.06
2015-01-14,104.99
2015-01-15,105.07
2015-01-16,102.54
2015-01-17,102.15
2015-01-18,104.6
2015-01-19,105.78
2015-01-20,106.18
2015-01-21,105.31
2015-01-22,104.39
2015-01-23,105.42
2015-01-24,105.01
2015-01-25,104.69
2015-01-26,104.46
2015-01-27,105.21
2015-01-28,107.44
2015-01-29,109.26
2015-01-30,109.5
2015-01-31,109.09
2015-02-01,107.53
2015-02-02,106.42
2015-02-03,106.4
2015-02-04,106.27
2015-02-05,104.41
2015-02-06,104.0
2015-02-07,105.4
2015-02-08,105.21
2015-02-09,105.11
2015-02-10,104.06
2015-02-11,102.03
2015-02-12,102.48
2015-02-13,102.11
2015-02-14,100.49
2015-02-15,101.33
2015-02-16,103.24
2015-02-17,102.4
2015-02-18,102.66
2015-02-19,100.96
2015-02-20,101.32
2015-02-21,103.74
2015-02-22,105.02
2015-02-23,105.45
2015-02-24,109.88
2015-02-25,111.69
2015-02-26,112.55
2015-02-27,113.87
2015-02-28,113.11
2015-03-01,113.39
2015-03-02,111.01
2015-03-03,110.68
2015-03-04,110.03
2015-03-05,111.1
2015-03-06,111.89
2015-03-07,112.29
2015-03-08,110.9
2015-03-09,111.46
2015-03-10,110.88
2015-03-11,110.74
2015-03-12,107.64
2015-03-13,106.41
2015-03-14,105.99
2015-03-15,106.71
2015-03-16,105.98
2015-03-17,106.7
2015-03-18,106.94
2015-03-19,110.17
2015-03-20,110.34
2015-03-21,111.21
2015-03-22,112.19
2015-03-23,115.41
2015-03-24,115.52
2015-03-25,116.58
2015-03-26,116.18
2015-03-27,117.21
2015-03-28,116.33
2015-03-29,115.38
2015-03-30,114.67
2015-03-31,114.97
2015-04-01,112.75
2015-04-02,112.1
2015-04-03,112.7
2015-04-04,113.9
2015-04-05,115.03
2015-04-06,115.34
2015-04-07,115.0
2015-04-08,117.2
2015-04-09,117.06
2015-04-10,117.2
2015-04-11,117.22
2015-04-12,115.54
2015-04-13,116.15
2015-04-14,116.48
2015-04-15,115.82
2015-04-16,117.46
2015-04-17,117.18
2015-04-18,117.49
2015-04-19,118.28
2015-04-20,118.46
2015-04-21,119.21
2015-04-22,118.92
2015-04-23,115.71
2015-04-24,113.44
2015-04-25,112.22
2015-04-26,112.59
2015-04-27,110.97
2015-04-28,109.3
2015-04-29,108.44
2015-04-30,108.05
2015-05-01,104.4
2015-05-02,102.99
2015-05-03,102.56
2015-05-04,100.04
2015-05-05,98.11
2015-05-06,96.11
2015-05-07,96.93
2015-05-08,101.35
2015-05-09,102.03
2015-05-10,102.47
2015-05-11,106.08
2015-05-12,108.66
2015-05-13,110.37
2015-05-14,113.01
2015-05-15,113.04
2015-05-16,113.66
2015-05-17,112.92
2015-05-18,112.17
2015-05-19,111.86
2015-05-20,112.42
2015-05-21,111.75
2015-05-22,112.71
2015-05-23,113.27
2015-05-24,114.69
2015-05-25,113.68
2015-05-26,112.43
2015-05-27,112.95
2015-05-28,113.01
2015-05-29,111.62
2015-05-30,110.62
2015-05-31,109.99
2015-06-01,109.68
2015-06-02,107.44
2015-06-03,103.49
2015-06-04,100.84
2015-06-05,99.49
2015-06-06,99.47
2015-06-07,96.02
2015-06-08,96.42
2015-06-09,98.51
2015-06-10,100.66
2015-06-11,100.46
2015-06-12,101.46
2015-06-13,101.33
2015-06-14,101.73
2015-06-15,100.92
2015-06-16,99.45
2015-06-17,97.6
2015-06-18,97.69
2015-06-19,98.6
2015-06-20,98.4
2015-06-21,99.31
2015-06-22,99.6
2015-06-23,100.34
2015-06-24,103.69
2015-06-25,104.02
2015-06-26,104.13
2015-06-27,105.44
2015-06-28,106.37
2015-06-29,105.21
2015-06-30,104.26
2015-07-01,104.7
2015-07-02,106.98
2015-07-03,105.63
2015-07-04,104.67
2015-07-05,104.04
2015-07-06,103.46
2015-07-07,103.04
2015-07-08,98.3
2015-07-09,94.51
2015-07-10,94.49
2015-07-11,94.95
2015-07-12,94.62
2015-07-13,98.02
2015-07-14,100.37
2015-07-15,103.47
2015-07-16,105.29
2015-07-17,105.22
2015-07-18,104.77
2015-07-19,107.34
2015-07-20,106.08
2015-07-21,105.85
2015-07-22,107.15
2015-07-23,105.8
2015-07-24,105.56
2015-07-25,105.75
2015-07-26,104.49
2015-07-27,104.13
2015-07-28,102.32
2015-07-29,99.97
2015-07-30,100.59
2015-07-31,100.2
2015-08-01,97.96
2015-08-02,95.05
2015-08-03,93.89
2015-08-04,94.78
2015-08-05,96.26
2015-08-06,95.67
2015-08-07,94.68
2015-08-08,95.65
2015-08-09,95.77
2015-08-10,95.39
2015-08-11,94.54
2015-08-12,90.63
2015-08-13,92.07
2015-08-14,92.07
2015-08-15,92.78
2015-08-16,95.85
2015-08-17,98.35
2015-08-18,97.91
2015-08-19,98.27
2015-08-20,96.12
2015-08-21,92.32
2015-08-22,91.18
2015-08-23,88.36
2015-08-24,83.66
2015-08-25,84.75
2015-08-26,89.64
2015-08-27,93.1
2015-08-28,100.52
2015-08-29,102.02
2015-08-30,105.31
2015-08-31,109.68
2015-09-01,108.48
2015-09-02,106.97
2015-09-03,104.55
2015-09-04,101.3
2015-09-05,100.78
2015-09-06,98.48
2015-09-07,96.87
2015-09-08,96.79
2015-09-09,97.52
2015-09-10,97.08
2015-09-11,97.09
2015-09-12,97.12
2015-09-13,97.54
2015-09-14,96.28
2015-09-15,97.91
2015-09-16,99.09
2015-09-17,99.49
2015-09-18,101.69
2015-09-19,102.8
2015-09-20,104.07
2015-09-21,104.52
2015-09-22,105.22
2015-09-23,102.67
2015-09-24,105.06
2015-09-25,105.55
2015-09-26,104.11
2015-09-27,103.96
2015-09-28,104.85
2015-09-29,101.81
2015-09-30,102.44
2015-10-01,102.4
2015-10-02,100.52
2015-10-03,100.95
2015-10-04,102.66
2015-10-05,104.75
2015-10-06,106.68
2015-10-07,107.82
2015-10-08,108.18
2015-10-09,109.57
2015-10-10,109.27
2015-10-11,108.0
2015-10-12,108.17
2015-10-13,109.36
2015-10-14,109.94
2015-10-15,109.78
2015-10-16,109.42
2015-10-17,110.79
2015-10-18,110.71
2015-10-19,109.12
2015-10-20,109.07
2015-10-21,107.28
2015-10-22,105.12
2015-10-23,104.97
2015-10-24,104.64
2015-10-25,104.5
2015-10-26,105.82
2015-10-27,105.83
2015-10-28,107.22
2015-10-29,109.13
2015-10-30,110.96
2015-10-31,111.94
2015-11-01,112.32
2015-11-02,111.83
2015-11-03,111.72
2015-11-04,112.01
2015-11-05,111.68
2015-11-06,111.46
2015-11-07,110.4
2015-11-08,109.93
2015-11-09,107.19
2015-11-10,104.92
2015-11-11,103.43
2015-11-12,103.98
2015-11-13,102.51
2015-11-14,99.89
2015-11-15,99.08
2015-11-16,98.76
2015-11-17,101.21
2015-11-18,100.57
2015-11-19,100.48
2015-11-20,100.64
2015-11-21,103.21
2015-11-22,103.77
2015-11-23,108.5
2015-11-24,108.52
2015-11-25,108.9
2015-11-26,108.91
2015-11-27,109.32
2015-11-28,110.26
2015-11-29,111.7
2015-11-30,108.7
2015-12-01,109.72
2015-12-02,110.46
2015-12-03,109.56
2015-12-04,108.36
2015-12-05,107.29
2015-12-06,105.37
2015-12-07,106.87
2015-12-08,104.49
2015-12-09,102.91
2015-12-10,102.91
2015-12-11,103.39
2015-12-12,102.95
2015-12-13,101.72
2015-12-14,98.5
2015-12-15,97.89
2015-12-16,100.18
2015-12-17,98.79
2015-12-18,98.09
2015-12-19,99.97
2015-12-20,102.5
2015-12-21,104.92
2015-12-22,105.82
2015-12-23,104.95
2015-12-24,104.9
2015-12-25,101.79
2015-12-26,98.79
2015-12-27,97.77
2015-12-28,98.31
2015-12-29,96.61
2015-12-30,93.47
2015-12-31,92.18
2016-01-01,90.93
2016-01-02,91.47
2016-01-03,91.28
2016-01-04,90.3
2016-01-05,89.34
2016-01-06,89.88
2016-01-07,90.17
2016-01-08,91.61
2016-01-09,90.94
2016-01-10,92.26
2016-01-11,92.05
2016-01-12,92.61
2016-01-13,94.26
2016-01-14,94.92
2016-01-15,97.47
2016-01-16,97.81
2016-01-17,97.97
2016-01-18,99.7
2016-01-19,100.83
2016-01-20,99.05
2016-01-21,100.37
2016-01-22,100.86
2016-01-23,101.89
2016-01-24,100.59
2016-01-25,100.23
2016-01-26,97.95
2016-01-27,100.37
2016-01-28,100.5
2016-01-29,99.72
2016-01-30,99.97
2016-01-31,99.18
2016-02-01,96.1
2016-02-02,97.67
2016-02-03,97.74
2016-02-04,98.48
2016-02-05,98.06
2016-02-06,97.64
2016-02-07,97.11
2016-02-08,98.4
2016-02-09,97.39
2016-02-10,91.5
2016-02-11,84.44
2016-02-12,79.72
2016-02-13,77.82
2016-02-14,77.09
2016-02-15,79.62
2016-02-16,82.4
2016-02-17,88.16
2016-02-18,92.75
2016-02-19,97.08
2016-02-20,97.22
2016-02-21,100.38
2016-02-22,100.28
2016-02-23,100.37
2016-02-24,99.0
2016-02-25,100.28
2016-02-26,101.89
2016-02-27,103.8
2016-02-28,104.59
2016-02-29,103.43
2016-03-01,98.59
2016-03-02,97.54
2016-03-03,97.39
2016-03-04,95.9
2016-03-05,94.68
2016-03-06,94.28
2016-03-07,95.13
2016-03-08,98.77
2016-03-09,98.89
2016-03-10,98.1
2016-03-11,100.37
2016-03-12,101.17
2016-03-13,102.19
2016-03-14,103.95
2016-03-15,104.74
2016-03-16,105.25
2016-03-17,106.2
2016-03-18,106.44
2016-03-19,106.71
2016-03-20,106.65
2016-03-21,105.15
2016-03-22,106.5
2016-03-23,107.03
2016-03-24,106.9
2016-03-25,105.37
2016-03-26,104.67
2016-03-27,103.33
2016-03-28,104.5
2016-03-29,105.33
2016-03-30,106.64
2016-03-31,105.55
2016-04-01,105.65
2016-04-02,107.66
2016-04-03,109.08
2016-04-04,109.17
2016-04-05,106.56
2016-04-06,105.75
2016-04-07,106.69
2016-04-08,107.32
2016-04-09,106.51
2016-04-10,105.5
2016-04-11,105.79
2016-04-12,105.74
2016-04-13,104.24
2016-04-14,102.92
2016-04-15,102.68
2016-04-16,101.5
2016-04-17,99.68
2016-04-18,98.28
2016-04-19,98.88
2016-04-20,100.81
2016-04-21,101.09
2016-04-22,99.69
2016-04-23,99.2
2016-04-24,99.0
2016-04-25,97.08
2016-04-26,94.66
2016-04-27,93.82
2016-04-28,94.28
2016-04-29,94.75
2016-04-30,94.07
2016-05-01,92.93
2016-05-02,94.57
2016-05-03,98.32
2016-05-04,98.62
2016-05-05,95.52
2016-05-06,94.48
2016-05-07,96.38
2016-05-08,98.05
2016-05-09,98.22
2016-05-10,95.73
2016-05-11,95.33
2016-05-12,98.89
2016-05-13,101.79
2016-05-14,100.21
2016-05-15,99.81
2016-05-16,99.0
2016-05-17,100.26
2016-05-18,99.92
2016-05-19,96.73
2016-05-20,95.77
2016-05-21,96.91
2016-05-22,96.85
2016-05-23,98.09
2016-05-24,94.84
2016-05-25,94.54
2016-05-26,95.11
2016-05-27,92.65
2016-05-28,92.27
2016-05-29,94.24
2016-05-30,94.04
2016-05-31,95.54
2016-06-01,95.4
2016-06-02,95.15
2016-06-03,96.94
2016-06-04,97.7
2016-06-05,96.6
2016-06-06,93.09
2016-06-07,93.89
2016-06-08,95.1
2016-06-09,96.04
2016-06-10,94.5
2016-06-11,92.84
2016-06-12,91.81
2016-06-13,93.15
2016-06-14,90.23
2016-06-15,86.97
2016-06-16,85.85
2016-06-17,86.63
2016-06-18,87.2
2016-06-19,86.23
2016-06-20,89.22
2016-06-21,91.32
2016-06-22,93.98
2016-06-23,96.3
2016-06-24,91.52
2016-06-25,90.19
2016-06-26,89.44
2016-06-27,86.98
2016-06-28,86.88
2016-06-29,87.75
2016-06-30,88.18
2016-07-01,94.56
2016-07-02,96.94
2016-07-03,99.21
2016-07-04,102.08
2016-07-05,103.21
2016-07-06,101.13
2016-07-07,103.6
2016-07-08,102.48
2016-07-09,102.09
2016-07-10,101.23
2016-07-11,99.19
2016-07-12,100.89
2016-07-13,103.53
2016-07-14,99.78
2016-07-15,100.13
2016-07-16,99.68
2016-07-17,104.99
2016-07-18,105.94
2016-07-19,103.41
2016-07-20,102.35
2016-07-21,105.11
2016-07-22,104.73
2016-07-23,104.92
2016-07-24,103.24
2016-07-25,105.18
2016-07-26,106.68
2016-07-27,108.91
2016-07-28,108.87
2016-07-29,109.33
2016-07-30,110.4
2016-07-31,110.23
2016-08-01,107.71
2016-08-02,106.76
2016-08-03,103.57
2016-08-04,101.58
2016-08-05,99.54
2016-08-06,97.75
2016-08-07,92.64
2016-08-08,93.22
2016-08-09,93.04
2016-08-10,93.75
2016-08-11,94.62
2016-08-12,95.83
2016-08-13,97.15
2016-08-14,101.41
2016-08-15,101.3
2016-08-16,101.51
2016-08-17,101.49
2016-08-18,101.85
2016-08-19,102.8
2016-08-20,103.04
2016-08-21,104.07
2016-08-22,103.53
2016-08-23,103.87
2016-08-24,105.78
2016-08-25,103.24
2016-08-26,100.71
2016-08-27,99.18
2016-08-28,97.94
2016-08-29,97.19
2016-08-30,95.06
2016-08-31,91.16
2016-09-01,90.21
2016-09-02,90.28
2016-09-03,89.58
2016-09-04,88.31
2016-09-05,87.81
2016-09-06,89.36
2016-09-07,90.07
2016-09-08,92.98
2016-09-09,91.87
2016-09-10,93.26
2016-09-11,93.91
2016-09-12,91.75
2016-09-13,88.02
2016-09-14,85.99
2016-09-15,83.07
2016-09-16,82.52
2016-09-17,83.01
2016-09-18,82.39
2016-09-19,85.93
2016-09-20,89.38
2016-09-21,92.42
2016-09-22,93.27
2016-09-23,95.43
2016-09-24,95.6
2016-09-25,96.37
2016-09-26,94.8
2016-09-27,95.77
2016-09-28,93.52
2016-09-29,93.55
2016-09-30,92.17
2016-10-01,90.03
2016-10-02,88.03
2016-10-03,85.75
2016-10-04,82.4
2016-10-05,84.38
2016-10-06,84.75
2016-10-07,85.73
2016-10-08,87.62
2016-10-09,87.53
2016-10-10,89.28
2016-10-11,90.22
2016-10-12,87.77
2016-10-13,85.0
2016-10-14,84.19
2016-10-15,83.09
2016-10-16,83.07
2016-10-17,85.23
2016-10-18,87.13
2016-10-19,91.67
2016-10-20,96.9
2016-10-21,98.46
2016-10-22,100.1
2016-10-23,101.34
2016-10-24,101.69
2016-10-25,101.72
2016-10-26,98.75
2016-10-27,98.59
2016-10-28,99.03
2016-10-29,99.18
2016-10-30,98.82
2016-10-31,97.05
2016-11-01,96.29
2016-11-02,95.13
2016-11-03,93.86
2016-11-04,91.03
2016-11-05,90.04
2016-11-06,87.95
2016-11-07,89.36
2016-11-08,89.68
2016-11-09,87.43
2016-11-10,87.29
2016-11-11,90.05
2016-11-12,90.85
2016-11-13,93.86
2016-11-14,95.55
2016-11-15,94.25
2016-11-16,99.78
2016-11-17,99.99
2016-11-18,98.84
2016-11-19,98.5
2016-11-20,97.47
2016-11-21,94.17
2016-11-22,95.47
2016-11-23,92.96
2016-11-24,90.32
2016-11-25,89.22
2016-11-26,87.69
2016-11-27,85.65
2016-11-28,85.08
2016-11-29,86.36
2016-11-30,86.88
2016-12-01,89.94
2016-12-02,90.11
2016-12-03,92.07
2016-12-04,93.48
2016-12-05,94.66
2016-12-06,92.61
2016-12-07,92.79
2016-12-08,92.16
2016-12-09,92.68
2016-12-10,91.84
2016-12-11,91.54
2016-12-12,93.31
2016-12-13,94.04
2016-12-14,96.76
2016-12-15,94.42
2016-12-16,96.03
2016-12-17,96.33
2016-12-18,97.4
2016-12-19,97.12
2016-12-20,97.4
2016-12-21,98.01
2016-12-22,100.11
2016-12-23,98.09
2016-12-24,96.56
2016-12-25,97.23
2016-12-26,96.75
2016-12-27,95.89
2016-12-28,92.61
2016-12-29,91.4
2016-12-30,91.9
2016-12-31,92.15
2017-01-01,93.08
2017-01-02,93.46
2017-01-03,95.28
2017-01-04,96.48
2017-01-05,99.14
2017-01-06,102.97
2017-01-07,105.21
2017-01-08,102.68
2017-01-09,103.31
2017-01-10,102.07
2017-01-11,101.47
2017-01-12,100.08
2017-01-13,93.62
2017-01-14,92.06
2017-01-15,92.26
2017-01-16,87.95
2017-01-17,87.36
2017-01-18,86.83
2017-01-19,87.75
2017-01-20,91.65
2017-01-21,91.72
2017-01-22,94.5
2017-01-23,98.53
2017-01-24,102.29
2017-01-25,103.87
2017-01-26,106.24
2017-01-27,104.42
2017-01-28,105.17
2017-01-29,105.86
2017-01-30,103.5
2017-01-31,99.68
2017-02-01,99.65
2017-02-02,95.51
2017-02-03,96.68
2017-02-04,96.01
2017-02-05,94.46
2017-02-06,96.35
2017-02-07,98.34
2017-02-08,97.88
2017-02-09,98.77
2017-02-10,100.55
2017-02-11,101.34
2017-02-12,100.42
2017-02-13,100.55
2017-02-14,100.08
2017-02-15,98.86
2017-02-16,98.0
2017-02-17,92.13
2017-02-18,90.11
2017-02-19,90.75
2017-02-20,90.18
2017-02-21,91.52
2017-02-22,92.89
2017-02-23,93.95
2017-02-24,98.14
2017-02-25,100.38
2017-02-26,102.46
2017-02-27,103.71
2017-02-28,102.38
2017-03-01,100.13
2017-03-02,97.97
2017-03-03,93.95
2017-03-04,91.59
2017-03-05,89.58
2017-03-06,86.89
2017-03-07,86.43
2017-03-08,87.47
2017-03-09,88.54
2017-03-10,92.03
2017-03-11,95.08
2017-03-12,96.95
2017-03-13,100.75
2017-03-14,102.78
2017-03-15,102.59
2017-03-16,103.8
2017-03-17,105.82
2017-03-18,104.23
2017-03-19,103.67
2017-03-20,102.64
2017-03-21,102.88
2017-03-22,104.76
2017-03-23,102.41
2017-03-24,102.41
2017-03-25,102.09
2017-03-26,104.02
2017-03-27,104.43
2017-03-28,104.48
2017-03-29,104.08
2017-03-30,107.09
2017-03-31,108.64
2017-04-01,112.18
2017-04-02,112.13
2017-04-03,112.73
2017-04-04,110.77
2017-04-05,110.87
2017-04-06,109.37
2017-04-07,111.09
2017-04-08,109.68
2017-04-09,110.86
2017-04-10,109.68
2017-04-11,109.32
2017-04-12,108.31
2017-04-13,109.57
2017-04-14,106.41
2017-04-15,104.94
2017-04-16,103.08
2017-04-17,104.14
2017-04-18,106.9
2017-04-19,109.67
2017-04-20,109.89
2017-04-21,112.22
2017-04-22,114.37
2017-04-23,115.73
2017-04-24,116.91
2017-04-25,118.99
2017-04-26,120.67
2017-04-27,122.05
2017-04-28,122.14
2017-04-29,122.61
2017-04-30,121.48
2017-05-01,119.54
2017-05-02,116.76
2017-05-03,112.65
2017-05-04,110.62
2017-05-05,107.78
2017-05-06,106.88
2017-05-07,107.35
2017-05-08,109.69
2017-05-09,109.87
2017-05-10,110.97
2017-05-11,111.25
2017-05-12,112.01
2017-05-13,111.83
2017-05-14,111.91
2017-05-15,111.96
2017-05-16,113.74
2017-05-17,114.95
2017-05-18,115.38
2017-05-19,116.34
2017-05-20,117.64
2017-05-21,117.25
2017-05-22,117.01
2017-05-23,117.12
2017-05-24,117.1
2017-05-25,117.18
2017-05-26,118.51
2017-05-27,117.96
2017-05-28,120.44
2017-05-29,120.69
2017-05-30,120.29
2017-05-31,119.68
2017-06-01,118.77
2017-06-02,118.8
2017-06-03,116.88
2017-06-04,115.2
2017-06-05,114.05
2017-06-06,110.4
2017-06-07,110.33
2017-06-08,110.1
2017-06-09,108.77
2017-06-10,109.42
2017-06-11,108.46
2017-06-12,108.75
2017-06-13,112.2
2017-06-14,112.49
2017-06-15,113.26
2017-06-16,110.53
2017-06-17,109.05
2017-06-18,109.27
2017-06-19,108.81
2017-06-20,107.22
2017-06-21,104.84
2017-06-22,103.64
2017-06-23,105.86
2017-06-24,107.25
2017-06-25,107.57
2017-06-26,107.81
2017-06-27,109.8
2017-06-28,112.0
2017-06-29,113.46
2017-06-30,112.97
2017-07-01,114.18
2017-07-02,113.9
2017-07-03,112.87
2017-07-04,111.5
2017-07-05,111.11
2017-07-06,110.08
2017-07-07,110.87
2017-07-08,110.26
2017-07-09,111.83
2017-07-10,111.79
2017-07-11,112.05
2017-07-12,111.2
2017-07-13,111.73
2017-07-14,111.19
2017-07-15,109.92
2017-07-16,105.85
2017-07-17,106.21
2017-07-18,104.45
2017-07-19,105.38
2017-07-20,106.36
2017-07-21,108.71
2017-07-22,109.53
2017-07-23,113.66
2017-07-24,114.56
2017-07-25,117.75
2017-07-26,116.78
2017-07-27,116.07
2017-07-28,112.18
2017-07-29,111.42
2017-07-30,110.5
2017-07-31,110.34
2017-08-01,110.32
2017-08-02,110.52
2017-08-03,105.68
2017-08-04,106.46
2017-08-05,106.84
2017-08-06,105.01
2017-08-07,104.69
2017-08-08,100.32
2017-08-09,99.15
2017-08-10,101.63
2017-08-11,99.82
2017-08-12,97.95
2017-08-13,95.03
2017-08-14,94.46
2017-08-15,91.45
2017-08-16,91.05
2017-08-17,90.17
2017-08-18,89.27
2017-08-19,89.46
2017-08-20,91.35
2017-08-21,87.66
2017-08-22,91.66
2017-08-23,91.83
2017-08-24,92.11
2017-08-25,92.39
2017-08-26,92.89
2017-08-27,92.83
2017-08-28,94.8
2017-08-29,94.21
2017-08-30,94.76
2017-08-31,94.37
2017-09-01,95.12
2017-09-02,95.71
2017-09-03,96.63
2017-09-04,94.99
2017-09-05,94.68
2017-09-06,94.04
2017-09-07,96.09
2017-09-08,96.79
2017-09-09,95.51
2017-09-10,95.83
2017-09-11,99.17
2017-09-12,101.69
2017-09-13,102.44
2017-09-14,103.26
2017-09-15,103.17
2017-09-16,105.65
2017-09-17,105.23
2017-09-18,107.31
2017-09-19,107.39
2017-09-20,108.06
2017-09-21,106.04
2017-09-22,105.01
2017-09-23,104.26
2017-09-24,104.2
2017-09-25,101.58
2017-09-26,100.2
2017-09-27,99.44
2017-09-28,100.77
2017-09-29,101.04
2017-09-30,100.51
2017-10-01,103.71
2017-10-02,102.43
2017-10-03,100.56
2017-10-04,100.5
2017-10-05,98.71
2017-10-06,95.73
2017-10-07,96.34
2017-10-08,91.72
2017-10-09,91.82
2017-10-10,95.94
2017-10-11,99.13
2017-10-12,100.59
2017-10-13,105.42
2017-10-14,107.32
2017-10-15,110.0
2017-10-16,111.68
2017-10-17,111.22
2017-10-18,110.08
2017-10-19,111.58
2017-10-20,110.03
2017-10-21,110.02
2017-10-22,109.34
2017-10-23,110.72
2017-10-24,110.01
2017-10-25,112.12
2017-10-26,114.34
2017-10-27,116.69
2017-10-28,115.86
2017-10-29,117.36
2017-10-30,117.94
2017-10-31,120.62
2017-11-01,120.11
2017-11-02,119.34
2017-11-03,119.78
2017-11-04,119.8
2017-11-05,118.44
2017-11-06,116.81
2017-11-07,114.56
2017-11-08,113.74
2017-11-09,113.12
2017-11-10,112.72
2017-11-11,114.6
2017-11-12,117.41
2017-11-13,119.81
2017-11-14,120.93
2017-11-15,121.41
2017-11-16,120.82
2017-11-17,120.52
2017-11-18,119.05
2017-11-19,117.67
2017-11-20,115.89
2017-11-21,115.66
2017-11-22,113.08
2017-11-23,113.77
2017-11-24,115.37
2017-11-25,115.58
2017-11-26,115.38
2017-11-27,115.66
2017-11-28,112.4
2017-11-29,113.76
2017-11-30,110.93
2017-12-01,110.12
2017-12-02,109.13
2017-12-03,107.55
2017-12-04,107.17
2017-12-05,108.79
2017-12-06,106.76
2017-12-07,107.49
2017-12-08,105.91
2017-12-09,105.06
2017-12-10,104.69
2017-12-11,104.13
2017-12-12,102.71
2017-12-13,104.6
2017-12-14,106.13
2017-12-15,107.24
2017-12-16,108.79
2017-12-17,110.38
2017-12-18,112.62
2017-12-19,114.24
2017-12-20,114.03
2017-12-21,113.32
2017-12-22,112.44
2017-12-23,111.57
2017-12-24,109.77
2017-12-25,106.69
2017-12-26,106.56
2017-12-27,106.7
2017-12-28,106.01
2017-12-29,106.08
2017-12-30,107.17
2017-12-31,110.01
2018-01-01,111.25
2018-01-02,111.67
2018-01-03,111.4
2018-01-04,111.95
2018-01-05,112.19
2018-01-06,111.7
2018-01-07,110.5
2018-01-08,112.06
2018-01-09,112.23
2018-01-10,111.86
2018-01-11,112.18
2018-01-12,111.91
2018-01-13,111.85
2018-01-14,112.61
2018-01-15,112.26
2018-01-16,111.46
2018-01-17,111.66
2018-01-18,111.32
2018-01-19,111.32
2018-01-20,111.59
2018-01-21,109.46
2018-01-22,107.56
2018-01-23,106.85
2018-01-24,108.3
2018-01-25,110.93
2018-01-26,110.96
2018-01-27,110.02
2018-01-28,111.53
2018-01-29,114.43
2018-01-30,114.46
2018-01-31,113.96
2018-02-01,113.51
2018-02-02,114.16
2018-02-03,115.09
2018-02-04,115.13
2018-02-05,112.6
2018-02-06,111.92
2018-02-07,110.88
2018-02-08,108.58
2018-02-09,106.02
2018-02-10,105.65
2018-02-11,104.52
2018-02-12,105.43
2018-02-13,103.66
2018-02-14,101.06
2018-02-15,98.09
2018-02-16,98.43
2018-02-17,99.03
2018-02-18,98.65
2018-02-19,96.62
2018-02-20,97.56
2018-02-21,100.66
2018-02-22,103.3
2018-02-23,104.96
2018-02-24,104.0
2018-02-25,103.88
2018-02-26,106.15
2018-02-27,107.79
2018-02-28,105.09
2018-03-01,104.83
2018-03-02,100.94
2018-03-03,99.26
2018-03-04,97.77
2018-03-05,94.62
2018-03-06,94.29
2018-03-07,97.45
2018-03-08,96.97
2018-03-09,99.34
2018-03-10,100.93
2018-03-11,103.91
2018-03-12,106.24
2018-03-13,107.29
2018-03-14,106.01
2018-03-15,107.2
2018-03-16,108.18
2018-03-17,108.58
2018-03-18,107.98
2018-03-19,107.26
2018-03-20,106.11
2018-03-21,106.78
2018-03-22,106.85
2018-03-23,104.0
2018-03-24,101.96
2018-03-25,101.12
2018-03-26,100.15
2018-03-27,101.07
2018-03-28,101.35
2018-03-29,100.24
2018-03-30,102.64
2018-03-31,104.42
2018-04-01,105.23
2018-04-02,106.78
2018-04-03,105.59
2018-04-04,104.44
2018-04-05,105.52
2018-04-06,105.05
2018-04-07,104.47
2018-04-08,102.19
2018-04-09,100.61
2018-04-10,100.55
2018-04-11,100.35
2018-04-12,98.78
2018-04-13,98.69
2018-04-14,97.86
2018-04-15,96.08
2018-04-16,96.86
2018-04-17,97.06
2018-04-18,98.66
2018-04-19,99.86
2018-04-20,100.25
2018-04-21,102.09
2018-04-22,105.02
2018-04-23,106.12
2018-04-24,108.48
2018-04-25,106.79
2018-04-26,108.46
2018-04-27,111.28
2018-04-28,112.0
2018-04-29,113.38
2018-04-30,113.15
2018-05-01,109.84
2018-05-02,110.67
2018-05-03,110.22
2018-05-04,107.05
2018-05-05,105.79
2018-05-06,103.55
2018-05-07,102.6
2018-05-08,104.73
2018-05-09,104.9
2018-05-10,105.41
2018-05-11,105.8
2018-05-12,104.77
2018-05-13,105.56
2018-05-14,107.02
2018-05-15,107.71
2018-05-16,107.73
2018-05-17,107.68
2018-05-18,108.38
2018-05-19,109.46
2018-05-20,110.3
2018-05-21,110.04
2018-05-22,106.3
2018-05-23,105.76
2018-05-24,103.51
2018-05-25,100.61
2018-05-26,101.43
2018-05-27,99.61
2018-05-28,99.95
2018-05-29,103.27
2018-05-30,102.38
2018-05-31,102.29
2018-06-01,104.56
2018-06-02,103.7
2018-06-03,104.07
2018-06-04,103.37
2018-06-05,102.68
2018-06-06,101.96
2018-06-07,103.46
2018-06-08,102.86
2018-06-09,104.06
2018-06-10,105.66
2018-06-11,106.43
2018-06-12,107.47
2018-06-13,110.21
2018-06-14,108.87
2018-06-15,104.97
2018-06-16,102.16
2018-06-17,99.04
2018-06-18,96.38
2018-06-19,95.14
2018-06-20,93.83
2018-06-21,94.27
2018-06-22,97.08
2018-06-23,97.78
2018-06-24,101.34
2018-06-25,102.25
2018-06-26,101.34
2018-06-27,102.28
2018-06-28,101.37
2018-06-29,100.58
2018-06-30,100.84
2018-07-01,97.92
2018-07-02,95.87
2018-07-03,95.96
2018-07-04,95.19
2018-07-05,94.72
2018-07-06,93.4
2018-07-07,92.84
2018-07-08,92.92
2018-07-09,94.38
2018-07-10,94.96
2018-07-11,91.77
2018-07-12,89.88
2018-07-13,88.68
2018-07-14,84.6
2018-07-15,84.86
2018-07-16,83.44
2018-07-17,82.08
2018-07-18,84.13
2018-07-19,86.3
2018-07-20,87.06
2018-07-21,90.71
2018-07-22,90.1
2018-07-23,88.53
2018-07-24,90.85
2018-07-25,91.46
2018-07-26,92.23
2018-07-27,95.33
2018-07-28,96.77
2018-07-29,98.68
2018-07-30,101.77
2018-07-31,98.34
2018-08-01,99.41
2018-08-02,97.7
2018-08-03,94.68
2018-08-04,93.95
2018-08-05,93.08
2018-08-06,93.51
2018-08-07,95.08
2018-08-08,96.88
2018-08-09,97.72
2018-08-10,99.52
2018-08-11,99.66
2018-08-12,100.52
2018-08-13,98.16
2018-08-14,99.48
2018-08-15,96.44
2018-08-16,96.1
2018-08-17,93.98
2018-08-18,92.13
2018-08-19,88.86
2018-08-20,89.53
2018-08-21,88.32
2018-08-22,88.2
2018-08-23,88.45
2018-08-24,91.16
2018-08-25,93.95
2018-08-26,95.87
2018-08-27,98.82
2018-08-28,100.44
2018-08-29,102.2
2018-08-30,103.77
2018-08-31,101.11
2018-09-01,102.16
2018-09-02,105.75
2018-09-03,106.42
2018-09-04,105.05
2018-09-05,105.3
2018-09-06,105.95
2018-09-07,107.53
2018-09-08,105.7
2018-09-09,102.57
2018-09-10,100.96
2018-09-11,101.65
2018-09-12,98.45
2018-09-13,96.78
2018-09-14,98.32
2018-09-15,98.95
2018-09-16,99.32
2018-09-17,101.01
2018-09-18,102.32
2018-09-19,105.82
2018-09-20,106.39
2018-09-21,107.26
2018-09-22,107.58
2018-09-23,109.32
2018-09-24,104.96
2018-09-25,102.74
2018-09-26,98.67
2018-09-27,98.83
2018-09-28,96.28
2018-09-29,95.35
2018-09-30,92.07
2018-10-01,94.3
2018-10-02,92.41
2018-10-03,91.91
2018-10-04,91.75
2018-10-05,92.02
2018-10-06,92.04
2018-10-07,91.27
2018-10-08,89.5
2018-10-09,89.17
2018-10-10,90.44
2018-10-11,86.32
2018-10-12,83.16
2018-10-13,82.34
2018-10-14,81.73
2018-10-15,81.94
2018-10-16,83.14
2018-10-17,84.78
2018-10-18,86.36
2018-10-19,87.75
2018-10-20,89.03
2018-10-21,91.35
2018-10-22,91.02
2018-10-23,92.21
2018-10-24,91.06
2018-10-25,89.55
2018-10-26,88.04
2018-10-27,87.09
2018-10-28,86.15
2018-10-29,84.57
2018-10-30,83.17
2018-10-31,83.92
2018-11-01,86.72
2018-11-02,90.67
2018-11-03,90.95
2018-11-04,92.99
2018-11-05,95.79
2018-11-06,95.93
2018-11-07,95.59
2018-11-08,95.09
2018-11-09,92.95
2018-11-10,93.04
2018-11-11,93.12
2018-11-12,92.47
2018-11-13,92.55
2018-11-14,90.81
2018-11-15,90.07
2018-11-16,90.67
2018-11-17,90.99
2018-11-18,90.03
2018-11-19,92.28
2018-11-20,92.73
2018-11-21,95.1
2018-11-22,96.76
2018-11-23,96.59
2018-11-24,95.18
2018-11-25,94.75
2018-11-26,91.7
2018-11-27,91.8
2018-11-28,92.39
2018-11-29,93.02
2018-11-30,92.23
2018-12-01,93.97
2018-12-02,94.17
2018-12-03,96.72
2018-12-04,96.83
2018-12-05,95.6
2018-12-06,94.46
2018-12-07,96.92
2018-12-08,97.88
2018-12-09,97.68
2018-12-10,94.77
2018-12-11,94.06
2018-12-12,96.12
2018-12-13,97.12
2018-12-14,95.45
2018-12-15,93.2
2018-12-16,93.91
2018-12-17,95.43
2018-12-18,97.8
2018-12-19,97.12
2018-12-20,94.82
2018-12-21,94.7
2018-12-22,95.55
2018-12-23,96.09
2018-12-24,94.89
2018-12-25,91.59
2018-12-26,89.67
2018-12-27,91.1
2018-12-28,88.91
2018-12-29,88.64
2018-12-30,87.88
2018-12-31,86.47
2019-01-01,86.3
2019-01-02,88.22
2019-01-03,87.68
2019-01-04,89.28
2019-01-05,88.67
2019-01-06,89.08
2019-01-07,92.04
2019-01-08,91.64
2019-01-09,90.47
2019-01-10,92.06
2019-01-11,92.26
2019-01-12,91.55
2019-01-13,89.1
2019-01-14,89.1
2019-01-15,92.25
2019-01-16,94.27
2019-01-17,94.43
2019-01-18,97.52
2019-01-19,100.02
2019-01-20,103.13
2019-01-21,102.55
2019-01-22,102.26
2019-01-23,101.63
2019-01-24,100.59
2019-01-25,99.43
2019-01-26,100.1
2019-01-27,101.51
2019-01-28,101.38
2019-01-29,102.56
2019-01-30,103.06
2019-01-31,102.12
2019-02-01,100.43
2019-02-02,99.86
2019-02-03,99.8
2019-02-04,98.05
2019-02-05,95.44
2019-02-06,91.77
2019-02-07,92.08
2019-02-08,92.7
2019-02-09,91.47
2019-02-10,90.06
2019-02-11,91.73
2019-02-12,93.4
2019-02-13,95.48
2019-02-14,95.74
2019-02-15,94.74
2019-02-16,94.32
2019-02-17,94.3
2019-02-18,95.05
2019-02-19,94.27
2019-02-20,95.74
2019-02-21,96.15
2019-02-22,96.03
2019-02-23,98.1
2019-02-24,99.83
2019-02-25,100.69
2019-02-26,102.01
2019-02-27,101.24
2019-02-28,100.02
2019-03-01,96.21
2019-03-02,96.39
2019-03-03,95.9
2019-03-04,96.7
2019-03-05,96.07
2019-03-06,95.89
2019-03-07,97.49
2019-03-08,102.83
2019-03-09,101.34
2019-03-10,100.11
2019-03-11,97.72
2019-03-12,97.87
2019-03-13,95.49
2019-03-14,93.79
2019-03-15,93.74
2019-03-16,94.44
2019-03-17,93.93
2019-03-18,95.44
2019-03-19,95.03
2019-03-20,96.96
2019-03-21,99.53
2019-03-22,101.07
2019-03-23,100.23
2019-03-24,100.93
2019-03-25,100.11
2019-03-26,99.18
2019-03-27,98.37
2019-03-28,95.88
2019-03-29,93.85
2019-03-30,94.07
2019-03-31,94.49
2019-04-01,93.43
2019-04-02,94.83
2019-04-03,95.92
2019-04-04,97.64
2019-04-05,97.67
2019-04-06,98.16
2019-04-07,95.7
2019-04-08,96.47
2019-04-09,95.74
2019-04-10,95.51
2019-04-11,95.5
2019-04-12,95.75
2019-04-13,96.9
2019-04-14,101.69
2019-04-15,103.19
2019-04-16,106.24
2019-04-17,107.45
2019-04-18,106.76
2019-04-19,108.14
2019-04-20,107.27
2019-04-21,104.91
2019-04-22,104.09
2019-04-23,101.99
2019-04-24,101.38
2019-04-25,99.8
2019-04-26,99.38
2019-04-27,99.68
2019-04-28,101.28
2019-04-29,102.43
2019-04-30,101.79
2019-05-01,98.44
2019-05-02,100.46
2019-05-03,100.22
2019-05-04,99.87
2019-05-05,100.2
2019-05-06,96.92
2019-05-07,96.28
2019-05-08,99.28
2019-05-09,97.53
2019-05-10,97.34
2019-05-11,97.64
2019-05-12,95.81
2019-05-13,95.92
2019-05-14,96.16
2019-05-15,96.17
2019-05-16,97.2
2019-05-17,95.22
2019-05-18,94.16
2019-05-19,94.03
2019-05-20,96.74
2019-05-21,96.16
2019-05-22,94.69
2019-05-23,93.13
2019-05-24,93.7
2019-05-25,93.87
2019-05-26,93.47
2019-05-27,92.34
2019-05-28,91.87
2019-05-29,90.54
2019-05-30,91.63
2019-05-31,91.64
2019-06-01,87.97
2019-06-02,87.76
2019-06-03,85.25
2019-06-04,84.02
2019-06-05,84.23
2019-06-06,81.15
2019-06-07,83.53
2019-06-08,87.52
2019-06-09,88.9
2019-06-10,90.17
2019-06-11,92.08
2019-06-12,95.28
2019-06-13,98.91
2019-06-14,97.41
2019-06-15,96.45
2019-06-16,97.38
2019-06-17,98.43
2019-06-18,98.48
2019-06-19,99.62
2019-06-20,99.67
2019-06-21,100.46
2019-06-22,101.25
2019-06-23,101.7
2019-06-24,102.28
2019-06-25,104.22
2019-06-26,103.79
2019-06-27,104.75
2019-06-28,102.82
2019-06-29,101.82
2019-06-30,99.85
2019-07-01,97.07
2019-07-02,95.64
2019-07-03,93.27
2019-07-04,90.33
2019-07-05,89.52
2019-07-06,88.48
2019-07-07,86.31
2019-07-08,85.56
2019-07-09,84.81
2019-07-10,85.44
2019-07-11,86.56
2019-07-12,87.7
2019-07-13,88.1
2019-07-14,90.37
2019-07-15,92.11
2019-07-16,92.59
2019-07-17,92.01
2019-07-18,90.06
2019-07-19,90.77
2019-07-20,90.98
2019-07-21,89.71
2019-07-22,89.6
2019-07-23,90.3
2019-07-24,91.87
2019-07-25,95.41
2019-07-26,95.0
2019-07-27,95.1
2019-07-28,94.49
2019-07-29,92.76
2019-07-30,91.81
2019-07-31,88.96
2019-08-01,84.99
2019-08-02,80.96
2019-08-03,80.55
2019-08-04,81.66
2019-08-05,79.76
2019-08-06,75.53
2019-08-07,75.4
2019-08-08,78.0
2019-08-09,80.66
2019-08-10,80.43
2019-08-11,79.21
2019-08-12,82.73
2019-08-13,87.41
2019-08-14,88.13
2019-08-15,84.95
2019-08-16,83.1
2019-08-17,83.33
2019-08-18,82.67
2019-08-19,80.4
2019-08-20,80.78
2019-08-21,82.65
2019-08-22,85.54
2019-08-23,87.93
2019-08-24,89.48
2019-08-25,92.23
2019-08-26,91.78
2019-08-27,91.64
2019-08-28,90.61
2019-08-29,89.89
2019-08-30,89.92
2019-08-31,89.33
2019-09-01,88.14
2019-09-02,91.94
2019-09-03,90.27
2019-09-04,91.05
2019-09-05,92.56
2019-09-06,95.36
2019-09-07,95.5
2019-09-08,95.35
2019-09-09,95.24
2019-09-10,97.07
2019-09-11,97.06
2019-09-12,95.11
2019-09-13,92.14
2019-09-14,93.68
2019-09-15,96.93
2019-09-16,98.35
2019-09-17,97.11
2019-09-18,95.55
2019-09-19,98.72
2019-09-20,99.36
2019-09-21,99.19
2019-09-22,98.27
2019-09-23,97.72
2019-09-24,98.57
2019-09-25,98.7
2019-09-26,96.56
2019-09-27,96.41
2019-09-28,94.65
2019-09-29,93.84
2019-09-30,92.7
2019-10-01,90.96
2019-10-02,90.38
2019-10-03,86.55
2019-10-04,85.2
2019-10-05,84.83
2019-10-06,82.68
2019-10-07,83.72
2019-10-08,84.48
2019-10-09,83.73
2019-10-10,87.84
2019-10-11,89.2
2019-10-12,89.36
2019-10-13,91.55
2019-10-14,91.92
2019-10-15,93.34
2019-10-16,94.51
2019-10-17,95.58
2019-10-18,94.92
2019-10-19,95.4
2019-10-20,94.46
2019-10-21,92.64
2019-10-22,93.56
2019-10-23,94.56
2019-10-24,93.0
2019-10-25,95.22
2019-10-26,95.07
2019-10-27,96.16
2019-10-28,97.24
2019-10-29,97.08
2019-10-30,97.55
2019-10-31,99.9
2019-11-01,100.01
2019-11-02,101.08
2019-11-03,103.65
2019-11-04,106.05
2019-11-05,105.21
2019-11-06,105.36
2019-11-07,105.56
2019-11-08,104.97
2019-11-09,104.33
2019-11-10,101.27
2019-11-11,99.91
2019-11-12,102.74
2019-11-13,103.6
2019-11-14,102.88
2019-11-15,103.17
2019-11-16,103.31
2019-11-17,103.8
2019-11-18,103.9
2019-11-19,102.13
2019-11-20,101.09
2019-11-21,99.18
2019-11-22,99.9
2019-11-23,99.78
2019-11-24,101.43
2019-11-25,103.13
2019-11-26,104.54
2019-11-27,105.56
2019-11-28,107.68
2019-11-29,105.53
2019-11-30,107.78
2019-12-01,105.72
2019-12-02,104.83
2019-12-03,102.81
2019-12-04,102.67
2019-12-05,102.53
2019-12-06,105.58
2019-12-07,105.65
2019-12-08,104.11
2019-12-09,103.12
2019-12-10,102.94
2019-12-11,102.4
2019-12-12,102.56
2019-12-13,102.01
2019-12-14,102.4
2019-12-15,106.47
2019-12-16,107.41
2019-12-17,108.84
2019-12-18,109.1
2019-12-19,110.55
2019-12-20,110.85
2019-12-21,108.69
2019-12-22,109.35
2019-12-23,107.83
2019-12-24,107.44
2019-12-25,106.82
2019-12-26,104.51
2019-12-27,103.91
2019-12-28,104.22
2019-12-29,102.76
2019-12-30,103.68
2019-12-31,102.84
2020-01-01,99.12
2020-01-02,101.75
2020-01-03,102.71
2020-01-04,103.73
2020-01-05,104.7
2020-01-06,103.39
2020-01-07,103.66
2020-01-08,105.34
2020-01-09,103.48
2020-01-10,103.13
2020-01-11,103.69
2020-01-12,104.58
2020-01-13,106.61
2020-01-14,107.71
2020-01-15,111.74
2020-01-16,112.13
2020-01-17,112.89
2020-01-18,111.23
2020-01-19,109.97
2020-01-20,110.62
2020-01-21,109.4
2020-01-22,108.55
2020-01-23,106.52
2020-01-24,102.89
2020-01-25,103.85
2020-01-26,102.27
2020-01-27,95.96
2020-01-28,90.85
2020-01-29,89.71
2020-01-30,89.59
2020-01-31,89.16
2020-02-01,84.91
2020-02-02,82.29
2020-02-03,82.32
2020-02-04,85.11
2020-02-05,85.44
2020-02-06,86.05
2020-02-07,86.83
2020-02-08,87.94
2020-02-09,87.44
2020-02-10,88.21
2020-02-11,88.42
2020-02-12,88.44
2020-02-13,89.22
2020-02-14,89.16
2020-02-15,89.8
2020-02-16,89.49
2020-02-17,91.65
2020-02-18,90.65
2020-02-19,89.45
2020-02-20,86.39
2020-02-21,85.71
2020-02-22,84.84
2020-02-23,84.02
2020-02-24,80.12
2020-02-25,78.84
2020-02-26,76.3
2020-02-27,75.64
2020-02-28,71.49
2020-02-29,69.55
2020-03-01,70.54
2020-03-02,71.26
2020-03-03,72.19
2020-03-04,73.41
2020-03-05,74.07
2020-03-06,75.65
2020-03-07,77.16
2020-03-08,76.35
2020-03-09,75.06
2020-03-10,73.37
2020-03-11,72.29
2020-03-12,67.83
2020-03-13,62.86
2020-03-14,61.49
2020-03-15,62.2
2020-03-16,62.04
2020-03-17,61.92
2020-03-18,62.72
2020-03-19,63.7
2020-03-20,72.04
2020-03-21,72.85
2020-03-22,71.63
2020-03-23,70.96
2020-03-24,74.73
2020-03-25,75.32
2020-03-26,78.15
2020-03-27,77.74
2020-03-28,77.11
2020-03-29,81.11
2020-03-30,83.72
2020-03-31,79.69
2020-04-01,78.47
2020-04-02,77.46
2020-04-03,76.02
2020-04-04,76.63
2020-04-05,76.92
2020-04-06,77.75
2020-04-07,80.12
2020-04-08,80.16
2020-04-09,81.35
2020-04-10,81.56
2020-04-11,83.71
2020-04-12,81.34
2020-04-13,80.71
2020-04-14,80.55
2020-04-15,80.07
2020-04-16,80.05
2020-04-17,78.94
2020-04-18,77.17
2020-04-19,78.82
2020-04-20,77.99
2020-04-21,76.57
2020-04-22,78.13
2020-04-23,78.82
2020-04-24,80.48
2020-04-25,81.62
2020-04-26,83.2
2020-04-27,85.45
2020-04-28,86.46
2020-04-29,86.09
2020-04-30,85.73
2020-05-01,81.85
2020-05-02,81.82
2020-05-03,80.34
2020-05-04,79.24
2020-05-05,79.12
2020-05-06,79.79
2020-05-07,81.41
2020-05-08,87.32
2020-05-09,88.31
2020-05-10,90.04
2020-05-11,90.82
2020-05-12,91.7
2020-05-13,91.56
2020-05-14,92.86
2020-05-15,90.93
2020-05-16,91.5
2020-05-17,90.47
2020-05-18,91.96
2020-05-19,93.45
2020-05-20,94.19
2020-05-21,93.88
2020-05-22,95.22
2020-05-23,96.21
2020-05-24,97.95
2020-05-25,97.75
2020-05-26,97.36
2020-05-27,97.9
2020-05-28,95.79
2020-05-29,95.23
2020-05-30,95.31
2020-05-31,94.53
2020-06-01,95.33
2020-06-02,95.7
2020-06-03,96.95
2020-06-04,99.29
2020-06-05,102.11
2020-06-06,102.33
2020-06-07,100.21
2020-06-08,99.63
2020-06-09,98.31
2020-06-10,96.4
2020-06-11,96.05
2020-06-12,94.17
2020-06-13,94.02
2020-06-14,95.82
2020-06-15,95.28
2020-06-16,96.96
2020-06-17,97.98
2020-06-18,98.97
2020-06-19,99.65
2020-06-20,98.51
2020-06-21,98.46
2020-06-22,99.18
2020-06-23,99.6
2020-06-24,99.7
2020-06-25,97.5
2020-06-26,97.43
2020-06-27,98.58
2020-06-28,99.37
2020-06-29,97.72
2020-06-30,97.57
2020-07-01,97.17
2020-07-02,100.75
2020-07-03,103.43
2020-07-04,104.03
2020-07-05,104.28
2020-07-06,107.46
2020-07-07,106.44
2020-07-08,106.75
2020-07-09,106.28
2020-07-10,106.08
2020-07-11,105.67
2020-07-12,105.82
2020-07-13,104.82
2020-07-14,105.32
2020-07-15,104.97
2020-07-16,103.5
2020-07-17,102.28
2020-07-18,102.07
2020-07-19,102.98
2020-07-20,102.42
2020-07-21,103.26
2020-07-22,104.68
2020-07-23,102.96
2020-07-24,101.63
2020-07-25,101.78
2020-07-26,101.7
2020-07-27,102.49
2020-07-28,102.83
2020-07-29,101.56
2020-07-30,105.42
2020-07-31,108.15
2020-08-01,108.53
2020-08-02,109.87
2020-08-03,109.81
2020-08-04,110.27
2020-08-05,112.28
2020-08-06,110.45
2020-08-07,109.29
2020-08-08,109.89
2020-08-09,107.32
2020-08-10,107.03
2020-08-11,106.06
2020-08-12,104.08
2020-08-13,106.04
2020-08-14,105.16
2020-08-15,103.73
2020-08-16,103.39
2020-08-17,101.84
2020-08-18,100.6
2020-08-19,100.12
2020-08-20,96.02
2020-08-21,95.12
2020-08-22,93.24
2020-08-23,91.2
2020-08-24,90.98
2020-08-25,91.12
2020-08-26,92.06
2020-08-27,90.32
2020-08-28,90.32
2020-08-29,92.24
2020-08-30,93.22
2020-08-31,93.02
2020-09-01,93.66
2020-09-02,93.41
2020-09-03,98.97
2020-09-04,99.2
2020-09-05,98.19
2020-09-06,100.02
2020-09-07,100.82
2020-09-08,100.94
2020-09-09,98.66
2020-09-10,97.18
2020-09-11,95.41
2020-09-12,95.71
2020-09-13,96.91
2020-09-14,97.57
2020-09-15,97.02
2020-09-16,100.47
2020-09-17,101.06
2020-09-18,102.83
2020-09-19,103.6
2020-09-20,102.88
2020-09-21,102.4
2020-09-22,101.7
2020-09-23,100.32
2020-09-24,97.4
2020-09-25,96.66
2020-09-26,96.55
2020-09-27,97.93
2020-09-28,99.17
2020-09-29,98.19
2020-09-30,95.38
2020-10-01,98.69
2020-10-02,96.71
2020-10-03,97.36
2020-10-04,96.35
2020-10-05,95.16
2020-10-06,97.23
2020-10-07,99.83
2020-10-08,100.25
2020-10-09,100.42
2020-10-10,99.66
2020-10-11,100.92
2020-10-12,101.51
2020-10-13,100.61
2020-10-14,101.08
2020-10-15,99.9
2020-10-16,99.94
2020-10-17,99.19
2020-10-18,97.0
2020-10-19,97.57
2020-10-20,99.87
2020-10-21,99.32
2020-10-22,100.06
2020-10-23,105.05
2020-10-24,107.05
2020-10-25,110.46
2020-10-26,111.39
2020-10-27,111.34
2020-10-28,112.44
2020-10-29,113.16
2020-10-30,113.27
2020-10-31,112.67
2020-11-01,111.72
2020-11-02,112.51
2020-11-03,112.69
2020-11-04,114.41
2020-11-05,114.76
2020-11-06,114.21
2020-11-07,115.17
2020-11-08,114.2
2020-11-09,114.13
2020-11-10,114.03
2020-11-11,111.6
2020-11-12,110.72
2020-11-13,111.28
2020-11-14,111.37
2020-11-15,114.09
2020-11-16,113.36
2020-11-17,112.52
2020-11-18,113.56
2020-11-19,113.41
2020-11-20,111.46
2020-11-21,110.16
2020-11-22,106.91
2020-11-23,107.48
2020-11-24,109.69
2020-11-25,110.96
2020-11-26,112.16
2020-11-27,113.8
2020-11-28,113.65
2020-11-29,113.31
2020-11-30,110.62
2020-12-01,110.44
2020-12-02,110.34
2020-12-03,111.44
2020-12-04,112.67
2020-12-05,112.5
2020-12-06,113.21
2020-12-07,115.26
2020-12-08,115.6
2020-12-09,115.18
2020-12-10,113.54
2020-12-11,112.78
2020-12-12,114.33
2020-12-13,116.13
2020-12-14,114.45
2020-12-15,112.63
2020-12-16,111.67
2020-12-17,111.14
2020-12-18,110.71
2020-12-19,109.76
2020-12-20,108.46
2020-12-21,109.61
2020-12-22,110.12
2020-12-23,111.27
2020-12-24,111.71
2020-12-25,109.66
2020-12-26,110.54
2020-12-27,110.05
2020-12-28,109.72
2020-12-29,110.69
2020-12-30,108.59
2020-12-31,108.0
2021-01-01,110.47
2021-01-02,110.7
2021-01-03,113.51
2021-01-04,116.24
2021-01-05,117.08
2021-01-06,120.37
2021-01-07,122.41
2021-01-08,124.9
2021-01-09,125.57
2021-01-10,123.63
2021-01-11,122.19
2021-01-12,120.39
2021-01-13,117.49
2021-01-14,115.06
2021-01-15,110.03
2021-01-16,107.76
2021-01-17,107.05
2021-01-18,104.01
2021-01-19,103.68
2021-01-20,105.97
2021-01-21,107.33
2021-01-22,108.25
2021-01-23,108.17
2021-01-24,109.85
2021-01-25,113.44
2021-01-26,112.77
2021-01-27,112.29
2021-01-28,111.83
2021-01-29,110.69
2021-01-30,110.75
2021-01-31,109.14
2021-02-01,110.21
2021-02-02,110.97
2021-02-03,111.15
2021-02-04,110.23
2021-02-05,111.99
2021-02-06,111.69
2021-02-07,111.7
2021-02-08,108.06
2021-02-09,108.15
2021-02-10,104.86
2021-02-11,101.87
2021-02-12,99.99
2021-02-13,100.92
2021-02-14,101.25
2021-02-15,102.53
2021-02-16,101.82
2021-02-17,103.93
2021-02-18,107.38
2021-02-19,107.87
2021-02-20,107.26
2021-02-21,106.35
2021-02-22,105.52
2021-02-23,105.28
2021-02-24,105.23
2021-02-25,105.79
2021-02-26,106.24
2021-02-27,106.22
2021-02-28,106.5
2021-03-01,107.51
2021-03-02,108.61
2021-03-03,109.54
2021-03-04,109.51
2021-03-05,108.75
2021-03-06,107.92
2021-03-07,108.78
2021-03-08,108.23
2021-03-09,107.7
2021-03-10,107.53
2021-03-11,108.15
2021-03-12,111.03
2021-03-13,112.48
2021-03-14,112.48
2021-03-15,113.14
2021-03-16,113.05
2021-03-17,112.19
2021-03-18,112.24
2021-03-19,111.01
2021-03-20,111.82
2021-03-21,112.09
2021-03-22,111.71
2021-03-23,112.5
2021-03-24,112.87
2021-03-25,112.83
2021-03-26,114.99
2021-03-27,115.31
2021-03-28,115.72
2021-03-29,115.91
2021-03-30,115.63
2021-03-31,117.44
2021-04-01,117.95
2021-04-02,118.1
2021-04-03,117.35
2021-04-04,117.12
2021-04-05,115.71
2021-04-06,115.98
2021-04-07,117.1
2021-04-08,116.89
2021-04-09,114.65
2021-04-10,114.68
2021-04-11,114.36
2021-04-12,117.01
2021-04-13,117.41
2021-04-14,115.68
2021-04-15,114.76
2021-04-16,115.61
2021-04-17,116.17
2021-04-18,115.79
2021-04-19,114.72
2021-04-20,113.67
2021-04-21,113.01
2021-04-22,114.23
2021-04-23,115.11
2021-04-24,114.53
2021-04-25,115.05
2021-04-26,116.39
2021-04-27,119.44
2021-04-28,121.52
2021-04-29,122.98
2021-04-30,124.05
2021-05-01,127.18
2021-05-02,127.52
2021-05-03,125.63
2021-05-04,123.46
2021-05-05,118.95
2021-05-06,117.02
2021-05-07,116.06
2021-05-08,111.83
2021-05-09,110.29
2021-05-10,111.76
2021-05-11,112.89
2021-05-12,116.62
2021-05-13,116.24
2021-05-14,117.03
2021-05-15,116.91
2021-05-16,118.16
2021-05-17,116.97
2021-05-18,116.51
2021-05-19,113.69
2021-05-20,113.09
2021-05-21,111.55
2021-05-22,112.61
2021-05-23,113.61
2021-05-24,113.93
2021-05-25,114.67
2021-05-26,116.48
2021-05-27,117.48
2021-05-28,116.81
2021-05-29,114.91
2021-05-30,112.35
2021-05-31,112.38
2021-06-01,112.66
2021-06-02,112.91
2021-06-03,112.28
2021-06-04,111.31
2021-06-05,113.3
2021-06-06,114.78
2021-06-07,115.4
2021-06-08,114.66
2021-06-09,115.67
2021-06-10,115.8
2021-06-11,117.29
2021-06-12,115.99
2021-06-13,115.83
2021-06-14,116.08
2021-06-15,116.03
2021-06-16,115.21
2021-06-17,116.04
2021-06-18,116.07
2021-06-19,117.17
2021-06-20,117.43
2021-06-21,116.32
2021-06-22,114.67
2021-06-23,115.37
2021-06-24,115.26
2021-06-25,114.63
2021-06-26,114.57
2021-06-27,114.97
2021-06-28,117.35
2021-06-29,119.68
2021-06-30,120.39
2021-07-01,121.9
2021-07-02,122.68
2021-07-03,123.48
2021-07-04,122.83
2021-07-05,121.05
2021-07-06,121.11
2021-07-07,121.16
2021-07-08,118.6
2021-07-09,116.27
2021-07-10,114.26
2021-07-11,112.84
2021-07-12,111.62
2021-07-13,108.77
2021-07-14,105.83
2021-07-15,105.07
2021-07-16,105.62
2021-07-17,105.82
2021-07-18,106.75
2021-07-19,107.35
2021-07-20,108.28
2021-07-21,109.72
2021-07-22,114.08
2021-07-23,117.32
2021-07-24,119.08
2021-07-25,120.05
2021-07-26,121.79
2021-07-27,124.65
2021-07-28,125.0
2021-07-29,125.13
2021-07-30,122.26
2021-07-31,120.57
2021-08-01,121.65
2021-08-02,120.55
2021-08-03,118.25
2021-08-04,118.68
2021-08-05,115.94
2021-08-06,117.56
2021-08-07,118.69
2021-08-08,117.16
2021-08-09,117.71
2021-08-10,117.61
2021-08-11,115.77
2021-08-12,114.77
2021-08-13,112.26
2021-08-14,109.93
2021-08-15,106.45
2021-08-16,104.06
2021-08-17,103.91
2021-08-18,103.76
2021-08-19,102.21
2021-08-20,101.55
2021-08-21,100.99
2021-08-22,101.58
2021-08-23,101.53
2021-08-24,101.76
2021-08-25,102.29
2021-08-26,103.43
2021-08-27,103.23
2021-08-28,104.69
2021-08-29,107.58
2021-08-30,109.27
2021-08-31,107.59
2021-09-01,108.45
2021-09-02,108.58
2021-09-03,110.48
2021-09-04,111.49
2021-09-05,111.74
2021-09-06,111.27
2021-09-07,111.91
2021-09-08,110.59
2021-09-09,110.3
2021-09-10,109.37
2021-09-11,108.61
2021-09-12,107.05
2021-09-13,105.85
2021-09-14,105.93
2021-09-15,106.98
2021-09-16,107.08
2021-09-17,106.38
2021-09-18,106.38
2021-09-19,105.72
2021-09-20,106.03
2021-09-21,104.22
2021-09-22,102.22
2021-09-23,101.04
2021-09-24,100.4
2021-09-25,99.73
2021-09-26,100.05
2021-09-27,100.9
2021-09-28,101.97
2021-09-29,101.77
2021-09-30,101.46
2021-10-01,102.1
2021-10-02,101.04
2021-10-03,100.04
2021-10-04,97.01
2021-10-05,94.02
2021-10-06,92.69
2021-10-07,93.72
2021-10-08,93.85
2021-10-09,94.7
2021-10-10,93.53
2021-10-11,94.01
2021-10-12,95.95
2021-10-13,97.97
2021-10-14,97.5
2021-10-15,97.58
2021-10-16,98.46
2021-10-17,101.35
2021-10-18,104.14
2021-10-19,107.47
2021-10-20,107.69
2021-10-21,110.75
2021-10-22,112.57
2021-10-23,111.0
2021-10-24,111.43
2021-10-25,112.44
2021-10-26,112.14
2021-10-27,112.84
2021-10-28,113.75
2021-10-29,113.01
2021-10-30,113.82
2021-10-31,113.69
2021-11-01,113.63
2021-11-02,113.69
2021-11-03,113.86
2021-11-04,111.04
2021-11-05,111.07
2021-11-06,110.94
2021-11-07,108.34
2021-11-08,105.65
2021-11-09,104.63
2021-11-10,104.3
2021-11-11,104.77
2021-11-12,105.41
2021-11-13,105.74
2021-11-14,107.07
2021-11-15,110.77
2021-11-16,110.86
2021-11-17,110.5
2021-11-18,111.2
2021-11-19,110.49
2021-11-20,110.75
2021-11-21,113.89
2021-11-22,113.9
2021-11-23,113.61
2021-11-24,114.6
2021-11-25,113.71
2021-11-26,113.99
2021-11-27,114.04
2021-11-28,113.13
2021-11-29,109.92
2021-11-30,107.58
2021-12-01,108.27
2021-12-02,108.87
2021-12-03,109.31
2021-12-04,107.69
2021-12-05,106.49
2021-12-06,109.08
2021-12-07,112.97
2021-12-08,112.66
2021-12-09,112.6
2021-12-10,111.92
2021-12-11,113.46
2021-12-12,113.33
2021-12-13,112.83
2021-12-14,110.43
2021-12-15,109.59
2021-12-16,109.44
2021-12-17,110.11
2021-12-18,110.33
2021-12-19,111.14
2021-12-20,109.3
2021-12-21,111.7
2021-12-22,113.7
2021-12-23,112.67
2021-12-24,112.79
2021-12-25,112.47
2021-12-26,109.79
2021-12-27,109.92
2021-12-28,107.26
2021-12-29,104.81
2021-12-30,106.23
2021-12-31,104.17
2022-01-01,106.85
2022-01-02,110.42
2022-01-03,112.36
2022-01-04,113.28
2022-01-05,113.38
2022-01-06,112.4
2022-01-07,114.94
2022-01-08,113.46
2022-01-09,111.71
2022-01-10,107.75
2022-01-11,106.58
2022-01-12,106.16
2022-01-13,105.58
2022-01-14,100.46
2022-01-15,97.74
2022-01-16,95.66
2022-01-17,95.53
2022-01-18,94.42
2022-01-19,93.02
2022-01-20,94.64
2022-01-21,95.85
2022-01-22,96.35
2022-01-23,96.64
2022-01-24,96.04
2022-01-25,97.24
2022-01-26,100.46
2022-01-27,101.37
2022-01-28,104.89
2022-01-29,104.91
2022-01-30,105.08
2022-01-31,105.05
2022-02-01,103.71
2022-02-02,100.75
2022-02-03,99.75
2022-02-04,96.74
2022-02-05,96.8
2022-02-06,97.82
2022-02-07,101.53
2022-02-08,105.98
2022-02-09,108.79
2022-02-10,109.62
2022-02-11,110.36
2022-02-12,110.93
2022-02-13,110.9
2022-02-14,108.59
2022-02-15,106.06
2022-02-16,105.8
2022-02-17,103.42
2022-02-18,101.48
2022-02-19,100.38
2022-02-20,101.73
2022-02-21,103.21
2022-02-22,102.73
2022-02-23,100.52
2022-02-24,100.15
2022-02-25,102.36
2022-02-26,102.33
2022-02-27,98.96
2022-02-28,98.18
2022-03-01,97.05
2022-03-02,96.97
2022-03-03,98.92
2022-03-04,96.85
2022-03-05,95.87
2022-03-06,96.4
2022-03-07,95.18
2022-03-08,95.36
2022-03-09,93.19
2022-03-10,92.21
2022-03-11,93.1
2022-03-12,95.44
2022-03-13,95.8
2022-03-14,97.42
2022-03-15,98.33
2022-03-16,101.77
2022-03-17,102.72
2022-03-18,104.39
2022-03-19,104.97
2022-03-20,105.47
2022-03-21,107.55
2022-03-22,109.58
2022-03-23,110.97
2022-03-24,110.94
2022-03-25,112.48
2022-03-26,112.35
2022-03-27,111.28
2022-03-28,108.35
2022-03-29,108.14
2022-03-30,107.35
2022-03-31,106.96
2022-04-01,104.82
2022-04-02,103.83
2022-04-03,105.07
2022-04-04,107.31
2022-04-05,106.58
2022-04-06,105.85
2022-04-07,105.74
2022-04-08,107.2
2022-04-09,106.47
2022-04-10,107.9
2022-04-11,105.35
2022-04-12,103.92
2022-04-13,103.26
2022-04-14,102.82
2022-04-15,101.07
2022-04-16,101.73
2022-04-17,101.23
2022-04-18,102.44
2022-04-19,103.58
2022-04-20,104.16
2022-04-21,103.76
2022-04-22,103.65
2022-04-23,103.1
2022-04-24,101.76
2022-04-25,101.8
2022-04-26,103.24
2022-04-27,105.06
2022-04-28,106.6
2022-04-29,106.9
2022-04-30,106.08
2022-05-01,107.0
2022-05-02,106.81
2022-05-03,106.36
2022-05-04,104.14
2022-05-05,101.14
2022-05-06,97.53
2022-05-07,98.85
2022-05-08,95.2
2022-05-09,93.9
2022-05-10,93.36
2022-05-11,94.4
2022-05-12,94.08
2022-05-13,96.8
2022-05-14,97.45
2022-05-15,98.86
2022-05-16,101.72
2022-05-17,102.05
2022-05-18,101.73
2022-05-19,102.2
2022-05-20,103.36
2022-05-21,106.07
2022-05-22,108.49
2022-05-23,107.76
2022-05-24,108.66
2022-05-25,109.53
2022-05-26,111.8
2022-05-27,112.48
2022-05-28,109.0
2022-05-29,107.97
2022-05-30,108.54
2022-05-31,106.05
2022-06-01,102.35
2022-06-02,100.95
2022-06-03,100.62
2022-06-04,100.03
2022-06-05,98.47
2022-06-06,93.74
2022-06-07,93.91
2022-06-08,93.33
2022-06-09,91.43
2022-06-10,86.94
2022-06-11,83.67
2022-06-12,82.05
2022-06-13,78.52
2022-06-14,74.09
2022-06-15,73.46
2022-06-16,74.02
2022-06-17,73.27
2022-06-18,75.16
2022-06-19,75.04
2022-06-20,77.79
2022-06-21,82.48
2022-06-22,84.26
2022-06-23,82.4
2022-06-24,84.82
2022-06-25,86.1
2022-06-26,87.06
2022-06-27,88.86
2022-06-28,89.33
2022-06-29,88.83
2022-06-30,90.1
2022-07-01,87.77
2022-07-02,85.16
2022-07-03,84.34
2022-07-04,83.8
2022-07-05,82.73
2022-07-06,83.72
2022-07-07,84.83
2022-07-08,87.38
2022-07-09,89.9
2022-07-10,90.54
2022-07-11,91.5
2022-07-12,91.33
2022-07-13,89.93
2022-07-14,88.35
2022-07-15,87.36
2022-07-16,86.88
2022-07-17,86.65
2022-07-18,87.37
2022-07-19,88.28
2022-07-20,90.45
2022-07-21,94.12
2022-07-22,96.83
2022-07-23,96.98
2022-07-24,98.66
2022-07-25,99.76
2022-07-26,99.92
2022-07-27,99.95
2022-07-28,98.11
2022-07-29,97.94
2022-07-30,97.98
2022-07-31,97.55
2022-08-01,97.72
2022-08-02,98.75
2022-08-03,99.75
2022-08-04,101.49
2022-08-05,101.98
2022-08-06,101.46
2022-08-07,100.89
2022-08-08,100.89
2022-08-09,99.99
2022-08-10,99.76
2022-08-11,99.99
2022-08-12,100.29
2022-08-13,100.73
2022-08-14,101.34
2022-08-15,100.48
2022-08-16,102.89
2022-08-17,102.45
2022-08-18,99.26
2022-08-19,96.89
2022-08-20,96.29
2022-08-21,95.87
2022-08-22,93.08
2022-08-23,89.24
2022-08-24,87.88
2022-08-25,89.24
2022-08-26,90.77
2022-08-27,90.87
2022-08-28,91.84
2022-08-29,93.8
2022-08-30,95.45
2022-08-31,95.11
2022-09-01,94.4
2022-09-02,92.98
2022-09-03,94.25
2022-09-04,94.25
2022-09-05,93.89
2022-09-06,93.97
2022-09-07,92.96
2022-09-08,92.88
2022-09-09,90.08
2022-09-10,90.4
2022-09-11,88.39
2022-09-12,86.94
2022-09-13,85.73
2022-09-14,85.67
2022-09-15,85.43
2022-09-16,85.71
2022-09-17,82.71
2022-09-18,84.43
2022-09-19,84.83
2022-09-20,85.36
2022-09-21,86.39
2022-09-22,85.34
2022-09-23,86.01
2022-09-24,88.12
2022-09-25,86.74
2022-09-26,85.75
2022-09-27,83.7
2022-09-28,82.41
2022-09-29,83.19
2022-09-30,82.16
2022-10-01,79.53
2022-10-02,74.96
2022-10-03,74.25
2022-10-04,76.45
2022-10-05,77.6
2022-10-06,77.93
2022-10-07,77.92
2022-10-08,77.5
2022-10-09,80.94
2022-10-10,79.67
2022-10-11,77.02
2022-10-12,76.84
2022-10-13,76.05
2022-10-14,77.84
2022-10-15,79.94
2022-10-16,78.79
2022-10-17,80.61
2022-10-18,82.22
2022-10-19,82.57
2022-10-20,81.75
2022-10-21,79.67
2022-10-22,78.34
2022-10-23,78.1
2022-10-24,79.6
2022-10-25,80.42
2022-10-26,81.68
2022-10-27,83.63
2022-10-28,86.96
2022-10-29,89.54
2022-10-30,91.72
2022-10-31,91.86
2022-11-01,91.17
2022-11-02,89.91
2022-11-03,89.01
2022-11-04,87.85
2022-11-05,86.59
2022-11-06,86.26
2022-11-07,89.11
2022-11-08,90.17
2022-11-09,91.46
2022-11-10,92.7
2022-11-11,94.23
2022-11-12,94.3
2022-11-13,96.33
2022-11-14,95.63
2022-11-15,96.27
2022-11-16,95.19
2022-11-17,95.69
2022-11-18,95.08
2022-11-19,95.84
2022-11-20,96.03
2022-11-21,93.65
2022-11-22,90.98
2022-11-23,90.83
2022-11-24,88.73
2022-11-25,85.45
2022-11-26,82.97
2022-11-27,80.07
2022-11-28,78.73
2022-11-29,79.11
2022-11-30,77.25
2022-12-01,76.61
2022-12-02,76.7
2022-12-03,76.86
2022-12-04,77.87
2022-12-05,80.0
2022-12-06,80.77
2022-12-07,80.93
2022-12-08,81.92
2022-12-09,83.11
2022-12-10,85.61
2022-12-11,84.52
2022-12-12,84.13
2022-12-13,85.53
2022-12-14,87.55
2022-12-15,86.78
2022-12-16,86.6
2022-12-17,86.95
2022-12-18,86.99
2022-12-19,86.89
2022-12-20,84.14
2022-12-21,83.37
2022-12-22,85.45
2022-12-23,85.43
2022-12-24,85.57
2022-12-25,86.51
2022-12-26,86.77
2022-12-27,88.82
2022-12-28,87.53
2022-12-29,85.7
2022-12-30,84.93
2022-12-31,83.24
2023-01-01,83.21
2023-01-02,83.95
2023-01-03,84.21
2023-01-04,87.9
2023-01-05,91.88
2023-01-06,92.54
2023-01-07,93.59
2023-01-08,93.63
2023-01-09,94.62
2023-01-10,93.67
2023-01-11,91.93
2023-01-12,91.14
2023-01-13,91.73
2023-01-14,91.75
2023-01-15,93.86
2023-01-16,93.11
2023-01-17,94.12
2023-01-18,95.18
2023-01-19,94.48
2023-01-20,96.17
2023-01-21,95.42
2023-01-22,94.96
2023-01-23,93.88
2023-01-24,91.67
2023-01-25,90.13
2023-01-26,89.66
2023-01-27,91.21
2023-01-28,93.27
2023-01-29,93.54
2023-01-30,95.72
2023-01-31,96.6
2023-02-01,95.55
2023-02-02,97.05
2023-02-03,96.53
2023-02-04,95.15
2023-02-05,95.94
2023-02-06,95.16
2023-02-07,98.24
2023-02-08,103.19
2023-02-09,102.67
2023-02-10,102.24
2023-02-11,103.42
2023-02-12,103.06
2023-02-13,102.61
2023-02-14,101.43
2023-02-15,98.37
2023-02-16,98.96
2023-02-17,98.27
2023-02-18,95.98
2023-02-19,96.7
2023-02-20,96.89
2023-02-21,94.96
2023-02-22,94.49
2023-02-23,92.71
2023-02-24,94.26
2023-02-25,95.59
2023-02-26,94.52
2023-02-27,94.17
2023-02-28,94.16
2023-03-01,91.26
2023-03-02,91.66
2023-03-03,91.24
2023-03-04,90.4
2023-03-05,88.01
2023-03-06,88.12
2023-03-07,89.92
2023-03-08,94.41
2023-03-09,94.9
2023-03-10,92.13
2023-03-11,92.07
2023-03-12,92.27
2023-03-13,89.29
2023-03-14,87.07
2023-03-15,86.25
2023-03-16,86.33
2023-03-17,89.96
2023-03-18,89.31
2023-03-19,90.93
2023-03-20,93.45
2023-03-21,94.77
2023-03-22,96.43
2023-03-23,95.96
2023-03-24,94.64
2023-03-25,96.68
2023-03-26,98.24
2023-03-27,98.88
2023-03-28,99.47
2023-03-29,100.04
2023-03-30,101.64
2023-03-31,101.55
2023-04-01,98.5
2023-04-02,96.2
2023-04-03,96.75
2023-04-04,96.11
2023-04-05,95.75
2023-04-06,94.97
2023-04-07,92.02
2023-04-08,93.59
2023-04-09,95.54
2023-04-10,95.54
2023-04-11,94.82
2023-04-12,93.19
2023-04-13,92.56
2023-04-14,95.45
2023-04-15,96.21
2023-04-16,95.25
2023-04-17,95.41
2023-04-18,97.16
2023-04-19,98.31
2023-04-20,98.93
2023-04-21,97.85
2023-04-22,98.85
2023-04-23,99.08
2023-04-24,98.87
2023-04-25,98.09
2023-04-26,97.81
2023-04-27,98.63
2023-04-28,99.82
2023-04-29,98.62
2023-04-30,96.67
2023-05-01,92.54
2023-05-02,92.7
2023-05-03,92.46
2023-05-04,91.25
2023-05-05,87.5
2023-05-06,88.2
2023-05-07,91.38
2023-05-08,96.17
2023-05-09,96.64
2023-05-10,96.5
2023-05-11,94.54
2023-05-12,96.75
2023-05-13,95.8
2023-05-14,94.96
2023-05-15,94.17
2023-05-16,95.16
2023-05-17,96.09
2023-05-18,99.24
2023-05-19,100.55
2023-05-20,102.87
2023-05-21,103.58
2023-05-22,101.94
2023-05-23,100.31
2023-05-24,99.72
2023-05-25,97.7
2023-05-26,98.64
2023-05-27,96.81
2023-05-28,95.14
2023-05-29,95.93
2023-05-30,96.2
2023-05-31,95.45
2023-06-01,96.15
2023-06-02,95.01
2023-06-03,96.23
2023-06-04,98.42
2023-06-05,100.08
2023-06-06,98.96
2023-06-07,100.97
2023-06-08,101.8
2023-06-09,102.2
2023-06-10,103.3
2023-06-11,102.96
2023-06-12,103.31
2023-06-13,105.02
2023-06-14,102.76
2023-06-15,101.85
2023-06-16,100.99
2023-06-17,100.54
2023-06-18,99.48
2023-06-19,99.26
2023-06-20,98.83
2023-06-21,98.15
2023-06-22,99.23
2023-06-23,100.14
2023-06-24,99.0
2023-06-25,101.2
2023-06-26,100.51
2023-06-27,100.83
2023-06-28,101.59
2023-06-29,100.32
2023-06-30,101.26
2023-07-01,101.17
2023-07-02,99.62
2023-07-03,100.94
2023-07-04,101.52
2023-07-05,102.01
2023-07-06,101.28
2023-07-07,98.89
2023-07-08,98.42
2023-07-09,99.44
2023-07-10,99.58
2023-07-11,99.32
2023-07-12,98.67
2023-07-13,99.85
2023-07-14,102.19
2023-07-15,103.67
2023-07-16,104.7
2023-07-17,103.16
2023-07-18,103.5
2023-07-19,104.24
2023-07-20,103.81
2023-07-21,101.99
2023-07-22,100.56
2023-07-23,99.59
2023-07-24,102.37
2023-07-25,102.98
2023-07-26,104.21
2023-07-27,105.5
2023-07-28,106.49
2023-07-29,106.87
2023-07-30,105.34
2023-07-31,103.6
2023-08-01,102.02
2023-08-02,100.32
2023-08-03,99.84
2023-08-04,98.04
2023-08-05,97.58
2023-08-06,98.96
2023-08-07,100.24
2023-08-08,100.6
2023-08-09,102.13
2023-08-10,100.91
2023-08-11,101.32
2023-08-12,101.67
2023-08-13,101.31
2023-08-14,101.71
2023-08-15,100.19
2023-08-16,99.58
2023-08-17,99.87
2023-08-18,99.41
2023-08-19,98.92
2023-08-20,97.94
2023-08-21,94.58
2023-08-22,95.03
2023-08-23,93.66
2023-08-24,93.86
2023-08-25,93.98
2023-08-26,93.85
2023-08-27,93.42
2023-08-28,95.19
2023-08-29,97.68
2023-08-30,98.69
2023-08-31,98.1
2023-09-01,100.37
2023-09-02,102.76
2023-09-03,104.69
2023-09-04,106.24
2023-09-05,107.09
2023-09-06,108.09
2023-09-07,108.45
2023-09-08,107.0
2023-09-09,103.97
2023-09-10,102.44
2023-09-11,100.64
2023-09-12,97.91
2023-09-13,96.45
2023-09-14,97.2
2023-09-15,97.64
2023-09-16,98.7
2023-09-17,100.63
2023-09-18,100.98
2023-09-19,102.89
2023-09-20,103.27
2023-09-21,101.95
2023-09-22,102.23
2023-09-23,102.16
2023-09-24,99.87
2023-09-25,100.18
2023-09-26,98.32
2023-09-27,98.39
2023-09-28,97.42
2023-09-29,94.87
2023-09-30,95.07
2023-10-01,96.41
2023-10-02,93.93
2023-10-03,93.3
2023-10-04,92.52
2023-10-05,94.06
2023-10-06,95.22
2023-10-07,94.74
2023-10-08,91.54
2023-10-09,89.9
2023-10-10,89.23
2023-10-11,91.29
2023-10-12,91.48
2023-10-13,92.06
2023-10-14,93.92
2023-10-15,95.79
2023-10-16,98.81
2023-10-17,100.65
2023-10-18,99.21
2023-10-19,97.09
2023-10-20,95.6
2023-10-21,92.58
2023-10-22,92.75
2023-10-23,92.09
2023-10-24,91.88
2023-10-25,92.54
2023-10-26,94.02
2023-10-27,98.22
2023-10-28,99.21
2023-10-29,99.55
2023-10-30,100.45
2023-10-31,99.76
2023-11-01,100.02
2023-11-02,101.38
2023-11-03,100.6
2023-11-04,99.4
2023-11-05,99.72
2023-11-06,101.13
2023-11-07,101.35
2023-11-08,101.63
2023-11-09,100.62
2023-11-10,98.5
2023-11-11,98.55
2023-11-12,98.55
2023-11-13,97.43
2023-11-14,99.17
2023-11-15,99.54
2023-11-16,100.39
2023-11-17,101.09
2023-11-18,101.66
2023-11-19,101.65
2023-11-20,102.29
2023-11-21,102.8
2023-11-22,102.48
2023-11-23,103.71
2023-11-24,105.6
2023-11-25,105.37
2023-11-26,105.82
2023-11-27,106.4
2023-11-28,105.58
2023-11-29,105.4
2023-11-30,102.02
2023-12-01,101.51
2023-12-02,103.56
2023-12-03,103.88
2023-12-04,103.84
2023-12-05,103.63
2023-12-06,104.43
2023-12-07,105.65
2023-12-08,106.15
2023-12-09,106.22
2023-12-10,106.64
2023-12-11,105.79
2023-12-12,106.12
2023-12-13,106.19
2023-12-14,108.53
2023-12-15,108.91
2023-12-16,108.17
2023-12-17,107.13
2023-12-18,107.51
2023-12-19,107.45
2023-12-20,106.71
2023-12-21,105.63
2023-12-22,99.91
2023-12-23,99.45
2023-12-24,99.9
2023-12-25,97.98
2023-12-26,98.53
2023-12-27,98.6
2023-12-28,95.78
2023-12-29,98.57
2023-12-30,98.89
2023-12-31,99.06
2024-01-01,95.82
2024-01-02,93.86
2024-01-03,92.8
2024-01-04,95.47
2024-01-05,96.72
2024-01-06,95.92
2024-01-07,93.77
2024-01-08,98.34
2024-01-09,99.0
2024-01-10,99.38
2024-01-11,98.56
2024-01-12,98.28
2024-01-13,100.07
2024-01-14,102.32
2024-01-15,102.23
2024-01-16,102.53
2024-01-17,102.17
2024-01-18,102.1
2024-01-19,102.93
2024-01-20,102.35
2024-01-21,101.28
2024-01-22,100.93
2024-01-23,99.8
2024-01-24,99.66
2024-01-25,100.53
2024-01-26,100.67
2024-01-27,100.44
2024-01-28,99.64
2024-01-29,99.19
2024-01-30,100.77
2024-01-31,99.85
2024-02-01,100.28
2024-02-02,100.72
2024-02-03,101.49
2024-02-04,101.76
2024-02-05,103.02
2024-02-06,102.79
2024-02-07,104.91
2024-02-08,105.19
2024-02-09,102.49
2024-02-10,103.26
2024-02-11,104.68
2024-02-12,103.4
2024-02-13,104.31
2024-02-14,105.01
2024-02-15,103.36
2024-02-16,106.34
2024-02-17,106.11
2024-02-18,104.74
2024-02-19,106.07
2024-02-20,105.91
2024-02-21,104.56
2024-02-22,106.45
2024-02-23,106.0
2024-02-24,106.07
2024-02-25,109.66
2024-02-26,110.58
2024-02-27,110.39
2024-02-28,112.5
2024-02-29,112.68
2024-03-01,111.69
2024-03-02,112.73
2024-03-03,111.1
2024-03-04,111.1
2024-03-05,112.0
2024-03-06,111.32
2024-03-07,110.83
2024-03-08,110.99
2024-03-09,109.06
2024-03-10,109.22
2024-03-11,107.89
2024-03-12,106.79
2024-03-13,107.09
2024-03-14,107.46
2024-03-15,105.51
2024-03-16,105.77
2024-03-17,104.93
2024-03-18,106.58
2024-03-19,105.81
2024-03-20,106.23
2024-03-21,107.63
2024-03-22,107.75
2024-03-23,107.96
2024-03-24,109.6
2024-03-25,109.4
2024-03-26,111.64
2024-03-27,112.06
2024-03-28,110.4
2024-03-29,113.41
2024-03-30,114.36
2024-03-31,115.57
2024-04-01,116.76
2024-04-02,117.17
2024-04-03,115.55
2024-04-04,116.81
2024-04-05,117.38
2024-04-06,117.55
2024-04-07,115.55
2024-04-08,113.84
2024-04-09,112.27
2024-04-10,110.84
2024-04-11,107.95
2024-04-12,104.44
2024-04-13,101.42
2024-04-14,99.93
2024-04-15,98.58
2024-04-16,97.5
2024-04-17,98.76
2024-04-18,100.27
2024-04-19,100.47
2024-04-20,99.68
2024-04-21,100.08
2024-04-22,100.27
2024-04-23,100.66
2024-04-24,101.64
2024-04-25,103.47
2024-04-26,106.13
2024-04-27,108.52
2024-04-28,108.14
2024-04-29,110.54
2024-04-30,110.47
2024-05-01,110.65
2024-05-02,110.02
2024-05-03,110.22
2024-05-04,110.08
2024-05-05,110.83
2024-05-06,106.32
2024-05-07,107.69
2024-05-08,108.43
2024-05-09,108.15
2024-05-10,108.26
2024-05-11,107.08
2024-05-12,107.22
2024-05-13,109.42
2024-05-14,108.9
2024-05-15,106.75
2024-05-16,108.21
2024-05-17,106.07
2024-05-18,107.26
2024-05-19,108.34
2024-05-20,108.54
2024-05-21,107.25
2024-05-22,108.99
2024-05-23,108.31
2024-05-24,108.87
2024-05-25,108.38
2024-05-26,107.87
2024-05-27,109.1
2024-05-28,110.02
2024-05-29,107.96
2024-05-30,106.0
2024-05-31,106.44
2024-06-01,109.71
2024-06-02,109.9
2024-06-03,109.95
2024-06-04,111.23
2024-06-05,112.74
2024-06-06,112.08
2024-06-07,112.71
2024-06-08,109.23
2024-06-09,107.87
2024-06-10,107.07
2024-06-11,104.51
2024-06-12,103.72
2024-06-13,105.51
2024-06-14,104.87
2024-06-15,104.8
2024-06-16,107.67
2024-06-17,108.47
2024-06-18,110.53
2024-06-19,112.22
2024-06-20,113.16
2024-06-21,114.03
2024-06-22,114.7
2024-06-23,111.71
2024-06-24,110.93
2024-06-25,109.24
2024-06-26,106.28
2024-06-27,106.32
2024-06-28,103.89
2024-06-29,104.56
2024-06-30,105.4
2024-07-01,107.39
2024-07-02,107.87
2024-07-03,110.2
2024-07-04,110.63
2024-07-05,114.98
2024-07-06,115.33
2024-07-07,116.29
2024-07-08,113.64
2024-07-09,114.6
2024-07-10,112.76
2024-07-11,110.68
2024-07-12,105.18
2024-07-13,102.68
2024-07-14,101.63
2024-07-15,101.6
2024-07-16,100.46
2024-07-17,101.92
2024-07-18,102.83
2024-07-19,104.62
2024-07-20,104.26
2024-07-21,103.43
2024-07-22,102.93
2024-07-23,102.7
2024-07-24,101.05
2024-07-25,99.51
2024-07-26,100.12
2024-07-27,100.79
2024-07-28,100.51
2024-07-29,100.94
2024-07-30,100.93
2024-07-31,102.51
2024-08-01,103.26
2024-08-02,99.73
2024-08-03,97.97
2024-08-04,98.62
2024-08-05,93.36
2024-08-06,92.13
2024-08-07,91.63
2024-08-08,90.88
2024-08-09,95.33
2024-08-10,96.97
2024-08-11,95.1
2024-08-12,101.68
2024-08-13,103.65
2024-08-14,104.02
2024-08-15,102.53
2024-08-16,102.46
2024-08-17,102.9
2024-08-18,104.56
2024-08-19,103.0
2024-08-20,102.18
2024-08-21,101.75
2024-08-22,103.41
2024-08-23,101.98
2024-08-24,101.78
2024-08-25,101.71
2024-08-26,102.09
2024-08-27,102.16
2024-08-28,103.19
2024-08-29,103.9
2024-08-30,100.04
2024-08-31,99.39
2024-09-01,102.0
2024-09-02,102.75
2024-09-03,103.6
2024-09-04,100.46
2024-09-05,99.83
2024-09-06,103.23
2024-09-07,103.17
2024-09-08,100.31
2024-09-09,98.23
2024-09-10,96.91
2024-09-11,97.45
2024-09-12,99.05
2024-09-13,98.97
2024-09-14,99.29
2024-09-15,98.17
2024-09-16,97.29
2024-09-17,96.13
2024-09-18,94.66
2024-09-19,92.22
2024-09-20,91.12
2024-09-21,90.63
2024-09-22,91.89
2024-09-23,93.32
2024-09-24,94.05
2024-09-25,96.53
2024-09-26,97.96
2024-09-27,98.19
2024-09-28,99.94
2024-09-29,100.82
2024-09-30,101.46
2024-10-01,103.27
2024-10-02,102.46
2024-10-03,99.79
2024-10-04,99.59
2024-10-05,97.76
2024-10-06,94.9
2024-10-07,94.37
2024-10-08,92.22
2024-10-09,91.32
2024-10-10,92.39
2024-10-11,92.41
2024-10-12,92.89
2024-10-13,95.28
2024-10-14,94.63
2024-10-15,96.68
2024-10-16,97.43
2024-10-17,100.14
2024-10-18,100.32
2024-10-19,101.52
2024-10-20,100.38
2024-10-21,101.53
2024-10-22,101.45
2024-10-23,102.96
2024-10-24,102.25
2024-10-25,104.04
2024-10-26,104.02
2024-10-27,105.35
2024-10-28,106.6
2024-10-29,106.46
2024-10-30,106.29
2024-10-31,105.49
2024-11-01,105.87
2024-11-02,106.9
2024-11-03,105.92
2024-11-04,104.93
2024-11-05,104.41
2024-11-06,104.55
2024-11-07,105.48
2024-11-08,106.26
2024-11-09,104.34
2024-11-10,104.36
2024-11-11,104.22
2024-11-12,103.47
2024-11-13,101.6
2024-11-14,101.81
2024-11-15,99.97
2024-11-16,99.14
2024-11-17,98.84
2024-11-18,98.45
2024-11-19,98.89
2024-11-20,100.41
2024-11-21,99.75
2024-11-22,100.64
2024-11-23,102.05
2024-11-24,100.18
2024-11-25,99.78
2024-11-26,100.15
2024-11-27,100.22
2024-11-28,98.9
2024-11-29,95.27
2024-11-30,92.75
2024-12-01,93.05
2024-12-02,92.34
2024-12-03,92.49
2024-12-04,87.27
2024-12-05,88.13
2024-12-06,88.71
2024-12-07,86.98
2024-12-08,82.57
2024-12-09,79.32
2024-12-10,76.76
2024-12-11,80.55
2024-12-12,80.33
2024-12-13,80.91
2024-12-14,82.34
2024-12-15,84.76
2024-12-16,88.83
2024-12-17,90.35
2024-12-18,92.11
2024-12-19,90.26
2024-12-20,90.93
2024-12-21,92.92
2024-12-22,95.4
2024-12-23,96.43
2024-12-24,95.58
2024-12-25,92.43
2024-12-26,93.83
2024-12-27,90.91
2024-12-28,90.86
2024-12-29,88.3
2024-12-30,83.74
2024-12-31,82.31
2025-01-01,83.25
2025-01-02,83.83
2025-01-03,87.42
2025-01-04,87.87
2025-01-05,92.82
2025-01-06,97.91
2025-01-07,100.99
2025-01-08,101.68
2025-01-09,102.21
2025-01-10,102.4
2025-01-11,102.82
2025-01-12,101.01
2025-01-13,100.47
2025-01-14,99.12
2025-01-15,99.75
2025-01-16,99.55
2025-01-17,98.47
2025-01-18,99.38
2025-01-19,100.38
2025-01-20,100.49
2025-01-21,101.9
2025-01-22,103.55
2025-01-23,104.12
2025-01-24,105.19
2025-01-25,105.06
2025-01-26,104.53
2025-01-27,101.81
2025-01-28,99.26
2025-01-29,94.85
2025-01-30,91.55
2025-01-31,89.13
2025-02-01,88.0
2025-02-02,86.57
2025-02-03,85.62
2025-02-04,87.09
2025-02-05,90.82
2025-02-06,94.06
2025-02-07,97.9
2025-02-08,98.5
2025-02-09,98.9
2025-02-10,100.83
2025-02-11,101.5
2025-02-12,101.43
2025-02-13,101.8
2025-02-14,98.99
2025-02-15,98.59
2025-02-16,99.33
2025-02-17,100.72
2025-02-18,101.57
2025-02-19,101.8
2025-02-20,101.44
2025-02-21,101.99
2025-02-22,102.02
2025-02-23,102.62
2025-02-24,103.27
2025-02-25,101.1
2025-02-26,102.07
2025-02-27,102.3
2025-02-28,100.18
2025-03-01,100.31
2025-03-02,100.31
2025-03-03,97.55
2025-03-04,95.84
2025-03-05,93.54
2025-03-06,90.5
2025-03-07,90.19
2025-03-08,89.91
2025-03-09,88.38
2025-03-10,88.18
2025-03-11,89.12
2025-03-12,87.9
2025-03-13,88.74
2025-03-14,89.03
2025-03-15,88.0
2025-03-16,89.49
2025-03-17,92.34
2025-03-18,94.52
2025-03-19,95.81
2025-03-20,98.06
2025-03-21,98.06
2025-03-22,99.79
2025-03-23,100.7
2025-03-24,101.11
2025-03-25,102.68
2025-03-26,103.61
2025-03-27,101.54
2025-03-28,101.91
2025-03-29,101.23
2025-03-30,100.14
2025-03-31,98.12
2025-04-01,96.62
2025-04-02,96.11
2025-04-03,93.27
2025-04-04,91.3
2025-04-05,90.24
2025-04-06,88.01
2025-04-07,86.19
2025-04-08,84.91
2025-04-09,82.53
2025-04-10,85.94
2025-04-11,88.9
2025-04-12,90.34
2025-04-13,91.27
2025-04-14,94.71
2025-04-15,96.89
2025-04-16,101.13
2025-04-17,99.75
2025-04-18,100.57
2025-04-19,100.21
2025-04-20,102.24
2025-04-21,102.33
2025-04-22,101.41
2025-04-23,99.9
2025-04-24,102.06
2025-04-25,102.54
2025-04-26,103.16
2025-04-27,103.05
2025-04-28,103.38
2025-04-29,105.17
2025-04-30,106.37
2025-05-01,105.57
2025-05-02,104.63
2025-05-03,104.88
2025-05-04,104.52
2025-05-05,100.09
2025-05-06,96.96
2025-05-07,96.43
2025-05-08,98.27
2025-05-09,101.42
2025-05-10,102.22
2025-05-11,102.97
2025-05-12,106.64
2025-05-13,107.83
2025-05-14,106.47
2025-05-15,105.73
2025-05-16,103.84
2025-05-17,102.23
2025-05-18,101.07
2025-05-19,101.23
2025-05-20,101.04
2025-05-21,101.3
2025-05-22,100.89
2025-05-23,101.1
2025-05-24,101.71
2025-05-25,102.82
2025-05-26,103.38
2025-05-27,103.03
2025-05-28,104.27
2025-05-29,102.84
2025-05-30,101.22
2025-05-31,99.76
2025-06-01,97.52
2025-06-02,96.97
2025-06-03,95.15
2025-06-04,95.43
2025-06-05,97.34
2025-06-06,97.53
2025-06-07,98.79
2025-06-08,102.15
2025-06-09,104.78
2025-06-10,108.0
2025-06-11,108.54
2025-06-12,108.86
2025-06-13,108.24
2025-06-14,109.5
2025-06-15,110.19
2025-06-16,108.83
2025-06-17,108.39
2025-06-18,107.66
2025-06-19,107.63
2025-06-20,111.28
2025-06-21,112.73
2025-06-22,111.66
2025-06-23,109.39
2025-06-24,111.56
2025-06-25,110.97
2025-06-26,110.66
2025-06-27,109.27
2025-06-28,107.4
2025-06-29,108.65
2025-06-30,109.98
2025-07-01,108.82
2025-07-02,107.98
2025-07-03,107.8
2025-07-04,107.21
2025-07-05,108.4
2025-07-06,106.56
2025-07-07,106.76
2025-07-08,103.96
2025-07-09,103.87
2025-07-10,104.35
2025-07-11,105.58
2025-07-12,104.28
2025-07-13,106.55
2025-07-14,106.73
2025-07-15,110.38
2025-07-16,109.66
2025-07-17,108.84
2025-07-18,107.93
2025-07-19,109.24
2025-07-20,106.28
2025-07-21,106.76
2025-07-22,105.4
2025-07-23,106.81
2025-07-24,108.69
2025-07-25,109.28
2025-07-26,108.64
2025-07-27,108.04
2025-07-28,107.26
2025-07-29,106.75
2025-07-30,106.59
2025-07-31,104.34
2025-08-01,102.26
2025-08-02,101.35
2025-08-03,102.85
2025-08-04,104.01
2025-08-05,106.59
2025-08-06,108.79
2025-08-07,111.68
2025-08-08,113.83
2025-08-09,115.5
2025-08-10,115.25
2025-08-11,114.76
2025-08-12,112.56
2025-08-13,110.39
2025-08-14,110.4
2025-08-15,106.73
2025-08-16,103.75
2025-08-17,103.81
2025-08-18,102.29
2025-08-19,100.19
2025-08-20,98.56
2025-08-21,94.93
2025-08-22,98.66
2025-08-23,100.3
2025-08-24,98.5
2025-08-25,99.43
2025-08-26,103.33
2025-08-27,106.51
2025-08-28,105.85
2025-08-29,105.48
2025-08-30,104.82
2025-08-31,105.65
2025-09-01,106.12
2025-09-02,104.73
2025-09-03,103.81
2025-09-04,105.93
2025-09-05,105.69
2025-09-06,105.82
2025-09-07,106.37
2025-09-08,105.62
2025-09-09,104.99
2025-09-10,104.95
2025-09-11,104.5
2025-09-12,106.27
2025-09-13,108.45
2025-09-14,110.2
2025-09-15,111.89
2025-09-16,112.98
2025-09-17,112.18
2025-09-18,113.66
2025-09-19,113.28
2025-09-20,111.78
2025-09-21,111.12
2025-09-22,109.86
2025-09-23,110.0
2025-09-24,110.02
2025-09-25,106.91
2025-09-26,103.85
2025-09-27,103.03
2025-09-28,101.65
2025-09-29,103.04
2025-09-30,102.62
2025-10-01,104.59
2025-10-02,108.07
2025-10-03,107.98
2025-10-04,108.88
2025-10-05,109.26
2025-10-06,107.13
2025-10-07,105.49
2025-10-08,101.08
2025-10-09,97.59
2025-10-10,100.93
2025-10-11,101.44
2025-10-12,100.86
2025-10-13,100.82
2025-10-14,102.93
2025-10-15,105.88
2025-10-16,107.17
2025-10-17,106.65
2025-10-18,106.55
2025-10-19,107.58
2025-10-20,109.84
2025-10-21,110.19
2025-10-22,111.05
2025-10-23,111.34
2025-10-24,113.03
2025-10-25,113.21
2025-10-26,114.84
2025-10-27,116.86
2025-10-28,118.22
2025-10-29,121.06
2025-10-30,123.93
2025-10-31,124.5
2025-11-01,126.16
2025-11-02,127.07
2025-11-03,127.73
2025-11-04,127.36
2025-11-05,123.17
2025-11-06,121.82
2025-11-07,119.55
2025-11-08,117.17
2025-11-09,114.62
2025-11-10,112.34
2025-11-11,111.26
2025-11-12,112.04
2025-11-13,111.48
2025-11-14,112.76
2025-11-15,113.04
2025-11-16,115.11
2025-11-17,115.96
2025-11-18,114.94
2025-11-19,114.82
2025-11-20,116.04
2025-11-21,114.63
2025-11-22,114.7
2025-11-23,113.78
2025-11-24,111.87
2025-11-25,114.17
2025-11-26,115.2
2025-11-27,114.18
2025-11-28,114.48
2025-11-29,112.82
2025-11-30,110.68
2025-12-01,111.89
2025-12-02,110.62
2025-12-03,111.4
2025-12-04,111.81
2025-12-05,112.01
2025-12-06,113.83
2025-12-07,114.93
2025-12-08,114.54
2025-12-09,114.6
2025-12-10,112.64
2025-12-11,110.29
2025-12-12,111.72
2025-12-13,111.71
2025-12-14,111.97
2025-12-15,113.03
2025-12-16,112.94
2025-12-17,113.84
2025-12-18,115.22
2025-12-19,114.42
2025-12-20,113.75
2025-12-21,112.73
2025-12-22,110.47
2025-12-23,110.28
2025-12-24,109.32
2025-12-25,107.15
2025-12-26,105.67
2025-12-27,104.51
2025-12-28,104.47
2025-12-29,106.38
2025-12-30,105.89
2025-12-31,106.43
2026-01-01,108.54
2026-01-02,112.0
2026-01-03,113.99
2026-01-04,116.9
2026-01-05,118.28
2026-01-06,120.81
2026-01-07,121.8
2026-01-08,123.71
2026-01-09,121.87
2026-01-10,122.75
2026-01-11,121.71
2026-01-12,120.63
2026-01-13,119.24
2026-01-14,117.52
2026-01-15,115.29
2026-01-16,115.03
2026-01-17,113.51
2026-01-18,112.07
2026-01-19,111.71
2026-01-20,111.18
2026-01-21,111.81
2026-01-22,112.56
2026-01-23,112.36
2026-01-24,112.92
2026-01-25,112.95
2026-01-26,109.51
2026-01-27,110.42
2026-01-28,110.95
2026-01-29,111.65
2026-01-30,114.22
2026-01-31,117.54
2026-02-01,118.48
2026-02-02,119.98
2026-02-03,119.72
2026-02-04,121.05
2026-02-05,120.92
2026-02-06,118.83
2026-02-07,115.22
2026-02-08,114.24
2026-02-09,116.69
2026-02-10,116.75
2026-02-11,115.69
2026-02-12,115.72
2026-02-13,116.17
2026-02-14,116.97
2026-02-15,118.72
2026-02-16,115.49
2026-02-17,112.59
2026-02-18,109.83
2026-02-19,110.83
2026-02-20,110.28
2026-02-21,108.31
2026-02-22,106.86
2026-02-23,109.68
2026-02-24,112.49
2026-02-25,116.68
2026-02-26,116.29
2026-02-27,115.81
2026-02-28,117.24
2026-03-01,115.91
2026-03-02,112.54
2026-03-03,109.56
2026-03-04,101.72
2026-03-05,98.93
2026-03-06,98.42
2026-03-07,96.04
2026-03-08,95.99
2026-03-09,93.77
2026-03-10,95.17
2026-03-11,100.15
2026-03-12,99.57
2026-03-13,98.86
2026-03-14,100.65
2026-03-15,101.45
2026-03-16,107.46
2026-03-17,110.16
2026-03-18,109.59
2026-03-19,109.81
2026-03-20,109.81
2026-03-21,110.14
2026-03-22,109.98
2026-03-23,106.83
2026-03-24,104.37
2026-03-25,103.37
2026-03-26,103.8
2026-03-27,101.86
2026-03-28,99.6
2026-03-29,97.43
2026-03-30,98.23
2026-03-31,97.41
2026-04-01,99.47
2026-04-02,98.69
2026-04-03,100.91
2026-04-04,102.86
2026-04-05,105.36
2026-04-06,107.26
2026-04-07,111.25
2026-04-08,110.23
2026-04-09,111.32
2026-04-10,111.66
2026-04-11,112.61
2026-04-12,112.46
2026-04-13,111.27
2026-04-14,110.22
2026-04-15,110.73
2026-04-16,110.2
2026-04-17,109.2
2026-04-18,109.23
2026-04-19,110.27
2026-04-20,112.09
2026-04-21,112.22
2026-04-22,113.35
2026-04-23,114.97
2026-04-24,117.27
2026-04-25,117.81
2026-04-26,117.26
2026-04-27,117.7
2026-04-28,117.29
2026-04-29,117.49
2026-04-30,118.33
2026-05-01,113.01
2026-05-02,109.95
2026-05-03,109.27
2026-05-04,108.2
2026-05-05,104.7
2026-05-06,104.18
2026-05-07,102.91
2026-05-08,108.26
2026-05-09,111.09
2026-05-10,111.11
2026-05-11,110.82
2026-05-12,114.24
2026-05-13,111.82
2026-05-14,111.72
2026-05-15,109.84
2026-05-16,106.67
2026-05-17,105.57
2026-05-18,103.35
2026-05-19,100.77
2026-05-20,98.41
2026-05-21,97.61
2026-05-22,98.11
2026-05-23,102.1
2026-05-24,102.61
2026-05-25,101.8
2026-05-26,103.73
2026-05-27,108.2
2026-05-28,108.84
2026-05-29,108.1
2026-05-30,108.9
2026-05-31,111.32
2026-06-01,115.12
2026-06-02,115.82
2026-06-03,115.54
2026-06-04,114.87
2026-06-05,114.08
2026-06-06,111.01
2026-06-07,110.53
2026-06-08,106.32
2026-06-09,106.68
2026-06-10,104.82
2026-06-11,101.59
2026-06-12,102.56
2026-06-13,104.23
2026-06-14,105.66
2026-06-15,108.74
2026-06-16,108.15
2026-06-17,111.38
2026-06-18,115.25
2026-06-19,115.57
2026-06-20,115.37
2026-06-21,114.0
2026-06-22,114.48
2026-06-23,111.79
2026-06-24,109.53
2026-06-25,109.68
2026-06-26,107.41
2026-06-27,106.83
2026-06-28,106.8
2026-06-29,107.54
2026-06-30,109.23
2026-07-01,111.11
2026-07-02,110.11
2026-07-03,111.37
2026-07-04,111.45
2026-07-05,112.24
2026-07-06,111.07
2026-07-07,110.35
2026-07-08,109.0
2026-07-09,109.61
2026-07-10,110.72
2026-07-11,111.32
2026-07-12,110.34
2026-07-13,108.15
2026-07-14,106.46
2026-07-15,105.94
2026-07-16,103.71
2026-07-17,99.61
2026-07-18,97.87
2026-07-19,96.61
2026-07-20,95.94
2026-07-21,97.15
2026-07-22,97.62
2026-07-23,102.61
2026-07-24,106.6
2026-07-25,109.54
2026-07-26,111.58
2026-07-27,115.78
2026-07-28,112.08
2026-07-29,109.97
2026-07-30,108.18
2026-07-31,109.81
2026-08-01,109.77
2026-08-02,108.45
