code,year,op_100mil,fetched_date
A000760,2022,-8.8,2026-08-18
A000760,2023,-18.1,2026-08-18
A000760,2024,7.7,2026-08-18
A000760,2025,-1.6,2026-08-18
A180640,2022,144.9,2026-08-18
A180640,2023,428.4,2026-08-18
A180640,2024,491.9,2026-08-18
A180640,2025,-75.2,2026-08-18
A307750,2022,35.1,2026-08-18
A307750,2023,65.0,2026-08-18
A307750,2024,3.7,2026-08-18
A307750,2025,-25.8,2026-08-18
A417200,2022,144.6,2026-08-18
A417200,2023,135.7,2026-08-18
A417200,2024,62.0,2026-08-18
A417200,2025,-1.4,2026-08-18
A056360,2022,3.0,2026-08-18
A056360,2023,-26.0,2026-08-18
A056360,2024,-76.3,2026-08-18
A056360,2025,3.1,2026-08-18
A457190,2023,-61.2,2026-08-18
A457190,2024,142.1,2026-08-18
A457190,2025,16.2,2026-08-18
A457190,2026,-9.0,2026-08-18
A457190,2027,-17.0,2026-08-18
A027830,2022,10.2,2026-08-18
A027830,2023,20.5,2026-08-18
A027830,2024,102.4,2026-08-18
A027830,2025,8.0,2026-08-18
A382840,2022,108.9,2026-08-18
A382840,2023,46.4,2026-08-18
A382840,2024,124.3,2026-08-18
A382840,2025,69.8,2026-08-18
A024060,2022,16.9,2026-08-18
A024060,2023,0.9,2026-08-18
A024060,2024,-2.8,2026-08-18
A024060,2025,-9.9,2026-08-18
A217190,2022,85.2,2026-08-18
A217190,2023,35.6,2026-08-18
A217190,2024,65.4,2026-08-18
A217190,2025,10.3,2026-08-18
A011690,2022,17.8,2026-08-18
A011690,2023,19.1,2026-08-18
A011690,2024,28.9,2026-08-18
A011690,2025,-25.7,2026-08-18
A440320,2022,6.9,2026-08-18
A440320,2023,13.5,2026-08-18
A440320,2024,1.0,2026-08-18
A440320,2025,-27.6,2026-08-18
A007390,2022,-89.1,2026-08-18
A007390,2023,-102.7,2026-08-18
A007390,2024,6.0,2026-08-18
A007390,2025,-36.5,2026-08-18
A448280,2022,200.3,2026-08-18
A448280,2023,182.3,2026-08-18
A448280,2024,2.0,2026-08-18
A448280,2025,9.5,2026-08-18
A004410,2022,13.1,2026-08-18
A004410,2023,5.9,2026-08-18
A004410,2024,-22.3,2026-08-18
A004410,2025,-4.6,2026-08-18
A041520,2022,-95.0,2026-08-18
A041520,2023,-73.1,2026-08-18
A041520,2024,-46.8,2026-08-18
A041520,2025,-9.0,2026-08-18
A115530,2022,13.8,2026-08-18
A115530,2023,9.6,2026-08-18
A115530,2024,-0.4,2026-08-18
A115530,2025,3.7,2026-08-18
A078130,2022,-110.5,2026-08-18
A078130,2023,-16.1,2026-08-18
A078130,2024,-12.9,2026-08-18
A078130,2025,-5.0,2026-08-18
A376900,2022,-138.8,2026-08-18
A376900,2023,-73.8,2026-08-18
A376900,2024,-55.7,2026-08-18
A376900,2025,4.5,2026-08-18
A376900,2026,-74.0,2026-08-18
A437730,2022,27.5,2026-08-18
A437730,2023,98.0,2026-08-18
A437730,2024,55.2,2026-08-18
A437730,2025,8.1,2026-08-18
A466100,2023,-57.6,2026-08-18
A466100,2024,-74.9,2026-08-18
A466100,2025,-31.8,2026-08-18
A289930,2023,-95.2,2026-08-18
A289930,2024,-48.6,2026-08-18
A289930,2025,6.3,2026-08-18
A110020,2022,-31.4,2026-08-18
A110020,2023,-12.4,2026-08-18
A110020,2024,11.6,2026-08-18
A110020,2025,-3.4,2026-08-18
A090360,2022,17.9,2026-08-18
A090360,2023,11.4,2026-08-18
A090360,2024,1.5,2026-08-18
A090360,2025,-56.6,2026-08-18
A464580,2022,-25.2,2026-08-18
A464580,2023,8.1,2026-08-18
A464580,2024,10.2,2026-08-18
A464580,2025,1.2,2026-08-18
A005800,2022,66.1,2026-08-18
A005800,2023,21.6,2026-08-18
A005800,2024,27.6,2026-08-18
A005800,2025,12.9,2026-08-18
A047820,2022,55.9,2026-08-18
A047820,2023,-3.0,2026-08-18
A047820,2024,-153.8,2026-08-18
A047820,2025,28.3,2026-08-18
A389650,2022,-57.7,2026-08-18
A389650,2023,-52.3,2026-08-18
A389650,2024,-35.7,2026-08-18
A389650,2025,-7.2,2026-08-18
A389650,2026,-60.7,2026-08-18
A389650,2027,-14.0,2026-08-18
A389650,2028,48.0,2026-08-18
A032820,2022,48.0,2026-08-18
A032820,2023,66.8,2026-08-18
A032820,2024,5.5,2026-08-18
A032820,2025,-54.9,2026-08-18
A016800,2022,326.6,2026-08-18
A016800,2023,352.4,2026-08-18
A016800,2024,214.8,2026-08-18
A016800,2025,57.4,2026-08-18
A032300,2022,61.9,2026-08-18
A032300,2023,62.7,2026-08-18
A032300,2024,60.9,2026-08-18
A032300,2025,-8.9,2026-08-18
A041590,2022,-135.2,2026-08-18
A041590,2023,-229.6,2026-08-18
A041590,2024,-79.6,2026-08-18
A041590,2025,-19.6,2026-08-18
A008830,2022,75.9,2026-08-18
A008830,2023,80.9,2026-08-18
A008830,2024,44.6,2026-08-18
A008830,2025,1.6,2026-08-18
A087010,2022,-152.3,2026-08-18
A087010,2023,-158.8,2026-08-18
A087010,2024,-165.3,2026-08-18
A087010,2025,-212.6,2026-08-18
A005010,2022,2892.2,2026-08-18
A005010,2023,1232.1,2026-08-18
A005010,2024,170.8,2026-08-18
A005010,2025,34.9,2026-08-18
A008420,2022,30.1,2026-08-18
A008420,2023,-34.4,2026-08-18
A008420,2024,-21.3,2026-08-18
A008420,2025,-9.6,2026-08-18
A416180,2022,78.9,2026-08-18
A416180,2023,83.7,2026-08-18
A416180,2024,88.1,2026-08-18
A416180,2025,22.7,2026-08-18
A361570,2022,28.2,2026-08-18
A361570,2023,-22.5,2026-08-18
A361570,2024,-122.1,2026-08-18
A361570,2025,1.7,2026-08-18
A011150,2022,41.4,2026-08-18
A011150,2023,41.4,2026-08-18
A011150,2024,43.6,2026-08-18
A011150,2025,-9.1,2026-08-18
A469750,2022,18.6,2026-08-18
A469750,2023,27.7,2026-08-18
A469750,2024,23.9,2026-08-18
A469750,2025,-3.9,2026-08-18
A025890,2022,-5.2,2026-08-18
A025890,2023,24.2,2026-08-18
A025890,2024,10.7,2026-08-18
A025890,2025,-1.8,2026-08-18
A432980,2022,6.1,2026-08-18
A432980,2023,7.2,2026-08-18
A432980,2024,14.6,2026-08-18
A432980,2025,3.0,2026-08-18
A084680,2022,146.1,2026-08-18
A084680,2023,79.2,2026-08-18
A084680,2024,-4.2,2026-08-18
A084680,2025,-31.8,2026-08-18
A048550,2022,20.0,2026-08-18
A048550,2023,20.9,2026-08-18
A048550,2024,15.9,2026-08-18
A048550,2025,-12.9,2026-08-18
A484810,2022,41.4,2026-08-18
A484810,2023,35.5,2026-08-18
A484810,2024,52.7,2026-08-18
A484810,2025,-7.7,2026-08-18
A344860,2022,14.9,2026-08-18
A344860,2023,12.3,2026-08-18
A344860,2024,6.3,2026-08-18
A344860,2025,0.0,2026-08-18
A109820,2022,-15.2,2026-08-18
A109820,2023,-25.5,2026-08-18
A109820,2024,-16.4,2026-08-18
A109820,2025,-6.8,2026-08-18
A059270,2022,-12.7,2026-08-18
A059270,2023,-15.0,2026-08-18
A059270,2024,-7.2,2026-08-18
A059270,2025,-6.2,2026-08-18
A015020,2022,-31.7,2026-08-18
A015020,2023,-16.6,2026-08-18
A015020,2024,-32.9,2026-08-18
A015020,2025,-4.1,2026-08-18
A030530,2022,1050.0,2026-08-18
A030530,2023,457.7,2026-08-18
A030530,2024,306.1,2026-08-18
A030530,2025,-4.2,2026-08-18
A220180,2022,4.6,2026-08-18
A220180,2023,-9.7,2026-08-18
A220180,2024,-19.9,2026-08-18
A220180,2025,-4.8,2026-08-18
A245620,2022,-95.2,2026-08-18
A245620,2023,-93.6,2026-08-18
A245620,2024,-126.3,2026-08-18
A245620,2025,-16.0,2026-08-18
A293580,2022,111.1,2026-08-18
A293580,2023,24.6,2026-08-18
A293580,2024,90.1,2026-08-18
A293580,2025,73.0,2026-08-18
A377460,2022,222.6,2026-08-18
A377460,2023,-1061.4,2026-08-18
A377460,2024,-9.3,2026-08-18
A377460,2025,-19.1,2026-08-18
A140410,2022,-233.3,2026-08-18
A140410,2023,-144.9,2026-08-18
A140410,2024,-143.0,2026-08-18
A140410,2025,-167.7,2026-08-18
A127120,2022,-51.5,2026-08-18
A127120,2023,-43.4,2026-08-18
A127120,2024,-91.1,2026-08-18
A127120,2025,-124.9,2026-08-18
A039340,2022,84.4,2026-08-18
A039340,2023,51.3,2026-08-18
A039340,2024,11.3,2026-08-18
A039340,2025,-23.8,2026-08-18
A010660,2022,12.8,2026-08-18
A010660,2023,-30.4,2026-08-18
A010660,2024,20.3,2026-08-18
A010660,2025,2.3,2026-08-18
A073540,2022,-44.9,2026-08-18
A073540,2023,-5.0,2026-08-18
A073540,2024,8.1,2026-08-18
A073540,2025,9.2,2026-08-18
A051780,2022,14.9,2026-08-18
A051780,2023,6.9,2026-08-18
A051780,2024,-26.6,2026-08-18
A051780,2025,-0.1,2026-08-18
A192410,2022,-160.4,2026-08-18
A192410,2023,-84.9,2026-08-18
A192410,2024,-64.9,2026-08-18
A192410,2025,-18.5,2026-08-18
A079650,2022,-4.9,2026-08-18
A079650,2023,-15.8,2026-08-18
A079650,2024,-24.9,2026-08-18
A079650,2025,-33.3,2026-08-18
A209640,2023,91.6,2026-08-18
A209640,2024,-12.7,2026-08-18
A209640,2025,-34.7,2026-08-18
A025440,2022,23.2,2026-08-18
A025440,2023,27.8,2026-08-18
A025440,2024,19.0,2026-08-18
A025440,2025,-49.2,2026-08-18
A298380,2022,9.1,2026-08-18
A298380,2023,-26.2,2026-08-18
A298380,2024,-593.8,2026-08-18
A298380,2025,-403.9,2026-08-18
A298380,2026,-750.0,2026-08-18
A298380,2027,-509.5,2026-08-18
A298380,2028,-138.0,2026-08-18
A463020,2022,18.3,2026-08-18
A463020,2023,14.8,2026-08-18
A463020,2024,4.3,2026-08-18
A463020,2025,-11.1,2026-08-18
A037760,2022,100.0,2026-08-18
A037760,2023,49.2,2026-08-18
A037760,2024,32.6,2026-08-18
A037760,2025,-10.8,2026-08-18
A417010,2022,30.3,2026-08-18
A417010,2023,54.4,2026-08-18
A417010,2024,-37.6,2026-08-18
A417010,2025,-5.0,2026-08-18
A141000,2022,139.7,2026-08-18
A141000,2023,-16.8,2026-08-18
A141000,2024,67.6,2026-08-18
A141000,2025,91.8,2026-08-18
A141000,2026,55.4,2026-08-18
A275630,2022,23.9,2026-08-18
A275630,2023,16.0,2026-08-18
A275630,2024,-3.1,2026-08-18
A275630,2025,3.2,2026-08-18
A397030,2022,-114.7,2026-08-18
A397030,2023,-133.9,2026-08-18
A397030,2024,168.7,2026-08-18
A397030,2025,-72.6,2026-08-18
A025950,2022,13.7,2026-08-18
A025950,2023,63.4,2026-08-18
A025950,2024,5.9,2026-08-18
A025950,2025,-22.1,2026-08-18
A439580,2022,8.9,2026-08-18
A439580,2023,13.4,2026-08-18
A439580,2024,-69.0,2026-08-18
A439580,2025,-19.7,2026-08-18
A101360,2022,22.5,2026-08-18
A101360,2023,-29.7,2026-08-18
A101360,2024,4.9,2026-08-18
A101360,2025,-6.1,2026-08-18
A056080,2022,44.5,2026-08-18
A056080,2023,-53.4,2026-08-18
A056080,2024,-26.7,2026-08-18
A056080,2025,-50.3,2026-08-18
A138070,2022,67.2,2026-08-18
A138070,2023,39.5,2026-08-18
A138070,2024,13.0,2026-08-18
A138070,2025,-3.8,2026-08-18
A347850,2022,-686.5,2026-08-18
A347850,2023,-134.9,2026-08-18
A347850,2024,-250.2,2026-08-18
A347850,2025,-339.9,2026-08-18
A182400,2022,-496.5,2026-08-18
A182400,2023,-674.8,2026-08-18
A182400,2024,-40.6,2026-08-18
A182400,2025,-25.3,2026-08-18
A048770,2022,9.1,2026-08-18
A048770,2023,-51.6,2026-08-18
A048770,2024,-24.8,2026-08-18
A048770,2025,-23.0,2026-08-18
A309710,2022,12.7,2026-08-18
A309710,2023,16.5,2026-08-18
A309710,2024,64.0,2026-08-18
A309710,2025,-18.5,2026-08-18
A435570,2022,15.7,2026-08-18
A435570,2023,30.8,2026-08-18
A435570,2024,32.4,2026-08-18
A435570,2025,2.7,2026-08-18
A115440,2022,-69.5,2026-08-18
A115440,2023,84.8,2026-08-18
A115440,2024,200.7,2026-08-18
A115440,2025,19.5,2026-08-18
A094940,2022,10.2,2026-08-18
A094940,2023,18.5,2026-08-18
A094940,2024,22.8,2026-08-18
A094940,2025,-10.1,2026-08-18
A043650,2022,91.5,2026-08-18
A043650,2023,44.6,2026-08-18
A043650,2024,-22.8,2026-08-18
A043650,2025,-8.3,2026-08-18
A159010,2022,105.0,2026-08-18
A159010,2023,63.5,2026-08-18
A159010,2024,-18.6,2026-08-18
A159010,2025,-70.1,2026-08-18
A226950,2022,-223.8,2026-08-18
A226950,2023,-181.9,2026-08-18
A226950,2024,-309.2,2026-08-18
A226950,2025,-299.7,2026-08-18
A001210,2022,-117.9,2026-08-18
A001210,2023,-82.3,2026-08-18
A001210,2024,-49.6,2026-08-18
A001210,2025,-11.8,2026-08-18
A393210,2022,74.6,2026-08-18
A393210,2023,28.2,2026-08-18
A393210,2024,-34.1,2026-08-18
A393210,2025,-23.7,2026-08-18
A389500,2022,-18.4,2026-08-18
A389500,2023,-55.7,2026-08-18
A389500,2024,-68.9,2026-08-18
A389500,2025,-68.6,2026-08-18
A389500,2026,-51.0,2026-08-18
A389500,2027,-38.0,2026-08-18
A389500,2028,5.0,2026-08-18
A068290,2022,-12.6,2026-08-18
A068290,2023,-13.1,2026-08-18
A068290,2024,-1.8,2026-08-18
A068290,2025,-8.0,2026-08-18
A014160,2022,119.1,2026-08-18
A014160,2023,110.8,2026-08-18
A014160,2024,9.2,2026-08-18
A014160,2025,8.8,2026-08-18
A462310,2022,18.8,2026-08-18
A462310,2023,26.2,2026-08-18
A462310,2024,45.4,2026-08-18
A462310,2025,7.2,2026-08-18
A317830,2022,33.9,2026-08-18
A317830,2023,-3.0,2026-08-18
A317830,2024,-28.0,2026-08-18
A317830,2025,-7.6,2026-08-18
A368970,2022,10.9,2026-08-18
A368970,2023,20.4,2026-08-18
A368970,2024,-0.6,2026-08-18
A368970,2025,-12.8,2026-08-18
A388720,2022,-30.6,2026-08-18
A388720,2023,-64.4,2026-08-18
A388720,2024,4.0,2026-08-18
A388720,2025,-126.2,2026-08-18
A058730,2022,115.5,2026-08-18
A058730,2023,224.8,2026-08-18
A058730,2024,-17.5,2026-08-18
A058730,2025,20.7,2026-08-18
A270660,2022,61.8,2026-08-18
A270660,2023,15.3,2026-08-18
A270660,2024,-22.4,2026-08-18
A270660,2025,-32.0,2026-08-18
A160190,2022,49.2,2026-08-18
A160190,2023,43.4,2026-08-18
A160190,2024,-3.7,2026-08-18
A160190,2025,-89.1,2026-08-18
A148780,2022,-11.3,2026-08-18
A148780,2023,2.4,2026-08-18
A148780,2024,-8.1,2026-08-18
A148780,2025,-10.7,2026-08-18
A078590,2022,25.9,2026-08-18
A078590,2023,48.1,2026-08-18
A078590,2024,39.8,2026-08-18
A078590,2025,2.5,2026-08-18
A004890,2022,225.9,2026-08-18
A004890,2023,-42.4,2026-08-18
A004890,2024,-41.6,2026-08-18
A004890,2025,-27.5,2026-08-18
A008700,2022,206.5,2026-08-18
A008700,2023,93.7,2026-08-18
A008700,2024,99.0,2026-08-18
A008700,2025,47.9,2026-08-18
A171010,2022,69.0,2026-08-18
A171010,2023,-29.5,2026-08-18
A171010,2024,-16.5,2026-08-18
A171010,2025,-9.5,2026-08-18
A065660,2022,-46.5,2026-08-18
A065660,2023,-50.7,2026-08-18
A065660,2024,-37.5,2026-08-18
A065660,2025,-24.3,2026-08-18
A063170,2022,77.1,2026-08-18
A063170,2023,-35.5,2026-08-18
A063170,2024,-33.9,2026-08-18
A063170,2025,-39.5,2026-08-18
A391710,2022,33.5,2026-08-18
A391710,2023,18.4,2026-08-18
A391710,2024,0.5,2026-08-18
A391710,2025,-27.4,2026-08-18
A013810,2022,-37.7,2026-08-18
A013810,2023,-41.5,2026-08-18
A013810,2024,-56.9,2026-08-18
A013810,2025,-4.6,2026-08-18
A026040,2022,25.8,2026-08-18
A026040,2023,-5.8,2026-08-18
A026040,2024,-26.0,2026-08-18
A026040,2025,7.1,2026-08-18
A161000,2022,950.9,2026-08-18
A161000,2023,450.6,2026-08-18
A161000,2024,154.6,2026-08-18
A161000,2025,-101.9,2026-08-18
A028300,2022,-746.6,2026-08-18
A028300,2023,-1250.2,2026-08-18
A028300,2024,-1185.2,2026-08-18
A028300,2025,-1042.2,2026-08-18
A228340,2022,52.7,2026-08-18
A228340,2023,44.9,2026-08-18
A228340,2024,-44.2,2026-08-18
A228340,2025,-47.5,2026-08-18
A036000,2022,2.9,2026-08-18
A036000,2023,-27.5,2026-08-18
A036000,2024,-49.0,2026-08-18
A036000,2025,-14.2,2026-08-18
A091970,2022,-18.9,2026-08-18
A091970,2023,-18.4,2026-08-18
A091970,2024,1.8,2026-08-18
A091970,2025,-2.6,2026-08-18
A032080,2022,21.5,2026-08-18
A032080,2023,-0.8,2026-08-18
A032080,2024,5.4,2026-08-18
A032080,2025,4.6,2026-08-18
A456160,2022,-112.7,2026-08-18
A456160,2023,-131.4,2026-08-18
A456160,2024,-107.6,2026-08-18
A456160,2025,-122.0,2026-08-18
A328130,2022,-506.5,2026-08-18
A328130,2023,-422.2,2026-08-18
A328130,2024,-679.5,2026-08-18
A328130,2025,-831.0,2026-08-18
A328130,2026,-350.0,2026-08-18
A328130,2027,-140.0,2026-08-18
A475400,2023,-99.9,2026-08-18
A475400,2024,-142.9,2026-08-18
A475400,2025,-184.1,2026-08-18
A475400,2026,-132.0,2026-08-18
A475400,2027,-44.0,2026-08-18
A475400,2028,37.0,2026-08-18
A317770,2022,28.2,2026-08-18
A317770,2023,-41.8,2026-08-18
A317770,2024,-32.5,2026-08-18
A317770,2025,-14.1,2026-08-18
A003520,2022,-73.6,2026-08-18
A003520,2023,31.2,2026-08-18
A003520,2024,87.2,2026-08-18
A003520,2025,34.2,2026-08-18
A095190,2022,-22.9,2026-08-18
A095190,2023,8.8,2026-08-18
A095190,2024,39.0,2026-08-18
A095190,2025,-47.8,2026-08-18
A310210,2022,-178.6,2026-08-18
A310210,2023,-313.4,2026-08-18
A310210,2024,-363.4,2026-08-18
A310210,2025,-543.8,2026-08-18
A255220,2022,5.7,2026-08-18
A255220,2023,-134.7,2026-08-18
A255220,2024,-60.7,2026-08-18
A255220,2025,7.5,2026-08-18
A476830,2022,-191.9,2026-08-18
A476830,2023,-155.2,2026-08-18
A476830,2024,-128.6,2026-08-18
A476830,2025,-146.0,2026-08-18
A203450,2022,13.4,2026-08-18
A203450,2023,15.7,2026-08-18
A203450,2024,28.4,2026-08-18
A203450,2025,10.2,2026-08-18
A071670,2022,64.6,2026-08-18
A071670,2023,39.4,2026-08-18
A071670,2024,4.9,2026-08-18
A071670,2025,6.1,2026-08-18
A053350,2022,-25.0,2026-08-18
A053350,2023,-35.4,2026-08-18
A053350,2024,2.3,2026-08-18
A053350,2025,-23.9,2026-08-18
A129920,2022,114.8,2026-08-18
A129920,2023,-65.8,2026-08-18
A129920,2024,-131.4,2026-08-18
A129920,2025,-23.0,2026-08-18
A411080,2022,20.9,2026-08-18
A411080,2023,-8.8,2026-08-18
A411080,2024,-37.1,2026-08-18
A411080,2025,-17.7,2026-08-18
A271940,2022,27.7,2026-08-18
A271940,2023,-98.0,2026-08-18
A271940,2024,-95.2,2026-08-18
A271940,2025,-112.0,2026-08-18
A445680,2022,-114.2,2026-08-18
A445680,2023,-105.6,2026-08-18
A445680,2024,-133.8,2026-08-18
A445680,2025,-123.1,2026-08-18
A445680,2026,-122.0,2026-08-18
A117670,2022,-32.3,2026-08-18
A117670,2023,-27.8,2026-08-18
A117670,2024,-14.1,2026-08-18
A117670,2025,-20.4,2026-08-18
A048430,2022,-4.4,2026-08-18
A048430,2023,60.3,2026-08-18
A048430,2024,105.1,2026-08-18
A048430,2025,18.1,2026-08-18
A256840,2022,-101.0,2026-08-18
A256840,2023,60.5,2026-08-18
A256840,2024,107.1,2026-08-18
A256840,2025,16.3,2026-08-18
A051630,2022,-10.6,2026-08-18
A051630,2023,-21.5,2026-08-18
A051630,2024,-41.4,2026-08-18
A051630,2025,-7.4,2026-08-18
A289080,2023,45.4,2026-08-18
A289080,2024,63.3,2026-08-18
A289080,2025,-83.6,2026-08-18
A289080,2026,-27.2,2026-08-18
A950200,2022,-14.7,2026-08-18
A950200,2023,-35.5,2026-08-18
A950200,2024,-52.3,2026-08-18
A950200,2025,-22.5,2026-08-18
A003120,2022,13.4,2026-08-18
A003120,2023,-79.9,2026-08-18
A003120,2024,-95.2,2026-08-18
A003120,2025,-61.6,2026-08-18
A950160,2022,-163.0,2026-08-18
A950160,2023,-205.0,2026-08-18
A950160,2024,-220.0,2026-08-18
A950160,2025,-223.2,2026-08-18
A950160,2026,-290.0,2026-08-18
A950160,2027,-450.0,2026-08-18
A950160,2028,-300.0,2026-08-18
A246720,2022,-27.8,2026-08-18
A246720,2023,-27.2,2026-08-18
A246720,2024,-40.2,2026-08-18
A246720,2025,-25.9,2026-08-18
A302440,2022,1150.1,2026-08-18
A302440,2023,-119.9,2026-08-18
A302440,2024,-1384.3,2026-08-18
A302440,2025,-1235.0,2026-08-18
A302440,2026,-1199.3,2026-08-18
A302440,2027,-620.3,2026-08-18
A302440,2028,-190.0,2026-08-18
A000440,2022,8.1,2026-08-18
A000440,2023,-7.4,2026-08-18
A000440,2024,-17.5,2026-08-18
A000440,2025,-17.4,2026-08-18
A001080,2022,-1.5,2026-08-18
A001080,2023,-123.9,2026-08-18
A001080,2024,-308.0,2026-08-18
A001080,2025,-119.8,2026-08-18
A186230,2022,36.0,2026-08-18
A186230,2023,-82.1,2026-08-18
A186230,2024,24.9,2026-08-18
A186230,2025,-9.5,2026-08-18
A039310,2022,-21.7,2026-08-18
A039310,2023,11.8,2026-08-18
A039310,2024,4.2,2026-08-18
A039310,2025,-10.3,2026-08-18
A002710,2022,439.8,2026-08-18
A002710,2023,112.5,2026-08-18
A002710,2024,122.7,2026-08-18
A002710,2025,-109.1,2026-08-18
A141080,2022,-503.8,2026-08-18
A141080,2023,-808.2,2026-08-18
A141080,2024,-209.1,2026-08-18
A141080,2025,-1064.9,2026-08-18
A141080,2026,-985.4,2026-08-18
A141080,2027,-948.0,2026-08-18
A141080,2028,1397.7,2026-08-18
A061250,2022,47.7,2026-08-18
A061250,2023,20.5,2026-08-18
A061250,2024,7.6,2026-08-18
A061250,2025,-22.8,2026-08-18
A042600,2022,4.7,2026-08-18
A042600,2023,3.9,2026-08-18
A042600,2024,72.8,2026-08-18
A042600,2025,-26.3,2026-08-18
A074610,2022,-131.7,2026-08-18
A074610,2023,-239.2,2026-08-18
A074610,2024,-172.8,2026-08-18
A074610,2025,-28.3,2026-08-18
A019490,2022,-97.5,2026-08-18
A019490,2023,-65.5,2026-08-18
A019490,2024,-63.3,2026-08-18
A019490,2025,-59.7,2026-08-18
A450080,2022,389.9,2026-08-18
A450080,2023,87.7,2026-08-18
A450080,2024,-647.2,2026-08-18
A450080,2025,-653.7,2026-08-18
A187660,2022,-7.5,2026-08-18
A187660,2023,-19.1,2026-08-18
A187660,2024,-159.3,2026-08-18
A187660,2025,-73.8,2026-08-18
A048410,2022,-263.5,2026-08-18
A048410,2023,-97.9,2026-08-18
A048410,2024,8.3,2026-08-18
A048410,2025,-181.6,2026-08-18
A121800,2022,-27.1,2026-08-18
A121800,2023,-98.9,2026-08-18
A121800,2024,-110.5,2026-08-18
A121800,2025,-72.2,2026-08-18
A000650,2022,-74.1,2026-08-18
A000650,2023,-51.5,2026-08-18
A000650,2024,-52.7,2026-08-18
A000650,2025,-59.4,2026-08-18
A174900,2022,-87.4,2026-08-18
A174900,2023,-116.4,2026-08-18
A174900,2024,-155.9,2026-08-18
A174900,2025,-176.4,2026-08-18
A090710,2022,-74.7,2026-08-18
A090710,2023,-18.6,2026-08-18
A090710,2024,-49.4,2026-08-18
A090710,2025,-173.2,2026-08-18
A115450,2022,-75.1,2026-08-18
A115450,2023,-87.3,2026-08-18
A115450,2024,-76.2,2026-08-18
A115450,2025,-35.3,2026-08-18
A189330,2022,-49.3,2026-08-18
A189330,2023,-69.1,2026-08-18
A189330,2024,-52.8,2026-08-18
A189330,2025,-32.3,2026-08-18
A399720,2022,39.0,2026-08-18
A399720,2023,43.5,2026-08-18
A399720,2024,35.2,2026-08-18
A399720,2025,-167.2,2026-08-18
A001290,2022,-8.5,2026-08-18
A001290,2023,9.6,2026-08-18
A001290,2024,-497.1,2026-08-18
A001290,2025,-90.9,2026-08-18
A140670,2022,17.7,2026-08-18
A140670,2023,-29.8,2026-08-18
A140670,2024,-37.1,2026-08-18
A140670,2025,-35.6,2026-08-18
A256630,2022,4.6,2026-08-18
A256630,2023,-89.7,2026-08-18
A256630,2024,-13.1,2026-08-18
A256630,2025,8.3,2026-08-18
A009440,2022,114.2,2026-08-18
A009440,2023,-238.6,2026-08-18
A009440,2024,-653.5,2026-08-18
A009440,2025,-15.7,2026-08-18
A218150,2022,15.8,2026-08-18
A218150,2023,0.2,2026-08-18
A218150,2024,1.8,2026-08-18
A218150,2025,-14.4,2026-08-18
A380540,2022,-26.8,2026-08-18
A380540,2023,-40.6,2026-08-18
A380540,2024,-65.2,2026-08-18
A380540,2025,-59.3,2026-08-18
A005420,2022,414.3,2026-08-18
A005420,2023,30.1,2026-08-18
A005420,2024,-20.0,2026-08-18
A005420,2025,-159.9,2026-08-18
A086820,2022,-52.9,2026-08-18
A086820,2023,-51.4,2026-08-18
A086820,2024,-50.7,2026-08-18
A086820,2025,-43.4,2026-08-18
A357880,2022,16.2,2026-08-18
A357880,2023,-123.9,2026-08-18
A357880,2024,-120.7,2026-08-18
A357880,2025,-43.9,2026-08-18
A068100,2022,7.7,2026-08-18
A068100,2023,-24.7,2026-08-18
A068100,2024,-20.6,2026-08-18
A068100,2025,-17.3,2026-08-18
A095270,2022,-59.4,2026-08-18
A095270,2023,23.5,2026-08-18
A095270,2024,18.5,2026-08-18
A095270,2025,-16.4,2026-08-18
A318010,2022,40.6,2026-08-18
A318010,2023,16.3,2026-08-18
A318010,2024,-2.6,2026-08-18
A318010,2025,-6.7,2026-08-18
A307180,2022,-7.4,2026-08-18
A307180,2023,-167.4,2026-08-18
A307180,2024,53.3,2026-08-18
A307180,2025,-85.0,2026-08-18
A153710,2022,-21.9,2026-08-18
A153710,2023,-26.3,2026-08-18
A153710,2024,-24.5,2026-08-18
A153710,2025,-24.1,2026-08-18
A376180,2022,33.3,2026-08-18
A376180,2023,15.3,2026-08-18
A376180,2024,28.4,2026-08-18
A376180,2025,-7.0,2026-08-18
A340360,2022,-29.4,2026-08-18
A340360,2023,-9.1,2026-08-18
A340360,2024,-16.5,2026-08-18
A340360,2025,-19.0,2026-08-18
A215100,2022,-1.8,2026-08-18
A215100,2023,2.2,2026-08-18
A215100,2024,-15.4,2026-08-18
A215100,2025,-19.6,2026-08-18
A394800,2022,-82.2,2026-08-18
A394800,2023,-83.5,2026-08-18
A394800,2024,-74.2,2026-08-18
A394800,2025,-58.9,2026-08-18
A250060,2022,-40.1,2026-08-18
A250060,2023,-65.2,2026-08-18
A250060,2024,-23.9,2026-08-18
A250060,2025,-29.4,2026-08-18
A455900,2022,-71.0,2026-08-18
A455900,2023,-65.0,2026-08-18
A455900,2024,-108.4,2026-08-18
A455900,2025,-102.8,2026-08-18
A053280,2022,157.1,2026-08-18
A053280,2023,72.2,2026-08-18
A053280,2024,162.8,2026-08-18
A053280,2025,29.4,2026-08-18
A011700,2022,-90.8,2026-08-18
A011700,2023,-0.6,2026-08-18
A011700,2024,-5.7,2026-08-18
A011700,2025,-14.8,2026-08-18
A452400,2022,93.7,2026-08-18
A452400,2023,107.9,2026-08-18
A452400,2024,-15.4,2026-08-18
A452400,2025,-10.0,2026-08-18
A114190,2022,26.2,2026-08-18
A114190,2023,69.3,2026-08-18
A114190,2024,67.7,2026-08-18
A114190,2025,-61.0,2026-08-18
A071090,2022,168.7,2026-08-18
A071090,2023,33.9,2026-08-18
A071090,2024,9.1,2026-08-18
A071090,2025,-33.2,2026-08-18
A205500,2022,-151.2,2026-08-18
A205500,2023,-161.6,2026-08-18
A205500,2024,-89.4,2026-08-18
A205500,2025,13.9,2026-08-18
A100660,2022,16.1,2026-08-18
A100660,2023,6.1,2026-08-18
A100660,2024,-12.9,2026-08-18
A100660,2025,0.4,2026-08-18
A228760,2022,24.1,2026-08-18
A228760,2023,-173.0,2026-08-18
A228760,2024,-153.1,2026-08-18
A228760,2025,-113.0,2026-08-18
A287840,2022,-94.6,2026-08-18
A287840,2023,-173.9,2026-08-18
A287840,2024,-97.9,2026-08-18
A287840,2025,-103.0,2026-08-18
A018310,2022,681.0,2026-08-18
A018310,2023,1241.3,2026-08-18
A018310,2024,753.2,2026-08-18
A018310,2025,64.4,2026-08-18
A066670,2022,30.8,2026-08-18
A066670,2023,20.0,2026-08-18
A066670,2024,24.4,2026-08-18
A066670,2025,-17.6,2026-08-18
A039610,2022,37.0,2026-08-18
A039610,2023,100.3,2026-08-18
A039610,2024,79.6,2026-08-18
A039610,2025,-16.5,2026-08-18
A212710,2022,15.0,2026-08-18
A212710,2023,-7.1,2026-08-18
A212710,2024,6.4,2026-08-18
A212710,2025,-58.4,2026-08-18
A212710,2026,62.5,2026-08-18
A304100,2022,-19.6,2026-08-18
A304100,2023,-92.9,2026-08-18
A304100,2024,-66.3,2026-08-18
A304100,2025,-80.4,2026-08-18
A365330,2022,83.3,2026-08-18
A365330,2023,146.0,2026-08-18
A365330,2024,81.0,2026-08-18
A365330,2025,-26.7,2026-08-18
A258610,2022,-32.9,2026-08-18
A258610,2023,-44.1,2026-08-18
A258610,2024,27.7,2026-08-18
A258610,2025,-8.1,2026-08-18
A115180,2022,-274.7,2026-08-18
A115180,2023,-232.1,2026-08-18
A115180,2024,-274.8,2026-08-18
A115180,2025,-297.6,2026-08-18
A035200,2022,15.3,2026-08-18
A035200,2023,14.4,2026-08-18
A035200,2024,16.2,2026-08-18
A035200,2025,-4.4,2026-08-18
A304360,2022,-37.5,2026-08-18
A304360,2023,-59.9,2026-08-18
A304360,2024,-54.5,2026-08-18
A304360,2025,-83.4,2026-08-18
A304360,2026,-84.0,2026-08-18
A304360,2027,-85.0,2026-08-18
A050760,2022,-15.9,2026-08-18
A050760,2023,-25.9,2026-08-18
A050760,2024,6.4,2026-08-18
A050760,2025,-48.1,2026-08-18
A065170,2022,-44.5,2026-08-18
A065170,2023,-67.9,2026-08-18
A065170,2024,-32.2,2026-08-18
A065170,2025,-28.2,2026-08-18
A221800,2022,157.1,2026-08-18
A221800,2023,-13.4,2026-08-18
A221800,2024,-31.3,2026-08-18
A221800,2025,-23.6,2026-08-18
A381620,2022,18.7,2026-08-18
A381620,2023,31.9,2026-08-18
A381620,2024,43.1,2026-08-18
A381620,2025,-123.1,2026-08-18
A099520,2022,4.2,2026-08-18
A099520,2023,-43.9,2026-08-18
A099520,2024,5.0,2026-08-18
A099520,2025,-33.0,2026-08-18
A076610,2022,-51.2,2026-08-18
A076610,2023,39.9,2026-08-18
A076610,2024,-133.9,2026-08-18
A076610,2025,-67.4,2026-08-18
A007570,2022,142.5,2026-08-18
A007570,2023,163.8,2026-08-18
A007570,2024,96.2,2026-08-18
A007570,2025,49.6,2026-08-18
A066410,2022,-60.2,2026-08-18
A066410,2023,-74.2,2026-08-18
A066410,2024,-82.6,2026-08-18
A066410,2025,-61.8,2026-08-18
A040350,2022,-61.4,2026-08-18
A040350,2023,-37.3,2026-08-18
A040350,2024,-56.5,2026-08-18
A040350,2025,-64.1,2026-08-18
A039020,2022,220.9,2026-08-18
A039020,2023,32.3,2026-08-18
A039020,2024,65.6,2026-08-18
A039020,2025,-12.4,2026-08-18
A298540,2022,907.8,2026-08-18
A298540,2023,669.5,2026-08-18
A298540,2024,300.9,2026-08-18
A298540,2025,69.7,2026-08-18
A290690,2022,-43.2,2026-08-18
A290690,2023,5.2,2026-08-18
A290690,2024,-66.2,2026-08-18
A290690,2025,-67.2,2026-08-18
A214260,2022,-65.5,2026-08-18
A214260,2023,-40.5,2026-08-18
A214260,2024,-34.6,2026-08-18
A214260,2025,-30.3,2026-08-18
A459510,2022,-0.2,2026-08-18
A459510,2023,-54.7,2026-08-18
A459510,2024,-28.6,2026-08-18
A459510,2025,-82.1,2026-08-18
A006380,2022,-1222.8,2026-08-18
A006380,2023,-394.7,2026-08-18
A006380,2024,-84.1,2026-08-18
A006380,2025,-211.2,2026-08-18
A043360,2022,2.2,2026-08-18
A043360,2023,-26.7,2026-08-18
A043360,2024,-27.4,2026-08-18
A043360,2025,-7.7,2026-08-18
A122310,2022,149.2,2026-08-18
A122310,2023,127.6,2026-08-18
A122310,2024,65.1,2026-08-18
A122310,2025,-2.4,2026-08-18
A468530,2022,-53.8,2026-08-18
A468530,2023,-72.6,2026-08-18
A468530,2024,-91.2,2026-08-18
A468530,2025,-113.7,2026-08-18
A062970,2022,8.3,2026-08-18
A062970,2023,-30.2,2026-08-18
A062970,2024,-48.0,2026-08-18
A062970,2025,-34.2,2026-08-18
A331920,2022,-57.3,2026-08-18
A331920,2023,-57.7,2026-08-18
A331920,2024,-19.0,2026-08-18
A331920,2025,-33.2,2026-08-18
A168330,2022,-84.4,2026-08-18
A168330,2023,-40.8,2026-08-18
A168330,2024,-37.7,2026-08-18
A168330,2025,-32.9,2026-08-18
A234920,2022,-26.5,2026-08-18
A234920,2023,-86.7,2026-08-18
A234920,2024,-48.9,2026-08-18
A234920,2025,-36.6,2026-08-18
A452160,2022,50.3,2026-08-18
A452160,2023,32.9,2026-08-18
A452160,2024,33.6,2026-08-18
A452160,2025,1.8,2026-08-18
A105330,2022,152.9,2026-08-18
A105330,2023,52.2,2026-08-18
A105330,2024,-22.9,2026-08-18
A105330,2025,-29.6,2026-08-18
A052020,2022,-189.1,2026-08-18
A052020,2023,-260.4,2026-08-18
A052020,2024,-226.2,2026-08-18
A052020,2025,-234.7,2026-08-18
A041650,2022,140.8,2026-08-18
A041650,2023,275.4,2026-08-18
A041650,2024,206.5,2026-08-18
A041650,2025,-13.6,2026-08-18
A365900,2022,12.7,2026-08-18
A365900,2023,-116.2,2026-08-18
A365900,2024,-47.4,2026-08-18
A365900,2025,-14.8,2026-08-18
A322180,2022,-42.7,2026-08-18
A322180,2023,-38.5,2026-08-18
A322180,2024,-79.1,2026-08-18
A322180,2025,-42.9,2026-08-18
A095720,2022,275.5,2026-08-18
A095720,2023,55.7,2026-08-18
A095720,2024,92.5,2026-08-18
A095720,2025,-104.6,2026-08-18
A024070,2022,7.4,2026-08-18
A024070,2023,-28.5,2026-08-18
A024070,2024,-88.6,2026-08-18
A024070,2025,-7.0,2026-08-18
A009770,2022,46.7,2026-08-18
A009770,2023,64.6,2026-08-18
A009770,2024,48.7,2026-08-18
A009770,2025,-14.4,2026-08-18
A137080,2022,19.6,2026-08-18
A137080,2023,-149.9,2026-08-18
A137080,2024,-221.1,2026-08-18
A137080,2025,-88.4,2026-08-18
A475830,2022,-468.6,2026-08-18
A475830,2023,956.1,2026-08-18
A475830,2024,-83.4,2026-08-18
A475830,2025,-517.6,2026-08-18
A220100,2022,-129.3,2026-08-18
A220100,2023,-84.1,2026-08-18
A220100,2024,-94.7,2026-08-18
A220100,2025,-77.5,2026-08-18
A008350,2022,-24.9,2026-08-18
A008350,2023,64.5,2026-08-18
A008350,2024,48.2,2026-08-18
A008350,2025,-32.7,2026-08-18
A127980,2022,41.2,2026-08-18
A127980,2023,43.2,2026-08-18
A127980,2024,45.1,2026-08-18
A127980,2025,-14.9,2026-08-18
A046390,2022,107.7,2026-08-18
A046390,2023,-18.2,2026-08-18
A046390,2024,6.7,2026-08-18
A046390,2025,-15.5,2026-08-18
A246960,2022,-46.1,2026-08-18
A246960,2023,-40.2,2026-08-18
A246960,2024,-36.6,2026-08-18
A246960,2025,-34.0,2026-08-18
A362990,2022,34.6,2026-08-18
A362990,2023,40.8,2026-08-18
A362990,2024,18.6,2026-08-18
A362990,2025,-11.6,2026-08-18
A199430,2022,29.8,2026-08-18
A199430,2023,-43.4,2026-08-18
A199430,2024,-77.2,2026-08-18
A199430,2025,-75.4,2026-08-18
A494120,2022,-44.4,2026-08-18
A494120,2023,-65.6,2026-08-18
A494120,2024,-62.1,2026-08-18
A494120,2025,-75.3,2026-08-18
A494120,2026,-12.0,2026-08-18
A494120,2028,50.0,2026-08-18
A048470,2022,-60.8,2026-08-18
A048470,2023,-24.2,2026-08-18
A048470,2024,-19.5,2026-08-18
A048470,2025,-11.7,2026-08-18
A102370,2022,58.2,2026-08-18
A102370,2023,-42.0,2026-08-18
A102370,2024,-47.6,2026-08-18
A102370,2025,-40.7,2026-08-18
A418550,2022,-22.6,2026-08-18
A418550,2023,120.2,2026-08-18
A418550,2024,-54.6,2026-08-18
A418550,2025,-42.3,2026-08-18
A009810,2022,-68.6,2026-08-18
A009810,2023,-25.9,2026-08-18
A009810,2024,-51.0,2026-08-18
A009810,2025,-44.0,2026-08-18
A051980,2022,-50.6,2026-08-18
A051980,2023,0.6,2026-08-18
A051980,2024,-78.0,2026-08-18
A051980,2025,-45.6,2026-08-18
A029480,2022,23.8,2026-08-18
A029480,2023,-26.1,2026-08-18
A029480,2024,-47.1,2026-08-18
A029480,2025,-42.3,2026-08-18
A274090,2022,79.9,2026-08-18
A274090,2023,8.8,2026-08-18
A274090,2024,-53.5,2026-08-18
A274090,2025,-92.3,2026-08-18
A039980,2022,-23.6,2026-08-18
A039980,2023,14.6,2026-08-18
A039980,2024,-13.1,2026-08-18
A039980,2025,-46.9,2026-08-18
A009460,2022,12.9,2026-08-18
A009460,2023,-114.7,2026-08-18
A009460,2024,11.4,2026-08-18
A009460,2025,-51.9,2026-08-18
A065770,2022,-41.3,2026-08-18
A065770,2023,-15.8,2026-08-18
A065770,2024,-2.0,2026-08-18
A065770,2025,-11.8,2026-08-18
A260660,2022,98.6,2026-08-18
A260660,2023,30.7,2026-08-18
A260660,2024,-51.6,2026-08-18
A260660,2025,9.9,2026-08-18
A117730,2022,-23.4,2026-08-18
A117730,2023,-82.1,2026-08-18
A117730,2024,-70.0,2026-08-18
A117730,2025,-119.1,2026-08-18
A018000,2022,19.0,2026-08-18
A018000,2023,-195.7,2026-08-18
A018000,2024,-125.1,2026-08-18
A018000,2025,-95.3,2026-08-18
A083310,2022,298.2,2026-08-18
A083310,2023,671.5,2026-08-18
A083310,2024,-41.7,2026-08-18
A083310,2025,-80.5,2026-08-18
A211270,2022,44.9,2026-08-18
A211270,2023,100.7,2026-08-18
A211270,2024,73.0,2026-08-18
A211270,2025,-43.0,2026-08-18
A207760,2022,74.4,2026-08-18
A207760,2023,6.9,2026-08-18
A207760,2024,-135.5,2026-08-18
A207760,2025,-24.6,2026-08-18
A453860,2022,45.2,2026-08-18
A453860,2023,91.7,2026-08-18
A453860,2024,87.0,2026-08-18
A453860,2025,-1.1,2026-08-18
A075180,2022,-31.0,2026-08-18
A075180,2023,-76.2,2026-08-18
A075180,2024,-57.8,2026-08-18
A075180,2025,-7.4,2026-08-18
A144510,2022,442.8,2026-08-18
A144510,2023,40.8,2026-08-18
A144510,2024,-200.0,2026-08-18
A144510,2025,-137.9,2026-08-18
A144510,2026,-129.0,2026-08-18
A267320,2022,52.2,2026-08-18
A267320,2023,-31.0,2026-08-18
A267320,2024,46.3,2026-08-18
A267320,2025,-89.2,2026-08-18
A308430,2023,-50.4,2026-08-18
A308430,2024,-71.4,2026-08-18
A308430,2025,-82.4,2026-08-18
A003240,2022,-1044.6,2026-08-18
A003240,2023,-993.7,2026-08-18
A003240,2024,-3.9,2026-08-18
A003240,2025,-360.2,2026-08-18
A419540,2022,9.1,2026-08-18
A419540,2023,2.8,2026-08-18
A419540,2024,3.1,2026-08-18
A419540,2025,-11.0,2026-08-18
A478340,2022,-22.1,2026-08-18
A478340,2023,-30.0,2026-08-18
A478340,2024,-44.3,2026-08-18
A478340,2025,-54.6,2026-08-18
A210120,2022,17.3,2026-08-18
A210120,2023,-5.5,2026-08-18
A210120,2024,-51.2,2026-08-18
A210120,2025,-14.8,2026-08-18
A069540,2022,12.2,2026-08-18
A069540,2023,-93.5,2026-08-18
A069540,2024,-102.7,2026-08-18
A069540,2025,-165.3,2026-08-18
A418420,2022,3.2,2026-08-18
A418420,2023,-21.5,2026-08-18
A418420,2024,-69.9,2026-08-18
A418420,2025,-58.1,2026-08-18
A054300,2022,19.5,2026-08-18
A054300,2023,16.3,2026-08-18
A054300,2024,2.9,2026-08-18
A054300,2025,-27.9,2026-08-18
A003830,2022,63.8,2026-08-18
A003830,2023,23.9,2026-08-18
A003830,2024,-15.4,2026-08-18
A003830,2025,-72.6,2026-08-18
A011280,2022,309.0,2026-08-18
A011280,2023,221.8,2026-08-18
A011280,2024,-165.9,2026-08-18
A011280,2025,-49.8,2026-08-18
A172670,2022,80.3,2026-08-18
A172670,2023,49.0,2026-08-18
A172670,2024,-122.1,2026-08-18
A172670,2025,-73.9,2026-08-18
A005160,2022,11.8,2026-08-18
A005160,2023,-271.1,2026-08-18
A005160,2024,119.8,2026-08-18
A005160,2025,70.3,2026-08-18
A338220,2022,-153.7,2026-08-18
A338220,2023,-156.8,2026-08-18
A338220,2024,-124.5,2026-08-18
A338220,2025,-49.3,2026-08-18
A246710,2022,-129.0,2026-08-18
A246710,2023,-127.2,2026-08-18
A246710,2024,-133.0,2026-08-18
A246710,2025,-90.5,2026-08-18
A294630,2022,-24.0,2026-08-18
A294630,2023,-30.9,2026-08-18
A294630,2024,-44.7,2026-08-18
A294630,2025,-38.6,2026-08-18
A004060,2022,72.0,2026-08-18
A004060,2023,18.4,2026-08-18
A004060,2024,-27.6,2026-08-18
A004060,2025,-15.2,2026-08-18
A049950,2022,255.2,2026-08-18
A049950,2023,-17.5,2026-08-18
A049950,2024,-168.1,2026-08-18
A049950,2025,-247.0,2026-08-18
A140430,2022,47.6,2026-08-18
A140430,2023,18.9,2026-08-18
A140430,2024,15.9,2026-08-18
A140430,2025,-5.4,2026-08-18
A161580,2022,180.9,2026-08-18
A161580,2023,102.7,2026-08-18
A161580,2024,138.0,2026-08-18
A161580,2025,-348.9,2026-08-18
A058820,2022,29.8,2026-08-18
A058820,2023,30.4,2026-08-18
A058820,2024,10.2,2026-08-18
A058820,2025,-36.9,2026-08-18
A488280,2022,-62.4,2026-08-18
A488280,2023,-56.7,2026-08-18
A488280,2024,-45.0,2026-08-18
A488280,2025,-56.4,2026-08-18
A488280,2026,13.0,2026-08-18
A033230,2022,29.1,2026-08-18
A033230,2023,52.1,2026-08-18
A033230,2024,-47.5,2026-08-18
A033230,2025,-42.8,2026-08-18
A215380,2022,-25.2,2026-08-18
A215380,2023,-44.6,2026-08-18
A215380,2024,17.8,2026-08-18
A215380,2025,-39.0,2026-08-18
A053950,2022,-33.9,2026-08-18
A053950,2023,-35.9,2026-08-18
A053950,2024,-9.4,2026-08-18
A053950,2025,-17.3,2026-08-18
A023790,2022,9.0,2026-08-18
A023790,2023,-33.1,2026-08-18
A023790,2024,-18.0,2026-08-18
A023790,2025,-26.1,2026-08-18
A402030,2022,-40.4,2026-08-18
A402030,2023,-109.9,2026-08-18
A402030,2024,-141.1,2026-08-18
A402030,2025,-98.7,2026-08-18
A037370,2022,-85.6,2026-08-18
A037370,2023,-143.5,2026-08-18
A037370,2024,-54.7,2026-08-18
A037370,2025,-21.7,2026-08-18
A376270,2022,-132.4,2026-08-18
A376270,2023,-117.6,2026-08-18
A376270,2024,-76.8,2026-08-18
A376270,2025,-155.8,2026-08-18
A026910,2022,5.9,2026-08-18
A026910,2023,-70.4,2026-08-18
A026910,2024,-73.2,2026-08-18
A026910,2025,-42.5,2026-08-18
A064240,2022,3.8,2026-08-18
A064240,2023,-101.9,2026-08-18
A064240,2024,13.8,2026-08-18
A064240,2025,-28.8,2026-08-18
A418250,2022,-58.0,2026-08-18
A418250,2023,-58.8,2026-08-18
A418250,2024,-72.6,2026-08-18
A418250,2025,-42.9,2026-08-18
A348340,2022,-78.0,2026-08-18
A348340,2023,-148.3,2026-08-18
A348340,2024,-190.2,2026-08-18
A348340,2025,-148.6,2026-08-18
A274400,2022,-18.0,2026-08-18
A274400,2023,-1.6,2026-08-18
A274400,2024,-48.1,2026-08-18
A274400,2025,-19.9,2026-08-18
A317530,2022,-20.9,2026-08-18
A317530,2023,-36.8,2026-08-18
A317530,2024,-36.1,2026-08-18
A317530,2025,-35.6,2026-08-18
A044780,2022,58.1,2026-08-18
A044780,2023,8.4,2026-08-18
A044780,2024,-26.4,2026-08-18
A044780,2025,-3.9,2026-08-18
A290660,2022,-75.4,2026-08-18
A290660,2023,-17.8,2026-08-18
A290660,2024,-34.1,2026-08-18
A290660,2025,-29.0,2026-08-18
A032860,2022,-31.8,2026-08-18
A032860,2023,-35.4,2026-08-18
A032860,2024,16.2,2026-08-18
A032860,2025,-17.2,2026-08-18
A109670,2022,131.7,2026-08-18
A109670,2023,7.8,2026-08-18
A109670,2024,12.5,2026-08-18
A109670,2025,1.5,2026-08-18
A090410,2022,201.9,2026-08-18
A090410,2023,289.5,2026-08-18
A090410,2024,107.3,2026-08-18
A090410,2025,-1.0,2026-08-18
A002870,2022,-42.0,2026-08-18
A002870,2023,-40.0,2026-08-18
A002870,2024,-43.7,2026-08-18
A002870,2025,-22.9,2026-08-18
A006050,2022,21.2,2026-08-18
A006050,2023,9.4,2026-08-18
A006050,2024,9.0,2026-08-18
A006050,2025,9.3,2026-08-18
A018680,2022,17.4,2026-08-18
A018680,2023,12.1,2026-08-18
A018680,2024,15.3,2026-08-18
A018680,2025,-12.8,2026-08-18
A365270,2022,-119.8,2026-08-18
A365270,2023,-105.1,2026-08-18
A365270,2024,-126.3,2026-08-18
A365270,2025,-165.0,2026-08-18
A365270,2026,-136.0,2026-08-18
A463480,2022,39.8,2026-08-18
A463480,2023,45.2,2026-08-18
A463480,2024,17.2,2026-08-18
A463480,2025,-17.2,2026-08-18
A361670,2022,-12.7,2026-08-18
A361670,2023,-35.4,2026-08-18
A361670,2024,-31.2,2026-08-18
A361670,2025,-17.0,2026-08-18
A084990,2022,-525.8,2026-08-18
A084990,2023,-352.5,2026-08-18
A084990,2024,-179.5,2026-08-18
A084990,2025,-99.0,2026-08-18
A049180,2022,-27.3,2026-08-18
A049180,2023,-104.6,2026-08-18
A049180,2024,-68.3,2026-08-18
A049180,2025,-51.3,2026-08-18
A177900,2022,-8.3,2026-08-18
A177900,2023,-79.5,2026-08-18
A177900,2024,17.5,2026-08-18
A177900,2025,-26.9,2026-08-18
A177900,2026,41.0,2026-08-18
A067630,2022,-201.6,2026-08-18
A067630,2023,-245.3,2026-08-18
A067630,2024,-237.6,2026-08-18
A067630,2025,-220.3,2026-08-18
A109610,2022,140.2,2026-08-18
A109610,2023,135.6,2026-08-18
A109610,2024,219.3,2026-08-18
A109610,2025,-66.3,2026-08-18
A136150,2022,33.2,2026-08-18
A136150,2023,28.6,2026-08-18
A136150,2024,63.8,2026-08-18
A136150,2025,-17.5,2026-08-18
A036220,2022,493.0,2026-08-18
A036220,2023,1428.3,2026-08-18
A036220,2024,-247.8,2026-08-18
A036220,2025,24.3,2026-08-18
A054620,2022,-152.7,2026-08-18
A054620,2023,-186.0,2026-08-18
A054620,2024,-226.4,2026-08-18
A054620,2025,-68.5,2026-08-18
A001570,2022,79.2,2026-08-18
A001570,2023,-146.1,2026-08-18
A001570,2024,-560.0,2026-08-18
A001570,2025,-446.6,2026-08-18
A225530,2022,153.7,2026-08-18
A225530,2023,189.1,2026-08-18
A225530,2024,88.6,2026-08-18
A225530,2025,-48.7,2026-08-18
A490470,2022,-333.6,2026-08-18
A490470,2023,-305.9,2026-08-18
A490470,2024,-229.3,2026-08-18
A490470,2025,-533.9,2026-08-18
A006920,2022,35.6,2026-08-18
A006920,2023,121.4,2026-08-18
A006920,2024,27.3,2026-08-18
A006920,2025,-29.6,2026-08-18
A222980,2022,-6.7,2026-08-18
A222980,2023,-41.9,2026-08-18
A222980,2024,5.7,2026-08-18
A222980,2025,-11.0,2026-08-18
A092440,2023,64.2,2026-08-18
A092440,2024,25.0,2026-08-18
A092440,2025,10.2,2026-08-18
A092440,2026,-37.1,2026-08-18
A424960,2022,-55.2,2026-08-18
A424960,2023,-53.7,2026-08-18
A424960,2024,-67.6,2026-08-18
A424960,2025,-52.7,2026-08-18
A424960,2026,-26.0,2026-08-18
A068790,2022,535.4,2026-08-18
A068790,2023,727.8,2026-08-18
A068790,2024,-39.2,2026-08-18
A068790,2025,42.4,2026-08-18
A046210,2022,15.8,2026-08-18
A046210,2023,-18.4,2026-08-18
A046210,2024,-13.6,2026-08-18
A046210,2025,-34.4,2026-08-18
A301300,2022,-138.6,2026-08-18
A301300,2023,-92.3,2026-08-18
A301300,2024,-59.9,2026-08-18
A301300,2025,-37.6,2026-08-18
A001020,2022,258.4,2026-08-18
A001020,2023,311.6,2026-08-18
A001020,2024,20.4,2026-08-18
A001020,2025,-52.8,2026-08-18
A320000,2022,18.0,2026-08-18
A320000,2023,3.9,2026-08-18
A320000,2024,-44.0,2026-08-18
A320000,2025,-50.5,2026-08-18
A027050,2022,8.8,2026-08-18
A027050,2023,9.4,2026-08-18
A027050,2024,4.4,2026-08-18
A027050,2025,-43.9,2026-08-18
A065060,2022,-29.0,2026-08-18
A065060,2023,79.0,2026-08-18
A065060,2024,-39.3,2026-08-18
A065060,2025,-4.1,2026-08-18
A066790,2022,6.5,2026-08-18
A066790,2023,4.5,2026-08-18
A066790,2024,-8.5,2026-08-18
A066790,2025,-50.2,2026-08-18
A199800,2022,-193.9,2026-08-18
A199800,2023,-170.9,2026-08-18
A199800,2024,-218.0,2026-08-18
A199800,2025,-232.9,2026-08-18
A338840,2022,-188.3,2026-08-18
A338840,2023,-101.4,2026-08-18
A338840,2024,-84.5,2026-08-18
A338840,2025,-92.7,2026-08-18
A360350,2022,17.8,2026-08-18
A360350,2023,15.0,2026-08-18
A360350,2024,-2.4,2026-08-18
A360350,2025,-15.3,2026-08-18
A131400,2022,-28.6,2026-08-18
A131400,2023,-57.7,2026-08-18
A131400,2024,25.7,2026-08-18
A131400,2025,-31.8,2026-08-18
A408900,2022,33.4,2026-08-18
A408900,2023,8.6,2026-08-18
A408900,2024,-19.0,2026-08-18
A408900,2025,-21.5,2026-08-18
A002210,2022,-31.0,2026-08-18
A002210,2023,6.7,2026-08-18
A002210,2024,-57.3,2026-08-18
A002210,2025,-101.2,2026-08-18
A045970,2022,-225.7,2026-08-18
A045970,2023,-254.9,2026-08-18
A045970,2024,-396.1,2026-08-18
A045970,2025,-22.4,2026-08-18
A079370,2022,463.0,2026-08-18
A079370,2023,71.4,2026-08-18
A079370,2024,491.7,2026-08-18
A079370,2025,-44.6,2026-08-18
A043200,2022,-23.3,2026-08-18
A043200,2023,-19.2,2026-08-18
A043200,2024,2.1,2026-08-18
A043200,2025,-27.3,2026-08-18
A011390,2022,52.6,2026-08-18
A011390,2023,71.5,2026-08-18
A011390,2024,33.6,2026-08-18
A011390,2025,-27.7,2026-08-18
A093640,2022,1.8,2026-08-18
A093640,2023,-220.3,2026-08-18
A093640,2024,-98.8,2026-08-18
A093640,2025,-102.1,2026-08-18
A002630,2023,14.5,2026-08-18
A002630,2024,-6.5,2026-08-18
A002630,2025,-30.8,2026-08-18
A002630,2026,-41.3,2026-08-18
A036690,2022,-50.8,2026-08-18
A036690,2023,-283.5,2026-08-18
A036690,2024,-123.4,2026-08-18
A036690,2025,-141.8,2026-08-18
A011300,2022,-27.7,2026-08-18
A011300,2023,-93.3,2026-08-18
A011300,2024,-100.6,2026-08-18
A011300,2025,-23.3,2026-08-18
A119650,2022,36.3,2026-08-18
A119650,2023,69.1,2026-08-18
A119650,2024,-678.2,2026-08-18
A119650,2025,-88.6,2026-08-18
A217730,2022,-205.6,2026-08-18
A217730,2023,-227.8,2026-08-18
A217730,2024,-153.6,2026-08-18
A217730,2025,-176.7,2026-08-18
A001420,2022,-5.3,2026-08-18
A001420,2023,-8.1,2026-08-18
A001420,2024,-8.9,2026-08-18
A001420,2025,-9.8,2026-08-18
A098660,2022,30.5,2026-08-18
A098660,2023,35.5,2026-08-18
A098660,2024,5.1,2026-08-18
A098660,2025,-14.1,2026-08-18
A187220,2022,45.4,2026-08-18
A187220,2023,-206.6,2026-08-18
A187220,2024,-57.1,2026-08-18
A187220,2025,-6.0,2026-08-18
A033200,2023,-22.6,2026-08-18
A033200,2024,-21.7,2026-08-18
A033200,2025,-31.6,2026-08-18
A033200,2026,-16.9,2026-08-18
A424980,2022,62.9,2026-08-18
A424980,2023,-125.7,2026-08-18
A424980,2024,-95.5,2026-08-18
A424980,2025,-34.1,2026-08-18
A389470,2022,-109.0,2026-08-18
A389470,2023,-159.6,2026-08-18
A389470,2024,-189.6,2026-08-18
A389470,2025,-283.8,2026-08-18
A358570,2022,-679.5,2026-08-18
A358570,2023,-533.0,2026-08-18
A358570,2024,-482.6,2026-08-18
A358570,2025,-406.5,2026-08-18
A217500,2022,45.0,2026-08-18
A217500,2023,18.7,2026-08-18
A217500,2024,20.4,2026-08-18
A217500,2025,-51.7,2026-08-18
A124560,2022,1165.9,2026-08-18
A124560,2023,360.4,2026-08-18
A124560,2024,408.2,2026-08-18
A124560,2025,22.5,2026-08-18
A086890,2022,-160.3,2026-08-18
A086890,2023,38.9,2026-08-18
A086890,2024,134.0,2026-08-18
A086890,2025,16.3,2026-08-18
A083470,2022,6.9,2026-08-18
A083470,2023,-12.9,2026-08-18
A083470,2024,3.4,2026-08-18
A083470,2025,-19.3,2026-08-18
A101140,2022,-60.7,2026-08-18
A101140,2023,-61.5,2026-08-18
A101140,2024,-60.9,2026-08-18
A101140,2025,-43.3,2026-08-18
A027040,2022,-77.3,2026-08-18
A027040,2023,-37.6,2026-08-18
A027040,2024,-22.3,2026-08-18
A027040,2025,-16.1,2026-08-18
A475660,2022,-35.9,2026-08-18
A475660,2023,19.2,2026-08-18
A475660,2024,22.4,2026-08-18
A475660,2025,-20.3,2026-08-18
A085660,2022,-470.8,2026-08-18
A085660,2023,-95.7,2026-08-18
A085660,2024,-596.8,2026-08-18
A085660,2025,-487.7,2026-08-18
A094860,2022,-11.6,2026-08-18
A094860,2023,-25.8,2026-08-18
A094860,2024,-59.8,2026-08-18
A094860,2025,-46.1,2026-08-18
A019990,2022,10.1,2026-08-18
A019990,2023,-8.8,2026-08-18
A019990,2024,0.8,2026-08-18
A019990,2025,-41.0,2026-08-18
A104040,2022,-23.2,2026-08-18
A104040,2023,-20.2,2026-08-18
A104040,2024,-71.3,2026-08-18
A104040,2025,-79.3,2026-08-18
A387570,2022,-6.6,2026-08-18
A387570,2023,8.7,2026-08-18
A387570,2024,-0.3,2026-08-18
A387570,2025,-25.8,2026-08-18
A232830,2022,21.7,2026-08-18
A232830,2023,-12.8,2026-08-18
A232830,2024,-15.7,2026-08-18
A232830,2025,-3.0,2026-08-18
A070590,2022,-39.7,2026-08-18
A070590,2023,-60.3,2026-08-18
A070590,2024,-29.8,2026-08-18
A070590,2025,10.5,2026-08-18
A263700,2022,-63.8,2026-08-18
A263700,2023,-116.0,2026-08-18
A263700,2024,-44.6,2026-08-18
A263700,2025,-28.8,2026-08-18
A191420,2022,2.1,2026-08-18
A191420,2023,-11.9,2026-08-18
A191420,2024,-22.3,2026-08-18
A191420,2025,-44.2,2026-08-18
A066900,2022,89.7,2026-08-18
A066900,2023,-130.6,2026-08-18
A066900,2024,-304.0,2026-08-18
A066900,2025,-578.2,2026-08-18
A270870,2022,44.4,2026-08-18
A270870,2023,105.2,2026-08-18
A270870,2024,49.3,2026-08-18
A270870,2025,-22.7,2026-08-18
A068050,2022,9.3,2026-08-18
A068050,2023,43.7,2026-08-18
A068050,2024,1.3,2026-08-18
A068050,2025,-34.7,2026-08-18
A044380,2022,-62.9,2026-08-18
A044380,2023,-46.6,2026-08-18
A044380,2024,-29.0,2026-08-18
A044380,2025,-16.8,2026-08-18
A000180,2022,-114.9,2026-08-18
A000180,2023,-167.0,2026-08-18
A000180,2024,-72.9,2026-08-18
A000180,2025,-69.3,2026-08-18
A378340,2022,168.1,2026-08-18
A378340,2023,153.1,2026-08-18
A378340,2024,142.0,2026-08-18
A378340,2025,-221.7,2026-08-18
A377480,2022,-54.7,2026-08-18
A377480,2023,-38.6,2026-08-18
A377480,2024,-71.2,2026-08-18
A377480,2025,-63.8,2026-08-18
A180400,2022,26.3,2026-08-18
A180400,2023,-154.5,2026-08-18
A180400,2024,-216.0,2026-08-18
A180400,2025,-243.2,2026-08-18
A179530,2022,-49.4,2026-08-18
A179530,2023,-47.6,2026-08-18
A179530,2024,-41.2,2026-08-18
A179530,2025,-35.0,2026-08-18
A043710,2022,-65.9,2026-08-18
A043710,2023,-75.4,2026-08-18
A043710,2024,-30.5,2026-08-18
A043710,2025,-83.3,2026-08-18
A215600,2022,-244.8,2026-08-18
A215600,2023,-213.5,2026-08-18
A215600,2024,-267.7,2026-08-18
A215600,2025,-255.9,2026-08-18
A046120,2022,-117.5,2026-08-18
A046120,2023,-43.3,2026-08-18
A046120,2024,6.9,2026-08-18
A046120,2025,-140.1,2026-08-18
A020760,2022,10.5,2026-08-18
A020760,2023,-79.6,2026-08-18
A020760,2024,-14.1,2026-08-18
A020760,2025,-48.8,2026-08-18
A030960,2022,-5.9,2026-08-18
A030960,2023,-69.2,2026-08-18
A030960,2024,1.6,2026-08-18
A030960,2025,-60.8,2026-08-18
A025620,2022,-106.7,2026-08-18
A025620,2023,-93.9,2026-08-18
A025620,2024,-54.5,2026-08-18
A025620,2025,-74.6,2026-08-18
A217330,2022,-115.0,2026-08-18
A217330,2023,-117.9,2026-08-18
A217330,2024,-106.7,2026-08-18
A217330,2025,-81.6,2026-08-18
A321820,2022,-13.3,2026-08-18
A321820,2023,-32.8,2026-08-18
A321820,2024,-31.5,2026-08-18
A321820,2025,-39.6,2026-08-18
A307870,2022,-21.9,2026-08-18
A307870,2023,-24.0,2026-08-18
A307870,2024,-26.3,2026-08-18
A307870,2025,-67.5,2026-08-18
A460470,2022,-33.3,2026-08-18
A460470,2023,-29.1,2026-08-18
A460470,2024,-43.1,2026-08-18
A460470,2025,-41.5,2026-08-18
A361610,2022,-523.0,2026-08-18
A361610,2023,501.3,2026-08-18
A361610,2024,-2909.9,2026-08-18
A361610,2025,-2463.6,2026-08-18
A361610,2026,-2480.9,2026-08-18
A361610,2027,-1153.1,2026-08-18
A361610,2028,3.0,2026-08-18
A257370,2022,-59.1,2026-08-18
A257370,2023,-10.6,2026-08-18
A257370,2024,11.8,2026-08-18
A257370,2025,-21.2,2026-08-18
A079190,2022,-37.8,2026-08-18
A079190,2023,13.1,2026-08-18
A079190,2024,-53.7,2026-08-18
A079190,2025,-27.4,2026-08-18
A197140,2022,6.8,2026-08-18
A197140,2023,-6.6,2026-08-18
A197140,2024,-16.0,2026-08-18
A197140,2025,-25.3,2026-08-18
A060310,2023,21.8,2026-08-18
A060310,2024,11.6,2026-08-18
A060310,2025,-58.3,2026-08-18
A060310,2026,-51.1,2026-08-18
A227610,2022,-96.9,2026-08-18
A227610,2023,1.6,2026-08-18
A227610,2024,-33.7,2026-08-18
A227610,2025,-18.1,2026-08-18
A004870,2022,-18.6,2026-08-18
A004870,2023,-30.1,2026-08-18
A004870,2024,-52.2,2026-08-18
A004870,2025,-36.1,2026-08-18
A011330,2022,32.7,2026-08-18
A011330,2023,47.4,2026-08-18
A011330,2024,-62.7,2026-08-18
A011330,2025,-5.7,2026-08-18
A430690,2022,18.5,2026-08-18
A430690,2023,26.3,2026-08-18
A430690,2024,-27.1,2026-08-18
A430690,2025,-19.5,2026-08-18
A340930,2022,-192.8,2026-08-18
A340930,2023,-101.1,2026-08-18
A340930,2024,-167.2,2026-08-18
A340930,2025,-27.1,2026-08-18
A024850,2023,-9.4,2026-08-18
A024850,2024,-118.8,2026-08-18
A024850,2025,-375.5,2026-08-18
A322510,2022,-86.3,2026-08-18
A322510,2023,-71.5,2026-08-18
A322510,2024,-127.3,2026-08-18
A322510,2025,-132.0,2026-08-18
A099440,2022,117.5,2026-08-18
A099440,2023,220.4,2026-08-18
A099440,2024,239.6,2026-08-18
A099440,2025,-168.1,2026-08-18
A107600,2022,102.0,2026-08-18
A107600,2023,-49.0,2026-08-18
A107600,2024,-61.6,2026-08-18
A107600,2025,-94.2,2026-08-18
A038870,2022,-1.5,2026-08-18
A038870,2023,-26.0,2026-08-18
A038870,2024,-23.6,2026-08-18
A038870,2025,-26.6,2026-08-18
A082850,2022,343.8,2026-08-18
A082850,2023,260.0,2026-08-18
A082850,2024,152.0,2026-08-18
A082850,2025,9.5,2026-08-18
A372320,2022,-214.2,2026-08-18
A372320,2023,-311.3,2026-08-18
A372320,2024,-366.2,2026-08-18
A372320,2025,-362.9,2026-08-18
A071950,2022,-7.0,2026-08-18
A071950,2023,-30.3,2026-08-18
A071950,2024,-72.4,2026-08-18
A071950,2025,-56.8,2026-08-18
A068940,2022,4.8,2026-08-18
A068940,2023,20.6,2026-08-18
A068940,2024,-17.1,2026-08-18
A068940,2025,-34.3,2026-08-18
A464080,2022,-96.1,2026-08-18
A464080,2023,-83.3,2026-08-18
A464080,2024,-128.3,2026-08-18
A464080,2025,-161.3,2026-08-18
A424870,2022,-150.7,2026-08-18
A424870,2023,-118.0,2026-08-18
A424870,2024,-126.0,2026-08-18
A424870,2025,-280.0,2026-08-18
A115610,2022,15.5,2026-08-18
A115610,2023,-23.1,2026-08-18
A115610,2024,-52.1,2026-08-18
A115610,2025,-19.9,2026-08-18
A389140,2022,-105.0,2026-08-18
A389140,2023,-162.6,2026-08-18
A389140,2024,-138.9,2026-08-18
A389140,2025,-74.0,2026-08-18
A019680,2022,-499.6,2026-08-18
A019680,2023,-278.3,2026-08-18
A019680,2024,-15.6,2026-08-18
A019680,2025,-34.0,2026-08-18
A048530,2022,-14.8,2026-08-18
A048530,2023,-32.8,2026-08-18
A048530,2024,-52.4,2026-08-18
A048530,2025,-79.0,2026-08-18
A014130,2022,198.6,2026-08-18
A014130,2023,87.2,2026-08-18
A014130,2024,33.7,2026-08-18
A014130,2025,-36.2,2026-08-18
A137310,2022,11466.2,2026-08-18
A137310,2023,-2480.8,2026-08-18
A137310,2024,-540.6,2026-08-18
A137310,2025,-809.5,2026-08-18
A344820,2022,1192.2,2026-08-18
A344820,2023,950.2,2026-08-18
A344820,2024,571.8,2026-08-18
A344820,2025,-752.1,2026-08-18
A419080,2022,53.0,2026-08-18
A419080,2023,-21.2,2026-08-18
A419080,2024,-65.3,2026-08-18
A419080,2025,-62.8,2026-08-18
A036630,2022,-54.8,2026-08-18
A036630,2023,-31.1,2026-08-18
A036630,2024,-121.4,2026-08-18
A036630,2025,-107.5,2026-08-18
A063160,2022,-148.1,2026-08-18
A063160,2023,-201.5,2026-08-18
A063160,2024,109.5,2026-08-18
A063160,2025,36.1,2026-08-18
A072770,2022,32.4,2026-08-18
A072770,2023,-20.4,2026-08-18
A072770,2024,-28.2,2026-08-18
A072770,2025,-28.1,2026-08-18
A217480,2022,-315.2,2026-08-18
A217480,2023,-136.6,2026-08-18
A217480,2024,-92.4,2026-08-18
A217480,2025,-63.2,2026-08-18
A199480,2022,-65.2,2026-08-18
A199480,2023,-45.6,2026-08-18
A199480,2024,-149.3,2026-08-18
A199480,2025,-43.8,2026-08-18
A321550,2022,-256.4,2026-08-18
A321550,2023,-278.3,2026-08-18
A321550,2024,-187.0,2026-08-18
A321550,2025,-161.4,2026-08-18
A003580,2022,-147.4,2026-08-18
A003580,2023,-129.0,2026-08-18
A003580,2024,-22.5,2026-08-18
A003580,2025,-98.8,2026-08-18
A950250,2025,-71.3,2026-08-18
A291810,2022,-36.6,2026-08-18
A291810,2023,-26.8,2026-08-18
A291810,2024,-15.3,2026-08-18
A291810,2025,-32.3,2026-08-18
A067170,2022,-190.6,2026-08-18
A067170,2023,-97.7,2026-08-18
A067170,2024,-148.8,2026-08-18
A067170,2025,-22.6,2026-08-18
A051490,2022,105.4,2026-08-18
A051490,2023,107.1,2026-08-18
A051490,2024,49.8,2026-08-18
A051490,2025,-0.8,2026-08-18
A039290,2022,-3.5,2026-08-18
A039290,2023,-22.0,2026-08-18
A039290,2024,-51.3,2026-08-18
A039290,2025,-42.0,2026-08-18
A002690,2022,24.6,2026-08-18
A002690,2023,-29.1,2026-08-18
A002690,2024,-58.0,2026-08-18
A002690,2025,-35.1,2026-08-18
A089230,2022,-23.1,2026-08-18
A089230,2023,-76.6,2026-08-18
A089230,2024,-74.7,2026-08-18
A089230,2025,-85.8,2026-08-18
A045520,2022,-109.0,2026-08-18
A045520,2023,9.4,2026-08-18
A045520,2024,-8.5,2026-08-18
A045520,2025,-9.7,2026-08-18
A097800,2022,19.2,2026-08-18
A097800,2023,-228.6,2026-08-18
A097800,2024,-232.7,2026-08-18
A097800,2025,-142.9,2026-08-18
A464490,2022,-51.2,2026-08-18
A464490,2023,-95.2,2026-08-18
A464490,2024,-44.5,2026-08-18
A464490,2025,-63.8,2026-08-18
A352910,2022,-28.2,2026-08-18
A352910,2023,-5.4,2026-08-18
A352910,2024,-26.9,2026-08-18
A352910,2025,-37.2,2026-08-18
A370090,2022,16.3,2026-08-18
A370090,2023,71.6,2026-08-18
A370090,2024,-37.5,2026-08-18
A370090,2025,-71.6,2026-08-18
A475580,2023,50.3,2026-08-18
A475580,2024,30.0,2026-08-18
A475580,2025,-104.7,2026-08-18
A196490,2022,-177.2,2026-08-18
A196490,2023,-444.6,2026-08-18
A196490,2024,-165.4,2026-08-18
A196490,2025,-64.6,2026-08-18
A040300,2022,53.1,2026-08-18
A040300,2023,-93.0,2026-08-18
A040300,2024,-266.8,2026-08-18
A040300,2025,-136.0,2026-08-18
A159910,2022,-63.2,2026-08-18
A159910,2023,-65.3,2026-08-18
A159910,2024,-46.4,2026-08-18
A159910,2025,-39.4,2026-08-18
A038060,2022,11.9,2026-08-18
A038060,2023,27.4,2026-08-18
A038060,2024,-16.2,2026-08-18
A038060,2025,-50.3,2026-08-18
A200350,2022,-62.5,2026-08-18
A200350,2023,-77.9,2026-08-18
A200350,2024,-73.2,2026-08-18
A200350,2025,-30.1,2026-08-18
A285800,2022,64.5,2026-08-18
A285800,2023,-23.6,2026-08-18
A285800,2024,-29.4,2026-08-18
A285800,2025,-26.6,2026-08-18
A130740,2022,-16.1,2026-08-18
A130740,2023,-28.2,2026-08-18
A130740,2024,-9.0,2026-08-18
A130740,2025,-32.6,2026-08-18
A002780,2022,506.8,2026-08-18
A002780,2023,517.3,2026-08-18
A002780,2024,-47.5,2026-08-18
A002780,2025,-230.0,2026-08-18
A082800,2022,-54.4,2026-08-18
A082800,2023,25.9,2026-08-18
A082800,2024,28.5,2026-08-18
A082800,2025,-191.7,2026-08-18
A293780,2022,-95.1,2026-08-18
A293780,2023,-163.7,2026-08-18
A293780,2024,-188.5,2026-08-18
A293780,2025,-158.4,2026-08-18
A043910,2022,4.6,2026-08-18
A043910,2023,45.3,2026-08-18
A043910,2024,-21.2,2026-08-18
A043910,2025,-39.8,2026-08-18
A175250,2022,-267.7,2026-08-18
A175250,2023,-225.4,2026-08-18
A175250,2024,-151.6,2026-08-18
A175250,2025,-119.6,2026-08-18
A294140,2022,-66.5,2026-08-18
A294140,2023,-116.9,2026-08-18
A294140,2024,-62.8,2026-08-18
A294140,2025,-71.4,2026-08-18
A134790,2022,0.4,2026-08-18
A134790,2023,-19.3,2026-08-18
A134790,2024,-33.6,2026-08-18
A134790,2025,-66.8,2026-08-18
A080520,2022,-33.7,2026-08-18
A080520,2023,-42.5,2026-08-18
A080520,2024,-63.6,2026-08-18
A080520,2025,-22.8,2026-08-18
A148930,2022,19.8,2026-08-18
A148930,2023,35.7,2026-08-18
A148930,2024,4.2,2026-08-18
A148930,2025,-31.7,2026-08-18
A214680,2022,49.2,2026-08-18
A214680,2023,-1.5,2026-08-18
A214680,2024,-121.1,2026-08-18
A214680,2025,-138.9,2026-08-18
A355690,2023,-59.2,2026-08-18
A355690,2024,-26.1,2026-08-18
A355690,2025,-65.4,2026-08-18
A177350,2022,-69.8,2026-08-18
A177350,2023,-131.3,2026-08-18
A177350,2024,-117.2,2026-08-18
A177350,2025,-26.1,2026-08-18
A394280,2022,-252.6,2026-08-18
A394280,2023,-158.6,2026-08-18
A394280,2024,-246.1,2026-08-18
A394280,2025,-289.1,2026-08-18
A069640,2022,-211.3,2026-08-18
A069640,2023,-42.2,2026-08-18
A069640,2024,-176.3,2026-08-18
A069640,2025,-121.4,2026-08-18
A317870,2022,-7.0,2026-08-18
A317870,2023,-2.1,2026-08-18
A317870,2024,-21.1,2026-08-18
A317870,2025,-62.2,2026-08-18
A191410,2022,-17.3,2026-08-18
A191410,2023,9.1,2026-08-18
A191410,2024,-9.5,2026-08-18
A191410,2025,-15.1,2026-08-18
A073640,2022,-9.2,2026-08-18
A073640,2023,-34.7,2026-08-18
A073640,2024,-93.6,2026-08-18
A073640,2025,-101.4,2026-08-18
A109960,2022,-9.3,2026-08-18
A109960,2023,1.9,2026-08-18
A109960,2024,9.7,2026-08-18
A109960,2025,-22.9,2026-08-18
A049470,2022,-22.1,2026-08-18
A049470,2023,-68.4,2026-08-18
A049470,2024,2.5,2026-08-18
A049470,2025,-45.2,2026-08-18
A290720,2022,-20.9,2026-08-18
A290720,2023,-107.0,2026-08-18
A290720,2024,-153.4,2026-08-18
A290720,2025,-81.5,2026-08-18
A061970,2022,568.0,2026-08-18
A061970,2023,-127.1,2026-08-18
A061970,2024,-188.2,2026-08-18
A061970,2025,-398.0,2026-08-18
A007820,2022,20.1,2026-08-18
A007820,2023,-188.1,2026-08-18
A007820,2024,70.6,2026-08-18
A007820,2025,-79.5,2026-08-18
A335810,2022,-45.0,2026-08-18
A335810,2023,-48.1,2026-08-18
A335810,2024,-53.7,2026-08-18
A335810,2025,-53.8,2026-08-18
A065650,2022,-40.6,2026-08-18
A065650,2023,-18.9,2026-08-18
A065650,2024,-38.5,2026-08-18
A065650,2025,-42.8,2026-08-18
A314130,2022,-575.1,2026-08-18
A314130,2023,-550.9,2026-08-18
A314130,2024,-242.0,2026-08-18
A314130,2025,-292.3,2026-08-18
A389030,2022,-96.8,2026-08-18
A389030,2023,-100.8,2026-08-18
A389030,2024,-122.6,2026-08-18
A389030,2025,-116.7,2026-08-18
A185490,2022,-240.9,2026-08-18
A185490,2023,-270.9,2026-08-18
A185490,2024,-132.5,2026-08-18
A185490,2025,-98.5,2026-08-18
A331380,2022,26.6,2026-08-18
A331380,2023,26.5,2026-08-18
A331380,2024,-50.9,2026-08-18
A331380,2025,-102.0,2026-08-18
A182360,2022,69.3,2026-08-18
A182360,2023,154.2,2026-08-18
A182360,2024,119.8,2026-08-18
A182360,2025,-72.6,2026-08-18
A008250,2022,193.2,2026-08-18
A008250,2023,91.2,2026-08-18
A008250,2024,137.9,2026-08-18
A008250,2025,-38.3,2026-08-18
A406820,2022,40.5,2026-08-18
A406820,2023,-60.8,2026-08-18
A406820,2024,-12.1,2026-08-18
A406820,2025,-31.6,2026-08-18
A373200,2022,-0.8,2026-08-18
A373200,2023,-37.0,2026-08-18
A373200,2024,-38.9,2026-08-18
A373200,2025,-51.6,2026-08-18
A001360,2022,-139.6,2026-08-18
A001360,2023,-180.4,2026-08-18
A001360,2024,-148.3,2026-08-18
A001360,2025,-180.7,2026-08-18
A225570,2022,51.6,2026-08-18
A225570,2023,120.1,2026-08-18
A225570,2024,387.3,2026-08-18
A225570,2025,-602.4,2026-08-18
A073190,2022,-42.2,2026-08-18
A073190,2023,-38.8,2026-08-18
A073190,2024,-33.7,2026-08-18
A073190,2025,-30.2,2026-08-18
A018700,2022,-51.6,2026-08-18
A018700,2023,-56.9,2026-08-18
A018700,2024,-57.3,2026-08-18
A018700,2025,-30.0,2026-08-18
A030350,2022,-96.0,2026-08-18
A030350,2023,-133.3,2026-08-18
A030350,2024,-96.5,2026-08-18
A030350,2025,-19.4,2026-08-18
A270520,2022,-31.3,2026-08-18
A270520,2023,-65.5,2026-08-18
A270520,2024,-127.5,2026-08-18
A270520,2025,-111.6,2026-08-18
A271830,2022,245.6,2026-08-18
A271830,2023,108.3,2026-08-18
A271830,2024,-37.3,2026-08-18
A271830,2025,-41.3,2026-08-18
A000040,2022,-62.3,2026-08-18
A000040,2023,-61.9,2026-08-18
A000040,2024,-49.4,2026-08-18
A000040,2025,-28.9,2026-08-18
A446840,2022,-23.7,2026-08-18
A446840,2023,16.4,2026-08-18
A446840,2024,-17.7,2026-08-18
A446840,2025,-66.4,2026-08-18
A446840,2026,40.0,2026-08-18
A000950,2022,-350.5,2026-08-18
A000950,2023,-325.5,2026-08-18
A000950,2024,-84.8,2026-08-18
A000950,2025,-73.1,2026-08-18
A261200,2022,55.9,2026-08-18
A261200,2023,4.3,2026-08-18
A261200,2024,-4.5,2026-08-18
A261200,2025,-104.1,2026-08-18
A380550,2022,-94.2,2026-08-18
A380550,2023,-117.6,2026-08-18
A380550,2024,-146.5,2026-08-18
A380550,2025,-165.5,2026-08-18
A291650,2022,-83.2,2026-08-18
A291650,2023,-122.1,2026-08-18
A291650,2024,-70.5,2026-08-18
A291650,2025,-78.0,2026-08-18
A079000,2022,1.4,2026-08-18
A079000,2023,-0.9,2026-08-18
A079000,2024,-2.5,2026-08-18
A079000,2025,-43.2,2026-08-18
A038950,2022,-37.0,2026-08-18
A038950,2023,-6.6,2026-08-18
A038950,2024,-45.8,2026-08-18
A038950,2025,-45.8,2026-08-18
A403490,2022,38.1,2026-08-18
A403490,2023,33.5,2026-08-18
A403490,2024,35.5,2026-08-18
A403490,2025,-8.8,2026-08-18
A396270,2022,-274.0,2026-08-18
A396270,2023,-225.2,2026-08-18
A396270,2024,-184.4,2026-08-18
A396270,2025,-129.4,2026-08-18
A260930,2022,-152.2,2026-08-18
A260930,2023,27.4,2026-08-18
A260930,2024,1.3,2026-08-18
A260930,2025,-56.7,2026-08-18
A371950,2022,7.5,2026-08-18
A371950,2023,-219.3,2026-08-18
A371950,2024,-182.5,2026-08-18
A371950,2025,-199.3,2026-08-18
A308080,2022,-182.1,2026-08-18
A308080,2023,-200.8,2026-08-18
A308080,2024,-153.3,2026-08-18
A308080,2025,-171.1,2026-08-18
A054780,2022,-24.0,2026-08-18
A054780,2023,-14.8,2026-08-18
A054780,2024,6.5,2026-08-18
A054780,2025,-39.4,2026-08-18
A011230,2022,-43.0,2026-08-18
A011230,2023,-50.0,2026-08-18
A011230,2024,-72.7,2026-08-18
A011230,2025,-77.8,2026-08-18
A122990,2022,-129.7,2026-08-18
A122990,2023,134.8,2026-08-18
A122990,2024,4.6,2026-08-18
A122990,2025,-362.8,2026-08-18
A229000,2022,-110.1,2026-08-18
A229000,2023,-111.6,2026-08-18
A229000,2024,-85.3,2026-08-18
A229000,2025,-65.7,2026-08-18
A025870,2022,22.5,2026-08-18
A025870,2023,16.9,2026-08-18
A025870,2024,11.5,2026-08-18
A025870,2025,-15.6,2026-08-18
A348150,2022,-202.9,2026-08-18
A348150,2023,-184.6,2026-08-18
A348150,2024,-69.1,2026-08-18
A348150,2025,-96.5,2026-08-18
A205470,2022,2147.2,2026-08-18
A205470,2023,-523.5,2026-08-18
A205470,2024,-105.6,2026-08-18
A205470,2025,-105.5,2026-08-18
A407400,2022,11.3,2026-08-18
A407400,2023,-26.4,2026-08-18
A407400,2024,4.0,2026-08-18
A407400,2025,-42.5,2026-08-18
A303530,2022,4.1,2026-08-18
A303530,2023,6.4,2026-08-18
A303530,2024,-19.3,2026-08-18
A303530,2025,-29.0,2026-08-18
A206400,2022,-19.1,2026-08-18
A206400,2023,-70.1,2026-08-18
A206400,2024,-97.0,2026-08-18
A206400,2025,-53.6,2026-08-18
A086040,2022,8.0,2026-08-18
A086040,2023,-81.9,2026-08-18
A086040,2024,-88.8,2026-08-18
A086040,2025,-48.1,2026-08-18
A388870,2022,-106.2,2026-08-18
A388870,2023,-101.2,2026-08-18
A388870,2024,-126.0,2026-08-18
A388870,2025,-115.1,2026-08-18
A065690,2022,-151.9,2026-08-18
A065690,2023,-101.3,2026-08-18
A065690,2024,-14.3,2026-08-18
A065690,2025,-127.4,2026-08-18
A052300,2022,-2.2,2026-08-18
A052300,2023,-6.8,2026-08-18
A052300,2024,-32.7,2026-08-18
A052300,2025,-24.5,2026-08-18
A367000,2022,31.8,2026-08-18
A367000,2023,-45.4,2026-08-18
A367000,2024,-69.7,2026-08-18
A367000,2025,-44.7,2026-08-18
A040160,2022,104.0,2026-08-18
A040160,2023,19.8,2026-08-18
A040160,2024,-81.5,2026-08-18
A040160,2025,-60.9,2026-08-18
A217820,2022,39.5,2026-08-18
A217820,2023,28.9,2026-08-18
A217820,2024,-487.5,2026-08-18
A217820,2025,14.0,2026-08-18
A110790,2022,784.9,2026-08-18
A110790,2023,461.1,2026-08-18
A110790,2024,121.4,2026-08-18
A110790,2025,-47.3,2026-08-18
A333620,2022,40.6,2026-08-18
A333620,2023,18.5,2026-08-18
A333620,2024,104.5,2026-08-18
A333620,2025,-61.1,2026-08-18
A023960,2022,77.7,2026-08-18
A023960,2023,9.8,2026-08-18
A023960,2024,65.6,2026-08-18
A023960,2025,-49.6,2026-08-18
A215790,2022,29.2,2026-08-18
A215790,2023,-188.8,2026-08-18
A215790,2024,-274.5,2026-08-18
A215790,2025,-91.9,2026-08-18
A088280,2022,-34.0,2026-08-18
A088280,2023,-51.7,2026-08-18
A088280,2024,-45.4,2026-08-18
A088280,2025,-66.6,2026-08-18
A236810,2022,22.8,2026-08-18
A236810,2023,-19.3,2026-08-18
A236810,2024,-33.4,2026-08-18
A236810,2025,-65.0,2026-08-18
A254120,2022,-0.1,2026-08-18
A254120,2023,8.4,2026-08-18
A254120,2024,12.1,2026-08-18
A254120,2025,-39.2,2026-08-18
A450520,2022,70.4,2026-08-18
A450520,2023,51.8,2026-08-18
A450520,2024,-35.9,2026-08-18
A450520,2025,-48.6,2026-08-18
A088800,2022,-200.6,2026-08-18
A088800,2023,-622.9,2026-08-18
A088800,2024,-311.5,2026-08-18
A088800,2025,-221.5,2026-08-18
A043590,2022,-1.6,2026-08-18
A043590,2023,2.9,2026-08-18
A043590,2024,-99.6,2026-08-18
A043590,2025,-21.0,2026-08-18
A235980,2022,-371.9,2026-08-18
A235980,2023,-287.6,2026-08-18
A235980,2024,-218.2,2026-08-18
A235980,2025,-140.2,2026-08-18
A290090,2022,-64.6,2026-08-18
A290090,2023,20.1,2026-08-18
A290090,2024,6.0,2026-08-18
A290090,2025,-40.8,2026-08-18
A043220,2022,-26.2,2026-08-18
A043220,2023,-17.2,2026-08-18
A043220,2024,-57.3,2026-08-18
A043220,2025,-58.7,2026-08-18
A286750,2022,-35.9,2026-08-18
A286750,2023,-24.8,2026-08-18
A286750,2024,-34.4,2026-08-18
A286750,2025,-65.8,2026-08-18
A323990,2022,-82.1,2026-08-18
A323990,2023,-115.1,2026-08-18
A323990,2024,-150.4,2026-08-18
A323990,2025,-155.0,2026-08-18
A347860,2022,-168.5,2026-08-18
A347860,2023,-185.2,2026-08-18
A347860,2024,-104.3,2026-08-18
A347860,2025,-102.5,2026-08-18
A082660,2021,-52.6,2026-08-18
A082660,2022,-76.9,2026-08-18
A082660,2023,-65.3,2026-08-18
A082660,2024,-82.9,2026-08-18
A002200,2022,257.0,2026-08-18
A002200,2023,228.8,2026-08-18
A002200,2024,-5.9,2026-08-18
A002200,2025,-65.6,2026-08-18
A147760,2022,-52.3,2026-08-18
A147760,2023,-52.7,2026-08-18
A147760,2024,-131.0,2026-08-18
A147760,2025,-204.0,2026-08-18
A188260,2022,-40.8,2026-08-18
A188260,2023,-64.8,2026-08-18
A188260,2024,-58.7,2026-08-18
A188260,2025,-43.7,2026-08-18
A035080,2022,145.8,2026-08-18
A035080,2023,29.1,2026-08-18
A035080,2024,-55.1,2026-08-18
A035080,2025,-295.8,2026-08-18
A071850,2022,-107.6,2026-08-18
A071850,2023,-92.1,2026-08-18
A071850,2024,-100.2,2026-08-18
A071850,2025,-62.7,2026-08-18
A246250,2022,24.2,2026-08-18
A246250,2023,10.3,2026-08-18
A246250,2024,2.9,2026-08-18
A246250,2025,-41.1,2026-08-18
A284620,2022,-161.6,2026-08-18
A284620,2023,-168.1,2026-08-18
A284620,2024,-123.3,2026-08-18
A284620,2025,-64.4,2026-08-18
A348030,2022,53.2,2026-08-18
A348030,2023,-15.2,2026-08-18
A348030,2024,-93.1,2026-08-18
A348030,2025,-89.2,2026-08-18
A261520,2022,3.9,2026-08-18
A261520,2023,30.0,2026-08-18
A261520,2024,23.9,2026-08-18
A261520,2025,-68.0,2026-08-18
A298690,2022,-813.1,2026-08-18
A298690,2023,1597.5,2026-08-18
A298690,2024,1462.8,2026-08-18
A298690,2025,-45.2,2026-08-18
A455180,2022,9.2,2026-08-18
A455180,2023,7.2,2026-08-18
A455180,2024,34.1,2026-08-18
A455180,2025,-36.9,2026-08-18
A321370,2022,-156.9,2026-08-18
A321370,2023,-180.4,2026-08-18
A321370,2024,-157.9,2026-08-18
A321370,2025,-115.6,2026-08-18
A475560,2022,257.6,2026-08-18
A475560,2023,255.9,2026-08-18
A475560,2024,360.2,2026-08-18
A475560,2025,-236.8,2026-08-18
A023440,2022,-61.9,2026-08-18
A023440,2023,-83.6,2026-08-18
A023440,2024,-146.9,2026-08-18
A023440,2025,-84.8,2026-08-18
A226340,2022,7.4,2026-08-18
A226340,2023,67.4,2026-08-18
A226340,2024,17.2,2026-08-18
A226340,2025,-83.3,2026-08-18
A228670,2022,162.1,2026-08-18
A228670,2023,61.2,2026-08-18
A228670,2024,-442.5,2026-08-18
A228670,2025,-97.9,2026-08-18
A431190,2022,17.5,2026-08-18
A431190,2023,11.2,2026-08-18
A431190,2024,-37.2,2026-08-18
A431190,2025,-35.1,2026-08-18
A101730,2022,252.8,2026-08-18
A101730,2023,37.6,2026-08-18
A101730,2024,-80.9,2026-08-18
A101730,2025,-487.5,2026-08-18
A047560,2022,-56.7,2026-08-18
A047560,2023,-89.1,2026-08-18
A047560,2024,-134.6,2026-08-18
A047560,2025,-189.5,2026-08-18
A452450,2022,81.2,2026-08-18
A452450,2023,39.9,2026-08-18
A452450,2024,94.3,2026-08-18
A452450,2025,-212.2,2026-08-18
A042940,2022,54.0,2026-08-18
A042940,2023,324.6,2026-08-18
A042940,2024,-217.7,2026-08-18
A042940,2025,-68.5,2026-08-18
A352700,2022,267.2,2026-08-18
A352700,2023,-7.4,2026-08-18
A352700,2024,14.0,2026-08-18
A352700,2025,-57.5,2026-08-18
A196300,2022,-43.2,2026-08-18
A196300,2023,-67.2,2026-08-18
A196300,2024,-54.4,2026-08-18
A196300,2025,-73.2,2026-08-18
A052220,2022,25.6,2026-08-18
A052220,2023,11.6,2026-08-18
A052220,2024,6.3,2026-08-18
A052220,2025,-76.3,2026-08-18
A189860,2022,-29.1,2026-08-18
A189860,2023,-34.6,2026-08-18
A189860,2024,6.1,2026-08-18
A189860,2025,-88.0,2026-08-18
A432720,2022,-36.7,2026-08-18
A432720,2023,-111.9,2026-08-18
A432720,2024,-226.9,2026-08-18
A432720,2025,-244.7,2026-08-18
A183490,2022,-146.6,2026-08-18
A183490,2023,-143.6,2026-08-18
A183490,2024,-131.9,2026-08-18
A183490,2025,-143.4,2026-08-18
A078160,2022,-174.2,2026-08-18
A078160,2023,-251.3,2026-08-18
A078160,2024,-485.4,2026-08-18
A078160,2025,-679.8,2026-08-18
A382150,2022,-100.0,2026-08-18
A382150,2023,-68.1,2026-08-18
A382150,2024,-69.6,2026-08-18
A382150,2025,-88.3,2026-08-18
A299660,2022,-149.1,2026-08-18
A299660,2023,-122.0,2026-08-18
A299660,2024,-119.8,2026-08-18
A299660,2025,-113.4,2026-08-18
A461030,2022,-86.7,2026-08-18
A461030,2023,-77.7,2026-08-18
A461030,2024,-106.1,2026-08-18
A461030,2025,-86.6,2026-08-18
A005870,2022,126.6,2026-08-18
A005870,2023,173.6,2026-08-18
A005870,2024,91.3,2026-08-18
A005870,2025,-120.3,2026-08-18
A004380,2022,206.4,2026-08-18
A004380,2023,69.4,2026-08-18
A004380,2024,5.6,2026-08-18
A004380,2025,-354.6,2026-08-18
A102460,2022,96.3,2026-08-18
A102460,2023,40.3,2026-08-18
A102460,2024,0.8,2026-08-18
A102460,2025,-302.7,2026-08-18
A348370,2022,153.6,2026-08-18
A348370,2023,51.2,2026-08-18
A348370,2024,-504.0,2026-08-18
A348370,2025,-783.9,2026-08-18
A049080,2022,-71.0,2026-08-18
A049080,2023,-117.7,2026-08-18
A049080,2024,-73.5,2026-08-18
A049080,2025,-124.8,2026-08-18
A003080,2022,19.0,2026-08-18
A003080,2023,2.0,2026-08-18
A003080,2024,-29.3,2026-08-18
A003080,2025,-81.4,2026-08-18
A331740,2023,-244.8,2026-08-18
A331740,2024,-180.4,2026-08-18
A331740,2025,-135.2,2026-08-18
A291230,2022,-9.6,2026-08-18
A291230,2023,-37.0,2026-08-18
A291230,2024,-41.5,2026-08-18
A291230,2025,-30.5,2026-08-18
A225190,2022,110.1,2026-08-18
A225190,2023,-11.3,2026-08-18
A225190,2024,-32.3,2026-08-18
A225190,2025,-168.5,2026-08-18
A109740,2022,-131.2,2026-08-18
A109740,2023,-97.1,2026-08-18
A109740,2024,-197.0,2026-08-18
A109740,2025,-227.2,2026-08-18
A452200,2022,-27.6,2026-08-18
A452200,2023,-66.0,2026-08-18
A452200,2024,-109.6,2026-08-18
A452200,2025,-88.0,2026-08-18
A091440,2022,-93.6,2026-08-18
A091440,2023,-40.5,2026-08-18
A091440,2024,-129.5,2026-08-18
A091440,2025,-246.0,2026-08-18
A001520,2022,79.2,2026-08-18
A001520,2023,265.5,2026-08-18
A001520,2024,-9.2,2026-08-18
A001520,2025,-207.4,2026-08-18
A033340,2022,-43.1,2026-08-18
A033340,2023,12.9,2026-08-18
A033340,2024,13.0,2026-08-18
A033340,2025,-60.8,2026-08-18
A011090,2022,-235.3,2026-08-18
A011090,2023,-69.9,2026-08-18
A011090,2024,51.0,2026-08-18
A011090,2025,5.5,2026-08-18
A035620,2022,-42.2,2026-08-18
A035620,2023,-48.2,2026-08-18
A035620,2024,-2.7,2026-08-18
A035620,2025,-22.8,2026-08-18
A064520,2022,-38.1,2026-08-18
A064520,2023,-45.4,2026-08-18
A064520,2024,-3.8,2026-08-18
A064520,2025,-56.0,2026-08-18
A140070,2022,319.1,2026-08-18
A140070,2023,130.3,2026-08-18
A140070,2024,141.6,2026-08-18
A140070,2025,-117.0,2026-08-18
A023770,2022,-71.9,2026-08-18
A023770,2023,-66.5,2026-08-18
A023770,2024,-85.3,2026-08-18
A023770,2025,-46.8,2026-08-18
A412350,2022,-50.3,2026-08-18
A412350,2023,-57.8,2026-08-18
A412350,2024,-92.1,2026-08-18
A412350,2025,-135.5,2026-08-18
A063080,2022,-264.3,2026-08-18
A063080,2023,-33.5,2026-08-18
A063080,2024,-505.5,2026-08-18
A063080,2025,-68.2,2026-08-18
A064090,2022,-132.3,2026-08-18
A064090,2023,-5.7,2026-08-18
A064090,2024,-35.4,2026-08-18
A064090,2025,-60.8,2026-08-18
A038880,2022,-25.4,2026-08-18
A038880,2023,-102.2,2026-08-18
A038880,2024,-64.4,2026-08-18
A038880,2025,-73.2,2026-08-18
A148250,2022,32.8,2026-08-18
A148250,2023,-14.5,2026-08-18
A148250,2024,-26.9,2026-08-18
A148250,2025,-34.3,2026-08-18
A279600,2022,-20.4,2026-08-18
A279600,2023,-52.7,2026-08-18
A279600,2024,-46.7,2026-08-18
A279600,2025,-22.3,2026-08-18
A238490,2022,-132.8,2026-08-18
A238490,2023,56.9,2026-08-18
A238490,2024,1.7,2026-08-18
A238490,2025,-75.3,2026-08-18
A299900,2022,-233.2,2026-08-18
A299900,2023,-202.8,2026-08-18
A299900,2024,-118.2,2026-08-18
A299900,2025,-95.6,2026-08-18
A464500,2022,-15.1,2026-08-18
A464500,2023,-35.2,2026-08-18
A464500,2024,-48.8,2026-08-18
A464500,2025,-55.7,2026-08-18
A090370,2022,-20.5,2026-08-18
A090370,2023,-38.6,2026-08-18
A090370,2024,-32.0,2026-08-18
A090370,2025,-72.4,2026-08-18
A009580,2022,682.9,2026-08-18
A009580,2023,116.1,2026-08-18
A009580,2024,364.7,2026-08-18
A009580,2025,-244.6,2026-08-18
A166480,2022,-63.5,2026-08-18
A166480,2023,-196.8,2026-08-18
A166480,2024,-220.2,2026-08-18
A166480,2025,-212.2,2026-08-18
A278650,2022,64.1,2026-08-18
A278650,2023,-12.8,2026-08-18
A278650,2024,-129.7,2026-08-18
A278650,2025,-86.2,2026-08-18
A261780,2022,-64.7,2026-08-18
A261780,2023,-64.2,2026-08-18
A261780,2024,-77.0,2026-08-18
A261780,2025,-142.7,2026-08-18
A950210,2022,-585.2,2026-08-18
A950210,2023,-695.7,2026-08-18
A950210,2024,-627.8,2026-08-18
A950210,2025,-673.5,2026-08-18
A073110,2022,14.6,2026-08-18
A073110,2023,-86.0,2026-08-18
A073110,2024,-36.7,2026-08-18
A073110,2025,-96.2,2026-08-18
A128540,2022,-19.2,2026-08-18
A128540,2023,39.5,2026-08-18
A128540,2024,196.0,2026-08-18
A128540,2025,-31.6,2026-08-18
A088340,2022,23.2,2026-08-18
A088340,2023,31.0,2026-08-18
A088340,2024,19.7,2026-08-18
A088340,2025,-67.7,2026-08-18
A088340,2026,-35.0,2026-08-18
A175140,2022,-66.2,2026-08-18
A175140,2023,-79.9,2026-08-18
A175140,2024,-65.9,2026-08-18
A175140,2025,-116.3,2026-08-18
A092220,2022,180.3,2026-08-18
A092220,2023,-330.0,2026-08-18
A092220,2024,-132.7,2026-08-18
A092220,2025,-217.6,2026-08-18
A106240,2022,7.2,2026-08-18
A106240,2023,12.5,2026-08-18
A106240,2024,-17.4,2026-08-18
A106240,2025,-64.1,2026-08-18
A262260,2022,-25.1,2026-08-18
A262260,2023,155.1,2026-08-18
A262260,2024,33.6,2026-08-18
A262260,2025,-58.3,2026-08-18
A087600,2022,29.1,2026-08-18
A087600,2023,-62.8,2026-08-18
A087600,2024,8.5,2026-08-18
A087600,2025,-56.3,2026-08-18
A073570,2022,-37.5,2026-08-18
A073570,2023,-68.1,2026-08-18
A073570,2024,-52.2,2026-08-18
A073570,2025,-44.8,2026-08-18
A092040,2022,-49.0,2026-08-18
A092040,2023,20.6,2026-08-18
A092040,2024,-70.5,2026-08-18
A092040,2025,-171.4,2026-08-18
A315640,2022,-61.6,2026-08-18
A315640,2023,-67.3,2026-08-18
A315640,2024,-101.0,2026-08-18
A315640,2025,-105.6,2026-08-18
A139990,2022,46.0,2026-08-18
A139990,2023,-133.2,2026-08-18
A139990,2024,-424.0,2026-08-18
A139990,2025,-255.7,2026-08-18
A340810,2022,-63.4,2026-08-18
A340810,2023,-97.7,2026-08-18
A340810,2024,-104.4,2026-08-18
A340810,2025,-112.7,2026-08-18
A000670,2022,688.7,2026-08-18
A000670,2023,-1698.1,2026-08-18
A000670,2024,-1607.0,2026-08-18
A000670,2025,-2596.9,2026-08-18
A309930,2022,15.9,2026-08-18
A309930,2023,20.6,2026-08-18
A309930,2024,-23.9,2026-08-18
A309930,2025,-87.7,2026-08-18
A219750,2022,-76.1,2026-08-18
A219750,2023,-73.3,2026-08-18
A219750,2024,9.9,2026-08-18
A219750,2025,-28.5,2026-08-18
A012170,2022,-78.9,2026-08-18
A012170,2023,-105.0,2026-08-18
A012170,2024,-41.2,2026-08-18
A012170,2025,-43.2,2026-08-18
A012200,2022,-106.3,2026-08-18
A012200,2023,-38.9,2026-08-18
A012200,2024,-152.6,2026-08-18
A012200,2025,-271.0,2026-08-18
A251630,2022,0.4,2026-08-18
A251630,2023,19.8,2026-08-18
A251630,2024,-43.6,2026-08-18
A251630,2025,-128.3,2026-08-18
A101400,2022,-1.8,2026-08-18
A101400,2023,4.2,2026-08-18
A101400,2024,-24.6,2026-08-18
A101400,2025,-50.6,2026-08-18
A372170,2022,320.7,2026-08-18
A372170,2023,264.7,2026-08-18
A372170,2024,319.1,2026-08-18
A372170,2025,-316.4,2026-08-18
A276730,2022,-116.1,2026-08-18
A276730,2023,-104.3,2026-08-18
A276730,2024,-48.3,2026-08-18
A276730,2025,-49.0,2026-08-18
A066910,2022,-59.9,2026-08-18
A066910,2023,-95.0,2026-08-18
A066910,2024,-90.9,2026-08-18
A066910,2025,-66.8,2026-08-18
A005360,2022,62.8,2026-08-18
A005360,2023,-22.7,2026-08-18
A005360,2024,-38.1,2026-08-18
A005360,2025,-58.5,2026-08-18
A017040,2022,46.4,2026-08-18
A017040,2023,-22.7,2026-08-18
A017040,2024,-87.7,2026-08-18
A017040,2025,-99.7,2026-08-18
A351330,2022,23.6,2026-08-18
A351330,2023,1.3,2026-08-18
A351330,2024,-45.4,2026-08-18
A351330,2025,-71.8,2026-08-18
A019660,2022,-40.9,2026-08-18
A019660,2023,-39.9,2026-08-18
A019660,2024,2.4,2026-08-18
A019660,2025,-48.3,2026-08-18
A476080,2022,17.2,2026-08-18
A476080,2023,43.7,2026-08-18
A476080,2024,14.5,2026-08-18
A476080,2025,-89.7,2026-08-18
A065130,2022,-285.1,2026-08-18
A065130,2023,219.1,2026-08-18
A065130,2024,-74.7,2026-08-18
A065130,2025,-352.2,2026-08-18
A050090,2022,1.9,2026-08-18
A050090,2023,-6.9,2026-08-18
A050090,2024,-20.3,2026-08-18
A050090,2025,-35.7,2026-08-18
A206560,2022,-25.1,2026-08-18
A206560,2023,-0.4,2026-08-18
A206560,2024,-89.0,2026-08-18
A206560,2025,-65.1,2026-08-18
A383930,2022,52.9,2026-08-18
A383930,2023,-121.2,2026-08-18
A383930,2024,-113.0,2026-08-18
A383930,2025,-57.4,2026-08-18
A347770,2022,11.2,2026-08-18
A347770,2023,26.0,2026-08-18
A347770,2024,-48.7,2026-08-18
A347770,2025,-61.1,2026-08-18
A290670,2022,265.1,2026-08-18
A290670,2023,1.3,2026-08-18
A290670,2024,-98.0,2026-08-18
A290670,2025,-104.4,2026-08-18
A384470,2022,-101.6,2026-08-18
A384470,2023,-116.6,2026-08-18
A384470,2024,-137.8,2026-08-18
A384470,2025,-134.4,2026-08-18
A049120,2022,-39.7,2026-08-18
A049120,2023,-96.2,2026-08-18
A049120,2024,-7.4,2026-08-18
A049120,2025,-40.8,2026-08-18
A037400,2022,347.6,2026-08-18
A037400,2023,264.9,2026-08-18
A037400,2024,162.5,2026-08-18
A037400,2025,11.4,2026-08-18
A348080,2022,-232.9,2026-08-18
A348080,2023,-169.3,2026-08-18
A348080,2024,-197.2,2026-08-18
A348080,2025,-103.3,2026-08-18
A193250,2022,-24.3,2026-08-18
A193250,2023,-44.3,2026-08-18
A193250,2024,-60.6,2026-08-18
A193250,2025,-72.1,2026-08-18
A456070,2022,-93.2,2026-08-18
A456070,2023,-117.6,2026-08-18
A456070,2024,-156.8,2026-08-18
A456070,2025,-179.0,2026-08-18
A225430,2022,-12.5,2026-08-18
A225430,2023,-10.9,2026-08-18
A225430,2024,-25.7,2026-08-18
A225430,2025,-29.2,2026-08-18
A369370,2022,-36.4,2026-08-18
A369370,2023,-80.9,2026-08-18
A369370,2024,-66.2,2026-08-18
A369370,2025,-90.5,2026-08-18
A363250,2022,-66.0,2026-08-18
A363250,2023,-94.8,2026-08-18
A363250,2024,-101.2,2026-08-18
A363250,2025,-96.9,2026-08-18
A305090,2022,-79.5,2026-08-18
A305090,2023,8.8,2026-08-18
A305090,2024,2.8,2026-08-18
A305090,2025,-91.7,2026-08-18
A050120,2022,153.4,2026-08-18
A050120,2023,107.9,2026-08-18
A050120,2024,-37.4,2026-08-18
A050120,2025,-128.3,2026-08-18
A224060,2022,-90.2,2026-08-18
A224060,2023,-104.0,2026-08-18
A224060,2024,2.5,2026-08-18
A224060,2025,-8.3,2026-08-18
A317120,2022,-18.0,2026-08-18
A317120,2023,-29.6,2026-08-18
A317120,2024,-54.2,2026-08-18
A317120,2025,-60.5,2026-08-18
A446070,2022,14.3,2026-08-18
A446070,2023,-40.7,2026-08-18
A446070,2024,30.5,2026-08-18
A446070,2025,-91.5,2026-08-18
A432430,2022,-4.4,2026-08-18
A432430,2023,-55.1,2026-08-18
A432430,2024,-95.1,2026-08-18
A432430,2025,-87.4,2026-08-18
A253840,2022,249.7,2026-08-18
A253840,2023,-227.6,2026-08-18
A253840,2024,-220.2,2026-08-18
A253840,2025,-188.2,2026-08-18
A288330,2022,-435.0,2026-08-18
A288330,2023,-403.5,2026-08-18
A288330,2024,-190.1,2026-08-18
A288330,2025,-151.5,2026-08-18
A225220,2022,147.4,2026-08-18
A225220,2023,-70.9,2026-08-18
A225220,2024,-91.6,2026-08-18
A225220,2025,-86.4,2026-08-18
A101680,2022,15.2,2026-08-18
A101680,2023,-70.2,2026-08-18
A101680,2024,20.7,2026-08-18
A101680,2025,-75.3,2026-08-18
A300120,2022,23.9,2026-08-18
A300120,2023,-111.4,2026-08-18
A300120,2024,-162.5,2026-08-18
A300120,2025,-161.9,2026-08-18
A091120,2022,339.3,2026-08-18
A091120,2023,-146.0,2026-08-18
A091120,2024,-305.1,2026-08-18
A091120,2025,-199.1,2026-08-18
A334970,2022,-366.3,2026-08-18
A334970,2023,-442.1,2026-08-18
A334970,2024,-334.3,2026-08-18
A334970,2025,-336.8,2026-08-18
A317690,2022,-200.2,2026-08-18
A317690,2023,-224.5,2026-08-18
A317690,2024,-161.5,2026-08-18
A317690,2025,-155.6,2026-08-18
A153490,2022,27.4,2026-08-18
A153490,2023,50.5,2026-08-18
A153490,2024,68.7,2026-08-18
A153490,2025,2.9,2026-08-18
A131760,2022,66.7,2026-08-18
A131760,2023,-42.3,2026-08-18
A131760,2024,18.7,2026-08-18
A131760,2025,-29.3,2026-08-18
A351320,2022,-1.6,2026-08-18
A351320,2023,-85.6,2026-08-18
A351320,2024,-63.7,2026-08-18
A351320,2025,-94.6,2026-08-18
A101000,2022,-145.5,2026-08-18
A101000,2023,-12.0,2026-08-18
A101000,2024,-7.5,2026-08-18
A101000,2025,-46.2,2026-08-18
A226330,2022,-117.9,2026-08-18
A226330,2023,-122.8,2026-08-18
A226330,2024,-142.7,2026-08-18
A226330,2025,-107.6,2026-08-18
A288980,2022,10.8,2026-08-18
A288980,2023,-3.6,2026-08-18
A288980,2024,-13.3,2026-08-18
A288980,2025,-59.3,2026-08-18
A192390,2022,97.3,2026-08-18
A192390,2023,183.6,2026-08-18
A192390,2024,110.3,2026-08-18
A192390,2025,-39.3,2026-08-18
A476040,2022,-105.5,2026-08-18
A476040,2023,-97.9,2026-08-18
A476040,2024,-122.3,2026-08-18
A476040,2025,-162.0,2026-08-18
A006370,2022,-163.0,2026-08-18
A006370,2023,-151.5,2026-08-18
A006370,2024,-150.0,2026-08-18
A006370,2025,-149.7,2026-08-18
A042040,2022,-4.5,2026-08-18
A042040,2023,-144.6,2026-08-18
A042040,2024,-45.6,2026-08-18
A042040,2025,-171.5,2026-08-18
A095700,2022,-336.8,2026-08-18
A095700,2023,-412.4,2026-08-18
A095700,2024,-372.5,2026-08-18
A095700,2025,-361.7,2026-08-18
A239340,2022,-7.3,2026-08-18
A239340,2023,-61.8,2026-08-18
A239340,2024,-48.1,2026-08-18
A239340,2025,-55.8,2026-08-18
A090470,2022,374.9,2026-08-18
A090470,2023,-3.7,2026-08-18
A090470,2024,-57.8,2026-08-18
A090470,2025,-236.7,2026-08-18
A038540,2022,648.5,2026-08-18
A038540,2023,-647.2,2026-08-18
A038540,2024,-764.1,2026-08-18
A038540,2025,-482.1,2026-08-18
A060230,2022,-44.3,2026-08-18
A060230,2023,-93.2,2026-08-18
A060230,2024,-105.8,2026-08-18
A060230,2025,-82.5,2026-08-18
A005110,2022,98.5,2026-08-18
A005110,2023,-84.0,2026-08-18
A005110,2024,-94.4,2026-08-18
A005110,2025,-77.8,2026-08-18
A475040,2022,-551.7,2026-08-18
A475040,2023,-649.0,2026-08-18
A475040,2024,-638.8,2026-08-18
A475040,2025,-586.0,2026-08-18
A012160,2022,42.3,2026-08-18
A012160,2023,11.7,2026-08-18
A012160,2024,30.7,2026-08-18
A012160,2025,-131.7,2026-08-18
A006570,2022,69.5,2026-08-18
A006570,2023,-49.3,2026-08-18
A006570,2024,-34.1,2026-08-18
A006570,2025,-95.7,2026-08-18
A083660,2022,-92.7,2026-08-18
A083660,2023,-59.1,2026-08-18
A083660,2024,-37.7,2026-08-18
A083660,2025,-56.3,2026-08-18
A298060,2022,-125.8,2026-08-18
A298060,2023,-130.0,2026-08-18
A298060,2024,-113.1,2026-08-18
A298060,2025,-45.3,2026-08-18
A199550,2022,25.1,2026-08-18
A199550,2023,44.8,2026-08-18
A199550,2024,-2.0,2026-08-18
A199550,2025,-120.4,2026-08-18
A034940,2022,-4.8,2026-08-18
A034940,2023,-68.3,2026-08-18
A034940,2024,-96.5,2026-08-18
A034940,2025,-66.0,2026-08-18
A007680,2022,178.5,2026-08-18
A007680,2023,-620.0,2026-08-18
A007680,2024,2.0,2026-08-18
A007680,2025,-137.5,2026-08-18
A365590,2022,-22.7,2026-08-18
A365590,2023,-86.1,2026-08-18
A365590,2024,-91.2,2026-08-18
A365590,2025,-117.3,2026-08-18
A016100,2022,5.0,2026-08-18
A016100,2023,-43.1,2026-08-18
A016100,2024,-29.0,2026-08-18
A016100,2025,-70.9,2026-08-18
A389680,2022,-11.1,2026-08-18
A389680,2023,1.5,2026-08-18
A389680,2024,-20.1,2026-08-18
A389680,2025,-36.5,2026-08-18
A065950,2022,63.0,2026-08-18
A065950,2023,48.5,2026-08-18
A065950,2024,21.7,2026-08-18
A065950,2025,-111.2,2026-08-18
A429270,2022,-48.5,2026-08-18
A429270,2023,-54.4,2026-08-18
A429270,2024,-62.9,2026-08-18
A429270,2025,-75.9,2026-08-18
A429270,2026,-70.0,2026-08-18
A203400,2022,-251.7,2026-08-18
A203400,2023,-312.5,2026-08-18
A203400,2024,-340.7,2026-08-18
A203400,2025,-193.7,2026-08-18
A012340,2022,-82.2,2026-08-18
A012340,2023,-110.9,2026-08-18
A012340,2024,-58.6,2026-08-18
A012340,2025,-72.3,2026-08-18
A438700,2022,-141.4,2026-08-18
A438700,2023,-113.1,2026-08-18
A438700,2024,-127.0,2026-08-18
A438700,2025,-84.9,2026-08-18
A377030,2022,-107.7,2026-08-18
A377030,2023,-165.2,2026-08-18
A377030,2024,-185.4,2026-08-18
A377030,2025,-108.6,2026-08-18
A123840,2022,-79.6,2026-08-18
A123840,2023,-91.2,2026-08-18
A123840,2024,-98.2,2026-08-18
A123840,2025,-133.8,2026-08-18
A239610,2022,-6.0,2026-08-18
A239610,2023,-46.9,2026-08-18
A239610,2024,-98.6,2026-08-18
A239610,2025,-110.5,2026-08-18
A105550,2022,-20.5,2026-08-18
A105550,2023,-48.4,2026-08-18
A105550,2024,-50.7,2026-08-18
A105550,2025,-155.4,2026-08-18
A002360,2022,8.1,2026-08-18
A002360,2023,-41.2,2026-08-18
A002360,2024,-96.9,2026-08-18
A002360,2025,-122.5,2026-08-18
A241840,2022,85.0,2026-08-18
A241840,2023,69.5,2026-08-18
A241840,2024,-35.0,2026-08-18
A241840,2025,-72.8,2026-08-18
A022220,2022,45.3,2026-08-18
A022220,2023,44.4,2026-08-18
A022220,2024,-36.9,2026-08-18
A022220,2025,-108.4,2026-08-18
A335870,2022,37.1,2026-08-18
A335870,2023,39.8,2026-08-18
A335870,2024,18.9,2026-08-18
A335870,2025,-28.0,2026-08-18
A372800,2022,-113.4,2026-08-18
A372800,2023,-63.9,2026-08-18
A372800,2024,1.7,2026-08-18
A372800,2025,-53.9,2026-08-18
A067570,2022,531.5,2026-08-18
A067570,2023,629.2,2026-08-18
A067570,2024,675.8,2026-08-18
A067570,2025,-218.7,2026-08-18
A096690,2022,3.5,2026-08-18
A096690,2023,-70.7,2026-08-18
A096690,2024,-208.1,2026-08-18
A096690,2025,-109.3,2026-08-18
A363280,2022,167.6,2026-08-18
A363280,2023,-3437.6,2026-08-18
A363280,2024,-809.1,2026-08-18
A363280,2025,-345.6,2026-08-18
A101670,2022,-38.1,2026-08-18
A101670,2023,-358.3,2026-08-18
A101670,2024,-67.9,2026-08-18
A101670,2025,-150.6,2026-08-18
A083790,2022,-230.5,2026-08-18
A083790,2023,-309.1,2026-08-18
A083790,2024,-388.1,2026-08-18
A083790,2025,-237.6,2026-08-18
A054180,2022,-115.2,2026-08-18
A054180,2023,-106.6,2026-08-18
A054180,2024,-100.5,2026-08-18
A054180,2025,-57.5,2026-08-18
A352770,2022,-107.8,2026-08-18
A352770,2023,-345.9,2026-08-18
A352770,2024,-287.1,2026-08-18
A352770,2025,-77.6,2026-08-18
A223310,2022,4.2,2026-08-18
A223310,2023,-3.6,2026-08-18
A223310,2024,-32.2,2026-08-18
A223310,2025,-74.8,2026-08-18
A195990,2022,-86.0,2026-08-18
A195990,2023,-88.1,2026-08-18
A195990,2024,-102.1,2026-08-18
A195990,2025,-92.8,2026-08-18
A060560,2022,236.5,2026-08-18
A060560,2023,397.2,2026-08-18
A060560,2024,123.1,2026-08-18
A060560,2025,-185.1,2026-08-18
A405000,2022,-173.5,2026-08-18
A405000,2023,-205.7,2026-08-18
A405000,2024,-176.6,2026-08-18
A405000,2025,-76.0,2026-08-18
A053290,2022,67.7,2026-08-18
A053290,2023,11.1,2026-08-18
A053290,2024,-10.5,2026-08-18
A053290,2025,10.7,2026-08-18
A078860,2022,-108.1,2026-08-18
A078860,2023,-63.0,2026-08-18
A078860,2024,-64.7,2026-08-18
A078860,2025,-80.2,2026-08-18
A020560,2022,5987.6,2026-08-18
A020560,2023,6199.3,2026-08-18
A020560,2024,2756.9,2026-08-18
A020560,2025,-3451.9,2026-08-18
A064800,2022,-12.0,2026-08-18
A064800,2023,-93.3,2026-08-18
A064800,2024,-261.6,2026-08-18
A064800,2025,-211.2,2026-08-18
A950220,2022,-581.8,2026-08-18
A950220,2023,-556.2,2026-08-18
A950220,2024,-400.4,2026-08-18
A950220,2025,-252.2,2026-08-18
A269620,2022,-0.4,2026-08-18
A269620,2023,-30.0,2026-08-18
A269620,2024,-18.4,2026-08-18
A269620,2025,-25.7,2026-08-18
A058450,2022,-56.1,2026-08-18
A058450,2023,-29.3,2026-08-18
A058450,2024,-65.1,2026-08-18
A058450,2025,-59.9,2026-08-18
A368600,2022,-76.4,2026-08-18
A368600,2023,-100.6,2026-08-18
A368600,2024,-32.3,2026-08-18
A368600,2025,-144.9,2026-08-18
A031860,2022,-64.7,2026-08-18
A031860,2023,-101.7,2026-08-18
A031860,2024,-61.2,2026-08-18
A031860,2025,-78.3,2026-08-18
A069920,2022,-120.8,2026-08-18
A069920,2023,-115.7,2026-08-18
A069920,2024,-105.1,2026-08-18
A069920,2025,-59.1,2026-08-18
A079950,2022,-126.8,2026-08-18
A079950,2023,-141.4,2026-08-18
A079950,2024,-108.6,2026-08-18
A079950,2025,-86.1,2026-08-18
A354200,2022,-86.0,2026-08-18
A354200,2023,-134.3,2026-08-18
A354200,2024,-125.9,2026-08-18
A354200,2025,-82.8,2026-08-18
A026150,2022,26.8,2026-08-18
A026150,2023,24.9,2026-08-18
A026150,2024,87.5,2026-08-18
A026150,2025,-316.5,2026-08-18
A355390,2022,-63.1,2026-08-18
A355390,2023,-17.9,2026-08-18
A355390,2024,-117.3,2026-08-18
A355390,2025,-133.7,2026-08-18
A005320,2022,170.3,2026-08-18
A005320,2023,-35.8,2026-08-18
A005320,2024,-43.5,2026-08-18
A005320,2025,-18.6,2026-08-18
A065420,2022,-22.7,2026-08-18
A065420,2023,-85.9,2026-08-18
A065420,2024,-36.9,2026-08-18
A065420,2025,-29.0,2026-08-18
A304840,2022,-117.0,2026-08-18
A304840,2023,-152.5,2026-08-18
A304840,2024,-86.2,2026-08-18
A304840,2025,-83.8,2026-08-18
A033170,2022,88.8,2026-08-18
A033170,2023,-150.0,2026-08-18
A033170,2024,-258.3,2026-08-18
A033170,2025,-238.3,2026-08-18
A033540,2022,-18.1,2026-08-18
A033540,2023,-160.2,2026-08-18
A033540,2024,37.2,2026-08-18
A033540,2025,-137.4,2026-08-18
A007770,2022,53.9,2026-08-18
A007770,2023,-94.1,2026-08-18
A007770,2024,-65.7,2026-08-18
A007770,2025,-119.9,2026-08-18
A311690,2022,-332.3,2026-08-18
A311690,2023,-320.6,2026-08-18
A311690,2024,-342.4,2026-08-18
A311690,2025,-247.9,2026-08-18
A462510,2022,-33.4,2026-08-18
A462510,2023,-35.3,2026-08-18
A462510,2024,-96.6,2026-08-18
A462510,2025,-118.4,2026-08-18
A015260,2022,-106.8,2026-08-18
A015260,2023,-18.2,2026-08-18
A015260,2024,-59.9,2026-08-18
A015260,2025,-72.9,2026-08-18
A142760,2022,-97.3,2026-08-18
A142760,2023,-51.6,2026-08-18
A142760,2024,-55.4,2026-08-18
A142760,2025,-65.3,2026-08-18
A360070,2022,117.7,2026-08-18
A360070,2023,137.9,2026-08-18
A360070,2024,-72.1,2026-08-18
A360070,2025,-352.0,2026-08-18
A087260,2022,-7.2,2026-08-18
A087260,2023,4.5,2026-08-18
A087260,2024,9.7,2026-08-18
A087260,2025,-9.0,2026-08-18
A061040,2022,209.4,2026-08-18
A061040,2023,50.4,2026-08-18
A061040,2024,18.1,2026-08-18
A061040,2025,-251.9,2026-08-18
A263050,2022,-367.3,2026-08-18
A263050,2023,-297.8,2026-08-18
A263050,2024,-265.1,2026-08-18
A263050,2025,-189.2,2026-08-18
A373110,2022,-83.0,2026-08-18
A373110,2023,-87.1,2026-08-18
A373110,2024,-93.3,2026-08-18
A373110,2025,-108.5,2026-08-18
A056730,2022,15.3,2026-08-18
A056730,2023,8.8,2026-08-18
A056730,2024,-14.1,2026-08-18
A056730,2025,-112.7,2026-08-18
A322780,2022,91.2,2026-08-18
A322780,2023,22.2,2026-08-18
A322780,2024,-293.6,2026-08-18
A322780,2025,-70.9,2026-08-18
A004910,2022,-16.2,2026-08-18
A004910,2023,37.1,2026-08-18
A004910,2024,24.0,2026-08-18
A004910,2025,-195.0,2026-08-18
A412540,2022,20.0,2026-08-18
A412540,2023,17.6,2026-08-18
A412540,2024,-1296.2,2026-08-18
A412540,2025,-72.4,2026-08-18
A004540,2022,37.5,2026-08-18
A004540,2023,-189.1,2026-08-18
A004540,2024,-9.0,2026-08-18
A004540,2025,-226.4,2026-08-18
A032790,2022,29.1,2026-08-18
A032790,2023,-48.9,2026-08-18
A032790,2024,-52.5,2026-08-18
A032790,2025,-102.7,2026-08-18
A032800,2022,25.1,2026-08-18
A032800,2023,-49.1,2026-08-18
A032800,2024,-15.4,2026-08-18
A032800,2025,-80.3,2026-08-18
A006740,2022,78.0,2026-08-18
A006740,2023,-29.9,2026-08-18
A006740,2024,-138.6,2026-08-18
A006740,2025,-158.1,2026-08-18
A060900,2022,-28.4,2026-08-18
A060900,2023,-47.6,2026-08-18
A060900,2024,-48.7,2026-08-18
A060900,2025,-93.2,2026-08-18
A240600,2022,23.8,2026-08-18
A240600,2023,63.8,2026-08-18
A240600,2024,-39.3,2026-08-18
A240600,2025,-77.8,2026-08-18
A288620,2022,11.9,2026-08-18
A288620,2023,-24.8,2026-08-18
A288620,2024,-41.4,2026-08-18
A288620,2025,-150.1,2026-08-18
A214610,2022,-259.0,2026-08-18
A214610,2023,-193.8,2026-08-18
A214610,2024,-192.3,2026-08-18
A214610,2025,-99.4,2026-08-18
A027580,2022,25.4,2026-08-18
A027580,2023,22.5,2026-08-18
A027580,2024,-80.3,2026-08-18
A027580,2025,-89.1,2026-08-18
A393970,2022,33.6,2026-08-18
A393970,2023,9.9,2026-08-18
A393970,2024,59.9,2026-08-18
A393970,2025,-203.6,2026-08-18
A244460,2022,-241.3,2026-08-18
A244460,2023,-135.1,2026-08-18
A244460,2024,-101.2,2026-08-18
A244460,2025,-73.9,2026-08-18
A208640,2022,-164.8,2026-08-18
A208640,2023,-128.2,2026-08-18
A208640,2024,-101.7,2026-08-18
A208640,2025,-78.8,2026-08-18
A053080,2022,219.6,2026-08-18
A053080,2023,184.7,2026-08-18
A053080,2024,264.3,2026-08-18
A053080,2025,-620.1,2026-08-18
A006840,2022,-218.2,2026-08-18
A006840,2023,2791.2,2026-08-18
A006840,2024,511.0,2026-08-18
A006840,2025,-1478.5,2026-08-18
A052770,2022,7.2,2026-08-18
A052770,2023,-44.0,2026-08-18
A052770,2024,-118.5,2026-08-18
A052770,2025,-49.3,2026-08-18
A303030,2022,-52.3,2026-08-18
A303030,2023,-60.5,2026-08-18
A303030,2024,2.8,2026-08-18
A303030,2025,-85.5,2026-08-18
A043100,2022,-60.5,2026-08-18
A043100,2023,-141.3,2026-08-18
A043100,2024,-73.6,2026-08-18
A043100,2025,-57.2,2026-08-18
A900100,2022,12.6,2026-08-18
A900100,2023,-98.3,2026-08-18
A900100,2024,-114.7,2026-08-18
A900100,2025,-83.6,2026-08-18
A009730,2022,19.9,2026-08-18
A009730,2023,9.8,2026-08-18
A009730,2024,-47.2,2026-08-18
A009730,2025,-138.9,2026-08-18
A002070,2022,57.1,2026-08-18
A002070,2023,48.6,2026-08-18
A002070,2024,5.7,2026-08-18
A002070,2025,-50.0,2026-08-18
A011810,2022,-88.3,2026-08-18
A011810,2023,-149.7,2026-08-18
A011810,2024,-87.1,2026-08-18
A011810,2025,-619.4,2026-08-18
A378800,2022,-110.3,2026-08-18
A378800,2023,-132.3,2026-08-18
A378800,2024,-151.4,2026-08-18
A378800,2025,-158.4,2026-08-18
A199730,2022,63.6,2026-08-18
A199730,2023,13.1,2026-08-18
A199730,2024,-51.2,2026-08-18
A199730,2025,-62.8,2026-08-18
A095910,2022,-89.1,2026-08-18
A095910,2023,31.4,2026-08-18
A095910,2024,-145.2,2026-08-18
A095910,2025,-186.7,2026-08-18
A465770,2023,18.5,2026-08-18
A465770,2024,71.6,2026-08-18
A465770,2025,-124.7,2026-08-18
A002920,2022,67.3,2026-08-18
A002920,2023,80.2,2026-08-18
A002920,2024,-4.7,2026-08-18
A002920,2025,-300.2,2026-08-18
A289220,2022,-178.6,2026-08-18
A289220,2023,-260.6,2026-08-18
A289220,2024,-172.9,2026-08-18
A289220,2025,-190.0,2026-08-18
A011000,2022,-400.8,2026-08-18
A011000,2023,-483.7,2026-08-18
A011000,2024,-430.4,2026-08-18
A011000,2025,-440.4,2026-08-18
A076080,2022,13.5,2026-08-18
A076080,2023,12.2,2026-08-18
A076080,2024,19.5,2026-08-18
A076080,2025,-181.3,2026-08-18
A080720,2022,12.7,2026-08-18
A080720,2023,-52.3,2026-08-18
A080720,2024,-134.9,2026-08-18
A080720,2025,-172.3,2026-08-18
A313760,2022,-127.0,2026-08-18
A313760,2023,-40.3,2026-08-18
A313760,2024,-40.2,2026-08-18
A313760,2025,-48.7,2026-08-18
A115160,2022,-52.6,2026-08-18
A115160,2023,174.9,2026-08-18
A115160,2024,62.0,2026-08-18
A115160,2025,-292.2,2026-08-18
A092600,2022,-320.9,2026-08-18
A092600,2023,-357.2,2026-08-18
A092600,2024,-266.9,2026-08-18
A092600,2025,-174.9,2026-08-18
A950130,2022,4692.0,2026-08-18
A950130,2023,215.9,2026-08-18
A950130,2024,-42.3,2026-08-18
A950130,2025,-633.6,2026-08-18
A376930,2022,-156.3,2026-08-18
A376930,2023,-161.4,2026-08-18
A376930,2024,-227.9,2026-08-18
A376930,2025,-200.8,2026-08-18
A006200,2022,300.3,2026-08-18
A006200,2023,-246.8,2026-08-18
A006200,2024,-41.3,2026-08-18
A006200,2025,-140.5,2026-08-18
A308100,2022,-93.8,2026-08-18
A308100,2023,-10.1,2026-08-18
A308100,2024,-93.9,2026-08-18
A308100,2025,-80.8,2026-08-18
A002820,2022,-177.1,2026-08-18
A002820,2023,-301.9,2026-08-18
A002820,2024,-58.6,2026-08-18
A002820,2025,-178.8,2026-08-18
A480370,2022,-28.6,2026-08-18
A480370,2023,176.7,2026-08-18
A480370,2024,165.2,2026-08-18
A480370,2025,-366.1,2026-08-18
A121850,2022,-72.1,2026-08-18
A121850,2023,-41.0,2026-08-18
A121850,2024,-31.7,2026-08-18
A121850,2025,-80.7,2026-08-18
A002410,2022,-123.3,2026-08-18
A002410,2023,-104.3,2026-08-18
A002410,2024,-382.3,2026-08-18
A002410,2025,-513.1,2026-08-18
A900300,2022,-638.6,2026-08-18
A900300,2023,-740.8,2026-08-18
A900300,2024,-644.2,2026-08-18
A900300,2025,-614.8,2026-08-18
A306040,2022,358.1,2026-08-18
A306040,2023,154.3,2026-08-18
A306040,2024,-32.4,2026-08-18
A306040,2025,-158.6,2026-08-18
A418620,2022,-77.1,2026-08-18
A418620,2023,-52.5,2026-08-18
A418620,2024,-106.0,2026-08-18
A418620,2025,-112.5,2026-08-18
A008290,2022,2.1,2026-08-18
A008290,2023,-21.0,2026-08-18
A008290,2024,-47.0,2026-08-18
A008290,2025,-72.0,2026-08-18
A377330,2022,-29.8,2026-08-18
A377330,2023,-39.6,2026-08-18
A377330,2024,-40.2,2026-08-18
A377330,2025,-186.3,2026-08-18
A044340,2022,37.5,2026-08-18
A044340,2023,65.2,2026-08-18
A044340,2024,-58.8,2026-08-18
A044340,2025,-606.7,2026-08-18
A084650,2022,662.1,2026-08-18
A084650,2023,-69.2,2026-08-18
A084650,2024,-184.9,2026-08-18
A084650,2025,-535.2,2026-08-18
A011080,2022,23.9,2026-08-18
A011080,2023,6.5,2026-08-18
A011080,2024,-50.2,2026-08-18
A011080,2025,-70.4,2026-08-18
A377220,2022,9.0,2026-08-18
A377220,2023,-154.2,2026-08-18
A377220,2024,-242.7,2026-08-18
A377220,2025,-186.0,2026-08-18
A106080,2022,6.8,2026-08-18
A106080,2023,-36.8,2026-08-18
A106080,2024,-43.5,2026-08-18
A106080,2025,-92.3,2026-08-18
A068240,2022,-1592.7,2026-08-18
A068240,2023,192.7,2026-08-18
A068240,2024,76.5,2026-08-18
A068240,2025,-1206.8,2026-08-18
A179900,2022,-46.4,2026-08-18
A179900,2023,-197.3,2026-08-18
A179900,2024,-322.4,2026-08-18
A179900,2025,-483.1,2026-08-18
A241820,2021,-257.7,2026-08-18
A241820,2022,-82.5,2026-08-18
A241820,2023,-161.3,2026-08-18
A241820,2024,-271.1,2026-08-18
A008600,2022,1.9,2026-08-18
A008600,2023,-41.8,2026-08-18
A008600,2024,-125.4,2026-08-18
A008600,2025,-210.0,2026-08-18
A312610,2022,-39.9,2026-08-18
A312610,2023,-40.8,2026-08-18
A312610,2024,-64.8,2026-08-18
A312610,2025,-95.2,2026-08-18
A143210,2022,-667.2,2026-08-18
A143210,2023,-173.4,2026-08-18
A143210,2024,-464.8,2026-08-18
A143210,2025,-387.4,2026-08-18
A007460,2022,-1193.4,2026-08-18
A007460,2023,-888.7,2026-08-18
A007460,2024,-868.1,2026-08-18
A007460,2025,-955.7,2026-08-18
A137940,2022,-47.0,2026-08-18
A137940,2023,-121.7,2026-08-18
A137940,2024,-54.8,2026-08-18
A137940,2025,-355.8,2026-08-18
A028080,2022,-41.0,2026-08-18
A028080,2023,179.4,2026-08-18
A028080,2024,59.9,2026-08-18
A028080,2025,-286.6,2026-08-18
A276040,2022,-46.3,2026-08-18
A276040,2023,-59.5,2026-08-18
A276040,2024,-74.6,2026-08-18
A276040,2025,-122.3,2026-08-18
A003060,2022,-54.3,2026-08-18
A003060,2023,-574.8,2026-08-18
A003060,2024,-528.2,2026-08-18
A003060,2025,-603.5,2026-08-18
A032190,2022,7767.0,2026-08-18
A032190,2023,6679.4,2026-08-18
A032190,2024,12058.7,2026-08-18
A032190,2025,15998.8,2026-08-18
A014790,2022,526.2,2026-08-18
A014790,2023,506.6,2026-08-18
A014790,2024,578.9,2026-08-18
A014790,2025,797.9,2026-08-18
A014790,2026,1083.3,2026-08-18
A014790,2027,1530.0,2026-08-18
A014790,2028,1745.0,2026-08-18
A036420,2022,-715.9,2026-08-18
A036420,2023,-679.7,2026-08-18
A036420,2024,-473.8,2026-08-18
A036420,2025,88.4,2026-08-18
A036420,2026,234.3,2026-08-18
A036420,2027,442.0,2026-08-18
A036420,2028,511.0,2026-08-18
A021050,2022,1.7,2026-08-18
A021050,2023,4.5,2026-08-18
A021050,2024,276.5,2026-08-18
A021050,2025,533.2,2026-08-18
A046940,2022,5.8,2026-08-18
A046940,2023,13.6,2026-08-18
A046940,2024,28.3,2026-08-18
A046940,2025,671.9,2026-08-18
A088130,2022,132.0,2026-08-18
A088130,2023,22.4,2026-08-18
A088130,2024,147.3,2026-08-18
A088130,2025,1132.3,2026-08-18
A000880,2022,23696.4,2026-08-18
A000880,2023,24119.2,2026-08-18
A000880,2024,24161.1,2026-08-18
A000880,2025,41468.8,2026-08-18
A000880,2026,58652.4,2026-08-18
A000880,2027,67932.3,2026-08-18
A000880,2028,71537.0,2026-08-18
A013580,2022,1328.4,2026-08-18
A013580,2023,1007.0,2026-08-18
A013580,2024,871.4,2026-08-18
A013580,2025,1668.7,2026-08-18
A013580,2026,1780.0,2026-08-18
A013580,2027,2130.0,2026-08-18
A013580,2028,2410.0,2026-08-18
A294090,2022,-342.8,2026-08-18
A294090,2023,-393.7,2026-08-18
A294090,2024,-702.9,2026-08-18
A294090,2025,-222.4,2026-08-18
A023590,2022,7186.9,2026-08-18
A023590,2023,6398.8,2026-08-18
A023590,2024,11746.8,2026-08-18
A023590,2025,15592.8,2026-08-18
A002020,2022,3175.1,2026-08-18
A002020,2023,993.3,2026-08-18
A002020,2024,-920.1,2026-08-18
A002020,2025,605.0,2026-08-18
A002020,2026,3111.0,2026-08-18
A002020,2027,3805.0,2026-08-18
A007860,2022,1885.7,2026-08-18
A007860,2023,2568.6,2026-08-18
A007860,2024,2419.4,2026-08-18
A007860,2025,1995.9,2026-08-18
A016250,2022,332.0,2026-08-18
A016250,2023,-215.9,2026-08-18
A016250,2024,105.6,2026-08-18
A016250,2025,527.5,2026-08-18
A000140,2022,2025.0,2026-08-18
A000140,2023,1380.7,2026-08-18
A000140,2024,2217.9,2026-08-18
A000140,2025,1832.5,2026-08-18
A001390,2022,5010.8,2026-08-18
A001390,2023,4425.8,2026-08-18
A001390,2024,3188.0,2026-08-18
A001390,2025,3056.8,2026-08-18
A066360,2022,164.8,2026-08-18
A066360,2023,210.2,2026-08-18
A066360,2024,28.7,2026-08-18
A066360,2025,284.8,2026-08-18
A003380,2022,9413.1,2026-08-18
A003380,2023,5675.4,2026-08-18
A003380,2024,7654.8,2026-08-18
A003380,2025,8874.3,2026-08-18
A003380,2026,10240.0,2026-08-18
A003380,2027,11010.0,2026-08-18
A003380,2028,11740.0,2026-08-18
A036580,2022,188.0,2026-08-18
A036580,2023,314.8,2026-08-18
A036580,2024,539.4,2026-08-18
A036580,2025,802.1,2026-08-18
A007700,2022,4862.3,2026-08-18
A007700,2023,5143.9,2026-08-18
A007700,2024,4163.7,2026-08-18
A007700,2025,4341.9,2026-08-18
A037460,2022,885.6,2026-08-18
A037460,2023,783.4,2026-08-18
A037460,2024,1156.1,2026-08-18
A037460,2025,1624.5,2026-08-18
A084690,2022,1438.1,2026-08-18
A084690,2023,1146.1,2026-08-18
A084690,2024,1840.3,2026-08-18
A084690,2025,1998.3,2026-08-18
A003030,2022,5671.6,2026-08-18
A003030,2023,5909.5,2026-08-18
A003030,2024,2116.1,2026-08-18
A003030,2025,2058.3,2026-08-18
A003030,2026,1525.0,2026-08-18
A003030,2027,3516.0,2026-08-18
A003030,2028,4827.0,2026-08-18
A072470,2022,-198.0,2026-08-18
A072470,2023,212.6,2026-08-18
A072470,2024,150.3,2026-08-18
A072470,2025,342.4,2026-08-18
A021320,2022,-10.9,2026-08-18
A021320,2023,181.5,2026-08-18
A021320,2024,646.0,2026-08-18
A021320,2025,883.4,2026-08-18
A021320,2026,860.0,2026-08-18
A021320,2027,930.0,2026-08-18
A021320,2028,1160.0,2026-08-18
A001040,2022,21542.0,2026-08-18
A001040,2023,20390.6,2026-08-18
A001040,2024,25322.5,2026-08-18
A001040,2025,25277.4,2026-08-18
A001040,2026,27007.5,2026-08-18
A001040,2027,30136.0,2026-08-18
A001040,2028,31834.6,2026-08-18
A052790,2022,234.4,2026-08-18
A052790,2023,424.4,2026-08-18
A052790,2024,294.7,2026-08-18
A052790,2025,285.9,2026-08-18
A017940,2022,2787.3,2026-08-18
A017940,2023,931.8,2026-08-18
A017940,2024,2234.4,2026-08-18
A017940,2025,3240.6,2026-08-18
A017940,2026,1405.0,2026-08-18
A017940,2027,4335.0,2026-08-18
A017940,2028,4330.0,2026-08-18
A136490,2022,706.0,2026-08-18
A136490,2023,975.2,2026-08-18
A136490,2024,1240.9,2026-08-18
A136490,2025,1791.9,2026-08-18
A019180,2022,11.3,2026-08-18
A019180,2023,430.6,2026-08-18
A019180,2024,309.6,2026-08-18
A019180,2025,700.6,2026-08-18
A000370,2022,2048.5,2026-08-18
A000370,2023,3065.2,2026-08-18
A000370,2024,4357.4,2026-08-18
A000370,2025,4295.9,2026-08-18
A000370,2026,4822.5,2026-08-18
A000370,2027,5374.9,2026-08-18
A000370,2028,5787.4,2026-08-18
A013310,2022,475.4,2026-08-18
A013310,2023,838.5,2026-08-18
A013310,2024,322.7,2026-08-18
A013310,2025,643.6,2026-08-18
A010770,2022,36.0,2026-08-18
A010770,2023,167.7,2026-08-18
A010770,2024,288.1,2026-08-18
A010770,2025,348.8,2026-08-18
A036460,2022,24634.2,2026-08-18
A036460,2023,15534.2,2026-08-18
A036460,2024,30033.6,2026-08-18
A036460,2025,21011.5,2026-08-18
A036460,2026,24705.9,2026-08-18
A036460,2027,23717.0,2026-08-18
A036460,2028,24366.8,2026-08-18
A016880,2022,423.3,2026-08-18
A016880,2023,223.6,2026-08-18
A016880,2024,310.8,2026-08-18
A016880,2025,781.1,2026-08-18
A007980,2022,684.4,2026-08-18
A007980,2023,405.8,2026-08-18
A007980,2024,489.3,2026-08-18
A007980,2025,620.1,2026-08-18
A035810,2022,999.2,2026-08-18
A035810,2023,1037.8,2026-08-18
A035810,2024,1234.0,2026-08-18
A035810,2025,1513.5,2026-08-18
A005720,2022,-225.4,2026-08-18
A005720,2023,2210.4,2026-08-18
A005720,2024,2096.6,2026-08-18
A005720,2025,2042.1,2026-08-18
A091340,2022,1.9,2026-08-18
A091340,2023,28.4,2026-08-18
A091340,2024,152.2,2026-08-18
A091340,2025,157.2,2026-08-18
A213500,2022,1302.3,2026-08-18
A213500,2023,472.4,2026-08-18
A213500,2024,219.9,2026-08-18
A213500,2025,499.3,2026-08-18
A213500,2026,1188.0,2026-08-18
A213500,2027,1227.0,2026-08-18
A213500,2028,1329.0,2026-08-18
A002880,2022,381.6,2026-08-18
A002880,2023,361.0,2026-08-18
A002880,2024,374.7,2026-08-18
A002880,2025,302.1,2026-08-18
A225590,2022,119.7,2026-08-18
A225590,2023,81.0,2026-08-18
A225590,2024,16.6,2026-08-18
A225590,2025,83.6,2026-08-18
A011370,2022,598.4,2026-08-18
A011370,2023,251.1,2026-08-18
A011370,2024,264.6,2026-08-18
A011370,2025,625.5,2026-08-18
A009620,2022,83.8,2026-08-18
A009620,2023,-6.2,2026-08-18
A009620,2024,6.3,2026-08-18
A009620,2025,78.9,2026-08-18
A267250,2022,33870.1,2026-08-18
A267250,2023,20315.6,2026-08-18
A267250,2024,29831.6,2026-08-18
A267250,2025,60996.4,2026-08-18
A267250,2026,120026.7,2026-08-18
A267250,2027,113090.7,2026-08-18
A267250,2028,125342.8,2026-08-18
A015860,2022,449.2,2026-08-18
A015860,2023,575.2,2026-08-18
A015860,2024,725.2,2026-08-18
A015860,2025,1455.9,2026-08-18
A054800,2022,942.7,2026-08-18
A054800,2023,447.2,2026-08-18
A054800,2024,631.4,2026-08-18
A054800,2025,897.4,2026-08-18
A102260,2022,553.7,2026-08-18
A102260,2023,740.7,2026-08-18
A102260,2024,910.3,2026-08-18
A102260,2025,1120.4,2026-08-18
A093240,2022,39.4,2026-08-18
A093240,2023,24.9,2026-08-18
A093240,2024,70.1,2026-08-18
A093240,2025,66.4,2026-08-18
A023760,2022,888.8,2026-08-18
A023760,2023,821.4,2026-08-18
A023760,2024,968.7,2026-08-18
A023760,2025,1279.2,2026-08-18
A003480,2022,371.3,2026-08-18
A003480,2023,393.8,2026-08-18
A003480,2024,458.8,2026-08-18
A003480,2025,732.5,2026-08-18
A005740,2022,384.4,2026-08-18
A005740,2023,710.3,2026-08-18
A005740,2024,675.8,2026-08-18
A005740,2025,572.5,2026-08-18
A096760,2022,1032.6,2026-08-18
A096760,2023,1449.0,2026-08-18
A096760,2024,1465.2,2026-08-18
A096760,2025,1679.0,2026-08-18
A290120,2022,223.2,2026-08-18
A290120,2023,157.7,2026-08-18
A290120,2024,165.4,2026-08-18
A290120,2025,219.2,2026-08-18
A003070,2022,1666.9,2026-08-18
A003070,2023,76.1,2026-08-18
A003070,2024,-566.7,2026-08-18
A003070,2025,36.5,2026-08-18
A003070,2026,1251.5,2026-08-18
A003070,2027,1520.5,2026-08-18
A003070,2028,1770.0,2026-08-18
A100220,2022,35.5,2026-08-18
A100220,2023,-58.1,2026-08-18
A100220,2024,102.2,2026-08-18
A100220,2025,216.2,2026-08-18
A013520,2022,431.7,2026-08-18
A013520,2023,782.1,2026-08-18
A013520,2024,857.9,2026-08-18
A013520,2025,830.6,2026-08-18
A010280,2022,96.7,2026-08-18
A010280,2023,84.1,2026-08-18
A010280,2024,94.4,2026-08-18
A010280,2025,208.7,2026-08-18
A010280,2026,338.0,2026-08-18
A010280,2027,407.0,2026-08-18
A010280,2028,477.0,2026-08-18
A000210,2022,2844.7,2026-08-18
A000210,2023,1507.0,2026-08-18
A000210,2024,4125.2,2026-08-18
A000210,2025,2985.5,2026-08-18
A000210,2026,6496.0,2026-08-18
A000210,2027,6105.0,2026-08-18
A000210,2028,6170.0,2026-08-18
A012800,2022,90.9,2026-08-18
A012800,2023,-92.7,2026-08-18
A012800,2024,313.5,2026-08-18
A012800,2025,515.3,2026-08-18
A015760,2022,-326551.5,2026-08-18
A015760,2023,-45416.5,2026-08-18
A015760,2024,83647.1,2026-08-18
A015760,2025,134905.6,2026-08-18
A015760,2026,81516.4,2026-08-18
A015760,2027,118344.1,2026-08-18
A015760,2028,139037.8,2026-08-18
A124500,2022,304.5,2026-08-18
A124500,2023,305.2,2026-08-18
A124500,2024,585.6,2026-08-18
A124500,2025,2799.3,2026-08-18
A151860,2022,3561.9,2026-08-18
A151860,2023,3097.8,2026-08-18
A151860,2024,2265.3,2026-08-18
A151860,2025,1912.6,2026-08-18
A019540,2022,6.2,2026-08-18
A019540,2023,354.2,2026-08-18
A019540,2024,244.5,2026-08-18
A019540,2025,480.2,2026-08-18
A900340,2022,213.2,2026-08-18
A900340,2023,242.8,2026-08-18
A900340,2024,203.6,2026-08-18
A900340,2025,149.3,2026-08-18
A289010,2022,20.9,2026-08-18
A289010,2023,-167.0,2026-08-18
A289010,2024,-19.4,2026-08-18
A289010,2025,14.0,2026-08-18
A900290,2022,524.8,2026-08-18
A900290,2023,787.4,2026-08-18
A900290,2024,1469.8,2026-08-18
A900290,2025,1373.2,2026-08-18
A111110,2022,405.8,2026-08-18
A111110,2023,351.2,2026-08-18
A111110,2024,295.2,2026-08-18
A111110,2025,250.2,2026-08-18
A111110,2026,255.0,2026-08-18
A111110,2027,334.0,2026-08-18
A111110,2028,374.0,2026-08-18
A011760,2022,668.3,2026-08-18
A011760,2023,993.3,2026-08-18
A011760,2024,1335.3,2026-08-18
A011760,2025,1401.3,2026-08-18
A011760,2026,1970.5,2026-08-18
A011760,2027,1910.2,2026-08-18
A011760,2028,1976.2,2026-08-18
A378850,2022,155.0,2026-08-18
A378850,2023,317.8,2026-08-18
A378850,2024,313.5,2026-08-18
A378850,2025,270.8,2026-08-18
A004960,2022,394.4,2026-08-18
A004960,2023,147.6,2026-08-18
A004960,2024,372.5,2026-08-18
A004960,2025,645.2,2026-08-18
A018500,2023,355.7,2026-08-18
A018500,2024,356.7,2026-08-18
A018500,2025,419.9,2026-08-18
A018500,2026,350.1,2026-08-18
A115480,2022,111.2,2026-08-18
A115480,2023,49.4,2026-08-18
A115480,2024,78.0,2026-08-18
A115480,2025,108.1,2026-08-18
A002320,2022,1145.0,2026-08-18
A002320,2023,1225.3,2026-08-18
A002320,2024,1000.9,2026-08-18
A002320,2025,1122.0,2026-08-18
A002320,2026,400.0,2026-08-18
A002320,2027,1220.0,2026-08-18
A002320,2028,1350.0,2026-08-18
A200880,2022,1506.8,2026-08-18
A200880,2023,1931.1,2026-08-18
A200880,2024,1544.0,2026-08-18
A200880,2025,1618.0,2026-08-18
A101330,2022,706.2,2026-08-18
A101330,2023,402.8,2026-08-18
A101330,2024,533.3,2026-08-18
A101330,2025,418.0,2026-08-18
A097950,2022,16647.1,2026-08-18
A097950,2023,12915.8,2026-08-18
A097950,2024,14520.7,2026-08-18
A097950,2025,12336.0,2026-08-18
A097950,2026,12092.4,2026-08-18
A097950,2027,13996.2,2026-08-18
A097950,2028,15484.0,2026-08-18
A012630,2022,1585.4,2026-08-18
A012630,2023,3126.4,2026-08-18
A012630,2024,3447.0,2026-08-18
A012630,2025,6488.7,2026-08-18
A080470,2022,69.5,2026-08-18
A080470,2023,40.6,2026-08-18
A080470,2024,63.1,2026-08-18
A080470,2025,116.1,2026-08-18
A020180,2023,41.8,2026-08-18
A020180,2024,92.2,2026-08-18
A020180,2025,91.0,2026-08-18
A020180,2026,159.8,2026-08-18
A194370,2022,814.8,2026-08-18
A194370,2023,840.4,2026-08-18
A194370,2024,1212.6,2026-08-18
A194370,2025,1405.1,2026-08-18
A194370,2026,1767.0,2026-08-18
A194370,2027,1886.0,2026-08-18
A194370,2028,2033.0,2026-08-18
A071320,2022,-4038.9,2026-08-18
A071320,2023,3147.2,2026-08-18
A071320,2024,3279.4,2026-08-18
A071320,2025,5296.2,2026-08-18
A071320,2026,5105.7,2026-08-18
A071320,2027,4246.0,2026-08-18
A071320,2028,4094.0,2026-08-18
A015750,2022,1027.9,2026-08-18
A015750,2023,2567.3,2026-08-18
A015750,2024,2058.8,2026-08-18
A015750,2025,2426.8,2026-08-18
A005990,2022,734.3,2026-08-18
A005990,2023,822.3,2026-08-18
A005990,2024,782.8,2026-08-18
A005990,2025,639.7,2026-08-18
A294870,2022,1163.8,2026-08-18
A294870,2023,1953.1,2026-08-18
A294870,2024,1846.4,2026-08-18
A294870,2025,2486.1,2026-08-18
A294870,2026,5213.7,2026-08-18
A294870,2027,7042.4,2026-08-18
A294870,2028,6523.9,2026-08-18
A006120,2022,3622.3,2026-08-18
A006120,2023,2567.0,2026-08-18
A006120,2024,1725.6,2026-08-18
A006120,2025,3613.5,2026-08-18
A031820,2022,158.8,2026-08-18
A031820,2023,155.3,2026-08-18
A031820,2024,210.1,2026-08-18
A031820,2025,235.5,2026-08-18
A053700,2022,240.5,2026-08-18
A053700,2023,516.5,2026-08-18
A053700,2024,542.7,2026-08-18
A053700,2025,617.3,2026-08-18
A198080,2022,15.5,2026-08-18
A198080,2023,59.2,2026-08-18
A198080,2024,199.5,2026-08-18
A198080,2025,242.7,2026-08-18
A095570,2022,764.2,2026-08-18
A095570,2023,784.7,2026-08-18
A095570,2024,762.6,2026-08-18
A095570,2025,715.5,2026-08-18
A095570,2026,827.5,2026-08-18
A095570,2027,958.0,2026-08-18
A095570,2028,1064.5,2026-08-18
A058650,2022,1961.3,2026-08-18
A058650,2023,2007.7,2026-08-18
A058650,2024,991.9,2026-08-18
A058650,2025,1754.7,2026-08-18
A058650,2026,2050.0,2026-08-18
A058650,2027,2510.0,2026-08-18
A058650,2028,2810.0,2026-08-18
A900110,2022,36.6,2026-08-18
A900110,2023,56.5,2026-08-18
A900110,2024,80.9,2026-08-18
A900110,2025,94.2,2026-08-18
A033530,2022,326.4,2026-08-18
A033530,2023,518.6,2026-08-18
A033530,2024,606.1,2026-08-18
A033530,2025,854.0,2026-08-18
A001620,2022,-9.7,2026-08-18
A001620,2023,45.0,2026-08-18
A001620,2024,-63.3,2026-08-18
A001620,2025,185.6,2026-08-18
A051360,2022,70.4,2026-08-18
A051360,2023,256.6,2026-08-18
A051360,2024,583.7,2026-08-18
A051360,2025,571.9,2026-08-18
A023800,2022,170.5,2026-08-18
A023800,2023,209.3,2026-08-18
A023800,2024,264.0,2026-08-18
A023800,2025,396.4,2026-08-18
A241590,2022,528.0,2026-08-18
A241590,2023,129.6,2026-08-18
A241590,2024,825.7,2026-08-18
A241590,2025,356.9,2026-08-18
A241590,2026,602.3,2026-08-18
A241590,2027,885.5,2026-08-18
A184230,2022,38.4,2026-08-18
A184230,2023,11.8,2026-08-18
A184230,2024,-41.1,2026-08-18
A184230,2025,148.2,2026-08-18
A122690,2022,463.6,2026-08-18
A122690,2023,737.6,2026-08-18
A122690,2024,365.2,2026-08-18
A122690,2025,268.1,2026-08-18
A053270,2022,77.0,2026-08-18
A053270,2023,289.5,2026-08-18
A053270,2024,288.5,2026-08-18
A053270,2025,243.1,2026-08-18
A044450,2022,695.1,2026-08-18
A044450,2023,883.6,2026-08-18
A044450,2024,1040.8,2026-08-18
A044450,2025,1103.3,2026-08-18
A037350,2022,-49.9,2026-08-18
A037350,2023,123.1,2026-08-18
A037350,2024,273.0,2026-08-18
A037350,2025,577.0,2026-08-18
A034310,2022,1452.4,2026-08-18
A034310,2023,969.9,2026-08-18
A034310,2024,1742.6,2026-08-18
A034310,2025,1981.0,2026-08-18
A036090,2022,21.7,2026-08-18
A036090,2023,36.5,2026-08-18
A036090,2024,138.2,2026-08-18
A036090,2025,258.4,2026-08-18
A015890,2022,549.2,2026-08-18
A015890,2023,441.3,2026-08-18
A015890,2024,556.8,2026-08-18
A015890,2025,554.3,2026-08-18
A035600,2022,1065.1,2026-08-18
A035600,2023,1062.8,2026-08-18
A035600,2024,609.9,2026-08-18
A035600,2025,985.6,2026-08-18
A035600,2026,1038.0,2026-08-18
A035600,2027,1227.7,2026-08-18
A035600,2028,1344.7,2026-08-18
A006060,2022,733.0,2026-08-18
A006060,2023,247.5,2026-08-18
A006060,2024,1182.3,2026-08-18
A006060,2025,765.8,2026-08-18
A036530,2022,1446.9,2026-08-18
A036530,2023,1790.0,2026-08-18
A036530,2024,2311.6,2026-08-18
A036530,2025,3006.6,2026-08-18
A036530,2026,3170.0,2026-08-18
A036530,2027,3490.0,2026-08-18
A036530,2028,3850.0,2026-08-18
A122450,2022,786.3,2026-08-18
A122450,2023,620.2,2026-08-18
A122450,2024,597.1,2026-08-18
A122450,2025,383.9,2026-08-18
A122450,2026,508.0,2026-08-18
A122450,2027,551.0,2026-08-18
A122450,2028,608.0,2026-08-18
A298020,2022,1235.9,2026-08-18
A298020,2023,2133.9,2026-08-18
A298020,2024,2707.3,2026-08-18
A298020,2025,2515.0,2026-08-18
A298020,2026,5571.2,2026-08-18
A298020,2027,6144.7,2026-08-18
A298020,2028,6563.5,2026-08-18
A031330,2022,787.6,2026-08-18
A031330,2023,535.4,2026-08-18
A031330,2024,673.7,2026-08-18
A031330,2025,1139.0,2026-08-18
A008040,2022,152.5,2026-08-18
A008040,2023,386.4,2026-08-18
A008040,2024,500.2,2026-08-18
A008040,2025,424.7,2026-08-18
A487570,2024,213.8,2026-08-18
A487570,2025,464.3,2026-08-18
A010690,2022,873.6,2026-08-18
A010690,2023,837.3,2026-08-18
A010690,2024,653.1,2026-08-18
A010690,2025,1024.5,2026-08-18
A010690,2026,997.0,2026-08-18
A010690,2027,1270.0,2026-08-18
A010690,2028,1380.0,2026-08-18
A214270,2022,-21.5,2026-08-18
A214270,2023,-59.7,2026-08-18
A214270,2024,110.8,2026-08-18
A214270,2025,305.2,2026-08-18
A108670,2022,149.4,2026-08-18
A108670,2023,1098.2,2026-08-18
A108670,2024,974.6,2026-08-18
A108670,2025,130.6,2026-08-18
A108670,2026,1335.8,2026-08-18
A108670,2027,1230.0,2026-08-18
A108670,2028,1388.5,2026-08-18
A900120,2022,62.9,2026-08-18
A900120,2023,71.4,2026-08-18
A900120,2024,188.7,2026-08-18
A900120,2025,97.4,2026-08-18
A004690,2022,912.4,2026-08-18
A004690,2023,1744.9,2026-08-18
A004690,2024,1143.0,2026-08-18
A004690,2025,1596.3,2026-08-18
A004690,2026,1788.0,2026-08-18
A004690,2027,1809.0,2026-08-18
A004690,2028,1821.0,2026-08-18
A051500,2022,978.4,2026-08-18
A051500,2023,992.6,2026-08-18
A051500,2024,940.3,2026-08-18
A051500,2025,1016.5,2026-08-18
A051500,2026,1019.8,2026-08-18
A051500,2027,1160.0,2026-08-18
A051500,2028,1290.5,2026-08-18
A053060,2022,127.3,2026-08-18
A053060,2023,125.5,2026-08-18
A053060,2024,107.1,2026-08-18
A053060,2025,91.0,2026-08-18
A016740,2022,133.0,2026-08-18
A016740,2023,449.7,2026-08-18
A016740,2024,429.2,2026-08-18
A016740,2025,486.0,2026-08-18
A037560,2022,538.0,2026-08-18
A037560,2023,473.5,2026-08-18
A037560,2024,134.7,2026-08-18
A037560,2025,187.3,2026-08-18
A037560,2026,380.0,2026-08-18
A037560,2027,525.0,2026-08-18
A037560,2028,970.0,2026-08-18
A214180,2022,356.4,2026-08-18
A214180,2023,380.3,2026-08-18
A214180,2024,488.6,2026-08-18
A214180,2025,501.8,2026-08-18
A214180,2026,588.0,2026-08-18
A214180,2027,764.0,2026-08-18
A214180,2028,900.5,2026-08-18
A014580,2022,319.5,2026-08-18
A014580,2023,400.8,2026-08-18
A014580,2024,422.2,2026-08-18
A014580,2025,407.8,2026-08-18
A082210,2022,-494.7,2026-08-18
A082210,2023,100.8,2026-08-18
A082210,2024,-44.5,2026-08-18
A082210,2025,-31.1,2026-08-18
A082210,2026,140.0,2026-08-18
A082210,2027,237.0,2026-08-18
A255440,2022,-48.3,2026-08-18
A255440,2023,-35.9,2026-08-18
A255440,2024,-96.6,2026-08-18
A255440,2025,-64.6,2026-08-18
A092780,2022,74.4,2026-08-18
A092780,2023,133.0,2026-08-18
A092780,2024,97.0,2026-08-18
A092780,2025,166.6,2026-08-18
A017810,2022,263.3,2026-08-18
A017810,2023,619.8,2026-08-18
A017810,2024,918.3,2026-08-18
A017810,2025,931.7,2026-08-18
A017810,2026,1151.0,2026-08-18
A017810,2027,1359.3,2026-08-18
A017810,2028,1559.5,2026-08-18
A006650,2022,-2146.4,2026-08-18
A006650,2023,-623.2,2026-08-18
A006650,2024,-598.9,2026-08-18
A006650,2025,526.7,2026-08-18
A006650,2026,1759.0,2026-08-18
A006650,2027,2226.8,2026-08-18
A006650,2028,2434.6,2026-08-18
A063570,2022,188.9,2026-08-18
A063570,2023,277.5,2026-08-18
A063570,2024,187.0,2026-08-18
A063570,2025,307.1,2026-08-18
A063570,2026,380.0,2026-08-18
A063570,2027,437.0,2026-08-18
A063570,2028,485.0,2026-08-18
A016450,2022,1928.7,2026-08-18
A016450,2023,1897.5,2026-08-18
A016450,2024,1522.5,2026-08-18
A016450,2025,654.7,2026-08-18
A012620,2022,170.2,2026-08-18
A012620,2023,134.4,2026-08-18
A012620,2024,119.8,2026-08-18
A012620,2025,123.6,2026-08-18
A030720,2022,58.0,2026-08-18
A030720,2023,-194.0,2026-08-18
A030720,2024,53.2,2026-08-18
A030720,2025,88.3,2026-08-18
A005880,2022,2676.7,2026-08-18
A005880,2023,2499.6,2026-08-18
A005880,2024,3286.4,2026-08-18
A005880,2025,2071.6,2026-08-18
A005880,2026,2465.5,2026-08-18
A005880,2027,2449.5,2026-08-18
A005880,2028,2530.5,2026-08-18
A067990,2022,648.4,2026-08-18
A067990,2023,427.7,2026-08-18
A067990,2024,250.4,2026-08-18
A067990,2025,407.9,2026-08-18
A090080,2022,57.3,2026-08-18
A090080,2023,99.4,2026-08-18
A090080,2024,140.6,2026-08-18
A090080,2025,133.4,2026-08-18
A038460,2022,101.5,2026-08-18
A038460,2023,100.9,2026-08-18
A038460,2024,202.4,2026-08-18
A038460,2025,225.7,2026-08-18
A402340,2022,160.5,2026-08-18
A402340,2023,-23397.0,2026-08-18
A402340,2024,39206.5,2026-08-18
A402340,2025,87974.2,2026-08-18
A402340,2026,434130.4,2026-08-18
A402340,2027,547499.1,2026-08-18
A402340,2028,587557.6,2026-08-18
A000230,2022,-984.1,2026-08-18
A000230,2023,-795.6,2026-08-18
A000230,2024,-40.3,2026-08-18
A000230,2025,149.3,2026-08-18
A128660,2022,103.7,2026-08-18
A128660,2023,52.5,2026-08-18
A128660,2024,91.7,2026-08-18
A128660,2025,122.3,2026-08-18
A115570,2022,39.6,2026-08-18
A115570,2023,-34.1,2026-08-18
A115570,2024,-1.6,2026-08-18
A115570,2025,65.7,2026-08-18
A111380,2022,426.5,2026-08-18
A111380,2023,282.5,2026-08-18
A111380,2024,211.2,2026-08-18
A111380,2025,225.9,2026-08-18
A111380,2026,301.3,2026-08-18
A111380,2027,299.5,2026-08-18
A111380,2028,330.0,2026-08-18
A006040,2022,4944.3,2026-08-18
A006040,2023,4647.3,2026-08-18
A006040,2024,5013.2,2026-08-18
A006040,2025,5161.3,2026-08-18
A006040,2026,5742.0,2026-08-18
A006040,2027,6005.3,2026-08-18
A006040,2028,6140.0,2026-08-18
A089470,2022,225.6,2026-08-18
A089470,2023,330.4,2026-08-18
A089470,2024,326.8,2026-08-18
A089470,2025,496.9,2026-08-18
A009070,2022,375.3,2026-08-18
A009070,2023,368.2,2026-08-18
A009070,2024,389.9,2026-08-18
A009070,2025,388.2,2026-08-18
A009900,2022,1268.5,2026-08-18
A009900,2023,2081.1,2026-08-18
A009900,2024,1481.2,2026-08-18
A009900,2025,1025.9,2026-08-18
A009900,2026,1165.0,2026-08-18
A009900,2027,1385.0,2026-08-18
A009900,2028,1510.0,2026-08-18
A001800,2022,3998.2,2026-08-18
A001800,2023,4054.6,2026-08-18
A001800,2024,5062.4,2026-08-18
A001800,2025,4877.3,2026-08-18
A001800,2026,6028.0,2026-08-18
A017370,2022,79.7,2026-08-18
A017370,2023,124.1,2026-08-18
A017370,2024,360.7,2026-08-18
A017370,2025,208.6,2026-08-18
A078930,2022,51201.8,2026-08-18
A078930,2023,37218.0,2026-08-18
A078930,2024,30771.8,2026-08-18
A078930,2025,29360.6,2026-08-18
A078930,2026,49465.0,2026-08-18
A078930,2027,36168.0,2026-08-18
A078930,2028,36456.0,2026-08-18
A039560,2022,-5.7,2026-08-18
A039560,2023,-12.5,2026-08-18
A039560,2024,-81.2,2026-08-18
A039560,2025,384.8,2026-08-18
A298050,2022,3150.7,2026-08-18
A298050,2023,1740.8,2026-08-18
A298050,2024,2197.2,2026-08-18
A298050,2025,1574.3,2026-08-18
A298050,2026,2363.8,2026-08-18
A298050,2027,2787.4,2026-08-18
A298050,2028,3003.6,2026-08-18
A003960,2022,976.5,2026-08-18
A003960,2023,1286.4,2026-08-18
A003960,2024,1330.2,2026-08-18
A003960,2025,946.8,2026-08-18
A013570,2022,329.2,2026-08-18
A013570,2023,433.0,2026-08-18
A013570,2024,356.2,2026-08-18
A013570,2025,480.6,2026-08-18
A010780,2022,3450.8,2026-08-18
A010780,2023,3405.2,2026-08-18
A010780,2024,1696.7,2026-08-18
A010780,2025,681.2,2026-08-18
A010780,2026,1768.2,2026-08-18
A010780,2027,1935.2,2026-08-18
A010780,2028,3376.5,2026-08-18
A013870,2022,111.2,2026-08-18
A013870,2023,205.7,2026-08-18
A013870,2024,226.8,2026-08-18
A013870,2025,242.2,2026-08-18
A009180,2022,363.5,2026-08-18
A009180,2023,262.6,2026-08-18
A009180,2024,167.8,2026-08-18
A009180,2025,206.9,2026-08-18
A009180,2026,257.0,2026-08-18
A009180,2027,280.0,2026-08-18
A009180,2028,300.0,2026-08-18
A024880,2022,395.9,2026-08-18
A024880,2023,472.5,2026-08-18
A024880,2024,428.5,2026-08-18
A024880,2025,354.0,2026-08-18
A039830,2022,183.5,2026-08-18
A039830,2023,284.3,2026-08-18
A039830,2024,309.7,2026-08-18
A039830,2025,444.8,2026-08-18
A039830,2026,634.4,2026-08-18
A039830,2027,879.0,2026-08-18
A039830,2028,1050.0,2026-08-18
A039440,2022,347.7,2026-08-18
A039440,2023,239.5,2026-08-18
A039440,2024,272.9,2026-08-18
A039440,2025,197.2,2026-08-18
A039440,2026,751.0,2026-08-18
A039440,2027,1306.0,2026-08-18
A039440,2028,1341.0,2026-08-18
A037330,2022,113.7,2026-08-18
A037330,2023,52.6,2026-08-18
A037330,2024,109.3,2026-08-18
A037330,2025,171.0,2026-08-18
A005930,2022,433766.3,2026-08-18
A005930,2023,65669.8,2026-08-18
A005930,2024,327259.6,2026-08-18
A005930,2025,436010.5,2026-08-18
A005930,2026,3909275.8,2026-08-18
A005930,2027,5446704.3,2026-08-18
A005930,2028,5438609.1,2026-08-18
A183190,2022,1179.7,2026-08-18
A183190,2023,1468.9,2026-08-18
A183190,2024,1407.5,2026-08-18
A183190,2025,771.3,2026-08-18
A183190,2026,789.3,2026-08-18
A183190,2027,1189.3,2026-08-18
A183190,2028,1360.3,2026-08-18
A284740,2022,1199.4,2026-08-18
A284740,2023,1448.7,2026-08-18
A284740,2024,1699.8,2026-08-18
A284740,2025,1693.6,2026-08-18
A001200,2022,181.2,2026-08-18
A001200,2023,270.4,2026-08-18
A001200,2024,583.4,2026-08-18
A001200,2025,844.4,2026-08-18
A027710,2022,314.6,2026-08-18
A027710,2023,262.5,2026-08-18
A027710,2024,407.8,2026-08-18
A027710,2025,349.7,2026-08-18
A054040,2022,188.2,2026-08-18
A054040,2023,238.0,2026-08-18
A054040,2024,121.6,2026-08-18
A054040,2025,228.6,2026-08-18
A070960,2022,15.5,2026-08-18
A070960,2023,214.0,2026-08-18
A070960,2024,269.8,2026-08-18
A070960,2025,232.8,2026-08-18
A070960,2026,237.0,2026-08-18
A070960,2027,357.0,2026-08-18
A041190,2022,-4308.9,2026-08-18
A041190,2023,1539.3,2026-08-18
A041190,2024,1756.8,2026-08-18
A041190,2025,1380.8,2026-08-18
A017000,2022,20.3,2026-08-18
A017000,2023,31.3,2026-08-18
A017000,2024,150.1,2026-08-18
A017000,2025,86.0,2026-08-18
A000660,2022,68094.2,2026-08-18
A000660,2023,-77303.1,2026-08-18
A000660,2024,234673.2,2026-08-18
A000660,2025,472063.2,2026-08-18
A000660,2026,2666717.6,2026-08-18
A000660,2027,3918203.2,2026-08-18
A000660,2028,3991296.3,2026-08-18
A094970,2022,200.1,2026-08-18
A094970,2023,148.3,2026-08-18
A094970,2024,52.8,2026-08-18
A094970,2025,131.4,2026-08-18
A002350,2022,-542.5,2026-08-18
A002350,2023,1869.9,2026-08-18
A002350,2024,1721.4,2026-08-18
A002350,2025,1703.0,2026-08-18
A002350,2026,1771.6,2026-08-18
A002350,2027,2132.2,2026-08-18
A002350,2028,2400.2,2026-08-18
A069730,2022,263.7,2026-08-18
A069730,2023,234.9,2026-08-18
A069730,2024,195.1,2026-08-18
A069730,2025,280.4,2026-08-18
A090150,2022,22.6,2026-08-18
A090150,2023,63.5,2026-08-18
A090150,2024,79.0,2026-08-18
A090150,2025,68.8,2026-08-18
A001450,2022,17919.8,2026-08-18
A001450,2023,7434.8,2026-08-18
A001450,2024,12440.7,2026-08-18
A001450,2025,12609.9,2026-08-18
A001450,2026,10934.2,2026-08-18
A001450,2027,12243.7,2026-08-18
A001450,2028,13359.8,2026-08-18
A006980,2022,-6.1,2026-08-18
A006980,2023,56.8,2026-08-18
A006980,2024,85.9,2026-08-18
A006980,2025,193.7,2026-08-18
A060980,2022,858.5,2026-08-18
A060980,2023,921.7,2026-08-18
A060980,2024,904.4,2026-08-18
A060980,2025,886.9,2026-08-18
A060980,2026,1144.8,2026-08-18
A060980,2027,1224.0,2026-08-18
A060980,2028,1280.0,2026-08-18
A004140,2022,275.7,2026-08-18
A004140,2023,351.9,2026-08-18
A004140,2024,390.4,2026-08-18
A004140,2025,319.6,2026-08-18
A035150,2022,503.0,2026-08-18
A035150,2023,531.5,2026-08-18
A035150,2024,765.3,2026-08-18
A035150,2025,536.0,2026-08-18
A035150,2026,606.0,2026-08-18
A035150,2027,679.0,2026-08-18
A001680,2022,1400.0,2026-08-18
A001680,2023,1237.2,2026-08-18
A001680,2024,1769.4,2026-08-18
A001680,2025,1692.8,2026-08-18
A001680,2026,1830.5,2026-08-18
A001680,2027,2044.0,2026-08-18
A001680,2028,2060.0,2026-08-18
A015360,2022,14.6,2026-08-18
A015360,2023,131.8,2026-08-18
A015360,2024,242.7,2026-08-18
A015360,2025,1117.2,2026-08-18
A001630,2022,-328.8,2026-08-18
A001630,2023,170.1,2026-08-18
A001630,2024,354.9,2026-08-18
A001630,2025,582.8,2026-08-18
A058850,2022,243.3,2026-08-18
A058850,2023,187.2,2026-08-18
A058850,2024,69.7,2026-08-18
A058850,2025,298.1,2026-08-18
A073560,2022,284.7,2026-08-18
A073560,2023,46.3,2026-08-18
A073560,2024,275.3,2026-08-18
A073560,2025,326.9,2026-08-18
A142210,2022,308.7,2026-08-18
A142210,2023,309.2,2026-08-18
A142210,2024,361.3,2026-08-18
A142210,2025,322.7,2026-08-18
A142210,2026,666.0,2026-08-18
A215200,2022,1353.9,2026-08-18
A215200,2023,1274.4,2026-08-18
A215200,2024,1236.2,2026-08-18
A215200,2025,1210.2,2026-08-18
A215200,2026,1197.0,2026-08-18
A215200,2027,1230.5,2026-08-18
A215200,2028,1261.0,2026-08-18
A008260,2022,677.3,2026-08-18
A008260,2023,706.6,2026-08-18
A008260,2024,371.3,2026-08-18
A008260,2025,301.2,2026-08-18
A001120,2022,9655.4,2026-08-18
A001120,2023,4331.1,2026-08-18
A001120,2024,4891.9,2026-08-18
A001120,2025,2921.9,2026-08-18
A001120,2026,4662.0,2026-08-18
A001120,2027,4639.0,2026-08-18
A001120,2028,4750.0,2026-08-18
A012280,2022,-11.2,2026-08-18
A012280,2023,94.0,2026-08-18
A012280,2024,98.8,2026-08-18
A012280,2025,152.3,2026-08-18
A340570,2022,243.1,2026-08-18
A340570,2023,308.4,2026-08-18
A340570,2024,569.6,2026-08-18
A340570,2025,463.5,2026-08-18
A340570,2026,686.2,2026-08-18
A340570,2027,824.5,2026-08-18
A340570,2028,951.3,2026-08-18
A900070,2022,82.2,2026-08-18
A900070,2023,36.1,2026-08-18
A900070,2024,55.9,2026-08-18
A900070,2025,83.0,2026-08-18
A342870,2022,-4.2,2026-08-18
A342870,2023,53.2,2026-08-18
A342870,2024,94.6,2026-08-18
A342870,2025,81.7,2026-08-18
A000120,2022,4117.9,2026-08-18
A000120,2023,4802.3,2026-08-18
A000120,2024,5306.6,2026-08-18
A000120,2025,5080.8,2026-08-18
A000120,2026,4698.2,2026-08-18
A000120,2027,5340.2,2026-08-18
A000120,2028,5899.2,2026-08-18
A019770,2022,28.1,2026-08-18
A019770,2023,69.5,2026-08-18
A019770,2024,92.6,2026-08-18
A019770,2025,119.1,2026-08-18
A003100,2022,267.6,2026-08-18
A003100,2023,390.9,2026-08-18
A003100,2024,363.7,2026-08-18
A003100,2025,413.9,2026-08-18
A460860,2023,2354.9,2026-08-18
A460860,2024,1024.7,2026-08-18
A460860,2025,593.8,2026-08-18
A460860,2026,1234.7,2026-08-18
A460860,2027,1485.0,2026-08-18
A460860,2028,1601.7,2026-08-18
A023530,2022,3862.3,2026-08-18
A023530,2023,5084.0,2026-08-18
A023530,2024,4731.1,2026-08-18
A023530,2025,5470.4,2026-08-18
A023530,2026,8034.1,2026-08-18
A023530,2027,8704.9,2026-08-18
A023530,2028,9368.3,2026-08-18
A306200,2022,2151.7,2026-08-18
A306200,2023,2319.1,2026-08-18
A306200,2024,2029.1,2026-08-18
A306200,2025,496.0,2026-08-18
A306200,2026,987.0,2026-08-18
A306200,2027,1165.0,2026-08-18
A306200,2028,1412.7,2026-08-18
A337930,2022,192.5,2026-08-18
A337930,2023,181.9,2026-08-18
A337930,2024,249.0,2026-08-18
A337930,2025,173.5,2026-08-18
A337930,2026,230.0,2026-08-18
A337930,2027,275.0,2026-08-18
A009970,2022,10022.0,2026-08-18
A009970,2023,8725.8,2026-08-18
A009970,2024,5170.5,2026-08-18
A009970,2025,7354.7,2026-08-18
A080010,2022,133.0,2026-08-18
A080010,2023,151.4,2026-08-18
A080010,2024,207.4,2026-08-18
A080010,2025,229.2,2026-08-18
A114630,2022,74.8,2026-08-18
A114630,2023,54.7,2026-08-18
A114630,2024,23.2,2026-08-18
A114630,2025,77.9,2026-08-18
A215360,2022,-246.9,2026-08-18
A215360,2023,204.7,2026-08-18
A215360,2024,149.6,2026-08-18
A215360,2025,186.7,2026-08-18
A330730,2022,77.9,2026-08-18
A330730,2023,64.4,2026-08-18
A330730,2024,33.7,2026-08-18
A330730,2025,134.6,2026-08-18
A005670,2022,60.6,2026-08-18
A005670,2023,82.9,2026-08-18
A005670,2024,139.3,2026-08-18
A005670,2025,183.5,2026-08-18
A088910,2022,119.3,2026-08-18
A088910,2023,211.3,2026-08-18
A088910,2024,-43.1,2026-08-18
A088910,2025,131.5,2026-08-18
A086390,2022,-59.9,2026-08-18
A086390,2023,71.4,2026-08-18
A086390,2024,-234.4,2026-08-18
A086390,2025,-210.9,2026-08-18
A086390,2026,239.0,2026-08-18
A086390,2027,629.5,2026-08-18
A267980,2022,606.9,2026-08-18
A267980,2023,722.3,2026-08-18
A267980,2024,703.4,2026-08-18
A267980,2025,600.3,2026-08-18
A267980,2026,744.0,2026-08-18
A267980,2027,796.0,2026-08-18
A267980,2028,829.0,2026-08-18
A020000,2022,1683.2,2026-08-18
A020000,2023,1004.8,2026-08-18
A020000,2024,634.7,2026-08-18
A020000,2025,521.8,2026-08-18
A020000,2026,926.0,2026-08-18
A020000,2027,1040.0,2026-08-18
A020000,2028,1158.8,2026-08-18
A035460,2022,46.2,2026-08-18
A035460,2023,44.1,2026-08-18
A035460,2024,49.5,2026-08-18
A035460,2025,80.8,2026-08-18
A084180,2022,-43.2,2026-08-18
A084180,2023,-40.9,2026-08-18
A084180,2024,-12.4,2026-08-18
A084180,2025,52.1,2026-08-18
A016610,2022,238.2,2026-08-18
A016610,2023,213.0,2026-08-18
A016610,2024,618.6,2026-08-18
A016610,2025,1167.0,2026-08-18
A000320,2022,296.2,2026-08-18
A000320,2023,678.2,2026-08-18
A000320,2024,725.5,2026-08-18
A000320,2025,645.1,2026-08-18
A021080,2022,351.5,2026-08-18
A021080,2023,247.8,2026-08-18
A021080,2024,135.0,2026-08-18
A021080,2025,319.8,2026-08-18
A034730,2022,81612.7,2026-08-18
A034730,2023,47539.8,2026-08-18
A034730,2024,23960.0,2026-08-18
A034730,2025,18184.8,2026-08-18
A034730,2026,101081.6,2026-08-18
A034730,2027,120691.3,2026-08-18
A034730,2028,155862.4,2026-08-18
A004840,2022,121.1,2026-08-18
A004840,2023,358.5,2026-08-18
A004840,2024,218.7,2026-08-18
A004840,2025,248.9,2026-08-18
A002030,2022,2325.8,2026-08-18
A002030,2023,2403.9,2026-08-18
A002030,2024,1724.2,2026-08-18
A002030,2025,1110.3,2026-08-18
A023150,2022,219.2,2026-08-18
A023150,2023,189.2,2026-08-18
A023150,2024,106.7,2026-08-18
A023150,2025,94.9,2026-08-18
A089850,2022,147.8,2026-08-18
A089850,2023,493.5,2026-08-18
A089850,2024,341.0,2026-08-18
A089850,2025,214.6,2026-08-18
A036710,2022,2998.7,2026-08-18
A036710,2023,-2063.1,2026-08-18
A036710,2024,-1315.1,2026-08-18
A036710,2025,-342.6,2026-08-18
A122900,2022,563.0,2026-08-18
A122900,2023,511.1,2026-08-18
A122900,2024,447.8,2026-08-18
A122900,2025,203.2,2026-08-18
A122900,2026,680.0,2026-08-18
A122900,2027,780.0,2026-08-18
A003540,2022,2534.6,2026-08-18
A003540,2023,1613.2,2026-08-18
A003540,2024,835.9,2026-08-18
A003540,2025,3014.0,2026-08-18
A003540,2026,6236.7,2026-08-18
A003540,2027,3816.7,2026-08-18
A003540,2028,3960.0,2026-08-18
A196700,2022,-11.0,2026-08-18
A196700,2023,25.7,2026-08-18
A196700,2024,30.9,2026-08-18
A196700,2025,55.5,2026-08-18
A078890,2022,143.6,2026-08-18
A078890,2023,-188.6,2026-08-18
A078890,2024,-418.9,2026-08-18
A078890,2025,125.3,2026-08-18
A078890,2026,190.0,2026-08-18
A078890,2027,250.0,2026-08-18
A078890,2028,280.0,2026-08-18
A002900,2022,1220.2,2026-08-18
A002900,2023,764.6,2026-08-18
A002900,2024,160.8,2026-08-18
A002900,2025,640.8,2026-08-18
A002900,2026,833.0,2026-08-18
A263020,2022,114.7,2026-08-18
A263020,2023,81.6,2026-08-18
A263020,2024,84.7,2026-08-18
A263020,2025,122.3,2026-08-18
A105630,2022,1795.9,2026-08-18
A105630,2023,1682.3,2026-08-18
A105630,2024,1422.0,2026-08-18
A105630,2025,834.2,2026-08-18
A105630,2026,899.1,2026-08-18
A105630,2027,1055.8,2026-08-18
A105630,2028,1127.5,2026-08-18
A038390,2022,363.2,2026-08-18
A038390,2023,387.7,2026-08-18
A038390,2024,435.7,2026-08-18
A038390,2025,467.8,2026-08-18
A123410,2022,194.5,2026-08-18
A123410,2023,339.3,2026-08-18
A123410,2024,375.4,2026-08-18
A123410,2025,454.1,2026-08-18
A071050,2022,5457.8,2026-08-18
A071050,2023,8204.0,2026-08-18
A071050,2024,11997.2,2026-08-18
A071050,2025,23453.3,2026-08-18
A071050,2026,39455.0,2026-08-18
A071050,2027,32654.7,2026-08-18
A071050,2028,33366.8,2026-08-18
A031510,2022,-46.6,2026-08-18
A031510,2023,99.0,2026-08-18
A031510,2024,4.3,2026-08-18
A031510,2025,41.5,2026-08-18
A079960,2022,277.5,2026-08-18
A079960,2023,429.6,2026-08-18
A079960,2024,516.2,2026-08-18
A079960,2025,536.2,2026-08-18
A383800,2022,1589.1,2026-08-18
A383800,2023,731.8,2026-08-18
A383800,2024,1560.2,2026-08-18
A383800,2025,1334.0,2026-08-18
A383800,2026,1695.0,2026-08-18
A383800,2027,1785.0,2026-08-18
A383800,2028,1955.0,2026-08-18
A310870,2022,95.6,2026-08-18
A310870,2023,91.4,2026-08-18
A310870,2024,49.0,2026-08-18
A310870,2025,51.2,2026-08-18
A460850,2023,266.9,2026-08-18
A460850,2024,773.3,2026-08-18
A460850,2025,-388.3,2026-08-18
A460850,2026,390.0,2026-08-18
A460850,2027,450.0,2026-08-18
A460850,2028,470.0,2026-08-18
A069510,2022,87.2,2026-08-18
A069510,2023,245.5,2026-08-18
A069510,2024,439.8,2026-08-18
A069510,2025,458.2,2026-08-18
A272450,2022,-672.8,2026-08-18
A272450,2023,1821.6,2026-08-18
A272450,2024,1631.1,2026-08-18
A272450,2025,-191.6,2026-08-18
A272450,2026,-302.4,2026-08-18
A272450,2027,790.1,2026-08-18
A272450,2028,1297.8,2026-08-18
A069330,2022,38.7,2026-08-18
A069330,2023,-3.3,2026-08-18
A069330,2024,2.4,2026-08-18
A069330,2025,13.0,2026-08-18
A002620,2022,-75.5,2026-08-18
A002620,2023,208.2,2026-08-18
A002620,2024,-115.6,2026-08-18
A002620,2025,386.9,2026-08-18
A016380,2022,3403.5,2026-08-18
A016380,2023,2804.1,2026-08-18
A016380,2024,2060.2,2026-08-18
A016380,2025,1507.5,2026-08-18
A016380,2026,1353.3,2026-08-18
A016380,2027,1605.3,2026-08-18
A016380,2028,1685.7,2026-08-18
A009310,2022,13.1,2026-08-18
A009310,2023,-280.9,2026-08-18
A009310,2024,-358.4,2026-08-18
A009310,2025,-75.3,2026-08-18
A023350,2022,54.3,2026-08-18
A023350,2023,39.9,2026-08-18
A023350,2024,9.0,2026-08-18
A023350,2025,60.4,2026-08-18
A034220,2022,-20850.5,2026-08-18
A034220,2023,-25101.6,2026-08-18
A034220,2024,-5606.0,2026-08-18
A034220,2025,5169.8,2026-08-18
A034220,2026,9648.9,2026-08-18
A034220,2027,14046.0,2026-08-18
A034220,2028,17013.4,2026-08-18
A073240,2022,231.4,2026-08-18
A073240,2023,4110.1,2026-08-18
A073240,2024,5885.9,2026-08-18
A073240,2025,5758.6,2026-08-18
A073240,2026,6217.2,2026-08-18
A073240,2027,6596.8,2026-08-18
A073240,2028,7427.8,2026-08-18
A025550,2022,112.9,2026-08-18
A025550,2023,51.2,2026-08-18
A025550,2024,60.3,2026-08-18
A025550,2025,81.7,2026-08-18
A013700,2022,-159.0,2026-08-18
A013700,2023,66.5,2026-08-18
A013700,2024,-181.0,2026-08-18
A013700,2025,238.5,2026-08-18
A163560,2022,80.8,2026-08-18
A163560,2023,136.9,2026-08-18
A163560,2024,95.9,2026-08-18
A163560,2025,185.6,2026-08-18
A267290,2022,252.7,2026-08-18
A267290,2023,282.8,2026-08-18
A267290,2024,269.7,2026-08-18
A267290,2025,330.5,2026-08-18
A035510,2022,375.3,2026-08-18
A035510,2023,399.6,2026-08-18
A035510,2024,369.5,2026-08-18
A035510,2025,491.1,2026-08-18
A248170,2022,111.3,2026-08-18
A248170,2023,98.5,2026-08-18
A248170,2024,64.6,2026-08-18
A248170,2025,244.8,2026-08-18
A096630,2022,58.2,2026-08-18
A096630,2023,79.7,2026-08-18
A096630,2024,104.5,2026-08-18
A096630,2025,132.7,2026-08-18
A035760,2022,1373.8,2026-08-18
A035760,2023,-146.0,2026-08-18
A035760,2024,1044.8,2026-08-18
A035760,2025,1328.9,2026-08-18
A035760,2026,1324.4,2026-08-18
A035760,2027,2114.6,2026-08-18
A035760,2028,2544.2,2026-08-18
A001250,2022,704.7,2026-08-18
A001250,2023,765.2,2026-08-18
A001250,2024,778.8,2026-08-18
A001250,2025,523.0,2026-08-18
A001250,2026,487.0,2026-08-18
A001250,2027,630.0,2026-08-18
A034810,2022,2103.9,2026-08-18
A034810,2023,1062.9,2026-08-18
A034810,2024,714.2,2026-08-18
A034810,2025,418.4,2026-08-18
A038110,2022,385.2,2026-08-18
A038110,2023,724.2,2026-08-18
A038110,2024,328.9,2026-08-18
A038110,2025,357.4,2026-08-18
A357230,2022,174.8,2026-08-18
A357230,2023,220.6,2026-08-18
A357230,2024,79.9,2026-08-18
A357230,2025,135.5,2026-08-18
A357230,2026,170.0,2026-08-18
A357230,2027,264.0,2026-08-18
A357230,2028,378.0,2026-08-18
A101240,2022,65.1,2026-08-18
A101240,2023,50.3,2026-08-18
A101240,2024,102.1,2026-08-18
A101240,2025,101.7,2026-08-18
A161390,2022,7058.2,2026-08-18
A161390,2023,13279.5,2026-08-18
A161390,2024,17622.6,2026-08-18
A161390,2025,18410.8,2026-08-18
A161390,2026,21857.4,2026-08-18
A161390,2027,24492.2,2026-08-18
A161390,2028,26218.6,2026-08-18
A044180,2022,-22.6,2026-08-18
A044180,2023,44.0,2026-08-18
A044180,2024,29.2,2026-08-18
A044180,2025,-42.7,2026-08-18
A126700,2022,250.9,2026-08-18
A126700,2023,588.0,2026-08-18
A126700,2024,309.9,2026-08-18
A126700,2025,-325.5,2026-08-18
A126700,2026,238.0,2026-08-18
A126700,2027,446.7,2026-08-18
A126700,2028,648.0,2026-08-18
A036800,2022,480.8,2026-08-18
A036800,2023,367.3,2026-08-18
A036800,2024,398.7,2026-08-18
A036800,2025,552.9,2026-08-18
A036800,2026,643.0,2026-08-18
A036800,2027,703.0,2026-08-18
A036800,2028,760.0,2026-08-18
A170920,2022,107.8,2026-08-18
A170920,2023,-160.5,2026-08-18
A170920,2024,241.8,2026-08-18
A170920,2025,296.3,2026-08-18
A170920,2026,709.0,2026-08-18
A170920,2027,1179.0,2026-08-18
A170920,2028,1545.0,2026-08-18
A155660,2022,357.7,2026-08-18
A155660,2023,242.6,2026-08-18
A155660,2024,153.4,2026-08-18
A155660,2025,192.9,2026-08-18
A002460,2022,145.5,2026-08-18
A002460,2023,252.5,2026-08-18
A002460,2024,237.3,2026-08-18
A002460,2025,432.5,2026-08-18
A007690,2022,969.3,2026-08-18
A007690,2023,191.5,2026-08-18
A007690,2024,253.3,2026-08-18
A007690,2025,531.7,2026-08-18
A007690,2026,895.0,2026-08-18
A007690,2027,947.5,2026-08-18
A007690,2028,1049.5,2026-08-18
A052420,2022,129.3,2026-08-18
A052420,2023,127.3,2026-08-18
A052420,2024,222.2,2026-08-18
A052420,2025,301.2,2026-08-18
A317400,2022,1989.0,2026-08-18
A317400,2023,1265.9,2026-08-18
A317400,2024,23.8,2026-08-18
A317400,2025,125.1,2026-08-18
A317400,2026,560.0,2026-08-18
A317400,2027,1003.5,2026-08-18
A317400,2028,1043.0,2026-08-18
A005710,2022,314.0,2026-08-18
A005710,2023,472.4,2026-08-18
A005710,2024,749.8,2026-08-18
A005710,2025,707.5,2026-08-18
A001130,2022,432.7,2026-08-18
A001130,2023,548.6,2026-08-18
A001130,2024,723.1,2026-08-18
A001130,2025,622.6,2026-08-18
A009540,2022,-3555.6,2026-08-18
A009540,2023,2822.6,2026-08-18
A009540,2024,14340.9,2026-08-18
A009540,2025,39044.9,2026-08-18
A009540,2026,60461.3,2026-08-18
A009540,2027,70825.9,2026-08-18
A009540,2028,82274.4,2026-08-18
A023810,2022,208.1,2026-08-18
A023810,2023,235.2,2026-08-18
A023810,2024,200.2,2026-08-18
A023810,2025,197.8,2026-08-18
A042420,2022,70.1,2026-08-18
A042420,2023,173.8,2026-08-18
A042420,2024,204.1,2026-08-18
A042420,2025,552.4,2026-08-18
A007210,2022,188.3,2026-08-18
A007210,2023,447.5,2026-08-18
A007210,2024,257.2,2026-08-18
A007210,2025,232.7,2026-08-18
A054210,2022,797.9,2026-08-18
A054210,2023,304.4,2026-08-18
A054210,2024,161.0,2026-08-18
A054210,2025,431.7,2026-08-18
A298000,2022,-3367.3,2026-08-18
A298000,2023,-2137.1,2026-08-18
A298000,2024,-1748.1,2026-08-18
A298000,2025,-1605.0,2026-08-18
A009450,2022,597.7,2026-08-18
A009450,2023,1059.1,2026-08-18
A009450,2024,1325.8,2026-08-18
A009450,2025,1433.8,2026-08-18
A009450,2026,2492.5,2026-08-18
A009450,2027,2668.0,2026-08-18
A009450,2028,3145.0,2026-08-18
A077500,2022,473.1,2026-08-18
A077500,2023,339.9,2026-08-18
A077500,2024,341.4,2026-08-18
A077500,2025,366.9,2026-08-18
A064820,2022,23.6,2026-08-18
A064820,2023,409.5,2026-08-18
A064820,2024,389.9,2026-08-18
A064820,2025,499.6,2026-08-18
A461300,2022,305.7,2026-08-18
A461300,2023,340.5,2026-08-18
A461300,2024,461.0,2026-08-18
A461300,2025,617.6,2026-08-18
A092300,2022,83.3,2026-08-18
A092300,2023,139.1,2026-08-18
A092300,2024,77.5,2026-08-18
A092300,2025,110.4,2026-08-18
A081660,2022,4350.7,2026-08-18
A081660,2023,3034.9,2026-08-18
A081660,2024,3608.0,2026-08-18
A081660,2025,4747.8,2026-08-18
A081660,2026,5685.6,2026-08-18
A081660,2027,6057.6,2026-08-18
A081660,2028,6279.4,2026-08-18
A025880,2022,48.7,2026-08-18
A025880,2023,60.5,2026-08-18
A025880,2024,81.0,2026-08-18
A025880,2025,121.8,2026-08-18
A079170,2022,71.1,2026-08-18
A079170,2023,15.7,2026-08-18
A079170,2024,87.7,2026-08-18
A079170,2025,78.9,2026-08-18
A024950,2022,21.3,2026-08-18
A024950,2023,-62.9,2026-08-18
A024950,2024,30.1,2026-08-18
A024950,2025,124.3,2026-08-18
A259630,2022,-98.6,2026-08-18
A259630,2023,238.8,2026-08-18
A259630,2024,100.9,2026-08-18
A259630,2025,245.7,2026-08-18
A259630,2026,252.0,2026-08-18
A011560,2022,330.6,2026-08-18
A011560,2023,466.2,2026-08-18
A011560,2024,286.1,2026-08-18
A011560,2025,403.7,2026-08-18
A011560,2026,559.0,2026-08-18
A011560,2027,580.0,2026-08-18
A011560,2028,590.0,2026-08-18
A014830,2022,1478.7,2026-08-18
A014830,2023,320.7,2026-08-18
A014830,2024,954.4,2026-08-18
A014830,2025,879.1,2026-08-18
A014830,2026,987.6,2026-08-18
A014830,2027,1124.7,2026-08-18
A014830,2028,1196.2,2026-08-18
A148150,2022,80.0,2026-08-18
A148150,2023,361.8,2026-08-18
A148150,2024,315.0,2026-08-18
A148150,2025,17.6,2026-08-18
A148150,2026,83.5,2026-08-18
A148150,2027,304.0,2026-08-18
A148150,2028,336.0,2026-08-18
A139480,2022,1356.5,2026-08-18
A139480,2023,-469.4,2026-08-18
A139480,2024,471.0,2026-08-18
A139480,2025,3225.4,2026-08-18
A139480,2026,4188.1,2026-08-18
A139480,2027,5619.9,2026-08-18
A139480,2028,6077.9,2026-08-18
A456040,2023,574.5,2026-08-18
A456040,2024,1104.9,2026-08-18
A456040,2025,4.4,2026-08-18
A456040,2026,1648.0,2026-08-18
A456040,2027,1880.7,2026-08-18
A456040,2028,1966.7,2026-08-18
A053210,2022,632.0,2026-08-18
A053210,2023,140.7,2026-08-18
A053210,2024,-10.8,2026-08-18
A053210,2025,229.8,2026-08-18
A053210,2026,400.5,2026-08-18
A053210,2027,518.0,2026-08-18
A053210,2028,610.0,2026-08-18
A058860,2022,195.4,2026-08-18
A058860,2023,205.3,2026-08-18
A058860,2024,236.4,2026-08-18
A058860,2025,247.4,2026-08-18
A009780,2022,246.8,2026-08-18
A009780,2023,237.0,2026-08-18
A009780,2024,275.2,2026-08-18
A009780,2025,296.5,2026-08-18
A059210,2022,53.7,2026-08-18
A059210,2023,107.5,2026-08-18
A059210,2024,172.2,2026-08-18
A059210,2025,214.3,2026-08-18
A059210,2026,221.0,2026-08-18
A059210,2027,281.0,2026-08-18
A059210,2028,355.5,2026-08-18
A024120,2022,24.4,2026-08-18
A024120,2023,40.4,2026-08-18
A024120,2024,46.3,2026-08-18
A024120,2025,85.3,2026-08-18
A145720,2022,1257.0,2026-08-18
A145720,2023,1382.8,2026-08-18
A145720,2024,985.0,2026-08-18
A145720,2025,641.1,2026-08-18
A145720,2026,768.8,2026-08-18
A145720,2027,911.0,2026-08-18
A145720,2028,1130.0,2026-08-18
A118990,2022,588.2,2026-08-18
A118990,2023,531.9,2026-08-18
A118990,2024,436.1,2026-08-18
A118990,2025,417.9,2026-08-18
A214320,2022,1368.9,2026-08-18
A214320,2023,1500.2,2026-08-18
A214320,2024,1556.6,2026-08-18
A214320,2025,1628.0,2026-08-18
A214320,2026,1854.0,2026-08-18
A214320,2027,1963.2,2026-08-18
A214320,2028,2086.1,2026-08-18
A035610,2022,-268.5,2026-08-18
A035610,2023,299.3,2026-08-18
A035610,2024,211.6,2026-08-18
A035610,2025,246.2,2026-08-18
A129260,2022,354.1,2026-08-18
A129260,2023,230.3,2026-08-18
A129260,2024,238.6,2026-08-18
A129260,2025,197.6,2026-08-18
A088790,2022,60.9,2026-08-18
A088790,2023,37.6,2026-08-18
A088790,2024,11.4,2026-08-18
A088790,2025,39.8,2026-08-18
A139130,2022,6219.7,2026-08-18
A139130,2023,5342.5,2026-08-18
A139130,2024,2634.3,2026-08-18
A139130,2025,5832.4,2026-08-18
A139130,2026,6303.4,2026-08-18
A139130,2027,6872.2,2026-08-18
A139130,2028,7247.9,2026-08-18
A010240,2022,112.1,2026-08-18
A010240,2023,158.0,2026-08-18
A010240,2024,87.9,2026-08-18
A010240,2025,149.0,2026-08-18
A016360,2022,5780.9,2026-08-18
A016360,2023,7411.2,2026-08-18
A016360,2024,12057.5,2026-08-18
A016360,2025,13756.7,2026-08-18
A016360,2026,23352.8,2026-08-18
A016360,2027,21027.6,2026-08-18
A016360,2028,21165.2,2026-08-18
A453340,2023,648.4,2026-08-18
A453340,2024,966.8,2026-08-18
A453340,2025,1067.9,2026-08-18
A453340,2026,1388.3,2026-08-18
A453340,2027,1498.5,2026-08-18
A453340,2028,1630.0,2026-08-18
A035000,2022,247.9,2026-08-18
A035000,2023,264.4,2026-08-18
A035000,2024,295.7,2026-08-18
A035000,2025,275.0,2026-08-18
A005750,2022,14.5,2026-08-18
A005750,2023,40.6,2026-08-18
A005750,2024,101.0,2026-08-18
A005750,2025,186.2,2026-08-18
A004980,2022,18.3,2026-08-18
A004980,2023,733.3,2026-08-18
A004980,2024,532.4,2026-08-18
A004980,2025,436.6,2026-08-18
A210540,2022,269.7,2026-08-18
A210540,2023,363.2,2026-08-18
A210540,2024,255.3,2026-08-18
A210540,2025,304.3,2026-08-18
A353810,2022,161.5,2026-08-18
A353810,2023,206.3,2026-08-18
A353810,2024,323.9,2026-08-18
A353810,2025,449.9,2026-08-18
A046440,2022,402.9,2026-08-18
A046440,2023,329.8,2026-08-18
A046440,2024,74.3,2026-08-18
A046440,2025,331.3,2026-08-18
A046440,2026,352.0,2026-08-18
A046440,2027,396.0,2026-08-18
A046440,2028,425.0,2026-08-18
A024110,2022,36469.9,2026-08-18
A024110,2023,34322.8,2026-08-18
A024110,2024,35940.9,2026-08-18
A024110,2025,36555.9,2026-08-18
A024110,2026,37022.6,2026-08-18
A024110,2027,39997.7,2026-08-18
A024110,2028,42233.6,2026-08-18
A093050,2022,1851.6,2026-08-18
A093050,2023,573.8,2026-08-18
A093050,2024,1261.4,2026-08-18
A093050,2025,1681.1,2026-08-18
A002140,2022,48.5,2026-08-18
A002140,2023,79.9,2026-08-18
A002140,2024,142.7,2026-08-18
A002140,2025,137.5,2026-08-18
A033250,2023,45.7,2026-08-18
A033250,2024,46.8,2026-08-18
A033250,2025,75.3,2026-08-18
A025820,2022,136.9,2026-08-18
A025820,2023,102.1,2026-08-18
A025820,2024,251.6,2026-08-18
A025820,2025,244.1,2026-08-18
A083500,2022,58.2,2026-08-18
A083500,2023,22.8,2026-08-18
A083500,2024,88.1,2026-08-18
A083500,2025,103.5,2026-08-18
A083500,2026,182.5,2026-08-18
A083500,2027,266.0,2026-08-18
A083500,2028,335.0,2026-08-18
A130500,2022,32.2,2026-08-18
A130500,2023,44.7,2026-08-18
A130500,2024,76.7,2026-08-18
A130500,2025,68.4,2026-08-18
A039490,2022,6564.2,2026-08-18
A039490,2023,5646.6,2026-08-18
A039490,2024,10982.4,2026-08-18
A039490,2025,14882.4,2026-08-18
A039490,2026,23068.3,2026-08-18
A039490,2027,19332.1,2026-08-18
A039490,2028,19518.9,2026-08-18
A089860,2022,3083.9,2026-08-18
A089860,2023,3051.9,2026-08-18
A089860,2024,2848.1,2026-08-18
A089860,2025,3125.0,2026-08-18
A089860,2026,3505.9,2026-08-18
A089860,2027,3831.6,2026-08-18
A089860,2028,4146.9,2026-08-18
A005300,2022,2228.6,2026-08-18
A005300,2023,2106.7,2026-08-18
A005300,2024,1849.3,2026-08-18
A005300,2025,1671.6,2026-08-18
A005300,2026,2018.6,2026-08-18
A005300,2027,2277.2,2026-08-18
A005300,2028,2477.8,2026-08-18
A000590,2022,156.3,2026-08-18
A000590,2023,191.3,2026-08-18
A000590,2024,223.1,2026-08-18
A000590,2025,202.2,2026-08-18
A100840,2022,35.6,2026-08-18
A100840,2023,207.8,2026-08-18
A100840,2024,222.4,2026-08-18
A100840,2025,1113.1,2026-08-18
A100840,2026,1330.0,2026-08-18
A100840,2027,1450.0,2026-08-18
A100840,2028,1495.0,2026-08-18
A004250,2022,234.8,2026-08-18
A004250,2023,295.6,2026-08-18
A004250,2024,104.9,2026-08-18
A004250,2025,235.7,2026-08-18
A035890,2022,2060.7,2026-08-18
A035890,2023,2282.2,2026-08-18
A035890,2024,2357.4,2026-08-18
A035890,2025,1443.9,2026-08-18
A273060,2022,25.7,2026-08-18
A273060,2023,2.2,2026-08-18
A273060,2024,23.1,2026-08-18
A273060,2025,75.8,2026-08-18
A001750,2022,372.0,2026-08-18
A001750,2023,462.9,2026-08-18
A001750,2024,544.5,2026-08-18
A001750,2025,753.1,2026-08-18
A004430,2022,1851.2,2026-08-18
A004430,2023,584.7,2026-08-18
A004430,2024,628.1,2026-08-18
A004430,2025,218.4,2026-08-18
A170790,2022,114.1,2026-08-18
A170790,2023,90.0,2026-08-18
A170790,2024,25.9,2026-08-18
A170790,2025,54.0,2026-08-18
A170790,2026,115.0,2026-08-18
A170790,2027,140.0,2026-08-18
A018670,2022,3904.7,2026-08-18
A018670,2023,3036.0,2026-08-18
A018670,2024,2871.8,2026-08-18
A018670,2025,4428.3,2026-08-18
A018670,2026,6124.8,2026-08-18
A018670,2027,5130.0,2026-08-18
A018670,2028,5158.0,2026-08-18
A015230,2022,498.6,2026-08-18
A015230,2023,464.4,2026-08-18
A015230,2024,300.7,2026-08-18
A015230,2025,380.3,2026-08-18
A138930,2022,11561.4,2026-08-18
A138930,2023,8011.7,2026-08-18
A138930,2024,8759.2,2026-08-18
A138930,2025,9026.8,2026-08-18
A138930,2026,10035.1,2026-08-18
A138930,2027,11143.7,2026-08-18
A138930,2028,11736.9,2026-08-18
A222040,2022,22.4,2026-08-18
A222040,2023,119.8,2026-08-18
A222040,2024,99.0,2026-08-18
A222040,2025,40.0,2026-08-18
A222040,2026,370.5,2026-08-18
A222040,2027,486.5,2026-08-18
A033500,2022,152.8,2026-08-18
A033500,2023,399.5,2026-08-18
A033500,2024,539.9,2026-08-18
A033500,2025,725.6,2026-08-18
A033500,2026,990.0,2026-08-18
A033500,2027,1240.0,2026-08-18
A004100,2022,158.7,2026-08-18
A004100,2023,221.6,2026-08-18
A004100,2024,160.5,2026-08-18
A004100,2025,224.2,2026-08-18
A211050,2022,273.9,2026-08-18
A211050,2023,465.8,2026-08-18
A211050,2024,862.7,2026-08-18
A211050,2025,948.4,2026-08-18
A101530,2022,231.7,2026-08-18
A101530,2023,457.2,2026-08-18
A101530,2024,490.7,2026-08-18
A101530,2025,423.3,2026-08-18
A069960,2022,3209.3,2026-08-18
A069960,2023,3034.7,2026-08-18
A069960,2024,2840.4,2026-08-18
A069960,2025,3779.5,2026-08-18
A069960,2026,4187.9,2026-08-18
A069960,2027,5130.3,2026-08-18
A069960,2028,5575.3,2026-08-18
A900260,2022,-66.1,2026-08-18
A900260,2023,145.4,2026-08-18
A900260,2024,204.2,2026-08-18
A900260,2025,111.6,2026-08-18
A003090,2022,2073.3,2026-08-18
A003090,2023,1956.1,2026-08-18
A003090,2024,2819.1,2026-08-18
A003090,2025,2617.9,2026-08-18
A037030,2022,56.7,2026-08-18
A037030,2023,71.5,2026-08-18
A037030,2024,133.0,2026-08-18
A037030,2025,246.1,2026-08-18
A037030,2026,310.1,2026-08-18
A003300,2022,1325.1,2026-08-18
A003300,2023,2620.3,2026-08-18
A003300,2024,2793.1,2026-08-18
A003300,2025,1232.2,2026-08-18
A145990,2022,820.2,2026-08-18
A145990,2023,1132.0,2026-08-18
A145990,2024,1335.2,2026-08-18
A145990,2025,1117.2,2026-08-18
A066620,2022,287.6,2026-08-18
A066620,2023,324.1,2026-08-18
A066620,2024,417.0,2026-08-18
A066620,2025,457.6,2026-08-18
A007340,2022,4215.3,2026-08-18
A007340,2023,4903.9,2026-08-18
A007340,2024,5229.2,2026-08-18
A007340,2025,5279.1,2026-08-18
A007340,2026,6380.0,2026-08-18
A007340,2027,6855.5,2026-08-18
A007340,2028,7480.5,2026-08-18
A192080,2022,1838.6,2026-08-18
A192080,2023,2132.9,2026-08-18
A192080,2024,2487.3,2026-08-18
A192080,2025,2321.3,2026-08-18
A192080,2026,2831.0,2026-08-18
A192080,2027,3094.2,2026-08-18
A192080,2028,3293.6,2026-08-18
A099410,2022,14.0,2026-08-18
A099410,2023,34.1,2026-08-18
A099410,2024,40.8,2026-08-18
A099410,2025,92.9,2026-08-18
A042370,2022,327.3,2026-08-18
A042370,2023,288.4,2026-08-18
A042370,2024,511.4,2026-08-18
A042370,2025,557.2,2026-08-18
A171120,2022,109.9,2026-08-18
A171120,2023,77.9,2026-08-18
A171120,2024,93.8,2026-08-18
A171120,2025,113.7,2026-08-18
A025540,2022,642.6,2026-08-18
A025540,2023,1117.5,2026-08-18
A025540,2024,1713.1,2026-08-18
A025540,2025,1392.5,2026-08-18
A025540,2026,1412.0,2026-08-18
A025540,2027,1530.0,2026-08-18
A025540,2028,1648.0,2026-08-18
A052330,2022,273.3,2026-08-18
A052330,2023,48.0,2026-08-18
A052330,2024,235.5,2026-08-18
A052330,2025,377.9,2026-08-18
A067900,2022,335.0,2026-08-18
A067900,2023,321.2,2026-08-18
A067900,2024,302.8,2026-08-18
A067900,2025,260.7,2026-08-18
A210980,2022,643.5,2026-08-18
A210980,2023,1775.9,2026-08-18
A210980,2024,536.7,2026-08-18
A210980,2025,377.9,2026-08-18
A032350,2022,-1187.2,2026-08-18
A032350,2023,-606.1,2026-08-18
A032350,2024,390.1,2026-08-18
A032350,2025,1433.3,2026-08-18
A032350,2026,1987.7,2026-08-18
A032350,2027,2384.7,2026-08-18
A032350,2028,2642.2,2026-08-18
A032560,2022,465.1,2026-08-18
A032560,2023,292.8,2026-08-18
A032560,2024,193.7,2026-08-18
A032560,2025,179.9,2026-08-18
A230240,2022,901.9,2026-08-18
A230240,2023,-84.2,2026-08-18
A230240,2024,-202.4,2026-08-18
A230240,2025,-15.8,2026-08-18
A230240,2026,-7.0,2026-08-18
A230240,2027,495.0,2026-08-18
A230240,2028,667.5,2026-08-18
A016710,2022,69.8,2026-08-18
A016710,2023,99.6,2026-08-18
A016710,2024,233.0,2026-08-18
A016710,2025,280.6,2026-08-18
A084110,2022,864.8,2026-08-18
A084110,2023,1139.5,2026-08-18
A084110,2024,969.9,2026-08-18
A084110,2025,905.5,2026-08-18
A267790,2022,-43.3,2026-08-18
A267790,2023,85.0,2026-08-18
A267790,2024,90.8,2026-08-18
A267790,2025,66.5,2026-08-18
A003490,2022,28305.9,2026-08-18
A003490,2023,17900.9,2026-08-18
A003490,2024,21102.0,2026-08-18
A003490,2025,11135.9,2026-08-18
A003490,2026,11586.2,2026-08-18
A003490,2027,22110.5,2026-08-18
A003490,2028,26041.9,2026-08-18
A007540,2022,103.4,2026-08-18
A007540,2023,81.3,2026-08-18
A007540,2024,58.8,2026-08-18
A007540,2025,241.4,2026-08-18
A000070,2022,1323.2,2026-08-18
A000070,2023,948.0,2026-08-18
A000070,2024,1080.3,2026-08-18
A000070,2025,1087.7,2026-08-18
A001790,2022,380.5,2026-08-18
A001790,2023,472.2,2026-08-18
A001790,2024,370.0,2026-08-18
A001790,2025,565.6,2026-08-18
A194700,2022,251.9,2026-08-18
A194700,2023,255.0,2026-08-18
A194700,2024,231.9,2026-08-18
A194700,2025,430.5,2026-08-18
A194700,2026,542.0,2026-08-18
A194700,2027,626.0,2026-08-18
A037440,2022,101.3,2026-08-18
A037440,2023,73.8,2026-08-18
A037440,2024,152.8,2026-08-18
A037440,2025,91.4,2026-08-18
A037440,2026,95.0,2026-08-18
A037440,2027,133.0,2026-08-18
A037440,2028,135.0,2026-08-18
A215000,2022,1486.8,2026-08-18
A215000,2023,1145.5,2026-08-18
A215000,2024,958.3,2026-08-18
A215000,2025,680.7,2026-08-18
A215000,2026,380.0,2026-08-18
A215000,2027,518.0,2026-08-18
A215000,2028,590.0,2026-08-18
A088350,2022,12569.7,2026-08-18
A088350,2023,10570.4,2026-08-18
A088350,2024,10969.6,2026-08-18
A088350,2025,11472.5,2026-08-18
A088350,2026,9146.8,2026-08-18
A088350,2027,9917.6,2026-08-18
A088350,2028,10768.8,2026-08-18
A067920,2022,80.1,2026-08-18
A067920,2023,75.4,2026-08-18
A067920,2024,60.7,2026-08-18
A067920,2025,160.1,2026-08-18
A034230,2022,104.1,2026-08-18
A034230,2023,1457.7,2026-08-18
A034230,2024,1360.6,2026-08-18
A034230,2025,1558.2,2026-08-18
A034230,2026,1689.4,2026-08-18
A034230,2027,2037.5,2026-08-18
A034230,2028,2406.4,2026-08-18
A028670,2022,7896.2,2026-08-18
A028670,2023,3858.5,2026-08-18
A028670,2024,4711.8,2026-08-18
A028670,2025,4919.5,2026-08-18
A028670,2026,6781.0,2026-08-18
A028670,2027,6816.3,2026-08-18
A028670,2028,7028.4,2026-08-18
A068930,2022,283.8,2026-08-18
A068930,2023,250.2,2026-08-18
A068930,2024,237.0,2026-08-18
A068930,2025,315.6,2026-08-18
A068930,2026,445.7,2026-08-18
A068930,2027,497.5,2026-08-18
A068930,2028,541.5,2026-08-18
A002600,2022,149.8,2026-08-18
A002600,2023,156.5,2026-08-18
A002600,2024,208.3,2026-08-18
A002600,2025,186.3,2026-08-18
A000430,2022,220.6,2026-08-18
A000430,2023,591.7,2026-08-18
A000430,2024,225.6,2026-08-18
A000430,2025,470.1,2026-08-18
A381970,2022,500.5,2026-08-18
A381970,2023,590.1,2026-08-18
A381970,2024,681.1,2026-08-18
A381970,2025,759.7,2026-08-18
A381970,2026,760.7,2026-08-18
A381970,2027,837.7,2026-08-18
A381970,2028,899.7,2026-08-18
A005810,2022,801.6,2026-08-18
A005810,2023,678.4,2026-08-18
A005810,2024,1047.5,2026-08-18
A005810,2025,668.0,2026-08-18
A005810,2026,1422.5,2026-08-18
A005810,2027,1218.0,2026-08-18
A005810,2028,1260.0,2026-08-18
A086980,2022,-31.9,2026-08-18
A086980,2023,-283.0,2026-08-18
A086980,2024,245.2,2026-08-18
A086980,2025,-116.5,2026-08-18
A339770,2022,88.4,2026-08-18
A339770,2023,248.4,2026-08-18
A339770,2024,154.4,2026-08-18
A339770,2025,350.4,2026-08-18
A339770,2026,320.0,2026-08-18
A339770,2027,423.0,2026-08-18
A339770,2028,440.0,2026-08-18
A043150,2022,796.4,2026-08-18
A043150,2023,640.4,2026-08-18
A043150,2024,539.6,2026-08-18
A043150,2025,547.8,2026-08-18
A043150,2026,604.0,2026-08-18
A043150,2027,683.2,2026-08-18
A043150,2028,787.5,2026-08-18
A004170,2022,6454.5,2026-08-18
A004170,2023,6397.8,2026-08-18
A004170,2024,4770.2,2026-08-18
A004170,2025,4799.6,2026-08-18
A004170,2026,7899.0,2026-08-18
A004170,2027,8741.5,2026-08-18
A004170,2028,9342.0,2026-08-18
A145170,2022,477.3,2026-08-18
A145170,2023,104.8,2026-08-18
A145170,2024,175.7,2026-08-18
A145170,2025,133.4,2026-08-18
A170030,2022,150.6,2026-08-18
A170030,2023,154.0,2026-08-18
A170030,2024,108.8,2026-08-18
A170030,2025,123.1,2026-08-18
A000050,2022,319.0,2026-08-18
A000050,2023,159.7,2026-08-18
A000050,2024,334.5,2026-08-18
A000050,2025,459.9,2026-08-18
A265560,2022,19.1,2026-08-18
A265560,2023,50.1,2026-08-18
A265560,2024,153.9,2026-08-18
A265560,2025,180.4,2026-08-18
A017250,2022,30.7,2026-08-18
A017250,2023,107.7,2026-08-18
A017250,2024,44.0,2026-08-18
A017250,2025,39.9,2026-08-18
A005830,2022,27260.5,2026-08-18
A005830,2023,22350.0,2026-08-18
A005830,2024,24249.3,2026-08-18
A005830,2025,23839.5,2026-08-18
A005830,2026,23213.5,2026-08-18
A005830,2027,23939.7,2026-08-18
A005830,2028,25246.5,2026-08-18
A280360,2022,1123.8,2026-08-18
A280360,2023,1770.2,2026-08-18
A280360,2024,1571.0,2026-08-18
A280360,2025,1095.2,2026-08-18
A280360,2026,2144.8,2026-08-18
A280360,2027,2398.6,2026-08-18
A280360,2028,2646.3,2026-08-18
A052400,2022,488.3,2026-08-18
A052400,2023,336.8,2026-08-18
A052400,2024,334.1,2026-08-18
A052400,2025,889.0,2026-08-18
A052400,2026,1129.0,2026-08-18
A052400,2027,1310.0,2026-08-18
A052400,2028,1529.3,2026-08-18
A383220,2022,5248.8,2026-08-18
A383220,2023,5518.4,2026-08-18
A383220,2024,4507.4,2026-08-18
A383220,2025,4685.7,2026-08-18
A383220,2026,5358.4,2026-08-18
A383220,2027,5739.4,2026-08-18
A383220,2028,6274.3,2026-08-18
A053450,2022,61.6,2026-08-18
A053450,2023,161.7,2026-08-18
A053450,2024,144.2,2026-08-18
A053450,2025,30.1,2026-08-18
A053450,2026,53.0,2026-08-18
A053450,2027,114.0,2026-08-18
A053450,2028,131.0,2026-08-18
A119610,2022,241.7,2026-08-18
A119610,2023,51.9,2026-08-18
A119610,2024,58.2,2026-08-18
A119610,2025,194.8,2026-08-18
A119610,2026,297.0,2026-08-18
A119610,2027,378.4,2026-08-18
A119610,2028,474.5,2026-08-18
A090350,2022,257.5,2026-08-18
A090350,2023,422.7,2026-08-18
A090350,2024,436.6,2026-08-18
A090350,2025,301.8,2026-08-18
A061090,2022,162.0,2026-08-18
A061090,2023,128.4,2026-08-18
A061090,2024,215.5,2026-08-18
A061090,2025,162.9,2026-08-18
A061090,2026,403.0,2026-08-18
A061090,2027,544.0,2026-08-18
A061090,2028,977.0,2026-08-18
A011320,2022,59.4,2026-08-18
A011320,2023,93.4,2026-08-18
A011320,2024,83.5,2026-08-18
A011320,2025,144.2,2026-08-18
A005960,2022,412.5,2026-08-18
A005960,2023,302.0,2026-08-18
A005960,2024,-969.4,2026-08-18
A005960,2025,426.3,2026-08-18
A472850,2023,6.7,2026-08-18
A472850,2024,413.2,2026-08-18
A472850,2025,573.8,2026-08-18
A331520,2022,30.1,2026-08-18
A331520,2023,2.3,2026-08-18
A331520,2024,-1.9,2026-08-18
A331520,2025,28.8,2026-08-18
A004590,2022,146.8,2026-08-18
A004590,2023,124.3,2026-08-18
A004590,2024,178.2,2026-08-18
A004590,2025,175.3,2026-08-18
A089600,2022,330.5,2026-08-18
A089600,2023,205.2,2026-08-18
A089600,2024,199.4,2026-08-18
A089600,2025,123.2,2026-08-18
A089600,2026,239.0,2026-08-18
A089600,2027,285.0,2026-08-18
A089600,2028,331.0,2026-08-18
A023910,2022,329.7,2026-08-18
A023910,2023,358.0,2026-08-18
A023910,2024,380.8,2026-08-18
A023910,2025,311.9,2026-08-18
A079430,2022,-279.0,2026-08-18
A079430,2023,-198.5,2026-08-18
A079430,2024,240.4,2026-08-18
A079430,2025,157.2,2026-08-18
A079430,2026,174.0,2026-08-18
A079430,2027,254.0,2026-08-18
A079430,2028,483.0,2026-08-18
A104460,2022,-117.8,2026-08-18
A104460,2023,83.3,2026-08-18
A104460,2024,246.0,2026-08-18
A104460,2025,285.7,2026-08-18
A049520,2022,57.7,2026-08-18
A049520,2023,84.7,2026-08-18
A049520,2024,210.6,2026-08-18
A049520,2025,263.5,2026-08-18
A063760,2022,-32.2,2026-08-18
A063760,2023,-56.3,2026-08-18
A063760,2024,-42.0,2026-08-18
A063760,2025,23.0,2026-08-18
A466410,2022,46.9,2026-08-18
A466410,2023,64.3,2026-08-18
A466410,2024,50.7,2026-08-18
A466410,2025,46.7,2026-08-18
A466410,2026,73.0,2026-08-18
A466410,2027,97.0,2026-08-18
A466410,2028,120.0,2026-08-18
A000270,2022,72331.2,2026-08-18
A000270,2023,116078.7,2026-08-18
A000270,2024,126671.4,2026-08-18
A000270,2025,90781.5,2026-08-18
A000270,2026,102339.8,2026-08-18
A000270,2027,113764.5,2026-08-18
A000270,2028,121765.0,2026-08-18
A264660,2022,254.3,2026-08-18
A264660,2023,127.4,2026-08-18
A264660,2024,129.4,2026-08-18
A264660,2025,247.4,2026-08-18
A264660,2026,213.0,2026-08-18
A264660,2027,291.0,2026-08-18
A264660,2028,403.0,2026-08-18
A041930,2022,144.4,2026-08-18
A041930,2023,216.4,2026-08-18
A041930,2024,183.9,2026-08-18
A041930,2025,171.8,2026-08-18
A053980,2022,36.7,2026-08-18
A053980,2023,63.4,2026-08-18
A053980,2024,79.7,2026-08-18
A053980,2025,110.0,2026-08-18
A190650,2023,-20.8,2026-08-18
A190650,2024,78.7,2026-08-18
A190650,2025,102.5,2026-08-18
A190650,2026,91.5,2026-08-18
A250000,2022,106.1,2026-08-18
A250000,2023,130.7,2026-08-18
A250000,2024,128.0,2026-08-18
A250000,2025,91.5,2026-08-18
A006090,2022,102.0,2026-08-18
A006090,2023,162.8,2026-08-18
A006090,2024,209.0,2026-08-18
A006090,2025,135.2,2026-08-18
A285130,2022,2304.8,2026-08-18
A285130,2023,833.0,2026-08-18
A285130,2024,-451.8,2026-08-18
A285130,2025,-2.1,2026-08-18
A285130,2026,587.0,2026-08-18
A285130,2027,1592.0,2026-08-18
A285130,2028,2230.0,2026-08-18
A143540,2022,-163.7,2026-08-18
A143540,2023,-110.9,2026-08-18
A143540,2024,-49.7,2026-08-18
A143540,2025,59.1,2026-08-18
A143540,2026,100.0,2026-08-18
A039840,2022,-44.1,2026-08-18
A039840,2023,209.0,2026-08-18
A039840,2024,-407.4,2026-08-18
A039840,2025,101.0,2026-08-18
A039840,2026,258.5,2026-08-18
A002790,2022,2719.0,2026-08-18
A002790,2023,1520.0,2026-08-18
A002790,2024,2492.8,2026-08-18
A002790,2025,3680.0,2026-08-18
A067160,2022,824.2,2026-08-18
A067160,2023,903.1,2026-08-18
A067160,2024,1135.1,2026-08-18
A067160,2025,1248.4,2026-08-18
A067160,2026,930.6,2026-08-18
A067160,2027,1019.6,2026-08-18
A067160,2028,1154.8,2026-08-18
A037230,2022,5.9,2026-08-18
A037230,2023,85.5,2026-08-18
A037230,2024,67.9,2026-08-18
A037230,2025,99.4,2026-08-18
A072710,2022,528.1,2026-08-18
A072710,2023,753.1,2026-08-18
A072710,2024,866.4,2026-08-18
A072710,2025,811.2,2026-08-18
A033050,2022,47.3,2026-08-18
A033050,2023,44.5,2026-08-18
A033050,2024,40.5,2026-08-18
A033050,2025,40.7,2026-08-18
A065150,2022,-40.2,2026-08-18
A065150,2023,7.6,2026-08-18
A065150,2024,-7.6,2026-08-18
A065150,2025,45.5,2026-08-18
A131220,2022,72.2,2026-08-18
A131220,2023,61.7,2026-08-18
A131220,2024,42.3,2026-08-18
A131220,2025,55.3,2026-08-18
A014440,2022,49.7,2026-08-18
A014440,2023,69.5,2026-08-18
A014440,2024,194.0,2026-08-18
A014440,2025,192.9,2026-08-18
A005430,2022,25.9,2026-08-18
A005430,2023,339.7,2026-08-18
A005430,2024,450.1,2026-08-18
A005430,2025,470.1,2026-08-18
A005430,2026,635.0,2026-08-18
A056190,2022,1609.2,2026-08-18
A056190,2023,889.1,2026-08-18
A056190,2024,-484.0,2026-08-18
A056190,2025,858.6,2026-08-18
A056190,2026,1284.7,2026-08-18
A056190,2027,1785.3,2026-08-18
A056190,2028,2004.7,2026-08-18
A214420,2022,-72.6,2026-08-18
A214420,2023,96.2,2026-08-18
A214420,2024,121.0,2026-08-18
A214420,2025,143.6,2026-08-18
A214420,2026,207.0,2026-08-18
A214420,2027,285.0,2026-08-18
A214420,2028,400.0,2026-08-18
A123330,2022,-31.7,2026-08-18
A123330,2023,-40.2,2026-08-18
A123330,2024,60.2,2026-08-18
A123330,2025,149.7,2026-08-18
A123330,2026,285.0,2026-08-18
A123330,2027,490.0,2026-08-18
A083930,2022,135.7,2026-08-18
A083930,2023,44.1,2026-08-18
A083930,2024,204.0,2026-08-18
A083930,2025,346.2,2026-08-18
A130580,2022,155.0,2026-08-18
A130580,2023,141.9,2026-08-18
A130580,2024,157.8,2026-08-18
A130580,2025,154.3,2026-08-18
A130580,2026,162.0,2026-08-18
A130580,2027,170.0,2026-08-18
A130580,2028,179.0,2026-08-18
A123700,2022,70.9,2026-08-18
A123700,2023,132.3,2026-08-18
A123700,2024,142.4,2026-08-18
A123700,2025,113.2,2026-08-18
A051910,2022,29793.5,2026-08-18
A051910,2023,25292.0,2026-08-18
A051910,2024,8749.3,2026-08-18
A051910,2025,11809.0,2026-08-18
A051910,2026,13021.5,2026-08-18
A051910,2027,39507.7,2026-08-18
A051910,2028,55674.8,2026-08-18
A053690,2022,306.5,2026-08-18
A053690,2023,296.3,2026-08-18
A053690,2024,339.2,2026-08-18
A053690,2025,306.1,2026-08-18
A053690,2026,315.5,2026-08-18
A053690,2027,427.0,2026-08-18
A053690,2028,450.0,2026-08-18
A033160,2022,802.8,2026-08-18
A033160,2023,464.5,2026-08-18
A033160,2024,560.8,2026-08-18
A033160,2025,141.9,2026-08-18
A033160,2026,484.0,2026-08-18
A033160,2027,881.0,2026-08-18
A033160,2028,1620.0,2026-08-18
A375500,2022,4969.7,2026-08-18
A375500,2023,3306.6,2026-08-18
A375500,2024,2709.4,2026-08-18
A375500,2025,3869.5,2026-08-18
A375500,2026,5744.6,2026-08-18
A375500,2027,5756.8,2026-08-18
A375500,2028,6461.5,2026-08-18
A039570,2022,123.1,2026-08-18
A039570,2023,105.1,2026-08-18
A039570,2024,64.0,2026-08-18
A039570,2025,106.4,2026-08-18
A039570,2026,353.0,2026-08-18
A039570,2027,400.0,2026-08-18
A039570,2028,410.0,2026-08-18
A090460,2022,1312.7,2026-08-18
A090460,2023,847.9,2026-08-18
A090460,2024,870.5,2026-08-18
A090460,2025,539.8,2026-08-18
A090460,2026,968.2,2026-08-18
A090460,2027,1311.6,2026-08-18
A090460,2028,1508.3,2026-08-18
A000680,2022,80.2,2026-08-18
A000680,2023,116.2,2026-08-18
A000680,2024,301.9,2026-08-18
A000680,2025,222.9,2026-08-18
A010400,2022,-56.1,2026-08-18
A010400,2023,-33.2,2026-08-18
A010400,2024,-178.6,2026-08-18
A010400,2025,49.8,2026-08-18
A023600,2022,675.9,2026-08-18
A023600,2023,673.7,2026-08-18
A023600,2024,387.3,2026-08-18
A023600,2025,299.1,2026-08-18
A001770,2022,141.8,2026-08-18
A001770,2023,6.7,2026-08-18
A001770,2024,-40.3,2026-08-18
A001770,2025,27.4,2026-08-18
A137950,2022,426.5,2026-08-18
A137950,2023,323.0,2026-08-18
A137950,2024,106.9,2026-08-18
A137950,2025,77.2,2026-08-18
A418470,2022,41.7,2026-08-18
A418470,2023,104.1,2026-08-18
A418470,2024,110.0,2026-08-18
A418470,2025,143.7,2026-08-18
A418470,2026,152.0,2026-08-18
A418470,2027,172.0,2026-08-18
A418470,2028,204.0,2026-08-18
A096770,2022,39173.4,2026-08-18
A096770,2023,19038.9,2026-08-18
A096770,2024,3557.0,2026-08-18
A096770,2025,4486.8,2026-08-18
A096770,2026,84273.9,2026-08-18
A096770,2027,41287.8,2026-08-18
A096770,2028,43216.7,2026-08-18
A263720,2022,58.6,2026-08-18
A263720,2023,34.9,2026-08-18
A263720,2024,108.6,2026-08-18
A263720,2025,173.4,2026-08-18
A078070,2022,274.1,2026-08-18
A078070,2023,326.0,2026-08-18
A078070,2024,143.5,2026-08-18
A078070,2025,306.1,2026-08-18
A900250,2022,192.8,2026-08-18
A900250,2023,163.0,2026-08-18
A900250,2024,137.3,2026-08-18
A900250,2025,107.2,2026-08-18
A272550,2022,237.0,2026-08-18
A272550,2023,324.7,2026-08-18
A272550,2024,337.6,2026-08-18
A272550,2025,246.5,2026-08-18
A079970,2022,-37.9,2026-08-18
A079970,2023,-2.4,2026-08-18
A079970,2024,-19.8,2026-08-18
A079970,2025,7.4,2026-08-18
A175330,2022,8257.6,2026-08-18
A175330,2023,7999.8,2026-08-18
A175330,2024,9060.8,2026-08-18
A175330,2025,9523.1,2026-08-18
A175330,2026,10192.0,2026-08-18
A175330,2027,10875.2,2026-08-18
A175330,2028,11498.3,2026-08-18
A041920,2022,106.1,2026-08-18
A041920,2023,94.0,2026-08-18
A041920,2024,13.1,2026-08-18
A041920,2025,59.5,2026-08-18
A041920,2026,217.0,2026-08-18
A041920,2027,371.0,2026-08-18
A010950,2022,34051.7,2026-08-18
A010950,2023,13545.8,2026-08-18
A010950,2024,4221.8,2026-08-18
A010950,2025,2356.3,2026-08-18
A010950,2026,42661.6,2026-08-18
A010950,2027,31437.9,2026-08-18
A010950,2028,27853.1,2026-08-18
A066130,2022,71.8,2026-08-18
A066130,2023,62.8,2026-08-18
A066130,2024,107.1,2026-08-18
A066130,2025,103.5,2026-08-18
A316140,2022,44305.2,2026-08-18
A316140,2023,34990.3,2026-08-18
A316140,2024,42551.9,2026-08-18
A316140,2025,36748.1,2026-08-18
A316140,2026,43798.2,2026-08-18
A316140,2027,47992.2,2026-08-18
A316140,2028,50426.3,2026-08-18
A023410,2022,547.2,2026-08-18
A023410,2023,844.4,2026-08-18
A023410,2024,550.0,2026-08-18
A023410,2025,323.7,2026-08-18
A032640,2022,10812.6,2026-08-18
A032640,2023,9980.3,2026-08-18
A032640,2024,8631.3,2026-08-18
A032640,2025,8921.3,2026-08-18
A032640,2026,11498.4,2026-08-18
A032640,2027,12333.2,2026-08-18
A032640,2028,13168.1,2026-08-18
A060540,2022,110.9,2026-08-18
A060540,2023,47.1,2026-08-18
A060540,2024,33.5,2026-08-18
A060540,2025,39.1,2026-08-18
A005090,2022,2094.0,2026-08-18
A005090,2023,1068.2,2026-08-18
A005090,2024,1896.1,2026-08-18
A005090,2025,958.2,2026-08-18
A005090,2026,1644.0,2026-08-18
A005090,2027,1755.7,2026-08-18
A005090,2028,2469.0,2026-08-18
A307280,2022,51.5,2026-08-18
A307280,2023,71.2,2026-08-18
A307280,2024,64.1,2026-08-18
A307280,2025,79.3,2026-08-18
A171090,2022,44.3,2026-08-18
A171090,2023,-40.6,2026-08-18
A171090,2024,79.1,2026-08-18
A171090,2025,1115.3,2026-08-18
A171090,2026,926.0,2026-08-18
A171090,2027,1392.7,2026-08-18
A171090,2028,1669.3,2026-08-18
A005940,2022,5213.6,2026-08-18
A005940,2023,7257.6,2026-08-18
A005940,2024,9010.7,2026-08-18
A005940,2025,14205.8,2026-08-18
A005940,2026,23433.4,2026-08-18
A005940,2027,20587.0,2026-08-18
A005940,2028,20745.8,2026-08-18
A031430,2022,1152.7,2026-08-18
A031430,2023,487.3,2026-08-18
A031430,2024,72.4,2026-08-18
A031430,2025,-115.0,2026-08-18
A031430,2026,567.4,2026-08-18
A031430,2027,733.7,2026-08-18
A031430,2028,798.2,2026-08-18
A234080,2022,270.9,2026-08-18
A234080,2023,308.6,2026-08-18
A234080,2024,358.6,2026-08-18
A234080,2025,332.4,2026-08-18
A459100,2022,52.3,2026-08-18
A459100,2023,102.5,2026-08-18
A459100,2024,21.8,2026-08-18
A459100,2025,25.9,2026-08-18
A459100,2026,86.5,2026-08-18
A459100,2027,122.0,2026-08-18
A459100,2028,195.0,2026-08-18
A005180,2022,394.1,2026-08-18
A005180,2023,1122.5,2026-08-18
A005180,2024,1312.8,2026-08-18
A005180,2025,883.6,2026-08-18
A005180,2026,1060.0,2026-08-18
A005180,2027,1250.0,2026-08-18
A005180,2028,1350.0,2026-08-18
A173130,2022,85.2,2026-08-18
A173130,2023,139.5,2026-08-18
A173130,2024,106.5,2026-08-18
A173130,2025,140.4,2026-08-18
A004780,2022,96.8,2026-08-18
A004780,2023,156.2,2026-08-18
A004780,2024,158.2,2026-08-18
A004780,2025,103.0,2026-08-18
A286940,2022,342.5,2026-08-18
A286940,2023,569.5,2026-08-18
A286940,2024,257.2,2026-08-18
A286940,2025,313.9,2026-08-18
A286940,2026,449.0,2026-08-18
A286940,2027,559.3,2026-08-18
A286940,2028,636.7,2026-08-18
A227840,2022,142.8,2026-08-18
A227840,2023,187.3,2026-08-18
A227840,2024,195.1,2026-08-18
A227840,2025,213.7,2026-08-18
A059100,2022,29.3,2026-08-18
A059100,2023,-21.5,2026-08-18
A059100,2024,26.0,2026-08-18
A059100,2025,60.4,2026-08-18
A265740,2022,22.7,2026-08-18
A265740,2023,40.7,2026-08-18
A265740,2024,-70.9,2026-08-18
A265740,2025,125.2,2026-08-18
A265740,2026,178.5,2026-08-18
A265740,2027,222.0,2026-08-18
A382800,2022,147.1,2026-08-18
A382800,2023,182.9,2026-08-18
A382800,2024,116.5,2026-08-18
A382800,2025,77.6,2026-08-18
A382800,2026,280.0,2026-08-18
A382800,2027,371.0,2026-08-18
A382800,2028,458.0,2026-08-18
A201490,2022,270.3,2026-08-18
A201490,2023,221.3,2026-08-18
A201490,2024,118.1,2026-08-18
A201490,2025,126.1,2026-08-18
A105760,2022,119.9,2026-08-18
A105760,2023,84.3,2026-08-18
A105760,2024,29.8,2026-08-18
A105760,2025,33.8,2026-08-18
A006260,2022,6695.1,2026-08-18
A006260,2023,8996.7,2026-08-18
A006260,2024,10729.4,2026-08-18
A006260,2025,10525.5,2026-08-18
A006260,2026,17353.9,2026-08-18
A006260,2027,19857.1,2026-08-18
A006260,2028,22881.7,2026-08-18
A192440,2022,519.9,2026-08-18
A192440,2023,353.2,2026-08-18
A192440,2024,217.5,2026-08-18
A192440,2025,332.1,2026-08-18
A036190,2022,279.0,2026-08-18
A036190,2023,434.6,2026-08-18
A036190,2024,362.0,2026-08-18
A036190,2025,438.0,2026-08-18
A104830,2022,888.0,2026-08-18
A104830,2023,246.9,2026-08-18
A104830,2024,519.2,2026-08-18
A104830,2025,565.0,2026-08-18
A104830,2026,698.3,2026-08-18
A104830,2027,874.0,2026-08-18
A104830,2028,850.0,2026-08-18
A006880,2022,85.7,2026-08-18
A006880,2023,83.8,2026-08-18
A006880,2024,84.0,2026-08-18
A006880,2025,103.1,2026-08-18
A123040,2022,1391.2,2026-08-18
A123040,2023,1748.4,2026-08-18
A123040,2024,963.0,2026-08-18
A123040,2025,312.8,2026-08-18
A033290,2022,390.5,2026-08-18
A033290,2023,344.3,2026-08-18
A033290,2024,330.8,2026-08-18
A033290,2025,226.7,2026-08-18
A043370,2022,228.7,2026-08-18
A043370,2023,482.9,2026-08-18
A043370,2024,514.8,2026-08-18
A043370,2025,484.4,2026-08-18
A417790,2022,90.1,2026-08-18
A417790,2023,113.9,2026-08-18
A417790,2024,154.6,2026-08-18
A417790,2025,132.5,2026-08-18
A054940,2022,93.2,2026-08-18
A054940,2023,34.1,2026-08-18
A054940,2024,85.1,2026-08-18
A054940,2025,25.1,2026-08-18
A204020,2022,28.7,2026-08-18
A204020,2023,111.2,2026-08-18
A204020,2024,123.1,2026-08-18
A204020,2025,78.5,2026-08-18
A021820,2022,-109.4,2026-08-18
A021820,2023,120.4,2026-08-18
A021820,2024,192.1,2026-08-18
A021820,2025,170.3,2026-08-18
A051380,2022,8.1,2026-08-18
A051380,2023,32.8,2026-08-18
A051380,2024,18.5,2026-08-18
A051380,2025,42.5,2026-08-18
A079980,2022,-830.1,2026-08-18
A079980,2023,-716.3,2026-08-18
A079980,2024,-382.5,2026-08-18
A079980,2025,197.6,2026-08-18
A000220,2022,-5.9,2026-08-18
A000220,2023,3.6,2026-08-18
A000220,2024,117.0,2026-08-18
A000220,2025,110.2,2026-08-18
A013030,2022,407.0,2026-08-18
A013030,2023,518.9,2026-08-18
A013030,2024,501.3,2026-08-18
A013030,2025,589.1,2026-08-18
A013030,2026,658.5,2026-08-18
A013030,2027,757.5,2026-08-18
A013030,2028,774.0,2026-08-18
A003220,2022,430.1,2026-08-18
A003220,2023,322.3,2026-08-18
A003220,2024,282.2,2026-08-18
A003220,2025,34.8,2026-08-18
A003220,2026,194.0,2026-08-18
A003220,2027,344.5,2026-08-18
A003220,2028,417.0,2026-08-18
A000540,2022,2632.7,2026-08-18
A000540,2023,3810.2,2026-08-18
A000540,2024,1487.8,2026-08-18
A000540,2025,1875.0,2026-08-18
A950140,2022,98.8,2026-08-18
A950140,2023,288.6,2026-08-18
A950140,2024,188.0,2026-08-18
A950140,2025,373.7,2026-08-18
A004800,2022,648.9,2026-08-18
A004800,2023,576.6,2026-08-18
A004800,2024,2211.3,2026-08-18
A004800,2025,3930.2,2026-08-18
A004800,2026,5440.0,2026-08-18
A004800,2027,5300.0,2026-08-18
A004800,2028,5786.7,2026-08-18
A021650,2022,90.6,2026-08-18
A021650,2023,106.5,2026-08-18
A021650,2024,114.4,2026-08-18
A021650,2025,79.3,2026-08-18
A012860,2022,439.1,2026-08-18
A012860,2023,277.5,2026-08-18
A012860,2024,343.9,2026-08-18
A012860,2025,367.9,2026-08-18
A034590,2022,80.5,2026-08-18
A034590,2023,165.2,2026-08-18
A034590,2024,194.2,2026-08-18
A034590,2025,191.5,2026-08-18
A111770,2022,8230.3,2026-08-18
A111770,2023,6371.5,2026-08-18
A111770,2024,3155.8,2026-08-18
A111770,2025,5144.4,2026-08-18
A111770,2026,6512.6,2026-08-18
A111770,2027,7172.0,2026-08-18
A111770,2028,7835.7,2026-08-18
A000240,2022,2452.5,2026-08-18
A000240,2023,2565.6,2026-08-18
A000240,2024,4182.7,2026-08-18
A000240,2025,4116.3,2026-08-18
A000240,2026,4211.0,2026-08-18
A000240,2027,4716.0,2026-08-18
A000240,2028,5340.0,2026-08-18
A006360,2022,5548.3,2026-08-18
A006360,2023,-3879.5,2026-08-18
A006360,2024,2859.5,2026-08-18
A006360,2025,4378.1,2026-08-18
A006360,2026,4155.9,2026-08-18
A006360,2027,5841.5,2026-08-18
A006360,2028,6828.9,2026-08-18
A010470,2022,141.7,2026-08-18
A010470,2023,121.7,2026-08-18
A010470,2024,120.0,2026-08-18
A010470,2025,89.2,2026-08-18
A004990,2022,4898.3,2026-08-18
A004990,2023,4936.9,2026-08-18
A004990,2024,3404.7,2026-08-18
A004990,2025,2394.4,2026-08-18
A004990,2026,3797.0,2026-08-18
A004990,2027,4472.5,2026-08-18
A004990,2028,7397.5,2026-08-18
A017180,2022,64.3,2026-08-18
A017180,2023,9.6,2026-08-18
A017180,2024,19.3,2026-08-18
A017180,2025,68.3,2026-08-18
A043610,2022,138.2,2026-08-18
A043610,2023,153.6,2026-08-18
A043610,2024,121.9,2026-08-18
A043610,2025,161.7,2026-08-18
A439260,2022,32.6,2026-08-18
A439260,2023,359.0,2026-08-18
A439260,2024,1580.6,2026-08-18
A439260,2025,2941.0,2026-08-18
A439260,2026,3646.8,2026-08-18
A439260,2027,3749.2,2026-08-18
A439260,2028,4301.8,2026-08-18
A003690,2022,3524.1,2026-08-18
A003690,2023,3636.7,2026-08-18
A003690,2024,4054.3,2026-08-18
A003690,2025,4709.4,2026-08-18
A003690,2026,6006.7,2026-08-18
A003690,2027,4916.7,2026-08-18
A003690,2028,4955.0,2026-08-18
A008490,2022,619.8,2026-08-18
A008490,2023,429.9,2026-08-18
A008490,2024,338.4,2026-08-18
A008490,2025,502.1,2026-08-18
A074600,2022,1151.3,2026-08-18
A074600,2023,829.8,2026-08-18
A074600,2024,906.1,2026-08-18
A074600,2025,596.1,2026-08-18
A074600,2026,1166.3,2026-08-18
A074600,2027,1503.7,2026-08-18
A074600,2028,1701.7,2026-08-18
A014570,2022,143.3,2026-08-18
A014570,2023,180.3,2026-08-18
A014570,2024,91.4,2026-08-18
A014570,2025,69.1,2026-08-18
A003160,2022,111.5,2026-08-18
A003160,2023,61.4,2026-08-18
A003160,2024,30.8,2026-08-18
A003160,2025,365.1,2026-08-18
A003160,2026,1055.0,2026-08-18
A003160,2027,1394.0,2026-08-18
A003160,2028,1476.0,2026-08-18
A002800,2022,54.3,2026-08-18
A002800,2023,60.0,2026-08-18
A002800,2024,68.9,2026-08-18
A002800,2025,107.9,2026-08-18
A036030,2022,98.2,2026-08-18
A036030,2023,96.1,2026-08-18
A036030,2024,246.0,2026-08-18
A036030,2025,441.6,2026-08-18
A000640,2022,378.5,2026-08-18
A000640,2023,768.8,2026-08-18
A000640,2024,820.9,2026-08-18
A000640,2025,977.7,2026-08-18
A000640,2026,1093.8,2026-08-18
A000640,2027,1199.2,2026-08-18
A000640,2028,1393.2,2026-08-18
A067280,2022,410.4,2026-08-18
A067280,2023,402.9,2026-08-18
A067280,2024,389.3,2026-08-18
A067280,2025,318.9,2026-08-18
A000080,2022,1905.7,2026-08-18
A000080,2023,1239.2,2026-08-18
A000080,2024,2081.4,2026-08-18
A000080,2025,1723.4,2026-08-18
A000080,2026,1912.4,2026-08-18
A000080,2027,2027.0,2026-08-18
A000080,2028,2164.2,2026-08-18
A030610,2022,516.5,2026-08-18
A030610,2023,702.8,2026-08-18
A030610,2024,1139.3,2026-08-18
A030610,2025,1904.4,2026-08-18
A003010,2022,26.8,2026-08-18
A003010,2023,91.4,2026-08-18
A003010,2024,141.6,2026-08-18
A003010,2025,175.5,2026-08-18
A136410,2022,86.9,2026-08-18
A136410,2023,60.1,2026-08-18
A136410,2024,92.2,2026-08-18
A136410,2025,120.0,2026-08-18
A001380,2022,-14.4,2026-08-18
A001380,2023,66.1,2026-08-18
A001380,2024,61.5,2026-08-18
A001380,2025,49.6,2026-08-18
A009160,2022,1189.5,2026-08-18
A009160,2023,175.0,2026-08-18
A009160,2024,195.8,2026-08-18
A009160,2025,459.6,2026-08-18
A221980,2022,57.0,2026-08-18
A221980,2023,62.5,2026-08-18
A221980,2024,74.7,2026-08-18
A221980,2025,69.7,2026-08-18
A192650,2022,966.7,2026-08-18
A192650,2023,340.5,2026-08-18
A192650,2024,235.5,2026-08-18
A192650,2025,313.7,2026-08-18
A192650,2026,402.3,2026-08-18
A192650,2027,636.3,2026-08-18
A192650,2028,773.3,2026-08-18
A018290,2022,235.5,2026-08-18
A018290,2023,455.5,2026-08-18
A018290,2024,1109.0,2026-08-18
A018290,2025,828.7,2026-08-18
A018290,2026,710.0,2026-08-18
A018290,2027,870.0,2026-08-18
A018290,2028,1000.0,2026-08-18
A025530,2022,82.3,2026-08-18
A025530,2023,146.6,2026-08-18
A025530,2024,137.2,2026-08-18
A025530,2025,105.5,2026-08-18
A004650,2022,97.7,2026-08-18
A004650,2023,145.8,2026-08-18
A004650,2024,173.8,2026-08-18
A004650,2025,158.9,2026-08-18
A178320,2022,596.9,2026-08-18
A178320,2023,490.0,2026-08-18
A178320,2024,1087.0,2026-08-18
A178320,2025,11.5,2026-08-18
A178320,2026,1023.0,2026-08-18
A178320,2027,4374.0,2026-08-18
A254490,2022,221.0,2026-08-18
A254490,2023,94.1,2026-08-18
A254490,2024,102.3,2026-08-18
A254490,2025,190.8,2026-08-18
A900140,2022,-144.2,2026-08-18
A900140,2023,-156.1,2026-08-18
A900140,2024,185.8,2026-08-18
A900140,2025,385.5,2026-08-18
A005850,2022,1979.2,2026-08-18
A005850,2023,3861.9,2026-08-18
A005850,2024,3951.6,2026-08-18
A005850,2025,4071.0,2026-08-18
A005850,2026,4617.0,2026-08-18
A005850,2027,5073.1,2026-08-18
A005850,2028,5900.8,2026-08-18
A097230,2022,66.2,2026-08-18
A097230,2023,-1087.9,2026-08-18
A097230,2024,72.5,2026-08-18
A097230,2025,670.7,2026-08-18
A097230,2026,2050.0,2026-08-18
A097230,2027,2990.0,2026-08-18
A123420,2022,8.9,2026-08-18
A123420,2023,-4.4,2026-08-18
A123420,2024,10.5,2026-08-18
A123420,2025,107.4,2026-08-18
A034120,2022,1856.0,2026-08-18
A034120,2023,583.2,2026-08-18
A034120,2024,-191.9,2026-08-18
A034120,2025,181.5,2026-08-18
A034120,2026,128.2,2026-08-18
A034120,2027,404.4,2026-08-18
A034120,2028,507.2,2026-08-18
A405100,2022,102.9,2026-08-18
A405100,2023,7.5,2026-08-18
A405100,2024,47.7,2026-08-18
A405100,2025,47.8,2026-08-18
A405100,2026,162.0,2026-08-18
A405100,2027,265.0,2026-08-18
A094850,2022,-157.9,2026-08-18
A094850,2023,64.2,2026-08-18
A094850,2024,20.0,2026-08-18
A094850,2025,97.8,2026-08-18
A216050,2022,196.3,2026-08-18
A216050,2023,126.4,2026-08-18
A216050,2024,100.3,2026-08-18
A216050,2025,115.1,2026-08-18
A037710,2022,655.8,2026-08-18
A037710,2023,549.0,2026-08-18
A037710,2024,523.3,2026-08-18
A037710,2025,524.7,2026-08-18
A045060,2022,86.1,2026-08-18
A045060,2023,101.8,2026-08-18
A045060,2024,86.4,2026-08-18
A045060,2025,56.2,2026-08-18
A499790,2024,-0.4,2026-08-18
A499790,2025,780.2,2026-08-18
A499790,2026,1340.8,2026-08-18
A499790,2027,1554.8,2026-08-18
A499790,2028,1728.8,2026-08-18
A107590,2022,228.4,2026-08-18
A107590,2023,155.6,2026-08-18
A107590,2024,230.3,2026-08-18
A107590,2025,203.5,2026-08-18
A108380,2022,-98.9,2026-08-18
A108380,2023,37.3,2026-08-18
A108380,2024,156.9,2026-08-18
A108380,2025,270.6,2026-08-18
A108380,2026,293.0,2026-08-18
A108380,2027,313.0,2026-08-18
A108380,2028,326.0,2026-08-18
A204320,2022,2481.0,2026-08-18
A204320,2023,2792.8,2026-08-18
A204320,2024,3587.6,2026-08-18
A204320,2025,3571.2,2026-08-18
A204320,2026,4117.1,2026-08-18
A204320,2027,4720.5,2026-08-18
A204320,2028,5340.8,2026-08-18
A114810,2022,360.7,2026-08-18
A114810,2023,82.2,2026-08-18
A114810,2024,230.7,2026-08-18
A114810,2025,333.2,2026-08-18
A114810,2026,427.0,2026-08-18
A114810,2027,613.0,2026-08-18
A053580,2022,206.0,2026-08-18
A053580,2023,137.2,2026-08-18
A053580,2024,138.9,2026-08-18
A053580,2025,134.7,2026-08-18
A053580,2026,148.0,2026-08-18
A053580,2027,168.0,2026-08-18
A053580,2028,192.0,2026-08-18
A005440,2022,-308.2,2026-08-18
A005440,2023,-110.3,2026-08-18
A005440,2024,1981.0,2026-08-18
A005440,2025,2740.7,2026-08-18
A005440,2026,3458.0,2026-08-18
A005440,2027,3846.0,2026-08-18
A005440,2028,4223.3,2026-08-18
A004090,2022,180.0,2026-08-18
A004090,2023,151.9,2026-08-18
A004090,2024,187.7,2026-08-18
A004090,2025,118.4,2026-08-18
A081180,2022,-48.8,2026-08-18
A081180,2023,2.4,2026-08-18
A081180,2024,13.4,2026-08-18
A081180,2025,-30.6,2026-08-18
A081180,2026,9.0,2026-08-18
A081180,2027,94.0,2026-08-18
A081180,2028,231.0,2026-08-18
A051160,2022,-30.8,2026-08-18
A051160,2023,152.1,2026-08-18
A051160,2024,290.9,2026-08-18
A051160,2025,251.3,2026-08-18
A004490,2022,810.9,2026-08-18
A004490,2023,1299.2,2026-08-18
A004490,2024,1796.7,2026-08-18
A004490,2025,1537.6,2026-08-18
A004020,2022,16164.6,2026-08-18
A004020,2023,7983.3,2026-08-18
A004020,2024,1594.9,2026-08-18
A004020,2025,2192.4,2026-08-18
A004020,2026,3683.5,2026-08-18
A004020,2027,6837.1,2026-08-18
A004020,2028,7948.3,2026-08-18
A002990,2022,559.5,2026-08-18
A002990,2023,218.0,2026-08-18
A002990,2024,-1818.3,2026-08-18
A002990,2025,470.8,2026-08-18
A002990,2026,685.5,2026-08-18
A002990,2027,953.0,2026-08-18
A002990,2028,1107.5,2026-08-18
A051370,2022,260.7,2026-08-18
A051370,2023,216.5,2026-08-18
A051370,2024,343.7,2026-08-18
A051370,2025,286.5,2026-08-18
A051370,2026,218.0,2026-08-18
A051370,2027,302.0,2026-08-18
A051370,2028,300.0,2026-08-18
A090850,2022,185.1,2026-08-18
A090850,2023,183.4,2026-08-18
A090850,2024,202.4,2026-08-18
A090850,2025,242.0,2026-08-18
A003470,2022,433.1,2026-08-18
A003470,2023,1291.2,2026-08-18
A003470,2024,947.5,2026-08-18
A003470,2025,993.8,2026-08-18
A120110,2022,2425.0,2026-08-18
A120110,2023,1996.5,2026-08-18
A120110,2024,1587.2,2026-08-18
A120110,2025,1089.0,2026-08-18
A120110,2026,2729.2,2026-08-18
A120110,2027,2940.6,2026-08-18
A120110,2028,3297.6,2026-08-18
A036620,2022,162.5,2026-08-18
A036620,2023,322.4,2026-08-18
A036620,2024,360.5,2026-08-18
A036620,2025,446.3,2026-08-18
A036620,2026,568.0,2026-08-18
A036620,2027,704.3,2026-08-18
A036620,2028,801.5,2026-08-18
A007070,2022,3601.9,2026-08-18
A007070,2023,2917.8,2026-08-18
A007070,2024,2561.3,2026-08-18
A007070,2025,2921.2,2026-08-18
A007070,2026,3633.4,2026-08-18
A007070,2027,3937.8,2026-08-18
A007070,2028,4136.1,2026-08-18
A089590,2022,-1775.0,2026-08-18
A089590,2023,1697.9,2026-08-18
A089590,2024,799.1,2026-08-18
A089590,2025,-1116.6,2026-08-18
A089590,2026,90.0,2026-08-18
A089590,2027,605.9,2026-08-18
A089590,2028,929.1,2026-08-18
A282880,2022,147.8,2026-08-18
A282880,2023,228.2,2026-08-18
A282880,2024,36.0,2026-08-18
A282880,2025,-254.5,2026-08-18
A282880,2026,162.0,2026-08-18
A282880,2027,217.0,2026-08-18
A282880,2028,269.0,2026-08-18
A031210,2022,7064.3,2026-08-18
A031210,2023,5241.0,2026-08-18
A031210,2024,2796.6,2026-08-18
A031210,2025,3757.0,2026-08-18
A031210,2026,4460.0,2026-08-18
A031210,2027,5350.0,2026-08-18
A031210,2028,5680.0,2026-08-18
A089140,2022,-36.1,2026-08-18
A089140,2023,12.7,2026-08-18
A089140,2024,-12.5,2026-08-18
A089140,2025,22.8,2026-08-18
A303810,2022,62.3,2026-08-18
A303810,2023,85.3,2026-08-18
A303810,2024,119.2,2026-08-18
A303810,2025,130.5,2026-08-18
A136480,2022,468.2,2026-08-18
A136480,2023,404.5,2026-08-18
A136480,2024,285.1,2026-08-18
A136480,2025,476.8,2026-08-18
A091580,2022,327.6,2026-08-18
A091580,2023,302.0,2026-08-18
A091580,2024,-65.1,2026-08-18
A091580,2025,86.5,2026-08-18
A091580,2026,269.0,2026-08-18
A091580,2027,413.5,2026-08-18
A091580,2028,597.5,2026-08-18
A058630,2022,301.5,2026-08-18
A058630,2023,213.1,2026-08-18
A058630,2024,128.4,2026-08-18
A058630,2025,175.5,2026-08-18
A347890,2022,116.6,2026-08-18
A347890,2023,56.1,2026-08-18
A347890,2024,56.4,2026-08-18
A347890,2025,-58.3,2026-08-18
A347890,2026,93.0,2026-08-18
A347890,2027,140.0,2026-08-18
A347890,2028,175.0,2026-08-18
A064850,2022,60.7,2026-08-18
A064850,2023,60.7,2026-08-18
A064850,2024,76.5,2026-08-18
A064850,2025,106.6,2026-08-18
A064850,2026,293.0,2026-08-18
A064850,2027,364.0,2026-08-18
A064850,2028,414.0,2026-08-18
A086790,2022,46882.8,2026-08-18
A086790,2023,46934.1,2026-08-18
A086790,2024,48551.8,2026-08-18
A086790,2025,53509.0,2026-08-18
A086790,2026,59860.8,2026-08-18
A086790,2027,62482.3,2026-08-18
A086790,2028,65105.9,2026-08-18
A034830,2022,533.3,2026-08-18
A034830,2023,312.4,2026-08-18
A034830,2024,339.4,2026-08-18
A034830,2025,-208.8,2026-08-18
A034830,2026,373.0,2026-08-18
A034830,2027,491.0,2026-08-18
A034830,2028,436.0,2026-08-18
A226400,2022,25.3,2026-08-18
A226400,2023,48.4,2026-08-18
A226400,2024,68.9,2026-08-18
A226400,2025,88.6,2026-08-18
A226400,2026,124.5,2026-08-18
A226400,2027,171.0,2026-08-18
A226400,2028,208.0,2026-08-18
A138040,2022,28931.9,2026-08-18
A138040,2023,29335.0,2026-08-18
A138040,2024,31888.9,2026-08-18
A138040,2025,28727.3,2026-08-18
A138040,2026,32423.4,2026-08-18
A138040,2027,34399.0,2026-08-18
A138040,2028,35646.6,2026-08-18
A112610,2022,421.2,2026-08-18
A112610,2023,1042.0,2026-08-18
A112610,2024,2554.8,2026-08-18
A112610,2025,3203.2,2026-08-18
A112610,2026,3032.1,2026-08-18
A112610,2027,3425.2,2026-08-18
A112610,2028,2679.1,2026-08-18
A227950,2022,-19.3,2026-08-18
A227950,2023,-33.2,2026-08-18
A227950,2024,-35.2,2026-08-18
A227950,2025,94.4,2026-08-18
A021240,2022,6773.8,2026-08-18
A021240,2023,7312.6,2026-08-18
A021240,2024,7953.7,2026-08-18
A021240,2025,8786.5,2026-08-18
A021240,2026,10133.0,2026-08-18
A021240,2027,11836.0,2026-08-18
A021240,2028,12775.5,2026-08-18
A004560,2022,334.7,2026-08-18
A004560,2023,-352.3,2026-08-18
A004560,2024,306.3,2026-08-18
A004560,2025,258.9,2026-08-18
A293480,2022,311.7,2026-08-18
A293480,2023,270.3,2026-08-18
A293480,2024,251.5,2026-08-18
A293480,2025,258.2,2026-08-18
A187870,2022,133.2,2026-08-18
A187870,2023,43.1,2026-08-18
A187870,2024,42.2,2026-08-18
A187870,2025,173.3,2026-08-18
A080420,2022,231.5,2026-08-18
A080420,2023,162.3,2026-08-18
A080420,2024,386.1,2026-08-18
A080420,2025,278.7,2026-08-18
A045340,2022,25.8,2026-08-18
A045340,2023,36.1,2026-08-18
A045340,2024,51.7,2026-08-18
A045340,2025,93.6,2026-08-18
A102710,2022,646.5,2026-08-18
A102710,2023,238.7,2026-08-18
A102710,2024,593.3,2026-08-18
A102710,2025,780.8,2026-08-18
A102710,2026,928.0,2026-08-18
A102710,2027,1255.5,2026-08-18
A102710,2028,1605.0,2026-08-18
A030200,2022,16900.9,2026-08-18
A030200,2023,16497.7,2026-08-18
A030200,2024,8094.7,2026-08-18
A030200,2025,24691.3,2026-08-18
A030200,2026,21112.1,2026-08-18
A030200,2027,22520.7,2026-08-18
A030200,2028,23547.7,2026-08-18
A033270,2022,482.1,2026-08-18
A033270,2023,549.5,2026-08-18
A033270,2024,562.8,2026-08-18
A033270,2025,495.8,2026-08-18
A033270,2026,470.5,2026-08-18
A033270,2027,490.5,2026-08-18
A033270,2028,499.0,2026-08-18
A032750,2022,16.6,2026-08-18
A032750,2023,18.9,2026-08-18
A032750,2024,72.5,2026-08-18
A032750,2025,58.2,2026-08-18
A069620,2022,958.0,2026-08-18
A069620,2023,1225.9,2026-08-18
A069620,2024,1479.4,2026-08-18
A069620,2025,1967.8,2026-08-18
A069620,2026,2311.0,2026-08-18
A069620,2027,2420.3,2026-08-18
A069620,2028,2825.8,2026-08-18
A290270,2022,34.2,2026-08-18
A290270,2023,46.6,2026-08-18
A290270,2024,31.5,2026-08-18
A290270,2025,48.0,2026-08-18
A126720,2022,505.9,2026-08-18
A126720,2023,502.3,2026-08-18
A126720,2024,435.0,2026-08-18
A126720,2025,430.8,2026-08-18
A126720,2026,494.0,2026-08-18
A126720,2027,555.0,2026-08-18
A263690,2022,169.6,2026-08-18
A263690,2023,100.7,2026-08-18
A263690,2024,88.5,2026-08-18
A263690,2025,90.3,2026-08-18
A055550,2022,59055.6,2026-08-18
A055550,2023,61008.5,2026-08-18
A055550,2024,64586.7,2026-08-18
A055550,2025,70233.6,2026-08-18
A055550,2026,80829.8,2026-08-18
A055550,2027,84632.8,2026-08-18
A055550,2028,87826.2,2026-08-18
A0015S0,2023,34.7,2026-08-18
A0015S0,2024,13.2,2026-08-18
A0015S0,2025,8.8,2026-08-18
A0015S0,2026,78.0,2026-08-18
A0015S0,2027,125.0,2026-08-18
A0015S0,2028,204.0,2026-08-18
A042500,2022,108.8,2026-08-18
A042500,2023,163.5,2026-08-18
A042500,2024,136.9,2026-08-18
A042500,2025,143.1,2026-08-18
A082640,2022,90.0,2026-08-18
A082640,2023,2942.5,2026-08-18
A082640,2024,3680.6,2026-08-18
A082640,2025,1988.1,2026-08-18
A484870,2022,113.4,2026-08-18
A484870,2023,203.1,2026-08-18
A484870,2024,348.2,2026-08-18
A484870,2025,560.6,2026-08-18
A484870,2026,636.0,2026-08-18
A484870,2027,847.0,2026-08-18
A484870,2028,1111.0,2026-08-18
A105740,2022,114.2,2026-08-18
A105740,2023,117.9,2026-08-18
A105740,2024,-1.9,2026-08-18
A105740,2025,110.7,2026-08-18
A003310,2022,55.3,2026-08-18
A003310,2023,76.8,2026-08-18
A003310,2024,100.3,2026-08-18
A003310,2025,106.4,2026-08-18
A048910,2022,142.7,2026-08-18
A048910,2023,138.1,2026-08-18
A048910,2024,16.2,2026-08-18
A048910,2025,99.5,2026-08-18
A071840,2022,-520.1,2026-08-18
A071840,2023,82.2,2026-08-18
A071840,2024,17.2,2026-08-18
A071840,2025,96.4,2026-08-18
A071840,2026,109.5,2026-08-18
A071840,2027,255.0,2026-08-18
A071840,2028,310.0,2026-08-18
A091810,2022,-1039.3,2026-08-18
A091810,2023,1394.1,2026-08-18
A091810,2024,-122.7,2026-08-18
A091810,2025,-2654.7,2026-08-18
A091810,2026,-1455.0,2026-08-18
A091810,2027,535.0,2026-08-18
A091810,2028,1270.0,2026-08-18
A036640,2022,114.4,2026-08-18
A036640,2023,125.2,2026-08-18
A036640,2024,149.4,2026-08-18
A036640,2025,134.2,2026-08-18
A023900,2022,37.7,2026-08-18
A023900,2023,116.7,2026-08-18
A023900,2024,125.0,2026-08-18
A023900,2025,167.5,2026-08-18
A064960,2022,1119.3,2026-08-18
A064960,2023,1166.3,2026-08-18
A064960,2024,981.3,2026-08-18
A064960,2025,1025.5,2026-08-18
A064960,2026,1082.0,2026-08-18
A064960,2027,1223.5,2026-08-18
A064960,2028,1412.2,2026-08-18
A297090,2022,-88.3,2026-08-18
A297090,2023,0.6,2026-08-18
A297090,2024,21.1,2026-08-18
A297090,2025,110.9,2026-08-18
A004150,2022,191.0,2026-08-18
A004150,2023,40.0,2026-08-18
A004150,2024,74.8,2026-08-18
A004150,2025,226.1,2026-08-18
A004150,2026,320.0,2026-08-18
A462520,2023,318.5,2026-08-18
A462520,2024,200.2,2026-08-18
A462520,2025,238.6,2026-08-18
A100120,2022,436.6,2026-08-18
A100120,2023,187.4,2026-08-18
A100120,2024,223.3,2026-08-18
A100120,2025,214.2,2026-08-18
A100120,2026,382.5,2026-08-18
A100120,2027,425.5,2026-08-18
A100120,2028,453.5,2026-08-18
A297570,2022,43.0,2026-08-18
A297570,2023,42.5,2026-08-18
A297570,2024,48.1,2026-08-18
A297570,2025,65.4,2026-08-18
A200670,2022,260.4,2026-08-18
A200670,2023,373.1,2026-08-18
A200670,2024,431.4,2026-08-18
A200670,2025,423.3,2026-08-18
A200670,2026,457.7,2026-08-18
A200670,2027,505.0,2026-08-18
A200670,2028,565.0,2026-08-18
A008060,2022,1968.7,2026-08-18
A008060,2023,313.3,2026-08-18
A008060,2024,84.2,2026-08-18
A008060,2025,113.1,2026-08-18
A030000,2022,3114.1,2026-08-18
A030000,2023,3075.2,2026-08-18
A030000,2024,3207.2,2026-08-18
A030000,2025,3368.9,2026-08-18
A030000,2026,3286.2,2026-08-18
A030000,2027,3564.1,2026-08-18
A030000,2028,3687.9,2026-08-18
A027410,2022,612.0,2026-08-18
A027410,2023,605.7,2026-08-18
A027410,2024,552.3,2026-08-18
A027410,2025,611.7,2026-08-18
A027410,2026,590.0,2026-08-18
A027410,2027,650.0,2026-08-18
A027410,2028,700.0,2026-08-18
A080580,2022,26.1,2026-08-18
A080580,2023,-2.6,2026-08-18
A080580,2024,19.0,2026-08-18
A080580,2025,110.9,2026-08-18
A080580,2026,276.0,2026-08-18
A080580,2027,550.5,2026-08-18
A080580,2028,862.0,2026-08-18
A265520,2022,904.9,2026-08-18
A265520,2023,601.2,2026-08-18
A265520,2024,471.9,2026-08-18
A265520,2025,333.3,2026-08-18
A103140,2022,2316.2,2026-08-18
A103140,2023,2286.4,2026-08-18
A103140,2024,3237.7,2026-08-18
A103140,2025,2974.3,2026-08-18
A103140,2026,4266.3,2026-08-18
A103140,2027,3867.1,2026-08-18
A103140,2028,4143.9,2026-08-18
A114840,2022,95.1,2026-08-18
A114840,2023,240.0,2026-08-18
A114840,2024,336.3,2026-08-18
A114840,2025,271.3,2026-08-18
A114840,2026,230.0,2026-08-18
A114840,2027,250.0,2026-08-18
A114840,2028,290.0,2026-08-18
A036890,2022,663.2,2026-08-18
A036890,2023,395.9,2026-08-18
A036890,2024,244.4,2026-08-18
A036890,2025,479.4,2026-08-18
A036890,2026,510.0,2026-08-18
A049480,2022,79.8,2026-08-18
A049480,2023,66.1,2026-08-18
A049480,2024,66.6,2026-08-18
A049480,2025,79.2,2026-08-18
A047050,2022,9025.1,2026-08-18
A047050,2023,11631.1,2026-08-18
A047050,2024,11578.4,2026-08-18
A047050,2025,11653.2,2026-08-18
A047050,2026,14688.2,2026-08-18
A047050,2027,15554.8,2026-08-18
A047050,2028,16386.5,2026-08-18
A002290,2022,21.7,2026-08-18
A002290,2023,31.0,2026-08-18
A002290,2024,56.5,2026-08-18
A002290,2025,73.9,2026-08-18
A317330,2022,92.6,2026-08-18
A317330,2023,-62.3,2026-08-18
A317330,2024,-302.2,2026-08-18
A317330,2025,-430.3,2026-08-18
A317330,2026,12.0,2026-08-18
A317330,2027,372.0,2026-08-18
A001230,2022,867.7,2026-08-18
A001230,2023,600.6,2026-08-18
A001230,2024,580.0,2026-08-18
A001230,2025,394.6,2026-08-18
A001230,2026,380.0,2026-08-18
A001230,2027,470.0,2026-08-18
A001230,2028,510.0,2026-08-18
A097780,2022,-87.0,2026-08-18
A097780,2023,-191.5,2026-08-18
A097780,2024,-207.0,2026-08-18
A097780,2025,10.8,2026-08-18
A332290,2022,-33.1,2026-08-18
A332290,2023,-22.8,2026-08-18
A332290,2024,36.7,2026-08-18
A332290,2025,41.2,2026-08-18
A036670,2022,218.8,2026-08-18
A036670,2023,102.7,2026-08-18
A036670,2024,150.2,2026-08-18
A036670,2025,108.9,2026-08-18
A024910,2022,191.8,2026-08-18
A024910,2023,210.4,2026-08-18
A024910,2024,96.4,2026-08-18
A024910,2025,73.4,2026-08-18
A248070,2022,756.0,2026-08-18
A248070,2023,1545.2,2026-08-18
A248070,2024,690.9,2026-08-18
A248070,2025,465.0,2026-08-18
A248070,2026,902.2,2026-08-18
A248070,2027,1170.6,2026-08-18
A248070,2028,1265.0,2026-08-18
A012320,2022,147.1,2026-08-18
A012320,2023,217.2,2026-08-18
A012320,2024,244.0,2026-08-18
A012320,2025,188.2,2026-08-18
A089010,2022,224.6,2026-08-18
A089010,2023,191.2,2026-08-18
A089010,2024,373.2,2026-08-18
A089010,2025,232.0,2026-08-18
A089010,2026,467.0,2026-08-18
A089010,2027,629.5,2026-08-18
A089010,2028,805.5,2026-08-18
A137400,2022,777.7,2026-08-18
A137400,2023,769.2,2026-08-18
A137400,2024,1639.6,2026-08-18
A137400,2025,956.5,2026-08-18
A105560,2022,52891.8,2026-08-18
A105560,2023,63850.2,2026-08-18
A105560,2024,80452.6,2026-08-18
A105560,2025,85177.1,2026-08-18
A105560,2026,94214.2,2026-08-18
A105560,2027,95762.0,2026-08-18
A105560,2028,98427.4,2026-08-18
A003680,2022,70.6,2026-08-18
A003680,2023,82.1,2026-08-18
A003680,2024,110.0,2026-08-18
A003680,2025,58.3,2026-08-18
A104540,2022,58.5,2026-08-18
A104540,2023,70.5,2026-08-18
A104540,2024,33.7,2026-08-18
A104540,2025,91.2,2026-08-18
A460870,2022,24.9,2026-08-18
A460870,2023,27.5,2026-08-18
A460870,2024,44.5,2026-08-18
A460870,2025,49.4,2026-08-18
A460870,2026,63.0,2026-08-18
A460870,2027,94.0,2026-08-18
A001780,2022,345.7,2026-08-18
A001780,2023,376.3,2026-08-18
A001780,2024,380.5,2026-08-18
A001780,2025,349.0,2026-08-18
A053300,2022,157.1,2026-08-18
A053300,2023,139.7,2026-08-18
A053300,2024,188.6,2026-08-18
A053300,2025,270.6,2026-08-18
A272290,2022,971.1,2026-08-18
A272290,2023,421.6,2026-08-18
A272290,2024,868.0,2026-08-18
A272290,2025,819.2,2026-08-18
A272290,2026,519.0,2026-08-18
A272290,2027,728.0,2026-08-18
A272290,2028,1086.0,2026-08-18
A001060,2022,629.6,2026-08-18
A001060,2023,1003.0,2026-08-18
A001060,2024,824.9,2026-08-18
A001060,2025,944.6,2026-08-18
A440290,2022,92.9,2026-08-18
A440290,2023,106.1,2026-08-18
A440290,2024,64.9,2026-08-18
A440290,2025,72.6,2026-08-18
A067310,2022,1035.5,2026-08-18
A067310,2023,579.0,2026-08-18
A067310,2024,1067.9,2026-08-18
A067310,2025,1276.9,2026-08-18
A067310,2026,3222.2,2026-08-18
A067310,2027,3878.2,2026-08-18
A067310,2028,4491.0,2026-08-18
A093190,2022,251.4,2026-08-18
A093190,2023,92.7,2026-08-18
A093190,2024,94.2,2026-08-18
A093190,2025,159.1,2026-08-18
A073490,2022,143.4,2026-08-18
A073490,2023,102.8,2026-08-18
A073490,2024,24.4,2026-08-18
A073490,2025,-11.2,2026-08-18
A073490,2026,193.5,2026-08-18
A073490,2027,391.0,2026-08-18
A073490,2028,629.5,2026-08-18
A007310,2022,1856.6,2026-08-18
A007310,2023,2548.9,2026-08-18
A007310,2024,2220.1,2026-08-18
A007310,2025,1772.5,2026-08-18
A039420,2022,79.3,2026-08-18
A039420,2023,83.1,2026-08-18
A039420,2024,99.7,2026-08-18
A039420,2025,104.8,2026-08-18
A264450,2022,245.4,2026-08-18
A264450,2023,290.4,2026-08-18
A264450,2024,123.7,2026-08-18
A264450,2025,231.0,2026-08-18
A017960,2022,248.0,2026-08-18
A017960,2023,164.7,2026-08-18
A017960,2024,454.5,2026-08-18
A017960,2025,1309.5,2026-08-18
A017960,2026,1814.2,2026-08-18
A017960,2027,1986.8,2026-08-18
A017960,2028,2141.5,2026-08-18
A030210,2022,1069.6,2026-08-18
A030210,2023,-620.0,2026-08-18
A030210,2024,-749.3,2026-08-18
A030210,2025,337.2,2026-08-18
A290560,2022,21.3,2026-08-18
A290560,2023,15.3,2026-08-18
A290560,2024,23.8,2026-08-18
A290560,2025,36.3,2026-08-18
A448710,2022,27.9,2026-08-18
A448710,2023,88.0,2026-08-18
A448710,2024,94.8,2026-08-18
A448710,2025,83.2,2026-08-18
A003780,2022,52.9,2026-08-18
A003780,2023,75.7,2026-08-18
A003780,2024,82.0,2026-08-18
A003780,2025,84.4,2026-08-18
A036200,2022,290.4,2026-08-18
A036200,2023,173.9,2026-08-18
A036200,2024,99.7,2026-08-18
A036200,2025,109.0,2026-08-18
A036200,2026,280.0,2026-08-18
A036200,2027,422.0,2026-08-18
A036200,2028,502.0,2026-08-18
A243840,2022,310.2,2026-08-18
A243840,2023,436.5,2026-08-18
A243840,2024,131.7,2026-08-18
A243840,2025,59.3,2026-08-18
A243840,2026,213.0,2026-08-18
A243840,2027,324.0,2026-08-18
A243840,2028,393.5,2026-08-18
A473980,2023,-2.0,2026-08-18
A473980,2024,81.8,2026-08-18
A473980,2025,123.4,2026-08-18
A408920,2022,82.9,2026-08-18
A408920,2023,111.7,2026-08-18
A408920,2024,171.0,2026-08-18
A408920,2025,190.0,2026-08-18
A260970,2022,109.5,2026-08-18
A260970,2023,128.8,2026-08-18
A260970,2024,201.2,2026-08-18
A260970,2025,230.1,2026-08-18
A019550,2022,-150.2,2026-08-18
A019550,2023,85.4,2026-08-18
A019550,2024,117.4,2026-08-18
A019550,2025,93.2,2026-08-18
A025770,2022,271.2,2026-08-18
A025770,2023,356.8,2026-08-18
A025770,2024,391.3,2026-08-18
A025770,2025,452.3,2026-08-18
A117580,2022,9.4,2026-08-18
A117580,2023,203.9,2026-08-18
A117580,2024,204.8,2026-08-18
A117580,2025,303.5,2026-08-18
A029780,2022,8489.5,2026-08-18
A029780,2023,8100.1,2026-08-18
A029780,2024,8854.2,2026-08-18
A029780,2025,8537.0,2026-08-18
A029780,2026,8147.5,2026-08-18
A029780,2027,8496.7,2026-08-18
A029780,2028,8763.3,2026-08-18
A009270,2022,333.7,2026-08-18
A009270,2023,234.3,2026-08-18
A009270,2024,253.2,2026-08-18
A009270,2025,187.8,2026-08-18
A005380,2022,98249.3,2026-08-18
A005380,2023,151269.0,2026-08-18
A005380,2024,142395.9,2026-08-18
A005380,2025,114678.5,2026-08-18
A005380,2026,115689.6,2026-08-18
A005380,2027,133401.7,2026-08-18
A005380,2028,143338.0,2026-08-18
A103840,2022,1.0,2026-08-18
A103840,2023,13.0,2026-08-18
A103840,2024,4.5,2026-08-18
A103840,2025,46.7,2026-08-18
A019210,2022,726.4,2026-08-18
A019210,2023,546.9,2026-08-18
A019210,2024,558.2,2026-08-18
A019210,2025,665.3,2026-08-18
A017550,2022,226.0,2026-08-18
A017550,2023,164.0,2026-08-18
A017550,2024,120.7,2026-08-18
A017550,2025,189.6,2026-08-18
A054450,2022,91.8,2026-08-18
A054450,2023,167.8,2026-08-18
A054450,2024,48.7,2026-08-18
A054450,2025,-61.9,2026-08-18
A054450,2026,157.0,2026-08-18
A054450,2027,240.0,2026-08-18
A054450,2028,289.0,2026-08-18
A149950,2022,-53.5,2026-08-18
A149950,2023,22.0,2026-08-18
A149950,2024,58.0,2026-08-18
A149950,2025,61.5,2026-08-18
A149950,2026,74.0,2026-08-18
A149950,2027,196.0,2026-08-18
A149950,2028,393.0,2026-08-18
A091700,2022,568.0,2026-08-18
A091700,2023,416.8,2026-08-18
A091700,2024,617.1,2026-08-18
A091700,2025,447.5,2026-08-18
A091700,2026,384.3,2026-08-18
A091700,2027,447.3,2026-08-18
A091700,2028,490.0,2026-08-18
A308170,2022,-7.4,2026-08-18
A308170,2023,5.2,2026-08-18
A308170,2024,39.2,2026-08-18
A308170,2025,58.1,2026-08-18
A086280,2022,17985.2,2026-08-18
A086280,2023,15540.3,2026-08-18
A086280,2024,17528.7,2026-08-18
A086280,2025,20730.1,2026-08-18
A086280,2026,21493.4,2026-08-18
A086280,2027,23722.5,2026-08-18
A086280,2028,25076.5,2026-08-18
A012030,2022,236.1,2026-08-18
A012030,2023,370.2,2026-08-18
A012030,2024,296.3,2026-08-18
A012030,2025,416.0,2026-08-18
A204270,2022,-443.3,2026-08-18
A204270,2023,285.4,2026-08-18
A204270,2024,-460.9,2026-08-18
A204270,2025,-780.0,2026-08-18
A204270,2026,540.0,2026-08-18
A204270,2027,1637.0,2026-08-18
A204270,2028,1920.0,2026-08-18
A318410,2022,19.1,2026-08-18
A318410,2023,44.6,2026-08-18
A318410,2024,57.3,2026-08-18
A318410,2025,61.9,2026-08-18
A000700,2022,296.5,2026-08-18
A000700,2023,219.9,2026-08-18
A000700,2024,183.2,2026-08-18
A000700,2025,212.2,2026-08-18
A339950,2022,30.8,2026-08-18
A339950,2023,89.4,2026-08-18
A339950,2024,164.9,2026-08-18
A339950,2025,190.7,2026-08-18
A351870,2023,86.0,2026-08-18
A351870,2024,35.5,2026-08-18
A351870,2025,44.4,2026-08-18
A016670,2022,23.6,2026-08-18
A016670,2023,29.1,2026-08-18
A016670,2024,21.4,2026-08-18
A016670,2025,40.5,2026-08-18
A241560,2022,10716.1,2026-08-18
A241560,2023,13899.0,2026-08-18
A241560,2024,8714.0,2026-08-18
A241560,2025,6861.3,2026-08-18
A241560,2026,8433.2,2026-08-18
A241560,2027,9515.8,2026-08-18
A241560,2028,10663.0,2026-08-18
A002100,2022,409.8,2026-08-18
A002100,2023,252.1,2026-08-18
A002100,2024,267.2,2026-08-18
A002100,2025,287.0,2026-08-18
A010100,2022,370.0,2026-08-18
A010100,2023,593.4,2026-08-18
A010100,2024,436.7,2026-08-18
A010100,2025,253.2,2026-08-18
A016580,2022,298.1,2026-08-18
A016580,2023,301.7,2026-08-18
A016580,2024,215.0,2026-08-18
A016580,2025,130.2,2026-08-18
A016580,2026,246.0,2026-08-18
A016580,2027,289.0,2026-08-18
A016580,2028,335.0,2026-08-18
A332370,2022,123.7,2026-08-18
A332370,2023,55.3,2026-08-18
A332370,2024,110.8,2026-08-18
A332370,2025,108.8,2026-08-18
A126640,2022,93.0,2026-08-18
A126640,2023,87.1,2026-08-18
A126640,2024,13.4,2026-08-18
A126640,2025,117.8,2026-08-18
A038680,2022,22.3,2026-08-18
A038680,2023,144.6,2026-08-18
A038680,2024,106.6,2026-08-18
A038680,2025,106.6,2026-08-18
A079160,2022,-702.4,2026-08-18
A079160,2023,490.7,2026-08-18
A079160,2024,759.3,2026-08-18
A079160,2025,962.2,2026-08-18
A079160,2026,995.8,2026-08-18
A079160,2027,1326.8,2026-08-18
A079160,2028,1473.8,2026-08-18
A354320,2022,112.8,2026-08-18
A354320,2023,158.5,2026-08-18
A354320,2024,-27.4,2026-08-18
A354320,2025,62.2,2026-08-18
A354320,2026,147.7,2026-08-18
A354320,2027,324.7,2026-08-18
A354320,2028,519.3,2026-08-18
A299030,2022,111.9,2026-08-18
A299030,2023,-63.1,2026-08-18
A299030,2024,-264.0,2026-08-18
A299030,2025,-0.4,2026-08-18
A299030,2026,102.0,2026-08-18
A299030,2027,185.0,2026-08-18
A299030,2028,246.0,2026-08-18
A052710,2022,-42.7,2026-08-18
A052710,2023,-259.7,2026-08-18
A052710,2024,-239.0,2026-08-18
A052710,2025,55.1,2026-08-18
A052710,2026,91.5,2026-08-18
A052710,2027,298.0,2026-08-18
A052710,2028,420.0,2026-08-18
A146060,2022,51.5,2026-08-18
A146060,2023,41.2,2026-08-18
A146060,2024,51.6,2026-08-18
A146060,2025,50.8,2026-08-18
A144960,2022,141.2,2026-08-18
A144960,2023,160.9,2026-08-18
A144960,2024,261.3,2026-08-18
A144960,2025,286.7,2026-08-18
A144960,2026,691.7,2026-08-18
A144960,2027,819.7,2026-08-18
A144960,2028,921.0,2026-08-18
A464280,2022,37.8,2026-08-18
A464280,2023,50.2,2026-08-18
A464280,2024,37.3,2026-08-18
A464280,2025,37.7,2026-08-18
A277880,2022,49.3,2026-08-18
A277880,2023,19.9,2026-08-18
A277880,2024,156.3,2026-08-18
A277880,2025,82.5,2026-08-18
A228850,2022,253.6,2026-08-18
A228850,2023,197.0,2026-08-18
A228850,2024,66.3,2026-08-18
A228850,2025,-39.5,2026-08-18
A228850,2026,120.0,2026-08-18
A228850,2027,147.0,2026-08-18
A228850,2028,176.5,2026-08-18
A039010,2022,12.8,2026-08-18
A039010,2023,-8.4,2026-08-18
A039010,2024,110.6,2026-08-18
A039010,2025,70.1,2026-08-18
A016090,2022,302.0,2026-08-18
A016090,2023,213.3,2026-08-18
A016090,2024,143.7,2026-08-18
A016090,2025,70.8,2026-08-18
A003530,2022,344.1,2026-08-18
A003530,2023,314.5,2026-08-18
A003530,2024,39.7,2026-08-18
A003530,2025,1477.0,2026-08-18
A478560,2022,54.3,2026-08-18
A478560,2023,80.6,2026-08-18
A478560,2024,83.0,2026-08-18
A478560,2025,92.8,2026-08-18
A183300,2022,554.0,2026-08-18
A183300,2023,330.3,2026-08-18
A183300,2024,1124.6,2026-08-18
A183300,2025,1109.9,2026-08-18
A183300,2026,1215.0,2026-08-18
A183300,2027,1660.0,2026-08-18
A183300,2028,2025.0,2026-08-18
A005490,2022,48500.5,2026-08-18
A005490,2023,35314.2,2026-08-18
A005490,2024,21735.7,2026-08-18
A005490,2025,18270.6,2026-08-18
A005490,2026,30975.9,2026-08-18
A005490,2027,38264.8,2026-08-18
A005490,2028,44025.4,2026-08-18
A011210,2022,2121.2,2026-08-18
A011210,2023,2328.0,2026-08-18
A011210,2024,2188.1,2026-08-18
A011210,2025,2044.1,2026-08-18
A011210,2026,2195.2,2026-08-18
A011210,2027,2670.3,2026-08-18
A011210,2028,2989.7,2026-08-18
A038010,2022,194.1,2026-08-18
A038010,2023,351.8,2026-08-18
A038010,2024,206.9,2026-08-18
A038010,2025,71.4,2026-08-18
A003800,2022,653.4,2026-08-18
A003800,2023,570.3,2026-08-18
A003800,2024,662.4,2026-08-18
A003800,2025,540.9,2026-08-18
A084730,2022,44.6,2026-08-18
A084730,2023,354.4,2026-08-18
A084730,2024,266.3,2026-08-18
A084730,2025,158.9,2026-08-18
A462980,2022,-45.6,2026-08-18
A462980,2023,-32.3,2026-08-18
A462980,2024,3.5,2026-08-18
A462980,2025,33.3,2026-08-18
A373160,2022,-103.3,2026-08-18
A373160,2023,11.2,2026-08-18
A373160,2024,-2.9,2026-08-18
A373160,2025,45.7,2026-08-18
A239890,2022,48.0,2026-08-18
A239890,2023,65.1,2026-08-18
A239890,2024,25.4,2026-08-18
A239890,2025,21.9,2026-08-18
A239890,2026,36.0,2026-08-18
A239890,2027,53.0,2026-08-18
A239890,2028,100.0,2026-08-18
A195870,2022,2044.2,2026-08-18
A195870,2023,1025.1,2026-08-18
A195870,2024,568.7,2026-08-18
A195870,2025,464.9,2026-08-18
A195870,2026,1017.4,2026-08-18
A195870,2027,1464.6,2026-08-18
A195870,2028,1789.2,2026-08-18
A003650,2022,440.0,2026-08-18
A003650,2023,479.9,2026-08-18
A003650,2024,456.4,2026-08-18
A003650,2025,345.5,2026-08-18
A003620,2022,-1119.5,2026-08-18
A003620,2023,125.5,2026-08-18
A003620,2024,14.3,2026-08-18
A003620,2025,361.6,2026-08-18
A003620,2026,361.0,2026-08-18
A003620,2027,853.0,2026-08-18
A003620,2028,1079.0,2026-08-18
A259960,2022,7516.1,2026-08-18
A259960,2023,7680.5,2026-08-18
A259960,2024,11824.9,2026-08-18
A259960,2025,10543.8,2026-08-18
A259960,2026,14615.6,2026-08-18
A259960,2027,15897.6,2026-08-18
A259960,2028,16903.7,2026-08-18
A060590,2022,112.3,2026-08-18
A060590,2023,-45.8,2026-08-18
A060590,2024,-50.1,2026-08-18
A060590,2025,62.5,2026-08-18
A069140,2022,-60.6,2026-08-18
A069140,2023,-246.5,2026-08-18
A069140,2024,41.3,2026-08-18
A069140,2025,48.2,2026-08-18
A094820,2022,179.0,2026-08-18
A094820,2023,131.2,2026-08-18
A094820,2024,102.7,2026-08-18
A094820,2025,241.2,2026-08-18
A290550,2022,211.9,2026-08-18
A290550,2023,146.9,2026-08-18
A290550,2024,230.9,2026-08-18
A290550,2025,215.7,2026-08-18
A290550,2026,333.3,2026-08-18
A290550,2027,581.3,2026-08-18
A030190,2022,716.2,2026-08-18
A030190,2023,653.3,2026-08-18
A030190,2024,867.9,2026-08-18
A030190,2025,1043.9,2026-08-18
A030190,2026,1190.5,2026-08-18
A030190,2027,1306.5,2026-08-18
A030190,2028,1428.0,2026-08-18
A072990,2022,64.6,2026-08-18
A072990,2023,80.1,2026-08-18
A072990,2024,112.1,2026-08-18
A072990,2025,82.7,2026-08-18
A020120,2022,42.6,2026-08-18
A020120,2023,-57.4,2026-08-18
A020120,2024,21.9,2026-08-18
A020120,2025,123.8,2026-08-18
A0004V0,2022,-18.4,2026-08-18
A0004V0,2023,17.5,2026-08-18
A0004V0,2024,-41.0,2026-08-18
A0004V0,2025,-39.3,2026-08-18
A0004V0,2026,15.0,2026-08-18
A0004V0,2027,99.0,2026-08-18
A136540,2022,219.8,2026-08-18
A136540,2023,230.9,2026-08-18
A136540,2024,203.4,2026-08-18
A136540,2025,211.6,2026-08-18
A008770,2022,783.5,2026-08-18
A008770,2023,912.3,2026-08-18
A008770,2024,-51.8,2026-08-18
A008770,2025,135.1,2026-08-18
A008770,2026,1976.4,2026-08-18
A008770,2027,2457.9,2026-08-18
A008770,2028,2836.1,2026-08-18
A078520,2022,99.8,2026-08-18
A078520,2023,114.2,2026-08-18
A078520,2024,181.9,2026-08-18
A078520,2025,179.5,2026-08-18
A078520,2026,364.0,2026-08-18
A078520,2027,453.0,2026-08-18
A066570,2022,35509.7,2026-08-18
A066570,2023,36532.9,2026-08-18
A066570,2024,34196.8,2026-08-18
A066570,2025,24783.9,2026-08-18
A066570,2026,46193.9,2026-08-18
A066570,2027,48370.2,2026-08-18
A066570,2028,58388.5,2026-08-18
A060720,2022,353.2,2026-08-18
A060720,2023,336.1,2026-08-18
A060720,2024,218.6,2026-08-18
A060720,2025,317.5,2026-08-18
A060720,2026,318.5,2026-08-18
A060720,2027,400.8,2026-08-18
A060720,2028,448.3,2026-08-18
A014530,2022,305.9,2026-08-18
A014530,2023,278.4,2026-08-18
A014530,2024,228.8,2026-08-18
A014530,2025,154.5,2026-08-18
A093380,2022,30.1,2026-08-18
A093380,2023,52.4,2026-08-18
A093380,2024,11.5,2026-08-18
A093380,2025,7.3,2026-08-18
A053610,2022,600.7,2026-08-18
A053610,2023,174.3,2026-08-18
A053610,2024,134.4,2026-08-18
A053610,2025,463.1,2026-08-18
A053610,2026,734.0,2026-08-18
A053610,2027,836.0,2026-08-18
A053610,2028,946.5,2026-08-18
A318160,2022,35.3,2026-08-18
A318160,2023,31.5,2026-08-18
A318160,2024,40.4,2026-08-18
A318160,2025,93.2,2026-08-18
A000480,2022,226.0,2026-08-18
A000480,2023,394.2,2026-08-18
A000480,2024,174.4,2026-08-18
A000480,2025,278.2,2026-08-18
A001430,2022,1278.6,2026-08-18
A001430,2023,1966.9,2026-08-18
A001430,2024,523.3,2026-08-18
A001430,2025,984.1,2026-08-18
A001430,2026,1656.3,2026-08-18
A001430,2027,2230.7,2026-08-18
A001430,2028,2562.6,2026-08-18
A317450,2022,759.0,2026-08-18
A317450,2023,836.2,2026-08-18
A317450,2024,927.5,2026-08-18
A317450,2025,925.0,2026-08-18
A009830,2022,9237.3,2026-08-18
A009830,2023,5792.4,2026-08-18
A009830,2024,-3002.4,2026-08-18
A009830,2025,-3647.6,2026-08-18
A009830,2026,8072.3,2026-08-18
A009830,2027,11709.0,2026-08-18
A009830,2028,13844.5,2026-08-18
A024840,2022,53.6,2026-08-18
A024840,2023,78.2,2026-08-18
A024840,2024,175.0,2026-08-18
A024840,2025,243.4,2026-08-18
A054950,2022,219.9,2026-08-18
A054950,2023,297.7,2026-08-18
A054950,2024,306.8,2026-08-18
A054950,2025,332.8,2026-08-18
A054950,2026,386.5,2026-08-18
A054950,2027,413.0,2026-08-18
A054950,2028,453.0,2026-08-18
A060850,2022,64.1,2026-08-18
A060850,2023,28.9,2026-08-18
A060850,2024,22.2,2026-08-18
A060850,2025,42.2,2026-08-18
A001260,2022,111.2,2026-08-18
A001260,2023,43.5,2026-08-18
A001260,2024,73.0,2026-08-18
A001260,2025,114.4,2026-08-18
A044820,2022,34.0,2026-08-18
A044820,2023,202.5,2026-08-18
A044820,2024,167.9,2026-08-18
A044820,2025,269.8,2026-08-18
A281820,2022,603.4,2026-08-18
A281820,2023,327.0,2026-08-18
A281820,2024,497.8,2026-08-18
A281820,2025,599.7,2026-08-18
A281820,2026,1462.0,2026-08-18
A281820,2027,2011.0,2026-08-18
A281820,2028,2170.0,2026-08-18
A133820,2022,7.2,2026-08-18
A133820,2023,-197.8,2026-08-18
A133820,2024,-191.4,2026-08-18
A133820,2025,-16.7,2026-08-18
A031310,2022,63.4,2026-08-18
A031310,2023,67.9,2026-08-18
A031310,2024,10.2,2026-08-18
A031310,2025,33.8,2026-08-18
A950190,2022,293.4,2026-08-18
A950190,2023,251.1,2026-08-18
A950190,2024,154.1,2026-08-18
A950190,2025,153.3,2026-08-18
A206650,2022,-37.7,2026-08-18
A206650,2023,77.0,2026-08-18
A206650,2024,343.2,2026-08-18
A206650,2025,606.6,2026-08-18
A206650,2026,450.0,2026-08-18
A0013V0,2022,17.7,2026-08-18
A0013V0,2023,31.2,2026-08-18
A0013V0,2024,48.4,2026-08-18
A0013V0,2025,59.6,2026-08-18
A075580,2022,249.3,2026-08-18
A075580,2023,335.5,2026-08-18
A075580,2024,359.8,2026-08-18
A075580,2025,733.9,2026-08-18
A007590,2022,93.4,2026-08-18
A007590,2023,135.9,2026-08-18
A007590,2024,146.1,2026-08-18
A007590,2025,126.5,2026-08-18
A190510,2022,323.8,2026-08-18
A190510,2023,227.2,2026-08-18
A190510,2024,209.5,2026-08-18
A190510,2025,281.9,2026-08-18
A190510,2026,151.0,2026-08-18
A190510,2027,278.0,2026-08-18
A007810,2022,991.9,2026-08-18
A007810,2023,-321.0,2026-08-18
A007810,2024,-331.5,2026-08-18
A007810,2025,538.2,2026-08-18
A007810,2026,1467.0,2026-08-18
A007810,2027,2228.5,2026-08-18
A007810,2028,2934.5,2026-08-18
A086450,2022,739.4,2026-08-18
A086450,2023,668.7,2026-08-18
A086450,2024,804.2,2026-08-18
A086450,2025,965.5,2026-08-18
A086450,2026,1115.7,2026-08-18
A086450,2027,1292.3,2026-08-18
A086450,2028,1406.0,2026-08-18
A002150,2022,119.4,2026-08-18
A002150,2023,218.9,2026-08-18
A002150,2024,-133.9,2026-08-18
A002150,2025,301.2,2026-08-18
A006730,2022,191.9,2026-08-18
A006730,2023,372.2,2026-08-18
A006730,2024,480.5,2026-08-18
A006730,2025,703.4,2026-08-18
A006730,2026,846.8,2026-08-18
A006730,2027,990.1,2026-08-18
A006730,2028,1093.3,2026-08-18
A441270,2022,54.4,2026-08-18
A441270,2023,203.3,2026-08-18
A441270,2024,-79.1,2026-08-18
A441270,2025,19.3,2026-08-18
A441270,2026,313.5,2026-08-18
A441270,2027,533.5,2026-08-18
A441270,2028,560.0,2026-08-18
A257720,2022,142.4,2026-08-18
A257720,2023,478.1,2026-08-18
A257720,2024,1375.8,2026-08-18
A257720,2025,2053.6,2026-08-18
A257720,2026,2928.9,2026-08-18
A257720,2027,3725.0,2026-08-18
A257720,2028,4538.8,2026-08-18
A001500,2022,1145.7,2026-08-18
A001500,2023,651.7,2026-08-18
A001500,2024,546.9,2026-08-18
A001500,2025,722.5,2026-08-18
A097520,2022,107.0,2026-08-18
A097520,2023,182.2,2026-08-18
A097520,2024,443.8,2026-08-18
A097520,2025,520.2,2026-08-18
A097520,2026,410.0,2026-08-18
A097520,2027,500.0,2026-08-18
A097520,2028,580.0,2026-08-18
A267270,2022,1706.1,2026-08-18
A267270,2023,2572.3,2026-08-18
A267270,2024,1904.2,2026-08-18
A267270,2025,1708.8,2026-08-18
A267270,2026,7602.0,2026-08-18
A267270,2027,9271.2,2026-08-18
A267270,2028,10903.7,2026-08-18
A336570,2022,267.6,2026-08-18
A336570,2023,460.4,2026-08-18
A336570,2024,347.9,2026-08-18
A336570,2025,516.9,2026-08-18
A336570,2026,570.0,2026-08-18
A336570,2027,660.0,2026-08-18
A336570,2028,770.0,2026-08-18
A237820,2022,56.0,2026-08-18
A237820,2023,25.3,2026-08-18
A237820,2024,40.0,2026-08-18
A237820,2025,62.2,2026-08-18
A282330,2022,2524.1,2026-08-18
A282330,2023,2531.9,2026-08-18
A282330,2024,2516.4,2026-08-18
A282330,2025,2539.5,2026-08-18
A282330,2026,3082.3,2026-08-18
A282330,2027,3419.3,2026-08-18
A282330,2028,3683.4,2026-08-18
A114090,2022,-139.2,2026-08-18
A114090,2023,510.2,2026-08-18
A114090,2024,383.2,2026-08-18
A114090,2025,526.4,2026-08-18
A114090,2026,693.1,2026-08-18
A114090,2027,794.4,2026-08-18
A114090,2028,832.4,2026-08-18
A300720,2022,1179.8,2026-08-18
A300720,2023,2465.2,2026-08-18
A300720,2024,2713.9,2026-08-18
A300720,2025,1327.4,2026-08-18
A300720,2026,1150.0,2026-08-18
A300720,2027,1480.0,2026-08-18
A300720,2028,1630.0,2026-08-18
A004000,2022,4043.1,2026-08-18
A004000,2023,1547.8,2026-08-18
A004000,2024,503.7,2026-08-18
A004000,2025,743.6,2026-08-18
A004000,2026,1631.5,2026-08-18
A004000,2027,1650.8,2026-08-18
A004000,2028,1795.7,2026-08-18
A054540,2022,-31.8,2026-08-18
A054540,2023,59.9,2026-08-18
A054540,2024,103.0,2026-08-18
A054540,2025,102.2,2026-08-18
A023450,2022,134.6,2026-08-18
A023450,2023,80.6,2026-08-18
A023450,2024,89.3,2026-08-18
A023450,2025,93.7,2026-08-18
A093520,2022,314.5,2026-08-18
A093520,2023,263.5,2026-08-18
A093520,2024,268.9,2026-08-18
A093520,2025,291.0,2026-08-18
A093520,2026,375.0,2026-08-18
A093520,2027,423.0,2026-08-18
A093520,2028,471.0,2026-08-18
A069260,2022,1171.5,2026-08-18
A069260,2023,1212.3,2026-08-18
A069260,2024,808.0,2026-08-18
A069260,2025,656.1,2026-08-18
A069260,2026,869.0,2026-08-18
A069260,2027,899.3,2026-08-18
A069260,2028,819.3,2026-08-18
A010960,2022,44.7,2026-08-18
A010960,2023,105.3,2026-08-18
A010960,2024,11.7,2026-08-18
A010960,2025,144.9,2026-08-18
A050110,2022,258.1,2026-08-18
A050110,2023,71.8,2026-08-18
A050110,2024,-117.3,2026-08-18
A050110,2025,-112.7,2026-08-18
A003350,2022,43.2,2026-08-18
A003350,2023,90.2,2026-08-18
A003350,2024,265.5,2026-08-18
A003350,2025,328.8,2026-08-18
A363260,2022,45.9,2026-08-18
A363260,2023,-19.0,2026-08-18
A363260,2024,3.2,2026-08-18
A363260,2025,45.1,2026-08-18
A372910,2022,-13.3,2026-08-18
A372910,2023,18.3,2026-08-18
A372910,2024,74.9,2026-08-18
A372910,2025,-7.3,2026-08-18
A372910,2026,54.0,2026-08-18
A372910,2027,68.0,2026-08-18
A372910,2028,74.0,2026-08-18
A224110,2022,65.3,2026-08-18
A224110,2023,74.6,2026-08-18
A224110,2024,78.7,2026-08-18
A224110,2025,61.7,2026-08-18
A011780,2022,11473.1,2026-08-18
A011780,2023,3589.6,2026-08-18
A011780,2024,2728.0,2026-08-18
A011780,2025,2718.3,2026-08-18
A011780,2026,5300.2,2026-08-18
A011780,2027,4414.9,2026-08-18
A011780,2028,4810.3,2026-08-18
A271560,2022,4666.5,2026-08-18
A271560,2023,4923.9,2026-08-18
A271560,2024,5435.9,2026-08-18
A271560,2025,5582.6,2026-08-18
A271560,2026,6454.1,2026-08-18
A271560,2027,7063.9,2026-08-18
A271560,2028,7568.4,2026-08-18
A134380,2022,189.8,2026-08-18
A134380,2023,249.1,2026-08-18
A134380,2024,286.3,2026-08-18
A134380,2025,291.5,2026-08-18
A000810,2022,20446.6,2026-08-18
A000810,2023,23572.8,2026-08-18
A000810,2024,26496.0,2026-08-18
A000810,2025,26591.4,2026-08-18
A000810,2026,31281.5,2026-08-18
A000810,2027,36815.2,2026-08-18
A000810,2028,37033.8,2026-08-18
A014280,2022,343.7,2026-08-18
A014280,2023,665.8,2026-08-18
A014280,2024,330.5,2026-08-18
A014280,2025,105.0,2026-08-18
A310200,2022,99.2,2026-08-18
A310200,2023,228.6,2026-08-18
A310200,2024,251.4,2026-08-18
A310200,2025,226.8,2026-08-18
A072950,2022,25.2,2026-08-18
A072950,2023,36.7,2026-08-18
A072950,2024,50.7,2026-08-18
A072950,2025,89.9,2026-08-18
A049720,2022,119.9,2026-08-18
A049720,2023,130.7,2026-08-18
A049720,2024,153.1,2026-08-18
A049720,2025,167.4,2026-08-18
A049720,2026,180.0,2026-08-18
A049720,2027,180.0,2026-08-18
A047400,2022,8.5,2026-08-18
A047400,2023,-46.7,2026-08-18
A047400,2024,-165.0,2026-08-18
A047400,2025,54.3,2026-08-18
A389260,2022,255.9,2026-08-18
A389260,2023,167.4,2026-08-18
A389260,2024,97.1,2026-08-18
A389260,2025,168.0,2026-08-18
A389260,2026,339.0,2026-08-18
A389260,2027,362.0,2026-08-18
A240550,2022,34.5,2026-08-18
A240550,2023,164.8,2026-08-18
A240550,2024,150.5,2026-08-18
A240550,2025,170.1,2026-08-18
A240550,2026,234.0,2026-08-18
A053050,2022,46.3,2026-08-18
A053050,2023,43.8,2026-08-18
A053050,2024,49.1,2026-08-18
A053050,2025,73.4,2026-08-18
A092870,2022,102.5,2026-08-18
A092870,2023,14.6,2026-08-18
A092870,2024,-159.0,2026-08-18
A092870,2025,0.8,2026-08-18
A092870,2026,189.7,2026-08-18
A092870,2027,347.7,2026-08-18
A092870,2028,584.0,2026-08-18
A036010,2022,112.9,2026-08-18
A036010,2023,-47.1,2026-08-18
A036010,2024,-48.8,2026-08-18
A036010,2025,83.1,2026-08-18
A036010,2026,83.0,2026-08-18
A036010,2027,118.0,2026-08-18
A045660,2022,27.0,2026-08-18
A045660,2023,-7.1,2026-08-18
A045660,2024,20.8,2026-08-18
A045660,2025,87.0,2026-08-18
A030520,2022,250.2,2026-08-18
A030520,2023,341.5,2026-08-18
A030520,2024,404.2,2026-08-18
A030520,2025,364.0,2026-08-18
A030520,2026,491.2,2026-08-18
A030520,2027,591.2,2026-08-18
A030520,2028,666.8,2026-08-18
A067730,2022,1.4,2026-08-18
A067730,2023,5.5,2026-08-18
A067730,2024,23.9,2026-08-18
A067730,2025,28.8,2026-08-18
A376290,2022,46.0,2026-08-18
A376290,2023,21.7,2026-08-18
A376290,2024,114.9,2026-08-18
A376290,2025,54.2,2026-08-18
A131090,2022,53.0,2026-08-18
A131090,2023,44.5,2026-08-18
A131090,2024,34.2,2026-08-18
A131090,2025,43.1,2026-08-18
A100700,2022,121.9,2026-08-18
A100700,2023,169.2,2026-08-18
A100700,2024,113.8,2026-08-18
A100700,2025,127.0,2026-08-18
A445180,2022,142.8,2026-08-18
A445180,2023,128.4,2026-08-18
A445180,2024,139.6,2026-08-18
A445180,2025,172.2,2026-08-18
A419530,2022,-3.6,2026-08-18
A419530,2023,-94.2,2026-08-18
A419530,2024,-61.1,2026-08-18
A419530,2025,226.3,2026-08-18
A419530,2026,253.0,2026-08-18
A419530,2027,322.0,2026-08-18
A419530,2028,375.0,2026-08-18
A041510,2022,910.1,2026-08-18
A041510,2023,1134.6,2026-08-18
A041510,2024,873.0,2026-08-18
A041510,2025,1830.3,2026-08-18
A041510,2026,1886.6,2026-08-18
A041510,2027,2167.6,2026-08-18
A041510,2028,2421.2,2026-08-18
A039130,2022,-1011.8,2026-08-18
A039130,2023,340.5,2026-08-18
A039130,2024,509.2,2026-08-18
A039130,2025,576.3,2026-08-18
A039130,2026,507.8,2026-08-18
A039130,2027,651.2,2026-08-18
A039130,2028,723.5,2026-08-18
A001550,2022,119.1,2026-08-18
A001550,2023,-55.8,2026-08-18
A001550,2024,48.3,2026-08-18
A001550,2025,38.2,2026-08-18
A072870,2022,121.9,2026-08-18
A072870,2023,103.6,2026-08-18
A072870,2024,237.8,2026-08-18
A072870,2025,205.4,2026-08-18
A071280,2022,264.4,2026-08-18
A071280,2023,119.3,2026-08-18
A071280,2024,197.8,2026-08-18
A071280,2025,144.2,2026-08-18
A084850,2022,-161.6,2026-08-18
A084850,2023,-148.8,2026-08-18
A084850,2024,24.0,2026-08-18
A084850,2025,-70.0,2026-08-18
A084850,2026,38.0,2026-08-18
A084850,2027,262.0,2026-08-18
A012610,2022,280.6,2026-08-18
A012610,2023,-22.5,2026-08-18
A012610,2024,242.3,2026-08-18
A012610,2025,162.7,2026-08-18
A352090,2022,118.0,2026-08-18
A352090,2023,116.5,2026-08-18
A352090,2024,124.2,2026-08-18
A352090,2025,119.4,2026-08-18
A388210,2022,30.4,2026-08-18
A388210,2023,56.7,2026-08-18
A388210,2024,236.4,2026-08-18
A388210,2025,517.8,2026-08-18
A388210,2026,678.0,2026-08-18
A388210,2027,1028.0,2026-08-18
A388210,2028,1328.0,2026-08-18
A200780,2022,18.6,2026-08-18
A200780,2023,63.7,2026-08-18
A200780,2024,15.0,2026-08-18
A200780,2025,20.0,2026-08-18
A163730,2022,54.0,2026-08-18
A163730,2023,36.7,2026-08-18
A163730,2024,-4.7,2026-08-18
A163730,2025,14.7,2026-08-18
A163730,2026,73.0,2026-08-18
A163730,2027,159.0,2026-08-18
A163730,2028,296.0,2026-08-18
A059090,2022,642.7,2026-08-18
A059090,2023,299.0,2026-08-18
A059090,2024,946.3,2026-08-18
A059090,2025,1010.0,2026-08-18
A192400,2022,878.8,2026-08-18
A192400,2023,866.3,2026-08-18
A192400,2024,1032.3,2026-08-18
A192400,2025,1140.1,2026-08-18
A192400,2026,1140.0,2026-08-18
A192400,2027,1230.0,2026-08-18
A192400,2028,1290.0,2026-08-18
A000490,2022,882.8,2026-08-18
A000490,2023,654.0,2026-08-18
A000490,2024,184.6,2026-08-18
A000490,2025,312.2,2026-08-18
A208860,2022,-52.5,2026-08-18
A208860,2023,-29.9,2026-08-18
A208860,2024,17.9,2026-08-18
A208860,2025,27.6,2026-08-18
A098070,2022,85.5,2026-08-18
A098070,2023,151.9,2026-08-18
A098070,2024,167.7,2026-08-18
A098070,2025,381.8,2026-08-18
A098070,2026,394.0,2026-08-18
A098070,2027,400.0,2026-08-18
A020710,2022,-52.0,2026-08-18
A020710,2023,56.1,2026-08-18
A020710,2024,64.3,2026-08-18
A020710,2025,150.8,2026-08-18
A318020,2022,3.2,2026-08-18
A318020,2023,46.4,2026-08-18
A318020,2024,-14.1,2026-08-18
A318020,2025,30.1,2026-08-18
A120240,2022,115.9,2026-08-18
A120240,2023,110.0,2026-08-18
A120240,2024,84.8,2026-08-18
A120240,2025,111.8,2026-08-18
A002380,2022,4676.6,2026-08-18
A002380,2023,3125.3,2026-08-18
A002380,2024,4711.2,2026-08-18
A002380,2025,4276.2,2026-08-18
A002380,2026,4447.4,2026-08-18
A002380,2027,5032.4,2026-08-18
A002380,2028,5388.4,2026-08-18
A178920,2022,521.4,2026-08-18
A178920,2023,-39.4,2026-08-18
A178920,2024,338.3,2026-08-18
A178920,2025,430.4,2026-08-18
A178920,2026,682.5,2026-08-18
A178920,2027,754.0,2026-08-18
A178920,2028,845.0,2026-08-18
A161890,2022,732.8,2026-08-18
A161890,2023,1361.4,2026-08-18
A161890,2024,1938.5,2026-08-18
A161890,2025,2395.9,2026-08-18
A161890,2026,3453.7,2026-08-18
A161890,2027,4091.7,2026-08-18
A161890,2028,4640.9,2026-08-18
A264900,2022,175.9,2026-08-18
A264900,2023,284.4,2026-08-18
A264900,2024,210.5,2026-08-18
A264900,2025,152.7,2026-08-18
A189980,2022,104.8,2026-08-18
A189980,2023,102.6,2026-08-18
A189980,2024,107.4,2026-08-18
A189980,2025,85.3,2026-08-18
A246690,2022,116.4,2026-08-18
A246690,2023,143.0,2026-08-18
A246690,2024,-30.0,2026-08-18
A246690,2025,90.2,2026-08-18
A251970,2022,264.8,2026-08-18
A251970,2023,352.9,2026-08-18
A251970,2024,484.0,2026-08-18
A251970,2025,565.1,2026-08-18
A251970,2026,732.5,2026-08-18
A251970,2027,868.4,2026-08-18
A251970,2028,996.7,2026-08-18
A307930,2022,62.9,2026-08-18
A307930,2023,-49.6,2026-08-18
A307930,2024,32.6,2026-08-18
A307930,2025,97.7,2026-08-18
A018880,2022,2565.9,2026-08-18
A018880,2023,2835.8,2026-08-18
A018880,2024,955.4,2026-08-18
A018880,2025,2703.7,2026-08-18
A018880,2026,4271.6,2026-08-18
A018880,2027,4982.1,2026-08-18
A018880,2028,5567.8,2026-08-18
A003570,2022,257.6,2026-08-18
A003570,2023,416.0,2026-08-18
A003570,2024,1105.1,2026-08-18
A003570,2025,854.6,2026-08-18
A003570,2026,1121.0,2026-08-18
A003570,2027,1357.0,2026-08-18
A003570,2028,1544.0,2026-08-18
A054930,2022,209.0,2026-08-18
A054930,2023,183.1,2026-08-18
A054930,2024,58.1,2026-08-18
A054930,2025,92.4,2026-08-18
A094280,2022,223.2,2026-08-18
A094280,2023,191.9,2026-08-18
A094280,2024,187.5,2026-08-18
A094280,2025,189.6,2026-08-18
A007530,2022,46.3,2026-08-18
A007530,2023,41.6,2026-08-18
A007530,2024,61.1,2026-08-18
A007530,2025,39.9,2026-08-18
A054670,2022,275.8,2026-08-18
A054670,2023,188.1,2026-08-18
A054670,2024,186.7,2026-08-18
A054670,2025,117.2,2026-08-18
A195940,2022,525.3,2026-08-18
A195940,2023,659.3,2026-08-18
A195940,2024,882.2,2026-08-18
A195940,2025,1108.8,2026-08-18
A195940,2026,1304.1,2026-08-18
A195940,2027,1479.1,2026-08-18
A195940,2028,1684.3,2026-08-18
A025750,2022,27.1,2026-08-18
A025750,2023,36.3,2026-08-18
A025750,2024,114.2,2026-08-18
A025750,2025,23.3,2026-08-18
A023160,2022,453.5,2026-08-18
A023160,2023,577.2,2026-08-18
A023160,2024,398.7,2026-08-18
A023160,2025,387.3,2026-08-18
A023160,2026,467.8,2026-08-18
A023160,2027,765.2,2026-08-18
A023160,2028,746.8,2026-08-18
A443250,2022,45.5,2026-08-18
A443250,2023,42.2,2026-08-18
A443250,2024,77.0,2026-08-18
A443250,2025,88.8,2026-08-18
A017510,2022,10.2,2026-08-18
A017510,2023,20.0,2026-08-18
A017510,2024,30.3,2026-08-18
A017510,2025,148.2,2026-08-18
A052600,2022,24.9,2026-08-18
A052600,2023,33.3,2026-08-18
A052600,2024,42.0,2026-08-18
A052600,2025,43.7,2026-08-18
A009320,2022,-57.6,2026-08-18
A009320,2023,20.4,2026-08-18
A009320,2024,59.4,2026-08-18
A009320,2025,63.0,2026-08-18
A008730,2022,-59.8,2026-08-18
A008730,2023,-162.0,2026-08-18
A008730,2024,-183.5,2026-08-18
A008730,2025,85.1,2026-08-18
A008730,2026,131.0,2026-08-18
A008730,2027,454.0,2026-08-18
A033130,2022,20.6,2026-08-18
A033130,2023,21.7,2026-08-18
A033130,2024,23.6,2026-08-18
A033130,2025,55.1,2026-08-18
A475430,2022,51.1,2026-08-18
A475430,2023,37.3,2026-08-18
A475430,2024,59.0,2026-08-18
A475430,2025,74.0,2026-08-18
A475430,2026,91.0,2026-08-18
A475430,2027,102.0,2026-08-18
A475430,2028,121.0,2026-08-18
A085910,2022,116.8,2026-08-18
A085910,2023,-0.8,2026-08-18
A085910,2024,31.8,2026-08-18
A085910,2025,77.8,2026-08-18
A085910,2026,179.2,2026-08-18
A085910,2027,341.5,2026-08-18
A085910,2028,590.0,2026-08-18
A033640,2022,-67.1,2026-08-18
A033640,2023,100.7,2026-08-18
A033640,2024,34.0,2026-08-18
A033640,2025,237.6,2026-08-18
A033640,2026,410.5,2026-08-18
A033640,2027,522.0,2026-08-18
A033640,2028,620.0,2026-08-18
A056700,2022,-27.7,2026-08-18
A056700,2023,-155.4,2026-08-18
A056700,2024,58.1,2026-08-18
A056700,2025,91.0,2026-08-18
A007120,2022,31.1,2026-08-18
A007120,2023,32.3,2026-08-18
A007120,2024,20.1,2026-08-18
A007120,2025,38.0,2026-08-18
A028050,2022,7029.4,2026-08-18
A028050,2023,9931.3,2026-08-18
A028050,2024,9716.1,2026-08-18
A028050,2025,7920.8,2026-08-18
A028050,2026,9821.4,2026-08-18
A028050,2027,11916.4,2026-08-18
A028050,2028,13245.8,2026-08-18
A040420,2022,167.3,2026-08-18
A040420,2023,163.8,2026-08-18
A040420,2024,101.2,2026-08-18
A040420,2025,97.7,2026-08-18
A089150,2022,11.0,2026-08-18
A089150,2023,21.7,2026-08-18
A089150,2024,16.1,2026-08-18
A089150,2025,40.3,2026-08-18
A014190,2022,42.5,2026-08-18
A014190,2023,56.0,2026-08-18
A014190,2024,35.6,2026-08-18
A014190,2025,33.1,2026-08-18
A005690,2022,88.7,2026-08-18
A005690,2023,13.0,2026-08-18
A005690,2024,46.6,2026-08-18
A005690,2025,343.0,2026-08-18
A005690,2026,582.0,2026-08-18
A005690,2027,884.0,2026-08-18
A005690,2028,1540.0,2026-08-18
A033320,2022,-23.7,2026-08-18
A033320,2023,-55.8,2026-08-18
A033320,2024,36.4,2026-08-18
A033320,2025,77.0,2026-08-18
A052260,2022,90.5,2026-08-18
A052260,2023,134.6,2026-08-18
A052260,2024,163.6,2026-08-18
A052260,2025,127.2,2026-08-18
A444530,2022,-11.7,2026-08-18
A444530,2023,-15.4,2026-08-18
A444530,2024,-1.4,2026-08-18
A444530,2025,-26.6,2026-08-18
A444530,2026,5.0,2026-08-18
A444530,2027,38.0,2026-08-18
A444530,2028,86.0,2026-08-18
A179290,2022,222.9,2026-08-18
A179290,2023,140.7,2026-08-18
A179290,2024,175.8,2026-08-18
A179290,2025,206.7,2026-08-18
A0008Z0,2022,174.1,2026-08-18
A0008Z0,2023,157.6,2026-08-18
A0008Z0,2024,154.8,2026-08-18
A0008Z0,2025,177.4,2026-08-18
A0008Z0,2026,220.0,2026-08-18
A0008Z0,2027,280.0,2026-08-18
A0008Z0,2028,310.0,2026-08-18
A049430,2022,153.4,2026-08-18
A049430,2023,89.7,2026-08-18
A049430,2024,199.3,2026-08-18
A049430,2025,179.9,2026-08-18
A101160,2022,507.0,2026-08-18
A101160,2023,648.3,2026-08-18
A101160,2024,703.0,2026-08-18
A101160,2025,585.4,2026-08-18
A060250,2022,442.1,2026-08-18
A060250,2023,419.6,2026-08-18
A060250,2024,437.8,2026-08-18
A060250,2025,546.9,2026-08-18
A060250,2026,621.2,2026-08-18
A060250,2027,719.6,2026-08-18
A060250,2028,777.8,2026-08-18
A258790,2022,13.4,2026-08-18
A258790,2023,-25.7,2026-08-18
A258790,2024,-18.3,2026-08-18
A258790,2025,29.8,2026-08-18
A017890,2022,252.0,2026-08-18
A017890,2023,218.8,2026-08-18
A017890,2024,274.3,2026-08-18
A017890,2025,318.2,2026-08-18
A006800,2022,8355.6,2026-08-18
A006800,2023,5210.4,2026-08-18
A006800,2024,11880.8,2026-08-18
A006800,2025,19151.0,2026-08-18
A006800,2026,47797.9,2026-08-18
A006800,2027,26153.7,2026-08-18
A006800,2028,27203.7,2026-08-18
A078020,2022,417.8,2026-08-18
A078020,2023,331.9,2026-08-18
A078020,2024,218.1,2026-08-18
A078020,2025,222.2,2026-08-18
A000150,2022,11260.3,2026-08-18
A000150,2023,14362.6,2026-08-18
A000150,2024,10037.6,2026-08-18
A000150,2025,10627.2,2026-08-18
A000150,2026,18124.9,2026-08-18
A000150,2027,25064.1,2026-08-18
A000150,2028,31031.0,2026-08-18
A213420,2022,448.7,2026-08-18
A213420,2023,329.2,2026-08-18
A213420,2024,524.7,2026-08-18
A213420,2025,607.4,2026-08-18
A213420,2026,921.8,2026-08-18
A213420,2027,1074.0,2026-08-18
A213420,2028,1267.4,2026-08-18
A048870,2022,229.3,2026-08-18
A048870,2023,149.8,2026-08-18
A048870,2024,161.1,2026-08-18
A048870,2025,191.6,2026-08-18
A060150,2022,332.3,2026-08-18
A060150,2023,258.1,2026-08-18
A060150,2024,231.8,2026-08-18
A060150,2025,182.3,2026-08-18
A001540,2022,96.8,2026-08-18
A001540,2023,50.6,2026-08-18
A001540,2024,67.0,2026-08-18
A001540,2025,98.2,2026-08-18
A241520,2022,188.4,2026-08-18
A241520,2023,175.4,2026-08-18
A241520,2024,149.5,2026-08-18
A241520,2025,223.4,2026-08-18
A143160,2022,278.4,2026-08-18
A143160,2023,226.5,2026-08-18
A143160,2024,160.9,2026-08-18
A143160,2025,212.4,2026-08-18
A013120,2022,839.2,2026-08-18
A013120,2023,300.0,2026-08-18
A013120,2024,210.1,2026-08-18
A013120,2025,171.0,2026-08-18
A013120,2026,210.0,2026-08-18
A013120,2027,250.0,2026-08-18
A013120,2028,380.0,2026-08-18
A417500,2022,113.9,2026-08-18
A417500,2023,40.9,2026-08-18
A417500,2024,87.1,2026-08-18
A417500,2025,104.0,2026-08-18
A024720,2022,330.0,2026-08-18
A024720,2023,168.7,2026-08-18
A024720,2024,381.2,2026-08-18
A024720,2025,477.4,2026-08-18
A251270,2022,-1086.9,2026-08-18
A251270,2023,-684.7,2026-08-18
A251270,2024,2156.3,2026-08-18
A251270,2025,3524.8,2026-08-18
A251270,2026,3346.9,2026-08-18
A251270,2027,3866.4,2026-08-18
A251270,2028,4212.0,2026-08-18
A004450,2022,36.1,2026-08-18
A004450,2023,69.5,2026-08-18
A004450,2024,106.3,2026-08-18
A004450,2025,67.6,2026-08-18
A023000,2022,165.3,2026-08-18
A023000,2023,165.0,2026-08-18
A023000,2024,117.6,2026-08-18
A023000,2025,98.8,2026-08-18
A033240,2022,-117.4,2026-08-18
A033240,2023,-163.6,2026-08-18
A033240,2024,449.6,2026-08-18
A033240,2025,420.0,2026-08-18
A033240,2026,824.0,2026-08-18
A033240,2027,790.0,2026-08-18
A033240,2028,850.0,2026-08-18
A484120,2022,113.3,2026-08-18
A484120,2023,78.1,2026-08-18
A484120,2024,97.0,2026-08-18
A484120,2025,33.8,2026-08-18
A484120,2026,143.5,2026-08-18
A484120,2027,279.5,2026-08-18
A146320,2022,115.8,2026-08-18
A146320,2023,-0.4,2026-08-18
A146320,2024,-20.6,2026-08-18
A146320,2025,39.3,2026-08-18
A146320,2026,93.0,2026-08-18
A146320,2027,162.0,2026-08-18
A146320,2028,219.0,2026-08-18
A475460,2022,9.4,2026-08-18
A475460,2023,26.0,2026-08-18
A475460,2024,31.2,2026-08-18
A475460,2025,29.1,2026-08-18
A330860,2022,225.3,2026-08-18
A330860,2023,6.8,2026-08-18
A330860,2024,-26.3,2026-08-18
A330860,2025,47.6,2026-08-18
A330860,2026,264.5,2026-08-18
A330860,2027,441.5,2026-08-18
A330860,2028,588.5,2026-08-18
A237880,2022,178.8,2026-08-18
A237880,2023,338.1,2026-08-18
A237880,2024,246.0,2026-08-18
A237880,2025,164.4,2026-08-18
A237880,2026,245.5,2026-08-18
A237880,2027,250.0,2026-08-18
A237880,2028,260.0,2026-08-18
A005500,2022,231.8,2026-08-18
A005500,2023,204.8,2026-08-18
A005500,2024,316.4,2026-08-18
A005500,2025,267.8,2026-08-18
A005500,2026,275.0,2026-08-18
A005500,2027,293.0,2026-08-18
A005500,2028,317.0,2026-08-18
A042000,2022,-212.7,2026-08-18
A042000,2023,15.4,2026-08-18
A042000,2024,319.4,2026-08-18
A042000,2025,402.3,2026-08-18
A042000,2026,405.0,2026-08-18
A042000,2027,525.0,2026-08-18
A042000,2028,859.0,2026-08-18
A432470,2022,60.8,2026-08-18
A432470,2023,39.6,2026-08-18
A432470,2024,8.1,2026-08-18
A432470,2025,-15.6,2026-08-18
A432470,2026,65.0,2026-08-18
A432470,2027,88.0,2026-08-18
A432470,2028,110.0,2026-08-18
A095660,2022,195.6,2026-08-18
A095660,2023,315.9,2026-08-18
A095660,2024,329.2,2026-08-18
A095660,2025,599.8,2026-08-18
A095660,2026,345.0,2026-08-18
A095660,2027,493.2,2026-08-18
A095660,2028,598.2,2026-08-18
A262840,2022,43.5,2026-08-18
A262840,2023,36.2,2026-08-18
A262840,2024,34.2,2026-08-18
A262840,2025,42.8,2026-08-18
A160980,2022,211.6,2026-08-18
A160980,2023,71.1,2026-08-18
A160980,2024,234.1,2026-08-18
A160980,2025,233.5,2026-08-18
A160980,2026,359.0,2026-08-18
A160980,2027,457.0,2026-08-18
A160980,2028,536.0,2026-08-18
A322000,2022,901.7,2026-08-18
A322000,2023,175.4,2026-08-18
A322000,2024,35.0,2026-08-18
A322000,2025,412.2,2026-08-18
A322000,2026,1471.0,2026-08-18
A322000,2027,1665.0,2026-08-18
A150900,2022,52.0,2026-08-18
A150900,2023,38.1,2026-08-18
A150900,2024,39.0,2026-08-18
A150900,2025,25.4,2026-08-18
A419120,2022,80.6,2026-08-18
A419120,2023,27.8,2026-08-18
A419120,2024,28.6,2026-08-18
A419120,2025,44.5,2026-08-18
A489500,2022,46.4,2026-08-18
A489500,2023,55.8,2026-08-18
A489500,2024,101.4,2026-08-18
A489500,2025,45.7,2026-08-18
A489500,2026,108.5,2026-08-18
A489500,2027,172.5,2026-08-18
A489500,2028,232.5,2026-08-18
A170900,2022,166.7,2026-08-18
A170900,2023,111.8,2026-08-18
A170900,2024,-250.0,2026-08-18
A170900,2025,6.2,2026-08-18
A170900,2026,417.7,2026-08-18
A170900,2027,443.0,2026-08-18
A170900,2028,525.3,2026-08-18
A005820,2022,34.0,2026-08-18
A005820,2023,50.7,2026-08-18
A005820,2024,17.3,2026-08-18
A005820,2025,44.3,2026-08-18
A052900,2022,122.7,2026-08-18
A052900,2023,81.2,2026-08-18
A052900,2024,92.1,2026-08-18
A052900,2025,53.6,2026-08-18
A052900,2026,237.0,2026-08-18
A036120,2022,45.8,2026-08-18
A036120,2023,4.0,2026-08-18
A036120,2024,51.6,2026-08-18
A036120,2025,67.6,2026-08-18
A244920,2022,13.6,2026-08-18
A244920,2023,125.5,2026-08-18
A244920,2024,315.5,2026-08-18
A244920,2025,293.1,2026-08-18
A108320,2022,3106.2,2026-08-18
A108320,2023,1290.4,2026-08-18
A108320,2024,1670.8,2026-08-18
A108320,2025,1088.6,2026-08-18
A108320,2026,745.5,2026-08-18
A108320,2027,775.0,2026-08-18
A108320,2028,925.0,2026-08-18
A075970,2022,42.1,2026-08-18
A075970,2023,20.8,2026-08-18
A075970,2024,11.4,2026-08-18
A075970,2025,33.8,2026-08-18
A032830,2022,21807.3,2026-08-18
A032830,2023,23983.8,2026-08-18
A032830,2024,24997.5,2026-08-18
A032830,2025,25804.7,2026-08-18
A032830,2026,32159.5,2026-08-18
A032830,2027,68894.5,2026-08-18
A032830,2028,45521.6,2026-08-18
A003550,2022,19413.8,2026-08-18
A003550,2023,15890.1,2026-08-18
A003550,2024,9668.4,2026-08-18
A003550,2025,9121.7,2026-08-18
A003550,2026,16363.9,2026-08-18
A003550,2027,20311.2,2026-08-18
A003550,2028,22126.9,2026-08-18
A0015N0,2022,4.0,2026-08-18
A0015N0,2023,39.8,2026-08-18
A0015N0,2024,56.5,2026-08-18
A0015N0,2025,51.4,2026-08-18
A0015N0,2026,95.0,2026-08-18
A0015N0,2027,129.0,2026-08-18
A0015N0,2028,182.0,2026-08-18
A092230,2022,555.3,2026-08-18
A092230,2023,653.8,2026-08-18
A092230,2024,511.3,2026-08-18
A092230,2025,429.6,2026-08-18
A001460,2022,253.3,2026-08-18
A001460,2023,275.0,2026-08-18
A001460,2024,238.3,2026-08-18
A001460,2025,265.7,2026-08-18
A014990,2022,-130.2,2026-08-18
A014990,2023,-27.0,2026-08-18
A014990,2024,-8.3,2026-08-18
A014990,2025,11.9,2026-08-18
A484590,2022,19.4,2026-08-18
A484590,2023,59.2,2026-08-18
A484590,2024,180.6,2026-08-18
A484590,2025,266.3,2026-08-18
A051390,2022,30.6,2026-08-18
A051390,2023,64.8,2026-08-18
A051390,2024,54.4,2026-08-18
A051390,2025,57.8,2026-08-18
A004440,2022,-69.8,2026-08-18
A004440,2023,51.7,2026-08-18
A004440,2024,-16.7,2026-08-18
A004440,2025,50.0,2026-08-18
A077360,2022,-37.2,2026-08-18
A077360,2023,-109.7,2026-08-18
A077360,2024,186.4,2026-08-18
A077360,2025,28.1,2026-08-18
A077360,2026,328.0,2026-08-18
A077360,2027,544.7,2026-08-18
A077360,2028,780.0,2026-08-18
A036570,2022,5590.1,2026-08-18
A036570,2023,1372.8,2026-08-18
A036570,2024,-1092.2,2026-08-18
A036570,2025,160.8,2026-08-18
A036570,2026,5231.8,2026-08-18
A036570,2027,6075.9,2026-08-18
A036570,2028,6167.4,2026-08-18
A035900,2022,966.3,2026-08-18
A035900,2023,1694.4,2026-08-18
A035900,2024,1282.6,2026-08-18
A035900,2025,1552.5,2026-08-18
A035900,2026,1529.1,2026-08-18
A035900,2027,1681.4,2026-08-18
A035900,2028,1702.3,2026-08-18
A012700,2022,533.1,2026-08-18
A012700,2023,-135.2,2026-08-18
A012700,2024,215.5,2026-08-18
A012700,2025,109.5,2026-08-18
A044990,2022,216.0,2026-08-18
A044990,2023,139.6,2026-08-18
A044990,2024,133.7,2026-08-18
A044990,2025,96.6,2026-08-18
A018120,2022,37.9,2026-08-18
A018120,2023,80.6,2026-08-18
A018120,2024,115.4,2026-08-18
A018120,2025,140.1,2026-08-18
A196450,2022,-44.2,2026-08-18
A196450,2023,-130.5,2026-08-18
A196450,2024,-95.4,2026-08-18
A196450,2025,52.7,2026-08-18
A196450,2026,71.0,2026-08-18
A008370,2022,77.6,2026-08-18
A008370,2023,45.5,2026-08-18
A008370,2024,45.5,2026-08-18
A008370,2025,66.0,2026-08-18
A009410,2022,1062.9,2026-08-18
A009410,2023,-4045.3,2026-08-18
A009410,2024,206.4,2026-08-18
A009410,2025,527.9,2026-08-18
A073010,2022,34.8,2026-08-18
A073010,2023,118.4,2026-08-18
A073010,2024,138.1,2026-08-18
A073010,2025,115.4,2026-08-18
A084010,2022,2153.8,2026-08-18
A084010,2023,1099.3,2026-08-18
A084010,2024,103.2,2026-08-18
A084010,2025,-28.7,2026-08-18
A084010,2026,235.0,2026-08-18
A084010,2027,335.0,2026-08-18
A084010,2028,395.0,2026-08-18
A479960,2022,22.1,2026-08-18
A479960,2023,34.6,2026-08-18
A479960,2024,29.3,2026-08-18
A479960,2025,52.7,2026-08-18
A085670,2022,179.0,2026-08-18
A085670,2023,103.3,2026-08-18
A085670,2024,146.4,2026-08-18
A085670,2025,92.3,2026-08-18
A006140,2022,60.9,2026-08-18
A006140,2023,74.1,2026-08-18
A006140,2024,107.8,2026-08-18
A006140,2025,109.6,2026-08-18
A018470,2022,158.3,2026-08-18
A018470,2023,84.7,2026-08-18
A018470,2024,201.1,2026-08-18
A018470,2025,138.0,2026-08-18
A078340,2022,-151.2,2026-08-18
A078340,2023,-331.9,2026-08-18
A078340,2024,61.3,2026-08-18
A078340,2025,26.3,2026-08-18
A078340,2026,318.8,2026-08-18
A078340,2027,439.0,2026-08-18
A078340,2028,469.2,2026-08-18
A420570,2022,21.4,2026-08-18
A420570,2023,56.1,2026-08-18
A420570,2024,36.3,2026-08-18
A420570,2025,29.2,2026-08-18
A014820,2022,918.4,2026-08-18
A014820,2023,808.5,2026-08-18
A014820,2024,919.0,2026-08-18
A014820,2025,661.6,2026-08-18
A049630,2022,54.4,2026-08-18
A049630,2023,67.1,2026-08-18
A049630,2024,100.3,2026-08-18
A049630,2025,107.4,2026-08-18
A465480,2022,29.6,2026-08-18
A465480,2023,40.3,2026-08-18
A465480,2024,37.8,2026-08-18
A465480,2025,25.5,2026-08-18
A009290,2022,382.4,2026-08-18
A009290,2023,420.7,2026-08-18
A009290,2024,301.0,2026-08-18
A009290,2025,310.5,2026-08-18
A000990,2022,7618.8,2026-08-18
A000990,2023,2654.4,2026-08-18
A000990,2024,1908.4,2026-08-18
A000990,2025,2772.9,2026-08-18
A000990,2026,3786.5,2026-08-18
A000990,2027,4935.5,2026-08-18
A000990,2028,5515.5,2026-08-18
A168360,2022,63.5,2026-08-18
A168360,2023,80.6,2026-08-18
A168360,2024,-36.2,2026-08-18
A168360,2025,31.8,2026-08-18
A168360,2026,203.0,2026-08-18
A168360,2027,336.0,2026-08-18
A168360,2028,426.0,2026-08-18
A189690,2022,66.6,2026-08-18
A189690,2023,51.6,2026-08-18
A189690,2024,45.2,2026-08-18
A189690,2025,44.0,2026-08-18
A039240,2022,114.0,2026-08-18
A039240,2023,107.3,2026-08-18
A039240,2024,94.5,2026-08-18
A039240,2025,59.6,2026-08-18
A200130,2022,611.2,2026-08-18
A200130,2023,302.6,2026-08-18
A200130,2024,246.2,2026-08-18
A200130,2025,266.5,2026-08-18
A004270,2022,25.4,2026-08-18
A004270,2023,-60.8,2026-08-18
A004270,2024,-18.1,2026-08-18
A004270,2025,1.9,2026-08-18
A029460,2022,1011.9,2026-08-18
A029460,2023,663.8,2026-08-18
A029460,2024,279.8,2026-08-18
A029460,2025,464.6,2026-08-18
A487580,2022,-26.8,2026-08-18
A487580,2023,12.0,2026-08-18
A487580,2024,62.0,2026-08-18
A487580,2025,104.2,2026-08-18
A258830,2022,-13.8,2026-08-18
A258830,2023,21.9,2026-08-18
A258830,2024,-4.7,2026-08-18
A258830,2025,22.6,2026-08-18
A042520,2022,12.9,2026-08-18
A042520,2023,-41.5,2026-08-18
A042520,2024,6.3,2026-08-18
A042520,2025,-258.9,2026-08-18
A042520,2026,186.6,2026-08-18
A042520,2027,332.0,2026-08-18
A042520,2028,489.7,2026-08-18
A282720,2022,107.1,2026-08-18
A282720,2023,60.5,2026-08-18
A282720,2024,-171.3,2026-08-18
A282720,2025,4.3,2026-08-18
A282720,2026,30.0,2026-08-18
A282720,2027,108.0,2026-08-18
A282720,2028,174.0,2026-08-18
A173940,2022,-131.8,2026-08-18
A173940,2023,-80.1,2026-08-18
A173940,2024,-41.8,2026-08-18
A173940,2025,-6.1,2026-08-18
A173940,2026,27.0,2026-08-18
A221840,2022,-84.5,2026-08-18
A221840,2023,-45.4,2026-08-18
A221840,2024,-22.3,2026-08-18
A221840,2025,46.0,2026-08-18
A058430,2022,382.2,2026-08-18
A058430,2023,306.3,2026-08-18
A058430,2024,519.2,2026-08-18
A058430,2025,244.6,2026-08-18
A058430,2026,275.0,2026-08-18
A058430,2027,315.0,2026-08-18
A058430,2028,330.0,2026-08-18
A081580,2022,28.1,2026-08-18
A081580,2023,-44.6,2026-08-18
A081580,2024,-50.9,2026-08-18
A081580,2025,39.8,2026-08-18
A192820,2022,531.0,2026-08-18
A192820,2023,1156.9,2026-08-18
A192820,2024,1754.0,2026-08-18
A192820,2025,1957.9,2026-08-18
A192820,2026,2559.9,2026-08-18
A192820,2027,3138.0,2026-08-18
A192820,2028,3692.8,2026-08-18
A045100,2022,752.5,2026-08-18
A045100,2023,851.1,2026-08-18
A045100,2024,861.9,2026-08-18
A045100,2025,537.1,2026-08-18
A181710,2022,390.5,2026-08-18
A181710,2023,556.0,2026-08-18
A181710,2024,-326.2,2026-08-18
A181710,2025,1324.3,2026-08-18
A181710,2026,1946.5,2026-08-18
A181710,2027,2413.6,2026-08-18
A181710,2028,2665.8,2026-08-18
A417970,2022,78.9,2026-08-18
A417970,2023,21.8,2026-08-18
A417970,2024,41.9,2026-08-18
A417970,2025,80.7,2026-08-18
A041460,2022,49.6,2026-08-18
A041460,2023,31.4,2026-08-18
A041460,2024,47.2,2026-08-18
A041460,2025,67.3,2026-08-18
A007160,2022,551.7,2026-08-18
A007160,2023,-239.1,2026-08-18
A007160,2024,-93.8,2026-08-18
A007160,2025,331.5,2026-08-18
A081150,2022,212.9,2026-08-18
A081150,2023,-15.3,2026-08-18
A081150,2024,47.9,2026-08-18
A081150,2025,52.4,2026-08-18
A482630,2022,23.2,2026-08-18
A482630,2023,73.7,2026-08-18
A482630,2024,107.5,2026-08-18
A482630,2025,176.3,2026-08-18
A482630,2026,249.5,2026-08-18
A482630,2027,347.0,2026-08-18
A482630,2028,426.5,2026-08-18
A044960,2022,35.6,2026-08-18
A044960,2023,33.3,2026-08-18
A044960,2024,34.7,2026-08-18
A044960,2025,42.6,2026-08-18
A187790,2022,-35.5,2026-08-18
A187790,2023,16.2,2026-08-18
A187790,2024,16.6,2026-08-18
A187790,2025,55.3,2026-08-18
A187790,2026,87.5,2026-08-18
A187790,2027,114.0,2026-08-18
A187790,2028,217.0,2026-08-18
A084870,2022,19.6,2026-08-18
A084870,2023,78.6,2026-08-18
A084870,2024,33.6,2026-08-18
A084870,2025,31.5,2026-08-18
A323350,2022,7.7,2026-08-18
A323350,2023,-6.4,2026-08-18
A323350,2024,12.8,2026-08-18
A323350,2025,40.3,2026-08-18
A323350,2026,55.0,2026-08-18
A323350,2027,78.0,2026-08-18
A323350,2028,91.0,2026-08-18
A204620,2022,-35.7,2026-08-18
A204620,2023,98.1,2026-08-18
A204620,2024,215.8,2026-08-18
A204620,2025,289.9,2026-08-18
A204620,2026,350.0,2026-08-18
A204620,2027,407.0,2026-08-18
A080160,2022,-221.0,2026-08-18
A080160,2023,115.6,2026-08-18
A080160,2024,48.9,2026-08-18
A080160,2025,74.4,2026-08-18
A080160,2026,51.0,2026-08-18
A080160,2027,187.0,2026-08-18
A080160,2028,205.0,2026-08-18
A489790,2024,54.7,2026-08-18
A489790,2025,1622.7,2026-08-18
A489790,2026,2034.0,2026-08-18
A489790,2027,2967.3,2026-08-18
A489790,2028,3731.0,2026-08-18
A277070,2022,44.4,2026-08-18
A277070,2023,34.0,2026-08-18
A277070,2024,42.1,2026-08-18
A277070,2025,36.0,2026-08-18
A047040,2022,7600.1,2026-08-18
A047040,2023,6625.2,2026-08-18
A047040,2024,4031.3,2026-08-18
A047040,2025,-8154.3,2026-08-18
A047040,2026,8314.7,2026-08-18
A047040,2027,8149.7,2026-08-18
A047040,2028,9186.4,2026-08-18
A272110,2022,132.9,2026-08-18
A272110,2023,104.8,2026-08-18
A272110,2024,141.5,2026-08-18
A272110,2025,222.4,2026-08-18
A272110,2026,320.0,2026-08-18
A206640,2022,246.7,2026-08-18
A206640,2023,284.8,2026-08-18
A206640,2024,261.5,2026-08-18
A206640,2025,289.4,2026-08-18
A071970,2022,111.2,2026-08-18
A071970,2023,183.8,2026-08-18
A071970,2024,331.9,2026-08-18
A071970,2025,759.1,2026-08-18
A071970,2026,1550.0,2026-08-18
A071970,2027,2117.0,2026-08-18
A071970,2028,2604.0,2026-08-18
A013360,2022,27.2,2026-08-18
A013360,2023,72.7,2026-08-18
A013360,2024,-435.9,2026-08-18
A013360,2025,103.8,2026-08-18
A014940,2022,91.8,2026-08-18
A014940,2023,127.6,2026-08-18
A014940,2024,248.7,2026-08-18
A014940,2025,242.8,2026-08-18
A064480,2022,39.2,2026-08-18
A064480,2023,41.6,2026-08-18
A064480,2024,-32.5,2026-08-18
A064480,2025,3.1,2026-08-18
A010060,2022,7524.3,2026-08-18
A010060,2023,5312.2,2026-08-18
A010060,2024,1015.3,2026-08-18
A010060,2025,-576.3,2026-08-18
A010060,2026,3544.5,2026-08-18
A010060,2027,5552.4,2026-08-18
A010060,2028,6508.2,2026-08-18
A092130,2022,192.9,2026-08-18
A092130,2023,126.1,2026-08-18
A092130,2024,149.6,2026-08-18
A092130,2025,155.8,2026-08-18
A092130,2026,170.0,2026-08-18
A092130,2027,186.0,2026-08-18
A092130,2028,204.0,2026-08-18
A234340,2022,128.5,2026-08-18
A234340,2023,125.7,2026-08-18
A234340,2024,132.9,2026-08-18
A234340,2025,155.8,2026-08-18
A234340,2026,262.0,2026-08-18
A234340,2027,303.5,2026-08-18
A234340,2028,367.5,2026-08-18
A166090,2022,937.4,2026-08-18
A166090,2023,412.8,2026-08-18
A166090,2024,434.1,2026-08-18
A166090,2025,500.8,2026-08-18
A166090,2026,972.0,2026-08-18
A166090,2027,1263.3,2026-08-18
A166090,2028,1483.3,2026-08-18
A311390,2022,14.2,2026-08-18
A311390,2023,2.8,2026-08-18
A311390,2024,-6.9,2026-08-18
A311390,2025,54.1,2026-08-18
A017670,2022,16120.7,2026-08-18
A017670,2023,17532.0,2026-08-18
A017670,2024,18234.1,2026-08-18
A017670,2025,10732.2,2026-08-18
A017670,2026,19621.9,2026-08-18
A017670,2027,20797.1,2026-08-18
A017670,2028,21991.7,2026-08-18
A462860,2022,85.8,2026-08-18
A462860,2023,106.7,2026-08-18
A462860,2024,100.2,2026-08-18
A462860,2025,136.3,2026-08-18
A204610,2022,128.2,2026-08-18
A204610,2023,75.6,2026-08-18
A204610,2024,105.2,2026-08-18
A204610,2025,170.1,2026-08-18
A122640,2022,-168.8,2026-08-18
A122640,2023,-4.1,2026-08-18
A122640,2024,112.6,2026-08-18
A122640,2025,37.9,2026-08-18
A122640,2026,265.7,2026-08-18
A122640,2027,668.3,2026-08-18
A122640,2028,987.0,2026-08-18
A348210,2022,565.0,2026-08-18
A348210,2023,361.7,2026-08-18
A348210,2024,469.7,2026-08-18
A348210,2025,-11.6,2026-08-18
A348210,2026,214.0,2026-08-18
A348210,2027,392.0,2026-08-18
A348210,2028,460.5,2026-08-18
A236200,2022,178.6,2026-08-18
A236200,2023,166.6,2026-08-18
A236200,2024,232.9,2026-08-18
A236200,2025,327.4,2026-08-18
A236200,2026,368.0,2026-08-18
A236200,2027,437.3,2026-08-18
A236200,2028,535.0,2026-08-18
A011930,2022,210.2,2026-08-18
A011930,2023,73.6,2026-08-18
A011930,2024,49.9,2026-08-18
A011930,2025,12.8,2026-08-18
A011930,2026,202.0,2026-08-18
A011930,2027,362.0,2026-08-18
A011930,2028,432.0,2026-08-18
A234690,2022,84.0,2026-08-18
A234690,2023,104.6,2026-08-18
A234690,2024,129.6,2026-08-18
A234690,2025,172.9,2026-08-18
A068330,2022,51.4,2026-08-18
A068330,2023,62.1,2026-08-18
A068330,2024,22.6,2026-08-18
A068330,2025,45.5,2026-08-18
A003850,2022,566.0,2026-08-18
A003850,2023,682.7,2026-08-18
A003850,2024,704.7,2026-08-18
A003850,2025,650.7,2026-08-18
A003850,2026,801.8,2026-08-18
A003850,2027,830.0,2026-08-18
A003850,2028,906.0,2026-08-18
A003720,2022,27.6,2026-08-18
A003720,2023,60.3,2026-08-18
A003720,2024,91.0,2026-08-18
A003720,2025,149.2,2026-08-18
A003720,2026,268.0,2026-08-18
A086670,2022,230.3,2026-08-18
A086670,2023,174.3,2026-08-18
A086670,2024,64.7,2026-08-18
A086670,2025,153.1,2026-08-18
A006490,2022,-13.9,2026-08-18
A006490,2023,4.5,2026-08-18
A006490,2024,-37.9,2026-08-18
A006490,2025,40.8,2026-08-18
A143240,2022,405.9,2026-08-18
A143240,2023,252.6,2026-08-18
A143240,2024,212.6,2026-08-18
A143240,2025,167.8,2026-08-18
A314140,2022,96.5,2026-08-18
A314140,2023,66.2,2026-08-18
A314140,2024,-6.9,2026-08-18
A314140,2025,50.9,2026-08-18
A077970,2022,-88.2,2026-08-18
A077970,2023,188.7,2026-08-18
A077970,2024,422.4,2026-08-18
A077970,2025,695.9,2026-08-18
A077970,2026,1038.5,2026-08-18
A077970,2027,1191.5,2026-08-18
A077970,2028,1828.5,2026-08-18
A356860,2022,384.6,2026-08-18
A356860,2023,30.4,2026-08-18
A356860,2024,33.6,2026-08-18
A356860,2025,259.6,2026-08-18
A356860,2026,539.7,2026-08-18
A356860,2027,766.8,2026-08-18
A356860,2028,1207.4,2026-08-18
A110990,2022,55.3,2026-08-18
A110990,2023,86.4,2026-08-18
A110990,2024,240.9,2026-08-18
A110990,2025,230.6,2026-08-18
A045300,2022,48.3,2026-08-18
A045300,2023,-8.1,2026-08-18
A045300,2024,11.8,2026-08-18
A045300,2025,19.5,2026-08-18
A054050,2022,111.3,2026-08-18
A054050,2023,89.4,2026-08-18
A054050,2024,111.0,2026-08-18
A054050,2025,136.4,2026-08-18
A092190,2022,-621.2,2026-08-18
A092190,2023,-729.5,2026-08-18
A092190,2024,34.9,2026-08-18
A092190,2025,2.3,2026-08-18
A241710,2022,103.7,2026-08-18
A241710,2023,491.5,2026-08-18
A241710,2024,603.6,2026-08-18
A241710,2025,835.4,2026-08-18
A241710,2026,1143.9,2026-08-18
A241710,2027,1366.7,2026-08-18
A241710,2028,1567.3,2026-08-18
A200710,2022,44.0,2026-08-18
A200710,2023,-174.1,2026-08-18
A200710,2024,-169.5,2026-08-18
A200710,2025,28.5,2026-08-18
A200710,2026,209.0,2026-08-18
A200710,2027,417.0,2026-08-18
A200710,2028,940.0,2026-08-18
A010140,2022,-8544.2,2026-08-18
A010140,2023,2333.4,2026-08-18
A010140,2024,5027.0,2026-08-18
A010140,2025,8622.1,2026-08-18
A010140,2026,13874.7,2026-08-18
A010140,2027,19904.9,2026-08-18
A010140,2028,23602.3,2026-08-18
A222800,2022,3523.5,2026-08-18
A222800,2023,-881.2,2026-08-18
A222800,2024,-469.7,2026-08-18
A222800,2025,118.7,2026-08-18
A222800,2026,2453.7,2026-08-18
A222800,2027,4074.3,2026-08-18
A222800,2028,5154.1,2026-08-18
A271980,2022,-135.0,2026-08-18
A271980,2023,87.3,2026-08-18
A271980,2024,-189.3,2026-08-18
A271980,2025,207.0,2026-08-18
A065710,2022,124.7,2026-08-18
A065710,2023,129.8,2026-08-18
A065710,2024,16.5,2026-08-18
A065710,2025,253.3,2026-08-18
A131030,2022,52.6,2026-08-18
A131030,2023,81.9,2026-08-18
A131030,2024,85.9,2026-08-18
A131030,2025,88.8,2026-08-18
A195500,2022,-17.2,2026-08-18
A195500,2023,21.0,2026-08-18
A195500,2024,38.4,2026-08-18
A195500,2025,24.9,2026-08-18
A025000,2022,465.1,2026-08-18
A025000,2023,583.9,2026-08-18
A025000,2024,389.4,2026-08-18
A025000,2025,274.0,2026-08-18
A155650,2022,230.8,2026-08-18
A155650,2023,157.7,2026-08-18
A155650,2024,69.0,2026-08-18
A155650,2025,45.7,2026-08-18
A187270,2022,39.5,2026-08-18
A187270,2023,49.1,2026-08-18
A187270,2024,69.6,2026-08-18
A187270,2025,48.0,2026-08-18
A123860,2022,-70.2,2026-08-18
A123860,2023,44.7,2026-08-18
A123860,2024,200.4,2026-08-18
A123860,2025,201.5,2026-08-18
A047080,2022,35.4,2026-08-18
A047080,2023,-65.2,2026-08-18
A047080,2024,-14.1,2026-08-18
A047080,2025,2.8,2026-08-18
A086960,2022,81.5,2026-08-18
A086960,2023,87.2,2026-08-18
A086960,2024,59.4,2026-08-18
A086960,2025,58.1,2026-08-18
A083450,2022,569.4,2026-08-18
A083450,2023,425.4,2026-08-18
A083450,2024,585.7,2026-08-18
A083450,2025,591.7,2026-08-18
A083450,2026,766.0,2026-08-18
A083450,2027,945.5,2026-08-18
A083450,2028,1080.5,2026-08-18
A383310,2022,414.2,2026-08-18
A383310,2023,417.8,2026-08-18
A383310,2024,242.3,2026-08-18
A383310,2025,117.1,2026-08-18
A383310,2026,329.5,2026-08-18
A383310,2027,549.5,2026-08-18
A383310,2028,792.0,2026-08-18
A099390,2022,47.8,2026-08-18
A099390,2023,33.4,2026-08-18
A099390,2024,36.0,2026-08-18
A099390,2025,21.1,2026-08-18
A357780,2022,2070.5,2026-08-18
A357780,2023,1334.9,2026-08-18
A357780,2024,1679.5,2026-08-18
A357780,2025,1336.4,2026-08-18
A357780,2026,1933.3,2026-08-18
A357780,2027,2584.6,2026-08-18
A357780,2028,3333.4,2026-08-18
A007330,2022,262.6,2026-08-18
A007330,2023,90.3,2026-08-18
A007330,2024,68.5,2026-08-18
A007330,2025,169.5,2026-08-18
A268280,2022,808.5,2026-08-18
A268280,2023,225.3,2026-08-18
A268280,2024,587.7,2026-08-18
A268280,2025,654.8,2026-08-18
A212560,2022,79.7,2026-08-18
A212560,2023,103.8,2026-08-18
A212560,2024,126.4,2026-08-18
A212560,2025,136.7,2026-08-18
A100130,2022,-114.0,2026-08-18
A100130,2023,-352.6,2026-08-18
A100130,2024,-55.3,2026-08-18
A100130,2025,69.4,2026-08-18
A100130,2026,20.0,2026-08-18
A100130,2027,90.0,2026-08-18
A100130,2028,70.0,2026-08-18
A294570,2022,200.2,2026-08-18
A294570,2023,165.9,2026-08-18
A294570,2024,165.9,2026-08-18
A294570,2025,188.6,2026-08-18
A294570,2026,200.0,2026-08-18
A294570,2027,211.0,2026-08-18
A294570,2028,223.0,2026-08-18
A065530,2022,34.0,2026-08-18
A065530,2023,28.8,2026-08-18
A065530,2024,38.3,2026-08-18
A065530,2025,54.8,2026-08-18
A011070,2022,12717.5,2026-08-18
A011070,2023,8308.2,2026-08-18
A011070,2024,7060.4,2026-08-18
A011070,2025,6650.1,2026-08-18
A011070,2026,12651.2,2026-08-18
A011070,2027,14580.2,2026-08-18
A011070,2028,17225.2,2026-08-18
A188040,2022,32.3,2026-08-18
A188040,2023,49.2,2026-08-18
A188040,2024,52.4,2026-08-18
A188040,2025,8.3,2026-08-18
A065370,2022,13.0,2026-08-18
A065370,2023,-28.7,2026-08-18
A065370,2024,9.3,2026-08-18
A065370,2025,7.9,2026-08-18
A309960,2022,47.7,2026-08-18
A309960,2023,84.6,2026-08-18
A309960,2024,108.5,2026-08-18
A309960,2025,96.7,2026-08-18
A425420,2022,65.1,2026-08-18
A425420,2023,92.2,2026-08-18
A425420,2024,43.9,2026-08-18
A425420,2025,190.6,2026-08-18
A425420,2026,348.0,2026-08-18
A425420,2027,475.0,2026-08-18
A085810,2022,-88.9,2026-08-18
A085810,2023,-38.5,2026-08-18
A085810,2024,-40.2,2026-08-18
A085810,2025,31.8,2026-08-18
A004370,2022,1121.7,2026-08-18
A004370,2023,2120.6,2026-08-18
A004370,2024,1630.7,2026-08-18
A004370,2025,1839.3,2026-08-18
A004370,2026,2170.4,2026-08-18
A004370,2027,2352.4,2026-08-18
A004370,2028,2495.1,2026-08-18
A214150,2022,688.8,2026-08-18
A214150,2023,896.2,2026-08-18
A214150,2024,1224.4,2026-08-18
A214150,2025,1706.0,2026-08-18
A214150,2026,1944.1,2026-08-18
A214150,2027,2569.5,2026-08-18
A214150,2028,3234.0,2026-08-18
A451760,2022,-18.6,2026-08-18
A451760,2023,-99.8,2026-08-18
A451760,2024,-121.9,2026-08-18
A451760,2025,-161.7,2026-08-18
A451760,2026,48.0,2026-08-18
A451760,2027,142.0,2026-08-18
A451760,2028,60.0,2026-08-18
A051900,2022,7111.2,2026-08-18
A051900,2023,4869.8,2026-08-18
A051900,2024,4590.5,2026-08-18
A051900,2025,1706.9,2026-08-18
A051900,2026,3781.2,2026-08-18
A051900,2027,4481.1,2026-08-18
A051900,2028,4923.4,2026-08-18
A011420,2022,41.7,2026-08-18
A011420,2023,45.8,2026-08-18
A011420,2024,32.3,2026-08-18
A011420,2025,39.9,2026-08-18
A045510,2022,6.8,2026-08-18
A045510,2023,28.5,2026-08-18
A045510,2024,15.6,2026-08-18
A045510,2025,19.4,2026-08-18
A083420,2022,172.2,2026-08-18
A083420,2023,49.5,2026-08-18
A083420,2024,106.9,2026-08-18
A083420,2025,101.5,2026-08-18
A000890,2022,0.6,2026-08-18
A000890,2023,-28.0,2026-08-18
A000890,2024,23.0,2026-08-18
A000890,2025,38.1,2026-08-18
A086060,2022,16.7,2026-08-18
A086060,2023,39.5,2026-08-18
A086060,2024,38.4,2026-08-18
A086060,2025,39.2,2026-08-18
A277410,2022,47.0,2026-08-18
A277410,2023,57.4,2026-08-18
A277410,2024,8.1,2026-08-18
A277410,2025,23.1,2026-08-18
A403850,2022,37.0,2026-08-18
A403850,2023,39.9,2026-08-18
A403850,2024,188.1,2026-08-18
A403850,2025,193.6,2026-08-18
A123890,2022,1468.7,2026-08-18
A123890,2023,1167.1,2026-08-18
A123890,2024,517.6,2026-08-18
A123890,2025,342.3,2026-08-18
A208140,2022,184.4,2026-08-18
A208140,2023,357.5,2026-08-18
A208140,2024,147.0,2026-08-18
A208140,2025,67.5,2026-08-18
A333430,2022,32.3,2026-08-18
A333430,2023,52.9,2026-08-18
A333430,2024,69.1,2026-08-18
A333430,2025,108.6,2026-08-18
A318000,2022,41.1,2026-08-18
A318000,2023,43.1,2026-08-18
A318000,2024,31.6,2026-08-18
A318000,2025,23.3,2026-08-18
A003230,2022,903.8,2026-08-18
A003230,2023,1475.1,2026-08-18
A003230,2024,3445.7,2026-08-18
A003230,2025,5241.9,2026-08-18
A003230,2026,7338.1,2026-08-18
A003230,2027,8853.8,2026-08-18
A003230,2028,10344.9,2026-08-18
A121440,2022,944.5,2026-08-18
A121440,2023,536.7,2026-08-18
A121440,2024,394.5,2026-08-18
A121440,2025,280.3,2026-08-18
A012790,2022,136.6,2026-08-18
A012790,2023,139.9,2026-08-18
A012790,2024,152.2,2026-08-18
A012790,2025,73.9,2026-08-18
A376300,2022,162.9,2026-08-18
A376300,2023,286.3,2026-08-18
A376300,2024,254.1,2026-08-18
A376300,2025,313.9,2026-08-18
A376300,2026,389.6,2026-08-18
A376300,2027,451.7,2026-08-18
A376300,2028,525.2,2026-08-18
A112290,2022,53.1,2026-08-18
A112290,2023,-78.3,2026-08-18
A112290,2024,-81.6,2026-08-18
A112290,2025,-17.7,2026-08-18
A112290,2026,95.0,2026-08-18
A112290,2027,214.0,2026-08-18
A263860,2022,69.2,2026-08-18
A263860,2023,64.7,2026-08-18
A263860,2024,98.4,2026-08-18
A263860,2025,70.1,2026-08-18
A263860,2026,116.0,2026-08-18
A263860,2027,131.0,2026-08-18
A263860,2028,149.0,2026-08-18
A066700,2022,118.2,2026-08-18
A066700,2023,111.8,2026-08-18
A066700,2024,125.0,2026-08-18
A066700,2025,102.1,2026-08-18
A122870,2022,466.4,2026-08-18
A122870,2023,869.3,2026-08-18
A122870,2024,-205.6,2026-08-18
A122870,2025,713.4,2026-08-18
A122870,2026,771.5,2026-08-18
A122870,2027,707.1,2026-08-18
A122870,2028,830.5,2026-08-18
A014680,2022,1859.9,2026-08-18
A014680,2023,1241.4,2026-08-18
A014680,2024,1288.3,2026-08-18
A014680,2025,1562.3,2026-08-18
A014680,2026,1880.4,2026-08-18
A014680,2027,2382.7,2026-08-18
A014680,2028,3075.0,2026-08-18
A038500,2022,711.0,2026-08-18
A038500,2023,847.0,2026-08-18
A038500,2024,1039.3,2026-08-18
A038500,2025,765.8,2026-08-18
A080530,2022,-52.0,2026-08-18
A080530,2023,-7.7,2026-08-18
A080530,2024,15.4,2026-08-18
A080530,2025,37.5,2026-08-18
A198440,2022,-126.3,2026-08-18
A198440,2023,-172.1,2026-08-18
A198440,2024,55.5,2026-08-18
A198440,2025,74.0,2026-08-18
A089030,2022,576.7,2026-08-18
A089030,2023,31.6,2026-08-18
A089030,2024,234.1,2026-08-18
A089030,2025,158.4,2026-08-18
A089030,2026,985.0,2026-08-18
A089030,2027,1729.0,2026-08-18
A064290,2022,193.6,2026-08-18
A064290,2023,-110.9,2026-08-18
A064290,2024,-155.9,2026-08-18
A064290,2025,-37.3,2026-08-18
A064290,2026,65.0,2026-08-18
A064290,2027,392.8,2026-08-18
A064290,2028,559.0,2026-08-18
A005290,2022,2163.1,2026-08-18
A005290,2023,1761.7,2026-08-18
A005290,2024,1754.1,2026-08-18
A005290,2025,1724.5,2026-08-18
A032580,2022,62.8,2026-08-18
A032580,2023,7.1,2026-08-18
A032580,2024,-45.3,2026-08-18
A032580,2025,-20.7,2026-08-18
A203650,2022,252.5,2026-08-18
A203650,2023,332.8,2026-08-18
A203650,2024,256.5,2026-08-18
A203650,2025,224.9,2026-08-18
A051600,2022,1305.5,2026-08-18
A051600,2023,1993.8,2026-08-18
A051600,2024,2095.0,2026-08-18
A051600,2025,1401.0,2026-08-18
A051600,2026,1780.4,2026-08-18
A051600,2027,1947.8,2026-08-18
A051600,2028,2017.1,2026-08-18
A267850,2022,102.4,2026-08-18
A267850,2023,91.1,2026-08-18
A267850,2024,92.3,2026-08-18
A267850,2025,121.3,2026-08-18
A004360,2022,451.5,2026-08-18
A004360,2023,286.6,2026-08-18
A004360,2024,245.0,2026-08-18
A004360,2025,273.0,2026-08-18
A128820,2022,483.0,2026-08-18
A128820,2023,294.5,2026-08-18
A128820,2024,217.8,2026-08-18
A128820,2025,108.3,2026-08-18
A012450,2022,4003.5,2026-08-18
A012450,2023,5943.1,2026-08-18
A012450,2024,17318.8,2026-08-18
A012450,2025,30893.2,2026-08-18
A012450,2026,46272.8,2026-08-18
A012450,2027,57051.4,2026-08-18
A012450,2028,63136.4,2026-08-18
A002170,2022,164.5,2026-08-18
A002170,2023,176.8,2026-08-18
A002170,2024,199.9,2026-08-18
A002170,2025,184.4,2026-08-18
A001720,2023,1156.3,2026-08-18
A001720,2024,1703.8,2026-08-18
A001720,2025,1361.5,2026-08-18
A001720,2026,1958.4,2026-08-18
A065680,2022,205.5,2026-08-18
A065680,2023,80.1,2026-08-18
A065680,2024,201.3,2026-08-18
A065680,2025,218.1,2026-08-18
A012330,2022,20265.3,2026-08-18
A012330,2023,22952.8,2026-08-18
A012330,2024,30734.6,2026-08-18
A012330,2025,33574.6,2026-08-18
A012330,2026,37830.2,2026-08-18
A012330,2027,42606.3,2026-08-18
A012330,2028,46132.5,2026-08-18
A147830,2022,96.1,2026-08-18
A147830,2023,55.6,2026-08-18
A147830,2024,40.9,2026-08-18
A147830,2025,105.7,2026-08-18
A013990,2022,145.3,2026-08-18
A013990,2023,165.8,2026-08-18
A013990,2024,152.1,2026-08-18
A013990,2025,139.9,2026-08-18
A033780,2022,12676.5,2026-08-18
A033780,2023,11673.4,2026-08-18
A033780,2024,11888.1,2026-08-18
A033780,2025,13436.7,2026-08-18
A033780,2026,15328.5,2026-08-18
A033780,2027,16544.1,2026-08-18
A033780,2028,17495.8,2026-08-18
A222420,2022,11.3,2026-08-18
A222420,2023,-10.6,2026-08-18
A222420,2024,9.5,2026-08-18
A222420,2025,31.7,2026-08-18
A185750,2022,1099.1,2026-08-18
A185750,2023,2466.0,2026-08-18
A185750,2024,994.6,2026-08-18
A185750,2025,805.7,2026-08-18
A185750,2026,771.4,2026-08-18
A185750,2027,861.0,2026-08-18
A185750,2028,969.7,2026-08-18
A007280,2022,306.4,2026-08-18
A007280,2023,473.2,2026-08-18
A007280,2024,106.1,2026-08-18
A007280,2025,117.4,2026-08-18
A014970,2022,-11.7,2026-08-18
A014970,2023,11.8,2026-08-18
A014970,2024,57.9,2026-08-18
A014970,2025,65.2,2026-08-18
A900270,2022,43.3,2026-08-18
A900270,2023,6.4,2026-08-18
A900270,2024,73.5,2026-08-18
A900270,2025,-2.1,2026-08-18
A083650,2022,81.1,2026-08-18
A083650,2023,150.9,2026-08-18
A083650,2024,219.3,2026-08-18
A083650,2025,755.0,2026-08-18
A083650,2026,1230.8,2026-08-18
A083650,2027,1590.0,2026-08-18
A083650,2028,1928.3,2026-08-18
A038290,2022,52.9,2026-08-18
A038290,2023,-4.2,2026-08-18
A038290,2024,-64.6,2026-08-18
A038290,2025,1.8,2026-08-18
A014620,2022,267.6,2026-08-18
A014620,2023,448.3,2026-08-18
A014620,2024,419.9,2026-08-18
A014620,2025,419.6,2026-08-18
A014620,2026,462.0,2026-08-18
A014620,2027,645.5,2026-08-18
A014620,2028,725.2,2026-08-18
A001340,2022,282.7,2026-08-18
A001340,2023,177.4,2026-08-18
A001340,2024,97.5,2026-08-18
A001340,2025,121.5,2026-08-18
A001340,2026,186.0,2026-08-18
A001340,2027,208.0,2026-08-18
A001340,2028,237.0,2026-08-18
A042660,2022,-16135.6,2026-08-18
A042660,2023,-1965.0,2026-08-18
A042660,2024,2378.8,2026-08-18
A042660,2025,11675.9,2026-08-18
A042660,2026,22530.0,2026-08-18
A042660,2027,25170.9,2026-08-18
A042660,2028,28602.0,2026-08-18
A403550,2022,95.2,2026-08-18
A403550,2023,-96.9,2026-08-18
A403550,2024,-98.0,2026-08-18
A403550,2025,232.5,2026-08-18
A403550,2026,297.0,2026-08-18
A403550,2027,367.5,2026-08-18
A403550,2028,405.0,2026-08-18
A415380,2022,24.0,2026-08-18
A415380,2023,27.8,2026-08-18
A415380,2024,39.9,2026-08-18
A415380,2025,28.3,2026-08-18
A042510,2022,42.9,2026-08-18
A042510,2023,-16.5,2026-08-18
A042510,2024,19.7,2026-08-18
A042510,2025,27.8,2026-08-18
A042510,2026,63.0,2026-08-18
A042510,2027,82.0,2026-08-18
A042510,2028,107.0,2026-08-18
A032280,2022,18.0,2026-08-18
A032280,2023,17.2,2026-08-18
A032280,2024,24.7,2026-08-18
A032280,2025,21.3,2026-08-18
A063440,2022,35.1,2026-08-18
A063440,2023,26.9,2026-08-18
A063440,2024,35.3,2026-08-18
A063440,2025,45.8,2026-08-18
A094480,2022,86.0,2026-08-18
A094480,2023,92.4,2026-08-18
A094480,2024,132.2,2026-08-18
A094480,2025,183.9,2026-08-18
A329180,2022,-2891.5,2026-08-18
A329180,2023,1786.4,2026-08-18
A329180,2024,7052.2,2026-08-18
A329180,2025,20375.1,2026-08-18
A329180,2026,40364.1,2026-08-18
A329180,2027,46794.6,2026-08-18
A329180,2028,53669.8,2026-08-18
A005250,2022,719.6,2026-08-18
A005250,2023,-164.4,2026-08-18
A005250,2024,-107.2,2026-08-18
A005250,2025,362.3,2026-08-18
A082740,2022,-295.3,2026-08-18
A082740,2023,87.3,2026-08-18
A082740,2024,715.3,2026-08-18
A082740,2025,1300.7,2026-08-18
A082740,2026,2278.7,2026-08-18
A082740,2027,3609.3,2026-08-18
A082740,2028,4604.7,2026-08-18
A000390,2022,198.5,2026-08-18
A000390,2023,258.3,2026-08-18
A000390,2024,189.8,2026-08-18
A000390,2025,95.5,2026-08-18
A016600,2022,-41.5,2026-08-18
A016600,2023,104.7,2026-08-18
A016600,2024,28.2,2026-08-18
A016600,2025,37.9,2026-08-18
A125210,2022,88.4,2026-08-18
A125210,2023,122.9,2026-08-18
A125210,2024,44.7,2026-08-18
A125210,2025,93.8,2026-08-18
A102940,2022,26.4,2026-08-18
A102940,2023,-241.0,2026-08-18
A102940,2024,-220.8,2026-08-18
A102940,2025,175.7,2026-08-18
A000720,2022,5749.0,2026-08-18
A000720,2023,7854.3,2026-08-18
A000720,2024,-12634.2,2026-08-18
A000720,2025,6530.1,2026-08-18
A000720,2026,8670.4,2026-08-18
A000720,2027,11296.0,2026-08-18
A000720,2028,13906.8,2026-08-18
A249420,2022,-734.8,2026-08-18
A249420,2023,-539.4,2026-08-18
A249420,2024,131.2,2026-08-18
A249420,2025,194.8,2026-08-18
A249420,2026,358.0,2026-08-18
A249420,2027,429.0,2026-08-18
A249420,2028,513.5,2026-08-18
A234100,2022,86.4,2026-08-18
A234100,2023,73.6,2026-08-18
A234100,2024,11.5,2026-08-18
A234100,2025,33.5,2026-08-18
A049070,2022,1417.6,2026-08-18
A049070,2023,183.1,2026-08-18
A049070,2024,37.8,2026-08-18
A049070,2025,-113.0,2026-08-18
A049070,2026,185.5,2026-08-18
A049070,2027,289.5,2026-08-18
A049070,2028,273.0,2026-08-18
A032850,2022,61.5,2026-08-18
A032850,2023,62.2,2026-08-18
A032850,2024,66.7,2026-08-18
A032850,2025,58.6,2026-08-18
A226590,2022,-24.0,2026-08-18
A226590,2023,-47.4,2026-08-18
A226590,2024,47.9,2026-08-18
A226590,2025,115.4,2026-08-18
A067290,2022,42.9,2026-08-18
A067290,2023,56.3,2026-08-18
A067290,2024,99.5,2026-08-18
A067290,2025,74.6,2026-08-18
A251370,2022,33.4,2026-08-18
A251370,2023,-31.7,2026-08-18
A251370,2024,35.9,2026-08-18
A251370,2025,129.2,2026-08-18
A064400,2022,3853.9,2026-08-18
A064400,2023,4640.5,2026-08-18
A064400,2024,5128.6,2026-08-18
A064400,2025,5518.3,2026-08-18
A064400,2026,5809.0,2026-08-18
A064400,2027,6627.8,2026-08-18
A064400,2028,7359.8,2026-08-18
A226320,2022,48.1,2026-08-18
A226320,2023,112.1,2026-08-18
A226320,2024,178.8,2026-08-18
A226320,2025,192.1,2026-08-18
A145020,2022,1013.8,2026-08-18
A145020,2023,1177.8,2026-08-18
A145020,2024,1662.3,2026-08-18
A145020,2025,2008.5,2026-08-18
A145020,2026,2193.1,2026-08-18
A145020,2027,2848.2,2026-08-18
A145020,2028,3632.4,2026-08-18
A017480,2022,191.3,2026-08-18
A017480,2023,97.3,2026-08-18
A017480,2024,35.6,2026-08-18
A017480,2025,51.0,2026-08-18
A032500,2022,-449.9,2026-08-18
A032500,2023,-628.6,2026-08-18
A032500,2024,-454.8,2026-08-18
A032500,2025,-237.7,2026-08-18
A032500,2026,-88.0,2026-08-18
A032500,2027,634.5,2026-08-18
A032500,2028,1897.0,2026-08-18
A107640,2022,-139.2,2026-08-18
A107640,2023,-126.7,2026-08-18
A107640,2024,95.7,2026-08-18
A107640,2025,40.3,2026-08-18
A107640,2026,143.0,2026-08-18
A107640,2027,287.0,2026-08-18
A107640,2028,426.0,2026-08-18
A493330,2022,33.7,2026-08-18
A493330,2023,29.3,2026-08-18
A493330,2024,54.9,2026-08-18
A493330,2025,67.5,2026-08-18
A263920,2022,17.7,2026-08-18
A263920,2023,48.4,2026-08-18
A263920,2024,49.5,2026-08-18
A263920,2025,24.8,2026-08-18
A279570,2022,919.0,2026-08-18
A279570,2023,164.6,2026-08-18
A279570,2024,1329.7,2026-08-18
A279570,2025,1170.8,2026-08-18
A279570,2026,1164.0,2026-08-18
A279570,2027,1986.0,2026-08-18
A279570,2028,2838.0,2026-08-18
A097870,2022,42.5,2026-08-18
A097870,2023,7.2,2026-08-18
A097870,2024,42.6,2026-08-18
A097870,2025,34.7,2026-08-18
A000910,2022,29.0,2026-08-18
A000910,2023,-19.9,2026-08-18
A000910,2024,-114.6,2026-08-18
A000910,2025,55.0,2026-08-18
A214330,2022,92.9,2026-08-18
A214330,2023,107.7,2026-08-18
A214330,2024,118.9,2026-08-18
A214330,2025,62.5,2026-08-18
A012750,2022,2041.4,2026-08-18
A012750,2023,2126.1,2026-08-18
A012750,2024,2092.5,2026-08-18
A012750,2025,2345.7,2026-08-18
A012750,2026,2060.8,2026-08-18
A012750,2027,2536.8,2026-08-18
A012750,2028,2694.0,2026-08-18
A208710,2022,5.4,2026-08-18
A208710,2023,-32.6,2026-08-18
A208710,2024,-34.2,2026-08-18
A208710,2025,-0.5,2026-08-18
A377450,2022,179.4,2026-08-18
A377450,2023,225.5,2026-08-18
A377450,2024,205.1,2026-08-18
A377450,2025,189.4,2026-08-18
A040610,2022,18.7,2026-08-18
A040610,2023,29.5,2026-08-18
A040610,2024,64.1,2026-08-18
A040610,2025,36.7,2026-08-18
A001270,2022,604.5,2026-08-18
A001270,2023,691.1,2026-08-18
A001270,2024,366.7,2026-08-18
A001270,2025,567.8,2026-08-18
A002240,2022,1335.0,2026-08-18
A002240,2023,563.2,2026-08-18
A002240,2024,261.1,2026-08-18
A002240,2025,407.2,2026-08-18
A009470,2022,136.5,2026-08-18
A009470,2023,78.3,2026-08-18
A009470,2024,247.9,2026-08-18
A009470,2025,120.4,2026-08-18
A009680,2022,137.8,2026-08-18
A009680,2023,151.5,2026-08-18
A009680,2024,237.8,2026-08-18
A009680,2025,185.4,2026-08-18
A002700,2022,28.3,2026-08-18
A002700,2023,20.1,2026-08-18
A002700,2024,40.3,2026-08-18
A002700,2025,52.4,2026-08-18
A001740,2022,1775.5,2026-08-18
A001740,2023,805.4,2026-08-18
A001740,2024,1139.2,2026-08-18
A001740,2025,862.9,2026-08-18
A001740,2026,1197.2,2026-08-18
A001740,2027,1360.5,2026-08-18
A001740,2028,1508.0,2026-08-18
A079940,2022,412.1,2026-08-18
A079940,2023,426.0,2026-08-18
A079940,2024,351.1,2026-08-18
A079940,2025,404.9,2026-08-18
A290740,2022,-57.7,2026-08-18
A290740,2023,46.9,2026-08-18
A290740,2024,24.2,2026-08-18
A290740,2025,65.8,2026-08-18
A450950,2022,17.8,2026-08-18
A450950,2023,15.6,2026-08-18
A450950,2024,66.6,2026-08-18
A450950,2025,103.9,2026-08-18
A450950,2026,44.5,2026-08-18
A450950,2027,193.0,2026-08-18
A450950,2028,268.5,2026-08-18
A064350,2022,1474.9,2026-08-18
A064350,2023,2100.5,2026-08-18
A064350,2024,4565.7,2026-08-18
A064350,2025,10056.4,2026-08-18
A064350,2026,10807.9,2026-08-18
A064350,2027,13475.1,2026-08-18
A064350,2028,16810.8,2026-08-18
A253590,2022,83.6,2026-08-18
A253590,2023,80.9,2026-08-18
A253590,2024,164.7,2026-08-18
A253590,2025,40.6,2026-08-18
A253590,2026,275.0,2026-08-18
A253590,2027,405.0,2026-08-18
A253590,2028,536.0,2026-08-18
A092730,2022,214.4,2026-08-18
A092730,2023,253.1,2026-08-18
A092730,2024,246.5,2026-08-18
A092730,2025,287.7,2026-08-18
A474610,2022,7.6,2026-08-18
A474610,2023,17.9,2026-08-18
A474610,2024,16.9,2026-08-18
A474610,2025,40.6,2026-08-18
A474610,2026,54.7,2026-08-18
A474610,2027,96.4,2026-08-18
A253450,2022,652.2,2026-08-18
A253450,2023,558.7,2026-08-18
A253450,2024,363.9,2026-08-18
A253450,2025,303.6,2026-08-18
A253450,2026,476.0,2026-08-18
A253450,2027,591.5,2026-08-18
A253450,2028,686.1,2026-08-18
A458870,2022,-79.9,2026-08-18
A458870,2023,-98.0,2026-08-18
A458870,2024,-86.8,2026-08-18
A458870,2025,163.3,2026-08-18
A458870,2026,582.2,2026-08-18
A458870,2027,768.1,2026-08-18
A458870,2028,1002.2,2026-08-18
A323410,2022,3531.9,2026-08-18
A323410,2023,4784.8,2026-08-18
A323410,2024,6068.8,2026-08-18
A323410,2025,6493.7,2026-08-18
A323410,2026,7389.8,2026-08-18
A323410,2027,8803.6,2026-08-18
A323410,2028,9725.5,2026-08-18
A425040,2022,532.7,2026-08-18
A425040,2023,211.2,2026-08-18
A425040,2024,197.0,2026-08-18
A425040,2025,248.4,2026-08-18
A026890,2022,103.4,2026-08-18
A026890,2023,331.0,2026-08-18
A026890,2024,134.2,2026-08-18
A026890,2025,171.8,2026-08-18
A067010,2023,42.3,2026-08-18
A067010,2024,14.8,2026-08-18
A067010,2025,-26.9,2026-08-18
A067010,2026,3.0,2026-08-18
A002960,2022,350.7,2026-08-18
A002960,2023,423.0,2026-08-18
A002960,2024,459.6,2026-08-18
A002960,2025,527.8,2026-08-18
A127710,2022,-11.4,2026-08-18
A127710,2023,-284.9,2026-08-18
A127710,2024,-351.7,2026-08-18
A127710,2025,54.8,2026-08-18
A302430,2022,37.7,2026-08-18
A302430,2023,82.1,2026-08-18
A302430,2024,-72.3,2026-08-18
A302430,2025,-57.0,2026-08-18
A302430,2026,28.0,2026-08-18
A302430,2027,45.0,2026-08-18
A004830,2022,52.5,2026-08-18
A004830,2023,50.9,2026-08-18
A004830,2024,89.1,2026-08-18
A004830,2025,62.4,2026-08-18
A208350,2022,21.3,2026-08-18
A208350,2023,18.4,2026-08-18
A208350,2024,13.8,2026-08-18
A208350,2025,24.8,2026-08-18
A092460,2022,88.2,2026-08-18
A092460,2023,53.7,2026-08-18
A092460,2024,159.6,2026-08-18
A092460,2025,222.7,2026-08-18
A232140,2022,364.1,2026-08-18
A232140,2023,85.7,2026-08-18
A232140,2024,106.0,2026-08-18
A232140,2025,169.9,2026-08-18
A232140,2026,543.5,2026-08-18
A232140,2027,726.8,2026-08-18
A232140,2028,915.0,2026-08-18
A002720,2022,52.7,2026-08-18
A002720,2023,-19.9,2026-08-18
A002720,2024,67.0,2026-08-18
A002720,2025,61.8,2026-08-18
A050890,2022,285.9,2026-08-18
A050890,2023,362.7,2026-08-18
A050890,2024,351.4,2026-08-18
A050890,2025,332.8,2026-08-18
A050890,2026,407.5,2026-08-18
A050890,2027,516.0,2026-08-18
A050890,2028,712.5,2026-08-18
A028100,2022,-305.7,2026-08-18
A028100,2023,76.9,2026-08-18
A028100,2024,96.1,2026-08-18
A028100,2025,180.7,2026-08-18
A037950,2022,47.7,2026-08-18
A037950,2023,21.3,2026-08-18
A037950,2024,35.6,2026-08-18
A037950,2025,22.2,2026-08-18
A104620,2022,-209.1,2026-08-18
A104620,2023,66.2,2026-08-18
A104620,2024,-65.5,2026-08-18
A104620,2025,22.4,2026-08-18
A006910,2022,-44.9,2026-08-18
A006910,2023,33.5,2026-08-18
A006910,2024,48.2,2026-08-18
A006910,2025,268.1,2026-08-18
A0010V0,2022,81.1,2026-08-18
A0010V0,2023,61.4,2026-08-18
A0010V0,2024,39.4,2026-08-18
A0010V0,2025,48.6,2026-08-18
A0010V0,2026,50.0,2026-08-18
A088290,2022,17.0,2026-08-18
A088290,2023,8.8,2026-08-18
A088290,2024,24.7,2026-08-18
A088290,2025,15.7,2026-08-18
A364950,2022,60.5,2026-08-18
A364950,2023,44.6,2026-08-18
A364950,2024,88.1,2026-08-18
A364950,2025,28.2,2026-08-18
A119850,2022,60.9,2026-08-18
A119850,2023,110.2,2026-08-18
A119850,2024,317.0,2026-08-18
A119850,2025,493.7,2026-08-18
A119850,2026,414.5,2026-08-18
A119850,2027,732.0,2026-08-18
A119850,2028,1066.0,2026-08-18
A474170,2022,-24.2,2026-08-18
A474170,2023,-30.2,2026-08-18
A474170,2024,-12.0,2026-08-18
A474170,2025,-5.9,2026-08-18
A474170,2026,19.0,2026-08-18
A474170,2027,103.0,2026-08-18
A474170,2028,167.0,2026-08-18
A032940,2022,74.1,2026-08-18
A032940,2023,124.9,2026-08-18
A032940,2024,93.2,2026-08-18
A032940,2025,89.2,2026-08-18
A103230,2022,25.0,2026-08-18
A103230,2023,32.3,2026-08-18
A103230,2024,34.6,2026-08-18
A103230,2025,9.0,2026-08-18
A000970,2022,139.9,2026-08-18
A000970,2023,203.8,2026-08-18
A000970,2024,154.5,2026-08-18
A000970,2025,133.0,2026-08-18
A005950,2022,-170.7,2026-08-18
A005950,2023,-560.2,2026-08-18
A005950,2024,-514.5,2026-08-18
A005950,2025,68.8,2026-08-18
A071200,2022,76.9,2026-08-18
A071200,2023,39.4,2026-08-18
A071200,2024,77.2,2026-08-18
A071200,2025,142.2,2026-08-18
A000850,2022,81.8,2026-08-18
A000850,2023,45.6,2026-08-18
A000850,2024,-7.4,2026-08-18
A000850,2025,42.2,2026-08-18
A013890,2022,655.6,2026-08-18
A013890,2023,183.4,2026-08-18
A013890,2024,-54.5,2026-08-18
A013890,2025,254.8,2026-08-18
A013890,2026,-670.0,2026-08-18
A013890,2027,140.0,2026-08-18
A013890,2028,150.0,2026-08-18
A041830,2022,407.0,2026-08-18
A041830,2023,383.5,2026-08-18
A041830,2024,367.4,2026-08-18
A041830,2025,367.5,2026-08-18
A041830,2026,572.5,2026-08-18
A041830,2027,707.0,2026-08-18
A041830,2028,846.8,2026-08-18
A072020,2022,42.8,2026-08-18
A072020,2023,69.9,2026-08-18
A072020,2024,57.6,2026-08-18
A072020,2025,64.8,2026-08-18
A103590,2022,314.9,2026-08-18
A103590,2023,607.6,2026-08-18
A103590,2024,797.4,2026-08-18
A103590,2025,1512.3,2026-08-18
A103590,2026,2415.5,2026-08-18
A103590,2027,2732.2,2026-08-18
A103590,2028,3109.3,2026-08-18
A053620,2022,74.3,2026-08-18
A053620,2023,65.4,2026-08-18
A053620,2024,21.7,2026-08-18
A053620,2025,23.9,2026-08-18
A095500,2022,97.0,2026-08-18
A095500,2023,137.0,2026-08-18
A095500,2024,248.6,2026-08-18
A095500,2025,209.3,2026-08-18
A004720,2022,74.7,2026-08-18
A004720,2023,91.3,2026-08-18
A004720,2024,106.4,2026-08-18
A004720,2025,59.9,2026-08-18
A145210,2022,-72.3,2026-08-18
A145210,2023,-80.4,2026-08-18
A145210,2024,-25.5,2026-08-18
A145210,2025,-5.7,2026-08-18
A002310,2022,1094.5,2026-08-18
A002310,2023,875.8,2026-08-18
A002310,2024,265.7,2026-08-18
A002310,2025,272.2,2026-08-18
A017800,2022,430.2,2026-08-18
A017800,2023,826.2,2026-08-18
A017800,2024,2257.4,2026-08-18
A017800,2025,2092.2,2026-08-18
A017800,2026,2140.0,2026-08-18
A017800,2027,2190.0,2026-08-18
A017800,2028,2300.0,2026-08-18
A158430,2022,80.5,2026-08-18
A158430,2023,114.1,2026-08-18
A158430,2024,144.4,2026-08-18
A158430,2025,103.6,2026-08-18
A084670,2022,-112.2,2026-08-18
A084670,2023,-2.9,2026-08-18
A084670,2024,-15.3,2026-08-18
A084670,2025,51.0,2026-08-18
A332570,2022,43.3,2026-08-18
A332570,2023,64.2,2026-08-18
A332570,2024,107.7,2026-08-18
A332570,2025,39.1,2026-08-18
A332570,2026,308.0,2026-08-18
A332570,2027,404.0,2026-08-18
A332570,2028,498.0,2026-08-18
A025860,2022,625.9,2026-08-18
A025860,2023,110.5,2026-08-18
A025860,2024,362.6,2026-08-18
A025860,2025,431.3,2026-08-18
A089970,2022,309.3,2026-08-18
A089970,2023,-109.6,2026-08-18
A089970,2024,-86.0,2026-08-18
A089970,2025,246.7,2026-08-18
A089970,2026,950.0,2026-08-18
A089970,2027,1393.5,2026-08-18
A089970,2028,1629.0,2026-08-18
A098120,2022,78.9,2026-08-18
A098120,2023,74.3,2026-08-18
A098120,2024,102.0,2026-08-18
A098120,2025,177.4,2026-08-18
A021040,2022,9.0,2026-08-18
A021040,2023,16.6,2026-08-18
A021040,2024,26.7,2026-08-18
A021040,2025,23.7,2026-08-18
A024940,2022,13.2,2026-08-18
A024940,2023,20.9,2026-08-18
A024940,2024,9.2,2026-08-18
A024940,2025,15.7,2026-08-18
A327260,2022,27.3,2026-08-18
A327260,2023,-0.3,2026-08-18
A327260,2024,-14.5,2026-08-18
A327260,2025,73.7,2026-08-18
A327260,2026,180.7,2026-08-18
A327260,2027,261.0,2026-08-18
A327260,2028,377.3,2026-08-18
A015590,2022,129.4,2026-08-18
A015590,2023,128.8,2026-08-18
A015590,2024,94.7,2026-08-18
A015590,2025,100.3,2026-08-18
A131290,2022,566.3,2026-08-18
A131290,2023,-23.8,2026-08-18
A131290,2024,399.0,2026-08-18
A131290,2025,491.7,2026-08-18
A131290,2026,1668.0,2026-08-18
A131290,2027,2191.0,2026-08-18
A131290,2028,2653.7,2026-08-18
A019010,2022,112.9,2026-08-18
A019010,2023,92.2,2026-08-18
A019010,2024,184.3,2026-08-18
A019010,2025,150.5,2026-08-18
A032620,2022,75.5,2026-08-18
A032620,2023,35.1,2026-08-18
A032620,2024,51.6,2026-08-18
A032620,2025,75.2,2026-08-18
A311320,2022,72.9,2026-08-18
A311320,2023,7.6,2026-08-18
A311320,2024,53.1,2026-08-18
A311320,2025,44.3,2026-08-18
A214450,2022,659.2,2026-08-18
A214450,2023,922.6,2026-08-18
A214450,2024,1260.5,2026-08-18
A214450,2025,2144.0,2026-08-18
A214450,2026,2706.6,2026-08-18
A214450,2027,3364.9,2026-08-18
A214450,2028,4032.5,2026-08-18
A451250,2022,79.9,2026-08-18
A451250,2023,41.7,2026-08-18
A451250,2024,55.4,2026-08-18
A451250,2025,44.7,2026-08-18
A010130,2022,9191.7,2026-08-18
A010130,2023,6599.4,2026-08-18
A010130,2024,7234.7,2026-08-18
A010130,2025,12319.3,2026-08-18
A010130,2026,22469.5,2026-08-18
A010130,2027,19549.7,2026-08-18
A010130,2028,20494.4,2026-08-18
A251120,2022,48.8,2026-08-18
A251120,2023,50.3,2026-08-18
A251120,2024,48.5,2026-08-18
A251120,2025,62.5,2026-08-18
A040910,2022,-50.5,2026-08-18
A040910,2023,-393.1,2026-08-18
A040910,2024,-266.8,2026-08-18
A040910,2025,44.5,2026-08-18
A106190,2022,49.3,2026-08-18
A106190,2023,100.9,2026-08-18
A106190,2024,155.6,2026-08-18
A106190,2025,128.6,2026-08-18
A085620,2022,1623.9,2026-08-18
A085620,2023,1487.3,2026-08-18
A085620,2024,1221.3,2026-08-18
A085620,2025,1945.1,2026-08-18
A085620,2026,1931.0,2026-08-18
A085620,2027,1965.0,2026-08-18
A452300,2022,71.0,2026-08-18
A452300,2023,-24.3,2026-08-18
A452300,2024,22.0,2026-08-18
A452300,2025,23.4,2026-08-18
A483650,2023,324.5,2026-08-18
A483650,2024,598.4,2026-08-18
A483650,2025,1014.7,2026-08-18
A483650,2026,1628.2,2026-08-18
A483650,2027,2207.5,2026-08-18
A483650,2028,2796.0,2026-08-18
A042110,2022,113.3,2026-08-18
A042110,2023,57.5,2026-08-18
A042110,2024,93.4,2026-08-18
A042110,2025,63.1,2026-08-18
A089980,2022,129.1,2026-08-18
A089980,2023,89.6,2026-08-18
A089980,2024,58.5,2026-08-18
A089980,2025,67.1,2026-08-18
A089980,2026,110.0,2026-08-18
A089980,2027,177.0,2026-08-18
A089980,2028,246.0,2026-08-18
A100790,2022,591.9,2026-08-18
A100790,2023,319.3,2026-08-18
A100790,2024,157.0,2026-08-18
A100790,2025,351.2,2026-08-18
A398120,2022,17.6,2026-08-18
A398120,2023,22.5,2026-08-18
A398120,2024,-6.7,2026-08-18
A398120,2025,14.7,2026-08-18
A024740,2022,145.8,2026-08-18
A024740,2023,151.7,2026-08-18
A024740,2024,82.9,2026-08-18
A024740,2025,35.2,2026-08-18
A082920,2022,288.3,2026-08-18
A082920,2023,376.9,2026-08-18
A082920,2024,519.1,2026-08-18
A082920,2025,692.7,2026-08-18
A082920,2026,939.5,2026-08-18
A082920,2027,1104.5,2026-08-18
A082920,2028,1315.5,2026-08-18
A256150,2022,50.7,2026-08-18
A256150,2023,52.1,2026-08-18
A256150,2024,35.0,2026-08-18
A256150,2025,28.2,2026-08-18
A028260,2022,25285.2,2026-08-18
A028260,2023,28701.7,2026-08-18
A028260,2024,29834.0,2026-08-18
A028260,2025,32927.5,2026-08-18
A028260,2026,37964.4,2026-08-18
A028260,2027,43740.4,2026-08-18
A028260,2028,47339.7,2026-08-18
A109080,2022,77.4,2026-08-18
A109080,2023,8.3,2026-08-18
A109080,2024,27.1,2026-08-18
A109080,2025,45.1,2026-08-18
A034950,2022,299.3,2026-08-18
A034950,2023,258.4,2026-08-18
A034950,2024,326.8,2026-08-18
A034950,2025,343.4,2026-08-18
A052460,2022,2.5,2026-08-18
A052460,2023,51.5,2026-08-18
A052460,2024,16.0,2026-08-18
A052460,2025,80.1,2026-08-18
A119500,2022,20.2,2026-08-18
A119500,2023,21.4,2026-08-18
A119500,2024,14.9,2026-08-18
A119500,2025,23.6,2026-08-18
A013000,2022,15.6,2026-08-18
A013000,2023,23.7,2026-08-18
A013000,2024,24.5,2026-08-18
A013000,2025,24.3,2026-08-18
A303360,2022,10.6,2026-08-18
A303360,2023,1.6,2026-08-18
A303360,2024,15.0,2026-08-18
A303360,2025,37.2,2026-08-18
A303360,2026,60.0,2026-08-18
A008870,2022,-0.1,2026-08-18
A008870,2023,58.9,2026-08-18
A008870,2024,123.6,2026-08-18
A008870,2025,33.7,2026-08-18
A353200,2022,2325.2,2026-08-18
A353200,2023,237.3,2026-08-18
A353200,2024,112.6,2026-08-18
A353200,2025,490.6,2026-08-18
A353200,2026,2759.0,2026-08-18
A353200,2027,4080.7,2026-08-18
A353200,2028,5068.4,2026-08-18
A133750,2022,20.0,2026-08-18
A133750,2023,-39.4,2026-08-18
A133750,2024,22.4,2026-08-18
A133750,2025,18.1,2026-08-18
A054410,2022,13.9,2026-08-18
A054410,2023,8.5,2026-08-18
A054410,2024,7.6,2026-08-18
A054410,2025,13.9,2026-08-18
A035420,2022,13046.6,2026-08-18
A035420,2023,14888.2,2026-08-18
A035420,2024,19792.6,2026-08-18
A035420,2025,22081.4,2026-08-18
A035420,2026,22171.3,2026-08-18
A035420,2027,25835.1,2026-08-18
A035420,2028,30038.4,2026-08-18
A120030,2022,94.4,2026-08-18
A120030,2023,105.8,2026-08-18
A120030,2024,86.8,2026-08-18
A120030,2025,77.9,2026-08-18
A035250,2022,2175.7,2026-08-18
A035250,2023,2822.6,2026-08-18
A035250,2024,2857.9,2026-08-18
A035250,2025,2353.1,2026-08-18
A035250,2026,2237.8,2026-08-18
A035250,2027,2217.5,2026-08-18
A035250,2028,2567.4,2026-08-18
A060260,2022,7.1,2026-08-18
A060260,2023,-1.2,2026-08-18
A060260,2024,26.4,2026-08-18
A060260,2025,13.0,2026-08-18
A069080,2022,830.1,2026-08-18
A069080,2023,499.0,2026-08-18
A069080,2024,545.5,2026-08-18
A069080,2025,297.3,2026-08-18
A069080,2026,224.0,2026-08-18
A069080,2027,264.0,2026-08-18
A069080,2028,263.0,2026-08-18
A138080,2022,-87.1,2026-08-18
A138080,2023,-310.8,2026-08-18
A138080,2024,-303.6,2026-08-18
A138080,2025,-160.0,2026-08-18
A138080,2026,41.0,2026-08-18
A138080,2027,220.0,2026-08-18
A138080,2028,695.0,2026-08-18
A001560,2022,51.3,2026-08-18
A001560,2023,78.9,2026-08-18
A001560,2024,57.5,2026-08-18
A001560,2025,42.4,2026-08-18
A452430,2022,-28.5,2026-08-18
A452430,2023,-69.2,2026-08-18
A452430,2024,-34.5,2026-08-18
A452430,2025,-45.7,2026-08-18
A452430,2026,23.5,2026-08-18
A452430,2027,168.0,2026-08-18
A452430,2028,574.5,2026-08-18
A189300,2022,153.4,2026-08-18
A189300,2023,107.3,2026-08-18
A189300,2024,-194.4,2026-08-18
A189300,2025,119.5,2026-08-18
A189300,2026,389.1,2026-08-18
A189300,2027,596.9,2026-08-18
A189300,2028,873.2,2026-08-18
A192250,2022,91.6,2026-08-18
A192250,2023,42.6,2026-08-18
A192250,2024,13.1,2026-08-18
A192250,2025,29.0,2026-08-18
A086900,2022,466.6,2026-08-18
A086900,2023,173.2,2026-08-18
A086900,2024,203.5,2026-08-18
A086900,2025,170.0,2026-08-18
A086900,2026,339.0,2026-08-18
A086900,2027,400.5,2026-08-18
A086900,2028,495.0,2026-08-18
A078350,2022,528.2,2026-08-18
A078350,2023,191.0,2026-08-18
A078350,2024,350.4,2026-08-18
A078350,2025,238.7,2026-08-18
A278470,2022,392.3,2026-08-18
A278470,2023,1041.9,2026-08-18
A278470,2024,1227.1,2026-08-18
A278470,2025,3655.2,2026-08-18
A278470,2026,7579.2,2026-08-18
A278470,2027,10647.1,2026-08-18
A278470,2028,13269.1,2026-08-18
A002680,2022,3.3,2026-08-18
A002680,2023,9.1,2026-08-18
A002680,2024,37.5,2026-08-18
A002680,2025,29.2,2026-08-18
A033100,2022,159.8,2026-08-18
A033100,2023,701.5,2026-08-18
A033100,2024,978.5,2026-08-18
A033100,2025,670.3,2026-08-18
A090430,2022,2142.3,2026-08-18
A090430,2023,1081.7,2026-08-18
A090430,2024,2204.8,2026-08-18
A090430,2025,3358.3,2026-08-18
A090430,2026,4824.5,2026-08-18
A090430,2027,5556.2,2026-08-18
A090430,2028,6278.5,2026-08-18
A134580,2022,14.0,2026-08-18
A134580,2023,-26.5,2026-08-18
A134580,2024,-37.3,2026-08-18
A134580,2025,36.7,2026-08-18
A036540,2022,628.8,2026-08-18
A036540,2023,-132.8,2026-08-18
A036540,2024,-0.3,2026-08-18
A036540,2025,-196.3,2026-08-18
A036540,2026,-17.0,2026-08-18
A036540,2027,723.3,2026-08-18
A036540,2028,730.0,2026-08-18
A005860,2022,-82.4,2026-08-18
A005860,2023,17.7,2026-08-18
A005860,2024,37.0,2026-08-18
A005860,2025,58.6,2026-08-18
A100090,2022,719.4,2026-08-18
A100090,2023,756.0,2026-08-18
A100090,2024,418.0,2026-08-18
A100090,2025,595.1,2026-08-18
A100090,2026,572.5,2026-08-18
A100090,2027,629.7,2026-08-18
A100090,2028,1195.0,2026-08-18
A243070,2022,408.7,2026-08-18
A243070,2023,560.0,2026-08-18
A243070,2024,397.0,2026-08-18
A243070,2025,456.0,2026-08-18
A049550,2022,58.2,2026-08-18
A049550,2023,38.5,2026-08-18
A049550,2024,27.1,2026-08-18
A049550,2025,8.0,2026-08-18
A079900,2022,279.2,2026-08-18
A079900,2023,329.0,2026-08-18
A079900,2024,313.5,2026-08-18
A079900,2025,287.2,2026-08-18
A079900,2026,298.5,2026-08-18
A079900,2027,351.5,2026-08-18
A079900,2028,388.0,2026-08-18
A043260,2022,20.5,2026-08-18
A043260,2023,258.6,2026-08-18
A043260,2024,63.1,2026-08-18
A043260,2025,75.5,2026-08-18
A043260,2026,452.5,2026-08-18
A043260,2027,1042.5,2026-08-18
A043260,2028,2334.8,2026-08-18
A049960,2022,60.5,2026-08-18
A049960,2023,22.0,2026-08-18
A049960,2024,68.0,2026-08-18
A049960,2025,79.1,2026-08-18
A105840,2022,118.9,2026-08-18
A105840,2023,153.7,2026-08-18
A105840,2024,161.1,2026-08-18
A105840,2025,141.8,2026-08-18
A105840,2026,203.0,2026-08-18
A105840,2027,212.0,2026-08-18
A105840,2028,270.0,2026-08-18
A476060,2022,-148.4,2026-08-18
A476060,2023,22.3,2026-08-18
A476060,2024,-48.0,2026-08-18
A476060,2025,126.2,2026-08-18
A476060,2026,258.0,2026-08-18
A476060,2027,483.0,2026-08-18
A476060,2028,733.0,2026-08-18
A326030,2022,-1310.8,2026-08-18
A326030,2023,-375.2,2026-08-18
A326030,2024,963.4,2026-08-18
A326030,2025,2039.4,2026-08-18
A326030,2026,3533.1,2026-08-18
A326030,2027,4715.6,2026-08-18
A326030,2028,5794.4,2026-08-18
A131970,2022,671.7,2026-08-18
A131970,2023,607.8,2026-08-18
A131970,2024,379.2,2026-08-18
A131970,2025,-9.4,2026-08-18
A131970,2026,443.0,2026-08-18
A131970,2027,1114.7,2026-08-18
A131970,2028,1319.6,2026-08-18
A002840,2022,770.2,2026-08-18
A002840,2023,672.4,2026-08-18
A002840,2024,599.5,2026-08-18
A002840,2025,436.1,2026-08-18
A440110,2022,15.1,2026-08-18
A440110,2023,-585.7,2026-08-18
A440110,2024,-950.5,2026-08-18
A440110,2025,-654.7,2026-08-18
A440110,2026,859.0,2026-08-18
A440110,2027,2158.0,2026-08-18
A440110,2028,2618.0,2026-08-18
A054090,2022,-15.2,2026-08-18
A054090,2023,-129.3,2026-08-18
A054090,2024,-37.4,2026-08-18
A054090,2025,-19.7,2026-08-18
A014950,2022,2.2,2026-08-18
A014950,2023,23.8,2026-08-18
A014950,2024,36.8,2026-08-18
A014950,2025,32.7,2026-08-18
A014950,2026,33.0,2026-08-18
A014950,2027,38.0,2026-08-18
A014950,2028,45.0,2026-08-18
A055490,2022,254.5,2026-08-18
A055490,2023,66.2,2026-08-18
A055490,2024,14.3,2026-08-18
A055490,2025,25.1,2026-08-18
A333050,2022,15.5,2026-08-18
A333050,2023,7.1,2026-08-18
A333050,2024,20.3,2026-08-18
A333050,2025,19.7,2026-08-18
A096530,2022,1964.9,2026-08-18
A096530,2023,-300.5,2026-08-18
A096530,2024,-164.8,2026-08-18
A096530,2025,345.5,2026-08-18
A096530,2026,900.0,2026-08-18
A096530,2027,1113.5,2026-08-18
A096530,2028,1308.0,2026-08-18
A163280,2023,2.4,2026-08-18
A163280,2024,18.7,2026-08-18
A163280,2025,30.9,2026-08-18
A263770,2022,162.1,2026-08-18
A263770,2023,140.6,2026-08-18
A263770,2024,67.2,2026-08-18
A263770,2025,23.3,2026-08-18
A036560,2022,119.7,2026-08-18
A036560,2023,208.1,2026-08-18
A036560,2024,152.0,2026-08-18
A036560,2025,101.8,2026-08-18
A014710,2022,135.8,2026-08-18
A014710,2023,-348.5,2026-08-18
A014710,2024,95.2,2026-08-18
A014710,2025,121.8,2026-08-18
A038620,2022,14.5,2026-08-18
A038620,2023,6.5,2026-08-18
A038620,2024,27.9,2026-08-18
A038620,2025,24.9,2026-08-18
A050960,2022,59.9,2026-08-18
A050960,2023,64.7,2026-08-18
A050960,2024,56.7,2026-08-18
A050960,2025,51.0,2026-08-18
A065510,2022,200.9,2026-08-18
A065510,2023,163.8,2026-08-18
A065510,2024,133.3,2026-08-18
A065510,2025,55.5,2026-08-18
A263750,2022,163.8,2026-08-18
A263750,2023,-163.5,2026-08-18
A263750,2024,-122.9,2026-08-18
A263750,2025,-148.1,2026-08-18
A263750,2026,4064.4,2026-08-18
A263750,2027,1302.6,2026-08-18
A263750,2028,2600.5,2026-08-18
A065570,2022,-201.5,2026-08-18
A065570,2023,-61.3,2026-08-18
A065570,2024,-59.3,2026-08-18
A065570,2025,-1.9,2026-08-18
A393890,2022,580.3,2026-08-18
A393890,2023,463.9,2026-08-18
A393890,2024,-709.4,2026-08-18
A393890,2025,-1276.4,2026-08-18
A393890,2026,-443.0,2026-08-18
A393890,2027,206.0,2026-08-18
A393890,2028,643.0,2026-08-18
A056090,2022,4.2,2026-08-18
A056090,2023,-16.2,2026-08-18
A056090,2024,-11.2,2026-08-18
A056090,2025,38.1,2026-08-18
A056090,2026,29.0,2026-08-18
A056090,2027,76.0,2026-08-18
A035720,2022,5693.9,2026-08-18
A035720,2023,4608.6,2026-08-18
A035720,2024,4952.8,2026-08-18
A035720,2025,7320.4,2026-08-18
A035720,2026,10162.2,2026-08-18
A035720,2027,11653.7,2026-08-18
A035720,2028,13238.6,2026-08-18
A001510,2022,178.8,2026-08-18
A001510,2023,131.0,2026-08-18
A001510,2024,-1078.8,2026-08-18
A001510,2025,77.9,2026-08-18
A044490,2022,29.3,2026-08-18
A044490,2023,395.3,2026-08-18
A044490,2024,228.2,2026-08-18
A044490,2025,50.2,2026-08-18
A044490,2026,311.0,2026-08-18
A044490,2027,478.0,2026-08-18
A044490,2028,586.0,2026-08-18
A009300,2022,182.5,2026-08-18
A009300,2023,235.0,2026-08-18
A009300,2024,244.7,2026-08-18
A009300,2025,109.8,2026-08-18
A104480,2022,229.3,2026-08-18
A104480,2023,-43.0,2026-08-18
A104480,2024,-15.9,2026-08-18
A104480,2025,24.0,2026-08-18
A229640,2022,274.5,2026-08-18
A229640,2023,294.9,2026-08-18
A229640,2024,447.7,2026-08-18
A229640,2025,667.8,2026-08-18
A229640,2026,846.9,2026-08-18
A229640,2027,960.1,2026-08-18
A229640,2028,1144.3,2026-08-18
A219420,2022,36.4,2026-08-18
A219420,2023,14.0,2026-08-18
A219420,2024,-0.8,2026-08-18
A219420,2025,12.2,2026-08-18
A007660,2022,1166.2,2026-08-18
A007660,2023,621.7,2026-08-18
A007660,2024,1018.8,2026-08-18
A007660,2025,2047.2,2026-08-18
A007660,2026,3272.1,2026-08-18
A007660,2027,4603.5,2026-08-18
A007660,2028,5890.1,2026-08-18
A064760,2022,1270.3,2026-08-18
A064760,2023,667.0,2026-08-18
A064760,2024,807.5,2026-08-18
A064760,2025,838.9,2026-08-18
A064760,2026,1238.9,2026-08-18
A064760,2027,1642.6,2026-08-18
A064760,2028,2079.2,2026-08-18
A041440,2022,157.0,2026-08-18
A041440,2023,119.8,2026-08-18
A041440,2024,99.5,2026-08-18
A041440,2025,54.1,2026-08-18
A352820,2022,2369.1,2026-08-18
A352820,2023,2956.4,2026-08-18
A352820,2024,1840.5,2026-08-18
A352820,2025,493.2,2026-08-18
A352820,2026,2850.0,2026-08-18
A352820,2027,4902.5,2026-08-18
A352820,2028,5471.9,2026-08-18
A000020,2022,299.2,2026-08-18
A000020,2023,187.8,2026-08-18
A000020,2024,134.1,2026-08-18
A000020,2025,2.6,2026-08-18
A199820,2022,73.9,2026-08-18
A199820,2023,76.6,2026-08-18
A199820,2024,89.0,2026-08-18
A199820,2025,117.6,2026-08-18
A031980,2022,169.0,2026-08-18
A031980,2023,269.7,2026-08-18
A031980,2024,884.8,2026-08-18
A031980,2025,734.0,2026-08-18
A031980,2026,1053.2,2026-08-18
A031980,2027,1452.2,2026-08-18
A031980,2028,1906.7,2026-08-18
A092200,2022,312.9,2026-08-18
A092200,2023,361.1,2026-08-18
A092200,2024,218.3,2026-08-18
A092200,2025,185.5,2026-08-18
A397810,2022,53.8,2026-08-18
A397810,2023,21.1,2026-08-18
A397810,2024,30.5,2026-08-18
A397810,2025,24.2,2026-08-18
A112040,2022,-849.4,2026-08-18
A112040,2023,-1104.4,2026-08-18
A112040,2024,70.6,2026-08-18
A112040,2025,106.8,2026-08-18
A102120,2022,258.3,2026-08-18
A102120,2023,-146.4,2026-08-18
A102120,2024,-51.0,2026-08-18
A102120,2025,101.5,2026-08-18
A140520,2022,50.7,2026-08-18
A140520,2023,57.3,2026-08-18
A140520,2024,29.7,2026-08-18
A140520,2025,33.6,2026-08-18
A293490,2022,1758.2,2026-08-18
A293490,2023,753.9,2026-08-18
A293490,2024,191.5,2026-08-18
A293490,2025,-395.9,2026-08-18
A293490,2026,-887.9,2026-08-18
A293490,2027,604.3,2026-08-18
A293490,2028,249.4,2026-08-18
A366030,2022,126.6,2026-08-18
A366030,2023,105.1,2026-08-18
A366030,2024,81.0,2026-08-18
A366030,2025,68.0,2026-08-18
A041020,2022,16.6,2026-08-18
A041020,2023,62.5,2026-08-18
A041020,2024,48.0,2026-08-18
A041020,2025,91.2,2026-08-18
A006280,2022,812.6,2026-08-18
A006280,2023,344.4,2026-08-18
A006280,2024,321.1,2026-08-18
A006280,2025,691.5,2026-08-18
A006280,2026,730.3,2026-08-18
A006280,2027,942.3,2026-08-18
A006280,2028,1325.6,2026-08-18
A010640,2022,32.9,2026-08-18
A010640,2023,39.6,2026-08-18
A010640,2024,39.7,2026-08-18
A010640,2025,18.3,2026-08-18
A405920,2022,119.6,2026-08-18
A405920,2023,2.0,2026-08-18
A405920,2024,-34.8,2026-08-18
A405920,2025,9.8,2026-08-18
A027740,2022,-69.7,2026-08-18
A027740,2023,22.1,2026-08-18
A027740,2024,-90.5,2026-08-18
A027740,2025,20.1,2026-08-18
A099430,2022,252.7,2026-08-18
A099430,2023,280.3,2026-08-18
A099430,2024,236.7,2026-08-18
A099430,2025,150.1,2026-08-18
A099430,2026,361.0,2026-08-18
A069410,2022,-4.0,2026-08-18
A069410,2023,-32.1,2026-08-18
A069410,2024,-2.4,2026-08-18
A069410,2025,21.6,2026-08-18
A298830,2022,96.7,2026-08-18
A298830,2023,114.7,2026-08-18
A298830,2024,78.9,2026-08-18
A298830,2025,126.0,2026-08-18
A007720,2022,-185.0,2026-08-18
A007720,2023,-11.3,2026-08-18
A007720,2024,6.6,2026-08-18
A007720,2025,14.0,2026-08-18
A474650,2022,6.2,2026-08-18
A474650,2023,4.9,2026-08-18
A474650,2024,-40.0,2026-08-18
A474650,2025,-73.8,2026-08-18
A474650,2026,-21.5,2026-08-18
A474650,2027,92.0,2026-08-18
A474650,2028,233.5,2026-08-18
A078140,2022,81.7,2026-08-18
A078140,2023,38.0,2026-08-18
A078140,2024,90.5,2026-08-18
A078140,2025,73.3,2026-08-18
A443060,2022,1419.5,2026-08-18
A443060,2023,2014.7,2026-08-18
A443060,2024,2717.3,2026-08-18
A443060,2025,3501.4,2026-08-18
A443060,2026,4204.2,2026-08-18
A443060,2027,5358.1,2026-08-18
A443060,2028,6713.7,2026-08-18
A215480,2022,49.9,2026-08-18
A215480,2023,29.5,2026-08-18
A215480,2024,17.2,2026-08-18
A215480,2025,0.0,2026-08-18
A353190,2022,-17.0,2026-08-18
A353190,2023,37.6,2026-08-18
A353190,2024,10.5,2026-08-18
A353190,2025,18.7,2026-08-18
A111710,2022,177.2,2026-08-18
A111710,2023,117.9,2026-08-18
A111710,2024,80.1,2026-08-18
A111710,2025,40.9,2026-08-18
A382900,2022,13.1,2026-08-18
A382900,2023,-52.4,2026-08-18
A382900,2024,24.1,2026-08-18
A382900,2025,8.6,2026-08-18
A382900,2026,40.0,2026-08-18
A382900,2027,100.0,2026-08-18
A003460,2022,-28.8,2026-08-18
A003460,2023,-4.3,2026-08-18
A003460,2024,122.0,2026-08-18
A003460,2025,59.2,2026-08-18
A402490,2022,37.3,2026-08-18
A402490,2023,32.7,2026-08-18
A402490,2024,10.7,2026-08-18
A402490,2025,60.3,2026-08-18
A290520,2022,-37.3,2026-08-18
A290520,2023,-25.1,2026-08-18
A290520,2024,-41.0,2026-08-18
A290520,2025,18.1,2026-08-18
A062040,2022,121.8,2026-08-18
A062040,2023,466.0,2026-08-18
A062040,2024,1092.3,2026-08-18
A062040,2025,1786.3,2026-08-18
A062040,2026,2548.1,2026-08-18
A062040,2027,3381.7,2026-08-18
A062040,2028,4380.8,2026-08-18
A018250,2022,390.4,2026-08-18
A018250,2023,619.4,2026-08-18
A018250,2024,468.2,2026-08-18
A018250,2025,211.5,2026-08-18
A475230,2022,22.3,2026-08-18
A475230,2023,121.4,2026-08-18
A475230,2024,62.2,2026-08-18
A475230,2025,45.0,2026-08-18
A475230,2026,131.0,2026-08-18
A177830,2022,103.4,2026-08-18
A177830,2023,16.9,2026-08-18
A177830,2024,81.3,2026-08-18
A177830,2025,25.7,2026-08-18
A126880,2022,69.3,2026-08-18
A126880,2023,41.4,2026-08-18
A126880,2024,36.4,2026-08-18
A126880,2025,31.5,2026-08-18
A388050,2022,2.0,2026-08-18
A388050,2023,-9.5,2026-08-18
A388050,2024,36.7,2026-08-18
A388050,2025,88.1,2026-08-18
A388050,2026,133.0,2026-08-18
A453450,2022,90.1,2026-08-18
A453450,2023,15.9,2026-08-18
A453450,2024,-43.4,2026-08-18
A453450,2025,8.2,2026-08-18
A453450,2026,57.0,2026-08-18
A453450,2027,74.0,2026-08-18
A453450,2028,86.0,2026-08-18
A126600,2022,159.3,2026-08-18
A126600,2023,171.9,2026-08-18
A126600,2024,140.1,2026-08-18
A126600,2025,173.5,2026-08-18
A018260,2022,9160.7,2026-08-18
A018260,2023,8082.3,2026-08-18
A018260,2024,9111.0,2026-08-18
A018260,2025,9571.0,2026-08-18
A018260,2026,8278.9,2026-08-18
A018260,2027,10679.8,2026-08-18
A018260,2028,11853.7,2026-08-18
A066970,2022,2663.2,2026-08-18
A066970,2023,-2223.0,2026-08-18
A066970,2024,-5586.9,2026-08-18
A066970,2025,-1568.5,2026-08-18
A066970,2026,2315.3,2026-08-18
A066970,2027,2424.5,2026-08-18
A066970,2028,3313.1,2026-08-18
A319660,2022,918.4,2026-08-18
A319660,2023,541.2,2026-08-18
A319660,2024,839.2,2026-08-18
A319660,2025,884.9,2026-08-18
A319660,2026,1791.6,2026-08-18
A319660,2027,2256.0,2026-08-18
A319660,2028,2675.4,2026-08-18
A219130,2022,31.1,2026-08-18
A219130,2023,-30.8,2026-08-18
A219130,2024,-19.2,2026-08-18
A219130,2025,72.2,2026-08-18
A219130,2026,224.0,2026-08-18
A219130,2027,296.0,2026-08-18
A092790,2022,1813.0,2026-08-18
A092790,2023,1573.4,2026-08-18
A092790,2024,632.0,2026-08-18
A092790,2025,399.4,2026-08-18
A462870,2022,182.6,2026-08-18
A462870,2023,1110.6,2026-08-18
A462870,2024,1526.8,2026-08-18
A462870,2025,1814.2,2026-08-18
A462870,2026,1051.8,2026-08-18
A462870,2027,1050.7,2026-08-18
A462870,2028,2454.3,2026-08-18
A079810,2022,-45.4,2026-08-18
A079810,2023,17.5,2026-08-18
A079810,2024,53.6,2026-08-18
A079810,2025,25.5,2026-08-18
A037270,2022,103.4,2026-08-18
A037270,2023,212.5,2026-08-18
A037270,2024,-7.3,2026-08-18
A037270,2025,323.3,2026-08-18
A000500,2022,284.6,2026-08-18
A000500,2023,437.2,2026-08-18
A000500,2024,450.1,2026-08-18
A000500,2025,791.9,2026-08-18
A000500,2026,1471.5,2026-08-18
A000500,2027,2830.0,2026-08-18
A460930,2022,37.6,2026-08-18
A460930,2023,144.6,2026-08-18
A460930,2024,215.5,2026-08-18
A460930,2025,287.6,2026-08-18
A060380,2022,67.6,2026-08-18
A060380,2023,59.9,2026-08-18
A060380,2024,31.5,2026-08-18
A060380,2025,18.1,2026-08-18
A128940,2022,1580.9,2026-08-18
A128940,2023,2206.9,2026-08-18
A128940,2024,2161.9,2026-08-18
A128940,2025,2578.0,2026-08-18
A128940,2026,2979.1,2026-08-18
A128940,2027,2880.7,2026-08-18
A128940,2028,3117.6,2026-08-18
A091590,2022,44.7,2026-08-18
A091590,2023,-43.7,2026-08-18
A091590,2024,-20.0,2026-08-18
A091590,2025,37.5,2026-08-18
A010040,2022,105.2,2026-08-18
A010040,2023,-75.4,2026-08-18
A010040,2024,85.9,2026-08-18
A010040,2025,27.8,2026-08-18
A298040,2022,1432.5,2026-08-18
A298040,2023,2578.4,2026-08-18
A298040,2024,3624.8,2026-08-18
A298040,2025,7469.7,2026-08-18
A298040,2026,11174.7,2026-08-18
A298040,2027,15584.5,2026-08-18
A298040,2028,20718.5,2026-08-18
A218410,2022,8.0,2026-08-18
A218410,2023,3.0,2026-08-18
A218410,2024,15.3,2026-08-18
A218410,2025,308.9,2026-08-18
A218410,2026,551.3,2026-08-18
A218410,2027,797.7,2026-08-18
A218410,2028,899.5,2026-08-18
A420770,2022,338.3,2026-08-18
A420770,2023,350.1,2026-08-18
A420770,2024,-17.9,2026-08-18
A420770,2025,121.0,2026-08-18
A420770,2026,294.5,2026-08-18
A420770,2027,825.8,2026-08-18
A420770,2028,804.8,2026-08-18
A238090,2022,37.2,2026-08-18
A238090,2023,-28.4,2026-08-18
A238090,2024,19.5,2026-08-18
A238090,2025,48.1,2026-08-18
A457370,2023,50.2,2026-08-18
A457370,2024,65.4,2026-08-18
A457370,2025,48.5,2026-08-18
A267260,2022,1330.4,2026-08-18
A267260,2023,3152.2,2026-08-18
A267260,2024,6689.7,2026-08-18
A267260,2025,9953.1,2026-08-18
A267260,2026,12313.1,2026-08-18
A267260,2027,15554.6,2026-08-18
A267260,2028,19051.6,2026-08-18
A004080,2022,104.6,2026-08-18
A004080,2023,113.6,2026-08-18
A004080,2024,62.8,2026-08-18
A004080,2025,70.9,2026-08-18
A064550,2022,115.4,2026-08-18
A064550,2023,7.9,2026-08-18
A064550,2024,-134.2,2026-08-18
A064550,2025,152.3,2026-08-18
A093370,2022,1053.7,2026-08-18
A093370,2023,-461.1,2026-08-18
A093370,2024,-95.8,2026-08-18
A093370,2025,253.5,2026-08-18
A093370,2026,527.0,2026-08-18
A093370,2027,702.0,2026-08-18
A093370,2028,932.0,2026-08-18
A001810,2022,-71.8,2026-08-18
A001810,2023,-72.9,2026-08-18
A001810,2024,6.6,2026-08-18
A001810,2025,17.8,2026-08-18
A099750,2023,-41.2,2026-08-18
A099750,2024,2.4,2026-08-18
A099750,2025,22.1,2026-08-18
A099750,2026,50.2,2026-08-18
A088390,2022,216.4,2026-08-18
A088390,2023,51.4,2026-08-18
A088390,2024,64.8,2026-08-18
A088390,2025,65.3,2026-08-18
A067370,2022,1.9,2026-08-18
A067370,2023,51.9,2026-08-18
A067370,2024,-5.3,2026-08-18
A067370,2025,50.4,2026-08-18
A011040,2022,83.1,2026-08-18
A011040,2023,-249.5,2026-08-18
A011040,2024,26.2,2026-08-18
A011040,2025,76.7,2026-08-18
A005610,2022,895.1,2026-08-18
A005610,2023,917.3,2026-08-18
A005610,2024,949.7,2026-08-18
A005610,2025,387.4,2026-08-18
A000860,2022,44.1,2026-08-18
A000860,2023,231.7,2026-08-18
A000860,2024,205.3,2026-08-18
A000860,2025,82.9,2026-08-18
A459550,2022,-11.8,2026-08-18
A459550,2023,108.9,2026-08-18
A459550,2024,153.0,2026-08-18
A459550,2025,89.7,2026-08-18
A043340,2022,19.7,2026-08-18
A043340,2023,-72.2,2026-08-18
A043340,2024,-3.8,2026-08-18
A043340,2025,19.7,2026-08-18
A053800,2022,269.9,2026-08-18
A053800,2023,264.2,2026-08-18
A053800,2024,276.8,2026-08-18
A053800,2025,332.8,2026-08-18
A394420,2022,-202.4,2026-08-18
A394420,2023,-125.8,2026-08-18
A394420,2024,-141.6,2026-08-18
A394420,2025,-106.4,2026-08-18
A394420,2026,-13.0,2026-08-18
A394420,2027,68.5,2026-08-18
A394420,2028,122.3,2026-08-18
A017390,2022,33.2,2026-08-18
A017390,2023,-32.0,2026-08-18
A017390,2024,-102.9,2026-08-18
A017390,2025,174.1,2026-08-18
A039740,2022,18.4,2026-08-18
A039740,2023,0.6,2026-08-18
A039740,2024,6.2,2026-08-18
A039740,2025,4.2,2026-08-18
A099220,2022,2.8,2026-08-18
A099220,2023,-76.5,2026-08-18
A099220,2024,-65.0,2026-08-18
A099220,2025,4.6,2026-08-18
A115310,2022,68.6,2026-08-18
A115310,2023,77.6,2026-08-18
A115310,2024,78.7,2026-08-18
A115310,2025,64.6,2026-08-18
A025560,2022,80.2,2026-08-18
A025560,2023,-159.8,2026-08-18
A025560,2024,121.2,2026-08-18
A025560,2025,91.4,2026-08-18
A365340,2022,483.1,2026-08-18
A365340,2023,-83.4,2026-08-18
A365340,2024,-713.9,2026-08-18
A365340,2025,-545.3,2026-08-18
A365340,2026,103.5,2026-08-18
A365340,2027,240.5,2026-08-18
A365340,2028,360.5,2026-08-18
A016920,2022,43.9,2026-08-18
A016920,2023,49.6,2026-08-18
A016920,2024,36.1,2026-08-18
A016920,2025,20.1,2026-08-18
A452280,2022,71.7,2026-08-18
A452280,2023,61.9,2026-08-18
A452280,2024,49.2,2026-08-18
A452280,2025,97.5,2026-08-18
A223250,2022,58.2,2026-08-18
A223250,2023,15.9,2026-08-18
A223250,2024,50.6,2026-08-18
A223250,2025,52.4,2026-08-18
A214430,2022,56.9,2026-08-18
A214430,2023,122.0,2026-08-18
A214430,2024,147.6,2026-08-18
A214430,2025,164.6,2026-08-18
A214430,2026,195.5,2026-08-18
A214430,2027,283.0,2026-08-18
A214430,2028,369.0,2026-08-18
A154030,2023,-5.5,2026-08-18
A154030,2024,-11.2,2026-08-18
A154030,2025,-9.9,2026-08-18
A001840,2022,1.4,2026-08-18
A001840,2023,-134.4,2026-08-18
A001840,2024,-197.7,2026-08-18
A001840,2025,32.9,2026-08-18
A101490,2022,160.1,2026-08-18
A101490,2023,250.4,2026-08-18
A101490,2024,294.8,2026-08-18
A101490,2025,503.9,2026-08-18
A336370,2022,-496.7,2026-08-18
A336370,2023,-732.1,2026-08-18
A336370,2024,-544.2,2026-08-18
A336370,2025,-733.4,2026-08-18
A336370,2026,-753.5,2026-08-18
A336370,2027,287.5,2026-08-18
A336370,2028,760.5,2026-08-18
A052860,2022,24.5,2026-08-18
A052860,2023,14.3,2026-08-18
A052860,2024,-106.7,2026-08-18
A052860,2025,40.5,2026-08-18
A336060,2022,17.8,2026-08-18
A336060,2023,50.6,2026-08-18
A336060,2024,16.8,2026-08-18
A336060,2025,19.9,2026-08-18
A058970,2022,64.9,2026-08-18
A058970,2023,46.6,2026-08-18
A058970,2024,86.1,2026-08-18
A058970,2025,9.1,2026-08-18
A058970,2026,16.0,2026-08-18
A058970,2027,103.0,2026-08-18
A058970,2028,172.0,2026-08-18
A403870,2022,851.7,2026-08-18
A403870,2023,952.1,2026-08-18
A403870,2024,939.5,2026-08-18
A403870,2025,899.0,2026-08-18
A403870,2026,1282.7,2026-08-18
A403870,2027,1741.5,2026-08-18
A403870,2028,2139.2,2026-08-18
A095610,2022,559.0,2026-08-18
A095610,2023,-58.6,2026-08-18
A095610,2024,384.7,2026-08-18
A095610,2025,578.4,2026-08-18
A095610,2026,1031.3,2026-08-18
A095610,2027,1441.0,2026-08-18
A095610,2028,1927.3,2026-08-18
A011200,2022,99493.6,2026-08-18
A011200,2023,5847.7,2026-08-18
A011200,2024,35128.5,2026-08-18
A011200,2025,14612.0,2026-08-18
A011200,2026,15670.8,2026-08-18
A011200,2027,10170.2,2026-08-18
A011200,2028,8860.5,2026-08-18
A003200,2022,-160.0,2026-08-18
A003200,2023,-10.2,2026-08-18
A003200,2024,90.6,2026-08-18
A003200,2025,124.1,2026-08-18
A347740,2022,56.4,2026-08-18
A347740,2023,13.8,2026-08-18
A347740,2024,25.8,2026-08-18
A347740,2025,39.4,2026-08-18
A006110,2022,225.7,2026-08-18
A006110,2023,37.7,2026-08-18
A006110,2024,-95.9,2026-08-18
A006110,2025,-176.5,2026-08-18
A006110,2026,74.0,2026-08-18
A006110,2027,419.0,2026-08-18
A131180,2022,22.8,2026-08-18
A131180,2023,-8.9,2026-08-18
A131180,2024,23.1,2026-08-18
A131180,2025,8.0,2026-08-18
A016590,2022,508.6,2026-08-18
A016590,2023,585.1,2026-08-18
A016590,2024,292.8,2026-08-18
A016590,2025,222.4,2026-08-18
A178780,2022,-31.9,2026-08-18
A178780,2023,-3.7,2026-08-18
A178780,2024,43.3,2026-08-18
A178780,2025,20.4,2026-08-18
A033310,2022,-48.4,2026-08-18
A033310,2023,32.1,2026-08-18
A033310,2024,37.4,2026-08-18
A033310,2025,27.7,2026-08-18
A066980,2022,55.9,2026-08-18
A066980,2023,13.6,2026-08-18
A066980,2024,-507.3,2026-08-18
A066980,2025,28.4,2026-08-18
A066980,2026,34.0,2026-08-18
A066980,2027,47.0,2026-08-18
A252990,2022,149.0,2026-08-18
A252990,2023,-29.1,2026-08-18
A252990,2024,52.0,2026-08-18
A252990,2025,146.7,2026-08-18
A252990,2026,348.0,2026-08-18
A252990,2027,470.0,2026-08-18
A252990,2028,599.5,2026-08-18
A217590,2022,-6.7,2026-08-18
A217590,2023,119.9,2026-08-18
A217590,2024,108.7,2026-08-18
A217590,2025,64.3,2026-08-18
A217590,2026,120.0,2026-08-18
A217590,2027,170.0,2026-08-18
A471820,2022,66.1,2026-08-18
A471820,2023,46.2,2026-08-18
A471820,2024,55.0,2026-08-18
A471820,2025,28.4,2026-08-18
A443670,2022,48.7,2026-08-18
A443670,2023,47.5,2026-08-18
A443670,2024,37.6,2026-08-18
A443670,2025,36.2,2026-08-18
A017860,2022,739.9,2026-08-18
A017860,2023,762.4,2026-08-18
A017860,2024,121.9,2026-08-18
A017860,2025,79.8,2026-08-18
A357580,2022,8.5,2026-08-18
A357580,2023,8.0,2026-08-18
A357580,2024,71.6,2026-08-18
A357580,2025,53.2,2026-08-18
A078150,2022,68.6,2026-08-18
A078150,2023,-220.6,2026-08-18
A078150,2024,-165.1,2026-08-18
A078150,2025,62.4,2026-08-18
A417180,2022,9.9,2026-08-18
A417180,2023,13.8,2026-08-18
A417180,2024,15.1,2026-08-18
A417180,2025,8.5,2026-08-18
A439090,2022,244.9,2026-08-18
A439090,2023,158.6,2026-08-18
A439090,2024,185.6,2026-08-18
A439090,2025,104.6,2026-08-18
A008470,2022,-33.1,2026-08-18
A008470,2023,15.4,2026-08-18
A008470,2024,2.3,2026-08-18
A008470,2025,18.1,2026-08-18
A299170,2022,36.8,2026-08-18
A299170,2023,33.4,2026-08-18
A299170,2024,38.5,2026-08-18
A299170,2025,39.2,2026-08-18
A001070,2022,-38.9,2026-08-18
A001070,2023,-18.1,2026-08-18
A001070,2024,24.2,2026-08-18
A001070,2025,7.0,2026-08-18
A058470,2022,1366.3,2026-08-18
A058470,2023,1143.8,2026-08-18
A058470,2024,1242.0,2026-08-18
A058470,2025,1770.0,2026-08-18
A058470,2026,2189.0,2026-08-18
A058470,2027,2653.8,2026-08-18
A058470,2028,3214.5,2026-08-18
A452260,2023,98.2,2026-08-18
A452260,2024,33.9,2026-08-18
A452260,2025,94.1,2026-08-18
A317850,2022,21.3,2026-08-18
A317850,2023,-3.8,2026-08-18
A317850,2024,1.2,2026-08-18
A317850,2025,19.1,2026-08-18
A481070,2022,63.9,2026-08-18
A481070,2023,162.1,2026-08-18
A481070,2024,124.3,2026-08-18
A481070,2025,100.8,2026-08-18
A125020,2022,26.3,2026-08-18
A125020,2023,86.9,2026-08-18
A125020,2024,109.3,2026-08-18
A125020,2025,68.0,2026-08-18
A222080,2022,78.1,2026-08-18
A222080,2023,389.4,2026-08-18
A222080,2024,593.5,2026-08-18
A222080,2025,335.1,2026-08-18
A340450,2022,-32.4,2026-08-18
A340450,2023,1.6,2026-08-18
A340450,2024,-12.3,2026-08-18
A340450,2025,12.4,2026-08-18
A340450,2026,31.3,2026-08-18
A340450,2027,65.0,2026-08-18
A340450,2028,138.0,2026-08-18
A413390,2022,12.2,2026-08-18
A413390,2023,43.0,2026-08-18
A413390,2024,65.0,2026-08-18
A413390,2025,44.1,2026-08-18
A317240,2022,-58.1,2026-08-18
A317240,2023,7.1,2026-08-18
A317240,2024,6.9,2026-08-18
A317240,2025,0.3,2026-08-18
A047310,2022,-391.4,2026-08-18
A047310,2023,155.8,2026-08-18
A047310,2024,24.2,2026-08-18
A047310,2025,-63.7,2026-08-18
A101930,2022,84.3,2026-08-18
A101930,2023,48.9,2026-08-18
A101930,2024,102.6,2026-08-18
A101930,2025,155.3,2026-08-18
A024900,2022,306.8,2026-08-18
A024900,2023,277.3,2026-08-18
A024900,2024,82.3,2026-08-18
A024900,2025,32.0,2026-08-18
A238120,2022,28.5,2026-08-18
A238120,2023,33.4,2026-08-18
A238120,2024,27.8,2026-08-18
A238120,2025,24.4,2026-08-18
A009240,2022,-216.9,2026-08-18
A009240,2023,19.5,2026-08-18
A009240,2024,312.3,2026-08-18
A009240,2025,184.9,2026-08-18
A009240,2026,389.2,2026-08-18
A009240,2027,426.0,2026-08-18
A009240,2028,524.2,2026-08-18
A099320,2022,-77.3,2026-08-18
A099320,2023,-43.5,2026-08-18
A099320,2024,-30.7,2026-08-18
A099320,2025,101.8,2026-08-18
A099320,2026,205.0,2026-08-18
A099320,2027,426.5,2026-08-18
A099320,2028,554.0,2026-08-18
A065450,2022,16.5,2026-08-18
A065450,2023,-43.4,2026-08-18
A065450,2024,18.2,2026-08-18
A065450,2025,43.7,2026-08-18
A002450,2022,115.6,2026-08-18
A002450,2023,64.7,2026-08-18
A002450,2024,59.3,2026-08-18
A002450,2025,22.8,2026-08-18
A072130,2022,8.5,2026-08-18
A072130,2023,-17.8,2026-08-18
A072130,2024,7.9,2026-08-18
A072130,2025,34.2,2026-08-18
A340440,2022,26.9,2026-08-18
A340440,2023,43.0,2026-08-18
A340440,2024,30.8,2026-08-18
A340440,2025,9.1,2026-08-18
A153460,2022,33.6,2026-08-18
A153460,2023,-21.0,2026-08-18
A153460,2024,3.9,2026-08-18
A153460,2025,26.1,2026-08-18
A240810,2022,975.5,2026-08-18
A240810,2023,-180.7,2026-08-18
A240810,2024,106.4,2026-08-18
A240810,2025,738.1,2026-08-18
A240810,2026,1838.7,2026-08-18
A240810,2027,2755.7,2026-08-18
A240810,2028,3478.3,2026-08-18
A068270,2022,6472.0,2026-08-18
A068270,2023,6514.8,2026-08-18
A068270,2024,4920.2,2026-08-18
A068270,2025,11684.7,2026-08-18
A068270,2026,18537.4,2026-08-18
A068270,2027,21940.1,2026-08-18
A068270,2028,25701.7,2026-08-18
A046310,2022,153.4,2026-08-18
A046310,2023,170.9,2026-08-18
A046310,2024,127.3,2026-08-18
A046310,2025,67.9,2026-08-18
A288180,2022,5.0,2026-08-18
A288180,2023,8.6,2026-08-18
A288180,2024,34.9,2026-08-18
A288180,2025,26.4,2026-08-18
A417840,2022,71.4,2026-08-18
A417840,2023,3.1,2026-08-18
A417840,2024,-46.1,2026-08-18
A417840,2025,46.3,2026-08-18
A058400,2022,67.4,2026-08-18
A058400,2023,60.9,2026-08-18
A058400,2024,45.1,2026-08-18
A058400,2025,31.9,2026-08-18
A457550,2022,56.7,2026-08-18
A457550,2023,58.9,2026-08-18
A457550,2024,53.2,2026-08-18
A457550,2025,50.6,2026-08-18
A046890,2022,-334.4,2026-08-18
A046890,2023,-493.5,2026-08-18
A046890,2024,-108.2,2026-08-18
A046890,2025,-315.2,2026-08-18
A046890,2026,148.0,2026-08-18
A046890,2027,281.0,2026-08-18
A046890,2028,360.0,2026-08-18
A237690,2022,178.5,2026-08-18
A237690,2023,335.1,2026-08-18
A237690,2024,276.9,2026-08-18
A237690,2025,549.3,2026-08-18
A237690,2026,753.9,2026-08-18
A237690,2027,1027.6,2026-08-18
A237690,2028,1343.7,2026-08-18
A295310,2022,12.0,2026-08-18
A295310,2023,37.3,2026-08-18
A295310,2024,-67.9,2026-08-18
A295310,2025,58.4,2026-08-18
A295310,2026,174.8,2026-08-18
A295310,2027,297.0,2026-08-18
A295310,2028,482.0,2026-08-18
A067830,2022,92.2,2026-08-18
A067830,2023,110.4,2026-08-18
A067830,2024,77.8,2026-08-18
A067830,2025,45.9,2026-08-18
A099190,2022,198.1,2026-08-18
A099190,2023,109.3,2026-08-18
A099190,2024,26.6,2026-08-18
A099190,2025,78.9,2026-08-18
A099190,2026,142.5,2026-08-18
A099190,2027,238.0,2026-08-18
A099190,2028,325.0,2026-08-18
A373220,2022,12137.2,2026-08-18
A373220,2023,21632.3,2026-08-18
A373220,2024,5753.9,2026-08-18
A373220,2025,13461.2,2026-08-18
A373220,2026,8254.1,2026-08-18
A373220,2027,38513.5,2026-08-18
A373220,2028,61264.2,2026-08-18
A084370,2022,536.4,2026-08-18
A084370,2023,243.3,2026-08-18
A084370,2024,611.8,2026-08-18
A084370,2025,516.7,2026-08-18
A084370,2026,1055.5,2026-08-18
A084370,2027,1382.0,2026-08-18
A084370,2028,1350.0,2026-08-18
A118000,2022,-3.0,2026-08-18
A118000,2023,9.6,2026-08-18
A118000,2024,15.0,2026-08-18
A118000,2025,13.2,2026-08-18
A054220,2022,-23.6,2026-08-18
A054220,2023,-70.6,2026-08-18
A054220,2024,-61.4,2026-08-18
A054220,2025,0.6,2026-08-18
A396470,2022,67.1,2026-08-18
A396470,2023,14.7,2026-08-18
A396470,2024,20.3,2026-08-18
A396470,2025,24.8,2026-08-18
A396470,2026,57.0,2026-08-18
A024890,2022,-74.0,2026-08-18
A024890,2023,-59.2,2026-08-18
A024890,2024,-61.1,2026-08-18
A024890,2025,8.7,2026-08-18
A009140,2022,1.1,2026-08-18
A009140,2023,2.2,2026-08-18
A009140,2024,-12.7,2026-08-18
A009140,2025,10.2,2026-08-18
A100030,2022,48.6,2026-08-18
A100030,2023,38.1,2026-08-18
A100030,2024,10.6,2026-08-18
A100030,2025,23.4,2026-08-18
A241790,2022,227.9,2026-08-18
A241790,2023,133.2,2026-08-18
A241790,2024,59.2,2026-08-18
A241790,2025,90.0,2026-08-18
A475150,2024,376.4,2026-08-18
A475150,2025,530.0,2026-08-18
A475150,2026,659.0,2026-08-18
A475150,2027,847.8,2026-08-18
A475150,2028,832.5,2026-08-18
A250930,2022,-80.1,2026-08-18
A250930,2023,-88.0,2026-08-18
A250930,2024,-32.4,2026-08-18
A250930,2025,-8.1,2026-08-18
A114450,2022,-39.6,2026-08-18
A114450,2023,-46.4,2026-08-18
A114450,2024,3.8,2026-08-18
A114450,2025,2.0,2026-08-18
A001440,2022,481.7,2026-08-18
A001440,2023,798.2,2026-08-18
A001440,2024,1151.7,2026-08-18
A001440,2025,1286.1,2026-08-18
A001440,2026,2285.9,2026-08-18
A001440,2027,2555.4,2026-08-18
A001440,2028,3230.0,2026-08-18
A002390,2022,285.0,2026-08-18
A002390,2023,125.8,2026-08-18
A002390,2024,5.4,2026-08-18
A002390,2025,32.9,2026-08-18
A093320,2022,258.7,2026-08-18
A093320,2023,265.7,2026-08-18
A093320,2024,237.3,2026-08-18
A093320,2025,238.8,2026-08-18
A125490,2022,15.6,2026-08-18
A125490,2023,43.5,2026-08-18
A125490,2024,122.8,2026-08-18
A125490,2025,102.9,2026-08-18
A125490,2026,120.0,2026-08-18
A125490,2027,170.0,2026-08-18
A125490,2028,245.0,2026-08-18
A176750,2022,15.6,2026-08-18
A176750,2023,52.6,2026-08-18
A176750,2024,50.8,2026-08-18
A176750,2025,74.4,2026-08-18
A419050,2022,85.9,2026-08-18
A419050,2023,7.4,2026-08-18
A419050,2024,-62.6,2026-08-18
A419050,2025,54.3,2026-08-18
A352480,2022,174.5,2026-08-18
A352480,2023,320.9,2026-08-18
A352480,2024,289.6,2026-08-18
A352480,2025,221.7,2026-08-18
A290650,2022,94.8,2026-08-18
A290650,2023,81.3,2026-08-18
A290650,2024,38.7,2026-08-18
A290650,2025,44.2,2026-08-18
A290650,2026,370.4,2026-08-18
A290650,2027,626.8,2026-08-18
A290650,2028,968.5,2026-08-18
A048830,2022,14.4,2026-08-18
A048830,2023,18.7,2026-08-18
A048830,2024,-6.3,2026-08-18
A048830,2025,10.1,2026-08-18
A457600,2022,23.6,2026-08-18
A457600,2023,40.2,2026-08-18
A457600,2024,-12.8,2026-08-18
A457600,2025,-34.3,2026-08-18
A457600,2026,1.0,2026-08-18
A457600,2027,23.0,2026-08-18
A457600,2028,43.0,2026-08-18
A012210,2022,-14.9,2026-08-18
A012210,2023,59.6,2026-08-18
A012210,2024,44.5,2026-08-18
A012210,2025,58.1,2026-08-18
A012210,2026,80.0,2026-08-18
A347700,2022,-56.1,2026-08-18
A347700,2023,-90.7,2026-08-18
A347700,2024,151.8,2026-08-18
A347700,2025,90.5,2026-08-18
A347700,2026,173.5,2026-08-18
A347700,2027,563.5,2026-08-18
A347700,2028,940.0,2026-08-18
A041910,2022,31.6,2026-08-18
A041910,2023,53.4,2026-08-18
A041910,2024,1.8,2026-08-18
A041910,2025,31.9,2026-08-18
A039030,2022,928.0,2026-08-18
A039030,2023,309.4,2026-08-18
A039030,2024,312.0,2026-08-18
A039030,2025,807.5,2026-08-18
A039030,2026,1382.5,2026-08-18
A039030,2027,1956.0,2026-08-18
A039030,2028,2146.5,2026-08-18
A024090,2022,245.0,2026-08-18
A024090,2023,90.6,2026-08-18
A024090,2024,169.7,2026-08-18
A024090,2025,95.6,2026-08-18
A159580,2022,93.3,2026-08-18
A159580,2023,23.2,2026-08-18
A159580,2024,15.3,2026-08-18
A159580,2025,25.2,2026-08-18
A053030,2022,171.8,2026-08-18
A053030,2023,10.4,2026-08-18
A053030,2024,-307.5,2026-08-18
A053030,2025,-45.3,2026-08-18
A053030,2026,-44.0,2026-08-18
A053030,2027,100.0,2026-08-18
A053030,2028,202.0,2026-08-18
A049830,2022,12.9,2026-08-18
A049830,2023,6.0,2026-08-18
A049830,2024,22.9,2026-08-18
A049830,2025,22.8,2026-08-18
A109860,2022,139.3,2026-08-18
A109860,2023,123.7,2026-08-18
A109860,2024,6.2,2026-08-18
A109860,2025,14.3,2026-08-18
A095340,2022,558.8,2026-08-18
A095340,2023,107.4,2026-08-18
A095340,2024,447.8,2026-08-18
A095340,2025,600.5,2026-08-18
A095340,2026,1020.2,2026-08-18
A095340,2027,1403.7,2026-08-18
A095340,2028,1721.4,2026-08-18
A205100,2022,125.3,2026-08-18
A205100,2023,49.1,2026-08-18
A205100,2024,65.9,2026-08-18
A205100,2025,36.5,2026-08-18
A129890,2022,-154.9,2026-08-18
A129890,2023,21.5,2026-08-18
A129890,2024,48.2,2026-08-18
A129890,2025,31.8,2026-08-18
A382480,2022,69.3,2026-08-18
A382480,2023,45.0,2026-08-18
A382480,2024,30.4,2026-08-18
A382480,2025,11.2,2026-08-18
A094840,2022,35.6,2026-08-18
A094840,2023,-26.8,2026-08-18
A094840,2024,24.6,2026-08-18
A094840,2025,38.6,2026-08-18
A094840,2026,47.0,2026-08-18
A094840,2027,52.0,2026-08-18
A094840,2028,57.0,2026-08-18
A377740,2022,2954.1,2026-08-18
A377740,2023,-470.4,2026-08-18
A377740,2024,122.2,2026-08-18
A377740,2025,167.1,2026-08-18
A352940,2022,-47.8,2026-08-18
A352940,2023,-33.5,2026-08-18
A352940,2024,14.1,2026-08-18
A352940,2025,9.2,2026-08-18
A413630,2022,65.1,2026-08-18
A413630,2023,63.4,2026-08-18
A413630,2024,33.2,2026-08-18
A413630,2025,21.4,2026-08-18
A413630,2026,40.0,2026-08-18
A413630,2027,58.0,2026-08-18
A413630,2028,65.0,2026-08-18
A001530,2022,447.5,2026-08-18
A001530,2023,63.0,2026-08-18
A001530,2024,78.1,2026-08-18
A001530,2025,-15.4,2026-08-18
A001530,2026,123.0,2026-08-18
A001530,2027,209.0,2026-08-18
A001530,2028,340.0,2026-08-18
A047810,2022,1416.2,2026-08-18
A047810,2023,2475.1,2026-08-18
A047810,2024,2407.2,2026-08-18
A047810,2025,2691.9,2026-08-18
A047810,2026,3653.6,2026-08-18
A047810,2027,5956.6,2026-08-18
A047810,2028,7433.4,2026-08-18
A445090,2022,114.5,2026-08-18
A445090,2023,38.6,2026-08-18
A445090,2024,-169.7,2026-08-18
A445090,2025,-275.8,2026-08-18
A445090,2026,50.0,2026-08-18
A445090,2027,92.0,2026-08-18
A445090,2028,207.0,2026-08-18
A113810,2022,2.2,2026-08-18
A113810,2023,37.2,2026-08-18
A113810,2024,55.2,2026-08-18
A113810,2025,9.6,2026-08-18
A002230,2022,-18.4,2026-08-18
A002230,2023,8.5,2026-08-18
A002230,2024,34.3,2026-08-18
A002230,2025,52.8,2026-08-18
A318060,2022,-74.6,2026-08-18
A318060,2023,-69.8,2026-08-18
A318060,2024,-91.7,2026-08-18
A318060,2025,-110.5,2026-08-18
A318060,2026,3.0,2026-08-18
A318060,2027,83.0,2026-08-18
A318060,2028,222.0,2026-08-18
A950170,2023,-149.9,2026-08-18
A950170,2024,219.0,2026-08-18
A950170,2025,475.5,2026-08-18
A950170,2026,59.2,2026-08-18
A067390,2022,-133.8,2026-08-18
A067390,2023,-363.8,2026-08-18
A067390,2024,-64.0,2026-08-18
A067390,2025,73.6,2026-08-18
A362320,2022,77.0,2026-08-18
A362320,2023,57.4,2026-08-18
A362320,2024,68.7,2026-08-18
A362320,2025,53.7,2026-08-18
A036810,2022,63.3,2026-08-18
A036810,2023,-107.8,2026-08-18
A036810,2024,22.9,2026-08-18
A036810,2025,-5.5,2026-08-18
A126340,2022,93.5,2026-08-18
A126340,2023,30.4,2026-08-18
A126340,2024,-80.7,2026-08-18
A126340,2025,17.7,2026-08-18
A126340,2026,62.0,2026-08-18
A126340,2027,216.0,2026-08-18
A348350,2022,144.6,2026-08-18
A348350,2023,24.2,2026-08-18
A348350,2024,9.7,2026-08-18
A348350,2025,51.3,2026-08-18
A094360,2022,73.0,2026-08-18
A094360,2023,77.7,2026-08-18
A094360,2024,52.8,2026-08-18
A094360,2025,69.6,2026-08-18
A094360,2026,70.0,2026-08-18
A094360,2027,93.0,2026-08-18
A094360,2028,96.0,2026-08-18
A207940,2022,9836.3,2026-08-18
A207940,2023,11136.8,2026-08-18
A207940,2024,13213.7,2026-08-18
A207940,2025,20692.2,2026-08-18
A207940,2026,24162.2,2026-08-18
A207940,2027,28197.6,2026-08-18
A207940,2028,30980.9,2026-08-18
A139670,2022,-160.2,2026-08-18
A139670,2023,18.6,2026-08-18
A139670,2024,5.9,2026-08-18
A139670,2025,9.3,2026-08-18
A005070,2022,324.8,2026-08-18
A005070,2023,323.2,2026-08-18
A005070,2024,250.0,2026-08-18
A005070,2025,23.8,2026-08-18
A005070,2026,157.0,2026-08-18
A005070,2027,524.5,2026-08-18
A005070,2028,1040.0,2026-08-18
A004710,2022,558.8,2026-08-18
A004710,2023,489.4,2026-08-18
A004710,2024,333.5,2026-08-18
A004710,2025,204.2,2026-08-18
A086710,2022,53.2,2026-08-18
A086710,2023,90.4,2026-08-18
A086710,2024,106.4,2026-08-18
A086710,2025,60.6,2026-08-18
A330350,2022,48.8,2026-08-18
A330350,2023,79.1,2026-08-18
A330350,2024,56.6,2026-08-18
A330350,2025,56.6,2026-08-18
A376980,2022,89.5,2026-08-18
A376980,2023,15.7,2026-08-18
A376980,2024,-8.2,2026-08-18
A376980,2025,10.2,2026-08-18
A241770,2022,25.5,2026-08-18
A241770,2023,-76.2,2026-08-18
A241770,2024,41.2,2026-08-18
A241770,2025,153.6,2026-08-18
A002760,2022,32.8,2026-08-18
A002760,2023,5.1,2026-08-18
A002760,2024,-17.9,2026-08-18
A002760,2025,22.3,2026-08-18
A000400,2022,-1251.3,2026-08-18
A000400,2023,3754.3,2026-08-18
A000400,2024,310.6,2026-08-18
A000400,2025,647.4,2026-08-18
A054920,2022,-6.9,2026-08-18
A054920,2023,7.2,2026-08-18
A054920,2024,12.8,2026-08-18
A054920,2025,60.9,2026-08-18
A306620,2022,-37.6,2026-08-18
A306620,2023,21.7,2026-08-18
A306620,2024,36.3,2026-08-18
A306620,2025,16.3,2026-08-18
A014910,2022,24.7,2026-08-18
A014910,2023,5.1,2026-08-18
A014910,2024,11.0,2026-08-18
A014910,2025,16.7,2026-08-18
A434480,2022,11.4,2026-08-18
A434480,2023,0.1,2026-08-18
A434480,2024,-6.4,2026-08-18
A434480,2025,9.4,2026-08-18
A074430,2022,70.3,2026-08-18
A074430,2023,14.6,2026-08-18
A074430,2024,-21.5,2026-08-18
A074430,2025,35.9,2026-08-18
A096870,2022,14.8,2026-08-18
A096870,2023,-3.5,2026-08-18
A096870,2024,-8.4,2026-08-18
A096870,2025,3.1,2026-08-18
A049800,2022,226.1,2026-08-18
A049800,2023,90.6,2026-08-18
A049800,2024,13.9,2026-08-18
A049800,2025,29.3,2026-08-18
A278280,2022,564.7,2026-08-18
A278280,2023,-80.4,2026-08-18
A278280,2024,-227.5,2026-08-18
A278280,2025,37.1,2026-08-18
A278280,2026,-135.5,2026-08-18
A278280,2027,169.5,2026-08-18
A278280,2028,267.0,2026-08-18
A060370,2022,-66.1,2026-08-18
A060370,2023,130.9,2026-08-18
A060370,2024,123.9,2026-08-18
A060370,2025,70.1,2026-08-18
A060370,2026,213.0,2026-08-18
A060370,2027,661.0,2026-08-18
A060370,2028,931.0,2026-08-18
A006660,2022,87.4,2026-08-18
A006660,2023,54.4,2026-08-18
A006660,2024,64.8,2026-08-18
A006660,2025,32.5,2026-08-18
A070300,2022,3.2,2026-08-18
A070300,2023,-1.2,2026-08-18
A070300,2024,-21.8,2026-08-18
A070300,2025,19.0,2026-08-18
A296640,2022,12.9,2026-08-18
A296640,2023,-12.4,2026-08-18
A296640,2024,24.0,2026-08-18
A296640,2025,9.2,2026-08-18
A089890,2022,85.5,2026-08-18
A089890,2023,80.2,2026-08-18
A089890,2024,-56.1,2026-08-18
A089890,2025,173.9,2026-08-18
A024830,2022,149.8,2026-08-18
A024830,2023,59.1,2026-08-18
A024830,2024,13.4,2026-08-18
A024830,2025,30.6,2026-08-18
A096250,2022,30.2,2026-08-18
A096250,2023,34.6,2026-08-18
A096250,2024,17.0,2026-08-18
A096250,2025,1.1,2026-08-18
A010820,2022,31.1,2026-08-18
A010820,2023,25.1,2026-08-18
A010820,2024,43.5,2026-08-18
A010820,2025,106.6,2026-08-18
A001940,2022,1979.2,2026-08-18
A001940,2023,1492.8,2026-08-18
A001940,2024,-36.3,2026-08-18
A001940,2025,-707.5,2026-08-18
A001940,2026,-130.0,2026-08-18
A001940,2027,140.0,2026-08-18
A001940,2028,200.0,2026-08-18
A007370,2022,111.4,2026-08-18
A007370,2023,86.8,2026-08-18
A007370,2024,117.1,2026-08-18
A007370,2025,25.3,2026-08-18
A006400,2022,18080.1,2026-08-18
A006400,2023,15454.9,2026-08-18
A006400,2024,3633.0,2026-08-18
A006400,2025,-17223.6,2026-08-18
A006400,2026,3231.6,2026-08-18
A006400,2027,14225.4,2026-08-18
A006400,2028,23842.6,2026-08-18
A096350,2022,-47.4,2026-08-18
A096350,2023,56.0,2026-08-18
A096350,2024,4.4,2026-08-18
A096350,2025,-1.4,2026-08-18
A045390,2022,95.5,2026-08-18
A045390,2023,35.6,2026-08-18
A045390,2024,78.0,2026-08-18
A045390,2025,75.6,2026-08-18
A140860,2022,326.5,2026-08-18
A140860,2023,275.6,2026-08-18
A140860,2024,385.3,2026-08-18
A140860,2025,421.9,2026-08-18
A140860,2026,543.4,2026-08-18
A140860,2027,713.6,2026-08-18
A140860,2028,877.1,2026-08-18
A200230,2022,-40.6,2026-08-18
A200230,2023,9.7,2026-08-18
A200230,2024,-0.7,2026-08-18
A200230,2025,7.2,2026-08-18
A002220,2022,40.3,2026-08-18
A002220,2023,48.6,2026-08-18
A002220,2024,6.7,2026-08-18
A002220,2025,31.8,2026-08-18
A033920,2022,156.4,2026-08-18
A033920,2023,161.6,2026-08-18
A033920,2024,168.8,2026-08-18
A033920,2025,102.4,2026-08-18
A241690,2022,61.2,2026-08-18
A241690,2023,114.4,2026-08-18
A241690,2024,81.2,2026-08-18
A241690,2025,20.5,2026-08-18
A361390,2022,31.5,2026-08-18
A361390,2023,11.5,2026-08-18
A361390,2024,-21.7,2026-08-18
A361390,2025,-20.9,2026-08-18
A361390,2026,19.0,2026-08-18
A361390,2027,49.0,2026-08-18
A361390,2028,85.0,2026-08-18
A001000,2022,4.6,2026-08-18
A001000,2023,3.9,2026-08-18
A001000,2024,4.2,2026-08-18
A001000,2025,4.9,2026-08-18
A006220,2022,270.2,2026-08-18
A006220,2023,26.2,2026-08-18
A006220,2024,114.2,2026-08-18
A006220,2025,99.3,2026-08-18
A452190,2022,23.8,2026-08-18
A452190,2023,6.5,2026-08-18
A452190,2024,-25.6,2026-08-18
A452190,2025,19.6,2026-08-18
A0017J0,2022,62.2,2026-08-18
A0017J0,2023,-65.2,2026-08-18
A0017J0,2024,59.0,2026-08-18
A0017J0,2025,63.9,2026-08-18
A0017J0,2026,103.0,2026-08-18
A142280,2022,-12.6,2026-08-18
A142280,2023,18.0,2026-08-18
A142280,2024,23.3,2026-08-18
A142280,2025,28.9,2026-08-18
A232680,2022,89.4,2026-08-18
A232680,2023,19.8,2026-08-18
A232680,2024,24.9,2026-08-18
A232680,2025,39.5,2026-08-18
A300080,2022,-66.0,2026-08-18
A300080,2023,-50.9,2026-08-18
A300080,2024,-4.0,2026-08-18
A300080,2025,61.5,2026-08-18
A098460,2022,442.6,2026-08-18
A098460,2023,203.7,2026-08-18
A098460,2024,33.2,2026-08-18
A098460,2025,173.4,2026-08-18
A098460,2026,566.7,2026-08-18
A098460,2027,759.4,2026-08-18
A098460,2028,914.7,2026-08-18
A900310,2022,110.4,2026-08-18
A900310,2023,56.9,2026-08-18
A900310,2024,1.8,2026-08-18
A900310,2025,2.3,2026-08-18
A263800,2022,26.6,2026-08-18
A263800,2023,12.6,2026-08-18
A263800,2024,0.6,2026-08-18
A263800,2025,12.2,2026-08-18
A149980,2022,35.8,2026-08-18
A149980,2023,52.7,2026-08-18
A149980,2024,-63.5,2026-08-18
A149980,2025,41.0,2026-08-18
A027360,2022,48.5,2026-08-18
A027360,2023,177.3,2026-08-18
A027360,2024,83.9,2026-08-18
A027360,2025,118.9,2026-08-18
A027970,2022,211.7,2026-08-18
A027970,2023,135.0,2026-08-18
A027970,2024,193.2,2026-08-18
A027970,2025,31.2,2026-08-18
A033790,2022,14.6,2026-08-18
A033790,2023,-21.2,2026-08-18
A033790,2024,0.1,2026-08-18
A033790,2025,88.5,2026-08-18
A123010,2022,-60.0,2026-08-18
A123010,2023,-101.2,2026-08-18
A123010,2024,-68.8,2026-08-18
A123010,2025,2.1,2026-08-18
A093920,2022,225.6,2026-08-18
A093920,2023,118.4,2026-08-18
A093920,2024,96.2,2026-08-18
A093920,2025,34.3,2026-08-18
A019170,2022,-340.2,2026-08-18
A019170,2023,-473.9,2026-08-18
A019170,2024,-204.6,2026-08-18
A019170,2025,142.6,2026-08-18
A079550,2022,1791.1,2026-08-18
A079550,2023,1863.8,2026-08-18
A079550,2024,2233.9,2026-08-18
A079550,2025,3194.4,2026-08-18
A079550,2026,4475.1,2026-08-18
A079550,2027,6270.8,2026-08-18
A079550,2028,8419.6,2026-08-18
A396300,2022,22.5,2026-08-18
A396300,2023,19.9,2026-08-18
A396300,2024,-26.6,2026-08-18
A396300,2025,-18.5,2026-08-18
A396300,2026,76.0,2026-08-18
A033560,2022,-13.3,2026-08-18
A033560,2023,-77.1,2026-08-18
A033560,2024,32.5,2026-08-18
A033560,2025,6.5,2026-08-18
A004770,2022,16.9,2026-08-18
A004770,2023,9.0,2026-08-18
A004770,2024,25.8,2026-08-18
A004770,2025,22.0,2026-08-18
A004310,2022,79.7,2026-08-18
A004310,2023,69.3,2026-08-18
A004310,2024,1.8,2026-08-18
A004310,2025,41.6,2026-08-18
A078600,2022,119.7,2026-08-18
A078600,2023,62.1,2026-08-18
A078600,2024,293.5,2026-08-18
A078600,2025,206.9,2026-08-18
A078600,2026,396.0,2026-08-18
A078600,2027,501.0,2026-08-18
A078600,2028,627.5,2026-08-18
A009520,2022,63.6,2026-08-18
A009520,2023,44.9,2026-08-18
A009520,2024,14.2,2026-08-18
A009520,2025,10.3,2026-08-18
A005680,2022,162.8,2026-08-18
A005680,2023,64.6,2026-08-18
A005680,2024,73.0,2026-08-18
A005680,2025,92.4,2026-08-18
A050860,2022,138.6,2026-08-18
A050860,2023,118.7,2026-08-18
A050860,2024,63.9,2026-08-18
A050860,2025,39.9,2026-08-18
A377300,2022,-454.8,2026-08-18
A377300,2023,-565.9,2026-08-18
A377300,2024,-574.9,2026-08-18
A377300,2025,503.7,2026-08-18
A377300,2026,1643.6,2026-08-18
A377300,2027,2022.0,2026-08-18
A377300,2028,2327.6,2026-08-18
A018620,2022,11.6,2026-08-18
A018620,2023,7.1,2026-08-18
A018620,2024,3.0,2026-08-18
A018620,2025,3.2,2026-08-18
A322310,2022,-32.9,2026-08-18
A322310,2023,23.7,2026-08-18
A322310,2024,60.8,2026-08-18
A322310,2025,-83.7,2026-08-18
A322310,2026,15.0,2026-08-18
A009150,2022,11828.4,2026-08-18
A009150,2023,6605.4,2026-08-18
A009150,2024,7350.1,2026-08-18
A009150,2025,9133.3,2026-08-18
A009150,2026,19263.6,2026-08-18
A009150,2027,37014.1,2026-08-18
A009150,2028,58301.1,2026-08-18
A138610,2022,6.5,2026-08-18
A138610,2023,-22.3,2026-08-18
A138610,2024,-49.3,2026-08-18
A138610,2025,50.3,2026-08-18
A080220,2022,263.2,2026-08-18
A080220,2023,178.4,2026-08-18
A080220,2024,95.8,2026-08-18
A080220,2025,358.7,2026-08-18
A238200,2022,12.6,2026-08-18
A238200,2023,-3.4,2026-08-18
A238200,2024,-44.9,2026-08-18
A238200,2025,14.0,2026-08-18
A194480,2022,-199.1,2026-08-18
A194480,2023,-479.9,2026-08-18
A194480,2024,271.9,2026-08-18
A194480,2025,63.5,2026-08-18
A194480,2026,-391.0,2026-08-18
A194480,2027,84.0,2026-08-18
A194480,2028,103.0,2026-08-18
A010120,2022,1875.2,2026-08-18
A010120,2023,3248.8,2026-08-18
A010120,2024,3897.2,2026-08-18
A010120,2025,4264.1,2026-08-18
A010120,2026,7165.1,2026-08-18
A010120,2027,10302.4,2026-08-18
A010120,2028,13383.9,2026-08-18
A078000,2022,28.6,2026-08-18
A078000,2023,30.4,2026-08-18
A078000,2024,33.8,2026-08-18
A078000,2025,32.9,2026-08-18
A469610,2022,21.7,2026-08-18
A469610,2023,45.9,2026-08-18
A469610,2024,57.3,2026-08-18
A469610,2025,86.4,2026-08-18
A368770,2022,34.2,2026-08-18
A368770,2023,26.2,2026-08-18
A368770,2024,72.1,2026-08-18
A368770,2025,101.2,2026-08-18
A368770,2026,176.0,2026-08-18
A000100,2022,360.3,2026-08-18
A000100,2023,570.3,2026-08-18
A000100,2024,548.8,2026-08-18
A000100,2025,1043.7,2026-08-18
A000100,2026,1291.3,2026-08-18
A000100,2027,2062.8,2026-08-18
A000100,2028,3097.3,2026-08-18
A034020,2022,11061.2,2026-08-18
A034020,2023,14673.2,2026-08-18
A034020,2024,10176.0,2026-08-18
A034020,2025,7627.1,2026-08-18
A034020,2026,11302.1,2026-08-18
A034020,2027,16265.1,2026-08-18
A034020,2028,20594.0,2026-08-18
A272210,2022,390.9,2026-08-18
A272210,2023,1225.8,2026-08-18
A272210,2024,2193.5,2026-08-18
A272210,2025,1199.0,2026-08-18
A272210,2026,2517.9,2026-08-18
A272210,2027,4711.4,2026-08-18
A272210,2028,5982.5,2026-08-18
A068760,2022,381.7,2026-08-18
A068760,2023,360.7,2026-08-18
A068760,2024,372.2,2026-08-18
A068760,2025,560.9,2026-08-18
A456010,2022,-33.3,2026-08-18
A456010,2023,-23.6,2026-08-18
A456010,2024,-66.9,2026-08-18
A456010,2025,-88.6,2026-08-18
A456010,2026,-20.0,2026-08-18
A456010,2027,84.0,2026-08-18
A456010,2028,165.0,2026-08-18
A0126Z0,2025,-636.4,2026-08-18
A0126Z0,2026,2468.0,2026-08-18
A0126Z0,2027,3099.7,2026-08-18
A0126Z0,2028,2558.3,2026-08-18
A100250,2022,52.3,2026-08-18
A100250,2023,35.2,2026-08-18
A100250,2024,49.1,2026-08-18
A100250,2025,57.8,2026-08-18
A234300,2022,96.0,2026-08-18
A234300,2023,173.8,2026-08-18
A234300,2024,113.1,2026-08-18
A234300,2025,89.6,2026-08-18
A032540,2022,41.4,2026-08-18
A032540,2023,63.3,2026-08-18
A032540,2024,46.6,2026-08-18
A032540,2025,32.9,2026-08-18
A252500,2022,8.3,2026-08-18
A252500,2023,19.6,2026-08-18
A252500,2024,27.4,2026-08-18
A252500,2025,6.3,2026-08-18
A273640,2022,148.9,2026-08-18
A273640,2023,59.6,2026-08-18
A273640,2024,43.2,2026-08-18
A273640,2025,17.4,2026-08-18
A089790,2022,150.7,2026-08-18
A089790,2023,29.6,2026-08-18
A089790,2024,4.4,2026-08-18
A089790,2025,-22.0,2026-08-18
A066590,2022,38.3,2026-08-18
A066590,2023,83.8,2026-08-18
A066590,2024,90.5,2026-08-18
A066590,2025,4.5,2026-08-18
A011500,2022,45.4,2026-08-18
A011500,2023,-24.3,2026-08-18
A011500,2024,60.9,2026-08-18
A011500,2025,35.8,2026-08-18
A131100,2022,32.5,2026-08-18
A131100,2023,135.2,2026-08-18
A131100,2024,97.0,2026-08-18
A131100,2025,33.5,2026-08-18
A008930,2022,676.3,2026-08-18
A008930,2023,1244.7,2026-08-18
A008930,2024,988.7,2026-08-18
A008930,2025,1387.3,2026-08-18
A002810,2022,193.5,2026-08-18
A002810,2023,171.8,2026-08-18
A002810,2024,183.6,2026-08-18
A002810,2025,127.6,2026-08-18
A307950,2022,1423.6,2026-08-18
A307950,2023,1814.1,2026-08-18
A307950,2024,2244.3,2026-08-18
A307950,2025,2553.0,2026-08-18
A307950,2026,2813.8,2026-08-18
A307950,2027,3525.4,2026-08-18
A307950,2028,4478.6,2026-08-18
A134060,2022,18.2,2026-08-18
A134060,2023,10.0,2026-08-18
A134060,2024,7.4,2026-08-18
A134060,2025,8.8,2026-08-18
A263600,2022,189.3,2026-08-18
A263600,2023,-88.4,2026-08-18
A263600,2024,-9.9,2026-08-18
A263600,2025,15.8,2026-08-18
A108230,2022,208.4,2026-08-18
A108230,2023,689.5,2026-08-18
A108230,2024,124.9,2026-08-18
A108230,2025,-31.4,2026-08-18
A047770,2022,38.6,2026-08-18
A047770,2023,29.3,2026-08-18
A047770,2024,10.6,2026-08-18
A047770,2025,24.2,2026-08-18
A347000,2022,33.2,2026-08-18
A347000,2023,22.5,2026-08-18
A347000,2024,27.2,2026-08-18
A347000,2025,25.0,2026-08-18
A451220,2022,2.5,2026-08-18
A451220,2023,-22.4,2026-08-18
A451220,2024,-21.6,2026-08-18
A451220,2025,1.6,2026-08-18
A451220,2026,40.0,2026-08-18
A489460,2024,92.3,2026-08-18
A489460,2025,42.3,2026-08-18
A489460,2026,108.0,2026-08-18
A359090,2022,48.0,2026-08-18
A359090,2023,62.3,2026-08-18
A359090,2024,36.3,2026-08-18
A359090,2025,13.8,2026-08-18
A067080,2022,58.5,2026-08-18
A067080,2023,19.6,2026-08-18
A067080,2024,67.1,2026-08-18
A067080,2025,31.6,2026-08-18
A014470,2022,9.2,2026-08-18
A014470,2023,-3.4,2026-08-18
A014470,2024,48.7,2026-08-18
A014470,2025,17.5,2026-08-18
A033830,2022,40.5,2026-08-18
A033830,2023,41.4,2026-08-18
A033830,2024,14.6,2026-08-18
A033830,2025,14.8,2026-08-18
A003000,2022,-2.3,2026-08-18
A003000,2023,-375.0,2026-08-18
A003000,2024,16.2,2026-08-18
A003000,2025,141.6,2026-08-18
A373170,2022,28.3,2026-08-18
A373170,2023,17.6,2026-08-18
A373170,2024,-10.7,2026-08-18
A373170,2025,8.9,2026-08-18
A219550,2022,5.1,2026-08-18
A219550,2023,-33.2,2026-08-18
A219550,2024,-0.5,2026-08-18
A219550,2025,-4.9,2026-08-18
A196170,2022,-293.7,2026-08-18
A196170,2023,-97.4,2026-08-18
A196170,2024,254.0,2026-08-18
A196170,2025,1069.0,2026-08-18
A196170,2026,2641.5,2026-08-18
A196170,2027,4463.0,2026-08-18
A196170,2028,5872.8,2026-08-18
A042700,2022,1118.6,2026-08-18
A042700,2023,345.7,2026-08-18
A042700,2024,2553.9,2026-08-18
A042700,2025,2513.9,2026-08-18
A042700,2026,3822.0,2026-08-18
A042700,2027,5617.0,2026-08-18
A042700,2028,6843.0,2026-08-18
A025320,2022,128.6,2026-08-18
A025320,2023,241.8,2026-08-18
A025320,2024,212.3,2026-08-18
A025320,2025,67.6,2026-08-18
A025320,2026,85.0,2026-08-18
A025320,2027,111.0,2026-08-18
A025320,2028,155.0,2026-08-18
A356890,2022,18.7,2026-08-18
A356890,2023,12.8,2026-08-18
A356890,2024,113.3,2026-08-18
A356890,2025,4.1,2026-08-18
A126560,2022,95.2,2026-08-18
A126560,2023,88.3,2026-08-18
A126560,2024,69.4,2026-08-18
A126560,2025,63.1,2026-08-18
A013720,2022,3.9,2026-08-18
A013720,2023,7.9,2026-08-18
A013720,2024,14.1,2026-08-18
A013720,2025,7.6,2026-08-18
A389020,2022,2.0,2026-08-18
A389020,2023,-21.4,2026-08-18
A389020,2024,3.7,2026-08-18
A389020,2025,-70.6,2026-08-18
A389020,2027,40.0,2026-08-18
A389020,2028,170.0,2026-08-18
A081000,2022,32.7,2026-08-18
A081000,2023,-43.7,2026-08-18
A081000,2024,-46.4,2026-08-18
A081000,2025,-67.9,2026-08-18
A052690,2022,139.4,2026-08-18
A052690,2023,285.6,2026-08-18
A052690,2024,709.4,2026-08-18
A052690,2025,354.5,2026-08-18
A052690,2026,663.2,2026-08-18
A052690,2027,962.5,2026-08-18
A052690,2028,1471.0,2026-08-18
A424760,2022,16.2,2026-08-18
A424760,2023,-3.7,2026-08-18
A424760,2024,-19.6,2026-08-18
A424760,2025,8.8,2026-08-18
A285490,2022,264.7,2026-08-18
A285490,2023,256.1,2026-08-18
A285490,2024,126.1,2026-08-18
A285490,2025,67.0,2026-08-18
A263810,2022,8.4,2026-08-18
A263810,2023,15.4,2026-08-18
A263810,2024,21.3,2026-08-18
A263810,2025,25.6,2026-08-18
A104700,2022,1215.0,2026-08-18
A104700,2023,865.5,2026-08-18
A104700,2024,18.1,2026-08-18
A104700,2025,-387.0,2026-08-18
A104700,2026,-110.0,2026-08-18
A104700,2027,90.0,2026-08-18
A104700,2028,120.0,2026-08-18
A242040,2022,21.8,2026-08-18
A242040,2023,-7.5,2026-08-18
A242040,2024,-22.3,2026-08-18
A242040,2025,22.5,2026-08-18
A057030,2022,47.8,2026-08-18
A057030,2023,51.2,2026-08-18
A057030,2024,27.9,2026-08-18
A057030,2025,9.5,2026-08-18
A057540,2022,18.6,2026-08-18
A057540,2023,3.1,2026-08-18
A057540,2024,59.5,2026-08-18
A057540,2025,10.2,2026-08-18
A020150,2022,847.7,2026-08-18
A020150,2023,118.1,2026-08-18
A020150,2024,-644.4,2026-08-18
A020150,2025,-1452.3,2026-08-18
A020150,2026,-499.0,2026-08-18
A020150,2027,437.4,2026-08-18
A020150,2028,1168.3,2026-08-18
A198940,2022,52.5,2026-08-18
A198940,2023,-135.8,2026-08-18
A198940,2024,-86.6,2026-08-18
A198940,2025,13.3,2026-08-18
A065350,2022,320.6,2026-08-18
A065350,2023,298.7,2026-08-18
A065350,2024,264.7,2026-08-18
A065350,2025,276.9,2026-08-18
A017650,2022,292.0,2026-08-18
A017650,2023,218.3,2026-08-18
A017650,2024,98.3,2026-08-18
A017650,2025,52.8,2026-08-18
A336680,2023,296.8,2026-08-18
A336680,2024,260.4,2026-08-18
A336680,2025,89.0,2026-08-18
A096240,2022,256.5,2026-08-18
A096240,2023,252.2,2026-08-18
A096240,2024,103.2,2026-08-18
A096240,2025,22.4,2026-08-18
A200470,2022,45.9,2026-08-18
A200470,2023,-228.8,2026-08-18
A200470,2024,-215.3,2026-08-18
A200470,2025,52.7,2026-08-18
A007610,2022,-112.9,2026-08-18
A007610,2023,-72.1,2026-08-18
A007610,2024,-57.5,2026-08-18
A007610,2025,12.5,2026-08-18
A123570,2022,93.3,2026-08-18
A123570,2023,36.7,2026-08-18
A123570,2024,47.6,2026-08-18
A123570,2025,2.7,2026-08-18
A086520,2022,6132.3,2026-08-18
A086520,2023,2981.7,2026-08-18
A086520,2024,-2930.4,2026-08-18
A086520,2025,2137.6,2026-08-18
A003920,2022,-868.1,2026-08-18
A003920,2023,-715.0,2026-08-18
A003920,2024,-98.1,2026-08-18
A003920,2025,51.7,2026-08-18
A008970,2022,77.4,2026-08-18
A008970,2023,22.0,2026-08-18
A008970,2024,66.8,2026-08-18
A008970,2025,-16.2,2026-08-18
A220260,2022,44.4,2026-08-18
A220260,2023,34.3,2026-08-18
A220260,2024,37.9,2026-08-18
A220260,2025,10.5,2026-08-18
A036480,2022,-3.3,2026-08-18
A036480,2023,-6.9,2026-08-18
A036480,2024,-15.5,2026-08-18
A036480,2025,7.1,2026-08-18
A019570,2022,-172.7,2026-08-18
A019570,2023,-103.1,2026-08-18
A019570,2024,12.7,2026-08-18
A019570,2025,33.1,2026-08-18
A187420,2022,-62.2,2026-08-18
A187420,2023,-94.6,2026-08-18
A187420,2024,-18.8,2026-08-18
A187420,2025,12.1,2026-08-18
A020400,2022,23.4,2026-08-18
A020400,2023,13.0,2026-08-18
A020400,2024,-65.0,2026-08-18
A020400,2025,1.0,2026-08-18
A025900,2022,724.4,2026-08-18
A025900,2023,-165.7,2026-08-18
A025900,2024,75.4,2026-08-18
A025900,2025,-137.9,2026-08-18
A025900,2026,-11.0,2026-08-18
A025900,2027,85.0,2026-08-18
A025900,2028,380.0,2026-08-18
A214390,2022,13.9,2026-08-18
A214390,2023,55.4,2026-08-18
A214390,2024,104.5,2026-08-18
A214390,2025,35.2,2026-08-18
A060570,2022,-86.7,2026-08-18
A060570,2023,-33.5,2026-08-18
A060570,2024,-31.5,2026-08-18
A060570,2025,5.9,2026-08-18
A475960,2023,-67.3,2026-08-18
A475960,2024,-87.8,2026-08-18
A475960,2025,-55.7,2026-08-18
A475960,2026,1.0,2026-08-18
A475960,2027,111.0,2026-08-18
A475960,2028,359.0,2026-08-18
A046970,2022,13.5,2026-08-18
A046970,2023,-34.5,2026-08-18
A046970,2024,-30.0,2026-08-18
A046970,2025,-6.8,2026-08-18
A001820,2022,305.2,2026-08-18
A001820,2023,236.9,2026-08-18
A001820,2024,178.4,2026-08-18
A001820,2025,128.7,2026-08-18
A014100,2022,16.1,2026-08-18
A014100,2023,-12.9,2026-08-18
A014100,2024,-88.2,2026-08-18
A014100,2025,-11.0,2026-08-18
A216080,2022,40.1,2026-08-18
A216080,2023,26.3,2026-08-18
A216080,2024,41.1,2026-08-18
A216080,2025,38.2,2026-08-18
A011170,2022,-7626.1,2026-08-18
A011170,2023,-3477.0,2026-08-18
A011170,2024,-9145.4,2026-08-18
A011170,2025,-9431.2,2026-08-18
A011170,2026,-589.5,2026-08-18
A011170,2027,503.9,2026-08-18
A011170,2028,3593.9,2026-08-18
A001470,2022,-807.8,2026-08-18
A001470,2023,-781.5,2026-08-18
A001470,2024,-1424.9,2026-08-18
A001470,2025,-266.1,2026-08-18
A109070,2022,-48.1,2026-08-18
A109070,2023,-13.4,2026-08-18
A109070,2024,37.6,2026-08-18
A109070,2025,31.7,2026-08-18
A336260,2022,72.2,2026-08-18
A336260,2023,16.4,2026-08-18
A336260,2024,-17.3,2026-08-18
A336260,2025,-1056.7,2026-08-18
A336260,2026,-715.2,2026-08-18
A336260,2027,505.2,2026-08-18
A336260,2028,659.2,2026-08-18
A355150,2022,35.7,2026-08-18
A355150,2023,-13.2,2026-08-18
A355150,2024,-18.9,2026-08-18
A355150,2025,1.8,2026-08-18
A037070,2022,157.9,2026-08-18
A037070,2023,-12.4,2026-08-18
A037070,2024,-168.1,2026-08-18
A037070,2025,33.0,2026-08-18
A162300,2022,158.7,2026-08-18
A162300,2023,130.5,2026-08-18
A162300,2024,104.7,2026-08-18
A162300,2025,30.5,2026-08-18
A0015G0,2022,39.5,2026-08-18
A0015G0,2023,-16.0,2026-08-18
A0015G0,2024,2.0,2026-08-18
A0015G0,2025,22.0,2026-08-18
A000300,2022,-36.5,2026-08-18
A000300,2023,-299.5,2026-08-18
A000300,2024,-51.5,2026-08-18
A000300,2025,32.3,2026-08-18
A314930,2022,66.8,2026-08-18
A314930,2023,-20.5,2026-08-18
A314930,2024,-17.3,2026-08-18
A314930,2025,6.5,2026-08-18
A084440,2022,23.4,2026-08-18
A084440,2023,3.9,2026-08-18
A084440,2024,-20.2,2026-08-18
A084440,2025,14.1,2026-08-18
A247660,2022,5.5,2026-08-18
A247660,2023,-31.6,2026-08-18
A247660,2024,-88.6,2026-08-18
A247660,2025,-19.9,2026-08-18
A281740,2022,353.9,2026-08-18
A281740,2023,295.3,2026-08-18
A281740,2024,221.7,2026-08-18
A281740,2025,132.7,2026-08-18
A003280,2022,296.8,2026-08-18
A003280,2023,245.6,2026-08-18
A003280,2024,275.4,2026-08-18
A003280,2025,112.8,2026-08-18
A222110,2022,-45.9,2026-08-18
A222110,2023,-42.3,2026-08-18
A222110,2024,10.2,2026-08-18
A222110,2025,15.1,2026-08-18
A012690,2022,29.0,2026-08-18
A012690,2023,64.9,2026-08-18
A012690,2024,9.8,2026-08-18
A012690,2025,3.2,2026-08-18
A036170,2022,-10.7,2026-08-18
A036170,2023,0.1,2026-08-18
A036170,2024,3.2,2026-08-18
A036170,2025,23.7,2026-08-18
A413640,2022,45.6,2026-08-18
A413640,2023,-27.0,2026-08-18
A413640,2024,20.3,2026-08-18
A413640,2025,8.7,2026-08-18
A264850,2022,54.7,2026-08-18
A264850,2023,54.5,2026-08-18
A264850,2024,58.5,2026-08-18
A264850,2025,38.9,2026-08-18
A450330,2022,28.9,2026-08-18
A450330,2023,16.1,2026-08-18
A450330,2024,12.4,2026-08-18
A450330,2025,9.0,2026-08-18
A004700,2022,5.1,2026-08-18
A004700,2023,63.4,2026-08-18
A004700,2024,72.3,2026-08-18
A004700,2025,87.9,2026-08-18
A038070,2022,92.0,2026-08-18
A038070,2023,24.9,2026-08-18
A038070,2024,9.5,2026-08-18
A038070,2025,6.9,2026-08-18
A115500,2022,5.4,2026-08-18
A115500,2023,31.5,2026-08-18
A115500,2024,19.8,2026-08-18
A115500,2025,20.6,2026-08-18
A011790,2022,1861.9,2026-08-18
A011790,2023,-2137.3,2026-08-18
A011790,2024,-2757.6,2026-08-18
A011790,2025,-3050.3,2026-08-18
A011790,2026,-660.0,2026-08-18
A011790,2027,786.7,2026-08-18
A011790,2028,2600.3,2026-08-18
A009190,2022,137.1,2026-08-18
A009190,2023,-25.0,2026-08-18
A009190,2024,18.9,2026-08-18
A009190,2025,56.2,2026-08-18
A058110,2022,-17.7,2026-08-18
A058110,2023,-138.7,2026-08-18
A058110,2024,-94.9,2026-08-18
A058110,2025,-27.9,2026-08-18
A493280,2023,-86.4,2026-08-18
A493280,2024,140.0,2026-08-18
A493280,2025,3.0,2026-08-18
A121600,2022,168.2,2026-08-18
A121600,2023,118.9,2026-08-18
A121600,2024,29.9,2026-08-18
A121600,2025,46.8,2026-08-18
A026960,2022,391.8,2026-08-18
A026960,2023,437.5,2026-08-18
A026960,2024,444.8,2026-08-18
A026960,2025,453.4,2026-08-18
A032960,2022,11.0,2026-08-18
A032960,2023,4.2,2026-08-18
A032960,2024,1.9,2026-08-18
A032960,2025,-0.6,2026-08-18
A059120,2022,20.6,2026-08-18
A059120,2023,-9.1,2026-08-18
A059120,2024,-41.9,2026-08-18
A059120,2025,9.6,2026-08-18
A357550,2022,47.1,2026-08-18
A357550,2023,35.0,2026-08-18
A357550,2024,20.2,2026-08-18
A357550,2025,39.0,2026-08-18
A036930,2022,1238.8,2026-08-18
A036930,2023,289.4,2026-08-18
A036930,2024,972.0,2026-08-18
A036930,2025,312.6,2026-08-18
A036930,2026,559.0,2026-08-18
A036930,2027,1342.0,2026-08-18
A036930,2028,1780.0,2026-08-18
A131370,2022,72.5,2026-08-18
A131370,2023,79.3,2026-08-18
A131370,2024,36.8,2026-08-18
A131370,2025,23.9,2026-08-18
A009200,2022,963.1,2026-08-18
A009200,2023,677.8,2026-08-18
A009200,2024,893.9,2026-08-18
A009200,2025,59.5,2026-08-18
A217270,2022,-286.7,2026-08-18
A217270,2023,21.6,2026-08-18
A217270,2024,96.1,2026-08-18
A217270,2025,24.9,2026-08-18
A247540,2022,3806.8,2026-08-18
A247540,2023,1560.3,2026-08-18
A247540,2024,-341.1,2026-08-18
A247540,2025,1433.1,2026-08-18
A247540,2026,849.8,2026-08-18
A247540,2027,1678.6,2026-08-18
A247540,2028,3056.6,2026-08-18
A060280,2022,11.1,2026-08-18
A060280,2023,11.4,2026-08-18
A060280,2024,-58.2,2026-08-18
A060280,2025,23.6,2026-08-18
A328380,2022,-6.1,2026-08-18
A328380,2023,-1.0,2026-08-18
A328380,2024,-17.1,2026-08-18
A328380,2025,5.7,2026-08-18
A067000,2022,74.0,2026-08-18
A067000,2023,253.3,2026-08-18
A067000,2024,116.1,2026-08-18
A067000,2025,56.6,2026-08-18
A029530,2022,-22.1,2026-08-18
A029530,2023,301.1,2026-08-18
A029530,2024,201.6,2026-08-18
A029530,2025,62.5,2026-08-18
A130660,2022,186.5,2026-08-18
A130660,2023,260.4,2026-08-18
A130660,2024,161.4,2026-08-18
A130660,2025,65.7,2026-08-18
A032680,2022,162.8,2026-08-18
A032680,2023,-14.2,2026-08-18
A032680,2024,-13.8,2026-08-18
A032680,2025,-2.4,2026-08-18
A0009K0,2022,-55.9,2026-08-18
A0009K0,2023,-64.2,2026-08-18
A0009K0,2024,-4.1,2026-08-18
A0009K0,2025,207.7,2026-08-18
A122350,2022,114.7,2026-08-18
A122350,2023,78.1,2026-08-18
A122350,2024,51.4,2026-08-18
A122350,2025,82.8,2026-08-18
A069460,2022,93.4,2026-08-18
A069460,2023,83.6,2026-08-18
A069460,2024,58.3,2026-08-18
A069460,2025,34.7,2026-08-18
A356680,2022,54.2,2026-08-18
A356680,2023,41.0,2026-08-18
A356680,2024,34.9,2026-08-18
A356680,2025,37.5,2026-08-18
A094170,2022,-62.6,2026-08-18
A094170,2023,251.1,2026-08-18
A094170,2024,174.7,2026-08-18
A094170,2025,24.2,2026-08-18
A094170,2026,15.0,2026-08-18
A094170,2027,96.0,2026-08-18
A094170,2028,111.0,2026-08-18
A038530,2022,4.5,2026-08-18
A038530,2023,-5.6,2026-08-18
A038530,2024,7.9,2026-08-18
A038530,2025,15.2,2026-08-18
A460940,2022,20.2,2026-08-18
A460940,2023,13.2,2026-08-18
A460940,2024,16.2,2026-08-18
A460940,2025,10.0,2026-08-18
A460940,2026,15.0,2026-08-18
A388610,2022,6.0,2026-08-18
A388610,2023,7.8,2026-08-18
A388610,2024,17.0,2026-08-18
A388610,2025,3.9,2026-08-18
A060480,2022,3.9,2026-08-18
A060480,2023,-21.9,2026-08-18
A060480,2024,-17.0,2026-08-18
A060480,2025,-2.1,2026-08-18
A003670,2022,1658.7,2026-08-18
A003670,2023,358.8,2026-08-18
A003670,2024,7.2,2026-08-18
A003670,2025,328.3,2026-08-18
A003670,2026,1007.3,2026-08-18
A003670,2027,1814.3,2026-08-18
A003670,2028,2833.1,2026-08-18
A085310,2022,8.7,2026-08-18
A085310,2023,-11.0,2026-08-18
A085310,2024,-48.2,2026-08-18
A085310,2025,-6.5,2026-08-18
A058610,2022,254.8,2026-08-18
A058610,2023,159.7,2026-08-18
A058610,2024,123.4,2026-08-18
A058610,2025,179.4,2026-08-18
A058610,2026,232.2,2026-08-18
A058610,2027,304.0,2026-08-18
A058610,2028,320.7,2026-08-18
A016790,2022,-21.5,2026-08-18
A016790,2023,-96.1,2026-08-18
A016790,2024,26.6,2026-08-18
A016790,2025,49.9,2026-08-18
A024800,2022,26.9,2026-08-18
A024800,2023,21.0,2026-08-18
A024800,2024,49.3,2026-08-18
A024800,2025,12.3,2026-08-18
A160550,2022,72.2,2026-08-18
A160550,2023,-55.8,2026-08-18
A160550,2024,-189.6,2026-08-18
A160550,2025,26.5,2026-08-18
A066310,2022,18.5,2026-08-18
A066310,2023,-42.4,2026-08-18
A066310,2024,11.8,2026-08-18
A066310,2025,2.9,2026-08-18
A006340,2022,13.5,2026-08-18
A006340,2023,131.3,2026-08-18
A006340,2024,143.4,2026-08-18
A006340,2025,93.5,2026-08-18
A083640,2022,10.6,2026-08-18
A083640,2023,25.6,2026-08-18
A083640,2024,16.1,2026-08-18
A083640,2025,17.0,2026-08-18
A154040,2022,56.7,2026-08-18
A154040,2023,-1.5,2026-08-18
A154040,2024,20.0,2026-08-18
A154040,2025,17.1,2026-08-18
A302550,2022,16.6,2026-08-18
A302550,2023,-28.6,2026-08-18
A302550,2024,11.2,2026-08-18
A302550,2025,7.3,2026-08-18
A082270,2022,-39.5,2026-08-18
A082270,2023,-78.7,2026-08-18
A082270,2024,-383.4,2026-08-18
A082270,2025,37.9,2026-08-18
A075130,2022,14.7,2026-08-18
A075130,2023,12.7,2026-08-18
A075130,2024,21.4,2026-08-18
A075130,2025,32.6,2026-08-18
A044480,2022,-30.7,2026-08-18
A044480,2023,-6.1,2026-08-18
A044480,2024,-11.3,2026-08-18
A044480,2025,-8.3,2026-08-18
A156100,2022,-130.6,2026-08-18
A156100,2023,20.3,2026-08-18
A156100,2024,30.8,2026-08-18
A156100,2025,7.2,2026-08-18
A004920,2022,0.7,2026-08-18
A004920,2023,-69.7,2026-08-18
A004920,2024,-12.7,2026-08-18
A004920,2025,20.0,2026-08-18
A169330,2022,74.0,2026-08-18
A169330,2023,47.1,2026-08-18
A169330,2024,16.8,2026-08-18
A169330,2025,-12.6,2026-08-18
A446540,2022,80.9,2026-08-18
A446540,2023,-2.5,2026-08-18
A446540,2024,40.0,2026-08-18
A446540,2025,-41.7,2026-08-18
A022100,2022,646.7,2026-08-18
A022100,2023,1105.6,2026-08-18
A022100,2024,1089.9,2026-08-18
A022100,2025,603.9,2026-08-18
A067770,2022,-19.0,2026-08-18
A067770,2023,-25.8,2026-08-18
A067770,2024,7.4,2026-08-18
A067770,2025,-2.1,2026-08-18
A126730,2022,76.0,2026-08-18
A126730,2023,41.9,2026-08-18
A126730,2024,29.0,2026-08-18
A126730,2025,11.4,2026-08-18
A321260,2022,30.7,2026-08-18
A321260,2023,14.7,2026-08-18
A321260,2024,11.8,2026-08-18
A321260,2025,27.7,2026-08-18
A065500,2022,3.6,2026-08-18
A065500,2023,19.8,2026-08-18
A065500,2024,12.2,2026-08-18
A065500,2025,9.1,2026-08-18
A039200,2022,-286.4,2026-08-18
A039200,2023,-326.6,2026-08-18
A039200,2024,-27.3,2026-08-18
A039200,2025,520.8,2026-08-18
A039200,2026,220.0,2026-08-18
A039200,2027,130.0,2026-08-18
A039200,2028,620.0,2026-08-18
A002420,2022,-7.9,2026-08-18
A002420,2023,-7.4,2026-08-18
A002420,2024,-19.8,2026-08-18
A002420,2025,-5.7,2026-08-18
A215090,2022,-28.5,2026-08-18
A215090,2023,-23.7,2026-08-18
A215090,2024,30.3,2026-08-18
A215090,2025,13.2,2026-08-18
A096610,2022,-104.9,2026-08-18
A096610,2023,-172.8,2026-08-18
A096610,2024,-26.0,2026-08-18
A096610,2025,17.7,2026-08-18
A104200,2022,20.8,2026-08-18
A104200,2023,8.0,2026-08-18
A104200,2024,3.6,2026-08-18
A104200,2025,-7.3,2026-08-18
A417860,2022,-20.5,2026-08-18
A417860,2023,-58.3,2026-08-18
A417860,2024,-41.5,2026-08-18
A417860,2025,2.7,2026-08-18
A454910,2022,-132.3,2026-08-18
A454910,2023,-191.7,2026-08-18
A454910,2024,-412.0,2026-08-18
A454910,2025,-594.7,2026-08-18
A454910,2026,130.0,2026-08-18
A454910,2027,400.0,2026-08-18
A454910,2028,1070.0,2026-08-18
A123750,2022,20.9,2026-08-18
A123750,2023,7.4,2026-08-18
A123750,2024,-54.9,2026-08-18
A123750,2025,2.3,2026-08-18
A039860,2022,43.8,2026-08-18
A039860,2023,-22.3,2026-08-18
A039860,2024,6.2,2026-08-18
A039860,2025,11.0,2026-08-18
A010170,2022,34.6,2026-08-18
A010170,2023,-232.2,2026-08-18
A010170,2024,-297.0,2026-08-18
A010170,2025,-214.1,2026-08-18
A010170,2026,-23.0,2026-08-18
A010170,2027,147.0,2026-08-18
A010170,2028,222.0,2026-08-18
A010580,2022,34.2,2026-08-18
A010580,2023,94.7,2026-08-18
A010580,2024,52.2,2026-08-18
A010580,2025,15.7,2026-08-18
A256940,2022,-86.1,2026-08-18
A256940,2023,30.6,2026-08-18
A256940,2024,62.2,2026-08-18
A256940,2025,15.7,2026-08-18
A123690,2022,-0.2,2026-08-18
A123690,2023,30.5,2026-08-18
A123690,2024,37.1,2026-08-18
A123690,2025,5.3,2026-08-18
A491000,2022,-58.2,2026-08-18
A491000,2023,-239.1,2026-08-18
A491000,2024,-265.0,2026-08-18
A491000,2025,-226.4,2026-08-18
A491000,2026,-205.0,2026-08-18
A491000,2027,71.5,2026-08-18
A491000,2028,1146.0,2026-08-18
A214370,2022,336.3,2026-08-18
A214370,2023,403.8,2026-08-18
A214370,2024,342.5,2026-08-18
A214370,2025,204.0,2026-08-18
A053160,2022,6.6,2026-08-18
A053160,2023,-0.1,2026-08-18
A053160,2024,-23.5,2026-08-18
A053160,2025,3.9,2026-08-18
A119830,2022,7.2,2026-08-18
A119830,2023,-73.0,2026-08-18
A119830,2024,-21.9,2026-08-18
A119830,2025,-2.6,2026-08-18
A006890,2022,104.0,2026-08-18
A006890,2023,178.8,2026-08-18
A006890,2024,137.1,2026-08-18
A006890,2025,20.6,2026-08-18
A108860,2022,51.5,2026-08-18
A108860,2023,40.9,2026-08-18
A108860,2024,8.0,2026-08-18
A108860,2025,14.8,2026-08-18
A100590,2022,48.8,2026-08-18
A100590,2023,49.4,2026-08-18
A100590,2024,-8.9,2026-08-18
A100590,2025,-7.3,2026-08-18
A005030,2022,-64.6,2026-08-18
A005030,2023,3.6,2026-08-18
A005030,2024,73.3,2026-08-18
A005030,2025,5.8,2026-08-18
A108490,2022,-21.6,2026-08-18
A108490,2023,-53.0,2026-08-18
A108490,2024,-29.7,2026-08-18
A108490,2025,33.5,2026-08-18
A108490,2026,0.8,2026-08-18
A108490,2027,210.7,2026-08-18
A108490,2028,559.5,2026-08-18
A083550,2022,69.2,2026-08-18
A083550,2023,-77.4,2026-08-18
A083550,2024,-34.3,2026-08-18
A083550,2025,-3.9,2026-08-18
A101170,2022,53.8,2026-08-18
A101170,2023,24.7,2026-08-18
A101170,2024,-16.0,2026-08-18
A101170,2025,11.9,2026-08-18
A025980,2022,1152.2,2026-08-18
A025980,2023,2670.5,2026-08-18
A025980,2024,8.0,2026-08-18
A025980,2025,83.2,2026-08-18
A121890,2022,-7.3,2026-08-18
A121890,2023,10.3,2026-08-18
A121890,2024,-21.6,2026-08-18
A121890,2025,11.0,2026-08-18
A021880,2023,-39.4,2026-08-18
A021880,2024,43.0,2026-08-18
A021880,2025,-101.0,2026-08-18
A021880,2026,-22.2,2026-08-18
A101970,2022,52.3,2026-08-18
A101970,2023,252.7,2026-08-18
A101970,2024,310.9,2026-08-18
A101970,2025,7.1,2026-08-18
A486990,2023,-113.2,2026-08-18
A486990,2024,-120.2,2026-08-18
A486990,2025,-152.8,2026-08-18
A486990,2026,-40.0,2026-08-18
A486990,2027,20.0,2026-08-18
A486990,2028,60.0,2026-08-18
A319400,2022,121.6,2026-08-18
A319400,2023,41.4,2026-08-18
A319400,2024,245.7,2026-08-18
A319400,2025,182.1,2026-08-18
A057680,2022,-24.9,2026-08-18
A057680,2023,-56.2,2026-08-18
A057680,2024,-98.5,2026-08-18
A057680,2025,2.6,2026-08-18
A026940,2022,59.2,2026-08-18
A026940,2023,24.2,2026-08-18
A026940,2024,1.0,2026-08-18
A026940,2025,2.6,2026-08-18
A007110,2022,39.0,2026-08-18
A007110,2023,46.1,2026-08-18
A007110,2024,38.0,2026-08-18
A007110,2025,6.8,2026-08-18
A000520,2022,40.2,2026-08-18
A000520,2023,64.7,2026-08-18
A000520,2024,1.1,2026-08-18
A000520,2025,-222.1,2026-08-18
A000520,2026,-77.0,2026-08-18
A000520,2027,6.0,2026-08-18
A000520,2028,52.0,2026-08-18
A053260,2022,48.9,2026-08-18
A053260,2023,52.9,2026-08-18
A053260,2024,38.1,2026-08-18
A053260,2025,15.0,2026-08-18
A035290,2022,-11.4,2026-08-18
A035290,2023,-13.7,2026-08-18
A035290,2024,-4.9,2026-08-18
A035290,2025,-18.8,2026-08-18
A066430,2022,2.2,2026-08-18
A066430,2023,1.3,2026-08-18
A066430,2024,9.3,2026-08-18
A066430,2025,1.7,2026-08-18
A003610,2022,21.5,2026-08-18
A003610,2023,-41.2,2026-08-18
A003610,2024,-32.7,2026-08-18
A003610,2025,11.2,2026-08-18
A004970,2022,144.7,2026-08-18
A004970,2023,139.3,2026-08-18
A004970,2024,168.2,2026-08-18
A004970,2025,-15.7,2026-08-18
A458650,2023,289.2,2026-08-18
A458650,2024,146.3,2026-08-18
A458650,2025,10.4,2026-08-18
A0088M0,2022,-32.1,2026-08-18
A0088M0,2023,-42.5,2026-08-18
A0088M0,2024,-59.5,2026-08-18
A0088M0,2025,-28.3,2026-08-18
A092070,2022,163.1,2026-08-18
A092070,2023,-28.6,2026-08-18
A092070,2024,-10.2,2026-08-18
A092070,2025,-6.7,2026-08-18
A138360,2022,9.0,2026-08-18
A138360,2023,-23.0,2026-08-18
A138360,2024,-11.7,2026-08-18
A138360,2025,5.8,2026-08-18
A009420,2022,15.1,2026-08-18
A009420,2023,22.1,2026-08-18
A009420,2024,2.3,2026-08-18
A009420,2025,-9.2,2026-08-18
A009420,2026,19.3,2026-08-18
A009420,2027,104.0,2026-08-18
A009420,2028,264.0,2026-08-18
A064260,2022,-27.6,2026-08-18
A064260,2023,35.0,2026-08-18
A064260,2024,13.9,2026-08-18
A064260,2025,23.1,2026-08-18
A015710,2022,-22.8,2026-08-18
A015710,2023,19.1,2026-08-18
A015710,2024,37.3,2026-08-18
A015710,2025,30.0,2026-08-18
A006620,2022,170.4,2026-08-18
A006620,2023,146.2,2026-08-18
A006620,2024,126.9,2026-08-18
A006620,2025,92.5,2026-08-18
A000250,2022,122.2,2026-08-18
A000250,2023,95.6,2026-08-18
A000250,2024,26.4,2026-08-18
A000250,2025,84.7,2026-08-18
A065440,2022,9.4,2026-08-18
A065440,2023,30.3,2026-08-18
A065440,2024,31.0,2026-08-18
A065440,2025,15.3,2026-08-18
A297890,2022,271.2,2026-08-18
A297890,2023,67.6,2026-08-18
A297890,2024,193.4,2026-08-18
A297890,2025,44.0,2026-08-18
A204840,2022,-32.5,2026-08-18
A204840,2023,-32.3,2026-08-18
A204840,2024,-17.7,2026-08-18
A204840,2025,2.7,2026-08-18
A041960,2022,-38.0,2026-08-18
A041960,2023,-62.7,2026-08-18
A041960,2024,61.9,2026-08-18
A041960,2025,19.6,2026-08-18
A046070,2022,94.2,2026-08-18
A046070,2023,-673.9,2026-08-18
A046070,2024,-371.2,2026-08-18
A046070,2025,4.0,2026-08-18
A353590,2022,-38.1,2026-08-18
A353590,2023,-28.0,2026-08-18
A353590,2024,-33.0,2026-08-18
A353590,2025,7.5,2026-08-18
A208370,2022,24.8,2026-08-18
A208370,2023,33.5,2026-08-18
A208370,2024,32.7,2026-08-18
A208370,2025,-1.6,2026-08-18
A036830,2022,735.0,2026-08-18
A036830,2023,1209.6,2026-08-18
A036830,2024,318.1,2026-08-18
A036830,2025,88.6,2026-08-18
A323280,2022,23.1,2026-08-18
A323280,2023,-6.9,2026-08-18
A323280,2024,60.4,2026-08-18
A323280,2025,-25.1,2026-08-18
A277810,2022,13.0,2026-08-18
A277810,2023,-445.9,2026-08-18
A277810,2024,-29.8,2026-08-18
A277810,2025,-24.8,2026-08-18
A277810,2026,40.0,2026-08-18
A277810,2027,120.0,2026-08-18
A277810,2028,370.0,2026-08-18
A388790,2022,39.6,2026-08-18
A388790,2023,-21.2,2026-08-18
A388790,2024,-53.4,2026-08-18
A388790,2025,5.8,2026-08-18
A462350,2022,-243.2,2026-08-18
A462350,2023,-159.3,2026-08-18
A462350,2024,-329.0,2026-08-18
A462350,2025,-722.5,2026-08-18
A462350,2026,-348.0,2026-08-18
A462350,2027,3.0,2026-08-18
A462350,2028,179.0,2026-08-18
A237750,2022,23.9,2026-08-18
A237750,2023,27.2,2026-08-18
A237750,2024,17.9,2026-08-18
A237750,2025,0.2,2026-08-18
A448900,2022,-19.5,2026-08-18
A448900,2023,42.7,2026-08-18
A448900,2024,36.1,2026-08-18
A448900,2025,14.6,2026-08-18
A047920,2022,-64.4,2026-08-18
A047920,2023,-195.4,2026-08-18
A047920,2024,14.7,2026-08-18
A047920,2025,10.6,2026-08-18
A017900,2022,58.4,2026-08-18
A017900,2023,-44.1,2026-08-18
A017900,2024,14.7,2026-08-18
A017900,2025,12.0,2026-08-18
