date,close,code
2024-09-18,275.9100036621094,ADP
2024-09-19,277.69000244140625,ADP
2024-09-20,276.4100036621094,ADP
2024-09-23,277.5799865722656,ADP
2024-09-24,276.6400146484375,ADP
2024-09-25,275.25,ADP
2024-09-26,274.42999267578125,ADP
2024-09-27,272.8800048828125,ADP
2024-09-30,276.7300109863281,ADP
2024-10-01,280.0799865722656,ADP
2024-10-02,283.54998779296875,ADP
2024-10-03,284.6199951171875,ADP
2024-10-04,285.1600036621094,ADP
2024-10-07,282.1199951171875,ADP
2024-10-08,285.4200134277344,ADP
2024-10-09,287.7699890136719,ADP
2024-10-10,286.9100036621094,ADP
2024-10-11,288.3599853515625,ADP
2024-10-14,291.0,ADP
2024-10-15,290.0400085449219,ADP
2024-10-16,290.70001220703125,ADP
2024-10-17,291.9599914550781,ADP
2024-10-18,292.2900085449219,ADP
2024-10-21,290.9100036621094,ADP
2024-10-22,291.3399963378906,ADP
2024-10-23,290.0400085449219,ADP
2024-10-24,289.42999267578125,ADP
2024-10-25,287.9599914550781,ADP
2024-10-28,286.44000244140625,ADP
2024-10-29,287.95001220703125,ADP
2024-10-30,292.7799987792969,ADP
2024-10-31,289.239990234375,ADP
2024-11-01,288.17999267578125,ADP
2024-11-04,289.8599853515625,ADP
2024-11-05,291.17999267578125,ADP
2024-11-06,305.17999267578125,ADP
2024-11-07,304.8500061035156,ADP
2024-11-08,304.7300109863281,ADP
2024-11-11,306.7799987792969,ADP
2024-11-12,307.9100036621094,ADP
2024-11-13,307.5,ADP
2024-11-14,301.989990234375,ADP
2024-11-15,297.6400146484375,ADP
2024-11-18,297.8900146484375,ADP
2024-11-19,297.5400085449219,ADP
2024-11-20,298.5899963378906,ADP
2024-11-21,304.57000732421875,ADP
2024-11-22,305.1499938964844,ADP
2024-11-25,304.6700134277344,ADP
2024-11-26,307.9700012207031,ADP
2024-11-27,306.9200134277344,ADP
2024-11-29,306.92999267578125,ADP
2024-12-02,306.0299987792969,ADP
2024-12-03,303.57000732421875,ADP
2024-12-04,303.489990234375,ADP
2024-12-05,301.79998779296875,ADP
2024-12-06,304.55999755859375,ADP
2024-12-09,297.55999755859375,ADP
2024-12-10,302.2300109863281,ADP
2024-12-11,300.75,ADP
2024-12-12,298.75,ADP
2024-12-13,296.760009765625,ADP
2024-12-16,296.80999755859375,ADP
2024-12-17,295.57000732421875,ADP
2024-12-18,288.5,ADP
2024-12-19,291.3299865722656,ADP
2024-12-20,294.0199890136719,ADP
2024-12-23,294.1499938964844,ADP
2024-12-24,296.4599914550781,ADP
2024-12-26,297.2300109863281,ADP
2024-12-27,296.17999267578125,ADP
2024-12-30,292.9700012207031,ADP
2024-12-31,292.7300109863281,ADP
2025-01-02,289.6499938964844,ADP
2025-01-03,291.69000244140625,ADP
2025-01-06,287.1300048828125,ADP
2025-01-07,288.3999938964844,ADP
2025-01-08,291.8900146484375,ADP
2025-01-10,286.8500061035156,ADP
2025-01-13,290.20001220703125,ADP
2025-01-14,291.69000244140625,ADP
2025-01-15,293.3699951171875,ADP
2025-01-16,296.2300109863281,ADP
2025-01-17,296.17999267578125,ADP
2025-01-21,298.1499938964844,ADP
2025-01-22,296.3599853515625,ADP
2025-01-23,295.79998779296875,ADP
2025-01-24,297.1000061035156,ADP
2025-01-27,300.1499938964844,ADP
2025-01-28,298.30999755859375,ADP
2025-01-29,300.57000732421875,ADP
2025-01-30,303.260009765625,ADP
2025-01-31,303.010009765625,ADP
2025-02-03,307.32000732421875,ADP
2025-02-04,304.6700134277344,ADP
2025-02-05,308.1499938964844,ADP
2025-02-06,308.9700012207031,ADP
2025-02-07,305.9700012207031,ADP
2025-02-10,306.92999267578125,ADP
2025-02-11,305.7799987792969,ADP
2025-02-12,306.6499938964844,ADP
2025-02-13,310.2200012207031,ADP
2025-02-14,308.1499938964844,ADP
2025-02-18,309.95001220703125,ADP
2025-02-19,313.2200012207031,ADP
2025-02-20,311.9700012207031,ADP
2025-02-21,310.760009765625,ADP
2025-02-24,312.20001220703125,ADP
2025-02-25,313.3699951171875,ADP
2025-02-26,311.3800048828125,ADP
2025-02-27,311.29998779296875,ADP
2025-02-28,315.17999267578125,ADP
2025-03-03,318.6400146484375,ADP
2025-03-04,313.44000244140625,ADP
2025-03-05,310.42999267578125,ADP
2025-03-06,302.4599914550781,ADP
2025-03-07,306.45001220703125,ADP
2025-03-10,302.989990234375,ADP
2025-03-11,292.44000244140625,ADP
2025-03-12,294.17999267578125,ADP
2025-03-13,290.54998779296875,ADP
2025-03-14,291.760009765625,ADP
2025-03-17,296.5799865722656,ADP
2025-03-18,295.92999267578125,ADP
2025-03-19,298.7900085449219,ADP
2025-03-20,297.510009765625,ADP
2025-03-21,295.32000732421875,ADP
2025-03-24,298.8900146484375,ADP
2025-03-25,299.3800048828125,ADP
2025-03-26,302.4100036621094,ADP
2025-03-27,305.42999267578125,ADP
2025-03-28,300.8299865722656,ADP
2025-03-31,305.5299987792969,ADP
2025-04-01,306.5400085449219,ADP
2025-04-02,307.2300109863281,ADP
2025-04-03,305.3900146484375,ADP
2025-04-04,286.1300048828125,ADP
2025-04-07,281.2200012207031,ADP
2025-04-08,276.760009765625,ADP
2025-04-09,294.69000244140625,ADP
2025-04-10,292.2099914550781,ADP
2025-04-11,299.5400085449219,ADP
2025-04-14,301.55999755859375,ADP
2025-04-15,298.05999755859375,ADP
2025-04-16,294.1400146484375,ADP
2025-04-17,293.2799987792969,ADP
2025-04-21,284.8500061035156,ADP
2025-04-22,292.8900146484375,ADP
2025-04-23,293.5400085449219,ADP
2025-04-24,294.54998779296875,ADP
2025-04-25,291.760009765625,ADP
2025-04-28,293.57000732421875,ADP
2025-04-29,295.7699890136719,ADP
2025-04-30,300.6000061035156,ADP
2025-05-01,298.69000244140625,ADP
2025-05-02,303.57000732421875,ADP
2025-05-05,303.9599914550781,ADP
2025-05-06,303.3299865722656,ADP
2025-05-07,305.17999267578125,ADP
2025-05-08,307.0899963378906,ADP
2025-05-09,307.7200012207031,ADP
2025-05-12,309.3800048828125,ADP
2025-05-13,308.19000244140625,ADP
2025-05-14,309.4100036621094,ADP
2025-05-15,315.8500061035156,ADP
2025-05-16,319.3699951171875,ADP
2025-05-19,322.9599914550781,ADP
2025-05-20,322.79998779296875,ADP
2025-05-21,322.6300048828125,ADP
2025-05-22,321.6499938964844,ADP
2025-05-23,321.0899963378906,ADP
2025-05-27,325.7099914550781,ADP
2025-05-28,324.1400146484375,ADP
2025-05-29,324.1199951171875,ADP
2025-05-30,325.5299987792969,ADP
2025-06-02,325.79998779296875,ADP
2025-06-03,326.5299987792969,ADP
2025-06-04,326.2099914550781,ADP
2025-06-05,326.2300109863281,ADP
2025-06-06,326.80999755859375,ADP
2025-06-09,318.57000732421875,ADP
2025-06-10,314.5199890136719,ADP
2025-06-11,312.3699951171875,ADP
2025-06-12,309.75,ADP
2025-06-13,306.82000732421875,ADP
2025-06-16,307.9100036621094,ADP
2025-06-17,307.6199951171875,ADP
2025-06-18,306.7699890136719,ADP
2025-06-20,306.260009765625,ADP
2025-06-23,310.239990234375,ADP
2025-06-24,311.3999938964844,ADP
2025-06-25,298.19000244140625,ADP
2025-06-26,302.9800109863281,ADP
2025-06-27,303.45001220703125,ADP
2025-06-30,308.3999938964844,ADP
2025-07-01,310.1300048828125,ADP
2025-07-02,305.04998779296875,ADP
2025-07-03,309.20001220703125,ADP
2025-07-07,308.3999938964844,ADP
2025-07-08,306.8999938964844,ADP
2025-07-09,308.4100036621094,ADP
2025-07-10,305.82000732421875,ADP
2025-07-11,302.6499938964844,ADP
2025-07-14,303.3599853515625,ADP
2025-07-15,298.17999267578125,ADP
2025-07-16,300.2699890136719,ADP
2025-07-17,302.1199951171875,ADP
2025-07-18,301.7900085449219,ADP
2025-07-21,300.8999938964844,ADP
2025-07-22,302.9800109863281,ADP
2025-07-23,304.2300109863281,ADP
2025-07-24,306.239990234375,ADP
2025-07-25,308.6300048828125,ADP
2025-07-28,306.8900146484375,ADP
2025-07-29,308.6400146484375,ADP
2025-07-30,310.94000244140625,ADP
2025-07-31,309.5,ADP
2025-08-01,300.44000244140625,ADP
2025-08-04,302.260009765625,ADP
2025-08-05,299.44000244140625,ADP
2025-08-06,301.6400146484375,ADP
2025-08-07,303.489990234375,ADP
2025-08-08,305.80999755859375,ADP
2025-08-11,303.7200012207031,ADP
2025-08-12,299.6300048828125,ADP
2025-08-13,304.95001220703125,ADP
2025-08-14,301.67999267578125,ADP
2025-08-15,301.7900085449219,ADP
2025-08-18,302.6499938964844,ADP
2025-08-19,305.7200012207031,ADP
2025-08-20,309.0299987792969,ADP
2025-08-21,304.94000244140625,ADP
2025-08-22,307.95001220703125,ADP
2025-08-25,303.8399963378906,ADP
2025-08-26,303.45001220703125,ADP
2025-08-27,303.0899963378906,ADP
2025-08-28,304.1000061035156,ADP
2025-08-29,304.04998779296875,ADP
2025-09-02,299.7699890136719,ADP
2025-09-03,298.8599853515625,ADP
2025-09-04,301.19000244140625,ADP
2025-09-05,295.9700012207031,ADP
2025-09-08,298.42999267578125,ADP
2025-09-09,297.239990234375,ADP
2025-09-10,292.3900146484375,ADP
2025-09-11,298.0299987792969,ADP
2025-09-12,293.5,ADP
2025-09-15,290.8699951171875,ADP
2025-09-16,288.69000244140625,ADP
2025-09-17,288.75,ADP
2025-09-18,290.95001220703125,ADP
2025-09-19,292.0,ADP
2025-09-22,293.6600036621094,ADP
2025-09-23,289.2099914550781,ADP
2025-09-24,291.5,ADP
2025-09-25,288.8900146484375,ADP
2025-09-26,291.5400085449219,ADP
2025-09-29,292.6600036621094,ADP
2025-09-30,293.5,ADP
2025-10-01,291.6099853515625,ADP
2025-10-02,289.8699951171875,ADP
2025-10-03,291.30999755859375,ADP
2025-10-06,290.54998779296875,ADP
2025-10-07,292.94000244140625,ADP
2025-10-08,290.70001220703125,ADP
2025-10-09,285.8900146484375,ADP
2025-10-10,285.19000244140625,ADP
2025-10-13,284.3500061035156,ADP
2025-10-14,285.9200134277344,ADP
2025-10-15,284.2099914550781,ADP
2025-10-16,280.1600036621094,ADP
2025-10-17,281.2699890136719,ADP
2025-10-20,283.0299987792969,ADP
2025-10-21,283.9800109863281,ADP
2025-10-22,283.95001220703125,ADP
2025-10-23,281.54998779296875,ADP
2025-10-24,280.94000244140625,ADP
2025-10-27,280.5299987792969,ADP
2025-10-28,279.6300048828125,ADP
2025-10-29,261.2200012207031,ADP
2025-10-30,261.5299987792969,ADP
2025-10-31,260.29998779296875,ADP
2025-11-03,257.1700134277344,ADP
2025-11-04,259.2200012207031,ADP
2025-11-05,259.57000732421875,ADP
2025-11-06,252.36000061035156,ADP
2025-11-07,254.16000366210938,ADP
2025-11-10,254.05999755859375,ADP
2025-11-11,255.1999969482422,ADP
2025-11-12,254.5500030517578,ADP
2025-11-13,254.61000061035156,ADP
2025-11-14,253.08999633789062,ADP
2025-11-17,250.89999389648438,ADP
2025-11-18,249.69000244140625,ADP
2025-11-19,250.41000366210938,ADP
2025-11-20,249.05999755859375,ADP
2025-11-21,253.1199951171875,ADP
2025-11-24,250.10000610351562,ADP
2025-11-25,256.30999755859375,ADP
2025-11-26,254.3300018310547,ADP
2025-11-28,255.3000030517578,ADP
2025-12-01,255.83999633789062,ADP
2025-12-02,257.17999267578125,ADP
2025-12-03,260.2200012207031,ADP
2025-12-04,259.3999938964844,ADP
2025-12-05,261.6300048828125,ADP
2025-12-08,258.69000244140625,ADP
2025-12-09,258.2300109863281,ADP
2025-12-10,259.3399963378906,ADP
2025-12-11,264.69000244140625,ADP
2025-12-12,266.1000061035156,ADP
2025-12-15,264.95001220703125,ADP
2025-12-16,262.1700134277344,ADP
2025-12-17,265.4700012207031,ADP
2025-12-18,260.9700012207031,ADP
2025-12-19,257.94000244140625,ADP
2025-12-22,259.739990234375,ADP
2025-12-23,257.010009765625,ADP
2025-12-24,258.1000061035156,ADP
2025-12-26,258.8399963378906,ADP
2025-12-29,259.6099853515625,ADP
2025-12-30,259.5299987792969,ADP
2025-12-31,257.2300109863281,ADP
2026-01-02,252.8800048828125,ADP
2026-01-05,257.32000732421875,ADP
2026-01-06,261.1199951171875,ADP
2026-01-07,261.260009765625,ADP
2026-01-08,265.6700134277344,ADP
2026-01-09,266.0199890136719,ADP
2026-01-12,262.79998779296875,ADP
2026-01-13,257.07000732421875,ADP
2026-01-14,258.5,ADP
2026-01-15,260.20001220703125,ADP
2026-01-16,260.44000244140625,ADP
2026-01-20,255.10000610351562,ADP
2026-01-21,256.989990234375,ADP
2026-01-22,259.8599853515625,ADP
2026-01-23,257.8699951171875,ADP
2026-01-26,258.1700134277344,ADP
2026-01-27,254.50999450683594,ADP
2026-01-28,250.69000244140625,ADP
2026-01-29,245.97000122070312,ADP
2026-01-30,246.82000732421875,ADP
2026-02-02,247.55999755859375,ADP
2026-02-03,235.0800018310547,ADP
2026-02-04,234.6699981689453,ADP
2026-02-05,233.99000549316406,ADP
2026-02-06,231.36000061035156,ADP
2026-02-09,226.6199951171875,ADP
2026-02-10,225.52999877929688,ADP
2026-02-11,217.57000732421875,ADP
2026-02-12,209.9600067138672,ADP
2026-02-13,212.11000061035156,ADP
2026-02-17,213.0800018310547,ADP
2026-02-18,217.2100067138672,ADP
2026-02-19,215.97000122070312,ADP
2026-02-20,214.47000122070312,ADP
2026-02-23,205.72999572753906,ADP
2026-02-24,205.67999267578125,ADP
2026-02-25,214.25,ADP
2026-02-26,218.36000061035156,ADP
2026-02-27,214.36000061035156,ADP
2026-03-02,214.97000122070312,ADP
2026-03-03,216.27000427246094,ADP
2026-03-04,217.16000366210938,ADP
2026-03-05,222.6999969482422,ADP
2026-03-06,226.24000549316406,ADP
2026-03-09,223.0399932861328,ADP
2026-03-10,217.3699951171875,ADP
2026-03-11,213.0,ADP
2026-03-12,207.4499969482422,ADP
2026-03-13,208.52000427246094,ADP
2026-03-16,209.11000061035156,ADP
2026-03-17,209.72999572753906,ADP
2026-03-18,208.27999877929688,ADP
2026-03-19,210.66000366210938,ADP
2026-03-20,208.69000244140625,ADP
2026-03-23,209.7100067138672,ADP
2026-03-24,204.88999938964844,ADP
2026-03-25,202.11000061035156,ADP
2026-03-26,204.50999450683594,ADP
2026-03-27,201.25,ADP
2026-03-30,205.47000122070312,ADP
2026-03-31,203.17999267578125,ADP
2026-04-01,201.27999877929688,ADP
2026-04-02,204.00999450683594,ADP
2026-04-06,204.33999633789062,ADP
2026-04-07,203.61000061035156,ADP
2026-04-08,200.77999877929688,ADP
2026-04-09,196.02000427246094,ADP
2026-04-10,188.7899932861328,ADP
2026-04-13,195.3800048828125,ADP
2026-04-14,195.0800018310547,ADP
2026-04-15,196.9199981689453,ADP
2026-04-16,200.38999938964844,ADP
2026-04-17,200.47000122070312,ADP
2026-04-20,202.38999938964844,ADP
2026-04-21,202.8699951171875,ADP
2026-04-22,201.69000244140625,ADP
2026-04-23,198.52999877929688,ADP
2026-04-24,196.52999877929688,ADP
2026-04-27,197.22999572753906,ADP
2026-04-28,199.1699981689453,ADP
2026-04-29,215.05999755859375,ADP
2026-04-30,211.94000244140625,ADP
2026-05-01,214.2100067138672,ADP
2026-05-04,211.32000732421875,ADP
2026-05-05,210.60000610351562,ADP
2026-05-06,207.1999969482422,ADP
2026-05-07,214.08999633789062,ADP
2026-05-08,213.0,ADP
2026-05-11,211.6699981689453,ADP
2026-05-12,213.80999755859375,ADP
2026-05-13,208.6300048828125,ADP
2026-05-14,208.3699951171875,ADP
2026-05-15,214.47999572753906,ADP
2026-05-18,222.94000244140625,ADP
2026-05-19,220.44000244140625,ADP
2026-05-20,220.69000244140625,ADP
2026-05-21,220.0800018310547,ADP
2026-05-22,225.30999755859375,ADP
2026-05-26,218.35000610351562,ADP
2026-05-27,217.64999389648438,ADP
2026-05-28,219.86000061035156,ADP
2026-05-29,221.83999633789062,ADP
2026-06-01,233.74000549316406,ADP
2026-06-02,231.17999267578125,ADP
2026-06-03,227.75,ADP
2026-06-04,231.30999755859375,ADP
2026-06-05,231.9499969482422,ADP
2026-06-08,229.0800018310547,ADP
2026-06-09,231.1699981689453,ADP
2026-06-10,231.10000610351562,ADP
2026-06-11,225.77000427246094,ADP
2026-06-12,226.2100067138672,ADP
2026-06-15,223.22000122070312,ADP
2026-06-16,222.0,ADP
2026-06-17,218.75999450683594,ADP
2026-06-18,218.41000366210938,ADP
2026-06-22,214.60000610351562,ADP
2026-06-23,220.5,ADP
2026-06-24,219.86000061035156,ADP
2026-06-25,216.30999755859375,ADP
2026-06-26,223.5500030517578,ADP
2026-06-29,224.97000122070312,ADP
2026-06-30,223.9499969482422,ADP
2026-07-01,235.72999572753906,ADP
2026-07-02,242.27000427246094,ADP
2026-07-06,239.49000549316406,ADP
2026-07-07,245.60000610351562,ADP
2026-07-08,241.3699951171875,ADP
2026-07-09,241.27999877929688,ADP
2026-07-10,241.9199981689453,ADP
2026-07-13,251.0500030517578,ADP
2026-07-14,246.44000244140625,ADP
2026-07-15,247.47000122070312,ADP
2026-07-16,256.55999755859375,ADP
2026-07-17,255.27000427246094,ADP
2026-07-20,255.24000549316406,ADP
2026-07-21,246.22000122070312,ADP
2026-07-22,243.1199951171875,ADP
2026-07-23,242.8800048828125,ADP
2026-07-24,250.08999633789062,ADP
2026-07-27,254.97999572753906,ADP
2026-07-28,264.1700134277344,ADP
2026-07-29,273.3699951171875,ADP
2026-07-30,263.8699951171875,ADP
2026-07-31,266.4599914550781,ADP
2026-08-03,269.7799987792969,ADP
2026-08-04,270.6199951171875,ADP
2026-08-05,270.0899963378906,ADP
2026-08-06,273.510009765625,ADP
2026-08-07,271.32000732421875,ADP
2026-08-10,273.67999267578125,ADP
2026-08-11,271.0899963378906,ADP
2026-08-12,269.3299865722656,ADP
2026-08-13,276.2300109863281,ADP
2026-08-14,272.9599914550781,ADP
2026-08-17,266.05999755859375,ADP
2026-08-18,269.30999755859375,ADP
2026-08-19,277.2200012207031,ADP
2026-08-20,279.2099914550781,ADP
2026-08-21,280.80999755859375,ADP
2026-08-24,283.010009765625,ADP
2026-08-25,282.7799987792969,ADP
2026-08-26,281.3900146484375,ADP
2026-08-27,284.67999267578125,ADP
2026-08-28,287.4800109863281,ADP
2026-08-31,286.1600036621094,ADP
2026-09-01,283.489990234375,ADP
2026-09-02,281.1600036621094,ADP
2026-09-03,283.5299987792969,ADP
2026-09-04,277.6199951171875,ADP
2026-09-08,267.9599914550781,ADP
2026-09-09,265.2200012207031,ADP
2026-09-10,267.3299865722656,ADP
2026-09-11,268.260009765625,ADP
2026-09-14,276.6300048828125,ADP
2026-09-15,276.5299987792969,ADP
2026-09-16,273.19000244140625,ADP
2026-09-17,272.239990234375,ADP
2024-09-18,34.66999816894531,BKR
2024-09-19,36.36000061035156,BKR
2024-09-20,36.040000915527344,BKR
2024-09-23,36.45000076293945,BKR
2024-09-24,36.34000015258789,BKR
2024-09-25,36.04999923706055,BKR
2024-09-26,34.77000045776367,BKR
2024-09-27,36.18000030517578,BKR
2024-09-30,36.150001525878906,BKR
2024-10-01,36.75,BKR
2024-10-02,37.220001220703125,BKR
2024-10-03,37.54999923706055,BKR
2024-10-04,37.93000030517578,BKR
2024-10-07,37.959999084472656,BKR
2024-10-08,37.459999084472656,BKR
2024-10-09,37.59000015258789,BKR
2024-10-10,37.61000061035156,BKR
2024-10-11,37.70000076293945,BKR
2024-10-14,37.63999938964844,BKR
2024-10-15,36.31999969482422,BKR
2024-10-16,36.7400016784668,BKR
2024-10-17,36.880001068115234,BKR
2024-10-18,36.400001525878906,BKR
2024-10-21,36.45000076293945,BKR
2024-10-22,35.97999954223633,BKR
2024-10-23,37.0,BKR
2024-10-24,36.779998779296875,BKR
2024-10-25,37.52000045776367,BKR
2024-10-28,37.400001525878906,BKR
2024-10-29,37.09000015258789,BKR
2024-10-30,37.4900016784668,BKR
2024-10-31,38.08000183105469,BKR
2024-11-01,37.849998474121094,BKR
2024-11-04,38.16999816894531,BKR
2024-11-05,38.58000183105469,BKR
2024-11-06,42.7400016784668,BKR
2024-11-07,43.099998474121094,BKR
2024-11-08,43.02000045776367,BKR
2024-11-11,44.11000061035156,BKR
2024-11-12,43.66999816894531,BKR
2024-11-13,43.06999969482422,BKR
2024-11-14,43.18000030517578,BKR
2024-11-15,42.939998626708984,BKR
2024-11-18,43.06999969482422,BKR
2024-11-19,42.869998931884766,BKR
2024-11-20,44.310001373291016,BKR
2024-11-21,44.880001068115234,BKR
2024-11-22,44.25,BKR
2024-11-25,43.54999923706055,BKR
2024-11-26,43.529998779296875,BKR
2024-11-27,43.61000061035156,BKR
2024-11-29,43.95000076293945,BKR
2024-12-02,43.689998626708984,BKR
2024-12-03,43.66999816894531,BKR
2024-12-04,42.560001373291016,BKR
2024-12-05,42.5099983215332,BKR
2024-12-06,41.310001373291016,BKR
2024-12-09,41.43000030517578,BKR
2024-12-10,41.209999084472656,BKR
2024-12-11,42.459999084472656,BKR
2024-12-12,42.33000183105469,BKR
2024-12-13,42.150001525878906,BKR
2024-12-16,41.79999923706055,BKR
2024-12-17,41.40999984741211,BKR
2024-12-18,40.040000915527344,BKR
2024-12-19,39.79999923706055,BKR
2024-12-20,40.31999969482422,BKR
2024-12-23,40.150001525878906,BKR
2024-12-24,40.790000915527344,BKR
2024-12-26,40.880001068115234,BKR
2024-12-27,40.79999923706055,BKR
2024-12-30,40.939998626708984,BKR
2024-12-31,41.02000045776367,BKR
2025-01-02,41.560001373291016,BKR
2025-01-03,42.65999984741211,BKR
2025-01-06,42.83000183105469,BKR
2025-01-07,43.400001525878906,BKR
2025-01-08,43.439998626708984,BKR
2025-01-10,43.2599983215332,BKR
2025-01-13,44.83000183105469,BKR
2025-01-14,45.06999969482422,BKR
2025-01-15,45.720001220703125,BKR
2025-01-16,46.33000183105469,BKR
2025-01-17,46.540000915527344,BKR
2025-01-21,47.040000915527344,BKR
2025-01-22,45.810001373291016,BKR
2025-01-23,45.65999984741211,BKR
2025-01-24,45.54999923706055,BKR
2025-01-27,43.54999923706055,BKR
2025-01-28,43.279998779296875,BKR
2025-01-29,43.06999969482422,BKR
2025-01-30,44.599998474121094,BKR
2025-01-31,46.18000030517578,BKR
2025-02-03,47.400001525878906,BKR
2025-02-04,47.959999084472656,BKR
2025-02-05,48.849998474121094,BKR
2025-02-06,46.97999954223633,BKR
2025-02-07,46.20000076293945,BKR
2025-02-10,47.40999984741211,BKR
2025-02-11,47.11000061035156,BKR
2025-02-12,46.40999984741211,BKR
2025-02-13,46.150001525878906,BKR
2025-02-14,46.400001525878906,BKR
2025-02-18,46.97999954223633,BKR
2025-02-19,46.88999938964844,BKR
2025-02-20,46.90999984741211,BKR
2025-02-21,45.619998931884766,BKR
2025-02-24,44.619998931884766,BKR
2025-02-25,44.040000915527344,BKR
2025-02-26,43.5099983215332,BKR
2025-02-27,43.58000183105469,BKR
2025-02-28,44.59000015258789,BKR
2025-03-03,43.599998474121094,BKR
2025-03-04,42.86000061035156,BKR
2025-03-05,42.31999969482422,BKR
2025-03-06,41.900001525878906,BKR
2025-03-07,42.88999938964844,BKR
2025-03-10,41.15999984741211,BKR
2025-03-11,41.849998474121094,BKR
2025-03-12,42.47999954223633,BKR
2025-03-13,41.7400016784668,BKR
2025-03-14,42.84000015258789,BKR
2025-03-17,43.880001068115234,BKR
2025-03-18,43.70000076293945,BKR
2025-03-19,44.599998474121094,BKR
2025-03-20,44.689998626708984,BKR
2025-03-21,44.11000061035156,BKR
2025-03-24,44.599998474121094,BKR
2025-03-25,45.18000030517578,BKR
2025-03-26,44.02000045776367,BKR
2025-03-27,43.630001068115234,BKR
2025-03-28,43.08000183105469,BKR
2025-03-31,43.95000076293945,BKR
2025-04-01,44.79999923706055,BKR
2025-04-02,44.91999816894531,BKR
2025-04-03,40.86000061035156,BKR
2025-04-04,35.40999984741211,BKR
2025-04-07,35.709999084472656,BKR
2025-04-08,35.0,BKR
2025-04-09,38.75,BKR
2025-04-10,36.65999984741211,BKR
2025-04-11,37.93000030517578,BKR
2025-04-14,37.810001373291016,BKR
2025-04-15,38.15999984741211,BKR
2025-04-16,38.130001068115234,BKR
2025-04-17,38.90999984741211,BKR
2025-04-21,37.79999923706055,BKR
2025-04-22,38.36000061035156,BKR
2025-04-23,35.88999938964844,BKR
2025-04-24,36.380001068115234,BKR
2025-04-25,36.45000076293945,BKR
2025-04-28,36.209999084472656,BKR
2025-04-29,35.91999816894531,BKR
2025-04-30,35.400001525878906,BKR
2025-05-01,36.189998626708984,BKR
2025-05-02,37.099998474121094,BKR
2025-05-05,36.75,BKR
2025-05-06,36.400001525878906,BKR
2025-05-07,36.310001373291016,BKR
2025-05-08,36.25,BKR
2025-05-09,36.4900016784668,BKR
2025-05-12,37.619998931884766,BKR
2025-05-13,38.18000030517578,BKR
2025-05-14,37.84000015258789,BKR
2025-05-15,37.72999954223633,BKR
2025-05-16,37.790000915527344,BKR
2025-05-19,37.90999984741211,BKR
2025-05-20,37.34000015258789,BKR
2025-05-21,36.650001525878906,BKR
2025-05-22,36.59000015258789,BKR
2025-05-23,36.7400016784668,BKR
2025-05-27,37.22999954223633,BKR
2025-05-28,36.68000030517578,BKR
2025-05-29,37.36000061035156,BKR
2025-05-30,37.04999923706055,BKR
2025-06-02,37.31999969482422,BKR
2025-06-03,37.540000915527344,BKR
2025-06-04,37.290000915527344,BKR
2025-06-05,37.150001525878906,BKR
2025-06-06,37.900001525878906,BKR
2025-06-09,38.33000183105469,BKR
2025-06-10,39.08000183105469,BKR
2025-06-11,39.029998779296875,BKR
2025-06-12,38.630001068115234,BKR
2025-06-13,39.040000915527344,BKR
2025-06-16,38.9900016784668,BKR
2025-06-17,39.599998474121094,BKR
2025-06-18,38.97999954223633,BKR
2025-06-20,39.0,BKR
2025-06-23,37.83000183105469,BKR
2025-06-24,37.970001220703125,BKR
2025-06-25,37.58000183105469,BKR
2025-06-26,38.31999969482422,BKR
2025-06-27,38.060001373291016,BKR
2025-06-30,38.34000015258789,BKR
2025-07-01,38.689998626708984,BKR
2025-07-02,39.83000183105469,BKR
2025-07-03,39.63999938964844,BKR
2025-07-07,39.09000015258789,BKR
2025-07-08,40.11000061035156,BKR
2025-07-09,39.33000183105469,BKR
2025-07-10,39.709999084472656,BKR
2025-07-11,40.70000076293945,BKR
2025-07-14,39.869998931884766,BKR
2025-07-15,38.9900016784668,BKR
2025-07-16,38.68000030517578,BKR
2025-07-17,39.18000030517578,BKR
2025-07-18,39.720001220703125,BKR
2025-07-21,39.849998474121094,BKR
2025-07-22,40.02000045776367,BKR
2025-07-23,44.68000030517578,BKR
2025-07-24,45.720001220703125,BKR
2025-07-25,46.04999923706055,BKR
2025-07-28,46.54999923706055,BKR
2025-07-29,45.75,BKR
2025-07-30,45.529998779296875,BKR
2025-07-31,45.04999923706055,BKR
2025-08-01,43.5099983215332,BKR
2025-08-04,43.75,BKR
2025-08-05,43.81999969482422,BKR
2025-08-06,43.43000030517578,BKR
2025-08-07,42.939998626708984,BKR
2025-08-08,43.290000915527344,BKR
2025-08-11,42.70000076293945,BKR
2025-08-12,42.5099983215332,BKR
2025-08-13,42.849998474121094,BKR
2025-08-14,43.25,BKR
2025-08-15,42.79999923706055,BKR
2025-08-18,42.869998931884766,BKR
2025-08-19,42.95000076293945,BKR
2025-08-20,42.849998474121094,BKR
2025-08-21,43.459999084472656,BKR
2025-08-22,44.7599983215332,BKR
2025-08-25,44.43000030517578,BKR
2025-08-26,44.45000076293945,BKR
2025-08-27,44.779998779296875,BKR
2025-08-28,45.56999969482422,BKR
2025-08-29,45.400001525878906,BKR
2025-09-02,45.36000061035156,BKR
2025-09-03,45.0,BKR
2025-09-04,46.31999969482422,BKR
2025-09-05,45.58000183105469,BKR
2025-09-08,45.63999938964844,BKR
2025-09-09,45.45000076293945,BKR
2025-09-10,46.91999816894531,BKR
2025-09-11,46.970001220703125,BKR
2025-09-12,46.4900016784668,BKR
2025-09-15,46.279998779296875,BKR
2025-09-16,47.22999954223633,BKR
2025-09-17,46.47999954223633,BKR
2025-09-18,47.279998779296875,BKR
2025-09-19,47.34000015258789,BKR
2025-09-22,47.66999816894531,BKR
2025-09-23,48.93000030517578,BKR
2025-09-24,49.869998931884766,BKR
2025-09-25,50.099998474121094,BKR
2025-09-26,50.52000045776367,BKR
2025-09-29,50.54999923706055,BKR
2025-09-30,48.720001220703125,BKR
2025-10-01,48.36000061035156,BKR
2025-10-02,48.400001525878906,BKR
2025-10-03,48.5,BKR
2025-10-06,49.08000183105469,BKR
2025-10-07,48.58000183105469,BKR
2025-10-08,47.849998474121094,BKR
2025-10-09,47.88999938964844,BKR
2025-10-10,45.040000915527344,BKR
2025-10-13,45.4900016784668,BKR
2025-10-14,44.83000183105469,BKR
2025-10-15,44.470001220703125,BKR
2025-10-16,44.63999938964844,BKR
2025-10-17,45.18000030517578,BKR
2025-10-20,46.279998779296875,BKR
2025-10-21,46.75,BKR
2025-10-22,47.29999923706055,BKR
2025-10-23,48.88999938964844,BKR
2025-10-24,47.29999923706055,BKR
2025-10-27,46.599998474121094,BKR
2025-10-28,47.86000061035156,BKR
2025-10-29,48.31999969482422,BKR
2025-10-30,48.58000183105469,BKR
2025-10-31,48.40999984741211,BKR
2025-11-03,48.63999938964844,BKR
2025-11-04,45.970001220703125,BKR
2025-11-05,47.040000915527344,BKR
2025-11-06,47.290000915527344,BKR
2025-11-07,47.869998931884766,BKR
2025-11-10,48.79999923706055,BKR
2025-11-11,48.95000076293945,BKR
2025-11-12,47.529998779296875,BKR
2025-11-13,47.5099983215332,BKR
2025-11-14,48.72999954223633,BKR
2025-11-17,47.880001068115234,BKR
2025-11-18,48.060001373291016,BKR
2025-11-19,48.47999954223633,BKR
2025-11-20,48.06999969482422,BKR
2025-11-21,48.880001068115234,BKR
2025-11-24,49.36000061035156,BKR
2025-11-25,49.43000030517578,BKR
2025-11-26,49.529998779296875,BKR
2025-11-28,50.20000076293945,BKR
2025-12-01,50.15999984741211,BKR
2025-12-02,49.47999954223633,BKR
2025-12-03,50.4900016784668,BKR
2025-12-04,50.61000061035156,BKR
2025-12-05,49.20000076293945,BKR
2025-12-08,47.38999938964844,BKR
2025-12-09,47.689998626708984,BKR
2025-12-10,48.040000915527344,BKR
2025-12-11,47.459999084472656,BKR
2025-12-12,46.86000061035156,BKR
2025-12-15,46.88999938964844,BKR
2025-12-16,45.02000045776367,BKR
2025-12-17,45.290000915527344,BKR
2025-12-18,44.470001220703125,BKR
2025-12-19,44.709999084472656,BKR
2025-12-22,45.560001373291016,BKR
2025-12-23,45.189998626708984,BKR
2025-12-24,45.29999923706055,BKR
2025-12-26,45.25,BKR
2025-12-29,45.380001068115234,BKR
2025-12-30,46.09000015258789,BKR
2025-12-31,45.540000915527344,BKR
2026-01-02,47.13999938964844,BKR
2026-01-05,49.06999969482422,BKR
2026-01-06,49.380001068115234,BKR
2026-01-07,48.84000015258789,BKR
2026-01-08,50.20000076293945,BKR
2026-01-09,49.970001220703125,BKR
2026-01-12,47.95000076293945,BKR
2026-01-13,48.970001220703125,BKR
2026-01-14,49.97999954223633,BKR
2026-01-15,52.0,BKR
2026-01-16,51.75,BKR
2026-01-20,51.2599983215332,BKR
2026-01-21,53.59000015258789,BKR
2026-01-22,54.459999084472656,BKR
2026-01-23,53.91999816894531,BKR
2026-01-26,56.290000915527344,BKR
2026-01-27,56.5,BKR
2026-01-28,56.630001068115234,BKR
2026-01-29,56.72999954223633,BKR
2026-01-30,56.040000915527344,BKR
2026-02-02,56.45000076293945,BKR
2026-02-03,58.0,BKR
2026-02-04,59.16999816894531,BKR
2026-02-05,57.36000061035156,BKR
2026-02-06,58.91999816894531,BKR
2026-02-09,59.54999923706055,BKR
2026-02-10,59.150001525878906,BKR
2026-02-11,61.25,BKR
2026-02-12,61.38999938964844,BKR
2026-02-13,61.20000076293945,BKR
2026-02-17,59.86000061035156,BKR
2026-02-18,61.540000915527344,BKR
2026-02-19,62.560001373291016,BKR
2026-02-20,62.209999084472656,BKR
2026-02-23,63.66999816894531,BKR
2026-02-24,64.72000122070312,BKR
2026-02-25,64.80999755859375,BKR
2026-02-26,64.9000015258789,BKR
2026-02-27,65.26000213623047,BKR
2026-03-02,64.83000183105469,BKR
2026-03-03,62.540000915527344,BKR
2026-03-04,60.880001068115234,BKR
2026-03-05,60.189998626708984,BKR
2026-03-06,59.810001373291016,BKR
2026-03-09,60.099998474121094,BKR
2026-03-10,59.34000015258789,BKR
2026-03-11,58.970001220703125,BKR
2026-03-12,55.900001525878906,BKR
2026-03-13,54.2599983215332,BKR
2026-03-16,55.189998626708984,BKR
2026-03-17,57.0,BKR
2026-03-18,57.47999954223633,BKR
2026-03-19,60.709999084472656,BKR
2026-03-20,60.349998474121094,BKR
2026-03-23,62.529998779296875,BKR
2026-03-24,63.4900016784668,BKR
2026-03-25,62.619998931884766,BKR
2026-03-26,62.36000061035156,BKR
2026-03-27,63.220001220703125,BKR
2026-03-30,60.68000030517578,BKR
2026-03-31,61.04999923706055,BKR
2026-04-01,60.34000015258789,BKR
2026-04-02,60.380001068115234,BKR
2026-04-06,60.70000076293945,BKR
2026-04-07,61.25,BKR
2026-04-08,63.15999984741211,BKR
2026-04-09,63.41999816894531,BKR
2026-04-10,62.83000183105469,BKR
2026-04-13,62.560001373291016,BKR
2026-04-14,61.4900016784668,BKR
2026-04-15,60.06999969482422,BKR
2026-04-16,60.599998474121094,BKR
2026-04-17,59.779998779296875,BKR
2026-04-20,59.16999816894531,BKR
2026-04-21,60.25,BKR
2026-04-22,62.540000915527344,BKR
2026-04-23,64.48999786376953,BKR
2026-04-24,68.94000244140625,BKR
2026-04-27,68.37999725341797,BKR
2026-04-28,67.66999816894531,BKR
2026-04-29,68.80999755859375,BKR
2026-04-30,69.66999816894531,BKR
2026-05-01,69.12000274658203,BKR
2026-05-04,69.01000213623047,BKR
2026-05-05,67.77999877929688,BKR
2026-05-06,66.66999816894531,BKR
2026-05-07,63.529998779296875,BKR
2026-05-08,63.88999938964844,BKR
2026-05-11,64.5999984741211,BKR
2026-05-12,65.23999786376953,BKR
2026-05-13,65.41000366210938,BKR
2026-05-14,64.61000061035156,BKR
2026-05-15,64.12000274658203,BKR
2026-05-18,66.20999908447266,BKR
2026-05-19,65.47000122070312,BKR
2026-05-20,66.79000091552734,BKR
2026-05-21,65.80000305175781,BKR
2026-05-22,66.05999755859375,BKR
2026-05-26,66.7300033569336,BKR
2026-05-27,63.20000076293945,BKR
2026-05-28,64.70999908447266,BKR
2026-05-29,63.880001068115234,BKR
2026-06-01,62.970001220703125,BKR
2026-06-02,64.54000091552734,BKR
2026-06-03,64.2699966430664,BKR
2026-06-04,66.11000061035156,BKR
2026-06-05,62.59000015258789,BKR
2026-06-08,64.83999633789062,BKR
2026-06-09,63.54999923706055,BKR
2026-06-10,63.02000045776367,BKR
2026-06-11,63.47999954223633,BKR
2026-06-12,63.13999938964844,BKR
2026-06-15,62.459999084472656,BKR
2026-06-16,61.52000045776367,BKR
2026-06-17,60.06999969482422,BKR
2026-06-18,58.40999984741211,BKR
2026-06-22,59.150001525878906,BKR
2026-06-23,58.68000030517578,BKR
2026-06-24,56.380001068115234,BKR
2026-06-25,56.939998626708984,BKR
2026-06-26,56.560001373291016,BKR
2026-06-29,56.310001373291016,BKR
2026-06-30,55.5,BKR
2026-07-01,53.81999969482422,BKR
2026-07-02,52.779998779296875,BKR
2026-07-06,53.25,BKR
2026-07-07,54.470001220703125,BKR
2026-07-08,57.58000183105469,BKR
2026-07-09,57.20000076293945,BKR
2026-07-10,57.560001373291016,BKR
2026-07-13,57.65999984741211,BKR
2026-07-14,57.779998779296875,BKR
2026-07-15,57.25,BKR
2026-07-16,56.540000915527344,BKR
2026-07-17,55.95000076293945,BKR
2026-07-20,55.150001525878906,BKR
2026-07-21,56.380001068115234,BKR
2026-07-22,56.599998474121094,BKR
2026-07-23,56.09000015258789,BKR
2026-07-24,57.25,BKR
2026-07-27,60.59000015258789,BKR
2026-07-28,58.459999084472656,BKR
2026-07-29,58.720001220703125,BKR
2026-07-30,59.900001525878906,BKR
2026-07-31,60.4900016784668,BKR
2026-08-03,60.810001373291016,BKR
2026-08-04,61.72999954223633,BKR
2026-08-05,61.66999816894531,BKR
2026-08-06,62.75,BKR
2026-08-07,61.54999923706055,BKR
2026-08-10,64.06999969482422,BKR
2026-08-11,64.80999755859375,BKR
2026-08-12,64.27999877929688,BKR
2026-08-13,63.439998626708984,BKR
2026-08-14,64.81999969482422,BKR
2026-08-17,64.9000015258789,BKR
2026-08-18,64.44000244140625,BKR
2026-08-19,64.4800033569336,BKR
2026-08-20,62.779998779296875,BKR
2026-08-21,62.34000015258789,BKR
2026-08-24,61.9900016784668,BKR
2026-08-25,61.81999969482422,BKR
2026-08-26,62.0,BKR
2026-08-27,62.11000061035156,BKR
2026-08-28,62.40999984741211,BKR
2026-08-31,63.54999923706055,BKR
2026-09-01,63.65999984741211,BKR
2026-09-02,64.62999725341797,BKR
2026-09-03,63.63999938964844,BKR
2026-09-04,63.5,BKR
2026-09-08,63.91999816894531,BKR
2026-09-09,63.63999938964844,BKR
2026-09-10,59.400001525878906,BKR
2026-09-11,59.060001373291016,BKR
2026-09-14,56.779998779296875,BKR
2026-09-15,56.720001220703125,BKR
2026-09-16,56.31999969482422,BKR
2026-09-17,56.56999969482422,BKR
2025-06-05,83.2300033569336,CRCL
2025-06-06,107.69999694824219,CRCL
2025-06-09,115.25,CRCL
2025-06-10,105.91000366210938,CRCL
2025-06-11,117.19999694824219,CRCL
2025-06-12,106.54000091552734,CRCL
2025-06-13,133.55999755859375,CRCL
2025-06-16,151.05999755859375,CRCL
2025-06-17,149.14999389648438,CRCL
2025-06-18,199.58999633789062,CRCL
2025-06-20,240.27999877929688,CRCL
2025-06-23,263.45001220703125,CRCL
2025-06-24,222.64999389648438,CRCL
2025-06-25,198.6199951171875,CRCL
2025-06-26,213.6300048828125,CRCL
2025-06-27,180.42999267578125,CRCL
2025-06-30,181.2899932861328,CRCL
2025-07-01,192.52999877929688,CRCL
2025-07-02,177.97000122070312,CRCL
2025-07-03,188.77000427246094,CRCL
2025-07-07,207.4600067138672,CRCL
2025-07-08,204.80999755859375,CRCL
2025-07-09,200.67999267578125,CRCL
2025-07-10,202.89999389648438,CRCL
2025-07-11,187.3300018310547,CRCL
2025-07-14,204.6999969482422,CRCL
2025-07-15,195.3300018310547,CRCL
2025-07-16,233.1999969482422,CRCL
2025-07-17,235.0800018310547,CRCL
2025-07-18,223.77999877929688,CRCL
2025-07-21,216.10000610351562,CRCL
2025-07-22,198.30999755859375,CRCL
2025-07-23,202.41000366210938,CRCL
2025-07-24,193.0800018310547,CRCL
2025-07-25,192.86000061035156,CRCL
2025-07-28,185.36000061035156,CRCL
2025-07-29,181.63999938964844,CRCL
2025-07-30,190.5,CRCL
2025-07-31,183.52000427246094,CRCL
2025-08-01,168.10000610351562,CRCL
2025-08-04,164.82000732421875,CRCL
2025-08-05,153.92999267578125,CRCL
2025-08-06,161.7100067138672,CRCL
2025-08-07,152.92999267578125,CRCL
2025-08-08,159.02999877929688,CRCL
2025-08-11,161.1699981689453,CRCL
2025-08-12,163.2100067138672,CRCL
2025-08-13,153.16000366210938,CRCL
2025-08-14,139.22999572753906,CRCL
2025-08-15,149.25999450683594,CRCL
2025-08-18,141.5800018310547,CRCL
2025-08-19,135.22999572753906,CRCL
2025-08-20,137.80999755859375,CRCL
2025-08-21,131.8000030517578,CRCL
2025-08-22,135.0399932861328,CRCL
2025-08-25,125.23999786376953,CRCL
2025-08-26,129.0500030517578,CRCL
2025-08-27,127.4000015258789,CRCL
2025-08-28,130.94000244140625,CRCL
2025-08-29,131.97999572753906,CRCL
2025-09-02,120.13999938964844,CRCL
2025-09-03,118.45999908447266,CRCL
2025-09-04,117.48999786376953,CRCL
2025-09-05,114.55999755859375,CRCL
2025-09-08,112.45999908447266,CRCL
2025-09-09,117.98999786376953,CRCL
2025-09-10,113.69000244140625,CRCL
2025-09-11,133.6999969482422,CRCL
2025-09-12,125.31999969482422,CRCL
2025-09-15,134.0500030517578,CRCL
2025-09-16,134.80999755859375,CRCL
2025-09-17,131.0399932861328,CRCL
2025-09-18,140.4199981689453,CRCL
2025-09-19,144.13999938964844,CRCL
2025-09-22,137.63999938964844,CRCL
2025-09-23,130.97000122070312,CRCL
2025-09-24,131.5800018310547,CRCL
2025-09-25,124.66000366210938,CRCL
2025-09-26,126.98999786376953,CRCL
2025-09-29,133.66000366210938,CRCL
2025-09-30,132.5800018310547,CRCL
2025-10-01,129.02999877929688,CRCL
2025-10-02,149.72000122070312,CRCL
2025-10-03,145.77999877929688,CRCL
2025-10-06,148.50999450683594,CRCL
2025-10-07,148.72000122070312,CRCL
2025-10-08,150.4600067138672,CRCL
2025-10-09,150.47999572753906,CRCL
2025-10-10,132.94000244140625,CRCL
2025-10-13,137.47000122070312,CRCL
2025-10-14,134.4600067138672,CRCL
2025-10-15,134.47999572753906,CRCL
2025-10-16,128.4600067138672,CRCL
2025-10-17,126.48999786376953,CRCL
2025-10-20,130.80999755859375,CRCL
2025-10-21,129.85000610351562,CRCL
2025-10-22,124.79000091552734,CRCL
2025-10-23,129.86000061035156,CRCL
2025-10-24,142.0500030517578,CRCL
2025-10-27,143.2899932861328,CRCL
2025-10-28,136.11000061035156,CRCL
2025-10-29,131.74000549316406,CRCL
2025-10-30,122.70999908447266,CRCL
2025-10-31,126.9800033569336,CRCL
2025-11-03,117.86000061035156,CRCL
2025-11-04,111.25,CRCL
2025-11-05,113.02999877929688,CRCL
2025-11-06,100.01000213623047,CRCL
2025-11-07,103.13999938964844,CRCL
2025-11-10,104.0999984741211,CRCL
2025-11-11,98.30000305175781,CRCL
2025-11-12,86.30000305175781,CRCL
2025-11-13,82.33999633789062,CRCL
2025-11-14,81.88999938964844,CRCL
2025-11-17,76.58999633789062,CRCL
2025-11-18,76.5999984741211,CRCL
2025-11-19,69.72000122070312,CRCL
2025-11-20,66.93000030517578,CRCL
2025-11-21,71.33000183105469,CRCL
2025-11-24,72.73999786376953,CRCL
2025-11-25,70.11000061035156,CRCL
2025-11-26,72.63999938964844,CRCL
2025-11-28,79.93000030517578,CRCL
2025-12-01,75.94000244140625,CRCL
2025-12-02,77.44000244140625,CRCL
2025-12-03,86.29000091552734,CRCL
2025-12-04,87.45999908447266,CRCL
2025-12-05,85.62000274658203,CRCL
2025-12-08,83.95999908447266,CRCL
2025-12-09,88.87999725341797,CRCL
2025-12-10,88.41000366210938,CRCL
2025-12-11,88.56999969482422,CRCL
2025-12-12,83.47000122070312,CRCL
2025-12-15,75.45999908447266,CRCL
2025-12-16,83.0,CRCL
2025-12-17,79.19999694824219,CRCL
2025-12-18,80.98999786376953,CRCL
2025-12-19,86.12999725341797,CRCL
2025-12-22,87.0,CRCL
2025-12-23,82.7300033569336,CRCL
2025-12-24,82.63999938964844,CRCL
2025-12-26,81.2699966430664,CRCL
2025-12-29,80.51000213623047,CRCL
2025-12-30,79.88999938964844,CRCL
2025-12-31,79.30000305175781,CRCL
2026-01-02,83.47000122070312,CRCL
2026-01-05,84.80000305175781,CRCL
2026-01-06,84.8499984741211,CRCL
2026-01-07,80.58999633789062,CRCL
2026-01-08,81.79000091552734,CRCL
2026-01-09,82.9000015258789,CRCL
2026-01-12,82.9000015258789,CRCL
2026-01-13,83.45999908447266,CRCL
2026-01-14,84.80000305175781,CRCL
2026-01-15,76.5999984741211,CRCL
2026-01-16,78.61000061035156,CRCL
2026-01-20,72.69999694824219,CRCL
2026-01-21,72.63999938964844,CRCL
2026-01-22,71.3499984741211,CRCL
2026-01-23,71.33000183105469,CRCL
2026-01-26,70.9000015258789,CRCL
2026-01-27,69.95999908447266,CRCL
2026-01-28,72.83999633789062,CRCL
2026-01-29,67.55000305175781,CRCL
2026-01-30,63.93000030517578,CRCL
2026-02-02,58.86000061035156,CRCL
2026-02-03,56.15999984741211,CRCL
2026-02-04,55.04999923706055,CRCL
2026-02-05,50.22999954223633,CRCL
2026-02-06,57.040000915527344,CRCL
2026-02-09,60.099998474121094,CRCL
2026-02-10,59.75,CRCL
2026-02-11,57.86000061035156,CRCL
2026-02-12,56.630001068115234,CRCL
2026-02-13,60.040000915527344,CRCL
2026-02-17,61.619998931884766,CRCL
2026-02-18,63.150001525878906,CRCL
2026-02-19,61.91999816894531,CRCL
2026-02-20,63.02000045776367,CRCL
2026-02-23,61.16999816894531,CRCL
2026-02-24,61.369998931884766,CRCL
2026-02-25,83.13999938964844,CRCL
2026-02-26,87.20999908447266,CRCL
2026-02-27,83.44000244140625,CRCL
2026-03-02,96.13999938964844,CRCL
2026-03-03,99.62999725341797,CRCL
2026-03-04,105.2699966430664,CRCL
2026-03-05,105.73999786376953,CRCL
2026-03-06,101.91000366210938,CRCL
2026-03-09,111.83999633789062,CRCL
2026-03-10,118.08999633789062,CRCL
2026-03-11,112.80999755859375,CRCL
2026-03-12,114.18000030517578,CRCL
2026-03-13,115.37999725341797,CRCL
2026-03-16,125.83000183105469,CRCL
2026-03-17,132.30999755859375,CRCL
2026-03-18,132.83999633789062,CRCL
2026-03-19,128.3300018310547,CRCL
2026-03-20,126.02999877929688,CRCL
2026-03-23,126.63999938964844,CRCL
2026-03-24,101.16999816894531,CRCL
2026-03-25,103.86000061035156,CRCL
2026-03-26,98.2699966430664,CRCL
2026-03-27,93.66000366210938,CRCL
2026-03-30,89.91000366210938,CRCL
2026-03-31,95.41000366210938,CRCL
2026-04-01,90.73999786376953,CRCL
2026-04-02,90.26000213623047,CRCL
2026-04-06,92.1500015258789,CRCL
2026-04-07,94.12000274658203,CRCL
2026-04-08,94.44000244140625,CRCL
2026-04-09,85.0999984741211,CRCL
2026-04-10,88.04000091552734,CRCL
2026-04-13,98.68000030517578,CRCL
2026-04-14,105.48999786376953,CRCL
2026-04-15,105.5199966430664,CRCL
2026-04-16,107.45999908447266,CRCL
2026-04-17,105.91000366210938,CRCL
2026-04-20,106.36000061035156,CRCL
2026-04-21,96.0199966430664,CRCL
2026-04-22,104.36000061035156,CRCL
2026-04-23,100.01000213623047,CRCL
2026-04-24,99.66000366210938,CRCL
2026-04-27,95.44000244140625,CRCL
2026-04-28,94.3499984741211,CRCL
2026-04-29,95.55999755859375,CRCL
2026-04-30,90.87999725341797,CRCL
2026-05-01,99.69999694824219,CRCL
2026-05-04,119.52999877929688,CRCL
2026-05-05,114.19000244140625,CRCL
2026-05-06,121.80000305175781,CRCL
2026-05-07,113.25,CRCL
2026-05-08,113.66999816894531,CRCL
2026-05-11,131.75999450683594,CRCL
2026-05-12,123.6500015258789,CRCL
2026-05-13,126.56999969482422,CRCL
2026-05-14,123.87999725341797,CRCL
2026-05-15,114.0,CRCL
2026-05-18,111.38999938964844,CRCL
2026-05-19,111.02999877929688,CRCL
2026-05-20,111.62000274658203,CRCL
2026-05-21,114.87999725341797,CRCL
2026-05-22,113.12000274658203,CRCL
2026-05-26,104.16999816894531,CRCL
2026-05-27,102.63999938964844,CRCL
2026-05-28,108.23999786376953,CRCL
2026-05-29,113.0,CRCL
2026-06-01,104.97000122070312,CRCL
2026-06-02,100.8499984741211,CRCL
2026-06-03,90.12999725341797,CRCL
2026-06-04,90.54000091552734,CRCL
2026-06-05,80.27999877929688,CRCL
2026-06-08,82.52999877929688,CRCL
2026-06-09,81.0999984741211,CRCL
2026-06-10,78.93000030517578,CRCL
2026-06-11,82.62999725341797,CRCL
2026-06-12,77.83999633789062,CRCL
2026-06-15,83.37000274658203,CRCL
2026-06-16,79.72000122070312,CRCL
2026-06-17,80.58999633789062,CRCL
2026-06-18,80.2300033569336,CRCL
2026-06-22,79.94999694824219,CRCL
2026-06-23,75.68000030517578,CRCL
2026-06-24,70.9800033569336,CRCL
2026-06-25,68.80999755859375,CRCL
2026-06-26,73.56999969482422,CRCL
2026-06-29,75.95999908447266,CRCL
2026-06-30,62.630001068115234,CRCL
2026-07-01,61.95000076293945,CRCL
2026-07-02,64.62000274658203,CRCL
2026-07-06,68.6500015258789,CRCL
2026-07-07,65.1500015258789,CRCL
2026-07-08,64.06999969482422,CRCL
2026-07-09,63.0099983215332,CRCL
2026-07-10,66.13999938964844,CRCL
2026-07-13,63.0,CRCL
2026-07-14,63.220001220703125,CRCL
2026-07-15,65.69000244140625,CRCL
2026-07-16,60.63999938964844,CRCL
2026-07-17,60.459999084472656,CRCL
2026-07-20,65.44999694824219,CRCL
2026-07-21,71.08000183105469,CRCL
2026-07-22,66.16000366210938,CRCL
2026-07-23,62.18000030517578,CRCL
2026-07-24,62.36000061035156,CRCL
2026-07-27,65.66999816894531,CRCL
2026-07-28,64.31999969482422,CRCL
2026-07-29,61.36000061035156,CRCL
2026-07-30,64.23999786376953,CRCL
2026-07-31,62.61000061035156,CRCL
2026-08-03,60.349998474121094,CRCL
2026-08-04,63.25,CRCL
2026-08-05,63.279998779296875,CRCL
2026-08-06,63.279998779296875,CRCL
2026-08-07,66.66999816894531,CRCL
2026-08-10,67.05000305175781,CRCL
2026-08-11,71.16000366210938,CRCL
2026-08-12,71.27999877929688,CRCL
2026-08-13,75.37999725341797,CRCL
2026-08-14,71.5999984741211,CRCL
2026-08-17,74.58999633789062,CRCL
2026-08-18,71.7300033569336,CRCL
2026-08-19,78.58999633789062,CRCL
2026-08-20,83.66000366210938,CRCL
2026-08-21,87.9800033569336,CRCL
2026-08-24,87.72000122070312,CRCL
2026-08-25,92.0199966430664,CRCL
2026-08-26,89.91000366210938,CRCL
2026-08-27,94.23999786376953,CRCL
2026-08-28,87.13999938964844,CRCL
2026-08-31,95.55000305175781,CRCL
2026-09-01,89.4800033569336,CRCL
2026-09-02,88.63999938964844,CRCL
2026-09-03,103.2300033569336,CRCL
2026-09-04,102.05000305175781,CRCL
2026-09-08,96.18000030517578,CRCL
2026-09-09,92.98999786376953,CRCL
2026-09-10,90.31999969482422,CRCL
2026-09-11,90.5999984741211,CRCL
2026-09-14,97.41999816894531,CRCL
2026-09-15,86.30000305175781,CRCL
2026-09-16,80.44999694824219,CRCL
2026-09-17,85.08999633789062,CRCL
2024-09-18,113.18000030517578,DDOG
2024-09-19,115.5199966430664,DDOG
2024-09-20,114.76000213623047,DDOG
2024-09-23,116.22000122070312,DDOG
2024-09-24,117.30999755859375,DDOG
2024-09-25,116.01000213623047,DDOG
2024-09-26,114.20999908447266,DDOG
2024-09-27,114.19999694824219,DDOG
2024-09-30,115.05999755859375,DDOG
2024-10-01,113.9800033569336,DDOG
2024-10-02,116.22000122070312,DDOG
2024-10-03,117.52999877929688,DDOG
2024-10-04,122.69000244140625,DDOG
2024-10-07,122.37999725341797,DDOG
2024-10-08,123.72000122070312,DDOG
2024-10-09,125.16000366210938,DDOG
2024-10-10,130.08999633789062,DDOG
2024-10-11,129.80999755859375,DDOG
2024-10-14,129.1199951171875,DDOG
2024-10-15,126.87999725341797,DDOG
2024-10-16,126.0,DDOG
2024-10-17,126.22000122070312,DDOG
2024-10-18,128.1199951171875,DDOG
2024-10-21,125.80999755859375,DDOG
2024-10-22,124.62000274658203,DDOG
2024-10-23,121.5199966430664,DDOG
2024-10-24,123.88999938964844,DDOG
2024-10-25,126.5999984741211,DDOG
2024-10-28,126.37000274658203,DDOG
2024-10-29,128.75999450683594,DDOG
2024-10-30,128.16000366210938,DDOG
2024-10-31,125.44000244140625,DDOG
2024-11-01,123.26000213623047,DDOG
2024-11-04,125.55999755859375,DDOG
2024-11-05,125.05000305175781,DDOG
2024-11-06,128.35000610351562,DDOG
2024-11-07,129.7899932861328,DDOG
2024-11-08,124.44999694824219,DDOG
2024-11-11,122.36000061035156,DDOG
2024-11-12,123.41000366210938,DDOG
2024-11-13,128.4499969482422,DDOG
2024-11-14,131.42999267578125,DDOG
2024-11-15,126.08999633789062,DDOG
2024-11-18,125.97000122070312,DDOG
2024-11-19,133.41000366210938,DDOG
2024-11-20,135.4499969482422,DDOG
2024-11-21,143.86000061035156,DDOG
2024-11-22,154.8300018310547,DDOG
2024-11-25,156.6300048828125,DDOG
2024-11-26,154.38999938964844,DDOG
2024-11-27,151.9600067138672,DDOG
2024-11-29,152.75,DDOG
2024-12-02,152.8800048828125,DDOG
2024-12-03,155.00999450683594,DDOG
2024-12-04,165.8800048828125,DDOG
2024-12-05,163.35000610351562,DDOG
2024-12-06,168.64999389648438,DDOG
2024-12-09,161.19000244140625,DDOG
2024-12-10,154.91000366210938,DDOG
2024-12-11,156.47999572753906,DDOG
2024-12-12,156.72999572753906,DDOG
2024-12-13,153.02999877929688,DDOG
2024-12-16,155.82000732421875,DDOG
2024-12-17,156.91000366210938,DDOG
2024-12-18,150.1999969482422,DDOG
2024-12-19,146.92999267578125,DDOG
2024-12-20,149.4600067138672,DDOG
2024-12-23,147.4600067138672,DDOG
2024-12-24,148.39999389648438,DDOG
2024-12-26,147.55999755859375,DDOG
2024-12-27,145.99000549316406,DDOG
2024-12-30,144.1699981689453,DDOG
2024-12-31,142.88999938964844,DDOG
2025-01-02,143.6300048828125,DDOG
2025-01-03,144.8300018310547,DDOG
2025-01-06,146.0399932861328,DDOG
2025-01-07,141.39999389648438,DDOG
2025-01-08,141.8800048828125,DDOG
2025-01-10,140.4199981689453,DDOG
2025-01-13,138.0,DDOG
2025-01-14,139.16000366210938,DDOG
2025-01-15,140.9499969482422,DDOG
2025-01-16,136.7899932861328,DDOG
2025-01-17,138.39999389648438,DDOG
2025-01-21,138.39999389648438,DDOG
2025-01-22,140.1199951171875,DDOG
2025-01-23,140.1999969482422,DDOG
2025-01-24,140.99000549316406,DDOG
2025-01-27,142.16000366210938,DDOG
2025-01-28,151.88999938964844,DDOG
2025-01-29,145.72000122070312,DDOG
2025-01-30,142.61000061035156,DDOG
2025-01-31,142.7100067138672,DDOG
2025-02-03,143.15499877929688,DDOG
2025-02-04,145.8300018310547,DDOG
2025-02-05,144.85000610351562,DDOG
2025-02-06,144.85000610351562,DDOG
2025-02-07,142.64999389648438,DDOG
2025-02-10,147.10000610351562,DDOG
2025-02-11,145.4199981689453,DDOG
2025-02-12,148.08999633789062,DDOG
2025-02-13,135.88999938964844,DDOG
2025-02-14,131.00999450683594,DDOG
2025-02-18,130.6300048828125,DDOG
2025-02-19,128.85000610351562,DDOG
2025-02-20,126.23999786376953,DDOG
2025-02-21,119.63999938964844,DDOG
2025-02-24,117.51000213623047,DDOG
2025-02-25,114.9800033569336,DDOG
2025-02-26,113.37000274658203,DDOG
2025-02-27,113.52999877929688,DDOG
2025-02-28,116.55000305175781,DDOG
2025-03-03,113.16999816894531,DDOG
2025-03-04,115.45999908447266,DDOG
2025-03-05,115.08999633789062,DDOG
2025-03-06,111.45999908447266,DDOG
2025-03-07,109.62999725341797,DDOG
2025-03-10,101.6500015258789,DDOG
2025-03-11,101.95999908447266,DDOG
2025-03-12,102.02999877929688,DDOG
2025-03-13,98.68000030517578,DDOG
2025-03-14,101.80000305175781,DDOG
2025-03-17,103.97000122070312,DDOG
2025-03-18,102.93000030517578,DDOG
2025-03-19,104.43000030517578,DDOG
2025-03-20,103.16999816894531,DDOG
2025-03-21,105.02999877929688,DDOG
2025-03-24,110.16999816894531,DDOG
2025-03-25,110.58000183105469,DDOG
2025-03-26,107.97000122070312,DDOG
2025-03-27,104.8499984741211,DDOG
2025-03-28,101.0999984741211,DDOG
2025-03-31,99.20999908447266,DDOG
2025-04-01,101.05999755859375,DDOG
2025-04-02,101.70999908447266,DDOG
2025-04-03,94.47000122070312,DDOG
2025-04-04,87.93000030517578,DDOG
2025-04-07,88.19999694824219,DDOG
2025-04-08,87.0,DDOG
2025-04-09,97.44000244140625,DDOG
2025-04-10,93.18000030517578,DDOG
2025-04-11,92.0199966430664,DDOG
2025-04-14,91.87999725341797,DDOG
2025-04-15,92.55000305175781,DDOG
2025-04-16,91.87999725341797,DDOG
2025-04-17,91.18000030517578,DDOG
2025-04-21,88.91999816894531,DDOG
2025-04-22,91.41999816894531,DDOG
2025-04-23,94.58000183105469,DDOG
2025-04-24,99.5999984741211,DDOG
2025-04-25,101.5199966430664,DDOG
2025-04-28,101.73999786376953,DDOG
2025-04-29,102.30999755859375,DDOG
2025-04-30,102.16000366210938,DDOG
2025-05-01,106.31999969482422,DDOG
2025-05-02,105.0,DDOG
2025-05-05,105.69999694824219,DDOG
2025-05-06,106.05999755859375,DDOG
2025-05-07,106.0199966430664,DDOG
2025-05-08,109.22000122070312,DDOG
2025-05-09,107.87999725341797,DDOG
2025-05-12,113.41999816894531,DDOG
2025-05-13,117.30999755859375,DDOG
2025-05-14,119.08999633789062,DDOG
2025-05-15,117.13999938964844,DDOG
2025-05-16,117.66999816894531,DDOG
2025-05-19,116.45999908447266,DDOG
2025-05-20,116.29000091552734,DDOG
2025-05-21,113.69000244140625,DDOG
2025-05-22,115.66999816894531,DDOG
2025-05-23,114.45999908447266,DDOG
2025-05-27,117.5999984741211,DDOG
2025-05-28,116.30000305175781,DDOG
2025-05-29,117.0,DDOG
2025-05-30,117.87999725341797,DDOG
2025-06-02,117.73999786376953,DDOG
2025-06-03,118.66000366210938,DDOG
2025-06-04,119.69999694824219,DDOG
2025-06-05,121.75,DDOG
2025-06-06,122.16000366210938,DDOG
2025-06-09,121.16999816894531,DDOG
2025-06-10,119.91000366210938,DDOG
2025-06-11,118.62999725341797,DDOG
2025-06-12,122.68000030517578,DDOG
2025-06-13,120.44999694824219,DDOG
2025-06-16,121.93000030517578,DDOG
2025-06-17,124.83999633789062,DDOG
2025-06-18,130.0399932861328,DDOG
2025-06-20,127.5,DDOG
2025-06-23,129.52000427246094,DDOG
2025-06-24,130.8300018310547,DDOG
2025-06-25,130.24000549316406,DDOG
2025-06-26,131.1199951171875,DDOG
2025-06-27,132.0800018310547,DDOG
2025-06-30,134.3300018310547,DDOG
2025-07-01,132.3300018310547,DDOG
2025-07-02,135.00999450683594,DDOG
2025-07-03,155.14999389648438,DDOG
2025-07-07,152.41000366210938,DDOG
2025-07-08,145.94000244140625,DDOG
2025-07-09,142.75,DDOG
2025-07-10,137.49000549316406,DDOG
2025-07-11,137.3699951171875,DDOG
2025-07-14,138.8000030517578,DDOG
2025-07-15,140.55999755859375,DDOG
2025-07-16,139.36000061035156,DDOG
2025-07-17,143.14999389648438,DDOG
2025-07-18,145.02000427246094,DDOG
2025-07-21,145.27000427246094,DDOG
2025-07-22,144.88999938964844,DDOG
2025-07-23,144.0,DDOG
2025-07-24,146.55999755859375,DDOG
2025-07-25,149.83999633789062,DDOG
2025-07-28,150.77000427246094,DDOG
2025-07-29,150.27000427246094,DDOG
2025-07-30,148.8800048828125,DDOG
2025-07-31,139.97999572753906,DDOG
2025-08-01,135.60000610351562,DDOG
2025-08-04,139.1300048828125,DDOG
2025-08-05,132.94000244140625,DDOG
2025-08-06,136.9600067138672,DDOG
2025-08-07,136.3800048828125,DDOG
2025-08-08,130.91000366210938,DDOG
2025-08-11,128.8300018310547,DDOG
2025-08-12,128.9600067138672,DDOG
2025-08-13,128.7100067138672,DDOG
2025-08-14,124.5199966430664,DDOG
2025-08-15,127.25,DDOG
2025-08-18,129.07000732421875,DDOG
2025-08-19,128.99000549316406,DDOG
2025-08-20,128.4600067138672,DDOG
2025-08-21,129.14999389648438,DDOG
2025-08-22,131.22000122070312,DDOG
2025-08-25,128.3800048828125,DDOG
2025-08-26,126.30999755859375,DDOG
2025-08-27,131.72999572753906,DDOG
2025-08-28,140.9600067138672,DDOG
2025-08-29,136.67999267578125,DDOG
2025-09-02,134.69000244140625,DDOG
2025-09-03,132.60000610351562,DDOG
2025-09-04,131.77999877929688,DDOG
2025-09-05,136.0800018310547,DDOG
2025-09-08,136.44000244140625,DDOG
2025-09-09,140.4600067138672,DDOG
2025-09-10,139.1300048828125,DDOG
2025-09-11,139.14999389648438,DDOG
2025-09-12,136.5,DDOG
2025-09-15,138.64999389648438,DDOG
2025-09-16,134.58999633789062,DDOG
2025-09-17,134.22999572753906,DDOG
2025-09-18,136.80999755859375,DDOG
2025-09-19,138.82000732421875,DDOG
2025-09-22,138.35000610351562,DDOG
2025-09-23,137.49000549316406,DDOG
2025-09-24,136.57000732421875,DDOG
2025-09-25,136.60000610351562,DDOG
2025-09-26,139.07000732421875,DDOG
2025-09-29,145.25999450683594,DDOG
2025-09-30,142.39999389648438,DDOG
2025-10-01,152.6999969482422,DDOG
2025-10-02,151.57000732421875,DDOG
2025-10-03,151.82000732421875,DDOG
2025-10-06,157.36000061035156,DDOG
2025-10-07,154.52000427246094,DDOG
2025-10-08,164.1199951171875,DDOG
2025-10-09,164.07000732421875,DDOG
2025-10-10,158.74000549316406,DDOG
2025-10-13,164.1999969482422,DDOG
2025-10-14,160.8800048828125,DDOG
2025-10-15,160.02000427246094,DDOG
2025-10-16,151.1699981689453,DDOG
2025-10-17,152.8699951171875,DDOG
2025-10-20,156.2949981689453,DDOG
2025-10-21,156.25,DDOG
2025-10-22,154.2100067138672,DDOG
2025-10-23,156.58999633789062,DDOG
2025-10-24,156.47000122070312,DDOG
2025-10-27,157.6199951171875,DDOG
2025-10-28,157.27000427246094,DDOG
2025-10-29,156.0,DDOG
2025-10-30,157.07000732421875,DDOG
2025-10-31,162.80999755859375,DDOG
2025-11-03,162.0800018310547,DDOG
2025-11-04,157.50999450683594,DDOG
2025-11-05,154.97999572753906,DDOG
2025-11-06,190.82000732421875,DDOG
2025-11-07,191.24000549316406,DDOG
2025-11-10,199.72000122070312,DDOG
2025-11-11,197.86000061035156,DDOG
2025-11-12,190.88999938964844,DDOG
2025-11-13,185.97000122070312,DDOG
2025-11-14,185.00999450683594,DDOG
2025-11-17,180.25999450683594,DDOG
2025-11-18,176.4600067138672,DDOG
2025-11-19,176.30999755859375,DDOG
2025-11-20,159.57000732421875,DDOG
2025-11-21,157.5500030517578,DDOG
2025-11-24,158.44000244140625,DDOG
2025-11-25,158.99000549316406,DDOG
2025-11-26,158.39999389648438,DDOG
2025-11-28,160.00999450683594,DDOG
2025-12-01,157.89999389648438,DDOG
2025-12-02,156.47999572753906,DDOG
2025-12-03,155.8300018310547,DDOG
2025-12-04,153.0,DDOG
2025-12-05,151.41000366210938,DDOG
2025-12-08,154.27999877929688,DDOG
2025-12-09,152.57000732421875,DDOG
2025-12-10,151.1999969482422,DDOG
2025-12-11,149.89999389648438,DDOG
2025-12-12,146.0,DDOG
2025-12-15,142.0500030517578,DDOG
2025-12-16,140.0500030517578,DDOG
2025-12-17,136.7100067138672,DDOG
2025-12-18,138.2899932861328,DDOG
2025-12-19,140.38999938964844,DDOG
2025-12-22,141.83999633789062,DDOG
2025-12-23,141.22999572753906,DDOG
2025-12-24,138.0399932861328,DDOG
2025-12-26,138.31500244140625,DDOG
2025-12-29,137.94000244140625,DDOG
2025-12-30,137.47999572753906,DDOG
2025-12-31,135.99000549316406,DDOG
2026-01-02,133.77000427246094,DDOG
2026-01-05,133.63999938964844,DDOG
2026-01-06,137.10000610351562,DDOG
2026-01-07,141.44500732421875,DDOG
2026-01-08,130.67999267578125,DDOG
2026-01-09,125.48999786376953,DDOG
2026-01-12,126.56999969482422,DDOG
2026-01-13,125.5,DDOG
2026-01-14,122.41000366210938,DDOG
2026-01-15,120.86000061035156,DDOG
2026-01-16,119.0199966430664,DDOG
2026-01-20,117.0,DDOG
2026-01-21,123.45999908447266,DDOG
2026-01-22,131.25,DDOG
2026-01-23,130.1300048828125,DDOG
2026-01-26,136.63999938964844,DDOG
2026-01-27,138.2100067138672,DDOG
2026-01-28,140.55999755859375,DDOG
2026-01-29,128.17999267578125,DDOG
2026-01-30,129.32000732421875,DDOG
2026-02-02,129.0500030517578,DDOG
2026-02-03,119.66000366210938,DDOG
2026-02-04,115.70999908447266,DDOG
2026-02-05,106.7300033569336,DDOG
2026-02-06,111.69000244140625,DDOG
2026-02-09,114.01000213623047,DDOG
2026-02-10,129.6699981689453,DDOG
2026-02-11,127.33000183105469,DDOG
2026-02-12,126.12999725341797,DDOG
2026-02-13,125.19999694824219,DDOG
2026-02-17,122.55999755859375,DDOG
2026-02-18,121.77999877929688,DDOG
2026-02-19,120.5999984741211,DDOG
2026-02-20,115.66000366210938,DDOG
2026-02-23,102.61499786376953,DDOG
2026-02-24,104.43000030517578,DDOG
2026-02-25,110.33000183105469,DDOG
2026-02-26,116.45999908447266,DDOG
2026-02-27,111.95999908447266,DDOG
2026-03-02,111.11000061035156,DDOG
2026-03-03,111.7699966430664,DDOG
2026-03-04,118.33000183105469,DDOG
2026-03-05,122.36000061035156,DDOG
2026-03-06,125.75,DDOG
2026-03-09,128.55999755859375,DDOG
2026-03-10,123.08000183105469,DDOG
2026-03-11,127.48999786376953,DDOG
2026-03-12,127.16000366210938,DDOG
2026-03-13,124.5199966430664,DDOG
2026-03-16,126.56999969482422,DDOG
2026-03-17,128.8699951171875,DDOG
2026-03-18,131.25999450683594,DDOG
2026-03-19,129.94000244140625,DDOG
2026-03-20,125.08000183105469,DDOG
2026-03-23,129.22999572753906,DDOG
2026-03-24,122.56999969482422,DDOG
2026-03-25,123.29000091552734,DDOG
2026-03-26,124.30000305175781,DDOG
2026-03-27,114.4800033569336,DDOG
2026-03-30,115.80999755859375,DDOG
2026-03-31,118.05000305175781,DDOG
2026-04-01,118.66999816894531,DDOG
2026-04-02,120.36000061035156,DDOG
2026-04-06,116.5,DDOG
2026-04-07,116.54000091552734,DDOG
2026-04-08,116.5,DDOG
2026-04-09,108.9800033569336,DDOG
2026-04-10,105.37000274658203,DDOG
2026-04-13,110.08000183105469,DDOG
2026-04-14,110.56999969482422,DDOG
2026-04-15,121.05999755859375,DDOG
2026-04-16,123.47000122070312,DDOG
2026-04-17,126.61000061035156,DDOG
2026-04-20,129.74000549316406,DDOG
2026-04-21,129.2899932861328,DDOG
2026-04-22,132.13999938964844,DDOG
2026-04-23,127.86000061035156,DDOG
2026-04-24,129.47999572753906,DDOG
2026-04-27,132.66000366210938,DDOG
2026-04-28,131.5500030517578,DDOG
2026-04-29,133.97999572753906,DDOG
2026-04-30,132.19000244140625,DDOG
2026-05-01,140.52999877929688,DDOG
2026-05-04,146.69000244140625,DDOG
2026-05-05,145.72999572753906,DDOG
2026-05-06,143.7100067138672,DDOG
2026-05-07,188.72999572753906,DDOG
2026-05-08,200.16000366210938,DDOG
2026-05-11,202.32000732421875,DDOG
2026-05-12,199.94000244140625,DDOG
2026-05-13,205.30999755859375,DDOG
2026-05-14,202.83999633789062,DDOG
2026-05-15,207.97999572753906,DDOG
2026-05-18,208.82000732421875,DDOG
2026-05-19,215.14999389648438,DDOG
2026-05-20,212.24000549316406,DDOG
2026-05-21,218.0399932861328,DDOG
2026-05-22,222.32000732421875,DDOG
2026-05-26,223.64999389648438,DDOG
2026-05-27,221.80999755859375,DDOG
2026-05-28,225.24000549316406,DDOG
2026-05-29,247.35000610351562,DDOG
2026-06-01,277.489990234375,DDOG
2026-06-02,269.1300048828125,DDOG
2026-06-03,250.3300018310547,DDOG
2026-06-04,243.60000610351562,DDOG
2026-06-05,234.11000061035156,DDOG
2026-06-08,231.67999267578125,DDOG
2026-06-09,227.33999633789062,DDOG
2026-06-10,227.6300048828125,DDOG
2026-06-11,234.24000549316406,DDOG
2026-06-12,229.89999389648438,DDOG
2026-06-15,233.08999633789062,DDOG
2026-06-16,231.11000061035156,DDOG
2026-06-17,226.6300048828125,DDOG
2026-06-18,223.0,DDOG
2026-06-22,221.3699951171875,DDOG
2026-06-23,220.57000732421875,DDOG
2026-06-24,222.64999389648438,DDOG
2026-06-25,220.94000244140625,DDOG
2026-06-26,239.77000427246094,DDOG
2026-06-29,248.57000732421875,DDOG
2026-06-30,260.3599853515625,DDOG
2026-07-01,264.4800109863281,DDOG
2026-07-02,260.3599853515625,DDOG
2026-07-06,255.3699951171875,DDOG
2026-07-07,256.80999755859375,DDOG
2026-07-08,261.0899963378906,DDOG
2026-07-09,269.0,DDOG
2026-07-10,257.5400085449219,DDOG
2026-07-13,260.239990234375,DDOG
2026-07-14,270.7300109863281,DDOG
2026-07-15,264.4599914550781,DDOG
2026-07-16,262.32000732421875,DDOG
2026-07-17,258.69000244140625,DDOG
2026-07-20,263.20001220703125,DDOG
2026-07-21,254.7899932861328,DDOG
2026-07-22,245.77000427246094,DDOG
2026-07-23,244.38999938964844,DDOG
2026-07-24,246.86000061035156,DDOG
2026-07-27,251.86000061035156,DDOG
2026-07-28,250.8800048828125,DDOG
2026-07-29,264.20001220703125,DDOG
2026-07-30,268.55999755859375,DDOG
2026-07-31,267.9700012207031,DDOG
2026-08-03,273.6000061035156,DDOG
2026-08-04,288.1499938964844,DDOG
2026-08-05,283.1700134277344,DDOG
2026-08-06,229.2899932861328,DDOG
2026-08-07,233.92999267578125,DDOG
2026-08-10,260.7799987792969,DDOG
2026-08-11,246.77999877929688,DDOG
2026-08-12,240.91000366210938,DDOG
2026-08-13,252.24000549316406,DDOG
2026-08-14,255.4600067138672,DDOG
2026-08-17,247.32000732421875,DDOG
2026-08-18,246.0,DDOG
2026-08-19,233.52000427246094,DDOG
2026-08-20,232.5500030517578,DDOG
2026-08-21,235.6199951171875,DDOG
2026-08-24,225.77000427246094,DDOG
2026-08-25,222.99000549316406,DDOG
2026-08-26,227.6699981689453,DDOG
2026-08-27,242.92999267578125,DDOG
2026-08-28,236.97999572753906,DDOG
2026-08-31,237.0399932861328,DDOG
2026-09-01,223.83999633789062,DDOG
2026-09-02,209.22999572753906,DDOG
2026-09-03,214.75999450683594,DDOG
2026-09-04,212.92999267578125,DDOG
2026-09-08,210.22999572753906,DDOG
2026-09-09,225.27000427246094,DDOG
2026-09-10,221.72000122070312,DDOG
2026-09-11,221.2100067138672,DDOG
2026-09-14,230.0500030517578,DDOG
2026-09-15,230.27000427246094,DDOG
2026-09-16,230.7899932861328,DDOG
2026-09-17,236.0,DDOG
2024-09-18,51.83000183105469,DT
2024-09-19,52.20000076293945,DT
2024-09-20,51.349998474121094,DT
2024-09-23,52.0099983215332,DT
2024-09-24,52.4900016784668,DT
2024-09-25,52.47999954223633,DT
2024-09-26,52.58000183105469,DT
2024-09-27,52.9900016784668,DT
2024-09-30,53.470001220703125,DT
2024-10-01,52.119998931884766,DT
2024-10-02,52.369998931884766,DT
2024-10-03,52.77000045776367,DT
2024-10-04,53.83000183105469,DT
2024-10-07,53.400001525878906,DT
2024-10-08,53.2599983215332,DT
2024-10-09,53.97999954223633,DT
2024-10-10,54.75,DT
2024-10-11,55.130001068115234,DT
2024-10-14,54.61000061035156,DT
2024-10-15,53.68000030517578,DT
2024-10-16,53.70000076293945,DT
2024-10-17,54.0,DT
2024-10-18,54.86000061035156,DT
2024-10-21,54.380001068115234,DT
2024-10-22,53.560001373291016,DT
2024-10-23,53.25,DT
2024-10-24,54.130001068115234,DT
2024-10-25,54.06999969482422,DT
2024-10-28,54.189998626708984,DT
2024-10-29,55.09000015258789,DT
2024-10-30,55.060001373291016,DT
2024-10-31,53.79999923706055,DT
2024-11-01,54.06999969482422,DT
2024-11-04,54.560001373291016,DT
2024-11-05,54.77000045776367,DT
2024-11-06,56.4900016784668,DT
2024-11-07,54.31999969482422,DT
2024-11-08,52.88999938964844,DT
2024-11-11,53.47999954223633,DT
2024-11-12,53.459999084472656,DT
2024-11-13,53.63999938964844,DT
2024-11-14,53.869998931884766,DT
2024-11-15,52.349998474121094,DT
2024-11-18,52.41999816894531,DT
2024-11-19,51.58000183105469,DT
2024-11-20,51.09000015258789,DT
2024-11-21,52.470001220703125,DT
2024-11-22,55.459999084472656,DT
2024-11-25,55.36000061035156,DT
2024-11-26,55.619998931884766,DT
2024-11-27,55.459999084472656,DT
2024-11-29,56.189998626708984,DT
2024-12-02,56.36000061035156,DT
2024-12-03,57.279998779296875,DT
2024-12-04,59.599998474121094,DT
2024-12-05,58.630001068115234,DT
2024-12-06,58.310001373291016,DT
2024-12-09,57.41999816894531,DT
2024-12-10,56.93000030517578,DT
2024-12-11,56.290000915527344,DT
2024-12-12,56.41999816894531,DT
2024-12-13,54.40999984741211,DT
2024-12-16,54.790000915527344,DT
2024-12-17,55.5,DT
2024-12-18,53.540000915527344,DT
2024-12-19,53.560001373291016,DT
2024-12-20,54.63999938964844,DT
2024-12-23,54.380001068115234,DT
2024-12-24,55.06999969482422,DT
2024-12-26,55.099998474121094,DT
2024-12-27,54.689998626708984,DT
2024-12-30,54.099998474121094,DT
2024-12-31,54.349998474121094,DT
2025-01-02,54.349998474121094,DT
2025-01-03,54.810001373291016,DT
2025-01-06,53.529998779296875,DT
2025-01-07,52.2599983215332,DT
2025-01-08,52.22999954223633,DT
2025-01-10,50.689998626708984,DT
2025-01-13,50.5099983215332,DT
2025-01-14,51.2400016784668,DT
2025-01-15,50.52000045776367,DT
2025-01-16,51.060001373291016,DT
2025-01-17,51.29999923706055,DT
2025-01-21,53.220001220703125,DT
2025-01-22,54.36000061035156,DT
2025-01-23,54.779998779296875,DT
2025-01-24,55.63999938964844,DT
2025-01-27,56.459999084472656,DT
2025-01-28,57.939998626708984,DT
2025-01-29,57.349998474121094,DT
2025-01-30,57.77000045776367,DT
2025-01-31,57.75,DT
2025-02-03,58.900001525878906,DT
2025-02-04,59.29999923706055,DT
2025-02-05,60.43000030517578,DT
2025-02-06,60.119998931884766,DT
2025-02-07,59.83000183105469,DT
2025-02-10,61.209999084472656,DT
2025-02-11,61.380001068115234,DT
2025-02-12,62.41999816894531,DT
2025-02-13,62.380001068115234,DT
2025-02-14,61.29999923706055,DT
2025-02-18,62.369998931884766,DT
2025-02-19,61.63999938964844,DT
2025-02-20,61.2400016784668,DT
2025-02-21,59.880001068115234,DT
2025-02-24,58.9900016784668,DT
2025-02-25,58.41999816894531,DT
2025-02-26,58.790000915527344,DT
2025-02-27,57.310001373291016,DT
2025-02-28,57.25,DT
2025-03-03,55.7400016784668,DT
2025-03-04,55.099998474121094,DT
2025-03-05,56.150001525878906,DT
2025-03-06,53.58000183105469,DT
2025-03-07,52.209999084472656,DT
2025-03-10,48.689998626708984,DT
2025-03-11,49.310001373291016,DT
2025-03-12,49.220001220703125,DT
2025-03-13,47.31999969482422,DT
2025-03-14,48.470001220703125,DT
2025-03-17,50.380001068115234,DT
2025-03-18,49.15999984741211,DT
2025-03-19,49.47999954223633,DT
2025-03-20,49.630001068115234,DT
2025-03-21,49.81999969482422,DT
2025-03-24,50.66999816894531,DT
2025-03-25,51.18000030517578,DT
2025-03-26,50.5099983215332,DT
2025-03-27,49.02000045776367,DT
2025-03-28,48.41999816894531,DT
2025-03-31,47.150001525878906,DT
2025-04-01,47.83000183105469,DT
2025-04-02,48.369998931884766,DT
2025-04-03,45.65999984741211,DT
2025-04-04,42.0099983215332,DT
2025-04-07,41.709999084472656,DT
2025-04-08,41.209999084472656,DT
2025-04-09,45.060001373291016,DT
2025-04-10,43.380001068115234,DT
2025-04-11,43.11000061035156,DT
2025-04-14,43.369998931884766,DT
2025-04-15,43.470001220703125,DT
2025-04-16,43.20000076293945,DT
2025-04-17,43.099998474121094,DT
2025-04-21,42.16999816894531,DT
2025-04-22,42.900001525878906,DT
2025-04-23,44.0099983215332,DT
2025-04-24,46.130001068115234,DT
2025-04-25,46.41999816894531,DT
2025-04-28,46.459999084472656,DT
2025-04-29,47.349998474121094,DT
2025-04-30,46.970001220703125,DT
2025-05-01,47.439998626708984,DT
2025-05-02,47.959999084472656,DT
2025-05-05,47.59000015258789,DT
2025-05-06,47.349998474121094,DT
2025-05-07,47.88999938964844,DT
2025-05-08,48.54999923706055,DT
2025-05-09,48.65999984741211,DT
2025-05-12,50.47999954223633,DT
2025-05-13,50.540000915527344,DT
2025-05-14,53.5,DT
2025-05-15,53.029998779296875,DT
2025-05-16,53.369998931884766,DT
2025-05-19,53.2599983215332,DT
2025-05-20,53.25,DT
2025-05-21,53.599998474121094,DT
2025-05-22,54.189998626708984,DT
2025-05-23,53.27000045776367,DT
2025-05-27,54.2400016784668,DT
2025-05-28,53.619998931884766,DT
2025-05-29,53.880001068115234,DT
2025-05-30,54.0099983215332,DT
2025-06-02,53.810001373291016,DT
2025-06-03,54.220001220703125,DT
2025-06-04,54.099998474121094,DT
2025-06-05,54.939998626708984,DT
2025-06-06,55.0,DT
2025-06-09,54.209999084472656,DT
2025-06-10,54.15999984741211,DT
2025-06-11,53.869998931884766,DT
2025-06-12,54.029998779296875,DT
2025-06-13,53.029998779296875,DT
2025-06-16,54.47999954223633,DT
2025-06-17,55.900001525878906,DT
2025-06-18,55.650001525878906,DT
2025-06-20,54.40999984741211,DT
2025-06-23,54.56999969482422,DT
2025-06-24,55.7599983215332,DT
2025-06-25,54.689998626708984,DT
2025-06-26,54.93000030517578,DT
2025-06-27,54.88999938964844,DT
2025-06-30,55.209999084472656,DT
2025-07-01,54.40999984741211,DT
2025-07-02,54.66999816894531,DT
2025-07-03,56.540000915527344,DT
2025-07-07,56.63999938964844,DT
2025-07-08,56.2599983215332,DT
2025-07-09,56.189998626708984,DT
2025-07-10,52.790000915527344,DT
2025-07-11,51.38999938964844,DT
2025-07-14,52.5,DT
2025-07-15,52.220001220703125,DT
2025-07-16,51.97999954223633,DT
2025-07-17,52.91999816894531,DT
2025-07-18,53.2599983215332,DT
2025-07-21,52.58000183105469,DT
2025-07-22,52.58000183105469,DT
2025-07-23,53.650001525878906,DT
2025-07-24,54.220001220703125,DT
2025-07-25,54.150001525878906,DT
2025-07-28,54.709999084472656,DT
2025-07-29,54.619998931884766,DT
2025-07-30,53.91999816894531,DT
2025-07-31,52.61000061035156,DT
2025-08-01,50.5099983215332,DT
2025-08-04,51.61000061035156,DT
2025-08-05,50.529998779296875,DT
2025-08-06,50.529998779296875,DT
2025-08-07,46.869998931884766,DT
2025-08-08,46.2400016784668,DT
2025-08-11,46.040000915527344,DT
2025-08-12,46.7400016784668,DT
2025-08-13,47.79999923706055,DT
2025-08-14,47.41999816894531,DT
2025-08-15,48.2400016784668,DT
2025-08-18,48.84000015258789,DT
2025-08-19,49.119998931884766,DT
2025-08-20,48.65999984741211,DT
2025-08-21,48.810001373291016,DT
2025-08-22,49.400001525878906,DT
2025-08-25,48.40999984741211,DT
2025-08-26,48.11000061035156,DT
2025-08-27,50.119998931884766,DT
2025-08-28,50.88999938964844,DT
2025-08-29,50.599998474121094,DT
2025-09-02,50.529998779296875,DT
2025-09-03,50.2400016784668,DT
2025-09-04,49.77000045776367,DT
2025-09-05,50.0,DT
2025-09-08,49.93000030517578,DT
2025-09-09,50.650001525878906,DT
2025-09-10,47.65999984741211,DT
2025-09-11,49.08000183105469,DT
2025-09-12,49.029998779296875,DT
2025-09-15,48.61000061035156,DT
2025-09-16,47.81999969482422,DT
2025-09-17,48.060001373291016,DT
2025-09-18,48.599998474121094,DT
2025-09-19,48.369998931884766,DT
2025-09-22,48.599998474121094,DT
2025-09-23,47.77000045776367,DT
2025-09-24,48.130001068115234,DT
2025-09-25,48.599998474121094,DT
2025-09-26,49.5099983215332,DT
2025-09-29,49.31999969482422,DT
2025-09-30,48.45000076293945,DT
2025-10-01,48.310001373291016,DT
2025-10-02,49.880001068115234,DT
2025-10-03,49.56999969482422,DT
2025-10-06,49.150001525878906,DT
2025-10-07,48.130001068115234,DT
2025-10-08,48.43000030517578,DT
2025-10-09,48.900001525878906,DT
2025-10-10,47.959999084472656,DT
2025-10-13,48.33000183105469,DT
2025-10-14,48.18000030517578,DT
2025-10-15,47.779998779296875,DT
2025-10-16,47.369998931884766,DT
2025-10-17,48.13999938964844,DT
2025-10-20,50.119998931884766,DT
2025-10-21,50.95000076293945,DT
2025-10-22,49.560001373291016,DT
2025-10-23,49.939998626708984,DT
2025-10-24,50.310001373291016,DT
2025-10-27,50.5099983215332,DT
2025-10-28,49.63999938964844,DT
2025-10-29,49.0099983215332,DT
2025-10-30,48.619998931884766,DT
2025-10-31,50.56999969482422,DT
2025-11-03,50.47999954223633,DT
2025-11-04,49.630001068115234,DT
2025-11-05,47.38999938964844,DT
2025-11-06,46.060001373291016,DT
2025-11-07,47.220001220703125,DT
2025-11-10,46.720001220703125,DT
2025-11-11,46.81999969482422,DT
2025-11-12,46.5,DT
2025-11-13,46.779998779296875,DT
2025-11-14,46.84000015258789,DT
2025-11-17,45.150001525878906,DT
2025-11-18,46.36000061035156,DT
2025-11-19,45.290000915527344,DT
2025-11-20,43.439998626708984,DT
2025-11-21,43.56999969482422,DT
2025-11-24,43.869998931884766,DT
2025-11-25,44.61000061035156,DT
2025-11-26,44.16999816894531,DT
2025-11-28,44.560001373291016,DT
2025-12-01,44.630001068115234,DT
2025-12-02,44.900001525878906,DT
2025-12-03,44.45000076293945,DT
2025-12-04,44.310001373291016,DT
2025-12-05,44.45000076293945,DT
2025-12-08,44.79999923706055,DT
2025-12-09,45.18000030517578,DT
2025-12-10,45.52000045776367,DT
2025-12-11,45.279998779296875,DT
2025-12-12,46.040000915527344,DT
2025-12-15,44.380001068115234,DT
2025-12-16,44.16999816894531,DT
2025-12-17,43.90999984741211,DT
2025-12-18,44.18000030517578,DT
2025-12-19,44.16999816894531,DT
2025-12-22,44.599998474121094,DT
2025-12-23,43.7400016784668,DT
2025-12-24,43.75,DT
2025-12-26,44.33000183105469,DT
2025-12-29,44.220001220703125,DT
2025-12-30,44.099998474121094,DT
2025-12-31,43.34000015258789,DT
2026-01-02,42.349998474121094,DT
2026-01-05,42.630001068115234,DT
2026-01-06,42.720001220703125,DT
2026-01-07,43.84000015258789,DT
2026-01-08,42.790000915527344,DT
2026-01-09,42.279998779296875,DT
2026-01-12,42.29999923706055,DT
2026-01-13,41.380001068115234,DT
2026-01-14,39.97999954223633,DT
2026-01-15,39.380001068115234,DT
2026-01-16,39.880001068115234,DT
2026-01-20,38.709999084472656,DT
2026-01-21,39.400001525878906,DT
2026-01-22,41.060001373291016,DT
2026-01-23,40.790000915527344,DT
2026-01-26,41.18000030517578,DT
2026-01-27,40.66999816894531,DT
2026-01-28,40.650001525878906,DT
2026-01-29,37.86000061035156,DT
2026-01-30,38.09000015258789,DT
2026-02-02,38.04999923706055,DT
2026-02-03,34.56999969482422,DT
2026-02-04,34.61000061035156,DT
2026-02-05,33.470001220703125,DT
2026-02-06,33.709999084472656,DT
2026-02-09,36.18000030517578,DT
2026-02-10,36.79999923706055,DT
2026-02-11,37.130001068115234,DT
2026-02-12,36.560001373291016,DT
2026-02-13,37.20000076293945,DT
2026-02-17,36.630001068115234,DT
2026-02-18,36.41999816894531,DT
2026-02-19,36.279998779296875,DT
2026-02-20,35.400001525878906,DT
2026-02-23,33.63999938964844,DT
2026-02-24,34.25,DT
2026-02-25,35.13999938964844,DT
2026-02-26,36.349998474121094,DT
2026-02-27,35.91999816894531,DT
2026-03-02,36.709999084472656,DT
2026-03-03,37.040000915527344,DT
2026-03-04,37.2599983215332,DT
2026-03-05,39.209999084472656,DT
2026-03-06,39.279998779296875,DT
2026-03-09,38.88999938964844,DT
2026-03-10,37.77000045776367,DT
2026-03-11,37.56999969482422,DT
2026-03-12,38.02000045776367,DT
2026-03-13,38.38999938964844,DT
2026-03-16,39.369998931884766,DT
2026-03-17,39.77000045776367,DT
2026-03-18,40.2400016784668,DT
2026-03-19,39.060001373291016,DT
2026-03-20,38.04999923706055,DT
2026-03-23,38.31999969482422,DT
2026-03-24,36.54999923706055,DT
2026-03-25,36.45000076293945,DT
2026-03-26,37.369998931884766,DT
2026-03-27,35.90999984741211,DT
2026-03-30,37.130001068115234,DT
2026-03-31,36.97999954223633,DT
2026-04-01,36.77000045776367,DT
2026-04-02,37.689998626708984,DT
2026-04-06,37.470001220703125,DT
2026-04-07,37.20000076293945,DT
2026-04-08,36.79999923706055,DT
2026-04-09,33.81999969482422,DT
2026-04-10,32.36000061035156,DT
2026-04-13,33.75,DT
2026-04-14,33.27000045776367,DT
2026-04-15,35.45000076293945,DT
2026-04-16,35.619998931884766,DT
2026-04-17,35.599998474121094,DT
2026-04-20,35.439998626708984,DT
2026-04-21,35.720001220703125,DT
2026-04-22,36.13999938964844,DT
2026-04-23,34.290000915527344,DT
2026-04-24,35.290000915527344,DT
2026-04-27,35.61000061035156,DT
2026-04-28,35.9900016784668,DT
2026-04-29,36.400001525878906,DT
2026-04-30,36.209999084472656,DT
2026-05-01,37.61000061035156,DT
2026-05-04,38.75,DT
2026-05-05,38.619998931884766,DT
2026-05-06,38.209999084472656,DT
2026-05-07,40.369998931884766,DT
2026-05-08,40.70000076293945,DT
2026-05-11,40.22999954223633,DT
2026-05-12,39.209999084472656,DT
2026-05-13,34.72999954223633,DT
2026-05-14,37.119998931884766,DT
2026-05-15,38.36000061035156,DT
2026-05-18,39.849998474121094,DT
2026-05-19,39.959999084472656,DT
2026-05-20,39.869998931884766,DT
2026-05-21,39.150001525878906,DT
2026-05-22,41.209999084472656,DT
2026-05-26,40.599998474121094,DT
2026-05-27,38.90999984741211,DT
2026-05-28,40.5099983215332,DT
2026-05-29,42.59000015258789,DT
2026-06-01,44.470001220703125,DT
2026-06-02,44.970001220703125,DT
2026-06-03,43.439998626708984,DT
2026-06-04,43.25,DT
2026-06-05,42.189998626708984,DT
2026-06-08,41.91999816894531,DT
2026-06-09,40.77000045776367,DT
2026-06-10,40.58000183105469,DT
2026-06-11,40.369998931884766,DT
2026-06-12,40.75,DT
2026-06-15,41.189998626708984,DT
2026-06-16,41.459999084472656,DT
2026-06-17,41.25,DT
2026-06-18,41.41999816894531,DT
2026-06-22,40.459999084472656,DT
2026-06-23,40.400001525878906,DT
2026-06-24,40.61000061035156,DT
2026-06-25,40.279998779296875,DT
2026-06-26,43.369998931884766,DT
2026-06-29,44.2400016784668,DT
2026-06-30,43.90999984741211,DT
2026-07-01,45.380001068115234,DT
2026-07-02,44.77000045776367,DT
2026-07-06,45.52000045776367,DT
2026-07-07,45.11000061035156,DT
2026-07-08,43.84000015258789,DT
2026-07-09,45.22999954223633,DT
2026-07-10,43.68000030517578,DT
2026-07-13,44.59000015258789,DT
2026-07-14,45.040000915527344,DT
2026-07-15,45.16999816894531,DT
2026-07-16,44.83000183105469,DT
2026-07-17,44.40999984741211,DT
2026-07-20,44.709999084472656,DT
2026-07-21,42.849998474121094,DT
2026-07-22,41.36000061035156,DT
2026-07-23,40.650001525878906,DT
2026-07-24,41.619998931884766,DT
2026-07-27,43.720001220703125,DT
2026-07-28,43.900001525878906,DT
2026-07-29,43.880001068115234,DT
2026-07-30,44.099998474121094,DT
2026-07-31,44.31999969482422,DT
2026-08-03,44.540000915527344,DT
2026-08-04,45.709999084472656,DT
2026-08-05,50.86000061035156,DT
2026-08-06,48.869998931884766,DT
2026-08-07,48.970001220703125,DT
2026-08-10,50.56999969482422,DT
2026-08-11,49.65999984741211,DT
2026-08-12,49.560001373291016,DT
2026-08-13,50.75,DT
2026-08-14,49.13999938964844,DT
2026-08-17,47.61000061035156,DT
2026-08-18,49.2599983215332,DT
2026-08-19,49.599998474121094,DT
2026-08-20,49.18000030517578,DT
2026-08-21,49.29999923706055,DT
2026-08-24,49.04999923706055,DT
2026-08-25,50.06999969482422,DT
2026-08-26,51.599998474121094,DT
2026-08-27,53.43000030517578,DT
2026-08-28,53.66999816894531,DT
2026-08-31,54.59000015258789,DT
2026-09-01,52.86000061035156,DT
2026-09-02,50.869998931884766,DT
2026-09-03,52.7599983215332,DT
2026-09-04,51.900001525878906,DT
2026-09-08,50.290000915527344,DT
2026-09-09,50.599998474121094,DT
2026-09-10,51.41999816894531,DT
2026-09-11,51.06999969482422,DT
2026-09-14,53.34000015258789,DT
2026-09-15,55.16999816894531,DT
2026-09-16,55.189998626708984,DT
2026-09-17,55.83000183105469,DT
2024-09-18,207.52999877929688,JPM
2024-09-19,210.47999572753906,JPM
2024-09-20,211.08999633789062,JPM
2024-09-23,211.44000244140625,JPM
2024-09-24,211.58999633789062,JPM
2024-09-25,210.19000244140625,JPM
2024-09-26,209.77999877929688,JPM
2024-09-27,210.5,JPM
2024-09-30,210.86000061035156,JPM
2024-10-01,207.0399932861328,JPM
2024-10-02,207.2899932861328,JPM
2024-10-03,205.22999572753906,JPM
2024-10-04,211.22000122070312,JPM
2024-10-07,210.92999267578125,JPM
2024-10-08,210.75,JPM
2024-10-09,213.4199981689453,JPM
2024-10-10,212.83999633789062,JPM
2024-10-11,222.2899932861328,JPM
2024-10-14,221.47999572753906,JPM
2024-10-15,222.38999938964844,JPM
2024-10-16,223.63999938964844,JPM
2024-10-17,224.4199981689453,JPM
2024-10-18,225.3699951171875,JPM
2024-10-21,223.0,JPM
2024-10-22,224.1199951171875,JPM
2024-10-23,223.41000366210938,JPM
2024-10-24,224.97999572753906,JPM
2024-10-25,222.30999755859375,JPM
2024-10-28,225.5,JPM
2024-10-29,222.89999389648438,JPM
2024-10-30,224.41000366210938,JPM
2024-10-31,221.9199981689453,JPM
2024-11-01,222.94000244140625,JPM
2024-11-04,219.77999877929688,JPM
2024-11-05,221.49000549316406,JPM
2024-11-06,247.05999755859375,JPM
2024-11-07,236.3800048828125,JPM
2024-11-08,236.97999572753906,JPM
2024-11-11,239.2899932861328,JPM
2024-11-12,239.55999755859375,JPM
2024-11-13,241.16000366210938,JPM
2024-11-14,241.8699951171875,JPM
2024-11-15,245.30999755859375,JPM
2024-11-18,245.02999877929688,JPM
2024-11-19,243.08999633789062,JPM
2024-11-20,240.77999877929688,JPM
2024-11-21,244.75999450683594,JPM
2024-11-22,248.5500030517578,JPM
2024-11-25,250.2899932861328,JPM
2024-11-26,249.97000122070312,JPM
2024-11-27,249.7899932861328,JPM
2024-11-29,249.72000122070312,JPM
2024-12-02,246.25,JPM
2024-12-03,244.82000732421875,JPM
2024-12-04,243.39999389648438,JPM
2024-12-05,245.47999572753906,JPM
2024-12-06,247.36000061035156,JPM
2024-12-09,243.80999755859375,JPM
2024-12-10,242.86000061035156,JPM
2024-12-11,243.52999877929688,JPM
2024-12-12,241.52999877929688,JPM
2024-12-13,239.94000244140625,JPM
2024-12-16,239.5800018310547,JPM
2024-12-17,238.36000061035156,JPM
2024-12-18,230.3699951171875,JPM
2024-12-19,232.9600067138672,JPM
2024-12-20,237.60000610351562,JPM
2024-12-23,238.38999938964844,JPM
2024-12-24,242.30999755859375,JPM
2024-12-26,243.13999938964844,JPM
2024-12-27,241.1699981689453,JPM
2024-12-30,239.32000732421875,JPM
2024-12-31,239.7100067138672,JPM
2025-01-02,240.0,JPM
2025-01-03,243.27999877929688,JPM
2025-01-06,240.85000610351562,JPM
2025-01-07,243.1699981689453,JPM
2025-01-08,243.1300048828125,JPM
2025-01-10,239.8699951171875,JPM
2025-01-13,244.2100067138672,JPM
2025-01-14,247.47000122070312,JPM
2025-01-15,252.35000610351562,JPM
2025-01-16,254.27000427246094,JPM
2025-01-17,259.1600036621094,JPM
2025-01-21,263.0299987792969,JPM
2025-01-22,262.8399963378906,JPM
2025-01-23,265.95001220703125,JPM
2025-01-24,264.8399963378906,JPM
2025-01-27,265.8500061035156,JPM
2025-01-28,267.1400146484375,JPM
2025-01-29,266.5799865722656,JPM
2025-01-30,268.2300109863281,JPM
2025-01-31,267.29998779296875,JPM
2025-02-03,266.80999755859375,JPM
2025-02-04,267.94000244140625,JPM
2025-02-05,270.42999267578125,JPM
2025-02-06,276.8999938964844,JPM
2025-02-07,275.79998779296875,JPM
2025-02-10,271.0400085449219,JPM
2025-02-11,274.989990234375,JPM
2025-02-12,275.45001220703125,JPM
2025-02-13,276.32000732421875,JPM
2025-02-14,276.5899963378906,JPM
2025-02-18,279.95001220703125,JPM
2025-02-19,279.25,JPM
2025-02-20,266.79998779296875,JPM
2025-02-21,264.239990234375,JPM
2025-02-24,261.3399963378906,JPM
2025-02-25,257.3999938964844,JPM
2025-02-26,258.7900085449219,JPM
2025-02-27,259.04998779296875,JPM
2025-02-28,264.6499938964844,JPM
2025-03-03,260.6199951171875,JPM
2025-03-04,250.25,JPM
2025-03-05,251.52999877929688,JPM
2025-03-06,246.5399932861328,JPM
2025-03-07,242.27999877929688,JPM
2025-03-10,232.22000122070312,JPM
2025-03-11,229.13999938964844,JPM
2025-03-12,227.89999389648438,JPM
2025-03-13,225.19000244140625,JPM
2025-03-14,232.44000244140625,JPM
2025-03-17,233.92999267578125,JPM
2025-03-18,234.97000122070312,JPM
2025-03-19,239.11000061035156,JPM
2025-03-20,239.00999450683594,JPM
2025-03-21,241.6300048828125,JPM
2025-03-24,248.05999755859375,JPM
2025-03-25,251.1300048828125,JPM
2025-03-26,251.02999877929688,JPM
2025-03-27,248.1199951171875,JPM
2025-03-28,242.85000610351562,JPM
2025-03-31,245.3000030517578,JPM
2025-04-01,243.66000366210938,JPM
2025-04-02,245.82000732421875,JPM
2025-04-03,228.69000244140625,JPM
2025-04-04,210.27999877929688,JPM
2025-04-07,214.44000244140625,JPM
2025-04-08,216.8699951171875,JPM
2025-04-09,234.33999633789062,JPM
2025-04-10,227.11000061035156,JPM
2025-04-11,236.1999969482422,JPM
2025-04-14,234.72000122070312,JPM
2025-04-15,233.1300048828125,JPM
2025-04-16,229.61000061035156,JPM
2025-04-17,231.9600067138672,JPM
2025-04-21,228.99000549316406,JPM
2025-04-22,235.58999633789062,JPM
2025-04-23,240.8800048828125,JPM
2025-04-24,244.63999938964844,JPM
2025-04-25,243.5500030517578,JPM
2025-04-28,243.22000122070312,JPM
2025-04-29,244.6199951171875,JPM
2025-04-30,244.6199951171875,JPM
2025-05-01,246.88999938964844,JPM
2025-05-02,252.50999450683594,JPM
2025-05-05,252.55999755859375,JPM
2025-05-06,249.25,JPM
2025-05-07,249.38999938964844,JPM
2025-05-08,253.47000122070312,JPM
2025-05-09,253.0800018310547,JPM
2025-05-12,260.04998779296875,JPM
2025-05-13,263.010009765625,JPM
2025-05-14,265.6400146484375,JPM
2025-05-15,267.489990234375,JPM
2025-05-16,267.55999755859375,JPM
2025-05-19,264.8800048828125,JPM
2025-05-20,265.67999267578125,JPM
2025-05-21,261.0400085449219,JPM
2025-05-22,260.6700134277344,JPM
2025-05-23,260.7099914550781,JPM
2025-05-27,265.2900085449219,JPM
2025-05-28,263.489990234375,JPM
2025-05-29,264.3699951171875,JPM
2025-05-30,264.0,JPM
2025-06-02,264.6600036621094,JPM
2025-06-03,266.2699890136719,JPM
2025-06-04,264.2200012207031,JPM
2025-06-05,261.95001220703125,JPM
2025-06-06,265.7300109863281,JPM
2025-06-09,266.739990234375,JPM
2025-06-10,268.6000061035156,JPM
2025-06-11,268.1499938964844,JPM
2025-06-12,268.239990234375,JPM
2025-06-13,264.95001220703125,JPM
2025-06-16,270.3599853515625,JPM
2025-06-17,269.5199890136719,JPM
2025-06-18,273.9599914550781,JPM
2025-06-20,275.0,JPM
2025-06-23,278.2699890136719,JPM
2025-06-24,281.260009765625,JPM
2025-06-25,284.05999755859375,JPM
2025-06-26,288.75,JPM
2025-06-27,287.1099853515625,JPM
2025-06-30,289.9100036621094,JPM
2025-07-01,290.4100036621094,JPM
2025-07-02,292.0,JPM
2025-07-03,296.0,JPM
2025-07-07,291.9700012207031,JPM
2025-07-08,282.7799987792969,JPM
2025-07-09,283.1600036621094,JPM
2025-07-10,288.19000244140625,JPM
2025-07-11,286.8599853515625,JPM
2025-07-14,288.70001220703125,JPM
2025-07-15,286.54998779296875,JPM
2025-07-16,285.82000732421875,JPM
2025-07-17,289.8999938964844,JPM
2025-07-18,291.2699890136719,JPM
2025-07-21,290.9700012207031,JPM
2025-07-22,291.42999267578125,JPM
2025-07-23,296.760009765625,JPM
2025-07-24,296.54998779296875,JPM
2025-07-25,298.6199951171875,JPM
2025-07-28,298.2799987792969,JPM
2025-07-29,297.0400085449219,JPM
2025-07-30,299.6300048828125,JPM
2025-07-31,296.239990234375,JPM
2025-08-01,289.3699951171875,JPM
2025-08-04,294.260009765625,JPM
2025-08-05,291.3699951171875,JPM
2025-08-06,291.3500061035156,JPM
2025-08-07,286.94000244140625,JPM
2025-08-08,288.760009765625,JPM
2025-08-11,289.55999755859375,JPM
2025-08-12,292.8500061035156,JPM
2025-08-13,290.5299987792969,JPM
2025-08-14,294.1600036621094,JPM
2025-08-15,290.489990234375,JPM
2025-08-18,291.5299987792969,JPM
2025-08-19,290.6600036621094,JPM
2025-08-20,292.239990234375,JPM
2025-08-21,291.4700012207031,JPM
2025-08-22,296.239990234375,JPM
2025-08-25,294.8999938964844,JPM
2025-08-26,298.57000732421875,JPM
2025-08-27,299.2799987792969,JPM
2025-08-28,301.07000732421875,JPM
2025-08-29,301.4200134277344,JPM
2025-09-02,299.70001220703125,JPM
2025-09-03,299.510009765625,JPM
2025-09-04,303.82000732421875,JPM
2025-09-05,294.3800048828125,JPM
2025-09-08,292.9100036621094,JPM
2025-09-09,297.8500061035156,JPM
2025-09-10,300.5400085449219,JPM
2025-09-11,305.55999755859375,JPM
2025-09-12,306.9100036621094,JPM
2025-09-15,308.8999938964844,JPM
2025-09-16,309.19000244140625,JPM
2025-09-17,311.75,JPM
2025-09-18,313.2300109863281,JPM
2025-09-19,314.7799987792969,JPM
2025-09-22,312.44000244140625,JPM
2025-09-23,312.739990234375,JPM
2025-09-24,313.4200134277344,JPM
2025-09-25,313.45001220703125,JPM
2025-09-26,316.05999755859375,JPM
2025-09-29,315.69000244140625,JPM
2025-09-30,315.42999267578125,JPM
2025-10-01,310.7099914550781,JPM
2025-10-02,307.54998779296875,JPM
2025-10-03,310.0299987792969,JPM
2025-10-06,309.17999267578125,JPM
2025-10-07,307.69000244140625,JPM
2025-10-08,304.0299987792969,JPM
2025-10-09,305.5299987792969,JPM
2025-10-10,300.8900146484375,JPM
2025-10-13,307.9700012207031,JPM
2025-10-14,302.0799865722656,JPM
2025-10-15,305.69000244140625,JPM
2025-10-16,298.5400085449219,JPM
2025-10-17,297.55999755859375,JPM
2025-10-20,302.3599853515625,JPM
2025-10-21,297.0899963378906,JPM
2025-10-22,294.1099853515625,JPM
2025-10-23,294.5400085449219,JPM
2025-10-24,300.44000244140625,JPM
2025-10-27,304.1499938964844,JPM
2025-10-28,305.3599853515625,JPM
2025-10-29,305.510009765625,JPM
2025-10-30,309.44000244140625,JPM
2025-10-31,311.1199951171875,JPM
2025-11-03,309.3500061035156,JPM
2025-11-04,309.25,JPM
2025-11-05,311.67999267578125,JPM
2025-11-06,313.4200134277344,JPM
2025-11-07,314.2099914550781,JPM
2025-11-10,316.8900146484375,JPM
2025-11-11,315.6199951171875,JPM
2025-11-12,320.4100036621094,JPM
2025-11-13,309.4800109863281,JPM
2025-11-14,303.6099853515625,JPM
2025-11-17,300.3699951171875,JPM
2025-11-18,299.4100036621094,JPM
2025-11-19,303.2699890136719,JPM
2025-11-20,298.3800048828125,JPM
2025-11-21,298.0199890136719,JPM
2025-11-24,298.0,JPM
2025-11-25,303.0,JPM
2025-11-26,307.6400146484375,JPM
2025-11-28,313.0799865722656,JPM
2025-12-01,308.9200134277344,JPM
2025-12-02,307.8800048828125,JPM
2025-12-03,312.1300048828125,JPM
2025-12-04,316.1000061035156,JPM
2025-12-05,315.0400085449219,JPM
2025-12-08,315.2099914550781,JPM
2025-12-09,300.510009765625,JPM
2025-12-10,310.1099853515625,JPM
2025-12-11,317.3800048828125,JPM
2025-12-12,318.5199890136719,JPM
2025-12-15,320.0199890136719,JPM
2025-12-16,315.54998779296875,JPM
2025-12-17,314.9800109863281,JPM
2025-12-18,313.0,JPM
2025-12-19,317.2099914550781,JPM
2025-12-22,323.0899963378906,JPM
2025-12-23,325.92999267578125,JPM
2025-12-24,329.1700134277344,JPM
2025-12-26,327.9100036621094,JPM
2025-12-29,323.75,JPM
2025-12-30,323.4200134277344,JPM
2025-12-31,322.2200012207031,JPM
2026-01-02,325.4800109863281,JPM
2026-01-05,334.0400085449219,JPM
2026-01-06,334.6099853515625,JPM
2026-01-07,326.989990234375,JPM
2026-01-08,329.7900085449219,JPM
2026-01-09,329.19000244140625,JPM
2026-01-12,324.489990234375,JPM
2026-01-13,310.8999938964844,JPM
2026-01-14,307.8699951171875,JPM
2026-01-15,309.260009765625,JPM
2026-01-16,312.4700012207031,JPM
2026-01-20,302.739990234375,JPM
2026-01-21,302.0400085449219,JPM
2026-01-22,303.6300048828125,JPM
2026-01-23,297.7200012207031,JPM
2026-01-26,301.0400085449219,JPM
2026-01-27,300.30999755859375,JPM
2026-01-28,300.7699890136719,JPM
2026-01-29,306.4200134277344,JPM
2026-01-30,305.8900146484375,JPM
2026-02-02,308.1400146484375,JPM
2026-02-03,314.8500061035156,JPM
2026-02-04,317.2699890136719,JPM
2026-02-05,310.1600036621094,JPM
2026-02-06,322.3999938964844,JPM
2026-02-09,322.1000061035156,JPM
2026-02-10,318.2799987792969,JPM
2026-02-11,310.82000732421875,JPM
2026-02-12,302.6400146484375,JPM
2026-02-13,302.54998779296875,JPM
2026-02-17,307.1300048828125,JPM
2026-02-18,308.7799987792969,JPM
2026-02-19,308.04998779296875,JPM
2026-02-20,310.7900085449219,JPM
2026-02-23,297.6700134277344,JPM
2026-02-24,297.29998779296875,JPM
2026-02-25,303.29998779296875,JPM
2026-02-26,306.1300048828125,JPM
2026-02-27,300.29998779296875,JPM
2026-03-02,297.55999755859375,JPM
2026-03-03,300.260009765625,JPM
2026-03-04,299.3900146484375,JPM
2026-03-05,293.54998779296875,JPM
2026-03-06,289.4800109863281,JPM
2026-03-09,289.9200134277344,JPM
2026-03-10,288.7300109863281,JPM
2026-03-11,287.5199890136719,JPM
2026-03-12,282.8900146484375,JPM
2026-03-13,283.44000244140625,JPM
2026-03-16,286.1600036621094,JPM
2026-03-17,286.8900146484375,JPM
2026-03-18,287.739990234375,JPM
2026-03-19,287.9700012207031,JPM
2026-03-20,286.55999755859375,JPM
2026-03-23,289.9100036621094,JPM
2026-03-24,292.3999938964844,JPM
2026-03-25,295.4200134277344,JPM
2026-03-26,291.6600036621094,JPM
2026-03-27,282.8399963378906,JPM
2026-03-30,283.7699890136719,JPM
2026-03-31,294.1600036621094,JPM
2026-04-01,295.3800048828125,JPM
2026-04-02,294.6000061035156,JPM
2026-04-06,295.45001220703125,JPM
2026-04-07,297.3999938964844,JPM
2026-04-08,307.9700012207031,JPM
2026-04-09,310.3299865722656,JPM
2026-04-10,309.8699951171875,JPM
2026-04-13,313.67999267578125,JPM
2026-04-14,311.1199951171875,JPM
2026-04-15,305.92999267578125,JPM
2026-04-16,309.95001220703125,JPM
2026-04-17,310.2900085449219,JPM
2026-04-20,316.989990234375,JPM
2026-04-21,313.0,JPM
2026-04-22,313.0199890136719,JPM
2026-04-23,311.69000244140625,JPM
2026-04-24,308.2799987792969,JPM
2026-04-27,311.6300048828125,JPM
2026-04-28,311.45001220703125,JPM
2026-04-29,309.25,JPM
2026-04-30,313.2300109863281,JPM
2026-05-01,312.4700012207031,JPM
2026-05-04,307.6499938964844,JPM
2026-05-05,309.3999938964844,JPM
2026-05-06,314.8999938964844,JPM
2026-05-07,306.2699890136719,JPM
2026-05-08,302.1000061035156,JPM
2026-05-11,300.0,JPM
2026-05-12,304.8800048828125,JPM
2026-05-13,300.25,JPM
2026-05-14,299.9100036621094,JPM
2026-05-15,297.80999755859375,JPM
2026-05-18,300.7300109863281,JPM
2026-05-19,295.70001220703125,JPM
2026-05-20,301.9800109863281,JPM
2026-05-21,303.0,JPM
2026-05-22,306.3800048828125,JPM
2026-05-26,306.739990234375,JPM
2026-05-27,299.2799987792969,JPM
2026-05-28,296.7300109863281,JPM
2026-05-29,299.30999755859375,JPM
2026-06-01,296.5799865722656,JPM
2026-06-02,300.9599914550781,JPM
2026-06-03,300.8500061035156,JPM
2026-06-04,310.8900146484375,JPM
2026-06-05,312.3699951171875,JPM
2026-06-08,311.1099853515625,JPM
2026-06-09,312.70001220703125,JPM
2026-06-10,309.1400146484375,JPM
2026-06-11,313.489990234375,JPM
2026-06-12,320.7200012207031,JPM
2026-06-15,319.3999938964844,JPM
2026-06-16,331.1400146484375,JPM
2026-06-17,333.4599914550781,JPM
2026-06-18,325.2200012207031,JPM
2026-06-22,331.4800109863281,JPM
2026-06-23,334.1400146484375,JPM
2026-06-24,333.45001220703125,JPM
2026-06-25,335.1199951171875,JPM
2026-06-26,329.04998779296875,JPM
2026-06-29,329.3900146484375,JPM
2026-06-30,327.3299865722656,JPM
2026-07-01,334.07000732421875,JPM
2026-07-02,334.4700012207031,JPM
2026-07-06,337.7200012207031,JPM
2026-07-07,339.2200012207031,JPM
2026-07-08,330.6199951171875,JPM
2026-07-09,335.4700012207031,JPM
2026-07-10,336.4700012207031,JPM
2026-07-13,334.5299987792969,JPM
2026-07-14,342.8900146484375,JPM
2026-07-15,346.9100036621094,JPM
2026-07-16,343.1499938964844,JPM
2026-07-17,341.1000061035156,JPM
2026-07-20,338.8699951171875,JPM
2026-07-21,345.2300109863281,JPM
2026-07-22,348.2099914550781,JPM
2026-07-23,349.8999938964844,JPM
2026-07-24,353.2099914550781,JPM
2026-07-27,356.20001220703125,JPM
2026-07-28,357.30999755859375,JPM
2026-07-29,344.7099914550781,JPM
2026-07-30,350.8500061035156,JPM
2026-07-31,351.7900085449219,JPM
2026-08-03,352.6400146484375,JPM
2026-08-04,357.5199890136719,JPM
2026-08-05,359.239990234375,JPM
2026-08-06,356.29998779296875,JPM
2026-08-07,357.5199890136719,JPM
2026-08-10,359.7900085449219,JPM
2026-08-11,362.0400085449219,JPM
2026-08-12,365.17999267578125,JPM
2026-08-13,363.1099853515625,JPM
2026-08-14,362.8399963378906,JPM
2026-08-17,360.9599914550781,JPM
2026-08-18,363.25,JPM
2026-08-19,357.260009765625,JPM
2026-08-20,351.54998779296875,JPM
2026-08-21,351.5799865722656,JPM
2026-08-24,356.3900146484375,JPM
2026-08-25,356.69000244140625,JPM
2026-08-26,356.5,JPM
2026-08-27,354.2200012207031,JPM
2026-08-28,357.6199951171875,JPM
2026-08-31,356.0199890136719,JPM
2026-09-01,354.95001220703125,JPM
2026-09-02,356.2200012207031,JPM
2026-09-03,362.05999755859375,JPM
2026-09-04,358.6400146484375,JPM
2026-09-08,353.510009765625,JPM
2026-09-09,354.7099914550781,JPM
2026-09-10,353.55999755859375,JPM
2026-09-11,356.2300109863281,JPM
2026-09-14,350.1300048828125,JPM
2026-09-15,352.489990234375,JPM
2026-09-16,348.9200134277344,JPM
2026-09-17,349.30999755859375,JPM
2024-09-18,494.760009765625,MA
2024-09-19,493.010009765625,MA
2024-09-20,492.739990234375,MA
2024-09-23,497.1400146484375,MA
2024-09-24,487.4100036621094,MA
2024-09-25,489.45001220703125,MA
2024-09-26,491.2699890136719,MA
2024-09-27,493.6400146484375,MA
2024-09-30,493.79998779296875,MA
2024-10-01,496.3800048828125,MA
2024-10-02,495.57000732421875,MA
2024-10-03,494.9700012207031,MA
2024-10-04,497.70001220703125,MA
2024-10-07,491.29998779296875,MA
2024-10-08,497.05999755859375,MA
2024-10-09,499.95001220703125,MA
2024-10-10,498.0199890136719,MA
2024-10-11,502.260009765625,MA
2024-10-14,506.6600036621094,MA
2024-10-15,507.2300109863281,MA
2024-10-16,514.0700073242188,MA
2024-10-17,513.760009765625,MA
2024-10-18,516.3400268554688,MA
2024-10-21,515.010009765625,MA
2024-10-22,513.02001953125,MA
2024-10-23,513.72998046875,MA
2024-10-24,510.6199951171875,MA
2024-10-25,507.3599853515625,MA
2024-10-28,508.2099914550781,MA
2024-10-29,506.2799987792969,MA
2024-10-30,513.6900024414062,MA
2024-10-31,499.5899963378906,MA
2024-11-01,508.0799865722656,MA
2024-11-04,505.5799865722656,MA
2024-11-05,505.55999755859375,MA
2024-11-06,521.1300048828125,MA
2024-11-07,517.8800048828125,MA
2024-11-08,524.760009765625,MA
2024-11-11,530.1199951171875,MA
2024-11-12,529.1699829101562,MA
2024-11-13,521.8800048828125,MA
2024-11-14,520.4000244140625,MA
2024-11-15,521.8900146484375,MA
2024-11-18,521.6300048828125,MA
2024-11-19,519.4600219726562,MA
2024-11-20,512.5399780273438,MA
2024-11-21,515.0999755859375,MA
2024-11-22,520.8599853515625,MA
2024-11-25,526.5999755859375,MA
2024-11-26,528.47998046875,MA
2024-11-27,532.3800048828125,MA
2024-11-29,532.9400024414062,MA
2024-12-02,531.3599853515625,MA
2024-12-03,526.1799926757812,MA
2024-12-04,521.1400146484375,MA
2024-12-05,524.77001953125,MA
2024-12-06,528.5700073242188,MA
2024-12-09,522.8200073242188,MA
2024-12-10,529.010009765625,MA
2024-12-11,534.4500122070312,MA
2024-12-12,532.4099731445312,MA
2024-12-13,529.0,MA
2024-12-16,530.3099975585938,MA
2024-12-17,531.010009765625,MA
2024-12-18,519.9600219726562,MA
2024-12-19,523.280029296875,MA
2024-12-20,528.030029296875,MA
2024-12-23,528.9600219726562,MA
2024-12-24,535.7100219726562,MA
2024-12-26,536.1500244140625,MA
2024-12-27,532.2000122070312,MA
2024-12-30,525.5499877929688,MA
2024-12-31,526.5700073242188,MA
2025-01-02,522.4000244140625,MA
2025-01-03,521.3599853515625,MA
2025-01-06,511.92999267578125,MA
2025-01-07,511.3999938964844,MA
2025-01-08,516.4000244140625,MA
2025-01-10,504.6700134277344,MA
2025-01-13,504.9100036621094,MA
2025-01-14,509.0199890136719,MA
2025-01-15,522.3499755859375,MA
2025-01-16,523.1400146484375,MA
2025-01-17,524.7000122070312,MA
2025-01-21,528.0599975585938,MA
2025-01-22,527.1799926757812,MA
2025-01-23,534.219970703125,MA
2025-01-24,533.489990234375,MA
2025-01-27,547.6400146484375,MA
2025-01-28,547.3599853515625,MA
2025-01-29,548.7999877929688,MA
2025-01-30,566.010009765625,MA
2025-01-31,555.4299926757812,MA
2025-02-03,563.9500122070312,MA
2025-02-04,559.1099853515625,MA
2025-02-05,566.2899780273438,MA
2025-02-06,567.1599731445312,MA
2025-02-07,562.75,MA
2025-02-10,565.489990234375,MA
2025-02-11,564.7000122070312,MA
2025-02-12,564.5999755859375,MA
2025-02-13,566.3099975585938,MA
2025-02-14,564.760009765625,MA
2025-02-18,568.6099853515625,MA
2025-02-19,568.5,MA
2025-02-20,563.280029296875,MA
2025-02-21,557.510009765625,MA
2025-02-24,559.0,MA
2025-02-25,564.030029296875,MA
2025-02-26,561.27001953125,MA
2025-02-27,564.8200073242188,MA
2025-02-28,576.3099975585938,MA
2025-03-03,574.9199829101562,MA
2025-03-04,555.0700073242188,MA
2025-03-05,558.2999877929688,MA
2025-03-06,549.8200073242188,MA
2025-03-07,546.77001953125,MA
2025-03-10,537.1199951171875,MA
2025-03-11,525.7999877929688,MA
2025-03-12,524.6400146484375,MA
2025-03-13,519.8300170898438,MA
2025-03-14,527.6400146484375,MA
2025-03-17,531.989990234375,MA
2025-03-18,530.1900024414062,MA
2025-03-19,536.0900268554688,MA
2025-03-20,536.3800048828125,MA
2025-03-21,535.6900024414062,MA
2025-03-24,543.6699829101562,MA
2025-03-25,545.1599731445312,MA
2025-03-26,549.0700073242188,MA
2025-03-27,557.5700073242188,MA
2025-03-28,540.6099853515625,MA
2025-03-31,548.1199951171875,MA
2025-04-01,548.510009765625,MA
2025-04-02,547.3800048828125,MA
2025-04-03,530.5499877929688,MA
2025-04-04,489.7699890136719,MA
2025-04-07,485.5199890136719,MA
2025-04-08,479.9200134277344,MA
2025-04-09,515.4299926757812,MA
2025-04-10,499.3399963378906,MA
2025-04-11,509.75,MA
2025-04-14,512.4600219726562,MA
2025-04-15,517.3800048828125,MA
2025-04-16,513.4299926757812,MA
2025-04-17,517.3300170898438,MA
2025-04-21,509.32000732421875,MA
2025-04-22,527.3300170898438,MA
2025-04-23,530.010009765625,MA
2025-04-24,535.4600219726562,MA
2025-04-25,533.47998046875,MA
2025-04-28,534.489990234375,MA
2025-04-29,539.6799926757812,MA
2025-04-30,548.0599975585938,MA
2025-05-01,546.6300048828125,MA
2025-05-02,559.3900146484375,MA
2025-05-05,561.1199951171875,MA
2025-05-06,558.989990234375,MA
2025-05-07,566.3300170898438,MA
2025-05-08,567.1199951171875,MA
2025-05-09,568.6400146484375,MA
2025-05-12,578.27001953125,MA
2025-05-13,576.5900268554688,MA
2025-05-14,573.280029296875,MA
2025-05-15,582.2000122070312,MA
2025-05-16,583.280029296875,MA
2025-05-19,586.4099731445312,MA
2025-05-20,581.1099853515625,MA
2025-05-21,569.5399780273438,MA
2025-05-22,570.1400146484375,MA
2025-05-23,563.5800170898438,MA
2025-05-27,574.5499877929688,MA
2025-05-28,575.9199829101562,MA
2025-05-29,577.780029296875,MA
2025-05-30,585.5999755859375,MA
2025-06-02,581.219970703125,MA
2025-06-03,581.969970703125,MA
2025-06-04,584.1300048828125,MA
2025-06-05,585.4400024414062,MA
2025-06-06,590.1199951171875,MA
2025-06-09,584.3300170898438,MA
2025-06-10,589.5399780273438,MA
2025-06-11,590.739990234375,MA
2025-06-12,589.280029296875,MA
2025-06-13,562.030029296875,MA
2025-06-16,568.6699829101562,MA
2025-06-17,569.4500122070312,MA
2025-06-18,538.72998046875,MA
2025-06-20,532.969970703125,MA
2025-06-23,542.3499755859375,MA
2025-06-24,557.530029296875,MA
2025-06-25,549.7000122070312,MA
2025-06-26,545.8099975585938,MA
2025-06-27,550.3200073242188,MA
2025-06-30,561.9400024414062,MA
2025-07-01,564.6099853515625,MA
2025-07-02,561.52001953125,MA
2025-07-03,569.239990234375,MA
2025-07-07,565.1199951171875,MA
2025-07-08,562.4400024414062,MA
2025-07-09,565.1099853515625,MA
2025-07-10,563.52001953125,MA
2025-07-11,550.1799926757812,MA
2025-07-14,553.02001953125,MA
2025-07-15,550.3599853515625,MA
2025-07-16,555.52001953125,MA
2025-07-17,555.6099853515625,MA
2025-07-18,552.6599731445312,MA
2025-07-21,554.6500244140625,MA
2025-07-22,558.760009765625,MA
2025-07-23,562.0900268554688,MA
2025-07-24,563.5,MA
2025-07-25,568.219970703125,MA
2025-07-28,568.280029296875,MA
2025-07-29,563.3200073242188,MA
2025-07-30,559.1099853515625,MA
2025-07-31,566.469970703125,MA
2025-08-01,559.8900146484375,MA
2025-08-04,569.8099975585938,MA
2025-08-05,566.0399780273438,MA
2025-08-06,569.1300048828125,MA
2025-08-07,561.219970703125,MA
2025-08-08,574.3200073242188,MA
2025-08-11,573.5900268554688,MA
2025-08-12,574.1799926757812,MA
2025-08-13,577.9000244140625,MA
2025-08-14,583.760009765625,MA
2025-08-15,581.7000122070312,MA
2025-08-18,584.1400146484375,MA
2025-08-19,585.510009765625,MA
2025-08-20,592.6799926757812,MA
2025-08-21,591.9199829101562,MA
2025-08-22,598.9600219726562,MA
2025-08-25,593.2100219726562,MA
2025-08-26,591.6099853515625,MA
2025-08-27,590.6599731445312,MA
2025-08-28,590.47998046875,MA
2025-08-29,595.2899780273438,MA
2025-09-02,591.8699951171875,MA
2025-09-03,593.280029296875,MA
2025-09-04,595.6400146484375,MA
2025-09-05,584.219970703125,MA
2025-09-08,586.5999755859375,MA
2025-09-09,584.0,MA
2025-09-10,579.3800048828125,MA
2025-09-11,588.72998046875,MA
2025-09-12,580.4099731445312,MA
2025-09-15,582.9600219726562,MA
2025-09-16,586.4199829101562,MA
2025-09-17,598.6300048828125,MA
2025-09-18,586.0499877929688,MA
2025-09-19,584.1599731445312,MA
2025-09-22,584.489990234375,MA
2025-09-23,569.969970703125,MA
2025-09-24,568.8099975585938,MA
2025-09-25,567.2999877929688,MA
2025-09-26,565.1300048828125,MA
2025-09-29,568.1400146484375,MA
2025-09-30,568.8099975585938,MA
2025-10-01,573.77001953125,MA
2025-10-02,577.3300170898438,MA
2025-10-03,580.4500122070312,MA
2025-10-06,578.8099975585938,MA
2025-10-07,579.8400268554688,MA
2025-10-08,576.4400024414062,MA
2025-10-09,564.5499877929688,MA
2025-10-10,557.47998046875,MA
2025-10-13,559.239990234375,MA
2025-10-14,567.9199829101562,MA
2025-10-15,562.8099975585938,MA
2025-10-16,549.8800048828125,MA
2025-10-17,560.969970703125,MA
2025-10-20,566.3599853515625,MA
2025-10-21,572.030029296875,MA
2025-10-22,571.3599853515625,MA
2025-10-23,573.77001953125,MA
2025-10-24,573.6699829101562,MA
2025-10-27,572.3599853515625,MA
2025-10-28,565.9299926757812,MA
2025-10-29,554.5800170898438,MA
2025-10-30,553.6799926757812,MA
2025-10-31,551.989990234375,MA
2025-11-03,544.0700073242188,MA
2025-11-04,552.75,MA
2025-11-05,553.3099975585938,MA
2025-11-06,553.280029296875,MA
2025-11-07,551.969970703125,MA
2025-11-10,552.9600219726562,MA
2025-11-11,558.3499755859375,MA
2025-11-12,561.22998046875,MA
2025-11-13,555.5700073242188,MA
2025-11-14,545.72998046875,MA
2025-11-17,536.8499755859375,MA
2025-11-18,527.5800170898438,MA
2025-11-19,530.3599853515625,MA
2025-11-20,527.8800048828125,MA
2025-11-21,540.4000244140625,MA
2025-11-24,537.8499755859375,MA
2025-11-25,546.469970703125,MA
2025-11-26,544.9299926757812,MA
2025-11-28,550.530029296875,MA
2025-12-01,543.969970703125,MA
2025-12-02,545.9099731445312,MA
2025-12-03,553.72998046875,MA
2025-12-04,542.3099975585938,MA
2025-12-05,545.52001953125,MA
2025-12-08,540.4400024414062,MA
2025-12-09,537.5499877929688,MA
2025-12-10,538.8599853515625,MA
2025-12-11,563.3699951171875,MA
2025-12-12,571.9299926757812,MA
2025-12-15,569.1300048828125,MA
2025-12-16,566.02001953125,MA
2025-12-17,565.469970703125,MA
2025-12-18,566.2100219726562,MA
2025-12-19,572.22998046875,MA
2025-12-22,575.7000122070312,MA
2025-12-23,576.3499755859375,MA
2025-12-24,579.4500122070312,MA
2025-12-26,579.5999755859375,MA
2025-12-29,577.9000244140625,MA
2025-12-30,577.4199829101562,MA
2025-12-31,570.8800048828125,MA
2026-01-02,563.1300048828125,MA
2026-01-05,568.5700073242188,MA
2026-01-06,580.3400268554688,MA
2026-01-07,579.9199829101562,MA
2026-01-08,580.0700073242188,MA
2026-01-09,575.5399780273438,MA
2026-01-12,566.280029296875,MA
2026-01-13,544.989990234375,MA
2026-01-14,546.8200073242188,MA
2026-01-15,542.6500244140625,MA
2026-01-16,539.489990234375,MA
2026-01-20,531.739990234375,MA
2026-01-21,527.5700073242188,MA
2026-01-22,532.8599853515625,MA
2026-01-23,524.739990234375,MA
2026-01-26,527.3599853515625,MA
2026-01-27,520.4099731445312,MA
2026-01-28,521.3699951171875,MA
2026-01-29,543.72998046875,MA
2026-01-30,538.7899780273438,MA
2026-02-02,555.3699951171875,MA
2026-02-03,550.719970703125,MA
2026-02-04,553.52001953125,MA
2026-02-05,551.8900146484375,MA
2026-02-06,548.739990234375,MA
2026-02-09,535.3300170898438,MA
2026-02-10,540.3900146484375,MA
2026-02-11,537.4600219726562,MA
2026-02-12,527.4600219726562,MA
2026-02-13,518.3599853515625,MA
2026-02-17,521.9299926757812,MA
2026-02-18,527.97998046875,MA
2026-02-19,520.260009765625,MA
2026-02-20,526.4099731445312,MA
2026-02-23,496.0299987792969,MA
2026-02-24,498.0,MA
2026-02-25,509.3900146484375,MA
2026-02-26,514.77001953125,MA
2026-02-27,517.2100219726562,MA
2026-03-02,521.0,MA
2026-03-03,524.3200073242188,MA
2026-03-04,522.9199829101562,MA
2026-03-05,524.6599731445312,MA
2026-03-06,522.3400268554688,MA
2026-03-09,517.719970703125,MA
2026-03-10,514.719970703125,MA
2026-03-11,504.0,MA
2026-03-12,497.30999755859375,MA
2026-03-13,497.989990234375,MA
2026-03-16,508.5,MA
2026-03-17,506.5799865722656,MA
2026-03-18,488.4700012207031,MA
2026-03-19,491.1400146484375,MA
2026-03-20,496.32000732421875,MA
2026-03-23,500.3800048828125,MA
2026-03-24,498.92999267578125,MA
2026-03-25,502.760009765625,MA
2026-03-26,500.75,MA
2026-03-27,484.239990234375,MA
2026-03-30,494.0,MA
2026-03-31,499.6600036621094,MA
2026-04-01,491.6499938964844,MA
2026-04-02,493.44000244140625,MA
2026-04-06,501.5,MA
2026-04-07,498.2799987792969,MA
2026-04-08,507.1199951171875,MA
2026-04-09,503.57000732421875,MA
2026-04-10,498.6600036621094,MA
2026-04-13,508.5799865722656,MA
2026-04-14,513.1599731445312,MA
2026-04-15,519.9600219726562,MA
2026-04-16,518.5399780273438,MA
2026-04-17,521.2999877929688,MA
2026-04-20,516.6500244140625,MA
2026-04-21,511.3500061035156,MA
2026-04-22,510.1600036621094,MA
2026-04-23,502.3800048828125,MA
2026-04-24,504.1700134277344,MA
2026-04-27,506.42999267578125,MA
2026-04-28,507.6199951171875,MA
2026-04-29,525.22998046875,MA
2026-04-30,502.9200134277344,MA
2026-05-01,495.4599914550781,MA
2026-05-04,504.739990234375,MA
2026-05-05,497.0799865722656,MA
2026-05-06,491.8900146484375,MA
2026-05-07,500.94000244140625,MA
2026-05-08,495.4800109863281,MA
2026-05-11,497.80999755859375,MA
2026-05-12,499.80999755859375,MA
2026-05-13,490.6400146484375,MA
2026-05-14,489.94000244140625,MA
2026-05-15,494.20001220703125,MA
2026-05-18,505.7900085449219,MA
2026-05-19,499.70001220703125,MA
2026-05-20,498.0400085449219,MA
2026-05-21,499.6199951171875,MA
2026-05-22,498.5400085449219,MA
2026-05-26,493.010009765625,MA
2026-05-27,495.0400085449219,MA
2026-05-28,493.75,MA
2026-05-29,493.9800109863281,MA
2026-06-01,495.25,MA
2026-06-02,477.67999267578125,MA
2026-06-03,471.54998779296875,MA
2026-06-04,481.760009765625,MA
2026-06-05,491.0799865722656,MA
2026-06-08,485.6700134277344,MA
2026-06-09,495.239990234375,MA
2026-06-10,489.0799865722656,MA
2026-06-11,486.510009765625,MA
2026-06-12,489.9800109863281,MA
2026-06-15,490.6400146484375,MA
2026-06-16,501.3299865722656,MA
2026-06-17,492.989990234375,MA
2026-06-18,489.7900085449219,MA
2026-06-22,484.0899963378906,MA
2026-06-23,488.07000732421875,MA
2026-06-24,494.4100036621094,MA
2026-06-25,488.9200134277344,MA
2026-06-26,499.0199890136719,MA
2026-06-29,509.6400146484375,MA
2026-06-30,513.5999755859375,MA
2026-07-01,522.4400024414062,MA
2026-07-02,539.3900146484375,MA
2026-07-06,533.0999755859375,MA
2026-07-07,531.6199951171875,MA
2026-07-08,519.8599853515625,MA
2026-07-09,523.2000122070312,MA
2026-07-10,526.739990234375,MA
2026-07-13,537.7000122070312,MA
2026-07-14,538.02001953125,MA
2026-07-15,535.2100219726562,MA
2026-07-16,551.5399780273438,MA
2026-07-17,543.5999755859375,MA
2026-07-20,547.4400024414062,MA
2026-07-21,538.2999877929688,MA
2026-07-22,531.97998046875,MA
2026-07-23,530.2899780273438,MA
2026-07-24,539.6599731445312,MA
2026-07-27,551.7100219726562,MA
2026-07-28,562.75,MA
2026-07-29,563.3200073242188,MA
2026-07-30,577.3499755859375,MA
2026-07-31,573.0999755859375,MA
2026-08-03,570.969970703125,MA
2026-08-04,571.0999755859375,MA
2026-08-05,570.47998046875,MA
2026-08-06,575.9500122070312,MA
2026-08-07,562.9500122070312,MA
2026-08-10,563.1699829101562,MA
2026-08-11,561.4400024414062,MA
2026-08-12,559.72998046875,MA
2026-08-13,567.0399780273438,MA
2026-08-14,569.2899780273438,MA
2026-08-17,562.260009765625,MA
2026-08-18,574.3099975585938,MA
2026-08-19,573.719970703125,MA
2026-08-20,573.8499755859375,MA
2026-08-21,580.6300048828125,MA
2026-08-24,599.8599853515625,MA
2026-08-25,599.3699951171875,MA
2026-08-26,598.469970703125,MA
2026-08-27,591.72998046875,MA
2026-08-28,595.2999877929688,MA
2026-08-31,589.3099975585938,MA
2026-09-01,581.0999755859375,MA
2026-09-02,588.1400146484375,MA
2026-09-03,585.7100219726562,MA
2026-09-04,579.2100219726562,MA
2026-09-08,570.8900146484375,MA
2026-09-09,567.5,MA
2026-09-10,565.3699951171875,MA
2026-09-11,569.1900024414062,MA
2026-09-14,574.4199829101562,MA
2026-09-15,573.27001953125,MA
2026-09-16,567.75,MA
2026-09-17,565.72998046875,MA
2024-09-18,78.08999633789062,NET
2024-09-19,82.83000183105469,NET
2024-09-20,82.44999694824219,NET
2024-09-23,85.61000061035156,NET
2024-09-24,85.5,NET
2024-09-25,83.41000366210938,NET
2024-09-26,82.36000061035156,NET
2024-09-27,81.58999633789062,NET
2024-09-30,80.88999938964844,NET
2024-10-01,78.11000061035156,NET
2024-10-02,79.33999633789062,NET
2024-10-03,79.43000030517578,NET
2024-10-04,83.43000030517578,NET
2024-10-07,80.48999786376953,NET
2024-10-08,81.76000213623047,NET
2024-10-09,84.94999694824219,NET
2024-10-10,92.45999908447266,NET
2024-10-11,93.47000122070312,NET
2024-10-14,93.75,NET
2024-10-15,93.80000305175781,NET
2024-10-16,91.33999633789062,NET
2024-10-17,90.4000015258789,NET
2024-10-18,90.80000305175781,NET
2024-10-21,90.73999786376953,NET
2024-10-22,88.45999908447266,NET
2024-10-23,87.63999938964844,NET
2024-10-24,89.56999969482422,NET
2024-10-25,88.76000213623047,NET
2024-10-28,87.94000244140625,NET
2024-10-29,89.5199966430664,NET
2024-10-30,89.8499984741211,NET
2024-10-31,87.70999908447266,NET
2024-11-01,87.55000305175781,NET
2024-11-04,86.48999786376953,NET
2024-11-05,87.70999908447266,NET
2024-11-06,92.51000213623047,NET
2024-11-07,95.66000366210938,NET
2024-11-08,91.25,NET
2024-11-11,93.2300033569336,NET
2024-11-12,90.91000366210938,NET
2024-11-13,94.16000366210938,NET
2024-11-14,91.93000030517578,NET
2024-11-15,89.7699966430664,NET
2024-11-18,92.29000091552734,NET
2024-11-19,96.37000274658203,NET
2024-11-20,96.47000122070312,NET
2024-11-21,104.23999786376953,NET
2024-11-22,104.2300033569336,NET
2024-11-25,103.7300033569336,NET
2024-11-26,102.2300033569336,NET
2024-11-27,99.37000274658203,NET
2024-11-29,99.83000183105469,NET
2024-12-02,105.05000305175781,NET
2024-12-03,104.91000366210938,NET
2024-12-04,110.72000122070312,NET
2024-12-05,110.45999908447266,NET
2024-12-06,112.95999908447266,NET
2024-12-09,113.87000274658203,NET
2024-12-10,111.19999694824219,NET
2024-12-11,114.51000213623047,NET
2024-12-12,114.88999938964844,NET
2024-12-13,113.5999984741211,NET
2024-12-16,114.6500015258789,NET
2024-12-17,117.55999755859375,NET
2024-12-18,109.0999984741211,NET
2024-12-19,108.58000183105469,NET
2024-12-20,112.69000244140625,NET
2024-12-23,111.58000183105469,NET
2024-12-24,112.58000183105469,NET
2024-12-26,112.61000061035156,NET
2024-12-27,110.61000061035156,NET
2024-12-30,109.02999877929688,NET
2024-12-31,107.68000030517578,NET
2025-01-02,112.54000091552734,NET
2025-01-03,114.7300033569336,NET
2025-01-06,113.98999786376953,NET
2025-01-07,113.66999816894531,NET
2025-01-08,115.69999694824219,NET
2025-01-10,112.62000274658203,NET
2025-01-13,110.70999908447266,NET
2025-01-14,112.0,NET
2025-01-15,114.4800033569336,NET
2025-01-16,114.81999969482422,NET
2025-01-17,117.16000366210938,NET
2025-01-21,119.8499984741211,NET
2025-01-22,123.08999633789062,NET
2025-01-23,123.93000030517578,NET
2025-01-24,125.12000274658203,NET
2025-01-27,126.47000122070312,NET
2025-01-28,139.97999572753906,NET
2025-01-29,136.44000244140625,NET
2025-01-30,137.25999450683594,NET
2025-01-31,138.39999389648438,NET
2025-02-03,136.83999633789062,NET
2025-02-04,140.13999938964844,NET
2025-02-05,144.2899932861328,NET
2025-02-06,141.52000427246094,NET
2025-02-07,166.66000366210938,NET
2025-02-10,172.49000549316406,NET
2025-02-11,172.5500030517578,NET
2025-02-12,172.8300018310547,NET
2025-02-13,176.5,NET
2025-02-14,171.16000366210938,NET
2025-02-18,168.80999755859375,NET
2025-02-19,160.58999633789062,NET
2025-02-20,156.3800048828125,NET
2025-02-21,151.9600067138672,NET
2025-02-24,148.0,NET
2025-02-25,143.13999938964844,NET
2025-02-26,144.9199981689453,NET
2025-02-27,140.72000122070312,NET
2025-02-28,145.3000030517578,NET
2025-03-03,142.91000366210938,NET
2025-03-04,140.92999267578125,NET
2025-03-05,143.75,NET
2025-03-06,131.02000427246094,NET
2025-03-07,126.75,NET
2025-03-10,116.61000061035156,NET
2025-03-11,120.06999969482422,NET
2025-03-12,119.4000015258789,NET
2025-03-13,113.69999694824219,NET
2025-03-14,116.1500015258789,NET
2025-03-17,116.0199966430664,NET
2025-03-18,115.12000274658203,NET
2025-03-19,117.58000183105469,NET
2025-03-20,117.94000244140625,NET
2025-03-21,119.22000122070312,NET
2025-03-24,123.93000030517578,NET
2025-03-25,127.5,NET
2025-03-26,121.1500015258789,NET
2025-03-27,118.56999969482422,NET
2025-03-28,114.91999816894531,NET
2025-03-31,112.69000244140625,NET
2025-04-01,115.66000366210938,NET
2025-04-02,119.55000305175781,NET
2025-04-03,107.38999938964844,NET
2025-04-04,97.08000183105469,NET
2025-04-07,98.36000061035156,NET
2025-04-08,97.44999694824219,NET
2025-04-09,112.55999755859375,NET
2025-04-10,105.5,NET
2025-04-11,106.25,NET
2025-04-14,107.12000274658203,NET
2025-04-15,109.13999938964844,NET
2025-04-16,109.55000305175781,NET
2025-04-17,107.9000015258789,NET
2025-04-21,102.11000061035156,NET
2025-04-22,106.80999755859375,NET
2025-04-23,112.80000305175781,NET
2025-04-24,118.87000274658203,NET
2025-04-25,121.0,NET
2025-04-28,121.0,NET
2025-04-29,122.2300033569336,NET
2025-04-30,120.77999877929688,NET
2025-05-01,122.61000061035156,NET
2025-05-02,124.2300033569336,NET
2025-05-05,124.63999938964844,NET
2025-05-06,122.29000091552734,NET
2025-05-07,121.70999908447266,NET
2025-05-08,124.30999755859375,NET
2025-05-09,132.33999633789062,NET
2025-05-12,142.36000061035156,NET
2025-05-13,150.36000061035156,NET
2025-05-14,154.49000549316406,NET
2025-05-15,152.8000030517578,NET
2025-05-16,157.19000244140625,NET
2025-05-19,157.52000427246094,NET
2025-05-20,157.4199981689453,NET
2025-05-21,156.52000427246094,NET
2025-05-22,158.2100067138672,NET
2025-05-23,158.0399932861328,NET
2025-05-27,161.75999450683594,NET
2025-05-28,161.97999572753906,NET
2025-05-29,164.16000366210938,NET
2025-05-30,165.88999938964844,NET
2025-06-02,169.6999969482422,NET
2025-06-03,172.57000732421875,NET
2025-06-04,170.9199981689453,NET
2025-06-05,176.3300018310547,NET
2025-06-06,179.6699981689453,NET
2025-06-09,177.8000030517578,NET
2025-06-10,179.33999633789062,NET
2025-06-11,179.7100067138672,NET
2025-06-12,170.80999755859375,NET
2025-06-13,171.97000122070312,NET
2025-06-16,179.27000427246094,NET
2025-06-17,181.22999572753906,NET
2025-06-18,181.39999389648438,NET
2025-06-20,179.3000030517578,NET
2025-06-23,183.8699951171875,NET
2025-06-24,186.42999267578125,NET
2025-06-25,190.1199951171875,NET
2025-06-26,190.9600067138672,NET
2025-06-27,194.0500030517578,NET
2025-06-30,195.8300018310547,NET
2025-07-01,184.9499969482422,NET
2025-07-02,185.63999938964844,NET
2025-07-03,191.27000427246094,NET
2025-07-07,192.85000610351562,NET
2025-07-08,192.80999755859375,NET
2025-07-09,193.49000549316406,NET
2025-07-10,181.9199981689453,NET
2025-07-11,181.38999938964844,NET
2025-07-14,182.89999389648438,NET
2025-07-15,186.97000122070312,NET
2025-07-16,189.80999755859375,NET
2025-07-17,191.25,NET
2025-07-18,197.35000610351562,NET
2025-07-21,197.75999450683594,NET
2025-07-22,190.5500030517578,NET
2025-07-23,189.14999389648438,NET
2025-07-24,191.5800018310547,NET
2025-07-25,198.4199981689453,NET
2025-07-28,199.41000366210938,NET
2025-07-29,199.42999267578125,NET
2025-07-30,200.85000610351562,NET
2025-07-31,207.67999267578125,NET
2025-08-01,200.11000061035156,NET
2025-08-04,208.8000030517578,NET
2025-08-05,207.80999755859375,NET
2025-08-06,215.52999877929688,NET
2025-08-07,210.44000244140625,NET
2025-08-08,204.60000610351562,NET
2025-08-11,201.1699981689453,NET
2025-08-12,202.3300018310547,NET
2025-08-13,199.33999633789062,NET
2025-08-14,195.3800048828125,NET
2025-08-15,200.91000366210938,NET
2025-08-18,202.3699951171875,NET
2025-08-19,196.50999450683594,NET
2025-08-20,193.1999969482422,NET
2025-08-21,192.77000427246094,NET
2025-08-22,196.1699981689453,NET
2025-08-25,195.8800048828125,NET
2025-08-26,198.5500030517578,NET
2025-08-27,205.24000549316406,NET
2025-08-28,213.4199981689453,NET
2025-08-29,208.7100067138672,NET
2025-09-02,208.0500030517578,NET
2025-09-03,205.7100067138672,NET
2025-09-04,209.97999572753906,NET
2025-09-05,214.42999267578125,NET
2025-09-08,217.9199981689453,NET
2025-09-09,218.55999755859375,NET
2025-09-10,222.97000122070312,NET
2025-09-11,224.63999938964844,NET
2025-09-12,221.32000732421875,NET
2025-09-15,226.00999450683594,NET
2025-09-16,219.24000549316406,NET
2025-09-17,213.8800048828125,NET
2025-09-18,223.57000732421875,NET
2025-09-19,225.94000244140625,NET
2025-09-22,228.27999877929688,NET
2025-09-23,223.25999450683594,NET
2025-09-24,217.57000732421875,NET
2025-09-25,218.1999969482422,NET
2025-09-26,216.33999633789062,NET
2025-09-29,218.5800018310547,NET
2025-09-30,214.58999633789062,NET
2025-10-01,217.05999755859375,NET
2025-10-02,224.55999755859375,NET
2025-10-03,216.6699981689453,NET
2025-10-06,221.02999877929688,NET
2025-10-07,217.38999938964844,NET
2025-10-08,220.0,NET
2025-10-09,220.9499969482422,NET
2025-10-10,213.82000732421875,NET
2025-10-13,222.55999755859375,NET
2025-10-14,217.5500030517578,NET
2025-10-15,217.3800048828125,NET
2025-10-16,211.39999389648438,NET
2025-10-17,210.00999450683594,NET
2025-10-20,213.0399932861328,NET
2025-10-21,212.97999572753906,NET
2025-10-22,210.72999572753906,NET
2025-10-23,217.16000366210938,NET
2025-10-24,217.85000610351562,NET
2025-10-27,225.11000061035156,NET
2025-10-28,223.99000549316406,NET
2025-10-29,227.3800048828125,NET
2025-10-30,222.5,NET
2025-10-31,253.3000030517578,NET
2025-11-03,248.11000061035156,NET
2025-11-04,232.91000366210938,NET
2025-11-05,228.50999450683594,NET
2025-11-06,225.89999389648438,NET
2025-11-07,232.80999755859375,NET
2025-11-10,240.52999877929688,NET
2025-11-11,234.9499969482422,NET
2025-11-12,225.67999267578125,NET
2025-11-13,213.5399932861328,NET
2025-11-14,210.60000610351562,NET
2025-11-17,202.25,NET
2025-11-18,196.52999877929688,NET
2025-11-19,196.1999969482422,NET
2025-11-20,191.38999938964844,NET
2025-11-21,186.3800048828125,NET
2025-11-24,193.99000549316406,NET
2025-11-25,197.49000549316406,NET
2025-11-26,196.99000549316406,NET
2025-11-28,200.2100067138672,NET
2025-12-01,197.1999969482422,NET
2025-12-02,201.25999450683594,NET
2025-12-03,204.35000610351562,NET
2025-12-04,204.14999389648438,NET
2025-12-05,200.9499969482422,NET
2025-12-08,205.86000061035156,NET
2025-12-09,208.92999267578125,NET
2025-12-10,213.4600067138672,NET
2025-12-11,207.9499969482422,NET
2025-12-12,202.44000244140625,NET
2025-12-15,196.6999969482422,NET
2025-12-16,197.52999877929688,NET
2025-12-17,191.42999267578125,NET
2025-12-18,193.8300018310547,NET
2025-12-19,195.67999267578125,NET
2025-12-22,202.05999755859375,NET
2025-12-23,202.0800018310547,NET
2025-12-24,202.66000366210938,NET
2025-12-26,202.38999938964844,NET
2025-12-29,200.6999969482422,NET
2025-12-30,199.6199951171875,NET
2025-12-31,197.14999389648438,NET
2026-01-02,196.02000427246094,NET
2026-01-05,197.66000366210938,NET
2026-01-06,198.0,NET
2026-01-07,202.80999755859375,NET
2026-01-08,186.9600067138672,NET
2026-01-09,182.77999877929688,NET
2026-01-12,186.38999938964844,NET
2026-01-13,188.7100067138672,NET
2026-01-14,188.38999938964844,NET
2026-01-15,184.13999938964844,NET
2026-01-16,184.1699981689453,NET
2026-01-20,177.4199981689453,NET
2026-01-21,169.97000122070312,NET
2026-01-22,173.3000030517578,NET
2026-01-23,173.44000244140625,NET
2026-01-26,189.35000610351562,NET
2026-01-27,205.9499969482422,NET
2026-01-28,184.8800048828125,NET
2026-01-29,180.38999938964844,NET
2026-01-30,177.35000610351562,NET
2026-02-02,182.4199981689453,NET
2026-02-03,170.30999755859375,NET
2026-02-04,166.8800048828125,NET
2026-02-05,163.0500030517578,NET
2026-02-06,173.2100067138672,NET
2026-02-09,173.75,NET
2026-02-10,179.97999572753906,NET
2026-02-11,189.41000366210938,NET
2026-02-12,185.1699981689453,NET
2026-02-13,195.85000610351562,NET
2026-02-17,193.67999267578125,NET
2026-02-18,191.44000244140625,NET
2026-02-19,192.63999938964844,NET
2026-02-20,177.13999938964844,NET
2026-02-23,160.19000244140625,NET
2026-02-24,163.80999755859375,NET
2026-02-25,171.8000030517578,NET
2026-02-26,174.66000366210938,NET
2026-02-27,172.19000244140625,NET
2026-03-02,181.02000427246094,NET
2026-03-03,178.91000366210938,NET
2026-03-04,185.88999938964844,NET
2026-03-05,192.30999755859375,NET
2026-03-06,195.19000244140625,NET
2026-03-09,201.47999572753906,NET
2026-03-10,207.49000549316406,NET
2026-03-11,213.0,NET
2026-03-12,212.11000061035156,NET
2026-03-13,212.4499969482422,NET
2026-03-16,207.3300018310547,NET
2026-03-17,211.52000427246094,NET
2026-03-18,225.47999572753906,NET
2026-03-19,221.36000061035156,NET
2026-03-20,215.4199981689453,NET
2026-03-23,220.64999389648438,NET
2026-03-24,213.14999389648438,NET
2026-03-25,218.0,NET
2026-03-26,210.1300048828125,NET
2026-03-27,203.02000427246094,NET
2026-03-30,194.6300048828125,NET
2026-03-31,206.33999633789062,NET
2026-04-01,205.42999267578125,NET
2026-04-02,211.69000244140625,NET
2026-04-06,211.77999877929688,NET
2026-04-07,216.2899932861328,NET
2026-04-08,211.25,NET
2026-04-09,193.0500030517578,NET
2026-04-10,166.99000549316406,NET
2026-04-13,184.02000427246094,NET
2026-04-14,178.64999389648438,NET
2026-04-15,190.1300048828125,NET
2026-04-16,197.3800048828125,NET
2026-04-17,200.99000549316406,NET
2026-04-20,204.80999755859375,NET
2026-04-21,207.6699981689453,NET
2026-04-22,207.55999755859375,NET
2026-04-23,205.0,NET
2026-04-24,207.07000732421875,NET
2026-04-27,212.36000061035156,NET
2026-04-28,208.5,NET
2026-04-29,211.97000122070312,NET
2026-04-30,204.97000122070312,NET
2026-05-01,217.5,NET
2026-05-04,224.1699981689453,NET
2026-05-05,244.42999267578125,NET
2026-05-06,248.58999633789062,NET
2026-05-07,256.7900085449219,NET
2026-05-08,196.1300048828125,NET
2026-05-11,193.52000427246094,NET
2026-05-12,186.7899932861328,NET
2026-05-13,192.6199951171875,NET
2026-05-14,199.80999755859375,NET
2026-05-15,197.55999755859375,NET
2026-05-18,201.75,NET
2026-05-19,206.72999572753906,NET
2026-05-20,210.1300048828125,NET
2026-05-21,212.64999389648438,NET
2026-05-22,216.1699981689453,NET
2026-05-26,217.5399932861328,NET
2026-05-27,209.22000122070312,NET
2026-05-28,228.11000061035156,NET
2026-05-29,241.82000732421875,NET
2026-06-01,270.82000732421875,NET
2026-06-02,272.6600036621094,NET
2026-06-03,265.3299865722656,NET
2026-06-04,268.6400146484375,NET
2026-06-05,250.11000061035156,NET
2026-06-08,247.7899932861328,NET
2026-06-09,236.1300048828125,NET
2026-06-10,219.6699981689453,NET
2026-06-11,227.44000244140625,NET
2026-06-12,228.47999572753906,NET
2026-06-15,235.7100067138672,NET
2026-06-16,230.97000122070312,NET
2026-06-17,226.8699951171875,NET
2026-06-18,224.05999755859375,NET
2026-06-22,218.3800048828125,NET
2026-06-23,224.94000244140625,NET
2026-06-24,223.47999572753906,NET
2026-06-25,226.64999389648438,NET
2026-06-26,237.24000549316406,NET
2026-06-29,243.75999450683594,NET
2026-06-30,245.27999877929688,NET
2026-07-01,246.30999755859375,NET
2026-07-02,242.41000366210938,NET
2026-07-06,247.5500030517578,NET
2026-07-07,268.8299865722656,NET
2026-07-08,273.3999938964844,NET
2026-07-09,275.79998779296875,NET
2026-07-10,268.3999938964844,NET
2026-07-13,269.5299987792969,NET
2026-07-14,281.75,NET
2026-07-15,273.0400085449219,NET
2026-07-16,272.4599914550781,NET
2026-07-17,277.6600036621094,NET
2026-07-20,272.4200134277344,NET
2026-07-21,272.30999755859375,NET
2026-07-22,268.9800109863281,NET
2026-07-23,262.32000732421875,NET
2026-07-24,262.1499938964844,NET
2026-07-27,265.6099853515625,NET
2026-07-28,264.1000061035156,NET
2026-07-29,270.3800048828125,NET
2026-07-30,283.3900146484375,NET
2026-07-31,278.9800109863281,NET
2026-08-03,282.739990234375,NET
2026-08-04,301.3299865722656,NET
2026-08-05,292.9599914550781,NET
2026-08-06,284.42999267578125,NET
2026-08-07,300.2699890136719,NET
2026-08-10,310.5899963378906,NET
2026-08-11,306.9700012207031,NET
2026-08-12,311.45001220703125,NET
2026-08-13,330.8299865722656,NET
2026-08-14,315.7799987792969,NET
2026-08-17,307.010009765625,NET
2026-08-18,301.3599853515625,NET
2026-08-19,291.8800048828125,NET
2026-08-20,278.9100036621094,NET
2026-08-21,293.1400146484375,NET
2026-08-24,280.3500061035156,NET
2026-08-25,277.5799865722656,NET
2026-08-26,284.8900146484375,NET
2026-08-27,308.2300109863281,NET
2026-08-28,299.8399963378906,NET
2026-08-31,305.1099853515625,NET
2026-09-01,285.510009765625,NET
2026-09-02,272.739990234375,NET
2026-09-03,284.510009765625,NET
2026-09-04,278.9200134277344,NET
2026-09-08,284.29998779296875,NET
2026-09-09,314.17999267578125,NET
2026-09-10,311.1700134277344,NET
2026-09-11,306.5299987792969,NET
2026-09-14,330.3599853515625,NET
2026-09-15,327.2300109863281,NET
2026-09-16,324.6499938964844,NET
2026-09-17,333.94000244140625,NET
2024-09-18,178.0780029296875,NOW
2024-09-19,183.85000610351562,NOW
2024-09-20,187.4720001220703,NOW
2024-09-23,185.11000061035156,NOW
2024-09-24,184.72000122070312,NOW
2024-09-25,178.00599670410156,NOW
2024-09-26,176.9720001220703,NOW
2024-09-27,176.35800170898438,NOW
2024-09-30,178.8780059814453,NOW
2024-10-01,173.43600463867188,NOW
2024-10-02,176.08200073242188,NOW
2024-10-03,178.1280059814453,NOW
2024-10-04,183.53599548339844,NOW
2024-10-07,181.18800354003906,NOW
2024-10-08,184.39999389648438,NOW
2024-10-09,187.72999572753906,NOW
2024-10-10,188.92599487304688,NOW
2024-10-11,187.71800231933594,NOW
2024-10-14,188.93800354003906,NOW
2024-10-15,185.5919952392578,NOW
2024-10-16,183.7740020751953,NOW
2024-10-17,183.4239959716797,NOW
2024-10-18,184.35000610351562,NOW
2024-10-21,183.66799926757812,NOW
2024-10-22,183.58999633789062,NOW
2024-10-23,181.53599548339844,NOW
2024-10-24,191.3159942626953,NOW
2024-10-25,190.1699981689453,NOW
2024-10-28,189.0,NOW
2024-10-29,190.61599731445312,NOW
2024-10-30,190.0,NOW
2024-10-31,186.59800720214844,NOW
2024-11-01,188.6820068359375,NOW
2024-11-04,190.91799926757812,NOW
2024-11-05,194.20799255371094,NOW
2024-11-06,198.89599609375,NOW
2024-11-07,203.05599975585938,NOW
2024-11-08,201.61599731445312,NOW
2024-11-11,207.20199584960938,NOW
2024-11-12,209.6580047607422,NOW
2024-11-13,209.11000061035156,NOW
2024-11-14,207.9600067138672,NOW
2024-11-15,202.2779998779297,NOW
2024-11-18,201.0679931640625,NOW
2024-11-19,204.4199981689453,NOW
2024-11-20,204.5959930419922,NOW
2024-11-21,209.41000366210938,NOW
2024-11-22,212.1199951171875,NOW
2024-11-25,210.54200744628906,NOW
2024-11-26,214.01400756835938,NOW
2024-11-27,208.27999877929688,NOW
2024-11-29,209.88800048828125,NOW
2024-12-02,209.68600463867188,NOW
2024-12-03,211.46400451660156,NOW
2024-12-04,224.62600708007812,NOW
2024-12-05,224.74400329589844,NOW
2024-12-06,224.8679962158203,NOW
2024-12-09,224.0959930419922,NOW
2024-12-10,225.5679931640625,NOW
2024-12-11,229.43600463867188,NOW
2024-12-12,229.6840057373047,NOW
2024-12-13,224.22000122070312,NOW
2024-12-16,225.98599243164062,NOW
2024-12-17,222.94400024414062,NOW
2024-12-18,212.197998046875,NOW
2024-12-19,214.9739990234375,NOW
2024-12-20,218.25,NOW
2024-12-23,217.65199279785156,NOW
2024-12-24,221.11199951171875,NOW
2024-12-26,219.82200622558594,NOW
2024-12-27,216.29200744628906,NOW
2024-12-30,213.5399932861328,NOW
2024-12-31,212.0240020751953,NOW
2025-01-02,210.8679962158203,NOW
2025-01-03,214.75399780273438,NOW
2025-01-06,215.41000366210938,NOW
2025-01-07,210.8300018310547,NOW
2025-01-08,209.8159942626953,NOW
2025-01-10,204.91400146484375,NOW
2025-01-13,203.1479949951172,NOW
2025-01-14,206.25799560546875,NOW
2025-01-15,210.8260040283203,NOW
2025-01-16,211.4320068359375,NOW
2025-01-17,214.29600524902344,NOW
2025-01-21,219.3699951171875,NOW
2025-01-22,225.03399658203125,NOW
2025-01-23,226.83999633789062,NOW
2025-01-24,224.99600219726562,NOW
2025-01-27,228.12399291992188,NOW
2025-01-28,234.0780029296875,NOW
2025-01-29,228.7259979248047,NOW
2025-01-30,202.5500030517578,NOW
2025-01-31,203.67599487304688,NOW
2025-02-03,204.18800354003906,NOW
2025-02-04,202.0260009765625,NOW
2025-02-05,205.41200256347656,NOW
2025-02-06,204.66000366210938,NOW
2025-02-07,201.6580047607422,NOW
2025-02-10,204.36199951171875,NOW
2025-02-11,201.80999755859375,NOW
2025-02-12,196.47999572753906,NOW
2025-02-13,197.89599609375,NOW
2025-02-14,197.3260040283203,NOW
2025-02-18,199.49600219726562,NOW
2025-02-19,197.42799377441406,NOW
2025-02-20,193.5959930419922,NOW
2025-02-21,187.6820068359375,NOW
2025-02-24,185.51600646972656,NOW
2025-02-25,184.45799255371094,NOW
2025-02-26,188.39199829101562,NOW
2025-02-27,184.19200134277344,NOW
2025-02-28,185.95199584960938,NOW
2025-03-03,182.06199645996094,NOW
2025-03-04,181.21800231933594,NOW
2025-03-05,183.1580047607422,NOW
2025-03-06,173.41799926757812,NOW
2025-03-07,170.12600708007812,NOW
2025-03-10,156.76600646972656,NOW
2025-03-11,161.67999267578125,NOW
2025-03-12,168.6280059814453,NOW
2025-03-13,162.32400512695312,NOW
2025-03-14,168.86599731445312,NOW
2025-03-17,168.58599853515625,NOW
2025-03-18,166.0,NOW
2025-03-19,168.82400512695312,NOW
2025-03-20,164.82400512695312,NOW
2025-03-21,165.5500030517578,NOW
2025-03-24,169.9459991455078,NOW
2025-03-25,172.2760009765625,NOW
2025-03-26,167.7100067138672,NOW
2025-03-27,165.54800415039062,NOW
2025-03-28,159.552001953125,NOW
2025-03-31,159.22799682617188,NOW
2025-04-01,162.31199645996094,NOW
2025-04-02,164.80599975585938,NOW
2025-04-03,154.81399536132812,NOW
2025-04-04,144.3300018310547,NOW
2025-04-07,147.10000610351562,NOW
2025-04-08,145.52000427246094,NOW
2025-04-09,165.19000244140625,NOW
2025-04-10,156.697998046875,NOW
2025-04-11,157.13400268554688,NOW
2025-04-14,159.96400451660156,NOW
2025-04-15,163.3000030517578,NOW
2025-04-16,159.33200073242188,NOW
2025-04-17,154.4320068359375,NOW
2025-04-21,151.197998046875,NOW
2025-04-22,153.36599731445312,NOW
2025-04-23,162.5399932861328,NOW
2025-04-24,187.71400451660156,NOW
2025-04-25,189.052001953125,NOW
2025-04-28,187.48199462890625,NOW
2025-04-29,188.57200622558594,NOW
2025-04-30,191.0019989013672,NOW
2025-05-01,191.58999633789062,NOW
2025-05-02,195.4720001220703,NOW
2025-05-05,195.61000061035156,NOW
2025-05-06,193.052001953125,NOW
2025-05-07,196.6580047607422,NOW
2025-05-08,194.8979949951172,NOW
2025-05-09,196.01199340820312,NOW
2025-05-12,203.1199951171875,NOW
2025-05-13,207.343994140625,NOW
2025-05-14,205.36399841308594,NOW
2025-05-15,207.03599548339844,NOW
2025-05-16,208.03599548339844,NOW
2025-05-19,205.14999389648438,NOW
2025-05-20,204.3679962158203,NOW
2025-05-21,202.95199584960938,NOW
2025-05-22,203.1540069580078,NOW
2025-05-23,200.87399291992188,NOW
2025-05-27,205.47799682617188,NOW
2025-05-28,204.25999450683594,NOW
2025-05-29,203.04600524902344,NOW
2025-05-30,202.21800231933594,NOW
2025-06-02,202.4219970703125,NOW
2025-06-03,202.17599487304688,NOW
2025-06-04,202.54800415039062,NOW
2025-06-05,203.52000427246094,NOW
2025-06-06,206.04200744628906,NOW
2025-06-09,205.3719940185547,NOW
2025-06-10,201.95799255371094,NOW
2025-06-11,200.86599731445312,NOW
2025-06-12,201.4739990234375,NOW
2025-06-13,197.73199462890625,NOW
2025-06-16,201.0260009765625,NOW
2025-06-17,200.98199462890625,NOW
2025-06-18,196.41600036621094,NOW
2025-06-20,194.28199768066406,NOW
2025-06-23,196.0800018310547,NOW
2025-06-24,199.26400756835938,NOW
2025-06-25,201.03199768066406,NOW
2025-06-26,202.28799438476562,NOW
2025-06-27,204.48399353027344,NOW
2025-06-30,205.61599731445312,NOW
2025-07-01,202.3780059814453,NOW
2025-07-02,201.95199584960938,NOW
2025-07-03,208.93800354003906,NOW
2025-07-07,207.0019989013672,NOW
2025-07-08,204.5959930419922,NOW
2025-07-09,202.74200439453125,NOW
2025-07-10,193.6179962158203,NOW
2025-07-11,187.75599670410156,NOW
2025-07-14,192.3560028076172,NOW
2025-07-15,191.38400268554688,NOW
2025-07-16,193.3939971923828,NOW
2025-07-17,191.8300018310547,NOW
2025-07-18,192.67999267578125,NOW
2025-07-21,191.98199462890625,NOW
2025-07-22,192.4739990234375,NOW
2025-07-23,191.28599548339844,NOW
2025-07-24,199.23599243164062,NOW
2025-07-25,193.75799560546875,NOW
2025-07-28,197.14999389648438,NOW
2025-07-29,198.63999938964844,NOW
2025-07-30,195.49600219726562,NOW
2025-07-31,188.62399291992188,NOW
2025-08-01,182.87399291992188,NOW
2025-08-04,184.60000610351562,NOW
2025-08-05,181.0240020751953,NOW
2025-08-06,182.46200561523438,NOW
2025-08-07,174.82400512695312,NOW
2025-08-08,174.5019989013672,NOW
2025-08-11,171.2740020751953,NOW
2025-08-12,170.68600463867188,NOW
2025-08-13,172.66000366210938,NOW
2025-08-14,170.1719970703125,NOW
2025-08-15,173.447998046875,NOW
2025-08-18,178.41000366210938,NOW
2025-08-19,177.3560028076172,NOW
2025-08-20,178.0500030517578,NOW
2025-08-21,175.3939971923828,NOW
2025-08-22,177.35000610351562,NOW
2025-08-25,175.98800659179688,NOW
2025-08-26,172.9320068359375,NOW
2025-08-27,177.5959930419922,NOW
2025-08-28,185.72000122070312,NOW
2025-08-29,183.49200439453125,NOW
2025-09-02,182.28399658203125,NOW
2025-09-03,183.87600708007812,NOW
2025-09-04,179.71200561523438,NOW
2025-09-05,182.75999450683594,NOW
2025-09-08,187.86599731445312,NOW
2025-09-09,186.73399353027344,NOW
2025-09-10,184.71400451660156,NOW
2025-09-11,187.656005859375,NOW
2025-09-12,185.79200744628906,NOW
2025-09-15,189.48399353027344,NOW
2025-09-16,186.40199279785156,NOW
2025-09-17,190.07400512695312,NOW
2025-09-18,189.54800415039062,NOW
2025-09-19,192.22999572753906,NOW
2025-09-22,189.55599975585938,NOW
2025-09-23,185.53399658203125,NOW
2025-09-24,186.6739959716797,NOW
2025-09-25,183.7220001220703,NOW
2025-09-26,187.1999969482422,NOW
2025-09-29,188.1699981689453,NOW
2025-09-30,184.05599975585938,NOW
2025-10-01,182.48599243164062,NOW
2025-10-02,182.02000427246094,NOW
2025-10-03,182.4720001220703,NOW
2025-10-06,182.5679931640625,NOW
2025-10-07,180.84800720214844,NOW
2025-10-08,182.86399841308594,NOW
2025-10-09,183.58999633789062,NOW
2025-10-10,177.74200439453125,NOW
2025-10-13,184.74000549316406,NOW
2025-10-14,182.2519989013672,NOW
2025-10-15,180.61000061035156,NOW
2025-10-16,178.8979949951172,NOW
2025-10-17,180.72000122070312,NOW
2025-10-20,183.50999450683594,NOW
2025-10-21,188.3000030517578,NOW
2025-10-22,187.1300048828125,NOW
2025-10-23,187.83399963378906,NOW
2025-10-24,186.03399658203125,NOW
2025-10-27,189.25799560546875,NOW
2025-10-28,187.58200073242188,NOW
2025-10-29,182.33999633789062,NOW
2025-10-30,186.93600463867188,NOW
2025-10-31,183.8560028076172,NOW
2025-11-03,182.76800537109375,NOW
2025-11-04,177.51400756835938,NOW
2025-11-05,175.92599487304688,NOW
2025-11-06,171.75399780273438,NOW
2025-11-07,172.37399291992188,NOW
2025-11-10,173.25999450683594,NOW
2025-11-11,172.13400268554688,NOW
2025-11-12,172.80799865722656,NOW
2025-11-13,169.93800354003906,NOW
2025-11-14,170.08599853515625,NOW
2025-11-17,167.1580047607422,NOW
2025-11-18,163.593994140625,NOW
2025-11-19,163.2899932861328,NOW
2025-11-20,160.0919952392578,NOW
2025-11-21,162.68600463867188,NOW
2025-11-24,163.16799926757812,NOW
2025-11-25,165.06199645996094,NOW
2025-11-26,160.54400634765625,NOW
2025-11-28,162.48199462890625,NOW
2025-12-01,164.41400146484375,NOW
2025-12-02,164.87600708007812,NOW
2025-12-03,166.5800018310547,NOW
2025-12-04,167.7740020751953,NOW
2025-12-05,170.8719940185547,NOW
2025-12-08,170.70399475097656,NOW
2025-12-09,170.98199462890625,NOW
2025-12-10,170.71200561523438,NOW
2025-12-11,173.4980010986328,NOW
2025-12-12,173.01199340820312,NOW
2025-12-15,153.0399932861328,NOW
2025-12-16,156.2239990234375,NOW
2025-12-17,156.47799682617188,NOW
2025-12-18,153.3800048828125,NOW
2025-12-19,155.30999755859375,NOW
2025-12-22,156.67999267578125,NOW
2025-12-23,154.36000061035156,NOW
2025-12-24,152.58999633789062,NOW
2025-12-26,153.88999938964844,NOW
2025-12-29,154.5800018310547,NOW
2025-12-30,154.22999572753906,NOW
2025-12-31,153.19000244140625,NOW
2026-01-02,147.4499969482422,NOW
2026-01-05,147.60000610351562,NOW
2026-01-06,148.80999755859375,NOW
2026-01-07,150.89999389648438,NOW
2026-01-08,146.19000244140625,NOW
2026-01-09,141.8000030517578,NOW
2026-01-12,142.63999938964844,NOW
2026-01-13,138.19000244140625,NOW
2026-01-14,134.61000061035156,NOW
2026-01-15,131.1699981689453,NOW
2026-01-16,127.30999755859375,NOW
2026-01-20,125.4000015258789,NOW
2026-01-21,125.30000305175781,NOW
2026-01-22,128.55999755859375,NOW
2026-01-23,133.11000061035156,NOW
2026-01-26,136.33999633789062,NOW
2026-01-27,131.8000030517578,NOW
2026-01-28,129.6199951171875,NOW
2026-01-29,116.7300033569336,NOW
2026-01-30,117.01000213623047,NOW
2026-02-02,118.0,NOW
2026-02-03,109.7699966430664,NOW
2026-02-04,111.06999969482422,NOW
2026-02-05,102.62999725341797,NOW
2026-02-06,100.73999786376953,NOW
2026-02-09,103.87000274658203,NOW
2026-02-10,106.4800033569336,NOW
2026-02-11,100.58000183105469,NOW
2026-02-12,103.29000091552734,NOW
2026-02-13,107.08000183105469,NOW
2026-02-17,105.91000366210938,NOW
2026-02-18,107.80999755859375,NOW
2026-02-19,107.37000274658203,NOW
2026-02-20,104.2699966430664,NOW
2026-02-23,100.80000305175781,NOW
2026-02-24,102.48999786376953,NOW
2026-02-25,104.2300033569336,NOW
2026-02-26,109.30000305175781,NOW
2026-02-27,108.01000213623047,NOW
2026-03-02,109.41999816894531,NOW
2026-03-03,113.19000244140625,NOW
2026-03-04,113.86000061035156,NOW
2026-03-05,120.37999725341797,NOW
2026-03-06,124.33999633789062,NOW
2026-03-09,121.93000030517578,NOW
2026-03-10,116.61000061035156,NOW
2026-03-11,115.62999725341797,NOW
2026-03-12,112.97000122070312,NOW
2026-03-13,113.62000274658203,NOW
2026-03-16,114.87999725341797,NOW
2026-03-17,116.72000122070312,NOW
2026-03-18,113.70999908447266,NOW
2026-03-19,113.2699966430664,NOW
2026-03-20,110.37999725341797,NOW
2026-03-23,110.94999694824219,NOW
2026-03-24,104.6500015258789,NOW
2026-03-25,103.05999755859375,NOW
2026-03-26,103.63999938964844,NOW
2026-03-27,99.41000366210938,NOW
2026-03-30,104.97000122070312,NOW
2026-03-31,104.55000305175781,NOW
2026-04-01,104.04000091552734,NOW
2026-04-02,102.0,NOW
2026-04-06,102.41999816894531,NOW
2026-04-07,100.55000305175781,NOW
2026-04-08,97.47000122070312,NOW
2026-04-09,89.80999755859375,NOW
2026-04-10,83.0,NOW
2026-04-13,89.05999755859375,NOW
2026-04-14,87.79000091552734,NOW
2026-04-15,94.19000244140625,NOW
2026-04-16,96.44000244140625,NOW
2026-04-17,96.66000366210938,NOW
2026-04-20,99.72000122070312,NOW
2026-04-21,100.13999938964844,NOW
2026-04-22,103.06999969482422,NOW
2026-04-23,84.77999877929688,NOW
2026-04-24,90.16999816894531,NOW
2026-04-27,90.44999694824219,NOW
2026-04-28,90.48999786376953,NOW
2026-04-29,88.88999938964844,NOW
2026-04-30,88.30999755859375,NOW
2026-05-01,91.16000366210938,NOW
2026-05-04,91.97000122070312,NOW
2026-05-05,92.01000213623047,NOW
2026-05-06,89.05000305175781,NOW
2026-05-07,93.58999633789062,NOW
2026-05-08,91.18000030517578,NOW
2026-05-11,91.48999786376953,NOW
2026-05-12,89.0,NOW
2026-05-13,87.05000305175781,NOW
2026-05-14,90.5,NOW
2026-05-15,95.06999969482422,NOW
2026-05-18,103.41999816894531,NOW
2026-05-19,101.83000183105469,NOW
2026-05-20,103.30000305175781,NOW
2026-05-21,99.69000244140625,NOW
2026-05-22,102.12999725341797,NOW
2026-05-26,99.91999816894531,NOW
2026-05-27,102.12000274658203,NOW
2026-05-28,108.7300033569336,NOW
2026-05-29,124.37000274658203,NOW
2026-06-01,135.86000061035156,NOW
2026-06-02,127.6500015258789,NOW
2026-06-03,117.9000015258789,NOW
2026-06-04,119.36000061035156,NOW
2026-06-05,112.44999694824219,NOW
2026-06-08,114.19000244140625,NOW
2026-06-09,106.97000122070312,NOW
2026-06-10,106.05999755859375,NOW
2026-06-11,103.08000183105469,NOW
2026-06-12,102.1500015258789,NOW
2026-06-15,104.1500015258789,NOW
2026-06-16,101.33000183105469,NOW
2026-06-17,95.4800033569336,NOW
2026-06-18,95.04000091552734,NOW
2026-06-22,93.01000213623047,NOW
2026-06-23,95.94000244140625,NOW
2026-06-24,93.80000305175781,NOW
2026-06-25,89.5199966430664,NOW
2026-06-26,98.33999633789062,NOW
2026-06-29,99.97000122070312,NOW
2026-06-30,99.27999877929688,NOW
2026-07-01,105.80000305175781,NOW
2026-07-02,106.31999969482422,NOW
2026-07-06,107.93000030517578,NOW
2026-07-07,110.7300033569336,NOW
2026-07-08,107.77999877929688,NOW
2026-07-09,108.83999633789062,NOW
2026-07-10,107.70999908447266,NOW
2026-07-13,111.26000213623047,NOW
2026-07-14,104.8499984741211,NOW
2026-07-15,104.7300033569336,NOW
2026-07-16,104.01000213623047,NOW
2026-07-17,103.23999786376953,NOW
2026-07-20,104.69999694824219,NOW
2026-07-21,102.05999755859375,NOW
2026-07-22,95.45999908447266,NOW
2026-07-23,91.94000244140625,NOW
2026-07-24,98.77999877929688,NOW
2026-07-27,105.55999755859375,NOW
2026-07-28,110.62000274658203,NOW
2026-07-29,115.76000213623047,NOW
2026-07-30,110.06999969482422,NOW
2026-07-31,111.2300033569336,NOW
2026-08-03,114.19000244140625,NOW
2026-08-04,118.13999938964844,NOW
2026-08-05,117.22000122070312,NOW
2026-08-06,117.3499984741211,NOW
2026-08-07,124.87999725341797,NOW
2026-08-10,127.44000244140625,NOW
2026-08-11,127.54000091552734,NOW
2026-08-12,124.94000244140625,NOW
2026-08-13,127.25,NOW
2026-08-14,124.0,NOW
2026-08-17,117.69999694824219,NOW
2026-08-18,119.48999786376953,NOW
2026-08-19,127.19999694824219,NOW
2026-08-20,129.75,NOW
2026-08-21,128.47999572753906,NOW
2026-08-24,128.0500030517578,NOW
2026-08-25,127.0,NOW
2026-08-26,125.80000305175781,NOW
2026-08-27,138.42999267578125,NOW
2026-08-28,144.7100067138672,NOW
2026-08-31,147.99000549316406,NOW
2026-09-01,142.89999389648438,NOW
2026-09-02,136.72000122070312,NOW
2026-09-03,145.58999633789062,NOW
2026-09-04,141.25999450683594,NOW
2026-09-08,134.2100067138672,NOW
2026-09-09,131.11000061035156,NOW
2026-09-10,131.1699981689453,NOW
2026-09-11,132.52999877929688,NOW
2026-09-14,142.35000610351562,NOW
2026-09-15,141.89999389648438,NOW
2026-09-16,139.82000732421875,NOW
2026-09-17,138.47000122070312,NOW
2024-09-18,127.0999984741211,NTRA
2024-09-19,127.12999725341797,NTRA
2024-09-20,127.77999877929688,NTRA
2024-09-23,123.54000091552734,NTRA
2024-09-24,123.08000183105469,NTRA
2024-09-25,124.98999786376953,NTRA
2024-09-26,123.8499984741211,NTRA
2024-09-27,125.72000122070312,NTRA
2024-09-30,126.94999694824219,NTRA
2024-10-01,127.19000244140625,NTRA
2024-10-02,131.11000061035156,NTRA
2024-10-03,126.30000305175781,NTRA
2024-10-04,129.83999633789062,NTRA
2024-10-07,128.1999969482422,NTRA
2024-10-08,131.92999267578125,NTRA
2024-10-09,127.4800033569336,NTRA
2024-10-10,125.75,NTRA
2024-10-11,130.05999755859375,NTRA
2024-10-14,131.86000061035156,NTRA
2024-10-15,129.0,NTRA
2024-10-16,126.7699966430664,NTRA
2024-10-17,122.3499984741211,NTRA
2024-10-18,122.4000015258789,NTRA
2024-10-21,120.5,NTRA
2024-10-22,119.94999694824219,NTRA
2024-10-23,118.6500015258789,NTRA
2024-10-24,119.16999816894531,NTRA
2024-10-25,117.66999816894531,NTRA
2024-10-28,120.70999908447266,NTRA
2024-10-29,124.73999786376953,NTRA
2024-10-30,126.7300033569336,NTRA
2024-10-31,120.95999908447266,NTRA
2024-11-01,124.16000366210938,NTRA
2024-11-04,123.44000244140625,NTRA
2024-11-05,124.38999938964844,NTRA
2024-11-06,126.97000122070312,NTRA
2024-11-07,130.38999938964844,NTRA
2024-11-08,134.11000061035156,NTRA
2024-11-11,133.97000122070312,NTRA
2024-11-12,135.1199951171875,NTRA
2024-11-13,160.97000122070312,NTRA
2024-11-14,151.11000061035156,NTRA
2024-11-15,146.05999755859375,NTRA
2024-11-18,153.4199981689453,NTRA
2024-11-19,162.10000610351562,NTRA
2024-11-20,167.8800048828125,NTRA
2024-11-21,169.36000061035156,NTRA
2024-11-22,167.25999450683594,NTRA
2024-11-25,164.38999938964844,NTRA
2024-11-26,168.32000732421875,NTRA
2024-11-27,168.4499969482422,NTRA
2024-11-29,167.77999877929688,NTRA
2024-12-02,169.82000732421875,NTRA
2024-12-03,169.1699981689453,NTRA
2024-12-04,174.0,NTRA
2024-12-05,169.02000427246094,NTRA
2024-12-06,171.64999389648438,NTRA
2024-12-09,167.8000030517578,NTRA
2024-12-10,166.4499969482422,NTRA
2024-12-11,167.1199951171875,NTRA
2024-12-12,166.4499969482422,NTRA
2024-12-13,166.5500030517578,NTRA
2024-12-16,170.8000030517578,NTRA
2024-12-17,168.2100067138672,NTRA
2024-12-18,155.1999969482422,NTRA
2024-12-19,158.08999633789062,NTRA
2024-12-20,161.8800048828125,NTRA
2024-12-23,161.99000549316406,NTRA
2024-12-24,162.38999938964844,NTRA
2024-12-26,159.63999938964844,NTRA
2024-12-27,160.25999450683594,NTRA
2024-12-30,158.5500030517578,NTRA
2024-12-31,158.3000030517578,NTRA
2025-01-02,160.60000610351562,NTRA
2025-01-03,167.60000610351562,NTRA
2025-01-06,172.25999450683594,NTRA
2025-01-07,170.39999389648438,NTRA
2025-01-08,176.61000061035156,NTRA
2025-01-10,175.0,NTRA
2025-01-13,169.3000030517578,NTRA
2025-01-14,165.75999450683594,NTRA
2025-01-15,170.35000610351562,NTRA
2025-01-16,168.5,NTRA
2025-01-17,158.36000061035156,NTRA
2025-01-21,167.4600067138672,NTRA
2025-01-22,171.92999267578125,NTRA
2025-01-23,171.82000732421875,NTRA
2025-01-24,167.61000061035156,NTRA
2025-01-27,165.25999450683594,NTRA
2025-01-28,168.0800018310547,NTRA
2025-01-29,168.22000122070312,NTRA
2025-01-30,176.27000427246094,NTRA
2025-01-31,176.9199981689453,NTRA
2025-02-03,176.55999755859375,NTRA
2025-02-04,174.24000549316406,NTRA
2025-02-05,177.0,NTRA
2025-02-06,175.13999938964844,NTRA
2025-02-07,172.82000732421875,NTRA
2025-02-10,172.19000244140625,NTRA
2025-02-11,169.7100067138672,NTRA
2025-02-12,171.9499969482422,NTRA
2025-02-13,170.72999572753906,NTRA
2025-02-14,173.38999938964844,NTRA
2025-02-18,169.3800048828125,NTRA
2025-02-19,172.61000061035156,NTRA
2025-02-20,168.19000244140625,NTRA
2025-02-21,162.30999755859375,NTRA
2025-02-24,158.3699951171875,NTRA
2025-02-25,156.0,NTRA
2025-02-26,160.55999755859375,NTRA
2025-02-27,156.61000061035156,NTRA
2025-02-28,155.58999633789062,NTRA
2025-03-03,143.11000061035156,NTRA
2025-03-04,142.35000610351562,NTRA
2025-03-05,147.9199981689453,NTRA
2025-03-06,141.5,NTRA
2025-03-07,140.66000366210938,NTRA
2025-03-10,132.6300048828125,NTRA
2025-03-11,140.02000427246094,NTRA
2025-03-12,144.5,NTRA
2025-03-13,142.50999450683594,NTRA
2025-03-14,148.22000122070312,NTRA
2025-03-17,149.25,NTRA
2025-03-18,146.27999877929688,NTRA
2025-03-19,150.8699951171875,NTRA
2025-03-20,149.6300048828125,NTRA
2025-03-21,151.14999389648438,NTRA
2025-03-24,153.8300018310547,NTRA
2025-03-25,154.5800018310547,NTRA
2025-03-26,149.83999633789062,NTRA
2025-03-27,148.3000030517578,NTRA
2025-03-28,143.94000244140625,NTRA
2025-03-31,141.41000366210938,NTRA
2025-04-01,140.64999389648438,NTRA
2025-04-02,143.1999969482422,NTRA
2025-04-03,138.7100067138672,NTRA
2025-04-04,133.8699951171875,NTRA
2025-04-07,138.25999450683594,NTRA
2025-04-08,132.22999572753906,NTRA
2025-04-09,151.97000122070312,NTRA
2025-04-10,143.27999877929688,NTRA
2025-04-11,148.0399932861328,NTRA
2025-04-14,148.4499969482422,NTRA
2025-04-15,151.74000549316406,NTRA
2025-04-16,150.1699981689453,NTRA
2025-04-17,148.0800018310547,NTRA
2025-04-21,142.22999572753906,NTRA
2025-04-22,144.6199951171875,NTRA
2025-04-23,148.55999755859375,NTRA
2025-04-24,154.47999572753906,NTRA
2025-04-25,153.7899932861328,NTRA
2025-04-28,152.99000549316406,NTRA
2025-04-29,154.88999938964844,NTRA
2025-04-30,150.92999267578125,NTRA
2025-05-01,151.36000061035156,NTRA
2025-05-02,156.66000366210938,NTRA
2025-05-05,157.3800048828125,NTRA
2025-05-06,155.5,NTRA
2025-05-07,160.10000610351562,NTRA
2025-05-08,162.57000732421875,NTRA
2025-05-09,151.9499969482422,NTRA
2025-05-12,157.2899932861328,NTRA
2025-05-13,152.27999877929688,NTRA
2025-05-14,151.33999633789062,NTRA
2025-05-15,149.39999389648438,NTRA
2025-05-16,152.58999633789062,NTRA
2025-05-19,153.27000427246094,NTRA
2025-05-20,154.52999877929688,NTRA
2025-05-21,151.08999633789062,NTRA
2025-05-22,152.47999572753906,NTRA
2025-05-23,153.32000732421875,NTRA
2025-05-27,157.16000366210938,NTRA
2025-05-28,161.2100067138672,NTRA
2025-05-29,158.0500030517578,NTRA
2025-05-30,157.72999572753906,NTRA
2025-06-02,160.69000244140625,NTRA
2025-06-03,160.14999389648438,NTRA
2025-06-04,167.22000122070312,NTRA
2025-06-05,165.50999450683594,NTRA
2025-06-06,163.75999450683594,NTRA
2025-06-09,164.19000244140625,NTRA
2025-06-10,165.22000122070312,NTRA
2025-06-11,166.75999450683594,NTRA
2025-06-12,164.35000610351562,NTRA
2025-06-13,165.33999633789062,NTRA
2025-06-16,168.25,NTRA
2025-06-17,167.5500030517578,NTRA
2025-06-18,170.97999572753906,NTRA
2025-06-20,171.86000061035156,NTRA
2025-06-23,170.3699951171875,NTRA
2025-06-24,171.8699951171875,NTRA
2025-06-25,164.16000366210938,NTRA
2025-06-26,168.1699981689453,NTRA
2025-06-27,167.9600067138672,NTRA
2025-06-30,168.94000244140625,NTRA
2025-07-01,160.72000122070312,NTRA
2025-07-02,161.57000732421875,NTRA
2025-07-03,161.75999450683594,NTRA
2025-07-07,158.69000244140625,NTRA
2025-07-08,158.47999572753906,NTRA
2025-07-09,161.75,NTRA
2025-07-10,163.36000061035156,NTRA
2025-07-11,160.42999267578125,NTRA
2025-07-14,158.17999267578125,NTRA
2025-07-15,149.85000610351562,NTRA
2025-07-16,148.39999389648438,NTRA
2025-07-17,143.3800048828125,NTRA
2025-07-18,138.89999389648438,NTRA
2025-07-21,140.6300048828125,NTRA
2025-07-22,139.9199981689453,NTRA
2025-07-23,137.82000732421875,NTRA
2025-07-24,141.06500244140625,NTRA
2025-07-25,138.89999389648438,NTRA
2025-07-28,138.0,NTRA
2025-07-29,135.83999633789062,NTRA
2025-07-30,140.9600067138672,NTRA
2025-07-31,133.66000366210938,NTRA
2025-08-01,134.5800018310547,NTRA
2025-08-04,136.57000732421875,NTRA
2025-08-05,140.1199951171875,NTRA
2025-08-06,138.1300048828125,NTRA
2025-08-07,141.0800018310547,NTRA
2025-08-08,151.9499969482422,NTRA
2025-08-11,157.0399932861328,NTRA
2025-08-12,159.80999755859375,NTRA
2025-08-13,157.6999969482422,NTRA
2025-08-14,158.44000244140625,NTRA
2025-08-15,163.02000427246094,NTRA
2025-08-18,161.14999389648438,NTRA
2025-08-19,160.1199951171875,NTRA
2025-08-20,160.63999938964844,NTRA
2025-08-21,161.9499969482422,NTRA
2025-08-22,165.60000610351562,NTRA
2025-08-25,162.47000122070312,NTRA
2025-08-26,165.7100067138672,NTRA
2025-08-27,163.0399932861328,NTRA
2025-08-28,167.8800048828125,NTRA
2025-08-29,168.25,NTRA
2025-09-02,169.33999633789062,NTRA
2025-09-03,167.52999877929688,NTRA
2025-09-04,166.55999755859375,NTRA
2025-09-05,168.02000427246094,NTRA
2025-09-08,167.38999938964844,NTRA
2025-09-09,176.3699951171875,NTRA
2025-09-10,169.7899932861328,NTRA
2025-09-11,173.80999755859375,NTRA
2025-09-12,168.50999450683594,NTRA
2025-09-15,172.16000366210938,NTRA
2025-09-16,175.00999450683594,NTRA
2025-09-17,175.42999267578125,NTRA
2025-09-18,179.86000061035156,NTRA
2025-09-19,181.11000061035156,NTRA
2025-09-22,179.19000244140625,NTRA
2025-09-23,172.8300018310547,NTRA
2025-09-24,163.91000366210938,NTRA
2025-09-25,163.66000366210938,NTRA
2025-09-26,162.97000122070312,NTRA
2025-09-29,163.08999633789062,NTRA
2025-09-30,160.97000122070312,NTRA
2025-10-01,161.61000061035156,NTRA
2025-10-02,160.2100067138672,NTRA
2025-10-03,167.35000610351562,NTRA
2025-10-06,170.3800048828125,NTRA
2025-10-07,168.52999877929688,NTRA
2025-10-08,172.08999633789062,NTRA
2025-10-09,173.05499267578125,NTRA
2025-10-10,169.27000427246094,NTRA
2025-10-13,174.1699981689453,NTRA
2025-10-14,172.80999755859375,NTRA
2025-10-15,179.4199981689453,NTRA
2025-10-16,180.5399932861328,NTRA
2025-10-17,181.69000244140625,NTRA
2025-10-20,188.60000610351562,NTRA
2025-10-21,186.8800048828125,NTRA
2025-10-22,188.02000427246094,NTRA
2025-10-23,195.0,NTRA
2025-10-24,192.50999450683594,NTRA
2025-10-27,192.22000122070312,NTRA
2025-10-28,189.57000732421875,NTRA
2025-10-29,192.80999755859375,NTRA
2025-10-30,193.22000122070312,NTRA
2025-10-31,198.92999267578125,NTRA
2025-11-03,198.22999572753906,NTRA
2025-11-04,196.4499969482422,NTRA
2025-11-05,199.9199981689453,NTRA
2025-11-06,198.47999572753906,NTRA
2025-11-07,199.57000732421875,NTRA
2025-11-10,206.6300048828125,NTRA
2025-11-11,206.72000122070312,NTRA
2025-11-12,209.5,NTRA
2025-11-13,200.6699981689453,NTRA
2025-11-14,204.27999877929688,NTRA
2025-11-17,206.0399932861328,NTRA
2025-11-18,213.64999389648438,NTRA
2025-11-19,218.35000610351562,NTRA
2025-11-20,225.5500030517578,NTRA
2025-11-21,230.6300048828125,NTRA
2025-11-24,238.5800018310547,NTRA
2025-11-25,236.49000549316406,NTRA
2025-11-26,237.1199951171875,NTRA
2025-11-28,238.80999755859375,NTRA
2025-12-01,234.25,NTRA
2025-12-02,236.63999938964844,NTRA
2025-12-03,238.2100067138672,NTRA
2025-12-04,242.05999755859375,NTRA
2025-12-05,244.5500030517578,NTRA
2025-12-08,239.13999938964844,NTRA
2025-12-09,235.52999877929688,NTRA
2025-12-10,233.1300048828125,NTRA
2025-12-11,231.0500030517578,NTRA
2025-12-12,231.9499969482422,NTRA
2025-12-15,228.39999389648438,NTRA
2025-12-16,227.39999389648438,NTRA
2025-12-17,225.49000549316406,NTRA
2025-12-18,224.74000549316406,NTRA
2025-12-19,231.9600067138672,NTRA
2025-12-22,235.57000732421875,NTRA
2025-12-23,235.39999389648438,NTRA
2025-12-24,235.5399932861328,NTRA
2025-12-26,233.74000549316406,NTRA
2025-12-29,231.3000030517578,NTRA
2025-12-30,229.97999572753906,NTRA
2025-12-31,229.08999633789062,NTRA
2026-01-02,228.83999633789062,NTRA
2026-01-05,237.4199981689453,NTRA
2026-01-06,248.74000549316406,NTRA
2026-01-07,254.39999389648438,NTRA
2026-01-08,239.55999755859375,NTRA
2026-01-09,234.30999755859375,NTRA
2026-01-12,235.4499969482422,NTRA
2026-01-13,237.88999938964844,NTRA
2026-01-14,239.19000244140625,NTRA
2026-01-15,240.33999633789062,NTRA
2026-01-16,231.25,NTRA
2026-01-20,234.85000610351562,NTRA
2026-01-21,242.77999877929688,NTRA
2026-01-22,242.91000366210938,NTRA
2026-01-23,241.5800018310547,NTRA
2026-01-26,241.38999938964844,NTRA
2026-01-27,240.33999633789062,NTRA
2026-01-28,235.92999267578125,NTRA
2026-01-29,231.47999572753906,NTRA
2026-01-30,231.13999938964844,NTRA
2026-02-02,231.10000610351562,NTRA
2026-02-03,227.67999267578125,NTRA
2026-02-04,205.61000061035156,NTRA
2026-02-05,197.0800018310547,NTRA
2026-02-06,203.0399932861328,NTRA
2026-02-09,210.5800018310547,NTRA
2026-02-10,211.64999389648438,NTRA
2026-02-11,212.4600067138672,NTRA
2026-02-12,207.8350067138672,NTRA
2026-02-13,206.22999572753906,NTRA
2026-02-17,211.25,NTRA
2026-02-18,215.52999877929688,NTRA
2026-02-19,216.36000061035156,NTRA
2026-02-20,212.1199951171875,NTRA
2026-02-23,209.35000610351562,NTRA
2026-02-24,209.52999877929688,NTRA
2026-02-25,211.8300018310547,NTRA
2026-02-26,216.10000610351562,NTRA
2026-02-27,208.0399932861328,NTRA
2026-03-02,200.1699981689453,NTRA
2026-03-03,207.0399932861328,NTRA
2026-03-04,203.02999877929688,NTRA
2026-03-05,197.13999938964844,NTRA
2026-03-06,198.1300048828125,NTRA
2026-03-09,205.22000122070312,NTRA
2026-03-10,198.9499969482422,NTRA
2026-03-11,196.61000061035156,NTRA
2026-03-12,190.30999755859375,NTRA
2026-03-13,187.85000610351562,NTRA
2026-03-16,197.67999267578125,NTRA
2026-03-17,198.3800048828125,NTRA
2026-03-18,197.7899932861328,NTRA
2026-03-19,202.72999572753906,NTRA
2026-03-20,195.27999877929688,NTRA
2026-03-23,200.08999633789062,NTRA
2026-03-24,194.52000427246094,NTRA
2026-03-25,197.3699951171875,NTRA
2026-03-26,196.14999389648438,NTRA
2026-03-27,182.64999389648438,NTRA
2026-03-30,186.83999633789062,NTRA
2026-03-31,199.99000549316406,NTRA
2026-04-01,203.2100067138672,NTRA
2026-04-02,207.97999572753906,NTRA
2026-04-06,204.8699951171875,NTRA
2026-04-07,209.27000427246094,NTRA
2026-04-08,210.8300018310547,NTRA
2026-04-09,203.0,NTRA
2026-04-10,193.02999877929688,NTRA
2026-04-13,201.89999389648438,NTRA
2026-04-14,214.63999938964844,NTRA
2026-04-15,207.19000244140625,NTRA
2026-04-16,196.11000061035156,NTRA
2026-04-17,208.39999389648438,NTRA
2026-04-20,207.74000549316406,NTRA
2026-04-21,205.4199981689453,NTRA
2026-04-22,207.77999877929688,NTRA
2026-04-23,201.13999938964844,NTRA
2026-04-24,203.75,NTRA
2026-04-27,204.38999938964844,NTRA
2026-04-28,200.1699981689453,NTRA
2026-04-29,194.75,NTRA
2026-04-30,206.16000366210938,NTRA
2026-05-01,207.27999877929688,NTRA
2026-05-04,211.55999755859375,NTRA
2026-05-05,206.77000427246094,NTRA
2026-05-06,215.08999633789062,NTRA
2026-05-07,219.82000732421875,NTRA
2026-05-08,194.24000549316406,NTRA
2026-05-11,199.13999938964844,NTRA
2026-05-12,204.2100067138672,NTRA
2026-05-13,195.32000732421875,NTRA
2026-05-14,196.91000366210938,NTRA
2026-05-15,186.36000061035156,NTRA
2026-05-18,192.5399932861328,NTRA
2026-05-19,196.0399932861328,NTRA
2026-05-20,204.9199981689453,NTRA
2026-05-21,203.69000244140625,NTRA
2026-05-22,203.19000244140625,NTRA
2026-05-26,200.91000366210938,NTRA
2026-05-27,203.11000061035156,NTRA
2026-05-28,213.94000244140625,NTRA
2026-05-29,223.3699951171875,NTRA
2026-06-01,218.80999755859375,NTRA
2026-06-02,212.72999572753906,NTRA
2026-06-03,211.85000610351562,NTRA
2026-06-04,222.10000610351562,NTRA
2026-06-05,215.30999755859375,NTRA
2026-06-08,213.47000122070312,NTRA
2026-06-09,222.82000732421875,NTRA
2026-06-10,216.5,NTRA
2026-06-11,219.22999572753906,NTRA
2026-06-12,212.07000732421875,NTRA
2026-06-15,216.97000122070312,NTRA
2026-06-16,220.11000061035156,NTRA
2026-06-17,226.44000244140625,NTRA
2026-06-18,231.41000366210938,NTRA
2026-06-22,228.8000030517578,NTRA
2026-06-23,234.75999450683594,NTRA
2026-06-24,259.9700012207031,NTRA
2026-06-25,260.739990234375,NTRA
2026-06-26,261.9100036621094,NTRA
2026-06-29,272.30999755859375,NTRA
2026-06-30,271.45001220703125,NTRA
2026-07-01,276.2699890136719,NTRA
2026-07-02,279.32000732421875,NTRA
2026-07-06,283.79998779296875,NTRA
2026-07-07,281.2699890136719,NTRA
2026-07-08,274.3900146484375,NTRA
2026-07-09,281.8500061035156,NTRA
2026-07-10,269.95001220703125,NTRA
2026-07-13,272.8900146484375,NTRA
2026-07-14,272.6600036621094,NTRA
2026-07-15,277.3699951171875,NTRA
2026-07-16,269.8299865722656,NTRA
2026-07-17,271.3900146484375,NTRA
2026-07-20,262.6300048828125,NTRA
2026-07-21,267.17999267578125,NTRA
2026-07-22,264.2200012207031,NTRA
2026-07-23,264.69000244140625,NTRA
2026-07-24,261.989990234375,NTRA
2026-07-27,258.0299987792969,NTRA
2026-07-28,252.22000122070312,NTRA
2026-07-29,253.82000732421875,NTRA
2026-07-30,269.6600036621094,NTRA
2026-07-31,267.760009765625,NTRA
2026-08-03,270.3599853515625,NTRA
2026-08-04,275.19000244140625,NTRA
2026-08-05,274.6199951171875,NTRA
2026-08-06,265.3800048828125,NTRA
2026-08-07,322.1000061035156,NTRA
2026-08-10,318.3500061035156,NTRA
2026-08-11,312.7200012207031,NTRA
2026-08-12,315.9599914550781,NTRA
2026-08-13,310.7799987792969,NTRA
2026-08-14,309.92999267578125,NTRA
2026-08-17,314.17999267578125,NTRA
2026-08-18,311.69000244140625,NTRA
2026-08-19,325.07000732421875,NTRA
2026-08-20,324.8399963378906,NTRA
2026-08-21,332.0299987792969,NTRA
2026-08-24,327.7200012207031,NTRA
2026-08-25,336.7099914550781,NTRA
2026-08-26,338.45001220703125,NTRA
2026-08-27,338.70001220703125,NTRA
2026-08-28,326.260009765625,NTRA
2026-08-31,321.9599914550781,NTRA
2026-09-01,320.760009765625,NTRA
2026-09-02,325.1650085449219,NTRA
2026-09-03,327.6700134277344,NTRA
2026-09-04,328.17999267578125,NTRA
2026-09-08,324.1400146484375,NTRA
2026-09-09,330.30999755859375,NTRA
2026-09-10,326.1400146484375,NTRA
2026-09-11,328.92999267578125,NTRA
2026-09-14,341.7900085449219,NTRA
2026-09-15,350.7799987792969,NTRA
2026-09-16,345.3399963378906,NTRA
2026-09-17,366.30999755859375,NTRA
2024-09-18,164.52999877929688,ORCL
2024-09-19,167.58999633789062,ORCL
2024-09-20,168.0,ORCL
2024-09-23,165.9499969482422,ORCL
2024-09-24,165.8000030517578,ORCL
2024-09-25,166.27999877929688,ORCL
2024-09-26,168.10000610351562,ORCL
2024-09-27,168.74000549316406,ORCL
2024-09-30,170.39999389648438,ORCL
2024-10-01,167.16000366210938,ORCL
2024-10-02,167.7100067138672,ORCL
2024-10-03,166.86000061035156,ORCL
2024-10-04,170.86000061035156,ORCL
2024-10-07,169.97000122070312,ORCL
2024-10-08,174.3699951171875,ORCL
2024-10-09,178.2899932861328,ORCL
2024-10-10,175.41000366210938,ORCL
2024-10-11,175.77000427246094,ORCL
2024-10-14,176.1199951171875,ORCL
2024-10-15,174.08999633789062,ORCL
2024-10-16,174.77000427246094,ORCL
2024-10-17,175.67999267578125,ORCL
2024-10-18,174.69000244140625,ORCL
2024-10-21,173.75999450683594,ORCL
2024-10-22,175.30999755859375,ORCL
2024-10-23,173.10000610351562,ORCL
2024-10-24,174.3800048828125,ORCL
2024-10-25,173.52000427246094,ORCL
2024-10-28,172.4199981689453,ORCL
2024-10-29,173.42999267578125,ORCL
2024-10-30,174.55999755859375,ORCL
2024-10-31,167.83999633789062,ORCL
2024-11-01,170.02000427246094,ORCL
2024-11-04,169.58999633789062,ORCL
2024-11-05,171.77999877929688,ORCL
2024-11-06,181.24000549316406,ORCL
2024-11-07,186.3699951171875,ORCL
2024-11-08,189.25,ORCL
2024-11-11,189.1300048828125,ORCL
2024-11-12,189.5800018310547,ORCL
2024-11-13,189.6300048828125,ORCL
2024-11-14,187.0500030517578,ORCL
2024-11-15,183.74000549316406,ORCL
2024-11-18,185.72999572753906,ORCL
2024-11-19,188.89999389648438,ORCL
2024-11-20,190.75,ORCL
2024-11-21,192.42999267578125,ORCL
2024-11-22,192.2899932861328,ORCL
2024-11-25,187.99000549316406,ORCL
2024-11-26,190.3699951171875,ORCL
2024-11-27,182.6999969482422,ORCL
2024-11-29,184.83999633789062,ORCL
2024-12-02,181.41000366210938,ORCL
2024-12-03,182.88999938964844,ORCL
2024-12-04,188.19000244140625,ORCL
2024-12-05,186.24000549316406,ORCL
2024-12-06,191.69000244140625,ORCL
2024-12-09,190.4499969482422,ORCL
2024-12-10,177.74000549316406,ORCL
2024-12-11,178.5800018310547,ORCL
2024-12-12,175.32000732421875,ORCL
2024-12-13,173.38999938964844,ORCL
2024-12-16,171.22999572753906,ORCL
2024-12-17,169.7100067138672,ORCL
2024-12-18,165.41000366210938,ORCL
2024-12-19,168.7899932861328,ORCL
2024-12-20,169.66000366210938,ORCL
2024-12-23,169.13999938964844,ORCL
2024-12-24,171.41000366210938,ORCL
2024-12-26,171.67999267578125,ORCL
2024-12-27,168.9600067138672,ORCL
2024-12-30,166.91000366210938,ORCL
2024-12-31,166.63999938964844,ORCL
2025-01-02,166.02999877929688,ORCL
2025-01-03,166.32000732421875,ORCL
2025-01-06,165.69000244140625,ORCL
2025-01-07,162.02999877929688,ORCL
2025-01-08,163.13999938964844,ORCL
2025-01-10,154.5,ORCL
2025-01-13,153.9199981689453,ORCL
2025-01-14,156.30999755859375,ORCL
2025-01-15,158.30999755859375,ORCL
2025-01-16,159.5399932861328,ORCL
2025-01-17,161.02999877929688,ORCL
2025-01-21,172.57000732421875,ORCL
2025-01-22,184.22000122070312,ORCL
2025-01-23,186.47000122070312,ORCL
2025-01-24,183.60000610351562,ORCL
2025-01-27,158.27999877929688,ORCL
2025-01-28,164.0,ORCL
2025-01-29,162.02000427246094,ORCL
2025-01-30,170.3800048828125,ORCL
2025-01-31,170.05999755859375,ORCL
2025-02-03,168.60000610351562,ORCL
2025-02-04,167.88999938964844,ORCL
2025-02-05,171.66000366210938,ORCL
2025-02-06,172.35000610351562,ORCL
2025-02-07,174.4600067138672,ORCL
2025-02-10,178.9199981689453,ORCL
2025-02-11,177.19000244140625,ORCL
2025-02-12,172.22000122070312,ORCL
2025-02-13,173.86000061035156,ORCL
2025-02-14,174.16000366210938,ORCL
2025-02-18,179.8000030517578,ORCL
2025-02-19,181.52000427246094,ORCL
2025-02-20,176.0,ORCL
2025-02-21,167.80999755859375,ORCL
2025-02-24,169.9600067138672,ORCL
2025-02-25,168.5399932861328,ORCL
2025-02-26,172.47000122070312,ORCL
2025-02-27,164.75999450683594,ORCL
2025-02-28,166.05999755859375,ORCL
2025-03-03,162.02000427246094,ORCL
2025-03-04,157.47000122070312,ORCL
2025-03-05,161.55999755859375,ORCL
2025-03-06,150.94000244140625,ORCL
2025-03-07,155.16000366210938,ORCL
2025-03-10,148.7899932861328,ORCL
2025-03-11,144.17999267578125,ORCL
2025-03-12,150.88999938964844,ORCL
2025-03-13,147.66000366210938,ORCL
2025-03-14,149.27000427246094,ORCL
2025-03-17,154.00999450683594,ORCL
2025-03-18,149.4499969482422,ORCL
2025-03-19,152.4499969482422,ORCL
2025-03-20,152.72000122070312,ORCL
2025-03-21,152.22999572753906,ORCL
2025-03-24,154.8699951171875,ORCL
2025-03-25,153.92999267578125,ORCL
2025-03-26,147.8000030517578,ORCL
2025-03-27,145.77999877929688,ORCL
2025-03-28,140.8699951171875,ORCL
2025-03-31,139.80999755859375,ORCL
2025-04-01,141.94000244140625,ORCL
2025-04-02,145.86000061035156,ORCL
2025-04-03,137.22999572753906,ORCL
2025-04-04,128.27000427246094,ORCL
2025-04-07,127.16000366210938,ORCL
2025-04-08,124.5,ORCL
2025-04-09,139.69000244140625,ORCL
2025-04-10,133.35000610351562,ORCL
2025-04-11,132.35000610351562,ORCL
2025-04-14,134.63999938964844,ORCL
2025-04-15,133.94000244140625,ORCL
2025-04-16,129.75999450683594,ORCL
2025-04-17,128.6199951171875,ORCL
2025-04-21,122.81999969482422,ORCL
2025-04-22,127.23999786376953,ORCL
2025-04-23,131.39999389648438,ORCL
2025-04-24,137.50999450683594,ORCL
2025-04-25,138.49000549316406,ORCL
2025-04-28,140.13999938964844,ORCL
2025-04-29,140.7899932861328,ORCL
2025-04-30,140.72000122070312,ORCL
2025-05-01,145.49000549316406,ORCL
2025-05-02,150.72999572753906,ORCL
2025-05-05,149.2899932861328,ORCL
2025-05-06,147.6999969482422,ORCL
2025-05-07,149.3699951171875,ORCL
2025-05-08,150.3000030517578,ORCL
2025-05-09,150.33999633789062,ORCL
2025-05-12,157.22000122070312,ORCL
2025-05-13,162.27000427246094,ORCL
2025-05-14,162.9499969482422,ORCL
2025-05-15,159.39999389648438,ORCL
2025-05-16,160.49000549316406,ORCL
2025-05-19,159.63999938964844,ORCL
2025-05-20,160.30999755859375,ORCL
2025-05-21,157.17999267578125,ORCL
2025-05-22,157.30999755859375,ORCL
2025-05-23,155.97000122070312,ORCL
2025-05-27,161.91000366210938,ORCL
2025-05-28,163.85000610351562,ORCL
2025-05-29,162.89999389648438,ORCL
2025-05-30,165.52999877929688,ORCL
2025-06-02,166.57000732421875,ORCL
2025-06-03,169.13999938964844,ORCL
2025-06-04,168.10000610351562,ORCL
2025-06-05,171.13999938964844,ORCL
2025-06-06,174.02000427246094,ORCL
2025-06-09,177.14999389648438,ORCL
2025-06-10,177.47999572753906,ORCL
2025-06-11,176.3800048828125,ORCL
2025-06-12,199.86000061035156,ORCL
2025-06-13,215.22000122070312,ORCL
2025-06-16,211.10000610351562,ORCL
2025-06-17,208.17999267578125,ORCL
2025-06-18,210.8699951171875,ORCL
2025-06-20,205.1699981689453,ORCL
2025-06-23,207.0399932861328,ORCL
2025-06-24,215.27000427246094,ORCL
2025-06-25,210.72000122070312,ORCL
2025-06-26,212.82000732421875,ORCL
2025-06-27,210.24000549316406,ORCL
2025-06-30,218.6300048828125,ORCL
2025-07-01,218.9600067138672,ORCL
2025-07-02,229.97999572753906,ORCL
2025-07-03,237.32000732421875,ORCL
2025-07-07,232.25999450683594,ORCL
2025-07-08,234.5,ORCL
2025-07-09,235.80999755859375,ORCL
2025-07-10,235.0,ORCL
2025-07-11,230.55999755859375,ORCL
2025-07-14,229.27999877929688,ORCL
2025-07-15,234.9600067138672,ORCL
2025-07-16,241.3000030517578,ORCL
2025-07-17,248.75,ORCL
2025-07-18,245.4499969482422,ORCL
2025-07-21,243.5399932861328,ORCL
2025-07-22,238.11000061035156,ORCL
2025-07-23,241.89999389648438,ORCL
2025-07-24,242.8300018310547,ORCL
2025-07-25,245.1199951171875,ORCL
2025-07-28,247.7100067138672,ORCL
2025-07-29,249.97999572753906,ORCL
2025-07-30,250.60000610351562,ORCL
2025-07-31,253.77000427246094,ORCL
2025-08-01,244.4199981689453,ORCL
2025-08-04,252.52999877929688,ORCL
2025-08-05,255.6699981689453,ORCL
2025-08-06,256.42999267578125,ORCL
2025-08-07,249.38999938964844,ORCL
2025-08-08,250.0500030517578,ORCL
2025-08-11,252.67999267578125,ORCL
2025-08-12,253.86000061035156,ORCL
2025-08-13,244.17999267578125,ORCL
2025-08-14,244.9600067138672,ORCL
2025-08-15,248.27999877929688,ORCL
2025-08-18,249.07000732421875,ORCL
2025-08-19,234.6199951171875,ORCL
2025-08-20,235.05999755859375,ORCL
2025-08-21,233.16000366210938,ORCL
2025-08-22,236.3699951171875,ORCL
2025-08-25,235.41000366210938,ORCL
2025-08-26,234.2100067138672,ORCL
2025-08-27,235.80999755859375,ORCL
2025-08-28,240.32000732421875,ORCL
2025-08-29,226.1300048828125,ORCL
2025-09-02,225.3000030517578,ORCL
2025-09-03,223.4499969482422,ORCL
2025-09-04,223.0,ORCL
2025-09-05,232.8000030517578,ORCL
2025-09-08,238.47999572753906,ORCL
2025-09-09,241.50999450683594,ORCL
2025-09-10,328.3299865722656,ORCL
2025-09-11,307.8599853515625,ORCL
2025-09-12,292.17999267578125,ORCL
2025-09-15,302.1400146484375,ORCL
2025-09-16,306.6499938964844,ORCL
2025-09-17,301.4100036621094,ORCL
2025-09-18,296.6199951171875,ORCL
2025-09-19,308.6600036621094,ORCL
2025-09-22,328.1499938964844,ORCL
2025-09-23,313.8299865722656,ORCL
2025-09-24,308.4599914550781,ORCL
2025-09-25,291.3299865722656,ORCL
2025-09-26,283.4599914550781,ORCL
2025-09-29,282.760009765625,ORCL
2025-09-30,281.239990234375,ORCL
2025-10-01,289.010009765625,ORCL
2025-10-02,288.7799987792969,ORCL
2025-10-03,286.1400146484375,ORCL
2025-10-06,291.5899963378906,ORCL
2025-10-07,284.239990234375,ORCL
2025-10-08,288.6300048828125,ORCL
2025-10-09,296.9599914550781,ORCL
2025-10-10,292.9599914550781,ORCL
2025-10-13,308.010009765625,ORCL
2025-10-14,299.0,ORCL
2025-10-15,303.6199951171875,ORCL
2025-10-16,313.0,ORCL
2025-10-17,291.30999755859375,ORCL
2025-10-20,277.17999267578125,ORCL
2025-10-21,275.1499938964844,ORCL
2025-10-22,272.6600036621094,ORCL
2025-10-23,280.07000732421875,ORCL
2025-10-24,283.3299865722656,ORCL
2025-10-27,281.3999938964844,ORCL
2025-10-28,280.8299865722656,ORCL
2025-10-29,275.29998779296875,ORCL
2025-10-30,256.8900146484375,ORCL
2025-10-31,262.6099853515625,ORCL
2025-11-03,257.8500061035156,ORCL
2025-11-04,248.1699981689453,ORCL
2025-11-05,250.30999755859375,ORCL
2025-11-06,243.8000030517578,ORCL
2025-11-07,239.25999450683594,ORCL
2025-11-10,240.8300018310547,ORCL
2025-11-11,236.14999389648438,ORCL
2025-11-12,226.99000549316406,ORCL
2025-11-13,217.57000732421875,ORCL
2025-11-14,222.85000610351562,ORCL
2025-11-17,219.86000061035156,ORCL
2025-11-18,220.49000549316406,ORCL
2025-11-19,225.52999877929688,ORCL
2025-11-20,210.69000244140625,ORCL
2025-11-21,198.75999450683594,ORCL
2025-11-24,200.27999877929688,ORCL
2025-11-25,197.02999877929688,ORCL
2025-11-26,204.9600067138672,ORCL
2025-11-28,201.9499969482422,ORCL
2025-12-01,200.94000244140625,ORCL
2025-12-02,201.10000610351562,ORCL
2025-12-03,207.72999572753906,ORCL
2025-12-04,214.3300018310547,ORCL
2025-12-05,217.5800018310547,ORCL
2025-12-08,220.5399932861328,ORCL
2025-12-09,221.52999877929688,ORCL
2025-12-10,223.00999450683594,ORCL
2025-12-11,198.85000610351562,ORCL
2025-12-12,189.97000122070312,ORCL
2025-12-15,184.9199981689453,ORCL
2025-12-16,188.64999389648438,ORCL
2025-12-17,178.4600067138672,ORCL
2025-12-18,180.02999877929688,ORCL
2025-12-19,191.97000122070312,ORCL
2025-12-22,198.3800048828125,ORCL
2025-12-23,195.33999633789062,ORCL
2025-12-24,197.49000549316406,ORCL
2025-12-26,197.99000549316406,ORCL
2025-12-29,195.3800048828125,ORCL
2025-12-30,197.2100067138672,ORCL
2025-12-31,194.91000366210938,ORCL
2026-01-02,195.7100067138672,ORCL
2026-01-05,192.58999633789062,ORCL
2026-01-06,193.75,ORCL
2026-01-07,192.83999633789062,ORCL
2026-01-08,189.64999389648438,ORCL
2026-01-09,198.52000427246094,ORCL
2026-01-12,204.67999267578125,ORCL
2026-01-13,202.2899932861328,ORCL
2026-01-14,193.61000061035156,ORCL
2026-01-15,189.85000610351562,ORCL
2026-01-16,191.08999633789062,ORCL
2026-01-20,179.9199981689453,ORCL
2026-01-21,173.8800048828125,ORCL
2026-01-22,178.17999267578125,ORCL
2026-01-23,177.16000366210938,ORCL
2026-01-26,182.44000244140625,ORCL
2026-01-27,174.89999389648438,ORCL
2026-01-28,172.8000030517578,ORCL
2026-01-29,169.00999450683594,ORCL
2026-01-30,164.5800018310547,ORCL
2026-02-02,160.05999755859375,ORCL
2026-02-03,154.6699981689453,ORCL
2026-02-04,146.6699981689453,ORCL
2026-02-05,136.47999572753906,ORCL
2026-02-06,142.82000732421875,ORCL
2026-02-09,156.58999633789062,ORCL
2026-02-10,159.88999938964844,ORCL
2026-02-11,157.16000366210938,ORCL
2026-02-12,156.47999572753906,ORCL
2026-02-13,160.13999938964844,ORCL
2026-02-17,153.97000122070312,ORCL
2026-02-18,156.1699981689453,ORCL
2026-02-19,156.5399932861328,ORCL
2026-02-20,148.0800018310547,ORCL
2026-02-23,141.30999755859375,ORCL
2026-02-24,146.13999938964844,ORCL
2026-02-25,147.88999938964844,ORCL
2026-02-26,150.30999755859375,ORCL
2026-02-27,145.39999389648438,ORCL
2026-03-02,149.25,ORCL
2026-03-03,149.00999450683594,ORCL
2026-03-04,152.3699951171875,ORCL
2026-03-05,154.7899932861328,ORCL
2026-03-06,152.9600067138672,ORCL
2026-03-09,151.55999755859375,ORCL
2026-03-10,149.39999389648438,ORCL
2026-03-11,163.1199951171875,ORCL
2026-03-12,159.16000366210938,ORCL
2026-03-13,155.11000061035156,ORCL
2026-03-16,155.97000122070312,ORCL
2026-03-17,154.69000244140625,ORCL
2026-03-18,152.89999389648438,ORCL
2026-03-19,155.52000427246094,ORCL
2026-03-20,149.67999267578125,ORCL
2026-03-23,154.33999633789062,ORCL
2026-03-24,147.08999633789062,ORCL
2026-03-25,146.02000427246094,ORCL
2026-03-26,142.80999755859375,ORCL
2026-03-27,139.66000366210938,ORCL
2026-03-30,138.8000030517578,ORCL
2026-03-31,147.11000061035156,ORCL
2026-04-01,145.22999572753906,ORCL
2026-04-02,146.3800048828125,ORCL
2026-04-06,145.5399932861328,ORCL
2026-04-07,143.1699981689453,ORCL
2026-04-08,143.66000366210938,ORCL
2026-04-09,137.86000061035156,ORCL
2026-04-10,138.08999633789062,ORCL
2026-04-13,155.6199951171875,ORCL
2026-04-14,163.0,ORCL
2026-04-15,169.80999755859375,ORCL
2026-04-16,178.33999633789062,ORCL
2026-04-17,175.05999755859375,ORCL
2026-04-20,177.5800018310547,ORCL
2026-04-21,181.1699981689453,ORCL
2026-04-22,187.5,ORCL
2026-04-23,176.27999877929688,ORCL
2026-04-24,173.27999877929688,ORCL
2026-04-27,172.9600067138672,ORCL
2026-04-28,165.9600067138672,ORCL
2026-04-29,163.8300018310547,ORCL
2026-04-30,161.38999938964844,ORCL
2026-05-01,171.8300018310547,ORCL
2026-05-04,180.2899932861328,ORCL
2026-05-05,185.35000610351562,ORCL
2026-05-06,194.02999877929688,ORCL
2026-05-07,194.58999633789062,ORCL
2026-05-08,195.9499969482422,ORCL
2026-05-11,193.83999633789062,ORCL
2026-05-12,186.8300018310547,ORCL
2026-05-13,189.75999450683594,ORCL
2026-05-14,195.61000061035156,ORCL
2026-05-15,192.9499969482422,ORCL
2026-05-18,186.61000061035156,ORCL
2026-05-19,181.4600067138672,ORCL
2026-05-20,188.16000366210938,ORCL
2026-05-21,189.77000427246094,ORCL
2026-05-22,192.0800018310547,ORCL
2026-05-26,193.05999755859375,ORCL
2026-05-27,190.9600067138672,ORCL
2026-05-28,203.6999969482422,ORCL
2026-05-29,225.77999877929688,ORCL
2026-06-01,248.14999389648438,ORCL
2026-06-02,244.5800018310547,ORCL
2026-06-03,230.3300018310547,ORCL
2026-06-04,236.33999633789062,ORCL
2026-06-05,213.67999267578125,ORCL
2026-06-08,211.82000732421875,ORCL
2026-06-09,205.80999755859375,ORCL
2026-06-10,201.25999450683594,ORCL
2026-06-11,184.10000610351562,ORCL
2026-06-12,184.1300048828125,ORCL
2026-06-15,192.63999938964844,ORCL
2026-06-16,188.3300018310547,ORCL
2026-06-17,183.52999877929688,ORCL
2026-06-18,184.2899932861328,ORCL
2026-06-22,175.07000732421875,ORCL
2026-06-23,165.16000366210938,ORCL
2026-06-24,157.52999877929688,ORCL
2026-06-25,152.4600067138672,ORCL
2026-06-26,148.52999877929688,ORCL
2026-06-29,147.75999450683594,ORCL
2026-06-30,146.5500030517578,ORCL
2026-07-01,142.5,ORCL
2026-07-02,140.27000427246094,ORCL
2026-07-06,143.75999450683594,ORCL
2026-07-07,141.60000610351562,ORCL
2026-07-08,140.49000549316406,ORCL
2026-07-09,144.22000122070312,ORCL
2026-07-10,140.63999938964844,ORCL
2026-07-13,131.5399932861328,ORCL
2026-07-14,127.94000244140625,ORCL
2026-07-15,132.49000549316406,ORCL
2026-07-16,124.20999908447266,ORCL
2026-07-17,126.41000366210938,ORCL
2026-07-20,121.37999725341797,ORCL
2026-07-21,127.05000305175781,ORCL
2026-07-22,125.83999633789062,ORCL
2026-07-23,120.04000091552734,ORCL
2026-07-24,114.98999786376953,ORCL
2026-07-27,119.9000015258789,ORCL
2026-07-28,119.95999908447266,ORCL
2026-07-29,117.73999786376953,ORCL
2026-07-30,127.55999755859375,ORCL
2026-07-31,129.8699951171875,ORCL
2026-08-03,141.85000610351562,ORCL
2026-08-04,145.74000549316406,ORCL
2026-08-05,144.38999938964844,ORCL
2026-08-06,143.47000122070312,ORCL
2026-08-07,147.02000427246094,ORCL
2026-08-10,151.0500030517578,ORCL
2026-08-11,145.47999572753906,ORCL
2026-08-12,153.27999877929688,ORCL
2026-08-13,156.22000122070312,ORCL
2026-08-14,150.52000427246094,ORCL
2026-08-17,146.64999389648438,ORCL
2026-08-18,142.7899932861328,ORCL
2026-08-19,143.80999755859375,ORCL
2026-08-20,142.07000732421875,ORCL
2026-08-21,146.47000122070312,ORCL
2026-08-24,142.4499969482422,ORCL
2026-08-25,144.75999450683594,ORCL
2026-08-26,148.8699951171875,ORCL
2026-08-27,151.94000244140625,ORCL
2026-08-28,150.85000610351562,ORCL
2026-08-31,149.1199951171875,ORCL
2026-09-01,141.32000732421875,ORCL
2026-09-02,145.75,ORCL
2026-09-03,154.0399932861328,ORCL
2026-09-04,158.77999877929688,ORCL
2026-09-08,162.52000427246094,ORCL
2026-09-09,161.6300048828125,ORCL
2026-09-10,152.94000244140625,ORCL
2026-09-11,150.27999877929688,ORCL
2026-09-14,144.7899932861328,ORCL
2026-09-15,140.35000610351562,ORCL
2026-09-16,143.16000366210938,ORCL
2026-09-17,150.58999633789062,ORCL
2024-09-18,164.875,PANW
2024-09-19,166.8000030517578,PANW
2024-09-20,170.05999755859375,PANW
2024-09-23,172.0850067138672,PANW
2024-09-24,171.75999450683594,PANW
2024-09-25,170.2550048828125,PANW
2024-09-26,169.36500549316406,PANW
2024-09-27,167.875,PANW
2024-09-30,170.89999389648438,PANW
2024-10-01,164.64500427246094,PANW
2024-10-02,166.06500244140625,PANW
2024-10-03,167.97000122070312,PANW
2024-10-04,171.17999267578125,PANW
2024-10-07,168.97000122070312,PANW
2024-10-08,177.56500244140625,PANW
2024-10-09,181.43499755859375,PANW
2024-10-10,184.6999969482422,PANW
2024-10-11,186.60000610351562,PANW
2024-10-14,186.9550018310547,PANW
2024-10-15,187.22000122070312,PANW
2024-10-16,186.61500549316406,PANW
2024-10-17,188.0749969482422,PANW
2024-10-18,187.4149932861328,PANW
2024-10-21,189.2050018310547,PANW
2024-10-22,188.0500030517578,PANW
2024-10-23,179.09500122070312,PANW
2024-10-24,182.2899932861328,PANW
2024-10-25,183.22000122070312,PANW
2024-10-28,181.1750030517578,PANW
2024-10-29,182.69500732421875,PANW
2024-10-30,179.7550048828125,PANW
2024-10-31,180.1649932861328,PANW
2024-11-01,181.32000732421875,PANW
2024-11-04,180.55999755859375,PANW
2024-11-05,183.14500427246094,PANW
2024-11-06,192.58999633789062,PANW
2024-11-07,193.5,PANW
2024-11-08,195.6999969482422,PANW
2024-11-11,199.0500030517578,PANW
2024-11-12,199.00999450683594,PANW
2024-11-13,201.17999267578125,PANW
2024-11-14,197.19500732421875,PANW
2024-11-15,193.5,PANW
2024-11-18,193.4149932861328,PANW
2024-11-19,194.02999877929688,PANW
2024-11-20,196.44500732421875,PANW
2024-11-21,198.85000610351562,PANW
2024-11-22,191.67999267578125,PANW
2024-11-25,193.19000244140625,PANW
2024-11-26,198.1999969482422,PANW
2024-11-27,192.18499755859375,PANW
2024-11-29,193.91000366210938,PANW
2024-12-02,195.0850067138672,PANW
2024-12-03,196.2949981689453,PANW
2024-12-04,202.2899932861328,PANW
2024-12-05,201.51499938964844,PANW
2024-12-06,202.9499969482422,PANW
2024-12-09,194.47000122070312,PANW
2024-12-10,194.8800048828125,PANW
2024-12-11,199.2100067138672,PANW
2024-12-12,200.10499572753906,PANW
2024-12-13,196.55999755859375,PANW
2024-12-16,202.5,PANW
2024-12-17,201.24000549316406,PANW
2024-12-18,188.75999450683594,PANW
2024-12-19,189.36000061035156,PANW
2024-12-20,186.77999877929688,PANW
2024-12-23,188.22000122070312,PANW
2024-12-24,189.50999450683594,PANW
2024-12-26,188.5,PANW
2024-12-27,186.17999267578125,PANW
2024-12-30,184.1999969482422,PANW
2024-12-31,181.9600067138672,PANW
2025-01-02,180.74000549316406,PANW
2025-01-03,183.25,PANW
2025-01-06,179.5,PANW
2025-01-07,175.50999450683594,PANW
2025-01-08,172.8300018310547,PANW
2025-01-10,173.4199981689453,PANW
2025-01-13,167.82000732421875,PANW
2025-01-14,170.5800018310547,PANW
2025-01-15,174.19000244140625,PANW
2025-01-16,177.1699981689453,PANW
2025-01-17,177.11000061035156,PANW
2025-01-21,183.50999450683594,PANW
2025-01-22,187.6999969482422,PANW
2025-01-23,187.32000732421875,PANW
2025-01-24,187.6999969482422,PANW
2025-01-27,189.3000030517578,PANW
2025-01-28,192.94000244140625,PANW
2025-01-29,185.4199981689453,PANW
2025-01-30,187.4199981689453,PANW
2025-01-31,184.4199981689453,PANW
2025-02-03,182.7899932861328,PANW
2025-02-04,183.39999389648438,PANW
2025-02-05,186.85000610351562,PANW
2025-02-06,187.3699951171875,PANW
2025-02-07,193.94000244140625,PANW
2025-02-10,196.39999389648438,PANW
2025-02-11,195.49000549316406,PANW
2025-02-12,196.72999572753906,PANW
2025-02-13,201.8800048828125,PANW
2025-02-14,200.02999877929688,PANW
2025-02-18,208.27999877929688,PANW
2025-02-19,205.19000244140625,PANW
2025-02-20,198.80999755859375,PANW
2025-02-21,191.02999877929688,PANW
2025-02-24,190.38999938964844,PANW
2025-02-25,188.00999450683594,PANW
2025-02-26,189.5500030517578,PANW
2025-02-27,187.5,PANW
2025-02-28,190.42999267578125,PANW
2025-03-03,183.67999267578125,PANW
2025-03-04,184.3800048828125,PANW
2025-03-05,184.27999877929688,PANW
2025-03-06,179.3300018310547,PANW
2025-03-07,180.92999267578125,PANW
2025-03-10,173.8300018310547,PANW
2025-03-11,178.92999267578125,PANW
2025-03-12,179.47999572753906,PANW
2025-03-13,176.32000732421875,PANW
2025-03-14,182.33999633789062,PANW
2025-03-17,185.0,PANW
2025-03-18,183.10000610351562,PANW
2025-03-19,187.5399932861328,PANW
2025-03-20,184.00999450683594,PANW
2025-03-21,182.32000732421875,PANW
2025-03-24,184.7899932861328,PANW
2025-03-25,189.9499969482422,PANW
2025-03-26,184.9600067138672,PANW
2025-03-27,174.44000244140625,PANW
2025-03-28,172.75999450683594,PANW
2025-03-31,170.63999938964844,PANW
2025-04-01,171.30999755859375,PANW
2025-04-02,173.17999267578125,PANW
2025-04-03,165.1699981689453,PANW
2025-04-04,153.57000732421875,PANW
2025-04-07,152.44000244140625,PANW
2025-04-08,152.52999877929688,PANW
2025-04-09,173.02000427246094,PANW
2025-04-10,168.27000427246094,PANW
2025-04-11,168.33999633789062,PANW
2025-04-14,169.97999572753906,PANW
2025-04-15,173.5500030517578,PANW
2025-04-16,169.75999450683594,PANW
2025-04-17,167.69000244140625,PANW
2025-04-21,160.0500030517578,PANW
2025-04-22,163.6300048828125,PANW
2025-04-23,168.32000732421875,PANW
2025-04-24,176.0399932861328,PANW
2025-04-25,178.97999572753906,PANW
2025-04-28,181.5399932861328,PANW
2025-04-29,186.64999389648438,PANW
2025-04-30,186.92999267578125,PANW
2025-05-01,186.27000427246094,PANW
2025-05-02,187.6999969482422,PANW
2025-05-05,188.1300048828125,PANW
2025-05-06,188.69000244140625,PANW
2025-05-07,188.13999938964844,PANW
2025-05-08,188.52999877929688,PANW
2025-05-09,186.92999267578125,PANW
2025-05-12,193.5,PANW
2025-05-13,192.0,PANW
2025-05-14,190.89999389648438,PANW
2025-05-15,192.89999389648438,PANW
2025-05-16,192.97999572753906,PANW
2025-05-19,194.3000030517578,PANW
2025-05-20,194.47999572753906,PANW
2025-05-21,181.25999450683594,PANW
2025-05-22,186.13999938964844,PANW
2025-05-23,186.75,PANW
2025-05-27,187.4600067138672,PANW
2025-05-28,187.8000030517578,PANW
2025-05-29,185.82000732421875,PANW
2025-05-30,192.4199981689453,PANW
2025-06-02,194.86000061035156,PANW
2025-06-03,197.1199951171875,PANW
2025-06-04,194.07000732421875,PANW
2025-06-05,197.11000061035156,PANW
2025-06-06,199.60000610351562,PANW
2025-06-09,196.3300018310547,PANW
2025-06-10,195.9499969482422,PANW
2025-06-11,194.38999938964844,PANW
2025-06-12,197.6699981689453,PANW
2025-06-13,196.27000427246094,PANW
2025-06-16,198.11000061035156,PANW
2025-06-17,202.0500030517578,PANW
2025-06-18,199.77999877929688,PANW
2025-06-20,199.24000549316406,PANW
2025-06-23,203.32000732421875,PANW
2025-06-24,201.69000244140625,PANW
2025-06-25,204.3000030517578,PANW
2025-06-26,202.33999633789062,PANW
2025-06-27,200.57000732421875,PANW
2025-06-30,204.63999938964844,PANW
2025-07-01,197.5800018310547,PANW
2025-07-02,196.97000122070312,PANW
2025-07-03,201.82000732421875,PANW
2025-07-07,201.4199981689453,PANW
2025-07-08,203.99000549316406,PANW
2025-07-09,206.05999755859375,PANW
2025-07-10,192.07000732421875,PANW
2025-07-11,187.38999938964844,PANW
2025-07-14,190.72000122070312,PANW
2025-07-15,192.25,PANW
2025-07-16,192.58999633789062,PANW
2025-07-17,196.27999877929688,PANW
2025-07-18,195.77999877929688,PANW
2025-07-21,199.8800048828125,PANW
2025-07-22,196.72999572753906,PANW
2025-07-23,199.22000122070312,PANW
2025-07-24,201.16000366210938,PANW
2025-07-25,203.27000427246094,PANW
2025-07-28,204.5,PANW
2025-07-29,193.83999633789062,PANW
2025-07-30,183.02999877929688,PANW
2025-07-31,173.60000610351562,PANW
2025-08-01,172.8800048828125,PANW
2025-08-04,171.0,PANW
2025-08-05,169.08999633789062,PANW
2025-08-06,172.88999938964844,PANW
2025-08-07,168.10000610351562,PANW
2025-08-08,167.05999755859375,PANW
2025-08-11,168.1699981689453,PANW
2025-08-12,175.39999389648438,PANW
2025-08-13,176.86000061035156,PANW
2025-08-14,173.5500030517578,PANW
2025-08-15,177.08999633789062,PANW
2025-08-18,176.1699981689453,PANW
2025-08-19,181.55999755859375,PANW
2025-08-20,184.42999267578125,PANW
2025-08-21,183.32000732421875,PANW
2025-08-22,185.8800048828125,PANW
2025-08-25,184.5500030517578,PANW
2025-08-26,184.22999572753906,PANW
2025-08-27,187.61000061035156,PANW
2025-08-28,191.02000427246094,PANW
2025-08-29,190.52000427246094,PANW
2025-09-02,190.52000427246094,PANW
2025-09-03,191.52999877929688,PANW
2025-09-04,192.35000610351562,PANW
2025-09-05,194.4600067138672,PANW
2025-09-08,197.3800048828125,PANW
2025-09-09,197.5500030517578,PANW
2025-09-10,197.3300018310547,PANW
2025-09-11,198.3300018310547,PANW
2025-09-12,196.2899932861328,PANW
2025-09-15,201.27999877929688,PANW
2025-09-16,201.33999633789062,PANW
2025-09-17,203.1199951171875,PANW
2025-09-18,205.67999267578125,PANW
2025-09-19,208.19000244140625,PANW
2025-09-22,208.17999267578125,PANW
2025-09-23,203.25,PANW
2025-09-24,200.6999969482422,PANW
2025-09-25,202.2100067138672,PANW
2025-09-26,202.3699951171875,PANW
2025-09-29,203.9600067138672,PANW
2025-09-30,203.6199951171875,PANW
2025-10-01,206.8000030517578,PANW
2025-10-02,209.3000030517578,PANW
2025-10-03,207.19000244140625,PANW
2025-10-06,212.5800018310547,PANW
2025-10-07,211.0399932861328,PANW
2025-10-08,217.7899932861328,PANW
2025-10-09,215.1699981689453,PANW
2025-10-10,208.5500030517578,PANW
2025-10-13,213.27999877929688,PANW
2025-10-14,207.55999755859375,PANW
2025-10-15,206.6999969482422,PANW
2025-10-16,205.50999450683594,PANW
2025-10-17,207.88999938964844,PANW
2025-10-20,211.82000732421875,PANW
2025-10-21,214.39999389648438,PANW
2025-10-22,212.4199981689453,PANW
2025-10-23,215.02000427246094,PANW
2025-10-24,217.11000061035156,PANW
2025-10-27,220.2899932861328,PANW
2025-10-28,221.3800048828125,PANW
2025-10-29,217.16000366210938,PANW
2025-10-30,218.27000427246094,PANW
2025-10-31,220.24000549316406,PANW
2025-11-03,219.22999572753906,PANW
2025-11-04,214.52000427246094,PANW
2025-11-05,213.17999267578125,PANW
2025-11-06,211.3699951171875,PANW
2025-11-07,212.2899932861328,PANW
2025-11-10,216.5399932861328,PANW
2025-11-11,218.27000427246094,PANW
2025-11-12,210.0399932861328,PANW
2025-11-13,204.77000427246094,PANW
2025-11-14,205.25,PANW
2025-11-17,202.89999389648438,PANW
2025-11-18,201.0,PANW
2025-11-19,199.89999389648438,PANW
2025-11-20,185.07000732421875,PANW
2025-11-21,182.89999389648438,PANW
2025-11-24,183.88999938964844,PANW
2025-11-25,186.27000427246094,PANW
2025-11-26,185.35000610351562,PANW
2025-11-28,190.1300048828125,PANW
2025-12-01,187.72999572753906,PANW
2025-12-02,189.8800048828125,PANW
2025-12-03,193.6300048828125,PANW
2025-12-04,195.67999267578125,PANW
2025-12-05,198.83999633789062,PANW
2025-12-08,195.35000610351562,PANW
2025-12-09,195.0,PANW
2025-12-10,192.9600067138672,PANW
2025-12-11,190.36000061035156,PANW
2025-12-12,191.69000244140625,PANW
2025-12-15,185.8800048828125,PANW
2025-12-16,187.08999633789062,PANW
2025-12-17,183.44000244140625,PANW
2025-12-18,185.8800048828125,PANW
2025-12-19,186.8800048828125,PANW
2025-12-22,189.49000549316406,PANW
2025-12-23,188.1199951171875,PANW
2025-12-24,187.22000122070312,PANW
2025-12-26,188.4499969482422,PANW
2025-12-29,186.85000610351562,PANW
2025-12-30,186.85000610351562,PANW
2025-12-31,184.1999969482422,PANW
2026-01-02,179.3699951171875,PANW
2026-01-05,182.1199951171875,PANW
2026-01-06,185.86000061035156,PANW
2026-01-07,193.89999389648438,PANW
2026-01-08,190.8000030517578,PANW
2026-01-09,189.02000427246094,PANW
2026-01-12,188.8800048828125,PANW
2026-01-13,190.85000610351562,PANW
2026-01-14,190.92999267578125,PANW
2026-01-15,187.72999572753906,PANW
2026-01-16,187.66000366210938,PANW
2026-01-20,184.05999755859375,PANW
2026-01-21,181.47000122070312,PANW
2026-01-22,182.27000427246094,PANW
2026-01-23,180.17999267578125,PANW
2026-01-26,184.22000122070312,PANW
2026-01-27,183.5,PANW
2026-01-28,183.74000549316406,PANW
2026-01-29,176.1999969482422,PANW
2026-01-30,176.97000122070312,PANW
2026-02-02,175.4199981689453,PANW
2026-02-03,166.24000549316406,PANW
2026-02-04,166.72000122070312,PANW
2026-02-05,154.77000427246094,PANW
2026-02-06,159.32000732421875,PANW
2026-02-09,166.0,PANW
2026-02-10,165.50999450683594,PANW
2026-02-11,165.3000030517578,PANW
2026-02-12,162.80999755859375,PANW
2026-02-13,166.9499969482422,PANW
2026-02-17,163.5,PANW
2026-02-18,152.35000610351562,PANW
2026-02-19,150.99000549316406,PANW
2026-02-20,148.6999969482422,PANW
2026-02-23,144.13999938964844,PANW
2026-02-24,141.6699981689453,PANW
2026-02-25,144.83999633789062,PANW
2026-02-26,149.39999389648438,PANW
2026-02-27,148.9199981689453,PANW
2026-03-02,150.14999389648438,PANW
2026-03-03,156.08999633789062,PANW
2026-03-04,158.55999755859375,PANW
2026-03-05,163.16000366210938,PANW
2026-03-06,165.0500030517578,PANW
2026-03-09,165.10000610351562,PANW
2026-03-10,165.5800018310547,PANW
2026-03-11,164.92999267578125,PANW
2026-03-12,168.1199951171875,PANW
2026-03-13,167.02000427246094,PANW
2026-03-16,167.4499969482422,PANW
2026-03-17,169.19000244140625,PANW
2026-03-18,168.91000366210938,PANW
2026-03-19,169.74000549316406,PANW
2026-03-20,162.9499969482422,PANW
2026-03-23,164.0500030517578,PANW
2026-03-24,157.2100067138672,PANW
2026-03-25,153.22000122070312,PANW
2026-03-26,156.36000061035156,PANW
2026-03-27,147.02000427246094,PANW
2026-03-30,154.35000610351562,PANW
2026-03-31,160.32000732421875,PANW
2026-04-01,160.6699981689453,PANW
2026-04-02,163.2100067138672,PANW
2026-04-06,161.9499969482422,PANW
2026-04-07,169.8699951171875,PANW
2026-04-08,173.77999877929688,PANW
2026-04-09,166.99000549316406,PANW
2026-04-10,155.72999572753906,PANW
2026-04-13,162.50999450683594,PANW
2026-04-14,161.58999633789062,PANW
2026-04-15,164.11000061035156,PANW
2026-04-16,166.97000122070312,PANW
2026-04-17,167.85000610351562,PANW
2026-04-20,169.55999755859375,PANW
2026-04-21,174.9600067138672,PANW
2026-04-22,181.1999969482422,PANW
2026-04-23,173.2100067138672,PANW
2026-04-24,178.5399932861328,PANW
2026-04-27,182.89999389648438,PANW
2026-04-28,180.99000549316406,PANW
2026-04-29,181.5399932861328,PANW
2026-04-30,179.32000732421875,PANW
2026-05-01,181.0800018310547,PANW
2026-05-04,184.55999755859375,PANW
2026-05-05,183.97999572753906,PANW
2026-05-06,183.67999267578125,PANW
2026-05-07,196.52999877929688,PANW
2026-05-08,207.8800048828125,PANW
2026-05-11,213.66000366210938,PANW
2026-05-12,215.60000610351562,PANW
2026-05-13,227.7899932861328,PANW
2026-05-14,238.2100067138672,PANW
2026-05-15,242.8300018310547,PANW
2026-05-18,247.5500030517578,PANW
2026-05-19,240.1300048828125,PANW
2026-05-20,246.66000366210938,PANW
2026-05-21,252.9199981689453,PANW
2026-05-22,260.5799865722656,PANW
2026-05-26,256.75,PANW
2026-05-27,248.47000122070312,PANW
2026-05-28,257.7699890136719,PANW
2026-05-29,281.69000244140625,PANW
2026-06-01,300.4800109863281,PANW
2026-06-02,297.17999267578125,PANW
2026-06-03,280.42999267578125,PANW
2026-06-04,279.25,PANW
2026-06-05,272.04998779296875,PANW
2026-06-08,266.3299865722656,PANW
2026-06-09,260.5199890136719,PANW
2026-06-10,263.2200012207031,PANW
2026-06-11,279.5299987792969,PANW
2026-06-12,279.6199951171875,PANW
2026-06-15,284.5400085449219,PANW
2026-06-16,279.8999938964844,PANW
2026-06-17,282.1300048828125,PANW
2026-06-18,287.7799987792969,PANW
2026-06-22,286.3999938964844,PANW
2026-06-23,290.9200134277344,PANW
2026-06-24,285.260009765625,PANW
2026-06-25,293.0899963378906,PANW
2026-06-26,304.20001220703125,PANW
2026-06-29,332.0,PANW
2026-06-30,341.0199890136719,PANW
2026-07-01,352.0400085449219,PANW
2026-07-02,348.05999755859375,PANW
2026-07-06,357.5299987792969,PANW
2026-07-07,337.0400085449219,PANW
2026-07-08,320.5899963378906,PANW
2026-07-09,338.30999755859375,PANW
2026-07-10,325.9100036621094,PANW
2026-07-13,330.29998779296875,PANW
2026-07-14,352.8900146484375,PANW
2026-07-15,354.0199890136719,PANW
2026-07-16,353.989990234375,PANW
2026-07-17,358.67999267578125,PANW
2026-07-20,348.6600036621094,PANW
2026-07-21,342.1499938964844,PANW
2026-07-22,335.2799987792969,PANW
2026-07-23,325.6300048828125,PANW
2026-07-24,323.7900085449219,PANW
2026-07-27,317.32000732421875,PANW
2026-07-28,319.0,PANW
2026-07-29,314.1499938964844,PANW
2026-07-30,325.67999267578125,PANW
2026-07-31,331.8299865722656,PANW
2026-08-03,347.1300048828125,PANW
2026-08-04,366.3399963378906,PANW
2026-08-05,362.6600036621094,PANW
2026-08-06,359.489990234375,PANW
2026-08-07,363.8599853515625,PANW
2026-08-10,385.0400085449219,PANW
2026-08-11,383.79998779296875,PANW
2026-08-12,387.010009765625,PANW
2026-08-13,396.0,PANW
2026-08-14,384.2699890136719,PANW
2026-08-17,375.760009765625,PANW
2026-08-18,374.1400146484375,PANW
2026-08-19,359.760009765625,PANW
2026-08-20,349.55999755859375,PANW
2026-08-21,357.8699951171875,PANW
2026-08-24,350.8999938964844,PANW
2026-08-25,339.8999938964844,PANW
2026-08-26,339.30999755859375,PANW
2026-08-27,382.8500061035156,PANW
2026-08-28,371.5899963378906,PANW
2026-08-31,382.1300048828125,PANW
2026-09-01,362.0899963378906,PANW
2026-09-02,328.4800109863281,PANW
2026-09-03,331.94000244140625,PANW
2026-09-04,333.260009765625,PANW
2026-09-08,336.9800109863281,PANW
2026-09-09,335.1000061035156,PANW
2026-09-10,338.489990234375,PANW
2026-09-11,330.6499938964844,PANW
2026-09-14,373.94000244140625,PANW
2026-09-15,375.0899963378906,PANW
2026-09-16,375.6499938964844,PANW
2026-09-17,375.05999755859375,PANW
2024-09-18,31.540000915527344,RBRK
2024-09-19,32.70000076293945,RBRK
2024-09-20,33.290000915527344,RBRK
2024-09-23,33.369998931884766,RBRK
2024-09-24,33.54999923706055,RBRK
2024-09-25,31.520000457763672,RBRK
2024-09-26,31.739999771118164,RBRK
2024-09-27,31.959999084472656,RBRK
2024-09-30,32.150001525878906,RBRK
2024-10-01,31.360000610351562,RBRK
2024-10-02,31.389999389648438,RBRK
2024-10-03,32.599998474121094,RBRK
2024-10-04,33.189998626708984,RBRK
2024-10-07,32.95000076293945,RBRK
2024-10-08,34.630001068115234,RBRK
2024-10-09,35.9900016784668,RBRK
2024-10-10,38.709999084472656,RBRK
2024-10-11,39.540000915527344,RBRK
2024-10-14,39.2599983215332,RBRK
2024-10-15,39.130001068115234,RBRK
2024-10-16,38.869998931884766,RBRK
2024-10-17,39.47999954223633,RBRK
2024-10-18,39.540000915527344,RBRK
2024-10-21,38.52000045776367,RBRK
2024-10-22,38.61000061035156,RBRK
2024-10-23,37.689998626708984,RBRK
2024-10-24,38.90999984741211,RBRK
2024-10-25,39.400001525878906,RBRK
2024-10-28,40.58000183105469,RBRK
2024-10-29,42.599998474121094,RBRK
2024-10-30,42.599998474121094,RBRK
2024-10-31,41.2599983215332,RBRK
2024-11-01,41.380001068115234,RBRK
2024-11-04,41.52000045776367,RBRK
2024-11-05,41.54999923706055,RBRK
2024-11-06,43.290000915527344,RBRK
2024-11-07,44.470001220703125,RBRK
2024-11-08,44.7599983215332,RBRK
2024-11-11,44.31999969482422,RBRK
2024-11-12,44.810001373291016,RBRK
2024-11-13,44.58000183105469,RBRK
2024-11-14,44.5,RBRK
2024-11-15,43.2400016784668,RBRK
2024-11-18,43.83000183105469,RBRK
2024-11-19,44.209999084472656,RBRK
2024-11-20,45.150001525878906,RBRK
2024-11-21,49.119998931884766,RBRK
2024-11-22,51.04999923706055,RBRK
2024-11-25,50.38999938964844,RBRK
2024-11-26,50.02000045776367,RBRK
2024-11-27,49.65999984741211,RBRK
2024-11-29,50.81999969482422,RBRK
2024-12-02,49.43000030517578,RBRK
2024-12-03,50.93000030517578,RBRK
2024-12-04,52.619998931884766,RBRK
2024-12-05,53.65999984741211,RBRK
2024-12-06,64.62999725341797,RBRK
2024-12-09,69.79000091552734,RBRK
2024-12-10,69.2300033569336,RBRK
2024-12-11,70.41999816894531,RBRK
2024-12-12,74.19000244140625,RBRK
2024-12-13,72.18000030517578,RBRK
2024-12-16,75.51000213623047,RBRK
2024-12-17,72.97000122070312,RBRK
2024-12-18,68.05000305175781,RBRK
2024-12-19,66.9800033569336,RBRK
2024-12-20,66.12000274658203,RBRK
2024-12-23,67.16999816894531,RBRK
2024-12-24,67.93000030517578,RBRK
2024-12-26,68.37999725341797,RBRK
2024-12-27,68.3499984741211,RBRK
2024-12-30,68.2699966430664,RBRK
2024-12-31,65.36000061035156,RBRK
2025-01-02,66.3499984741211,RBRK
2025-01-03,66.9000015258789,RBRK
2025-01-06,68.5,RBRK
2025-01-07,64.33999633789062,RBRK
2025-01-08,63.189998626708984,RBRK
2025-01-10,63.459999084472656,RBRK
2025-01-13,65.05000305175781,RBRK
2025-01-14,65.08999633789062,RBRK
2025-01-15,66.7300033569336,RBRK
2025-01-16,68.23999786376953,RBRK
2025-01-17,67.9000015258789,RBRK
2025-01-21,71.36000061035156,RBRK
2025-01-22,71.3499984741211,RBRK
2025-01-23,70.30999755859375,RBRK
2025-01-24,70.98999786376953,RBRK
2025-01-27,69.01000213623047,RBRK
2025-01-28,73.19000244140625,RBRK
2025-01-29,74.11000061035156,RBRK
2025-01-30,74.02999877929688,RBRK
2025-01-31,73.2699966430664,RBRK
2025-02-03,70.87000274658203,RBRK
2025-02-04,74.08000183105469,RBRK
2025-02-05,75.58999633789062,RBRK
2025-02-06,75.33999633789062,RBRK
2025-02-07,74.48999786376953,RBRK
2025-02-10,76.95999908447266,RBRK
2025-02-11,72.9000015258789,RBRK
2025-02-12,77.55000305175781,RBRK
2025-02-13,78.72000122070312,RBRK
2025-02-14,77.54000091552734,RBRK
2025-02-18,78.08999633789062,RBRK
2025-02-19,74.19000244140625,RBRK
2025-02-20,72.22000122070312,RBRK
2025-02-21,69.69999694824219,RBRK
2025-02-24,67.72000122070312,RBRK
2025-02-25,63.86000061035156,RBRK
2025-02-26,65.83999633789062,RBRK
2025-02-27,64.30000305175781,RBRK
2025-02-28,65.12000274658203,RBRK
2025-03-03,61.369998931884766,RBRK
2025-03-04,61.560001373291016,RBRK
2025-03-05,62.849998474121094,RBRK
2025-03-06,58.59000015258789,RBRK
2025-03-07,57.349998474121094,RBRK
2025-03-10,51.84000015258789,RBRK
2025-03-11,53.81999969482422,RBRK
2025-03-12,57.11000061035156,RBRK
2025-03-13,55.279998779296875,RBRK
2025-03-14,70.63999938964844,RBRK
2025-03-17,70.83999633789062,RBRK
2025-03-18,70.01000213623047,RBRK
2025-03-19,70.95999908447266,RBRK
2025-03-20,70.19000244140625,RBRK
2025-03-21,68.19000244140625,RBRK
2025-03-24,73.45999908447266,RBRK
2025-03-25,74.27999877929688,RBRK
2025-03-26,68.61000061035156,RBRK
2025-03-27,66.0,RBRK
2025-03-28,63.65999984741211,RBRK
2025-03-31,60.97999954223633,RBRK
2025-04-01,60.470001220703125,RBRK
2025-04-02,62.43000030517578,RBRK
2025-04-03,57.45000076293945,RBRK
2025-04-04,51.77000045776367,RBRK
2025-04-07,53.02000045776367,RBRK
2025-04-08,52.810001373291016,RBRK
2025-04-09,61.689998626708984,RBRK
2025-04-10,58.349998474121094,RBRK
2025-04-11,59.0099983215332,RBRK
2025-04-14,60.04999923706055,RBRK
2025-04-15,63.310001373291016,RBRK
2025-04-16,62.31999969482422,RBRK
2025-04-17,61.61000061035156,RBRK
2025-04-21,59.279998779296875,RBRK
2025-04-22,61.88999938964844,RBRK
2025-04-23,65.55000305175781,RBRK
2025-04-24,68.20999908447266,RBRK
2025-04-25,69.83999633789062,RBRK
2025-04-28,69.76000213623047,RBRK
2025-04-29,70.73999786376953,RBRK
2025-04-30,70.52999877929688,RBRK
2025-05-01,71.11000061035156,RBRK
2025-05-02,73.33000183105469,RBRK
2025-05-05,74.66999816894531,RBRK
2025-05-06,74.23999786376953,RBRK
2025-05-07,75.80999755859375,RBRK
2025-05-08,76.56999969482422,RBRK
2025-05-09,76.87999725341797,RBRK
2025-05-12,78.61000061035156,RBRK
2025-05-13,83.0999984741211,RBRK
2025-05-14,84.61000061035156,RBRK
2025-05-15,85.5199966430664,RBRK
2025-05-16,85.30999755859375,RBRK
2025-05-19,86.72000122070312,RBRK
2025-05-20,89.01000213623047,RBRK
2025-05-21,87.75,RBRK
2025-05-22,91.11000061035156,RBRK
2025-05-23,92.3499984741211,RBRK
2025-05-27,94.8499984741211,RBRK
2025-05-28,94.08999633789062,RBRK
2025-05-29,95.37999725341797,RBRK
2025-05-30,95.3499984741211,RBRK
2025-06-02,99.73999786376953,RBRK
2025-06-03,98.06999969482422,RBRK
2025-06-04,98.54000091552734,RBRK
2025-06-05,98.56999969482422,RBRK
2025-06-06,97.91000366210938,RBRK
2025-06-09,93.1500015258789,RBRK
2025-06-10,87.55000305175781,RBRK
2025-06-11,88.86000061035156,RBRK
2025-06-12,88.73999786376953,RBRK
2025-06-13,90.30000305175781,RBRK
2025-06-16,92.0,RBRK
2025-06-17,89.12999725341797,RBRK
2025-06-18,87.16999816894531,RBRK
2025-06-20,85.51000213623047,RBRK
2025-06-23,89.70999908447266,RBRK
2025-06-24,90.0999984741211,RBRK
2025-06-25,90.55999755859375,RBRK
2025-06-26,92.0999984741211,RBRK
2025-06-27,87.37999725341797,RBRK
2025-06-30,89.58999633789062,RBRK
2025-07-01,85.18000030517578,RBRK
2025-07-02,85.58000183105469,RBRK
2025-07-03,89.08000183105469,RBRK
2025-07-07,89.8499984741211,RBRK
2025-07-08,86.87000274658203,RBRK
2025-07-09,91.58999633789062,RBRK
2025-07-10,86.13999938964844,RBRK
2025-07-11,84.54000091552734,RBRK
2025-07-14,85.83999633789062,RBRK
2025-07-15,87.33999633789062,RBRK
2025-07-16,87.48999786376953,RBRK
2025-07-17,86.93000030517578,RBRK
2025-07-18,88.11000061035156,RBRK
2025-07-21,86.52999877929688,RBRK
2025-07-22,83.7699966430664,RBRK
2025-07-23,84.83999633789062,RBRK
2025-07-24,85.70999908447266,RBRK
2025-07-25,85.0,RBRK
2025-07-28,87.11000061035156,RBRK
2025-07-29,89.22000122070312,RBRK
2025-07-30,95.41999816894531,RBRK
2025-07-31,94.94999694824219,RBRK
2025-08-01,87.6500015258789,RBRK
2025-08-04,92.5199966430664,RBRK
2025-08-05,87.54000091552734,RBRK
2025-08-06,91.7699966430664,RBRK
2025-08-07,89.73999786376953,RBRK
2025-08-08,87.41000366210938,RBRK
2025-08-11,85.69999694824219,RBRK
2025-08-12,88.3499984741211,RBRK
2025-08-13,88.08000183105469,RBRK
2025-08-14,84.44999694824219,RBRK
2025-08-15,85.83000183105469,RBRK
2025-08-18,85.72000122070312,RBRK
2025-08-19,83.97000122070312,RBRK
2025-08-20,85.0999984741211,RBRK
2025-08-21,85.23999786376953,RBRK
2025-08-22,88.7699966430664,RBRK
2025-08-25,87.83000183105469,RBRK
2025-08-26,85.16999816894531,RBRK
2025-08-27,87.52999877929688,RBRK
2025-08-28,93.02999877929688,RBRK
2025-08-29,89.4000015258789,RBRK
2025-09-02,87.9000015258789,RBRK
2025-09-03,87.72000122070312,RBRK
2025-09-04,86.55000305175781,RBRK
2025-09-05,90.93000030517578,RBRK
2025-09-08,95.61000061035156,RBRK
2025-09-09,98.5,RBRK
2025-09-10,80.72000122070312,RBRK
2025-09-11,77.88999938964844,RBRK
2025-09-12,74.5,RBRK
2025-09-15,75.5999984741211,RBRK
2025-09-16,75.0,RBRK
2025-09-17,73.88999938964844,RBRK
2025-09-18,78.0199966430664,RBRK
2025-09-19,80.2300033569336,RBRK
2025-09-22,80.48999786376953,RBRK
2025-09-23,81.45999908447266,RBRK
2025-09-24,79.12000274658203,RBRK
2025-09-25,81.98999786376953,RBRK
2025-09-26,82.1500015258789,RBRK
2025-09-29,83.33999633789062,RBRK
2025-09-30,82.25,RBRK
2025-10-01,82.43000030517578,RBRK
2025-10-02,83.94000244140625,RBRK
2025-10-03,82.81999969482422,RBRK
2025-10-06,82.20999908447266,RBRK
2025-10-07,79.5,RBRK
2025-10-08,84.25,RBRK
2025-10-09,86.0999984741211,RBRK
2025-10-10,82.33999633789062,RBRK
2025-10-13,83.19000244140625,RBRK
2025-10-14,78.16999816894531,RBRK
2025-10-15,79.05999755859375,RBRK
2025-10-16,78.63999938964844,RBRK
2025-10-17,77.22000122070312,RBRK
2025-10-20,78.80999755859375,RBRK
2025-10-21,79.87999725341797,RBRK
2025-10-22,76.8499984741211,RBRK
2025-10-23,76.86000061035156,RBRK
2025-10-24,76.98999786376953,RBRK
2025-10-27,77.79000091552734,RBRK
2025-10-28,76.12000274658203,RBRK
2025-10-29,71.91999816894531,RBRK
2025-10-30,71.05000305175781,RBRK
2025-10-31,75.2699966430664,RBRK
2025-11-03,75.80000305175781,RBRK
2025-11-04,72.5999984741211,RBRK
2025-11-05,72.3499984741211,RBRK
2025-11-06,71.52999877929688,RBRK
2025-11-07,73.02999877929688,RBRK
2025-11-10,76.06999969482422,RBRK
2025-11-11,75.62999725341797,RBRK
2025-11-12,73.94999694824219,RBRK
2025-11-13,70.51000213623047,RBRK
2025-11-14,71.55000305175781,RBRK
2025-11-17,69.69000244140625,RBRK
2025-11-18,68.80000305175781,RBRK
2025-11-19,70.08000183105469,RBRK
2025-11-20,67.69000244140625,RBRK
2025-11-21,66.58999633789062,RBRK
2025-11-24,67.38999938964844,RBRK
2025-11-25,68.88999938964844,RBRK
2025-11-26,68.16999816894531,RBRK
2025-11-28,69.31999969482422,RBRK
2025-12-01,68.5999984741211,RBRK
2025-12-02,69.4000015258789,RBRK
2025-12-03,71.41000366210938,RBRK
2025-12-04,70.43000030517578,RBRK
2025-12-05,86.2699966430664,RBRK
2025-12-08,89.0999984741211,RBRK
2025-12-09,91.30999755859375,RBRK
2025-12-10,89.91000366210938,RBRK
2025-12-11,87.08000183105469,RBRK
2025-12-12,81.52999877929688,RBRK
2025-12-15,79.88999938964844,RBRK
2025-12-16,77.91000366210938,RBRK
2025-12-17,73.19000244140625,RBRK
2025-12-18,75.91000366210938,RBRK
2025-12-19,78.18000030517578,RBRK
2025-12-22,79.70999908447266,RBRK
2025-12-23,78.75,RBRK
2025-12-24,78.80000305175781,RBRK
2025-12-26,78.66000366210938,RBRK
2025-12-29,78.01000213623047,RBRK
2025-12-30,77.87000274658203,RBRK
2025-12-31,76.4800033569336,RBRK
2026-01-02,75.47000122070312,RBRK
2026-01-05,73.5,RBRK
2026-01-06,75.11000061035156,RBRK
2026-01-07,76.87000274658203,RBRK
2026-01-08,71.66999816894531,RBRK
2026-01-09,70.55999755859375,RBRK
2026-01-12,71.37000274658203,RBRK
2026-01-13,70.81999969482422,RBRK
2026-01-14,68.13999938964844,RBRK
2026-01-15,69.05000305175781,RBRK
2026-01-16,67.0999984741211,RBRK
2026-01-20,64.87999725341797,RBRK
2026-01-21,64.3499984741211,RBRK
2026-01-22,65.0999984741211,RBRK
2026-01-23,65.66999816894531,RBRK
2026-01-26,68.31999969482422,RBRK
2026-01-27,62.2599983215332,RBRK
2026-01-28,63.189998626708984,RBRK
2026-01-29,57.970001220703125,RBRK
2026-01-30,55.95000076293945,RBRK
2026-02-02,54.45000076293945,RBRK
2026-02-03,52.150001525878906,RBRK
2026-02-04,51.869998931884766,RBRK
2026-02-05,48.34000015258789,RBRK
2026-02-06,51.06999969482422,RBRK
2026-02-09,54.060001373291016,RBRK
2026-02-10,55.83000183105469,RBRK
2026-02-11,55.119998931884766,RBRK
2026-02-12,53.189998626708984,RBRK
2026-02-13,54.54999923706055,RBRK
2026-02-17,53.5,RBRK
2026-02-18,54.38999938964844,RBRK
2026-02-19,54.15999984741211,RBRK
2026-02-20,50.20000076293945,RBRK
2026-02-23,47.2599983215332,RBRK
2026-02-24,51.040000915527344,RBRK
2026-02-25,52.15999984741211,RBRK
2026-02-26,54.33000183105469,RBRK
2026-02-27,51.959999084472656,RBRK
2026-03-02,53.689998626708984,RBRK
2026-03-03,53.869998931884766,RBRK
2026-03-04,54.869998931884766,RBRK
2026-03-05,55.880001068115234,RBRK
2026-03-06,57.16999816894531,RBRK
2026-03-09,57.16999816894531,RBRK
2026-03-10,55.95000076293945,RBRK
2026-03-11,57.52000045776367,RBRK
2026-03-12,54.02000045776367,RBRK
2026-03-13,53.43000030517578,RBRK
2026-03-16,51.66999816894531,RBRK
2026-03-17,52.060001373291016,RBRK
2026-03-18,52.09000015258789,RBRK
2026-03-19,50.91999816894531,RBRK
2026-03-20,49.279998779296875,RBRK
2026-03-23,51.18000030517578,RBRK
2026-03-24,48.06999969482422,RBRK
2026-03-25,47.18000030517578,RBRK
2026-03-26,47.59000015258789,RBRK
2026-03-27,45.72999954223633,RBRK
2026-03-30,45.58000183105469,RBRK
2026-03-31,48.970001220703125,RBRK
2026-04-01,48.59000015258789,RBRK
2026-04-02,51.439998626708984,RBRK
2026-04-06,50.900001525878906,RBRK
2026-04-07,52.779998779296875,RBRK
2026-04-08,51.630001068115234,RBRK
2026-04-09,46.18000030517578,RBRK
2026-04-10,43.810001373291016,RBRK
2026-04-13,48.61000061035156,RBRK
2026-04-14,48.029998779296875,RBRK
2026-04-15,51.36000061035156,RBRK
2026-04-16,51.939998626708984,RBRK
2026-04-17,52.34000015258789,RBRK
2026-04-20,53.599998474121094,RBRK
2026-04-21,54.02000045776367,RBRK
2026-04-22,55.2400016784668,RBRK
2026-04-23,51.029998779296875,RBRK
2026-04-24,52.279998779296875,RBRK
2026-04-27,53.2599983215332,RBRK
2026-04-28,54.58000183105469,RBRK
2026-04-29,53.68000030517578,RBRK
2026-04-30,53.18000030517578,RBRK
2026-05-01,55.06999969482422,RBRK
2026-05-04,57.93000030517578,RBRK
2026-05-05,57.130001068115234,RBRK
2026-05-06,57.779998779296875,RBRK
2026-05-07,61.4900016784668,RBRK
2026-05-08,62.34000015258789,RBRK
2026-05-11,62.16999816894531,RBRK
2026-05-12,60.470001220703125,RBRK
2026-05-13,59.47999954223633,RBRK
2026-05-14,62.79999923706055,RBRK
2026-05-15,63.77000045776367,RBRK
2026-05-18,64.9800033569336,RBRK
2026-05-19,64.33000183105469,RBRK
2026-05-20,66.88999938964844,RBRK
2026-05-21,64.79000091552734,RBRK
2026-05-22,66.58999633789062,RBRK
2026-05-26,68.30999755859375,RBRK
2026-05-27,65.80999755859375,RBRK
2026-05-28,70.31999969482422,RBRK
2026-05-29,78.62999725341797,RBRK
2026-06-01,85.06999969482422,RBRK
2026-06-02,82.33000183105469,RBRK
2026-06-03,79.45999908447266,RBRK
2026-06-04,77.0,RBRK
2026-06-05,73.41000366210938,RBRK
2026-06-08,71.7300033569336,RBRK
2026-06-09,71.73999786376953,RBRK
2026-06-10,71.31999969482422,RBRK
2026-06-11,71.44999694824219,RBRK
2026-06-12,68.19000244140625,RBRK
2026-06-15,69.79000091552734,RBRK
2026-06-16,69.18000030517578,RBRK
2026-06-17,69.23999786376953,RBRK
2026-06-18,70.22000122070312,RBRK
2026-06-22,70.52999877929688,RBRK
2026-06-23,74.23999786376953,RBRK
2026-06-24,74.5199966430664,RBRK
2026-06-25,71.0199966430664,RBRK
2026-06-26,72.33000183105469,RBRK
2026-06-29,76.5199966430664,RBRK
2026-06-30,80.27999877929688,RBRK
2026-07-01,82.01000213623047,RBRK
2026-07-02,83.63999938964844,RBRK
2026-07-06,87.36000061035156,RBRK
2026-07-07,87.04000091552734,RBRK
2026-07-08,84.4000015258789,RBRK
2026-07-09,88.75,RBRK
2026-07-10,84.37999725341797,RBRK
2026-07-13,83.83999633789062,RBRK
2026-07-14,88.05000305175781,RBRK
2026-07-15,80.37999725341797,RBRK
2026-07-16,79.81999969482422,RBRK
2026-07-17,78.97000122070312,RBRK
2026-07-20,78.18000030517578,RBRK
2026-07-21,75.80000305175781,RBRK
2026-07-22,73.69000244140625,RBRK
2026-07-23,72.62999725341797,RBRK
2026-07-24,73.23999786376953,RBRK
2026-07-27,74.81999969482422,RBRK
2026-07-28,71.44999694824219,RBRK
2026-07-29,71.91000366210938,RBRK
2026-07-30,71.58000183105469,RBRK
2026-07-31,72.36000061035156,RBRK
2026-08-03,74.73999786376953,RBRK
2026-08-04,80.98999786376953,RBRK
2026-08-05,84.80999755859375,RBRK
2026-08-06,84.5999984741211,RBRK
2026-08-07,90.06999969482422,RBRK
2026-08-10,97.91000366210938,RBRK
2026-08-11,96.93000030517578,RBRK
2026-08-12,96.7300033569336,RBRK
2026-08-13,105.08999633789062,RBRK
2026-08-14,102.2300033569336,RBRK
2026-08-17,101.0199966430664,RBRK
2026-08-18,100.55000305175781,RBRK
2026-08-19,99.77999877929688,RBRK
2026-08-20,97.5199966430664,RBRK
2026-08-21,100.08999633789062,RBRK
2026-08-24,98.04000091552734,RBRK
2026-08-25,92.6500015258789,RBRK
2026-08-26,96.12999725341797,RBRK
2026-08-27,107.0199966430664,RBRK
2026-08-28,93.05000305175781,RBRK
2026-08-31,93.04000091552734,RBRK
2026-09-01,88.4000015258789,RBRK
2026-09-02,87.18000030517578,RBRK
2026-09-03,92.13999938964844,RBRK
2026-09-04,93.66999816894531,RBRK
2026-09-08,91.62999725341797,RBRK
2026-09-09,88.81999969482422,RBRK
2026-09-10,88.91000366210938,RBRK
2026-09-11,86.6500015258789,RBRK
2026-09-14,100.19999694824219,RBRK
2026-09-15,103.55000305175781,RBRK
2026-09-16,104.9800033569336,RBRK
2026-09-17,107.83000183105469,RBRK
2024-09-18,41.41999816894531,SLB
2024-09-19,42.75,SLB
2024-09-20,42.40999984741211,SLB
2024-09-23,42.900001525878906,SLB
2024-09-24,42.97999954223633,SLB
2024-09-25,41.810001373291016,SLB
2024-09-26,41.16999816894531,SLB
2024-09-27,42.290000915527344,SLB
2024-09-30,41.95000076293945,SLB
2024-10-01,43.13999938964844,SLB
2024-10-02,43.939998626708984,SLB
2024-10-03,44.88999938964844,SLB
2024-10-04,45.459999084472656,SLB
2024-10-07,45.59000015258789,SLB
2024-10-08,44.13999938964844,SLB
2024-10-09,44.209999084472656,SLB
2024-10-10,44.599998474121094,SLB
2024-10-11,44.779998779296875,SLB
2024-10-14,44.70000076293945,SLB
2024-10-15,42.95000076293945,SLB
2024-10-16,43.68000030517578,SLB
2024-10-17,43.9900016784668,SLB
2024-10-18,41.91999816894531,SLB
2024-10-21,42.43000030517578,SLB
2024-10-22,41.93000030517578,SLB
2024-10-23,42.130001068115234,SLB
2024-10-24,41.25,SLB
2024-10-25,41.7400016784668,SLB
2024-10-28,41.38999938964844,SLB
2024-10-29,40.43000030517578,SLB
2024-10-30,40.150001525878906,SLB
2024-10-31,40.06999969482422,SLB
2024-11-01,39.7599983215332,SLB
2024-11-04,40.31999969482422,SLB
2024-11-05,40.54999923706055,SLB
2024-11-06,43.77000045776367,SLB
2024-11-07,43.2400016784668,SLB
2024-11-08,43.18000030517578,SLB
2024-11-11,44.290000915527344,SLB
2024-11-12,44.33000183105469,SLB
2024-11-13,43.59000015258789,SLB
2024-11-14,43.45000076293945,SLB
2024-11-15,43.18000030517578,SLB
2024-11-18,43.4900016784668,SLB
2024-11-19,43.099998474121094,SLB
2024-11-20,43.529998779296875,SLB
2024-11-21,44.060001373291016,SLB
2024-11-22,44.22999954223633,SLB
2024-11-25,43.75,SLB
2024-11-26,43.47999954223633,SLB
2024-11-27,43.65999984741211,SLB
2024-11-29,43.939998626708984,SLB
2024-12-02,43.630001068115234,SLB
2024-12-03,43.650001525878906,SLB
2024-12-04,42.7400016784668,SLB
2024-12-05,42.02000045776367,SLB
2024-12-06,40.959999084472656,SLB
2024-12-09,41.16999816894531,SLB
2024-12-10,40.869998931884766,SLB
2024-12-11,41.560001373291016,SLB
2024-12-12,41.099998474121094,SLB
2024-12-13,40.220001220703125,SLB
2024-12-16,39.880001068115234,SLB
2024-12-17,38.93000030517578,SLB
2024-12-18,37.33000183105469,SLB
2024-12-19,36.90999984741211,SLB
2024-12-20,36.83000183105469,SLB
2024-12-23,37.2599983215332,SLB
2024-12-24,37.72999954223633,SLB
2024-12-26,37.72999954223633,SLB
2024-12-27,37.79999923706055,SLB
2024-12-30,37.810001373291016,SLB
2024-12-31,38.34000015258789,SLB
2025-01-02,38.400001525878906,SLB
2025-01-03,38.59000015258789,SLB
2025-01-06,38.7599983215332,SLB
2025-01-07,39.369998931884766,SLB
2025-01-08,38.810001373291016,SLB
2025-01-10,38.619998931884766,SLB
2025-01-13,39.849998474121094,SLB
2025-01-14,39.869998931884766,SLB
2025-01-15,40.63999938964844,SLB
2025-01-16,41.09000015258789,SLB
2025-01-17,43.58000183105469,SLB
2025-01-21,43.7400016784668,SLB
2025-01-22,41.630001068115234,SLB
2025-01-23,42.029998779296875,SLB
2025-01-24,42.25,SLB
2025-01-27,42.540000915527344,SLB
2025-01-28,41.31999969482422,SLB
2025-01-29,40.939998626708984,SLB
2025-01-30,41.02000045776367,SLB
2025-01-31,40.279998779296875,SLB
2025-02-03,40.15999984741211,SLB
2025-02-04,41.220001220703125,SLB
2025-02-05,40.810001373291016,SLB
2025-02-06,40.04999923706055,SLB
2025-02-07,40.15999984741211,SLB
2025-02-10,41.209999084472656,SLB
2025-02-11,41.779998779296875,SLB
2025-02-12,41.45000076293945,SLB
2025-02-13,42.08000183105469,SLB
2025-02-14,41.75,SLB
2025-02-18,42.650001525878906,SLB
2025-02-19,42.18000030517578,SLB
2025-02-20,42.599998474121094,SLB
2025-02-21,41.7400016784668,SLB
2025-02-24,41.529998779296875,SLB
2025-02-25,41.0099983215332,SLB
2025-02-26,40.599998474121094,SLB
2025-02-27,40.90999984741211,SLB
2025-02-28,41.65999984741211,SLB
2025-03-03,39.81999969482422,SLB
2025-03-04,39.08000183105469,SLB
2025-03-05,39.43000030517578,SLB
2025-03-06,39.7599983215332,SLB
2025-03-07,41.369998931884766,SLB
2025-03-10,41.13999938964844,SLB
2025-03-11,40.08000183105469,SLB
2025-03-12,40.04999923706055,SLB
2025-03-13,39.93000030517578,SLB
2025-03-14,41.099998474121094,SLB
2025-03-17,41.43000030517578,SLB
2025-03-18,41.130001068115234,SLB
2025-03-19,41.08000183105469,SLB
2025-03-20,41.279998779296875,SLB
2025-03-21,40.9900016784668,SLB
2025-03-24,41.70000076293945,SLB
2025-03-25,42.279998779296875,SLB
2025-03-26,42.41999816894531,SLB
2025-03-27,42.099998474121094,SLB
2025-03-28,41.880001068115234,SLB
2025-03-31,41.79999923706055,SLB
2025-04-01,42.20000076293945,SLB
2025-04-02,42.189998626708984,SLB
2025-04-03,39.209999084472656,SLB
2025-04-04,34.779998779296875,SLB
2025-04-07,33.13999938964844,SLB
2025-04-08,31.950000762939453,SLB
2025-04-09,35.97999954223633,SLB
2025-04-10,32.540000915527344,SLB
2025-04-11,33.959999084472656,SLB
2025-04-14,33.91999816894531,SLB
2025-04-15,33.7599983215332,SLB
2025-04-16,34.150001525878906,SLB
2025-04-17,35.11000061035156,SLB
2025-04-21,34.619998931884766,SLB
2025-04-22,34.61000061035156,SLB
2025-04-23,34.029998779296875,SLB
2025-04-24,34.93000030517578,SLB
2025-04-25,34.52000045776367,SLB
2025-04-28,34.099998474121094,SLB
2025-04-29,34.11000061035156,SLB
2025-04-30,33.25,SLB
2025-05-01,33.7400016784668,SLB
2025-05-02,34.72999954223633,SLB
2025-05-05,33.7599983215332,SLB
2025-05-06,33.58000183105469,SLB
2025-05-07,33.5,SLB
2025-05-08,34.31999969482422,SLB
2025-05-09,34.54999923706055,SLB
2025-05-12,35.849998474121094,SLB
2025-05-13,36.11000061035156,SLB
2025-05-14,36.0099983215332,SLB
2025-05-15,35.720001220703125,SLB
2025-05-16,35.77000045776367,SLB
2025-05-19,35.11000061035156,SLB
2025-05-20,34.56999969482422,SLB
2025-05-21,33.869998931884766,SLB
2025-05-22,33.75,SLB
2025-05-23,33.65999984741211,SLB
2025-05-27,33.93000030517578,SLB
2025-05-28,33.58000183105469,SLB
2025-05-29,33.68000030517578,SLB
2025-05-30,33.04999923706055,SLB
2025-06-02,33.34000015258789,SLB
2025-06-03,34.11000061035156,SLB
2025-06-04,33.2400016784668,SLB
2025-06-05,33.08000183105469,SLB
2025-06-06,33.869998931884766,SLB
2025-06-09,34.119998931884766,SLB
2025-06-10,35.52000045776367,SLB
2025-06-11,35.689998626708984,SLB
2025-06-12,35.630001068115234,SLB
2025-06-13,36.29999923706055,SLB
2025-06-16,35.90999984741211,SLB
2025-06-17,36.08000183105469,SLB
2025-06-18,35.849998474121094,SLB
2025-06-20,35.84000015258789,SLB
2025-06-23,33.72999954223633,SLB
2025-06-24,33.5,SLB
2025-06-25,33.18000030517578,SLB
2025-06-26,33.83000183105469,SLB
2025-06-27,34.0099983215332,SLB
2025-06-30,33.79999923706055,SLB
2025-07-01,35.20000076293945,SLB
2025-07-02,35.90999984741211,SLB
2025-07-03,35.650001525878906,SLB
2025-07-07,34.95000076293945,SLB
2025-07-08,36.540000915527344,SLB
2025-07-09,36.25,SLB
2025-07-10,36.650001525878906,SLB
2025-07-11,37.310001373291016,SLB
2025-07-14,36.220001220703125,SLB
2025-07-15,35.06999969482422,SLB
2025-07-16,34.59000015258789,SLB
2025-07-17,34.66999816894531,SLB
2025-07-18,33.31999969482422,SLB
2025-07-21,33.540000915527344,SLB
2025-07-22,34.349998474121094,SLB
2025-07-23,35.13999938964844,SLB
2025-07-24,35.2400016784668,SLB
2025-07-25,35.470001220703125,SLB
2025-07-28,36.0,SLB
2025-07-29,35.630001068115234,SLB
2025-07-30,34.16999816894531,SLB
2025-07-31,33.79999923706055,SLB
2025-08-01,33.04999923706055,SLB
2025-08-04,32.880001068115234,SLB
2025-08-05,33.5,SLB
2025-08-06,32.86000061035156,SLB
2025-08-07,32.790000915527344,SLB
2025-08-08,32.869998931884766,SLB
2025-08-11,32.369998931884766,SLB
2025-08-12,32.939998626708984,SLB
2025-08-13,33.54999923706055,SLB
2025-08-14,33.220001220703125,SLB
2025-08-15,32.9900016784668,SLB
2025-08-18,33.29999923706055,SLB
2025-08-19,33.34000015258789,SLB
2025-08-20,33.36000061035156,SLB
2025-08-21,33.810001373291016,SLB
2025-08-22,35.61000061035156,SLB
2025-08-25,35.650001525878906,SLB
2025-08-26,35.31999969482422,SLB
2025-08-27,35.97999954223633,SLB
2025-08-28,36.47999954223633,SLB
2025-08-29,36.84000015258789,SLB
2025-09-02,35.900001525878906,SLB
2025-09-03,35.0,SLB
2025-09-04,36.0099983215332,SLB
2025-09-05,35.81999969482422,SLB
2025-09-08,35.779998779296875,SLB
2025-09-09,35.779998779296875,SLB
2025-09-10,36.15999984741211,SLB
2025-09-11,36.029998779296875,SLB
2025-09-12,35.56999969482422,SLB
2025-09-15,34.77000045776367,SLB
2025-09-16,35.2400016784668,SLB
2025-09-17,34.790000915527344,SLB
2025-09-18,34.7400016784668,SLB
2025-09-19,34.43000030517578,SLB
2025-09-22,33.91999816894531,SLB
2025-09-23,34.4900016784668,SLB
2025-09-24,34.61000061035156,SLB
2025-09-25,34.59000015258789,SLB
2025-09-26,35.52000045776367,SLB
2025-09-29,35.11000061035156,SLB
2025-09-30,34.369998931884766,SLB
2025-10-01,35.09000015258789,SLB
2025-10-02,34.11000061035156,SLB
2025-10-03,34.2599983215332,SLB
2025-10-06,34.59000015258789,SLB
2025-10-07,34.40999984741211,SLB
2025-10-08,33.970001220703125,SLB
2025-10-09,33.130001068115234,SLB
2025-10-10,31.719999313354492,SLB
2025-10-13,32.27000045776367,SLB
2025-10-14,32.56999969482422,SLB
2025-10-15,32.56999969482422,SLB
2025-10-16,32.91999816894531,SLB
2025-10-17,32.630001068115234,SLB
2025-10-20,33.43000030517578,SLB
2025-10-21,33.52000045776367,SLB
2025-10-22,34.900001525878906,SLB
2025-10-23,36.0099983215332,SLB
2025-10-24,35.83000183105469,SLB
2025-10-27,36.15999984741211,SLB
2025-10-28,35.86000061035156,SLB
2025-10-29,36.83000183105469,SLB
2025-10-30,36.31999969482422,SLB
2025-10-31,36.060001373291016,SLB
2025-11-03,37.02000045776367,SLB
2025-11-04,36.119998931884766,SLB
2025-11-05,36.54999923706055,SLB
2025-11-06,36.36000061035156,SLB
2025-11-07,36.65999984741211,SLB
2025-11-10,36.90999984741211,SLB
2025-11-11,37.61000061035156,SLB
2025-11-12,36.06999969482422,SLB
2025-11-13,36.310001373291016,SLB
2025-11-14,36.939998626708984,SLB
2025-11-17,35.79999923706055,SLB
2025-11-18,36.040000915527344,SLB
2025-11-19,35.86000061035156,SLB
2025-11-20,35.189998626708984,SLB
2025-11-21,36.189998626708984,SLB
2025-11-24,35.709999084472656,SLB
2025-11-25,35.900001525878906,SLB
2025-11-26,35.65999984741211,SLB
2025-11-28,36.2400016784668,SLB
2025-12-01,36.599998474121094,SLB
2025-12-02,36.36000061035156,SLB
2025-12-03,37.54999923706055,SLB
2025-12-04,38.119998931884766,SLB
2025-12-05,38.459999084472656,SLB
2025-12-08,38.2400016784668,SLB
2025-12-09,38.29999923706055,SLB
2025-12-10,39.93000030517578,SLB
2025-12-11,40.34000015258789,SLB
2025-12-12,39.45000076293945,SLB
2025-12-15,38.900001525878906,SLB
2025-12-16,37.61000061035156,SLB
2025-12-17,38.529998779296875,SLB
2025-12-18,38.130001068115234,SLB
2025-12-19,38.08000183105469,SLB
2025-12-22,38.33000183105469,SLB
2025-12-23,38.20000076293945,SLB
2025-12-24,37.970001220703125,SLB
2025-12-26,37.790000915527344,SLB
2025-12-29,37.900001525878906,SLB
2025-12-30,38.54999923706055,SLB
2025-12-31,38.380001068115234,SLB
2026-01-02,40.20000076293945,SLB
2026-01-05,43.79999923706055,SLB
2026-01-06,43.630001068115234,SLB
2026-01-07,42.369998931884766,SLB
2026-01-08,44.43000030517578,SLB
2026-01-09,45.20000076293945,SLB
2026-01-12,45.150001525878906,SLB
2026-01-13,45.900001525878906,SLB
2026-01-14,46.970001220703125,SLB
2026-01-15,46.56999969482422,SLB
2026-01-16,46.72999954223633,SLB
2026-01-20,46.45000076293945,SLB
2026-01-21,48.52000045776367,SLB
2026-01-22,49.31999969482422,SLB
2026-01-23,49.150001525878906,SLB
2026-01-26,49.70000076293945,SLB
2026-01-27,50.65999984741211,SLB
2026-01-28,48.869998931884766,SLB
2026-01-29,48.45000076293945,SLB
2026-01-30,48.380001068115234,SLB
2026-02-02,48.04999923706055,SLB
2026-02-03,49.7599983215332,SLB
2026-02-04,51.349998474121094,SLB
2026-02-05,49.5099983215332,SLB
2026-02-06,50.70000076293945,SLB
2026-02-09,50.540000915527344,SLB
2026-02-10,50.31999969482422,SLB
2026-02-11,51.560001373291016,SLB
2026-02-12,50.63999938964844,SLB
2026-02-13,50.38999938964844,SLB
2026-02-17,49.84000015258789,SLB
2026-02-18,51.59000015258789,SLB
2026-02-19,51.540000915527344,SLB
2026-02-20,50.849998474121094,SLB
2026-02-23,51.2400016784668,SLB
2026-02-24,51.849998474121094,SLB
2026-02-25,51.65999984741211,SLB
2026-02-26,51.4900016784668,SLB
2026-02-27,51.34000015258789,SLB
2026-03-02,51.27000045776367,SLB
2026-03-03,48.58000183105469,SLB
2026-03-04,47.88999938964844,SLB
2026-03-05,47.400001525878906,SLB
2026-03-06,46.900001525878906,SLB
2026-03-09,47.189998626708984,SLB
2026-03-10,48.11000061035156,SLB
2026-03-11,48.16999816894531,SLB
2026-03-12,44.560001373291016,SLB
2026-03-13,44.720001220703125,SLB
2026-03-16,44.959999084472656,SLB
2026-03-17,46.130001068115234,SLB
2026-03-18,45.31999969482422,SLB
2026-03-19,47.81999969482422,SLB
2026-03-20,46.630001068115234,SLB
2026-03-23,49.25,SLB
2026-03-24,50.5099983215332,SLB
2026-03-25,51.88999938964844,SLB
2026-03-26,52.310001373291016,SLB
2026-03-27,53.5,SLB
2026-03-30,51.529998779296875,SLB
2026-03-31,51.38999938964844,SLB
2026-04-01,50.029998779296875,SLB
2026-04-02,49.439998626708984,SLB
2026-04-06,49.779998779296875,SLB
2026-04-07,50.349998474121094,SLB
2026-04-08,51.880001068115234,SLB
2026-04-09,52.540000915527344,SLB
2026-04-10,51.91999816894531,SLB
2026-04-13,51.91999816894531,SLB
2026-04-14,51.4900016784668,SLB
2026-04-15,52.41999816894531,SLB
2026-04-16,51.72999954223633,SLB
2026-04-17,52.65999984741211,SLB
2026-04-20,52.20000076293945,SLB
2026-04-21,52.77000045776367,SLB
2026-04-22,54.349998474121094,SLB
2026-04-23,54.7400016784668,SLB
2026-04-24,56.150001525878906,SLB
2026-04-27,55.22999954223633,SLB
2026-04-28,55.650001525878906,SLB
2026-04-29,55.70000076293945,SLB
2026-04-30,56.880001068115234,SLB
2026-05-01,56.91999816894531,SLB
2026-05-04,55.630001068115234,SLB
2026-05-05,56.0,SLB
2026-05-06,55.15999984741211,SLB
2026-05-07,53.0,SLB
2026-05-08,53.27000045776367,SLB
2026-05-11,54.93000030517578,SLB
2026-05-12,55.63999938964844,SLB
2026-05-13,55.380001068115234,SLB
2026-05-14,55.75,SLB
2026-05-15,55.380001068115234,SLB
2026-05-18,57.150001525878906,SLB
2026-05-19,56.77000045776367,SLB
2026-05-20,57.279998779296875,SLB
2026-05-21,57.25,SLB
2026-05-22,57.279998779296875,SLB
2026-05-26,57.97999954223633,SLB
2026-05-27,56.5,SLB
2026-05-28,55.119998931884766,SLB
2026-05-29,54.54999923706055,SLB
2026-06-01,54.75,SLB
2026-06-02,56.560001373291016,SLB
2026-06-03,56.849998474121094,SLB
2026-06-04,58.0099983215332,SLB
2026-06-05,54.869998931884766,SLB
2026-06-08,56.54999923706055,SLB
2026-06-09,55.849998474121094,SLB
2026-06-10,55.5099983215332,SLB
2026-06-11,56.0,SLB
2026-06-12,56.18000030517578,SLB
2026-06-15,53.709999084472656,SLB
2026-06-16,53.06999969482422,SLB
2026-06-17,50.33000183105469,SLB
2026-06-18,48.09000015258789,SLB
2026-06-22,47.95000076293945,SLB
2026-06-23,47.790000915527344,SLB
2026-06-24,46.61000061035156,SLB
2026-06-25,47.41999816894531,SLB
2026-06-26,47.0,SLB
2026-06-29,46.380001068115234,SLB
2026-06-30,46.4900016784668,SLB
2026-07-01,45.09000015258789,SLB
2026-07-02,45.130001068115234,SLB
2026-07-06,45.720001220703125,SLB
2026-07-07,46.41999816894531,SLB
2026-07-08,47.43000030517578,SLB
2026-07-09,47.2400016784668,SLB
2026-07-10,47.7599983215332,SLB
2026-07-13,47.36000061035156,SLB
2026-07-14,47.540000915527344,SLB
2026-07-15,47.54999923706055,SLB
2026-07-16,47.08000183105469,SLB
2026-07-17,46.9900016784668,SLB
2026-07-20,46.38999938964844,SLB
2026-07-21,46.59000015258789,SLB
2026-07-22,47.66999816894531,SLB
2026-07-23,47.220001220703125,SLB
2026-07-24,52.41999816894531,SLB
2026-07-27,51.529998779296875,SLB
2026-07-28,49.97999954223633,SLB
2026-07-29,48.959999084472656,SLB
2026-07-30,48.90999984741211,SLB
2026-07-31,49.59000015258789,SLB
2026-08-03,49.310001373291016,SLB
2026-08-04,50.810001373291016,SLB
2026-08-05,49.90999984741211,SLB
2026-08-06,51.540000915527344,SLB
2026-08-07,50.529998779296875,SLB
2026-08-10,53.20000076293945,SLB
2026-08-11,53.68000030517578,SLB
2026-08-12,52.61000061035156,SLB
2026-08-13,52.060001373291016,SLB
2026-08-14,53.77000045776367,SLB
2026-08-17,53.86000061035156,SLB
2026-08-18,53.209999084472656,SLB
2026-08-19,53.54999923706055,SLB
2026-08-20,53.54999923706055,SLB
2026-08-21,53.869998931884766,SLB
2026-08-24,54.0,SLB
2026-08-25,53.290000915527344,SLB
2026-08-26,53.599998474121094,SLB
2026-08-27,55.0099983215332,SLB
2026-08-28,57.33000183105469,SLB
2026-08-31,60.099998474121094,SLB
2026-09-01,57.150001525878906,SLB
2026-09-02,58.130001068115234,SLB
2026-09-03,57.40999984741211,SLB
2026-09-04,57.5099983215332,SLB
2026-09-08,57.099998474121094,SLB
2026-09-09,57.04999923706055,SLB
2026-09-10,56.0099983215332,SLB
2026-09-11,56.060001373291016,SLB
2026-09-14,53.31999969482422,SLB
2026-09-15,54.20000076293945,SLB
2026-09-16,52.29999923706055,SLB
2026-09-17,52.08000183105469,SLB
2024-09-18,73.5,UBER
2024-09-19,75.27999877929688,UBER
2024-09-20,73.94000244140625,UBER
2024-09-23,74.70999908447266,UBER
2024-09-24,77.44000244140625,UBER
2024-09-25,77.13999938964844,UBER
2024-09-26,76.69000244140625,UBER
2024-09-27,75.75,UBER
2024-09-30,75.16000366210938,UBER
2024-10-01,74.23999786376953,UBER
2024-10-02,72.87000274658203,UBER
2024-10-03,72.94000244140625,UBER
2024-10-04,74.27999877929688,UBER
2024-10-07,74.58999633789062,UBER
2024-10-08,76.16999816894531,UBER
2024-10-09,77.87000274658203,UBER
2024-10-10,77.91999816894531,UBER
2024-10-11,86.33999633789062,UBER
2024-10-14,84.94000244140625,UBER
2024-10-15,83.19999694824219,UBER
2024-10-16,81.9000015258789,UBER
2024-10-17,79.9000015258789,UBER
2024-10-18,79.16000366210938,UBER
2024-10-21,80.45999908447266,UBER
2024-10-22,80.41000366210938,UBER
2024-10-23,79.83000183105469,UBER
2024-10-24,78.37999725341797,UBER
2024-10-25,77.62000274658203,UBER
2024-10-28,77.69000244140625,UBER
2024-10-29,79.20999908447266,UBER
2024-10-30,79.43000030517578,UBER
2024-10-31,72.05000305175781,UBER
2024-11-01,73.25,UBER
2024-11-04,73.25,UBER
2024-11-05,74.1500015258789,UBER
2024-11-06,74.36000061035156,UBER
2024-11-07,73.12999725341797,UBER
2024-11-08,72.04000091552734,UBER
2024-11-11,71.6500015258789,UBER
2024-11-12,71.37000274658203,UBER
2024-11-13,71.16000366210938,UBER
2024-11-14,71.44000244140625,UBER
2024-11-15,73.25,UBER
2024-11-18,69.33000183105469,UBER
2024-11-19,69.12999725341797,UBER
2024-11-20,69.5999984741211,UBER
2024-11-21,69.63999938964844,UBER
2024-11-22,71.51000213623047,UBER
2024-11-25,73.41999816894531,UBER
2024-11-26,71.55999755859375,UBER
2024-11-27,71.62000274658203,UBER
2024-11-29,71.95999908447266,UBER
2024-12-02,73.06999969482422,UBER
2024-12-03,71.2699966430664,UBER
2024-12-04,72.16000366210938,UBER
2024-12-05,65.2300033569336,UBER
2024-12-06,66.08999633789062,UBER
2024-12-09,65.73999786376953,UBER
2024-12-10,64.95999908447266,UBER
2024-12-11,61.18000030517578,UBER
2024-12-12,61.40999984741211,UBER
2024-12-13,59.93000030517578,UBER
2024-12-16,60.25,UBER
2024-12-17,61.029998779296875,UBER
2024-12-18,61.22999954223633,UBER
2024-12-19,60.209999084472656,UBER
2024-12-20,60.72999954223633,UBER
2024-12-23,61.869998931884766,UBER
2024-12-24,61.709999084472656,UBER
2024-12-26,61.560001373291016,UBER
2024-12-27,61.130001068115234,UBER
2024-12-30,60.77000045776367,UBER
2024-12-31,60.31999969482422,UBER
2025-01-02,63.16999816894531,UBER
2025-01-03,64.58999633789062,UBER
2025-01-06,66.30999755859375,UBER
2025-01-07,66.1500015258789,UBER
2025-01-08,64.91000366210938,UBER
2025-01-10,65.97000122070312,UBER
2025-01-13,65.69999694824219,UBER
2025-01-14,64.83999633789062,UBER
2025-01-15,67.0199966430664,UBER
2025-01-16,68.58000183105469,UBER
2025-01-17,67.33999633789062,UBER
2025-01-21,67.73999786376953,UBER
2025-01-22,67.81999969482422,UBER
2025-01-23,68.30000305175781,UBER
2025-01-24,68.55999755859375,UBER
2025-01-27,68.7699966430664,UBER
2025-01-28,68.06999969482422,UBER
2025-01-29,66.75,UBER
2025-01-30,66.58999633789062,UBER
2025-01-31,66.8499984741211,UBER
2025-02-03,67.29000091552734,UBER
2025-02-04,69.75,UBER
2025-02-05,64.4800033569336,UBER
2025-02-06,69.98999786376953,UBER
2025-02-07,74.5999984741211,UBER
2025-02-10,78.62999725341797,UBER
2025-02-11,76.94999694824219,UBER
2025-02-12,79.3499984741211,UBER
2025-02-13,80.29000091552734,UBER
2025-02-14,79.41999816894531,UBER
2025-02-18,81.48999786376953,UBER
2025-02-19,81.16000366210938,UBER
2025-02-20,81.26000213623047,UBER
2025-02-21,78.88999938964844,UBER
2025-02-24,76.41999816894531,UBER
2025-02-25,74.94999694824219,UBER
2025-02-26,75.87000274658203,UBER
2025-02-27,74.20999908447266,UBER
2025-02-28,76.01000213623047,UBER
2025-03-03,74.44000244140625,UBER
2025-03-04,75.26000213623047,UBER
2025-03-05,76.4800033569336,UBER
2025-03-06,74.95999908447266,UBER
2025-03-07,76.2699966430664,UBER
2025-03-10,73.05999755859375,UBER
2025-03-11,70.6500015258789,UBER
2025-03-12,71.19999694824219,UBER
2025-03-13,69.51000213623047,UBER
2025-03-14,71.55000305175781,UBER
2025-03-17,72.7300033569336,UBER
2025-03-18,71.55000305175781,UBER
2025-03-19,73.0199966430664,UBER
2025-03-20,74.3499984741211,UBER
2025-03-21,75.83999633789062,UBER
2025-03-24,76.51000213623047,UBER
2025-03-25,75.61000061035156,UBER
2025-03-26,74.18000030517578,UBER
2025-03-27,74.86000061035156,UBER
2025-03-28,72.75,UBER
2025-03-31,72.86000061035156,UBER
2025-04-01,72.98999786376953,UBER
2025-04-02,74.5,UBER
2025-04-03,69.8499984741211,UBER
2025-04-04,64.62000274658203,UBER
2025-04-07,65.63999938964844,UBER
2025-04-08,65.06999969482422,UBER
2025-04-09,72.68000030517578,UBER
2025-04-10,70.94000244140625,UBER
2025-04-11,72.27999877929688,UBER
2025-04-14,73.0999984741211,UBER
2025-04-15,74.0199966430664,UBER
2025-04-16,73.05999755859375,UBER
2025-04-17,75.23999786376953,UBER
2025-04-21,72.91999816894531,UBER
2025-04-22,74.44000244140625,UBER
2025-04-23,73.7699966430664,UBER
2025-04-24,78.0999984741211,UBER
2025-04-25,77.75,UBER
2025-04-28,78.33000183105469,UBER
2025-04-29,79.41999816894531,UBER
2025-04-30,81.01000213623047,UBER
2025-05-01,80.88999938964844,UBER
2025-05-02,84.27999877929688,UBER
2025-05-05,85.43000030517578,UBER
2025-05-06,85.83000183105469,UBER
2025-05-07,83.6500015258789,UBER
2025-05-08,82.30000305175781,UBER
2025-05-09,82.80999755859375,UBER
2025-05-12,88.0999984741211,UBER
2025-05-13,91.72000122070312,UBER
2025-05-14,90.41000366210938,UBER
2025-05-15,90.16000366210938,UBER
2025-05-16,91.79000091552734,UBER
2025-05-19,92.45999908447266,UBER
2025-05-20,91.87000274658203,UBER
2025-05-21,88.66999816894531,UBER
2025-05-22,88.0,UBER
2025-05-23,87.75,UBER
2025-05-27,89.0,UBER
2025-05-28,88.26000213623047,UBER
2025-05-29,84.30000305175781,UBER
2025-05-30,84.16000366210938,UBER
2025-06-02,83.63999938964844,UBER
2025-06-03,82.52999877929688,UBER
2025-06-04,83.44999694824219,UBER
2025-06-05,84.66999816894531,UBER
2025-06-06,85.5999984741211,UBER
2025-06-09,87.12000274658203,UBER
2025-06-10,86.38999938964844,UBER
2025-06-11,86.58000183105469,UBER
2025-06-12,85.62000274658203,UBER
2025-06-13,83.93000030517578,UBER
2025-06-16,85.12000274658203,UBER
2025-06-17,84.76000213623047,UBER
2025-06-18,83.44000244140625,UBER
2025-06-20,83.77999877929688,UBER
2025-06-23,85.23999786376953,UBER
2025-06-24,91.6500015258789,UBER
2025-06-25,90.9000015258789,UBER
2025-06-26,93.12000274658203,UBER
2025-06-27,91.52999877929688,UBER
2025-06-30,93.30000305175781,UBER
2025-07-01,92.12999725341797,UBER
2025-07-02,92.05000305175781,UBER
2025-07-03,93.62999725341797,UBER
2025-07-07,96.68000030517578,UBER
2025-07-08,97.4800033569336,UBER
2025-07-09,96.63999938964844,UBER
2025-07-10,96.4000015258789,UBER
2025-07-11,95.38999938964844,UBER
2025-07-14,93.88999938964844,UBER
2025-07-15,92.20999908447266,UBER
2025-07-16,90.75,UBER
2025-07-17,90.5,UBER
2025-07-18,90.58999633789062,UBER
2025-07-21,91.16000366210938,UBER
2025-07-22,91.79000091552734,UBER
2025-07-23,89.94000244140625,UBER
2025-07-24,90.87000274658203,UBER
2025-07-25,91.29000091552734,UBER
2025-07-28,90.5999984741211,UBER
2025-07-29,87.11000061035156,UBER
2025-07-30,87.63999938964844,UBER
2025-07-31,87.75,UBER
2025-08-01,86.91000366210938,UBER
2025-08-04,88.43000030517578,UBER
2025-08-05,89.38999938964844,UBER
2025-08-06,89.22000122070312,UBER
2025-08-07,92.66999816894531,UBER
2025-08-08,89.55999755859375,UBER
2025-08-11,90.58000183105469,UBER
2025-08-12,91.7300033569336,UBER
2025-08-13,90.83000183105469,UBER
2025-08-14,91.4000015258789,UBER
2025-08-15,92.5999984741211,UBER
2025-08-18,93.9800033569336,UBER
2025-08-19,95.31999969482422,UBER
2025-08-20,93.7300033569336,UBER
2025-08-21,94.2300033569336,UBER
2025-08-22,96.79000091552734,UBER
2025-08-25,95.16000366210938,UBER
2025-08-26,96.52999877929688,UBER
2025-08-27,95.33000183105469,UBER
2025-08-28,95.95999908447266,UBER
2025-08-29,93.75,UBER
2025-09-02,92.80999755859375,UBER
2025-09-03,92.94000244140625,UBER
2025-09-04,91.9800033569336,UBER
2025-09-05,90.98999786376953,UBER
2025-09-08,94.36000061035156,UBER
2025-09-09,95.44999694824219,UBER
2025-09-10,94.20999908447266,UBER
2025-09-11,94.68000030517578,UBER
2025-09-12,95.88999938964844,UBER
2025-09-15,98.8499984741211,UBER
2025-09-16,97.83000183105469,UBER
2025-09-17,92.94999694824219,UBER
2025-09-18,94.69999694824219,UBER
2025-09-19,98.51000213623047,UBER
2025-09-22,99.38999938964844,UBER
2025-09-23,97.80000305175781,UBER
2025-09-24,97.77999877929688,UBER
2025-09-25,97.5999984741211,UBER
2025-09-26,98.44999694824219,UBER
2025-09-29,99.56999969482422,UBER
2025-09-30,97.97000122070312,UBER
2025-10-01,96.61000061035156,UBER
2025-10-02,96.61000061035156,UBER
2025-10-03,96.5999984741211,UBER
2025-10-06,100.0999984741211,UBER
2025-10-07,97.80000305175781,UBER
2025-10-08,99.27999877929688,UBER
2025-10-09,96.0,UBER
2025-10-10,93.4000015258789,UBER
2025-10-13,94.08000183105469,UBER
2025-10-14,94.25,UBER
2025-10-15,94.5199966430664,UBER
2025-10-16,92.5199966430664,UBER
2025-10-17,92.30000305175781,UBER
2025-10-20,93.69999694824219,UBER
2025-10-21,93.02999877929688,UBER
2025-10-22,92.20999908447266,UBER
2025-10-23,94.61000061035156,UBER
2025-10-24,94.06999969482422,UBER
2025-10-27,96.41999816894531,UBER
2025-10-28,95.43000030517578,UBER
2025-10-29,95.76000213623047,UBER
2025-10-30,96.48999786376953,UBER
2025-10-31,96.5,UBER
2025-11-03,99.72000122070312,UBER
2025-11-04,94.66999816894531,UBER
2025-11-05,92.75,UBER
2025-11-06,92.12000274658203,UBER
2025-11-07,91.98999786376953,UBER
2025-11-10,94.0999984741211,UBER
2025-11-11,93.5999984741211,UBER
2025-11-12,93.56999969482422,UBER
2025-11-13,91.77999877929688,UBER
2025-11-14,91.62000274658203,UBER
2025-11-17,92.11000061035156,UBER
2025-11-18,90.86000061035156,UBER
2025-11-19,89.52999877929688,UBER
2025-11-20,83.36000061035156,UBER
2025-11-21,83.87000274658203,UBER
2025-11-24,83.69000244140625,UBER
2025-11-25,83.69000244140625,UBER
2025-11-26,85.66000366210938,UBER
2025-11-28,87.54000091552734,UBER
2025-12-01,86.56999969482422,UBER
2025-12-02,87.56999969482422,UBER
2025-12-03,90.68000030517578,UBER
2025-12-04,90.98999786376953,UBER
2025-12-05,91.31999969482422,UBER
2025-12-08,92.56999969482422,UBER
2025-12-09,89.06999969482422,UBER
2025-12-10,84.16000366210938,UBER
2025-12-11,85.44000244140625,UBER
2025-12-12,85.11000061035156,UBER
2025-12-15,81.86000061035156,UBER
2025-12-16,80.91999816894531,UBER
2025-12-17,79.13999938964844,UBER
2025-12-18,79.69000244140625,UBER
2025-12-19,79.30999755859375,UBER
2025-12-22,81.26000213623047,UBER
2025-12-23,80.97000122070312,UBER
2025-12-24,81.1500015258789,UBER
2025-12-26,81.26000213623047,UBER
2025-12-29,81.5,UBER
2025-12-30,82.12000274658203,UBER
2025-12-31,81.70999908447266,UBER
2026-01-02,82.86000061035156,UBER
2026-01-05,80.73999786376953,UBER
2026-01-06,85.54000091552734,UBER
2026-01-07,86.19000244140625,UBER
2026-01-08,87.58999633789062,UBER
2026-01-09,85.44000244140625,UBER
2026-01-12,84.66999816894531,UBER
2026-01-13,85.41000366210938,UBER
2026-01-14,84.6500015258789,UBER
2026-01-15,84.37999725341797,UBER
2026-01-16,84.8499984741211,UBER
2026-01-20,83.72000122070312,UBER
2026-01-21,84.26000213623047,UBER
2026-01-22,82.55999755859375,UBER
2026-01-23,82.30999755859375,UBER
2026-01-26,81.9800033569336,UBER
2026-01-27,81.23999786376953,UBER
2026-01-28,79.77999877929688,UBER
2026-01-29,81.69999694824219,UBER
2026-01-30,80.05000305175781,UBER
2026-02-02,80.83999633789062,UBER
2026-02-03,77.93000030517578,UBER
2026-02-04,73.91999816894531,UBER
2026-02-05,75.20999908447266,UBER
2026-02-06,74.7699966430664,UBER
2026-02-09,73.91000366210938,UBER
2026-02-10,73.5,UBER
2026-02-11,71.01000213623047,UBER
2026-02-12,71.22000122070312,UBER
2026-02-13,69.98999786376953,UBER
2026-02-17,70.52999877929688,UBER
2026-02-18,72.7699966430664,UBER
2026-02-19,72.94000244140625,UBER
2026-02-20,73.86000061035156,UBER
2026-02-23,70.72000122070312,UBER
2026-02-24,71.37999725341797,UBER
2026-02-25,72.83000183105469,UBER
2026-02-26,74.80000305175781,UBER
2026-02-27,75.41999816894531,UBER
2026-03-02,75.94999694824219,UBER
2026-03-03,76.36000061035156,UBER
2026-03-04,76.6500015258789,UBER
2026-03-05,75.44000244140625,UBER
2026-03-06,75.12999725341797,UBER
2026-03-09,73.83999633789062,UBER
2026-03-10,72.36000061035156,UBER
2026-03-11,74.97000122070312,UBER
2026-03-12,72.97000122070312,UBER
2026-03-13,73.33000183105469,UBER
2026-03-16,74.66000366210938,UBER
2026-03-17,77.79000091552734,UBER
2026-03-18,76.66000366210938,UBER
2026-03-19,75.33999633789062,UBER
2026-03-20,73.88999938964844,UBER
2026-03-23,75.12000274658203,UBER
2026-03-24,72.33999633789062,UBER
2026-03-25,73.08000183105469,UBER
2026-03-26,70.55000305175781,UBER
2026-03-27,69.18000030517578,UBER
2026-03-30,69.91000366210938,UBER
2026-03-31,71.93000030517578,UBER
2026-04-01,71.70999908447266,UBER
2026-04-02,71.83999633789062,UBER
2026-04-06,72.16999816894531,UBER
2026-04-07,71.7300033569336,UBER
2026-04-08,72.37999725341797,UBER
2026-04-09,71.80999755859375,UBER
2026-04-10,70.4800033569336,UBER
2026-04-13,72.33999633789062,UBER
2026-04-14,72.91000366210938,UBER
2026-04-15,77.27999877929688,UBER
2026-04-16,76.4800033569336,UBER
2026-04-17,77.12000274658203,UBER
2026-04-20,77.48999786376953,UBER
2026-04-21,77.26000213623047,UBER
2026-04-22,75.58000183105469,UBER
2026-04-23,74.69999694824219,UBER
2026-04-24,74.63999938964844,UBER
2026-04-27,76.2699966430664,UBER
2026-04-28,74.11000061035156,UBER
2026-04-29,74.47000122070312,UBER
2026-04-30,74.61000061035156,UBER
2026-05-01,75.12000274658203,UBER
2026-05-04,73.93000030517578,UBER
2026-05-05,72.94999694824219,UBER
2026-05-06,79.16999816894531,UBER
2026-05-07,76.7300033569336,UBER
2026-05-08,75.44999694824219,UBER
2026-05-11,76.1500015258789,UBER
2026-05-12,76.36000061035156,UBER
2026-05-13,74.69999694824219,UBER
2026-05-14,74.69000244140625,UBER
2026-05-15,75.08999633789062,UBER
2026-05-18,75.08000183105469,UBER
2026-05-19,74.08999633789062,UBER
2026-05-20,74.5999984741211,UBER
2026-05-21,73.61000061035156,UBER
2026-05-22,71.81999969482422,UBER
2026-05-26,70.12000274658203,UBER
2026-05-27,70.7300033569336,UBER
2026-05-28,70.91999816894531,UBER
2026-05-29,70.4000015258789,UBER
2026-06-01,73.7699966430664,UBER
2026-06-02,71.62000274658203,UBER
2026-06-03,71.69000244140625,UBER
2026-06-04,72.20999908447266,UBER
2026-06-05,70.70999908447266,UBER
2026-06-08,70.05999755859375,UBER
2026-06-09,70.37999725341797,UBER
2026-06-10,68.61000061035156,UBER
2026-06-11,69.55000305175781,UBER
2026-06-12,68.8499984741211,UBER
2026-06-15,72.8499984741211,UBER
2026-06-16,73.25,UBER
2026-06-17,70.91000366210938,UBER
2026-06-18,71.63999938964844,UBER
2026-06-22,71.43000030517578,UBER
2026-06-23,69.66999816894531,UBER
2026-06-24,73.8499984741211,UBER
2026-06-25,72.25,UBER
2026-06-26,76.19999694824219,UBER
2026-06-29,75.5,UBER
2026-06-30,72.16000366210938,UBER
2026-07-01,72.66000366210938,UBER
2026-07-02,74.43000030517578,UBER
2026-07-06,72.41999816894531,UBER
2026-07-07,74.33000183105469,UBER
2026-07-08,73.5999984741211,UBER
2026-07-09,74.3499984741211,UBER
2026-07-10,74.54000091552734,UBER
2026-07-13,74.26000213623047,UBER
2026-07-14,72.08000183105469,UBER
2026-07-15,72.66999816894531,UBER
2026-07-16,74.04000091552734,UBER
2026-07-17,72.45999908447266,UBER
2026-07-20,72.16999816894531,UBER
2026-07-21,71.55000305175781,UBER
2026-07-22,70.33000183105469,UBER
2026-07-23,68.91000366210938,UBER
2026-07-24,65.94000244140625,UBER
2026-07-27,68.18000030517578,UBER
2026-07-28,70.73999786376953,UBER
2026-07-29,71.19999694824219,UBER
2026-07-30,70.37000274658203,UBER
2026-07-31,70.36000061035156,UBER
2026-08-03,71.61000061035156,UBER
2026-08-04,71.98999786376953,UBER
2026-08-05,68.18000030517578,UBER
2026-08-06,70.47000122070312,UBER
2026-08-07,75.0199966430664,UBER
2026-08-10,78.02999877929688,UBER
2026-08-11,78.54000091552734,UBER
2026-08-12,75.36000061035156,UBER
2026-08-13,75.87999725341797,UBER
2026-08-14,75.94999694824219,UBER
2026-08-17,74.98999786376953,UBER
2026-08-18,74.66000366210938,UBER
2026-08-19,78.04000091552734,UBER
2026-08-20,78.55000305175781,UBER
2026-08-21,78.80000305175781,UBER
2026-08-24,79.29000091552734,UBER
2026-08-25,80.3499984741211,UBER
2026-08-26,78.48999786376953,UBER
2026-08-27,76.94999694824219,UBER
2026-08-28,78.81999969482422,UBER
2026-08-31,75.6500015258789,UBER
2026-09-01,75.23999786376953,UBER
2026-09-02,76.44999694824219,UBER
2026-09-03,75.95999908447266,UBER
2026-09-04,75.76000213623047,UBER
2026-09-08,73.12999725341797,UBER
2026-09-09,71.08000183105469,UBER
2026-09-10,72.55999755859375,UBER
2026-09-11,71.66999816894531,UBER
2026-09-14,72.62999725341797,UBER
2026-09-15,71.43000030517578,UBER
2026-09-16,70.97000122070312,UBER
2026-09-17,70.87000274658203,UBER
2024-09-18,91.19000244140625,VST
2024-09-19,92.73999786376953,VST
2024-09-20,107.87999725341797,VST
2024-09-23,111.62999725341797,VST
2024-09-24,112.4000015258789,VST
2024-09-25,119.08000183105469,VST
2024-09-26,114.16000366210938,VST
2024-09-27,117.72000122070312,VST
2024-09-30,118.54000091552734,VST
2024-10-01,122.55000305175781,VST
2024-10-02,125.37000274658203,VST
2024-10-03,132.4499969482422,VST
2024-10-04,138.41000366210938,VST
2024-10-07,131.27000427246094,VST
2024-10-08,127.95999908447266,VST
2024-10-09,124.18000030517578,VST
2024-10-10,124.11000061035156,VST
2024-10-11,125.29000091552734,VST
2024-10-14,132.25999450683594,VST
2024-10-15,128.2899932861328,VST
2024-10-16,135.69000244140625,VST
2024-10-17,127.2699966430664,VST
2024-10-18,131.16000366210938,VST
2024-10-21,130.3800048828125,VST
2024-10-22,125.04000091552734,VST
2024-10-23,126.11000061035156,VST
2024-10-24,125.58000183105469,VST
2024-10-25,124.02999877929688,VST
2024-10-28,127.77999877929688,VST
2024-10-29,126.66000366210938,VST
2024-10-30,124.11000061035156,VST
2024-10-31,124.95999908447266,VST
2024-11-01,119.51000213623047,VST
2024-11-04,115.73999786376953,VST
2024-11-05,121.9000015258789,VST
2024-11-06,126.08999633789062,VST
2024-11-07,135.72999572753906,VST
2024-11-08,141.89999389648438,VST
2024-11-11,145.8000030517578,VST
2024-11-12,142.16000366210938,VST
2024-11-13,142.1199951171875,VST
2024-11-14,138.4600067138672,VST
2024-11-15,142.14999389648438,VST
2024-11-18,146.6300048828125,VST
2024-11-19,154.86000061035156,VST
2024-11-20,154.6300048828125,VST
2024-11-21,166.61000061035156,VST
2024-11-22,161.9199981689453,VST
2024-11-25,154.13999938964844,VST
2024-11-26,162.66000366210938,VST
2024-11-27,154.52000427246094,VST
2024-11-29,159.83999633789062,VST
2024-12-02,154.11000061035156,VST
2024-12-03,154.16000366210938,VST
2024-12-04,161.30999755859375,VST
2024-12-05,160.8800048828125,VST
2024-12-06,159.97999572753906,VST
2024-12-09,148.30999755859375,VST
2024-12-10,141.52000427246094,VST
2024-12-11,146.0,VST
2024-12-12,145.0800018310547,VST
2024-12-13,144.88999938964844,VST
2024-12-16,145.3300018310547,VST
2024-12-17,139.77000427246094,VST
2024-12-18,132.88999938964844,VST
2024-12-19,137.1999969482422,VST
2024-12-20,139.9499969482422,VST
2024-12-23,140.7899932861328,VST
2024-12-24,143.36000061035156,VST
2024-12-26,144.11000061035156,VST
2024-12-27,139.67999267578125,VST
2024-12-30,140.08999633789062,VST
2024-12-31,137.8699951171875,VST
2025-01-02,149.66000366210938,VST
2025-01-03,162.36000061035156,VST
2025-01-06,163.9499969482422,VST
2025-01-07,163.3699951171875,VST
2025-01-08,160.80999755859375,VST
2025-01-10,166.72999572753906,VST
2025-01-13,162.1300048828125,VST
2025-01-14,170.50999450683594,VST
2025-01-15,169.1699981689453,VST
2025-01-16,174.0,VST
2025-01-17,170.86000061035156,VST
2025-01-21,185.35000610351562,VST
2025-01-22,186.86000061035156,VST
2025-01-23,191.88999938964844,VST
2025-01-24,191.11000061035156,VST
2025-01-27,137.0800018310547,VST
2025-01-28,149.63999938964844,VST
2025-01-29,155.2100067138672,VST
2025-01-30,176.3000030517578,VST
2025-01-31,168.02999877929688,VST
2025-02-03,168.52999877929688,VST
2025-02-04,168.3300018310547,VST
2025-02-05,171.61000061035156,VST
2025-02-06,169.8800048828125,VST
2025-02-07,166.89999389648438,VST
2025-02-10,168.38999938964844,VST
2025-02-11,167.61000061035156,VST
2025-02-12,166.61000061035156,VST
2025-02-13,165.64999389648438,VST
2025-02-14,167.66000366210938,VST
2025-02-18,169.27999877929688,VST
2025-02-19,169.35000610351562,VST
2025-02-20,163.17999267578125,VST
2025-02-21,150.44000244140625,VST
2025-02-24,142.75999450683594,VST
2025-02-25,137.9199981689453,VST
2025-02-26,148.19000244140625,VST
2025-02-27,130.00999450683594,VST
2025-02-28,133.66000366210938,VST
2025-03-03,123.94999694824219,VST
2025-03-04,126.94000244140625,VST
2025-03-05,126.87000274658203,VST
2025-03-06,114.41000366210938,VST
2025-03-07,114.31999969482422,VST
2025-03-10,108.48999786376953,VST
2025-03-11,114.36000061035156,VST
2025-03-12,121.91999816894531,VST
2025-03-13,118.0,VST
2025-03-14,124.45999908447266,VST
2025-03-17,126.29000091552734,VST
2025-03-18,124.45999908447266,VST
2025-03-19,129.85000610351562,VST
2025-03-20,131.89999389648438,VST
2025-03-21,130.5800018310547,VST
2025-03-24,134.94000244140625,VST
2025-03-25,131.80999755859375,VST
2025-03-26,124.01000213623047,VST
2025-03-27,119.30999755859375,VST
2025-03-28,119.05000305175781,VST
2025-03-31,117.44000244140625,VST
2025-04-01,122.23999786376953,VST
2025-04-02,127.19000244140625,VST
2025-04-03,108.20999908447266,VST
2025-04-04,98.06999969482422,VST
2025-04-07,102.69000244140625,VST
2025-04-08,102.19000244140625,VST
2025-04-09,118.0199966430664,VST
2025-04-10,109.26000213623047,VST
2025-04-11,111.70999908447266,VST
2025-04-14,112.69000244140625,VST
2025-04-15,115.75,VST
2025-04-16,115.87000274658203,VST
2025-04-17,115.41999816894531,VST
2025-04-21,106.5199966430664,VST
2025-04-22,112.62999725341797,VST
2025-04-23,120.0,VST
2025-04-24,124.2300033569336,VST
2025-04-25,126.63999938964844,VST
2025-04-28,129.6199951171875,VST
2025-04-29,129.3300018310547,VST
2025-04-30,129.6300048828125,VST
2025-05-01,137.3000030517578,VST
2025-05-02,139.27999877929688,VST
2025-05-05,140.0,VST
2025-05-06,144.8000030517578,VST
2025-05-07,139.5,VST
2025-05-08,140.91000366210938,VST
2025-05-09,135.75,VST
2025-05-12,146.08999633789062,VST
2025-05-13,155.0,VST
2025-05-14,154.72000122070312,VST
2025-05-15,152.05999755859375,VST
2025-05-16,156.6199951171875,VST
2025-05-19,157.32000732421875,VST
2025-05-20,157.02999877929688,VST
2025-05-21,152.07000732421875,VST
2025-05-22,154.72000122070312,VST
2025-05-23,158.16000366210938,VST
2025-05-27,163.86000061035156,VST
2025-05-28,162.36000061035156,VST
2025-05-29,159.72999572753906,VST
2025-05-30,160.57000732421875,VST
2025-06-02,167.47000122070312,VST
2025-06-03,176.0,VST
2025-06-04,172.69000244140625,VST
2025-06-05,170.8699951171875,VST
2025-06-06,173.6199951171875,VST
2025-06-09,169.3699951171875,VST
2025-06-10,164.64999389648438,VST
2025-06-11,166.7899932861328,VST
2025-06-12,173.8699951171875,VST
2025-06-13,173.75,VST
2025-06-16,177.1999969482422,VST
2025-06-17,177.75,VST
2025-06-18,181.1300048828125,VST
2025-06-20,185.10000610351562,VST
2025-06-23,186.5500030517578,VST
2025-06-24,186.1699981689453,VST
2025-06-25,186.32000732421875,VST
2025-06-26,190.39999389648438,VST
2025-06-27,195.0399932861328,VST
2025-06-30,193.80999755859375,VST
2025-07-01,185.10000610351562,VST
2025-07-02,187.02000427246094,VST
2025-07-03,192.1999969482422,VST
2025-07-07,193.6999969482422,VST
2025-07-08,190.17999267578125,VST
2025-07-09,197.00999450683594,VST
2025-07-10,195.77999877929688,VST
2025-07-11,196.5800018310547,VST
2025-07-14,194.80999755859375,VST
2025-07-15,191.3699951171875,VST
2025-07-16,184.1300048828125,VST
2025-07-17,182.0,VST
2025-07-18,193.00999450683594,VST
2025-07-21,188.22999572753906,VST
2025-07-22,189.08999633789062,VST
2025-07-23,200.1199951171875,VST
2025-07-24,196.24000549316406,VST
2025-07-25,192.1999969482422,VST
2025-07-28,195.8800048828125,VST
2025-07-29,198.0,VST
2025-07-30,207.0500030517578,VST
2025-07-31,208.5399932861328,VST
2025-08-01,208.0500030517578,VST
2025-08-04,214.05999755859375,VST
2025-08-05,209.60000610351562,VST
2025-08-06,200.85000610351562,VST
2025-08-07,205.58999633789062,VST
2025-08-08,202.1199951171875,VST
2025-08-11,200.0800018310547,VST
2025-08-12,209.55999755859375,VST
2025-08-13,205.27999877929688,VST
2025-08-14,202.35000610351562,VST
2025-08-15,197.3300018310547,VST
2025-08-18,198.9600067138672,VST
2025-08-19,193.52000427246094,VST
2025-08-20,192.91000366210938,VST
2025-08-21,190.27999877929688,VST
2025-08-22,190.4600067138672,VST
2025-08-25,190.0800018310547,VST
2025-08-26,195.1199951171875,VST
2025-08-27,194.60000610351562,VST
2025-08-28,196.6999969482422,VST
2025-08-29,189.11000061035156,VST
2025-09-02,185.80999755859375,VST
2025-09-03,188.1199951171875,VST
2025-09-04,189.72999572753906,VST
2025-09-05,188.0,VST
2025-09-08,188.00999450683594,VST
2025-09-09,193.77999877929688,VST
2025-09-10,209.2100067138672,VST
2025-09-11,204.0500030517578,VST
2025-09-12,209.6999969482422,VST
2025-09-15,213.52000427246094,VST
2025-09-16,209.42999267578125,VST
2025-09-17,208.30999755859375,VST
2025-09-18,210.16000366210938,VST
2025-09-19,211.27999877929688,VST
2025-09-22,217.9199981689453,VST
2025-09-23,204.24000549316406,VST
2025-09-24,202.05999755859375,VST
2025-09-25,201.6199951171875,VST
2025-09-26,207.22000122070312,VST
2025-09-29,197.94000244140625,VST
2025-09-30,195.9199981689453,VST
2025-10-01,201.50999450683594,VST
2025-10-02,202.64999389648438,VST
2025-10-03,201.99000549316406,VST
2025-10-06,200.41000366210938,VST
2025-10-07,199.6199951171875,VST
2025-10-08,206.5500030517578,VST
2025-10-09,210.0,VST
2025-10-10,196.86000061035156,VST
2025-10-13,209.5500030517578,VST
2025-10-14,205.50999450683594,VST
2025-10-15,210.85000610351562,VST
2025-10-16,210.39999389648438,VST
2025-10-17,201.35000610351562,VST
2025-10-20,194.24000549316406,VST
2025-10-21,186.52000427246094,VST
2025-10-22,185.8300018310547,VST
2025-10-23,191.3699951171875,VST
2025-10-24,201.47000122070312,VST
2025-10-27,199.3000030517578,VST
2025-10-28,190.58999633789062,VST
2025-10-29,199.3699951171875,VST
2025-10-30,189.7100067138672,VST
2025-10-31,188.3000030517578,VST
2025-11-03,193.0399932861328,VST
2025-11-04,185.74000549316406,VST
2025-11-05,189.38999938964844,VST
2025-11-06,184.6199951171875,VST
2025-11-07,191.0,VST
2025-11-10,188.27999877929688,VST
2025-11-11,179.16000366210938,VST
2025-11-12,178.27000427246094,VST
2025-11-13,171.55999755859375,VST
2025-11-14,174.69000244140625,VST
2025-11-17,175.0,VST
2025-11-18,174.4199981689453,VST
2025-11-19,179.13999938964844,VST
2025-11-20,173.7899932861328,VST
2025-11-21,168.58999633789062,VST
2025-11-24,175.13999938964844,VST
2025-11-25,170.83999633789062,VST
2025-11-26,176.8000030517578,VST
2025-11-28,178.86000061035156,VST
2025-12-01,173.63999938964844,VST
2025-12-02,172.5500030517578,VST
2025-12-03,171.64999389648438,VST
2025-12-04,176.07000732421875,VST
2025-12-05,167.1699981689453,VST
2025-12-08,166.1199951171875,VST
2025-12-09,164.80999755859375,VST
2025-12-10,165.1699981689453,VST
2025-12-11,174.60000610351562,VST
2025-12-12,170.10000610351562,VST
2025-12-15,168.25,VST
2025-12-16,173.4499969482422,VST
2025-12-17,159.97000122070312,VST
2025-12-18,166.1699981689453,VST
2025-12-19,163.02999877929688,VST
2025-12-22,161.57000732421875,VST
2025-12-23,161.6699981689453,VST
2025-12-24,161.9600067138672,VST
2025-12-26,161.6699981689453,VST
2025-12-29,161.83999633789062,VST
2025-12-30,162.6199951171875,VST
2025-12-31,161.3300018310547,VST
2026-01-02,165.22999572753906,VST
2026-01-05,162.92999267578125,VST
2026-01-06,169.52999877929688,VST
2026-01-07,154.60000610351562,VST
2026-01-08,150.60000610351562,VST
2026-01-09,166.3699951171875,VST
2026-01-12,172.5800018310547,VST
2026-01-13,171.4199981689453,VST
2026-01-14,168.97000122070312,VST
2026-01-15,180.17999267578125,VST
2026-01-16,166.60000610351562,VST
2026-01-20,156.80999755859375,VST
2026-01-21,160.02000427246094,VST
2026-01-22,160.36000061035156,VST
2026-01-23,160.1199951171875,VST
2026-01-26,158.80999755859375,VST
2026-01-27,164.25999450683594,VST
2026-01-28,165.63999938964844,VST
2026-01-29,162.5800018310547,VST
2026-01-30,158.35000610351562,VST
2026-02-02,154.25999450683594,VST
2026-02-03,153.0,VST
2026-02-04,142.52000427246094,VST
2026-02-05,143.07000732421875,VST
2026-02-06,149.64999389648438,VST
2026-02-09,152.97000122070312,VST
2026-02-10,159.60000610351562,VST
2026-02-11,160.14999389648438,VST
2026-02-12,163.10000610351562,VST
2026-02-13,171.49000549316406,VST
2026-02-17,173.67999267578125,VST
2026-02-18,170.57000732421875,VST
2026-02-19,172.5,VST
2026-02-20,171.39999389648438,VST
2026-02-23,167.8000030517578,VST
2026-02-24,171.6199951171875,VST
2026-02-25,175.36000061035156,VST
2026-02-26,176.82000732421875,VST
2026-02-27,173.88999938964844,VST
2026-03-02,165.99000549316406,VST
2026-03-03,161.6999969482422,VST
2026-03-04,163.36000061035156,VST
2026-03-05,167.39999389648438,VST
2026-03-06,158.64999389648438,VST
2026-03-09,163.6199951171875,VST
2026-03-10,164.39999389648438,VST
2026-03-11,159.16000366210938,VST
2026-03-12,159.5800018310547,VST
2026-03-13,158.9499969482422,VST
2026-03-16,161.99000549316406,VST
2026-03-17,164.3300018310547,VST
2026-03-18,170.1199951171875,VST
2026-03-19,167.3699951171875,VST
2026-03-20,146.02000427246094,VST
2026-03-23,151.2899932861328,VST
2026-03-24,152.72000122070312,VST
2026-03-25,151.50999450683594,VST
2026-03-26,152.3000030517578,VST
2026-03-27,155.47999572753906,VST
2026-03-30,147.5399932861328,VST
2026-03-31,150.3300018310547,VST
2026-04-01,153.9600067138672,VST
2026-04-02,151.17999267578125,VST
2026-04-06,151.58999633789062,VST
2026-04-07,153.67999267578125,VST
2026-04-08,155.88999938964844,VST
2026-04-09,152.75,VST
2026-04-10,154.72999572753906,VST
2026-04-13,158.1999969482422,VST
2026-04-14,163.97000122070312,VST
2026-04-15,162.94000244140625,VST
2026-04-16,165.52999877929688,VST
2026-04-17,163.4600067138672,VST
2026-04-20,159.60000610351562,VST
2026-04-21,154.91000366210938,VST
2026-04-22,155.7899932861328,VST
2026-04-23,156.85000610351562,VST
2026-04-24,164.35000610351562,VST
2026-04-27,166.5800018310547,VST
2026-04-28,161.1199951171875,VST
2026-04-29,153.7899932861328,VST
2026-04-30,157.83999633789062,VST
2026-05-01,155.27999877929688,VST
2026-05-04,160.85000610351562,VST
2026-05-05,160.3800048828125,VST
2026-05-06,158.2899932861328,VST
2026-05-07,153.9499969482422,VST
2026-05-08,147.72000122070312,VST
2026-05-11,152.0500030517578,VST
2026-05-12,146.8699951171875,VST
2026-05-13,142.61000061035156,VST
2026-05-14,141.89999389648438,VST
2026-05-15,139.67999267578125,VST
2026-05-18,136.75,VST
2026-05-19,134.7100067138672,VST
2026-05-20,144.0,VST
2026-05-21,149.0800018310547,VST
2026-05-22,156.27000427246094,VST
2026-05-26,164.55999755859375,VST
2026-05-27,160.14999389648438,VST
2026-05-28,160.27999877929688,VST
2026-05-29,160.22999572753906,VST
2026-06-01,154.75999450683594,VST
2026-06-02,157.97000122070312,VST
2026-06-03,153.8000030517578,VST
2026-06-04,153.6999969482422,VST
2026-06-05,148.75999450683594,VST
2026-06-08,146.89999389648438,VST
2026-06-09,146.22000122070312,VST
2026-06-10,138.5399932861328,VST
2026-06-11,146.3800048828125,VST
2026-06-12,148.02000427246094,VST
2026-06-15,153.52000427246094,VST
2026-06-16,158.61000061035156,VST
2026-06-17,158.8300018310547,VST
2026-06-18,163.75,VST
2026-06-22,167.25999450683594,VST
2026-06-23,162.38999938964844,VST
2026-06-24,162.8699951171875,VST
2026-06-25,167.77000427246094,VST
2026-06-26,163.49000549316406,VST
2026-06-29,162.3800048828125,VST
2026-06-30,158.6300048828125,VST
2026-07-01,153.16000366210938,VST
2026-07-02,151.0500030517578,VST
2026-07-06,157.22000122070312,VST
2026-07-07,155.72999572753906,VST
2026-07-08,154.82000732421875,VST
2026-07-09,157.97999572753906,VST
2026-07-10,158.86000061035156,VST
2026-07-13,158.1199951171875,VST
2026-07-14,158.42999267578125,VST
2026-07-15,160.22999572753906,VST
2026-07-16,152.55999755859375,VST
2026-07-17,155.44000244140625,VST
2026-07-20,157.99000549316406,VST
2026-07-21,162.3300018310547,VST
2026-07-22,166.74000549316406,VST
2026-07-23,168.97999572753906,VST
2026-07-24,163.3800048828125,VST
2026-07-27,157.0800018310547,VST
2026-07-28,148.63999938964844,VST
2026-07-29,142.80999755859375,VST
2026-07-30,148.6199951171875,VST
2026-07-31,148.19000244140625,VST
2026-08-03,155.94000244140625,VST
2026-08-04,143.22999572753906,VST
2026-08-05,140.5800018310547,VST
2026-08-06,141.3800048828125,VST
2026-08-07,140.58999633789062,VST
2026-08-10,142.8699951171875,VST
2026-08-11,144.9199981689453,VST
2026-08-12,146.67999267578125,VST
2026-08-13,146.39999389648438,VST
2026-08-14,148.1300048828125,VST
2026-08-17,146.11000061035156,VST
2026-08-18,140.52000427246094,VST
2026-08-19,142.6999969482422,VST
2026-08-20,138.94000244140625,VST
2026-08-21,136.2100067138672,VST
2026-08-24,135.66000366210938,VST
2026-08-25,139.02999877929688,VST
2026-08-26,140.02999877929688,VST
2026-08-27,139.80999755859375,VST
2026-08-28,137.08999633789062,VST
2026-08-31,137.3699951171875,VST
2026-09-01,138.0800018310547,VST
2026-09-02,143.4600067138672,VST
2026-09-03,144.22000122070312,VST
2026-09-04,149.3000030517578,VST
2026-09-08,151.72000122070312,VST
2026-09-09,151.10000610351562,VST
2026-09-10,147.0500030517578,VST
2026-09-11,148.3800048828125,VST
2026-09-14,140.72999572753906,VST
2026-09-15,141.52999877929688,VST
2026-09-16,140.38999938964844,VST
2026-09-17,143.55999755859375,VST
2024-09-18,5618.259765625,^GSPC
2024-09-19,5713.64013671875,^GSPC
2024-09-20,5702.5498046875,^GSPC
2024-09-23,5718.56982421875,^GSPC
2024-09-24,5732.93017578125,^GSPC
2024-09-25,5722.259765625,^GSPC
2024-09-26,5745.3701171875,^GSPC
2024-09-27,5738.169921875,^GSPC
2024-09-30,5762.47998046875,^GSPC
2024-10-01,5708.75,^GSPC
2024-10-02,5709.5400390625,^GSPC
2024-10-03,5699.93994140625,^GSPC
2024-10-04,5751.06982421875,^GSPC
2024-10-07,5695.93994140625,^GSPC
2024-10-08,5751.1298828125,^GSPC
2024-10-09,5792.0400390625,^GSPC
2024-10-10,5780.0498046875,^GSPC
2024-10-11,5815.02978515625,^GSPC
2024-10-14,5859.85009765625,^GSPC
2024-10-15,5815.259765625,^GSPC
2024-10-16,5842.47021484375,^GSPC
2024-10-17,5841.47021484375,^GSPC
2024-10-18,5864.669921875,^GSPC
2024-10-21,5853.97998046875,^GSPC
2024-10-22,5851.2001953125,^GSPC
2024-10-23,5797.419921875,^GSPC
2024-10-24,5809.85986328125,^GSPC
2024-10-25,5808.1201171875,^GSPC
2024-10-28,5823.52001953125,^GSPC
2024-10-29,5832.919921875,^GSPC
2024-10-30,5813.669921875,^GSPC
2024-10-31,5705.4501953125,^GSPC
2024-11-01,5728.7998046875,^GSPC
2024-11-04,5712.68994140625,^GSPC
2024-11-05,5782.759765625,^GSPC
2024-11-06,5929.0400390625,^GSPC
2024-11-07,5973.10009765625,^GSPC
2024-11-08,5995.5400390625,^GSPC
2024-11-11,6001.35009765625,^GSPC
2024-11-12,5983.990234375,^GSPC
2024-11-13,5985.3798828125,^GSPC
2024-11-14,5949.169921875,^GSPC
2024-11-15,5870.6201171875,^GSPC
2024-11-18,5893.6201171875,^GSPC
2024-11-19,5916.97998046875,^GSPC
2024-11-20,5917.10986328125,^GSPC
2024-11-21,5948.7099609375,^GSPC
2024-11-22,5969.33984375,^GSPC
2024-11-25,5987.3701171875,^GSPC
2024-11-26,6021.6298828125,^GSPC
2024-11-27,5998.740234375,^GSPC
2024-11-29,6032.3798828125,^GSPC
2024-12-02,6047.14990234375,^GSPC
2024-12-03,6049.8798828125,^GSPC
2024-12-04,6086.490234375,^GSPC
2024-12-05,6075.10986328125,^GSPC
2024-12-06,6090.27001953125,^GSPC
2024-12-09,6052.85009765625,^GSPC
2024-12-10,6034.91015625,^GSPC
2024-12-11,6084.18994140625,^GSPC
2024-12-12,6051.25,^GSPC
2024-12-13,6051.08984375,^GSPC
2024-12-16,6074.080078125,^GSPC
2024-12-17,6050.60986328125,^GSPC
2024-12-18,5872.16015625,^GSPC
2024-12-19,5867.080078125,^GSPC
2024-12-20,5930.85009765625,^GSPC
2024-12-23,5974.06982421875,^GSPC
2024-12-24,6040.0400390625,^GSPC
2024-12-26,6037.58984375,^GSPC
2024-12-27,5970.83984375,^GSPC
2024-12-30,5906.93994140625,^GSPC
2024-12-31,5881.6298828125,^GSPC
2025-01-02,5868.5498046875,^GSPC
2025-01-03,5942.47021484375,^GSPC
2025-01-06,5975.3798828125,^GSPC
2025-01-07,5909.02978515625,^GSPC
2025-01-08,5918.25,^GSPC
2025-01-10,5827.0400390625,^GSPC
2025-01-13,5836.22021484375,^GSPC
2025-01-14,5842.91015625,^GSPC
2025-01-15,5949.91015625,^GSPC
2025-01-16,5937.33984375,^GSPC
2025-01-17,5996.66015625,^GSPC
2025-01-21,6049.240234375,^GSPC
2025-01-22,6086.3701171875,^GSPC
2025-01-23,6118.7099609375,^GSPC
2025-01-24,6101.240234375,^GSPC
2025-01-27,6012.27978515625,^GSPC
2025-01-28,6067.7001953125,^GSPC
2025-01-29,6039.31005859375,^GSPC
2025-01-30,6071.169921875,^GSPC
2025-01-31,6040.52978515625,^GSPC
2025-02-03,5994.56982421875,^GSPC
2025-02-04,6037.8798828125,^GSPC
2025-02-05,6061.47998046875,^GSPC
2025-02-06,6083.56982421875,^GSPC
2025-02-07,6025.990234375,^GSPC
2025-02-10,6066.43994140625,^GSPC
2025-02-11,6068.5,^GSPC
2025-02-12,6051.97021484375,^GSPC
2025-02-13,6115.06982421875,^GSPC
2025-02-14,6114.6298828125,^GSPC
2025-02-18,6129.580078125,^GSPC
2025-02-19,6144.14990234375,^GSPC
2025-02-20,6117.52001953125,^GSPC
2025-02-21,6013.1298828125,^GSPC
2025-02-24,5983.25,^GSPC
2025-02-25,5955.25,^GSPC
2025-02-26,5956.06005859375,^GSPC
2025-02-27,5861.56982421875,^GSPC
2025-02-28,5954.5,^GSPC
2025-03-03,5849.72021484375,^GSPC
2025-03-04,5778.14990234375,^GSPC
2025-03-05,5842.6298828125,^GSPC
2025-03-06,5738.52001953125,^GSPC
2025-03-07,5770.2001953125,^GSPC
2025-03-10,5614.56005859375,^GSPC
2025-03-11,5572.06982421875,^GSPC
2025-03-12,5599.2998046875,^GSPC
2025-03-13,5521.52001953125,^GSPC
2025-03-14,5638.93994140625,^GSPC
2025-03-17,5675.1201171875,^GSPC
2025-03-18,5614.66015625,^GSPC
2025-03-19,5675.2900390625,^GSPC
2025-03-20,5662.89013671875,^GSPC
2025-03-21,5667.56005859375,^GSPC
2025-03-24,5767.56982421875,^GSPC
2025-03-25,5776.64990234375,^GSPC
2025-03-26,5712.2001953125,^GSPC
2025-03-27,5693.31005859375,^GSPC
2025-03-28,5580.93994140625,^GSPC
2025-03-31,5611.85009765625,^GSPC
2025-04-01,5633.06982421875,^GSPC
2025-04-02,5670.97021484375,^GSPC
2025-04-03,5396.52001953125,^GSPC
2025-04-04,5074.080078125,^GSPC
2025-04-07,5062.25,^GSPC
2025-04-08,4982.77001953125,^GSPC
2025-04-09,5456.89990234375,^GSPC
2025-04-10,5268.0498046875,^GSPC
2025-04-11,5363.35986328125,^GSPC
2025-04-14,5405.97021484375,^GSPC
2025-04-15,5396.6298828125,^GSPC
2025-04-16,5275.7001953125,^GSPC
2025-04-17,5282.7001953125,^GSPC
2025-04-21,5158.2001953125,^GSPC
2025-04-22,5287.759765625,^GSPC
2025-04-23,5375.85986328125,^GSPC
2025-04-24,5484.77001953125,^GSPC
2025-04-25,5525.2099609375,^GSPC
2025-04-28,5528.75,^GSPC
2025-04-29,5560.830078125,^GSPC
2025-04-30,5569.06005859375,^GSPC
2025-05-01,5604.14013671875,^GSPC
2025-05-02,5686.669921875,^GSPC
2025-05-05,5650.3798828125,^GSPC
2025-05-06,5606.91015625,^GSPC
2025-05-07,5631.27978515625,^GSPC
2025-05-08,5663.93994140625,^GSPC
2025-05-09,5659.91015625,^GSPC
2025-05-12,5844.18994140625,^GSPC
2025-05-13,5886.5498046875,^GSPC
2025-05-14,5892.580078125,^GSPC
2025-05-15,5916.93017578125,^GSPC
2025-05-16,5958.3798828125,^GSPC
2025-05-19,5963.60009765625,^GSPC
2025-05-20,5940.4599609375,^GSPC
2025-05-21,5844.60986328125,^GSPC
2025-05-22,5842.009765625,^GSPC
2025-05-23,5802.81982421875,^GSPC
2025-05-27,5921.5400390625,^GSPC
2025-05-28,5888.5498046875,^GSPC
2025-05-29,5912.169921875,^GSPC
2025-05-30,5911.68994140625,^GSPC
2025-06-02,5935.93994140625,^GSPC
2025-06-03,5970.3701171875,^GSPC
2025-06-04,5970.81005859375,^GSPC
2025-06-05,5939.2998046875,^GSPC
2025-06-06,6000.35986328125,^GSPC
2025-06-09,6005.8798828125,^GSPC
2025-06-10,6038.81005859375,^GSPC
2025-06-11,6022.240234375,^GSPC
2025-06-12,6045.259765625,^GSPC
2025-06-13,5976.97021484375,^GSPC
2025-06-16,6033.10986328125,^GSPC
2025-06-17,5982.72021484375,^GSPC
2025-06-18,5980.8701171875,^GSPC
2025-06-20,5967.83984375,^GSPC
2025-06-23,6025.169921875,^GSPC
2025-06-24,6092.18017578125,^GSPC
2025-06-25,6092.16015625,^GSPC
2025-06-26,6141.02001953125,^GSPC
2025-06-27,6173.06982421875,^GSPC
2025-06-30,6204.9501953125,^GSPC
2025-07-01,6198.009765625,^GSPC
2025-07-02,6227.419921875,^GSPC
2025-07-03,6279.35009765625,^GSPC
2025-07-07,6229.97998046875,^GSPC
2025-07-08,6225.52001953125,^GSPC
2025-07-09,6263.259765625,^GSPC
2025-07-10,6280.4599609375,^GSPC
2025-07-11,6259.75,^GSPC
2025-07-14,6268.56005859375,^GSPC
2025-07-15,6243.759765625,^GSPC
2025-07-16,6263.7001953125,^GSPC
2025-07-17,6297.35986328125,^GSPC
2025-07-18,6296.7900390625,^GSPC
2025-07-21,6305.60009765625,^GSPC
2025-07-22,6309.6201171875,^GSPC
2025-07-23,6358.91015625,^GSPC
2025-07-24,6363.35009765625,^GSPC
2025-07-25,6388.64013671875,^GSPC
2025-07-28,6389.77001953125,^GSPC
2025-07-29,6370.85986328125,^GSPC
2025-07-30,6362.89990234375,^GSPC
2025-07-31,6339.39013671875,^GSPC
2025-08-01,6238.009765625,^GSPC
2025-08-04,6329.93994140625,^GSPC
2025-08-05,6299.18994140625,^GSPC
2025-08-06,6345.06005859375,^GSPC
2025-08-07,6340.0,^GSPC
2025-08-08,6389.4501953125,^GSPC
2025-08-11,6373.4501953125,^GSPC
2025-08-12,6445.759765625,^GSPC
2025-08-13,6466.580078125,^GSPC
2025-08-14,6468.5400390625,^GSPC
2025-08-15,6449.7998046875,^GSPC
2025-08-18,6449.14990234375,^GSPC
2025-08-19,6411.3701171875,^GSPC
2025-08-20,6395.77978515625,^GSPC
2025-08-21,6370.169921875,^GSPC
2025-08-22,6466.91015625,^GSPC
2025-08-25,6439.31982421875,^GSPC
2025-08-26,6465.93994140625,^GSPC
2025-08-27,6481.39990234375,^GSPC
2025-08-28,6501.85986328125,^GSPC
2025-08-29,6460.259765625,^GSPC
2025-09-02,6415.5400390625,^GSPC
2025-09-03,6448.259765625,^GSPC
2025-09-04,6502.080078125,^GSPC
2025-09-05,6481.5,^GSPC
2025-09-08,6495.14990234375,^GSPC
2025-09-09,6512.60986328125,^GSPC
2025-09-10,6532.0400390625,^GSPC
2025-09-11,6587.47021484375,^GSPC
2025-09-12,6584.2900390625,^GSPC
2025-09-15,6615.27978515625,^GSPC
2025-09-16,6606.759765625,^GSPC
2025-09-17,6600.35009765625,^GSPC
2025-09-18,6631.9599609375,^GSPC
2025-09-19,6664.35986328125,^GSPC
2025-09-22,6693.75,^GSPC
2025-09-23,6656.919921875,^GSPC
2025-09-24,6637.97021484375,^GSPC
2025-09-25,6604.72021484375,^GSPC
2025-09-26,6643.7001953125,^GSPC
2025-09-29,6661.2099609375,^GSPC
2025-09-30,6688.4599609375,^GSPC
2025-10-01,6711.2001953125,^GSPC
2025-10-02,6715.35009765625,^GSPC
2025-10-03,6715.7900390625,^GSPC
2025-10-06,6740.27978515625,^GSPC
2025-10-07,6714.58984375,^GSPC
2025-10-08,6753.72021484375,^GSPC
2025-10-09,6735.10986328125,^GSPC
2025-10-10,6552.509765625,^GSPC
2025-10-13,6654.72021484375,^GSPC
2025-10-14,6644.31005859375,^GSPC
2025-10-15,6671.06005859375,^GSPC
2025-10-16,6629.06982421875,^GSPC
2025-10-17,6664.009765625,^GSPC
2025-10-20,6735.1298828125,^GSPC
2025-10-21,6735.35009765625,^GSPC
2025-10-22,6699.39990234375,^GSPC
2025-10-23,6738.43994140625,^GSPC
2025-10-24,6791.68994140625,^GSPC
2025-10-27,6875.16015625,^GSPC
2025-10-28,6890.89013671875,^GSPC
2025-10-29,6890.58984375,^GSPC
2025-10-30,6822.33984375,^GSPC
2025-10-31,6840.2001953125,^GSPC
2025-11-03,6851.97021484375,^GSPC
2025-11-04,6771.5498046875,^GSPC
2025-11-05,6796.2900390625,^GSPC
2025-11-06,6720.31982421875,^GSPC
2025-11-07,6728.7998046875,^GSPC
2025-11-10,6832.43017578125,^GSPC
2025-11-11,6846.60986328125,^GSPC
2025-11-12,6850.919921875,^GSPC
2025-11-13,6737.490234375,^GSPC
2025-11-14,6734.10986328125,^GSPC
2025-11-17,6672.41015625,^GSPC
2025-11-18,6617.31982421875,^GSPC
2025-11-19,6642.16015625,^GSPC
2025-11-20,6538.759765625,^GSPC
2025-11-21,6602.990234375,^GSPC
2025-11-24,6705.1201171875,^GSPC
2025-11-25,6765.8798828125,^GSPC
2025-11-26,6812.60986328125,^GSPC
2025-11-28,6849.08984375,^GSPC
2025-12-01,6812.6298828125,^GSPC
2025-12-02,6829.3701171875,^GSPC
2025-12-03,6849.72021484375,^GSPC
2025-12-04,6857.1201171875,^GSPC
2025-12-05,6870.39990234375,^GSPC
2025-12-08,6846.509765625,^GSPC
2025-12-09,6840.509765625,^GSPC
2025-12-10,6886.68017578125,^GSPC
2025-12-11,6901.0,^GSPC
2025-12-12,6827.41015625,^GSPC
2025-12-15,6816.509765625,^GSPC
2025-12-16,6800.259765625,^GSPC
2025-12-17,6721.43017578125,^GSPC
2025-12-18,6774.759765625,^GSPC
2025-12-19,6834.5,^GSPC
2025-12-22,6878.490234375,^GSPC
2025-12-23,6909.7900390625,^GSPC
2025-12-24,6932.0498046875,^GSPC
2025-12-26,6929.93994140625,^GSPC
2025-12-29,6905.740234375,^GSPC
2025-12-30,6896.240234375,^GSPC
2025-12-31,6845.5,^GSPC
2026-01-02,6858.47021484375,^GSPC
2026-01-05,6902.0498046875,^GSPC
2026-01-06,6944.81982421875,^GSPC
2026-01-07,6920.93017578125,^GSPC
2026-01-08,6921.4599609375,^GSPC
2026-01-09,6966.27978515625,^GSPC
2026-01-12,6977.27001953125,^GSPC
2026-01-13,6963.740234375,^GSPC
2026-01-14,6926.60009765625,^GSPC
2026-01-15,6944.47021484375,^GSPC
2026-01-16,6940.009765625,^GSPC
2026-01-20,6796.85986328125,^GSPC
2026-01-21,6875.6201171875,^GSPC
2026-01-22,6913.35009765625,^GSPC
2026-01-23,6915.60986328125,^GSPC
2026-01-26,6950.22998046875,^GSPC
2026-01-27,6978.60009765625,^GSPC
2026-01-28,6978.02978515625,^GSPC
2026-01-29,6969.009765625,^GSPC
2026-01-30,6939.02978515625,^GSPC
2026-02-02,6976.43994140625,^GSPC
2026-02-03,6917.81005859375,^GSPC
2026-02-04,6882.72021484375,^GSPC
2026-02-05,6798.39990234375,^GSPC
2026-02-06,6932.2998046875,^GSPC
2026-02-09,6964.81982421875,^GSPC
2026-02-10,6941.81005859375,^GSPC
2026-02-11,6941.47021484375,^GSPC
2026-02-12,6832.759765625,^GSPC
2026-02-13,6836.169921875,^GSPC
2026-02-17,6843.22021484375,^GSPC
2026-02-18,6881.31005859375,^GSPC
2026-02-19,6861.89013671875,^GSPC
2026-02-20,6909.509765625,^GSPC
2026-02-23,6837.75,^GSPC
2026-02-24,6890.06982421875,^GSPC
2026-02-25,6946.1298828125,^GSPC
2026-02-26,6908.85986328125,^GSPC
2026-02-27,6878.8798828125,^GSPC
2026-03-02,6881.6201171875,^GSPC
2026-03-03,6816.6298828125,^GSPC
2026-03-04,6869.5,^GSPC
2026-03-05,6830.7099609375,^GSPC
2026-03-06,6740.02001953125,^GSPC
2026-03-09,6795.990234375,^GSPC
2026-03-10,6781.47998046875,^GSPC
2026-03-11,6775.7998046875,^GSPC
2026-03-12,6672.6201171875,^GSPC
2026-03-13,6632.18994140625,^GSPC
2026-03-16,6699.3798828125,^GSPC
2026-03-17,6716.08984375,^GSPC
2026-03-18,6624.7001953125,^GSPC
2026-03-19,6606.490234375,^GSPC
2026-03-20,6506.47998046875,^GSPC
2026-03-23,6581.0,^GSPC
2026-03-24,6556.3701171875,^GSPC
2026-03-25,6591.89990234375,^GSPC
2026-03-26,6477.16015625,^GSPC
2026-03-27,6368.85009765625,^GSPC
2026-03-30,6343.72021484375,^GSPC
2026-03-31,6528.52001953125,^GSPC
2026-04-01,6575.31982421875,^GSPC
2026-04-02,6582.68994140625,^GSPC
2026-04-06,6611.830078125,^GSPC
2026-04-07,6616.85009765625,^GSPC
2026-04-08,6782.81005859375,^GSPC
2026-04-09,6824.66015625,^GSPC
2026-04-10,6816.89013671875,^GSPC
2026-04-13,6886.240234375,^GSPC
2026-04-14,6967.3798828125,^GSPC
2026-04-15,7022.9501953125,^GSPC
2026-04-16,7041.27978515625,^GSPC
2026-04-17,7126.06005859375,^GSPC
2026-04-20,7109.14013671875,^GSPC
2026-04-21,7064.009765625,^GSPC
2026-04-22,7137.89990234375,^GSPC
2026-04-23,7108.39990234375,^GSPC
2026-04-24,7165.080078125,^GSPC
2026-04-27,7173.91015625,^GSPC
2026-04-28,7138.7998046875,^GSPC
2026-04-29,7135.9501953125,^GSPC
2026-04-30,7209.009765625,^GSPC
2026-05-01,7230.1201171875,^GSPC
2026-05-04,7200.75,^GSPC
2026-05-05,7259.22021484375,^GSPC
2026-05-06,7365.1201171875,^GSPC
2026-05-07,7337.10986328125,^GSPC
2026-05-08,7398.93017578125,^GSPC
2026-05-11,7412.83984375,^GSPC
2026-05-12,7400.9599609375,^GSPC
2026-05-13,7444.25,^GSPC
2026-05-14,7501.240234375,^GSPC
2026-05-15,7408.5,^GSPC
2026-05-18,7403.0498046875,^GSPC
2026-05-19,7353.60986328125,^GSPC
2026-05-20,7432.97021484375,^GSPC
2026-05-21,7445.72021484375,^GSPC
2026-05-22,7473.47021484375,^GSPC
2026-05-26,7519.1201171875,^GSPC
2026-05-27,7520.35986328125,^GSPC
2026-05-28,7563.6298828125,^GSPC
2026-05-29,7580.06005859375,^GSPC
2026-06-01,7599.9599609375,^GSPC
2026-06-02,7609.77978515625,^GSPC
2026-06-03,7553.68017578125,^GSPC
2026-06-04,7584.31005859375,^GSPC
2026-06-05,7383.740234375,^GSPC
2026-06-08,7405.72998046875,^GSPC
2026-06-09,7386.64990234375,^GSPC
2026-06-10,7266.990234375,^GSPC
2026-06-11,7394.2998046875,^GSPC
2026-06-12,7431.4599609375,^GSPC
2026-06-15,7554.2900390625,^GSPC
2026-06-16,7511.35009765625,^GSPC
2026-06-17,7420.10009765625,^GSPC
2026-06-18,7500.580078125,^GSPC
2026-06-22,7472.7900390625,^GSPC
2026-06-23,7365.4599609375,^GSPC
2026-06-24,7358.22021484375,^GSPC
2026-06-25,7357.490234375,^GSPC
2026-06-26,7354.02001953125,^GSPC
2026-06-29,7440.43017578125,^GSPC
2026-06-30,7499.35986328125,^GSPC
2026-07-01,7483.22998046875,^GSPC
2026-07-02,7483.240234375,^GSPC
2026-07-06,7537.43017578125,^GSPC
2026-07-07,7503.85009765625,^GSPC
2026-07-08,7482.7099609375,^GSPC
2026-07-09,7543.64013671875,^GSPC
2026-07-10,7575.39013671875,^GSPC
2026-07-13,7515.33984375,^GSPC
2026-07-14,7543.58984375,^GSPC
2026-07-15,7572.39990234375,^GSPC
2026-07-16,7533.77001953125,^GSPC
2026-07-17,7457.68994140625,^GSPC
2026-07-20,7443.27978515625,^GSPC
2026-07-21,7509.2001953125,^GSPC
2026-07-22,7498.9599609375,^GSPC
2026-07-23,7408.2998046875,^GSPC
2026-07-24,7411.97998046875,^GSPC
2026-07-27,7413.18017578125,^GSPC
2026-07-28,7428.77978515625,^GSPC
2026-07-29,7316.14990234375,^GSPC
2026-07-30,7437.6298828125,^GSPC
2026-07-31,7489.72021484375,^GSPC
2026-08-03,7600.5,^GSPC
2026-08-04,7736.52001953125,^GSPC
2026-08-05,7723.5498046875,^GSPC
2026-08-06,7709.9599609375,^GSPC
2026-08-07,7757.64013671875,^GSPC
2026-08-10,7753.10986328125,^GSPC
2026-08-11,7728.2001953125,^GSPC
2026-08-12,7748.5,^GSPC
2026-08-13,7798.990234375,^GSPC
2026-08-14,7785.759765625,^GSPC
2026-08-17,7745.06005859375,^GSPC
2026-08-18,7691.759765625,^GSPC
2026-08-19,7707.97998046875,^GSPC
2026-08-20,7641.16015625,^GSPC
2026-08-21,7674.3701171875,^GSPC
2026-08-24,7652.85986328125,^GSPC
2026-08-25,7677.27978515625,^GSPC
2026-08-26,7675.7001953125,^GSPC
2026-08-27,7730.990234375,^GSPC
2026-08-28,7711.759765625,^GSPC
2026-08-31,7686.14013671875,^GSPC
2026-09-01,7631.47021484375,^GSPC
2026-09-02,7666.60009765625,^GSPC
2026-09-03,7747.7099609375,^GSPC
2026-09-04,7718.60009765625,^GSPC
2026-09-08,7673.52001953125,^GSPC
2026-09-09,7636.35986328125,^GSPC
2026-09-10,7591.7001953125,^GSPC
2026-09-11,7656.97998046875,^GSPC
2026-09-14,7619.97998046875,^GSPC
2026-09-15,7585.72998046875,^GSPC
2026-09-16,7551.81005859375,^GSPC
2026-09-17,7637.759765625,^GSPC
2024-09-18,19344.490234375,^NDX
2024-09-19,19839.830078125,^NDX
2024-09-20,19791.490234375,^NDX
2024-09-23,19852.19921875,^NDX
2024-09-24,19944.83984375,^NDX
2024-09-25,19972.609375,^NDX
2024-09-26,20115.5390625,^NDX
2024-09-27,20008.619140625,^NDX
2024-09-30,20060.689453125,^NDX
2024-10-01,19773.30078125,^NDX
2024-10-02,19802.58984375,^NDX
2024-10-03,19793.33984375,^NDX
2024-10-04,20035.01953125,^NDX
2024-10-07,19800.740234375,^NDX
2024-10-08,20107.779296875,^NDX
2024-10-09,20268.859375,^NDX
2024-10-10,20241.759765625,^NDX
2024-10-11,20271.970703125,^NDX
2024-10-14,20439.05078125,^NDX
2024-10-15,20159.830078125,^NDX
2024-10-16,20174.05078125,^NDX
2024-10-17,20190.419921875,^NDX
2024-10-18,20324.0390625,^NDX
2024-10-21,20361.470703125,^NDX
2024-10-22,20390.4609375,^NDX
2024-10-23,20066.9609375,^NDX
2024-10-24,20232.869140625,^NDX
2024-10-25,20352.01953125,^NDX
2024-10-28,20351.0703125,^NDX
2024-10-29,20550.650390625,^NDX
2024-10-30,20387.69921875,^NDX
2024-10-31,19890.419921875,^NDX
2024-11-01,20033.140625,^NDX
2024-11-04,19963.599609375,^NDX
2024-11-05,20227.4609375,^NDX
2024-11-06,20781.330078125,^NDX
2024-11-07,21101.5703125,^NDX
2024-11-08,21117.1796875,^NDX
2024-11-11,21106.58984375,^NDX
2024-11-12,21070.7890625,^NDX
2024-11-13,21036.16015625,^NDX
2024-11-14,20896.669921875,^NDX
2024-11-15,20394.130859375,^NDX
2024-11-18,20539.189453125,^NDX
2024-11-19,20684.58984375,^NDX
2024-11-20,20667.099609375,^NDX
2024-11-21,20740.779296875,^NDX
2024-11-22,20776.23046875,^NDX
2024-11-25,20804.890625,^NDX
2024-11-26,20922.900390625,^NDX
2024-11-27,20744.490234375,^NDX
2024-11-29,20930.369140625,^NDX
2024-12-02,21164.599609375,^NDX
2024-12-03,21229.3203125,^NDX
2024-12-04,21492.359375,^NDX
2024-12-05,21425.220703125,^NDX
2024-12-06,21622.25,^NDX
2024-12-09,21440.8203125,^NDX
2024-12-10,21368.1796875,^NDX
2024-12-11,21763.98046875,^NDX
2024-12-12,21615.26953125,^NDX
2024-12-13,21780.25,^NDX
2024-12-16,22096.66015625,^NDX
2024-12-17,22001.080078125,^NDX
2024-12-18,21209.3203125,^NDX
2024-12-19,21110.509765625,^NDX
2024-12-20,21289.150390625,^NDX
2024-12-23,21503.169921875,^NDX
2024-12-24,21797.650390625,^NDX
2024-12-26,21768.310546875,^NDX
2024-12-27,21473.01953125,^NDX
2024-12-30,21197.08984375,^NDX
2024-12-31,21012.169921875,^NDX
2025-01-02,20975.619140625,^NDX
2025-01-03,21326.16015625,^NDX
2025-01-06,21559.5,^NDX
2025-01-07,21173.0390625,^NDX
2025-01-08,21180.970703125,^NDX
2025-01-10,20847.580078125,^NDX
2025-01-13,20784.720703125,^NDX
2025-01-14,20757.41015625,^NDX
2025-01-15,21237.849609375,^NDX
2025-01-16,21091.25,^NDX
2025-01-17,21441.16015625,^NDX
2025-01-21,21566.509765625,^NDX
2025-01-22,21853.0,^NDX
2025-01-23,21900.9296875,^NDX
2025-01-24,21774.009765625,^NDX
2025-01-27,21127.279296875,^NDX
2025-01-28,21463.0390625,^NDX
2025-01-29,21411.4609375,^NDX
2025-01-30,21508.119140625,^NDX
2025-01-31,21478.05078125,^NDX
2025-02-03,21297.580078125,^NDX
2025-02-04,21566.919921875,^NDX
2025-02-05,21658.16015625,^NDX
2025-02-06,21774.0703125,^NDX
2025-02-07,21491.310546875,^NDX
2025-02-10,21756.73046875,^NDX
2025-02-11,21693.51953125,^NDX
2025-02-12,21719.259765625,^NDX
2025-02-13,22030.7109375,^NDX
2025-02-14,22114.689453125,^NDX
2025-02-18,22164.609375,^NDX
2025-02-19,22175.599609375,^NDX
2025-02-20,22068.060546875,^NDX
2025-02-21,21614.080078125,^NDX
2025-02-24,21352.080078125,^NDX
2025-02-25,21087.25,^NDX
2025-02-26,21132.919921875,^NDX
2025-02-27,20550.94921875,^NDX
2025-02-28,20884.41015625,^NDX
2025-03-03,20425.580078125,^NDX
2025-03-04,20352.529296875,^NDX
2025-03-05,20628.4609375,^NDX
2025-03-06,20052.630859375,^NDX
2025-03-07,20201.369140625,^NDX
2025-03-10,19430.94921875,^NDX
2025-03-11,19376.9609375,^NDX
2025-03-12,19596.01953125,^NDX
2025-03-13,19225.48046875,^NDX
2025-03-14,19704.640625,^NDX
2025-03-17,19812.240234375,^NDX
2025-03-18,19483.359375,^NDX
2025-03-19,19736.66015625,^NDX
2025-03-20,19677.609375,^NDX
2025-03-21,19753.970703125,^NDX
2025-03-24,20180.44921875,^NDX
2025-03-25,20287.830078125,^NDX
2025-03-26,19916.990234375,^NDX
2025-03-27,19798.619140625,^NDX
2025-03-28,19281.400390625,^NDX
2025-03-31,19278.44921875,^NDX
2025-04-01,19436.419921875,^NDX
2025-04-02,19581.779296875,^NDX
2025-04-03,18521.470703125,^NDX
2025-04-04,17397.69921875,^NDX
2025-04-07,17430.6796875,^NDX
2025-04-08,17090.400390625,^NDX
2025-04-09,19145.060546875,^NDX
2025-04-10,18343.5703125,^NDX
2025-04-11,18690.05078125,^NDX
2025-04-14,18796.01953125,^NDX
2025-04-15,18830.23046875,^NDX
2025-04-16,18257.640625,^NDX
2025-04-17,18258.08984375,^NDX
2025-04-21,17808.30078125,^NDX
2025-04-22,18276.41015625,^NDX
2025-04-23,18693.259765625,^NDX
2025-04-24,19214.400390625,^NDX
2025-04-25,19432.560546875,^NDX
2025-04-28,19427.2890625,^NDX
2025-04-29,19544.94921875,^NDX
2025-04-30,19571.01953125,^NDX
2025-05-01,19786.7109375,^NDX
2025-05-02,20102.609375,^NDX
2025-05-05,19967.939453125,^NDX
2025-05-06,19791.349609375,^NDX
2025-05-07,19867.970703125,^NDX
2025-05-08,20063.560546875,^NDX
2025-05-09,20061.44921875,^NDX
2025-05-12,20868.150390625,^NDX
2025-05-13,21197.69921875,^NDX
2025-05-14,21319.2109375,^NDX
2025-05-15,21335.8203125,^NDX
2025-05-16,21427.939453125,^NDX
2025-05-19,21447.05078125,^NDX
2025-05-20,21367.369140625,^NDX
2025-05-21,21080.359375,^NDX
2025-05-22,21112.470703125,^NDX
2025-05-23,20915.66015625,^NDX
2025-05-27,21414.990234375,^NDX
2025-05-28,21318.169921875,^NDX
2025-05-29,21363.94921875,^NDX
2025-05-30,21340.990234375,^NDX
2025-06-02,21491.75,^NDX
2025-06-03,21662.580078125,^NDX
2025-06-04,21721.919921875,^NDX
2025-06-05,21547.4296875,^NDX
2025-06-06,21761.7890625,^NDX
2025-06-09,21797.869140625,^NDX
2025-06-10,21941.919921875,^NDX
2025-06-11,21860.80078125,^NDX
2025-06-12,21913.3203125,^NDX
2025-06-13,21631.0390625,^NDX
2025-06-16,21937.5703125,^NDX
2025-06-17,21719.080078125,^NDX
2025-06-18,21719.689453125,^NDX
2025-06-20,21626.390625,^NDX
2025-06-23,21856.330078125,^NDX
2025-06-24,22190.51953125,^NDX
2025-06-25,22237.740234375,^NDX
2025-06-26,22447.2890625,^NDX
2025-06-27,22534.19921875,^NDX
2025-06-30,22679.009765625,^NDX
2025-07-01,22478.130859375,^NDX
2025-07-02,22641.890625,^NDX
2025-07-03,22866.970703125,^NDX
2025-07-07,22685.5703125,^NDX
2025-07-08,22702.25,^NDX
2025-07-09,22864.91015625,^NDX
2025-07-10,22829.259765625,^NDX
2025-07-11,22780.599609375,^NDX
2025-07-14,22855.630859375,^NDX
2025-07-15,22884.58984375,^NDX
2025-07-16,22907.970703125,^NDX
2025-07-17,23081.05078125,^NDX
2025-07-18,23065.470703125,^NDX
2025-07-21,23180.060546875,^NDX
2025-07-22,23063.580078125,^NDX
2025-07-23,23162.41015625,^NDX
2025-07-24,23219.869140625,^NDX
2025-07-25,23272.25,^NDX
2025-07-28,23356.26953125,^NDX
2025-07-29,23308.30078125,^NDX
2025-07-30,23345.41015625,^NDX
2025-07-31,23218.119140625,^NDX
2025-08-01,22763.310546875,^NDX
2025-08-04,23188.609375,^NDX
2025-08-05,23018.560546875,^NDX
2025-08-06,23315.0390625,^NDX
2025-08-07,23389.529296875,^NDX
2025-08-08,23611.26953125,^NDX
2025-08-11,23526.630859375,^NDX
2025-08-12,23839.19921875,^NDX
2025-08-13,23849.0390625,^NDX
2025-08-14,23832.439453125,^NDX
2025-08-15,23712.0703125,^NDX
2025-08-18,23713.759765625,^NDX
2025-08-19,23384.76953125,^NDX
2025-08-20,23249.5703125,^NDX
2025-08-21,23142.580078125,^NDX
2025-08-22,23498.119140625,^NDX
2025-08-25,23425.609375,^NDX
2025-08-26,23525.2890625,^NDX
2025-08-27,23565.849609375,^NDX
2025-08-28,23703.44921875,^NDX
2025-08-29,23415.419921875,^NDX
2025-09-02,23231.109375,^NDX
2025-09-03,23414.83984375,^NDX
2025-09-04,23633.009765625,^NDX
2025-09-05,23652.439453125,^NDX
2025-09-08,23762.30078125,^NDX
2025-09-09,23839.80078125,^NDX
2025-09-10,23849.26953125,^NDX
2025-09-11,23992.560546875,^NDX
2025-09-12,24092.189453125,^NDX
2025-09-15,24293.779296875,^NDX
2025-09-16,24274.25,^NDX
2025-09-17,24223.689453125,^NDX
2025-09-18,24454.890625,^NDX
2025-09-19,24626.25,^NDX
2025-09-22,24761.0703125,^NDX
2025-09-23,24580.169921875,^NDX
2025-09-24,24503.5703125,^NDX
2025-09-25,24397.310546875,^NDX
2025-09-26,24503.849609375,^NDX
2025-09-29,24611.349609375,^NDX
2025-09-30,24679.990234375,^NDX
2025-10-01,24800.859375,^NDX
2025-10-02,24892.759765625,^NDX
2025-10-03,24785.51953125,^NDX
2025-10-06,24978.560546875,^NDX
2025-10-07,24840.23046875,^NDX
2025-10-08,25136.619140625,^NDX
2025-10-09,25098.1796875,^NDX
2025-10-10,24221.740234375,^NDX
2025-10-13,24750.25,^NDX
2025-10-14,24579.3203125,^NDX
2025-10-15,24745.359375,^NDX
2025-10-16,24657.240234375,^NDX
2025-10-17,24817.94921875,^NDX
2025-10-20,25141.01953125,^NDX
2025-10-21,25127.130859375,^NDX
2025-10-22,24879.009765625,^NDX
2025-10-23,25097.41015625,^NDX
2025-10-24,25358.16015625,^NDX
2025-10-27,25821.55078125,^NDX
2025-10-28,26012.150390625,^NDX
2025-10-29,26119.849609375,^NDX
2025-10-30,25734.810546875,^NDX
2025-10-31,25858.130859375,^NDX
2025-11-03,25972.939453125,^NDX
2025-11-04,25435.69921875,^NDX
2025-11-05,25620.029296875,^NDX
2025-11-06,25130.0390625,^NDX
2025-11-07,25059.810546875,^NDX
2025-11-10,25611.740234375,^NDX
2025-11-11,25533.490234375,^NDX
2025-11-12,25517.330078125,^NDX
2025-11-13,24993.4609375,^NDX
2025-11-14,25008.240234375,^NDX
2025-11-17,24799.919921875,^NDX
2025-11-18,24503.099609375,^NDX
2025-11-19,24640.51953125,^NDX
2025-11-20,24054.380859375,^NDX
2025-11-21,24239.5703125,^NDX
2025-11-24,24873.849609375,^NDX
2025-11-25,25018.359375,^NDX
2025-11-26,25236.939453125,^NDX
2025-11-28,25434.890625,^NDX
2025-12-01,25342.849609375,^NDX
2025-12-02,25555.859375,^NDX
2025-12-03,25606.5390625,^NDX
2025-12-04,25581.69921875,^NDX
2025-12-05,25692.05078125,^NDX
2025-12-08,25627.94921875,^NDX
2025-12-09,25668.689453125,^NDX
2025-12-10,25776.439453125,^NDX
2025-12-11,25686.689453125,^NDX
2025-12-12,25196.73046875,^NDX
2025-12-15,25067.26953125,^NDX
2025-12-16,25132.939453125,^NDX
2025-12-17,24647.609375,^NDX
2025-12-18,25019.369140625,^NDX
2025-12-19,25346.1796875,^NDX
2025-12-22,25461.69921875,^NDX
2025-12-23,25587.830078125,^NDX
2025-12-24,25656.150390625,^NDX
2025-12-26,25644.390625,^NDX
2025-12-29,25525.560546875,^NDX
2025-12-30,25462.560546875,^NDX
2025-12-31,25249.849609375,^NDX
2026-01-02,25206.169921875,^NDX
2026-01-05,25401.3203125,^NDX
2026-01-06,25639.7109375,^NDX
2026-01-07,25653.900390625,^NDX
2026-01-08,25507.099609375,^NDX
2026-01-09,25766.259765625,^NDX
2026-01-12,25787.66015625,^NDX
2026-01-13,25741.94921875,^NDX
2026-01-14,25465.939453125,^NDX
2026-01-15,25547.0703125,^NDX
2026-01-16,25529.259765625,^NDX
2026-01-20,24987.5703125,^NDX
2026-01-21,25326.580078125,^NDX
2026-01-22,25518.349609375,^NDX
2026-01-23,25605.470703125,^NDX
2026-01-26,25713.2109375,^NDX
2026-01-27,25939.740234375,^NDX
2026-01-28,26022.7890625,^NDX
2026-01-29,25884.30078125,^NDX
2026-01-30,25552.390625,^NDX
2026-02-02,25738.609375,^NDX
2026-02-03,25338.619140625,^NDX
2026-02-04,24891.240234375,^NDX
2026-02-05,24548.689453125,^NDX
2026-02-06,25075.76953125,^NDX
2026-02-09,25268.140625,^NDX
2026-02-10,25127.640625,^NDX
2026-02-11,25201.259765625,^NDX
2026-02-12,24687.609375,^NDX
2026-02-13,24732.73046875,^NDX
2026-02-17,24701.599609375,^NDX
2026-02-18,24898.869140625,^NDX
2026-02-19,24797.33984375,^NDX
2026-02-20,25012.619140625,^NDX
2026-02-23,24708.939453125,^NDX
2026-02-24,24977.0390625,^NDX
2026-02-25,25329.0390625,^NDX
2026-02-26,25034.369140625,^NDX
2026-02-27,24960.0390625,^NDX
2026-03-02,24992.599609375,^NDX
2026-03-03,24720.080078125,^NDX
2026-03-04,25093.6796875,^NDX
2026-03-05,25020.41015625,^NDX
2026-03-06,24643.01953125,^NDX
2026-03-09,24967.25,^NDX
2026-03-10,24956.470703125,^NDX
2026-03-11,24965.009765625,^NDX
2026-03-12,24533.580078125,^NDX
2026-03-13,24380.73046875,^NDX
2026-03-16,24655.33984375,^NDX
2026-03-17,24780.419921875,^NDX
2026-03-18,24425.08984375,^NDX
2026-03-19,24355.279296875,^NDX
2026-03-20,23898.150390625,^NDX
2026-03-23,24188.58984375,^NDX
2026-03-24,24002.44921875,^NDX
2026-03-25,24162.98046875,^NDX
2026-03-26,23586.990234375,^NDX
2026-03-27,23132.76953125,^NDX
2026-03-30,22953.380859375,^NDX
2026-03-31,23740.189453125,^NDX
2026-04-01,24019.990234375,^NDX
2026-04-02,24045.529296875,^NDX
2026-04-06,24192.169921875,^NDX
2026-04-07,24202.369140625,^NDX
2026-04-08,24903.169921875,^NDX
2026-04-09,25082.08984375,^NDX
2026-04-10,25116.33984375,^NDX
2026-04-13,25383.720703125,^NDX
2026-04-14,25842.0,^NDX
2026-04-15,26204.580078125,^NDX
2026-04-16,26333.0,^NDX
2026-04-17,26672.4296875,^NDX
2026-04-20,26590.33984375,^NDX
2026-04-21,26479.470703125,^NDX
2026-04-22,26937.279296875,^NDX
2026-04-23,26782.630859375,^NDX
2026-04-24,27303.669921875,^NDX
2026-04-27,27305.6796875,^NDX
2026-04-28,27029.009765625,^NDX
2026-04-29,27186.98046875,^NDX
2026-04-30,27452.119140625,^NDX
2026-05-01,27710.359375,^NDX
2026-05-04,27651.8203125,^NDX
2026-05-05,28015.060546875,^NDX
2026-05-06,28599.169921875,^NDX
2026-05-07,28563.94921875,^NDX
2026-05-08,29234.990234375,^NDX
2026-05-11,29320.66015625,^NDX
2026-05-12,29064.80078125,^NDX
2026-05-13,29366.939453125,^NDX
2026-05-14,29580.30078125,^NDX
2026-05-15,29125.19921875,^NDX
2026-05-18,28994.369140625,^NDX
2026-05-19,28818.83984375,^NDX
2026-05-20,29297.69921875,^NDX
2026-05-21,29357.26953125,^NDX
2026-05-22,29481.640625,^NDX
2026-05-26,30001.3203125,^NDX
2026-05-27,29973.5703125,^NDX
2026-05-28,30223.890625,^NDX
2026-05-29,30333.1796875,^NDX
2026-06-01,30513.859375,^NDX
2026-06-02,30660.599609375,^NDX
2026-06-03,30571.240234375,^NDX
2026-06-04,30407.810546875,^NDX
2026-06-05,28957.599609375,^NDX
2026-06-08,29414.259765625,^NDX
2026-06-09,29084.5,^NDX
2026-06-10,28508.029296875,^NDX
2026-06-11,29446.1796875,^NDX
2026-06-12,29635.94921875,^NDX
2026-06-15,30543.919921875,^NDX
2026-06-16,29968.130859375,^NDX
2026-06-17,29670.94921875,^NDX
2026-06-18,30406.189453125,^NDX
2026-06-22,30347.080078125,^NDX
2026-06-23,29347.26953125,^NDX
2026-06-24,29220.060546875,^NDX
2026-06-25,29440.3203125,^NDX
2026-06-26,29118.240234375,^NDX
2026-06-29,29774.75,^NDX
2026-06-30,30276.349609375,^NDX
2026-07-01,29809.130859375,^NDX
2026-07-02,29329.2109375,^NDX
2026-07-06,29697.869140625,^NDX
2026-07-07,29173.01953125,^NDX
2026-07-08,29252.560546875,^NDX
2026-07-09,29727.099609375,^NDX
2026-07-10,29825.109375,^NDX
2026-07-13,29264.099609375,^NDX
2026-07-14,29586.2890625,^NDX
2026-07-15,29502.599609375,^NDX
2026-07-16,29025.76953125,^NDX
2026-07-17,28592.66015625,^NDX
2026-07-20,28604.23046875,^NDX
2026-07-21,29155.1796875,^NDX
2026-07-22,28998.099609375,^NDX
2026-07-23,28454.810546875,^NDX
2026-07-24,28128.33984375,^NDX
2026-07-27,28039.2109375,^NDX
2026-07-28,27763.130859375,^NDX
2026-07-29,27192.310546875,^NDX
2026-07-30,28106.349609375,^NDX
2026-07-31,28274.19921875,^NDX
2026-08-03,28776.80078125,^NDX
2026-08-04,29733.16015625,^NDX
2026-08-05,29487.7890625,^NDX
2026-08-06,29373.330078125,^NDX
2026-08-07,29722.30078125,^NDX
2026-08-10,29621.80078125,^NDX
2026-08-11,29525.48046875,^NDX
2026-08-12,29742.599609375,^NDX
2026-08-13,30084.5,^NDX
2026-08-14,30046.140625,^NDX
2026-08-17,29995.380859375,^NDX
2026-08-18,29490.9609375,^NDX
2026-08-19,29426.01953125,^NDX
2026-08-20,29213.16015625,^NDX
2026-08-21,29308.859375,^NDX
2026-08-24,29023.1796875,^NDX
2026-08-25,29209.23046875,^NDX
2026-08-26,29224.51953125,^NDX
2026-08-27,29641.560546875,^NDX
2026-08-28,29433.4296875,^NDX
2026-08-31,29456.970703125,^NDX
2026-09-01,29077.220703125,^NDX
2026-09-02,29143.330078125,^NDX
2026-09-03,29482.3203125,^NDX
2026-09-04,29544.150390625,^NDX
2026-09-08,29507.69921875,^NDX
2026-09-09,29421.55078125,^NDX
2026-09-10,29103.509765625,^NDX
2026-09-11,29368.439453125,^NDX
2026-09-14,29127.16015625,^NDX
2026-09-15,28937.83984375,^NDX
2026-09-16,28945.060546875,^NDX
2026-09-17,29446.98046875,^NDX
