date,kospi_close,predicted_fwd_ret_20,risk_index,signal
2020-02-28,1987.01,-0.0031337039255824126,91.70886075949367,경고
2020-02-29,1987.01,-0.0031337039255824126,91.70886075949367,경고
2020-03-01,1987.01,-0.0031337039255824126,91.70886075949367,경고
2020-03-02,2002.51,0.0038457203694124975,83.22784810126582,경고
2020-03-03,2014.15,0.013614449880758866,64.17721518987342,안전
2020-03-04,2059.33,0.015935017981215573,60.56962025316456,안전
2020-03-05,2085.26,0.01926261925900811,52.08860759493671,안전
2020-03-06,2040.22,0.016498617852275445,59.24050632911393,안전
2020-03-07,2040.22,0.016498617852275445,59.24050632911393,안전
2020-03-08,2040.22,0.016498617852275445,59.24050632911393,안전
2020-03-09,1954.77,0.0010578468106907882,87.0886075949367,경고
2020-03-10,1962.93,0.007817167842422,76.1392405063291,안전
2020-03-11,1908.27,0.008738003583619196,74.49367088607595,안전
2020-03-12,1834.33,0.0023295245740850914,85.56962025316456,경고
2020-03-13,1771.44,0.003858737345249358,83.16455696202532,경고
2020-03-14,1771.44,0.003858737345249358,83.16455696202532,경고
2020-03-15,1771.44,0.003858737345249358,83.16455696202532,경고
2020-03-16,1714.86,0.013719703060613826,63.92405063291139,안전
2020-03-17,1672.44,0.024748267501212805,39.68354430379747,안전
2020-03-18,1591.2,0.02066957491601574,48.924050632911396,안전
2020-03-19,1457.64,0.013106151862241684,65.44303797468355,안전
2020-03-20,1566.15,0.02325385037991764,42.405063291139236,안전
2020-03-21,1566.15,0.02325385037991764,42.405063291139236,안전
2020-03-22,1566.15,0.02325385037991764,42.405063291139236,안전
2020-03-23,1482.46,0.023113711029989437,42.848101265822784,안전
2020-03-24,1609.97,0.030069978032257343,27.72151898734177,안전
2020-03-25,1704.76,0.03162665867348036,25.126582278481013,안전
2020-03-26,1686.24,0.028572760958646384,30.69620253164557,안전
2020-03-27,1717.73,0.029033284432185662,29.683544303797472,안전
2020-03-28,1717.73,0.029033284432185662,29.683544303797472,안전
2020-03-29,1717.73,0.029033284432185662,29.683544303797472,안전
2020-03-30,1717.12,0.025393299303207963,38.10126582278481,안전
2020-03-31,1754.64,0.024873491430014973,39.36708860759494,안전
2020-04-01,1685.46,0.018740872310391298,53.48101265822785,안전
2020-04-02,1724.86,0.018543318901694777,54.050632911392405,안전
2020-04-03,1725.44,0.01703068791009599,57.974683544303794,안전
2020-04-04,1725.44,0.01703068791009599,57.974683544303794,안전
2020-04-05,1725.44,0.01703068791009599,57.974683544303794,안전
2020-04-06,1791.88,0.019289955872483146,51.835443037974684,안전
2020-04-07,1823.6,0.020651764464920803,48.9873417721519,안전
2020-04-08,1807.14,0.019094006528758273,52.721518987341774,안전
2020-04-09,1836.21,0.020292650710631348,49.87341772151899,안전
2020-04-10,1860.7,0.01907625616100935,52.78481012658228,안전
2020-04-11,1860.7,0.01907625616100935,52.78481012658228,안전
2020-04-12,1860.7,0.01907625616100935,52.78481012658228,안전
2020-04-13,1825.76,0.01318419442060805,65.25316455696203,안전
2020-04-14,1857.08,0.007417977310446799,76.83544303797468,안전
2020-04-15,1857.08,0.007417977310446799,76.83544303797468,안전
2020-04-16,1857.07,0.0035587645042599175,83.86075949367088,경고
2020-04-17,1914.53,0.003886523905369055,83.0379746835443,경고
2020-04-18,1914.53,0.003886523905369055,83.0379746835443,경고
2020-04-19,1914.53,0.003886523905369055,83.0379746835443,경고
2020-04-20,1898.36,-0.002226779432042837,90.56962025316456,경고
2020-04-21,1879.38,-0.012912561112316628,97.40506329113924,위험
2020-04-22,1896.15,-0.01610898316384046,98.48101265822785,위험
2020-04-23,1914.73,-0.015326291829575869,98.22784810126582,위험
2020-04-24,1889.01,-0.016149404212310522,98.54430379746836,위험
2020-04-25,1889.01,-0.016149404212310522,98.54430379746836,위험
2020-04-26,1889.01,-0.016149404212310522,98.54430379746836,위험
2020-04-27,1922.77,-0.013541122941907924,97.72151898734177,위험
2020-04-28,1934.09,-0.009770801194315608,95.9493670886076,위험
2020-04-29,1947.56,-0.0076404978015007195,94.81012658227847,경고
2020-04-30,1947.56,-0.0076404978015007195,94.81012658227847,경고
2020-05-01,1947.56,-0.0076404978015007195,94.81012658227847,경고
2020-05-02,1947.56,-0.0076404978015007195,94.81012658227847,경고
2020-05-03,1947.56,-0.0076404978015007195,94.81012658227847,경고
2020-05-04,1895.37,-0.009038396803860533,95.50632911392405,위험
2020-05-05,1895.37,-0.009038396803860533,95.50632911392405,위험
2020-05-06,1928.76,-0.003081125766424532,91.64556962025317,경고
2020-05-07,1928.61,-0.002250859083020444,90.63291139240506,경고
2020-05-08,1945.82,-3.065366534593661e-05,88.35443037974684,경고
2020-05-09,1945.82,-3.065366534593661e-05,88.35443037974684,경고
2020-05-10,1945.82,-3.065366534593661e-05,88.35443037974684,경고
2020-05-11,1935.4,0.0001034645993160891,88.0379746835443,경고
2020-05-12,1922.17,0.0008094661359681309,87.34177215189874,경고
2020-05-13,1940.42,0.0017545839182859166,86.39240506329115,경고
2020-05-14,1924.96,0.00218151147706234,85.63291139240506,경고
2020-05-15,1927.28,0.004121499951332432,82.65822784810126,경고
2020-05-16,1927.28,0.004121499951332432,82.65822784810126,경고
2020-05-17,1927.28,0.004121499951332432,82.65822784810126,경고
2020-05-18,1937.11,0.005595663448963232,80.63291139240506,경고
2020-05-19,1980.61,0.009132104781411656,73.67088607594937,안전
2020-05-20,1989.64,0.010237965667812725,71.89873417721519,안전
2020-05-21,1998.31,0.013524026088225853,64.36708860759494,안전
2020-05-22,1970.13,0.012817130485154496,66.13924050632912,안전
2020-05-23,1970.13,0.012817130485154496,66.13924050632912,안전
2020-05-24,1970.13,0.012817130485154496,66.13924050632912,안전
2020-05-25,1994.6,0.014775582189680763,62.21518987341772,안전
2020-05-26,2029.78,0.01773487831735653,56.0126582278481,안전
2020-05-27,2031.2,0.01906805898849211,52.84810126582279,안전
2020-05-28,2028.54,0.01897379918038552,53.16455696202531,안전
2020-05-29,2029.6,0.0191392261852908,52.40506329113924,안전
2020-05-30,2029.6,0.0191392261852908,52.40506329113924,안전
2020-05-31,2029.6,0.0191392261852908,52.40506329113924,안전
2020-06-01,2065.08,0.020975025707900143,48.29113924050633,안전
2020-06-02,2087.19,0.02253679684727497,44.43037974683544,안전
2020-06-03,2147.0,0.02572727599654763,37.278481012658226,안전
2020-06-04,2151.18,0.027139084805332423,34.30379746835443,안전
2020-06-05,2181.87,0.028790198922037318,30.253164556962027,안전
2020-06-06,2181.87,0.028790198922037318,30.253164556962027,안전
2020-06-07,2181.87,0.028790198922037318,30.253164556962027,안전
2020-06-08,2184.29,0.028967643771084184,30.0,안전
2020-06-09,2188.92,0.028158561865325837,31.83544303797468,안전
2020-06-10,2195.69,0.027822205768409974,32.721518987341774,안전
2020-06-11,2176.78,0.0263139100216009,35.822784810126585,안전
2020-06-12,2132.3,0.023931491534065583,41.58227848101266,안전
2020-06-13,2132.3,0.023931491534065583,41.58227848101266,안전
2020-06-14,2132.3,0.023931491534065583,41.58227848101266,안전
2020-06-15,2030.82,0.017779028333967814,55.88607594936709,안전
2020-06-16,2138.05,0.02360234614910836,41.962025316455694,안전
2020-06-17,2141.05,0.025086388831281625,38.86075949367089,안전
2020-06-18,2133.48,0.024366510951717685,40.63291139240506,안전
2020-06-19,2141.32,0.024742191372182254,39.74683544303797,안전
2020-06-20,2141.32,0.024742191372182254,39.74683544303797,안전
2020-06-21,2141.32,0.024742191372182254,39.74683544303797,안전
2020-06-22,2126.73,0.024070761963996483,41.32911392405063,안전
2020-06-23,2131.24,0.024518008997160612,40.31645569620253,안전
2020-06-24,2161.51,0.026212506709096275,36.075949367088604,안전
2020-06-25,2112.37,0.022495228039462363,44.49367088607595,안전
2020-06-26,2134.65,0.024434727875703072,40.56962025316456,안전
2020-06-27,2134.65,0.024434727875703072,40.56962025316456,안전
2020-06-28,2134.65,0.024434727875703072,40.56962025316456,안전
2020-06-29,2093.48,0.020183443115838407,50.25316455696203,안전
2020-06-30,2108.33,0.022742019407960605,43.860759493670884,안전
2020-07-01,2106.7,0.02244125159483015,44.55696202531645,안전
2020-07-02,2135.37,0.027232340746456765,34.11392405063291,안전
2020-07-03,2152.41,0.029531859841420923,29.11392405063291,안전
2020-07-04,2152.41,0.029531859841420923,29.11392405063291,안전
2020-07-05,2152.41,0.029531859841420923,29.11392405063291,안전
2020-07-06,2187.93,0.033408351369688574,21.645569620253163,안전
2020-07-07,2164.17,0.03268934651852179,23.29113924050633,안전
2020-07-08,2158.88,0.03329200818200166,21.89873417721519,안전
2020-07-09,2167.9,0.036760238546151396,15.886075949367088,안전
2020-07-10,2150.25,0.03544128118746643,17.848101265822784,안전
2020-07-11,2150.25,0.03544128118746643,17.848101265822784,안전
2020-07-12,2150.25,0.03544128118746643,17.848101265822784,안전
2020-07-13,2186.06,0.04138903414443129,8.481012658227847,안전
2020-07-14,2183.61,0.04092184525422908,9.430379746835444,안전
2020-07-15,2201.88,0.04057763438103491,9.936708860759493,안전
2020-07-16,2183.76,0.03679979939932003,15.69620253164557,안전
2020-07-17,2201.19,0.04121082130281499,8.734177215189872,안전
2020-07-18,2201.19,0.04121082130281499,8.734177215189872,안전
2020-07-19,2201.19,0.04121082130281499,8.734177215189872,안전
2020-07-20,2198.2,0.041656970637100124,8.227848101265822,안전
2020-07-21,2228.83,0.04355319096503103,6.455696202531645,안전
2020-07-22,2228.66,0.04331554618321182,6.645569620253164,안전
2020-07-23,2216.19,0.04233557688344941,7.658227848101267,안전
2020-07-24,2200.44,0.03970761702240779,11.265822784810126,안전
2020-07-25,2200.44,0.03970761702240779,11.265822784810126,안전
2020-07-26,2200.44,0.03970761702240779,11.265822784810126,안전
2020-07-27,2217.86,0.04499488868772086,4.8734177215189876,안전
2020-07-28,2256.99,0.04889656556015705,2.848101265822785,안전
2020-07-29,2263.16,0.048965125779771565,2.7848101265822782,안전
2020-07-30,2267.01,0.048039523965588624,3.2278481012658227,안전
2020-07-31,2249.37,0.0430957791227541,6.962025316455696,안전
2020-08-01,2249.37,0.0430957791227541,6.962025316455696,안전
2020-08-02,2249.37,0.0430957791227541,6.962025316455696,안전
2020-08-03,2251.04,0.040019768832384714,10.759493670886076,안전
2020-08-04,2279.97,0.04090306189332324,9.49367088607595,안전
2020-08-05,2311.86,0.043671132684551466,6.265822784810126,안전
2020-08-06,2342.61,0.0431527326633797,6.8354430379746836,안전
2020-08-07,2351.67,0.03884720915671896,12.658227848101266,안전
2020-08-08,2351.67,0.03884720915671896,12.658227848101266,안전
2020-08-09,2351.67,0.03884720915671896,12.658227848101266,안전
2020-08-10,2386.38,0.04288960479579796,7.151898734177216,안전
2020-08-11,2418.67,0.039954608985242994,10.822784810126581,안전
2020-08-12,2432.35,0.02910620618989944,29.55696202531646,안전
2020-08-13,2437.53,0.025544695667282073,37.78481012658228,안전
2020-08-14,2407.49,0.017367012732221042,57.34177215189873,안전
2020-08-15,2407.49,0.017367012732221042,57.34177215189873,안전
2020-08-16,2407.49,0.017367012732221042,57.34177215189873,안전
2020-08-17,2407.49,0.017367012732221042,57.34177215189873,안전
2020-08-18,2348.24,0.006616057365889348,78.60759493670886,안전
2020-08-19,2360.54,0.007538543444408501,76.45569620253164,안전
2020-08-20,2274.22,0.01648022562073939,59.30379746835443,안전
2020-08-21,2304.59,0.022207550594378116,45.12658227848102,안전
2020-08-22,2304.59,0.022207550594378116,45.12658227848102,안전
2020-08-23,2304.59,0.022207550594378116,45.12658227848102,안전
2020-08-24,2329.83,0.030754219922768895,26.645569620253163,안전
2020-08-25,2366.73,0.03715747312174621,15.126582278481013,안전
2020-08-26,2369.32,0.0305652238875424,26.962025316455694,안전
2020-08-27,2344.45,0.022935534399669853,43.41772151898734,안전
2020-08-28,2353.8,0.018672029474509386,53.67088607594936,안전
2020-08-29,2353.8,0.018672029474509386,53.67088607594936,안전
2020-08-30,2353.8,0.018672029474509386,53.67088607594936,안전
2020-08-31,2326.17,0.017612523524135885,56.39240506329114,안전
2020-09-01,2349.55,0.014759705741673308,62.278481012658226,안전
2020-09-02,2364.37,0.005455199411099093,80.82278481012658,경고
2020-09-03,2395.9,0.009619988935504774,72.9746835443038,안전
2020-09-04,2368.25,0.010062640912798071,72.15189873417721,안전
2020-09-05,2368.25,0.010062640912798071,72.15189873417721,안전
2020-09-06,2368.25,0.010062640912798071,72.15189873417721,안전
2020-09-07,2384.22,0.015995079896028642,60.189873417721515,안전
2020-09-08,2401.91,0.019462670303915845,51.32911392405063,안전
2020-09-09,2375.81,0.021327953556042195,47.46835443037975,안전
2020-09-10,2396.48,0.029317636278974643,29.430379746835445,안전
2020-09-11,2396.69,0.030699501756881638,26.772151898734176,안전
2020-09-12,2396.69,0.030699501756881638,26.772151898734176,안전
2020-09-13,2396.69,0.030699501756881638,26.772151898734176,안전
2020-09-14,2427.91,0.03514482105894097,18.227848101265824,안전
2020-09-15,2443.58,0.04041463907590616,10.379746835443038,안전
2020-09-16,2435.92,0.039523100212643866,11.455696202531646,안전
2020-09-17,2406.17,0.022374094185609407,44.81012658227848,안전
2020-09-18,2412.4,0.026521492025066967,35.379746835443036,안전
2020-09-19,2412.4,0.026521492025066967,35.379746835443036,안전
2020-09-20,2412.4,0.026521492025066967,35.379746835443036,안전
2020-09-21,2389.39,0.02701291088996479,34.49367088607595,안전
2020-09-22,2332.59,0.01669308459831323,58.734177215189874,안전
2020-09-23,2333.24,0.02852993156488748,30.82278481012658,안전
2020-09-24,2272.7,0.028281131037480187,31.39240506329114,안전
2020-09-25,2278.79,0.03946978094836753,11.645569620253164,안전
2020-09-26,2278.79,0.03946978094836753,11.645569620253164,안전
2020-09-27,2278.79,0.03946978094836753,11.645569620253164,안전
2020-09-28,2308.08,0.051223717754607725,2.0253164556962027,안전
2020-09-29,2327.89,0.057830749249747467,0.569620253164557,안전
2020-09-30,2327.89,0.057830749249747467,0.569620253164557,안전
2020-10-01,2327.89,0.057830749249747467,0.569620253164557,안전
2020-10-02,2327.89,0.057830749249747467,0.569620253164557,안전
2020-10-03,2327.89,0.057830749249747467,0.569620253164557,안전
2020-10-04,2327.89,0.057830749249747467,0.569620253164557,안전
2020-10-05,2358.0,0.06102584506501222,0.06329113924050633,안전
2020-10-06,2365.9,0.057418717709061554,0.6962025316455696,안전
2020-10-07,2386.94,0.05655000323597745,0.7594936708860759,안전
2020-10-08,2391.96,0.05540294065106898,0.8860759493670887,안전
2020-10-09,2391.96,0.05540294065106898,0.8860759493670887,안전
2020-10-10,2391.96,0.05540294065106898,0.8860759493670887,안전
2020-10-11,2391.96,0.05540294065106898,0.8860759493670887,안전
2020-10-12,2403.73,0.05259527317129443,1.5189873417721518,안전
2020-10-13,2403.15,0.049861408671401555,2.4050632911392404,안전
2020-10-14,2380.48,0.04497073705968185,4.936708860759493,안전
2020-10-15,2361.21,0.04302968008897702,7.025316455696203,안전
2020-10-16,2341.53,0.038455173964928605,13.10126582278481,안전
2020-10-17,2341.53,0.038455173964928605,13.10126582278481,안전
2020-10-18,2341.53,0.038455173964928605,13.10126582278481,안전
2020-10-19,2346.74,0.03921259859965669,12.151898734177214,안전
2020-10-20,2358.41,0.04253315459556822,7.468354430379747,안전
2020-10-21,2370.86,0.04524688305018798,4.620253164556963,안전
2020-10-22,2355.05,0.04046090300782329,10.253164556962027,안전
2020-10-23,2360.81,0.038199914578862286,13.41772151898734,안전
2020-10-24,2360.81,0.038199914578862286,13.41772151898734,안전
2020-10-25,2360.81,0.038199914578862286,13.41772151898734,안전
2020-10-26,2343.91,0.03299731074508758,22.78481012658228,안전
2020-10-27,2330.84,0.02652184004458072,35.31645569620253,안전
2020-10-28,2345.26,0.028994524273936763,29.93670886075949,안전
2020-10-29,2326.67,0.022734288117707717,43.924050632911396,안전
2020-10-30,2267.15,0.004236506293445148,82.40506329113924,경고
2020-10-31,2267.15,0.004236506293445148,82.40506329113924,경고
2020-11-01,2267.15,0.004236506293445148,82.40506329113924,경고
2020-11-02,2300.16,0.0035759410074796567,83.79746835443038,경고
2020-11-03,2343.31,0.013353462483264645,64.81012658227849,안전
2020-11-04,2357.32,0.01790615297995908,55.63291139240506,안전
2020-11-05,2413.79,0.031171353301958214,25.82278481012658,안전
2020-11-06,2416.5,0.03076386061853075,26.582278481012654,안전
2020-11-07,2416.5,0.03076386061853075,26.582278481012654,안전
2020-11-08,2416.5,0.03076386061853075,26.582278481012654,안전
2020-11-09,2447.2,0.03939231705050793,11.708860759493671,안전
2020-11-10,2452.83,0.04131535317046766,8.670886075949367,안전
2020-11-11,2485.87,0.04783101666373113,3.4177215189873418,안전
2020-11-12,2475.62,0.04402470121928034,5.69620253164557,안전
2020-11-13,2493.87,0.047497622980909183,3.7341772151898733,안전
2020-11-14,2493.87,0.047497622980909183,3.7341772151898733,안전
2020-11-15,2493.87,0.047497622980909183,3.7341772151898733,안전
2020-11-16,2543.03,0.05212155931183399,1.7088607594936709,안전
2020-11-17,2539.15,0.04763132406164878,3.5443037974683547,안전
2020-11-18,2545.64,0.043285131931540904,6.70886075949367,안전
2020-11-19,2547.42,0.04043436915266973,10.316455696202532,안전
2020-11-20,2553.5,0.04004899385702527,10.69620253164557,안전
2020-11-21,2553.5,0.04004899385702527,10.69620253164557,안전
2020-11-22,2553.5,0.04004899385702527,10.69620253164557,안전
2020-11-23,2602.59,0.04289376018555274,7.088607594936709,안전
2020-11-24,2617.76,0.04118999537753365,8.797468354430379,안전
2020-11-25,2601.54,0.03492297722354738,18.48101265822785,안전
2020-11-26,2625.91,0.03448873378461474,19.430379746835445,안전
2020-11-27,2633.45,0.03317574662110553,22.21518987341772,안전
2020-11-28,2633.45,0.03317574662110553,22.21518987341772,안전
2020-11-29,2633.45,0.03317574662110553,22.21518987341772,안전
2020-11-30,2591.34,0.02824363278976655,31.58227848101266,안전
2020-12-01,2634.25,0.029890141638731257,28.227848101265824,안전
2020-12-02,2675.9,0.02753484626205061,33.48101265822785,안전
2020-12-03,2696.22,0.02636173523788006,35.63291139240506,안전
2020-12-04,2731.45,0.027882680272181107,32.40506329113924,안전
2020-12-05,2731.45,0.027882680272181107,32.40506329113924,안전
2020-12-06,2731.45,0.027882680272181107,32.40506329113924,안전
2020-12-07,2745.44,0.025283821149834684,38.35443037974684,안전
2020-12-08,2700.93,0.022592623691605574,44.24050632911393,안전
2020-12-09,2755.47,0.024888279031594768,39.30379746835443,안전
2020-12-10,2746.46,0.026068160277723615,36.392405063291136,안전
2020-12-11,2770.06,0.02418685931627232,41.07594936708861,안전
2020-12-12,2770.06,0.02418685931627232,41.07594936708861,안전
2020-12-13,2770.06,0.02418685931627232,41.07594936708861,안전
2020-12-14,2762.2,0.02190836885671908,45.88607594936709,안전
2020-12-15,2756.82,0.01976630404958013,51.01265822784811,안전
2020-12-16,2771.79,0.02016011819225754,50.37974683544304,안전
2020-12-17,2770.43,0.01891968636960054,53.22784810126582,안전
2020-12-18,2772.18,0.017505994609303095,56.708860759493675,안전
2020-12-19,2772.18,0.017505994609303095,56.708860759493675,안전
2020-12-20,2772.18,0.017505994609303095,56.708860759493675,안전
2020-12-21,2778.65,0.019683883289630062,51.075949367088604,안전
2020-12-22,2733.68,0.017402922609762922,57.08860759493671,안전
2020-12-23,2759.82,0.020359479693810134,49.74683544303797,안전
2020-12-24,2806.86,0.022942787529650906,43.291139240506325,안전
2020-12-25,2806.86,0.022942787529650906,43.291139240506325,안전
2020-12-26,2806.86,0.022942787529650906,43.291139240506325,안전
2020-12-27,2806.86,0.022942787529650906,43.291139240506325,안전
2020-12-28,2808.6,0.024324575284738557,40.75949367088608,안전
2020-12-29,2820.51,0.0276546211504079,33.291139240506325,안전
2020-12-30,2873.47,0.03143614543921564,25.31645569620253,안전
2020-12-31,2873.47,0.03143614543921564,25.31645569620253,안전
2021-01-01,2873.47,0.03143614543921564,25.31645569620253,안전
2021-01-02,2873.47,0.03143614543921564,25.31645569620253,안전
2021-01-03,2873.47,0.03143614543921564,25.31645569620253,안전
2021-01-04,2944.45,0.033941458296764274,20.569620253164558,안전
2021-01-05,2990.57,0.03355194761105094,21.455696202531644,안전
2021-01-06,2968.21,0.028572810829643757,30.632911392405067,안전
2021-01-07,3031.68,0.029042179040205063,29.620253164556964,안전
2021-01-08,3152.18,0.028293510449173175,31.265822784810126,안전
2021-01-09,3152.18,0.028293510449173175,31.265822784810126,안전
2021-01-10,3152.18,0.028293510449173175,31.265822784810126,안전
2021-01-11,3148.45,0.027188366112682657,34.24050632911392,안전
2021-01-12,3125.95,0.022717871791159014,43.9873417721519,안전
2021-01-13,3148.29,0.020053453879194605,50.63291139240506,안전
2021-01-14,3149.93,0.01737175886449648,57.27848101265823,안전
2021-01-15,3085.9,0.015967696667782357,60.379746835443036,안전
2021-01-16,3085.9,0.015967696667782357,60.379746835443036,안전
2021-01-17,3085.9,0.015967696667782357,60.379746835443036,안전
2021-01-18,3013.93,0.014887275061645552,61.89873417721519,안전
2021-01-19,3092.66,0.01807904412413991,55.12658227848102,안전
2021-01-20,3114.55,0.021582618532953582,46.835443037974684,안전
2021-01-21,3160.84,0.02108120287467105,47.848101265822784,안전
2021-01-22,3140.63,0.014380628929948597,62.911392405063296,안전
2021-01-23,3140.63,0.014380628929948597,62.911392405063296,안전
2021-01-24,3140.63,0.014380628929948597,62.911392405063296,안전
2021-01-25,3208.99,0.012750643099111548,66.32911392405063,안전
2021-01-26,3140.31,0.010885780210682448,70.50632911392405,안전
2021-01-27,3122.56,0.012521490213569818,66.64556962025317,안전
2021-01-28,3069.05,0.010212771014500088,71.9620253164557,안전
2021-01-29,2976.21,0.010255769698081143,71.83544303797468,안전
2021-01-30,2976.21,0.010255769698081143,71.83544303797468,안전
2021-01-31,2976.21,0.010255769698081143,71.83544303797468,안전
2021-02-01,3056.53,0.019887255394990828,50.75949367088608,안전
2021-02-02,3096.81,0.033808483943368176,20.88607594936709,안전
2021-02-03,3129.68,0.03723485674548925,15.0,안전
2021-02-04,3087.55,0.03712607135532806,15.18987341772152,안전
2021-02-05,3120.63,0.0295838699842121,28.924050632911392,안전
2021-02-06,3120.63,0.0295838699842121,28.924050632911392,안전
2021-02-07,3120.63,0.0295838699842121,28.924050632911392,안전
2021-02-08,3091.24,0.018243673312247518,54.68354430379747,안전
2021-02-09,3084.67,0.02408891158494007,41.20253164556962,안전
2021-02-10,3100.58,0.03184768053470241,24.746835443037973,안전
2021-02-11,3100.58,0.03184768053470241,24.746835443037973,안전
2021-02-12,3100.58,0.03184768053470241,24.746835443037973,안전
2021-02-13,3100.58,0.03184768053470241,24.746835443037973,안전
2021-02-14,3100.58,0.03184768053470241,24.746835443037973,안전
2021-02-15,3147.0,0.042531061081567324,7.531645569620253,안전
2021-02-16,3163.25,0.043481744500239464,6.518987341772152,안전
2021-02-17,3133.73,0.040706412683913167,9.683544303797468,안전
2021-02-18,3086.66,0.03626664294338418,16.835443037974684,안전
2021-02-19,3107.62,0.025269876361125276,38.41772151898734,안전
2021-02-20,3107.62,0.025269876361125276,38.41772151898734,안전
2021-02-21,3107.62,0.025269876361125276,38.41772151898734,안전
2021-02-22,3079.75,0.025339577689939788,38.164556962025316,안전
2021-02-23,3070.09,0.03624535562770788,16.89873417721519,안전
2021-02-24,2994.98,0.038137214211529186,13.544303797468354,안전
2021-02-25,3099.69,0.0450553825695542,4.810126582278481,안전
2021-02-26,3012.95,0.04405894768981693,5.632911392405063,안전
2021-02-27,3012.95,0.04405894768981693,5.632911392405063,안전
2021-02-28,3012.95,0.04405894768981693,5.632911392405063,안전
2021-03-01,3012.95,0.04405894768981693,5.632911392405063,안전
2021-03-02,3043.87,0.038800633494571274,12.721518987341774,안전
2021-03-03,3082.99,0.03086360785779774,26.329113924050635,안전
2021-03-04,3043.49,0.0217360154656357,46.58227848101266,안전
2021-03-05,3026.26,0.008535211296758287,74.87341772151899,안전
2021-03-06,3026.26,0.008535211296758287,74.87341772151899,안전
2021-03-07,3026.26,0.008535211296758287,74.87341772151899,안전
2021-03-08,2996.11,0.0073848531122848,76.9620253164557,안전
2021-03-09,2976.12,0.007185051285747262,77.40506329113924,안전
2021-03-10,2958.12,0.023241463947472143,42.46835443037975,안전
2021-03-11,3013.7,0.03747850864531668,14.873417721518987,안전
2021-03-12,3054.39,0.041161646560825334,8.987341772151899,안전
2021-03-13,3054.39,0.041161646560825334,8.987341772151899,안전
2021-03-14,3054.39,0.041161646560825334,8.987341772151899,안전
2021-03-15,3045.71,0.040607590217793615,9.81012658227848,안전
2021-03-16,3067.17,0.04135773864306504,8.60759493670886,안전
2021-03-17,3047.5,0.03683457860154175,15.569620253164556,안전
2021-03-18,3066.01,0.039474093137557856,11.58227848101266,안전
2021-03-19,3039.53,0.031413230740986925,25.44303797468355,안전
2021-03-20,3039.53,0.031413230740986925,25.44303797468355,안전
2021-03-21,3039.53,0.031413230740986925,25.44303797468355,안전
2021-03-22,3035.46,0.03394416953677003,20.506329113924053,안전
2021-03-23,3004.74,0.026161374447532124,36.20253164556962,안전
2021-03-24,2996.35,0.02224045308258541,45.0,안전
2021-03-25,3008.33,0.02042131620013249,49.43037974683545,안전
2021-03-26,3041.01,0.0204127091180034,49.49367088607595,안전
2021-03-27,3041.01,0.0204127091180034,49.49367088607595,안전
2021-03-28,3041.01,0.0204127091180034,49.49367088607595,안전
2021-03-29,3036.04,0.010908847841047902,70.44303797468355,안전
2021-03-30,3070.0,0.016899642209462447,58.291139240506325,안전
2021-03-31,3061.42,0.01916862944089555,52.34177215189874,안전
2021-04-01,3087.4,0.018561719690770074,53.9873417721519,안전
2021-04-02,3112.8,0.02092907578074004,48.35443037974684,안전
2021-04-03,3112.8,0.02092907578074004,48.35443037974684,안전
2021-04-04,3112.8,0.02092907578074004,48.35443037974684,안전
2021-04-05,3120.83,0.025820308284111953,36.9620253164557,안전
2021-04-06,3127.08,0.027733218882688024,32.91139240506329,안전
2021-04-07,3137.41,0.02742253778225595,33.67088607594937,안전
2021-04-08,3143.26,0.031035412069435657,25.949367088607595,안전
2021-04-09,3131.88,0.027654950059378246,33.22784810126582,안전
2021-04-10,3131.88,0.027654950059378246,33.22784810126582,안전
2021-04-11,3131.88,0.027654950059378246,33.22784810126582,안전
2021-04-12,3135.59,0.02573266861996988,37.21518987341772,안전
2021-04-13,3169.08,0.02996424806699754,27.848101265822784,안전
2021-04-14,3182.38,0.032476114915844734,23.60759493670886,안전
2021-04-15,3194.33,0.03451339558790513,19.17721518987342,안전
2021-04-16,3198.62,0.039877286883628356,10.949367088607595,안전
2021-04-17,3198.62,0.039877286883628356,10.949367088607595,안전
2021-04-18,3198.62,0.039877286883628356,10.949367088607595,안전
2021-04-19,3198.84,0.04047719147398263,10.126582278481013,안전
2021-04-20,3220.7,0.04177914001022374,8.10126582278481,안전
2021-04-21,3171.66,0.0341712765278256,19.873417721518987,안전
2021-04-22,3177.52,0.03484498846875621,18.79746835443038,안전
2021-04-23,3186.1,0.03359037841880694,21.32911392405063,안전
2021-04-24,3186.1,0.03359037841880694,21.32911392405063,안전
2021-04-25,3186.1,0.03359037841880694,21.32911392405063,안전
2021-04-26,3217.53,0.03831956434662228,13.354430379746834,안전
2021-04-27,3215.42,0.03642089798348832,16.582278481012658,안전
2021-04-28,3181.47,0.029013271918778286,29.873417721518987,안전
2021-04-29,3174.07,0.023869479445880644,41.64556962025316,안전
2021-04-30,3147.86,0.0246703070554188,40.0,안전
2021-05-01,3147.86,0.0246703070554188,40.0,안전
2021-05-02,3147.86,0.0246703070554188,40.0,안전
2021-05-03,3127.2,0.01904683845091405,52.911392405063296,안전
2021-05-04,3147.37,0.02305660008691834,42.9746835443038,안전
2021-05-05,3147.37,0.02305660008691834,42.9746835443038,안전
2021-05-06,3178.74,0.032539899322021754,23.544303797468356,안전
2021-05-07,3197.2,0.03683306737519526,15.632911392405063,안전
2021-05-08,3197.2,0.03683306737519526,15.632911392405063,안전
2021-05-09,3197.2,0.03683306737519526,15.632911392405063,안전
2021-05-10,3249.3,0.03867219221394653,12.91139240506329,안전
2021-05-11,3209.43,0.033116044623990044,22.40506329113924,안전
2021-05-12,3161.66,0.02370597930602307,41.89873417721519,안전
2021-05-13,3122.11,0.009623721125465591,72.9113924050633,안전
2021-05-14,3153.32,0.014188595307754945,62.9746835443038,안전
2021-05-15,3153.32,0.014188595307754945,62.9746835443038,안전
2021-05-16,3153.32,0.014188595307754945,62.9746835443038,안전
2021-05-17,3134.52,0.013243654139472446,65.0632911392405,안전
2021-05-18,3173.05,0.020475116143471413,49.36708860759494,안전
2021-05-19,3173.05,0.020475116143471413,49.36708860759494,안전
2021-05-20,3162.28,0.02631502664407314,35.75949367088608,안전
2021-05-21,3156.42,0.031266847681838,25.759493670886073,안전
2021-05-22,3156.42,0.031266847681838,25.759493670886073,안전
2021-05-23,3156.42,0.031266847681838,25.759493670886073,안전
2021-05-24,3144.3,0.028367389337584342,31.139240506329113,안전
2021-05-25,3171.32,0.03948586879516308,11.518987341772153,안전
2021-05-26,3168.43,0.04224840522249003,7.721518987341772,안전
2021-05-27,3165.51,0.038406472296425104,13.291139240506327,안전
2021-05-28,3188.73,0.040492308488582665,10.063291139240507,안전
2021-05-29,3188.73,0.040492308488582665,10.063291139240507,안전
2021-05-30,3188.73,0.040492308488582665,10.063291139240507,안전
2021-05-31,3203.92,0.04374842557629484,6.139240506329114,안전
2021-06-01,3221.87,0.04113824617575716,9.050632911392405,안전
2021-06-02,3224.23,0.034272691155384165,19.62025316455696,안전
2021-06-03,3247.43,0.03621326174801201,17.088607594936708,안전
2021-06-04,3240.08,0.02293670022227369,43.35443037974683,안전
2021-06-05,3240.08,0.02293670022227369,43.35443037974683,안전
2021-06-06,3240.08,0.02293670022227369,43.35443037974683,안전
2021-06-07,3252.12,0.01685339356327691,58.35443037974684,안전
2021-06-08,3247.83,0.019109906081501926,52.594936708860764,안전
2021-06-09,3216.18,0.01635599034742215,59.49367088607595,안전
2021-06-10,3224.64,0.02427741500010324,40.822784810126585,안전
2021-06-11,3249.32,0.0452185032534959,4.6835443037974684,안전
2021-06-12,3249.32,0.0452185032534959,4.6835443037974684,안전
2021-06-13,3249.32,0.0452185032534959,4.6835443037974684,안전
2021-06-14,3252.13,0.04698312822824105,3.860759493670886,안전
2021-06-15,3258.63,0.04680705115350889,3.9873417721518987,안전
2021-06-16,3278.68,0.04819911204741731,3.1645569620253164,안전
2021-06-17,3264.96,0.04685073211391105,3.9240506329113924,안전
2021-06-18,3267.93,0.04288496960317398,7.215189873417721,안전
2021-06-19,3267.93,0.04288496960317398,7.215189873417721,안전
2021-06-20,3267.93,0.04288496960317398,7.215189873417721,안전
2021-06-21,3240.79,0.03710273875872601,15.253164556962027,안전
2021-06-22,3263.88,0.03635598374158731,16.70886075949367,안전
2021-06-23,3276.19,0.03458545826363959,19.050632911392405,안전
2021-06-24,3286.1,0.037639761880672584,14.493670886075948,안전
2021-06-25,3302.84,0.04314267234830311,6.89873417721519,안전
2021-06-26,3302.84,0.04314267234830311,6.89873417721519,안전
2021-06-27,3302.84,0.04314267234830311,6.89873417721519,안전
2021-06-28,3301.89,0.041173358990137285,8.924050632911392,안전
2021-06-29,3286.68,0.040726015162261736,9.620253164556962,안전
2021-06-30,3296.68,0.044125817481163926,5.506329113924051,안전
2021-07-01,3282.06,0.019382024539383067,51.518987341772146,안전
2021-07-02,3281.78,0.022178948087461195,45.25316455696203,안전
2021-07-03,3281.78,0.022178948087461195,45.25316455696203,안전
2021-07-04,3281.78,0.022178948087461195,45.25316455696203,안전
2021-07-05,3293.21,0.023724134956800244,41.835443037974684,안전
2021-07-06,3305.21,0.025769326650440606,37.151898734177216,안전
2021-07-07,3285.34,0.021521605275069033,47.025316455696206,안전
2021-07-08,3252.68,0.011997304797534136,68.35443037974683,안전
2021-07-09,3217.95,-0.0023318911890421665,90.82278481012658,경고
2021-07-10,3217.95,-0.0023318911890421665,90.82278481012658,경고
2021-07-11,3217.95,-0.0023318911890421665,90.82278481012658,경고
2021-07-12,3246.47,0.0067710150545349035,78.22784810126582,안전
2021-07-13,3271.38,0.011478721175357314,69.17721518987342,안전
2021-07-14,3264.81,0.011246217953350365,69.9367088607595,안전
2021-07-15,3286.22,0.01698782281679647,58.10126582278481,안전
2021-07-16,3276.91,0.015526554559006329,61.20253164556962,안전
2021-07-17,3276.91,0.015526554559006329,61.20253164556962,안전
2021-07-18,3276.91,0.015526554559006329,61.20253164556962,안전
2021-07-19,3244.04,0.0071545956606206915,77.65822784810126,안전
2021-07-20,3232.7,0.009635146905817465,72.84810126582279,안전
2021-07-21,3215.91,0.0042094018123082335,82.46835443037975,경고
2021-07-22,3250.21,0.01598053481338623,60.31645569620253,안전
2021-07-23,3254.42,0.018379626570647647,54.493670886075954,안전
2021-07-24,3254.42,0.018379626570647647,54.493670886075954,안전
2021-07-25,3254.42,0.018379626570647647,54.493670886075954,안전
2021-07-26,3224.95,0.015636824782762567,61.07594936708861,안전
2021-07-27,3232.53,0.012225838738213413,67.53164556962025,안전
2021-07-28,3236.86,0.014520503807700005,62.721518987341774,안전
2021-07-29,3242.65,0.030477706039651213,27.21518987341772,안전
2021-07-30,3202.32,0.025571777138464702,37.721518987341774,안전
2021-07-31,3202.32,0.025571777138464702,37.721518987341774,안전
2021-08-01,3202.32,0.025571777138464702,37.721518987341774,안전
2021-08-02,3223.04,0.026759547156860245,34.810126582278485,안전
2021-08-03,3237.14,0.03425364686672134,19.68354430379747,안전
2021-08-04,3280.38,0.048034014163558125,3.2911392405063293,안전
2021-08-05,3276.13,0.04594045102883416,4.367088607594936,안전
2021-08-06,3270.36,0.05866331045979091,0.37974683544303794,안전
2021-08-07,3270.36,0.05866331045979091,0.37974683544303794,안전
2021-08-08,3270.36,0.05866331045979091,0.37974683544303794,안전
2021-08-09,3260.42,0.04605776301157591,4.30379746835443,안전
2021-08-10,3243.19,0.044058963259911675,5.5696202531645564,안전
2021-08-11,3220.62,0.030941169081407816,26.20253164556962,안전
2021-08-12,3208.38,0.024505060515870952,40.44303797468354,안전
2021-08-13,3171.29,0.011452963124576835,69.24050632911393,안전
2021-08-14,3171.29,0.011452963124576835,69.24050632911393,안전
2021-08-15,3171.29,0.011452963124576835,69.24050632911393,안전
2021-08-16,3171.29,0.011452963124576835,69.24050632911393,안전
2021-08-17,3143.09,-0.006064807510161521,93.92405063291139,경고
2021-08-18,3158.93,-0.00764271038423356,94.87341772151898,경고
2021-08-19,3097.83,-0.017294303986911272,98.79746835443038,위험
2021-08-20,3060.51,-0.0221753362274563,99.55696202531645,위험
2021-08-21,3060.51,-0.0221753362274563,99.55696202531645,위험
2021-08-22,3060.51,-0.0221753362274563,99.55696202531645,위험
2021-08-23,3090.21,-0.008677741183931227,95.44303797468355,위험
2021-08-24,3138.3,0.015163680000383784,61.64556962025316,안전
2021-08-25,3146.81,0.019615924103992717,51.13924050632911,안전
2021-08-26,3128.53,0.017032597653659512,57.91139240506329,안전
2021-08-27,3133.9,0.013256471287211621,65.0,안전
2021-08-28,3133.9,0.013256471287211621,65.0,안전
2021-08-29,3133.9,0.013256471287211621,65.0,안전
2021-08-30,3144.19,0.00975867998410183,72.53164556962025,안전
2021-08-31,3199.27,0.020325771122949098,49.81012658227848,안전
2021-09-01,3207.02,0.014682132179296684,62.40506329113924,안전
2021-09-02,3175.85,0.006822282338417883,78.10126582278481,안전
2021-09-03,3201.06,0.007629217615583942,76.39240506329114,안전
2021-09-04,3201.06,0.007629217615583942,76.39240506329114,안전
2021-09-05,3201.06,0.007629217615583942,76.39240506329114,안전
2021-09-06,3203.33,-0.00018029901143206892,88.54430379746834,경고
2021-09-07,3187.42,0.004087761992616698,82.72151898734177,경고
2021-09-08,3162.99,0.003821888467111431,83.41772151898735,경고
2021-09-09,3114.7,-0.006128406544688471,93.9873417721519,경고
2021-09-10,3125.76,-0.00104372074279437,89.24050632911393,경고
2021-09-11,3125.76,-0.00104372074279437,89.24050632911393,경고
2021-09-12,3125.76,-0.00104372074279437,89.24050632911393,경고
2021-09-13,3127.86,-0.00022765837064313613,88.73417721518987,경고
2021-09-14,3148.83,0.018121206389773818,54.87341772151899,안전
2021-09-15,3153.4,0.02672698732853175,34.93670886075949,안전
2021-09-16,3130.09,0.0175109594951949,56.64556962025317,안전
2021-09-17,3140.51,0.02054220122562852,49.24050632911393,안전
2021-09-18,3140.51,0.02054220122562852,49.24050632911393,안전
2021-09-19,3140.51,0.02054220122562852,49.24050632911393,안전
2021-09-20,3140.51,0.02054220122562852,49.24050632911393,안전
2021-09-21,3140.51,0.02054220122562852,49.24050632911393,안전
2021-09-22,3140.51,0.02054220122562852,49.24050632911393,안전
2021-09-23,3127.58,0.014535983404686748,62.65822784810127,안전
2021-09-24,3125.24,0.0028390267047129934,84.9367088607595,경고
2021-09-25,3125.24,0.0028390267047129934,84.9367088607595,경고
2021-09-26,3125.24,0.0028390267047129934,84.9367088607595,경고
2021-09-27,3133.64,0.0056319338614178585,80.50632911392405,경고
2021-09-28,3097.92,-0.002543015695724831,91.13924050632912,경고
2021-09-29,3060.27,-0.006155189374579704,94.11392405063292,경고
2021-09-30,3068.82,0.0027813036666981313,85.0,경고
2021-10-01,3019.18,-0.011682784318555546,97.0886075949367,위험
2021-10-02,3019.18,-0.011682784318555546,97.0886075949367,위험
2021-10-03,3019.18,-0.011682784318555546,97.0886075949367,위험
2021-10-04,3019.18,-0.011682784318555546,97.0886075949367,위험
2021-10-05,2962.17,-0.009383147510605722,95.69620253164557,위험
2021-10-06,2908.31,-0.004420293200982913,92.84810126582278,경고
2021-10-07,2959.46,0.016665854892552304,58.86075949367089,안전
2021-10-08,2956.3,0.029926371369582302,27.974683544303797,안전
2021-10-09,2956.3,0.029926371369582302,27.974683544303797,안전
2021-10-10,2956.3,0.029926371369582302,27.974683544303797,안전
2021-10-11,2956.3,0.029926371369582302,27.974683544303797,안전
2021-10-12,2916.38,0.026247716403147443,36.0126582278481,안전
2021-10-13,2944.41,0.027433803338654247,33.607594936708864,안전
2021-10-14,2988.64,0.029699136214000842,28.73417721518987,안전
2021-10-15,3015.06,0.030514370733498088,27.088607594936708,안전
2021-10-16,3015.06,0.030514370733498088,27.088607594936708,안전
2021-10-17,3015.06,0.030514370733498088,27.088607594936708,안전
2021-10-18,3006.68,0.028440850869078382,31.0126582278481,안전
2021-10-19,3029.04,0.027388484137180716,33.79746835443038,안전
2021-10-20,3013.13,0.02165299432044235,46.70886075949367,안전
2021-10-21,3007.33,0.01868376225465143,53.60759493670886,안전
2021-10-22,3006.16,0.017235300487208123,57.65822784810126,안전
2021-10-23,3006.16,0.017235300487208123,57.65822784810126,안전
2021-10-24,3006.16,0.017235300487208123,57.65822784810126,안전
2021-10-25,3020.54,0.018668733809435303,53.734177215189874,안전
2021-10-26,3049.08,0.021184595422920532,47.59493670886076,안전
2021-10-27,3025.49,0.016604348160261663,59.05063291139241,안전
2021-10-28,3009.55,0.013952481415907622,63.29113924050633,안전
2021-10-29,2970.68,0.00734761326071252,77.15189873417721,안전
2021-10-30,2970.68,0.00734761326071252,77.15189873417721,안전
2021-10-31,2970.68,0.00734761326071252,77.15189873417721,안전
2021-11-01,2978.94,0.00498871207915756,81.32911392405063,경고
2021-11-02,3013.49,0.006059104374278911,79.62025316455697,안전
2021-11-03,2975.71,0.006819621662076919,78.16455696202532,안전
2021-11-04,2983.22,0.005056823815271248,81.26582278481013,경고
2021-11-05,2969.27,-0.0033772423689529913,92.21518987341773,경고
2021-11-06,2969.27,-0.0033772423689529913,92.21518987341773,경고
2021-11-07,2969.27,-0.0033772423689529913,92.21518987341773,경고
2021-11-08,2960.2,-0.009952514928952487,96.0126582278481,위험
2021-11-09,2962.46,-0.01224959753599791,97.27848101265822,위험
2021-11-10,2930.17,-0.014252751241476215,98.0379746835443,위험
2021-11-11,2924.92,-0.009572930227606566,95.82278481012658,위험
2021-11-12,2968.8,-0.002603891372985584,91.20253164556962,경고
2021-11-13,2968.8,-0.002603891372985584,91.20253164556962,경고
2021-11-14,2968.8,-0.002603891372985584,91.20253164556962,경고
2021-11-15,2999.52,0.004438177926499231,82.08860759493672,경고
2021-11-16,2997.21,0.008033367866564074,75.9493670886076,안전
2021-11-17,2962.42,0.007162159606118622,77.59493670886076,안전
2021-11-18,2947.38,0.005683103923631149,80.31645569620252,경고
2021-11-19,2971.02,0.008243520661228925,75.25316455696202,안전
2021-11-20,2971.02,0.008243520661228925,75.25316455696202,안전
2021-11-21,2971.02,0.008243520661228925,75.25316455696202,안전
2021-11-22,3013.25,0.012264255973566516,67.34177215189874,안전
2021-11-23,2997.33,0.011277383330833815,69.74683544303798,안전
2021-11-24,2994.29,0.013708060155244128,63.98734177215189,안전
2021-11-25,2980.27,0.012660471809372558,66.39240506329114,안전
2021-11-26,2936.44,0.009092796028124647,73.79746835443038,안전
2021-11-27,2936.44,0.009092796028124647,73.79746835443038,안전
2021-11-28,2936.44,0.009092796028124647,73.79746835443038,안전
2021-11-29,2909.32,0.006057939441396738,79.68354430379748,안전
2021-11-30,2839.01,0.0017018336232412943,86.51898734177215,경고
2021-12-01,2899.72,0.012155917590844407,67.91139240506328,안전
2021-12-02,2945.27,0.020914078734392952,48.41772151898734,안전
2021-12-03,2968.33,0.027888313977608187,32.34177215189874,안전
2021-12-04,2968.33,0.027888313977608187,32.34177215189874,안전
2021-12-05,2968.33,0.027888313977608187,32.34177215189874,안전
2021-12-06,2973.25,0.027875788841213518,32.46835443037975,안전
2021-12-07,2991.72,0.0293508436240581,29.367088607594937,안전
2021-12-08,3001.8,0.0288605419365238,30.189873417721518,안전
2021-12-09,3029.57,0.029136624479670418,29.49367088607595,안전
2021-12-10,3010.23,0.025429424302650765,37.9746835443038,안전
2021-12-11,3010.23,0.025429424302650765,37.9746835443038,안전
2021-12-12,3010.23,0.025429424302650765,37.9746835443038,안전
2021-12-13,3001.66,0.023219521397315777,42.53164556962025,안전
2021-12-14,2987.95,0.017977251487774293,55.379746835443036,안전
2021-12-15,2989.39,0.019312836844470587,51.70886075949367,안전
2021-12-16,3006.41,0.021694003314498174,46.64556962025316,안전
2021-12-17,3017.73,0.023171319483272376,42.59493670886076,안전
2021-12-18,3017.73,0.023171319483272376,42.59493670886076,안전
2021-12-19,3017.73,0.023171319483272376,42.59493670886076,안전
2021-12-20,2963.0,0.014846908543934905,62.088607594936704,안전
2021-12-21,2975.03,0.017708869548585488,56.139240506329116,안전
2021-12-22,2984.48,0.016292660905123702,59.62025316455696,안전
2021-12-23,2998.17,0.02055349500125078,49.17721518987342,안전
2021-12-24,3012.43,0.02712884545410574,34.36708860759494,안전
2021-12-25,3012.43,0.02712884545410574,34.36708860759494,안전
2021-12-26,3012.43,0.02712884545410574,34.36708860759494,안전
2021-12-27,2999.55,0.02684839825942475,34.74683544303797,안전
2021-12-28,3020.24,0.030078359070498956,27.658227848101262,안전
2021-12-29,2993.29,0.015075309672314022,61.83544303797468,안전
2021-12-30,2977.65,0.005943129525680749,79.87341772151899,안전
2021-12-31,2977.65,0.005943129525680749,79.87341772151899,안전
2022-01-01,2977.65,0.005943129525680749,79.87341772151899,안전
2022-01-02,2977.65,0.005943129525680749,79.87341772151899,안전
2022-01-03,2988.77,-0.00830497080480381,95.25316455696202,위험
2022-01-04,2989.24,-0.010164206508277892,96.32911392405063,위험
2022-01-05,2953.97,-0.019028513307927115,99.1139240506329,위험
2022-01-06,2920.53,-0.028345606890865082,100.0,위험
2022-01-07,2954.89,-0.018245623443154127,98.9873417721519,위험
2022-01-08,2954.89,-0.018245623443154127,98.9873417721519,위험
2022-01-09,2954.89,-0.018245623443154127,98.9873417721519,위험
2022-01-10,2926.72,-0.02117491311616776,99.49367088607595,위험
2022-01-11,2927.38,-0.019157846672172366,99.17721518987341,위험
2022-01-12,2972.48,-0.0077637497667475165,95.12658227848101,위험
2022-01-13,2962.09,-0.007693874744501885,94.9367088607595,경고
2022-01-14,2921.92,-0.01337047825244348,97.59493670886076,위험
2022-01-15,2921.92,-0.01337047825244348,97.59493670886076,위험
2022-01-16,2921.92,-0.01337047825244348,97.59493670886076,위험
2022-01-17,2890.1,-0.018398577506452227,99.0506329113924,위험
2022-01-18,2864.24,-0.02389135199397093,99.62025316455696,위험
2022-01-19,2842.28,-0.025600993907902866,99.87341772151899,위험
2022-01-20,2862.68,-0.01336794646456535,97.53164556962025,위험
2022-01-21,2834.29,-0.013597253230562654,97.78481012658227,위험
2022-01-22,2834.29,-0.013597253230562654,97.78481012658227,위험
2022-01-23,2834.29,-0.013597253230562654,97.78481012658227,위험
2022-01-24,2792.0,-0.019456790807215345,99.24050632911391,위험
2022-01-25,2720.39,-0.02433799093980105,99.74683544303798,위험
2022-01-26,2709.24,-0.017185020962356766,98.73417721518987,위험
2022-01-27,2614.49,0.002997594327093801,84.81012658227847,경고
2022-01-28,2663.34,0.013517543136268146,64.43037974683544,안전
2022-01-29,2663.34,0.013517543136268146,64.43037974683544,안전
2022-01-30,2663.34,0.013517543136268146,64.43037974683544,안전
2022-01-31,2663.34,0.013517543136268146,64.43037974683544,안전
2022-02-01,2663.34,0.013517543136268146,64.43037974683544,안전
2022-02-02,2663.34,0.013517543136268146,64.43037974683544,안전
2022-02-03,2707.82,0.022780698745426972,43.734177215189874,안전
2022-02-04,2750.26,0.033579077347536734,21.39240506329114,안전
2022-02-05,2750.26,0.033579077347536734,21.39240506329114,안전
2022-02-06,2750.26,0.033579077347536734,21.39240506329114,안전
2022-02-07,2745.06,0.03280147416069033,23.037974683544306,안전
2022-02-08,2746.47,0.03283246360893599,22.974683544303797,안전
2022-02-09,2768.85,0.03261162974075002,23.417721518987342,안전
2022-02-10,2771.93,0.029666074237625566,28.79746835443038,안전
2022-02-11,2747.71,0.025309794415184224,38.291139240506325,안전
2022-02-12,2747.71,0.025309794415184224,38.291139240506325,안전
2022-02-13,2747.71,0.025309794415184224,38.291139240506325,안전
2022-02-14,2704.48,0.021504337110513062,47.151898734177216,안전
2022-02-15,2676.54,0.01760656107222748,56.51898734177215,안전
2022-02-16,2729.68,0.026410670617711737,35.50632911392405,안전
2022-02-17,2744.09,0.03218486300782293,24.050632911392405,안전
2022-02-18,2744.52,0.033785590548545213,21.012658227848103,안전
2022-02-19,2744.52,0.033785590548545213,21.012658227848103,안전
2022-02-20,2744.52,0.033785590548545213,21.012658227848103,안전
2022-02-21,2743.8,0.033211583224044355,22.151898734177212,안전
2022-02-22,2706.79,0.024081105236480504,41.265822784810126,안전
2022-02-23,2719.53,0.021037447877199845,47.9746835443038,안전
2022-02-24,2648.8,0.01192194446608095,68.48101265822784,안전
2022-02-25,2676.76,0.012588112899536864,66.51898734177215,안전
2022-02-26,2676.76,0.012588112899536864,66.51898734177215,안전
2022-02-27,2676.76,0.012588112899536864,66.51898734177215,안전
2022-02-28,2699.18,0.011340924848503383,69.55696202531647,안전
2022-03-01,2699.18,0.011340924848503383,69.55696202531647,안전
2022-03-02,2703.52,0.006437370133158068,78.9873417721519,안전
2022-03-03,2747.08,0.0072984924829983845,77.21518987341773,안전
2022-03-04,2713.43,-0.0024381532131424206,91.01265822784809,경고
2022-03-05,2713.43,-0.0024381532131424206,91.01265822784809,경고
2022-03-06,2713.43,-0.0024381532131424206,91.01265822784809,경고
2022-03-07,2651.31,-0.014215821314434194,97.9746835443038,위험
2022-03-08,2622.4,-0.021104549626992097,99.43037974683544,위험
2022-03-09,2622.4,-0.021104549626992097,99.43037974683544,위험
2022-03-10,2680.32,-0.013380597732060209,97.65822784810126,위험
2022-03-11,2661.28,-0.010059490975943712,96.13924050632912,위험
2022-03-12,2661.28,-0.010059490975943712,96.13924050632912,위험
2022-03-13,2661.28,-0.010059490975943712,96.13924050632912,위험
2022-03-14,2645.65,-0.010111586881602786,96.26582278481013,위험
2022-03-15,2621.53,-0.014193071485080967,97.9113924050633,위험
2022-03-16,2659.23,-0.009958428092124001,96.07594936708861,위험
2022-03-17,2694.51,-0.005451418959301707,93.41772151898734,경고
2022-03-18,2707.02,-0.006551274178251288,94.24050632911393,경고
2022-03-19,2707.02,-0.006551274178251288,94.24050632911393,경고
2022-03-20,2707.02,-0.006551274178251288,94.24050632911393,경고
2022-03-21,2686.05,-0.010275094136929199,96.39240506329114,위험
2022-03-22,2710.0,-0.00850810355568593,95.37974683544303,위험
2022-03-23,2735.05,-0.00774342734421486,95.0,위험
2022-03-24,2729.66,-0.006018352281495424,93.79746835443038,경고
2022-03-25,2729.98,-0.0037276539146891222,92.40506329113924,경고
2022-03-26,2729.98,-0.0037276539146891222,92.40506329113924,경고
2022-03-27,2729.98,-0.0037276539146891222,92.40506329113924,경고
2022-03-28,2729.56,-0.004333829668486777,92.78481012658227,경고
2022-03-29,2741.07,-0.001784965168179515,90.12658227848101,경고
2022-03-30,2746.74,-0.00012473419474557865,88.48101265822785,경고
2022-03-31,2757.65,0.0019498061682443092,86.26582278481013,경고
2022-04-01,2739.85,-0.0030021024879813233,91.58227848101265,경고
2022-04-02,2739.85,-0.0030021024879813233,91.58227848101265,경고
2022-04-03,2739.85,-0.0030021024879813233,91.58227848101265,경고
2022-04-04,2757.9,0.0033595243723156826,84.24050632911393,경고
2022-04-05,2759.2,0.0034530817658789386,84.11392405063292,경고
2022-04-06,2735.03,0.0027022183650038164,85.12658227848101,경고
2022-04-07,2695.86,-0.0032796333840705797,92.0253164556962,경고
2022-04-08,2700.39,-0.0037751607134281513,92.46835443037975,경고
2022-04-09,2700.39,-0.0037751607134281513,92.46835443037975,경고
2022-04-10,2700.39,-0.0037751607134281513,92.46835443037975,경고
2022-04-11,2693.1,-0.006139266620609044,94.05063291139241,경고
2022-04-12,2666.76,-0.009138261027785198,95.56962025316456,위험
2022-04-13,2716.49,0.002553681641658855,85.37974683544304,경고
2022-04-14,2716.71,0.0021341949918478945,85.8860759493671,경고
2022-04-15,2696.06,-0.0014010007962996212,89.9367088607595,경고
2022-04-16,2696.06,-0.0014010007962996212,89.9367088607595,경고
2022-04-17,2696.06,-0.0014010007962996212,89.9367088607595,경고
2022-04-18,2693.21,-0.00348019039877245,92.27848101265823,경고
2022-04-19,2718.89,0.0026255131247720585,85.25316455696202,경고
2022-04-20,2718.69,0.004444344716099585,82.02531645569621,경고
2022-04-21,2728.21,0.006854358556250996,78.0379746835443,안전
2022-04-22,2704.71,0.001517539461887183,86.77215189873418,경고
2022-04-23,2704.71,0.001517539461887183,86.77215189873418,경고
2022-04-24,2704.71,0.001517539461887183,86.77215189873418,경고
2022-04-25,2657.13,-0.006639146465691075,94.36708860759494,경고
2022-04-26,2668.31,-0.00457054861557124,93.0379746835443,경고
2022-04-27,2639.06,-0.011485511412763855,96.9620253164557,위험
2022-04-28,2667.49,-0.002356184695525401,90.88607594936708,경고
2022-04-29,2695.05,0.00436272541263664,82.21518987341773,경고
2022-04-30,2695.05,0.00436272541263664,82.21518987341773,경고
2022-05-01,2695.05,0.00436272541263664,82.21518987341773,경고
2022-05-02,2687.45,-0.0020675107842757882,90.37974683544304,경고
2022-05-03,2680.46,-0.0011858512610505027,89.68354430379748,경고
2022-05-04,2677.57,-0.0018813457519394603,90.31645569620254,경고
2022-05-05,2677.57,-0.0018813457519394603,90.31645569620254,경고
2022-05-06,2644.51,-0.008367745807492133,95.31645569620252,위험
2022-05-07,2644.51,-0.008367745807492133,95.31645569620252,위험
2022-05-08,2644.51,-0.008367745807492133,95.31645569620252,위험
2022-05-09,2610.81,-0.013993608882264832,97.84810126582279,위험
2022-05-10,2596.56,-0.014504279892884114,98.10126582278481,위험
2022-05-11,2592.27,-0.011354031484983578,96.89873417721519,위험
2022-05-12,2550.08,-0.014729169016243816,98.16455696202532,위험
2022-05-13,2604.24,-0.0029244171967951556,91.45569620253164,경고
2022-05-14,2604.24,-0.0029244171967951556,91.45569620253164,경고
2022-05-15,2604.24,-0.0029244171967951556,91.45569620253164,경고
2022-05-16,2596.58,-0.0015792585333441094,90.0632911392405,경고
2022-05-17,2620.44,0.007949451399563677,76.0759493670886,안전
2022-05-18,2625.98,0.012104828781284572,67.97468354430379,안전
2022-05-19,2592.34,0.007674019385625074,76.26582278481013,안전
2022-05-20,2639.29,0.017682891115529002,56.265822784810126,안전
2022-05-21,2639.29,0.017682891115529002,56.265822784810126,안전
2022-05-22,2639.29,0.017682891115529002,56.265822784810126,안전
2022-05-23,2647.38,0.021161177509407676,47.721518987341774,안전
2022-05-24,2605.87,0.01673969492182284,58.607594936708864,안전
2022-05-25,2617.22,0.022620609607262327,44.11392405063291,안전
2022-05-26,2612.45,0.02188517474764902,46.0126582278481,안전
2022-05-27,2638.05,0.028121509895463533,31.962025316455694,안전
2022-05-28,2638.05,0.028121509895463533,31.962025316455694,안전
2022-05-29,2638.05,0.028121509895463533,31.962025316455694,안전
2022-05-30,2669.66,0.03344340642937607,21.518987341772153,안전
2022-05-31,2685.9,0.03794324359332969,13.734177215189874,안전
2022-06-01,2685.9,0.03794324359332969,13.734177215189874,안전
2022-06-02,2658.99,0.03204284489316046,24.240506329113924,안전
2022-06-03,2670.65,0.03471347350615432,18.860759493670887,안전
2022-06-04,2670.65,0.03471347350615432,18.860759493670887,안전
2022-06-05,2670.65,0.03471347350615432,18.860759493670887,안전
2022-06-06,2670.65,0.03471347350615432,18.860759493670887,안전
2022-06-07,2626.34,0.02374831570213489,41.77215189873418,안전
2022-06-08,2626.15,0.0256726312381647,37.46835443037975,안전
2022-06-09,2625.44,0.022296164730427316,44.87341772151899,안전
2022-06-10,2595.87,0.015499691237086752,61.32911392405064,안전
2022-06-11,2595.87,0.015499691237086752,61.32911392405064,안전
2022-06-12,2595.87,0.015499691237086752,61.32911392405064,안전
2022-06-13,2504.51,-0.0004091460986472787,88.9873417721519,경고
2022-06-14,2492.97,0.00017372588237588894,87.9113924050633,경고
2022-06-15,2447.38,-9.855559785491505e-05,88.41772151898735,경고
2022-06-16,2451.41,0.005845745428996279,79.9367088607595,안전
2022-06-17,2440.93,0.010447111891406142,71.64556962025317,안전
2022-06-18,2440.93,0.010447111891406142,71.64556962025317,안전
2022-06-19,2440.93,0.010447111891406142,71.64556962025317,안전
2022-06-20,2391.03,0.010410075865798358,71.70886075949367,안전
2022-06-21,2408.93,0.01619318894286206,59.74683544303797,안전
2022-06-22,2342.81,0.013878115554467135,63.67088607594936,안전
2022-06-23,2314.32,0.01388293509352866,63.60759493670886,안전
2022-06-24,2366.6,0.023408584941143847,42.21518987341772,안전
2022-06-25,2366.6,0.023408584941143847,42.21518987341772,안전
2022-06-26,2366.6,0.023408584941143847,42.21518987341772,안전
2022-06-27,2401.92,0.03423752144110394,19.746835443037973,안전
2022-06-28,2422.09,0.035700131665660516,17.531645569620252,안전
2022-06-29,2377.99,0.02953573153990922,28.987341772151897,안전
2022-06-30,2332.64,0.021814757867142334,46.32911392405064,안전
2022-07-01,2305.42,0.01577099482605097,60.822784810126585,안전
2022-07-02,2305.42,0.01577099482605097,60.822784810126585,안전
2022-07-03,2305.42,0.01577099482605097,60.822784810126585,안전
2022-07-04,2300.34,0.01576669877445308,60.88607594936709,안전
2022-07-05,2341.78,0.02206425604721952,45.56962025316456,안전
2022-07-06,2292.01,0.018442486753554102,54.30379746835443,안전
2022-07-07,2334.27,0.023478037841167435,42.151898734177216,안전
2022-07-08,2350.61,0.02210887643843623,45.44303797468354,안전
2022-07-09,2350.61,0.02210887643843623,45.44303797468354,안전
2022-07-10,2350.61,0.02210887643843623,45.44303797468354,안전
2022-07-11,2340.27,0.021397074074861758,47.21518987341772,안전
2022-07-12,2317.76,0.01943386885215134,51.392405063291136,안전
2022-07-13,2328.61,0.016429447788552234,59.430379746835435,안전
2022-07-14,2322.32,0.013331730805507536,64.87341772151899,안전
2022-07-15,2330.98,0.01228553517905568,67.27848101265823,안전
2022-07-16,2330.98,0.01228553517905568,67.27848101265823,안전
2022-07-17,2330.98,0.01228553517905568,67.27848101265823,안전
2022-07-18,2375.25,0.013108368296780854,65.37974683544304,안전
2022-07-19,2370.97,0.011050951382743701,70.18987341772151,안전
2022-07-20,2386.85,0.010377613168944396,71.77215189873418,안전
2022-07-21,2409.16,0.008588382724241348,74.68354430379746,안전
2022-07-22,2393.14,0.0038216859634468358,83.48101265822785,경고
2022-07-23,2393.14,0.0038216859634468358,83.48101265822785,경고
2022-07-24,2393.14,0.0038216859634468358,83.48101265822785,경고
2022-07-25,2403.69,-0.0029696953729396944,91.51898734177215,경고
2022-07-26,2412.96,-0.006042592968471417,93.86075949367088,경고
2022-07-27,2415.53,-0.005257490246261503,93.29113924050633,경고
2022-07-28,2435.27,-0.0032411897526323074,91.9620253164557,경고
2022-07-29,2451.5,-0.0013700962857293632,89.87341772151899,경고
2022-07-30,2451.5,-0.0013700962857293632,89.87341772151899,경고
2022-07-31,2451.5,-0.0013700962857293632,89.87341772151899,경고
2022-08-01,2452.25,-0.0025317975128141944,91.07594936708861,경고
2022-08-02,2439.62,-0.00472295156141945,93.16455696202532,경고
2022-08-03,2461.45,-0.0053015891488571495,93.35443037974683,경고
2022-08-04,2473.11,-0.005732451713459322,93.54430379746836,경고
2022-08-05,2490.8,-0.0011301415104747678,89.55696202531645,경고
2022-08-06,2490.8,-0.0011301415104747678,89.55696202531645,경고
2022-08-07,2490.8,-0.0011301415104747678,89.55696202531645,경고
2022-08-08,2493.1,-0.002146554065237817,90.50632911392405,경고
2022-08-09,2503.46,3.204252536613203e-05,88.16455696202532,경고
2022-08-10,2480.88,-0.0012177102718259926,89.74683544303798,경고
2022-08-11,2523.78,0.0019494291933431149,86.32911392405063,경고
2022-08-12,2527.94,0.001690598749190135,86.58227848101265,경고
2022-08-13,2527.94,0.001690598749190135,86.58227848101265,경고
2022-08-14,2527.94,0.001690598749190135,86.58227848101265,경고
2022-08-15,2527.94,0.001690598749190135,86.58227848101265,경고
2022-08-16,2533.52,0.0035352037639586886,83.92405063291139,경고
2022-08-17,2516.47,0.002756775016788029,85.0632911392405,경고
2022-08-18,2508.05,0.0021601125086567856,85.75949367088607,경고
2022-08-19,2492.69,0.002409017436618196,85.50632911392405,경고
2022-08-20,2492.69,0.002409017436618196,85.50632911392405,경고
2022-08-21,2492.69,0.002409017436618196,85.50632911392405,경고
2022-08-22,2462.5,4.971701975257578e-05,88.10126582278481,경고
2022-08-23,2435.34,-0.0018293614110806069,90.25316455696203,경고
2022-08-24,2447.45,0.0016547626121904049,86.64556962025316,경고
2022-08-25,2477.26,0.005635902419648852,80.44303797468353,경고
2022-08-26,2481.03,0.0074659648233394976,76.70886075949367,안전
2022-08-27,2481.03,0.0074659648233394976,76.70886075949367,안전
2022-08-28,2481.03,0.0074659648233394976,76.70886075949367,안전
2022-08-29,2426.89,0.0026278184774835307,85.18987341772151,경고
2022-08-30,2450.93,0.0066654470977409,78.48101265822784,안전
2022-08-31,2472.05,0.009595499379738139,73.10126582278481,안전
2022-09-01,2415.61,0.0009437854779316308,87.15189873417721,경고
2022-09-02,2409.41,0.0011205192829945275,87.0253164556962,경고
2022-09-03,2409.41,0.0011205192829945275,87.0253164556962,경고
2022-09-04,2409.41,0.0011205192829945275,87.0253164556962,경고
2022-09-05,2403.68,-0.00099523107852963,89.17721518987342,경고
2022-09-06,2410.02,0.001368613827705343,86.83544303797468,경고
2022-09-07,2376.46,-0.0027467146129300964,91.39240506329114,경고
2022-09-08,2384.28,-0.00018919602588517333,88.60759493670885,경고
2022-09-09,2384.28,-0.00018919602588517333,88.60759493670885,경고
2022-09-10,2384.28,-0.00018919602588517333,88.60759493670885,경고
2022-09-11,2384.28,-0.00018919602588517333,88.60759493670885,경고
2022-09-12,2384.28,-0.00018919602588517333,88.60759493670885,경고
2022-09-13,2449.54,0.011260244754927923,69.87341772151898,안전
2022-09-14,2411.42,0.006522455717292155,78.92405063291139,안전
2022-09-15,2401.83,0.00652316293523702,78.86075949367088,안전
2022-09-16,2382.78,0.0033355937426678686,84.43037974683544,경고
2022-09-17,2382.78,0.0033355937426678686,84.43037974683544,경고
2022-09-18,2382.78,0.0033355937426678686,84.43037974683544,경고
2022-09-19,2355.66,-0.0015447287378697015,90.0,경고
2022-09-20,2367.85,0.0008940829187097585,87.27848101265823,경고
2022-09-21,2347.21,-1.9418582744814856e-05,88.22784810126582,경고
2022-09-22,2332.31,-0.0010716958284348048,89.36708860759494,경고
2022-09-23,2290.0,-0.0074372981543653575,94.68354430379748,경고
2022-09-24,2290.0,-0.0074372981543653575,94.68354430379748,경고
2022-09-25,2290.0,-0.0074372981543653575,94.68354430379748,경고
2022-09-26,2220.94,-0.016164499187129026,98.60759493670886,위험
2022-09-27,2223.86,-0.011510080233103103,97.0253164556962,위험
2022-09-28,2169.29,-0.010581572037078598,96.45569620253166,위험
2022-09-29,2170.93,-0.003916486504934908,92.65822784810128,경고
2022-09-30,2155.49,-2.9892064286222292e-05,88.29113924050634,경고
2022-10-01,2155.49,-2.9892064286222292e-05,88.29113924050634,경고
2022-10-02,2155.49,-2.9892064286222292e-05,88.29113924050634,경고
2022-10-03,2155.49,-2.9892064286222292e-05,88.29113924050634,경고
2022-10-04,2209.38,0.00971067452641472,72.78481012658227,안전
2022-10-05,2215.22,0.014824724262204773,62.151898734177216,안전
2022-10-06,2237.86,0.02026027941372256,50.0,안전
2022-10-07,2232.84,0.02002129917012092,50.696202531645575,안전
2022-10-08,2232.84,0.02002129917012092,50.696202531645575,안전
2022-10-09,2232.84,0.02002129917012092,50.696202531645575,안전
2022-10-10,2232.84,0.02002129917012092,50.696202531645575,안전
2022-10-11,2192.07,0.01665915781066593,58.924050632911396,안전
2022-10-12,2202.47,0.019404293725410703,51.45569620253164,안전
2022-10-13,2162.87,0.018601152305572674,53.860759493670884,안전
2022-10-14,2212.55,0.024836504295217162,39.49367088607595,안전
2022-10-15,2212.55,0.024836504295217162,39.49367088607595,안전
2022-10-16,2212.55,0.024836504295217162,39.49367088607595,안전
2022-10-17,2219.71,0.025712679028899104,37.40506329113924,안전
2022-10-18,2249.95,0.029584349000382898,28.860759493670884,안전
2022-10-19,2237.44,0.028172535357063898,31.772151898734176,안전
2022-10-20,2218.09,0.02533017448956116,38.22784810126582,안전
2022-10-21,2213.12,0.022715542411850108,44.050632911392405,안전
2022-10-22,2213.12,0.022715542411850108,44.050632911392405,안전
2022-10-23,2213.12,0.022715542411850108,44.050632911392405,안전
2022-10-24,2236.16,0.022583650361995455,44.303797468354425,안전
2022-10-25,2235.07,0.022399929388171657,44.68354430379747,안전
2022-10-26,2249.56,0.023164430119790268,42.65822784810126,안전
2022-10-27,2288.78,0.024843262225400675,39.43037974683544,안전
2022-10-28,2268.4,0.018505009427689095,54.24050632911393,안전
2022-10-29,2268.4,0.018505009427689095,54.24050632911393,안전
2022-10-30,2268.4,0.018505009427689095,54.24050632911393,안전
2022-10-31,2293.61,0.018869076942748,53.417721518987335,안전
2022-11-01,2335.22,0.017610129093005113,56.45569620253165,안전
2022-11-02,2336.87,0.01509688002333737,61.77215189873417,안전
2022-11-03,2329.17,0.012042932247372556,68.16455696202532,안전
2022-11-04,2348.43,0.013313406805383059,64.9367088607595,안전
2022-11-05,2348.43,0.013313406805383059,64.9367088607595,안전
2022-11-06,2348.43,0.013313406805383059,64.9367088607595,안전
2022-11-07,2371.79,0.014431763346914539,62.78481012658228,안전
2022-11-08,2399.04,0.01609222117340279,60.0,안전
2022-11-09,2424.41,0.017741438572009733,55.949367088607595,안전
2022-11-10,2402.23,0.015367723716495146,61.39240506329114,안전
2022-11-11,2483.16,0.021035534772673524,48.037974683544306,안전
2022-11-12,2483.16,0.021035534772673524,48.037974683544306,안전
2022-11-13,2483.16,0.021035534772673524,48.037974683544306,안전
2022-11-14,2474.65,0.017385853059386086,57.15189873417722,안전
2022-11-15,2480.33,0.01809983606015284,54.936708860759495,안전
2022-11-16,2477.45,0.017437126275709616,57.025316455696206,안전
2022-11-17,2442.9,0.01258566270009381,66.58227848101265,안전
2022-11-18,2444.48,0.011423655244665168,69.30379746835443,안전
2022-11-19,2444.48,0.011423655244665168,69.30379746835443,안전
2022-11-20,2444.48,0.011423655244665168,69.30379746835443,안전
2022-11-21,2419.5,0.008768344409734598,74.36708860759494,안전
2022-11-22,2405.27,0.007484094583827547,76.64556962025316,안전
2022-11-23,2418.01,0.00857471510829594,74.74683544303798,안전
2022-11-24,2441.33,0.01066624929410475,71.13924050632912,안전
2022-11-25,2437.86,0.009748670086785441,72.59493670886076,안전
2022-11-26,2437.86,0.009748670086785441,72.59493670886076,안전
2022-11-27,2437.86,0.009748670086785441,72.59493670886076,안전
2022-11-28,2408.27,0.005523571510781124,80.69620253164557,경고
2022-11-29,2433.39,0.008589006964883322,74.62025316455696,안전
2022-11-30,2472.53,0.012053427543868126,68.0379746835443,안전
2022-12-01,2479.84,0.015935882011038245,60.50632911392405,안전
2022-12-02,2434.33,0.012047726219194253,68.10126582278481,안전
2022-12-03,2434.33,0.012047726219194253,68.10126582278481,안전
2022-12-04,2434.33,0.012047726219194253,68.10126582278481,안전
2022-12-05,2419.32,0.012226923925681485,67.46835443037975,안전
2022-12-06,2393.16,0.007496243003585484,76.58227848101265,안전
2022-12-07,2382.81,0.005728218854081757,80.12658227848102,경고
2022-12-08,2371.08,0.0036901545528792885,83.54430379746836,경고
2022-12-09,2389.04,0.0056313526688652055,80.56962025316456,경고
2022-12-10,2389.04,0.0056313526688652055,80.56962025316456,경고
2022-12-11,2389.04,0.0056313526688652055,80.56962025316456,경고
2022-12-12,2373.02,0.0054464100953004815,80.88607594936708,경고
2022-12-13,2372.4,0.006640083199648188,78.54430379746834,안전
2022-12-14,2399.25,0.010690193860755953,71.07594936708861,안전
2022-12-15,2360.97,0.008983077299188727,74.0506329113924,안전
2022-12-16,2360.02,0.011261812220380599,69.81012658227847,안전
2022-12-17,2360.02,0.011261812220380599,69.81012658227847,안전
2022-12-18,2360.02,0.011261812220380599,69.81012658227847,안전
2022-12-19,2352.17,0.010788480915422578,70.82278481012658,안전
2022-12-20,2333.29,0.009010952168831087,73.9873417721519,안전
2022-12-21,2328.95,0.008223340703927865,75.37974683544304,안전
2022-12-22,2356.73,0.012506489651827242,66.70886075949367,안전
2022-12-23,2313.69,0.008146897202375318,75.50632911392405,안전
2022-12-24,2313.69,0.008146897202375318,75.50632911392405,안전
2022-12-25,2313.69,0.008146897202375318,75.50632911392405,안전
2022-12-26,2317.14,0.010025478980226111,72.27848101265822,안전
2022-12-27,2332.79,0.013012912579603497,65.63291139240506,안전
2022-12-28,2280.45,0.008310753976312939,75.12658227848101,안전
2022-12-29,2236.4,0.003935050006446115,82.9746835443038,경고
2022-12-30,2236.4,0.003935050006446115,82.9746835443038,경고
2022-12-31,2236.4,0.003935050006446115,82.9746835443038,경고
2023-01-01,2236.4,0.003935050006446115,82.9746835443038,경고
2023-01-02,2225.67,0.0020261009097206194,86.07594936708861,경고
2023-01-03,2218.68,0.0031576253304622433,84.62025316455696,경고
2023-01-04,2255.98,0.012248720355209018,67.40506329113924,안전
2023-01-05,2264.65,0.01614906135913699,59.87341772151898,안전
2023-01-06,2289.97,0.020383928370021093,49.62025316455696,안전
2023-01-07,2289.97,0.020383928370021093,49.62025316455696,안전
2023-01-08,2289.97,0.020383928370021093,49.62025316455696,안전
2023-01-09,2350.19,0.028544555147422913,30.759493670886073,안전
2023-01-10,2351.31,0.029739953449255827,28.607594936708864,안전
2023-01-11,2359.53,0.03191016704825002,24.620253164556964,안전
2023-01-12,2365.1,0.033141400861828554,22.278481012658226,안전
2023-01-13,2386.09,0.036654724538230904,16.075949367088608,안전
2023-01-14,2386.09,0.036654724538230904,16.075949367088608,안전
2023-01-15,2386.09,0.036654724538230904,16.075949367088608,안전
2023-01-16,2399.86,0.037508486745507386,14.810126582278482,안전
2023-01-17,2379.39,0.0365830735620605,16.265822784810126,안전
2023-01-18,2368.32,0.03449802934855247,19.367088607594937,안전
2023-01-19,2380.34,0.03624188371863766,16.962025316455694,안전
2023-01-20,2395.26,0.037572310556235534,14.683544303797468,안전
2023-01-21,2395.26,0.037572310556235534,14.683544303797468,안전
2023-01-22,2395.26,0.037572310556235534,14.683544303797468,안전
2023-01-23,2395.26,0.037572310556235534,14.683544303797468,안전
2023-01-24,2395.26,0.037572310556235534,14.683544303797468,안전
2023-01-25,2428.57,0.04270098545949326,7.405063291139241,안전
2023-01-26,2468.65,0.04761499252890061,3.670886075949367,안전
2023-01-27,2484.02,0.04822877172520475,3.10126582278481,안전
2023-01-28,2484.02,0.04822877172520475,3.10126582278481,안전
2023-01-29,2484.02,0.04822877172520475,3.10126582278481,안전
2023-01-30,2450.47,0.0413623594950709,8.544303797468354,안전
2023-01-31,2425.08,0.035515751028977374,17.78481012658228,안전
2023-02-01,2449.8,0.03328013714366995,21.962025316455698,안전
2023-02-02,2468.88,0.03263875223396326,23.354430379746834,안전
2023-02-03,2480.4,0.030790675276770072,26.518987341772153,안전
2023-02-04,2480.4,0.030790675276770072,26.518987341772153,안전
2023-02-05,2480.4,0.030790675276770072,26.518987341772153,안전
2023-02-06,2438.19,0.02162047149809718,46.77215189873418,안전
2023-02-07,2451.71,0.02302867950813446,43.037974683544306,안전
2023-02-08,2483.64,0.025134319818401047,38.734177215189874,안전
2023-02-09,2481.52,0.022178718308289148,45.31645569620253,안전
2023-02-10,2469.73,0.01701147942797901,58.037974683544306,안전
2023-02-11,2469.73,0.01701147942797901,58.037974683544306,안전
2023-02-12,2469.73,0.01701147942797901,58.037974683544306,안전
2023-02-13,2452.7,0.013384652759801358,64.68354430379748,안전
2023-02-14,2465.64,0.013439570370497523,64.55696202531645,안전
2023-02-15,2427.9,0.008036783006012769,75.8860759493671,안전
2023-02-16,2475.48,0.015136670691407937,61.70886075949367,안전
2023-02-17,2451.21,0.008761261022942333,74.43037974683544,안전
2023-02-18,2451.21,0.008761261022942333,74.43037974683544,안전
2023-02-19,2451.21,0.008761261022942333,74.43037974683544,안전
2023-02-20,2455.12,0.011332227867554556,69.62025316455697,안전
2023-02-21,2458.96,0.010519336216359323,71.32911392405063,안전
2023-02-22,2417.68,0.0033434384440569447,84.36708860759494,경고
2023-02-23,2439.09,0.0049012057728364845,81.45569620253164,경고
2023-02-24,2423.61,-0.00022962264599151253,88.79746835443038,경고
2023-02-25,2423.61,-0.00022962264599151253,88.79746835443038,경고
2023-02-26,2423.61,-0.00022962264599151253,88.79746835443038,경고
2023-02-27,2402.64,-0.003206940554224144,91.83544303797468,경고
2023-02-28,2412.85,-0.0026524105125383494,91.26582278481013,경고
2023-03-01,2412.85,-0.0026524105125383494,91.26582278481013,경고
2023-03-02,2427.85,0.003886279584994979,83.10126582278481,경고
2023-03-03,2432.07,0.007162435819597827,77.53164556962025,안전
2023-03-04,2432.07,0.007162435819597827,77.53164556962025,안전
2023-03-05,2432.07,0.007162435819597827,77.53164556962025,안전
2023-03-06,2462.62,0.012222083838922065,67.59493670886076,안전
2023-03-07,2463.35,0.012184910108290772,67.72151898734177,안전
2023-03-08,2431.91,0.006888080153227852,77.9746835443038,안전
2023-03-09,2419.09,0.00568819443378543,80.25316455696202,경고
2023-03-10,2394.59,0.00036591255566077903,87.65822784810126,경고
2023-03-11,2394.59,0.00036591255566077903,87.65822784810126,경고
2023-03-12,2394.59,0.00036591255566077903,87.65822784810126,경고
2023-03-13,2410.6,0.003275336851802403,84.49367088607595,경고
2023-03-14,2348.97,-0.0038632479416773283,92.59493670886076,경고
2023-03-15,2379.72,0.004258248073946433,82.34177215189872,경고
2023-03-16,2377.91,0.006435276935052799,79.0506329113924,안전
2023-03-17,2395.69,0.009742696900580869,72.65822784810126,안전
2023-03-18,2395.69,0.009742696900580869,72.65822784810126,안전
2023-03-19,2395.69,0.009742696900580869,72.65822784810126,안전
2023-03-20,2379.2,0.008170201722347335,75.44303797468355,안전
2023-03-21,2388.35,0.008637249558141335,74.55696202531645,안전
2023-03-22,2416.96,0.013907690580442243,63.54430379746835,안전
2023-03-23,2424.48,0.014676815140827339,62.46835443037975,안전
2023-03-24,2414.96,0.013923391137029586,63.41772151898735,안전
2023-03-25,2414.96,0.013923391137029586,63.41772151898735,안전
2023-03-26,2414.96,0.013923391137029586,63.41772151898735,안전
2023-03-27,2409.22,0.015222252721942083,61.45569620253165,안전
2023-03-28,2434.94,0.017965470454090162,55.44303797468354,안전
2023-03-29,2443.92,0.01897541174452612,53.10126582278482,안전
2023-03-30,2453.16,0.02200141481316027,45.69620253164557,안전
2023-03-31,2476.86,0.026726431212082655,35.0,안전
2023-04-01,2476.86,0.026726431212082655,35.0,안전
2023-04-02,2476.86,0.026726431212082655,35.0,안전
2023-04-03,2472.34,0.0270750102614738,34.43037974683544,안전
2023-04-04,2480.51,0.030913823332949054,26.265822784810126,안전
2023-04-05,2495.21,0.03241315867760945,23.67088607594937,안전
2023-04-06,2459.23,0.02400742266732644,41.51898734177215,안전
2023-04-07,2490.41,0.03402178473003056,20.31645569620253,안전
2023-04-08,2490.41,0.03402178473003056,20.31645569620253,안전
2023-04-09,2490.41,0.03402178473003056,20.31645569620253,안전
2023-04-10,2512.08,0.03608484182430276,17.151898734177216,안전
2023-04-11,2547.86,0.0419909181510618,7.848101265822785,안전
2023-04-12,2550.64,0.038424310247390604,13.227848101265824,안전
2023-04-13,2561.66,0.03652447319387876,16.329113924050635,안전
2023-04-14,2571.49,0.033360030562561385,21.772151898734176,안전
2023-04-15,2571.49,0.033360030562561385,21.772151898734176,안전
2023-04-16,2571.49,0.033360030562561385,21.772151898734176,안전
2023-04-17,2575.91,0.034015234204543096,20.37974683544304,안전
2023-04-18,2571.09,0.029917845864072416,28.037974683544302,안전
2023-04-19,2575.08,0.024976037189138593,39.050632911392405,안전
2023-04-20,2563.11,0.02101935428880148,48.164556962025316,안전
2023-04-21,2544.4,0.01594999289593902,60.44303797468354,안전
2023-04-22,2544.4,0.01594999289593902,60.44303797468354,안전
2023-04-23,2544.4,0.01594999289593902,60.44303797468354,안전
2023-04-24,2523.5,0.011895920601857516,68.60759493670886,안전
2023-04-25,2489.02,0.010090540296610457,72.0886075949367,안전
2023-04-26,2484.83,0.013088778600928918,65.50632911392405,안전
2023-04-27,2495.81,0.019122341582918496,52.53164556962025,안전
2023-04-28,2501.53,0.025496026858025003,37.911392405063296,안전
2023-04-29,2501.53,0.025496026858025003,37.911392405063296,안전
2023-04-30,2501.53,0.025496026858025003,37.911392405063296,안전
2023-05-01,2501.53,0.025496026858025003,37.911392405063296,안전
2023-05-02,2524.39,0.04142296118505588,8.417721518987342,안전
2023-05-03,2501.4,0.042807109352608175,7.2784810126582276,안전
2023-05-04,2500.94,0.05031938154957183,2.151898734177215,안전
2023-05-05,2500.94,0.05031938154957183,2.151898734177215,안전
2023-05-06,2500.94,0.05031938154957183,2.151898734177215,안전
2023-05-07,2500.94,0.05031938154957183,2.151898734177215,안전
2023-05-08,2513.21,0.05137033037050723,1.89873417721519,안전
2023-05-09,2510.06,0.051346128692203924,1.9620253164556962,안전
2023-05-10,2496.51,0.055179414178952696,1.0126582278481013,안전
2023-05-11,2491.0,0.052777806898104934,1.3924050632911391,안전
2023-05-12,2475.42,0.048296362435365996,3.0379746835443036,안전
2023-05-13,2475.42,0.048296362435365996,3.0379746835443036,안전
2023-05-14,2475.42,0.048296362435365996,3.0379746835443036,안전
2023-05-15,2479.35,0.04770817718312718,3.481012658227848,안전
2023-05-16,2480.24,0.04800808357338014,3.354430379746835,안전
2023-05-17,2494.66,0.050163850618474906,2.3417721518987342,안전
2023-05-18,2515.4,0.05201066557814814,1.7721518987341773,안전
2023-05-19,2537.79,0.05752426017226459,0.6329113924050633,안전
2023-05-20,2537.79,0.05752426017226459,0.6329113924050633,안전
2023-05-21,2537.79,0.05752426017226459,0.6329113924050633,안전
2023-05-22,2557.08,0.059720422095897674,0.31645569620253167,안전
2023-05-23,2567.55,0.060400997214401744,0.12658227848101267,안전
2023-05-24,2567.45,0.05839783895720378,0.5063291139240507,안전
2023-05-25,2554.69,0.05266008436475189,1.4556962025316456,안전
2023-05-26,2558.81,0.049672883631137546,2.5316455696202533,안전
2023-05-27,2558.81,0.049672883631137546,2.5316455696202533,안전
2023-05-28,2558.81,0.049672883631137546,2.5316455696202533,안전
2023-05-29,2558.81,0.049672883631137546,2.5316455696202533,안전
2023-05-30,2585.52,0.04841657699895101,2.9746835443037973,안전
2023-05-31,2577.12,0.044010479815190115,5.759493670886076,안전
2023-06-01,2569.17,0.03403855760146381,20.189873417721518,안전
2023-06-02,2601.36,0.033765529234060364,21.075949367088608,안전
2023-06-03,2601.36,0.033765529234060364,21.075949367088608,안전
2023-06-04,2601.36,0.033765529234060364,21.075949367088608,안전
2023-06-05,2615.41,0.032262948032535405,23.9873417721519,안전
2023-06-06,2615.41,0.032262948032535405,23.9873417721519,안전
2023-06-07,2615.6,0.03309535963937041,22.468354430379748,안전
2023-06-08,2610.85,0.03195559967450353,24.49367088607595,안전
2023-06-09,2641.16,0.03279107395685541,23.10126582278481,안전
2023-06-10,2641.16,0.03279107395685541,23.10126582278481,안전
2023-06-11,2641.16,0.03279107395685541,23.10126582278481,안전
2023-06-12,2629.35,0.028595768273575826,30.569620253164558,안전
2023-06-13,2637.95,0.03012630293593065,27.531645569620256,안전
2023-06-14,2619.08,0.02404261552534626,41.45569620253164,안전
2023-06-15,2608.54,0.021063380918034884,47.91139240506329,안전
2023-06-16,2625.79,0.021926147269940244,45.822784810126585,안전
2023-06-17,2625.79,0.021926147269940244,45.822784810126585,안전
2023-06-18,2625.79,0.021926147269940244,45.822784810126585,안전
2023-06-19,2609.5,0.01979833853364989,50.822784810126585,안전
2023-06-20,2604.91,0.01721108433098875,57.78481012658227,안전
2023-06-21,2582.63,0.010460073779150767,71.58227848101266,안전
2023-06-22,2593.7,0.009120977392402913,73.73417721518987,안전
2023-06-23,2570.1,0.00366374302701997,83.60759493670886,경고
2023-06-24,2570.1,0.00366374302701997,83.60759493670886,경고
2023-06-25,2570.1,0.00366374302701997,83.60759493670886,경고
2023-06-26,2582.2,0.006730782096643196,78.29113924050633,안전
2023-06-27,2581.39,0.0072166580870976285,77.34177215189874,안전
2023-06-28,2564.19,0.005253380531284409,81.07594936708861,경고
2023-06-29,2550.02,0.0015593929955780034,86.70886075949366,경고
2023-06-30,2564.28,0.004606885146906355,81.77215189873418,경고
2023-07-01,2564.28,0.004606885146906355,81.77215189873418,경고
2023-07-02,2564.28,0.004606885146906355,81.77215189873418,경고
2023-07-03,2602.47,0.016613334359815154,58.9873417721519,안전
2023-07-04,2593.31,0.016113013055947797,59.93670886075949,안전
2023-07-05,2579.0,0.012897519407930044,66.01265822784809,안전
2023-07-06,2556.29,0.006537203330042651,78.79746835443038,안전
2023-07-07,2526.71,-0.002301461392153316,90.69620253164557,경고
2023-07-08,2526.71,-0.002301461392153316,90.69620253164557,경고
2023-07-09,2526.71,-0.002301461392153316,90.69620253164557,경고
2023-07-10,2520.7,-0.0027334977368451904,91.32911392405063,경고
2023-07-11,2562.49,0.007355589534332199,77.0886075949367,안전
2023-07-12,2574.72,0.012370661251044333,67.0253164556962,안전
2023-07-13,2591.23,0.018331571304924733,54.620253164556964,안전
2023-07-14,2628.3,0.02626311726049868,35.949367088607595,안전
2023-07-15,2628.3,0.02626311726049868,35.949367088607595,안전
2023-07-16,2628.3,0.02626311726049868,35.949367088607595,안전
2023-07-17,2619.0,0.024174036811507954,41.139240506329116,안전
2023-07-18,2607.62,0.022232235905980415,45.063291139240505,안전
2023-07-19,2608.24,0.02175269143827591,46.45569620253164,안전
2023-07-20,2600.23,0.01929548242074249,51.77215189873417,안전
2023-07-21,2609.76,0.02018942869377558,50.18987341772152,안전
2023-07-22,2609.76,0.02018942869377558,50.18987341772152,안전
2023-07-23,2609.76,0.02018942869377558,50.18987341772152,안전
2023-07-24,2628.53,0.022827081267422916,43.67088607594937,안전
2023-07-25,2636.46,0.0240672548886282,41.392405063291136,안전
2023-07-26,2592.36,0.011833852249933835,68.79746835443038,안전
2023-07-27,2603.81,0.012157847867489451,67.84810126582278,안전
2023-07-28,2608.32,0.011940770051755202,68.41772151898734,안전
2023-07-29,2608.32,0.011940770051755202,68.41772151898734,안전
2023-07-30,2608.32,0.011940770051755202,68.41772151898734,안전
2023-07-31,2632.58,0.018025539047025932,55.18987341772152,안전
2023-08-01,2667.07,0.022398900047906727,44.74683544303797,안전
2023-08-02,2616.47,0.007086800769364059,77.72151898734178,안전
2023-08-03,2605.39,0.004006301038315497,82.84810126582278,경고
2023-08-04,2602.8,0.0033493734311320425,84.30379746835443,경고
2023-08-05,2602.8,0.0033493734311320425,84.30379746835443,경고
2023-08-06,2602.8,0.0033493734311320425,84.30379746835443,경고
2023-08-07,2580.71,-0.00337217339273305,92.15189873417722,경고
2023-08-08,2573.98,-0.0057628870339364105,93.60759493670886,경고
2023-08-09,2605.12,0.004949653396596188,81.39240506329114,경고
2023-08-10,2601.56,0.0020252537451846634,86.13924050632912,경고
2023-08-11,2591.26,-0.0010875510409960737,89.43037974683544,경고
2023-08-12,2591.26,-0.0010875510409960737,89.43037974683544,경고
2023-08-13,2591.26,-0.0010875510409960737,89.43037974683544,경고
2023-08-14,2570.87,-0.011285023321094958,96.77215189873418,위험
2023-08-15,2570.87,-0.011285023321094958,96.77215189873418,위험
2023-08-16,2525.64,-0.02721827339458181,99.9367088607595,위험
2023-08-17,2519.85,-0.025143113461493984,99.81012658227849,위험
2023-08-18,2504.5,-0.02402458074042159,99.68354430379746,위험
2023-08-19,2504.5,-0.02402458074042159,99.68354430379746,위험
2023-08-20,2504.5,-0.02402458074042159,99.68354430379746,위험
2023-08-21,2508.8,-0.016670587711109585,98.67088607594937,위험
2023-08-22,2515.74,-0.01098205689110938,96.64556962025317,위험
2023-08-23,2505.5,-0.01088461636375691,96.58227848101266,위험
2023-08-24,2537.68,0.0033881514731819054,84.17721518987342,경고
2023-08-25,2519.14,0.002073421637855689,85.9493670886076,경고
2023-08-26,2519.14,0.002073421637855689,85.9493670886076,경고
2023-08-27,2519.14,0.002073421637855689,85.9493670886076,경고
2023-08-28,2543.41,0.01185925226572627,68.67088607594937,안전
2023-08-29,2552.16,0.011009896244214196,70.37974683544303,안전
2023-08-30,2561.22,0.01677808276129295,58.48101265822785,안전
2023-08-31,2556.27,0.020582295951514486,49.11392405063291,안전
2023-09-01,2563.71,0.02473050214324058,39.810126582278485,안전
2023-09-02,2563.71,0.02473050214324058,39.810126582278485,안전
2023-09-03,2563.71,0.02473050214324058,39.810126582278485,안전
2023-09-04,2584.55,0.03277149850578082,23.16455696202532,안전
2023-09-05,2582.18,0.03534414462541708,18.037974683544302,안전
2023-09-06,2563.34,0.03539575778066206,17.974683544303797,안전
2023-09-07,2548.26,0.028490774624807792,30.949367088607595,안전
2023-09-08,2547.68,0.0273311902997967,33.98734177215189,안전
2023-09-09,2547.68,0.0273311902997967,33.98734177215189,안전
2023-09-10,2547.68,0.0273311902997967,33.98734177215189,안전
2023-09-11,2556.88,0.030627152085077006,26.83544303797468,안전
2023-09-12,2536.58,0.028195329273606122,31.708860759493675,안전
2023-09-13,2534.7,0.026359505894900187,35.69620253164557,안전
2023-09-14,2572.89,0.03722352394213254,15.063291139240507,안전
2023-09-15,2601.28,0.04442126089360492,5.253164556962026,안전
2023-09-16,2601.28,0.04442126089360492,5.253164556962026,안전
2023-09-17,2601.28,0.04442126089360492,5.253164556962026,안전
2023-09-18,2574.72,0.035627761498883366,17.658227848101266,안전
2023-09-19,2559.21,0.031831388463544115,24.81012658227848,안전
2023-09-20,2559.74,0.028907372485718792,30.126582278481013,안전
2023-09-21,2514.97,0.013649904059508661,64.1139240506329,안전
2023-09-22,2508.13,0.012980338865048988,65.75949367088607,안전
2023-09-23,2508.13,0.012980338865048988,65.75949367088607,안전
2023-09-24,2508.13,0.012980338865048988,65.75949367088607,안전
2023-09-25,2495.76,0.008827211323311967,74.24050632911391,안전
2023-09-26,2462.97,0.005980130905043204,79.81012658227849,안전
2023-09-27,2465.07,0.011606190970573225,69.05063291139241,안전
2023-09-28,2465.07,0.011606190970573225,69.05063291139241,안전
2023-09-29,2465.07,0.011606190970573225,69.05063291139241,안전
2023-09-30,2465.07,0.011606190970573225,69.05063291139241,안전
2023-10-01,2465.07,0.011606190970573225,69.05063291139241,안전
2023-10-02,2465.07,0.011606190970573225,69.05063291139241,안전
2023-10-03,2465.07,0.011606190970573225,69.05063291139241,안전
2023-10-04,2405.69,0.0017432319218923902,86.45569620253166,경고
2023-10-05,2403.6,0.007498760030454285,76.51898734177215,안전
2023-10-06,2408.73,0.012383788535192754,66.89873417721519,안전
2023-10-07,2408.73,0.012383788535192754,66.89873417721519,안전
2023-10-08,2408.73,0.012383788535192754,66.89873417721519,안전
2023-10-09,2408.73,0.012383788535192754,66.89873417721519,안전
2023-10-10,2402.58,0.01726275100407377,57.59493670886076,안전
2023-10-11,2450.08,0.024254575833939217,40.949367088607595,안전
2023-10-12,2479.82,0.03094329268350006,26.139240506329113,안전
2023-10-13,2456.15,0.027983209419453755,32.21518987341772,안전
2023-10-14,2456.15,0.027983209419453755,32.21518987341772,안전
2023-10-15,2456.15,0.027983209419453755,32.21518987341772,안전
2023-10-16,2436.24,0.022954191265764867,43.164556962025316,안전
2023-10-17,2460.17,0.02450981080829942,40.379746835443036,안전
2023-10-18,2462.6,0.025000036709266458,38.9873417721519,안전
2023-10-19,2415.8,0.01809466555114978,55.06329113924051,안전
2023-10-20,2375.0,0.011897865146902765,68.54430379746836,안전
2023-10-21,2375.0,0.011897865146902765,68.54430379746836,안전
2023-10-22,2375.0,0.011897865146902765,68.54430379746836,안전
2023-10-23,2357.02,0.010797140591532285,70.75949367088607,안전
2023-10-24,2383.51,0.017306019697137895,57.46835443037974,안전
2023-10-25,2363.17,0.017449259980709324,56.9620253164557,안전
2023-10-26,2299.08,0.011022802758998414,70.25316455696202,안전
2023-10-27,2302.81,0.012455359124594976,66.77215189873418,안전
2023-10-28,2302.81,0.012455359124594976,66.77215189873418,안전
2023-10-29,2302.81,0.012455359124594976,66.77215189873418,안전
2023-10-30,2310.55,0.01669533255345761,58.67088607594937,안전
2023-10-31,2277.99,0.013664056310420523,64.0506329113924,안전
2023-11-01,2301.56,0.013919716387756766,63.481012658227854,안전
2023-11-02,2343.12,0.018010034416514196,55.316455696202524,안전
2023-11-03,2368.34,0.021348372593950435,47.405063291139236,안전
2023-11-04,2368.34,0.021348372593950435,47.405063291139236,안전
2023-11-05,2368.34,0.021348372593950435,47.405063291139236,안전
2023-11-06,2502.37,0.0345007105097627,19.303797468354432,안전
2023-11-07,2443.96,0.02584077899579026,36.835443037974684,안전
2023-11-08,2421.62,0.02184646669302901,46.20253164556962,안전
2023-11-09,2427.08,0.01734578476874305,57.405063291139236,안전
2023-11-10,2409.66,0.014874724321602776,61.962025316455694,안전
2023-11-11,2409.66,0.014874724321602776,61.962025316455694,안전
2023-11-12,2409.66,0.014874724321602776,61.962025316455694,안전
2023-11-13,2403.76,0.01460386176114968,62.53164556962025,안전
2023-11-14,2433.25,0.01957480240925365,51.202531645569614,안전
2023-11-15,2486.67,0.025838110260980075,36.89873417721519,안전
2023-11-16,2488.18,0.026485859932096588,35.44303797468354,안전
2023-11-17,2469.85,0.02558045143333843,37.65822784810127,안전
2023-11-18,2469.85,0.02558045143333843,37.65822784810127,안전
2023-11-19,2469.85,0.02558045143333843,37.65822784810127,안전
2023-11-20,2491.2,0.02479274929212024,39.55696202531646,안전
2023-11-21,2510.42,0.02156897983354584,46.89873417721519,안전
2023-11-22,2511.7,0.019538102855611122,51.26582278481012,안전
2023-11-23,2514.96,0.018889194428568606,53.291139240506325,안전
2023-11-24,2496.63,0.01615932596460259,59.81012658227848,안전
2023-11-25,2496.63,0.01615932596460259,59.81012658227848,안전
2023-11-26,2496.63,0.01615932596460259,59.81012658227848,안전
2023-11-27,2495.66,0.011415009449946042,69.36708860759494,안전
2023-11-28,2521.76,0.010495490455494904,71.39240506329114,안전
2023-11-29,2519.81,0.00905698364368722,73.8607594936709,안전
2023-11-30,2535.29,0.010051096585496957,72.21518987341771,안전
2023-12-01,2505.01,0.0038249619222373438,83.35443037974683,경고
2023-12-02,2505.01,0.0038249619222373438,83.35443037974683,경고
2023-12-03,2505.01,0.0038249619222373438,83.35443037974683,경고
2023-12-04,2514.95,0.0046900665998144755,81.64556962025317,경고
2023-12-05,2494.28,0.0005084435295356834,87.59493670886076,경고
2023-12-06,2495.38,0.003653129764161933,83.67088607594937,경고
2023-12-07,2492.07,0.008078371595828205,75.63291139240506,안전
2023-12-08,2517.85,0.010800545103217537,70.69620253164557,안전
2023-12-09,2517.85,0.010800545103217537,70.69620253164557,안전
2023-12-10,2517.85,0.010800545103217537,70.69620253164557,안전
2023-12-11,2525.36,0.01120455909551925,70.0632911392405,안전
2023-12-12,2535.27,0.01315902765225162,65.31645569620254,안전
2023-12-13,2510.66,0.00765048383874407,76.32911392405063,안전
2023-12-14,2544.18,0.010819633847337681,70.63291139240506,안전
2023-12-15,2563.56,0.011688881828515033,68.9873417721519,안전
2023-12-16,2563.56,0.011688881828515033,68.9873417721519,안전
2023-12-17,2563.56,0.011688881828515033,68.9873417721519,안전
2023-12-18,2566.86,0.016306534993847897,59.55696202531645,안전
2023-12-19,2568.55,0.019377140251627005,51.58227848101266,안전
2023-12-20,2614.3,0.02120475754354234,47.53164556962025,안전
2023-12-21,2600.02,0.01766363583371656,56.32911392405063,안전
2023-12-22,2599.51,0.019108870685208827,52.65822784810127,안전
2023-12-23,2599.51,0.019108870685208827,52.65822784810127,안전
2023-12-24,2599.51,0.019108870685208827,52.65822784810127,안전
2023-12-25,2599.51,0.019108870685208827,52.65822784810127,안전
2023-12-26,2602.59,0.01840623361734684,54.43037974683544,안전
2023-12-27,2613.5,0.020142996226774484,50.50632911392405,안전
2023-12-28,2655.28,0.02491785676900179,39.177215189873415,안전
2023-12-29,2655.28,0.02491785676900179,39.177215189873415,안전
2023-12-30,2655.28,0.02491785676900179,39.177215189873415,안전
2023-12-31,2655.28,0.02491785676900179,39.177215189873415,안전
2024-01-01,2655.28,0.02491785676900179,39.177215189873415,안전
2024-01-02,2669.81,0.024968752365964356,39.11392405063291,안전
2024-01-03,2607.31,0.022182147665635095,45.18987341772152,안전
2024-01-04,2587.02,0.017191460475044194,57.848101265822784,안전
2024-01-05,2578.08,0.013410417479750423,64.62025316455696,안전
2024-01-06,2578.08,0.013410417479750423,64.62025316455696,안전
2024-01-07,2578.08,0.013410417479750423,64.62025316455696,안전
2024-01-08,2567.82,0.009361431258239239,73.29113924050633,안전
2024-01-09,2561.24,0.008296504825946849,75.18987341772151,안전
2024-01-10,2541.98,0.006576484432803457,78.73417721518987,안전
2024-01-11,2540.27,0.0067056806966520124,78.35443037974683,안전
2024-01-12,2525.05,0.0025753595582429824,85.31645569620252,경고
2024-01-13,2525.05,0.0025753595582429824,85.31645569620252,경고
2024-01-14,2525.05,0.0025753595582429824,85.31645569620252,경고
2024-01-15,2525.99,0.0030693089558641133,84.74683544303797,경고
2024-01-16,2497.59,0.00027938737071870473,87.72151898734177,경고
2024-01-17,2435.9,-0.0048767232005390865,93.22784810126582,경고
2024-01-18,2440.04,-0.0070209471305323744,94.43037974683544,경고
2024-01-19,2472.74,-0.003359732312089133,92.08860759493672,경고
2024-01-20,2472.74,-0.003359732312089133,92.08860759493672,경고
2024-01-21,2472.74,-0.003359732312089133,92.08860759493672,경고
2024-01-22,2464.35,-0.00025060582010619226,88.86075949367088,경고
2024-01-23,2478.61,0.004315518762068567,82.27848101265823,경고
2024-01-24,2469.69,0.003652674558068796,83.73417721518987,경고
2024-01-25,2470.34,0.005670682731121817,80.37974683544303,경고
2024-01-26,2478.56,0.005758760871726363,80.0632911392405,경고
2024-01-27,2478.56,0.005758760871726363,80.0632911392405,경고
2024-01-28,2478.56,0.005758760871726363,80.0632911392405,경고
2024-01-29,2500.65,0.006097765873467852,79.55696202531645,안전
2024-01-30,2498.81,0.008047610031201045,75.75949367088609,안전
2024-01-31,2497.09,0.004672673718525179,81.70886075949367,경고
2024-02-01,2542.46,0.00983380262341048,72.40506329113924,안전
2024-02-02,2615.31,0.026177802550322232,36.13924050632911,안전
2024-02-03,2615.31,0.026177802550322232,36.13924050632911,안전
2024-02-04,2615.31,0.026177802550322232,36.13924050632911,안전
2024-02-05,2591.31,0.024911733523931008,39.24050632911392,안전
2024-02-06,2576.2,0.025618963170986907,37.59493670886076,안전
2024-02-07,2609.58,0.02670843586898342,35.063291139240505,안전
2024-02-08,2620.32,0.029721097668208043,28.670886075949365,안전
2024-02-09,2620.32,0.029721097668208043,28.670886075949365,안전
2024-02-10,2620.32,0.029721097668208043,28.670886075949365,안전
2024-02-11,2620.32,0.029721097668208043,28.670886075949365,안전
2024-02-12,2620.32,0.029721097668208043,28.670886075949365,안전
2024-02-13,2649.64,0.041543268489424134,8.291139240506329,안전
2024-02-14,2620.42,0.04009403946043596,10.569620253164556,안전
2024-02-15,2613.8,0.041130614967212334,9.177215189873419,안전
2024-02-16,2648.76,0.043803157266015816,6.075949367088607,안전
2024-02-17,2648.76,0.043803157266015816,6.075949367088607,안전
2024-02-18,2648.76,0.043803157266015816,6.075949367088607,안전
2024-02-19,2680.26,0.04668454104311179,4.050632911392405,안전
2024-02-20,2657.79,0.04178617956307887,8.037974683544304,안전
2024-02-21,2653.31,0.0366317637879492,16.139240506329113,안전
2024-02-22,2664.27,0.0319855962331697,24.30379746835443,안전
2024-02-23,2667.7,0.02902742405694945,29.746835443037973,안전
2024-02-24,2667.7,0.02902742405694945,29.746835443037973,안전
2024-02-25,2667.7,0.02902742405694945,29.746835443037973,안전
2024-02-26,2647.08,0.0201788185966009,50.31645569620253,안전
2024-02-27,2625.05,0.01674830005886138,58.54430379746836,안전
2024-02-28,2652.29,0.02591432117690111,36.64556962025316,안전
2024-02-29,2642.36,0.024686323137927492,39.936708860759495,안전
2024-03-01,2642.36,0.024686323137927492,39.936708860759495,안전
2024-03-02,2642.36,0.024686323137927492,39.936708860759495,안전
2024-03-03,2642.36,0.024686323137927492,39.936708860759495,안전
2024-03-04,2674.27,0.02585701378637188,36.77215189873418,안전
2024-03-05,2649.4,0.017701081366320492,56.20253164556962,안전
2024-03-06,2641.49,0.016079268008107803,60.063291139240505,안전
2024-03-07,2647.62,0.012944802482084579,65.88607594936708,안전
2024-03-08,2680.35,0.011342027773150753,69.49367088607595,안전
2024-03-09,2680.35,0.011342027773150753,69.49367088607595,안전
2024-03-10,2680.35,0.011342027773150753,69.49367088607595,안전
2024-03-11,2659.84,0.017524331741210486,56.58227848101266,안전
2024-03-12,2681.81,0.02425769505880068,40.88607594936709,안전
2024-03-13,2693.57,0.02188297759424611,46.07594936708861,안전
2024-03-14,2718.76,0.021972767149188603,45.75949367088607,안전
2024-03-15,2666.84,0.00846844017868677,74.9367088607595,안전
2024-03-16,2666.84,0.00846844017868677,74.9367088607595,안전
2024-03-17,2666.84,0.00846844017868677,74.9367088607595,안전
2024-03-18,2685.84,0.015164103583947403,61.58227848101265,안전
2024-03-19,2656.17,0.010471805706491772,71.51898734177216,안전
2024-03-20,2690.14,0.013239468235437254,65.12658227848101,안전
2024-03-21,2754.86,0.021385971040599097,47.27848101265823,안전
2024-03-22,2748.56,0.023128768178627995,42.721518987341774,안전
2024-03-23,2748.56,0.023128768178627995,42.721518987341774,안전
2024-03-24,2748.56,0.023128768178627995,42.721518987341774,안전
2024-03-25,2737.57,0.028040522104413594,32.08860759493671,안전
2024-03-26,2757.09,0.033434790227629914,21.582278481012658,안전
2024-03-27,2755.11,0.03164437544638446,24.936708860759495,안전
2024-03-28,2745.82,0.030521729966860877,27.025316455696203,안전
2024-03-29,2746.63,0.028683469948572404,30.506329113924053,안전
2024-03-30,2746.63,0.028683469948572404,30.506329113924053,안전
2024-03-31,2746.63,0.028683469948572404,30.506329113924053,안전
2024-04-01,2747.86,0.027757244519196395,32.848101265822784,안전
2024-04-02,2753.16,0.03133053404541113,25.63291139240506,안전
2024-04-03,2706.97,0.025393989050763975,38.0379746835443,안전
2024-04-04,2742.0,0.03423312336445293,19.810126582278482,안전
2024-04-05,2714.21,0.03393943342231687,20.632911392405063,안전
2024-04-06,2714.21,0.03393943342231687,20.632911392405063,안전
2024-04-07,2714.21,0.03393943342231687,20.632911392405063,안전
2024-04-08,2717.65,0.037015664921549486,15.379746835443036,안전
2024-04-09,2705.16,0.02989746480937906,28.164556962025316,안전
2024-04-10,2705.16,0.02989746480937906,28.164556962025316,안전
2024-04-11,2706.96,0.035956909419450775,17.27848101265823,안전
2024-04-12,2681.82,0.03495700061277911,18.417721518987342,안전
2024-04-13,2681.82,0.03495700061277911,18.417721518987342,안전
2024-04-14,2681.82,0.03495700061277911,18.417721518987342,안전
2024-04-15,2670.43,0.036694353937604264,16.0126582278481,안전
2024-04-16,2609.63,0.02736977227937434,33.92405063291139,안전
2024-04-17,2584.18,0.025023516984653597,38.924050632911396,안전
2024-04-18,2634.7,0.039338668326767814,11.89873417721519,안전
2024-04-19,2591.86,0.037838113748412144,13.860759493670885,안전
2024-04-20,2591.86,0.037838113748412144,13.860759493670885,안전
2024-04-21,2591.86,0.037838113748412144,13.860759493670885,안전
2024-04-22,2629.44,0.042072759872666315,7.784810126582278,안전
2024-04-23,2623.02,0.031876176722112334,24.68354430379747,안전
2024-04-24,2675.75,0.04018424877506567,10.506329113924052,안전
2024-04-25,2628.62,0.030807863111844008,26.455696202531648,안전
2024-04-26,2656.33,0.03463717549008022,18.9873417721519,안전
2024-04-27,2656.33,0.03463717549008022,18.9873417721519,안전
2024-04-28,2656.33,0.03463717549008022,18.9873417721519,안전
2024-04-29,2687.44,0.03490410052567303,18.60759493670886,안전
2024-04-30,2692.06,0.03925822690994734,12.08860759493671,안전
2024-05-01,2692.06,0.03925822690994734,12.08860759493671,안전
2024-05-02,2683.65,0.03440232756463735,19.49367088607595,안전
2024-05-03,2676.63,0.032158724945683684,24.17721518987342,안전
2024-05-04,2676.63,0.032158724945683684,24.17721518987342,안전
2024-05-05,2676.63,0.032158724945683684,24.17721518987342,안전
2024-05-06,2676.63,0.032158724945683684,24.17721518987342,안전
2024-05-07,2734.36,0.04383915126786492,6.012658227848101,안전
2024-05-08,2745.05,0.049193487353181596,2.6582278481012658,안전
2024-05-09,2712.14,0.04384009682560959,5.949367088607595,안전
2024-05-10,2727.63,0.0455171900732088,4.493670886075949,안전
2024-05-11,2727.63,0.0455171900732088,4.493670886075949,안전
2024-05-12,2727.63,0.0455171900732088,4.493670886075949,안전
2024-05-13,2727.21,0.03854060548525704,12.974683544303797,안전
2024-05-14,2730.34,0.040568111497727204,10.0,안전
2024-05-15,2730.34,0.040568111497727204,10.0,안전
2024-05-16,2753.0,0.044648915091674755,5.189873417721519,안전
2024-05-17,2724.62,0.03933475585884145,12.025316455696203,안전
2024-05-18,2724.62,0.03933475585884145,12.025316455696203,안전
2024-05-19,2724.62,0.03933475585884145,12.025316455696203,안전
2024-05-20,2742.14,0.045903194960647736,4.430379746835443,안전
2024-05-21,2724.18,0.03486271497651321,18.734177215189874,안전
2024-05-22,2723.46,0.03234527411593344,23.860759493670887,안전
2024-05-23,2721.81,0.027696094892571185,33.10126582278481,안전
2024-05-24,2687.6,0.018875042790814044,53.35443037974683,안전
2024-05-25,2687.6,0.018875042790814044,53.35443037974683,안전
2024-05-26,2687.6,0.018875042790814044,53.35443037974683,안전
2024-05-27,2722.99,0.023285479898620384,42.34177215189873,안전
2024-05-28,2722.85,0.022573628263035703,44.36708860759494,안전
2024-05-29,2677.3,0.009742219257502913,72.72151898734177,안전
2024-05-30,2635.44,0.001126301640772897,86.9620253164557,경고
2024-05-31,2636.52,-0.0020680087021417285,90.44303797468355,경고
2024-06-01,2636.52,-0.0020680087021417285,90.44303797468355,경고
2024-06-02,2636.52,-0.0020680087021417285,90.44303797468355,경고
2024-06-03,2682.52,0.004698921438448475,81.58227848101266,경고
2024-06-04,2662.1,-0.00020854886992793028,88.67088607594937,경고
2024-06-05,2689.5,0.008950269746107388,74.1139240506329,안전
2024-06-06,2689.5,0.008950269746107388,74.1139240506329,안전
2024-06-07,2722.67,0.012611301997822236,66.45569620253164,안전
2024-06-08,2722.67,0.012611301997822236,66.45569620253164,안전
2024-06-09,2722.67,0.012611301997822236,66.45569620253164,안전
2024-06-10,2701.17,0.0020469807607743085,86.0126582278481,경고
2024-06-11,2705.32,0.002552529238188753,85.44303797468355,경고
2024-06-12,2728.17,0.004564285610253235,81.83544303797468,경고
2024-06-13,2754.89,0.006420465210619834,79.17721518987342,안전
2024-06-14,2758.42,0.008012141886482815,76.0126582278481,안전
2024-06-15,2758.42,0.008012141886482815,76.0126582278481,안전
2024-06-16,2758.42,0.008012141886482815,76.0126582278481,안전
2024-06-17,2744.1,0.003142721472784476,84.68354430379746,경고
2024-06-18,2763.92,0.005382336567848926,81.0126582278481,경고
2024-06-19,2797.33,0.012340868835101354,67.08860759493672,안전
2024-06-20,2807.63,0.01402922978088788,63.10126582278481,안전
2024-06-21,2784.26,0.011212545768979218,70.0,안전
2024-06-22,2784.26,0.011212545768979218,70.0,안전
2024-06-23,2784.26,0.011212545768979218,70.0,안전
2024-06-24,2764.73,0.007072391232576348,77.78481012658229,안전
2024-06-25,2774.39,0.011779252066435875,68.86075949367088,안전
2024-06-26,2792.05,0.017857112323076775,55.69620253164557,안전
2024-06-27,2784.06,0.01913903409513655,52.46835443037975,안전
2024-06-28,2797.82,0.023480352012232735,42.08860759493671,안전
2024-06-29,2797.82,0.023480352012232735,42.08860759493671,안전
2024-06-30,2797.82,0.023480352012232735,42.08860759493671,안전
2024-07-01,2804.31,0.029021802032983893,29.81012658227848,안전
2024-07-02,2780.86,0.02477852849646045,39.620253164556964,안전
2024-07-03,2794.01,0.026151488262347974,36.32911392405063,안전
2024-07-04,2824.94,0.02984923264944027,28.417721518987342,안전
2024-07-05,2862.23,0.039202897499960185,12.215189873417721,안전
2024-07-06,2862.23,0.039202897499960185,12.215189873417721,안전
2024-07-07,2862.23,0.039202897499960185,12.215189873417721,안전
2024-07-08,2857.76,0.03689901832359046,15.50632911392405,안전
2024-07-09,2867.38,0.03869298512205597,12.848101265822784,안전
2024-07-10,2867.99,0.04279325698068194,7.341772151898734,안전
2024-07-11,2891.35,0.04627550715919593,4.177215189873418,안전
2024-07-12,2857.0,0.036790529712477454,15.759493670886076,안전
2024-07-13,2857.0,0.036790529712477454,15.759493670886076,안전
2024-07-14,2857.0,0.036790529712477454,15.759493670886076,안전
2024-07-15,2860.92,0.03751395756801015,14.746835443037975,안전
2024-07-16,2866.09,0.038861680517911425,12.59493670886076,안전
2024-07-17,2843.29,0.03596389351943204,17.21518987341772,안전
2024-07-18,2824.35,0.03375537984406825,21.139240506329113,안전
2024-07-19,2795.46,0.02953204995742896,29.050632911392405,안전
2024-07-20,2795.46,0.02953204995742896,29.050632911392405,안전
2024-07-21,2795.46,0.02953204995742896,29.050632911392405,안전
2024-07-22,2763.51,0.02851740659031751,30.886075949367086,안전
2024-07-23,2774.29,0.028742834033969954,30.37974683544304,안전
2024-07-24,2758.71,0.02636654977767859,35.56962025316456,안전
2024-07-25,2710.65,0.018358670818149653,54.55696202531646,안전
2024-07-26,2731.9,0.021827780021060374,46.265822784810126,안전
2024-07-27,2731.9,0.021827780021060374,46.265822784810126,안전
2024-07-28,2731.9,0.021827780021060374,46.265822784810126,안전
2024-07-29,2765.53,0.031036491348149446,25.886075949367086,안전
2024-07-30,2738.19,0.027595077265470766,33.35443037974684,안전
2024-07-31,2770.69,0.03367911032808897,21.202531645569618,안전
2024-08-01,2777.68,0.027657479380743435,33.164556962025316,안전
2024-08-02,2676.19,0.011498193829226896,69.11392405063292,안전
2024-08-03,2676.19,0.011498193829226896,69.11392405063292,안전
2024-08-04,2676.19,0.011498193829226896,69.11392405063292,안전
2024-08-05,2441.55,-0.017939072936546258,98.8607594936709,위험
2024-08-06,2522.15,0.00020584844626348603,87.84810126582279,경고
2024-08-07,2568.41,0.030115309429889867,27.59493670886076,안전
2024-08-08,2556.73,0.035436636407996706,17.911392405063292,안전
2024-08-09,2588.43,0.03661690643784579,16.20253164556962,안전
2024-08-10,2588.43,0.03661690643784579,16.20253164556962,안전
2024-08-11,2588.43,0.03661690643784579,16.20253164556962,안전
2024-08-12,2618.3,0.035114959246378,18.29113924050633,안전
2024-08-13,2621.5,0.03237818146603118,23.79746835443038,안전
2024-08-14,2644.5,0.034671620856254214,18.924050632911392,안전
2024-08-15,2644.5,0.034671620856254214,18.924050632911392,안전
2024-08-16,2697.23,0.037655443570253036,14.430379746835442,안전
2024-08-17,2697.23,0.037655443570253036,14.430379746835442,안전
2024-08-18,2697.23,0.037655443570253036,14.430379746835442,안전
2024-08-19,2674.36,0.034078389619754484,20.063291139240505,안전
2024-08-20,2696.63,0.03586355640841435,17.405063291139243,안전
2024-08-21,2701.13,0.03456923741219861,19.11392405063291,안전
2024-08-22,2707.67,0.03327820818789966,22.025316455696203,안전
2024-08-23,2701.69,0.029949633510418277,27.91139240506329,안전
2024-08-24,2701.69,0.029949633510418277,27.91139240506329,안전
2024-08-25,2701.69,0.029949633510418277,27.91139240506329,안전
2024-08-26,2698.01,0.028915523266512734,30.063291139240505,안전
2024-08-27,2689.25,0.025653535437699597,37.53164556962025,안전
2024-08-28,2689.83,0.02354043987970544,42.025316455696206,안전
2024-08-29,2662.28,0.019191973756148825,52.278481012658226,안전
2024-08-30,2674.31,0.021519687721525592,47.08860759493671,안전
2024-08-31,2674.31,0.021519687721525592,47.08860759493671,안전
2024-09-01,2674.31,0.021519687721525592,47.08860759493671,안전
2024-09-02,2681.0,0.020526592520390095,49.30379746835443,안전
2024-09-03,2664.63,0.01792311114061096,55.506329113924046,안전
2024-09-04,2580.8,0.006688173549230708,78.41772151898734,안전
2024-09-05,2575.5,-0.005524041494649421,93.48101265822784,경고
2024-09-06,2544.28,-0.013238686362344734,97.46835443037975,위험
2024-09-07,2544.28,-0.013238686362344734,97.46835443037975,위험
2024-09-08,2544.28,-0.013238686362344734,97.46835443037975,위험
2024-09-09,2535.93,-0.00924068577918254,95.63291139240506,위험
2024-09-10,2523.43,-0.004600596865501751,93.10126582278481,경고
2024-09-11,2513.37,-0.0032298799931991347,91.89873417721519,경고
2024-09-12,2572.09,0.0028789531243162067,84.87341772151899,경고
2024-09-13,2575.41,0.0034672678728034745,84.05063291139241,경고
2024-09-14,2575.41,0.0034672678728034745,84.05063291139241,경고
2024-09-15,2575.41,0.0034672678728034745,84.05063291139241,경고
2024-09-16,2575.41,0.0034672678728034745,84.05063291139241,경고
2024-09-17,2575.41,0.0034672678728034745,84.05063291139241,경고
2024-09-18,2575.41,0.0034672678728034745,84.05063291139241,경고
2024-09-19,2580.8,0.004540285522723059,81.89873417721519,경고
2024-09-20,2593.37,0.002145536403809047,85.82278481012658,경고
2024-09-21,2593.37,0.002145536403809047,85.82278481012658,경고
2024-09-22,2593.37,0.002145536403809047,85.82278481012658,경고
2024-09-23,2602.01,0.0008978146754324194,87.21518987341771,경고
2024-09-24,2631.68,0.0038429612004957803,83.29113924050633,경고
2024-09-25,2596.32,-0.0005162179198785529,89.1139240506329,경고
2024-09-26,2671.57,0.0047605785614102045,81.51898734177216,경고
2024-09-27,2649.78,0.0012357649777645571,86.89873417721519,경고
2024-09-28,2649.78,0.0012357649777645571,86.89873417721519,경고
2024-09-29,2649.78,0.0012357649777645571,86.89873417721519,경고
2024-09-30,2593.27,-0.0011237548025963186,89.49367088607595,경고
2024-10-01,2593.27,-0.0011237548025963186,89.49367088607595,경고
2024-10-02,2561.69,-0.006547606722077088,94.17721518987342,경고
2024-10-03,2561.69,-0.006547606722077088,94.17721518987342,경고
2024-10-04,2569.71,-0.008303057672632829,95.18987341772151,위험
2024-10-05,2569.71,-0.008303057672632829,95.18987341772151,위험
2024-10-06,2569.71,-0.008303057672632829,95.18987341772151,위험
2024-10-07,2610.38,-0.005805775441078189,93.73417721518987,경고
2024-10-08,2594.36,-0.0074951891287362675,94.74683544303798,경고
2024-10-09,2594.36,-0.0074951891287362675,94.74683544303798,경고
2024-10-10,2599.16,-0.006555799243369201,94.30379746835443,경고
2024-10-11,2596.91,-0.009423941041309935,95.75949367088607,위험
2024-10-12,2596.91,-0.009423941041309935,95.75949367088607,위험
2024-10-13,2596.91,-0.009423941041309935,95.75949367088607,위험
2024-10-14,2623.29,-0.0077496587013884816,95.0632911392405,위험
2024-10-15,2633.45,-0.011303559851384346,96.83544303797468,위험
2024-10-16,2610.36,-0.015893373138797,98.41772151898735,위험
2024-10-17,2609.3,-0.015474929756087719,98.29113924050633,위험
2024-10-18,2593.82,-0.01814440337537989,98.9240506329114,위험
2024-10-19,2593.82,-0.01814440337537989,98.9240506329114,위험
2024-10-20,2593.82,-0.01814440337537989,98.9240506329114,위험
2024-10-21,2604.92,-0.015548637306031093,98.35443037974684,위험
2024-10-22,2570.7,-0.01989831074760457,99.36708860759494,위험
2024-10-23,2599.62,-0.011822872011313417,97.15189873417721,위험
2024-10-24,2581.03,-0.01009376551891487,96.20253164556962,위험
2024-10-25,2583.27,-0.007235114267572758,94.55696202531647,경고
2024-10-26,2583.27,-0.007235114267572758,94.55696202531647,경고
2024-10-27,2583.27,-0.007235114267572758,94.55696202531647,경고
2024-10-28,2612.43,-0.001177422372240583,89.62025316455696,경고
2024-10-29,2617.8,0.0019528312429392992,86.20253164556962,경고
2024-10-30,2593.79,0.0005347236877653525,87.53164556962025,경고
2024-10-31,2556.15,-0.0071964812166026276,94.49367088607595,경고
2024-11-01,2542.36,-0.010794104740565708,96.51898734177216,위험
2024-11-02,2542.36,-0.010794104740565708,96.51898734177216,위험
2024-11-03,2542.36,-0.010794104740565708,96.51898734177216,위험
2024-11-04,2588.97,-0.00123816100193626,89.81012658227849,경고
2024-11-05,2576.88,-0.00034056553622796755,88.92405063291139,경고
2024-11-06,2563.51,-0.003815372262567694,92.53164556962025,경고
2024-11-07,2564.63,-0.004480225526120443,92.97468354430379,경고
2024-11-08,2561.15,-0.0017976806061339866,90.18987341772153,경고
2024-11-09,2561.15,-0.0017976806061339866,90.18987341772153,경고
2024-11-10,2561.15,-0.0017976806061339866,90.18987341772153,경고
2024-11-11,2531.66,-0.005801733363101688,93.67088607594937,경고
2024-11-12,2482.57,-0.011868175530879774,97.21518987341771,위험
2024-11-13,2417.08,-0.01960063438650231,99.30379746835443,위험
2024-11-14,2418.86,-0.012459067271034383,97.34177215189874,위험
2024-11-15,2416.86,-0.004184937434662654,92.72151898734177,경고
2024-11-16,2416.86,-0.004184937434662654,92.72151898734177,경고
2024-11-17,2416.86,-0.004184937434662654,92.72151898734177,경고
2024-11-18,2469.07,0.009613350164838113,73.0379746835443,안전
2024-11-19,2471.95,0.014381190693052232,62.848101265822784,안전
2024-11-20,2482.29,0.017474491338436343,56.835443037974684,안전
2024-11-21,2480.63,0.01823916055653509,54.74683544303798,안전
2024-11-22,2501.24,0.020229646558364952,50.12658227848101,안전
2024-11-23,2501.24,0.020229646558364952,50.12658227848101,안전
2024-11-24,2501.24,0.020229646558364952,50.12658227848101,안전
2024-11-25,2534.34,0.026300684490304697,35.88607594936709,안전
2024-11-26,2520.36,0.026021488366422776,36.51898734177215,안전
2024-11-27,2503.06,0.023075792131412295,42.91139240506329,안전
2024-11-28,2504.67,0.022949843786952834,43.22784810126583,안전
2024-11-29,2455.91,0.017294261754712405,57.53164556962025,안전
2024-11-30,2455.91,0.017294261754712405,57.53164556962025,안전
2024-12-01,2455.91,0.017294261754712405,57.53164556962025,안전
2024-12-02,2454.48,0.018215547784725106,54.810126582278485,안전
2024-12-03,2500.1,0.023866245584074033,41.708860759493675,안전
2024-12-04,2464.0,0.020819823558870333,48.67088607594937,안전
2024-12-05,2441.85,0.02068073989737642,48.860759493670884,안전
2024-12-06,2428.16,0.01928442533160995,51.962025316455694,안전
2024-12-07,2428.16,0.01928442533160995,51.962025316455694,안전
2024-12-08,2428.16,0.01928442533160995,51.962025316455694,안전
2024-12-09,2360.58,0.01070901697560633,71.0126582278481,안전
2024-12-10,2417.84,0.022607411215734365,44.17721518987342,안전
2024-12-11,2442.51,0.029842622084184207,28.48101265822785,안전
2024-12-12,2482.12,0.032983651948107276,22.848101265822784,안전
2024-12-13,2494.46,0.030198752995971297,27.405063291139243,안전
2024-12-14,2494.46,0.030198752995971297,27.405063291139243,안전
2024-12-15,2494.46,0.030198752995971297,27.405063291139243,안전
2024-12-16,2488.97,0.02588743499392524,36.708860759493675,안전
2024-12-17,2456.81,0.01784683863248944,55.75949367088607,안전
2024-12-18,2484.43,0.018431405021427788,54.36708860759494,안전
2024-12-19,2435.93,0.009201177404735198,73.54430379746836,안전
2024-12-20,2404.15,0.006210424871141358,79.49367088607595,안전
2024-12-21,2404.15,0.006210424871141358,79.49367088607595,안전
2024-12-22,2404.15,0.006210424871141358,79.49367088607595,안전
2024-12-23,2442.01,0.009591900411197538,73.22784810126582,안전
2024-12-24,2440.52,0.008042869520187262,75.82278481012659,안전
2024-12-25,2440.52,0.008042869520187262,75.82278481012659,안전
2024-12-26,2429.67,0.008458551973183796,75.0,안전
2024-12-27,2404.77,0.0054014259170538075,80.94936708860759,경고
2024-12-28,2404.77,0.0054014259170538075,80.94936708860759,경고
2024-12-29,2404.77,0.0054014259170538075,80.94936708860759,경고
2024-12-30,2399.49,0.005153294982179253,81.13924050632912,경고
2024-12-31,2399.49,0.005153294982179253,81.13924050632912,경고
2025-01-01,2399.49,0.005153294982179253,81.13924050632912,경고
2025-01-02,2398.94,0.006234694734489214,79.43037974683544,안전
2025-01-03,2441.92,0.01395153817931276,63.35443037974684,안전
2025-01-04,2441.92,0.01395153817931276,63.35443037974684,안전
2025-01-05,2441.92,0.01395153817931276,63.35443037974684,안전
2025-01-06,2488.64,0.016922008808431623,58.22784810126582,안전
2025-01-07,2492.1,0.016792751932142767,58.41772151898734,안전
2025-01-08,2521.05,0.01865908380696122,53.79746835443038,안전
2025-01-09,2521.9,0.015991368661858393,60.25316455696203,안전
2025-01-10,2515.78,0.010554941549405776,71.20253164556962,안전
2025-01-11,2515.78,0.010554941549405776,71.20253164556962,안전
2025-01-12,2515.78,0.010554941549405776,71.20253164556962,안전
2025-01-13,2489.56,0.00012637697847554807,87.9746835443038,경고
2025-01-14,2497.4,-0.0023316907133532853,90.75949367088607,경고
2025-01-15,2496.81,-0.00351787015851604,92.34177215189874,경고
2025-01-16,2527.49,0.00023012610202977762,87.78481012658229,경고
2025-01-17,2523.55,0.000728877887360143,87.40506329113924,경고
2025-01-18,2523.55,0.000728877887360143,87.40506329113924,경고
2025-01-19,2523.55,0.000728877887360143,87.40506329113924,경고
2025-01-20,2520.05,0.004131874155476618,82.59493670886076,경고
2025-01-21,2518.03,0.005123116870046681,81.20253164556962,경고
2025-01-22,2547.06,0.007385971276609792,76.89873417721519,안전
2025-01-23,2515.49,0.004393051940007036,82.15189873417722,경고
2025-01-24,2536.8,0.010540579464482783,71.26582278481013,안전
2025-01-25,2536.8,0.010540579464482783,71.26582278481013,안전
2025-01-26,2536.8,0.010540579464482783,71.26582278481013,안전
2025-01-27,2536.8,0.010540579464482783,71.26582278481013,안전
2025-01-28,2536.8,0.010540579464482783,71.26582278481013,안전
2025-01-29,2536.8,0.010540579464482783,71.26582278481013,안전
2025-01-30,2536.8,0.010540579464482783,71.26582278481013,안전
2025-01-31,2517.37,0.0021796380477575143,85.69620253164557,경고
2025-02-01,2517.37,0.0021796380477575143,85.69620253164557,경고
2025-02-02,2517.37,0.0021796380477575143,85.69620253164557,경고
2025-02-03,2453.95,-0.011099710195836167,96.70886075949367,위험
2025-02-04,2481.69,-0.00742667116040748,94.62025316455697,경고
2025-02-05,2509.27,-0.0004636103514358801,89.0506329113924,경고
2025-02-06,2536.75,0.006343660407401166,79.36708860759494,안전
2025-02-07,2521.92,0.006018670183868924,79.74683544303798,안전
2025-02-08,2521.92,0.006018670183868924,79.74683544303798,안전
2025-02-09,2521.92,0.006018670183868924,79.74683544303798,안전
2025-02-10,2521.27,0.00576421082459265,80.0,경고
2025-02-11,2539.05,0.0097908182567924,72.46835443037975,안전
2025-02-12,2548.39,0.012808496082493678,66.20253164556962,안전
2025-02-13,2583.17,0.02014566566191804,50.44303797468355,안전
2025-02-14,2591.05,0.020870769904431104,48.54430379746835,안전
2025-02-15,2591.05,0.020870769904431104,48.54430379746835,안전
2025-02-16,2591.05,0.020870769904431104,48.54430379746835,안전
2025-02-17,2610.42,0.025535604959506956,37.848101265822784,안전
2025-02-18,2626.81,0.027838420023751632,32.65822784810127,안전
2025-02-19,2671.52,0.033794778842217724,20.949367088607595,안전
2025-02-20,2654.06,0.02749350491030857,33.54430379746836,안전
2025-02-21,2654.58,0.0261571718519025,36.265822784810126,안전
2025-02-22,2654.58,0.0261571718519025,36.265822784810126,안전
2025-02-23,2654.58,0.0261571718519025,36.265822784810126,안전
2025-02-24,2645.27,0.024365791603192716,40.69620253164557,안전
2025-02-25,2630.29,0.021856917598695354,46.139240506329116,안전
2025-02-26,2641.09,0.02175136988633393,46.51898734177215,안전
2025-02-27,2621.75,0.01625589118283243,59.68354430379746,안전
2025-02-28,2532.78,0.006363774866988211,79.30379746835443,안전
2025-03-01,2532.78,0.006363774866988211,79.30379746835443,안전
2025-03-02,2532.78,0.006363774866988211,79.30379746835443,안전
2025-03-03,2532.78,0.006363774866988211,79.30379746835443,안전
2025-03-04,2528.92,0.004083344264978096,82.78481012658227,경고
2025-03-05,2558.13,0.008777106484453347,74.30379746835443,안전
2025-03-06,2576.16,0.0111327899367725,70.12658227848101,안전
2025-03-07,2563.48,0.008224141268168698,75.31645569620254,안전
2025-03-08,2563.48,0.008224141268168698,75.31645569620254,안전
2025-03-09,2563.48,0.008224141268168698,75.31645569620254,안전
2025-03-10,2570.39,0.009195133117603123,73.60759493670886,안전
2025-03-11,2537.6,0.005721481372702522,80.18987341772153,경고
2025-03-12,2574.82,0.012193859641223744,67.65822784810128,안전
2025-03-13,2573.64,0.01290253692592769,65.94936708860759,안전
2025-03-14,2566.36,0.013578898780198178,64.24050632911393,안전
2025-03-15,2566.36,0.013578898780198178,64.24050632911393,안전
2025-03-16,2566.36,0.013578898780198178,64.24050632911393,안전
2025-03-17,2610.69,0.021548128956785848,46.962025316455694,안전
2025-03-18,2612.34,0.020585622300545153,49.050632911392405,안전
2025-03-19,2628.62,0.026038961267049902,36.45569620253165,안전
2025-03-20,2637.1,0.02785254533659687,32.594936708860764,안전
2025-03-21,2643.13,0.03195856703505225,24.430379746835442,안전
2025-03-22,2643.13,0.03195856703505225,24.430379746835442,안전
2025-03-23,2643.13,0.03195856703505225,24.430379746835442,안전
2025-03-24,2632.07,0.0313566299026023,25.506329113924053,안전
2025-03-25,2615.81,0.033065419389758655,22.59493670886076,안전
2025-03-26,2643.94,0.03842499004740593,13.164556962025317,안전
2025-03-27,2607.15,0.03762693601521289,14.556962025316455,안전
2025-03-28,2557.98,0.03450676979635818,19.240506329113924,안전
2025-03-29,2557.98,0.03450676979635818,19.240506329113924,안전
2025-03-30,2557.98,0.03450676979635818,19.240506329113924,안전
2025-03-31,2481.12,0.023354353556917052,42.278481012658226,안전
2025-04-01,2521.39,0.033375377214969706,21.70886075949367,안전
2025-04-02,2505.86,0.0357157995407132,17.468354430379744,안전
2025-04-03,2486.7,0.03146445024421973,25.253164556962027,안전
2025-04-04,2465.42,0.025955360503325246,36.58227848101266,안전
2025-04-05,2465.42,0.025955360503325246,36.58227848101266,안전
2025-04-06,2465.42,0.025955360503325246,36.58227848101266,안전
2025-04-07,2328.2,0.004162930731952508,82.53164556962025,경고
2025-04-08,2334.23,0.007428184079060294,76.77215189873418,안전
2025-04-09,2293.7,0.0072439825050992675,77.27848101265823,안전
2025-04-10,2445.06,0.031640630027841565,25.0,안전
2025-04-11,2432.72,0.0282924264976497,31.329113924050635,안전
2025-04-12,2432.72,0.0282924264976497,31.329113924050635,안전
2025-04-13,2432.72,0.0282924264976497,31.329113924050635,안전
2025-04-14,2455.89,0.03302606681271612,22.658227848101266,안전
2025-04-15,2477.41,0.03098451850761346,26.0126582278481,안전
2025-04-16,2447.43,0.023020195619415977,43.10126582278481,안전
2025-04-17,2470.41,0.025099792345569045,38.79746835443038,안전
2025-04-18,2483.42,0.02463587537064442,40.189873417721515,안전
2025-04-19,2483.42,0.02463587537064442,40.189873417721515,안전
2025-04-20,2483.42,0.02463587537064442,40.189873417721515,안전
2025-04-21,2488.42,0.022407611965640575,44.620253164556964,안전
2025-04-22,2486.64,0.01922464510126112,52.21518987341772,안전
2025-04-23,2525.56,0.022929944324882358,43.48101265822785,안전
2025-04-24,2522.33,0.01900501256966228,52.9746835443038,안전
2025-04-25,2546.3,0.021022351259228404,48.10126582278481,안전
2025-04-26,2546.3,0.021022351259228404,48.10126582278481,안전
2025-04-27,2546.3,0.021022351259228404,48.10126582278481,안전
2025-04-28,2548.86,0.017906703321563626,55.56962025316455,안전
2025-04-29,2565.42,0.017834807366582495,55.82278481012658,안전
2025-04-30,2556.61,0.013835021388959586,63.79746835443038,안전
2025-05-01,2556.61,0.013835021388959586,63.79746835443038,안전
2025-05-02,2559.79,0.009594420661475964,73.16455696202532,안전
2025-05-03,2559.79,0.009594420661475964,73.16455696202532,안전
2025-05-04,2559.79,0.009594420661475964,73.16455696202532,안전
2025-05-05,2559.79,0.009594420661475964,73.16455696202532,안전
2025-05-06,2559.79,0.009594420661475964,73.16455696202532,안전
2025-05-07,2573.8,0.01072984545168523,70.9493670886076,안전
2025-05-08,2579.48,0.012166608169505985,67.78481012658227,안전
2025-05-09,2577.27,0.012840956335397079,66.07594936708861,안전
2025-05-10,2577.27,0.012840956335397079,66.07594936708861,안전
2025-05-11,2577.27,0.012840956335397079,66.07594936708861,안전
2025-05-12,2607.33,0.012987822299255384,65.69620253164557,안전
2025-05-13,2608.42,0.009296716588197501,73.35443037974684,안전
2025-05-14,2640.57,0.013487216966092208,64.49367088607595,안전
2025-05-15,2621.36,0.0070710797555228605,77.84810126582279,안전
2025-05-16,2626.87,0.01322338897531061,65.18987341772153,안전
2025-05-17,2626.87,0.01322338897531061,65.18987341772153,안전
2025-05-18,2626.87,0.01322338897531061,65.18987341772153,안전
2025-05-19,2603.42,0.01173264535753421,68.92405063291139,안전
2025-05-20,2601.8,0.012424736196093326,66.83544303797468,안전
2025-05-21,2625.58,0.01568319860357574,61.01265822784811,안전
2025-05-22,2593.67,0.012371190075420913,66.9620253164557,안전
2025-05-23,2592.09,0.012961970578797754,65.82278481012658,안전
2025-05-24,2592.09,0.012961970578797754,65.82278481012658,안전
2025-05-25,2592.09,0.012961970578797754,65.82278481012658,안전
2025-05-26,2644.4,0.017471213130834592,56.898734177215196,안전
2025-05-27,2637.22,0.01851695277995964,54.177215189873415,안전
2025-05-28,2670.15,0.021348702502974656,47.34177215189874,안전
2025-05-29,2720.64,0.0257723263202613,37.088607594936704,안전
2025-05-30,2697.67,0.023125023082111645,42.78481012658228,안전
2025-05-31,2697.67,0.023125023082111645,42.78481012658228,안전
2025-06-01,2697.67,0.023125023082111645,42.78481012658228,안전
2025-06-02,2698.97,0.02112623128646537,47.78481012658228,안전
2025-06-03,2698.97,0.02112623128646537,47.78481012658228,안전
2025-06-04,2770.84,0.02463985854809029,40.12658227848101,안전
2025-06-05,2812.05,0.027411384414920026,33.734177215189874,안전
2025-06-06,2812.05,0.027411384414920026,33.734177215189874,안전
2025-06-07,2812.05,0.027411384414920026,33.734177215189874,안전
2025-06-08,2812.05,0.027411384414920026,33.734177215189874,안전
2025-06-09,2855.77,0.028132771434220525,31.89873417721519,안전
2025-06-10,2871.85,0.028225479251873402,31.645569620253166,안전
2025-06-11,2907.04,0.027713506571468326,33.037974683544306,안전
2025-06-12,2920.03,0.026640667577261003,35.12658227848101,안전
2025-06-13,2894.62,0.019780747800501725,50.8860759493671,안전
2025-06-14,2894.62,0.019780747800501725,50.8860759493671,안전
2025-06-15,2894.62,0.019780747800501725,50.8860759493671,안전
2025-06-16,2946.66,0.020385320870414714,49.55696202531645,안전
2025-06-17,2950.3,0.016455817453493705,59.367088607594944,안전
2025-06-18,2972.19,0.015777634752144408,60.75949367088608,안전
2025-06-19,2977.74,0.014861247537546932,62.0253164556962,안전
2025-06-20,3021.84,0.013567718050454546,64.30379746835443,안전
2025-06-21,3021.84,0.013567718050454546,64.30379746835443,안전
2025-06-22,3021.84,0.013567718050454546,64.30379746835443,안전
2025-06-23,3014.47,0.010178771363286581,72.0253164556962,안전
2025-06-24,3103.64,0.014103271016044406,63.037974683544306,안전
2025-06-25,3108.25,0.011017171943891318,70.31645569620252,안전
2025-06-26,3079.56,0.010830293349660524,70.56962025316456,안전
2025-06-27,3055.94,0.008552558894037478,74.81012658227849,안전
2025-06-28,3055.94,0.008552558894037478,74.81012658227849,안전
2025-06-29,3055.94,0.008552558894037478,74.81012658227849,안전
2025-06-30,3071.7,0.009895388259180682,72.34177215189874,안전
2025-07-01,3089.65,0.00806155998972933,75.69620253164557,안전
2025-07-02,3075.06,0.00844472668166801,75.0632911392405,안전
2025-07-03,3116.27,0.013780168236865582,63.860759493670884,안전
2025-07-04,3054.28,0.011999374190988222,68.29113924050633,안전
2025-07-05,3054.28,0.011999374190988222,68.29113924050633,안전
2025-07-06,3054.28,0.011999374190988222,68.29113924050633,안전
2025-07-07,3059.47,0.012300848257516834,67.21518987341773,안전
2025-07-08,3114.95,0.013872915249466475,63.73417721518987,안전
2025-07-09,3133.74,0.016681784185352787,58.79746835443038,안전
2025-07-10,3183.23,0.017228290927199796,57.72151898734177,안전
2025-07-11,3175.77,0.015707781083341546,60.949367088607595,안전
2025-07-12,3175.77,0.015707781083341546,60.949367088607595,안전
2025-07-13,3175.77,0.015707781083341546,60.949367088607595,안전
2025-07-14,3202.03,0.01809561059695544,55.00000000000001,안전
2025-07-15,3215.28,0.01936226271707142,51.64556962025316,안전
2025-07-16,3186.38,0.020361435533506188,49.68354430379747,안전
2025-07-17,3192.29,0.020245392354372352,50.063291139240505,안전
2025-07-18,3188.07,0.02210292307490017,45.506329113924046,안전
2025-07-19,3188.07,0.02210292307490017,45.506329113924046,안전
2025-07-20,3188.07,0.02210292307490017,45.506329113924046,안전
2025-07-21,3210.81,0.027205916841818972,34.177215189873415,안전
2025-07-22,3169.94,0.02674001504240128,34.87341772151899,안전
2025-07-23,3183.77,0.034127262958614554,19.936708860759495,안전
2025-07-24,3190.45,0.03292466172196436,22.911392405063292,안전
2025-07-25,3196.05,0.035295798427178664,18.10126582278481,안전
2025-07-26,3196.05,0.035295798427178664,18.10126582278481,안전
2025-07-27,3196.05,0.035295798427178664,18.10126582278481,안전
2025-07-28,3209.52,0.03892204189638973,12.531645569620252,안전
2025-07-29,3230.57,0.04117778240843761,8.860759493670885,안전
2025-07-30,3254.47,0.04113694964953095,9.113924050632912,안전
2025-07-31,3245.44,0.03956200615083284,11.39240506329114,안전
2025-08-01,3119.41,0.033909625209980844,20.696202531645568,안전
2025-08-02,3119.41,0.033909625209980844,20.696202531645568,안전
2025-08-03,3119.41,0.033909625209980844,20.696202531645568,안전
2025-08-04,3147.75,0.03407750426662394,20.126582278481013,안전
2025-08-05,3198.0,0.03649020733128835,16.39240506329114,안전
2025-08-06,3198.14,0.039146730566277876,12.278481012658228,안전
2025-08-07,3227.68,0.04153483598684937,8.354430379746836,안전
2025-08-08,3210.01,0.04104933790463642,9.367088607594937,안전
2025-08-09,3210.01,0.04104933790463642,9.367088607594937,안전
2025-08-10,3210.01,0.04104933790463642,9.367088607594937,안전
2025-08-11,3206.77,0.037853178462385874,13.79746835443038,안전
2025-08-12,3189.91,0.03589945575307485,17.341772151898734,안전
2025-08-13,3224.37,0.037830371298062174,13.924050632911392,안전
2025-08-14,3225.66,0.0387016422926824,12.784810126582277,안전
2025-08-15,3225.66,0.0387016422926824,12.784810126582277,안전
2025-08-16,3225.66,0.0387016422926824,12.784810126582277,안전
2025-08-17,3225.66,0.0387016422926824,12.784810126582277,안전
2025-08-18,3177.28,0.037697588949474906,14.303797468354432,안전
2025-08-19,3151.56,0.03670865813554219,15.949367088607595,안전
2025-08-20,3130.09,0.03270358316838819,23.22784810126582,안전
2025-08-21,3141.74,0.033653604928843034,21.265822784810126,안전
2025-08-22,3168.73,0.0380607169180852,13.670886075949367,안전
2025-08-23,3168.73,0.0380607169180852,13.670886075949367,안전
2025-08-24,3168.73,0.0380607169180852,13.670886075949367,안전
2025-08-25,3209.86,0.03991589209891194,10.886075949367088,안전
2025-08-26,3179.36,0.03772532262036152,14.240506329113925,안전
2025-08-27,3187.16,0.03739647735959509,14.936708860759493,안전
2025-08-28,3196.32,0.036218001726061474,17.025316455696203,안전
2025-08-29,3186.01,0.0330071000122726,22.72151898734177,안전
2025-08-30,3186.01,0.0330071000122726,22.72151898734177,안전
2025-08-31,3186.01,0.0330071000122726,22.72151898734177,안전
2025-09-01,3142.93,0.02692321271893007,34.620253164556964,안전
2025-09-02,3172.35,0.029455987434501424,29.17721518987342,안전
2025-09-03,3184.42,0.030360954963605052,27.27848101265823,안전
2025-09-04,3200.83,0.03051357025850395,27.151898734177216,안전
2025-09-05,3205.12,0.030811436975981182,26.39240506329114,안전
2025-09-06,3205.12,0.030811436975981182,26.39240506329114,안전
2025-09-07,3205.12,0.030811436975981182,26.39240506329114,안전
2025-09-08,3219.59,0.03491931618024853,18.544303797468352,안전
2025-09-09,3260.05,0.041944321884644434,7.9113924050632916,안전
2025-09-10,3314.53,0.050824946881596667,2.088607594936709,안전
2025-09-11,3344.2,0.0538020632100576,1.2658227848101267,안전
2025-09-12,3395.54,0.06000095403901238,0.18987341772151897,안전
2025-09-13,3395.54,0.06000095403901238,0.18987341772151897,안전
2025-09-14,3395.54,0.06000095403901238,0.18987341772151897,안전
2025-09-15,3407.31,0.05860789726716928,0.44303797468354433,안전
2025-09-16,3449.62,0.05992200813817419,0.25316455696202533,안전
2025-09-17,3413.4,0.05255060625385094,1.5822784810126582,안전
2025-09-18,3461.3,0.053590227256801314,1.3291139240506329,안전
2025-09-19,3445.24,0.046079244003785366,4.240506329113924,안전
2025-09-20,3445.24,0.046079244003785366,4.240506329113924,안전
2025-09-21,3445.24,0.046079244003785366,4.240506329113924,안전
2025-09-22,3468.65,0.04540754293290156,4.556962025316456,안전
2025-09-23,3486.19,0.04235035959813587,7.59493670886076,안전
2025-09-24,3472.14,0.03936462667357027,11.835443037974684,안전
2025-09-25,3471.11,0.039010789612466054,12.468354430379748,안전
2025-09-26,3386.05,0.03142909687543254,25.37974683544304,안전
2025-09-27,3386.05,0.03142909687543254,25.37974683544304,안전
2025-09-28,3386.05,0.03142909687543254,25.37974683544304,안전
2025-09-29,3431.21,0.036345498855988034,16.77215189873418,안전
2025-09-30,3424.6,0.03386901928925604,20.82278481012658,안전
2025-10-01,3455.83,0.037728846318453094,14.177215189873419,안전
2025-10-02,3549.21,0.04368656578894025,6.20253164556962,안전
2025-10-03,3549.21,0.04368656578894025,6.20253164556962,안전
2025-10-04,3549.21,0.04368656578894025,6.20253164556962,안전
2025-10-05,3549.21,0.04368656578894025,6.20253164556962,안전
2025-10-06,3549.21,0.04368656578894025,6.20253164556962,안전
2025-10-07,3549.21,0.04368656578894025,6.20253164556962,안전
2025-10-08,3549.21,0.04368656578894025,6.20253164556962,안전
2025-10-09,3549.21,0.04368656578894025,6.20253164556962,안전
2025-10-10,3610.6,0.04856887729737489,2.911392405063291,안전
2025-10-11,3610.6,0.04856887729737489,2.911392405063291,안전
2025-10-12,3610.6,0.04856887729737489,2.911392405063291,안전
2025-10-13,3584.55,0.04423306297567561,5.379746835443038,안전
2025-10-14,3561.81,0.03678801603951401,15.822784810126583,안전
2025-10-15,3657.28,0.033892559828531184,20.759493670886076,안전
2025-10-16,3748.37,0.03757653050494256,14.620253164556962,안전
2025-10-17,3748.89,0.02990911665484832,28.10126582278481,안전
2025-10-18,3748.89,0.02990911665484832,28.10126582278481,안전
2025-10-19,3748.89,0.02990911665484832,28.10126582278481,안전
2025-10-20,3814.69,0.02525320120335387,38.54430379746835,안전
2025-10-21,3823.84,0.02659690545065667,35.189873417721515,안전
2025-10-22,3883.68,0.02078922716202123,48.734177215189874,안전
2025-10-23,3845.56,0.014693432896816998,62.34177215189873,안전
2025-10-24,3941.59,0.014024645131987926,63.16455696202532,안전
2025-10-25,3941.59,0.014024645131987926,63.16455696202532,안전
2025-10-26,3941.59,0.014024645131987926,63.16455696202532,안전
2025-10-27,4042.83,0.015827822458449527,60.69620253164557,안전
2025-10-28,4010.41,0.016945068022204433,58.164556962025316,안전
2025-10-29,4081.15,0.010483788121057526,71.45569620253166,안전
2025-10-30,4086.89,0.009045783171040697,73.9240506329114,안전
2025-10-31,4107.5,0.003957755614964746,82.91139240506328,경고
2025-11-01,4107.5,0.003957755614964746,82.91139240506328,경고
2025-11-02,4107.5,0.003957755614964746,82.91139240506328,경고
2025-11-03,4221.87,0.0064338148272208365,79.11392405063292,안전
2025-11-04,4121.74,0.007004669564468706,77.9113924050633,안전
2025-11-05,4004.42,-0.004430282618410483,92.91139240506328,경고
2025-11-06,4026.45,-0.0031775823228082645,91.77215189873418,경고
2025-11-07,3953.76,-0.009647655719316216,95.88607594936708,위험
2025-11-08,3953.76,-0.009647655719316216,95.88607594936708,위험
2025-11-09,3953.76,-0.009647655719316216,95.88607594936708,위험
2025-11-10,4073.24,-0.002389345437158512,90.94936708860759,경고
2025-11-11,4106.39,0.006369191122559754,79.24050632911393,안전
2025-11-12,4150.39,0.012326243414310323,67.15189873417722,안전
2025-11-13,4170.63,0.007689842489801386,76.20253164556962,안전
2025-11-14,4011.57,0.003528164466357075,83.98734177215191,경고
2025-11-15,4011.57,0.003528164466357075,83.98734177215191,경고
2025-11-16,4011.57,0.003528164466357075,83.98734177215191,경고
2025-11-17,4089.25,0.006609854399769952,78.67088607594937,안전
2025-11-18,3953.62,-0.0010712122434921277,89.30379746835443,경고
2025-11-19,3929.51,0.0031953999777291076,84.55696202531645,경고
2025-11-20,4004.85,0.007162882969549537,77.46835443037975,안전
2025-11-21,3853.26,0.007361074228500112,77.0253164556962,안전
2025-11-22,3853.26,0.007361074228500112,77.0253164556962,안전
2025-11-23,3853.26,0.007361074228500112,77.0253164556962,안전
2025-11-24,3846.06,0.009240692081876306,73.48101265822785,안전
2025-11-25,3857.78,0.010748722869614223,70.88607594936708,안전
2025-11-26,3960.87,0.01977955519189443,50.9493670886076,안전
2025-11-27,3986.91,0.02289136127349635,43.54430379746835,안전
2025-11-28,3926.59,0.02466002966391822,40.06329113924051,안전
2025-11-29,3926.59,0.02466002966391822,40.06329113924051,안전
2025-11-30,3926.59,0.02466002966391822,40.06329113924051,안전
2025-12-01,3920.37,0.022026661360746602,45.63291139240506,안전
2025-12-02,3994.93,0.02098406692769353,48.22784810126583,안전
2025-12-03,4036.3,0.027265628924449812,34.050632911392405,안전
2025-12-04,4028.51,0.027800895673195825,32.78481012658228,안전
2025-12-05,4100.05,0.03255932742884792,23.481012658227847,안전
2025-12-06,4100.05,0.03255932742884792,23.481012658227847,안전
2025-12-07,4100.05,0.03255932742884792,23.481012658227847,안전
2025-12-08,4154.85,0.02944297302801186,29.240506329113924,안전
2025-12-09,4143.55,0.028336032139186357,31.20253164556962,안전
2025-12-10,4135.0,0.0280619447998711,32.0253164556962,안전
2025-12-11,4110.62,0.032328576094634215,23.924050632911392,안전
2025-12-12,4167.16,0.0376918718439806,14.367088607594935,안전
2025-12-13,4167.16,0.0376918718439806,14.367088607594935,안전
2025-12-14,4167.16,0.0376918718439806,14.367088607594935,안전
2025-12-15,4090.59,0.036981238907975326,15.443037974683543,안전
2025-12-16,3999.13,0.03846615147028934,13.037974683544304,안전
2025-12-17,4056.41,0.039800048824149614,11.139240506329113,안전
2025-12-18,3994.51,0.03981156337192628,11.075949367088606,안전
2025-12-19,4020.55,0.040476111342664226,10.18987341772152,안전
2025-12-20,4020.55,0.040476111342664226,10.18987341772152,안전
2025-12-21,4020.55,0.040476111342664226,10.18987341772152,안전
2025-12-22,4105.93,0.043281235354486594,6.772151898734177,안전
2025-12-23,4117.32,0.041855671280730464,7.974683544303797,안전
2025-12-24,4108.62,0.03933840307914381,11.962025316455696,안전
2025-12-25,4108.62,0.03933840307914381,11.962025316455696,안전
2025-12-26,4129.68,0.04062198841694757,9.746835443037975,안전
2025-12-27,4129.68,0.04062198841694757,9.746835443037975,안전
2025-12-28,4129.68,0.04062198841694757,9.746835443037975,안전
2025-12-29,4220.56,0.0436148273985341,6.329113924050633,안전
2025-12-30,4214.17,0.04490093135704777,5.0,안전
2025-12-31,4214.17,0.04490093135704777,5.0,안전
2026-01-01,4214.17,0.04490093135704777,5.0,안전
2026-01-02,4309.63,0.051748295395895594,1.8354430379746836,안전
2026-01-03,4309.63,0.051748295395895594,1.8354430379746836,안전
2026-01-04,4309.63,0.051748295395895594,1.8354430379746836,안전
2026-01-05,4457.52,0.055216836953378534,0.949367088607595,안전
2026-01-06,4525.48,0.05458570474592961,1.139240506329114,안전
2026-01-07,4551.06,0.055804304135645307,0.8227848101265823,안전
2026-01-08,4552.37,0.054649024068783705,1.0759493670886076,안전
2026-01-09,4586.32,0.05420151182710308,1.2025316455696202,안전
2026-01-10,4586.32,0.05420151182710308,1.2025316455696202,안전
2026-01-11,4586.32,0.05420151182710308,1.2025316455696202,안전
2026-01-12,4624.79,0.05244864541300359,1.6455696202531647,안전
2026-01-13,4692.64,0.050186024340171415,2.278481012658228,안전
2026-01-14,4723.1,0.04970140991829355,2.4683544303797467,안전
2026-01-15,4797.55,0.04910087673116358,2.721518987341772,안전
2026-01-16,4840.74,0.045114104157062844,4.746835443037975,안전
2026-01-17,4840.74,0.045114104157062844,4.746835443037975,안전
2026-01-18,4840.74,0.045114104157062844,4.746835443037975,안전
2026-01-19,4904.66,0.04629005841789795,4.113924050632911,안전
2026-01-20,4885.75,0.04090301023115254,9.556962025316455,안전
2026-01-21,4909.93,0.039866014006330386,11.012658227848101,안전
2026-01-22,4952.53,0.0400617490069778,10.632911392405063,안전
2026-01-23,4990.07,0.0377510086247078,14.113924050632912,안전
2026-01-24,4990.07,0.0377510086247078,14.113924050632912,안전
2026-01-25,4990.07,0.0377510086247078,14.113924050632912,안전
2026-01-26,4949.59,0.03131224792861736,25.696202531645568,안전
2026-01-27,5084.85,0.03307144887757309,22.531645569620252,안전
2026-01-28,5170.81,0.028785163069246285,30.31645569620253,안전
2026-01-29,5221.25,0.021795615841987147,46.392405063291136,안전
2026-01-30,5224.36,0.01897615403354797,53.037974683544306,안전
2026-01-31,5224.36,0.01897615403354797,53.037974683544306,안전
2026-02-01,5224.36,0.01897615403354797,53.037974683544306,안전
2026-02-02,4949.67,0.011853885965948243,68.73417721518987,안전
2026-02-03,5288.08,0.017715880325094926,56.075949367088604,안전
2026-02-04,5371.1,0.013358596658199922,64.74683544303798,안전
2026-02-05,5163.57,0.015190183360255401,61.518987341772146,안전
2026-02-06,5089.14,0.012001235683067782,68.22784810126582,안전
2026-02-07,5089.14,0.012001235683067782,68.22784810126582,안전
2026-02-08,5089.14,0.012001235683067782,68.22784810126582,안전
2026-02-09,5298.04,0.011295349615479,69.68354430379748,안전
2026-02-10,5301.69,0.013056551427871585,65.56962025316456,안전
2026-02-11,5354.49,0.015602112519851677,61.139240506329116,안전
2026-02-12,5522.27,0.01801483744944048,55.25316455696202,안전
2026-02-13,5507.01,0.01928946683934331,51.89873417721519,안전
2026-02-14,5507.01,0.01928946683934331,51.89873417721519,안전
2026-02-15,5507.01,0.01928946683934331,51.89873417721519,안전
2026-02-16,5507.01,0.01928946683934331,51.89873417721519,안전
2026-02-17,5507.01,0.01928946683934331,51.89873417721519,안전
2026-02-18,5507.01,0.01928946683934331,51.89873417721519,안전
2026-02-19,5677.25,0.020903909245597152,48.48101265822785,안전
2026-02-20,5808.53,0.022173258061756903,45.379746835443036,안전
2026-02-21,5808.53,0.022173258061756903,45.379746835443036,안전
2026-02-22,5808.53,0.022173258061756903,45.379746835443036,안전
2026-02-23,5846.09,0.019280844391373633,52.0253164556962,안전
2026-02-24,5969.64,0.017371926619778898,57.21518987341773,안전
2026-02-25,6083.86,0.018705216926339897,53.54430379746835,안전
2026-02-26,6307.27,0.02274941672130464,43.79746835443038,안전
2026-02-27,6244.13,0.018569065656208417,53.92405063291139,안전
2026-02-28,6244.13,0.018569065656208417,53.92405063291139,안전
2026-03-01,6244.13,0.018569065656208417,53.92405063291139,안전
2026-03-02,6244.13,0.018569065656208417,53.92405063291139,안전
2026-03-03,5791.91,0.017480306081034337,56.77215189873418,안전
2026-03-04,5093.54,0.009270115728209866,73.41772151898735,안전
2026-03-05,5583.9,0.012776676992048477,66.26582278481013,안전
2026-03-06,5584.87,0.020700691349887973,48.79746835443038,안전
2026-03-07,5584.87,0.020700691349887973,48.79746835443038,안전
2026-03-08,5584.87,0.020700691349887973,48.79746835443038,안전
2026-03-09,5251.87,0.02655046203649663,35.25316455696203,안전
2026-03-10,5532.59,0.03331937246967587,21.835443037974684,안전
2026-03-11,5609.95,0.032411151221211416,23.734177215189874,안전
2026-03-12,5583.25,0.03162851418592759,25.063291139240505,안전
2026-03-13,5487.24,0.031828208193477286,24.873417721518987,안전
2026-03-14,5487.24,0.031828208193477286,24.873417721518987,안전
2026-03-15,5487.24,0.031828208193477286,24.873417721518987,안전
2026-03-16,5549.85,0.02802926177706158,32.151898734177216,안전
2026-03-17,5640.48,0.025205584011623414,38.607594936708864,안전
2026-03-18,5925.03,0.027566522373607284,33.41772151898734,안전
2026-03-19,5763.22,0.026962543996119755,34.55696202531646,안전
2026-03-20,5781.2,0.027915679155584783,32.278481012658226,안전
2026-03-21,5781.2,0.027915679155584783,32.278481012658226,안전
2026-03-22,5781.2,0.027915679155584783,32.278481012658226,안전
2026-03-23,5405.75,0.021898362209305643,45.949367088607595,안전
2026-03-24,5553.92,0.024603396642212574,40.25316455696203,안전
2026-03-25,5642.21,0.03018881937118232,27.468354430379748,안전
2026-03-26,5460.46,0.03071772403966784,26.708860759493668,안전
2026-03-27,5438.87,0.03135058896897767,25.569620253164555,안전
2026-03-28,5438.87,0.03135058896897767,25.569620253164555,안전
2026-03-29,5438.87,0.03135058896897767,25.569620253164555,안전
2026-03-30,5277.3,0.03194987715001508,24.556962025316455,안전
2026-03-31,5052.46,0.024697339252311178,39.87341772151899,안전
2026-04-01,5478.7,0.0380757374116454,13.60759493670886,안전
2026-04-02,5234.05,0.0390751934991244,12.341772151898734,안전
2026-04-03,5377.3,0.03936853361745109,11.772151898734178,안전
2026-04-04,5377.3,0.03936853361745109,11.772151898734178,안전
2026-04-05,5377.3,0.03936853361745109,11.772151898734178,안전
2026-04-06,5450.33,0.028248894131780996,31.455696202531648,안전
2026-04-07,5494.78,0.031983895116701355,24.367088607594937,안전
2026-04-08,5872.34,0.03957872926013274,11.329113924050633,안전
2026-04-09,5778.01,0.039031774450724845,12.40506329113924,안전
2026-04-10,5858.87,0.04359466171339939,6.392405063291139,안전
2026-04-11,5858.87,0.04359466171339939,6.392405063291139,안전
2026-04-12,5858.87,0.04359466171339939,6.392405063291139,안전
2026-04-13,5808.62,0.04389666058642362,5.822784810126582,안전
2026-04-14,5967.75,0.047130293476525045,3.79746835443038,안전
2026-04-15,6091.39,0.05022654661840546,2.2151898734177213,안전
2026-04-16,6226.05,0.04762138205594963,3.6075949367088604,안전
2026-04-17,6191.92,0.04436151321096633,5.3164556962025316,안전
2026-04-18,6191.92,0.04436151321096633,5.3164556962025316,안전
2026-04-19,6191.92,0.04436151321096633,5.3164556962025316,안전
2026-04-20,6219.09,0.044201773203244976,5.443037974683544,안전
2026-04-21,6388.47,0.044780847849266836,5.063291139240507,안전
2026-04-22,6417.93,0.04167757679127384,8.164556962025317,안전
2026-04-23,6475.81,0.038171308954527625,13.481012658227847,안전
2026-04-24,6475.63,0.034002286216083644,20.443037974683545,안전
2026-04-25,6475.63,0.034002286216083644,20.443037974683545,안전
2026-04-26,6475.63,0.034002286216083644,20.443037974683545,안전
2026-04-27,6615.03,0.03322229370739842,22.08860759493671,안전
2026-04-28,6641.02,0.03402738745767973,20.253164556962027,안전
2026-04-29,6690.9,0.032181813590100986,24.113924050632914,안전
2026-04-30,6598.87,0.031558402509852305,25.18987341772152,안전
2026-05-01,6598.87,0.031558402509852305,25.18987341772152,안전
2026-05-02,6598.87,0.031558402509852305,25.18987341772152,안전
2026-05-03,6598.87,0.031558402509852305,25.18987341772152,안전
2026-05-04,6936.99,0.030950525974240577,26.075949367088608,안전
2026-05-05,6936.99,0.030950525974240577,26.075949367088608,안전
2026-05-06,7384.56,0.04336969551460741,6.582278481012659,안전
2026-05-07,7490.05,0.039728065947712166,11.20253164556962,안전
2026-05-08,7498.0,0.03498445900518181,18.354430379746837,안전
2026-05-09,7498.0,0.03498445900518181,18.354430379746837,안전
2026-05-10,7498.0,0.03498445900518181,18.354430379746837,안전
2026-05-11,7822.24,0.03644106305318693,16.518987341772153,안전
2026-05-12,7643.15,0.029852095763092855,28.354430379746837,안전
2026-05-13,7844.01,0.034103587681485636,20.0,안전
2026-05-14,7981.41,0.028416804864971237,31.075949367088608,안전
2026-05-15,7493.18,0.021163026611583084,47.65822784810126,안전
2026-05-16,7493.18,0.021163026611583084,47.65822784810126,안전
2026-05-17,7493.18,0.021163026611583084,47.65822784810126,안전
2026-05-18,7516.04,0.025778437815396106,37.0253164556962,안전
2026-05-19,7271.66,0.02786963401585486,32.53164556962025,안전
2026-05-20,7208.95,0.02228317298631899,44.936708860759495,안전
2026-05-21,7815.59,0.02772835768244592,32.974683544303794,안전
2026-05-22,7847.71,0.026922916121018173,34.68354430379747,안전
2026-05-23,7847.71,0.026922916121018173,34.68354430379747,안전
2026-05-24,7847.71,0.026922916121018173,34.68354430379747,안전
2026-05-25,7847.71,0.026922916121018173,34.68354430379747,안전
2026-05-26,8047.51,0.030018312586935655,27.784810126582276,안전
2026-05-27,8228.7,0.02935690236404307,29.303797468354432,안전
2026-05-28,8185.29,0.02423200938179088,41.01265822784811,안전
2026-05-29,8476.15,0.01656427520401038,59.17721518987342,안전
2026-05-30,8476.15,0.01656427520401038,59.17721518987342,안전
2026-05-31,8476.15,0.01656427520401038,59.17721518987342,안전
2026-06-01,8788.38,0.022850865764435048,43.60759493670886,안전
2026-06-02,8801.49,0.01551583586100902,61.26582278481013,안전
2026-06-03,8801.49,0.01551583586100902,61.26582278481013,안전
2026-06-04,8639.41,0.014549473801407295,62.59493670886076,안전
2026-06-05,8160.59,0.00446080622810955,81.9620253164557,경고
2026-06-06,8160.59,0.00446080622810955,81.9620253164557,경고
2026-06-07,8160.59,0.00446080622810955,81.9620253164557,경고
2026-06-08,7484.41,0.0005625761246876165,87.46835443037975,경고
2026-06-09,8096.93,0.008090813576347923,75.56962025316456,안전
2026-06-10,7730.82,0.01599921104464612,60.12658227848101,안전
2026-06-11,7763.95,0.020057694381731248,50.56962025316456,안전
2026-06-12,8123.62,0.01853246084981329,54.11392405063291,안전
2026-06-13,8123.62,0.01853246084981329,54.11392405063291,안전
2026-06-14,8123.62,0.01853246084981329,54.11392405063291,안전
2026-06-15,8545.98,0.02526560877450701,38.48101265822785,안전
2026-06-16,8726.6,0.02515923960667365,38.67088607594937,안전
2026-06-17,8864.24,0.020843732200344856,48.60759493670886,안전
2026-06-18,9063.84,0.015929765733836962,60.63291139240506,안전
2026-06-19,9052.42,0.016568247031408072,59.11392405063292,안전
2026-06-20,9052.42,0.016568247031408072,59.11392405063292,안전
2026-06-21,9052.42,0.016568247031408072,59.11392405063292,안전
2026-06-22,9114.55,0.02028927940762742,49.936708860759495,안전
2026-06-23,8203.84,0.019241480916494573,52.151898734177216,안전
2026-06-24,8471.02,0.014017144183155899,63.22784810126583,안전
2026-06-25,8930.3,0.02572010003422722,37.34177215189873,안전
2026-06-26,8411.21,0.027379520101118708,33.860759493670884,안전
2026-06-27,8411.21,0.027379520101118708,33.860759493670884,안전
2026-06-28,8411.21,0.027379520101118708,33.860759493670884,안전
2026-06-29,8394.65,0.035684871628358976,17.594936708860757,안전
2026-06-30,8476.48,0.03636181019782164,16.645569620253163,안전
2026-07-01,8303.41,0.03561832629017857,17.72151898734177,안전
2026-07-02,7648.09,0.028739631595006667,30.443037974683545,안전
2026-07-03,8088.34,0.03488412201455083,18.670886075949365,안전
2026-07-04,8088.34,0.03488412201455083,18.670886075949365,안전
2026-07-05,8088.34,0.03488412201455083,18.670886075949365,안전
2026-07-06,8051.33,0.03645899691175448,16.455696202531644,안전
2026-07-07,7656.31,0.04035941858992505,10.443037974683545,안전
2026-07-08,7246.79,0.02449827530331468,40.50632911392405,안전
2026-07-09,7291.91,0.030264992128047535,27.341772151898734,안전
2026-07-10,7475.94,0.0438550783473675,5.886075949367089,안전
2026-07-11,7475.94,0.0438550783473675,5.886075949367089,안전
2026-07-12,7475.94,0.0438550783473675,5.886075949367089,안전
2026-07-13,6806.93,0.040583721093502244,9.873417721518987,안전
2026-07-14,6856.83,0.04105535535511978,9.30379746835443,안전
2026-07-15,7284.41,0.0492815699033471,2.5949367088607596,안전
2026-07-16,6820.6,0.04476778367004278,5.126582278481013,안전
2026-07-17,6820.6,0.04476778367004278,5.126582278481013,안전
2026-07-18,6820.6,0.04476778367004278,5.126582278481013,안전
2026-07-19,6820.6,0.04476778367004278,5.126582278481013,안전
2026-07-20,6516.27,0.037767017161254995,14.050632911392405,안전
2026-07-21,6747.95,0.03704756647145343,15.316455696202533,안전
2026-07-22,6797.7,0.03519170484996155,18.164556962025316,안전
2026-07-23,7096.89,0.04111640973239973,9.240506329113925,안전
2026-07-24,6690.62,0.02982183167771774,28.544303797468356,안전
2026-07-25,6690.62,0.02982183167771774,28.544303797468356,안전
2026-07-26,6690.62,0.02982183167771774,28.544303797468356,안전
2026-07-27,6755.75,0.028247302771652636,31.518987341772153,안전
2026-07-28,6023.66,0.011401361190380668,69.43037974683544,안전
2026-07-29,5663.24,0.005490982013012843,80.75949367088607,경고
2026-07-30,5593.56,0.008911296051260894,74.17721518987341,안전
2026-07-31,6595.45,0.03780997411113936,13.987341772151899,안전
2026-08-01,6595.45,0.03780997411113936,13.987341772151899,안전
2026-08-02,6595.45,0.03780997411113936,13.987341772151899,안전
2026-08-03,6257.45,0.034285967078655874,19.556962025316455,안전
2026-08-04,6358.95,0.03314053684756733,22.341772151898734,안전
2026-08-05,6598.26,0.030611479326219646,26.89873417721519,안전
2026-08-06,6328.94,0.029862200251550876,28.29113924050633,안전
